국적,목적,ds,prophet_pred,xgb_pred,lstm_pred,stacking_pred
그리스,공용,2025-04-01,1.2260935016931631,,0.5140300170923566,0.8700617593927599
그리스,공용,2025-05-01,0.8019317849906806,,0.41335247918043494,0.6076421320855578
그리스,공용,2025-06-01,0.4514939446945756,,0.1703445231319276,0.3109192339132516
그리스,공용,2025-07-01,0.8414729018830214,,0.16664888287138724,0.5040608923772043
그리스,공용,2025-08-01,1.1472271618775423,,0.6804988658174485,0.9138630138474954
그리스,공용,2025-09-01,0.6671798445307642,,0.987987907649912,0.827583876090338
그리스,공용,2025-10-01,0.6470224397455752,,0.6769211739356892,0.6619718068406322
그리스,공용,2025-11-01,0.6824359177303178,,0.6931074000736783,0.687771658901998
그리스,공용,2025-12-01,1.7138616299338654,,0.6834645984135683,1.198663114173717
그리스,공용,2026-01-01,1.8194365914612267,,0.8144714675041981,1.3169540294827125
그리스,공용,2026-02-01,0.6884272858889774,,0.7004974330638298,0.6944623594764037
그리스,공용,2026-03-01,1.9845021929585285,,0.6195769404103547,1.3020395666844415
그리스,관광,2025-04-01,803.2596712192319,,947.9737716685839,875.6167214439079
그리스,관광,2025-05-01,799.2777555736368,,851.7441529066796,825.5109542401582
그리스,관광,2025-06-01,758.2212624862923,,649.3900971052867,703.8056797957895
그리스,관광,2025-07-01,819.1142251562727,,540.3656724821018,679.7399488191872
그리스,관광,2025-08-01,732.5100990559944,,645.5754200845863,689.0427595702904
그리스,관광,2025-09-01,804.6470429479026,,676.8083426714384,740.7276928096705
그리스,관광,2025-10-01,938.2764841665756,,655.730011409772,797.0032477881739
그리스,관광,2025-11-01,884.4588795934436,,551.3447179323518,717.9017987628977
그리스,관광,2025-12-01,686.1603359556228,,345.1681341356574,515.6642350456401
그리스,관광,2026-01-01,719.9012503972067,,326.02334523032715,522.9622978137669
그리스,관광,2026-02-01,681.8232807991611,,819.8871027455783,750.8551917723697
그리스,관광,2026-03-01,996.2288971738868,,1009.9077690820544,1003.0683331279706
그리스,기타,2025-04-01,266.6859206788087,,184.03026011924555,225.35809039902713
그리스,기타,2025-05-01,274.12519746046326,,179.47305885631255,226.7991281583879
그리스,기타,2025-06-01,259.93344427529956,,175.9698731659405,217.95165872062003
그리스,기타,2025-07-01,243.91819352778424,,176.1700309207439,210.04411222426407
그리스,기타,2025-08-01,298.71840025497164,,199.0507939958453,248.88459712540848
그리스,기타,2025-09-01,276.16776700538384,,216.83850221865464,246.50313461201924
그리스,기타,2025-10-01,317.15807035522255,,227.0454697808958,272.1017700680592
그리스,기타,2025-11-01,259.0979112524196,,219.7893444818573,239.44362786713845
그리스,기타,2025-12-01,278.8135415969598,,209.4535147052481,244.13352815110395
그리스,기타,2026-01-01,265.1129333640639,,217.6519051928065,241.3824192784352
그리스,기타,2026-02-01,258.22430165192867,,214.47717095355887,236.35073630274377
그리스,기타,2026-03-01,299.9792621573851,,210.29501710604242,255.13713963171375
그리스,상용,2025-04-01,11.137040762761169,,11.655668229354763,11.396354496057967
그리스,상용,2025-05-01,12.616949831947109,,12.328435346290366,12.472692589118736
그리스,상용,2025-06-01,10.703445570821755,,12.626087794712872,11.664766682767313
그리스,상용,2025-07-01,10.97777705696134,,12.8683103108352,11.923043683898271
그리스,상용,2025-08-01,21.126182140428675,,22.50968759751681,21.817934868972742
그리스,상용,2025-09-01,15.201672805405137,,18.998878851850705,17.10027582862792
그리스,상용,2025-10-01,12.389078794340572,,14.35126876867007,13.370173781505322
그리스,상용,2025-11-01,10.3607736100254,,10.24984952856196,10.30531156929368
그리스,상용,2025-12-01,9.380072696033192,,10.578673893588846,9.979373294811019
그리스,상용,2026-01-01,18.834382751357484,,18.850455706450106,18.842419228903793
그리스,상용,2026-02-01,13.63016276553973,,12.523546011023312,13.076854388281522
그리스,상용,2026-03-01,11.167826420615892,,11.303811208216471,11.23581881441618
그리스,유학연수,2025-04-01,0.3867177564028481,,2.7728051329897268,1.5797614446962873
그리스,유학연수,2025-05-01,4.269405283283076,,6.327741606964786,5.298573445123931
그리스,유학연수,2025-06-01,8.865223744875184,,7.7731613675671545,8.31919255622117
그리스,유학연수,2025-07-01,3.5057566021573496,,7.750087296595972,5.6279219493766615
그리스,유학연수,2025-08-01,29.773417553863073,,19.290869774155308,24.53214366400919
그리스,유학연수,2025-09-01,3.910444251542782,,1.0772177361281017,2.493830993835442
그리스,유학연수,2025-10-01,2.1246381390314615,,9.055882650116159,5.59026039457381
그리스,유학연수,2025-11-01,7.218235685549795,,12.161737279747232,9.689986482648514
그리스,유학연수,2025-12-01,5.846157293341192,,2.165273555823284,4.005715424582238
그리스,유학연수,2026-01-01,4.909057335138233,,3.380812921023468,4.144935128080851
그리스,유학연수,2026-02-01,23.37415241707535,,16.22048656529064,19.797319491182996
그리스,유학연수,2026-03-01,2.633338847516317,,2.9250984713186794,2.779218659417498
나이지리아,공용,2025-04-01,3.3488114888510507,,5.774109114595756,4.561460301723404
나이지리아,공용,2025-05-01,3.479899045617818,,7.645794294825648,5.562846670221733
나이지리아,공용,2025-06-01,2.813761850043918,,11.3667649455182,7.090263397781059
나이지리아,공용,2025-07-01,3.9978906336206466,,12.037090008907024,8.017490321263836
나이지리아,공용,2025-08-01,2.777169438127555,,3.475164644994446,3.1261670415610006
나이지리아,공용,2025-09-01,1.5520540064536734,,1.7161947803592428,1.634124393406458
나이지리아,공용,2025-10-01,7.745315628006779,,23.416672980912693,15.580994304459736
나이지리아,공용,2025-11-01,2.150700192552551,,19.05492810450939,10.602814148530971
나이지리아,공용,2025-12-01,0.6575663308273896,,7.34004857241205,3.9988074516197196
나이지리아,공용,2026-01-01,0.9006765734257544,,6.070385053471758,3.485530813448756
나이지리아,공용,2026-02-01,1.986947663789393,,7.090026296826632,4.538486980308012
나이지리아,공용,2026-03-01,1.5218016952705933,,5.417621381646619,3.469711538458606
나이지리아,관광,2025-04-01,90.28190328991336,,100.45584337132817,95.36887333062077
나이지리아,관광,2025-05-01,185.25096342221207,,177.66054681678202,181.45575511949704
나이지리아,관광,2025-06-01,146.48217367414045,,213.30889816033198,179.8955359172362
나이지리아,관광,2025-07-01,162.20376705928737,,186.42175138358095,174.31275922143416
나이지리아,관광,2025-08-01,133.42702114757833,,126.08973396135276,129.75837755446554
나이지리아,관광,2025-09-01,179.2347199271227,,99.5652974277756,139.40000867744916
나이지리아,관광,2025-10-01,210.69407006801998,,141.54516777831515,176.11961892316756
나이지리아,관광,2025-11-01,131.82389434915487,,111.10892701326541,121.46641068121014
나이지리아,관광,2025-12-01,94.52802097207103,,71.34363236354625,82.93582666780864
나이지리아,관광,2026-01-01,59.40588231063851,,57.961406647244694,58.6836444789416
나이지리아,관광,2026-02-01,71.54104927109162,,60.21827780542952,65.87966353826057
나이지리아,관광,2026-03-01,110.76399607565706,,76.50654142219477,93.63526874892591
나이지리아,기타,2025-04-01,35.43288319824755,,21.259895570964012,28.346389384605782
나이지리아,기타,2025-05-01,31.80400185264172,,21.905096523216322,26.85454918792902
나이지리아,기타,2025-06-01,37.666088157784145,,35.97429833886376,36.82019324832395
나이지리아,기타,2025-07-01,47.56685257749836,,42.80785989963073,45.18735623856455
나이지리아,기타,2025-08-01,54.59003194451675,,39.735146868936766,47.16258940672676
나이지리아,기타,2025-09-01,38.9561943507054,,28.16687834023535,33.56153634547037
나이지리아,기타,2025-10-01,29.852229661679058,,21.79856205080843,25.825395856243745
나이지리아,기타,2025-11-01,32.63751528555761,,24.43312562376653,28.53532045466207
나이지리아,기타,2025-12-01,45.02246002903754,,32.52729900867437,38.774879518855954
나이지리아,기타,2026-01-01,55.15291262174027,,41.725742930140655,48.43932777594046
나이지리아,기타,2026-02-01,56.760473746115316,,42.08340716064329,49.42194045337931
나이지리아,기타,2026-03-01,44.84197591012445,,34.07855013997605,39.46026302505025
나이지리아,상용,2025-04-01,35.509473630835565,,23.72595387831052,29.617713754573042
나이지리아,상용,2025-05-01,39.12699347984114,,23.1610530913879,31.14402328561452
나이지리아,상용,2025-06-01,35.55342258118155,,23.191466378380866,29.37244447978121
나이지리아,상용,2025-07-01,33.242340471918396,,23.154475223232637,28.198407847575517
나이지리아,상용,2025-08-01,35.627474143512835,,25.59002103879901,30.60874759115592
나이지리아,상용,2025-09-01,37.8756899710234,,29.72179974288396,33.798744856953675
나이지리아,상용,2025-10-01,42.354616681153026,,28.9320882375917,35.643352459372366
나이지리아,상용,2025-11-01,42.88911531528636,,27.66142369191681,35.275269503601585
나이지리아,상용,2025-12-01,29.418923095280164,,22.75880318911946,26.088863142199813
나이지리아,상용,2026-01-01,29.58342769492392,,26.725604606369146,28.154516150646533
나이지리아,상용,2026-02-01,36.793612539009914,,27.11285533668064,31.953233937845276
나이지리아,상용,2026-03-01,45.79138284357936,,26.80170244613437,36.29654264485687
나이지리아,유학연수,2025-04-01,13.185648249265299,,12.203596959811108,12.694622604538203
나이지리아,유학연수,2025-05-01,14.257767960993222,,12.11241098981668,13.18508947540495
나이지리아,유학연수,2025-06-01,17.56594884091394,,16.242788232538203,16.90436853672607
나이지리아,유학연수,2025-07-01,18.799657176835005,,22.974927784372234,20.88729248060362
나이지리아,유학연수,2025-08-01,64.30478894328954,,63.35531843721533,63.830053690252434
나이지리아,유학연수,2025-09-01,33.43759330925045,,30.43881048480055,31.9382018970255
나이지리아,유학연수,2025-10-01,23.40154648471162,,18.40657302583204,20.90405975527183
나이지리아,유학연수,2025-11-01,17.12058269142156,,12.140566247909153,14.630574469665357
나이지리아,유학연수,2025-12-01,14.366774336396698,,11.944895323410183,13.15583482990344
나이지리아,유학연수,2026-01-01,19.68516250995753,,28.779597580899377,24.232380045428453
나이지리아,유학연수,2026-02-01,48.40360690267105,,41.09275724633696,44.748182074504
나이지리아,유학연수,2026-03-01,25.625480190600513,,20.735553868107544,23.18051702935403
남아프리카 공화국,관광,2025-04-01,803.7212131786949,,566.0558681620053,684.88854067035
남아프리카 공화국,관광,2025-05-01,810.4144627317507,,621.285097652689,715.8497801922199
남아프리카 공화국,관광,2025-06-01,893.9823653306761,,660.445744478611,777.2140549046435
남아프리카 공화국,관광,2025-07-01,909.5168151239616,,680.25119003843,794.8840025811958
남아프리카 공화국,관광,2025-08-01,882.7567008013409,,709.1913523292586,795.9740265652997
남아프리카 공화국,관광,2025-09-01,1083.7063475781652,,786.0425987006317,934.8744731393984
남아프리카 공화국,관광,2025-10-01,1087.7507189342834,,795.0979003812886,941.424309657786
남아프리카 공화국,관광,2025-11-01,728.9807665147213,,511.4736490417713,620.2272077782463
남아프리카 공화국,관광,2025-12-01,903.1863557159821,,726.5904473906235,814.8884015533029
남아프리카 공화국,관광,2026-01-01,611.8073363827634,,456.9535074861174,534.3804219344404
남아프리카 공화국,관광,2026-02-01,609.424513916816,,356.31464246925304,482.8695781930345
남아프리카 공화국,관광,2026-03-01,785.2290854825246,,416.18376933909235,600.7064274108085
남아프리카 공화국,공용,2025-04-01,5.4553589454318345,,2.84340253747776,4.149380741454797
남아프리카 공화국,공용,2025-05-01,5.544757521637117,,2.335234146320359,3.939995833978738
남아프리카 공화국,공용,2025-06-01,5.920118010199046,,2.204075078624659,4.062096544411852
남아프리카 공화국,공용,2025-07-01,6.351710349412065,,0.942371429507549,3.647040889459807
남아프리카 공화국,공용,2025-08-01,7.065787675568273,,1.7048242065672548,4.385305941067764
남아프리카 공화국,공용,2025-09-01,6.840422844660752,,2.0955980597754666,4.46801045221811
남아프리카 공화국,공용,2025-10-01,9.139706594437309,,5.624564391140527,7.382135492788918
남아프리카 공화국,공용,2025-11-01,6.869458559895102,,5.18097469823474,6.025216629064921
남아프리카 공화국,공용,2025-12-01,3.436114925196702,,1.9685894184511576,2.7023521718239296
남아프리카 공화국,공용,2026-01-01,3.936194811075496,,1.4098002671113097,2.672997539093403
남아프리카 공화국,공용,2026-02-01,1.9801958588611226,,1.9642782808068064,1.9722370698339646
남아프리카 공화국,공용,2026-03-01,3.9263986907893056,,1.7454202095253062,2.835909450157306
남아프리카 공화국,상용,2025-04-01,6.458550048265439,,4.076860773622755,5.267705410944098
남아프리카 공화국,상용,2025-05-01,6.619452717565535,,3.84200429158056,5.230728504573047
남아프리카 공화국,상용,2025-06-01,5.471345077251235,,3.5620513342534377,4.516698205752336
남아프리카 공화국,상용,2025-07-01,5.987920764239111,,3.382403958832114,4.685162361535612
남아프리카 공화국,상용,2025-08-01,6.006365880717068,,4.389115944260739,5.197740912488904
남아프리카 공화국,상용,2025-09-01,6.335347366636702,,6.348077952558713,6.341712659597707
남아프리카 공화국,상용,2025-10-01,6.656466571880775,,5.761986859426225,6.2092267156535
남아프리카 공화국,상용,2025-11-01,6.006272388549855,,3.7687430706763685,4.8875077296131115
남아프리카 공화국,상용,2025-12-01,4.232748681480875,,3.1390882414518675,3.6859184614663714
남아프리카 공화국,상용,2026-01-01,8.749984924280316,,7.92160975274664,8.335797338513478
남아프리카 공화국,상용,2026-02-01,5.600429210276467,,5.385379845917599,5.492904528097033
남아프리카 공화국,상용,2026-03-01,7.028622278221009,,3.64885793889016,5.338740108555585
남아프리카 공화국,기타,2025-04-01,810.130423262954,,662.9696772965398,736.5500502797469
남아프리카 공화국,기타,2025-05-01,846.9050045670515,,612.8581017541824,729.8815531606169
남아프리카 공화국,기타,2025-06-01,724.0182009079404,,554.59219366491,639.3051972864253
남아프리카 공화국,기타,2025-07-01,846.5105223080094,,483.011467363947,664.7609948359782
남아프리카 공화국,기타,2025-08-01,1846.3458348904508,,1450.0611223285848,1648.2034786095178
남아프리카 공화국,기타,2025-09-01,893.292945004654,,727.9001873394109,810.5965661720325
남아프리카 공화국,기타,2025-10-01,885.3242272781122,,707.9274243842763,796.6258258311942
남아프리카 공화국,기타,2025-11-01,597.2110287614084,,384.27520034131,490.7431145513592
남아프리카 공화국,기타,2025-12-01,527.4361368703316,,233.79669327882687,380.6164150745792
남아프리카 공화국,기타,2026-01-01,1345.4704984681866,,863.9466891987188,1104.7085938334526
남아프리카 공화국,기타,2026-02-01,1622.3868139316294,,985.171945663873,1303.779379797751
남아프리카 공화국,기타,2026-03-01,991.6224978286189,,587.4014045443403,789.5119511864796
남아프리카 공화국,유학연수,2025-04-01,2.093782299062565,,1.7620162926818095,1.9278992958721872
남아프리카 공화국,유학연수,2025-05-01,1.5928163584858914,,1.9210048507129724,1.7569106045994318
남아프리카 공화국,유학연수,2025-06-01,4.008397790649303,,2.5571624335536405,3.282780112101472
남아프리카 공화국,유학연수,2025-07-01,4.908808299007134,,3.6649299948148375,4.286869146910986
남아프리카 공화국,유학연수,2025-08-01,20.026868176778432,,7.989466557275621,14.008167367027028
남아프리카 공화국,유학연수,2025-09-01,8.666376760689399,,3.4451916115344083,6.055784186111904
남아프리카 공화국,유학연수,2025-10-01,3.5871022745170493,,0.45417520022365654,2.020638737370353
남아프리카 공화국,유학연수,2025-11-01,3.5019771803445336,,2.046404346460713,2.7741907634026233
남아프리카 공화국,유학연수,2025-12-01,3.402341566102796,,2.094369698944048,2.748355632523422
남아프리카 공화국,유학연수,2026-01-01,9.986840230460315,,7.581288319330033,8.784064274895174
남아프리카 공화국,유학연수,2026-02-01,18.77919057561418,,7.453151989230623,13.116171282422401
남아프리카 공화국,유학연수,2026-03-01,9.098845847366544,,3.3347444632581174,6.21679515531233
네덜란드,공용,2025-04-01,15.039969397766317,,11.794284947796752,13.417127172781534
네덜란드,공용,2025-05-01,15.610555537937374,,10.33587678976935,12.973216163853362
네덜란드,공용,2025-06-01,11.747879795702472,,8.818941072279625,10.283410433991047
네덜란드,공용,2025-07-01,11.542614568310954,,9.225659042652534,10.384136805481745
네덜란드,공용,2025-08-01,18.704016880035656,,14.073143946023544,16.3885804130296
네덜란드,공용,2025-09-01,14.202360398970196,,10.396217515781824,12.29928895737601
네덜란드,공용,2025-10-01,13.6457365064054,,10.195612098448073,11.920674302426736
네덜란드,공용,2025-11-01,11.542206556305937,,9.450231556198416,10.496219056252176
네덜란드,공용,2025-12-01,12.555073408300544,,10.182637421998239,11.36885541514939
네덜란드,공용,2026-01-01,20.52139201714684,,14.34974939692399,17.435570707035417
네덜란드,공용,2026-02-01,10.641814037984696,,6.15092736618114,8.396370702082919
네덜란드,공용,2026-03-01,16.030404703021095,,10.038514874157773,13.034459788589434
네덜란드,관광,2025-04-01,5913.5735557303915,,5561.942894420584,5737.758225075488
네덜란드,관광,2025-05-01,5255.178750617153,,4874.973289376487,5065.07601999682
네덜란드,관광,2025-06-01,4187.159226932517,,2699.8580554561745,3443.5086411943457
네덜란드,관광,2025-07-01,6203.770239604169,,3674.9245182977093,4939.347378950939
네덜란드,관광,2025-08-01,5394.651256866403,,4529.00038081409,4961.825818840247
네덜란드,관광,2025-09-01,5409.911106807736,,3736.9528390849273,4573.431972946331
네덜란드,관광,2025-10-01,6443.067484835753,,4029.977069367939,5236.522277101846
네덜란드,관광,2025-11-01,4886.629562248261,,2349.9771879017435,3618.3033750750024
네덜란드,관광,2025-12-01,3469.462965221608,,1457.0995530577495,2463.2812591396787
네덜란드,관광,2026-01-01,3344.579813557008,,1174.111704122071,2259.3457588395395
네덜란드,관광,2026-02-01,3585.2384286156534,,1303.3044735348394,2444.2714510752467
네덜란드,관광,2026-03-01,5185.82930903147,,2933.8813415217805,4059.855325276625
네덜란드,기타,2025-04-01,1069.1014988129175,,1007.2796765272353,1038.1905876700764
네덜란드,기타,2025-05-01,1092.1285968686327,,963.9750114950599,1028.0518041818464
네덜란드,기타,2025-06-01,1059.2203807993658,,922.1563295638205,990.6883551815931
네덜란드,기타,2025-07-01,1029.9713505947204,,885.5124391149182,957.7418948548193
네덜란드,기타,2025-08-01,1036.9790042476734,,898.9718796954076,967.9754419715405
네덜란드,기타,2025-09-01,1013.9876367641001,,942.2556081861582,978.1216224751291
네덜란드,기타,2025-10-01,1062.331563525965,,961.6213976638714,1011.9764805949183
네덜란드,기타,2025-11-01,1021.7982828813973,,931.1773369934137,976.4878099374055
네덜란드,기타,2025-12-01,969.3520427487674,,845.1330662852104,907.2425545169889
네덜란드,기타,2026-01-01,1043.7035621176249,,847.1363552468594,945.4199586822422
네덜란드,기타,2026-02-01,992.7092685227774,,1000.1959383547168,996.452603438747
네덜란드,기타,2026-03-01,1097.4401557586546,,1111.973519505008,1104.7068376318311
네덜란드,상용,2025-04-01,17.992224405761775,,16.77025694283163,17.381240674296702
네덜란드,상용,2025-05-01,18.182599364766936,,15.76656753994154,16.97458345235424
네덜란드,상용,2025-06-01,18.010938649785903,,15.993865855704449,17.002402252745178
네덜란드,상용,2025-07-01,18.25049052477413,,16.79942343805731,17.52495698141572
네덜란드,상용,2025-08-01,19.536597106829557,,19.246587139228954,19.391592123029255
네덜란드,상용,2025-09-01,19.46769505006928,,19.79241265382523,19.630053851947256
네덜란드,상용,2025-10-01,19.662264622294195,,18.836017793096033,19.249141207695114
네덜란드,상용,2025-11-01,16.990897721928242,,17.51925522528992,17.25507647360908
네덜란드,상용,2025-12-01,14.879746656987791,,14.85399471220456,14.866870684596176
네덜란드,상용,2026-01-01,23.551097937688873,,25.931957317039483,24.741527627364178
네덜란드,상용,2026-02-01,16.69524351672709,,17.98491225033143,17.34007788352926
네덜란드,상용,2026-03-01,19.960217821325312,,16.677333113836088,18.3187754675807
네덜란드,유학연수,2025-04-01,26.216796419776625,,17.376702863291467,21.796749641534046
네덜란드,유학연수,2025-05-01,68.85235179030919,,31.883401434653205,50.3678766124812
네덜란드,유학연수,2025-06-01,44.102325232054866,,35.41125640470447,39.75679081837967
네덜란드,유학연수,2025-07-01,58.68770185347534,,37.82629380782575,48.25699783065055
네덜란드,유학연수,2025-08-01,461.6275172523888,,334.30468534802577,397.9661013002073
네덜란드,유학연수,2025-09-01,33.65139969527984,,20.096892418237427,26.874146056758633
네덜란드,유학연수,2025-10-01,54.35621995134402,,38.33347085839184,46.34484540486793
네덜란드,유학연수,2025-11-01,155.3590532470892,,146.94594698745976,151.15250011727449
네덜란드,유학연수,2025-12-01,105.52106552169352,,111.1372513364303,108.3291584290619
네덜란드,유학연수,2026-01-01,92.34258699413047,,63.3782374513369,77.86041222273369
네덜란드,유학연수,2026-02-01,249.97422725684407,,178.45991047814633,214.2170688674952
네덜란드,유학연수,2026-03-01,20.110036999148544,,15.078156926422672,17.594096962785606
노르웨이,공용,2025-04-01,3.7745482774945884,,1.4482468916648497,2.611397584579719
노르웨이,공용,2025-05-01,1.3004648899559474,,1.4869769500575134,1.3937209200067304
노르웨이,공용,2025-06-01,3.7114155020970583,,1.6799758861664835,2.695695694131771
노르웨이,공용,2025-07-01,3.663627767354179,,2.001031386387198,2.8323295768706886
노르웨이,공용,2025-08-01,3.186963043797245,,2.245563320039365,2.716263181918305
노르웨이,공용,2025-09-01,3.286635634049032,,2.40888040821472,2.847758021131876
노르웨이,공용,2025-10-01,5.002578533536897,,2.846698659363356,3.9246385964501265
노르웨이,공용,2025-11-01,7.650098410765382,,3.1146094189699065,5.382353914867645
노르웨이,공용,2025-12-01,2.0376669657401703,,3.3435361263300623,2.6906015460351163
노르웨이,공용,2026-01-01,5.322101323820763,,3.445829487941803,4.383965405881283
노르웨이,공용,2026-02-01,4.1784074618001465,,5.551368330292599,4.864887896046373
노르웨이,공용,2026-03-01,1.7422865307552196,,4.005460692781627,2.873873611768423
노르웨이,기타,2025-04-01,69.04332762483999,,44.51749830631721,56.7804129655786
노르웨이,기타,2025-05-01,51.444179803293565,,45.44031700174874,48.44224840252115
노르웨이,기타,2025-06-01,42.96564786473522,,45.812709879463696,44.38917887209946
노르웨이,기타,2025-07-01,49.595206490971144,,46.630770030776716,48.112988260873934
노르웨이,기타,2025-08-01,79.77406272229756,,52.76165939737743,66.26786105983749
노르웨이,기타,2025-09-01,54.817536830262036,,43.66673329665948,49.24213506346076
노르웨이,기타,2025-10-01,58.63482696781326,,62.61534584113059,60.62508640447193
노르웨이,기타,2025-11-01,55.35021483739609,,56.23823543076721,55.79422513408165
노르웨이,기타,2025-12-01,40.924549830419444,,52.19359686172769,46.55907334607357
노르웨이,기타,2026-01-01,86.39735281401224,,57.43888647549988,71.91811964475606
노르웨이,기타,2026-02-01,57.30094612875849,,50.55356011416768,53.92725312146308
노르웨이,기타,2026-03-01,59.46482552284133,,43.863439286614124,51.664132404727724
노르웨이,관광,2025-04-01,1330.165287490171,,973.6223858291039,1151.8938366596376
노르웨이,관광,2025-05-01,1110.383333362309,,983.3206766120195,1046.8520049871643
노르웨이,관광,2025-06-01,1430.428568169114,,1122.4122115390867,1276.4203898541004
노르웨이,관광,2025-07-01,1390.964344533433,,1225.0371491191481,1308.0007468262907
노르웨이,관광,2025-08-01,972.0251932877543,,762.9871206748126,867.5061569812834
노르웨이,관광,2025-09-01,1377.4545327743294,,1003.3910134471155,1190.4227731107226
노르웨이,관광,2025-10-01,1695.277601132747,,1164.3133765937753,1429.7954888632612
노르웨이,관광,2025-11-01,1295.1695764130739,,762.8518964841475,1029.0107364486107
노르웨이,관광,2025-12-01,859.1743427279339,,547.0117673199994,703.0930550239666
노르웨이,관광,2026-01-01,1037.7803073673501,,615.8311060801116,826.8057067237309
노르웨이,관광,2026-02-01,1055.0741891214013,,630.2606224090562,842.6674057652288
노르웨이,관광,2026-03-01,1692.4568623409975,,1105.4979507066723,1398.9774065238348
노르웨이,상용,2025-04-01,25.46559814360307,,21.29503432765506,23.380316235629067
노르웨이,상용,2025-05-01,24.655020436624245,,23.503634300721586,24.079327368672914
노르웨이,상용,2025-06-01,21.997269722251946,,28.127233104484446,25.062251413368195
노르웨이,상용,2025-07-01,22.439780105431264,,35.13572252351938,28.787751314475322
노르웨이,상용,2025-08-01,28.19677900750108,,44.56666358635914,36.38172129693011
노르웨이,상용,2025-09-01,26.618451366210554,,37.77228448324749,32.19536792472902
노르웨이,상용,2025-10-01,27.420313106953397,,45.956929352989135,36.68862122997127
노르웨이,상용,2025-11-01,27.449970936213482,,47.66681351211972,37.558392224166596
노르웨이,상용,2025-12-01,22.769705038501296,,42.64406771119451,32.706886374847905
노르웨이,상용,2026-01-01,37.182094673330305,,55.80278518982493,46.49243993157762
노르웨이,상용,2026-02-01,26.33315870309017,,53.372631667177885,39.85289518513403
노르웨이,상용,2026-03-01,28.58817890767457,,52.67765205508363,40.6329154813791
노르웨이,유학연수,2025-04-01,11.192394771881366,,11.942409428627794,11.56740210025458
노르웨이,유학연수,2025-05-01,26.389571579079256,,8.031310181662956,17.210440880371106
노르웨이,유학연수,2025-06-01,14.160561967656319,,8.22115842392858,11.19086019579245
노르웨이,유학연수,2025-07-01,22.081325770578566,,11.049646789953517,16.565486280266043
노르웨이,유학연수,2025-08-01,147.59159392414435,,91.29121783520813,119.44140587967624
노르웨이,유학연수,2025-09-01,20.48308136817988,,12.527392755857683,16.505237062018782
노르웨이,유학연수,2025-10-01,14.518131471063464,,12.331298760660815,13.424715115862139
노르웨이,유학연수,2025-11-01,37.78209494373447,,37.03956377897727,37.410829361355866
노르웨이,유학연수,2025-12-01,27.88169348051233,,38.994236944283685,33.437965212398005
노르웨이,유학연수,2026-01-01,42.57217250263623,,23.554711027101185,33.063441764868706
노르웨이,유학연수,2026-02-01,97.75072994789767,,77.33294292589207,87.54183643689487
노르웨이,유학연수,2026-03-01,25.504698268525317,,17.70536437728652,21.60503132290592
뉴질랜드,관광,2025-04-01,4326.101360721877,,3261.0821552870493,3793.5917580044634
뉴질랜드,관광,2025-05-01,4059.521461830166,,3076.437945911329,3567.9797038707475
뉴질랜드,관광,2025-06-01,4307.430780386701,,2824.0528099959056,3565.7417951913035
뉴질랜드,관광,2025-07-01,4033.671341449114,,2638.061719234691,3335.8665303419025
뉴질랜드,관광,2025-08-01,3617.141093232646,,2441.9405606634255,3029.540826948036
뉴질랜드,관광,2025-09-01,4982.184251154311,,3259.992421737077,4121.088336445694
뉴질랜드,관광,2025-10-01,4837.904447619699,,3973.3440257772113,4405.624236698455
뉴질랜드,관광,2025-11-01,4101.560212134625,,3707.505954421712,3904.5330832781683
뉴질랜드,관광,2025-12-01,5752.168009626137,,4122.2600488973085,4937.214029261722
뉴질랜드,관광,2026-01-01,4106.111790171866,,2824.438222429418,3465.2750063006424
뉴질랜드,관광,2026-02-01,2708.965559118537,,2122.3604991557754,2415.663029137156
뉴질랜드,관광,2026-03-01,3824.913962508728,,2765.028617683489,3294.9712900961085
뉴질랜드,공용,2025-04-01,2.368997047537808,,3.0476646434395036,2.708330845488656
뉴질랜드,공용,2025-05-01,3.2172567778134895,,2.206179777318384,2.7117182775659368
뉴질랜드,공용,2025-06-01,3.7775715905181375,,1.860632298095715,2.8191019443069263
뉴질랜드,공용,2025-07-01,2.1383589005863803,,1.9036968128384126,2.0210278567123963
뉴질랜드,공용,2025-08-01,5.271679042937695,,2.425018852884594,3.848348947911145
뉴질랜드,공용,2025-09-01,3.485845780777878,,3.097141735436253,3.2914937581070656
뉴질랜드,공용,2025-10-01,4.727525760635265,,3.0290860665715185,3.8783059136033917
뉴질랜드,공용,2025-11-01,4.555495465823716,,2.7051413738572516,3.630318419840484
뉴질랜드,공용,2025-12-01,2.5514777852840007,,2.564274311430746,2.5578760483573735
뉴질랜드,공용,2026-01-01,6.842133859956119,,3.278850407690328,5.060492133823224
뉴질랜드,공용,2026-02-01,2.751496919688777,,3.2276474039629526,2.9895721618258646
뉴질랜드,공용,2026-03-01,2.9411291299510083,,3.2028388018355627,3.0719839658932857
뉴질랜드,기타,2025-04-01,716.3700149583372,,656.5535388689339,686.4617769136355
뉴질랜드,기타,2025-05-01,805.7283344829801,,565.0785963766768,685.4034654298284
뉴질랜드,기타,2025-06-01,727.6194152537028,,537.5968930060435,632.6081541298731
뉴질랜드,기타,2025-07-01,786.8615836194697,,528.9159099569006,657.8887467881851
뉴질랜드,기타,2025-08-01,958.8995788536209,,585.711095799703,772.305337326662
뉴질랜드,기타,2025-09-01,812.4827429939922,,605.2072372607605,708.8449901273764
뉴질랜드,기타,2025-10-01,863.6913719333728,,597.467374937313,730.5793734353429
뉴질랜드,기타,2025-11-01,781.0939370935017,,552.9198254223888,667.0068812579452
뉴질랜드,기타,2025-12-01,871.562821998464,,589.1655837013792,730.3642028499216
뉴질랜드,기타,2026-01-01,1013.1288183063931,,675.0966682061292,844.1127432562612
뉴질랜드,기타,2026-02-01,957.2348115627411,,584.5723448644051,770.9035782135732
뉴질랜드,기타,2026-03-01,931.6881586727919,,510.7489287387676,721.2185437057798
뉴질랜드,상용,2025-04-01,15.560514423279319,,13.895769666009777,14.728142044644548
뉴질랜드,상용,2025-05-01,18.36925651565221,,14.274772859188015,16.322014687420115
뉴질랜드,상용,2025-06-01,17.018947359527708,,13.798212053335105,15.408579706431407
뉴질랜드,상용,2025-07-01,15.690260421003275,,13.041865484687367,14.366062952845322
뉴질랜드,상용,2025-08-01,15.997972054194785,,15.579217333024912,15.788594693609848
뉴질랜드,상용,2025-09-01,15.991327168179811,,17.86745350931155,16.92939033874568
뉴질랜드,상용,2025-10-01,18.02633860199428,,16.91476720828783,17.470552905141055
뉴질랜드,상용,2025-11-01,17.29822677459035,,14.67773275462909,15.98797976460972
뉴질랜드,상용,2025-12-01,11.627424502645919,,11.538993457457202,11.58320898005156
뉴질랜드,상용,2026-01-01,16.894596331655425,,13.573808874755287,15.234202603205356
뉴질랜드,상용,2026-02-01,14.247553308876055,,11.888580296412407,13.068066802644232
뉴질랜드,상용,2026-03-01,18.062225470140586,,11.667194019202565,14.864709744671575
뉴질랜드,유학연수,2025-04-01,1.674775508455682,,1.7001210759581675,1.6874482922069247
뉴질랜드,유학연수,2025-05-01,4.126459079673441,,1.776870416225465,2.9516647479494527
뉴질랜드,유학연수,2025-06-01,1.8141847188044435,,2.0086970917132585,1.911440905258851
뉴질랜드,유학연수,2025-07-01,5.326259522736129,,2.5744343658292377,3.9503469442826837
뉴질랜드,유학연수,2025-08-01,15.595434367673771,,8.630500510708345,12.112967439191058
뉴질랜드,유학연수,2025-09-01,4.266220188413322,,4.014557097149474,4.140388642781398
뉴질랜드,유학연수,2025-10-01,1.1662926958707767,,1.8900196305569748,1.5281561632138758
뉴질랜드,유학연수,2025-11-01,6.302743350405072,,3.1035297876673154,4.703136569036193
뉴질랜드,유학연수,2025-12-01,3.338840420058036,,2.748942583683366,3.043891501870701
뉴질랜드,유학연수,2026-01-01,6.989631880605802,,4.92033914739401,5.954985513999906
뉴질랜드,유학연수,2026-02-01,20.84562519216575,,10.675271309377862,15.760448250771805
뉴질랜드,유학연수,2026-03-01,2.264341315512387,,2.02825269782685,2.1462970066696183
대  만,공용,2025-04-01,14.144650701280652,,12.484956876680895,13.314803788980774
대  만,공용,2025-05-01,10.68389770291124,,12.05982142811677,11.371859565514004
대  만,공용,2025-06-01,11.958277548008953,,16.026315189115508,13.99229636856223
대  만,공용,2025-07-01,26.910355463218345,,21.784766504694495,24.34756098395642
대  만,공용,2025-08-01,17.606454357792657,,16.792275803895524,17.19936508084409
대  만,공용,2025-09-01,11.102499537563332,,12.049117785823228,11.57580866169328
대  만,공용,2025-10-01,13.724120779977293,,13.136251134464233,13.430185957220763
대  만,공용,2025-11-01,20.44498757234813,,13.382093673873555,16.91354062311084
대  만,공용,2025-12-01,15.583844804375493,,16.56800551474634,16.075925159560917
대  만,공용,2026-01-01,23.752335655588833,,20.8746132855944,22.313474470591615
대  만,공용,2026-02-01,20.88553803636949,,17.72030182566548,19.302919931017485
대  만,공용,2026-03-01,14.87433848605974,,11.907024744614722,13.39068161533723
대  만,관광,2025-04-01,156741.40442677352,,144517.84144705237,150629.62293691293
대  만,관광,2025-05-01,148661.756988369,,152464.4324194804,150563.0947039247
대  만,관광,2025-06-01,174834.59295511033,,157708.9033967454,166271.74817592785
대  만,관광,2025-07-01,175325.5489767059,,160344.72688799532,167835.13793235063
대  만,관광,2025-08-01,174732.98205416725,,158441.79228074534,166587.3871674563
대  만,관광,2025-09-01,156188.87373476065,,151549.60374966945,153869.23874221504
대  만,관광,2025-10-01,174442.58581366084,,146823.08717883757,160632.8364962492
대  만,관광,2025-11-01,154776.8153243859,,130520.48883746054,142648.65208092323
대  만,관광,2025-12-01,156105.24892575704,,128077.52035709303,142091.38464142504
대  만,관광,2026-01-01,176833.00982832265,,139242.0939921682,158037.55191024544
대  만,관광,2026-02-01,170795.99959414627,,132911.172144653,151853.58586939966
대  만,관광,2026-03-01,176722.76778485728,,133250.83900788453,154986.8033963709
대  만,상용,2025-04-01,10.364679942547227,,108.45551096521537,59.4100954538813
대  만,상용,2025-05-01,240.24604409536863,,173.39029814299073,206.81817111917968
대  만,상용,2025-06-01,223.4838956212412,,169.8534550884014,196.6686753548213
대  만,상용,2025-07-01,24.0918912601982,,195.19697264573995,109.64443195296907
대  만,상용,2025-08-01,27.30757208826446,,148.1539779129088,87.73077500058663
대  만,상용,2025-09-01,49.19521483267566,,117.42661825041421,83.31091654154494
대  만,상용,2025-10-01,51.425296883706956,,109.2253446822811,80.32532078299403
대  만,상용,2025-11-01,79.68989027419155,,103.37921410333091,91.53455218876124
대  만,상용,2025-12-01,62.14495437254692,,110.25399814769108,86.199476260119
대  만,상용,2026-01-01,32.60004313478791,,103.77522872120849,68.1876359279982
대  만,상용,2026-02-01,23.844420969178604,,103.3863736983887,63.61539733378365
대  만,상용,2026-03-01,20.65832123790751,,106.2659225820974,63.46212191000246
대  만,유학연수,2025-04-01,176.37252784043451,,324.1781913556996,250.27535959806704
대  만,유학연수,2025-05-01,389.65089055244243,,300.64429740492017,345.1475939786813
대  만,유학연수,2025-06-01,474.004415415513,,293.7605326330415,383.88247402427726
대  만,유학연수,2025-07-01,308.7242047373783,,285.90948696230157,297.3168458498399
대  만,유학연수,2025-08-01,1634.173456643868,,1146.0285736589783,1390.101015151423
대  만,유학연수,2025-09-01,486.79964445219315,,384.6947471797648,435.747195815979
대  만,유학연수,2025-10-01,218.68832863756515,,188.16167934904442,203.42500399330478
대  만,유학연수,2025-11-01,349.89689645238093,,404.7336363779855,377.3152664151832
대  만,유학연수,2025-12-01,415.6746924591775,,335.9716172497972,375.82315485448737
대  만,유학연수,2026-01-01,312.4996775843105,,210.90853585737645,261.70410672084347
대  만,유학연수,2026-02-01,1497.7096340406817,,975.4672358444891,1236.5884349425855
대  만,유학연수,2026-03-01,644.0511710559242,,435.9777595673547,540.0144653116395
대  만,기타,2025-04-01,729.915650034625,,737.373468849564,733.6445594420945
대  만,기타,2025-05-01,957.3957564075904,,760.6024526200999,858.9991045138452
대  만,기타,2025-06-01,920.4028617101537,,801.2869062601351,860.8448839851444
대  만,기타,2025-07-01,829.3159127192561,,831.2111524416891,830.2635325804727
대  만,기타,2025-08-01,826.9980326591536,,884.806601904969,855.9023172820614
대  만,기타,2025-09-01,1035.5161944093397,,918.5729857740201,977.04459009168
대  만,기타,2025-10-01,793.0783445671939,,871.1140229799465,832.0961837735701
대  만,기타,2025-11-01,796.7561366751386,,840.1022679970228,818.4292023360806
대  만,기타,2025-12-01,822.2439827466892,,872.1222714272141,847.1831270869516
대  만,기타,2026-01-01,890.6359101963177,,922.3174730235385,906.4766916099281
대  만,기타,2026-02-01,866.0956972331694,,900.6721265236101,883.3839118783898
대  만,기타,2026-03-01,817.8853948564531,,861.6153631766526,839.7503790165529
덴마크,공용,2025-04-01,2.2794188344130712,,3.112491983132305,2.6959554087726882
덴마크,공용,2025-05-01,5.018705013084806,,3.8457932993311994,4.432249156208003
덴마크,공용,2025-06-01,2.2973887796361856,,4.382337136801432,3.339862958218809
덴마크,공용,2025-07-01,2.9404931830806373,,4.618546060280666,3.7795196216806515
덴마크,공용,2025-08-01,3.7414713543317397,,4.9948166384212875,4.368143996376514
덴마크,공용,2025-09-01,1.7253992951314678,,3.4252126251853108,2.5753059601583894
덴마크,공용,2025-10-01,3.273940910986096,,3.651190595481019,3.4625657532335574
덴마크,공용,2025-11-01,2.6863043368479587,,3.627484552486581,3.1568944446672695
덴마크,공용,2025-12-01,2.9251874486462754,,4.183589347547842,3.5543883980970588
덴마크,공용,2026-01-01,4.158069714304832,,4.265284182541455,4.211676948423143
덴마크,공용,2026-02-01,2.3593353827690984,,4.376278221947734,3.367806802358416
덴마크,공용,2026-03-01,3.05314550681426,,4.609647989394596,3.831396748104428
덴마크,기타,2025-04-01,126.91875013632392,,106.1329068645133,116.52582850041861
덴마크,기타,2025-05-01,127.92209345774701,,103.20169212947664,115.56189279361183
덴마크,기타,2025-06-01,116.33493645130562,,104.8350703712778,110.58500341129171
덴마크,기타,2025-07-01,127.98752328086476,,116.38954952393208,122.18853640239843
덴마크,기타,2025-08-01,139.08928970570565,,129.89723748806864,134.49326359688715
덴마크,기타,2025-09-01,120.86912323419614,,120.3155977571254,120.59236049566077
덴마크,기타,2025-10-01,133.03510437693112,,130.41773232338937,131.72641835016026
덴마크,기타,2025-11-01,117.63608705766019,,116.62129378598713,117.12869042182366
덴마크,기타,2025-12-01,107.9543303107515,,107.25583491678167,107.60508261376658
덴마크,기타,2026-01-01,146.75831928521978,,132.10945593743673,139.43388761132826
덴마크,기타,2026-02-01,114.52952937669973,,113.09867966010658,113.81410451840316
덴마크,기타,2026-03-01,138.9009979996869,,129.55541752897264,134.22820776432977
덴마크,관광,2025-04-01,1686.2460562996803,,1170.4067943039877,1428.326425301834
덴마크,관광,2025-05-01,1635.1904029552666,,1086.079477825757,1360.634940390512
덴마크,관광,2025-06-01,1481.9880456984738,,1082.9423395059403,1282.465192602207
덴마크,관광,2025-07-01,1926.9776226181798,,1198.3313411362496,1562.6544818772147
덴마크,관광,2025-08-01,1356.6073712802643,,1007.8956358250209,1182.2515035526426
덴마크,관광,2025-09-01,1814.0634095006003,,1377.2331670137805,1595.6482882571904
덴마크,관광,2025-10-01,2533.104528369131,,1814.0621413864376,2173.583334877784
덴마크,관광,2025-11-01,1633.4461695512214,,1002.5004853025694,1317.9733274268954
덴마크,관광,2025-12-01,1015.6649040519812,,565.3938903195459,790.5293971857636
덴마크,관광,2026-01-01,1124.1946265167112,,500.5511161463882,812.3728713315497
덴마크,관광,2026-02-01,1083.547493577846,,547.2658222660469,815.4066579219464
덴마크,관광,2026-03-01,1926.7660087874635,,1032.3041567330501,1479.535082760257
덴마크,상용,2025-04-01,25.690373582239044,,27.42012357276939,26.555248577504216
덴마크,상용,2025-05-01,26.183074372939434,,28.671112146428175,27.427093259683804
덴마크,상용,2025-06-01,25.073919131332662,,29.01985779354556,27.046888462439114
덴마크,상용,2025-07-01,24.646380753650703,,28.29980391777632,26.47309233571351
덴마크,상용,2025-08-01,32.88002509251138,,30.573328487376397,31.726676789943888
덴마크,상용,2025-09-01,29.28724544404579,,28.128488483032736,28.707866963539264
덴마크,상용,2025-10-01,29.126163336020475,,28.06540090308779,28.595782119554134
덴마크,상용,2025-11-01,26.851014745911208,,24.993651084167997,25.922332915039604
덴마크,상용,2025-12-01,24.388280620961716,,26.07499544909694,25.231638035029327
덴마크,상용,2026-01-01,34.460476297697916,,31.527904211414267,32.99419025455609
덴마크,상용,2026-02-01,26.979804287164292,,28.838166401321267,27.90898534424278
덴마크,상용,2026-03-01,29.747611274165997,,26.984149956464588,28.36588061531529
덴마크,유학연수,2025-04-01,8.14138741832215,,7.397504397423571,7.769445907872861
덴마크,유학연수,2025-05-01,18.911772902552812,,13.354721391640458,16.133247147096636
덴마크,유학연수,2025-06-01,14.282431163174849,,14.883047183991666,14.582739173583256
덴마크,유학연수,2025-07-01,21.00400330072212,,15.026602204565572,18.015302752643844
덴마크,유학연수,2025-08-01,180.4731503137234,,134.6770443614584,157.5750973375909
덴마크,유학연수,2025-09-01,11.906645806233662,,11.79896601090367,11.852805908568666
덴마크,유학연수,2025-10-01,26.376471432514343,,20.54468402838249,23.460577730448417
덴마크,유학연수,2025-11-01,45.01367897239456,,37.239592878930424,41.12663592566249
덴마크,유학연수,2025-12-01,27.570955350003466,,24.571980832501026,26.071468091252246
덴마크,유학연수,2026-01-01,28.39921446946043,,33.882914262983306,31.14106436622187
덴마크,유학연수,2026-02-01,72.06193408231508,,48.098291751180085,60.08011291674758
덴마크,유학연수,2026-03-01,7.182594040588766,,2.937766328589534,5.06018018458915
독  일,공용,2025-04-01,22.1716033342146,,17.030079807586368,19.600841570900485
독  일,공용,2025-05-01,20.660141858551295,,17.344059632790334,19.002100745670816
독  일,공용,2025-06-01,22.74964956294747,,17.969910998440472,20.359780280693972
독  일,공용,2025-07-01,22.187892683719156,,19.175389885264046,20.6816412844916
독  일,공용,2025-08-01,40.42847890621369,,21.518091885870497,30.973285396042094
독  일,공용,2025-09-01,20.04424238317124,,13.020115501394718,16.53217894228298
독  일,공용,2025-10-01,27.959351012111295,,18.71361661979673,23.33648381595401
독  일,공용,2025-11-01,28.541770099106063,,18.736244208293673,23.63900715369987
독  일,공용,2025-12-01,15.993301717504615,,13.116739434723188,14.5550205761139
독  일,공용,2026-01-01,32.877092760241936,,21.395150325650086,27.13612154294601
독  일,공용,2026-02-01,31.949460586949364,,17.453031700221807,24.701246143585585
독  일,공용,2026-03-01,22.47756693411733,,14.474269160530493,18.475918047323912
독  일,관광,2025-04-01,18594.93096963617,,21381.847423254694,19988.38919644543
독  일,관광,2025-05-01,15608.114688026493,,15286.178092953975,15447.146390490234
독  일,관광,2025-06-01,12993.713513011486,,10264.539437778547,11629.126475395016
독  일,관광,2025-07-01,14386.946051916577,,9494.492429692726,11940.71924080465
독  일,관광,2025-08-01,15058.461254764406,,12123.430750619085,13590.946002691746
독  일,관광,2025-09-01,18822.700393406594,,16522.784894521923,17672.74264396426
독  일,관광,2025-10-01,21403.583371918226,,15960.378022581652,18681.98069724994
독  일,관광,2025-11-01,15329.9406267584,,9277.127301384402,12303.533964071401
독  일,관광,2025-12-01,11208.81293660652,,6212.583715015893,8710.698325811207
독  일,관광,2026-01-01,11134.359894379671,,5105.907927039478,8120.133910709575
독  일,관광,2026-02-01,11802.279604246592,,5867.784003353837,8835.031803800215
독  일,관광,2026-03-01,21316.309608300755,,16681.954846201217,18999.132227250986
독  일,기타,2025-04-01,1790.0155506582287,,1480.1510012906133,1635.083275974421
독  일,기타,2025-05-01,1741.4364412769967,,1410.116950063374,1575.7766956701853
독  일,기타,2025-06-01,1645.9626696760192,,1379.9516854008127,1512.957177538416
독  일,기타,2025-07-01,1663.7148243080119,,1482.064956095999,1572.8898902020055
독  일,기타,2025-08-01,1867.2760768663911,,1611.0095280450673,1739.1428024557292
독  일,기타,2025-09-01,1692.8164917007098,,1571.7835199420267,1632.3000058213684
독  일,기타,2025-10-01,1836.1384495568507,,1686.3833515038827,1761.2609005303666
독  일,기타,2025-11-01,1569.9220598554982,,1424.8071737658815,1497.3646168106898
독  일,기타,2025-12-01,1377.6576840644873,,1205.9248052622133,1291.7912446633504
독  일,기타,2026-01-01,1606.2735404109887,,1467.2946396534908,1536.7840900322399
독  일,기타,2026-02-01,1474.325462489147,,1265.9508516469916,1370.1381570680692
독  일,기타,2026-03-01,1922.783593146104,,1545.0001722554866,1733.8918827007953
독  일,상용,2025-04-01,187.43742619120908,,187.9818035454179,187.7096148683135
독  일,상용,2025-05-01,193.49134021722068,,196.5109752420964,195.00115772965853
독  일,상용,2025-06-01,185.77518901059418,,199.5780057063714,192.6765973584828
독  일,상용,2025-07-01,175.79965857967733,,195.98815739615108,185.8939079879142
독  일,상용,2025-08-01,208.47546152045882,,201.29799931110605,204.88673041578244
독  일,상용,2025-09-01,196.3950258868062,,197.2253807813595,196.81020333408284
독  일,상용,2025-10-01,208.55700115184507,,210.8515954924479,209.70429832214649
독  일,상용,2025-11-01,199.35544080419578,,197.51683122266226,198.436136013429
독  일,상용,2025-12-01,162.9804362252994,,153.56620776944908,158.27332199737424
독  일,상용,2026-01-01,258.32883456298606,,252.72158795658777,255.52521125978691
독  일,상용,2026-02-01,198.604233071118,,178.34459371389514,188.47441339250656
독  일,상용,2026-03-01,213.89421672580147,,202.47885118307195,208.1865339544367
독  일,유학연수,2025-04-01,115.04277452637454,,211.07656331751255,163.05966892194354
독  일,유학연수,2025-05-01,269.57573753655,,224.74082624902843,247.1582818927892
독  일,유학연수,2025-06-01,191.16000107189038,,218.00529061398606,204.58264584293823
독  일,유학연수,2025-07-01,211.836245113511,,218.73791691997218,215.28708101674158
독  일,유학연수,2025-08-01,1628.643522595835,,1047.8414590829154,1338.2424908393753
독  일,유학연수,2025-09-01,147.37370728707998,,134.39067543909528,140.88219136308763
독  일,유학연수,2025-10-01,175.29363270983805,,209.52317862347206,192.40840566665506
독  일,유학연수,2025-11-01,430.5122727614135,,405.3117257741916,417.91199926780257
독  일,유학연수,2025-12-01,322.999930965848,,365.3884943856268,344.1942126757374
독  일,유학연수,2026-01-01,318.0483823413897,,265.1798500936191,291.6141162175044
독  일,유학연수,2026-02-01,1011.9673514383288,,723.7926561042608,867.8800037712948
독  일,유학연수,2026-03-01,142.77345674096185,,141.7790810659476,142.2762689034547
러시아(연방),관광,2025-04-01,14652.779399983632,,13099.694017286103,13876.236708634868
러시아(연방),관광,2025-05-01,13680.081661774022,,13550.85364070408,13615.46765123905
러시아(연방),관광,2025-06-01,13924.990459972676,,13374.567521235102,13649.778990603889
러시아(연방),관광,2025-07-01,14596.351063191389,,12945.498369474877,13770.924716333133
러시아(연방),관광,2025-08-01,12334.588069427855,,12391.965034992001,12363.276552209929
러시아(연방),관광,2025-09-01,12553.695123812819,,12448.734392455524,12501.21475813417
러시아(연방),관광,2025-10-01,15253.74740238153,,12905.70293806343,14079.72517022248
러시아(연방),관광,2025-11-01,12899.451406365313,,11217.763378663258,12058.607392514285
러시아(연방),관광,2025-12-01,12135.47604964393,,9527.39049178602,10831.433270714975
러시아(연방),관광,2026-01-01,13218.269960079968,,8638.361786249892,10928.315873164931
러시아(연방),관광,2026-02-01,11401.266051762308,,8750.2742273131,10075.770139537704
러시아(연방),관광,2026-03-01,15230.46129775856,,13568.34115417259,14399.401225965576
러시아(연방),공용,2025-04-01,4.577908970422967,,10.92343888180524,7.7506739261141036
러시아(연방),공용,2025-05-01,7.790037029325018,,7.635322450444329,7.712679739884674
러시아(연방),공용,2025-06-01,11.598656107775751,,7.476603560313579,9.537629834044665
러시아(연방),공용,2025-07-01,12.793885506263429,,9.753037996578962,11.273461751421195
러시아(연방),공용,2025-08-01,19.36042655047362,,23.467338250037848,21.413882400255734
러시아(연방),공용,2025-09-01,12.435231419212666,,11.529481999180964,11.982356709196814
러시아(연방),공용,2025-10-01,13.197964377325798,,9.0747968910157,11.136380634170749
러시아(연방),공용,2025-11-01,27.036016205461014,,20.391988034629914,23.714002120045464
러시아(연방),공용,2025-12-01,6.417005748577907,,12.357240861835994,9.38712330520695
러시아(연방),공용,2026-01-01,7.0576022089052595,,5.7457651451747225,6.4016836770399905
러시아(연방),공용,2026-02-01,5.007812727589172,,12.9403512093267,8.974081968457936
러시아(연방),공용,2026-03-01,8.883839249465352,,20.421608683292114,14.652723966378733
러시아(연방),기타,2025-04-01,7915.5909211745,,6802.102961567333,7358.846941370917
러시아(연방),기타,2025-05-01,7878.405599492834,,7011.695386417649,7445.050492955242
러시아(연방),기타,2025-06-01,7429.624456550749,,6352.666156115723,6891.145306333236
러시아(연방),기타,2025-07-01,6853.72543627569,,5916.6997369155415,6385.212586595616
러시아(연방),기타,2025-08-01,6861.6006152546,,5751.84740932895,6306.724012291775
러시아(연방),기타,2025-09-01,6802.294754331253,,5661.146976254451,6231.720865292852
러시아(연방),기타,2025-10-01,7588.338974247855,,5863.710554667175,6726.024764457515
러시아(연방),기타,2025-11-01,7340.336181165834,,5749.241330333755,6544.788755749794
러시아(연방),기타,2025-12-01,8643.3213213968,,6815.435862368384,7729.3785918825915
러시아(연방),기타,2026-01-01,7995.68196264477,,5778.401950219028,6887.041956431898
러시아(연방),기타,2026-02-01,7099.700532550607,,5658.060738624729,6378.880635587668
러시아(연방),기타,2026-03-01,7908.591850366585,,5616.792262836115,6762.6920566013505
러시아(연방),상용,2025-04-01,117.55258361754868,,117.83318945803526,117.69288653779196
러시아(연방),상용,2025-05-01,106.38218804707297,,117.08376767754433,111.73297786230864
러시아(연방),상용,2025-06-01,99.69941332426717,,117.897520310889,108.79846681757809
러시아(연방),상용,2025-07-01,89.97245740418015,,120.52042306828292,105.24644023623154
러시아(연방),상용,2025-08-01,89.55634342689969,,133.75972891321223,111.65803617005596
러시아(연방),상용,2025-09-01,97.93183815889446,,141.98514686617975,119.9584925125371
러시아(연방),상용,2025-10-01,152.24019615195766,,144.20212847311754,148.22116231253761
러시아(연방),상용,2025-11-01,136.52391620055454,,153.70812226093776,145.11601923074613
러시아(연방),상용,2025-12-01,94.52612325225896,,152.73081578164485,123.6284695169519
러시아(연방),상용,2026-01-01,89.21339416432811,,161.139250112693,125.17632213851056
러시아(연방),상용,2026-02-01,89.21075722011572,,157.62763458351492,123.41919590181533
러시아(연방),상용,2026-03-01,109.62832365192119,,155.8434820573639,132.73590285464255
루마니아,공용,2025-04-01,39.96458706675643,,9.956918996247234,24.96075303150183
루마니아,공용,2025-05-01,9.575767692595827,,3.2400812849919554,6.407924488793891
루마니아,공용,2025-06-01,6.834009130996577,,2.911140037879556,4.872574584438066
루마니아,공용,2025-07-01,3.596280312422068,,2.6041317752003206,3.1002060438111942
루마니아,공용,2025-08-01,5.150578025327135,,3.0197261546271754,4.085152089977155
루마니아,공용,2025-09-01,55.93203281556744,,8.011240838787254,31.971636827177345
루마니아,공용,2025-10-01,11.798070605857115,,7.382432722798561,9.590251664327837
루마니아,공용,2025-11-01,18.064696814894397,,10.914808252886619,14.489752533890508
루마니아,공용,2025-12-01,9.416610433061168,,3.9307398991561247,6.673675166108646
루마니아,공용,2026-01-01,9.926767307552375,,5.073203449314692,7.499985378433533
루마니아,공용,2026-02-01,9.284527508860434,,6.290682882644962,7.787605195752698
루마니아,공용,2026-03-01,15.628113379585432,,7.9999594226193445,11.814036401102388
러시아(연방),유학연수,2025-04-01,70.04907389776017,,179.1488114403454,124.59894266905279
러시아(연방),유학연수,2025-05-01,154.71594808458113,,212.36290822654968,183.53942815556542
러시아(연방),유학연수,2025-06-01,175.6949959727068,,241.87437341426983,208.78468469348832
러시아(연방),유학연수,2025-07-01,206.49532879151076,,318.69517365600655,262.5952512237586
러시아(연방),유학연수,2025-08-01,1315.3565861254817,,1149.0251510028688,1232.1908685641752
러시아(연방),유학연수,2025-09-01,356.53294876878147,,346.7044460156495,351.6186973922155
러시아(연방),유학연수,2025-10-01,105.1429317809008,,248.9562470689395,177.04958942492016
러시아(연방),유학연수,2025-11-01,206.89765340004865,,275.7319626421638,241.31480802110622
러시아(연방),유학연수,2025-12-01,206.04636640799407,,236.49112099510927,221.26874370155167
러시아(연방),유학연수,2026-01-01,333.34267128642983,,614.7861286298352,474.0643999581325
러시아(연방),유학연수,2026-02-01,946.3355922512551,,878.4290164114651,912.38230433136
러시아(연방),유학연수,2026-03-01,387.67648907922364,,341.86407177915174,364.77028042918766
루마니아,관광,2025-04-01,1542.7778784427567,,1479.849306797156,1511.3135926199564
루마니아,관광,2025-05-01,1269.0538385489006,,1190.4234729603227,1229.7386557546115
루마니아,관광,2025-06-01,1007.5249332994397,,796.1257115249216,901.8253224121806
루마니아,관광,2025-07-01,1059.5835746795017,,739.8704134085349,899.7269940440183
루마니아,관광,2025-08-01,1199.6070557237763,,884.9588171306686,1042.2829364272225
루마니아,관광,2025-09-01,1497.0336144675468,,1150.4772867822594,1323.755450624903
루마니아,관광,2025-10-01,1706.293443837334,,1337.1241049371201,1521.708774387227
루마니아,관광,2025-11-01,1145.9753008880189,,771.4680306770558,958.7216657825373
루마니아,관광,2025-12-01,832.6843087104724,,478.07207940758497,655.3781940590286
루마니아,관광,2026-01-01,721.2219642648662,,391.93948112086514,556.5807226928657
루마니아,관광,2026-02-01,744.0034438795727,,517.0763638221633,630.5399038508681
루마니아,관광,2026-03-01,1588.0267494664001,,1459.4268920202137,1523.726820743307
루마니아,기타,2025-04-01,488.7743496437393,,424.15364934808196,456.4639994959106
루마니아,기타,2025-05-01,468.0992646177217,,437.64124528554214,452.8702549516319
루마니아,기타,2025-06-01,478.12702737746577,,428.24712987231345,453.18707862488964
루마니아,기타,2025-07-01,502.54661680964716,,443.6533483153511,473.0999825624991
루마니아,기타,2025-08-01,527.9612848986276,,479.855309943546,503.9082974210868
루마니아,기타,2025-09-01,516.1290181965985,,489.7476480900163,502.93833314330743
루마니아,기타,2025-10-01,543.7666085547877,,445.90926877792447,494.8379386663561
루마니아,기타,2025-11-01,437.55052375288307,,382.3964064402203,409.97346509655165
루마니아,기타,2025-12-01,404.43546957571215,,361.2706457986426,382.8530576871774
루마니아,기타,2026-01-01,461.01332434455924,,382.33321908731233,421.6732717159358
루마니아,기타,2026-02-01,412.2027953192323,,368.7514737117438,390.47713451548805
루마니아,기타,2026-03-01,523.202456514667,,431.2844557396023,477.24345612713466
루마니아,유학연수,2025-04-01,3.1740180028644454,,25.570710188489453,14.37236409567695
루마니아,유학연수,2025-05-01,6.113647848191213,,28.0294979858747,17.071572917032956
루마니아,유학연수,2025-06-01,4.6567595625908975,,28.906127071834245,16.78144331721257
루마니아,유학연수,2025-07-01,11.716501630981991,,29.420949983294307,20.56872580713815
루마니아,유학연수,2025-08-01,50.60820569013997,,29.660563394308408,40.13438454222419
루마니아,유학연수,2025-09-01,8.685062906738546,,10.383328482304712,9.534195694521628
루마니아,유학연수,2025-10-01,5.3245440787626475,,8.649700974985224,6.987122526873936
루마니아,유학연수,2025-11-01,5.378034177966697,,12.892237543887095,9.135135860926896
루마니아,유학연수,2025-12-01,7.037156576680566,,15.163928616868478,11.100542596774522
루마니아,유학연수,2026-01-01,15.845119724222927,,16.100347745920885,15.972733735071905
루마니아,유학연수,2026-02-01,40.994649994108336,,29.68021934288188,35.337434668495106
루마니아,유학연수,2026-03-01,6.981821609868903,,29.826649136428177,18.40423537314854
루마니아,상용,2025-04-01,10.580464734377387,,9.608020244715632,10.09424248954651
루마니아,상용,2025-05-01,12.1960020505873,,9.795571568819149,10.995786809703224
루마니아,상용,2025-06-01,12.340796561688741,,9.557792801325718,10.94929468150723
루마니아,상용,2025-07-01,9.983956117583427,,9.939315892840522,9.961636005211975
루마니아,상용,2025-08-01,15.73176628797525,,12.839734291753823,14.285750289864536
루마니아,상용,2025-09-01,12.805687623203221,,15.46599950361064,14.13584356340693
루마니아,상용,2025-10-01,11.572234354968348,,10.438794756925695,11.005514555947022
루마니아,상용,2025-11-01,8.726845851254012,,7.9731870449802305,8.35001644811712
루마니아,상용,2025-12-01,8.628988686550159,,7.668495287027835,8.148741986788997
루마니아,상용,2026-01-01,18.91767340206544,,16.041768290565688,17.479720846315566
루마니아,상용,2026-02-01,10.014305768386667,,9.447475646121315,9.730890707253991
루마니아,상용,2026-03-01,12.938037889521448,,9.338795184034254,11.13841653677785
말레이시아,공용,2025-04-01,12.158821445855834,,13.158136085217976,12.658478765536906
말레이시아,공용,2025-05-01,15.500750690474678,,14.047674422056563,14.77421255626562
말레이시아,공용,2025-06-01,13.291997437862078,,14.137679080724887,13.714838259293483
말레이시아,공용,2025-07-01,19.564888455415204,,14.434874623089069,16.999881539252137
말레이시아,공용,2025-08-01,18.1009668103265,,16.077097446119105,17.089032128222804
말레이시아,공용,2025-09-01,21.434639984005205,,18.37852958931411,19.906584786659657
말레이시아,공용,2025-10-01,20.0332003369974,,18.78562063389737,19.409410485447385
말레이시아,공용,2025-11-01,27.4144528193367,,18.964827429624396,23.189640124480547
말레이시아,공용,2025-12-01,17.45902479544279,,18.874108473576385,18.166566634509586
말레이시아,공용,2026-01-01,19.485615939704548,,19.132856321713323,19.309236130708936
말레이시아,공용,2026-02-01,17.92521774333115,,18.427087992880036,18.176152868105593
말레이시아,공용,2026-03-01,15.207602595557464,,14.720356538780383,14.963979567168924
말레이시아,관광,2025-04-01,37821.238965548684,,28027.206463974442,32924.22271476156
말레이시아,관광,2025-05-01,28196.55813931048,,19834.976232360816,24015.767185835648
말레이시아,관광,2025-06-01,18782.695861105072,,11242.448444720529,15012.5721529128
말레이시아,관광,2025-07-01,12911.352676636117,,6823.970419775907,9867.661548206012
말레이시아,관광,2025-08-01,14098.003871411924,,7322.960974570444,10710.482422991183
말레이시아,관광,2025-09-01,27721.52955789287,,17423.409257516963,22572.469407704917
말레이시아,관광,2025-10-01,40329.344370918494,,25214.350096844086,32771.847233881286
말레이시아,관광,2025-11-01,41456.55986419515,,28815.930782492047,35136.245323343595
말레이시아,관광,2025-12-01,53661.86680669224,,35376.86465431489,44519.36573050357
말레이시아,관광,2026-01-01,25348.267345625187,,17536.37613218628,21442.32173890573
말레이시아,관광,2026-02-01,27597.525166677366,,20333.64227781513,23965.583722246247
말레이시아,관광,2026-03-01,37809.81288481155,,26936.95048522376,32373.381685017655
말레이시아,기타,2025-04-01,2823.40592635963,,2432.028757780099,2627.7173420698646
말레이시아,기타,2025-05-01,3054.7367144945083,,2460.3943672888245,2757.5655408916664
말레이시아,기타,2025-06-01,3020.8059607026207,,2538.582436805844,2779.6941987542323
말레이시아,기타,2025-07-01,3164.074955086925,,2605.1794099566846,2884.6271825218046
말레이시아,기타,2025-08-01,3277.7966008414232,,2724.6176096529225,3001.207105247173
말레이시아,기타,2025-09-01,3279.618150888398,,2730.6368281859905,3005.1274895371944
말레이시아,기타,2025-10-01,3231.181434900687,,2652.084395692672,2941.632915296679
말레이시아,기타,2025-11-01,3209.4345655454003,,2529.2526239815074,2869.343594763454
말레이시아,기타,2025-12-01,3335.8574456108117,,2566.978731203667,2951.4180884072393
말레이시아,기타,2026-01-01,3491.1101610043224,,2725.2561284577287,3108.1831447310255
말레이시아,기타,2026-02-01,3354.8484644276323,,2511.8370215722407,2933.3427429999365
말레이시아,기타,2026-03-01,3332.425974603691,,2165.142195565434,2748.7840850845623
말레이시아,상용,2025-04-01,114.3737808110224,,110.94452194188388,112.65915137645314
말레이시아,상용,2025-05-01,136.3240355459189,,116.83467474431649,126.57935514511769
말레이시아,상용,2025-06-01,121.17424159351287,,120.28266339093913,120.72845249222601
말레이시아,상용,2025-07-01,117.99835151514975,,118.900523784136,118.44943764964287
말레이시아,상용,2025-08-01,147.61296203051432,,133.27458419404502,140.44377311227967
말레이시아,상용,2025-09-01,150.00788905904855,,137.29732184001284,143.6526054495307
말레이시아,상용,2025-10-01,140.68038734199652,,132.38515852615095,136.53277293407373
말레이시아,상용,2025-11-01,129.83221701410793,,118.3297626125423,124.08098981332512
말레이시아,상용,2025-12-01,129.92174845633357,,110.70876489875135,120.31525667754246
말레이시아,상용,2026-01-01,143.74005092298026,,132.01771805573455,137.8788844893574
말레이시아,상용,2026-02-01,172.30886533138755,,129.1625504139896,150.73570787268858
말레이시아,상용,2026-03-01,144.14123149829643,,110.46234941515019,127.30179045672331
말레이시아,유학연수,2025-04-01,46.91535799702362,,82.35756778626367,64.63646289164365
말레이시아,유학연수,2025-05-01,71.6284601851824,,66.88325804442135,69.25585911480188
말레이시아,유학연수,2025-06-01,98.9550782234489,,75.56033769762195,87.25770796053541
말레이시아,유학연수,2025-07-01,127.68627075172215,,70.36626984120818,99.02627029646516
말레이시아,유학연수,2025-08-01,848.1061792119559,,611.9905179796508,730.0483485958034
말레이시아,유학연수,2025-09-01,266.04909615688746,,270.51928981065964,268.28419298377355
말레이시아,유학연수,2025-10-01,59.88921845057601,,103.84955223854716,81.86938534456158
말레이시아,유학연수,2025-11-01,75.64601945593131,,84.73569918095643,80.19085931844387
말레이시아,유학연수,2025-12-01,96.12254785273191,,93.35270979094838,94.73762882184015
말레이시아,유학연수,2026-01-01,154.96932398070118,,117.52129179705129,136.24530788887623
말레이시아,유학연수,2026-02-01,875.7102954056132,,597.0431520169742,736.3767237112937
말레이시아,유학연수,2026-03-01,290.0825591885991,,225.95876682888127,258.02066300874014
멕시코,공용,2025-04-01,9.586823452662376,,5.572058224491492,7.579440838576934
멕시코,공용,2025-05-01,10.279246319393415,,6.632674447120763,8.45596038325709
멕시코,공용,2025-06-01,7.172086710475593,,6.403622321053087,6.78785451576434
멕시코,공용,2025-07-01,6.484773861689702,,5.842516131141814,6.1636449964157585
멕시코,공용,2025-08-01,11.457500289078046,,5.194620852355011,8.326060570716528
멕시코,공용,2025-09-01,9.73080309726879,,4.844139148348022,7.287471122808406
멕시코,공용,2025-10-01,8.543574490177607,,5.347619941820734,6.94559721599917
멕시코,공용,2025-11-01,12.900815585888685,,6.401231034277968,9.651023310083326
멕시코,공용,2025-12-01,6.531740862509338,,6.526712354570892,6.529226608540115
멕시코,공용,2026-01-01,12.64568390960002,,6.990889117286592,9.818286513443306
멕시코,공용,2026-02-01,5.019434819261422,,6.298335370983889,5.658885095122655
멕시코,공용,2026-03-01,7.749090044881117,,5.368417791356792,6.5587539181189545
멕시코,관광,2025-04-01,4766.2338327018515,,6429.031680764242,5597.632756733046
멕시코,관광,2025-05-01,3787.343042375618,,6647.161592530303,5217.252317452961
멕시코,관광,2025-06-01,3864.137901094244,,6474.156157355487,5169.147029224866
멕시코,관광,2025-07-01,5891.10502784845,,6097.169460706322,5994.137244277386
멕시코,관광,2025-08-01,7427.014363018417,,5538.855112478309,6482.934737748363
멕시코,관광,2025-09-01,7894.0723211536515,,5202.081597765153,6548.076959459402
멕시코,관광,2025-10-01,11089.73051064042,,5942.028454218341,8515.87948242938
멕시코,관광,2025-11-01,7277.05772054919,,6610.7706468659135,6943.914183707551
멕시코,관광,2025-12-01,4959.229994192908,,6470.312857225952,5714.77142570943
멕시코,관광,2026-01-01,3756.149695469634,,6017.175190568316,4886.662443018975
멕시코,관광,2026-02-01,3600.44237998993,,6235.602842812491,4918.02261140121
멕시코,관광,2026-03-01,5937.75787292123,,6437.9354304348,6187.846651678015
멕시코,기타,2025-04-01,508.04658778063475,,757.232061262232,632.6393245214334
멕시코,기타,2025-05-01,549.2757876888569,,642.2727167819934,595.7742522354251
멕시코,기타,2025-06-01,516.3732758370454,,574.4867497834532,545.4300128102493
멕시코,기타,2025-07-01,571.4950714061769,,612.7970681201863,592.1460697631816
멕시코,기타,2025-08-01,711.0681540309866,,646.0978747884589,678.5830144097228
멕시코,기타,2025-09-01,629.2495489602467,,471.5816743329291,550.4156116465879
멕시코,기타,2025-10-01,710.96079466929,,554.3496317798774,632.6552132245837
멕시코,기타,2025-11-01,578.112212216081,,562.1401234066225,570.1261678113517
멕시코,기타,2025-12-01,536.9709202377052,,537.4800125452975,537.2254663915014
멕시코,기타,2026-01-01,584.6346705830531,,602.2466489321757,593.4406597576144
멕시코,기타,2026-02-01,618.6846269287657,,518.5642670721383,568.6244470004519
멕시코,기타,2026-03-01,654.5081161593439,,419.1730242796889,536.8405702195164
멕시코,상용,2025-04-01,6.532191138256924,,6.296198723720192,6.4141949309885575
멕시코,상용,2025-05-01,6.1111522638258435,,6.340123796105707,6.225638029965776
멕시코,상용,2025-06-01,7.601651886782962,,6.410405404576422,7.006028645679692
멕시코,상용,2025-07-01,6.97268648556352,,6.5149642384456605,6.743825362004591
멕시코,상용,2025-08-01,7.323630840022051,,7.683533804253954,7.503582322138002
멕시코,상용,2025-09-01,8.019846366690482,,8.580600380239275,8.300223373464878
멕시코,상용,2025-10-01,9.10266807552312,,8.513899790845056,8.808283933184088
멕시코,상용,2025-11-01,7.181917348622406,,7.831198027480386,7.506557688051396
멕시코,상용,2025-12-01,6.706531713969809,,6.948166375210069,6.827349044589939
멕시코,상용,2026-01-01,13.319226493044843,,9.753732115005064,11.536479304024954
멕시코,상용,2026-02-01,4.766850641773502,,7.2232155473353306,5.995033094554416
멕시코,상용,2026-03-01,11.370561727807374,,7.185275035044692,9.277918381426034
멕시코,유학연수,2025-04-01,19.0961871708674,,22.546868496017968,20.821527833442683
멕시코,유학연수,2025-05-01,67.63839521623257,,37.60937090467125,52.62388306045191
멕시코,유학연수,2025-06-01,61.438583093447455,,50.93826703388315,56.188425063665306
멕시코,유학연수,2025-07-01,83.44988591795646,,54.900406554090544,69.17514623602351
멕시코,유학연수,2025-08-01,342.9260630632426,,191.8339372374204,267.3800001503315
멕시코,유학연수,2025-09-01,39.7565839806878,,28.512201002032413,34.1343924913601
멕시코,유학연수,2025-10-01,24.70906628742975,,47.378760672698014,36.04391348006388
멕시코,유학연수,2025-11-01,66.58525414883063,,50.103260316005084,58.34425723241786
멕시코,유학연수,2025-12-01,73.88787206661873,,54.41767694384045,64.15277450522959
멕시코,유학연수,2026-01-01,95.41376025808408,,120.98055498066194,108.197157619373
멕시코,유학연수,2026-02-01,283.04868280127545,,184.77607554178667,233.91237917153106
멕시코,유학연수,2026-03-01,35.840688053254205,,22.29317039110343,29.066929222178818
몽  골,공용,2025-04-01,321.2376995616605,,260.1806757965038,290.70918767908216
몽  골,공용,2025-05-01,334.18457099478303,,250.18847613656732,292.1865235656752
몽  골,공용,2025-06-01,275.3720491358491,,226.1114304180058,250.74173977692746
몽  골,공용,2025-07-01,249.97900603558472,,202.5910577086176,226.28503187210117
몽  골,공용,2025-08-01,255.0842241389519,,218.54820875766694,236.81621644830943
몽  골,공용,2025-09-01,334.54556434108866,,264.24338239688757,299.3944733689881
몽  골,공용,2025-10-01,389.31267122523116,,328.0457676821417,358.6792194536864
몽  골,공용,2025-11-01,450.33073202556017,,351.03758598684726,400.6841590062037
몽  골,공용,2025-12-01,378.21468964311526,,288.73036942301957,333.4725295330674
몽  골,공용,2026-01-01,339.73867772740545,,261.3054827759215,300.5220802516635
몽  골,공용,2026-02-01,343.5387043100075,,261.3492385272983,302.44397141865295
몽  골,공용,2026-03-01,407.08891737124895,,270.94074414825457,339.01483075975176
몽  골,관광,2025-04-01,11286.614622499292,,9095.050618057838,10190.832620278565
몽  골,관광,2025-05-01,12072.28726425551,,9692.588781861046,10882.43802305828
몽  골,관광,2025-06-01,14896.20473089679,,10232.950555375872,12564.57764313633
몽  골,관광,2025-07-01,12813.008550392116,,9412.121621882168,11112.565086137143
몽  골,관광,2025-08-01,10889.25086695596,,7683.112075412681,9286.18147118432
몽  골,관광,2025-09-01,13328.471904727165,,9148.368191441528,11238.420048084346
몽  골,관광,2025-10-01,15547.707021934282,,9780.240306793314,12663.973664363799
몽  골,관광,2025-11-01,15181.78431238061,,9152.569322749056,12167.176817564832
몽  골,관광,2025-12-01,15110.026121385712,,9518.76116198948,12314.393641687595
몽  골,관광,2026-01-01,17670.32433032634,,9824.13709492164,13747.23071262399
몽  골,관광,2026-02-01,13307.984350835952,,7230.040474620928,10269.01241272844
몽  골,관광,2026-03-01,14726.472701603027,,6527.323922348609,10626.898311975818
몽  골,기타,2025-04-01,937.543445555988,,606.8062315371819,772.174838546585
몽  골,기타,2025-05-01,873.2309124175575,,609.1977519508346,741.2143321841961
몽  골,기타,2025-06-01,921.3909081828759,,840.7741283912619,881.082518287069
몽  골,기타,2025-07-01,1284.271175006403,,1210.3596366791257,1247.3154058427644
몽  골,기타,2025-08-01,2049.484550460115,,1705.8929794119763,1877.6887649360456
몽  골,기타,2025-09-01,1562.3137026709433,,1343.7525684156365,1453.03313554329
몽  골,기타,2025-10-01,1156.738687839035,,799.2253758180136,977.9820318285243
몽  골,기타,2025-11-01,1083.0464933714222,,707.2977673740257,895.172130372724
몽  골,기타,2025-12-01,1039.9370010114555,,646.3125478060352,843.1247744087455
몽  골,기타,2026-01-01,1358.2720056734909,,876.2645789448411,1117.268292309166
몽  골,기타,2026-02-01,1345.5859822637676,,846.0409277070453,1095.8134549854065
몽  골,기타,2026-03-01,1342.5786629466027,,671.8801865772199,1007.2294247619113
몽  골,유학연수,2025-04-01,527.7633541139124,,3038.3955760611475,1783.07946508753
몽  골,유학연수,2025-05-01,853.1419327840047,,3522.7361830065643,2187.9390578952843
몽  골,유학연수,2025-06-01,1392.9962371652848,,4107.232806839224,2750.1145220022545
몽  골,유학연수,2025-07-01,1900.911923616433,,4262.982532261912,3081.947227939172
몽  골,유학연수,2025-08-01,4763.159547208027,,4639.620835416183,4701.390191312104
몽  골,유학연수,2025-09-01,3812.209418965602,,3655.2039012089135,3733.7066600872577
몽  골,유학연수,2025-10-01,688.0059286672446,,1938.8920681306965,1313.4489983989706
몽  골,유학연수,2025-11-01,1034.7869846136996,,1745.1474849104927,1389.9672347620963
몽  골,유학연수,2025-12-01,1779.7395832591546,,1917.9715456945585,1848.8555644768567
몽  골,유학연수,2026-01-01,1867.90549691213,,1893.3360297827826,1880.6207633474564
몽  골,유학연수,2026-02-01,2758.449096825861,,2441.4082337083078,2599.9286652670844
몽  골,유학연수,2026-03-01,3167.22496811239,,3301.8116015034548,3234.518284807922
몽  골,상용,2025-04-01,92.05309981073127,,51.86414603832415,71.9586229245277
몽  골,상용,2025-05-01,98.63519501185905,,50.88545479344512,74.76032490265209
몽  골,상용,2025-06-01,96.36925269118599,,48.3319136664081,72.35058317879705
몽  골,상용,2025-07-01,76.36710393924764,,45.36694351125476,60.8670237252512
몽  골,상용,2025-08-01,86.09545389461215,,55.92820751184922,71.01183070323069
몽  골,상용,2025-09-01,90.24569830205496,,70.69571868427028,80.47070849316262
몽  골,상용,2025-10-01,95.47860561155565,,58.32564350762783,76.90212455959174
몽  골,상용,2025-11-01,92.94328612639997,,44.71369706934507,68.82849159787253
몽  골,상용,2025-12-01,84.99205774836538,,38.5241925718224,61.75812516009389
몽  골,상용,2026-01-01,88.13242168680453,,39.91525960798563,64.02384064739508
몽  골,상용,2026-02-01,91.46866447920233,,33.28053469481375,62.37459958700804
몽  골,상용,2026-03-01,117.16472172341098,,28.130002054505212,72.6473618889581
미  국,공용,2025-04-01,4354.101083613528,,1004.7285196153548,2679.414801614442
미  국,공용,2025-05-01,3976.696069781705,,688.6936507012265,2332.694860241466
미  국,공용,2025-06-01,3876.300693018911,,1257.665243086585,2566.9829680527478
미  국,공용,2025-07-01,5127.852219328672,,1920.1875857265331,3524.0199025276024
미  국,공용,2025-08-01,4791.431567217062,,1438.8138763062766,3115.1227217616697
미  국,공용,2025-09-01,3493.6837925651475,,994.4441109131046,2244.063951739126
미  국,공용,2025-10-01,3349.1926965811012,,836.9390594568913,2093.065878018996
미  국,공용,2025-11-01,4167.390198080372,,887.6647433641822,2527.527470722277
미  국,공용,2025-12-01,4279.049227170955,,1082.8734795170226,2680.961353343989
미  국,공용,2026-01-01,4626.024099557929,,1003.9064310070906,2814.96526528251
미  국,공용,2026-02-01,3324.2169247833,,865.180237517983,2094.6985811506415
미  국,공용,2026-03-01,3268.9054993861027,,866.7304910643816,2067.817995225242
미  국,관광,2025-04-01,133979.26371553552,,128145.68189856771,131062.47280705161
미  국,관광,2025-05-01,132649.31062413446,,135622.97722597935,134136.1439250569
미  국,관광,2025-06-01,156801.67647337238,,132360.08846128648,144580.88246732944
미  국,관광,2025-07-01,132925.9360775523,,116627.11253119275,124776.52430437252
미  국,관광,2025-08-01,106131.37757931578,,81778.0301054198,93954.7038423678
미  국,관광,2025-09-01,122933.9929530401,,98207.40814275213,110570.70054789612
미  국,관광,2025-10-01,152934.19075522677,,116410.39232207232,134672.29153864953
미  국,관광,2025-11-01,117945.51516571396,,110664.08412516527,114304.79964543962
미  국,관광,2025-12-01,108372.63854618324,,89862.77581617213,99117.70718117768
미  국,관광,2026-01-01,84028.31425862636,,67116.5722763517,75572.44326748903
미  국,관광,2026-02-01,82803.7172566765,,66718.51264108087,74761.11494887868
미  국,관광,2026-03-01,138662.90956455894,,136105.21095183288,137384.0602581959
미  국,기타,2025-04-01,19175.641446937178,,19576.52267952473,19376.082063230955
미  국,기타,2025-05-01,20496.42986168654,,19693.207161591454,20094.818511638998
미  국,기타,2025-06-01,19355.027213966023,,19628.442279978488,19491.734746972255
미  국,기타,2025-07-01,21344.62720357404,,19354.228566202935,20349.427884888486
미  국,기타,2025-08-01,26154.601785612213,,19351.523022488793,22753.062404050503
미  국,기타,2025-09-01,21572.444700983735,,19815.999182458494,20694.221941721116
미  국,기타,2025-10-01,23024.80592614348,,18693.611740592984,20859.208833368233
미  국,기타,2025-11-01,19579.74303152756,,18586.923883707685,19083.33345761762
미  국,기타,2025-12-01,20206.5291730443,,18768.07895421615,19487.304063630225
미  국,기타,2026-01-01,24334.679690708053,,19017.988213769804,21676.33395223893
미  국,기타,2026-02-01,22774.216240132926,,18333.847893738657,20554.03206693579
미  국,기타,2026-03-01,22876.734100844867,,18600.912788979622,20738.823444912246
미  국,상용,2025-04-01,341.7167729736954,,269.3847036214188,305.55073829755713
미  국,상용,2025-05-01,341.2674717183054,,272.1044977337249,306.68598472601514
미  국,상용,2025-06-01,340.634958067629,,271.90601335984536,306.2704857137372
미  국,상용,2025-07-01,298.55343991067974,,265.83189870259787,282.1926693066388
미  국,상용,2025-08-01,335.44139611345247,,304.78346390026707,320.11243000685977
미  국,상용,2025-09-01,367.9076596964184,,358.59686717434784,363.25226343538316
미  국,상용,2025-10-01,426.3988240383998,,317.6723763520488,372.03560019522433
미  국,상용,2025-11-01,382.85116406627805,,288.5505901082614,335.70087708726976
미  국,상용,2025-12-01,278.31054380127347,,291.9502698893921,285.1304068453328
미  국,상용,2026-01-01,356.3668911726293,,340.6556800646172,348.5112856186232
미  국,상용,2026-02-01,323.943627874726,,315.20316436161795,319.573396118172
미  국,상용,2026-03-01,413.0254888433655,,304.8359639474752,358.9307263954204
미  국,유학연수,2025-04-01,180.416893833837,,420.51151338705836,300.46420361044767
미  국,유학연수,2025-05-01,472.31385044396393,,885.8294044699048,679.0716274569344
미  국,유학연수,2025-06-01,418.51356801651053,,547.712334024101,483.1129510203058
미  국,유학연수,2025-07-01,320.21368879920334,,551.0057670172287,435.609727908216
미  국,유학연수,2025-08-01,2521.8824946041236,,1460.7925162736144,1991.337505438869
미  국,유학연수,2025-09-01,226.24162385656223,,212.9562083186857,219.59891608762396
미  국,유학연수,2025-10-01,204.2331511414984,,702.0429890820566,453.1380701117775
미  국,유학연수,2025-11-01,538.0686748822617,,1380.24285998833,959.155767435296
미  국,유학연수,2025-12-01,514.3179600600647,,1246.6043556024351,880.4611578312499
미  국,유학연수,2026-01-01,427.64366373908643,,482.00758317460713,454.82562345684676
미  국,유학연수,2026-02-01,2015.5659265325412,,1442.58205872048,1729.0739926265105
미  국,유학연수,2026-03-01,253.35411680355955,,1027.2626649814235,640.3083908924915
미얀마,관광,2025-04-01,1415.9482193542178,,1578.680704685258,1497.314462019738
미얀마,관광,2025-05-01,1132.6041467562736,,1300.0993988276455,1216.3517727919595
미얀마,관광,2025-06-01,1101.841117644481,,1257.1400592613645,1179.4905884529228
미얀마,관광,2025-07-01,1103.1515637345035,,1276.8011554282762,1189.9763595813897
미얀마,관광,2025-08-01,938.7313088429578,,1162.757074373002,1050.74419160798
미얀마,관광,2025-09-01,1124.3274188828016,,1357.64600786418,1240.9867133734908
미얀마,관광,2025-10-01,1284.0645954970335,,1631.2475732938503,1457.656084395442
미얀마,관광,2025-11-01,1163.4663650057023,,1373.835224333017,1268.6507946693596
미얀마,관광,2025-12-01,1264.0274132820546,,1406.2863976640406,1335.1569054730476
미얀마,관광,2026-01-01,970.3275527798012,,1002.3545534249133,986.3410531023573
미얀마,관광,2026-02-01,891.7638557705144,,942.9871277543699,917.3754917624422
미얀마,관광,2026-03-01,1125.6072377364862,,1240.9301772637855,1183.2687075001359
미얀마,공용,2025-04-01,18.960583697673485,,25.594253818572504,22.277418758122995
미얀마,공용,2025-05-01,40.857903905384084,,34.09619039986243,37.47704715262326
미얀마,공용,2025-06-01,38.06773618848148,,32.307666290359236,35.18770123942036
미얀마,공용,2025-07-01,36.65401175038276,,23.2231649046681,29.93858832752543
미얀마,공용,2025-08-01,24.43009594160632,,25.03446621922027,24.732281080413294
미얀마,공용,2025-09-01,61.900928615203384,,52.73884082023252,57.319884717717954
미얀마,공용,2025-10-01,57.58760825076487,,54.96484475713612,56.2762265039505
미얀마,공용,2025-11-01,48.32839192164323,,42.91511416979062,45.62175304571693
미얀마,공용,2025-12-01,26.31754008073041,,27.61134659489867,26.96444333781454
미얀마,공용,2026-01-01,14.649326001353366,,15.521420593280588,15.085373297316977
미얀마,공용,2026-02-01,13.137976432091802,,15.306745255686128,14.222360843888964
미얀마,공용,2026-03-01,27.086644868250193,,20.172934711087834,23.62978978966901
미얀마,기타,2025-04-01,4586.618465193974,,4673.0667563548695,4629.842610774422
미얀마,기타,2025-05-01,5030.125473863073,,4779.559409302251,4904.842441582662
미얀마,기타,2025-06-01,5036.839029967849,,4696.916965110223,4866.877997539035
미얀마,기타,2025-07-01,4922.210968720428,,4607.204770834325,4764.707869777377
미얀마,기타,2025-08-01,5019.610659518766,,4462.242711437537,4740.926685478151
미얀마,기타,2025-09-01,4817.347090237048,,4576.807452740567,4697.077271488808
미얀마,기타,2025-10-01,4934.71143835287,,4448.028703795105,4691.370071073987
미얀마,기타,2025-11-01,4631.694558229491,,4129.069106218635,4380.381832224063
미얀마,기타,2025-12-01,5037.596235221235,,4457.737235537511,4747.666735379373
미얀마,기타,2026-01-01,4859.54181868755,,4402.5254652077965,4631.0336419476735
미얀마,기타,2026-02-01,4669.625757268402,,4086.387256918746,4378.006507093574
미얀마,기타,2026-03-01,5114.391994561399,,4197.291311421445,4655.841652991422
미얀마,상용,2025-04-01,42.504975717073755,,26.16856382065408,34.33676976886392
미얀마,상용,2025-05-01,44.29584290551417,,24.397701117523948,34.34677201151906
미얀마,상용,2025-06-01,39.58943161363835,,23.40800959825291,31.49872060594563
미얀마,상용,2025-07-01,39.24196177382875,,24.558974184695174,31.90046797926196
미얀마,상용,2025-08-01,49.929071245330356,,30.14245827110966,40.03576475822001
미얀마,상용,2025-09-01,57.03697029421598,,37.778206241542705,47.40758826787935
미얀마,상용,2025-10-01,59.192818745814584,,38.36628918198896,48.779553963901776
미얀마,상용,2025-11-01,51.58838404727916,,30.607167435605433,41.0977757414423
미얀마,상용,2025-12-01,36.97798530451792,,22.501662648301522,29.739823976409724
미얀마,상용,2026-01-01,33.28533909433485,,18.37074671330624,25.828042903820545
미얀마,상용,2026-02-01,32.34394984610109,,17.926531309128414,25.135240577614752
미얀마,상용,2026-03-01,54.02836090075604,,32.249429132998436,43.13889501687724
미얀마,유학연수,2025-04-01,91.7568643426444,,478.6162969158881,285.18658062926625
미얀마,유학연수,2025-05-01,481.6766558777827,,498.7057409030278,490.19119839040525
미얀마,유학연수,2025-06-01,497.64550095651026,,413.8728481247572,455.7591745406337
미얀마,유학연수,2025-07-01,258.55948197176093,,367.013307296622,312.7863946341914
미얀마,유학연수,2025-08-01,925.6374323882272,,724.443599834766,825.0405161114966
미얀마,유학연수,2025-09-01,933.6401149096293,,697.231145655753,815.4356302826911
미얀마,유학연수,2025-10-01,58.05417182096843,,207.38520764371395,132.71968973234118
미얀마,유학연수,2025-11-01,257.43673135987996,,273.1427206247155,265.2897259922977
미얀마,유학연수,2025-12-01,734.7571281606264,,411.83693095708605,573.2970295588563
미얀마,유학연수,2026-01-01,386.90186725750215,,488.6534919295257,437.77767959351394
미얀마,유학연수,2026-02-01,776.0198395209817,,574.6105882496754,675.3152138853286
미얀마,유학연수,2026-03-01,972.0720913283229,,614.2450792188558,793.1585852735893
방글라데시,관광,2025-04-01,320.0747641922166,,269.7852150253585,294.92998960878754
방글라데시,관광,2025-05-01,490.7885951058636,,281.29589425875633,386.04224468230996
방글라데시,관광,2025-06-01,353.17554831791955,,286.3506022644129,319.7630752911662
방글라데시,관광,2025-07-01,379.66924741393973,,294.5122852209471,337.0907663174434
방글라데시,관광,2025-08-01,400.1862384707675,,290.18058128322497,345.1834098769962
방글라데시,관광,2025-09-01,452.3173661560105,,294.3489938749881,373.3331800154993
방글라데시,관광,2025-10-01,460.47142183874564,,323.4904357413885,391.9809287900671
방글라데시,관광,2025-11-01,411.5316351183486,,317.3506761170844,364.4411556177165
방글라데시,관광,2025-12-01,306.9587928461384,,238.9275273136914,272.9431600799149
방글라데시,관광,2026-01-01,263.95274154334425,,192.9661566459001,228.4594490946222
방글라데시,관광,2026-02-01,264.25798639186473,,202.68551407565613,233.47175023376042
방글라데시,관광,2026-03-01,354.03170588842835,,254.6712785490178,304.3514922187231
방글라데시,공용,2025-04-01,72.86978927643568,,56.48141834933481,64.67560381288524
방글라데시,공용,2025-05-01,80.64925893855424,,61.05182787674269,70.85054340764847
방글라데시,공용,2025-06-01,81.13490336904275,,53.92260321194847,67.52875329049562
방글라데시,공용,2025-07-01,66.11566041926523,,50.41867741945594,58.267168919360586
방글라데시,공용,2025-08-01,69.98458108698283,,54.88406829298978,62.434324689986305
방글라데시,공용,2025-09-01,101.56746730686469,,71.68065339929487,86.62406035307978
방글라데시,공용,2025-10-01,104.94529363816248,,85.85256519971158,95.39892941893703
방글라데시,공용,2025-11-01,93.56368977829771,,76.77559003023104,85.16963990426439
방글라데시,공용,2025-12-01,46.20759212767666,,40.805887598209054,43.50673986294286
방글라데시,공용,2026-01-01,30.688957426014,,22.733614346643343,26.71128588632867
방글라데시,공용,2026-02-01,39.17084036763459,,26.702032202261776,32.936436284948186
방글라데시,공용,2026-03-01,57.94178024974581,,36.536921525177405,47.23935088746161
방글라데시,기타,2025-04-01,1655.4140627630293,,1346.6361682649747,1501.025115514002
방글라데시,기타,2025-05-01,1766.571002909405,,1364.0397718604113,1565.305387384908
방글라데시,기타,2025-06-01,1510.0864001829912,,1385.8899290673435,1447.9881646251674
방글라데시,기타,2025-07-01,1955.0048146802674,,1425.964363738337,1690.4845892093022
방글라데시,기타,2025-08-01,2216.0403109902245,,1508.3977895391927,1862.2190502647086
방글라데시,기타,2025-09-01,1904.4700157962397,,1473.7518398010357,1689.1109277986377
방글라데시,기타,2025-10-01,1807.5618905311762,,1371.213406617508,1589.3876485743422
방글라데시,기타,2025-11-01,1664.4984413106004,,1326.0430179099633,1495.2707296102817
방글라데시,기타,2025-12-01,1994.2673039434194,,1359.2502160894676,1676.7587600164434
방글라데시,기타,2026-01-01,1856.5601674705435,,1387.2742300575464,1621.917198764045
방글라데시,기타,2026-02-01,2210.887348275227,,1343.7236091796876,1777.3054787274573
방글라데시,기타,2026-03-01,2017.0138103039496,,1314.8967680175936,1665.9552891607716
베네수엘라,공용,2025-04-01,0.8881116838128549,,0.6610072223062159,0.7745594530595354
베네수엘라,공용,2025-05-01,0.37575137389361796,,0.6492701741043018,0.5125107739989598
베네수엘라,공용,2025-06-01,0.5971867763245047,,0.7064831067636425,0.6518349415440736
베네수엘라,공용,2025-07-01,2.4287785843486924,,1.357584179435936,1.8931813818923142
베네수엘라,공용,2025-08-01,2.6327036795385883,,2.707802342740678,2.670253011139633
베네수엘라,공용,2025-09-01,2.010970721085266,,1.7017783267506053,1.8563745239179357
베네수엘라,공용,2025-10-01,0.9687372805403937,,1.2265304770165337,1.0976338787784636
베네수엘라,공용,2025-11-01,0.46743531936587296,,1.18446795572278,0.8259516375443264
베네수엘라,공용,2025-12-01,0.6332397432054113,,1.1689011031121592,0.9010704231587853
베네수엘라,공용,2026-01-01,1.4486939226969262,,1.81364268243313,1.631168302565028
베네수엘라,공용,2026-02-01,0.7664785693645156,,1.556097602310389,1.1612880858374524
베네수엘라,공용,2026-03-01,1.3293542985706355,,1.0664722386590082,1.1979132686148217
방글라데시,상용,2025-04-01,112.8511294447654,,88.15024975353461,100.50068959915001
방글라데시,상용,2025-05-01,110.34810251836937,,88.81550811075309,99.58180531456122
방글라데시,상용,2025-06-01,93.7607948740112,,85.40738139498013,89.58408813449566
방글라데시,상용,2025-07-01,103.14551221705155,,82.09536212144047,92.620437169246
방글라데시,상용,2025-08-01,93.53716571880747,,77.59016144535971,85.56366358208359
방글라데시,상용,2025-09-01,109.43401445822408,,88.39179160286335,98.91290303054372
방글라데시,상용,2025-10-01,143.78742899633937,,109.33228614281944,126.5598575695794
방글라데시,상용,2025-11-01,133.97804208676035,,105.55918373006324,119.7686129084118
방글라데시,상용,2025-12-01,110.4508700650687,,82.16290621075834,96.30688813791352
방글라데시,상용,2026-01-01,102.14592529622728,,76.52996232014227,89.33794380818478
방글라데시,상용,2026-02-01,98.80354423604331,,68.53400884814064,83.66877654209198
방글라데시,상용,2026-03-01,132.9028253340975,,85.53242377749348,109.2176245557955
방글라데시,유학연수,2025-04-01,71.43049493892184,,222.9547194977489,147.19260721833535
방글라데시,유학연수,2025-05-01,76.21383736722527,,246.99070581901643,161.60227159312086
방글라데시,유학연수,2025-06-01,83.07096292903385,,316.03379477729015,199.552378853162
방글라데시,유학연수,2025-07-01,190.91563372052758,,417.42708529150013,304.17135950601386
방글라데시,유학연수,2025-08-01,695.5107163757651,,500.06908188372165,597.7898991297434
방글라데시,유학연수,2025-09-01,486.5855620818897,,528.0490259068146,507.3172939943521
방글라데시,유학연수,2025-10-01,86.87854488261414,,203.97699812810527,145.42777150535971
방글라데시,유학연수,2025-11-01,97.7028160376414,,237.59957492066033,167.65119547915086
방글라데시,유학연수,2025-12-01,117.7640726966689,,272.7774160276674,195.27074436216816
방글라데시,유학연수,2026-01-01,268.6415353944202,,263.6932379885857,266.16738669150294
방글라데시,유학연수,2026-02-01,758.7842942512594,,518.598014846655,638.6911545489572
방글라데시,유학연수,2026-03-01,591.4780292541955,,519.0506463085258,555.2643377813606
베네수엘라,관광,2025-04-01,135.71142596831294,,113.5663552910575,124.63889062968522
베네수엘라,관광,2025-05-01,142.8687865836259,,116.83441718395451,129.8516018837902
베네수엘라,관광,2025-06-01,149.35498144428695,,116.22507825448011,132.79002984938353
베네수엘라,관광,2025-07-01,153.02272177164835,,111.52780090141958,132.27526133653396
베네수엘라,관광,2025-08-01,146.86714702617783,,125.20538936175097,136.03626819396442
베네수엘라,관광,2025-09-01,183.28097520197636,,112.27399509407297,147.77748514802465
베네수엘라,관광,2025-10-01,267.5387537344993,,177.88140357644224,222.7100786554708
베네수엘라,관광,2025-11-01,126.96731523764095,,73.55739664081369,100.26235593922732
베네수엘라,관광,2025-12-01,124.03716691435694,,77.59941632530285,100.81829161982989
베네수엘라,관광,2026-01-01,89.81893983976573,,62.68528345825642,76.25211164901108
베네수엘라,관광,2026-02-01,93.84160898572162,,84.20696960897857,89.0242892973501
베네수엘라,관광,2026-03-01,168.1352887054883,,105.28449478324424,136.70989174436627
베네수엘라,상용,2025-04-01,2.7251164701772277,,1.98963398148936,2.3573752258332936
베네수엘라,상용,2025-05-01,3.618824662372907,,1.20414436590278,2.411484514137843
베네수엘라,상용,2025-06-01,2.1670762470366878,,1.4344593481899126,1.8007677976133003
베네수엘라,상용,2025-07-01,2.295790033359802,,1.8524338848243653,2.0741119590920833
베네수엘라,상용,2025-08-01,3.841804088406047,,1.974233706939221,2.908018897672634
베네수엘라,상용,2025-09-01,2.735557388421213,,1.9581622209201868,2.3468598046707
베네수엘라,상용,2025-10-01,3.2645202310380395,,1.4061925919304732,2.3353564114842564
베네수엘라,상용,2025-11-01,1.8073250099539833,,0.8755427588080384,1.341433884381011
베네수엘라,상용,2025-12-01,1.6652960509561827,,0.7238917767991677,1.194593913877675
베네수엘라,상용,2026-01-01,4.90598505549203,,3.3742508240757463,4.140117939783888
베네수엘라,상용,2026-02-01,2.5475651603372804,,1.532374083210374,2.0399696217738272
베네수엘라,상용,2026-03-01,3.751713958526901,,1.7874598489286762,2.7695869037277885
베네수엘라,기타,2025-04-01,47.87282666746815,,42.010610483024166,44.941718575246156
베네수엘라,기타,2025-05-01,48.430126831420516,,41.95325876156099,45.191692796490756
베네수엘라,기타,2025-06-01,45.68053599082099,,43.173773285973795,44.4271546383974
베네수엘라,기타,2025-07-01,54.9114916106968,,48.54284285666349,51.72716723368015
베네수엘라,기타,2025-08-01,55.62785081529898,,51.422516407380364,53.52518361133967
베네수엘라,기타,2025-09-01,48.719611536794666,,43.92003009812934,46.319820817462
베네수엘라,기타,2025-10-01,53.30566468919195,,44.739685512334816,49.02267510076338
베네수엘라,기타,2025-11-01,43.86861326736436,,43.1618852759351,43.51524927164973
베네수엘라,기타,2025-12-01,46.75421704620869,,42.416401649977274,44.58530934809298
베네수엘라,기타,2026-01-01,59.476525329355354,,44.64275772899363,52.05964152917449
베네수엘라,기타,2026-02-01,45.9002605961058,,42.31073486611161,44.105497731108706
베네수엘라,기타,2026-03-01,55.383214913370345,,42.751049885787815,49.06713239957908
베네수엘라,유학연수,2025-04-01,1.275040114188354,,1.5721495021929894,1.4235948081906717
베네수엘라,유학연수,2025-05-01,1.8804928730084778,,1.5515975951024146,1.7160452340554462
베네수엘라,유학연수,2025-06-01,2.067378807737173,,1.6919207133128826,1.8796497605250277
베네수엘라,유학연수,2025-07-01,2.5951486105488613,,2.0313387950358024,2.313243702792332
베네수엘라,유학연수,2025-08-01,9.772187397062938,,8.434131474863479,9.103159435963208
베네수엘라,유학연수,2025-09-01,2.743229508272536,,0.9547368860382766,1.8489831971554063
베네수엘라,유학연수,2025-10-01,1.215893050778726,,0.9771632184196721,1.096528134599199
베네수엘라,유학연수,2025-11-01,2.732259860981172,,2.758441515165412,2.745350688073292
베네수엘라,유학연수,2025-12-01,2.041227714835973,,2.0014387705388668,2.0213332426874198
베네수엘라,유학연수,2026-01-01,5.850590301791267,,5.4985086098554525,5.67454945582336
베네수엘라,유학연수,2026-02-01,10.625127231286047,,5.247740984456438,7.936434107871243
베네수엘라,유학연수,2026-03-01,3.0836258755365686,,1.8579793244661147,2.470802600001342
베트남,공용,2025-04-01,305.7515332163086,,178.14009144676413,241.94581233153636
베트남,공용,2025-05-01,305.27095597898324,,189.05618152283338,247.16356875090833
베트남,공용,2025-06-01,408.64363983259665,,233.5460172045302,321.0948285185634
베트남,공용,2025-07-01,363.94516670827824,,213.35449705204525,288.64983188016174
베트남,공용,2025-08-01,348.2475850863749,,197.17609700193748,272.7118410441562
베트남,공용,2025-09-01,530.824482061114,,359.7697349181677,445.2971084896409
베트남,공용,2025-10-01,702.4940847488456,,521.7635492164077,612.1288169826266
베트남,공용,2025-11-01,595.4263123976426,,433.08956228563255,514.2579373416376
베트남,공용,2025-12-01,379.8340219738557,,260.9659304118442,320.39997619285
베트남,공용,2026-01-01,115.0687469919894,,72.35733199059945,93.71303949129442
베트남,공용,2026-02-01,115.169255426048,,62.844876420093954,89.00706592307097
베트남,공용,2026-03-01,221.79042676727914,,138.6187530401932,180.20458990373618
베트남,관광,2025-04-01,45720.07301881491,,34573.69445395062,40146.88373638276
베트남,관광,2025-05-01,29601.766636948087,,31169.3160067949,30385.541321871493
베트남,관광,2025-06-01,40862.632687737496,,32165.999395928862,36514.31604183318
베트남,관광,2025-07-01,38890.912730476215,,33621.28213316876,36256.09743182249
베트남,관광,2025-08-01,31573.535274456943,,27851.288379299316,29712.41182687813
베트남,관광,2025-09-01,32084.651094019144,,26961.507648792707,29523.079371405925
베트남,관광,2025-10-01,49765.40846624023,,41968.03848868062,45866.72347746043
베트남,관광,2025-11-01,35960.67744391428,,29076.063955690282,32518.370699802283
베트남,관광,2025-12-01,24183.98919135021,,17644.407017891528,20914.198104620868
베트남,관광,2026-01-01,17344.11489031884,,14288.714916689514,15816.414903504177
베트남,관광,2026-02-01,19640.496566060654,,17668.078413217045,18654.28748963885
베트남,관광,2026-03-01,32290.426997818275,,29966.28424241812,31128.3556201182
베트남,기타,2025-04-01,19138.09515672763,,16462.907419023122,17800.501287875377
베트남,기타,2025-05-01,18055.324486386122,,16100.578667932541,17077.951577159332
베트남,기타,2025-06-01,16624.202925644237,,15891.766652135424,16257.98478888983
베트남,기타,2025-07-01,17414.07704308632,,15581.723114449162,16497.90007876774
베트남,기타,2025-08-01,20608.469367965336,,15377.767461723975,17993.118414844655
베트남,기타,2025-09-01,17863.07051767693,,15047.957209327058,16455.513863501994
베트남,기타,2025-10-01,17284.8930239204,,15804.357914988625,16544.625469454513
베트남,기타,2025-11-01,15846.944727634836,,15629.306029855976,15738.125378745406
베트남,기타,2025-12-01,15807.372187783709,,14295.846304850811,15051.60924631726
베트남,기타,2026-01-01,14953.02779961011,,14836.893855506829,14894.960827558469
베트남,기타,2026-02-01,27683.847652298973,,18177.182047436683,22930.514849867828
베트남,기타,2026-03-01,25139.872192781324,,17322.3710330231,21231.121612902214
베트남,상용,2025-04-01,570.1000111081428,,399.7659423204788,484.9329767143108
베트남,상용,2025-05-01,542.3941600321251,,401.66847813090936,472.03131908151727
베트남,상용,2025-06-01,514.463093666625,,344.98528305997183,429.7241883632984
베트남,상용,2025-07-01,493.28442877887153,,266.9657694258765,380.125099102374
베트남,상용,2025-08-01,484.4035061868864,,252.43002593722724,368.4167660620568
베트남,상용,2025-09-01,543.7953988876876,,324.4448756789059,434.12013728329674
베트남,상용,2025-10-01,657.3483302348553,,422.6363501196973,539.9923401772763
베트남,상용,2025-11-01,666.2290382262221,,375.04596211499734,520.6375001706097
베트남,상용,2025-12-01,597.2352716568116,,249.79229071676755,423.5137811867896
베트남,상용,2026-01-01,455.40387202620855,,170.91575502916623,313.1598135276874
베트남,상용,2026-02-01,394.32906022415176,,212.7384273466041,303.53374378537796
베트남,상용,2026-03-01,575.5443042794558,,318.6064804699271,447.07539237469143
베트남,유학연수,2025-04-01,3454.214557918168,,5951.681300911388,4702.947929414778
베트남,유학연수,2025-05-01,3704.2932525296806,,2795.0152473387343,3249.6542499342077
베트남,유학연수,2025-06-01,6994.614140363445,,3857.1742281911247,5425.894184277285
베트남,유학연수,2025-07-01,6737.3163365763385,,4878.550684039209,5807.933510307774
베트남,유학연수,2025-08-01,8151.757602295609,,6090.450640087427,7121.104121191518
베트남,유학연수,2025-09-01,9176.364062251188,,6692.003341031858,7934.183701641523
베트남,유학연수,2025-10-01,2723.864615711506,,2849.710538886676,2786.787577299091
베트남,유학연수,2025-11-01,4120.517925718353,,4394.892747595646,4257.705336657
베트남,유학연수,2025-12-01,9271.340189696646,,6199.556560807592,7735.448375252119
베트남,유학연수,2026-01-01,4021.5968983854627,,2955.871474577406,3488.7341864814343
베트남,유학연수,2026-02-01,21105.82432643217,,16702.046429416478,18903.935377924325
베트남,유학연수,2026-03-01,14509.695474316419,,15346.688056763513,14928.191765539967
벨기에,공용,2025-04-01,6.1199945014531,,2.627902595255735,4.373948548354417
벨기에,공용,2025-05-01,8.613154146905512,,2.6229214863471446,5.6180378166263285
벨기에,공용,2025-06-01,5.018040230848529,,3.4491274855054126,4.233583858176971
벨기에,공용,2025-07-01,10.449146796873798,,7.027238845962212,8.738192821418005
벨기에,공용,2025-08-01,12.665779302500694,,9.828276952927936,11.247028127714316
벨기에,공용,2025-09-01,9.234477561420853,,7.439476062426688,8.33697681192377
벨기에,공용,2025-10-01,6.807778456040078,,5.24768149132615,6.027729973683114
벨기에,공용,2025-11-01,11.78341749814569,,4.785099929172798,8.284258713659245
벨기에,공용,2025-12-01,5.649337927552945,,4.168379151260263,4.908858539406603
벨기에,공용,2026-01-01,8.8673053764886,,4.038310318164308,6.452807847326454
벨기에,공용,2026-02-01,4.949985917894882,,3.9335892223943842,4.441787570144633
벨기에,공용,2026-03-01,12.603087803479674,,3.877748395800017,8.240418099639847
벨기에,관광,2025-04-01,2512.3036875878547,,1897.341161579756,2204.8224245838055
벨기에,관광,2025-05-01,2130.9090396654965,,1685.4633450629817,1908.186192364239
벨기에,관광,2025-06-01,1888.19204744951,,1428.2861855042588,1658.2391164768844
벨기에,관광,2025-07-01,2535.959410482559,,1477.1264326661285,2006.5429215743438
벨기에,관광,2025-08-01,1916.8519322382774,,1523.8115123944578,1720.3317223163676
벨기에,관광,2025-09-01,2573.928798202803,,1840.3848237587335,2207.1568109807686
벨기에,관광,2025-10-01,2878.4372164980837,,2070.2123128361127,2474.324764667098
벨기에,관광,2025-11-01,1931.845087447695,,1716.2482835319838,1824.0466854898395
벨기에,관광,2025-12-01,1265.264382847578,,1019.0153123092423,1142.1398475784101
벨기에,관광,2026-01-01,1107.3457866369617,,676.9714342819191,892.1586104594404
벨기에,관광,2026-02-01,1227.676441374265,,569.5307531611232,898.6035972676941
벨기에,관광,2026-03-01,2235.1193483345755,,1383.9930028301942,1809.5561755823849
벨기에,기타,2025-04-01,186.85926335382612,,159.41273857873225,173.1360009662792
벨기에,기타,2025-05-01,205.14849579900047,,161.22214818405868,183.18532199152958
벨기에,기타,2025-06-01,171.96108245458385,,164.1145586156405,168.0378205351122
벨기에,기타,2025-07-01,175.28328223588636,,164.5823329022792,169.9328075690828
벨기에,기타,2025-08-01,207.74223357667864,,184.16872094012675,195.9554772584027
벨기에,기타,2025-09-01,178.4888260484311,,179.22945546157453,178.8591407550028
벨기에,기타,2025-10-01,219.75351628431227,,183.1454502669502,201.44948327563122
벨기에,기타,2025-11-01,170.4093103463984,,169.97789537298334,170.19360285969088
벨기에,기타,2025-12-01,174.33266889761717,,162.65204485659933,168.49235687710825
벨기에,기타,2026-01-01,212.3231013094252,,190.0744591321501,201.19878022078765
벨기에,기타,2026-02-01,175.39157751884758,,159.87536143457237,167.63346947671
벨기에,기타,2026-03-01,205.74709068022935,,150.04715998229543,177.89712533126237
벨기에,상용,2025-04-01,19.53884965284555,,19.38618185672418,19.462515754784864
벨기에,상용,2025-05-01,20.681958558027905,,20.41344636841749,20.5477024632227
벨기에,상용,2025-06-01,20.224678595092417,,19.98207170250147,20.103375148796943
벨기에,상용,2025-07-01,19.542516127927886,,19.663905296715928,19.603210712321907
벨기에,상용,2025-08-01,23.53795019288479,,22.03400913751865,22.785979665201722
벨기에,상용,2025-09-01,23.296378068393686,,22.61681876060237,22.95659841449803
벨기에,상용,2025-10-01,21.65263223750067,,22.2909263498365,21.971779293668583
벨기에,상용,2025-11-01,22.88831646422644,,20.87850209839152,21.883409281308978
벨기에,상용,2025-12-01,20.375835013493997,,17.559558560697024,18.967696787095512
벨기에,상용,2026-01-01,30.14739393543449,,24.09240213920081,27.11989803731765
벨기에,상용,2026-02-01,20.365158843291393,,18.780252412868613,19.57270562808
벨기에,상용,2026-03-01,22.91285710720556,,19.998738850116176,21.45579797866087
벨기에,유학연수,2025-04-01,3.761279958149199,,9.11716836087699,6.439224159513095
벨기에,유학연수,2025-05-01,19.60609899822304,,11.266219962813164,15.436159480518102
벨기에,유학연수,2025-06-01,14.04709583012564,,13.113949656575857,13.580522743350748
벨기에,유학연수,2025-07-01,18.16153873953241,,13.864814750433982,16.0131767449832
벨기에,유학연수,2025-08-01,156.54777797311166,,125.60750508279773,141.0776415279547
벨기에,유학연수,2025-09-01,15.737863799393905,,14.87703993133237,15.307451865363138
벨기에,유학연수,2025-10-01,12.736701046995215,,8.76081832850547,10.748759687750344
벨기에,유학연수,2025-11-01,43.13369946141042,,52.86837440041239,48.00103693091141
벨기에,유학연수,2025-12-01,28.934401623799786,,57.07280580354968,43.003603713674735
벨기에,유학연수,2026-01-01,27.954578257752857,,22.445948247872767,25.20026325281281
벨기에,유학연수,2026-02-01,82.01550552711046,,76.56350250076136,79.28950401393591
벨기에,유학연수,2026-03-01,12.302013582271725,,9.203800240626537,10.75290691144913
불가리아,공용,2025-04-01,1.1102983565518822,,0.7257203789829512,0.9180093677674167
불가리아,공용,2025-05-01,0.8811773276294663,,0.762586884843793,0.8218821062366297
불가리아,공용,2025-06-01,0.47621835643221433,,0.843602140722281,0.6599102485772477
불가리아,공용,2025-07-01,1.042288818865671,,0.9192076947287207,0.9807482567971958
불가리아,공용,2025-08-01,0.7963421752912656,,2.7397767118398284,1.768059443565547
불가리아,공용,2025-09-01,3.5362536015457193,,1.7213728619716702,2.628813231758695
불가리아,공용,2025-10-01,0.6910441571371734,,0.8169423945826184,0.753993275859896
불가리아,공용,2025-11-01,0.9523362084014425,,1.0559748807340246,1.0041555445677335
불가리아,공용,2025-12-01,1.0345022186326174,,1.2604077376021383,1.147454978117378
불가리아,공용,2026-01-01,0.7222899979480901,,0.6613017511764299,0.69179587456226
불가리아,공용,2026-02-01,0.5574724272575565,,0.9004888023223082,0.7289806147899324
불가리아,공용,2026-03-01,0.7628149457131868,,0.8711024006422289,0.8169586731777079
불가리아,관광,2025-04-01,617.8512194485206,,688.7039109855225,653.2775652170216
불가리아,관광,2025-05-01,574.9382120943598,,471.60590535823417,523.272058726297
불가리아,관광,2025-06-01,429.4032998612572,,276.55660710627274,352.979953483765
불가리아,관광,2025-07-01,486.74327437874416,,227.59603059553172,357.1696524871379
불가리아,관광,2025-08-01,505.86418439088584,,256.80887498082336,381.3365296858546
불가리아,관광,2025-09-01,686.211822806144,,472.37054663576873,579.2911847209564
불가리아,관광,2025-10-01,722.8365075000684,,572.653075185749,647.7447913429087
불가리아,관광,2025-11-01,476.46577611153054,,349.0742637790336,412.77001994528206
불가리아,관광,2025-12-01,332.22991447117505,,211.06049569069995,271.6452050809375
불가리아,관광,2026-01-01,359.1974824692379,,176.7555858876856,267.97653417846175
불가리아,관광,2026-02-01,301.3580272348666,,352.0665610078561,326.7122941213613
불가리아,관광,2026-03-01,691.9418953929196,,740.7088339639058,716.3253646784127
불가리아,기타,2025-04-01,164.37521098501665,,155.18597459225947,159.78059278863805
불가리아,기타,2025-05-01,146.51036632778244,,150.88863007503815,148.69949820141028
불가리아,기타,2025-06-01,146.31763441223302,,161.97353165089328,154.14558303156315
불가리아,기타,2025-07-01,146.56947959246781,,170.56303279304646,158.56625619275712
불가리아,기타,2025-08-01,145.21220852498757,,171.81830878718924,158.5152586560884
불가리아,기타,2025-09-01,146.20451149286905,,160.07153882214743,153.13802515750825
불가리아,기타,2025-10-01,151.91012146362812,,152.46010083147533,152.1851111475517
불가리아,기타,2025-11-01,126.71958057963268,,145.58529506092725,136.15243782027997
불가리아,기타,2025-12-01,140.27898653900118,,128.4631414094186,134.3710639742099
불가리아,기타,2026-01-01,132.95606100428674,,105.650379008642,119.30322000646437
불가리아,기타,2026-02-01,131.61382189818266,,110.51635530876428,121.06508860347347
불가리아,기타,2026-03-01,148.04358686663662,,156.22728639319436,152.1354366299155
불가리아,상용,2025-04-01,1.2139123661521214,,0.8376728042997199,1.0257925852259207
불가리아,상용,2025-05-01,1.798155850907036,,1.1514292122253507,1.4747925315661932
불가리아,상용,2025-06-01,1.3577060824519345,,1.3002463380051552,1.3289762102285447
불가리아,상용,2025-07-01,1.236338954442568,,1.0480614332047862,1.142200193823677
불가리아,상용,2025-08-01,1.241457000855556,,1.695563367559996,1.468510184207776
불가리아,상용,2025-09-01,1.4477921429047635,,2.365912357860338,1.906852250382551
불가리아,상용,2025-10-01,1.4301462390338826,,1.9724305496072063,1.7012883943205446
불가리아,상용,2025-11-01,1.1721110347899213,,1.2121568976510528,1.192133966220487
불가리아,상용,2025-12-01,0.9490701392641909,,1.0502010847746357,0.9996356120194133
불가리아,상용,2026-01-01,1.281620336475398,,1.5450643692547752,1.4133423528650866
불가리아,상용,2026-02-01,0.8946646627664467,,1.043426161789413,0.9690454122779298
불가리아,상용,2026-03-01,1.0209590506851687,,0.9174705776396823,0.9692148141624255
불가리아,유학연수,2025-04-01,2.453807295122589,,3.726428757214167,3.090118026168378
불가리아,유학연수,2025-05-01,5.6877702807675465,,3.769684936633414,4.72872760870048
불가리아,유학연수,2025-06-01,6.193039004031211,,3.8212299943084886,5.007134499169849
불가리아,유학연수,2025-07-01,6.919648905446695,,3.862209157022333,5.3909290312345135
불가리아,유학연수,2025-08-01,47.75220834751798,,28.025907285644433,37.88905781658121
불가리아,유학연수,2025-09-01,8.967009450844643,,4.181036842967372,6.574023146906008
불가리아,유학연수,2025-10-01,2.6741672180464944,,4.0528094793025105,3.3634883486745024
불가리아,유학연수,2025-11-01,5.07855150842179,,4.280227467487692,4.679389487954741
불가리아,유학연수,2025-12-01,5.437542237592878,,4.018560385233797,4.728051311413338
불가리아,유학연수,2026-01-01,14.689755848474043,,10.173973709926052,12.431864779200048
불가리아,유학연수,2026-02-01,37.00415615074673,,26.971973119347155,31.988064635046943
불가리아,유학연수,2026-03-01,6.022311158733925,,3.5856011733183575,4.803956166026142
브라질,공용,2025-04-01,8.168650559156223,,7.75601631174274,7.962333435449482
브라질,공용,2025-05-01,9.883175702486925,,7.944529722977029,8.913852712731977
브라질,공용,2025-06-01,17.747406543572964,,8.313683210492453,13.030544877032709
브라질,공용,2025-07-01,13.250722271452567,,8.673292504209346,10.962007387830957
브라질,공용,2025-08-01,26.441888822007932,,8.454830518408757,17.448359670208344
브라질,공용,2025-09-01,26.7177161774042,,8.839272657048424,17.778494417226312
브라질,공용,2025-10-01,20.323803319210874,,7.94930751544664,14.136555417328758
브라질,공용,2025-11-01,26.46338636562459,,7.197742834751082,16.830564600187834
브라질,공용,2025-12-01,2.45300443215518,,6.821369381216953,4.6371869066860665
브라질,공용,2026-01-01,7.635712651699526,,5.501822609690011,6.568767630694769
브라질,공용,2026-02-01,9.263871259282041,,5.347197130073486,7.305534194677763
브라질,공용,2026-03-01,11.580994338010969,,5.451854975510938,8.516424656760954
브라질,관광,2025-04-01,3351.304937636893,,2873.124795872183,3112.214866754538
브라질,관광,2025-05-01,3231.141588051125,,2435.6269342716732,2833.384261161399
브라질,관광,2025-06-01,2830.792556623299,,2085.101864547235,2457.947210585267
브라질,관광,2025-07-01,3080.8567889196684,,1983.7884041459686,2532.3225965328184
브라질,관광,2025-08-01,2615.2092438101113,,2108.592889824376,2361.9010668172436
브라질,관광,2025-09-01,3139.8727604756837,,2905.6826046052265,3022.7776825404553
브라질,관광,2025-10-01,4359.971626928084,,3011.956868388069,3685.9642476580766
브라질,관광,2025-11-01,3243.022172513013,,3184.205249603633,3213.613711058323
브라질,관광,2025-12-01,2914.5452133550652,,2932.9297616751164,2923.737487515091
브라질,관광,2026-01-01,2503.4299014122635,,2470.857532968377,2487.1437171903203
브라질,관광,2026-02-01,2186.261059510608,,2009.480334295572,2097.87069690309
브라질,관광,2026-03-01,3620.4652558967155,,3052.3108919391916,3336.3880739179535
브라질,기타,2025-04-01,526.2042525009538,,368.6537111583313,447.42898182964257
브라질,기타,2025-05-01,666.2758680788446,,379.6001239410326,522.9379960099386
브라질,기타,2025-06-01,598.0204729982789,,374.30532468054236,486.1628988394107
브라질,기타,2025-07-01,577.9427777768187,,358.35693119538996,468.14985448610435
브라질,기타,2025-08-01,621.3746473672206,,365.6737733163324,493.52421034177655
브라질,기타,2025-09-01,589.9915417650085,,364.5097728634155,477.250657314212
브라질,기타,2025-10-01,644.723922919019,,390.493391450574,517.6086571847965
브라질,기타,2025-11-01,549.1942650944177,,338.70157584452056,443.9479204694691
브라질,기타,2025-12-01,458.6871176920914,,243.73616826447667,351.21164297828403
브라질,기타,2026-01-01,601.502404647296,,344.3016479393047,472.9020262933003
브라질,기타,2026-02-01,558.1808546017011,,325.97929922668413,442.0800769141926
브라질,기타,2026-03-01,622.7587606376636,,304.7745761892554,463.7666684134595
브라질,상용,2025-04-01,59.137333303301226,,49.90382022324013,54.52057676327068
브라질,상용,2025-05-01,73.7391866111411,,44.349887409264014,59.04453701020255
브라질,상용,2025-06-01,57.954535131157066,,39.09110417782183,48.52281965448945
브라질,상용,2025-07-01,52.86816151464706,,35.66592982971197,44.26704567217952
브라질,상용,2025-08-01,83.86265311484797,,60.50933899979287,72.18599605732042
브라질,상용,2025-09-01,68.86050293975931,,66.56275143407905,67.71162718691917
브라질,상용,2025-10-01,60.31430438770655,,49.6868810057795,55.00059269674303
브라질,상용,2025-11-01,57.38262616468179,,48.60174288701669,52.99218452584924
브라질,상용,2025-12-01,56.18340743861343,,63.03470056899596,59.609054003804694
브라질,상용,2026-01-01,102.04653522684367,,103.77079335259177,102.90866428971772
브라질,상용,2026-02-01,63.976206313059016,,68.58737498710505,66.28179065008203
브라질,상용,2026-03-01,78.30621984525686,,75.34165020307995,76.8239350241684
브라질,유학연수,2025-04-01,15.773431526738149,,22.912200422029827,19.34281597438399
브라질,유학연수,2025-05-01,30.326080783890607,,24.498242013364873,27.412161398627738
브라질,유학연수,2025-06-01,40.85273490501377,,27.442346910408574,34.147540907711175
브라질,유학연수,2025-07-01,34.31127082730784,,34.79087897311602,34.55107490021193
브라질,유학연수,2025-08-01,151.47884480136744,,122.88831218132452,137.183578491346
브라질,유학연수,2025-09-01,29.089513131525795,,24.56490587460178,26.827209503063788
브라질,유학연수,2025-10-01,16.45858973924408,,23.298933435121345,19.878761587182712
브라질,유학연수,2025-11-01,27.28045697595771,,22.3144254435233,24.797441209740505
브라질,유학연수,2025-12-01,30.42257127404472,,22.295011409144504,26.35879134159461
브라질,유학연수,2026-01-01,73.05467914815938,,59.286720753061886,66.17069995061064
브라질,유학연수,2026-02-01,120.30584964366138,,105.29995499236229,112.80290231801183
브라질,유학연수,2026-03-01,39.08411557647535,,23.525766902708735,31.30494123959204
사우디아라비아,공용,2025-04-01,10.612623946574526,,9.478396373548888,10.045510160061706
사우디아라비아,공용,2025-05-01,15.85312549567101,,14.701199241065632,15.277162368368321
사우디아라비아,공용,2025-06-01,19.525665389847866,,19.527217756428875,19.52644157313837
사우디아라비아,공용,2025-07-01,31.85496446721445,,18.9877820428427,25.421373255028577
사우디아라비아,공용,2025-08-01,16.50502138191345,,12.077993107773397,14.291507244843423
사우디아라비아,공용,2025-09-01,19.922911555395736,,15.401100828905733,17.662006192150734
사우디아라비아,공용,2025-10-01,16.330917677329825,,10.822482812078885,13.576700244704355
사우디아라비아,공용,2025-11-01,14.309691516230501,,10.291350293071703,12.300520904651101
사우디아라비아,공용,2025-12-01,7.239321576852416,,8.685337066328882,7.96232932159065
사우디아라비아,공용,2026-01-01,23.10208988381339,,10.145252840328155,16.623671362070773
사우디아라비아,공용,2026-02-01,17.2895219071943,,9.681058586940154,13.485290247067226
사우디아라비아,공용,2026-03-01,14.321606626096772,,9.46920664918622,11.895406637641496
사우디아라비아,관광,2025-04-01,2233.8959715229926,,622.4012661439986,1428.1486188334957
사우디아라비아,관광,2025-05-01,2021.91906380907,,751.2598371193019,1386.589450464186
사우디아라비아,관광,2025-06-01,3823.0149433423776,,1518.7777301771748,2670.896336759776
사우디아라비아,관광,2025-07-01,3995.421055515735,,2805.700142967001,3400.560599241368
사우디아라비아,관광,2025-08-01,3064.068317287043,,1406.7089426887037,2235.388629987873
사우디아라비아,관광,2025-09-01,2251.7773671176883,,884.2614148501593,1568.0193909839238
사우디아라비아,관광,2025-10-01,2306.287546655622,,1235.6972462003573,1770.9923964279897
사우디아라비아,관광,2025-11-01,2730.1397115494465,,1296.206661969939,2013.1731867596927
사우디아라비아,관광,2025-12-01,1326.3176398633916,,817.5490788643829,1071.9333593638871
사우디아라비아,관광,2026-01-01,1268.556171476793,,657.5821053446268,963.0691384107099
사우디아라비아,관광,2026-02-01,1142.4210528613767,,573.4504588463994,857.935755853888
사우디아라비아,관광,2026-03-01,1686.3546174148846,,508.7396744969569,1097.5471459559208
사우디아라비아,기타,2025-04-01,107.21218753246553,,34.550564876426975,70.88137620444625
사우디아라비아,기타,2025-05-01,113.62618913431712,,36.65662903587369,75.1414090850954
사우디아라비아,기타,2025-06-01,122.73363207365051,,41.54832168192059,82.14097687778555
사우디아라비아,기타,2025-07-01,114.70098343354732,,49.30672579619346,82.00385461487039
사우디아라비아,기타,2025-08-01,179.29535380378005,,71.28573379098435,125.2905437973822
사우디아라비아,기타,2025-09-01,126.19180446513089,,54.63546511578359,90.41363479045724
사우디아라비아,기타,2025-10-01,111.60257965021596,,50.217590825763274,80.91008523798962
사우디아라비아,기타,2025-11-01,149.33845497922007,,47.87879885582871,98.60862691752439
사우디아라비아,기타,2025-12-01,121.71782694793473,,48.417934196737086,85.06788057233591
사우디아라비아,기타,2026-01-01,153.83377562046974,,63.82517049392071,108.82947305719523
사우디아라비아,기타,2026-02-01,120.5434140096987,,56.6592211313023,88.6013175705005
사우디아라비아,기타,2026-03-01,111.90844798706051,,43.93451067496215,77.92147933101133
사우디아라비아,상용,2025-04-01,41.45190592832645,,57.235161297039014,49.343533612682734
사우디아라비아,상용,2025-05-01,44.83080539331656,,67.62801055286936,56.22940797309296
사우디아라비아,상용,2025-06-01,40.11574514625296,,67.60233681458388,53.85904098041842
사우디아라비아,상용,2025-07-01,32.323945424955326,,55.99993997495598,44.16194269995565
사우디아라비아,상용,2025-08-01,40.714882941962486,,54.79026755466242,47.75257524831245
사우디아라비아,상용,2025-09-01,40.9186617431672,,53.562379650925685,47.24052069704644
사우디아라비아,상용,2025-10-01,49.33209181812928,,60.87105811334645,55.10157496573787
사우디아라비아,상용,2025-11-01,43.56937423672452,,62.62076450580416,53.095069371264344
사우디아라비아,상용,2025-12-01,43.355977587762844,,65.12188789624247,54.23893274200266
사우디아라비아,상용,2026-01-01,48.142599016630946,,66.95762502121352,57.550112018922235
사우디아라비아,상용,2026-02-01,44.87255834787104,,70.31936927961213,57.59596381374159
사우디아라비아,상용,2026-03-01,46.03051818685592,,69.25385010955385,57.64218414820489
사우디아라비아,유학연수,2025-04-01,14.438504586126076,,33.30854963456049,23.873527110343282
사우디아라비아,유학연수,2025-05-01,19.287590331939544,,22.256248474367048,20.771919403153298
사우디아라비아,유학연수,2025-06-01,28.278168392009164,,22.180621246362676,25.22939481918592
사우디아라비아,유학연수,2025-07-01,34.54701165209137,,24.543401207363193,29.54520642972728
사우디아라비아,유학연수,2025-08-01,131.63231272039368,,85.37298178420895,108.50264725230132
사우디아라비아,유학연수,2025-09-01,66.99930670696963,,71.46042924649716,69.2298679767334
사우디아라비아,유학연수,2025-10-01,18.89955070030396,,48.01939292004052,33.45947181017224
사우디아라비아,유학연수,2025-11-01,22.254910590516516,,49.919571518381915,36.087241054449215
사우디아라비아,유학연수,2025-12-01,30.51308018697966,,41.25526684484109,35.884173515910376
사우디아라비아,유학연수,2026-01-01,38.03464324428314,,56.991968065410305,47.51330565484672
사우디아라비아,유학연수,2026-02-01,122.55627688792288,,58.17038685433559,90.36333187112923
사우디아라비아,유학연수,2026-03-01,72.9271064280081,,53.30023977820795,63.11367310310803
스리랑카,공용,2025-04-01,8.132011973173752,,4.580488147402396,6.356250060288074
스리랑카,공용,2025-05-01,4.579219274716974,,5.754060060734085,5.16663966772553
스리랑카,공용,2025-06-01,8.033655236906572,,6.950254569685205,7.4919549032958885
스리랑카,공용,2025-07-01,4.449235583839678,,5.895799818297143,5.1725177010684105
스리랑카,공용,2025-08-01,5.77764393468932,,7.716142944914907,6.746893439802113
스리랑카,공용,2025-09-01,5.368916352241838,,9.161964538232873,7.265440445237355
스리랑카,공용,2025-10-01,3.7601881029816173,,6.807368178942917,5.2837781409622675
스리랑카,공용,2025-11-01,12.600750079472586,,5.468240310759418,9.034495195116001
스리랑카,공용,2025-12-01,1.6706388707386493,,2.8878834768758206,2.279261173807235
스리랑카,공용,2026-01-01,1.9361934673109042,,2.828419198978074,2.382306333144489
스리랑카,공용,2026-02-01,3.0262223012923974,,2.7015968996242776,2.8639096004583378
스리랑카,공용,2026-03-01,4.7004717258781135,,3.8375851532773515,4.269028439577733
스리랑카,관광,2025-04-01,409.5792229614841,,354.5323574548427,382.05579020816344
스리랑카,관광,2025-05-01,472.37020611506387,,341.9777972290757,407.1740016720698
스리랑카,관광,2025-06-01,502.3603065814201,,291.1336451799932,396.74697588070666
스리랑카,관광,2025-07-01,408.84716450441596,,292.38931586523734,350.6182401848266
스리랑카,관광,2025-08-01,481.11651443113607,,407.17823541065457,444.14737492089534
스리랑카,관광,2025-09-01,658.3995175933525,,458.713813086942,558.5566653401472
스리랑카,관광,2025-10-01,629.4155227406613,,469.94535927683836,549.6804410087499
스리랑카,관광,2025-11-01,452.46436100703164,,348.9907559605008,400.7275584837662
스리랑카,관광,2025-12-01,313.4195268120032,,237.99199885091755,275.7057628314604
스리랑카,관광,2026-01-01,283.160918322647,,194.06552426014701,238.613221291397
스리랑카,관광,2026-02-01,295.82660047658163,,198.92017697370284,247.37338872514223
스리랑카,관광,2026-03-01,381.4466017493885,,230.36433521206914,305.9054684807288
스리랑카,기타,2025-04-01,2294.2984399357056,,1969.4122173473638,2131.8553286415345
스리랑카,기타,2025-05-01,3108.0283803839943,,1951.4229217315121,2529.725651057753
스리랑카,기타,2025-06-01,2667.9273403581556,,1881.3955223216944,2274.661431339925
스리랑카,기타,2025-07-01,2714.0916784668234,,1797.1489426584321,2255.6203105626278
스리랑카,기타,2025-08-01,2723.8565997736628,,2059.2590757934836,2391.557837783573
스리랑카,기타,2025-09-01,2745.598708120842,,2109.9547680799956,2427.7767381004187
스리랑카,기타,2025-10-01,2288.2496026213544,,1654.2383416078424,1971.2439721145984
스리랑카,기타,2025-11-01,2002.555380697685,,1486.6907115352028,1744.623046116444
스리랑카,기타,2025-12-01,2256.8214465766814,,1693.357463944802,1975.0894552607417
스리랑카,기타,2026-01-01,2735.5959160602997,,2169.0296243816765,2452.312770220988
스리랑카,기타,2026-02-01,2619.7471490953367,,2109.306560567985,2364.526854831661
스리랑카,기타,2026-03-01,2790.48623491724,,2026.8900852037286,2408.6881600604843
스리랑카,유학연수,2025-04-01,23.00308298875367,,197.34118400114505,110.17213349494936
스리랑카,유학연수,2025-05-01,31.39503829071786,,191.37299827029534,111.3840182805066
스리랑카,유학연수,2025-06-01,46.871565668734526,,171.508213247974,109.18988945835426
스리랑카,유학연수,2025-07-01,54.59510067055801,,152.67844381477937,103.63677224266868
스리랑카,유학연수,2025-08-01,180.80453268244935,,204.92367137572396,192.86410202908667
스리랑카,유학연수,2025-09-01,138.09192663658823,,205.01071723398408,171.55132193528615
스리랑카,유학연수,2025-10-01,29.286744545670853,,212.7906212107245,121.03868287819768
스리랑카,유학연수,2025-11-01,28.806853965765747,,220.19514377830646,124.5009988720361
스리랑카,유학연수,2025-12-01,47.346495878938185,,213.80908365520264,130.5777897670704
스리랑카,유학연수,2026-01-01,72.15659129700292,,213.7441538836451,142.950372590324
스리랑카,유학연수,2026-02-01,163.44919522449172,,222.90850268554058,193.17884895501615
스리랑카,유학연수,2026-03-01,174.88707599732956,,231.2236208943578,203.05534844584366
스리랑카,상용,2025-04-01,51.165023991996655,,46.17436886077483,48.66969642638574
스리랑카,상용,2025-05-01,55.51818469430282,,45.71834353765954,50.61826411598118
스리랑카,상용,2025-06-01,49.54053867753626,,41.68579732226938,45.61316799990282
스리랑카,상용,2025-07-01,41.77033297127775,,35.091001958275086,38.43066746477642
스리랑카,상용,2025-08-01,47.636395320790825,,37.43614378193847,42.53626955136465
스리랑카,상용,2025-09-01,61.30358477363686,,52.34068198522051,56.822133379428685
스리랑카,상용,2025-10-01,72.23950116511824,,60.804702350889976,66.52210175800411
스리랑카,상용,2025-11-01,67.76570147519327,,60.49648667042518,64.13109407280922
스리랑카,상용,2025-12-01,39.9880312528733,,36.1492416243693,38.0686364386213
스리랑카,상용,2026-01-01,36.85054482843564,,34.20822177259693,35.52938330051629
스리랑카,상용,2026-02-01,48.83077085197,,42.20011604082121,45.51544344639561
스리랑카,상용,2026-03-01,60.49425908857838,,53.59437608312633,57.044317585852355
스웨덴,공용,2025-04-01,6.08454058693407,,4.677098382772035,5.380819484853053
스웨덴,공용,2025-05-01,5.164991835807384,,4.680464014973979,4.9227279253906815
스웨덴,공용,2025-06-01,4.259409789976126,,6.156730679401369,5.208070234688748
스웨덴,공용,2025-07-01,4.943899746763245,,5.725597857369676,5.334748802066461
스웨덴,공용,2025-08-01,3.946564778031949,,6.205258079506248,5.075911428769099
스웨덴,공용,2025-09-01,1.9933942005721004,,3.2794327569682964,2.6364134787701983
스웨덴,공용,2025-10-01,5.904618669249048,,5.353569034360734,5.629093851804891
스웨덴,공용,2025-11-01,4.551896214084431,,5.431737739221306,4.991816976652869
스웨덴,공용,2025-12-01,3.9995470785515037,,5.530257607841822,4.764902343196663
스웨덴,공용,2026-01-01,5.4814734394498,,7.264776723739702,6.373125081594751
스웨덴,공용,2026-02-01,3.9619517330987915,,5.716624769490216,4.839288251294503
스웨덴,공용,2026-03-01,4.653759767184935,,8.56752574975596,6.610642758470448
스웨덴,관광,2025-04-01,2478.539268008825,,1553.5679439322917,2016.0536059705582
스웨덴,관광,2025-05-01,2201.7686759370763,,1572.7309692940798,1887.249822615578
스웨덴,관광,2025-06-01,2701.1101022145026,,1552.6599977185888,2126.885049966546
스웨덴,관광,2025-07-01,2257.0152595838917,,1107.4275215433752,1682.2213905636336
스웨덴,관광,2025-08-01,1683.9945016936201,,932.490353117319,1308.2424274054697
스웨덴,관광,2025-09-01,2435.5229166660474,,1556.108691483103,1995.8158040745752
스웨덴,관광,2025-10-01,3282.8180444817735,,1926.513627839911,2604.6658361608424
스웨덴,관광,2025-11-01,2340.7685466803487,,1415.5020296954176,1878.1352881878831
스웨덴,관광,2025-12-01,1747.5530678371458,,1057.4048332697841,1402.478950553465
스웨덴,관광,2026-01-01,1448.1029120446606,,832.4835339114895,1140.293222978075
스웨덴,관광,2026-02-01,1596.6669024472765,,923.7624209896045,1260.2146617184405
스웨덴,관광,2026-03-01,2543.575971333013,,1334.3248188256753,1938.9503950793442
스웨덴,상용,2025-04-01,16.456046722219895,,10.864313847468207,13.660180284844051
스웨덴,상용,2025-05-01,17.563603659003057,,11.753824630005635,14.658714144504346
스웨덴,상용,2025-06-01,15.419009100644331,,12.804378503022477,14.111693801833404
스웨덴,상용,2025-07-01,13.220861555794835,,13.658947403847858,13.439904479821347
스웨덴,상용,2025-08-01,19.86989465673495,,18.31658690687413,19.09324078180454
스웨덴,상용,2025-09-01,17.668966946732464,,15.188565088505307,16.428766017618884
스웨덴,상용,2025-10-01,17.958918600542543,,11.6604963724388,14.809707486490671
스웨덴,상용,2025-11-01,17.164758089168714,,11.494390730883946,14.32957441002633
스웨덴,상용,2025-12-01,13.195598139741213,,10.762168527596891,11.978883333669053
스웨덴,상용,2026-01-01,21.80117219960685,,17.991984869314866,19.896578534460858
스웨덴,상용,2026-02-01,16.738137535972914,,10.322302224359152,13.530219880166033
스웨덴,상용,2026-03-01,18.167010728250183,,10.092680840479169,14.129845784364676
스웨덴,기타,2025-04-01,172.23768607329225,,96.49586480011807,134.36677543670515
스웨덴,기타,2025-05-01,124.25654135756524,,100.48353616350173,112.37003876053348
스웨덴,기타,2025-06-01,140.2311539019695,,110.16495344952077,125.19805367574513
스웨덴,기타,2025-07-01,153.99110173167105,,116.38947263850325,135.19028718508716
스웨덴,기타,2025-08-01,167.56723750588247,,124.37489155412668,145.97106453000458
스웨덴,기타,2025-09-01,145.38896816492604,,119.13437763607146,132.26167290049875
스웨덴,기타,2025-10-01,142.4115647799922,,113.29564990822588,127.85360734410904
스웨덴,기타,2025-11-01,139.0945043859127,,114.20154638296879,126.64802538444074
스웨덴,기타,2025-12-01,112.74150585959562,,98.96411794199318,105.85281190079439
스웨덴,기타,2026-01-01,150.11441435214627,,122.74414531136229,136.4292798317543
스웨덴,기타,2026-02-01,130.11463322834368,,134.5647515120629,132.3396923702033
스웨덴,기타,2026-03-01,135.1740817279931,,176.65118699526653,155.9126343616298
스웨덴,유학연수,2025-04-01,15.861309535294858,,17.1387153666543,16.50001245097458
스웨덴,유학연수,2025-05-01,39.179739104290505,,20.059374222229366,29.619556663259935
스웨덴,유학연수,2025-06-01,22.21556794048375,,13.045887479157102,17.630727709820427
스웨덴,유학연수,2025-07-01,16.64045743406473,,7.50587778223781,12.07316760815127
스웨덴,유학연수,2025-08-01,240.10074083166973,,183.37117309602186,211.7359569638458
스웨덴,유학연수,2025-09-01,35.157732182105605,,30.994845819482777,33.07628900079419
스웨덴,유학연수,2025-10-01,34.90091504400395,,27.50738337443209,31.204149209218023
스웨덴,유학연수,2025-11-01,78.61048308473823,,69.00262578075092,73.80655443274458
스웨덴,유학연수,2025-12-01,42.42674093836424,,41.011636423213545,41.71918868078889
스웨덴,유학연수,2026-01-01,34.92938185934555,,25.600039548637348,30.264710703991447
스웨덴,유학연수,2026-02-01,118.03961192373963,,89.41579795649312,103.72770494011638
스웨덴,유학연수,2026-03-01,27.44424290036788,,11.91763901380899,19.680940957088435
스위스,공용,2025-04-01,3.637624994539595,,1.5517346355648103,2.594679815052203
스위스,공용,2025-05-01,2.8067487535229354,,1.3832385186525775,2.0949936360877564
스위스,공용,2025-06-01,3.002699892240735,,1.278667972917709,2.140683932579222
스위스,공용,2025-07-01,3.2079258589142694,,1.1846563931635659,2.1962911260389175
스위스,공용,2025-08-01,1.6047785164024253,,1.1135931667155163,1.3591858415589708
스위스,공용,2025-09-01,3.2194680298654195,,2.083857214013368,2.6516626219393937
스위스,공용,2025-10-01,3.155064832863037,,1.454505259603211,2.304785046233124
스위스,공용,2025-11-01,4.467809438774203,,1.7346371242262553,3.101223281500229
스위스,공용,2025-12-01,2.102076297097021,,1.9729591913313247,2.0375177442141728
스위스,공용,2026-01-01,3.71509887560882,,2.276958751770601,2.99602881368971
스위스,공용,2026-02-01,2.7705203666987814,,2.2936381271592374,2.532079246929009
스위스,공용,2026-03-01,2.2185219568780914,,2.0864520769303283,2.15248701690421
스위스,관광,2025-04-01,3563.675452482478,,3118.862079835869,3341.2687661591735
스위스,관광,2025-05-01,2866.5368889536367,,2595.573293755167,2731.055091354402
스위스,관광,2025-06-01,2328.565753515839,,1733.6930614019034,2031.1294074588711
스위스,관광,2025-07-01,3491.690095311098,,2288.114878890484,2889.902487100791
스위스,관광,2025-08-01,2706.0622037502626,,2429.3991859621065,2567.7306948561845
스위스,관광,2025-09-01,3317.900386380667,,2564.219746879837,2941.060066630252
스위스,관광,2025-10-01,4123.518059437247,,3212.63461791152,3668.0763386743834
스위스,관광,2025-11-01,2419.2234980692065,,2423.3838683342783,2421.3036832017424
스위스,관광,2025-12-01,1699.0867249664082,,1577.864014092862,1638.475369529635
스위스,관광,2026-01-01,1539.0040252825424,,1055.252258917832,1297.1281421001872
스위스,관광,2026-02-01,1876.6753189549981,,697.5563653427712,1287.1158421488847
스위스,관광,2026-03-01,2999.2490965504494,,1737.0772576059544,2368.163177078202
스위스,기타,2025-04-01,146.20848148714262,,187.41586403338852,166.81217276026558
스위스,기타,2025-05-01,146.6778029926208,,119.16292740131021,132.92036519696552
스위스,기타,2025-06-01,143.93870172159762,,89.58085412250472,116.75977792205117
스위스,기타,2025-07-01,149.7543250709935,,77.38102811098432,113.56767659098891
스위스,기타,2025-08-01,163.19688032770438,,75.43178003085154,119.31433017927796
스위스,기타,2025-09-01,151.9506019360897,,87.32918440647016,119.63989317127994
스위스,기타,2025-10-01,195.32617199822127,,124.25158217463522,159.78887708642824
스위스,기타,2025-11-01,133.72281374051113,,74.86023275735829,104.29152324893471
스위스,기타,2025-12-01,110.11571304368063,,55.618667636884126,82.86719034028238
스위스,기타,2026-01-01,150.12264391129926,,81.13869559731701,115.63066975430814
스위스,기타,2026-02-01,133.49456262517083,,65.58749045385869,99.54102653951476
스위스,기타,2026-03-01,196.2634848181525,,81.52324920812434,138.89336701313843
스위스,상용,2025-04-01,3.544835843958988,,5.20840904036838,4.376622442163685
스위스,상용,2025-05-01,4.0871717912496095,,5.590015311303137,4.838593551276373
스위스,상용,2025-06-01,3.5426150759495556,,5.837739239198269,4.690177157573912
스위스,상용,2025-07-01,3.140641359201301,,5.87556412060235,4.508102739901826
스위스,상용,2025-08-01,3.776684073506311,,6.9740514280437225,5.375367750775017
스위스,상용,2025-09-01,3.646831163469588,,7.084637539508314,5.3657343514889515
스위스,상용,2025-10-01,3.4688873380622667,,5.016752043022674,4.24281969054247
스위스,상용,2025-11-01,3.280240655244166,,4.046334018948082,3.663287337096124
스위스,상용,2025-12-01,2.7874693246226263,,3.91760784184118,3.3525385832319032
스위스,상용,2026-01-01,3.9009352992462256,,5.905437288284704,4.903186293765465
스위스,상용,2026-02-01,2.8296613077739754,,4.535172943806543,3.682417125790259
스위스,상용,2026-03-01,3.1045420742092413,,4.428507198179107,3.766524636194174
스위스,유학연수,2025-04-01,17.415135225150724,,48.5695696149723,32.992352420061515
스위스,유학연수,2025-05-01,44.531426192668036,,68.80176724761525,56.66659672014164
스위스,유학연수,2025-06-01,27.704964461855884,,59.47603651797132,43.5905004899136
스위스,유학연수,2025-07-01,27.838641926749574,,61.96753680569633,44.90308936622295
스위스,유학연수,2025-08-01,167.58557250154436,,118.23430351606997,142.90993800880716
스위스,유학연수,2025-09-01,18.35524464846815,,17.074851834408946,17.71504824143855
스위스,유학연수,2025-10-01,19.629635168917556,,43.66469653375143,31.647165851334492
스위스,유학연수,2025-11-01,55.87386599644237,,73.88709912808683,64.8804825622646
스위스,유학연수,2025-12-01,37.98621682784856,,52.35263679060819,45.16942680922837
스위스,유학연수,2026-01-01,41.29919046668411,,43.42219951379431,42.36069499023921
스위스,유학연수,2026-02-01,141.3976214077767,,85.56090949815474,113.47926545296573
스위스,유학연수,2026-03-01,27.293761945264965,,58.67507698470769,42.984419464986324
스페인,공용,2025-04-01,13.387335317033275,,11.524342846073544,12.45583908155341
스페인,공용,2025-05-01,17.130208221709136,,12.593351372000194,14.861779796854666
스페인,공용,2025-06-01,11.491631110670076,,10.461521858238108,10.976576484454093
스페인,공용,2025-07-01,12.698475443063302,,8.631001437491854,10.664738440277578
스페인,공용,2025-08-01,20.3724804227776,,14.67570579652542,17.52409310965151
스페인,공용,2025-09-01,16.483021315678876,,12.96315892434993,14.723090120014403
스페인,공용,2025-10-01,13.859303134834217,,12.415619684295411,13.137461409564814
스페인,공용,2025-11-01,13.383605085703977,,10.545812379571679,11.964708732637828
스페인,공용,2025-12-01,16.733959033389816,,12.50279222184281,14.618375627616313
스페인,공용,2026-01-01,22.930323030490413,,15.106324521374242,19.018323775932327
스페인,공용,2026-02-01,10.003083650757976,,9.920067861605048,9.961575756181512
스페인,공용,2026-03-01,12.326733319751748,,7.94952910441741,10.138131212084579
스페인,관광,2025-04-01,4645.618633445417,,3411.4955670489535,4028.557100247185
스페인,관광,2025-05-01,4398.099406258813,,2914.43895941185,3656.269182835332
스페인,관광,2025-06-01,4348.369656015543,,2715.4721641339224,3531.920910074733
스페인,관광,2025-07-01,5565.997787055859,,3294.9273735213683,4430.462580288613
스페인,관광,2025-08-01,7663.60677098075,,6274.104753810384,6968.855762395568
스페인,관광,2025-09-01,5801.589301962133,,4571.112727956,5186.351014959066
스페인,관광,2025-10-01,6586.697576407801,,5114.342305258466,5850.519940833134
스페인,관광,2025-11-01,5204.717707629337,,3678.8834584530778,4441.800583041208
스페인,관광,2025-12-01,3092.920082283169,,1993.4440686069279,2543.182075445048
스페인,관광,2026-01-01,2425.35128102862,,1228.285338211721,1826.8183096201706
스페인,관광,2026-02-01,2564.9377783706295,,1704.8242532405143,2134.881015805572
스페인,관광,2026-03-01,5116.868129282001,,3701.6437991706744,4409.255964226338
스페인,기타,2025-04-01,297.08258465198236,,275.33422612786916,286.20840538992576
스페인,기타,2025-05-01,330.90517773191465,,288.67280173761014,309.78898973476237
스페인,기타,2025-06-01,280.57080885131654,,300.18518582101456,290.37799733616555
스페인,기타,2025-07-01,342.1438124479736,,309.60917910904215,325.8764957785079
스페인,기타,2025-08-01,361.29989074867325,,325.9643284843305,343.6321096165019
스페인,기타,2025-09-01,331.9830963222293,,308.97041986323086,320.47675809273005
스페인,기타,2025-10-01,344.5822541964599,,316.91433082990307,330.74829251318147
스페인,기타,2025-11-01,303.7919566264442,,297.9196432583062,300.8557999423752
스페인,기타,2025-12-01,256.0027302680156,,283.15734303464455,269.5800366513301
스페인,기타,2026-01-01,363.30376704212375,,324.5833750578859,343.94357105000483
스페인,기타,2026-02-01,293.981429091056,,313.755381389501,303.8684052402785
스페인,기타,2026-03-01,336.4840399174101,,315.8386306446853,326.1613352810477
스페인,상용,2025-04-01,19.34427641315754,,20.632212251049356,19.98824433210345
스페인,상용,2025-05-01,20.993774913364046,,20.165372262099357,20.5795735877317
스페인,상용,2025-06-01,19.909008106192143,,18.950998060382343,19.430003083287243
스페인,상용,2025-07-01,18.70325546893292,,18.133233776045543,18.418244622489233
스페인,상용,2025-08-01,24.569055360661785,,20.327717667107407,22.448386513884596
스페인,상용,2025-09-01,24.082250742883595,,24.090419963102818,24.086335352993206
스페인,상용,2025-10-01,21.375241399471026,,19.398563139378545,20.386902269424787
스페인,상용,2025-11-01,19.57042303956238,,16.268260513745034,17.91934177665371
스페인,상용,2025-12-01,15.495739903766331,,14.879479475303599,15.187609689534966
스페인,상용,2026-01-01,33.75745468759871,,31.682590961157644,32.72002282437818
스페인,상용,2026-02-01,19.06825803124076,,17.541595492886035,18.304926762063396
스페인,상용,2026-03-01,21.52041287321223,,20.55932876804829,21.03987082063026
스페인,유학연수,2025-04-01,34.30156495603526,,79.41355812182826,56.85756153893176
스페인,유학연수,2025-05-01,121.18813273555827,,87.73830908151393,104.4632209085361
스페인,유학연수,2025-06-01,70.9753591421179,,75.08984656953035,73.03260285582412
스페인,유학연수,2025-07-01,61.94996512428392,,65.79779613431147,63.873880629297695
스페인,유학연수,2025-08-01,502.03058817400705,,425.6329235654056,463.8317558697063
스페인,유학연수,2025-09-01,66.77519810851886,,68.95397203890172,67.86458507371029
스페인,유학연수,2025-10-01,68.83273134502839,,139.67682623034253,104.25477878768547
스페인,유학연수,2025-11-01,209.61441785785553,,361.8943922033769,285.7544050306162
스페인,유학연수,2025-12-01,130.03686005872876,,276.61184455797456,203.32435230835165
스페인,유학연수,2026-01-01,123.15416847963321,,134.47748673963835,128.8158276096358
스페인,유학연수,2026-02-01,302.89680575993395,,279.8388576514952,291.3678317057146
스페인,유학연수,2026-03-01,106.03843165149512,,88.32106323848018,97.17974744498764
싱가포르,공용,2025-04-01,16.508217766509713,,24.385154773625146,20.44668627006743
싱가포르,공용,2025-05-01,28.270189531097095,,25.72608308861541,26.998136309856253
싱가포르,공용,2025-06-01,22.105876970516086,,23.460874801408593,22.78337588596234
싱가포르,공용,2025-07-01,30.660948210276718,,20.20852775525858,25.43473798276765
싱가포르,공용,2025-08-01,18.945403351072134,,15.317392078787513,17.131397714929825
싱가포르,공용,2025-09-01,34.331359581550466,,15.991101040732213,25.16123031114134
싱가포르,공용,2025-10-01,26.56359450976284,,20.97802998295503,23.770812246358936
싱가포르,공용,2025-11-01,32.11855176579186,,14.250085332662191,23.184318549227022
싱가포르,공용,2025-12-01,22.028079865496355,,6.402439572332741,14.215259718914549
싱가포르,공용,2026-01-01,12.480948082706746,,5.517584358676269,8.999266220691508
싱가포르,공용,2026-02-01,30.738740593896463,,10.122262719844894,20.43050165687068
싱가포르,공용,2026-03-01,30.04176229412821,,8.621002364887294,19.33138232950775
싱가포르,관광,2025-04-01,42792.367807222116,,37216.455473698246,40004.41164046018
싱가포르,관광,2025-05-01,42402.70243293887,,37860.32077397337,40131.51160345612
싱가포르,관광,2025-06-01,46256.16092357937,,35475.96147197572,40866.06119777755
싱가포르,관광,2025-07-01,20082.84311809691,,15728.63977534265,17905.74144671978
싱가포르,관광,2025-08-01,21579.678748021255,,16750.81740056218,19165.248074291718
싱가포르,관광,2025-09-01,35240.179125122384,,28110.151818940634,31675.16547203151
싱가포르,관광,2025-10-01,50105.574611695796,,40973.35151272113,45539.463062208466
싱가포르,관광,2025-11-01,58898.40881822148,,47548.77939551111,53223.594106866294
싱가포르,관광,2025-12-01,93556.26520966142,,59816.607581762124,76686.43639571177
싱가포르,관광,2026-01-01,23014.96616489699,,16060.027516806706,19537.496840851847
싱가포르,관광,2026-02-01,21305.509730405596,,18114.243545695477,19709.876638050537
싱가포르,관광,2026-03-01,49371.903561962754,,40818.26366736547,45095.08361466411
싱가포르,기타,2025-04-01,2026.879095684249,,1463.030370519309,1744.9547331017789
싱가포르,기타,2025-05-01,2125.404591489084,,1471.3244764429044,1798.3645339659943
싱가포르,기타,2025-06-01,2087.28503376524,,1474.686649177373,1780.9858414713065
싱가포르,기타,2025-07-01,2147.6221664075947,,1473.5908839338306,1810.6065251707128
싱가포르,기타,2025-08-01,2182.075743697457,,1457.5456200256135,1819.8106818615352
싱가포르,기타,2025-09-01,2143.554857911552,,1444.6475546758566,1794.1012062937043
싱가포르,기타,2025-10-01,2235.335341669325,,1420.3992141339716,1827.8672779016483
싱가포르,기타,2025-11-01,2200.505210420501,,1400.5018690904237,1800.5035397554625
싱가포르,기타,2025-12-01,2320.393793475449,,1433.2143927524944,1876.8040931139717
싱가포르,기타,2026-01-01,2359.442759005394,,1401.497665497545,1880.4702122514695
싱가포르,기타,2026-02-01,2182.7690421381835,,1348.905848565604,1765.8374453518936
싱가포르,기타,2026-03-01,2380.553720441987,,1326.4425548079412,1853.498137624964
싱가포르,상용,2025-04-01,202.5830240668309,,96.48535915286135,149.53419160984612
싱가포르,상용,2025-05-01,226.6087164255266,,87.98850823021652,157.29861232787158
싱가포르,상용,2025-06-01,196.74547275275546,,75.16381671324474,135.9546447330001
싱가포르,상용,2025-07-01,178.3468658265154,,65.88112669491505,122.11399626071523
싱가포르,상용,2025-08-01,199.15397257310863,,79.03343735175628,139.09370496243247
싱가포르,상용,2025-09-01,202.99877873664062,,81.13954169616727,142.06916021640393
싱가포르,상용,2025-10-01,230.9488192786931,,97.14607845564404,164.04744886716855
싱가포르,상용,2025-11-01,220.89912089688713,,100.0028671145079,160.4509940056975
싱가포르,상용,2025-12-01,187.33676243102204,,87.55971404327688,137.44823823714947
싱가포르,상용,2026-01-01,155.42045944983758,,83.1578991555358,119.28917930268669
싱가포르,상용,2026-02-01,179.57328725674054,,92.84775777428369,136.2105225155121
싱가포르,상용,2026-03-01,222.57664487508376,,115.52727705959336,169.05196096733857
싱가포르,유학연수,2025-04-01,20.06805682041616,,21.265757621059663,20.66690722073791
싱가포르,유학연수,2025-05-01,43.23078444307887,,29.700978091298733,36.4658812671888
싱가포르,유학연수,2025-06-01,58.730542766346204,,37.643508465695575,48.18702561602089
싱가포르,유학연수,2025-07-01,55.179717142654525,,44.46022009734047,49.819968619997496
싱가포르,유학연수,2025-08-01,408.3630508859839,,271.32251212292203,339.842781504453
싱가포르,유학연수,2025-09-01,45.052565454234006,,32.75616923025322,38.90436734224362
싱가포르,유학연수,2025-10-01,35.189251441661476,,28.045155737302263,31.617203589481868
싱가포르,유학연수,2025-11-01,66.08294696026441,,47.12656192671692,56.60475444349066
싱가포르,유학연수,2025-12-01,90.29107157702784,,48.54751680489705,69.41929419096245
싱가포르,유학연수,2026-01-01,44.870205762261286,,33.584244783971286,39.22722527311629
싱가포르,유학연수,2026-02-01,269.86403785831044,,218.9733882649649,244.41871306163767
싱가포르,유학연수,2026-03-01,42.483180287872734,,32.21059383699043,37.34688706243158
아르헨티나,공용,2025-04-01,0.8869179999516158,,1.988862177095485,1.4378900885235504
아르헨티나,공용,2025-05-01,1.7391938095948893,,0.8673728107581703,1.3032833101765298
아르헨티나,공용,2025-06-01,1.3607077837182613,,0.9772482483375686,1.168978016027915
아르헨티나,공용,2025-07-01,1.6493031467273545,,0.9976332672722734,1.3234682069998138
아르헨티나,공용,2025-08-01,0.5682401297341374,,0.5331520300067205,0.550696079870429
아르헨티나,공용,2025-09-01,0.6661399807767593,,0.7289702020207546,0.6975550913987569
아르헨티나,공용,2025-10-01,0.4697334825881361,,0.5090014129078918,0.48936744774801394
아르헨티나,공용,2025-11-01,0.39510743789928043,,0.3520420105569202,0.37357472422810034
아르헨티나,공용,2025-12-01,0.19885408449246889,,0.32376807342867187,0.2613110789605704
아르헨티나,공용,2026-01-01,0.4255996807387672,,0.4415875312912707,0.43359360601501895
아르헨티나,공용,2026-02-01,0.5117927593161169,,0.6220728063319015,0.5669327828240092
아르헨티나,공용,2026-03-01,1.109223710672238,,1.6763035850588117,1.3927636478655248
아르헨티나,관광,2025-04-01,766.513652709119,,870.3414165938113,818.4275346514652
아르헨티나,관광,2025-05-01,751.1552895045412,,680.0232309929263,715.5892602487338
아르헨티나,관광,2025-06-01,569.2167644174446,,509.4140094833024,539.3153869503735
아르헨티나,관광,2025-07-01,598.6723565658929,,477.38780542353845,538.0300809947157
아르헨티나,관광,2025-08-01,559.9312898257818,,638.6907621855975,599.3110260056897
아르헨티나,관광,2025-09-01,774.4524616912719,,795.2327545501854,784.8426081207286
아르헨티나,관광,2025-10-01,949.0050322828284,,771.3663505067955,860.185691394812
아르헨티나,관광,2025-11-01,600.2634349125582,,538.933987923405,569.5987114179816
아르헨티나,관광,2025-12-01,501.33277220029464,,432.6549956957447,466.99388394801963
아르헨티나,관광,2026-01-01,662.5881423697124,,678.9206060555399,670.7543742126261
아르헨티나,관광,2026-02-01,553.486873005814,,745.9129865200831,649.6999297629486
아르헨티나,관광,2026-03-01,867.1341531527112,,877.021302212769,872.07772768274
아르헨티나,기타,2025-04-01,204.259558177009,,156.22995217399517,180.2447551755021
아르헨티나,기타,2025-05-01,192.71723829473848,,138.7256082525097,165.72142327362408
아르헨티나,기타,2025-06-01,162.5781534015292,,137.66791504654933,150.12303422403926
아르헨티나,기타,2025-07-01,184.33083555943992,,157.7068483679856,171.01884196371276
아르헨티나,기타,2025-08-01,187.9872528505284,,180.95412407509392,184.47068846281115
아르헨티나,기타,2025-09-01,182.2835986959866,,181.50189469867658,181.89274669733157
아르헨티나,기타,2025-10-01,224.51480986023796,,198.05315859329548,211.28398422676673
아르헨티나,기타,2025-11-01,168.55894628785708,,131.00093332346282,149.77993980565995
아르헨티나,기타,2025-12-01,118.6200127897805,,91.98291804748627,105.30146541863338
아르헨티나,기타,2026-01-01,113.72402523721529,,72.84535476492681,93.28469000107106
아르헨티나,기타,2026-02-01,111.70471415250113,,91.1174299765013,101.41107206450121
아르헨티나,기타,2026-03-01,195.32760581671442,,166.9090025334537,181.11830417508406
아르헨티나,상용,2025-04-01,1.0541139533839905,,1.192563834433888,1.1233388939089393
아르헨티나,상용,2025-05-01,1.2473464000452443,,0.8886442416661873,1.0679953208557158
아르헨티나,상용,2025-06-01,1.2464334911925117,,0.881739584815739,1.0640865380041253
아르헨티나,상용,2025-07-01,0.9451025873057326,,0.9938646395990989,0.9694836134524157
아르헨티나,상용,2025-08-01,1.1934493217258635,,1.2598249617207817,1.2266371417233226
아르헨티나,상용,2025-09-01,1.0647613137038894,,1.4607713344435103,1.2627663240737
아르헨티나,상용,2025-10-01,1.1884848380241597,,1.7314720341963166,1.4599784361102381
아르헨티나,상용,2025-11-01,1.1304883839367916,,1.6269760339482917,1.3787322089425418
아르헨티나,상용,2025-12-01,0.560258903648145,,1.2169434712028067,0.8886011874254758
아르헨티나,상용,2026-01-01,1.2233056627532064,,1.5435345127614064,1.3834200877573064
아르헨티나,상용,2026-02-01,1.0346247103645103,,2.2245687657661737,1.629596738065342
아르헨티나,상용,2026-03-01,0.9237453987409369,,1.9614472030708268,1.4425963009058818
아르헨티나,유학연수,2025-04-01,0.4353920119681358,,4.579212185480959,2.5073020987245473
아르헨티나,유학연수,2025-05-01,0.7849800176817358,,7.7867305500337185,4.285855283857727
아르헨티나,유학연수,2025-06-01,0.45962018124555104,,4.539497098340861,2.499558639793206
아르헨티나,유학연수,2025-07-01,11.362711049726196,,6.387362922761013,8.875036986243604
아르헨티나,유학연수,2025-08-01,3.9124556228515566,,10.936338539950055,7.424397081400806
아르헨티나,유학연수,2025-09-01,8.322236807554509,,3.6976821324292657,6.0099594699918875
아르헨티나,유학연수,2025-10-01,8.917819280689788,,0.4902543986597552,4.704036839674771
아르헨티나,유학연수,2025-11-01,0.6695096959508713,,2.188463867798868,1.4289867818748696
아르헨티나,유학연수,2025-12-01,0.5493598382224459,,2.3206053389014842,1.4349825885619651
아르헨티나,유학연수,2026-01-01,0.8757230236396084,,6.794954499339225,3.8353387614894165
아르헨티나,유학연수,2026-02-01,3.613247211035074,,8.432944672250754,6.023095941642914
아르헨티나,유학연수,2026-03-01,1.5188196236082279,,4.291290145031864,2.905054884320046
에콰도르,공용,2025-04-01,36.4807828060614,,15.347735620309326,25.91425921318536
에콰도르,공용,2025-05-01,16.418804173387212,,24.200279907335588,20.3095420403614
에콰도르,공용,2025-06-01,6.692183467813049,,23.619652512152058,15.155917989982553
에콰도르,공용,2025-07-01,9.399969951145106,,16.82061245420736,13.110291202676233
에콰도르,공용,2025-08-01,10.666547758609344,,22.282121280670843,16.474334519640095
에콰도르,공용,2025-09-01,13.606015732826888,,28.730693651861888,21.168354692344387
에콰도르,공용,2025-10-01,54.79537350974676,,35.420762162714915,45.10806783623084
에콰도르,공용,2025-11-01,1.8099588510061324,,2.048292156129346,1.929125503567739
에콰도르,공용,2025-12-01,0.7630017826877985,,2.344102959023142,1.5535523708554704
에콰도르,공용,2026-01-01,2.672243456185455,,2.893153461115074,2.7826984586502643
에콰도르,공용,2026-02-01,0.7905950225960775,,3.7234162875510908,2.257005655073584
에콰도르,공용,2026-03-01,4.197067767949471,,4.822059474575605,4.509563621262538
에콰도르,관광,2025-04-01,313.9968560389864,,179.82512291929888,246.91098947914264
에콰도르,관광,2025-05-01,292.30769382914923,,140.0152523391465,216.16147308414787
에콰도르,관광,2025-06-01,231.20692437457262,,159.11287999517486,195.15990218487374
에콰도르,관광,2025-07-01,314.9444718692126,,196.009430859519,255.4769513643658
에콰도르,관광,2025-08-01,277.61887631096715,,237.6989669043776,257.65892160767237
에콰도르,관광,2025-09-01,402.8968779467339,,286.56622708286477,344.7315525147993
에콰도르,관광,2025-10-01,432.33747581961086,,280.19476094157983,356.26611838059534
에콰도르,관광,2025-11-01,268.0990701705722,,167.30255272943964,217.70081145000592
에콰도르,관광,2025-12-01,146.6552631089163,,95.32153403102767,120.98839856997199
에콰도르,관광,2026-01-01,111.5228444141793,,63.1744708816491,87.3486576479142
에콰도르,관광,2026-02-01,160.90934884071163,,96.71404824776843,128.81169854424002
에콰도르,관광,2026-03-01,292.37043990593804,,164.83055251822816,228.6004962120831
에콰도르,기타,2025-04-01,51.13060465957292,,21.247316373756554,36.188960516664736
에콰도르,기타,2025-05-01,34.501263818428065,,17.99005053144259,26.245657174935328
에콰도르,기타,2025-06-01,33.29748156693443,,22.1604245903607,27.728953078647564
에콰도르,기타,2025-07-01,40.39495327707732,,22.948901487002118,31.67192738203972
에콰도르,기타,2025-08-01,45.91519196050231,,24.385249053418896,35.15022050696061
에콰도르,기타,2025-09-01,42.97816189059127,,25.052085131943805,34.01512351126753
에콰도르,기타,2025-10-01,48.768635052993744,,22.721725450317606,35.745180251655675
에콰도르,기타,2025-11-01,45.57306464159372,,18.78476096808564,32.178912804839676
에콰도르,기타,2025-12-01,38.49259758738479,,19.487573940995173,28.990085764189985
에콰도르,기타,2026-01-01,40.480654122685344,,19.569083494958193,30.02486880882177
에콰도르,기타,2026-02-01,37.643675771686425,,17.717095992330638,27.68038588200853
에콰도르,기타,2026-03-01,68.77049583363629,,41.12653082114498,54.948513327390636
에콰도르,상용,2025-04-01,0.003055283289766763,,0.054218331063928815,0.02863680717684779
에콰도르,상용,2025-05-01,-0.011510886996562185,,0.1376721524297948,0.0630806327166163
에콰도르,상용,2025-06-01,-0.024229781996697463,,0.1778299318268567,0.07680007491507962
에콰도르,상용,2025-07-01,-0.043441196966687655,,0.11664520222512276,0.03660200262921755
에콰도르,상용,2025-08-01,-0.03595081689711938,,0.03664019073566227,0.000344686919271444
에콰도르,상용,2025-09-01,-0.0554812788054397,,0.05763430375603218,0.001076512475296238
에콰도르,상용,2025-10-01,-0.0574531688488984,,0.2549400762456362,0.0987434536983689
에콰도르,상용,2025-11-01,-0.04492118597623177,,0.4705434284185629,0.21281112122116555
에콰도르,상용,2025-12-01,-0.06144271758781923,,0.37352672994484704,0.1560420061785139
에콰도르,상용,2026-01-01,-0.15150067375675885,,0.27997464037017283,0.06423698330670699
에콰도르,상용,2026-02-01,-0.09387072804284244,,0.17909938210417609,0.042614327030666824
에콰도르,상용,2026-03-01,-0.2199163970357147,,0.05098594158507941,-0.08446522772531764
에콰도르,유학연수,2025-04-01,2.4994228695795675,,3.0000794643867312,2.7497511669831494
에콰도르,유학연수,2025-05-01,5.539285984983642,,3.659985421482625,4.599635703233133
에콰도르,유학연수,2025-06-01,5.861385220884531,,6.541369402962226,6.201377311923379
에콰도르,유학연수,2025-07-01,11.876126383501378,,9.856843530947883,10.86648495722463
에콰도르,유학연수,2025-08-01,47.024132022923624,,47.765993392372174,47.395062707647895
에콰도르,유학연수,2025-09-01,6.4335592093856775,,5.925449347768796,6.179504278577237
에콰도르,유학연수,2025-10-01,5.867937218918056,,7.180650650703279,6.524293934810667
에콰도르,유학연수,2025-11-01,5.360602323452769,,5.8002881441781415,5.580445233815455
에콰도르,유학연수,2025-12-01,5.539249015147375,,4.616788650147027,5.078018832647201
에콰도르,유학연수,2026-01-01,17.801486705882997,,26.669571959831583,22.23552933285729
에콰도르,유학연수,2026-02-01,34.511952725966886,,37.338080019911594,35.92501637293924
에콰도르,유학연수,2026-03-01,10.967599140925895,,10.496729042878759,10.732164091902327
영  국,공용,2025-04-01,25.39796381687344,,21.26528640851868,23.33162511269606
영  국,공용,2025-05-01,21.880186239718718,,19.697833156081394,20.789009697900056
영  국,공용,2025-06-01,21.69430822099195,,19.10586992152627,20.40008907125911
영  국,공용,2025-07-01,27.404935645270644,,18.77274696079737,23.08884130303401
영  국,공용,2025-08-01,34.72698158263388,,27.78115628399607,31.254068933314976
영  국,공용,2025-09-01,34.249859492824704,,23.076450252215686,28.663154872520195
영  국,공용,2025-10-01,25.40447187643937,,15.624870860969546,20.51467136870446
영  국,공용,2025-11-01,40.47828810625852,,19.776311715811488,30.127299911035003
영  국,공용,2025-12-01,21.185164663006017,,20.227904465626985,20.7065345643165
영  국,공용,2026-01-01,37.47573280838831,,28.484430449726645,32.98008162905748
영  국,공용,2026-02-01,22.11330318583645,,15.048277111248686,18.58079014854257
영  국,공용,2026-03-01,28.53414204986363,,19.06399868506948,23.799070367466555
영  국,관광,2025-04-01,17819.64458153874,,18945.68674847467,18382.665665006705
영  국,관광,2025-05-01,14247.485129092973,,13444.851855597091,13846.168492345032
영  국,관광,2025-06-01,13429.217273233106,,10282.803723338293,11856.0104982857
영  국,관광,2025-07-01,14189.287945778995,,10012.2101554106,12100.749050594797
영  국,관광,2025-08-01,14130.552555571932,,10358.445518484748,12244.499037028341
영  국,관광,2025-09-01,15486.212419047657,,11038.898361023792,13262.555390035724
영  국,관광,2025-10-01,19762.561729928057,,15096.387098215164,17429.47441407161
영  국,관광,2025-11-01,15075.832536568421,,9043.25182085544,12059.54217871193
영  국,관광,2025-12-01,11940.71919309249,,6226.670329623519,9083.694761358005
영  국,관광,2026-01-01,12756.018266694438,,5417.092626871255,9086.555446782846
영  국,관광,2026-02-01,11652.984933685308,,6183.04192249106,8918.013428088183
영  국,관광,2026-03-01,19731.58521990012,,15528.83101391491,17630.208116907517
영  국,기타,2025-04-01,1441.910029400799,,983.251908997903,1212.5809691993509
영  국,기타,2025-05-01,1377.5403214099726,,929.2820203062226,1153.4111708580976
영  국,기타,2025-06-01,1338.241410256651,,955.0527325764986,1146.6470714165748
영  국,기타,2025-07-01,1477.2069600055308,,1051.847268611435,1264.5271143084829
영  국,기타,2025-08-01,2152.475962946446,,1860.5447209666759,2006.510341956561
영  국,기타,2025-09-01,1429.3017286994761,,1114.35710398453,1271.8294163420032
영  국,기타,2025-10-01,1605.1681288472857,,1275.5323116627894,1440.3502202550376
영  국,기타,2025-11-01,1205.2121410118787,,1097.067663566942,1151.1399022894102
영  국,기타,2025-12-01,1114.5464745899171,,989.28659136491,1051.9165329774137
영  국,기타,2026-01-01,1854.9339466447368,,1497.8532734502444,1676.3936100474907
영  국,기타,2026-02-01,1693.9093795326119,,1418.7026138932165,1556.3059967129143
영  국,기타,2026-03-01,1838.2412484433542,,1301.287784288179,1569.7645163657667
영  국,상용,2025-04-01,86.16411321471959,,59.319485214521166,72.74179921462039
영  국,상용,2025-05-01,86.26124742216248,,60.30481225125405,73.28302983670827
영  국,상용,2025-06-01,86.30570246417908,,64.48273933001019,75.39422089709464
영  국,상용,2025-07-01,88.13002961463734,,71.62780034612689,79.87891498038212
영  국,상용,2025-08-01,100.12826858166983,,82.64454465812713,91.38640661989848
영  국,상용,2025-09-01,99.96743108870984,,92.76006710118978,96.36374909494981
영  국,상용,2025-10-01,97.29527748753624,,89.5019843589472,93.39863092324171
영  국,상용,2025-11-01,92.26428192128103,,78.32684006858219,85.2955609949316
영  국,상용,2025-12-01,73.66207370608305,,69.04936308874352,71.35571839741328
영  국,상용,2026-01-01,125.36562768802372,,126.46770871233792,125.91666820018082
영  국,상용,2026-02-01,84.77121752445858,,86.77328226153014,85.77224989299435
영  국,상용,2026-03-01,98.55144024543017,,80.57707211182964,89.5642561786299
영  국,유학연수,2025-04-01,32.332902279063354,,50.30978783589983,41.321345057481594
영  국,유학연수,2025-05-01,77.73180771154495,,59.07168075634267,68.40174423394382
영  국,유학연수,2025-06-01,61.558273493273056,,49.16680116877711,55.36253733102508
영  국,유학연수,2025-07-01,65.85676746562018,,43.68632209091307,54.77154477826663
영  국,유학연수,2025-08-01,423.0484294815799,,238.49308536356904,330.77075742257443
영  국,유학연수,2025-09-01,49.20445478648791,,21.02175181031,35.113103298398954
영  국,유학연수,2025-10-01,23.540957056714845,,32.032805332131204,27.786881194423025
영  국,유학연수,2025-11-01,65.37684309650665,,63.26222339715419,64.31953324683042
영  국,유학연수,2025-12-01,66.36170648949371,,59.83729866369151,63.09950257659261
영  국,유학연수,2026-01-01,122.97390441166536,,84.68870079018691,103.83130260092614
영  국,유학연수,2026-02-01,263.2190850695516,,184.32834890046968,223.77371698501065
영  국,유학연수,2026-03-01,86.05967171381967,,71.66201036525393,78.86084103953681
오스트레일리아,공용,2025-04-01,86.68639885182212,,54.29042100471561,70.48840992826887
오스트레일리아,공용,2025-05-01,83.00216618995871,,46.27252327909484,64.63734473452678
오스트레일리아,공용,2025-06-01,73.62208338425866,,38.44902567494667,56.03555452960266
오스트레일리아,공용,2025-07-01,59.68866022308025,,29.90721424357034,44.79793723332529
오스트레일리아,공용,2025-08-01,78.57327926817005,,47.16187116223016,62.867575215200105
오스트레일리아,공용,2025-09-01,104.7368891077907,,73.99315670387941,89.36502290583505
오스트레일리아,공용,2025-10-01,109.62997410540044,,86.59770492376413,98.11383951458228
오스트레일리아,공용,2025-11-01,85.28592039073966,,67.02460897019954,76.1552646804696
오스트레일리아,공용,2025-12-01,34.48783186493708,,24.376982389627933,29.432407127282506
오스트레일리아,공용,2026-01-01,36.03818031445516,,18.83553468899383,27.436857501724496
오스트레일리아,공용,2026-02-01,53.81710205124493,,25.35179963556573,39.58445084340533
오스트레일리아,공용,2026-03-01,90.54561758499986,,56.17530120563072,73.36045939531529
오스트레일리아,관광,2025-04-01,30437.343107886354,,23120.697512946,26779.020310416177
오스트레일리아,관광,2025-05-01,24203.06500248799,,17583.95456162742,20893.509782057707
오스트레일리아,관광,2025-06-01,24979.655554325054,,14603.602269284846,19791.62891180495
오스트레일리아,관광,2025-07-01,22764.0608510723,,13065.237036404638,17914.64894373847
오스트레일리아,관광,2025-08-01,20017.12566129015,,10970.412073205036,15493.768867247592
오스트레일리아,관광,2025-09-01,30260.535939012505,,20395.5639099925,25328.049924502502
오스트레일리아,관광,2025-10-01,30371.6273999805,,20697.276253179294,25534.451826579898
오스트레일리아,관광,2025-11-01,24604.557799095164,,21763.3936364765,23183.975717785834
오스트레일리아,관광,2025-12-01,34385.31610986615,,22890.660171385487,28637.98814062582
오스트레일리아,관광,2026-01-01,25379.78780494816,,17082.659310956704,21231.22355795243
오스트레일리아,관광,2026-02-01,16549.42757920488,,13464.956937855355,15007.192258530118
오스트레일리아,관광,2026-03-01,26749.082101222943,,23728.468819495938,25238.77546035944
오스트레일리아,기타,2025-04-01,2210.386546391283,,1777.603910726616,1993.9952285589495
오스트레일리아,기타,2025-05-01,2248.0589951119164,,1805.6726055174117,2026.865800314664
오스트레일리아,기타,2025-06-01,1992.966438756164,,1640.3993610326636,1816.6828998944138
오스트레일리아,기타,2025-07-01,2193.822481588821,,1581.2446327330215,1887.5335571609212
오스트레일리아,기타,2025-08-01,2419.787792148744,,1634.1101567523417,2026.9489744505427
오스트레일리아,기타,2025-09-01,2383.64892475375,,1649.4654775417114,2016.5572011477307
오스트레일리아,기타,2025-10-01,2856.9102572674515,,2071.2125473681886,2464.06140231782
오스트레일리아,기타,2025-11-01,2192.312206488461,,1992.3696753564086,2092.340940922435
오스트레일리아,기타,2025-12-01,2024.4566054192833,,1697.428949712625,1860.9427775659542
오스트레일리아,기타,2026-01-01,2328.497924643207,,1472.3992245562663,1900.4485745997367
오스트레일리아,기타,2026-02-01,2155.7264986763767,,1250.798355774843,1703.2624272256098
오스트레일리아,기타,2026-03-01,2904.650444645279,,1357.5867245860998,2131.1185846156895
오스트레일리아,상용,2025-04-01,70.10807286671269,,56.12816420726318,63.118118536987936
오스트레일리아,상용,2025-05-01,81.2229757059085,,50.18368769501089,65.7033317004597
오스트레일리아,상용,2025-06-01,74.04062483294702,,45.294114402398804,59.66736961767291
오스트레일리아,상용,2025-07-01,68.68509312065875,,42.77320820395451,55.72915066230663
오스트레일리아,상용,2025-08-01,72.10249445327567,,48.36403490230097,60.23326467778832
오스트레일리아,상용,2025-09-01,77.0005300670392,,59.414210057620835,68.20737006233001
오스트레일리아,상용,2025-10-01,82.19554587850264,,60.085145668781166,71.14034577364191
오스트레일리아,상용,2025-11-01,76.19630227038105,,59.74519195649847,67.97074711343976
오스트레일리아,상용,2025-12-01,50.1148228954953,,48.865459584827704,49.490141240161506
오스트레일리아,상용,2026-01-01,67.82029064944494,,60.24607486285342,64.03318275614919
오스트레일리아,상용,2026-02-01,68.15209020482277,,61.60562965942168,64.87885993212223
오스트레일리아,상용,2026-03-01,82.80194940188163,,64.78290852552826,73.79242896370494
오스트레일리아,유학연수,2025-04-01,16.974362753273883,,13.560030043936987,15.267196398605435
오스트레일리아,유학연수,2025-05-01,35.25096938807374,,17.39131849787427,26.321143942974004
오스트레일리아,유학연수,2025-06-01,33.62343940693997,,23.911804390780112,28.767621898860043
오스트레일리아,유학연수,2025-07-01,39.301930052817916,,30.558493462419875,34.93021175761889
오스트레일리아,유학연수,2025-08-01,151.3661137555233,,90.74140239082722,121.05375807317526
오스트레일리아,유학연수,2025-09-01,18.67563214195706,,9.99539871632372,14.33551542914039
오스트레일리아,유학연수,2025-10-01,16.67580568194383,,12.914822110265877,14.795313896104854
오스트레일리아,유학연수,2025-11-01,39.76432067458459,,31.476259887837614,35.6202902812111
오스트레일리아,유학연수,2025-12-01,39.96419294764555,,36.66067901944578,38.31243598354567
오스트레일리아,유학연수,2026-01-01,43.59714244580187,,22.40699919329043,33.00207081954615
오스트레일리아,유학연수,2026-02-01,137.44157708051017,,84.00221678825133,110.72189693438075
오스트레일리아,유학연수,2026-03-01,18.463229318077378,,11.07339090120818,14.76831010964278
요르단,공용,2025-04-01,0.009191275392001944,,0.8332789501446181,0.42123511276831
요르단,공용,2025-05-01,0.018560983747556065,,1.1035973569414856,0.5610791703445208
요르단,공용,2025-06-01,-0.009153854757096975,,1.3771156643914246,0.6839809048171638
요르단,공용,2025-07-01,0.055209160527632826,,-0.6433241704016819,-0.29405750493702454
요르단,공용,2025-08-01,0.02944213055286898,,2.313184743076167,1.171313436814518
요르단,공용,2025-09-01,0.03666906264548377,,6.357509545354196,3.19708930399984
요르단,공용,2025-10-01,0.05365861593695775,,4.399527318614747,2.2265929672758524
요르단,공용,2025-11-01,0.5072969623629285,,2.5903334463937933,1.548815204378361
요르단,공용,2025-12-01,0.0024026934708124984,,1.307876367732033,0.6551395306014228
요르단,공용,2026-01-01,-0.0011944151346590473,,0.22926040508148726,0.11403299497341411
요르단,공용,2026-02-01,-0.010429287831106436,,2.0772967600499923,1.033433736109443
요르단,공용,2026-03-01,0.9540028732034636,,4.073665636418952,2.513834254811208
요르단,관광,2025-04-01,113.49962178983579,,101.73403477575997,107.61682828279788
요르단,관광,2025-05-01,130.0575086731209,,109.22330951820618,119.64040909566354
요르단,관광,2025-06-01,132.7509989217555,,103.31234501646514,118.03167196911032
요르단,관광,2025-07-01,113.44477628980857,,99.10260385587009,106.27369007283933
요르단,관광,2025-08-01,96.17038938378629,,98.1554234422368,97.16290641301154
요르단,관광,2025-09-01,175.7944763905023,,169.2947444780154,172.54461043425886
요르단,관광,2025-10-01,208.70105049603671,,167.88232864400322,188.29168957001997
요르단,관광,2025-11-01,155.90412236020953,,112.75426134923194,134.32919185472073
요르단,관광,2025-12-01,84.67319455273737,,58.938135335707805,71.80566494422258
요르단,관광,2026-01-01,78.46953795426627,,41.77481600583101,60.12217698004864
요르단,관광,2026-02-01,93.01978996156222,,34.44851255392466,63.73415125774344
요르단,관광,2026-03-01,116.19771017199032,,61.55347436500444,88.87559226849739
요르단,기타,2025-04-01,43.40999803554862,,35.47825797163081,39.44412800358971
요르단,기타,2025-05-01,50.41565810185456,,35.15456366978284,42.785110885818696
요르단,기타,2025-06-01,43.35123543218838,,39.08335311659074,41.21729427438956
요르단,기타,2025-07-01,56.465638033189805,,46.75360469003135,51.60962136161058
요르단,기타,2025-08-01,75.36157330949672,,59.00362553670751,67.18259942310212
요르단,기타,2025-09-01,68.94579725871182,,57.64692604651796,63.29636165261489
요르단,기타,2025-10-01,54.5363655159434,,42.71252211521521,48.624443815579305
요르단,기타,2025-11-01,55.57737458158004,,45.0185425891343,50.297958585357165
요르단,기타,2025-12-01,52.03377129768515,,41.20975161361336,46.621761455649256
요르단,기타,2026-01-01,57.55668420181212,,45.42458918606469,51.490636693938406
요르단,기타,2026-02-01,54.28521405224897,,41.42967783060898,47.85744594142898
요르단,기타,2026-03-01,59.88409663675698,,39.48774058177375,49.685918609265364
요르단,상용,2025-04-01,83.15075027472633,,51.331634713837026,67.24119249428168
요르단,상용,2025-05-01,88.50766578968896,,52.185549478888056,70.3466076342885
요르단,상용,2025-06-01,85.128362333379,,53.84526772669108,69.48681503003505
요르단,상용,2025-07-01,70.54342500553619,,57.03162078035168,63.78752289294394
요르단,상용,2025-08-01,75.25881937158364,,64.42328491278093,69.84105214218229
요르단,상용,2025-09-01,82.48993979665177,,73.62357714731763,78.0567584719847
요르단,상용,2025-10-01,109.29874674447676,,71.66220357932988,90.48047516190331
요르단,상용,2025-11-01,89.91485144495987,,56.51605246354452,73.21545195425219
요르단,상용,2025-12-01,71.47936416387755,,49.954837965838486,60.717101064858014
요르단,상용,2026-01-01,65.8093293719049,,50.91177610207638,58.36055273699064
요르단,상용,2026-02-01,77.71878789854674,,45.987132550300046,61.85296022442339
요르단,상용,2026-03-01,95.00373511892714,,39.41516967213295,67.20945239553004
요르단,유학연수,2025-04-01,1.6803272877606685,,1.6123904529037514,1.64635887033221
요르단,유학연수,2025-05-01,2.949861216306992,,2.031726177060357,2.4907936966836743
요르단,유학연수,2025-06-01,4.469886497767853,,3.3206004576435424,3.895243477705698
요르단,유학연수,2025-07-01,6.098150680797807,,4.852163234819592,5.4751569578087
요르단,유학연수,2025-08-01,20.898713940945154,,19.77085371364415,20.33478382729465
요르단,유학연수,2025-09-01,7.024049201941761,,8.418573101347489,7.721311151644625
요르단,유학연수,2025-10-01,4.536945093146481,,4.847789880204594,4.692367486675538
요르단,유학연수,2025-11-01,3.6383455106760993,,2.3821248053054727,3.010235157990786
요르단,유학연수,2025-12-01,2.556479365448146,,2.2982434518324806,2.427361408640313
요르단,유학연수,2026-01-01,4.601187282185725,,3.906343549113648,4.253765415649687
요르단,유학연수,2026-02-01,15.21565347453001,,14.65044851621574,14.933050995372874
요르단,유학연수,2026-03-01,6.572051117857167,,6.6258216786649555,6.598936398261062
우즈베키스탄,공용,2025-04-01,0.4204093720646911,,4.471237339943612,2.445823356004152
우즈베키스탄,공용,2025-05-01,0.1900140469310786,,4.257848257489381,2.2239311522102296
우즈베키스탄,공용,2025-06-01,-0.010625766464992427,,4.851965739026642,2.420669986280825
우즈베키스탄,공용,2025-07-01,-0.3397602716268122,,6.031070341216451,2.8456550347948193
우즈베키스탄,공용,2025-08-01,-0.5924321702402859,,7.284219639694953,3.3458937347273334
우즈베키스탄,공용,2025-09-01,-0.29681597307458774,,2.17943351467607,0.9413087708007413
우즈베키스탄,공용,2025-10-01,-1.259488177576725,,12.65437096703891,5.697441394731092
우즈베키스탄,공용,2025-11-01,-2.5614625704201317,,20.915661665307333,9.1770995474436
우즈베키스탄,공용,2025-12-01,-3.1025483146817896,,13.800403017440763,5.348927351379487
우즈베키스탄,공용,2026-01-01,-1.1493481467580564,,0.46676716824177245,-0.341290489258142
우즈베키스탄,공용,2026-02-01,-1.598124935642624,,6.182713442389621,2.2922942533734982
우즈베키스탄,공용,2026-03-01,-1.5387169452394005,,7.521575939546288,2.991429497153444
우즈베키스탄,관광,2025-04-01,991.9342800631782,,581.8932147391781,786.9137474011782
우즈베키스탄,관광,2025-05-01,1160.6044234618955,,655.668514522817,908.1364689923562
우즈베키스탄,관광,2025-06-01,1194.6268312339153,,752.3579407115733,973.4923859727443
우즈베키스탄,관광,2025-07-01,1256.2134383713392,,818.0766006611187,1037.145019516229
우즈베키스탄,관광,2025-08-01,1108.4631177725432,,780.8413374487733,944.6522276106582
우즈베키스탄,관광,2025-09-01,1122.2790187338353,,764.8462967417881,943.5626577378117
우즈베키스탄,관광,2025-10-01,1215.6615344118889,,800.9079806054166,1008.2847575086528
우즈베키스탄,관광,2025-11-01,1265.8131355577761,,750.1647540502215,1007.9889448039988
우즈베키스탄,관광,2025-12-01,947.4032437256523,,583.7072064380912,765.5552250818718
우즈베키스탄,관광,2026-01-01,913.5173598251858,,480.905794622905,697.2115772240454
우즈베키스탄,관광,2026-02-01,956.2388302634283,,485.404410392523,720.8216203279757
우즈베키스탄,관광,2026-03-01,1204.4928664752324,,538.0284359660616,871.260651220647
우즈베키스탄,기타,2025-04-01,3788.2608543252986,,2603.9004990704057,3196.080676697852
우즈베키스탄,기타,2025-05-01,3425.5739391992,,2618.5910670522153,3022.0825031257077
우즈베키스탄,기타,2025-06-01,3356.803822175092,,2731.177190765804,3043.990506470448
우즈베키스탄,기타,2025-07-01,3571.6412911505568,,2939.0756984435766,3255.3584947970667
우즈베키스탄,기타,2025-08-01,3979.851638325276,,3398.303090950174,3689.0773646377247
우즈베키스탄,기타,2025-09-01,4144.7034269879805,,3483.665737513308,3814.1845822506443
우즈베키스탄,기타,2025-10-01,4146.255188583003,,3411.5031046774125,3778.8791466302073
우즈베키스탄,기타,2025-11-01,3567.1090339035245,,2892.4185446955753,3229.76378929955
우즈베키스탄,기타,2025-12-01,3053.7464628798234,,2608.0973588779198,2830.9219108788716
우즈베키스탄,기타,2026-01-01,3920.0164295849886,,3261.755995863249,3590.886212724119
우즈베키스탄,기타,2026-02-01,4131.358994767881,,3124.090145809352,3627.7245702886166
우즈베키스탄,기타,2026-03-01,4107.895695746121,,2635.5649454606705,3371.7303206033957
우즈베키스탄,상용,2025-04-01,503.9388696357042,,389.2303497485228,446.58460969211353
우즈베키스탄,상용,2025-05-01,489.3237134743902,,377.6077635429985,433.46573850869436
우즈베키스탄,상용,2025-06-01,460.9538207942174,,374.4323857566986,417.693103275458
우즈베키스탄,상용,2025-07-01,490.8850221741627,,369.9188277521233,430.401924963143
우즈베키스탄,상용,2025-08-01,473.18851892519547,,389.10598746548254,431.147253195339
우즈베키스탄,상용,2025-09-01,503.92148935421847,,414.9501169477658,459.4358031509921
우즈베키스탄,상용,2025-10-01,582.561866118657,,466.4082027470506,524.4850344328538
우즈베키스탄,상용,2025-11-01,597.1075879959234,,480.2221452462607,538.6648666210921
우즈베키스탄,상용,2025-12-01,506.7206406279239,,415.3283464992568,461.02449356359034
우즈베키스탄,상용,2026-01-01,491.19396831469123,,416.4628205094229,453.82839441205704
우즈베키스탄,상용,2026-02-01,510.8302060640619,,487.80694350438785,499.3185747842249
우즈베키스탄,상용,2026-03-01,675.7973605183179,,580.7307524072903,628.2640564628041
우즈베키스탄,유학연수,2025-04-01,332.74583687549796,,394.74203910144615,363.74393798847206
우즈베키스탄,유학연수,2025-05-01,365.5094739214907,,220.74777659658378,293.1286252590372
우즈베키스탄,유학연수,2025-06-01,454.524351398144,,343.7789671679294,399.1516592830367
우즈베키스탄,유학연수,2025-07-01,861.1770544080164,,618.3381108528091,739.7575826304128
우즈베키스탄,유학연수,2025-08-01,2954.8731993409933,,2065.890772727914,2510.381986034454
우즈베키스탄,유학연수,2025-09-01,3281.2943516088053,,2745.876957904333,3013.585654756569
우즈베키스탄,유학연수,2025-10-01,386.18134663405874,,437.07393449752897,411.62764056579385
우즈베키스탄,유학연수,2025-11-01,427.91370452338094,,157.58761106823104,292.750657795806
우즈베키스탄,유학연수,2025-12-01,593.8353293560187,,164.8117908916082,379.3235601238135
우즈베키스탄,유학연수,2026-01-01,1418.3080146566658,,716.8721886752764,1067.5901016659711
우즈베키스탄,유학연수,2026-02-01,2948.74722895749,,1473.8143012019682,2211.280765079729
우즈베키스탄,유학연수,2026-03-01,2390.557473957639,,2020.9244739541293,2205.7409739558843
우크라이나,공용,2025-04-01,4.4473520400865,,3.373197791228408,3.910274915657454
우크라이나,공용,2025-05-01,4.67273763358597,,3.2453340274335667,3.9590358305097686
우크라이나,공용,2025-06-01,5.448799948277936,,3.1363321890532365,4.292566068665586
우크라이나,공용,2025-07-01,9.269750808855422,,3.1095244476860673,6.189637628270745
우크라이나,공용,2025-08-01,3.2057270772888757,,3.1547322831388684,3.180229680213872
우크라이나,공용,2025-09-01,4.106814281280884,,3.362282034623803,3.7345481579523434
우크라이나,공용,2025-10-01,4.863001612667453,,3.952543757229744,4.407772684948599
우크라이나,공용,2025-11-01,5.278968078822373,,4.760275754055541,5.0196219164389575
우크라이나,공용,2025-12-01,7.14904657150914,,6.042216488708123,6.595631530108632
우크라이나,공용,2026-01-01,3.588098604202364,,5.934679478385824,4.761389041294095
우크라이나,공용,2026-02-01,1.6224692126662206,,5.719638391084432,3.6710538018753263
우크라이나,공용,2026-03-01,7.588261648959526,,4.9470859090870665,6.267673779023296
우크라이나,관광,2025-04-01,578.8333500249064,,603.7497561505864,591.2915530877465
우크라이나,관광,2025-05-01,584.2703690158124,,620.7667510014306,602.5185600086215
우크라이나,관광,2025-06-01,627.3783426569257,,634.2728299262303,630.825586291578
우크라이나,관광,2025-07-01,619.1896572758949,,639.5881669314242,629.3889121036595
우크라이나,관광,2025-08-01,553.8765871626151,,623.4923759560595,588.6844815593373
우크라이나,관광,2025-09-01,671.4152924345028,,652.069580744716,661.7424365896094
우크라이나,관광,2025-10-01,745.9687110454635,,710.5701780904983,728.2694445679808
우크라이나,관광,2025-11-01,670.0703490591842,,636.3127447335733,653.1915468963787
우크라이나,관광,2025-12-01,557.0873693949421,,539.4841569111431,548.2857631530426
우크라이나,관광,2026-01-01,506.8897506118049,,458.7875887320195,482.8386696719122
우크라이나,관광,2026-02-01,552.0393365661453,,525.4465452707002,538.7429409184227
우크라이나,관광,2026-03-01,620.5687863298498,,544.6972440779318,582.6330152038909
우크라이나,기타,2025-04-01,1218.4217049866713,,1324.0669395489517,1271.2443222678116
우크라이나,기타,2025-05-01,1287.0083624379529,,1270.2665566158864,1278.6374595269197
우크라이나,기타,2025-06-01,1260.7142094615224,,1203.7438688553254,1232.2290391584238
우크라이나,기타,2025-07-01,1270.7640433148622,,1155.795474561579,1213.2797589382208
우크라이나,기타,2025-08-01,1298.7541480580094,,1216.644635011161,1257.6993915345852
우크라이나,기타,2025-09-01,1274.3865988499101,,1273.8475760353047,1274.1170874426075
우크라이나,기타,2025-10-01,1335.4813522046823,,1313.7410422483044,1324.6111972264935
우크라이나,기타,2025-11-01,1184.0128241321586,,1321.7948819550306,1252.9038530435946
우크라이나,기타,2025-12-01,1270.3768246409977,,1305.23899731559,1287.8079109782939
우크라이나,기타,2026-01-01,1254.1196871840432,,1341.3073154142025,1297.713501299123
우크라이나,기타,2026-02-01,1218.8803974453674,,1374.318525335802,1296.5994613905846
우크라이나,기타,2026-03-01,1346.7903112508552,,1560.161417554421,1453.475864402638
우크라이나,상용,2025-04-01,58.18791792944473,,78.37651684939541,68.28221738942007
우크라이나,상용,2025-05-01,57.85067246729795,,85.90662527279166,71.8786488700448
우크라이나,상용,2025-06-01,67.19175441882315,,79.05081816444843,73.12128629163578
우크라이나,상용,2025-07-01,54.28421728471527,,66.10074609036496,60.192481687540116
우크라이나,상용,2025-08-01,44.546661057348295,,58.70267274846508,51.62466690290669
우크라이나,상용,2025-09-01,51.970048902692035,,73.89460877267098,62.93232883768151
우크라이나,상용,2025-10-01,94.38545639230678,,144.95507894852977,119.67026767041827
우크라이나,상용,2025-11-01,69.1068356169861,,111.66213665164256,90.38448613431433
우크라이나,상용,2025-12-01,54.00161759013226,,85.24785725849985,69.62473742431605
우크라이나,상용,2026-01-01,49.946792762178475,,76.02137091015224,62.98408183616536
우크라이나,상용,2026-02-01,60.25123373293346,,90.34923029154106,75.30023201223726
우크라이나,상용,2026-03-01,68.19287909503659,,98.6626080383547,83.42774356669565
우크라이나,유학연수,2025-04-01,6.408850397359022,,10.77182044537631,8.590335421367666
우크라이나,유학연수,2025-05-01,9.691810655809428,,15.09888038499682,12.395345520403124
우크라이나,유학연수,2025-06-01,15.115053394890586,,28.30253714162719,21.70879526825889
우크라이나,유학연수,2025-07-01,17.796718915548723,,52.8430927139476,35.31990581474816
우크라이나,유학연수,2025-08-01,150.78316211135828,,87.71138800445193,119.24727505790511
우크라이나,유학연수,2025-09-01,26.769101089355534,,13.406706874230274,20.087903981792905
우크라이나,유학연수,2025-10-01,4.4203874761607835,,7.139719950640545,5.780053713400664
우크라이나,유학연수,2025-11-01,13.316298495170358,,8.611081185098257,10.963689840134307
우크라이나,유학연수,2025-12-01,15.95469580228464,,8.257184423016698,12.105940112650668
우크라이나,유학연수,2026-01-01,37.55908834213189,,30.487444654428707,34.0232664982803
우크라이나,유학연수,2026-02-01,100.61766117221713,,75.03102711832432,87.82434414527071
우크라이나,유학연수,2026-03-01,24.999073950471985,,11.171853990689343,18.085463970580662
이  란,공용,2025-04-01,3.495286746827503,,3.3706675889836832,3.432977167905593
이  란,공용,2025-05-01,4.424774780165876,,4.172736410231387,4.298755595198632
이  란,공용,2025-06-01,7.883053395381536,,3.014977640274525,5.44901551782803
이  란,공용,2025-07-01,3.305193032674054,,2.1474833014394914,2.726338167056773
이  란,공용,2025-08-01,7.263393176309042,,2.1668045454567864,4.7150988608829145
이  란,공용,2025-09-01,12.099892239669499,,6.6675461238182985,9.3837191817439
이  란,공용,2025-10-01,7.92264320978565,,5.708880223144192,6.815761716464921
이  란,공용,2025-11-01,8.4119026897968,,2.1116339018361017,5.261768295816451
이  란,공용,2025-12-01,4.351512141165845,,2.0579324646599084,3.2047223029128764
이  란,공용,2026-01-01,3.817375551572405,,0.673142615326197,2.2452590834493007
이  란,공용,2026-02-01,1.180240366157657,,1.336025120577799,1.258132743367728
이  란,공용,2026-03-01,3.6027750988540475,,2.055948666692781,2.829361882773414
이  란,관광,2025-04-01,210.8983732470364,,218.10934143507907,214.50385734105774
이  란,관광,2025-05-01,319.78969335976905,,259.00234356857914,289.39601846417406
이  란,관광,2025-06-01,362.3521886109899,,290.45109725824597,326.40164293461794
이  란,관광,2025-07-01,328.4613754698523,,322.2531667080907,325.3572710889715
이  란,관광,2025-08-01,469.5151615189913,,364.85919666250624,417.18717909074877
이  란,관광,2025-09-01,541.959310184187,,371.4522186633452,456.7057644237661
이  란,관광,2025-10-01,450.8908570194614,,317.13131761527313,384.01108731736724
이  란,관광,2025-11-01,289.03597870350524,,182.9625226316285,235.99925066756686
이  란,관광,2025-12-01,191.9879262451862,,126.07773150354129,159.03282887436376
이  란,관광,2026-01-01,124.28310246060761,,78.23992653345395,101.26151449703079
이  란,관광,2026-02-01,125.36351475772872,,98.28726156101277,111.82538815937075
이  란,관광,2026-03-01,469.7945546163609,,263.94728144426597,366.8709180303134
이  란,기타,2025-04-01,44.17758143628392,,37.80435088795912,40.990966162121524
이  란,기타,2025-05-01,41.09332714072686,,36.609125060761556,38.85122610074421
이  란,기타,2025-06-01,50.19157089305677,,41.09507842258458,45.64332465782067
이  란,기타,2025-07-01,58.564158051227075,,46.37255864494315,52.46835834808511
이  란,기타,2025-08-01,55.96892776654549,,49.248665126666644,52.608796446606064
이  란,기타,2025-09-01,59.69264327254986,,45.56045837012061,52.62655082133523
이  란,기타,2025-10-01,47.25924190202256,,36.096253488340466,41.67774769518151
이  란,기타,2025-11-01,48.29270485316681,,35.95312965525139,42.1229172542091
이  란,기타,2025-12-01,52.233012298798585,,35.44461190414931,43.83881210147395
이  란,기타,2026-01-01,59.885949379457145,,39.76739884163885,49.826674110548
이  란,기타,2026-02-01,51.9920978317504,,45.513434955135736,48.75276639344307
이  란,기타,2026-03-01,64.18977987701999,,46.90822343710205,55.54900165706102
이  란,상용,2025-04-01,44.959544264871305,,16.186710457308237,30.57312736108977
이  란,상용,2025-05-01,63.84327100369529,,14.570658571200994,39.20696478744814
이  란,상용,2025-06-01,50.7225984595207,,13.992915243294874,32.357756851407785
이  란,상용,2025-07-01,49.96279403912246,,13.475257221490978,31.719025630306717
이  란,상용,2025-08-01,47.52223476817929,,14.070736290337834,30.79648552925856
이  란,상용,2025-09-01,52.73430472012942,,17.929450683739503,35.33187770193446
이  란,상용,2025-10-01,70.07737655724671,,13.992915243294874,42.03514590027079
이  란,상용,2025-11-01,70.39177418652571,,13.828248602581823,42.110011394553766
이  란,상용,2025-12-01,53.91743636255875,,13.371631611436186,33.64453398699747
이  란,상용,2026-01-01,47.19230685213738,,6.889845002223211,27.041075927180295
이  란,상용,2026-02-01,48.12152063987256,,3.16145383598149,25.641487237927024
이  란,상용,2026-03-01,55.12960179628333,,1.7639965237304125,28.446799160006872
이  란,유학연수,2025-04-01,13.722137952105884,,15.530142262018664,14.626140107062273
이  란,유학연수,2025-05-01,17.165395365882897,,15.067780374841043,16.11658787036197
이  란,유학연수,2025-06-01,22.423978588952888,,19.326358060786962,20.875168324869925
이  란,유학연수,2025-07-01,30.200187076231913,,23.555090630926085,26.877638853579
이  란,유학연수,2025-08-01,101.46645329358954,,77.20388312046845,89.335168207029
이  란,유학연수,2025-09-01,53.61431270583643,,45.9596274340648,49.78697006995061
이  란,유학연수,2025-10-01,17.732072242624373,,18.91725240127367,18.32466232194902
이  란,유학연수,2025-11-01,21.90745953098086,,16.83077188296466,19.36911570697276
이  란,유학연수,2025-12-01,24.030565881686464,,19.674192285402576,21.85237908354452
이  란,유학연수,2026-01-01,29.104956996761093,,18.933797572429928,24.01937728459551
이  란,유학연수,2026-02-01,90.59009890201527,,64.60858672684691,77.59934281443108
이  란,유학연수,2026-03-01,42.8780166376913,,36.24369151851788,39.56085407810459
이라크,공용,2025-04-01,2.142192889009026,,2.01673086110877,2.079461875058898
이라크,공용,2025-05-01,2.254946069704088,,2.088284775249897,2.1716154224769926
이라크,공용,2025-06-01,1.5471723579547445,,2.171153234704704,1.8591627963297244
이라크,공용,2025-07-01,1.4978049560556785,,2.434473125093918,1.9661390405747983
이라크,공용,2025-08-01,0.530636523949844,,2.2189727906398087,1.3748046572948263
이라크,공용,2025-09-01,5.176057932087099,,9.888861046328334,7.532459489207716
이라크,공용,2025-10-01,1.51208116367074,,1.7320320316168982,1.622056597643819
이라크,공용,2025-11-01,0.48599579315399827,,1.6198677100564423,1.0529317516052203
이라크,공용,2025-12-01,0.6396204645359288,,1.6406416766303624,1.1401310705831456
이라크,공용,2026-01-01,0.7369840162253458,,11.97051935480636,6.353751685515853
이라크,공용,2026-02-01,4.115763945283964,,3.809351089354987,3.9625575173194756
이라크,공용,2026-03-01,3.8690526697624756,,7.112293851267129,5.490673260514802
이라크,관광,2025-04-01,109.10341102245448,,103.74862310449767,106.42601706347608
이라크,관광,2025-05-01,107.26443695783794,,109.7206384721824,108.49253771501017
이라크,관광,2025-06-01,121.12608379842061,,106.62407405144276,113.87507892493169
이라크,관광,2025-07-01,123.77845243244751,,105.6356452642226,114.70704884833506
이라크,관광,2025-08-01,126.25011070442056,,115.02550784678095,120.63780927560076
이라크,관광,2025-09-01,129.0948820180698,,93.6324676346622,111.36367482636601
이라크,관광,2025-10-01,199.91542982208517,,213.99944428873667,206.95743705541094
이라크,관광,2025-11-01,142.02781574483498,,133.23539193034253,137.63160383758876
이라크,관광,2025-12-01,89.08994835892261,,69.09269414060596,79.09132124976429
이라크,관광,2026-01-01,53.77693325932329,,32.0916784068515,42.93430583308739
이라크,관광,2026-02-01,62.85299164304408,,41.8630928334932,52.35804223826864
이라크,관광,2026-03-01,114.16733541737021,,72.48178945860276,93.32456243798649
이라크,기타,2025-04-01,11.490282096574587,,9.49080221397547,10.49054215527503
이라크,기타,2025-05-01,15.011690947288221,,10.543295543481207,12.777493245384715
이라크,기타,2025-06-01,27.34032071785414,,11.449781843027868,19.395051280441002
이라크,기타,2025-07-01,18.63387869677867,,12.325956392528038,15.479917544653354
이라크,기타,2025-08-01,19.06179338985176,,12.638556687473042,15.850175038662401
이라크,기타,2025-09-01,16.95250573395601,,11.772132027460193,14.362318880708102
이라크,기타,2025-10-01,18.92045217069954,,12.118401860202614,15.519427015451077
이라크,기타,2025-11-01,14.859266581161195,,11.747508079930505,13.30338733054585
이라크,기타,2025-12-01,13.361304320589504,,11.01837670569687,12.189840513143187
이라크,기타,2026-01-01,19.623303060231528,,14.804453861055158,17.213878460643343
이라크,기타,2026-02-01,22.960567105649417,,16.679311287737242,19.81993919669333
이라크,기타,2026-03-01,20.611567312547045,,12.903311336146604,16.757439324346826
이라크,유학연수,2025-04-01,0.8391890897294413,,0.7158261969010278,0.7775076433152346
이라크,유학연수,2025-05-01,0.6289882577304646,,0.4152904290631829,0.5221393433968238
이라크,유학연수,2025-06-01,1.6429255667422247,,1.6290531723824198,1.6359893695623222
이라크,유학연수,2025-07-01,2.8734064692063135,,2.2803331506198066,2.57686980991306
이라크,유학연수,2025-08-01,8.964212519448754,,10.936994936434065,9.95060372794141
이라크,유학연수,2025-09-01,3.0435530173607583,,2.6802243364270315,2.861888676893895
이라크,유학연수,2025-10-01,1.83960879794543,,1.6767525340684375,1.758180666006934
이라크,유학연수,2025-11-01,2.141391779072168,,1.0562646261895123,1.5988282026308402
이라크,유학연수,2025-12-01,2.1442274736611004,,1.115309776102106,1.6297686248816032
이라크,유학연수,2026-01-01,3.414047815833286,,2.479687184149806,2.946867499991546
이라크,유학연수,2026-02-01,10.533188180091232,,7.383444598481726,8.958316389286479
이라크,유학연수,2026-03-01,2.646301783776543,,4.252482588987249,3.449392186381896
이라크,상용,2025-04-01,111.4109607014266,,107.98131241148356,109.69613655645509
이라크,상용,2025-05-01,150.33042714157583,,103.88890611937707,127.10966663047645
이라크,상용,2025-06-01,108.8322419722937,,94.36978193987026,101.60101195608198
이라크,상용,2025-07-01,102.57649828375885,,85.17287919872207,93.87468874124046
이라크,상용,2025-08-01,105.44622467858073,,90.89603638531396,98.17113053194734
이라크,상용,2025-09-01,132.97504890670078,,102.49986160296085,117.73745525483082
이라크,상용,2025-10-01,134.6801314485455,,112.01921757698281,123.34967451276415
이라크,상용,2025-11-01,129.14927419310908,,102.15089437209556,115.65008428260232
이라크,상용,2025-12-01,106.6749389821773,,80.16274444361736,93.41884171289732
이라크,상용,2026-01-01,110.32751382809336,,84.17718409140139,97.25234895974737
이라크,상용,2026-02-01,113.51374084044278,,95.28475137158064,104.3992461060117
이라크,상용,2026-03-01,135.94213346707954,,105.46474171634493,120.70343759171223
이스라엘,공용,2025-04-01,7.8282415844044175,,10.72142109137005,9.274831337887234
이스라엘,공용,2025-05-01,8.463471472524176,,9.159777068097805,8.81162427031099
이스라엘,공용,2025-06-01,7.587389391288093,,8.335773233090897,7.961581312189495
이스라엘,공용,2025-07-01,8.126795774774731,,8.350519161206591,8.238657467990661
이스라엘,공용,2025-08-01,11.815011110046095,,8.827321655305148,10.32116638267562
이스라엘,공용,2025-09-01,21.46390838196395,,10.851951909859983,16.157930145911966
이스라엘,공용,2025-10-01,17.885438162851933,,14.039298091961598,15.962368127406766
이스라엘,공용,2025-11-01,12.006457942295427,,15.075613432792757,13.541035687544092
이스라엘,공용,2025-12-01,20.687385606922483,,13.992596936670575,17.339991271796528
이스라엘,공용,2026-01-01,3.363487685365065,,10.107538561125361,6.735513123245213
이스라엘,공용,2026-02-01,6.872325214227485,,10.810609242060448,8.841467228143966
이스라엘,공용,2026-03-01,18.153274244921096,,11.610713738654644,14.88199399178787
이스라엘,관광,2025-04-01,2204.8032025794123,,2335.0035509815198,2269.903376780466
이스라엘,관광,2025-05-01,1877.3665329586345,,1318.52469877246,1597.945615865547
이스라엘,관광,2025-06-01,1467.420184649242,,965.9448136609772,1216.6824991551096
이스라엘,관광,2025-07-01,1616.4030845004786,,1034.2197784466723,1325.3114314735753
이스라엘,관광,2025-08-01,1650.0525782377863,,1270.607065594109,1460.3298219159476
이스라엘,관광,2025-09-01,2151.2479930167206,,1732.6147766671886,1941.9313848419547
이스라엘,관광,2025-10-01,2981.1510895058605,,2127.2294021810594,2554.1902458434597
이스라엘,관광,2025-11-01,1804.8976240068832,,1154.346406825044,1479.6220154159637
이스라엘,관광,2025-12-01,1308.2969454615218,,605.9620723677701,957.129508914646
이스라엘,관광,2026-01-01,1320.9826855806812,,456.2198219910963,888.6012537858887
이스라엘,관광,2026-02-01,1340.974953467068,,296.43337395023354,818.7041637086508
이스라엘,관광,2026-03-01,2385.6754442589777,,615.0896961882966,1500.3825702236372
이스라엘,상용,2025-04-01,2.4317680631667473,,5.247216957530439,3.839492510348593
이스라엘,상용,2025-05-01,2.043429434075052,,5.3924869432401525,3.7179581886576023
이스라엘,상용,2025-06-01,2.1849418769725015,,5.817581582164278,4.00126172956839
이스라엘,상용,2025-07-01,1.4671407993708643,,5.753297912720855,3.6102193560458598
이스라엘,상용,2025-08-01,0.8881861106079116,,6.212885197501612,3.550535654054762
이스라엘,상용,2025-09-01,0.9031369774032341,,6.289278431960559,3.5962077046818965
이스라엘,상용,2025-10-01,1.0041597091806633,,7.171221300764398,4.087690504972531
이스라엘,상용,2025-11-01,0.6661291662115115,,7.2252396379885395,3.9456844021000257
이스라엘,상용,2025-12-01,0.21367638051109075,,6.9916456374481495,3.60266100897962
이스라엘,상용,2026-01-01,-0.07189214631029281,,7.1905628516267805,3.559335352658244
이스라엘,상용,2026-02-01,-0.23121814877987137,,6.959124398004189,3.363953124612159
이스라엘,상용,2026-03-01,-0.6419136994943337,,6.687366121396978,3.0227262109513218
이스라엘,기타,2025-04-01,41.51694938897494,,52.29346663583295,46.905208012403946
이스라엘,기타,2025-05-01,34.49610480430058,,57.545018439332736,46.020561621816654
이스라엘,기타,2025-06-01,33.90125364937373,,58.22252517318613,46.06188941127993
이스라엘,기타,2025-07-01,37.33174125179711,,58.78005468072584,48.055897966261476
이스라엘,기타,2025-08-01,41.55585667691484,,69.33200854536351,55.443932611139175
이스라엘,기타,2025-09-01,30.270681995176336,,54.52004960502913,42.39536580010273
이스라엘,기타,2025-10-01,46.65050597664829,,78.79236452164437,62.72143524914633
이스라엘,기타,2025-11-01,34.00812468483131,,66.08929360151409,50.0487091431727
이스라엘,기타,2025-12-01,25.488725212141805,,59.68110635929709,42.584915785719446
이스라엘,기타,2026-01-01,35.27632968531085,,69.62409550515909,52.45021259523497
이스라엘,기타,2026-02-01,22.80224768065845,,51.001799272679094,36.902023476668774
이스라엘,기타,2026-03-01,29.004468415934078,,54.69798431619142,41.85122636606275
이스라엘,유학연수,2025-04-01,3.1639668373274494,,4.15621492253567,3.66009087993156
이스라엘,유학연수,2025-05-01,7.023121481837689,,4.685005117514409,5.854063299676049
이스라엘,유학연수,2025-06-01,5.636209327532186,,4.650840205063173,5.14352476629768
이스라엘,유학연수,2025-07-01,4.842553384155189,,4.682502049451738,4.762527716803463
이스라엘,유학연수,2025-08-01,42.41066714902034,,28.20428898326796,35.30747806614415
이스라엘,유학연수,2025-09-01,8.207743461274537,,5.510700503564218,6.859221982419378
이스라엘,유학연수,2025-10-01,6.9179877288235625,,5.162207757555168,6.040097743189365
이스라엘,유학연수,2025-11-01,7.877842769427589,,6.010361280232964,6.9441020248302765
이스라엘,유학연수,2025-12-01,8.018796864487935,,5.776255585225453,6.897526224856694
이스라엘,유학연수,2026-01-01,11.193755415235662,,6.08523215973661,8.639493787486137
이스라엘,유학연수,2026-02-01,23.990534457738203,,15.866569784122678,19.92855212093044
이스라엘,유학연수,2026-03-01,5.372925238919206,,4.426600254172075,4.89976274654564
이집트,공용,2025-04-01,-0.2587728530135554,,5.000030124722255,2.37062863585435
이집트,공용,2025-05-01,1.2158293997058691,,4.768311814884192,2.9920706072950303
이집트,공용,2025-06-01,2.339243511384565,,5.227461686049763,3.7833525987171637
이집트,공용,2025-07-01,3.914906456568002,,4.701391184188357,4.30814882037818
이집트,공용,2025-08-01,13.620414945342489,,1.433791892383398,7.527103418862944
이집트,공용,2025-09-01,3.7625978634416826,,4.607867170158177,4.18523251679993
이집트,공용,2025-10-01,2.3589149823026943,,14.457307827938827,8.40811140512076
이집트,공용,2025-11-01,0.6589558608257318,,8.266054991296556,4.462505426061144
이집트,공용,2025-12-01,0.5554713748081301,,4.014867729367512,2.285169552087821
이집트,공용,2026-01-01,0.6359607117199682,,2.2622789715414653,1.4491198416307167
이집트,공용,2026-02-01,1.4553291903647787,,3.3407237822973985,2.3980264863310885
이집트,공용,2026-03-01,5.525073399588767,,4.832849392287597,5.178961395938182
이집트,관광,2025-04-01,261.18572836563783,,169.06558753955983,215.12565795259883
이집트,관광,2025-05-01,296.20139629252003,,180.85912808501175,238.5302621887659
이집트,관광,2025-06-01,240.3974519813269,,197.1006690044456,218.74906049288626
이집트,관광,2025-07-01,267.37657946858496,,213.050745668572,240.21366256857848
이집트,관광,2025-08-01,221.39617987631956,,208.1487703334421,214.7724751048808
이집트,관광,2025-09-01,276.76151758012077,,213.56690130772432,245.16420944392254
이집트,관광,2025-10-01,323.90409093633866,,228.5743703205008,276.2392306284197
이집트,관광,2025-11-01,305.77568473253,,205.3907380738951,255.58321140321254
이집트,관광,2025-12-01,236.72769577394044,,156.79078102750395,196.7592384007222
이집트,관광,2026-01-01,189.97264285978756,,115.83617006144864,152.9044064606181
이집트,관광,2026-02-01,231.8350355301983,,113.79660699328487,172.81582126174158
이집트,관광,2026-03-01,314.2609295022256,,137.64040077802923,225.95066514012743
이집트,기타,2025-04-01,210.28573724511148,,184.76525115683978,197.52549420097563
이집트,기타,2025-05-01,222.95080677559935,,200.66609891705298,211.80845284632616
이집트,기타,2025-06-01,219.0223457005902,,207.7819599663891,213.40215283348965
이집트,기타,2025-07-01,247.88204983115864,,215.7901471957812,231.83609851346992
이집트,기타,2025-08-01,276.9522828992433,,242.2233583943253,259.5878206467843
이집트,기타,2025-09-01,276.54171042683845,,262.92572011484157,269.73371527084
이집트,기타,2025-10-01,272.1482391758954,,250.34177475175557,261.2450069638255
이집트,기타,2025-11-01,229.37349881649055,,192.26771587220298,210.82060734434677
이집트,기타,2025-12-01,237.75626084804014,,166.00206088046812,201.87916086425412
이집트,기타,2026-01-01,229.70446643584552,,173.78857736170468,201.7465218987751
이집트,기타,2026-02-01,240.75596669759676,,190.1552260509477,215.45559637427223
이집트,기타,2026-03-01,253.77073153929354,,193.0241692833315,223.39745041131252
이집트,상용,2025-04-01,122.5974126475416,,65.53725233986955,94.06733249370558
이집트,상용,2025-05-01,138.17854689835616,,61.2865103303336,99.73252861434489
이집트,상용,2025-06-01,139.88549669717068,,60.06904695431829,99.97727182574448
이집트,상용,2025-07-01,122.21945608232214,,55.39912875545376,88.80929241888795
이집트,상용,2025-08-01,104.75382331472059,,53.967021240019434,79.36042227737002
이집트,상용,2025-09-01,156.03963429121998,,92.9762050319945,124.50791966160725
이집트,상용,2025-10-01,213.77556682934716,,125.13101965625151,169.45329324279933
이집트,상용,2025-11-01,200.7416798980839,,131.88773764114774,166.31470876961583
이집트,상용,2025-12-01,134.0121864200818,,110.80792507944136,122.41005574976158
이집트,상용,2026-01-01,159.8232967890181,,110.40689623415969,135.1150965115889
이집트,상용,2026-02-01,144.56457847572983,,126.2767236412093,135.42065105846956
이집트,상용,2026-03-01,163.8491673595643,,131.6732644911465,147.7612159253554
이집트,유학연수,2025-04-01,6.161926561206376,,13.053067447337208,9.607497004271792
이집트,유학연수,2025-05-01,9.181210365542293,,8.278033742951337,8.729622054246814
이집트,유학연수,2025-06-01,9.610966998445923,,6.299859309540241,7.9554131539930815
이집트,유학연수,2025-07-01,16.80262954361587,,5.981901506820283,11.392265525218075
이집트,유학연수,2025-08-01,83.0268499577772,,49.45902877641141,66.24293936709431
이집트,유학연수,2025-09-01,29.018664538440408,,20.67651412340247,24.847589330921437
이집트,유학연수,2025-10-01,8.48058391132246,,13.711625566374318,11.096104738848389
이집트,유학연수,2025-11-01,8.987418192211267,,8.352052673628991,8.66973543292013
이집트,유학연수,2025-12-01,12.435065591047152,,7.05488159767043,9.744973594358791
이집트,유학연수,2026-01-01,21.888517979757626,,19.053870305055852,20.471194142406738
이집트,유학연수,2026-02-01,69.56097100396018,,43.83497964676361,56.697975325361895
이집트,유학연수,2026-03-01,32.205942920557256,,16.407579147672173,24.306761034114714
이탈리아,공용,2025-04-01,10.145567184806994,,8.555303305199416,9.350435245003204
이탈리아,공용,2025-05-01,11.297745291269347,,9.79813735028274,10.547941320776044
이탈리아,공용,2025-06-01,10.288166307539614,,10.747462458269142,10.517814382904378
이탈리아,공용,2025-07-01,10.113926729153869,,11.714693656072468,10.914310192613168
이탈리아,공용,2025-08-01,15.944071120424603,,15.90684050045943,15.925455810442017
이탈리아,공용,2025-09-01,15.600886117893571,,12.959040629324013,14.279963373608792
이탈리아,공용,2025-10-01,12.188988206224835,,10.802550968717771,11.495769587471303
이탈리아,공용,2025-11-01,10.356724656319551,,9.338473050064346,9.847598853191949
이탈리아,공용,2025-12-01,9.34438835229884,,9.714743163356065,9.529565757827452
이탈리아,공용,2026-01-01,15.531092587895689,,14.110666163920099,14.820879375907893
이탈리아,공용,2026-02-01,9.500457307703716,,10.384020706808524,9.94223900725612
이탈리아,공용,2026-03-01,10.875897134947122,,8.769868919513938,9.82288302723053
이탈리아,관광,2025-04-01,6361.723435287479,,5587.991215404394,5974.857325345936
이탈리아,관광,2025-05-01,6115.931326301132,,4735.343036041568,5425.63718117135
이탈리아,관광,2025-06-01,5501.934001194558,,3742.6194197144378,4622.276710454498
이탈리아,관광,2025-07-01,5895.512927282881,,3672.948051553265,4784.2304894180725
이탈리아,관광,2025-08-01,7944.544172505926,,7850.303134303754,7897.42365340484
이탈리아,관광,2025-09-01,6330.991815228011,,4035.056946771847,5183.024380999928
이탈리아,관광,2025-10-01,8065.392905321734,,5687.438598583392,6876.415751952563
이탈리아,관광,2025-11-01,7067.772679191984,,4786.985497980667,5927.379088586325
이탈리아,관광,2025-12-01,4451.445422707553,,2902.612716277861,3677.029069492707
이탈리아,관광,2026-01-01,4026.83845784728,,1915.0283765797617,2970.933417213521
이탈리아,관광,2026-02-01,4260.763625217507,,1854.9525954454718,3057.8581103314896
이탈리아,관광,2026-03-01,7059.893982518009,,4092.2601735983917,5576.077078058201
이탈리아,기타,2025-04-01,803.866153170792,,845.0983049657106,824.4822290682513
이탈리아,기타,2025-05-01,1117.5065364527388,,1046.0873320695484,1081.7969342611436
이탈리아,기타,2025-06-01,1111.2243862522291,,1117.8253490808174,1114.5248676665233
이탈리아,기타,2025-07-01,1100.2225778893937,,1015.6775056429195,1057.9500417661566
이탈리아,기타,2025-08-01,1204.925801553987,,1030.7218807422068,1117.823841148097
이탈리아,기타,2025-09-01,1194.384949353656,,989.9130671343412,1092.1490082439987
이탈리아,기타,2025-10-01,1022.9983198977898,,858.4233646144211,940.7108422561055
이탈리아,기타,2025-11-01,878.5168467814649,,616.6967536984724,747.6068002399686
이탈리아,기타,2025-12-01,709.0582129340527,,443.2650040490565,576.1616084915546
이탈리아,기타,2026-01-01,726.473741568842,,429.9008681013867,578.1873048351143
이탈리아,기타,2026-02-01,743.305868508826,,462.70550448487995,603.0056864968531
이탈리아,기타,2026-03-01,928.4487323623212,,564.3352429066417,746.3919876344814
이탈리아,상용,2025-04-01,45.82755973159456,,63.95717709314658,54.89236841237057
이탈리아,상용,2025-05-01,48.2896811829569,,71.09781163045184,59.69374640670437
이탈리아,상용,2025-06-01,43.0275407022664,,74.13219720312263,58.57986895269451
이탈리아,상용,2025-07-01,41.93457989758356,,74.83692761374284,58.3857537556632
이탈리아,상용,2025-08-01,49.74800897817034,,84.52276495575524,67.13538696696278
이탈리아,상용,2025-09-01,54.278989093459266,,114.02514894732855,84.15206902039391
이탈리아,상용,2025-10-01,47.192370441819556,,85.59512165332588,66.39374604757272
이탈리아,상용,2025-11-01,43.56515208316826,,66.05239250266007,54.80877229291416
이탈리아,상용,2025-12-01,33.1961671260716,,54.35313878995859,43.774652958015096
이탈리아,상용,2026-01-01,79.57127082404116,,135.48872641897287,107.52999862150702
이탈리아,상용,2026-02-01,44.01120326249353,,63.35099419413929,53.681098728316414
이탈리아,상용,2026-03-01,48.090853234218315,,66.56700293236355,57.32892808329093
이탈리아,유학연수,2025-04-01,21.42746932524267,,53.104066655280235,37.26576799026145
이탈리아,유학연수,2025-05-01,71.26327652031779,,52.739057634599305,62.00116707745855
이탈리아,유학연수,2025-06-01,66.1079044505684,,51.49285982689866,58.800382138733525
이탈리아,유학연수,2025-07-01,56.262231513134346,,51.301400954498334,53.78181623381634
이탈리아,유학연수,2025-08-01,428.5940400699795,,321.2797515672812,374.9368958186303
이탈리아,유학연수,2025-09-01,58.41273992118905,,62.85181043875063,60.63227517996984
이탈리아,유학연수,2025-10-01,35.27102392020684,,86.65826220769269,60.964643063949765
이탈리아,유학연수,2025-11-01,112.82913296959194,,119.95444361224921,116.39178829092057
이탈리아,유학연수,2025-12-01,99.76093966432587,,121.31431936043435,110.53762951238011
이탈리아,유학연수,2026-01-01,97.53399818973887,,93.12316932432424,95.32858375703155
이탈리아,유학연수,2026-02-01,276.7451643329491,,214.49223744050286,245.618700886726
이탈리아,유학연수,2026-03-01,58.880624054744295,,53.05571233515381,55.96816819494905
인  도,공용,2025-04-01,46.65874291925351,,65.09104320716355,55.87489306320853
인  도,공용,2025-05-01,93.98329828961195,,110.36874822124595,102.17602325542896
인  도,공용,2025-06-01,97.35579625910904,,86.6743792618704,92.01508776048972
인  도,공용,2025-07-01,64.91934649035615,,58.01770945129212,61.468527970824134
인  도,공용,2025-08-01,96.14078383507136,,79.66705387783077,87.90391885645107
인  도,공용,2025-09-01,109.27688158728732,,103.22349283004826,106.2501872086678
인  도,공용,2025-10-01,100.36564467569139,,102.418570924762,101.39210780022668
인  도,공용,2025-11-01,76.17420691982322,,66.19233338004123,71.18327014993223
인  도,공용,2025-12-01,45.443952920468895,,39.9400870220757,42.6920199712723
인  도,공용,2026-01-01,50.20353194672454,,39.20552516607217,44.70452855639836
인  도,공용,2026-02-01,50.617555260632294,,37.21696010647553,43.91725768355391
인  도,공용,2026-03-01,52.07421847087756,,36.324609794757414,44.19941413281749
인  도,관광,2025-04-01,5679.327207764411,,5850.717366942756,5765.022287353583
인  도,관광,2025-05-01,6658.358284778894,,5427.60276736402,6042.980526071457
인  도,관광,2025-06-01,6308.453086658313,,4536.1717314944035,5422.312409076358
인  도,관광,2025-07-01,5363.365029618275,,3674.2738319340488,4518.819430776162
인  도,관광,2025-08-01,5378.436872662969,,3087.292857508524,4232.864865085747
인  도,관광,2025-09-01,6558.15208169165,,3479.830115540653,5018.991098616151
인  도,관광,2025-10-01,7200.450503530417,,4210.453961292382,5705.4522324114
인  도,관광,2025-11-01,5906.259330233422,,4322.152203389984,5114.205766811703
인  도,관광,2025-12-01,5395.5830963018825,,4551.7457628415395,4973.664429571711
인  도,관광,2026-01-01,4636.720922147581,,3460.2719328180174,4048.4964274827994
인  도,관광,2026-02-01,3855.740158976088,,3836.708441420844,3846.224300198466
인  도,관광,2026-03-01,5763.462867680382,,5012.890115888422,5388.176491784402
인  도,기타,2025-04-01,8363.401643241212,,10024.00414536153,9193.702894301372
인  도,기타,2025-05-01,10116.692221436439,,12029.615712193347,11073.153966814893
인  도,기타,2025-06-01,10733.652781264587,,13061.144413284157,11897.398597274372
인  도,기타,2025-07-01,10583.356359957495,,13184.17743941478,11883.766899686138
인  도,기타,2025-08-01,13600.36983741632,,13873.040246818731,13736.705042117526
인  도,기타,2025-09-01,11297.697560290686,,12897.919348962245,12097.808454626465
인  도,기타,2025-10-01,10330.446314391556,,10170.650821454241,10250.548567922899
인  도,기타,2025-11-01,7898.537681439703,,8446.505140199284,8172.521410819494
인  도,기타,2025-12-01,7061.871024928515,,7221.187819010786,7141.529421969651
인  도,기타,2026-01-01,7502.196341919583,,6776.428063686948,7139.312202803265
인  도,기타,2026-02-01,7449.119638200672,,6277.38287355122,6863.251255875946
인  도,기타,2026-03-01,9882.37734510803,,6131.815140907816,8007.0962430079235
인  도,상용,2025-04-01,2649.815412451125,,2160.5976401854136,2405.2065263182694
인  도,상용,2025-05-01,2810.236569001318,,2230.1175875421227,2520.1770782717203
인  도,상용,2025-06-01,2599.511355058832,,2146.491553464767,2373.0014542617996
인  도,상용,2025-07-01,2584.7965675191103,,2040.8203248579275,2312.808446188519
인  도,상용,2025-08-01,2680.9286783966845,,2100.1772577723323,2390.5529680845084
인  도,상용,2025-09-01,2945.3291189491774,,2240.7119595775944,2593.020539263386
인  도,상용,2025-10-01,3113.0125543477434,,2424.221331115063,2768.6169427314035
인  도,상용,2025-11-01,3221.564918376456,,2401.8869070153487,2811.7259126959025
인  도,상용,2025-12-01,2336.8338315355586,,1775.135535495043,2055.9846835153007
인  도,상용,2026-01-01,2514.4482741775873,,1847.9572424778075,2181.2027583276977
인  도,상용,2026-02-01,2553.780014931328,,1928.8787971530228,2241.3294060421754
인  도,상용,2026-03-01,3197.6974346950797,,2239.900749061752,2718.7990918784158
인  도,유학연수,2025-04-01,96.81662225511805,,79.94998571463249,88.38330398487527
인  도,유학연수,2025-05-01,122.44570390979355,,64.64423092198774,93.54496741589065
인  도,유학연수,2025-06-01,167.18787266837097,,124.17802954838726,145.68295110837911
인  도,유학연수,2025-07-01,216.74442332429874,,191.35253144875887,204.04847738652882
인  도,유학연수,2025-08-01,616.5931941580108,,476.32239814075615,546.4577961493835
인  도,유학연수,2025-09-01,291.9821577732742,,219.22690983434245,255.60453380380832
인  도,유학연수,2025-10-01,125.06925318483518,,157.5850645797443,141.32715888228975
인  도,유학연수,2025-11-01,164.0360001941875,,251.78540722144703,207.91070370781728
인  도,유학연수,2025-12-01,150.4072122975656,,131.5104026593525,140.95880747845905
인  도,유학연수,2026-01-01,288.0599514516283,,191.6181827048888,239.83906707825855
인  도,유학연수,2026-02-01,745.6055351315715,,476.00455744746915,610.8050462895203
인  도,유학연수,2026-03-01,361.6573662006481,,427.6388273805618,394.64809679060494
인도네시아,공용,2025-04-01,249.873993605469,,47.352391527395014,148.61319256643202
인도네시아,공용,2025-05-01,434.5673955633227,,70.33208236796354,252.44973896564312
인도네시아,공용,2025-06-01,496.19685550402704,,65.49876672658523,280.8478111153061
인도네시아,공용,2025-07-01,447.70970764745283,,67.04059639615791,257.3751520218054
인도네시아,공용,2025-08-01,398.93078577928367,,79.55268195302318,239.24173386615342
인도네시아,공용,2025-09-01,517.5998834465236,,106.74475538946442,312.172319417994
인도네시아,공용,2025-10-01,549.8610387807709,,157.7483018310047,353.8046703058878
인도네시아,공용,2025-11-01,540.9951683079753,,180.17790183256193,360.5865350702686
인도네시아,공용,2025-12-01,342.4012663809323,,130.72133996912078,236.56130317502655
인도네시아,공용,2026-01-01,130.55178642728305,,47.23935001488522,88.89556822108413
인도네시아,공용,2026-02-01,160.44721105807895,,71.18578026428415,115.81649566118155
인도네시아,공용,2026-03-01,175.71717635596934,,101.45305537738359,138.58511586667646
인도네시아,관광,2025-04-01,26715.098674704786,,18816.82504224094,22765.961858472863
인도네시아,관광,2025-05-01,19781.882292845352,,16297.43177403294,18039.657033439147
인도네시아,관광,2025-06-01,20709.698409802517,,13416.04453680771,17062.871473305113
인도네시아,관광,2025-07-01,15943.842257455766,,10449.718674908796,13196.780466182281
인도네시아,관광,2025-08-01,13320.286717650912,,7474.569998793328,10397.42835822212
인도네시아,관광,2025-09-01,16230.408043479118,,12882.227867804051,14556.317955641585
인도네시아,관광,2025-10-01,24948.273893871676,,17431.295772722693,21189.784833297184
인도네시아,관광,2025-11-01,23482.858857033614,,16095.11878382401,19788.98882042881
인도네시아,관광,2025-12-01,34197.09212400834,,21638.95443580317,27918.023279905756
인도네시아,관광,2026-01-01,20906.217172353958,,13570.13824243616,17238.177707395058
인도네시아,관광,2026-02-01,18315.615675994148,,12040.809712316917,15178.212694155533
인도네시아,관광,2026-03-01,24858.117330492132,,14657.455738817454,19757.78653465479
인도네시아,기타,2025-04-01,15231.824382524463,,14157.384247334474,14694.604314929467
인도네시아,기타,2025-05-01,16016.366352191299,,14682.482559277647,15349.424455734472
인도네시아,기타,2025-06-01,16217.947582196335,,14414.696784071702,15316.32218313402
인도네시아,기타,2025-07-01,15451.103939098863,,14529.23751491129,14990.170727005076
인도네시아,기타,2025-08-01,17465.797132846652,,15954.387604989257,16710.092368917954
인도네시아,기타,2025-09-01,16144.564810559168,,15660.48940803232,15902.527109295745
인도네시아,기타,2025-10-01,16397.451591301935,,13966.418014065757,15181.934802683845
인도네시아,기타,2025-11-01,13069.16922691067,,11449.699125897108,12259.434176403889
인도네시아,기타,2025-12-01,12466.562436928958,,9941.251531748301,11203.90698433863
인도네시아,기타,2026-01-01,12414.671807143797,,9827.126161191798,11120.898984167798
인도네시아,기타,2026-02-01,12166.744146622983,,9021.538840441974,10594.14149353248
인도네시아,기타,2026-03-01,14416.998308650755,,8799.009766194285,11608.004037422521
인도네시아,상용,2025-04-01,285.1323997935153,,260.96166843575327,273.04703411463424
인도네시아,상용,2025-05-01,316.32476876505376,,253.3948670618152,284.8598179134345
인도네시아,상용,2025-06-01,287.74880436452594,,240.35625377326448,264.0525290688952
인도네시아,상용,2025-07-01,259.7588527133134,,229.2456395542332,244.5022461337733
인도네시아,상용,2025-08-01,235.01892524600459,,232.43351513544985,233.72622019072722
인도네시아,상용,2025-09-01,302.78323047911505,,283.1381086255912,292.9606695523531
인도네시아,상용,2025-10-01,365.90832405210483,,313.5518204431732,339.730072247639
인도네시아,상용,2025-11-01,365.22089348702565,,297.8666352947557,331.5437643908907
인도네시아,상용,2025-12-01,242.8378231118557,,238.98472593486855,240.91127452336212
인도네시아,상용,2026-01-01,220.59311185200963,,217.9202628164266,219.2566873342181
인도네시아,상용,2026-02-01,255.87235218737507,,227.71480720689496,241.79357969713502
인도네시아,상용,2026-03-01,351.62761457336063,,301.28332352618725,326.4554690497739
인도네시아,유학연수,2025-04-01,127.92913570464015,,138.67495100082888,133.30204335273453
인도네시아,유학연수,2025-05-01,161.12833825936102,,134.3377667803593,147.73305251986017
인도네시아,유학연수,2025-06-01,243.74071073752702,,198.48526262031805,221.11298667892254
인도네시아,유학연수,2025-07-01,371.2144165870658,,433.01697934431184,402.1156979656888
인도네시아,유학연수,2025-08-01,1667.3782641016628,,1365.1696050681628,1516.2739345849127
인도네시아,유학연수,2025-09-01,446.51620747919657,,422.6632829838262,434.5897452315114
인도네시아,유학연수,2025-10-01,166.90278737718782,,220.31718342588692,193.60998540153736
인도네시아,유학연수,2025-11-01,199.79125686446685,,172.09331763095898,185.9422872477129
인도네시아,유학연수,2025-12-01,235.7438438304328,,204.95382942811906,220.34883662927592
인도네시아,유학연수,2026-01-01,341.50805042016566,,200.92821810193755,271.2181342610516
인도네시아,유학연수,2026-02-01,1448.1610907533086,,997.5189745631691,1222.840032658239
인도네시아,유학연수,2026-03-01,452.91428955039817,,348.5056063775668,400.7099479639825
일  본,공용,2025-04-01,220.60624985907526,,143.18511824473222,181.89568405190374
일  본,공용,2025-05-01,200.6851668467534,,138.38447594628485,169.53482139651913
일  본,공용,2025-06-01,257.3482257840665,,158.9006651467053,208.12444546538592
일  본,공용,2025-07-01,227.25139788112787,,157.83978036280715,192.5455891219675
일  본,공용,2025-08-01,285.3061655555333,,171.46166161837553,228.3839135869544
일  본,공용,2025-09-01,344.75164268709636,,199.23272277774205,271.9921827324192
일  본,공용,2025-10-01,574.9710696333061,,371.0987645958456,473.0349171145758
일  본,공용,2025-11-01,631.3043737566046,,517.7779555515176,574.541164654061
일  본,공용,2025-12-01,246.1988966717388,,127.69219128069348,186.94554397621613
일  본,공용,2026-01-01,261.6833613186406,,137.3852156005722,199.5342884596064
일  본,공용,2026-02-01,224.1338876463966,,137.4175062765849,180.77569696149075
일  본,공용,2026-03-01,331.1606361940415,,146.8322243211969,238.99643025761918
일  본,관광,2025-04-01,301755.8327116134,,246994.36122140795,274375.09696651064
일  본,관광,2025-05-01,318920.2995323496,,244516.64272807195,281718.4711302108
일  본,관광,2025-06-01,314265.96480817586,,247308.17347697128,280787.0691425736
일  본,관광,2025-07-01,321994.7492316768,,252294.1319150728,287144.4405733748
일  본,관광,2025-08-01,396547.52683276916,,281553.9151703125,339050.72100154083
일  본,관광,2025-09-01,387387.9716051624,,258377.40491114417,322882.68825815327
일  본,관광,2025-10-01,400145.6722705034,,248717.0421907634,324431.3572306334
일  본,관광,2025-11-01,402117.9783511478,,244626.45210421213,323372.21522767993
일  본,관광,2025-12-01,365758.4857404334,,195613.57826589025,280686.03200316185
일  본,관광,2026-01-01,305124.64393620193,,164755.28567388686,234939.9648050444
일  본,관광,2026-02-01,350100.03957372095,,141526.82851926697,245813.43404649396
일  본,관광,2026-03-01,493085.04042851244,,114759.92376970928,303922.48209911084
일  본,기타,2025-04-01,3709.987955760573,,3479.4638897355567,3594.725922748065
일  본,기타,2025-05-01,5143.924932030932,,3541.6673930840784,4342.796162557505
일  본,기타,2025-06-01,3405.0500540197486,,3608.631625949409,3506.840839984579
일  본,기타,2025-07-01,3684.206905639094,,3621.993238221993,3653.100071930544
일  본,기타,2025-08-01,5128.553385431414,,4134.238969433887,4631.396177432651
일  본,기타,2025-09-01,4276.892226912454,,4108.612612171245,4192.75241954185
일  본,기타,2025-10-01,4626.416335750219,,4196.929266593534,4411.672801171877
일  본,기타,2025-11-01,3514.694034883654,,3630.9578668573013,3572.8259508704778
일  본,기타,2025-12-01,3308.4204221569166,,3587.877732322913,3448.1490772399147
일  본,기타,2026-01-01,4189.8002134242915,,4159.72797974198,4174.764096583136
일  본,기타,2026-02-01,3640.6116626652497,,3679.233672018639,3659.9226673419444
일  본,기타,2026-03-01,3845.3388832829137,,3718.8256082928697,3782.0822457878917
일  본,유학연수,2025-04-01,487.8413081637097,,492.7316180623037,490.2864631130067
일  본,유학연수,2025-05-01,1049.1911244083915,,500.60285189144633,774.8969881499189
일  본,유학연수,2025-06-01,1072.0419964551415,,593.8708356939031,832.9564160745224
일  본,유학연수,2025-07-01,935.2421802013,,640.0023934523205,787.6222868268103
일  본,유학연수,2025-08-01,3971.994757904861,,2522.335357289873,3247.165057597367
일  본,유학연수,2025-09-01,1567.9619947004194,,608.037620061949,1087.9998073811842
일  본,유학연수,2025-10-01,701.8075855999352,,289.541608989838,495.6745972948866
일  본,유학연수,2025-11-01,960.6599845942451,,796.6753272577882,878.6676559260167
일  본,유학연수,2025-12-01,942.302474360358,,660.3375641047816,801.3200192325698
일  본,유학연수,2026-01-01,1596.768179603215,,983.2695696337487,1290.0188746184817
일  본,유학연수,2026-02-01,3691.4718022157563,,2460.83399673416,3076.152899474958
일  본,유학연수,2026-03-01,1671.8244868732588,,1125.2836298501472,1398.554058361703
일  본,상용,2025-04-01,1377.5389585041128,,1476.4157299871717,1426.9773442456421
일  본,상용,2025-05-01,1783.188013689007,,1712.5154385783073,1747.8517261336572
일  본,상용,2025-06-01,1477.942898422063,,1773.9984920310926,1625.9706952265778
일  본,상용,2025-07-01,1453.4762000110236,,1654.3047768061892,1553.8904884086064
일  본,상용,2025-08-01,1727.4198404501533,,1651.2587187644183,1689.3392796072858
일  본,상용,2025-09-01,1681.3888491937623,,1640.3052360694155,1660.847042631589
일  본,상용,2025-10-01,1703.1188218689663,,1648.001616064378,1675.560218966672
일  본,상용,2025-11-01,1636.0417908309564,,1482.7846163913728,1559.4132036111646
일  본,상용,2025-12-01,1507.9859858429631,,1425.3040070093402,1466.6449964261517
일  본,상용,2026-01-01,2125.0856012893537,,1815.582933236857,1970.3342672631052
일  본,상용,2026-02-01,1837.0600483484661,,1565.4026233150098,1701.2313358317379
일  본,상용,2026-03-01,1762.6667879031982,,1398.9165669468296,1580.7916774250139
중  국,공용,2025-04-01,395.39654608172253,,351.0364283171691,373.21648719944585
중  국,공용,2025-05-01,503.57663586889623,,452.70882618336054,478.1427310261284
중  국,공용,2025-06-01,533.2237455845743,,451.50358731402196,492.36366644929814
중  국,공용,2025-07-01,430.9473773599356,,364.55320083741447,397.750289098675
중  국,공용,2025-08-01,354.5278736720974,,257.74081664875825,306.13434516042787
중  국,공용,2025-09-01,530.1713561256267,,392.72110023614016,461.44622818088345
중  국,공용,2025-10-01,725.8670549827259,,561.2645124170533,643.5657836998896
중  국,공용,2025-11-01,658.3444739804007,,431.33603409247326,544.840254036437
중  국,공용,2025-12-01,423.71984278169447,,225.91203855511506,324.8159406684048
중  국,공용,2026-01-01,167.84840526087265,,68.3803865714028,118.11439591613772
중  국,공용,2026-02-01,200.67225555681384,,80.44969777927611,140.560976668045
중  국,공용,2026-03-01,385.8938435949548,,156.96255228550353,271.42819794022915
중  국,관광,2025-04-01,362968.5699452862,,403685.3737695635,383326.9718574248
중  국,관광,2025-05-01,354632.529164706,,399298.4541227671,376965.49164373655
중  국,관광,2025-06-01,354111.08100036025,,395821.78581298,374966.4334066701
중  국,관광,2025-07-01,422997.29692717094,,449950.4973797175,436473.89715344424
중  국,관광,2025-08-01,427096.65521042334,,501583.51715065166,464340.0861805375
중  국,관광,2025-09-01,378582.14103212184,,421987.5677908177,400284.8544114698
중  국,관광,2025-10-01,403876.7261835362,,408723.12684806075,406299.92651579843
중  국,관광,2025-11-01,342753.7341964083,,336693.8133772485,339723.7737868284
중  국,관광,2025-12-01,366397.46830300166,,312598.839884895,339498.1540939483
중  국,관광,2026-01-01,399352.92247690685,,314200.0561884026,356776.48933265475
중  국,관광,2026-02-01,381392.3113588254,,282558.12935552624,331975.2203571758
중  국,관광,2026-03-01,398465.1303934899,,285451.7726889597,341958.45154122484
중  국,상용,2025-04-01,4004.033918151285,,3223.876404142627,3613.955161146956
중  국,상용,2025-05-01,4243.248418117141,,3103.9123511744197,3673.58038464578
중  국,상용,2025-06-01,4503.44425487888,,2529.1322424482732,3516.2882486635767
중  국,상용,2025-07-01,5238.856713948926,,2138.4980237172213,3688.6773688330736
중  국,상용,2025-08-01,4667.586294522915,,2183.4334274151342,3425.5098609690244
중  국,상용,2025-09-01,5071.275107099842,,2864.6944748994188,3967.9847909996306
중  국,상용,2025-10-01,4976.669685970561,,2775.6235879826936,3876.146636976627
중  국,상용,2025-11-01,5066.929626934429,,2598.948791082601,3832.939209008515
중  국,상용,2025-12-01,4868.678257072984,,1946.0564931777444,3407.367375125364
중  국,상용,2026-01-01,4001.219516155286,,1497.1159460699864,2749.167731112636
중  국,상용,2026-02-01,3564.2229046784314,,1262.1874191371207,2413.205161907776
중  국,상용,2026-03-01,4951.961733676755,,1105.547726688308,3028.7547301825316
중  국,기타,2025-04-01,53101.53876680796,,43992.638590545546,48547.08867867675
중  국,기타,2025-05-01,53251.77999793274,,38330.15792868245,45790.96896330759
중  국,기타,2025-06-01,57917.56105512522,,40363.409738400704,49140.48539676296
중  국,기타,2025-07-01,65384.464323901855,,49277.31120482519,57330.88776436352
중  국,기타,2025-08-01,74310.94512169325,,58844.84802849288,66577.89657509307
중  국,기타,2025-09-01,71913.68238327051,,62565.324282351656,67239.50333281109
중  국,기타,2025-10-01,67121.96212665045,,56832.25127775425,61977.10670220235
중  국,기타,2025-11-01,51383.680433221096,,48334.98880384544,49859.33461853326
중  국,기타,2025-12-01,50984.337332960466,,45136.004054685734,48060.1706938231
중  국,기타,2026-01-01,53571.431841256184,,47974.026032163834,50772.72893671001
중  국,기타,2026-02-01,69285.98067350127,,54923.80180329545,62104.891238398355
중  국,기타,2026-03-01,72887.29058034785,,58050.478020402836,65468.88430037534
중  국,유학연수,2025-04-01,9182.551491145674,,9470.669204866692,9326.610348006183
중  국,유학연수,2025-05-01,14750.860528975665,,12745.142592019447,13748.001560497556
중  국,유학연수,2025-06-01,13891.63394785543,,10759.574438406464,12325.604193130946
중  국,유학연수,2025-07-01,11522.076954808928,,7551.374421518558,9536.725688163744
중  국,유학연수,2025-08-01,56627.82340903803,,44028.40212641057,50328.1127677243
중  국,유학연수,2025-09-01,30930.23751668925,,26816.563220477565,28873.400368583407
중  국,유학연수,2025-10-01,14358.426169861794,,14955.18632356102,14656.806246711407
중  국,유학연수,2025-11-01,12779.71385964613,,11752.308356397534,12266.011108021832
중  국,유학연수,2025-12-01,14656.923213622244,,13699.065704752762,14177.994459187503
중  국,유학연수,2026-01-01,9786.133709223004,,10069.490059805697,9927.81188451435
중  국,유학연수,2026-02-01,62139.26313508801,,35977.79137915481,49058.527257121415
중  국,유학연수,2026-03-01,41692.350368224106,,29332.897540145223,35512.623954184666
칠  레,공용,2025-04-01,0.661312641658348,,2.7505552180996413,1.7059339298789946
칠  레,공용,2025-05-01,0.15697010999636216,,1.6122847752043417,0.8846274426003519
칠  레,공용,2025-06-01,0.7928731633720274,,2.376847788989057,1.584860476180542
칠  레,공용,2025-07-01,0.3276287357592563,,2.5502729156750545,1.4389508257171555
칠  레,공용,2025-08-01,0.4907226461367282,,0.8834490858765868,0.6870858660066574
칠  레,공용,2025-09-01,2.5957185229146513,,1.4102064694312635,2.0029624961729575
칠  레,공용,2025-10-01,3.723655926608279,,5.294687240673203,4.509171583640741
칠  레,공용,2025-11-01,2.4822247632249015,,2.123504054627976,2.302864408926439
칠  레,공용,2025-12-01,-0.3011855346325764,,2.8062762274628725,1.2525453464151481
칠  레,공용,2026-01-01,-0.9669200852479671,,0.478787464759783,-0.24406631024409206
칠  레,공용,2026-02-01,-0.34506019856169884,,4.347520476755643,2.0012301390969722
칠  레,공용,2026-03-01,1.4456701248791883,,1.2468011970161146,1.3462356609476513
칠  레,기타,2025-04-01,48.2751576692695,,53.14490700538367,50.71003233732658
칠  레,기타,2025-05-01,46.172421359353756,,49.75754972591003,47.964985542631894
칠  레,기타,2025-06-01,54.44308846279521,,49.49501458792336,51.96905152535928
칠  레,기타,2025-07-01,53.87050974710029,,48.58257802041126,51.22654388375578
칠  레,기타,2025-08-01,38.67724048129516,,44.94479571936022,41.811018100327686
칠  레,기타,2025-09-01,89.6153621007708,,48.96146972486534,69.28841591281807
칠  레,기타,2025-10-01,68.85940178745798,,58.680371331918124,63.769886559688054
칠  레,기타,2025-11-01,55.874358621233505,,65.03609737220891,60.455227996721206
칠  레,기타,2025-12-01,46.38966147292778,,47.23727269215683,46.8134670825423
칠  레,기타,2026-01-01,55.377232714252735,,40.88821889050952,48.13272580238113
칠  레,기타,2026-02-01,50.07931688906114,,41.8289947252008,45.954155807130974
칠  레,기타,2026-03-01,57.89714729248977,,61.30567216947904,59.6014097309844
칠  레,관광,2025-04-01,903.1728800460982,,540.4866522112933,721.8297661286957
칠  레,관광,2025-05-01,953.3176108813286,,514.7321970021402,734.0249039417345
칠  레,관광,2025-06-01,670.0415693164166,,466.2654065006735,568.153487908545
칠  레,관광,2025-07-01,779.5752779514461,,379.2421664833919,579.4087222174189
칠  레,관광,2025-08-01,664.1042700127741,,488.1319497839413,576.1181098983577
칠  레,관광,2025-09-01,985.1320543119485,,722.2356461181631,853.6838502150558
칠  레,관광,2025-10-01,997.3360597287441,,704.5593522801967,850.9477060044703
칠  레,관광,2025-11-01,817.8289507722743,,513.8070299459235,665.817990359099
칠  레,관광,2025-12-01,429.16642339308794,,306.6834209594774,367.9249221762827
칠  레,관광,2026-01-01,592.3924094908737,,412.29529974793763,502.34385461940565
칠  레,관광,2026-02-01,779.8515286986024,,468.6596021542606,624.2555654264315
칠  레,관광,2026-03-01,823.692740208553,,518.6925030415605,671.1926216250567
칠  레,상용,2025-04-01,9.020470237768473,,5.261101638877927,7.1407859383232
칠  레,상용,2025-05-01,9.1214917314734,,5.508676941806026,7.315084336639713
칠  레,상용,2025-06-01,8.822371654718,,5.051327356836116,6.936849505777058
칠  레,상용,2025-07-01,7.193848275177793,,3.9579227780808566,5.575885526629325
칠  레,상용,2025-08-01,9.358900501037724,,4.271885906488686,6.815393203763205
칠  레,상용,2025-09-01,8.572146670368236,,5.113556954936161,6.842851812652198
칠  레,상용,2025-10-01,9.996716673516058,,6.913914116288195,8.455315394902126
칠  레,상용,2025-11-01,10.718202867432497,,6.52474147005451,8.621472168743503
칠  레,상용,2025-12-01,6.284320418424755,,4.431928677075787,5.358124547750271
칠  레,상용,2026-01-01,9.322931881741832,,4.277922435823767,6.800427158782799
칠  레,상용,2026-02-01,7.284468133935386,,4.523760225138728,5.904114179537057
칠  레,상용,2026-03-01,9.42808219648066,,5.664094425274841,7.5460883108777494
칠  레,유학연수,2025-04-01,2.9193509290867077,,5.1229820151273495,4.021166472107028
칠  레,유학연수,2025-05-01,9.337760423155187,,6.024359298243358,7.681059860699272
칠  레,유학연수,2025-06-01,5.552202972153526,,6.569954378616746,6.0610786753851364
칠  레,유학연수,2025-07-01,10.495228376939126,,8.583523403613071,9.539375890276098
칠  레,유학연수,2025-08-01,47.566003182045996,,31.30345951658819,39.43473134931709
칠  레,유학연수,2025-09-01,8.63029167164165,,6.684378821801658,7.657335246721654
칠  레,유학연수,2025-10-01,2.7721348987306738,,4.323211812213568,3.5476733554721207
칠  레,유학연수,2025-11-01,7.4306064315159635,,5.093467638340581,6.262037034928272
칠  레,유학연수,2025-12-01,6.549288060712384,,6.06432103990818,6.306804550310282
칠  레,유학연수,2026-01-01,17.64471269537331,,6.431562430629915,12.038137563001612
칠  레,유학연수,2026-02-01,44.12700098209607,,29.530047820286924,36.8285244011915
칠  레,유학연수,2026-03-01,9.772537335434981,,4.949748231186409,7.3611427833106955
카자흐스탄,공용,2025-04-01,4.050060929838215,,6.154816219315279,5.102438574576746
카자흐스탄,공용,2025-05-01,2.3286015710093295,,5.393381386685053,3.860991478847191
카자흐스탄,공용,2025-06-01,1.5805077964990415,,4.814291734521878,3.19739976551046
카자흐스탄,공용,2025-07-01,1.3024935141566845,,7.156923377370866,4.229708445763775
카자흐스탄,공용,2025-08-01,9.427710871925687,,6.9937737509975895,8.210742311461638
카자흐스탄,공용,2025-09-01,2.3091616443412635,,12.493342012695516,7.40125182851839
카자흐스탄,공용,2025-10-01,4.628399289023251,,15.337075939824448,9.982737614423849
카자흐스탄,공용,2025-11-01,2.7210016442882194,,18.61468110882494,10.667841376556579
카자흐스탄,공용,2025-12-01,1.308278485258054,,13.740656932217458,7.524467708737756
카자흐스탄,공용,2026-01-01,0.7533792635104671,,7.448007518882822,4.1006933911966446
카자흐스탄,공용,2026-02-01,1.292789635036497,,7.513910788019073,4.403350211527785
카자흐스탄,공용,2026-03-01,1.3725010985013717,,6.822627225558269,4.09756416202982
카자흐스탄,관광,2025-04-01,4258.213794832407,,3670.527453099297,3964.3706239658522
카자흐스탄,관광,2025-05-01,4438.515988763392,,3702.574115163839,4070.545051963615
카자흐스탄,관광,2025-06-01,4437.500759481238,,3649.934067745192,4043.717413613215
카자흐스탄,관광,2025-07-01,4874.360092803557,,3557.5305604984983,4215.945326651027
카자흐스탄,관광,2025-08-01,4154.698709226357,,3282.7712484042804,3718.7349788153188
카자흐스탄,관광,2025-09-01,3834.033222739197,,3118.6346289050553,3476.333925822126
카자흐스탄,관광,2025-10-01,4721.3389950956325,,3281.5222528028266,4001.43062394923
카자흐스탄,관광,2025-11-01,4095.8297324854757,,3197.372019821495,3646.6008761534854
카자흐스탄,관광,2025-12-01,3621.029364737468,,2663.1683819200553,3142.0988733287613
카자흐스탄,관광,2026-01-01,3837.4918615168044,,2563.03353864136,3200.262700079082
카자흐스탄,관광,2026-02-01,3824.0048784663904,,2793.199950844794,3308.602414655592
카자흐스탄,관광,2026-03-01,5661.806525228702,,3138.4465463416436,4400.1265357851735
카자흐스탄,기타,2025-04-01,1551.8451527658817,,1084.911159632874,1318.3781561993778
카자흐스탄,기타,2025-05-01,1489.1966817525984,,1037.3148730832213,1263.25577741791
카자흐스탄,기타,2025-06-01,1636.643062048623,,1065.4148854137381,1351.0289737311805
카자흐스탄,기타,2025-07-01,1718.8767090277604,,1107.4454372392756,1413.1610731335181
카자흐스탄,기타,2025-08-01,2074.1113208610777,,1445.612682950426,1759.8620019057519
카자흐스탄,기타,2025-09-01,2129.7645936178337,,1615.6143454221756,1872.6894695200046
카자흐스탄,기타,2025-10-01,1823.9975320916433,,1359.500420679049,1591.7489763853462
카자흐스탄,기타,2025-11-01,1561.9974544733248,,1082.472824358661,1322.2351394159928
카자흐스탄,기타,2025-12-01,1288.8100935048717,,808.8030094117098,1048.8065514582909
카자흐스탄,기타,2026-01-01,1801.2897464191922,,1163.614406754573,1482.4520765868826
카자흐스탄,기타,2026-02-01,1903.9697033291627,,1166.7395558315961,1535.3546295803794
카자흐스탄,기타,2026-03-01,1777.4851974161072,,973.6139617997053,1375.5495796079063
카자흐스탄,상용,2025-04-01,23.536325824617833,,17.05158221242698,20.293954018522406
카자흐스탄,상용,2025-05-01,23.531369766319195,,16.5241835423419,20.027776654330545
카자흐스탄,상용,2025-06-01,21.414121257980554,,15.635282295686387,18.52470177683347
카자흐스탄,상용,2025-07-01,18.45789656869348,,15.044705315565519,16.7513009421295
카자흐스탄,상용,2025-08-01,17.879675493516586,,13.615546048024939,15.747610770770763
카자흐스탄,상용,2025-09-01,24.43625658949839,,14.618462464112778,19.527359526805583
카자흐스탄,상용,2025-10-01,31.762245245014544,,14.082824222853151,22.922534733933848
카자흐스탄,상용,2025-11-01,24.196198721784203,,12.754264306750905,18.475231514267556
카자흐스탄,상용,2025-12-01,16.978826201272607,,11.595005402241462,14.286915801757035
카자흐스탄,상용,2026-01-01,17.802896589507256,,12.267024937428957,15.034960763468106
카자흐스탄,상용,2026-02-01,21.264476902140423,,11.843729709231575,16.554103305686
카자흐스탄,상용,2026-03-01,28.249099805367077,,12.24343844180995,20.24626912358851
카자흐스탄,유학연수,2025-04-01,31.228591468161767,,108.46822455089281,69.84840800952729
카자흐스탄,유학연수,2025-05-01,55.89028361916017,,68.29147317723181,62.09087839819599
카자흐스탄,유학연수,2025-06-01,120.55725311536017,,82.52618861844816,101.54172086690417
카자흐스탄,유학연수,2025-07-01,137.1910764661922,,85.37690572047664,111.28399109333441
카자흐스탄,유학연수,2025-08-01,1044.9740009946627,,524.3047282956891,784.6393646451759
카자흐스탄,유학연수,2025-09-01,299.2418414140593,,267.36046090577764,283.3011511599185
카자흐스탄,유학연수,2025-10-01,35.35875862052602,,143.85815474620674,89.60845668336637
카자흐스탄,유학연수,2025-11-01,67.41634481423728,,64.48693924518739,65.95164202971233
카자흐스탄,유학연수,2025-12-01,103.00650479323595,,77.11668031102809,90.06159255213203
카자흐스탄,유학연수,2026-01-01,183.4738122604,,200.82041824470244,192.1471152525512
카자흐스탄,유학연수,2026-02-01,763.6788112710728,,473.828287289742,618.7535492804075
카자흐스탄,유학연수,2026-03-01,296.1142201152406,,416.5318726485469,356.32304638189373
캐나다,공용,2025-04-01,48.04025998919841,,45.269797275908545,46.65502863255348
캐나다,공용,2025-05-01,46.94446185028223,,46.09041632150515,46.51743908589369
캐나다,공용,2025-06-01,52.36604055682753,,45.271678537491866,48.8188595471597
캐나다,공용,2025-07-01,52.15400148896115,,44.270002316481495,48.212001902721326
캐나다,공용,2025-08-01,61.57760355445432,,41.651908249570255,51.61475590201229
캐나다,공용,2025-09-01,46.61353926903992,,45.00516647985354,45.80935287444673
캐나다,공용,2025-10-01,49.85563755751139,,60.462587490057686,55.15911252378454
캐나다,공용,2025-11-01,63.38117490846802,,57.46271636769531,60.42194563808167
캐나다,공용,2025-12-01,47.73178687986934,,44.3761812567898,46.05398406832957
캐나다,공용,2026-01-01,54.36278163374555,,44.13337108305694,49.24807635840125
캐나다,공용,2026-02-01,66.52187812560702,,61.76584905729827,64.14386359145264
캐나다,공용,2026-03-01,76.96867505021069,,57.49485877816984,67.23176691419027
캐나다,관광,2025-04-01,27188.65484374659,,25092.661540561374,26140.658192153984
캐나다,관광,2025-05-01,26370.10054107412,,25239.06854552054,25804.58454329733
캐나다,관광,2025-06-01,21080.63691294144,,24196.6960620836,22638.66648751252
캐나다,관광,2025-07-01,24044.5622706896,,23812.29355551111,23928.427913100357
캐나다,관광,2025-08-01,21359.643904050263,,23798.317016546313,22578.980460298288
캐나다,관광,2025-09-01,23814.714198247784,,24554.93609078861,24184.825144518196
캐나다,관광,2025-10-01,30548.773456286126,,25680.138025453176,28114.45574086965
캐나다,관광,2025-11-01,23146.38986896374,,17477.115173805083,20311.752521384413
캐나다,관광,2025-12-01,20420.35782734343,,12890.593842646187,16655.47583499481
캐나다,관광,2026-01-01,16873.473485561182,,10619.083717109115,13746.278601335149
캐나다,관광,2026-02-01,18090.190871217743,,11738.473434695934,14914.332152956838
캐나다,관광,2026-03-01,28836.802422129185,,23034.565546126014,25935.6839841276
캐나다,기타,2025-04-01,3962.30548551864,,3467.3430952535364,3714.8242903860883
캐나다,기타,2025-05-01,4286.880548090494,,3362.948608342128,3824.914578216311
캐나다,기타,2025-06-01,4050.8492196605844,,3115.4022545732114,3583.1257371168977
캐나다,기타,2025-07-01,4625.197408870237,,2774.43047417886,3699.8139415245487
캐나다,기타,2025-08-01,6216.590979167837,,3753.8505743795276,4985.220776773682
캐나다,기타,2025-09-01,4915.860769641027,,4326.867020557393,4621.36389509921
캐나다,기타,2025-10-01,5159.251428870741,,3968.8589593592237,4564.055194114982
캐나다,기타,2025-11-01,4142.465486008594,,3265.8247968617175,3704.145141435156
캐나다,기타,2025-12-01,4410.085324720877,,3329.9133654232714,3869.999345072074
캐나다,기타,2026-01-01,5567.39016536474,,3890.233979849606,4728.812072607173
캐나다,기타,2026-02-01,5151.889328061344,,3741.6907679273486,4446.790047994346
캐나다,기타,2026-03-01,4661.027725531346,,3433.4953108892305,4047.261518210288
캐나다,상용,2025-04-01,36.575685367288195,,26.902771197702613,31.739228282495404
캐나다,상용,2025-05-01,41.03788744930698,,25.82045541675015,33.429171433028564
캐나다,상용,2025-06-01,34.86085457562626,,24.273331121589926,29.567092848608095
캐나다,상용,2025-07-01,35.159731741175655,,22.518070936453682,28.83890133881467
캐나다,상용,2025-08-01,40.69228735811024,,27.163755938293583,33.92802164820191
캐나다,상용,2025-09-01,38.97400789077006,,31.908680636910304,35.44134426384018
캐나다,상용,2025-10-01,36.77951869215203,,30.880993471579558,33.8302560818658
캐나다,상용,2025-11-01,35.85762451011456,,27.10042681431026,31.47902566221241
캐나다,상용,2025-12-01,30.736187737469315,,22.792968354354628,26.76457804591197
캐나다,상용,2026-01-01,45.456862591726534,,28.28923864822424,36.87305061997539
캐나다,상용,2026-02-01,37.83223737411772,,24.32771565515357,31.079976514635643
캐나다,상용,2026-03-01,40.448458805458614,,22.231106711806923,31.33978275863277
캐나다,유학연수,2025-04-01,27.94640816104339,,29.33218502276304,28.639296591903214
캐나다,유학연수,2025-05-01,64.91424373922037,,34.37358910121891,49.64391642021964
캐나다,유학연수,2025-06-01,48.92100559086932,,33.5066579006561,41.21383174576271
캐나다,유학연수,2025-07-01,52.14782422647073,,32.49225062316419,42.32003742481746
캐나다,유학연수,2025-08-01,261.05010832586373,,149.67651894109528,205.3633136334795
캐나다,유학연수,2025-09-01,37.4724308751113,,28.651225687755918,33.061828281433606
캐나다,유학연수,2025-10-01,34.60154988553708,,32.72031979362323,33.66093483958016
캐나다,유학연수,2025-11-01,73.59340718082495,,52.772422836263374,63.182915008544164
캐나다,유학연수,2025-12-01,69.83637524001027,,50.75406064964497,60.29521794482762
캐나다,유학연수,2026-01-01,67.98125451108938,,40.06697545386319,54.024114982476284
캐나다,유학연수,2026-02-01,203.34313856565046,,115.77990225278216,159.5615204092163
캐나다,유학연수,2026-03-01,34.970989165658935,,18.938695433863593,26.954842299761264
콜롬비아,공용,2025-04-01,-0.6421128706099211,,6.319273275496844,2.8385802024434614
콜롬비아,공용,2025-05-01,-1.0218754119640148,,5.41426537572404,2.1961949818800126
콜롬비아,공용,2025-06-01,-0.31898411996567483,,4.208770743898905,1.944893311966615
콜롬비아,공용,2025-07-01,-0.3286022561540901,,4.468537668383253,2.0699677061145816
콜롬비아,공용,2025-08-01,-12.202244603562086,,8.54948751646473,-1.8263785435486781
콜롬비아,공용,2025-09-01,-0.38781368976639863,,8.75649401797041,4.1843401641020055
콜롬비아,공용,2025-10-01,-5.338761687905299,,5.570356698717642,0.11579750540617173
콜롬비아,공용,2025-11-01,-3.13018074968174,,3.7969181458841024,0.3333686981011812
콜롬비아,공용,2025-12-01,-1.250238540108398,,2.852487229774214,0.801124344832908
콜롬비아,공용,2026-01-01,-2.207177208871461,,5.138941215064253,1.4658820030963957
콜롬비아,공용,2026-02-01,-1.2570371633860569,,6.7935361022116485,2.7682494694127957
콜롬비아,공용,2026-03-01,-2.5240843394699843,,8.009227818208892,2.7425717393694535
콜롬비아,관광,2025-04-01,1087.6749500831065,,884.1341259433545,985.9045380132305
콜롬비아,관광,2025-05-01,1182.1572448574302,,794.4583810731314,988.3078129652808
콜롬비아,관광,2025-06-01,1072.8330554950817,,709.3661662405328,891.0996108678073
콜롬비아,관광,2025-07-01,1022.2119476451716,,645.1119181568729,833.6619329010223
콜롬비아,관광,2025-08-01,873.6282360951811,,715.3352045828752,794.4817203390282
콜롬비아,관광,2025-09-01,1292.5089516328426,,906.1298632395141,1099.3194074361784
콜롬비아,관광,2025-10-01,1581.9845034056978,,1179.9239853291087,1380.9542443674031
콜롬비아,관광,2025-11-01,1126.171771739707,,945.9773987592083,1036.0745852494576
콜롬비아,관광,2025-12-01,757.4134746473843,,625.9609870410458,691.687230844215
콜롬비아,관광,2026-01-01,525.8224907082933,,487.66164502771954,506.7420678680064
콜롬비아,관광,2026-02-01,488.20955843371195,,322.6227818859048,405.4161701598084
콜롬비아,관광,2026-03-01,1145.1734713493865,,719.0240233860332,932.0987473677098
콜롬비아,기타,2025-04-01,217.7388700385575,,226.42051501673788,222.0796925276477
콜롬비아,기타,2025-05-01,205.46514821873834,,193.41632640070034,199.44073730971934
콜롬비아,기타,2025-06-01,211.48132286704657,,173.86641328112748,192.673868074087
콜롬비아,기타,2025-07-01,253.59334589083934,,169.71058631651147,211.65196610367542
콜롬비아,기타,2025-08-01,251.44885905307285,,200.31253643252631,225.88069774279958
콜롬비아,기타,2025-09-01,252.79806536230362,,234.2059487666812,243.5020070644924
콜롬비아,기타,2025-10-01,265.78355828111813,,251.665240905395,258.7243995932566
콜롬비아,기타,2025-11-01,162.0629583824171,,241.1933817256628,201.62817005403994
콜롬비아,기타,2025-12-01,122.61900981431872,,193.3536576977274,157.98633375602307
콜롬비아,기타,2026-01-01,154.2390840301247,,165.88250160942104,160.06079281977287
콜롬비아,기타,2026-02-01,152.8956215067833,,141.0612933639051,146.97845743534418
콜롬비아,기타,2026-03-01,235.05039112244535,,241.7253822529706,238.38788668770798
콜롬비아,상용,2025-04-01,1.1537480283447639,,0.9215075737686904,1.0376278010567273
콜롬비아,상용,2025-05-01,1.2542721809842223,,1.0240806219103424,1.1391764014472825
콜롬비아,상용,2025-06-01,1.0107633455616,,1.0204595041149354,1.0156114248382677
콜롬비아,상용,2025-07-01,0.9723652292243273,,0.9676462309641571,0.9700057300942422
콜롬비아,상용,2025-08-01,1.2079567020330897,,0.9692492883546369,1.0886029951938632
콜롬비아,상용,2025-09-01,1.3188913637771582,,1.1625769818930864,1.2407341728351224
콜롬비아,상용,2025-10-01,0.9814853470625012,,1.6276703177594194,1.3045778324109603
콜롬비아,상용,2025-11-01,1.4079154848446334,,1.6903504279431643,1.549132956393899
콜롬비아,상용,2025-12-01,0.9872998822599017,,1.1609402846113874,1.0741200834356446
콜롬비아,상용,2026-01-01,1.6874240189124758,,1.6439077984067436,1.6656659086596097
콜롬비아,상용,2026-02-01,1.5012066433956723,,1.5057381902528195,1.503472416824246
콜롬비아,상용,2026-03-01,1.2078423789081494,,1.1674567407386751,1.1876495598234122
콜롬비아,유학연수,2025-04-01,7.441480547385783,,13.942996721477252,10.692238634431519
콜롬비아,유학연수,2025-05-01,17.449175244915622,,17.49128856414734,17.47023190453148
콜롬비아,유학연수,2025-06-01,18.03086965776305,,15.254876890871644,16.642873274317346
콜롬비아,유학연수,2025-07-01,21.600360001605367,,13.55427032540068,17.577315163503023
콜롬비아,유학연수,2025-08-01,87.4025939637458,,58.09995079818754,72.75127238096667
콜롬비아,유학연수,2025-09-01,14.151182933916996,,10.212025344286802,12.1816041391019
콜롬비아,유학연수,2025-10-01,11.34109388456301,,11.400492479779263,11.370793182171138
콜롬비아,유학연수,2025-11-01,18.661174038420448,,10.47893554984259,14.570054794131519
콜롬비아,유학연수,2025-12-01,15.830237034541183,,9.60530013281035,12.717768583675767
콜롬비아,유학연수,2026-01-01,32.884636653646794,,14.67773139383627,23.78118402374153
콜롬비아,유학연수,2026-02-01,82.32089042960051,,34.789215424707486,58.555052927153994
콜롬비아,유학연수,2026-03-01,21.71323867172123,,19.067144255688163,20.390191463704696
쿠  바,공용,2025-04-01,0.0032234200955465345,,0.13557316698242317,0.06939829353898486
쿠  바,공용,2025-05-01,0.004085490186647804,,0.2353319177696109,0.11970870397812935
쿠  바,공용,2025-06-01,0.01113847504360549,,0.33721068272835525,0.17417457888598037
쿠  바,공용,2025-07-01,0.007443622851063946,,0.44610703009616537,0.22677532647361465
쿠  바,공용,2025-08-01,0.01934340909564702,,0.4588678113305001,0.23910561021307356
쿠  바,공용,2025-09-01,0.06316709750074213,,0.5681056757678231,0.3156363866342826
쿠  바,공용,2025-10-01,0.010912705086547996,,0.46884021717196817,0.2398764611292581
쿠  바,공용,2025-11-01,0.007950453230736692,,0.3802673337434677,0.1941088934871022
쿠  바,공용,2025-12-01,0.017881045831355663,,0.4850351905894084,0.25145811821038205
쿠  바,공용,2026-01-01,0.0010845398666451626,,0.44470197297803155,0.22289325642233834
쿠  바,공용,2026-02-01,0.01236843718827634,,0.8232133757540938,0.41779090647118505
쿠  바,공용,2026-03-01,0.17427725636809135,,1.7710664819498367,0.9726718691589641
쿠  바,관광,2025-04-01,4.71377795386772,,7.650117376507306,6.181947665187513
쿠  바,관광,2025-05-01,11.127724433146781,,7.656808693810851,9.392266563478817
쿠  바,관광,2025-06-01,9.322577577216613,,7.6699666679578575,8.496272122587236
쿠  바,관광,2025-07-01,28.236233541062468,,10.611859084661937,19.424046312862203
쿠  바,관광,2025-08-01,18.67580620241505,,12.753650241452764,15.714728221933907
쿠  바,관광,2025-09-01,14.433883259658641,,16.451818805768557,15.442851032713598
쿠  바,관광,2025-10-01,13.602956049266671,,10.91011529543441,12.256535672350541
쿠  바,관광,2025-11-01,12.753435087821396,,8.323715775797549,10.538575431809473
쿠  바,관광,2025-12-01,2.80034378598922,,6.953461933678624,4.876902859833923
쿠  바,관광,2026-01-01,1.8041606569070217,,3.6595706384319615,2.7318656476694914
쿠  바,관광,2026-02-01,15.66365926390913,,5.0084717976309765,10.336065530770053
쿠  바,관광,2026-03-01,3.869408313208124,,5.370873453680832,4.620140883444478
쿠  바,기타,2025-04-01,6.62277342993381,,2.3155779904783156,4.469175710206063
쿠  바,기타,2025-05-01,8.485225977435965,,3.331402500420209,5.908314238928087
쿠  바,기타,2025-06-01,6.501591916794375,,4.36084587893964,5.431218897867007
쿠  바,기타,2025-07-01,5.96531610847683,,4.1203790287217075,5.042847568599269
쿠  바,기타,2025-08-01,11.873724937303969,,4.780013790626284,8.326869363965127
쿠  바,기타,2025-09-01,11.06115435747644,,5.388493186162708,8.224823771819574
쿠  바,기타,2025-10-01,14.103426373666423,,3.5099536215302525,8.806689997598337
쿠  바,기타,2025-11-01,1.976385752056802,,1.5519199627409055,1.7641528573988539
쿠  바,기타,2025-12-01,0.954035425583904,,2.277323920971204,1.615679673277554
쿠  바,기타,2026-01-01,4.240596484724736,,2.0688896863781174,3.1547430855514267
쿠  바,기타,2026-02-01,6.579355260385108,,0.4878317933480787,3.5335935268665932
쿠  바,기타,2026-03-01,5.163639285282766,,0.7015835556611627,2.9326114204719644
쿠  바,상용,2025-04-01,0.06618620660533629,,0.08403122059026447,0.07510871359780039
쿠  바,상용,2025-05-01,0.08322781515640122,,0.519665651092108,0.30144673312425463
쿠  바,상용,2025-06-01,0.10343907936529387,,0.5494849389992915,0.3264620091822927
쿠  바,상용,2025-07-01,0.09070142444473087,,0.4975531786968306,0.2941273015707807
쿠  바,상용,2025-08-01,0.0277268428265304,,0.5514235950501598,0.2895752189383451
쿠  바,상용,2025-09-01,0.027821248604747457,,0.8524331953069917,0.44012722195586956
쿠  바,상용,2025-10-01,0.03836180360895659,,1.2670410094547777,0.6527014065318671
쿠  바,상용,2025-11-01,0.021023888146959793,,0.5719724420035672,0.2964981650752635
쿠  바,상용,2025-12-01,0.020164490409676702,,0.2984340606522984,0.15929927553098755
쿠  바,상용,2026-01-01,0.03538451300407324,,0.30529129666413946,0.17033790483410635
쿠  바,상용,2026-02-01,0.0872586690036216,,-0.029459174268567256,0.028899747367527172
쿠  바,상용,2026-03-01,0.0613631954544304,,-0.1675217850960622,-0.0530792948208159
쿠  바,유학연수,2025-04-01,0.19180088822746874,,-0.13026075005855886,0.03077006908445494
쿠  바,유학연수,2025-05-01,0.23328075391932684,,-0.1839100437805251,0.024685355069400866
쿠  바,유학연수,2025-06-01,0.37265274952802285,,0.09733435685381728,0.23499355319092008
쿠  바,유학연수,2025-07-01,0.6983407193912954,,2.090389561325238,1.3943651403582666
쿠  바,유학연수,2025-08-01,1.466664653917172,,1.6424342847410185,1.5545494693290953
쿠  바,유학연수,2025-09-01,0.37097144189235787,,0.38114609914487646,0.37605877051861714
쿠  바,유학연수,2025-10-01,-0.10814092343738035,,0.1031983640037532,-0.0024712797168135736
쿠  바,유학연수,2025-11-01,1.6050143341998586,,0.6223270264130639,1.1136706803064613
쿠  바,유학연수,2025-12-01,0.040738022999637996,,0.07466425987947845,0.05770114143955822
쿠  바,유학연수,2026-01-01,0.36848553910659787,,0.3334798516157084,0.3509826953611531
쿠  바,유학연수,2026-02-01,2.0447677882387674,,0.8015841476149884,1.4231759679268778
쿠  바,유학연수,2026-03-01,2.0765011309006165,,0.13689183775533634,1.1066964843279765
키리바시,공용,2025-04-01,0.7033591633064422,,0.7304368901278144,0.7168980267171283
키리바시,공용,2025-05-01,5.864791330769988,,0.8594906575274133,3.3621409941487004
키리바시,공용,2025-06-01,1.1663875203019425,,0.8873942385562079,1.0268908794290752
키리바시,공용,2025-07-01,2.839902000108963,,1.3124552206806668,2.0761786103948148
키리바시,공용,2025-08-01,9.467148456363965,,3.445634231309092,6.456391343836529
키리바시,공용,2025-09-01,3.484448545072836,,4.443675997560512,3.964062271316674
키리바시,공용,2025-10-01,5.928701539966037,,4.0395732354513765,4.9841373877087065
키리바시,공용,2025-11-01,3.405434016722833,,3.497911215437478,3.451672616080155
키리바시,공용,2025-12-01,0.7479834310846737,,0.7737228499613085,0.760853140522991
키리바시,공용,2026-01-01,-0.027100353085784137,,0.7178172379011458,0.3453584424076808
키리바시,공용,2026-02-01,3.9633361253515083,,0.7435008287055291,2.3534184770285185
키리바시,공용,2026-03-01,1.4587957266295053,,0.7389332072550341,1.0988644669422696
키리바시,관광,2025-04-01,5.559645778827198,,4.534058913745323,5.0468523462862604
키리바시,관광,2025-05-01,7.420724778594291,,5.328399885452679,6.374562332023485
키리바시,관광,2025-06-01,7.698379779386415,,5.967752976482611,6.833066377934513
키리바시,관광,2025-07-01,8.379768333799017,,6.4218893469787,7.400828840388859
키리바시,관광,2025-08-01,6.922428809598979,,5.880605170160441,6.40151698987971
키리바시,관광,2025-09-01,7.689795853998315,,5.399343777648312,6.544569815823314
키리바시,관광,2025-10-01,7.882790036135362,,4.041181663420115,5.961985849777738
키리바시,관광,2025-11-01,6.169881439573595,,2.9719290492278603,4.570905244400727
키리바시,관광,2025-12-01,4.493317195258519,,3.3651160014288486,3.9292165983436838
키리바시,관광,2026-01-01,5.133595336330535,,2.9381317211276397,4.035863528729087
키리바시,관광,2026-02-01,5.226111939732661,,3.057524044357212,4.1418179920449365
키리바시,관광,2026-03-01,9.142003060544004,,3.8283445731974517,6.485173816870728
키리바시,기타,2025-04-01,3.0051953357109626,,6.778413858047358,4.89180459687916
키리바시,기타,2025-05-01,2.9353076016749258,,5.112516315652698,4.0239119586638115
키리바시,기타,2025-06-01,2.544761209699434,,4.192853815392269,3.3688075125458514
키리바시,기타,2025-07-01,2.4982620008876517,,3.7235733064442798,3.1109176536659655
키리바시,기타,2025-08-01,2.384559519108648,,2.6925256882761346,2.5385426036923913
키리바시,기타,2025-09-01,2.0042766517150916,,1.2787416107950094,1.6415091312550505
키리바시,기타,2025-10-01,1.8616089937079228,,4.466301640397944,3.1639553170529333
키리바시,기타,2025-11-01,1.4630698603005854,,7.245982490098584,4.3545261751995845
키리바시,기타,2025-12-01,1.5149566887214143,,6.0105503448122874,3.7627535167668507
키리바시,기타,2026-01-01,1.234865034989451,,3.440374570304229,2.3376198026468398
키리바시,기타,2026-02-01,0.8990558628561074,,6.018491342047,3.4587736024515534
키리바시,기타,2026-03-01,0.8105985367678811,,8.92954931693859,4.870073926853236
키리바시,상용,2025-04-01,-1.8064572872064015e-09,,7.167546930504209e-05,3.583683142387744e-05
키리바시,상용,2025-05-01,-2.8841680628319625e-08,,0.00043139660993680475,0.00021568388412808822
키리바시,상용,2025-06-01,-2.9405955133697564e-08,,0.0015626294712613887,0.0007813000326531275
키리바시,상용,2025-07-01,-2.488440598002447e-08,,0.002301845518868409,0.0011509103172312146
키리바시,상용,2025-08-01,-4.099302888651983e-09,,0.0044565051749094605,0.002228250537803286
키리바시,상용,2025-09-01,6.544038924708841e-08,,0.009684384545854475,0.004842224993121861
키리바시,상용,2025-10-01,-1.1940483537866647e-05,,0.03758054939715798,0.018784304456810057
키리바시,상용,2025-11-01,-6.21455323522312e-08,,0.004168743382369149,0.0020843406184183986
키리바시,상용,2025-12-01,-2.398088034250513e-09,,-0.005659133767853718,-0.0028295680829708765
키리바시,상용,2026-01-01,1.454901734424355e-08,,-0.0004852958709026618,-0.00024264066094265878
키리바시,상용,2026-02-01,2.166702655356786e-08,,0.00044844782862155314,0.00022423474782405335
키리바시,상용,2026-03-01,1.18706802918821e-09,,-0.0004341126426769303,-0.00021705572780445054
키리바시,유학연수,2025-04-01,0.02637835582569882,,0.47150504343741884,0.24894169963155882
키리바시,유학연수,2025-05-01,0.013374363469996486,,0.08428640367821216,0.048830383574104325
키리바시,유학연수,2025-06-01,0.0003439106144467502,,0.11848611697964646,0.059415013797046605
키리바시,유학연수,2025-07-01,0.0009695198136798834,,0.002088396112100571,0.0015289579628902272
키리바시,유학연수,2025-08-01,7.923353392876666e-05,,0.052037668286113906,0.026058450910021336
키리바시,유학연수,2025-09-01,9.74526732458004e-05,,0.07270040333562298,0.036398928004434394
키리바시,유학연수,2025-10-01,0.000127615516280546,,0.06283456407165379,0.03148108979396717
키리바시,유학연수,2025-11-01,0.00017234737272068892,,0.0397975916188133,0.019984969495766995
키리바시,유학연수,2025-12-01,-0.009456275758165966,,0.05025190175410324,0.020397812997968636
키리바시,유학연수,2026-01-01,-0.005647742741486074,,0.02708429022057693,0.010718273739545427
키리바시,유학연수,2026-02-01,0.0005475971995448835,,0.023366076035676753,0.011956836617610819
키리바시,유학연수,2026-03-01,0.00029846484251927165,,0.022331364443224727,0.011314914642872
태  국,공용,2025-04-01,480.283744098407,,309.1411346945661,394.71243939648656
태  국,공용,2025-05-01,652.8626682479809,,375.46915157039206,514.1659099091864
태  국,공용,2025-06-01,613.8946934270881,,364.38636386063473,489.14052864386144
태  국,공용,2025-07-01,575.4036594809111,,287.51900741996366,431.46133345043734
태  국,공용,2025-08-01,575.2993918632657,,341.01521895816006,458.15730541071287
태  국,공용,2025-09-01,729.5001098380424,,445.8860670126702,587.6930884253563
태  국,공용,2025-10-01,572.655419666825,,369.6255705827219,471.14049512477345
태  국,공용,2025-11-01,618.8386923875173,,328.3576186982853,473.5981555429013
태  국,공용,2025-12-01,325.92128485086744,,184.8018377012672,255.36156127606733
태  국,공용,2026-01-01,250.93741601438643,,117.90699457511742,184.42220529475193
태  국,공용,2026-02-01,384.83573225231635,,181.64279382523065,283.2392630387735
태  국,공용,2026-03-01,626.338503961417,,285.47230912923015,455.90540654532356
태  국,관광,2025-04-01,46220.80829700724,,27416.643259918637,36818.72577846294
태  국,관광,2025-05-01,33426.59460684475,,15737.80232207323,24582.19846445899
태  국,관광,2025-06-01,22186.908695230297,,9416.997317867304,15801.9530065488
태  국,관광,2025-07-01,19434.65877895018,,7133.504193886707,13284.081486418443
태  국,관광,2025-08-01,16084.298979121273,,6240.928939932393,11162.613959526832
태  국,관광,2025-09-01,21795.498076538188,,8876.704666651367,15336.101371594777
태  국,관광,2025-10-01,43723.59396724416,,21435.3477899013,32579.47087857273
태  국,관광,2025-11-01,35134.30841813091,,11345.748653181428,23240.02853565617
태  국,관광,2025-12-01,45082.151912980786,,17727.00376016285,31404.577836571818
태  국,관광,2026-01-01,33653.32174751369,,8757.010075003367,21205.16591125853
태  국,관광,2026-02-01,33923.89629486394,,8600.560911439774,21262.228603151856
태  국,관광,2026-03-01,45788.49247812782,,14259.981226390337,30024.236852259077
태  국,기타,2025-04-01,5325.3303176435675,,4892.977686660379,5109.154002151973
태  국,기타,2025-05-01,5444.7023419985635,,4843.416017929035,5144.059179963799
태  국,기타,2025-06-01,5203.804736179217,,4808.724317530939,5006.264526855078
태  국,기타,2025-07-01,5568.721886538577,,4786.291773997984,5177.50683026828
태  국,기타,2025-08-01,5874.316199949773,,4866.839704515764,5370.577952232768
태  국,기타,2025-09-01,5443.258443478559,,4887.72363032732,5165.491036902939
태  국,기타,2025-10-01,5878.4382581669515,,4896.70916949498,5387.573713830966
태  국,기타,2025-11-01,5623.348133270153,,4896.2544861151455,5259.80130969265
태  국,기타,2025-12-01,5797.207796328125,,4929.2270112057395,5363.217403766932
태  국,기타,2026-01-01,6659.221075797131,,5155.707317316244,5907.464196556688
태  국,기타,2026-02-01,6389.050008653373,,5207.039018152994,5798.044513403183
태  국,기타,2026-03-01,6490.879828044519,,5207.053387379445,5848.966607711982
태  국,상용,2025-04-01,137.6441392700984,,99.31918901197338,118.48166414103589
태  국,상용,2025-05-01,139.88752416485258,,98.35983563480315,119.12367989982786
태  국,상용,2025-06-01,113.61147769264181,,94.65039162497969,104.13093465881076
태  국,상용,2025-07-01,114.00363839424996,,91.51262026907004,102.75812933166
태  국,상용,2025-08-01,106.04126336700263,,80.26394333246157,93.15260334973209
태  국,상용,2025-09-01,127.15268149146704,,88.29247527416823,107.72257838281763
태  국,상용,2025-10-01,151.2525016443881,,112.69969492431532,131.9760982843517
태  국,상용,2025-11-01,127.08025493724186,,107.01643187105677,117.0483434041493
태  국,상용,2025-12-01,114.32506315398024,,98.51686673438077,106.4209649441805
태  국,상용,2026-01-01,113.30576937976694,,82.27722765187954,97.79149851582324
태  국,상용,2026-02-01,110.34074966226373,,95.0189307305863,102.67984019642502
태  국,상용,2026-03-01,148.10298569387618,,98.76313761241556,123.43306165314587
태  국,유학연수,2025-04-01,67.72349252847907,,121.47609525711559,94.59979389279732
태  국,유학연수,2025-05-01,124.10819835216682,,161.69066311064466,142.89943073140574
태  국,유학연수,2025-06-01,167.31578153655772,,155.47448566630368,161.3951336014307
태  국,유학연수,2025-07-01,157.94285443059383,,132.57360955972192,145.25823199515787
태  국,유학연수,2025-08-01,622.3209682255044,,340.66038869894214,481.4906784622233
태  국,유학연수,2025-09-01,204.65238771480375,,181.23692943280082,192.9446585738023
태  국,유학연수,2025-10-01,88.84425807609908,,79.5932865678333,84.21877232196618
태  국,유학연수,2025-11-01,161.12379403924652,,158.7919214665883,159.9578577529174
태  국,유학연수,2025-12-01,146.0959070468002,,118.17076077507262,132.13333391093641
태  국,유학연수,2026-01-01,192.80811787814193,,96.6596421113289,144.73387999473542
태  국,유학연수,2026-02-01,559.2903129975314,,328.9837102690948,444.1370116333131
태  국,유학연수,2026-03-01,261.2299818607474,,308.22588843827504,284.7279351495112
터  키,공용,2025-04-01,25.490198535546174,,16.892519888765523,21.19135921215585
터  키,공용,2025-05-01,30.47403786559342,,16.791141844764503,23.632589855178963
터  키,공용,2025-06-01,29.056590611096635,,14.625126668880304,21.84085863998847
터  키,공용,2025-07-01,24.171154379049494,,10.955277971643122,17.56321617534631
터  키,공용,2025-08-01,21.665163721303962,,13.1755223312884,17.42034302629618
터  키,공용,2025-09-01,29.997689854276892,,20.50427093510072,25.250980394688806
터  키,공용,2025-10-01,25.5991451167649,,20.5095591430803,23.0543521299226
터  키,공용,2025-11-01,24.879414596885386,,16.97700587354143,20.928210235213406
터  키,공용,2025-12-01,22.828903942672905,,11.874546323815498,17.3517251332442
터  키,공용,2026-01-01,9.944521091798517,,9.096099108032377,9.520310099915447
터  키,공용,2026-02-01,11.006194701142725,,9.225305046868447,10.115749874005587
터  키,공용,2026-03-01,18.596101875632357,,13.392970555649956,15.994536215641157
터  키,관광,2025-04-01,5071.110237030147,,4702.060503460432,4886.58537024529
터  키,관광,2025-05-01,3539.89250340729,,4243.01835464076,3891.455429024025
터  키,관광,2025-06-01,4116.996816089396,,3615.5684602556585,3866.282638172527
터  키,관광,2025-07-01,3742.0398797814314,,3402.1708968260073,3572.1053883037193
터  키,관광,2025-08-01,3761.571352424786,,3429.574194641854,3595.57277353332
터  키,관광,2025-09-01,3863.4323949052937,,2065.4281113839725,2964.430253144633
터  키,관광,2025-10-01,4366.862963756466,,2974.230770804372,3670.546867280419
터  키,관광,2025-11-01,3418.748663861845,,2059.7802064055313,2739.2644351336885
터  키,관광,2025-12-01,2393.070188960591,,1394.5521658401085,1893.8111774003498
터  키,관광,2026-01-01,2129.1202590079965,,1137.2085151299323,1633.1643870689645
터  키,관광,2026-02-01,1965.774972925632,,1197.369428831476,1581.572200878554
터  키,관광,2026-03-01,4325.472466923938,,3989.060058354512,4157.266262639225
터  키,기타,2025-04-01,1509.6016016837127,,1105.7483390898392,1307.6749703867758
터  키,기타,2025-05-01,1443.8774617660117,,1109.6730670290606,1276.7752643975361
터  키,기타,2025-06-01,1429.3750914223483,,1148.8015141090884,1289.0883027657183
터  키,기타,2025-07-01,1539.843928968581,,1190.6916255739138,1365.2677772712473
터  키,기타,2025-08-01,1502.9781131848038,,1177.0549020025323,1340.016507593668
터  키,기타,2025-09-01,1465.598332374742,,1148.9972123359257,1307.297772355334
터  키,기타,2025-10-01,1493.6011803159308,,1114.5111620814262,1304.0561711986784
터  키,기타,2025-11-01,1352.9239900026105,,1049.2723676534717,1201.098178828041
터  키,기타,2025-12-01,1468.2179441184735,,1076.9480108927974,1272.5829775056354
터  키,기타,2026-01-01,1500.5615082986817,,1082.98290932351,1291.7722088110959
터  키,기타,2026-02-01,1425.0515090836261,,1014.3030152595089,1219.6772621715675
터  키,기타,2026-03-01,1560.8337347019049,,980.1277084209383,1270.4807215614217
터  키,상용,2025-04-01,12.450722624127097,,10.487084877875944,11.46890375100152
터  키,상용,2025-05-01,15.384432103342155,,11.011497504978404,13.197964804160279
터  키,상용,2025-06-01,12.606866156286886,,11.687879661991454,12.14737290913917
터  키,상용,2025-07-01,13.810712449248408,,14.193317185856912,14.00201481755266
터  키,상용,2025-08-01,18.551516666674363,,19.533982370440217,19.04274951855729
터  키,상용,2025-09-01,15.205579725754282,,16.7274977675324,15.96653874664334
터  키,상용,2025-10-01,14.971775886971926,,13.689693361101503,14.330734624036715
터  키,상용,2025-11-01,13.83817821825107,,12.419122176114627,13.128650197182848
터  키,상용,2025-12-01,13.319692292972379,,11.689428714330864,12.504560503651621
터  키,상용,2026-01-01,14.791212465044884,,14.387036343601736,14.58912440432331
터  키,상용,2026-02-01,14.67624332700881,,12.08513393185417,13.38068862943149
터  키,상용,2026-03-01,15.494069374824093,,10.861435591832784,13.177752483328439
터  키,유학연수,2025-04-01,17.119832353460872,,93.59922701651993,55.359529684990406
터  키,유학연수,2025-05-01,55.80610196598286,,118.98024365648493,87.3931728112339
터  키,유학연수,2025-06-01,58.15079823765635,,129.5743378280245,93.86256803284043
터  키,유학연수,2025-07-01,78.20193387632573,,149.52089358609908,113.8614137312124
터  키,유학연수,2025-08-01,340.63145768163497,,290.7907751413185,315.7111164114767
터  키,유학연수,2025-09-01,96.12501100407006,,70.88631269508976,83.50566184957991
터  키,유학연수,2025-10-01,22.470220126531448,,36.05529575075798,29.26275793864471
터  키,유학연수,2025-11-01,56.313600183463265,,112.97529151226806,84.64444584786565
터  키,유학연수,2025-12-01,48.5853040319887,,108.78280911074566,78.68405657136718
터  키,유학연수,2026-01-01,65.15457588008282,,143.84609033065982,104.50033310537131
터  키,유학연수,2026-02-01,260.17479192456653,,269.8451308232284,265.00996137389745
터  키,유학연수,2026-03-01,90.85197958154889,,175.28406969861385,133.06802464008138
파키스탄,공용,2025-04-01,24.281642519199693,,20.297382344888575,22.289512432044134
파키스탄,공용,2025-05-01,33.949796346740285,,23.150800754833,28.550298550786643
파키스탄,공용,2025-06-01,31.036611351049768,,20.746186028916554,25.891398689983163
파키스탄,공용,2025-07-01,19.69374302928652,,15.613081803606057,17.653412416446287
파키스탄,공용,2025-08-01,28.75890073213043,,17.90929670230839,23.334098717219412
파키스탄,공용,2025-09-01,46.83266552804933,,32.84593123673159,39.83929838239046
파키스탄,공용,2025-10-01,44.80921717265494,,37.67992231219185,41.244569742423394
파키스탄,공용,2025-11-01,35.18231857813997,,28.480810941340685,31.831564759740328
파키스탄,공용,2025-12-01,20.663756809617475,,17.000710629282754,18.832233719450116
파키스탄,공용,2026-01-01,15.76720136121789,,11.31065997355974,13.538930667388815
파키스탄,공용,2026-02-01,24.447264221445874,,14.89322720049596,19.670245710970917
파키스탄,공용,2026-03-01,27.681477450277786,,18.16880256646951,22.925140008373646
파키스탄,관광,2025-04-01,400.8893552237537,,208.54889111421247,304.71912316898306
파키스탄,관광,2025-05-01,481.8541434814616,,228.7036653337573,355.27890440760945
파키스탄,관광,2025-06-01,450.9434296052846,,260.5258984461977,355.73466402574115
파키스탄,관광,2025-07-01,461.5682294043841,,291.1299714287073,376.3491004165457
파키스탄,관광,2025-08-01,448.4982086967315,,310.29096886673267,379.39458878173207
파키스탄,관광,2025-09-01,545.8067014229252,,323.3912412572753,434.59897134010026
파키스탄,관광,2025-10-01,612.956419414772,,378.55664384819806,495.756531631485
파키스탄,관광,2025-11-01,508.94586164100156,,332.9410274949539,420.94344456797774
파키스탄,관광,2025-12-01,392.84220252708417,,255.56407790539362,324.2031402162389
파키스탄,관광,2026-01-01,315.2324348663526,,208.56553900425888,261.89898693530574
파키스탄,관광,2026-02-01,337.47528586650867,,233.49546962696454,285.4853777467366
파키스탄,관광,2026-03-01,424.77146748884064,,270.7924616928182,347.78196459082943
파키스탄,기타,2025-04-01,725.4498686270147,,607.3318296409201,666.3908491339673
파키스탄,기타,2025-05-01,722.9082909049447,,606.3593842658322,664.6338375853884
파키스탄,기타,2025-06-01,722.5731827398203,,620.2158822967408,671.3945325182806
파키스탄,기타,2025-07-01,732.4750733063925,,617.3164431596217,674.8957582330071
파키스탄,기타,2025-08-01,793.5346416666812,,653.8068591422616,723.6707504044714
파키스탄,기타,2025-09-01,742.6571040184864,,653.230960927408,697.9440324729471
파키스탄,기타,2025-10-01,805.6132180680929,,596.1505864666321,700.8819022673625
파키스탄,기타,2025-11-01,690.0345553082678,,548.0415401663819,619.0380477373249
파키스탄,기타,2025-12-01,825.4634797192173,,562.7446601222596,694.1040699207384
파키스탄,기타,2026-01-01,869.7773973443612,,652.2826383689976,761.0300178566795
파키스탄,기타,2026-02-01,1000.1142549790803,,670.0007655385818,835.0575102588311
파키스탄,기타,2026-03-01,939.4312269838749,,666.9553733774576,803.1933001806663
파키스탄,상용,2025-04-01,215.7877722886545,,125.22712633449505,170.5074493115748
파키스탄,상용,2025-05-01,229.20106482709318,,132.4444761193093,180.82277047320122
파키스탄,상용,2025-06-01,196.7791212738717,,148.37152996755492,172.57532562071333
파키스탄,상용,2025-07-01,211.93154509723814,,166.11747789918317,189.02451149821064
파키스탄,상용,2025-08-01,196.36406514493046,,185.08987277066092,190.7269689577957
파키스탄,상용,2025-09-01,212.57768324501177,,196.02004647557476,204.29886486029326
파키스탄,상용,2025-10-01,255.14881246779012,,186.7483049290345,220.9485586984123
파키스탄,상용,2025-11-01,232.1241075528815,,171.98417639205584,202.05414197246867
파키스탄,상용,2025-12-01,207.36121261231892,,156.61028248854035,181.98574755042964
파키스탄,상용,2026-01-01,192.14974248041784,,158.52831531231442,175.33902889636613
파키스탄,상용,2026-02-01,214.928968948514,,157.1974757891398,186.0632223688269
파키스탄,상용,2026-03-01,263.5638460634156,,163.44095355712716,213.50239981027138
파키스탄,유학연수,2025-04-01,77.8380054403994,,51.07600150242406,64.45700347141172
파키스탄,유학연수,2025-05-01,66.47820437173775,,52.09850317186539,59.28835377180157
파키스탄,유학연수,2025-06-01,59.137165444391776,,70.24698343085561,64.69207443762369
파키스탄,유학연수,2025-07-01,142.56161008428887,,136.9313339194329,139.74647200186087
파키스탄,유학연수,2025-08-01,418.3672734733924,,285.1934740085168,351.7803737409546
파키스탄,유학연수,2025-09-01,274.9584378860367,,254.7676008000803,264.86301934305845
파키스탄,유학연수,2025-10-01,83.10791375493189,,73.74002201694609,78.42396788593899
파키스탄,유학연수,2025-11-01,75.57197951921222,,63.49134216118249,69.53166084019736
파키스탄,유학연수,2025-12-01,89.11659542581168,,69.24919504327224,79.18289523454196
파키스탄,유학연수,2026-01-01,205.81606862157443,,108.83992542018274,157.32799702087857
파키스탄,유학연수,2026-02-01,550.0268083895962,,302.9299746018215,426.4783914957089
파키스탄,유학연수,2026-03-01,321.4664067302304,,222.85806382909752,272.16223527966395
페  루,공용,2025-04-01,3.111533116599914,,6.357256203014951,4.734394659807433
페  루,공용,2025-05-01,8.507027290364533,,7.218479462696402,7.862753376530468
페  루,공용,2025-06-01,2.9587068023316174,,7.891996993154777,5.425351897743197
페  루,공용,2025-07-01,4.087144212514104,,8.346751067481247,6.2169476399976755
페  루,공용,2025-08-01,4.157798656682714,,9.426794532083168,6.792296594382941
페  루,공용,2025-09-01,5.154866773383723,,10.860841104802834,8.007853939093279
페  루,공용,2025-10-01,5.246309842824294,,11.104452200228842,8.175381021526569
페  루,공용,2025-11-01,5.119193391804925,,8.514360957348142,6.816777174576533
페  루,공용,2025-12-01,2.9594280079595667,,7.244302244017871,5.101865125988719
페  루,공용,2026-01-01,2.524349678670322,,8.385685942747777,5.45501781070905
페  루,공용,2026-02-01,6.169444306578922,,7.394929147802258,6.78218672719059
페  루,공용,2026-03-01,3.0037571579005107,,5.24059649369581,4.12217682579816
페  루,관광,2025-04-01,510.3551040940502,,388.5498779249661,449.45249100950815
페  루,관광,2025-05-01,548.8273101193097,,390.0557269536697,469.4415185364897
페  루,관광,2025-06-01,532.5908034865225,,384.0161257046355,458.30346459557904
페  루,관광,2025-07-01,484.9918181218056,,373.36575864175745,429.1787883817815
페  루,관광,2025-08-01,495.04027385364344,,398.10191587879456,446.571094866219
페  루,관광,2025-09-01,614.0996759167058,,451.2875845846735,532.6936302506897
페  루,관광,2025-10-01,714.3286495619834,,468.2603716946884,591.294510628336
페  루,관광,2025-11-01,551.9467060977082,,380.1878979810642,466.0673020393862
페  루,관광,2025-12-01,412.7078449999475,,289.1092019771603,350.9085234885539
페  루,관광,2026-01-01,369.6574687984939,,276.5122062348043,323.0848375166491
페  루,관광,2026-02-01,411.2424115184792,,298.5395707377752,354.8909911281272
페  루,관광,2026-03-01,579.3434659931123,,321.70768520921246,450.52557560116236
페  루,기타,2025-04-01,85.98942672828483,,112.5828130050937,99.28611986668926
페  루,기타,2025-05-01,110.48646162116376,,94.32225813523758,102.40435987820067
페  루,기타,2025-06-01,134.6979805729469,,90.21473563387475,112.45635810341082
페  루,기타,2025-07-01,156.6484779691302,,88.36715251740426,122.50781524326723
페  루,기타,2025-08-01,169.71194892774008,,123.07995059973686,146.39594976373849
페  루,기타,2025-09-01,183.32166704091668,,140.53077735127482,161.92622219609575
페  루,기타,2025-10-01,147.16438176090713,,116.91728171463154,132.04083173776934
페  루,기타,2025-11-01,112.6791319525249,,55.10037238416623,83.88975216834557
페  루,기타,2025-12-01,70.75965357970792,,32.86239640523181,51.81102499246987
페  루,기타,2026-01-01,67.43782753146729,,24.837974856754208,46.13790119411075
페  루,기타,2026-02-01,93.6664958035532,,46.44731752679252,70.05690666517286
페  루,기타,2026-03-01,108.63174541424526,,98.05887873154602,103.34531207289564
페  루,상용,2025-04-01,2.409183959983668,,2.628534785286332,2.518859372635
페  루,상용,2025-05-01,3.8137188573007106,,2.782232666974872,3.297975762137791
페  루,상용,2025-06-01,3.6045536556601605,,2.1952550928126437,2.899904374236402
페  루,상용,2025-07-01,3.3530949686781155,,1.4943495774586606,2.423722273068388
페  루,상용,2025-08-01,3.3778776634493184,,1.7824009789869875,2.580139321218153
페  루,상용,2025-09-01,4.569772720842532,,3.9979613393193887,4.283867030080961
페  루,상용,2025-10-01,4.258930000033306,,5.746583677821734,5.00275683892752
페  루,상용,2025-11-01,3.6641050826527506,,1.9376726333717804,2.8008888580122653
페  루,상용,2025-12-01,1.8589795915954868,,1.85774884695163,1.8583642192735583
페  루,상용,2026-01-01,5.357725164102637,,1.0062042188352776,3.181964691468957
페  루,상용,2026-02-01,1.8946560892674962,,1.194381581140664,1.5445188352040802
페  루,상용,2026-03-01,3.1273154356912967,,1.407065151977059,2.2671902938341777
페  루,유학연수,2025-04-01,2.711834750198756,,6.235858230106812,4.473846490152784
페  루,유학연수,2025-05-01,6.963628837073756,,8.363923751676296,7.663776294375026
페  루,유학연수,2025-06-01,8.322556471586093,,9.650390971934602,8.986473721760348
페  루,유학연수,2025-07-01,13.566721182700427,,12.145750760597886,12.856235971649156
페  루,유학연수,2025-08-01,63.109545270302775,,42.16162165367047,52.63558346198663
페  루,유학연수,2025-09-01,11.506007006159281,,7.956488959817505,9.731247982988393
페  루,유학연수,2025-10-01,4.726196301827142,,6.867558404595387,5.796877353211265
페  루,유학연수,2025-11-01,9.35192207845933,,7.078840335658142,8.215381207058735
페  루,유학연수,2025-12-01,8.024942200455838,,7.161276165504825,7.593109182980331
페  루,유학연수,2026-01-01,19.043747249286756,,17.86832078884293,18.456034019064845
페  루,유학연수,2026-02-01,51.85992296156096,,40.42369187069309,46.14180741612702
페  루,유학연수,2026-03-01,12.730626273909134,,29.17978733208325,20.955206802996194
폴란드,공용,2025-04-01,5.163571318222143,,17.913277145422956,11.53842423182255
폴란드,공용,2025-05-01,5.979324359632709,,15.672192963859818,10.825758661746264
폴란드,공용,2025-06-01,5.600342444348897,,13.905713540058024,9.75302799220346
폴란드,공용,2025-07-01,3.675679629823024,,13.901704172503486,8.788691901163254
폴란드,공용,2025-08-01,7.089435401140171,,15.470293353730968,11.279864377435569
폴란드,공용,2025-09-01,6.384830454127672,,17.83812466546044,12.111477559794057
폴란드,공용,2025-10-01,18.25320778407877,,19.503581870653665,18.87839482736622
폴란드,공용,2025-11-01,3.3311273429311545,,19.144178542387653,11.237652942659404
폴란드,공용,2025-12-01,4.124502142967337,,17.654334830798387,10.889418486882862
폴란드,공용,2026-01-01,5.19127983804369,,15.27178972584154,10.231534781942615
폴란드,공용,2026-02-01,7.880509448014409,,16.64687607334589,12.263692760680149
폴란드,공용,2026-03-01,14.346719289357162,,17.36061910631302,15.853669197835092
폴란드,관광,2025-04-01,4842.225825750851,,4474.760346734871,4658.493086242861
폴란드,관광,2025-05-01,4210.436432951609,,3754.2046544598415,3982.3205437057254
폴란드,관광,2025-06-01,3364.9620212149875,,2677.1299617978775,3021.0459915064325
폴란드,관광,2025-07-01,3602.7705162838874,,2526.6738316998503,3064.7221739918687
폴란드,관광,2025-08-01,4066.047627288379,,3542.5648955899806,3804.3062614391797
폴란드,관광,2025-09-01,5086.646906825633,,4124.107403140491,4605.377154983062
폴란드,관광,2025-10-01,4680.6082446613145,,3700.05688383658,4190.332564248947
폴란드,관광,2025-11-01,3971.0071490966325,,2771.16521360927,3371.086181352951
폴란드,관광,2025-12-01,2055.936420151169,,1446.1906710436997,1751.0635455974343
폴란드,관광,2026-01-01,2028.165351918634,,1207.5372560312808,1617.8513039749573
폴란드,관광,2026-02-01,2320.609584502916,,1844.4855267506043,2082.54755562676
폴란드,관광,2026-03-01,4569.555505706556,,4013.723235365589,4291.639370536072
폴란드,기타,2025-04-01,1011.0589916420022,,1114.7328298843072,1062.8959107631547
폴란드,기타,2025-05-01,1039.2376441890817,,1143.8660991292509,1091.5518716591664
폴란드,기타,2025-06-01,1024.1606784812464,,1097.4137219654783,1060.7872002233623
폴란드,기타,2025-07-01,1005.6581617568517,,1029.2252960452583,1017.4417289010551
폴란드,기타,2025-08-01,1068.2316966413955,,1008.7716999179635,1038.5016982796794
폴란드,기타,2025-09-01,1062.438492468559,,1047.808385289871,1055.123438879215
폴란드,기타,2025-10-01,1143.2404254687597,,1121.7673690137024,1132.503897241231
폴란드,기타,2025-11-01,999.2931832031849,,801.9712986441094,900.6322409236471
폴란드,기타,2025-12-01,971.8383455415736,,718.6088886170869,845.2236170793303
폴란드,기타,2026-01-01,1033.1939007809638,,970.3442609795918,1001.7690808802778
폴란드,기타,2026-02-01,990.8654669303853,,934.1701677634431,962.5178173469142
폴란드,기타,2026-03-01,1068.8344183231575,,1042.5872529559792,1055.7108356395684
폴란드,상용,2025-04-01,12.564022183977974,,9.158310754500018,10.861166469238995
폴란드,상용,2025-05-01,17.17353225671567,,9.736979415248218,13.455255835981944
폴란드,상용,2025-06-01,11.785379021031952,,10.782651310997954,11.284015166014953
폴란드,상용,2025-07-01,13.217843899415962,,12.369530096510685,12.793686997963324
폴란드,상용,2025-08-01,18.156488216067377,,13.3854035149818,15.770945865524588
폴란드,상용,2025-09-01,15.292097639772345,,13.402448260162412,14.34727294996738
폴란드,상용,2025-10-01,14.315716743690786,,16.674433193854412,15.495074968772599
폴란드,상용,2025-11-01,11.458558746899174,,12.33026928155478,11.894414014226978
폴란드,상용,2025-12-01,8.832192500459332,,10.145994657085563,9.489093578772447
폴란드,상용,2026-01-01,19.44062684171201,,19.567395068593193,19.5040109551526
폴란드,상용,2026-02-01,11.085646011686146,,10.745499603791888,10.915572807739018
폴란드,상용,2026-03-01,11.722149721218674,,9.812655198908889,10.767402460063781
폴란드,유학연수,2025-04-01,13.699169077841466,,37.35536677250451,25.52726792517299
폴란드,유학연수,2025-05-01,38.94000328485551,,60.8634746676223,49.9017389762389
폴란드,유학연수,2025-06-01,42.64136420756066,,89.34554625374219,65.99345523065142
폴란드,유학연수,2025-07-01,38.53805835109487,,129.31920984690936,83.92863409900211
폴란드,유학연수,2025-08-01,221.69235238545713,,171.3650464463815,196.52869941591933
폴란드,유학연수,2025-09-01,28.049186669563753,,18.71812811261905,23.3836573910914
폴란드,유학연수,2025-10-01,17.248762126903294,,59.43715933084318,38.34296072887324
폴란드,유학연수,2025-11-01,46.08793699151564,,87.68945236907734,66.8886946802965
폴란드,유학연수,2025-12-01,38.19866593357674,,102.99395702509077,70.59631147933375
폴란드,유학연수,2026-01-01,53.35415813318823,,126.77889627639615,90.0665272047922
폴란드,유학연수,2026-02-01,170.04738427269078,,164.09323766910262,167.07031097089668
폴란드,유학연수,2026-03-01,36.41050743873993,,73.71766973484642,55.064088586793176
프랑스,공용,2025-04-01,44.381130707218816,,49.22971604962258,46.8054233784207
프랑스,공용,2025-05-01,67.3874965395771,,51.879430190022234,59.63346336479967
프랑스,공용,2025-06-01,42.048028910970885,,55.49805420518753,48.77304155807921
프랑스,공용,2025-07-01,54.615033204904506,,56.17715213482117,55.39609266986284
프랑스,공용,2025-08-01,108.68937574902053,,82.22235623334217,95.45586599118135
프랑스,공용,2025-09-01,55.45867617766619,,66.03274744348,60.7457118105731
프랑스,공용,2025-10-01,62.707984820267846,,63.77931589153012,63.24365035589898
프랑스,공용,2025-11-01,67.17560374571867,,61.5647211447329,64.37016244522579
프랑스,공용,2025-12-01,46.99470136315592,,50.28746420590741,48.64108278453166
프랑스,공용,2026-01-01,99.96601367192001,,76.85724687784618,88.4116302748831
프랑스,공용,2026-02-01,54.3542934931283,,58.539030089790415,56.44666179145936
프랑스,공용,2026-03-01,84.39626530276634,,55.12329609100377,69.75978069688506
프랑스,관광,2025-04-01,22502.072802297236,,17815.36570610742,20158.719254202326
프랑스,관광,2025-05-01,18355.847666422585,,13090.804179064115,15723.32592274335
프랑스,관광,2025-06-01,14434.311341834094,,8525.233696121259,11479.772518977676
프랑스,관광,2025-07-01,18400.285513534138,,12252.331923892743,15326.30871871344
프랑스,관광,2025-08-01,19764.386421997395,,14446.558866363473,17105.472644180434
프랑스,관광,2025-09-01,17293.91057695348,,11184.084362157948,14238.997469555714
프랑스,관광,2025-10-01,23003.937751750884,,15395.133471533638,19199.535611642263
프랑스,관광,2025-11-01,15765.660258460315,,11587.021048172184,13676.340653316249
프랑스,관광,2025-12-01,11802.218974166888,,7285.705502471761,9543.962238319324
프랑스,관광,2026-01-01,9271.178764754306,,4765.237214370303,7018.207989562305
프랑스,관광,2026-02-01,10846.094972467374,,5708.302171485472,8277.198571976423
프랑스,관광,2026-03-01,16808.028412428244,,6131.455735987339,11469.742074207792
프랑스,기타,2025-04-01,1239.385459851982,,1305.459396205341,1272.4224280286614
프랑스,기타,2025-05-01,1450.3758247511357,,1330.497167651502,1390.4364962013187
프랑스,기타,2025-06-01,1145.850772325064,,1021.1702389029983,1083.5105056140312
프랑스,기타,2025-07-01,1223.5297478485102,,1017.3238005354123,1120.4267741919612
프랑스,기타,2025-08-01,1656.456291236281,,1375.8218898501084,1516.1390905431947
프랑스,기타,2025-09-01,1343.2830788881147,,1169.292455614256,1256.2877672511854
프랑스,기타,2025-10-01,1373.5373975443565,,1230.3838497138706,1301.9606236291136
프랑스,기타,2025-11-01,1219.0289587947657,,1156.8408703807588,1187.9349145877623
프랑스,기타,2025-12-01,1207.0251751524938,,1035.6416332725603,1121.333404212527
프랑스,기타,2026-01-01,1555.6283301514861,,1306.8962419110085,1431.2622860312472
프랑스,기타,2026-02-01,1191.4349894650013,,946.1221013440723,1068.7785454045368
프랑스,기타,2026-03-01,1468.0163487167822,,1178.5465874202396,1323.281468068511
프랑스,유학연수,2025-04-01,204.86203829871056,,438.51180764178457,321.68692297024756
프랑스,유학연수,2025-05-01,612.4377413272955,,468.19161329868695,540.3146773129912
프랑스,유학연수,2025-06-01,421.7491363828538,,415.2515670842138,418.50035173353376
프랑스,유학연수,2025-07-01,328.8528570054461,,415.8339122556759,372.343384630561
프랑스,유학연수,2025-08-01,2283.539285347969,,1605.7221355820764,1944.6307104650227
프랑스,유학연수,2025-09-01,259.5772636637311,,188.42017341529373,223.99871853951242
프랑스,유학연수,2025-10-01,215.69662534813455,,312.68380024426324,264.1902127961989
프랑스,유학연수,2025-11-01,628.6261016131718,,534.0787244638595,581.3524130385157
프랑스,유학연수,2025-12-01,521.472401393563,,506.4964709211132,513.9844361573381
프랑스,유학연수,2026-01-01,615.8499389818156,,487.833245821225,551.8415924015203
프랑스,유학연수,2026-02-01,1959.2477500828704,,1404.1363588211746,1681.6920544520226
프랑스,유학연수,2026-03-01,373.28306863205023,,430.5628452953015,401.92295696367586
프랑스,상용,2025-04-01,168.35802514544048,,181.238239445258,174.79813229534923
프랑스,상용,2025-05-01,199.08480472124222,,189.06860373366055,194.0767042274514
프랑스,상용,2025-06-01,175.58495533226127,,183.98270594502932,179.7838306386453
프랑스,상용,2025-07-01,167.435081705575,,170.33124997056618,168.88316583807057
프랑스,상용,2025-08-01,229.7179416955967,,232.9540409464698,231.33599132103325
프랑스,상용,2025-09-01,196.17871634795387,,192.61067506266096,194.3946957053074
프랑스,상용,2025-10-01,188.1094971466568,,192.49577184113022,190.3026344938935
프랑스,상용,2025-11-01,176.80049200413043,,194.26619680367713,185.53334440390378
프랑스,상용,2025-12-01,161.41691951879426,,189.50176690760023,175.45934321319726
프랑스,상용,2026-01-01,282.91789951322073,,266.1963101735118,274.55710484336623
프랑스,상용,2026-02-01,178.41770945294644,,202.90581488557845,190.66176216926243
프랑스,상용,2026-03-01,215.45559623820313,,213.02527962305157,214.24043793062737
피  지,공용,2025-04-01,1.5748760661490726,,0.6216013999208729,1.0982387330349728
피  지,공용,2025-05-01,0.40514993764014323,,0.6202639831152189,0.512706960377681
피  지,공용,2025-06-01,0.019167098138808243,,0.5434677630510125,0.2813174305949104
피  지,공용,2025-07-01,1.1612811198499282,,0.5603147578222712,0.8607979388360998
피  지,공용,2025-08-01,1.816501286974011,,0.7432900292862481,1.2798956581301295
피  지,공용,2025-09-01,0.8043723442871699,,0.6567938669035028,0.7305831055953363
피  지,공용,2025-10-01,0.7438301429195391,,0.4413162786402256,0.5925732107798823
피  지,공용,2025-11-01,0.633084732695067,,0.4985387685339053,0.5658117506144862
피  지,공용,2025-12-01,1.9717100250912654,,0.5864899066220598,1.2790999658566626
피  지,공용,2026-01-01,1.7074574596107521,,0.7885471210560736,1.248002290333413
피  지,공용,2026-02-01,0.5544388858201569,,0.6307101303307604,0.5925745080754586
피  지,공용,2026-03-01,1.2102225857239435,,0.5029401134827302,0.8565813496033368
피  지,관광,2025-04-01,52.70293918178441,,52.20278006604201,52.45285962391321
피  지,관광,2025-05-01,73.58515640948936,,61.867923198096435,67.72653980379289
피  지,관광,2025-06-01,60.442497657773266,,75.4370763546149,67.93978700619408
피  지,관광,2025-07-01,61.634802493360155,,95.41895783824694,78.52688016580355
피  지,관광,2025-08-01,72.45666873010008,,73.33428883345587,72.89547878177797
피  지,관광,2025-09-01,73.76075299144611,,68.30536353889991,71.03305826517301
피  지,관광,2025-10-01,83.55675565790004,,66.09549934184426,74.82612749987214
피  지,관광,2025-11-01,57.087634982969455,,65.84802181779833,61.467828400383894
피  지,관광,2025-12-01,66.46154412883944,,74.08556019990823,70.27355216437383
피  지,관광,2026-01-01,127.80939587458212,,59.511591288154875,93.6604935813685
피  지,관광,2026-02-01,47.04672425130938,,51.9445896443506,49.495656947829985
피  지,관광,2026-03-01,59.92443279454574,,58.77994134773991,59.35218707114282
피  지,상용,2025-04-01,-9.468898119650463e-05,,0.033866404512411186,0.016885857765607342
피  지,상용,2025-05-01,-0.0002217596574374148,,0.008899788791214724,0.0043390145668886545
피  지,상용,2025-06-01,-0.00018330077898933434,,-0.009615752594072463,-0.0048995266865308985
피  지,상용,2025-07-01,5.336238965951771e-06,,-0.002921446887524798,-0.001458055324279423
피  지,상용,2025-08-01,-0.0001841111709652793,,-0.023822667792147367,-0.012003389481556324
피  지,상용,2025-09-01,-0.00025449096188724364,,-0.028085284883842015,-0.01416988792286463
피  지,상용,2025-10-01,-0.00030796957396109274,,-0.015808003653607794,-0.008057986613784443
피  지,상용,2025-11-01,-0.000380062794897626,,0.02200505682806911,0.01081249701658574
피  지,상용,2025-12-01,-0.00010147849596855829,,0.033552007060677305,0.016725264282354373
피  지,상용,2026-01-01,-3.4598330890374104e-05,,0.06291563455273365,0.03144051811092164
피  지,상용,2026-02-01,4.172574924542735e-06,,0.06849379805104948,0.034248985312987014
피  지,상용,2026-03-01,-2.8589359070670804e-05,,0.06775715716721428,0.033864283904071805
피  지,기타,2025-04-01,30.830838063179154,,4.449846331243428,17.64034219721129
피  지,기타,2025-05-01,23.0349547453367,,3.472690115645692,13.253822430491198
피  지,기타,2025-06-01,30.869233957650007,,1.8327408583880072,16.35098740801901
피  지,기타,2025-07-01,26.40227430008647,,2.647464885966672,14.524869593026573
피  지,기타,2025-08-01,22.947613965707944,,4.2126039711565255,13.580108968432235
피  지,기타,2025-09-01,27.823176284478865,,6.194329669602428,17.008752977040647
피  지,기타,2025-10-01,26.708527467144553,,7.240298113631007,16.97441279038778
피  지,기타,2025-11-01,27.044762746469132,,4.905777864619731,15.97527030554443
피  지,기타,2025-12-01,36.987902825830524,,3.9257802873192906,20.456841556574908
피  지,기타,2026-01-01,25.648971569734687,,3.273783117473868,14.461377343604278
피  지,기타,2026-02-01,33.28377607481279,,2.318216848738631,17.80099646177571
피  지,기타,2026-03-01,22.203157174290308,,3.0610585353423776,12.632107854816343
피  지,유학연수,2025-04-01,0.4535004101307355,,0.36012873143572754,0.4068145707832315
피  지,유학연수,2025-05-01,0.7753717502845369,,0.047530697031954894,0.4114512236582459
피  지,유학연수,2025-06-01,1.6681612527668794,,0.7478680314915582,1.2080146421292188
피  지,유학연수,2025-07-01,2.137083779510633,,1.9761948963442668,2.05663933792745
피  지,유학연수,2025-08-01,6.407157643237256,,5.983029594352326,6.195093618794791
피  지,유학연수,2025-09-01,1.781847155833634,,1.4429579375273447,1.6124025466804892
피  지,유학연수,2025-10-01,1.3518089991735314,,0.7883138339146294,1.0700614165440805
피  지,유학연수,2025-11-01,0.5850323504754762,,0.6193000124548304,0.6021661814651533
피  지,유학연수,2025-12-01,0.5740742732963023,,0.49734036567737316,0.5357073194868378
피  지,유학연수,2026-01-01,2.8436038742275316,,2.6918056646999275,2.7677047694637293
피  지,유학연수,2026-02-01,2.9372480513062307,,2.822522721684187,2.879885386495209
피  지,유학연수,2026-03-01,1.4423605730502447,,1.0800296944157233,1.261195133732984
필리핀,공용,2025-04-01,242.01053305028037,,135.6439454967289,188.82723927350463
필리핀,공용,2025-05-01,264.3872029781381,,142.25727891997556,203.32224094905683
필리핀,공용,2025-06-01,278.14972276315336,,159.43085184593934,218.79028730454635
필리핀,공용,2025-07-01,279.28102608681417,,185.3395445877042,232.3102853372592
필리핀,공용,2025-08-01,275.4713523168602,,184.4330594862538,229.952205901557
필리핀,공용,2025-09-01,272.3418847949967,,179.70578851958692,226.0238366572918
필리핀,공용,2025-10-01,293.5350863158248,,195.14343459927372,244.33926045754924
필리핀,공용,2025-11-01,305.7122470672459,,217.36860921975597,261.54042814350095
필리핀,공용,2025-12-01,210.73712035589273,,176.52044335412745,193.6287818550101
필리핀,공용,2026-01-01,292.94144915811023,,201.92084907272243,247.43114911541633
필리핀,공용,2026-02-01,165.47344857865798,,105.48945865599869,135.48145361732833
필리핀,공용,2026-03-01,199.24475876791274,,93.18344999614031,146.21410438202653
필리핀,관광,2025-04-01,39764.811383319924,,32774.353238916214,36269.582311118065
필리핀,관광,2025-05-01,31454.22015004119,,25894.669393543307,28674.44477179225
필리핀,관광,2025-06-01,28356.950955388595,,17962.91141397099,23159.931184679794
필리핀,관광,2025-07-01,20677.57046389489,,14619.518348328127,17648.54440611151
필리핀,관광,2025-08-01,18618.931025464764,,14000.632969075632,16309.781997270198
필리핀,관광,2025-09-01,25059.804527565517,,19627.406612641003,22343.60557010326
필리핀,관광,2025-10-01,44177.63209774525,,39286.560595112576,41732.09634642891
필리핀,관광,2025-11-01,38639.96381864034,,32866.320353507166,35753.142086073756
필리핀,관광,2025-12-01,41278.29237816956,,33191.70756279965,37234.999970484605
필리핀,관광,2026-01-01,24156.089604633773,,18577.312362702847,21366.70098366831
필리핀,관광,2026-02-01,24480.382949105282,,19057.84117180208,21769.11206045368
필리핀,관광,2026-03-01,35628.77150411844,,24379.254934466808,30004.013219292625
필리핀,기타,2025-04-01,21523.31930812794,,22525.53025697016,22024.42478254905
필리핀,기타,2025-05-01,22947.879586659816,,25504.7087696201,24226.294178139957
필리핀,기타,2025-06-01,23040.17536195715,,27871.225871231698,25455.700616594426
필리핀,기타,2025-07-01,23757.952040011896,,29248.712275195878,26503.332157603887
필리핀,기타,2025-08-01,24727.64757943763,,27780.073074257853,26253.86032684774
필리핀,기타,2025-09-01,23662.157856988146,,26062.49231642302,24862.325086705583
필리핀,기타,2025-10-01,23778.636350954173,,23245.333614897692,23511.984982925933
필리핀,기타,2025-11-01,19880.78644657559,,17627.63127521514,18754.208860895364
필리핀,기타,2025-12-01,19431.156235772956,,16661.236268409764,18046.19625209136
필리핀,기타,2026-01-01,21082.8205542299,,18487.721533042866,19785.271043636385
필리핀,기타,2026-02-01,19207.73538440211,,16531.37933455908,17869.557359480594
필리핀,기타,2026-03-01,22900.7573880895,,20198.16873360217,21549.463060845836
필리핀,상용,2025-04-01,752.9644977914002,,552.0765036949094,652.5205007431548
필리핀,상용,2025-05-01,761.24560234367,,558.6887112273972,659.9671567855337
필리핀,상용,2025-06-01,727.7530589551652,,547.1726745925073,637.4628667738363
필리핀,상용,2025-07-01,672.7368218395337,,527.8398474015178,600.2883346205258
필리핀,상용,2025-08-01,659.2911232234551,,489.3696541233269,574.330388673391
필리핀,상용,2025-09-01,715.6715640473896,,560.0249694423436,637.8482667448666
필리핀,상용,2025-10-01,900.3425715899773,,700.4069837600927,800.3747776750349
필리핀,상용,2025-11-01,793.8416833539715,,668.8425112025158,731.3420972782436
필리핀,상용,2025-12-01,520.2651608113836,,461.58208538529027,490.9236230983369
필리핀,상용,2026-01-01,709.5190924978691,,396.05270153210597,552.7858970149875
필리핀,상용,2026-02-01,653.803149597123,,448.5199217159627,551.1615356565428
필리핀,상용,2026-03-01,835.8151590134133,,532.2355939981933,684.0253765058033
필리핀,유학연수,2025-04-01,70.17027579905532,,46.05512271953815,58.11269925929673
필리핀,유학연수,2025-05-01,93.15810083185444,,55.00019977869506,74.07915030527475
필리핀,유학연수,2025-06-01,100.43572258568177,,66.80168357116611,83.61870307842395
필리핀,유학연수,2025-07-01,150.1795211671454,,84.8237424017532,117.5016317844493
필리핀,유학연수,2025-08-01,445.06034070245727,,244.58947537813918,344.8249080402982
필리핀,유학연수,2025-09-01,162.05814635401765,,122.47728545169926,142.26771590285847
필리핀,유학연수,2025-10-01,91.98164396189176,,77.21698242952998,84.59931319571086
필리핀,유학연수,2025-11-01,88.96284744969859,,59.66056103178083,74.31170424073972
필리핀,유학연수,2025-12-01,96.87923916163611,,66.92845251390033,81.90384583776822
필리핀,유학연수,2026-01-01,305.48381780637345,,190.65624725302337,248.0700325296984
필리핀,유학연수,2026-02-01,386.5648372275877,,209.79770171243155,298.1812694700096
필리핀,유학연수,2026-03-01,199.0177632709131,,68.9815416155281,133.9996524432206
홍  콩,공용,2025-04-01,1.7941695287794637,,5.728864755979491,3.7615171423794775
홍  콩,공용,2025-05-01,2.34590320263981,,6.18761794881082,4.266760575725315
홍  콩,공용,2025-06-01,3.2296762034214854,,6.010465800598627,4.620071002010056
홍  콩,공용,2025-07-01,2.9225697988485226,,6.315337593286085,4.618953696067304
홍  콩,공용,2025-08-01,3.6200752662444677,,6.331591217908379,4.9758332420764235
홍  콩,공용,2025-09-01,3.225982233065885,,6.125437655666343,4.675709944366114
홍  콩,공용,2025-10-01,2.539610166942761,,5.060204053438984,3.7999071101908726
홍  콩,공용,2025-11-01,4.206284353284353,,4.3584796667581704,4.282382010021262
홍  콩,공용,2025-12-01,4.807919179834696,,4.377728815131029,4.592823997482862
홍  콩,공용,2026-01-01,3.031584919632475,,4.925756977021179,3.978670948326827
홍  콩,공용,2026-02-01,1.9954099819201698,,1.9820432454041579,1.988726613662164
홍  콩,공용,2026-03-01,1.8325955148001443,,0.42906526072163165,1.1308303877608878
홍  콩,관광,2025-04-01,66584.75206589709,,57442.09817516282,62013.42512052995
홍  콩,관광,2025-05-01,55699.47857744464,,57332.259091277374,56515.86883436101
홍  콩,관광,2025-06-01,62900.75544870397,,57465.88992114131,60183.322684922634
홍  콩,관광,2025-07-01,61119.614024713075,,58322.34205799647,59720.97804135477
홍  콩,관광,2025-08-01,65161.080969857976,,58644.66213139518,61902.87155062657
홍  콩,관광,2025-09-01,49187.06532988095,,46852.87289859272,48019.96911423684
홍  콩,관광,2025-10-01,68675.33151471142,,52417.58863292109,60546.460073816255
홍  콩,관광,2025-11-01,62733.99733042917,,53279.04015198878,58006.51874120897
홍  콩,관광,2025-12-01,76293.1947799154,,59042.12992341336,67667.66235166439
홍  콩,관광,2026-01-01,58580.76976985372,,45606.924206913754,52093.84698838374
홍  콩,관광,2026-02-01,59711.53410079591,,48804.46748344444,54258.000792120176
홍  콩,관광,2026-03-01,65332.55735664859,,53228.61160097561,59280.5844788121
홍  콩,기타,2025-04-01,388.57995130734344,,297.51378462610296,343.0468679667232
홍  콩,기타,2025-05-01,407.1259802193038,,296.5515810178379,351.83878061857087
홍  콩,기타,2025-06-01,394.00335887990985,,295.84883608248225,344.92609748119605
홍  콩,기타,2025-07-01,429.029348345174,,296.5037425218989,362.76654543353646
홍  콩,기타,2025-08-01,446.9596999503816,,311.4952918110505,379.22749588071605
홍  콩,기타,2025-09-01,459.25278233255835,,326.0452253301312,392.64900383134477
홍  콩,기타,2025-10-01,457.968592148266,,301.86881332010483,379.91870273418544
홍  콩,기타,2025-11-01,409.2633587653215,,300.5064625382103,354.88491065176595
홍  콩,기타,2025-12-01,433.2495480679321,,296.1048436282863,364.6771958481092
홍  콩,기타,2026-01-01,441.97199356108956,,288.78592089080047,365.378957225945
홍  콩,기타,2026-02-01,425.57287530266683,,296.5036323795445,361.03825384110564
홍  콩,기타,2026-03-01,465.34290116111634,,318.4900288853426,391.9164650232295
홍  콩,상용,2025-04-01,44.15110022681953,,48.203904518036644,46.17750237242809
홍  콩,상용,2025-05-01,61.36754136142926,,48.406412126667774,54.88697674404852
홍  콩,상용,2025-06-01,52.44437270558294,,44.16855188145186,48.3064622935174
홍  콩,상용,2025-07-01,51.63012898583501,,42.16212832344819,46.8961286546416
홍  콩,상용,2025-08-01,46.87653491743694,,46.29960158142233,46.58806824942964
홍  콩,상용,2025-09-01,94.7005398423533,,45.062939060816674,69.88173945158499
홍  콩,상용,2025-10-01,43.511264832042244,,50.64046552497301,47.07586517850763
홍  콩,상용,2025-11-01,46.387851012069895,,49.705518129063805,48.04668457056685
홍  콩,상용,2025-12-01,42.74295165645284,,47.686975325531726,45.21496349099228
홍  콩,상용,2026-01-01,42.74800131027643,,42.64203743847544,42.69501937437593
홍  콩,상용,2026-02-01,47.0991993593731,,46.965267916284056,47.03223363782858
홍  콩,상용,2026-03-01,56.252595762313085,,49.11093006421852,52.6817629132658
홍  콩,유학연수,2025-04-01,96.21558321701751,,87.33744968186252,91.77651644944001
홍  콩,유학연수,2025-05-01,185.2262099283894,,102.74895763958062,143.98758378398503
홍  콩,유학연수,2025-06-01,236.66688659267007,,134.74447112495682,185.70567885881343
홍  콩,유학연수,2025-07-01,178.91426108151236,,153.15695797327152,166.03560952739195
홍  콩,유학연수,2025-08-01,581.8240095810089,,385.8927888889451,483.858399234977
홍  콩,유학연수,2025-09-01,296.68827976241636,,197.3934516496317,247.04086570602402
홍  콩,유학연수,2025-10-01,113.90538933939231,,72.28397616360141,93.09468275149686
홍  콩,유학연수,2025-11-01,190.8247975847005,,134.28409780173058,162.55444769321554
홍  콩,유학연수,2025-12-01,235.9336152776241,,165.27805976976651,200.6058375236953
홍  콩,유학연수,2026-01-01,151.69477665865867,,110.09799382772017,130.89638524318943
홍  콩,유학연수,2026-02-01,638.1600903152421,,416.61294678248834,527.3865185488652
홍  콩,유학연수,2026-03-01,332.39318449790636,,178.51363911493422,255.4534118064203
