국적,목적,ds,prophet_pred,xgb_pred,lstm_pred,stacking_pred
그리스,공용,2025-04-01,1.2260935016931631,,0.3069911676717141,0.7665423346824386
그리스,공용,2025-05-01,0.8019317849906806,,0.30043614115619144,0.5511839630734361
그리스,공용,2025-06-01,0.4514939446945756,,0.3549871302481833,0.40324053747137945
그리스,공용,2025-07-01,0.8414729018830214,,0.45621900285799577,0.6488459523705086
그리스,공용,2025-08-01,1.1472271618775423,,0.7737514852379561,0.9604893235577492
그리스,공용,2025-09-01,0.6671798445307642,,1.030325716378396,0.8487527804545801
그리스,공용,2025-10-01,0.6470224397455752,,1.082641821857481,0.8648321308015281
그리스,공용,2025-11-01,0.6824359177303178,,1.0886313085791286,0.8855336131547231
그리스,공용,2025-12-01,1.7138616299338654,,0.9083969880962471,1.3111293090150562
그리스,공용,2026-01-01,1.8194365914612267,,1.2637130654761466,1.5415748284686868
그리스,공용,2026-02-01,0.6884272858889774,,1.0992325315463576,0.8938299087176675
그리스,공용,2026-03-01,1.9845021929585285,,0.8589551159078532,1.4217286544331909
그리스,공용,2026-04-01,1.1592622781996023,,0.3953370891701654,0.7772996836848838
그리스,공용,2026-05-01,0.8594358968092675,,0.34327217971431345,0.6013540382617905
그리스,공용,2026-06-01,0.49938756006357876,,0.3702875754027165,0.43483756773314763
그리스,공용,2026-07-01,1.2654216485508356,,0.45417314286327587,0.8597973957070557
그리스,공용,2026-08-01,0.7455041631734572,,0.7524166762718871,0.7489604197226722
그리스,공용,2026-09-01,0.845997817243274,,1.0217824317735218,0.9338901245083979
그리스,공용,2026-10-01,0.785132706727986,,1.0770015984313086,0.9310671525796472
그리스,공용,2026-11-01,1.018769487480181,,1.082503482018599,1.0506364847493899
그리스,공용,2026-12-01,1.3068276501354934,,0.9025011654297205,1.1046644077826069
그리스,공용,2027-01-01,2.4578216030827496,,1.258780827193608,1.8583012151381788
그리스,공용,2027-02-01,0.39008896521833475,,1.1069921966097047,0.7485405809140198
그리스,공용,2027-03-01,2.4815840837857603,,0.8713203674563592,1.6764522256210599
그리스,기타,2025-04-01,266.6859206788087,,165.03444541755783,215.86018304818327
그리스,기타,2025-05-01,274.12519746046326,,154.2876080518331,214.20640275614818
그리스,기타,2025-06-01,259.93344427529956,,144.47939961068386,202.2064219429917
그리스,기타,2025-07-01,243.91819352778424,,137.40074200459068,190.65946776618745
그리스,기타,2025-08-01,298.71840025497164,,145.92475261082137,222.3215764328965
그리스,기타,2025-09-01,276.16776700538384,,158.0796797145897,217.12372335998677
그리스,기타,2025-10-01,317.15807035522255,,163.3280244271005,240.24304739116153
그리스,기타,2025-11-01,259.0979112524196,,156.37312363073502,207.73551744157731
그리스,기타,2025-12-01,278.8135415969598,,136.36035397848437,207.58694778772207
그리스,기타,2026-01-01,265.1129333640639,,136.8524091626542,200.98267126335907
그리스,기타,2026-02-01,258.22430165192867,,135.5930797706255,196.90869071127707
그리스,기타,2026-03-01,299.9792621573851,,130.09991204882257,215.03958710310383
그리스,기타,2026-04-01,300.1801663101097,,116.96224802625403,208.57120716818187
그리스,기타,2026-05-01,299.6610147533367,,110.61384903715418,205.13743189524544
그리스,기타,2026-06-01,294.6032135463654,,107.97236783936725,201.28779069286634
그리스,기타,2026-07-01,274.2216079074129,,107.85744838938083,191.03952814839687
그리스,기타,2026-08-01,344.24191180437896,,119.32639373712729,231.7841527707531
그리스,기타,2026-09-01,319.60400354040235,,129.25188576271606,224.4279446515592
그리스,기타,2026-10-01,358.1659289065092,,139.9843694549756,249.0751491807424
그리스,기타,2026-11-01,293.79441726011896,,138.81324479361336,216.30383102686616
그리스,기타,2026-12-01,298.55649490483484,,124.39097765593431,211.47373628038457
그리스,기타,2027-01-01,299.94288564979473,,127.27710173848362,213.60999369413918
그리스,기타,2027-02-01,283.8134783283961,,132.25402130021345,208.03374981430477
그리스,기타,2027-03-01,355.7743732253581,,131.79724800831022,243.78581061683417
그리스,상용,2025-04-01,11.137040762761169,,12.841731294060594,11.98938602841088
그리스,상용,2025-05-01,12.616949831947109,,14.181165846220741,13.399057839083925
그리스,상용,2025-06-01,10.703445570821755,,15.217809794428375,12.960627682625065
그리스,상용,2025-07-01,10.97777705696134,,15.723746255986605,13.350761656473972
그리스,상용,2025-08-01,21.126182140428675,,25.800864195786115,23.463523168107393
그리스,상용,2025-09-01,15.201672805405137,,24.160326754700982,19.68099978005306
그리스,상용,2025-10-01,12.389078794340572,,15.44847347600224,13.918776135171406
그리스,상용,2025-11-01,10.3607736100254,,11.766935569989162,11.063854590007281
그리스,상용,2025-12-01,9.380072696033192,,12.49365075494286,10.936861725488026
그리스,상용,2026-01-01,18.834382751357484,,22.337383131890736,20.58588294162411
그리스,상용,2026-02-01,13.63016276553973,,14.932814020660443,14.281488393100087
그리스,상용,2026-03-01,11.167826420615892,,12.684095232789549,11.92596082670272
그리스,상용,2026-04-01,12.190986472007761,,13.448164830432514,12.819575651220138
그리스,상용,2026-05-01,12.855906736214049,,14.554675528196865,13.705291132205456
그리스,상용,2026-06-01,11.567236634225143,,15.142192942420019,13.354714788322582
그리스,상용,2026-07-01,10.5223571108355,,15.29325515472456,12.907806132780031
그리스,상용,2026-08-01,22.136342302802124,,23.791909830358705,22.964126066580413
그리스,상용,2026-09-01,15.980675352611248,,22.267830234153404,19.124252793382325
그리스,상용,2026-10-01,12.491231427691233,,15.323406182632137,13.907318805161685
그리스,상용,2026-11-01,10.8993767280066,,12.132319183142476,11.515847955574538
그리스,상용,2026-12-01,9.981917703992213,,12.326558464773843,11.154238084383028
그리스,상용,2027-01-01,19.66666228009969,,21.44011925596665,20.553390768033168
그리스,상용,2027-02-01,13.279170741382876,,14.870105217910398,14.074637979646637
그리스,상용,2027-03-01,11.497412829755758,,12.742195745427958,12.119804287591858
그리스,관광,2025-04-01,803.2596712192319,,812.4985148129931,807.8790930161125
그리스,관광,2025-05-01,799.2777555736368,,674.8507492604966,737.0642524170667
그리스,관광,2025-06-01,758.2212624862923,,566.3314379339658,662.2763502101291
그리스,관광,2025-07-01,819.1142251562727,,548.0688538399727,683.5915394981228
그리스,관광,2025-08-01,732.5100990559944,,595.3245738445996,663.917336450297
그리스,관광,2025-09-01,804.6470429479026,,669.5778397976353,737.1124413727689
그리스,관광,2025-10-01,938.2764841665756,,708.0910610122297,823.1837725894027
그리스,관광,2025-11-01,884.4588795934436,,691.4600415533014,787.9594605733726
그리스,관광,2025-12-01,686.1603359556228,,535.6058637350199,610.8830998453213
그리스,관광,2026-01-01,719.9012503972067,,458.25707436631853,589.0791623817627
그리스,관광,2026-02-01,681.8232807991611,,438.7500295810691,560.2866551901151
그리스,관광,2026-03-01,996.2288971738868,,463.8879103026916,730.0584037382891
그리스,관광,2026-04-01,969.179956385694,,389.65276656482143,679.4163614752578
그리스,관광,2026-05-01,940.4949037195065,,362.1907017314651,651.3428027254859
그리스,관광,2026-06-01,925.9668729988695,,317.54460886588697,621.7557409323782
그리스,관광,2026-07-01,982.7005103409564,,288.60888361310873,635.6546969770326
그리스,관광,2026-08-01,883.5441041541,,295.38799334860425,589.4660487513521
그리스,관광,2026-09-01,994.4541442254473,,307.35383158659477,650.903987906021
그리스,관광,2026-10-01,1124.434100764117,,288.9622879252501,706.6981943446835
그리스,관광,2026-11-01,1003.4484726100363,,271.18203305817224,637.3152528341043
그리스,관광,2026-12-01,823.7214523334264,,242.56572660210347,533.143589467765
그리스,관광,2027-01-01,838.2213248731589,,242.68807619028735,540.4547005317231
그리스,관광,2027-02-01,833.6089226312431,,231.13863198727924,532.3737773092612
그리스,관광,2027-03-01,1170.0942411671647,,225.05206267726038,697.5731519222126
그리스,유학연수,2025-04-01,0.3867177564028481,,3.809114382131142,2.097916069266995
그리스,유학연수,2025-05-01,4.269405283283076,,4.497681046214126,4.383543164748601
그리스,유학연수,2025-06-01,8.865223744875184,,5.420337569822497,7.14278065734884
그리스,유학연수,2025-07-01,3.5057566021573496,,6.254301028790332,4.880028815473841
그리스,유학연수,2025-08-01,29.773417553863073,,19.487897618306736,24.630657586084904
그리스,유학연수,2025-09-01,3.910444251542782,,5.224440557165782,4.567442404354282
그리스,유학연수,2025-10-01,2.1246381390314615,,2.169564339579554,2.147101239305508
그리스,유학연수,2025-11-01,7.218235685549795,,5.12005962432352,6.1691476549366575
그리스,유학연수,2025-12-01,5.846157293341192,,7.080386980887911,6.463272137114552
그리스,유학연수,2026-01-01,4.909057335138233,,6.714923294922296,5.811990315030265
그리스,유학연수,2026-02-01,23.37415241707535,,10.012045958596715,16.693099187836033
그리스,유학연수,2026-03-01,2.633338847516317,,5.213624126828431,3.9234814871723738
그리스,유학연수,2026-04-01,0.3496692749401352,,4.565262353741776,2.4574658143409556
그리스,유학연수,2026-05-01,4.72748285905463,,4.866483432831655,4.796983145943143
그리스,유학연수,2026-06-01,9.727751223680302,,5.445592032525784,7.586671628103043
그리스,유학연수,2026-07-01,5.143972717952872,,5.977495770429394,5.560734244191133
그리스,유학연수,2026-08-01,34.14493528086455,,21.242095136905817,27.693515208885184
그리스,유학연수,2026-09-01,6.667881886856052,,3.868231868717869,5.268056877786961
그리스,유학연수,2026-10-01,2.760430820528648,,2.723023585336167,2.741727202932408
그리스,유학연수,2026-11-01,5.766976462882544,,6.29943211899823,6.033204290940388
그리스,유학연수,2026-12-01,6.78533273123374,,7.296817370209581,7.041075050721661
그리스,유학연수,2027-01-01,6.079432597426777,,6.6486229772124075,6.364027787319593
그리스,유학연수,2027-02-01,29.24623047753881,,10.79263006875062,20.019430273144714
그리스,유학연수,2027-03-01,1.9395997230997797,,4.892127223558105,3.415863473328942
나이지리아,공용,2025-04-01,3.3488114888510507,,3.3174825169521243,3.3331470029015877
나이지리아,공용,2025-05-01,3.479899045617818,,4.392072159411341,3.935985602514579
나이지리아,공용,2025-06-01,2.813761850043918,,5.639261718278155,4.226511784161036
나이지리아,공용,2025-07-01,3.9978906336206466,,6.162227014610569,5.080058824115608
나이지리아,공용,2025-08-01,2.777169438127555,,3.559478487709269,3.1683239629184117
나이지리아,공용,2025-09-01,1.5520540064536734,,5.071361726409259,3.3117078664314663
나이지리아,공용,2025-10-01,7.745315628006779,,30.00043416180853,18.872874894907653
나이지리아,공용,2025-11-01,2.150700192552551,,5.80894537637813,3.97982278446534
나이지리아,공용,2025-12-01,0.6575663308273896,,1.565452471626978,1.1115094012271838
나이지리아,공용,2026-01-01,0.9006765734257544,,1.520716073955911,1.2106963236908326
나이지리아,공용,2026-02-01,1.986947663789393,,3.4937518171932256,2.7403497404913093
나이지리아,공용,2026-03-01,1.5218016952705933,,5.0441866133643245,3.282994154317459
나이지리아,공용,2026-04-01,2.0348677481732613,,5.92874248870476,3.9818051184390106
나이지리아,공용,2026-05-01,1.9467218379874653,,6.973189251557686,4.459955544772576
나이지리아,공용,2026-06-01,1.4887744081905994,,6.403617317813206,3.9461958630019023
나이지리아,공용,2026-07-01,1.9824817738648206,,6.519899508687297,4.251190641276059
나이지리아,공용,2026-08-01,1.2302920497301708,,6.1379500874271375,3.684121068578654
나이지리아,공용,2026-09-01,0.7054872381885084,,9.94997756375902,5.3277324009737645
나이지리아,공용,2026-10-01,3.5381350410824552,,35.59389886836678,19.566016954724617
나이지리아,공용,2026-11-01,0.8827999087004267,,7.147266973628479,4.015033441164453
나이지리아,공용,2026-12-01,0.2234284458420078,,5.316311526200279,2.7698699860211433
나이지리아,공용,2027-01-01,0.32768934328365484,,3.9728374638673793,2.1502634035755173
나이지리아,공용,2027-02-01,0.5598621559643134,,5.429999902217417,2.994931029090865
나이지리아,공용,2027-03-01,0.39792056368620027,,6.362361862187846,3.380141212937023
나이지리아,관광,2025-04-01,90.28190328991336,,162.97073395148044,126.6263186206969
나이지리아,관광,2025-05-01,185.25096342221207,,228.66147590515882,206.95621966368543
나이지리아,관광,2025-06-01,146.48217367414045,,226.36726023495075,186.4247169545456
나이지리아,관광,2025-07-01,162.20376705928737,,198.90158249924207,180.55267477926472
나이지리아,관광,2025-08-01,133.42702114757833,,141.19675400307145,137.31188757532487
나이지리아,관광,2025-09-01,179.2347199271227,,106.9895338085688,143.11212686784575
나이지리아,관광,2025-10-01,210.69407006801998,,119.55639843058822,165.1252342493041
나이지리아,관광,2025-11-01,131.82389434915487,,94.10429720066247,112.96409577490867
나이지리아,관광,2025-12-01,94.52802097207103,,74.07010742012716,84.2990641960991
나이지리아,관광,2026-01-01,59.40588231063851,,62.06071214539572,60.733297228017115
나이지리아,관광,2026-02-01,71.54104927109162,,52.406627603042764,61.973838437067194
나이지리아,관광,2026-03-01,110.76399607565706,,56.963547423754136,83.86377174970559
나이지리아,관광,2026-04-01,131.21340394898166,,81.71863216768607,106.46601805833387
나이지리아,관광,2026-05-01,198.95368221081992,,105.80148020455198,152.37758120768595
나이지리아,관광,2026-06-01,172.08566121036765,,131.01784002696067,151.55175061866416
나이지리아,관광,2026-07-01,189.88851682210324,,144.43905848271405,167.16378765240864
나이지리아,관광,2026-08-01,179.3463681183335,,172.66836551844727,176.00736681839038
나이지리아,관광,2026-09-01,225.14712464554967,,215.0789795959383,220.113052120744
나이지리아,관광,2026-10-01,261.31624585124257,,267.2017304768417,264.25898816404214
나이지리아,관광,2026-11-01,146.38892557567772,,152.29546447941846,149.3421950275481
나이지리아,관광,2026-12-01,103.15542711665657,,59.536013946571906,81.34572053161423
나이지리아,관광,2027-01-01,67.37702880033878,,26.27831680120414,46.82767280077146
나이지리아,관광,2027-02-01,83.45186968146119,,50.93263420199643,67.19225194172881
나이지리아,관광,2027-03-01,144.5338173467875,,128.94741585445183,136.74061660061966
나이지리아,기타,2025-04-01,35.43288319824755,,33.90484438585252,34.66886379205003
나이지리아,기타,2025-05-01,31.80400185264172,,33.643226035195426,32.72361394391857
나이지리아,기타,2025-06-01,37.666088157784145,,37.61401610738362,37.64005213258388
나이지리아,기타,2025-07-01,47.56685257749836,,41.1610151146472,44.36393384607278
나이지리아,기타,2025-08-01,54.59003194451675,,46.95340271859913,50.77171733155794
나이지리아,기타,2025-09-01,38.9561943507054,,34.03241119291727,36.494302771811334
나이지리아,기타,2025-10-01,29.852229661679058,,25.219279659333743,27.5357546605064
나이지리아,기타,2025-11-01,32.63751528555761,,27.817814467159366,30.22766487635849
나이지리아,기타,2025-12-01,45.02246002903754,,40.72809468101438,42.87527735502596
나이지리아,기타,2026-01-01,55.15291262174027,,53.814781703387226,54.48384716256375
나이지리아,기타,2026-02-01,56.760473746115316,,46.14351571820794,51.45199473216162
나이지리아,기타,2026-03-01,44.84197591012445,,35.82267615432548,40.33232603222496
나이지리아,기타,2026-04-01,43.59088301467489,,28.198070067170285,35.89447654092258
나이지리아,기타,2026-05-01,40.009011158185736,,24.842253912885088,32.425632535535414
나이지리아,기타,2026-06-01,45.61601657073985,,23.822754517634586,34.71938554418722
나이지리아,기타,2026-07-01,53.22829788929811,,25.980163330811244,39.60423061005468
나이지리아,기타,2026-08-01,63.16788125219964,,31.41182929904306,47.28985527562135
나이지리아,기타,2026-09-01,47.29305148776041,,23.70340761576718,35.49822955176379
나이지리아,기타,2026-10-01,34.080477679076665,,16.791225067553363,25.435851373315014
나이지리아,기타,2026-11-01,39.916388698773225,,17.300739292584815,28.60856399567902
나이지리아,기타,2026-12-01,54.24041869454572,,25.352329602576635,39.79637414856118
나이지리아,기타,2027-01-01,64.49094511537893,,48.231018840413384,56.36098197789616
나이지리아,기타,2027-02-01,61.53936237854395,,47.39677610971198,54.46806924412796
나이지리아,기타,2027-03-01,52.18119088567816,,41.888498532540375,47.034844709109265
나이지리아,상용,2025-04-01,35.509473630835565,,20.077842350486137,27.79365799066085
나이지리아,상용,2025-05-01,39.12699347984114,,16.90364343539116,28.01531845761615
나이지리아,상용,2025-06-01,35.55342258118155,,12.856118583396324,24.204770582288937
나이지리아,상용,2025-07-01,33.242340471918396,,8.119944674074915,20.681142572996656
나이지리아,상용,2025-08-01,35.627474143512835,,10.594250254634787,23.11086219907381
나이지리아,상용,2025-09-01,37.8756899710234,,14.823118836879132,26.349404403951265
나이지리아,상용,2025-10-01,42.354616681153026,,13.145742050249282,27.750179365701154
나이지리아,상용,2025-11-01,42.88911531528636,,12.248376624144981,27.56874596971567
나이지리아,상용,2025-12-01,29.418923095280164,,5.157475566840176,17.28819933106017
나이지리아,상용,2026-01-01,29.58342769492392,,7.741176468675135,18.662302081799528
나이지리아,상용,2026-02-01,36.793612539009914,,10.609827625964229,23.70172008248707
나이지리아,상용,2026-03-01,45.79138284357936,,13.3590568046247,29.57521982410203
나이지리아,상용,2026-04-01,39.65389634414046,,8.287914992956004,23.970905668548234
나이지리아,상용,2026-05-01,45.39386360787481,,4.406408186666923,24.900135897270868
나이지리아,상용,2026-06-01,41.13295627173963,,0.3115322072379456,20.722244239488788
나이지리아,상용,2026-07-01,40.542250554131684,,-3.9601231285706433,18.29106371278052
나이지리아,상용,2026-08-01,40.757931416031276,,-1.898992017246485,19.429469699392396
나이지리아,상용,2026-09-01,44.61308935086666,,1.9407075732388108,23.276898462052735
나이지리아,상용,2026-10-01,47.58302681485855,,2.508118425672592,25.04557262026557
나이지리아,상용,2026-11-01,50.122902560103356,,3.592997309448151,26.857949934775753
나이지리아,상용,2026-12-01,33.24352176930728,,-1.5368895584655178,15.85331610542088
나이지리아,상용,2027-01-01,34.8009985849807,,1.7462829324799145,18.273640758730306
나이지리아,상용,2027-02-01,41.13509649375294,,5.8979721020151885,23.516534297884064
나이지리아,상용,2027-03-01,54.50329514012179,,9.41408411427291,31.95868962719735
나이지리아,유학연수,2025-04-01,13.185648249265299,,13.565626896942291,13.375637573103795
나이지리아,유학연수,2025-05-01,14.257767960993222,,10.464331938770233,12.361049949881728
나이지리아,유학연수,2025-06-01,17.56594884091394,,12.576922375363159,15.07143560813855
나이지리아,유학연수,2025-07-01,18.799657176835005,,21.93293693827563,20.366297057555318
나이지리아,유학연수,2025-08-01,64.30478894328954,,59.03333856791455,61.66906375560204
나이지리아,유학연수,2025-09-01,33.43759330925045,,19.24434922396318,26.340971266606815
나이지리아,유학연수,2025-10-01,23.40154648471162,,7.419640411125496,15.410593447918558
나이지리아,유학연수,2025-11-01,17.12058269142156,,2.593535016595693,9.857058854008628
나이지리아,유학연수,2025-12-01,14.366774336396698,,1.3886817242424137,7.877728030319556
나이지리아,유학연수,2026-01-01,19.68516250995753,,10.930962356278966,15.308062433118248
나이지리아,유학연수,2026-02-01,48.40360690267105,,28.16984367338369,38.28672528802737
나이지리아,유학연수,2026-03-01,25.625480190600513,,32.995062296288125,29.31027124344432
나이지리아,유학연수,2026-04-01,12.542110675562647,,17.69439803153451,15.11825435354858
나이지리아,유학연수,2026-05-01,13.997401965087752,,7.167556929547775,10.582479447317763
나이지리아,유학연수,2026-06-01,20.69304690807334,,3.773039693410274,12.233043300741809
나이지리아,유학연수,2026-07-01,19.937350599814447,,12.740869718330897,16.33911015907267
나이지리아,유학연수,2026-08-01,67.5612482207245,,60.35546947961906,63.95835885017178
나이지리아,유학연수,2026-09-01,36.054227434018905,,26.509079955086285,31.281653694552595
나이지리아,유학연수,2026-10-01,22.813161143907614,,12.190354693462776,17.501757918685193
나이지리아,유학연수,2026-11-01,18.21064180746599,,6.452284450250424,12.331463128858207
나이지리아,유학연수,2026-12-01,16.16998508175064,,5.689769626990863,10.92987735437075
나이지리아,유학연수,2027-01-01,19.115868099653525,,17.455580254632256,18.28572417714289
나이지리아,유학연수,2027-02-01,53.43877974021891,,33.25983096309088,43.34930535165489
나이지리아,유학연수,2027-03-01,26.033492068138866,,32.078989913149286,29.056240990644078
남아프리카 공화국,공용,2025-04-01,5.4553589454318345,,1.0003759956632403,3.2278674705475376
남아프리카 공화국,공용,2025-05-01,5.544757521637117,,1.0306738835140248,3.287715702575571
남아프리카 공화국,공용,2025-06-01,5.920118010199046,,0.9916675267325725,3.455892768465809
남아프리카 공화국,공용,2025-07-01,6.351710349412065,,0.9267516902563167,3.639231019834191
남아프리카 공화국,공용,2025-08-01,7.065787675568273,,0.8812807681377208,3.9735342218529968
남아프리카 공화국,공용,2025-09-01,6.840422844660752,,0.8770399396976453,3.8587313921791986
남아프리카 공화국,공용,2025-10-01,9.139706594437309,,0.9766389501397926,5.05817277228855
남아프리카 공화국,공용,2025-11-01,6.869458559895102,,0.929992453062938,3.8997255064790197
남아프리카 공화국,공용,2025-12-01,3.436114925196702,,0.9252537856726955,2.180684355434699
남아프리카 공화국,공용,2026-01-01,3.936194811075496,,0.8757752600052549,2.4059850355403753
남아프리카 공화국,공용,2026-02-01,1.9801958588611226,,0.8927547746263079,1.4364753167437152
남아프리카 공화국,공용,2026-03-01,3.9263986907893056,,1.0293732581618427,2.477885974475574
남아프리카 공화국,공용,2026-04-01,8.012459208261093,,0.9475819469671702,4.480020577614132
남아프리카 공화국,공용,2026-05-01,7.3860876980295895,,0.9166264898047498,4.15135709391717
남아프리카 공화국,공용,2026-06-01,4.810823289684081,,0.7952886243779524,2.8030559570310167
남아프리카 공화국,공용,2026-07-01,8.139606865610691,,0.8139853458591495,4.476796105734921
남아프리카 공화국,공용,2026-08-01,4.854251808238185,,0.8470946737066485,2.8506732409724167
남아프리카 공화국,공용,2026-09-01,10.309784690131915,,0.958187857333839,5.6339862737328765
남아프리카 공화국,공용,2026-10-01,12.57410681062529,,0.9821213382938949,6.778114074459593
남아프리카 공화국,공용,2026-11-01,7.2053285637742475,,1.5563720911862495,4.380850327480249
남아프리카 공화국,공용,2026-12-01,2.5461588975058125,,1.3688931359042746,1.9575260167050437
남아프리카 공화국,공용,2027-01-01,4.185341708180247,,1.346872748774331,2.766107228477289
남아프리카 공화국,공용,2027-02-01,2.457678889906356,,1.5000529419204525,1.9788659159134043
남아프리카 공화국,공용,2027-03-01,3.7395943966594927,,1.5456891423515295,2.642641769505511
남아프리카 공화국,관광,2025-04-01,803.7212131786949,,600.113934388353,701.917573783524
남아프리카 공화국,관광,2025-05-01,810.4144627317507,,638.8206358497266,724.6175492907387
남아프리카 공화국,관광,2025-06-01,893.9823653306761,,653.8831140033135,773.9327396669948
남아프리카 공화국,관광,2025-07-01,909.5168151239616,,688.5936970713487,799.0552560976552
남아프리카 공화국,관광,2025-08-01,882.7567008013409,,657.2659378787816,770.0113193400613
남아프리카 공화국,관광,2025-09-01,1083.7063475781652,,709.804014956987,896.7551812675761
남아프리카 공화국,관광,2025-10-01,1087.7507189342834,,673.3637454626135,880.5572321984484
남아프리카 공화국,관광,2025-11-01,728.9807665147213,,547.0018641023624,637.9913153085419
남아프리카 공화국,관광,2025-12-01,903.1863557159821,,618.2870497387196,760.7367027273508
남아프리카 공화국,관광,2026-01-01,611.8073363827634,,544.2445889000194,578.0259626413914
남아프리카 공화국,관광,2026-02-01,609.424513916816,,372.6688472358017,491.04668057630886
남아프리카 공화국,관광,2026-03-01,785.2290854825246,,189.09498853515535,487.16203700884
남아프리카 공화국,관광,2026-04-01,1033.7228449423967,,125.69930111862922,579.7110730305129
남아프리카 공화국,관광,2026-05-01,1030.9804567719373,,72.39309387024616,551.6867753210918
남아프리카 공화국,관광,2026-06-01,1084.7047204228948,,66.57128688398785,575.6380036534413
남아프리카 공화국,관광,2026-07-01,1147.9954590435884,,81.42357129532252,614.7095151694555
남아프리카 공화국,관광,2026-08-01,1087.165415943821,,50.37063917953736,568.7680275616792
남아프리카 공화국,관광,2026-09-01,1286.5784244416086,,36.376371311087155,661.4773978763478
남아프리카 공화국,관광,2026-10-01,1411.6900249244457,,70.70001193713665,741.1950184307912
남아프리카 공화국,관광,2026-11-01,867.744118535821,,75.61577872971463,471.67994863276783
남아프리카 공화국,관광,2026-12-01,1085.4701058781152,,62.85051462004793,574.1603102490816
남아프리카 공화국,관광,2027-01-01,748.0318448542158,,32.89508541098445,390.46346513260016
남아프리카 공화국,관광,2027-02-01,745.479165099775,,40.855321475467576,393.16724328762126
남아프리카 공화국,관광,2027-03-01,903.7956954536943,,16.91887154448733,460.35728349909084
남아프리카 공화국,상용,2025-04-01,6.458550048265439,,4.42711421948575,5.442832133875594
남아프리카 공화국,상용,2025-05-01,6.619452717565535,,3.669107067743253,5.144279892654394
남아프리카 공화국,상용,2025-06-01,5.471345077251235,,3.087643361966533,4.279494219608884
남아프리카 공화국,상용,2025-07-01,5.987920764239111,,2.5952124451733365,4.291566604706224
남아프리카 공화국,상용,2025-08-01,6.006365880717068,,4.0296415341095795,5.018003707413324
남아프리카 공화국,상용,2025-09-01,6.335347366636702,,5.6829931143865995,6.009170240511651
남아프리카 공화국,상용,2025-10-01,6.656466571880775,,4.428095384713048,5.542280978296912
남아프리카 공화국,상용,2025-11-01,6.006272388549855,,2.9459458664583345,4.4761091275040945
남아프리카 공화국,상용,2025-12-01,4.232748681480875,,3.0302425443717116,3.6314956129262934
남아프리카 공화국,상용,2026-01-01,8.749984924280316,,6.544313649816145,7.64714928704823
남아프리카 공화국,상용,2026-02-01,5.600429210276467,,4.535003943418767,5.067716576847617
남아프리카 공화국,상용,2026-03-01,7.028622278221009,,2.947385792724342,4.988004035472676
남아프리카 공화국,상용,2026-04-01,7.125500918598208,,3.138431921468742,5.131966420033475
남아프리카 공화국,상용,2026-05-01,7.799940930373451,,2.8982347184325548,5.349087824403003
남아프리카 공화국,상용,2026-06-01,6.809832478977924,,2.539215754572716,4.67452411677532
남아프리카 공화국,상용,2026-07-01,7.490004649786514,,2.1599542913545626,4.824979470570538
남아프리카 공화국,상용,2026-08-01,7.507235676859444,,3.6721738720280364,5.5897047744437405
남아프리카 공화국,상용,2026-09-01,7.2007726150132605,,5.348945468510962,6.274859041762111
남아프리카 공화국,상용,2026-10-01,7.397902469030868,,4.051847689821445,5.724875079426156
남아프리카 공화국,상용,2026-11-01,7.02700578852226,,2.590888688678449,4.8089472386003544
남아프리카 공화국,상용,2026-12-01,5.368766062498882,,2.705991302931059,4.037378682714971
남아프리카 공화국,상용,2027-01-01,10.59235090285472,,6.1598274817626315,8.376089192308676
남아프리카 공화국,상용,2027-02-01,6.248017609264905,,4.184501228552081,5.216259418908493
남아프리카 공화국,상용,2027-03-01,8.67182944035849,,2.6467514634845326,5.659290451921511
남아프리카 공화국,기타,2025-04-01,810.130423262954,,702.957564488897,756.5439938759255
남아프리카 공화국,기타,2025-05-01,846.9050045670515,,662.066041363674,754.4855229653627
남아프리카 공화국,기타,2025-06-01,724.0182009079404,,636.3153709357575,680.1667859218489
남아프리카 공화국,기타,2025-07-01,846.5105223080094,,685.0286721787866,765.769597243398
남아프리카 공화국,기타,2025-08-01,1846.3458348904508,,1487.094554958201,1666.7201949243258
남아프리카 공화국,기타,2025-09-01,893.292945004654,,861.1469879901954,877.2199664974247
남아프리카 공화국,기타,2025-10-01,885.3242272781122,,833.7466455820038,859.535436430058
남아프리카 공화국,기타,2025-11-01,597.2110287614084,,534.0555114459094,565.6332701036589
남아프리카 공화국,기타,2025-12-01,527.4361368703316,,412.55963938796503,469.9978881291483
남아프리카 공화국,기타,2026-01-01,1345.4704984681866,,971.0058309646711,1158.2381647164289
남아프리카 공화국,기타,2026-02-01,1622.3868139316294,,1078.124413200143,1350.255613565886
남아프리카 공화국,기타,2026-03-01,991.6224978286189,,802.7501853757426,897.1863416021807
남아프리카 공화국,기타,2026-04-01,969.7551920336492,,687.7910624025805,828.7731272181148
남아프리카 공화국,기타,2026-05-01,1078.2374454514652,,628.4187872013163,853.3281163263907
남아프리카 공화국,기타,2026-06-01,881.7210036633452,,587.3584617128595,734.5397326881023
남아프리카 공화국,기타,2026-07-01,1005.0446440436199,,638.8515078378789,821.9480759407494
남아프리카 공화국,기타,2026-08-01,2379.6040958397325,,1488.1740330627401,1933.8890644512362
남아프리카 공화국,기타,2026-09-01,1065.2282803455332,,794.522638821057,929.8754595832951
남아프리카 공화국,기타,2026-10-01,1001.1917978415805,,787.5228654660815,894.357331653831
남아프리카 공화국,기타,2026-11-01,700.2241540665723,,477.8616026275562,589.0428783470643
남아프리카 공화국,기타,2026-12-01,649.4131552050309,,357.18264294927224,503.29789907715156
남아프리카 공화국,기타,2027-01-01,1663.156402300685,,933.3429782448386,1298.2496902727617
남아프리카 공화국,기타,2027-02-01,1989.5410511694117,,1039.4040588212476,1514.4725549953296
남아프리카 공화국,기타,2027-03-01,1121.2939007032062,,760.7161625565157,941.0050316298609
남아프리카 공화국,유학연수,2025-04-01,2.093782299062565,,1.1179281318830565,1.6058552154728107
남아프리카 공화국,유학연수,2025-05-01,1.5928163584858914,,1.0824196117825788,1.3376179851342351
남아프리카 공화국,유학연수,2025-06-01,4.008397790649303,,1.8409461855211169,2.92467198808521
남아프리카 공화국,유학연수,2025-07-01,4.908808299007134,,2.8942123247875093,3.901510311897322
남아프리카 공화국,유학연수,2025-08-01,20.026868176778432,,9.133437824802503,14.580153000790467
남아프리카 공화국,유학연수,2025-09-01,8.666376760689399,,7.286842830414509,7.976609795551954
남아프리카 공화국,유학연수,2025-10-01,3.5871022745170493,,2.629985275846851,3.1085437751819502
남아프리카 공화국,유학연수,2025-11-01,3.5019771803445336,,2.8346026180947512,3.1682898992196424
남아프리카 공화국,유학연수,2025-12-01,3.402341566102796,,3.8349613083291567,3.618651437215976
남아프리카 공화국,유학연수,2026-01-01,9.986840230460315,,8.060469202292698,9.023654716376505
남아프리카 공화국,유학연수,2026-02-01,18.77919057561418,,6.327833681080855,12.553512128347517
남아프리카 공화국,유학연수,2026-03-01,9.098845847366544,,1.299853466077196,5.1993496567218696
남아프리카 공화국,유학연수,2026-04-01,1.6857542216752996,,-0.3398361515586146,0.6729590350583425
남아프리카 공화국,유학연수,2026-05-01,1.8255952358521874,,-0.6046779448274839,0.6104586455123517
남아프리카 공화국,유학연수,2026-06-01,4.9590626062877075,,-0.7814404063368867,2.0888110999754104
남아프리카 공화국,유학연수,2026-07-01,5.565107621197044,,-0.8143423984897629,2.3753826113536407
남아프리카 공화국,유학연수,2026-08-01,24.9831299894071,,-0.22283589572118512,12.380147046842957
남아프리카 공화국,유학연수,2026-09-01,11.237131844854128,,-0.1412074057373851,5.5479622195583715
남아프리카 공화국,유학연수,2026-10-01,3.3085605953081356,,-0.4555494379706615,1.426505578668737
남아프리카 공화국,유학연수,2026-11-01,3.406670587263097,,-0.4148112675268987,1.4959296598680991
남아프리카 공화국,유학연수,2026-12-01,3.817425060400635,,-0.18393411088751055,1.8167454747565621
남아프리카 공화국,유학연수,2027-01-01,12.414459444871301,,0.07825636941724579,6.246357907144274
남아프리카 공화국,유학연수,2027-02-01,22.953656182978666,,0.24061604958973692,11.5971361162842
남아프리카 공화국,유학연수,2027-03-01,10.780966177764322,,0.2149144484397696,5.4979403131020455
네덜란드,공용,2025-04-01,15.039969397766317,,11.284035947826212,13.162002672796264
네덜란드,공용,2025-05-01,15.610555537937374,,9.924782246363478,12.767668892150425
네덜란드,공용,2025-06-01,11.747879795702472,,9.531169021776858,10.639524408739664
네덜란드,공용,2025-07-01,11.542614568310954,,9.029982212615652,10.286298390463303
네덜란드,공용,2025-08-01,18.704016880035656,,12.245761857952441,15.474889368994049
네덜란드,공용,2025-09-01,14.202360398970196,,10.16445528959418,12.183407844282188
네덜란드,공용,2025-10-01,13.6457365064054,,7.871353699025811,10.758545102715605
네덜란드,공용,2025-11-01,11.542206556305937,,8.442903336711847,9.992554946508893
네덜란드,공용,2025-12-01,12.555073408300544,,10.625714974683152,11.590394191491848
네덜란드,공용,2026-01-01,20.52139201714684,,13.475009176521255,16.998200596834046
네덜란드,공용,2026-02-01,10.641814037984696,,7.416470012809751,9.029142025397224
네덜란드,공용,2026-03-01,16.030404703021095,,9.612236036414407,12.82132036971775
네덜란드,공용,2026-04-01,18.234449423782678,,9.84828586820888,14.041367645995779
네덜란드,공용,2026-05-01,17.117243975635134,,8.611251558605312,12.864247767120222
네덜란드,공용,2026-06-01,13.636553421076506,,8.365507399026342,11.001030410051424
네덜란드,공용,2026-07-01,16.348401362980116,,8.144813032816135,12.246607197898125
네덜란드,공용,2026-08-01,23.166554080079123,,11.262332058068358,17.21444306907374
네덜란드,공용,2026-09-01,15.3279683334926,,9.843546661865886,12.585757497679243
네덜란드,공용,2026-10-01,15.587940826463278,,7.672872313956334,11.630406570209805
네덜란드,공용,2026-11-01,13.972009426325192,,7.8117554087858085,10.8918824175555
네덜란드,공용,2026-12-01,12.315508679246166,,9.464454898278198,10.889981788762181
네덜란드,공용,2027-01-01,28.651387875360097,,12.802374853317588,20.726881364338844
네덜란드,공용,2027-02-01,11.167011213610387,,7.074379333501453,9.12069527355592
네덜란드,공용,2027-03-01,18.456627717103657,,8.662968687610967,13.559798202357312
네덜란드,관광,2025-04-01,5913.5735557303915,,3914.8031291561942,4914.188342443293
네덜란드,관광,2025-05-01,5255.178750617153,,3977.126748606507,4616.152749611831
네덜란드,관광,2025-06-01,4187.159226932517,,4060.247217318276,4123.703222125397
네덜란드,관광,2025-07-01,6203.770239604169,,4180.853658050322,5192.311948827246
네덜란드,관광,2025-08-01,5394.651256866403,,4269.805936194356,4832.22859653038
네덜란드,관광,2025-09-01,5409.911106807736,,4322.320936957802,4866.116021882769
네덜란드,관광,2025-10-01,6443.067484835753,,4195.562290005126,5319.31488742044
네덜란드,관광,2025-11-01,4886.629562248261,,3102.489755707901,3994.559658978081
네덜란드,관광,2025-12-01,3469.462965221608,,1950.9678424124795,2710.215403817044
네덜란드,관광,2026-01-01,3344.579813557008,,1205.9935304477572,2275.2866720023826
네덜란드,관광,2026-02-01,3585.2384286156534,,1119.152971255974,2352.1956999358135
네덜란드,관광,2026-03-01,5185.82930903147,,2173.033765451462,3679.431537241466
네덜란드,관광,2026-04-01,7237.026499826074,,2643.945198138628,4940.485848982351
네덜란드,관광,2026-05-01,6420.03838002734,,3075.7767582689007,4747.90756914812
네덜란드,관광,2026-06-01,5225.356920538061,,3430.6435606012037,4328.000240569632
네덜란드,관광,2026-07-01,8038.607080648703,,3680.1107858592736,5859.358933253989
네덜란드,관광,2026-08-01,6523.5631544748585,,3756.354594356112,5139.958874415485
네덜란드,관광,2026-09-01,6620.944902673497,,3812.4966133850266,5216.720758029262
네덜란드,관광,2026-10-01,7790.90646419172,,3714.3670135429156,5752.636738867318
네덜란드,관광,2026-11-01,5952.979746938539,,2881.0385954197773,4417.009171179158
네덜란드,관광,2026-12-01,4221.017128969882,,1843.438316328788,3032.227722649335
네덜란드,관광,2027-01-01,4190.931876319229,,1202.7379248671782,2696.834900593203
네덜란드,관광,2027-02-01,4239.685695492915,,786.0348250169012,2512.860260254908
네덜란드,관광,2027-03-01,6351.273113637708,,839.9962465673432,3595.6346801025256
네덜란드,기타,2025-04-01,1069.1014988129175,,977.4619508165251,1023.2817248147213
네덜란드,기타,2025-05-01,1092.1285968686327,,1004.1053048197302,1048.1169508441815
네덜란드,기타,2025-06-01,1059.2203807993658,,1079.2970610444197,1069.2587209218927
네덜란드,기타,2025-07-01,1029.9713505947204,,1095.8522689767526,1062.9118097857365
네덜란드,기타,2025-08-01,1036.9790042476734,,1084.9944422364592,1060.9867232420663
네덜란드,기타,2025-09-01,1013.9876367641001,,1069.735936298531,1041.8617865313156
네덜란드,기타,2025-10-01,1062.331563525965,,1078.2950330584265,1070.3132982921957
네덜란드,기타,2025-11-01,1021.7982828813973,,1092.88558662387,1057.3419347526337
네덜란드,기타,2025-12-01,969.3520427487674,,1090.0202632666505,1029.686153007709
네덜란드,기타,2026-01-01,1043.7035621176249,,1070.0552682688922,1056.8794151932584
네덜란드,기타,2026-02-01,992.7092685227774,,1076.3115443265917,1034.5104064246846
네덜란드,기타,2026-03-01,1097.4401557586546,,1083.5251061006184,1090.4826309296363
네덜란드,기타,2026-04-01,1074.4348155560635,,1087.7426970899996,1081.0887563230317
네덜란드,기타,2026-05-01,1060.3899056671805,,1100.9728868030559,1080.6813962351182
네덜란드,기타,2026-06-01,1051.9560388700886,,1110.681192310304,1081.3186155901963
네덜란드,기타,2026-07-01,1050.339606004264,,1102.0795406805923,1076.209573342428
네덜란드,기타,2026-08-01,1063.5157391935825,,1074.1768693349704,1068.8463042642766
네덜란드,기타,2026-09-01,1020.9340485070337,,1044.0654354807175,1032.4997419938757
네덜란드,기타,2026-10-01,1112.5580948790102,,1025.7736877373172,1069.1658913081637
네덜란드,기타,2026-11-01,1039.9448218330206,,999.7046256220955,1019.824723727558
네덜란드,기타,2026-12-01,908.3040072347844,,973.7467231901778,941.0253652124811
네덜란드,기타,2027-01-01,1013.5144253227293,,969.086482012898,991.3004536678136
네덜란드,기타,2027-02-01,1044.5344729473254,,976.2481711619018,1010.3913220546136
네덜란드,기타,2027-03-01,1143.6189658679075,,1030.6157103644985,1087.117338116203
네덜란드,상용,2025-04-01,17.992224405761775,,19.447973307578167,18.72009885666997
네덜란드,상용,2025-05-01,18.182599364766936,,19.375017051750316,18.778808208258624
네덜란드,상용,2025-06-01,18.010938649785903,,17.902400785259513,17.956669717522708
네덜란드,상용,2025-07-01,18.25049052477413,,16.195428876751098,17.222959700762615
네덜란드,상용,2025-08-01,19.536597106829557,,18.060654258867835,18.798625682848694
네덜란드,상용,2025-09-01,19.46769505006928,,18.76632879403618,19.117011922052733
네덜란드,상용,2025-10-01,19.662264622294195,,14.054101579752128,16.85818310102316
네덜란드,상용,2025-11-01,16.990897721928242,,12.590724253082964,14.790810987505603
네덜란드,상용,2025-12-01,14.879746656987791,,13.347911977238688,14.11382931711324
네덜란드,상용,2026-01-01,23.551097937688873,,18.251020051465005,20.90105899457694
네덜란드,상용,2026-02-01,16.69524351672709,,13.355259755003782,15.025251635865436
네덜란드,상용,2026-03-01,19.960217821325312,,12.221796617270922,16.091007219298117
네덜란드,상용,2026-04-01,19.187249611039732,,13.108616077753222,16.14793284439648
네덜란드,상용,2026-05-01,19.965166660303996,,13.044654782478283,16.50491072139114
네덜란드,상용,2026-06-01,20.327861347865923,,12.78238610486428,16.555123726365103
네덜란드,상용,2026-07-01,20.536045730792896,,12.789031635422031,16.662538683107464
네덜란드,상용,2026-08-01,21.760859673788968,,15.520667418557583,18.640763546173275
네덜란드,상용,2026-09-01,21.331714682493843,,16.895793958309493,19.113754320401668
네덜란드,상용,2026-10-01,21.556857218625375,,13.204374713490182,17.38061596605778
네덜란드,상용,2026-11-01,19.25883518427101,,12.304969020890933,15.781902102580972
네덜란드,상용,2026-12-01,16.266969219019373,,13.696156883719674,14.981563051369523
네덜란드,상용,2027-01-01,25.240204365555236,,19.42947090091845,22.334837633236845
네덜란드,상용,2027-02-01,18.797066819447046,,14.25866722396842,16.527867021707735
네덜란드,상용,2027-03-01,22.549926443178055,,13.526171750882753,18.038049097030402
네덜란드,유학연수,2025-04-01,26.216796419776625,,17.018593109533725,21.617694764655177
네덜란드,유학연수,2025-05-01,68.85235179030919,,36.18282094242905,52.517586366369116
네덜란드,유학연수,2025-06-01,44.102325232054866,,35.0189911685992,39.56065820032703
네덜란드,유학연수,2025-07-01,58.68770185347534,,37.75112347448424,48.21941266397979
네덜란드,유학연수,2025-08-01,461.6275172523888,,282.9310882243424,372.2793027383656
네덜란드,유학연수,2025-09-01,33.65139969527984,,12.672362954488527,23.161881324884185
네덜란드,유학연수,2025-10-01,54.35621995134402,,35.883768624973165,45.119994288158594
네덜란드,유학연수,2025-11-01,155.3590532470892,,105.32832420554368,130.34368872631643
네덜란드,유학연수,2025-12-01,105.52106552169352,,77.49584691885345,91.50845622027347
네덜란드,유학연수,2026-01-01,92.34258699413047,,58.250440915014096,75.29651395457228
네덜란드,유학연수,2026-02-01,249.97422725684407,,170.60125949346028,210.28774337515216
네덜란드,유학연수,2026-03-01,20.110036999148544,,14.002425275419633,17.056231137284087
네덜란드,유학연수,2026-04-01,23.244655705428652,,19.123577850158473,21.184116777793562
네덜란드,유학연수,2026-05-01,77.47035094394951,,36.349068074383496,56.909709509166504
네덜란드,유학연수,2026-06-01,47.092996627960254,,35.579376007426156,41.336186317693205
네덜란드,유학연수,2026-07-01,63.48809341841497,,36.01871666198176,49.753405040198366
네덜란드,유학연수,2026-08-01,536.2981459854378,,295.2271695729828,415.7626577792103
네덜란드,유학연수,2026-09-01,30.75012930496236,,15.585420364196118,23.16777483457924
네덜란드,유학연수,2026-10-01,50.95908958286039,,37.83892990024725,44.399009741553826
네덜란드,유학연수,2026-11-01,173.50640426982545,,107.5131845775314,140.50979442367844
네덜란드,유학연수,2026-12-01,115.88550936824608,,80.88025537013345,98.38288236918976
네덜란드,유학연수,2027-01-01,99.29252776622826,,62.04461642622743,80.66857209622785
네덜란드,유학연수,2027-02-01,297.52425556943115,,173.8616248902707,235.69294022985093
네덜란드,유학연수,2027-03-01,12.160203116984095,,15.770432592647232,13.965317854815662
노르웨이,공용,2025-04-01,3.7745482774945884,,1.0574888728500014,2.416018575172295
노르웨이,공용,2025-05-01,1.3004648899559474,,1.580901038754797,1.4406829643553722
노르웨이,공용,2025-06-01,3.7114155020970583,,2.071318658842071,2.8913670804695646
노르웨이,공용,2025-07-01,3.663627767354179,,2.3854123390503776,3.024520053202278
노르웨이,공용,2025-08-01,3.186963043797245,,2.9663121266641115,3.076637585230678
노르웨이,공용,2025-09-01,3.286635634049032,,3.5528765294792084,3.4197560817641204
노르웨이,공용,2025-10-01,5.002578533536897,,3.7042992222127493,4.353438877874823
노르웨이,공용,2025-11-01,7.650098410765382,,3.628493094270381,5.6392957525178815
노르웨이,공용,2025-12-01,2.0376669657401703,,2.851080135943678,2.444373550841924
노르웨이,공용,2026-01-01,5.322101323820763,,2.9069967341562917,4.114549028988527
노르웨이,공용,2026-02-01,4.1784074618001465,,2.1428837832962375,3.1606456225481923
노르웨이,공용,2026-03-01,1.7422865307552196,,1.0513685067989098,1.3968275187770647
노르웨이,공용,2026-04-01,4.168327084947748,,0.919857135375835,2.5440921101617917
노르웨이,공용,2026-05-01,1.7528932494086866,,1.119116658884125,1.436004954146406
노르웨이,공용,2026-06-01,3.480614468110307,,1.3923274298654569,2.436470948987882
노르웨이,공용,2026-07-01,4.562873302108769,,1.8250850623472663,3.1939791822280177
노르웨이,공용,2026-08-01,5.009837251389451,,2.572421926070408,3.7911295887299294
노르웨이,공용,2026-09-01,3.3895289635364794,,2.8235637732409886,3.106546368388734
노르웨이,공용,2026-10-01,6.357004399510483,,2.9333330473619967,4.64516872343624
노르웨이,공용,2026-11-01,7.100018467702345,,3.196963783176979,5.148491125439662
노르웨이,공용,2026-12-01,2.1039573818156483,,2.732981537517184,2.418469459666416
노르웨이,공용,2027-01-01,7.121726303620201,,3.1714754692738,5.1466008864470005
노르웨이,공용,2027-02-01,6.007330389788551,,2.7123465941211746,4.3598384919548625
노르웨이,공용,2027-03-01,1.004081229953851,,1.5741589596927212,1.2891200948232862
노르웨이,관광,2025-04-01,1330.165287490171,,931.3377898570236,1130.7515386735972
노르웨이,관광,2025-05-01,1110.383333362309,,947.8605299774468,1029.121931669878
노르웨이,관광,2025-06-01,1430.428568169114,,981.9040120590826,1206.1662901140983
노르웨이,관광,2025-07-01,1390.964344533433,,985.0698465085131,1188.017095520973
노르웨이,관광,2025-08-01,972.0251932877543,,833.429244772711,902.7272190302326
노르웨이,관광,2025-09-01,1377.4545327743294,,935.6732016081573,1156.5638671912434
노르웨이,관광,2025-10-01,1695.277601132747,,1154.922878204857,1425.1002396688018
노르웨이,관광,2025-11-01,1295.1695764130739,,848.0281873808451,1071.5988818969595
노르웨이,관광,2025-12-01,859.1743427279339,,562.2027646085992,710.6885536682665
노르웨이,관광,2026-01-01,1037.7803073673501,,601.9748562533139,819.877581810332
노르웨이,관광,2026-02-01,1055.0741891214013,,649.2152540602701,852.1447215908357
노르웨이,관광,2026-03-01,1692.4568623409975,,1029.647550733539,1361.0522065372684
노르웨이,관광,2026-04-01,1752.1982760184885,,1006.1864493636654,1379.192362691077
노르웨이,관광,2026-05-01,1341.092879031829,,1011.6589947493886,1176.3759368906087
노르웨이,관광,2026-06-01,1722.2955494355472,,1020.5515800101366,1371.423564722842
노르웨이,관광,2026-07-01,1765.853881157262,,986.6964655218078,1376.2751733395348
노르웨이,관광,2026-08-01,1178.7735535142128,,834.0574183794554,1006.4154859468341
노르웨이,관광,2026-09-01,1655.5309741597612,,941.7814400963883,1298.6562071280748
노르웨이,관광,2026-10-01,2120.569639963554,,1172.9638805597385,1646.7667602616461
노르웨이,관광,2026-11-01,1552.540105972782,,868.1475593547459,1210.3438326637638
노르웨이,관광,2026-12-01,1028.4486401587785,,580.5103922303917,804.4795161945851
노르웨이,관광,2027-01-01,1268.913985221699,,628.353685676242,948.6338354489706
노르웨이,관광,2027-02-01,1250.0746084886673,,697.547626942946,973.8111177158066
노르웨이,관광,2027-03-01,1967.099563329453,,1083.663954160213,1525.381758744833
노르웨이,기타,2025-04-01,69.04332762483999,,40.068931848406095,54.55612973662304
노르웨이,기타,2025-05-01,51.444179803293565,,38.93977499731381,45.191977400303685
노르웨이,기타,2025-06-01,42.96564786473522,,38.86866863344773,40.91715824909147
노르웨이,기타,2025-07-01,49.595206490971144,,39.59911740295866,44.5971619469649
노르웨이,기타,2025-08-01,79.77406272229756,,45.99401712001887,62.88403992115821
노르웨이,기타,2025-09-01,54.817536830262036,,50.658820929633244,52.73817887994764
노르웨이,기타,2025-10-01,58.63482696781326,,52.70496313487959,55.66989505134643
노르웨이,기타,2025-11-01,55.35021483739609,,49.47395964300693,52.41208724020151
노르웨이,기타,2025-12-01,40.924549830419444,,45.07935874451063,43.00195428746504
노르웨이,기타,2026-01-01,86.39735281401224,,48.01647945650456,67.2069161352584
노르웨이,기타,2026-02-01,57.30094612875849,,45.840137709731785,51.57054191924514
노르웨이,기타,2026-03-01,59.46482552284133,,40.36039546059429,49.912610491717814
노르웨이,기타,2026-04-01,78.04577624977098,,37.358885469267946,57.70233085951946
노르웨이,기타,2026-05-01,54.42848768357254,,36.54087618087614,45.48468193222434
노르웨이,기타,2026-06-01,46.34163955767031,,36.83101735711261,41.58632845739146
노르웨이,기타,2026-07-01,56.87809580882144,,37.8322603192008,47.35517806401112
노르웨이,기타,2026-08-01,90.8890471665505,,43.62702842878183,67.25803779766616
노르웨이,기타,2026-09-01,60.296999667003334,,48.652723738050206,54.474861702526766
노르웨이,기타,2026-10-01,61.98038212681304,,51.025348676744976,56.502865401779005
노르웨이,기타,2026-11-01,67.1447762185178,,47.828760308943046,57.486768263730426
노르웨이,기타,2026-12-01,42.601733763225425,,43.897800368831064,43.24976706602824
노르웨이,기타,2027-01-01,94.0375389278414,,46.96833134425345,70.50293513604743
노르웨이,기타,2027-02-01,60.976463560894686,,45.23817185815609,53.10731770952539
노르웨이,기타,2027-03-01,70.19581611745832,,40.144622233047166,55.17021917525274
노르웨이,상용,2025-04-01,25.46559814360307,,16.32335658159036,20.894477362596717
노르웨이,상용,2025-05-01,24.655020436624245,,17.721669087309238,21.18834476196674
노르웨이,상용,2025-06-01,21.997269722251946,,21.406194280497175,21.70173200137456
노르웨이,상용,2025-07-01,22.439780105431264,,28.152216313465146,25.295998209448207
노르웨이,상용,2025-08-01,28.19677900750108,,34.325157252084125,31.2609681297926
노르웨이,상용,2025-09-01,26.618451366210554,,37.75553960238159,32.18699548429607
노르웨이,상용,2025-10-01,27.420313106953397,,38.762914700699014,33.09161390382621
노르웨이,상용,2025-11-01,27.449970936213482,,34.818029600729346,31.134000268471414
노르웨이,상용,2025-12-01,22.769705038501296,,32.63049484106335,27.700099939782326
노르웨이,상용,2026-01-01,37.182094673330305,,42.92088511530329,40.0514898943168
노르웨이,상용,2026-02-01,26.33315870309017,,41.66497115310372,33.99906492809694
노르웨이,상용,2026-03-01,28.58817890767457,,37.92766318327324,33.25792104547391
노르웨이,상용,2026-04-01,30.571404511759322,,37.263548563255625,33.917476537507476
노르웨이,상용,2026-05-01,28.11171547239756,,39.61377114428646,33.86274330834201
노르웨이,상용,2026-06-01,26.572171074453006,,44.700383147004004,35.63627711072851
노르웨이,상용,2026-07-01,26.698981339336495,,57.35280746572309,42.025894402529794
노르웨이,상용,2026-08-01,33.449861053505835,,70.565438096249,52.00764957487742
노르웨이,상용,2026-09-01,31.397959212923503,,79.11866193406655,55.258310573495024
노르웨이,상용,2026-10-01,31.389109996107578,,80.92139971461204,56.15525485535981
노르웨이,상용,2026-11-01,32.74366932116285,,79.34976619658946,56.046717758876156
노르웨이,상용,2026-12-01,26.883659153359268,,81.31222216859791,54.097940660978594
노르웨이,상용,2027-01-01,41.808059038933656,,106.86708490541788,74.33757197217577
노르웨이,상용,2027-02-01,31.597081306264833,,107.28052923363995,69.4388052699524
노르웨이,상용,2027-03-01,33.00221872219209,,106.48078874216951,69.7415037321808
노르웨이,유학연수,2025-04-01,11.192394771881366,,13.13482255336814,12.163608662624753
노르웨이,유학연수,2025-05-01,26.389571579079256,,13.021768621268015,19.705670100173634
노르웨이,유학연수,2025-06-01,14.160561967656319,,13.084337645169805,13.622449806413062
노르웨이,유학연수,2025-07-01,22.081325770578566,,13.134072455726713,17.60769911315264
노르웨이,유학연수,2025-08-01,147.59159392414435,,71.97031190968131,109.78095291691284
노르웨이,유학연수,2025-09-01,20.48308136817988,,9.245520735840435,14.864301052010159
노르웨이,유학연수,2025-10-01,14.518131471063464,,7.777755354387638,11.147943412725551
노르웨이,유학연수,2025-11-01,37.78209494373447,,16.321003037366424,27.051548990550447
노르웨이,유학연수,2025-12-01,27.88169348051233,,15.295913598861512,21.58880353968692
노르웨이,유학연수,2026-01-01,42.57217250263623,,18.296385492362585,30.434278997499405
노르웨이,유학연수,2026-02-01,97.75072994789767,,43.80942161945171,70.78007578367469
노르웨이,유학연수,2026-03-01,25.504698268525317,,10.560152647924081,18.0324254582247
노르웨이,유학연수,2026-04-01,10.624323001507745,,9.992053713376404,10.308188357442074
노르웨이,유학연수,2026-05-01,31.78866899896917,,9.764889418173677,20.776779208571426
노르웨이,유학연수,2026-06-01,15.237650873499824,,9.667938784037016,12.45279482876842
노르웨이,유학연수,2026-07-01,24.664482912708944,,9.589886878163183,17.127184895436063
노르웨이,유학연수,2026-08-01,168.46853688600876,,66.11914165120055,117.29383926860466
노르웨이,유학연수,2026-09-01,24.349220873388262,,9.350147258470523,16.84968406592939
노르웨이,유학연수,2026-10-01,14.07545810825657,,7.9449320812654305,11.010195094761
노르웨이,유학연수,2026-11-01,41.22399694158806,,15.636120399945813,28.43005867076694
노르웨이,유학연수,2026-12-01,31.949204658952667,,14.816724324482633,23.38296449171765
노르웨이,유학연수,2027-01-01,48.97480839867144,,20.04171641673736,34.5082624077044
노르웨이,유학연수,2027-02-01,110.86953531490751,,47.70595413785728,79.2877447263824
노르웨이,유학연수,2027-03-01,27.625484654796963,,10.083454921783,18.854469788289983
뉴질랜드,공용,2025-04-01,2.368997047537808,,3.396474262622967,2.8827356550803875
뉴질랜드,공용,2025-05-01,3.2172567778134895,,2.9757725682893477,3.0965146730514186
뉴질랜드,공용,2025-06-01,3.7775715905181375,,2.6250499062989467,3.201310748408542
뉴질랜드,공용,2025-07-01,2.1383589005863803,,1.9767206379487665,2.0575397692675734
뉴질랜드,공용,2025-08-01,5.271679042937695,,0.8643518546584024,3.0680154487980484
뉴질랜드,공용,2025-09-01,3.485845780777878,,1.065630193884863,2.275737987331371
뉴질랜드,공용,2025-10-01,4.727525760635265,,2.1166449153071656,3.4220853379712155
뉴질랜드,공용,2025-11-01,4.555495465823716,,2.495217670232131,3.5253565680279237
뉴질랜드,공용,2025-12-01,2.5514777852840007,,2.3666619445971517,2.4590698649405764
뉴질랜드,공용,2026-01-01,6.842133859956119,,2.875616279847719,4.858875069901919
뉴질랜드,공용,2026-02-01,2.751496919688777,,2.7544648037349315,2.7529808617118543
뉴질랜드,공용,2026-03-01,2.9411291299510083,,2.4065153605849248,2.6738222452679663
뉴질랜드,공용,2026-04-01,3.1583008568552944,,2.1064228768525277,2.632361866853911
뉴질랜드,공용,2026-05-01,3.520056297273337,,1.7383903710822695,2.6292233341778033
뉴질랜드,공용,2026-06-01,4.8483408092529094,,1.4608377537217332,3.154589281487321
뉴질랜드,공용,2026-07-01,2.1848494438849397,,1.2259798606964962,1.705414652290718
뉴질랜드,공용,2026-08-01,5.603612634051242,,0.5771874810914586,3.09040005757135
뉴질랜드,공용,2026-09-01,4.408262915176647,,0.8274585084210351,2.617860711798841
뉴질랜드,공용,2026-10-01,5.629441842378167,,1.4600304090476461,3.5447361257129066
뉴질랜드,공용,2026-11-01,5.120102503376127,,1.8032648353001084,3.4616836693381177
뉴질랜드,공용,2026-12-01,3.2051802656819275,,1.3833163644246713,2.2942483150532995
뉴질랜드,공용,2027-01-01,7.640150110928147,,1.061534206245736,4.350842158586941
뉴질랜드,공용,2027-02-01,2.9950553313138304,,1.3795015618717745,2.1872784465928024
뉴질랜드,공용,2027-03-01,3.2302087611496915,,1.6939482240661659,2.4620784926079287
뉴질랜드,관광,2025-04-01,4326.101360721877,,3370.1442850582707,3848.122822890074
뉴질랜드,관광,2025-05-01,4059.521461830166,,2828.0243727370707,3443.7729172836184
뉴질랜드,관광,2025-06-01,4307.430780386701,,2394.08564748192,3350.758213934311
뉴질랜드,관광,2025-07-01,4033.671341449114,,2192.2612509900227,3112.9662962195684
뉴질랜드,관광,2025-08-01,3617.141093232646,,2121.033568895451,2869.0873310640486
뉴질랜드,관광,2025-09-01,4982.184251154311,,3280.7665437084534,4131.475397431383
뉴질랜드,관광,2025-10-01,4837.904447619699,,3750.7292680260084,4294.316857822853
뉴질랜드,관광,2025-11-01,4101.560212134625,,3037.933820932468,3569.7470165335462
뉴질랜드,관광,2025-12-01,5752.168009626137,,3898.08446358631,4825.126236606224
뉴질랜드,관광,2026-01-01,4106.111790171866,,2536.2705115321332,3321.1911508519997
뉴질랜드,관광,2026-02-01,2708.965559118537,,1209.6496225313515,1959.3075908249443
뉴질랜드,관광,2026-03-01,3824.913962508728,,1814.3025475301017,2819.608255019415
뉴질랜드,관광,2026-04-01,5555.482830992231,,2074.1336031741084,3814.80821708317
뉴질랜드,관광,2026-05-01,5077.758154589161,,1639.093809088245,3358.4259818387027
뉴질랜드,관광,2026-06-01,5462.282453327547,,1427.3349057667638,3444.8086795471554
뉴질랜드,관광,2026-07-01,4954.936456134792,,1482.412177813031,3218.6743169739116
뉴질랜드,관광,2026-08-01,4455.512327023601,,1477.1924582463205,2966.352392634961
뉴질랜드,관광,2026-09-01,6258.465863072101,,2252.381930334058,4255.42389670308
뉴질랜드,관광,2026-10-01,5698.591633562386,,2204.215789910563,3951.4037117364746
뉴질랜드,관광,2026-11-01,5021.967778579995,,1870.8775330147453,3446.42265579737
뉴질랜드,관광,2026-12-01,7104.4276684000915,,2725.3819685805634,4914.904818490328
뉴질랜드,관광,2027-01-01,5142.277614510876,,1922.392446599008,3532.335030554942
뉴질랜드,관광,2027-02-01,3224.2175288234457,,1139.6460734268494,2181.9318011251476
뉴질랜드,관광,2027-03-01,4313.237140440996,,1413.8374025031499,2863.537271472073
뉴질랜드,기타,2025-04-01,716.3700149583372,,695.6724814495451,706.0212482039411
뉴질랜드,기타,2025-05-01,805.7283344829801,,656.7750148478522,731.2516746654162
뉴질랜드,기타,2025-06-01,727.6194152537028,,644.1545364824849,685.8869758680938
뉴질랜드,기타,2025-07-01,786.8615836194697,,649.8489103933011,718.3552470063854
뉴질랜드,기타,2025-08-01,958.8995788536209,,720.2473939369777,839.5734863952994
뉴질랜드,기타,2025-09-01,812.4827429939922,,705.9267709941762,759.2047569940842
뉴질랜드,기타,2025-10-01,863.6913719333728,,706.1772355359687,784.9343037346707
뉴질랜드,기타,2025-11-01,781.0939370935017,,704.1499253242418,742.6219312088717
뉴질랜드,기타,2025-12-01,871.562821998464,,711.2260314227462,791.3944267106051
뉴질랜드,기타,2026-01-01,1013.1288183063931,,785.0725796238996,899.1006989651464
뉴질랜드,기타,2026-02-01,957.2348115627411,,679.7983360232097,818.5165737929754
뉴질랜드,기타,2026-03-01,931.6881586727919,,608.4252826047137,770.0567206387528
뉴질랜드,기타,2026-04-01,880.8080114386609,,546.1003552179471,713.454183328304
뉴질랜드,기타,2026-05-01,953.9684953663901,,504.0122522628681,728.9903738146292
뉴질랜드,기타,2026-06-01,853.5091763654651,,479.04095109029674,666.2750637278809
뉴질랜드,기타,2026-07-01,964.4809193275402,,478.67712468478055,721.5790220061604
뉴질랜드,기타,2026-08-01,1159.4110260087227,,555.1917331930528,857.3013796008877
뉴질랜드,기타,2026-09-01,992.2378337726859,,577.3647931607461,784.801313466716
뉴질랜드,기타,2026-10-01,998.1697988908128,,631.3268560141983,814.7483274525055
뉴질랜드,기타,2026-11-01,897.1937677825982,,699.7409349381212,798.4673513603598
뉴질랜드,기타,2026-12-01,1027.534100557974,,752.0550893029969,889.7945949304853
뉴질랜드,기타,2027-01-01,1223.5930460640288,,786.4952652411081,1005.0441556525684
뉴질랜드,기타,2027-02-01,1133.1126735494267,,723.2340135708016,928.1733435601142
뉴질랜드,기타,2027-03-01,1065.3150017218488,,670.5570718546186,867.9360367882337
뉴질랜드,상용,2025-04-01,15.560514423279319,,12.59319170416233,14.076853063720824
뉴질랜드,상용,2025-05-01,18.36925651565221,,13.606651343267687,15.987953929459948
뉴질랜드,상용,2025-06-01,17.018947359527708,,14.760971046856714,15.88995920319221
뉴질랜드,상용,2025-07-01,15.690260421003275,,15.812879997816388,15.75157020940983
뉴질랜드,상용,2025-08-01,15.997972054194785,,19.215738048869397,17.60685505153209
뉴질랜드,상용,2025-09-01,15.991327168179811,,23.02161810803874,19.506472638109276
뉴질랜드,상용,2025-10-01,18.02633860199428,,24.05810380318848,21.042221202591378
뉴질랜드,상용,2025-11-01,17.29822677459035,,22.59942468343118,19.948825729010764
뉴질랜드,상용,2025-12-01,11.627424502645919,,19.779570817155324,15.703497659900622
뉴질랜드,상용,2026-01-01,16.894596331655425,,20.20565959382588,18.550127962740653
뉴질랜드,상용,2026-02-01,14.247553308876055,,18.826209106032515,16.536881207454286
뉴질랜드,상용,2026-03-01,18.062225470140586,,17.778756609034232,17.92049103958741
뉴질랜드,상용,2026-04-01,17.37508541313194,,16.416616245295174,16.895850829213558
뉴질랜드,상용,2026-05-01,19.92661987871349,,14.391104158450114,17.1588620185818
뉴질랜드,상용,2026-06-01,17.144641437713776,,12.602211090957002,14.87342626433539
뉴질랜드,상용,2026-07-01,16.889057309571662,,10.453443446446016,13.671250378008839
뉴질랜드,상용,2026-08-01,17.489735766053855,,11.506534104101473,14.498134935077664
뉴질랜드,상용,2026-09-01,17.927956108433754,,13.607455154359341,15.767705631396549
뉴질랜드,상용,2026-10-01,19.75537192227884,,12.95137305833519,16.353372490307017
뉴질랜드,상용,2026-11-01,18.52567896743828,,10.704059217897846,14.614869092668064
뉴질랜드,상용,2026-12-01,12.727819166182329,,8.125170170421416,10.426494668301872
뉴질랜드,상용,2027-01-01,16.49916713239372,,9.032351368462901,12.76575925042831
뉴질랜드,상용,2027-02-01,15.613002024069559,,6.429045254189326,11.021023639129442
뉴질랜드,상용,2027-03-01,20.016172260282882,,4.722978134272925,12.369575197277904
뉴질랜드,유학연수,2025-04-01,1.674775508455682,,1.6069001719231975,1.6408378401894397
뉴질랜드,유학연수,2025-05-01,4.126459079673441,,2.2196753234063773,3.173067201539909
뉴질랜드,유학연수,2025-06-01,1.8141847188044435,,2.7123580987077816,2.2632714087561125
뉴질랜드,유학연수,2025-07-01,5.326259522736129,,4.047628705448157,4.686944114092143
뉴질랜드,유학연수,2025-08-01,15.595434367673771,,10.29238323893445,12.943908803304112
뉴질랜드,유학연수,2025-09-01,4.266220188413322,,4.1128751226517855,4.189547655532554
뉴질랜드,유학연수,2025-10-01,1.1662926958707767,,1.8893961964392967,1.5278444461550367
뉴질랜드,유학연수,2025-11-01,6.302743350405072,,3.0864246634450536,4.694584006925062
뉴질랜드,유학연수,2025-12-01,3.338840420058036,,2.544628272081608,2.941734346069822
뉴질랜드,유학연수,2026-01-01,6.989631880605802,,5.245010769476266,6.1173213250410345
뉴질랜드,유학연수,2026-02-01,20.84562519216575,,12.353639164248227,16.59963217820699
뉴질랜드,유학연수,2026-03-01,2.264341315512387,,1.2824877107530088,1.773414513132698
뉴질랜드,유학연수,2026-04-01,1.644802861152908,,1.3603567672876664,1.502579814220287
뉴질랜드,유학연수,2026-05-01,5.388104866837558,,1.6894170796382757,3.538760973237917
뉴질랜드,유학연수,2026-06-01,1.8752621363857416,,1.9939335339848752,1.9345978351853084
뉴질랜드,유학연수,2026-07-01,6.021051721520745,,2.9239012173376393,4.472476469429193
뉴질랜드,유학연수,2026-08-01,20.792351650134222,,8.817990050994574,14.805170850564398
뉴질랜드,유학연수,2026-09-01,4.437800139721761,,2.672856724676099,3.55532843219893
뉴질랜드,유학연수,2026-10-01,0.36991556213978694,,1.301618698024286,0.8357671300820365
뉴질랜드,유학연수,2026-11-01,6.445519472617253,,2.9975184495240894,4.721518961070672
뉴질랜드,유학연수,2026-12-01,4.527211314469474,,2.5313264121388332,3.5292688633041536
뉴질랜드,유학연수,2027-01-01,8.914136050694584,,5.072865241379889,6.993500646037236
뉴질랜드,유학연수,2027-02-01,25.843766817446507,,10.152867425955005,17.998317121700758
뉴질랜드,유학연수,2027-03-01,0.9830265137311469,,1.526418337183465,1.254722425457306
대  만,공용,2025-04-01,14.144650701280652,,12.63222992696167,13.388440314121162
대  만,공용,2025-05-01,10.68389770291124,,12.874850962805803,11.779374332858522
대  만,공용,2025-06-01,11.958277548008953,,16.215521904917118,14.086899726463034
대  만,공용,2025-07-01,26.910355463218345,,21.34905282252372,24.129704142871034
대  만,공용,2025-08-01,17.606454357792657,,17.343506318265423,17.47498033802904
대  만,공용,2025-09-01,11.102499537563332,,13.977151590140181,12.539825563851757
대  만,공용,2025-10-01,13.724120779977293,,14.588888644417375,14.156504712197334
대  만,공용,2025-11-01,20.44498757234813,,16.342205543901578,18.393596558124855
대  만,공용,2025-12-01,15.583844804375493,,19.65363865693474,17.618741730655117
대  만,공용,2026-01-01,23.752335655588833,,20.869362204354687,22.310848929971762
대  만,공용,2026-02-01,20.88553803636949,,19.255124190672028,20.07033111352076
대  만,공용,2026-03-01,14.87433848605974,,16.45559021107746,15.6649643485686
대  만,공용,2026-04-01,16.320324456453456,,15.143580612422356,15.731952534437905
대  만,공용,2026-05-01,13.798204996760461,,15.332450441803374,14.565327719281917
대  만,공용,2026-06-01,15.860111921947004,,17.664449969360405,16.762280945653703
대  만,공용,2026-07-01,30.227102211431742,,21.383058789856708,25.805080500644223
대  만,공용,2026-08-01,22.597433365004058,,18.598239139729372,20.597836252366715
대  만,공용,2026-09-01,14.802383061391133,,15.642136000760338,15.222259531075736
대  만,공용,2026-10-01,15.539818184783261,,15.450771473098303,15.495294828940782
대  만,공용,2026-11-01,23.69715810548556,,16.8649798056891,20.28106895558733
대  만,공용,2026-12-01,19.666322821329693,,19.389674453596474,19.527998637463085
대  만,공용,2027-01-01,27.39215688999495,,20.269853040414667,23.83100496520481
대  만,공용,2027-02-01,26.107380583247373,,18.47032314848377,22.288851865865574
대  만,공용,2027-03-01,17.30862987047155,,14.059666159193608,15.684148014832578
대  만,관광,2025-04-01,156741.40442677352,,132008.34607214498,144374.87524945923
대  만,관광,2025-05-01,148661.756988369,,134921.69019840588,141791.72359338743
대  만,관광,2025-06-01,174834.59295511033,,135790.19349093633,155312.39322302333
대  만,관광,2025-07-01,175325.5489767059,,135415.896727326,155370.72285201596
대  만,관광,2025-08-01,174732.98205416725,,135824.04313948494,155278.5125968261
대  만,관광,2025-09-01,156188.87373476065,,133199.59970418405,144694.23671947233
대  만,관광,2025-10-01,174442.58581366084,,126254.25444203768,150348.42012784927
대  만,관광,2025-11-01,154776.8153243859,,115379.25384258469,135078.0345834853
대  만,관광,2025-12-01,156105.24892575704,,111629.6582162003,133867.45357097866
대  만,관광,2026-01-01,176833.00982832265,,117129.61601482432,146981.3129215735
대  만,관광,2026-02-01,170795.99959414627,,110205.82728462518,140500.9134393857
대  만,관광,2026-03-01,176722.76778485728,,100016.14510918391,138369.45644702058
대  만,관광,2026-04-01,205581.81823729828,,98604.02210533753,152092.9201713179
대  만,관광,2026-05-01,191316.3366241123,,98592.07761189432,144954.2071180033
대  만,관광,2026-06-01,219901.83268734164,,98858.6166174227,159380.22465238217
대  만,관광,2026-07-01,220702.98901310295,,98855.89818684406,159779.4435999735
대  만,관광,2026-08-01,216830.48456127054,,104172.567360057,160501.52596066377
대  만,관광,2026-09-01,197530.99089098928,,105451.1303418407,151491.060616415
대  만,관광,2026-10-01,222862.80893638154,,99473.56711706685,161168.1880267242
대  만,관광,2026-11-01,192396.81152775642,,85116.74667891423,138756.77910333534
대  만,관광,2026-12-01,189527.89309537396,,73376.11892798574,131452.00601167986
대  만,관광,2027-01-01,218703.96363240422,,72728.88758400477,145716.4256082045
대  만,관광,2027-02-01,206211.70536031591,,50719.73979875557,128465.72257953574
대  만,관광,2027-03-01,214078.53630028196,,13865.942463819738,113972.23938205084
대  만,상용,2025-04-01,10.364679942547227,,75.6667181231167,43.01569903283196
대  만,상용,2025-05-01,240.24604409536863,,137.4013961911121,188.82372014324037
대  만,상용,2025-06-01,223.4838956212412,,150.1301685667497,186.80703209399545
대  만,상용,2025-07-01,24.0918912601982,,138.88740923287537,81.48965024653678
대  만,상용,2025-08-01,27.30757208826446,,146.64611920510112,86.97684564668279
대  만,상용,2025-09-01,49.19521483267566,,156.79892345966522,102.99706914617045
대  만,상용,2025-10-01,51.425296883706956,,150.44927133147024,100.9372841075886
대  만,상용,2025-11-01,79.68989027419155,,133.88722234950146,106.7885563118465
대  만,상용,2025-12-01,62.14495437254692,,153.55173981887776,107.84834709571234
대  만,상용,2026-01-01,32.60004313478791,,150.72089320978807,91.66046817228799
대  만,상용,2026-02-01,23.844420969178604,,139.4921775183709,81.66829924377475
대  만,상용,2026-03-01,20.65832123790751,,120.92877945253329,70.7935503452204
대  만,상용,2026-04-01,13.222660333914288,,143.39583952320754,78.30924992856092
대  만,상용,2026-05-01,255.43245273660963,,169.879858126954,212.65615543178183
대  만,상용,2026-06-01,234.50709634192333,,177.2953595584073,205.90122795016532
대  만,상용,2026-07-01,26.096057602433376,,178.54493413298212,102.32049586770775
대  만,상용,2026-08-01,30.121752635560075,,150.27955255011761,90.20065259283885
대  만,상용,2026-09-01,53.6697531240456,,114.28183307316891,83.97579309860726
대  만,상용,2026-10-01,56.1815461137947,,98.01973861568992,77.10064236474231
대  만,상용,2026-11-01,84.85906129074542,,87.49957050764378,86.17931589919459
대  만,상용,2026-12-01,64.84006781188933,,92.4692493889636,78.65465860042647
대  만,상용,2027-01-01,32.928223727433604,,85.4011582130688,59.1646909702512
대  만,상용,2027-02-01,23.86573673857005,,85.32515117792502,54.595443958247536
대  만,상용,2027-03-01,23.511802574119617,,80.83732968521541,52.17456612966751
대  만,기타,2025-04-01,729.915650034625,,740.2929702820767,735.1043101583508
대  만,기타,2025-05-01,957.3957564075904,,783.01260202644,870.2041792170153
대  만,기타,2025-06-01,920.4028617101537,,828.028585093882,874.2157234020178
대  만,기타,2025-07-01,829.3159127192561,,876.0781115551786,852.6970121372174
대  만,기타,2025-08-01,826.9980326591536,,968.9636788014474,897.9808557303005
대  만,기타,2025-09-01,1035.5161944093397,,1107.6568035071605,1071.58649895825
대  만,기타,2025-10-01,793.0783445671939,,955.9591430869325,874.5187438270632
대  만,기타,2025-11-01,796.7561366751386,,859.1987609704101,827.9774488227744
대  만,기타,2025-12-01,822.2439827466892,,874.138211779737,848.1910972632131
대  만,기타,2026-01-01,890.6359101963177,,917.8014612617047,904.2186857290112
대  만,기타,2026-02-01,866.0956972331694,,856.1521895027437,861.1239433679566
대  만,기타,2026-03-01,817.8853948564531,,813.6557893303963,815.7705920934247
대  만,기타,2026-04-01,908.661335451669,,892.5497467211618,900.6055410864153
대  만,기타,2026-05-01,1196.6178380535669,,1056.8029707357914,1126.7104043946792
대  만,기타,2026-06-01,1082.268080605646,,1185.227725936804,1133.747903271225
대  만,기타,2026-07-01,1004.3498387385367,,1193.7582809101345,1099.0540598243356
대  만,기타,2026-08-01,1039.2808017125271,,1257.2232830821526,1148.25204239734
대  만,기타,2026-09-01,1098.7393304074872,,1370.754320708742,1234.7468255581146
대  만,기타,2026-10-01,999.4174308455721,,1180.5657428842007,1089.9915868648864
대  만,기타,2026-11-01,986.5569112750128,,1021.4095604919867,1003.9832358834997
대  만,기타,2026-12-01,988.9106828253193,,1018.7289637922015,1003.8198233087604
대  만,기타,2027-01-01,1046.4084454251192,,1104.879078127533,1075.643761776326
대  만,기타,2027-02-01,985.9580279947564,,1016.9316476604996,1001.444837827628
대  만,기타,2027-03-01,919.3005955291084,,892.2095664656651,905.7550809973868
대  만,유학연수,2025-04-01,176.37252784043451,,264.278434949863,220.32548139514876
대  만,유학연수,2025-05-01,389.65089055244243,,321.7522219590588,355.7015562557506
대  만,유학연수,2025-06-01,474.004415415513,,371.08812719714996,422.5462713063315
대  만,유학연수,2025-07-01,308.7242047373783,,445.965395187098,377.34479996223814
대  만,유학연수,2025-08-01,1634.173456643868,,1199.5512398308738,1416.862348237371
대  만,유학연수,2025-09-01,486.79964445219315,,496.1363821089401,491.46801328056665
대  만,유학연수,2025-10-01,218.68832863756515,,245.43738690784613,232.06285777270563
대  만,유학연수,2025-11-01,349.89689645238093,,328.29438297191706,339.095639712149
대  만,유학연수,2025-12-01,415.6746924591775,,355.1498678946376,385.41228017690753
대  만,유학연수,2026-01-01,312.4996775843105,,409.94730633619713,361.2234919602538
대  만,유학연수,2026-02-01,1497.7096340406817,,901.3841777419589,1199.5469058913204
대  만,유학연수,2026-03-01,644.0511710559242,,378.29497248187454,511.1730717688994
대  만,유학연수,2026-04-01,193.21336390146578,,260.17216992893077,226.69276691519826
대  만,유학연수,2026-05-01,419.6079669801047,,309.6156704108073,364.611818695456
대  만,유학연수,2026-06-01,644.0847121788112,,335.35439965317585,489.7195559159935
대  만,유학연수,2026-07-01,337.209232159394,,390.3480803023557,363.77865623087484
대  만,유학연수,2026-08-01,2014.2148310684147,,1094.2223309823362,1554.2185810253754
대  만,유학연수,2026-09-01,569.9378136128173,,406.2016207757696,488.06971719429345
대  만,유학연수,2026-10-01,226.47758608353385,,182.89445513505373,204.6860206092938
대  만,유학연수,2026-11-01,400.74304698877137,,243.57119042192036,322.15711870534585
대  만,유학연수,2026-12-01,482.2155081310676,,270.664444037717,376.4399760843923
대  만,유학연수,2027-01-01,412.8590048935325,,257.05297044359526,334.95598766856386
대  만,유학연수,2027-02-01,1790.340804216135,,682.2684072742827,1236.3046057452088
대  만,유학연수,2027-03-01,743.2535207763821,,332.84397193200914,538.0487463541956
덴마크,공용,2025-04-01,2.2794188344130712,,2.722712624022751,2.501065729217911
덴마크,공용,2025-05-01,5.018705013084806,,2.6135324993968587,3.816118756240832
덴마크,공용,2025-06-01,2.2973887796361856,,2.441357505876583,2.369373142756384
덴마크,공용,2025-07-01,2.9404931830806373,,2.2735728350551727,2.607033009067905
덴마크,공용,2025-08-01,3.7414713543317397,,2.290100923184876,3.015786138758308
덴마크,공용,2025-09-01,1.7253992951314678,,2.073054414502551,1.8992268548170093
덴마크,공용,2025-10-01,3.273940910986096,,2.006672672205254,2.640306791595675
덴마크,공용,2025-11-01,2.6863043368479587,,1.9652496402006903,2.3257769885243245
덴마크,공용,2025-12-01,2.9251874486462754,,2.047872280329731,2.486529864488003
덴마크,공용,2026-01-01,4.158069714304832,,2.34929671701466,3.253683215659746
덴마크,공용,2026-02-01,2.3593353827690984,,2.4205640098447274,2.389949696306913
덴마크,공용,2026-03-01,3.05314550681426,,2.3252072815175437,2.689176394165902
덴마크,공용,2026-04-01,2.833137158521445,,2.467787210755322,2.650462184638384
덴마크,공용,2026-05-01,5.623447958476294,,2.7613076266608254,4.19237779256856
덴마크,공용,2026-06-01,2.6774769428318064,,3.0317759513868814,2.854626447109344
덴마크,공용,2026-07-01,3.305664182247472,,3.2250951294131402,3.265379655830306
덴마크,공용,2026-08-01,4.288411094426156,,3.5778073906305448,3.9331092425283503
덴마크,공용,2026-09-01,2.9396102686926215,,3.1620254532723484,3.0508178609824848
덴마크,공용,2026-10-01,3.0410310493750674,,3.060305795673832,3.05066842252445
덴마크,공용,2026-11-01,3.187746523857973,,2.9201107497778844,3.053928636817929
덴마크,공용,2026-12-01,2.6692312298583407,,3.015713809826676,2.8424725198425085
덴마크,공용,2027-01-01,5.654643876023896,,3.1808367933270745,4.417740334675486
덴마크,공용,2027-02-01,2.6091126697645257,,3.168525314568733,2.8888189921666294
덴마크,공용,2027-03-01,3.3260355411657456,,3.283829418756044,3.304932479960895
덴마크,관광,2025-04-01,1686.2460562996803,,1085.69197642042,1385.96901636005
덴마크,관광,2025-05-01,1635.1904029552666,,1080.1517471583763,1357.6710750568213
덴마크,관광,2025-06-01,1481.9880456984738,,1095.238580199886,1288.61331294918
덴마크,관광,2025-07-01,1926.9776226181798,,1170.4015701932435,1548.6895964057117
덴마크,관광,2025-08-01,1356.6073712802643,,1295.8022809740642,1326.2048261271643
덴마크,관광,2025-09-01,1814.0634095006003,,1530.9009029709027,1672.4821562357515
덴마크,관광,2025-10-01,2533.104528369131,,1763.5339042114188,2148.319216290275
덴마크,관광,2025-11-01,1633.4461695512214,,970.5962826872245,1302.021226119223
덴마크,관광,2025-12-01,1015.6649040519812,,591.955143641171,803.8100238465761
덴마크,관광,2026-01-01,1124.1946265167112,,508.12777157023544,816.1611990434733
덴마크,관광,2026-02-01,1083.547493577846,,541.6931317357164,812.6203126567812
덴마크,관광,2026-03-01,1926.7660087874635,,826.7137448193482,1376.7398768034059
덴마크,관광,2026-04-01,2169.1561908902663,,888.4607199383378,1528.808455414302
덴마크,관광,2026-05-01,1988.18853254499,,926.804117590123,1457.4963250675564
덴마크,관광,2026-06-01,1792.5708555228657,,946.519951416579,1369.5454034697223
덴마크,관광,2026-07-01,2478.7000116951504,,997.6542253166067,1738.1771185058785
덴마크,관광,2026-08-01,1625.0876636925655,,1090.7967700701474,1357.9422168813564
덴마크,관광,2026-09-01,2184.24636308767,,1351.8450256444867,1768.0456943660784
덴마크,관광,2026-10-01,3149.758589867157,,1543.79959130614,2346.7790905866486
덴마크,관광,2026-11-01,1972.1855182134695,,862.1005749410016,1417.1430465772355
덴마크,관광,2026-12-01,1198.712763604575,,542.6945558805631,870.703659742569
덴마크,관광,2027-01-01,1406.2324710072494,,466.0754247747393,936.1539478909943
덴마크,관광,2027-02-01,1281.5789274270683,,478.38424720104933,879.9815873140587
덴마크,관광,2027-03-01,2266.908625524778,,667.0443580247857,1466.9764917747818
덴마크,기타,2025-04-01,126.91875013632392,,107.53109896940637,117.22492455286515
덴마크,기타,2025-05-01,127.92209345774701,,102.55436491939534,115.23822918857118
덴마크,기타,2025-06-01,116.33493645130562,,94.4696416628748,105.40228905709021
덴마크,기타,2025-07-01,127.98752328086476,,90.29652960961779,109.14202644524127
덴마크,기타,2025-08-01,139.08928970570565,,92.62514662238591,115.85721816404578
덴마크,기타,2025-09-01,120.86912323419614,,96.8266689900923,108.84789611214421
덴마크,기타,2025-10-01,133.03510437693112,,93.70911883254435,113.37211160473774
덴마크,기타,2025-11-01,117.63608705766019,,83.80920335273277,100.72264520519647
덴마크,기타,2025-12-01,107.9543303107515,,82.8190679239784,95.38669911736494
덴마크,기타,2026-01-01,146.75831928521978,,97.04291737267074,121.90061832894526
덴마크,기타,2026-02-01,114.52952937669973,,98.0583976697082,106.29396352320396
덴마크,기타,2026-03-01,138.9009979996869,,109.12082253241299,124.01091026604993
덴마크,기타,2026-04-01,147.90338601619518,,116.35770562127831,132.13054581873675
덴마크,기타,2026-05-01,141.78425678177888,,115.7614376709094,128.77284722634414
덴마크,기타,2026-06-01,128.28092663906867,,116.5306189748602,122.40577280696444
덴마크,기타,2026-07-01,142.06413356598333,,120.49960417100306,131.28186886849318
덴마크,기타,2026-08-01,159.90722193726208,,131.7694283497475,145.8383251435048
덴마크,기타,2026-09-01,138.7325189069314,,137.21353183764245,137.97302537228694
덴마크,기타,2026-10-01,150.1146144862142,,132.03528368013818,141.0749490831762
덴마크,기타,2026-11-01,129.2412096499135,,112.01690740170224,120.62905852580786
덴마크,기타,2026-12-01,120.38644271159697,,101.08199196364218,110.73421733761958
덴마크,기타,2027-01-01,159.687219129973,,129.76610587723505,144.72666250360402
덴마크,기타,2027-02-01,130.7688405635398,,122.82579672522186,126.79731864438084
덴마크,기타,2027-03-01,153.43863122725867,,131.68561779935666,142.56212451330765
덴마크,상용,2025-04-01,25.690373582239044,,24.252617242867437,24.97149541255324
덴마크,상용,2025-05-01,26.183074372939434,,25.422475452486353,25.80277491271289
덴마크,상용,2025-06-01,25.073919131332662,,26.37133686118994,25.722627996261302
덴마크,상용,2025-07-01,24.646380753650703,,26.709742613040227,25.678061683345465
덴마크,상용,2025-08-01,32.88002509251138,,34.52890460379488,33.70446484815313
덴마크,상용,2025-09-01,29.28724544404579,,36.330054186943954,32.808649815494874
덴마크,상용,2025-10-01,29.126163336020475,,31.770541774994175,30.448352555507327
덴마크,상용,2025-11-01,26.851014745911208,,28.597774311575684,27.724394528743446
덴마크,상용,2025-12-01,24.388280620961716,,28.911399827479105,26.649840224220412
덴마크,상용,2026-01-01,34.460476297697916,,37.33784880858422,35.89916255314107
덴마크,상용,2026-02-01,26.979804287164292,,34.15839128936596,30.569097788265125
덴마크,상용,2026-03-01,29.747611274165997,,31.796645494180655,30.772128384173328
덴마크,상용,2026-04-01,29.726343001940453,,32.8877805354496,31.30706176869503
덴마크,상용,2026-05-01,33.01517117619996,,35.21284749609992,34.114009336149934
덴마크,상용,2026-06-01,29.81696513434617,,37.46737569364224,33.64217041399421
덴마크,상용,2026-07-01,29.284879433208122,,38.95435058489201,34.119615009050065
덴마크,상용,2026-08-01,40.77142643777728,,48.67929100467575,44.72535872122651
덴마크,상용,2026-09-01,33.71787355901472,,49.73368006700246,41.72577681300859
덴마크,상용,2026-10-01,34.95490743891419,,41.98606997290231,38.47048870590825
덴마크,상용,2026-11-01,32.91628956337134,,38.704801440485845,35.810545501928594
덴마크,상용,2026-12-01,27.688524485580707,,39.15526451077086,33.42189449817579
덴마크,상용,2027-01-01,41.10793921655713,,49.54415081023653,45.32604501339683
덴마크,상용,2027-02-01,31.930288505918416,,44.10520516530549,38.01774683561195
덴마크,상용,2027-03-01,35.38241511790064,,41.85250652406716,38.6174608209839
덴마크,유학연수,2025-04-01,8.14138741832215,,9.374299349399976,8.757843383861063
덴마크,유학연수,2025-05-01,18.911772902552812,,8.050784209816188,13.481278556184499
덴마크,유학연수,2025-06-01,14.282431163174849,,9.578886489541862,11.930658826358355
덴마크,유학연수,2025-07-01,21.00400330072212,,13.62454319862509,17.314273249673604
덴마크,유학연수,2025-08-01,180.4731503137234,,118.79756523454873,149.63535777413608
덴마크,유학연수,2025-09-01,11.906645806233662,,8.75104501632333,10.328845411278497
덴마크,유학연수,2025-10-01,26.376471432514343,,22.341556840880685,24.359014136697514
덴마크,유학연수,2025-11-01,45.01367897239456,,28.909911319282415,36.96179514583849
덴마크,유학연수,2025-12-01,27.570955350003466,,27.75197399275072,27.661464671377093
덴마크,유학연수,2026-01-01,28.39921446946043,,31.502880438239195,29.95104745384981
덴마크,유학연수,2026-02-01,72.06193408231508,,29.23150689396217,50.64672048813863
덴마크,유학연수,2026-03-01,7.182594040588766,,15.308966426781309,11.245780233685037
덴마크,유학연수,2026-04-01,8.648453857181163,,8.94475142587698,8.796602641529072
덴마크,유학연수,2026-05-01,22.76295175563118,,9.064643428241595,15.913797591936387
덴마크,유학연수,2026-06-01,15.190926851162146,,11.040370108848055,13.1156484800051
덴마크,유학연수,2026-07-01,21.39263271145306,,16.664421669278973,19.028527190366017
덴마크,유학연수,2026-08-01,195.76973421246697,,143.99726588883973,169.88350005065337
덴마크,유학연수,2026-09-01,11.975307004522206,,9.614879670973789,10.795093337747996
덴마크,유학연수,2026-10-01,28.802564929341557,,21.81196662084203,25.307265775091793
덴마크,유학연수,2026-11-01,51.046217207958975,,29.844492394132647,40.44535480104581
덴마크,유학연수,2026-12-01,28.49350081176698,,28.908874492654466,28.701187652210724
덴마크,유학연수,2027-01-01,29.62118069029058,,31.193416584964353,30.407298637627466
덴마크,유학연수,2027-02-01,79.46420670352013,,29.916537397191036,54.690372050355585
덴마크,유학연수,2027-03-01,5.79192039234947,,16.925555060339406,11.358737726344438
독  일,공용,2025-04-01,22.1716033342146,,16.781067816286505,19.476335575250552
독  일,공용,2025-05-01,20.660141858551295,,16.95230478105986,18.806223319805575
독  일,공용,2025-06-01,22.74964956294747,,18.880771240165096,20.815210401556286
독  일,공용,2025-07-01,22.187892683719156,,21.737585658276576,21.962739170997864
독  일,공용,2025-08-01,40.42847890621369,,27.64971903126097,34.039098968737335
독  일,공용,2025-09-01,20.04424238317124,,21.87962059646339,20.961931489817317
독  일,공용,2025-10-01,27.959351012111295,,25.5192024474134,26.739276729762345
독  일,공용,2025-11-01,28.541770099106063,,24.256448323314807,26.399109211210437
독  일,공용,2025-12-01,15.993301717504615,,20.455790290857543,18.22454600418108
독  일,공용,2026-01-01,32.877092760241936,,26.22205812534171,29.549575442791824
독  일,공용,2026-02-01,31.949460586949364,,25.655616637084094,28.80253861201673
독  일,공용,2026-03-01,22.47756693411733,,21.368074298079513,21.92282061609842
독  일,공용,2026-04-01,27.19824579564825,,19.6722010892624,23.435223442455325
독  일,공용,2026-05-01,25.984061129301313,,20.16751363821672,23.075787383759018
독  일,공용,2026-06-01,25.058241116053487,,22.2072640914709,23.632752603762192
독  일,공용,2026-07-01,25.889795268544503,,25.071360077814802,25.480577673179653
독  일,공용,2026-08-01,40.26634270826745,,28.44618088182269,34.35626179504507
독  일,공용,2026-09-01,22.708519787828507,,23.904174232473004,23.306347010150755
독  일,공용,2026-10-01,35.39062888988115,,27.365965995277197,31.378297442579175
독  일,공용,2026-11-01,33.56375200939305,,26.07815498100159,29.82095349519732
독  일,공용,2026-12-01,18.21184950986008,,22.774253425566254,20.493051467713165
독  일,공용,2027-01-01,36.581654617513834,,27.248903264472286,31.915278940993062
독  일,공용,2027-02-01,31.688931773239187,,27.028975708768815,29.358953741004
독  일,공용,2027-03-01,25.835168952281872,,23.087765263112562,24.461467107697217
독  일,관광,2025-04-01,18594.93096963617,,16562.849336165753,17578.89015290096
독  일,관광,2025-05-01,15608.114688026493,,15108.940922998176,15358.527805512334
독  일,관광,2025-06-01,12993.713513011486,,11521.095596416264,12257.404554713874
독  일,관광,2025-07-01,14386.946051916577,,11081.82973574487,12734.387893830724
독  일,관광,2025-08-01,15058.461254764406,,13130.673606552391,14094.567430658399
독  일,관광,2025-09-01,18822.700393406594,,15079.383021064907,16951.041707235752
독  일,관광,2025-10-01,21403.583371918226,,14267.267874702939,17835.425623310584
독  일,관광,2025-11-01,15329.9406267584,,9182.853174062826,12256.396900410613
독  일,관광,2025-12-01,11208.81293660652,,5616.208830498585,8412.510883552553
독  일,관광,2026-01-01,11134.359894379671,,4390.230947816999,7762.295421098335
독  일,관광,2026-02-01,11802.279604246592,,5075.036798902025,8438.658201574308
독  일,관광,2026-03-01,21316.309608300755,,9800.099423189451,15558.204515745103
독  일,관광,2026-04-01,23128.066352530503,,13132.4630255525,18130.2646890415
독  일,관광,2026-05-01,19457.873766088545,,14473.814720374125,16965.844243231335
독  일,관광,2026-06-01,16275.689005343898,,11805.994317685892,14040.841661514896
독  일,관광,2026-07-01,18109.48379451379,,10125.696658074186,14117.590226293989
독  일,관광,2026-08-01,18585.453661262134,,12330.635395767666,15458.0445285149
독  일,관광,2026-09-01,22916.7753275484,,14469.467841252685,18693.121584400542
독  일,관광,2026-10-01,25930.958263279397,,13751.353773372619,19841.156018326008
독  일,관광,2026-11-01,18886.39450131019,,9259.070304187455,14072.732402748823
독  일,관광,2026-12-01,13502.947399350438,,5775.8166687403655,9639.382034045402
독  일,관광,2027-01-01,13780.419380295449,,4452.159008716761,9116.289194506106
독  일,관광,2027-02-01,14325.792706966331,,4289.84114705227,9307.8169270093
독  일,관광,2027-03-01,25145.645152641275,,5913.68052911285,15529.662840877063
독  일,기타,2025-04-01,1790.0155506582287,,1673.24013074841,1731.6278407033192
독  일,기타,2025-05-01,1741.4364412769967,,1558.85787970081,1650.1471604889034
독  일,기타,2025-06-01,1645.9626696760192,,1492.44422297745,1569.2034463267346
독  일,기타,2025-07-01,1663.7148243080119,,1472.96501047695,1568.3399173924809
독  일,기타,2025-08-01,1867.2760768663911,,1554.0638207627085,1710.6699488145498
독  일,기타,2025-09-01,1692.8164917007098,,1545.4784500649605,1619.147470882835
독  일,기타,2025-10-01,1836.1384495568507,,1540.4595529372712,1688.299001247061
독  일,기타,2025-11-01,1569.9220598554982,,1313.7917303523284,1441.8568951039133
독  일,기타,2025-12-01,1377.6576840644873,,1121.9235325615994,1249.7906083130433
독  일,기타,2026-01-01,1606.2735404109887,,1281.747965676599,1444.010753043794
독  일,기타,2026-02-01,1474.325462489147,,1263.2561876079926,1368.7908250485698
독  일,기타,2026-03-01,1922.783593146104,,1576.2700411273333,1749.5268171367188
독  일,기타,2026-04-01,1963.1388604542562,,1559.6817206899561,1761.410290572106
독  일,기타,2026-05-01,1791.8212233787674,,1475.5728344839058,1633.6970289313367
독  일,기타,2026-06-01,1695.1102033645934,,1424.1749423936367,1559.642572879115
독  일,기타,2026-07-01,1791.6281960358356,,1436.1252713659333,1613.8767337008844
독  일,기타,2026-08-01,1971.7274024847018,,1502.1965295355906,1736.9619660101462
독  일,기타,2026-09-01,1805.6800515500777,,1509.3698581017304,1657.524954825904
독  일,기타,2026-10-01,1980.398620150645,,1522.9181110491916,1751.6583655999184
독  일,기타,2026-11-01,1672.8612220308555,,1302.5930574504603,1487.727139740658
독  일,기타,2026-12-01,1426.5130428042112,,1074.260172402007,1250.386607603109
독  일,기타,2027-01-01,1678.5208822487032,,1225.4254501172231,1451.9731661829633
독  일,기타,2027-02-01,1485.4602364799389,,1237.5419743639497,1361.5011054219444
독  일,기타,2027-03-01,2102.626326217624,,1493.483712761214,1798.055019489419
독  일,상용,2025-04-01,187.43742619120908,,163.85928795226442,175.64835707173677
독  일,상용,2025-05-01,193.49134021722068,,163.13998799237402,178.31566410479735
독  일,상용,2025-06-01,185.77518901059418,,158.36535665319454,172.07027283189436
독  일,상용,2025-07-01,175.79965857967733,,155.59563715457307,165.6976478671252
독  일,상용,2025-08-01,208.47546152045882,,170.03531404088554,189.25538778067218
독  일,상용,2025-09-01,196.3950258868062,,176.7807799353424,186.5879029110743
독  일,상용,2025-10-01,208.55700115184507,,173.82833476883687,191.19266796034097
독  일,상용,2025-11-01,199.35544080419578,,159.583323285989,179.4693820450924
독  일,상용,2025-12-01,162.9804362252994,,126.5882673016951,144.78435176349726
독  일,상용,2026-01-01,258.32883456298606,,182.6778306750817,220.50333261903387
독  일,상용,2026-02-01,198.604233071118,,129.4841359951775,164.04418453314776
독  일,상용,2026-03-01,213.89421672580147,,120.12745030792264,167.01083351686205
독  일,상용,2026-04-01,213.708623230572,,101.11091643702491,157.40976983379846
독  일,상용,2026-05-01,226.0914712079158,,92.66308205892223,159.377276633419
독  일,상용,2026-06-01,211.7302566164218,,95.89911014591362,153.8146833811677
독  일,상용,2026-07-01,205.370607582665,,100.47669040658384,152.92364899462441
독  일,상용,2026-08-01,237.13355276047088,,119.53905195905352,178.33630235976221
독  일,상용,2026-09-01,221.0473446768724,,124.4908802588707,172.76911246787154
독  일,상용,2026-10-01,240.7657160946496,,113.08361977466757,176.9246679346586
독  일,상용,2026-11-01,227.31786682875017,,93.3006783287121,160.30927257873114
독  일,상용,2026-12-01,183.76048728179302,,64.24682189353555,124.00365458766429
독  일,상용,2027-01-01,297.0944614046858,,98.45746262236507,197.77596201352543
독  일,상용,2027-02-01,221.29064362394072,,57.017908418245185,139.15427602109295
독  일,상용,2027-03-01,241.77198090464776,,41.55523513885859,141.6636080217532
독  일,유학연수,2025-04-01,115.04277452637454,,172.81408129813653,143.92842791225553
독  일,유학연수,2025-05-01,269.57573753655,,182.14127307666394,225.85850530660696
독  일,유학연수,2025-06-01,191.16000107189038,,191.49099672659025,191.3254988992403
독  일,유학연수,2025-07-01,211.836245113511,,197.63884027286724,204.73754269318914
독  일,유학연수,2025-08-01,1628.643522595835,,1236.2625646611243,1432.4530436284797
독  일,유학연수,2025-09-01,147.37370728707998,,87.48190230159875,117.42780479433937
독  일,유학연수,2025-10-01,175.29363270983805,,123.28046919553526,149.28705095268666
독  일,유학연수,2025-11-01,430.5122727614135,,476.0313324715447,453.27180261647914
독  일,유학연수,2025-12-01,322.999930965848,,434.9429684230415,378.9714496944448
독  일,유학연수,2026-01-01,318.0483823413897,,236.86824838770588,277.4583153645478
독  일,유학연수,2026-02-01,1011.9673514383288,,767.4245789770131,889.695965207671
독  일,유학연수,2026-03-01,142.77345674096185,,155.036364379816,148.90491056038894
독  일,유학연수,2026-04-01,116.25036808221346,,164.5979747218394,140.42417140202642
독  일,유학연수,2026-05-01,283.72386177982276,,173.5048965098435,228.61437914483312
독  일,유학연수,2026-06-01,212.0083805886989,,182.70702100547496,197.35770079708692
독  일,유학연수,2026-07-01,225.98602322506338,,188.67606654186653,207.33104488346495
독  일,유학연수,2026-08-01,1832.825518054537,,1090.693126388063,1461.7593222213
독  일,유학연수,2026-09-01,148.651992580282,,70.51880447423692,109.58539852725946
독  일,유학연수,2026-10-01,173.3200830827378,,114.97890075308925,144.1494919179135
독  일,유학연수,2026-11-01,464.818274880907,,455.5266643640548,460.1724696224809
독  일,유학연수,2026-12-01,344.82954325991784,,407.6185952516538,376.2240692557858
독  일,유학연수,2027-01-01,357.060049808054,,210.8919304239443,283.97599011599914
독  일,유학연수,2027-02-01,1132.8849693844459,,722.0507779211151,927.4678736527806
독  일,유학연수,2027-03-01,143.99748998076018,,144.30063590332878,144.14906294204448
러시아(연방),공용,2025-04-01,4.577908970422967,,10.47869125991953,7.528300115171248
러시아(연방),공용,2025-05-01,7.790037029325018,,9.365333208868035,8.577685119096527
러시아(연방),공용,2025-06-01,11.598656107775751,,10.592483581585244,11.095569844680497
러시아(연방),공용,2025-07-01,12.793885506263429,,15.363368626261938,14.078627066262683
러시아(연방),공용,2025-08-01,19.36042655047362,,21.922465835610197,20.641446193041908
러시아(연방),공용,2025-09-01,12.435231419212666,,19.433925458977384,15.934578439095025
러시아(연방),공용,2025-10-01,13.197964377325798,,18.540643882171672,15.869304129748734
러시아(연방),공용,2025-11-01,27.036016205461014,,17.61520384775302,22.325610026607016
러시아(연방),공용,2025-12-01,6.417005748577907,,14.173752878451761,10.295379313514834
러시아(연방),공용,2026-01-01,7.0576022089052595,,13.656498206693744,10.357050207799501
러시아(연방),공용,2026-02-01,5.007812727589172,,15.336111611956946,10.17196216977306
러시아(연방),공용,2026-03-01,8.883839249465352,,21.777870393311975,15.330854821388662
러시아(연방),공용,2026-04-01,6.933192584065632,,17.235341500293153,12.084267042179393
러시아(연방),공용,2026-05-01,8.718111022824813,,14.072312547509602,11.395211785167207
러시아(연방),공용,2026-06-01,12.390228731827007,,13.084785818412373,12.73750727511969
러시아(연방),공용,2026-07-01,13.09461020784695,,16.0418834347579,14.568246821302424
러시아(연방),공용,2026-08-01,18.33910390132233,,22.655250599108093,20.49717725021521
러시아(연방),공용,2026-09-01,13.586372620705546,,21.401240670650843,17.493806645678195
러시아(연방),공용,2026-10-01,16.236510384184292,,21.425241405806755,18.830875894995522
러시아(연방),공용,2026-11-01,22.253964376591114,,22.547395273831825,22.40067982521147
러시아(연방),공용,2026-12-01,8.436815180186823,,17.4998403533911,12.968327766788962
러시아(연방),공용,2027-01-01,10.649276930042781,,17.370842786147197,14.010059858094989
러시아(연방),공용,2027-02-01,5.674371262989608,,19.53569645973058,12.605033861360095
러시아(연방),공용,2027-03-01,4.239450944631465,,22.424241927177658,13.331846435904561
러시아(연방),관광,2025-04-01,14652.779399983632,,8991.90269661542,11822.341048299526
러시아(연방),관광,2025-05-01,13680.081661774022,,9753.20569772754,11716.643679750781
러시아(연방),관광,2025-06-01,13924.990459972676,,10211.601968031742,12068.29621400221
러시아(연방),관광,2025-07-01,14596.351063191389,,10366.176766230707,12481.263914711048
러시아(연방),관광,2025-08-01,12334.588069427855,,10059.099640022288,11196.843854725072
러시아(연방),관광,2025-09-01,12553.695123812819,,9305.6009759195,10929.648049866159
러시아(연방),관광,2025-10-01,15253.74740238153,,9134.074945467271,12193.9111739244
러시아(연방),관광,2025-11-01,12899.451406365313,,9456.443981681296,11177.947694023303
러시아(연방),관광,2025-12-01,12135.47604964393,,9524.652912086112,10830.064480865021
러시아(연방),관광,2026-01-01,13218.269960079968,,9159.821362227001,11189.045661153485
러시아(연방),관광,2026-02-01,11401.266051762308,,9595.397162630332,10498.33160719632
러시아(연방),관광,2026-03-01,15230.46129775856,,10665.741986168081,12948.10164196332
러시아(연방),관광,2026-04-01,18444.9525752102,,11409.824363240292,14927.388469225247
러시아(연방),관광,2026-05-01,17536.43735159722,,11882.074550557005,14709.255951077112
러시아(연방),관광,2026-06-01,17219.59241982435,,11890.23016686276,14554.911293343554
러시아(연방),관광,2026-07-01,17854.055064928143,,11653.788395479552,14753.921730203849
러시아(연방),관광,2026-08-01,15678.064109782665,,11151.000811207752,13414.532460495207
러시아(연방),관광,2026-09-01,15709.696039809693,,10333.068153241518,13021.382096525605
러시아(연방),관광,2026-10-01,18655.090258633456,,9907.470721258325,14281.28048994589
러시아(연방),관광,2026-11-01,15314.209042214849,,9918.861282497244,12616.535162356045
러시아(연방),관광,2026-12-01,14991.28769114338,,9756.7115876351,12373.99963938924
러시아(연방),관광,2027-01-01,16660.60685092575,,9347.983500395394,13004.295175660573
러시아(연방),관광,2027-02-01,13352.667551083172,,9694.619628324226,11523.643589703699
러시아(연방),관광,2027-03-01,18215.885245695124,,10918.758169198441,14567.321707446783
러시아(연방),기타,2025-04-01,7915.5909211745,,6935.177275031021,7425.384098102761
러시아(연방),기타,2025-05-01,7878.405599492834,,6810.005386759191,7344.205493126013
러시아(연방),기타,2025-06-01,7429.624456550749,,6325.750172051099,6877.687314300923
러시아(연방),기타,2025-07-01,6853.72543627569,,6110.764951699226,6482.245193987458
러시아(연방),기타,2025-08-01,6861.6006152546,,6041.498516453284,6451.549565853942
러시아(연방),기타,2025-09-01,6802.294754331253,,6114.047745249291,6458.171249790272
러시아(연방),기타,2025-10-01,7588.338974247855,,6335.898578281282,6962.118776264569
러시아(연방),기타,2025-11-01,7340.336181165834,,6419.900555984694,6880.118368575264
러시아(연방),기타,2025-12-01,8643.3213213968,,6746.285452147069,7694.803386771934
러시아(연방),기타,2026-01-01,7995.68196264477,,6409.699882442692,7202.69092254373
러시아(연방),기타,2026-02-01,7099.700532550607,,6350.64774106773,6725.174136809168
러시아(연방),기타,2026-03-01,7908.591850366585,,6466.515487328435,7187.5536688475095
러시아(연방),기타,2026-04-01,9439.986660772272,,7166.847860799522,8303.417260785896
러시아(연방),기타,2026-05-01,9214.885254246488,,7206.8744764694675,8210.879865357978
러시아(연방),기타,2026-06-01,8677.212877959322,,6737.658234881077,7707.4355564202
러시아(연방),기타,2026-07-01,8068.431118705706,,6528.659947838031,7298.545533271868
러시아(연방),기타,2026-08-01,8201.514495264888,,6472.407316550046,7336.960905907466
러시아(연방),기타,2026-09-01,8132.076944042243,,6609.497721337202,7370.7873326897225
러시아(연방),기타,2026-10-01,8828.559681609086,,6762.98201369832,7795.770847653703
러시아(연방),기타,2026-11-01,8428.707032431792,,6755.241687236521,7591.9743598341565
러시아(연방),기타,2026-12-01,9817.664420116447,,7067.866856239132,8442.765638177789
러시아(연방),기타,2027-01-01,9385.975256180416,,6830.7370968843325,8108.356176532374
러시아(연방),기타,2027-02-01,8457.51003023743,,6718.25111576173,7587.88057299958
러시아(연방),기타,2027-03-01,8946.529198226155,,6743.762104039,7845.145651132578
러시아(연방),상용,2025-04-01,117.55258361754868,,112.19947216606485,114.87602789180676
러시아(연방),상용,2025-05-01,106.38218804707297,,109.33485520926814,107.85852162817056
러시아(연방),상용,2025-06-01,99.69941332426717,,105.10929783443447,102.40435557935082
러시아(연방),상용,2025-07-01,89.97245740418015,,100.46408777430966,95.2182725892449
러시아(연방),상용,2025-08-01,89.55634342689969,,117.90091645743561,103.72862994216766
러시아(연방),상용,2025-09-01,97.93183815889446,,140.79729562862565,119.36456689376006
러시아(연방),상용,2025-10-01,152.24019615195766,,128.85966091344423,140.54992853270096
러시아(연방),상용,2025-11-01,136.52391620055454,,126.4674675344319,131.49569186749324
러시아(연방),상용,2025-12-01,94.52612325225896,,126.43027319869566,110.47819822547731
러시아(연방),상용,2026-01-01,89.21339416432811,,143.95812840584688,116.5857612850875
러시아(연방),상용,2026-02-01,89.21075722011572,,136.2583947519858,112.73457598605077
러시아(연방),상용,2026-03-01,109.62832365192119,,133.98780954354575,121.80806659773347
러시아(연방),상용,2026-04-01,130.07145668398738,,133.47293413392896,131.77219540895817
러시아(연방),상용,2026-05-01,121.4022919268866,,128.68729014857695,125.04479103773178
러시아(연방),상용,2026-06-01,106.99940400843221,,122.12221232145842,114.56080816494531
러시아(연방),상용,2026-07-01,100.19648556487974,,115.08867853006907,107.6425820474744
러시아(연방),상용,2026-08-01,98.22020786898108,,131.3542775005661,114.78724268477359
러시아(연방),상용,2026-09-01,108.54520298804918,,153.67243006694326,131.10881652749623
러시아(연방),상용,2026-10-01,167.82300000646745,,141.67895486527456,154.750977435871
러시아(연방),상용,2026-11-01,149.64251784275208,,138.7967693811503,144.2196436119512
러시아(연방),상용,2026-12-01,106.01496692687705,,137.6233844216745,121.81917567427578
러시아(연방),상용,2027-01-01,94.51127124255713,,154.494297531219,124.50278438688807
러시아(연방),상용,2027-02-01,99.7735300036202,,146.3902918172922,123.0819109104562
러시아(연방),상용,2027-03-01,117.39661092298132,,143.70328679383132,130.5499488584063
러시아(연방),유학연수,2025-04-01,70.04907389776017,,177.3292426413927,123.68915826957644
러시아(연방),유학연수,2025-05-01,154.71594808458113,,152.5475924258341,153.6317702552076
러시아(연방),유학연수,2025-06-01,175.6949959727068,,170.28174440579514,172.988370189251
러시아(연방),유학연수,2025-07-01,206.49532879151076,,203.40229276745146,204.9488107794811
러시아(연방),유학연수,2025-08-01,1315.3565861254817,,1289.7850277520156,1302.5708069387488
러시아(연방),유학연수,2025-09-01,356.53294876878147,,425.76060225039635,391.1467755095889
러시아(연방),유학연수,2025-10-01,105.1429317809008,,235.44910295119786,170.29601736604934
러시아(연방),유학연수,2025-11-01,206.89765340004865,,253.89445042565188,230.39605191285028
러시아(연방),유학연수,2025-12-01,206.04636640799407,,291.285449441743,248.66590792486855
러시아(연방),유학연수,2026-01-01,333.34267128642983,,379.88950929693476,356.6160902916823
러시아(연방),유학연수,2026-02-01,946.3355922512551,,748.2208574611643,847.2782248562097
러시아(연방),유학연수,2026-03-01,387.67648907922364,,358.1709968377838,372.9237429585037
러시아(연방),유학연수,2026-04-01,85.38101633186906,,334.4434410638489,209.912228697859
러시아(연방),유학연수,2026-05-01,182.2493638772194,,311.58187539653704,246.9156196368782
러시아(연방),유학연수,2026-06-01,211.7479759485886,,337.16236342487684,274.4551696867327
러시아(연방),유학연수,2026-07-01,242.0978092630532,,361.1473878189297,301.6225985409915
러시아(연방),유학연수,2026-08-01,1530.1401427954736,,1333.3652320893939,1431.7526874424339
러시아(연방),유학연수,2026-09-01,429.5804658416471,,607.8919876598102,518.7362267507286
러시아(연방),유학연수,2026-10-01,122.76000916809852,,381.5830528034836,252.17153098579107
러시아(연방),유학연수,2026-11-01,230.16596887485218,,357.0522665782226,293.6091177265374
러시아(연방),유학연수,2026-12-01,249.89984786963288,,406.14849654387,328.0241722067515
러시아(연방),유학연수,2027-01-01,384.4161342991533,,468.88844989423023,426.6522920966918
러시아(연방),유학연수,2027-02-01,1098.269890606812,,742.0336581562564,920.1517743815341
러시아(연방),유학연수,2027-03-01,442.1560484039128,,526.0971354740104,484.1265919389616
루마니아,공용,2025-04-01,39.96458706675643,,12.32241975912077,26.1435034129386
루마니아,공용,2025-05-01,9.575767692595827,,11.68467575150915,10.63022172205249
루마니아,공용,2025-06-01,6.834009130996577,,10.436419480332122,8.635214305664348
루마니아,공용,2025-07-01,3.596280312422068,,6.90668832941327,5.251484320917669
루마니아,공용,2025-08-01,5.150578025327135,,8.769550895790335,6.960064460558735
루마니아,공용,2025-09-01,55.93203281556744,,22.571665385029142,39.25184910029829
루마니아,공용,2025-10-01,11.798070605857115,,12.412854413638623,12.10546250974787
루마니아,공용,2025-11-01,18.064696814894397,,11.41895870912511,14.741827762009754
루마니아,공용,2025-12-01,9.416610433061168,,10.470169299076112,9.943389866068639
루마니아,공용,2026-01-01,9.926767307552375,,10.551454989692656,10.239111148622516
루마니아,공용,2026-02-01,9.284527508860434,,9.90659934889348,9.595563428876957
루마니아,공용,2026-03-01,15.628113379585432,,10.116706601999125,12.872409990792278
루마니아,공용,2026-04-01,36.177486671466326,,10.538868505819657,23.35817758864299
루마니아,공용,2026-05-01,18.213539466222052,,16.491084801803243,17.35231213401265
루마니아,공용,2026-06-01,12.25381094266179,,14.888521154159928,13.57116604841086
루마니아,공용,2026-07-01,7.294064645271162,,13.102034622686169,10.198049633978666
루마니아,공용,2026-08-01,9.613918687862459,,11.51149157215054,10.5627051300065
루마니아,공용,2026-09-01,54.27141162393029,,29.51656674758089,41.893989185755586
루마니아,공용,2026-10-01,24.131933319855214,,12.52987675281576,18.330905036335487
루마니아,공용,2026-11-01,19.28114245859364,,15.158583349078114,17.219862903835875
루마니아,공용,2026-12-01,10.815068605096217,,10.814151663351318,10.814610134223766
루마니아,공용,2027-01-01,17.05612163645307,,10.987419549676432,14.021770593064751
루마니아,공용,2027-02-01,10.989735440122665,,10.63566488979206,10.812700164957363
루마니아,공용,2027-03-01,23.24838751226332,,11.67938007523962,17.46388379375147
루마니아,관광,2025-04-01,1542.7778784427567,,1548.0340086109745,1545.4059435268655
루마니아,관광,2025-05-01,1269.0538385489006,,983.3003134283813,1126.1770759886408
루마니아,관광,2025-06-01,1007.5249332994397,,567.2724885697294,787.3987109345845
루마니아,관광,2025-07-01,1059.5835746795017,,567.3389399655036,813.4612573225027
루마니아,관광,2025-08-01,1199.6070557237763,,831.6114138131578,1015.6092347684671
루마니아,관광,2025-09-01,1497.0336144675468,,1286.474174139238,1391.7538943033924
루마니아,관광,2025-10-01,1706.293443837334,,1435.9084962887227,1571.1009700630284
루마니아,관광,2025-11-01,1145.9753008880189,,715.0181626453398,930.4967317666793
루마니아,관광,2025-12-01,832.6843087104724,,427.397941621558,630.0411251660151
루마니아,관광,2026-01-01,721.2219642648662,,358.611012429891,539.9164883473786
루마니아,관광,2026-02-01,744.0034438795727,,400.3209115523669,572.1621777159698
루마니아,관광,2026-03-01,1588.0267494664001,,1322.262985050709,1455.1448672585545
루마니아,관광,2026-04-01,1866.572116823113,,1583.490519699348,1725.0313182612304
루마니아,관광,2026-05-01,1554.8855215156161,,1057.995509696182,1306.440515605899
루마니아,관광,2026-06-01,1329.522683926012,,589.1754998551821,959.349091890597
루마니아,관광,2026-07-01,1340.595960909074,,560.4821213448497,950.5390411269618
루마니아,관광,2026-08-01,1466.4754303882412,,789.9324071633843,1128.2039187758128
루마니아,관광,2026-09-01,1837.4845567027483,,1241.4645429861148,1539.4745498444315
루마니아,관광,2026-10-01,1954.6345708307783,,1450.0652570864634,1702.3499139586208
루마니아,관광,2026-11-01,1452.3280717593993,,747.3212243896103,1099.8246480745047
루마니아,관광,2026-12-01,988.8983285103178,,430.88894634724676,709.8936374287823
루마니아,관광,2027-01-01,945.1114183444533,,362.12484241741,653.6181303809317
루마니아,관광,2027-02-01,941.6057138780197,,393.88174916566265,667.7437315218413
루마니아,관광,2027-03-01,1808.2089518305704,,1304.6529795725035,1556.430965701537
루마니아,기타,2025-04-01,488.7743496437393,,408.2871173197379,448.5307334817386
루마니아,기타,2025-05-01,468.0992646177217,,428.3532019185006,448.2262332681112
루마니아,기타,2025-06-01,478.12702737746577,,433.34801255990203,455.7375199686839
루마니아,기타,2025-07-01,502.54661680964716,,430.31346004862087,466.430038429134
루마니아,기타,2025-08-01,527.9612848986276,,466.3282249979057,497.1447549482666
루마니아,기타,2025-09-01,516.1290181965985,,488.0004443905018,502.06473129355015
루마니아,기타,2025-10-01,543.7666085547877,,470.8924328651881,507.3295207099879
루마니아,기타,2025-11-01,437.55052375288307,,451.0060761141278,444.2782999335054
루마니아,기타,2025-12-01,404.43546957571215,,439.6711619325884,422.0533157541503
루마니아,기타,2026-01-01,461.01332434455924,,473.39034694322896,467.2018356438941
루마니아,기타,2026-02-01,412.2027953192323,,496.1026584186955,454.1527268689639
루마니아,기타,2026-03-01,523.202456514667,,520.1509117580072,521.6766841363371
루마니아,기타,2026-04-01,586.5011407430264,,524.4435658190349,555.4723532810307
루마니아,기타,2026-05-01,549.4540596390486,,521.9148226339802,535.6844411365144
루마니아,기타,2026-06-01,550.0007033376403,,515.9256227261126,532.9631630318764
루마니아,기타,2026-07-01,568.4650658845693,,522.2179758504083,545.3415208674887
루마니아,기타,2026-08-01,640.7643358566879,,554.661749432715,597.7130426447015
루마니아,기타,2026-09-01,605.7428398383441,,563.1312752341139,584.4370575362291
루마니아,기타,2026-10-01,633.4413190861106,,537.3292411779871,585.3852801320488
루마니아,기타,2026-11-01,506.39670703597346,,497.8088069225008,502.10275697923714
루마니아,기타,2026-12-01,467.85345595325134,,456.750890783921,462.3021733685862
루마니아,기타,2027-01-01,522.5421801314433,,453.95878992408285,488.25048502776303
루마니아,기타,2027-02-01,465.68858873866265,,410.12476559246494,437.9066771655638
루마니아,기타,2027-03-01,610.9134015665002,,442.41876736502843,526.6660844657642
루마니아,상용,2025-04-01,10.580464734377387,,10.275278844887847,10.427871789632617
루마니아,상용,2025-05-01,12.1960020505873,,10.003724429155508,11.099863239871404
루마니아,상용,2025-06-01,12.340796561688741,,9.337485915478586,10.839141238583665
루마니아,상용,2025-07-01,9.983956117583427,,8.359352948028997,9.171654532806212
루마니아,상용,2025-08-01,15.73176628797525,,11.900819492787532,13.81629289038139
루마니아,상용,2025-09-01,12.805687623203221,,14.091882193172342,13.448784908187783
루마니아,상용,2025-10-01,11.572234354968348,,9.489266321064807,10.530750338016578
루마니아,상용,2025-11-01,8.726845851254012,,7.435751424129427,8.08129863769172
루마니아,상용,2025-12-01,8.628988686550159,,8.069124160314608,8.349056423432383
루마니아,상용,2026-01-01,18.91767340206544,,16.32557104898897,17.621622225527204
루마니아,상용,2026-02-01,10.014305768386667,,11.180408381278527,10.597357074832598
루마니아,상용,2026-03-01,12.938037889521448,,10.25996444188218,11.599001165701814
루마니아,상용,2026-04-01,12.384437462067154,,10.645127231231175,11.514782346649165
루마니아,상용,2026-05-01,14.114180854458128,,10.482708105536727,12.298444479997428
루마니아,상용,2026-06-01,13.76546232737037,,9.827092198554565,11.796277262962468
루마니아,상용,2026-07-01,11.427558585817625,,9.033513245457897,10.23053591563776
루마니아,상용,2026-08-01,18.027443336774667,,13.2123195950861,15.619881465930384
루마니아,상용,2026-09-01,15.459145064739031,,14.373855542053201,14.916500303396116
루마니아,상용,2026-10-01,12.420312458973465,,10.452588268545478,11.436450363759471
루마니아,상용,2026-11-01,10.023972310556264,,8.519029141060136,9.271500725808199
루마니아,상용,2026-12-01,9.807331830794315,,9.097128357293709,9.452230094044012
루마니아,상용,2027-01-01,21.292386430378535,,17.58070498076865,19.436545705573593
루마니아,상용,2027-02-01,11.593285247795837,,12.259315791352709,11.926300519574273
루마니아,상용,2027-03-01,14.25278985725177,,11.97537571979099,13.11408278852138
루마니아,유학연수,2025-04-01,3.1740180028644454,,7.350070420941291,5.262044211902868
루마니아,유학연수,2025-05-01,6.113647848191213,,7.645267019785135,6.879457433988174
루마니아,유학연수,2025-06-01,4.6567595625908975,,9.193427916682623,6.92509373963676
루마니아,유학연수,2025-07-01,11.716501630981991,,11.693338927009393,11.704920278995692
루마니아,유학연수,2025-08-01,50.60820569013997,,33.20147343415452,41.904839562147245
루마니아,유학연수,2025-09-01,8.685062906738546,,13.538451434881276,11.111757170809911
루마니아,유학연수,2025-10-01,5.3245440787626475,,8.882868143217397,7.103706110990022
루마니아,유학연수,2025-11-01,5.378034177966697,,8.045999042608342,6.712016610287519
루마니아,유학연수,2025-12-01,7.037156576680566,,13.48727339422081,10.262214985450688
루마니아,유학연수,2026-01-01,15.845119724222927,,15.116540831179483,15.480830277701205
루마니아,유학연수,2026-02-01,40.994649994108336,,28.88004524812446,34.9373476211164
루마니아,유학연수,2026-03-01,6.981821609868903,,20.379149961340374,13.680485785604638
루마니아,유학연수,2026-04-01,3.532344656388675,,11.608506512465757,7.570425584427216
루마니아,유학연수,2026-05-01,7.5792626757495665,,9.626758941590893,8.60301080867023
루마니아,유학연수,2026-06-01,5.530993103696653,,11.30001862019247,8.415505861944562
루마니아,유학연수,2026-07-01,13.233893598528011,,14.197230524444246,13.715562061486128
루마니아,유학연수,2026-08-01,57.065286331470716,,35.66657473345889,46.3659305324648
루마니아,유학연수,2026-09-01,9.670525762236347,,18.65057831235096,14.160552037293652
루마니아,유학연수,2026-10-01,5.651740434229112,,16.088250769090386,10.869995601659749
루마니아,유학연수,2026-11-01,7.021984748001657,,14.384714936447411,10.703349842224533
루마니아,유학연수,2026-12-01,6.9432922611388435,,21.571669525255594,14.257480893197219
루마니아,유학연수,2027-01-01,18.12802216709837,,17.015341048229075,17.57168160766372
루마니아,유학연수,2027-02-01,47.274473142724865,,27.30963515655597,37.29205414964042
루마니아,유학연수,2027-03-01,6.173606442861456,,21.973102241910155,14.073354342385805
말레이시아,공용,2025-04-01,12.158821445855834,,12.360920684704109,12.25987106527997
말레이시아,공용,2025-05-01,15.500750690474678,,12.752844602336815,14.126797646405747
말레이시아,공용,2025-06-01,13.291997437862078,,13.911214391616529,13.601605914739302
말레이시아,공용,2025-07-01,19.564888455415204,,15.213214290167656,17.389051372791428
말레이시아,공용,2025-08-01,18.1009668103265,,17.030152976738435,17.565559893532466
말레이시아,공용,2025-09-01,21.434639984005205,,18.792724278820668,20.113682131412936
말레이시아,공용,2025-10-01,20.0332003369974,,20.06824362161066,20.05072197930403
말레이시아,공용,2025-11-01,27.4144528193367,,20.421299982717045,23.917876401026874
말레이시아,공용,2025-12-01,17.45902479544279,,19.68611897115555,18.57257188329917
말레이시아,공용,2026-01-01,19.485615939704548,,18.747719292130185,19.116667615917365
말레이시아,공용,2026-02-01,17.92521774333115,,16.72357377772561,17.32439576052838
말레이시아,공용,2026-03-01,15.207602595557464,,14.645611483062666,14.926607039310065
말레이시아,공용,2026-04-01,14.932001345007016,,13.564066396559241,14.248033870783129
말레이시아,공용,2026-05-01,16.639198896059753,,13.50771237248344,15.073455634271596
말레이시아,공용,2026-06-01,15.878516642508162,,14.24662750115036,15.062572071829262
말레이시아,공용,2026-07-01,22.586062248135217,,15.357974307347718,18.97201827774147
말레이시아,공용,2026-08-01,26.387483706305556,,17.192721533054357,21.790102619679956
말레이시아,공용,2026-09-01,23.798285017195372,,18.882403677075025,21.3403443471352
말레이시아,공용,2026-10-01,27.444935322902015,,19.886193454617757,23.665564388759886
말레이시아,공용,2026-11-01,28.746656949298142,,20.252826780650874,24.49974186497451
말레이시아,공용,2026-12-01,20.15186454611069,,19.65701028999072,19.904437418050705
말레이시아,공용,2027-01-01,24.328090346196028,,18.767857801290265,21.54797407374315
말레이시아,공용,2027-02-01,21.61101796240607,,16.798944906593082,19.204981434499576
말레이시아,공용,2027-03-01,19.977755214654096,,14.706489390543158,17.342122302598625
말레이시아,관광,2025-04-01,37821.238965548684,,29807.896039840198,33814.56750269444
말레이시아,관광,2025-05-01,28196.55813931048,,21906.762779923374,25051.660459616927
말레이시아,관광,2025-06-01,18782.695861105072,,12623.630658240309,15703.16325967269
말레이시아,관광,2025-07-01,12911.352676636117,,7993.113745714488,10452.233211175302
말레이시아,관광,2025-08-01,14098.003871411924,,11093.830893310751,12595.917382361338
말레이시아,관광,2025-09-01,27721.52955789287,,21823.63463986696,24772.582098879917
말레이시아,관광,2025-10-01,40329.344370918494,,29518.46998890765,34923.907179913076
말레이시아,관광,2025-11-01,41456.55986419515,,30552.681928063852,36004.620896129505
말레이시아,관광,2025-12-01,53661.86680669224,,35051.379770484156,44356.6232885882
말레이시아,관광,2026-01-01,25348.267345625187,,16669.84314090258,21009.055243263883
말레이시아,관광,2026-02-01,27597.525166677366,,19740.069007930055,23668.797087303712
말레이시아,관광,2026-03-01,37809.81288481155,,26446.546326636395,32128.179605723974
말레이시아,관광,2026-04-01,46997.832603833194,,30361.72128265074,38679.77694324197
말레이시아,관광,2026-05-01,33566.85126031389,,23539.42973816976,28553.140499241825
말레이시아,관광,2026-06-01,25315.315374447357,,14018.707565552028,19667.011469999692
말레이시아,관광,2026-07-01,16195.457912128808,,9142.116664837544,12668.787288483176
말레이시아,관광,2026-08-01,19086.106992509718,,11993.85486097435,15539.980926742035
말레이시아,관광,2026-09-01,32422.2121281713,,23203.965688230637,27813.088908200967
말레이시아,관광,2026-10-01,47782.68966555202,,30749.564365039572,39266.127015295795
말레이시아,관광,2026-11-01,51633.254719120196,,31867.750990357126,41750.50285473866
말레이시아,관광,2026-12-01,67938.20877025773,,36538.76396429841,52238.48636727806
말레이시아,관광,2027-01-01,28580.295841519488,,17467.794140101963,23024.044990810726
말레이시아,관광,2027-02-01,33355.970008683056,,20261.74095157889,26808.855480130973
말레이시아,관광,2027-03-01,46705.51851298948,,27169.731851944518,36937.625182467
말레이시아,기타,2025-04-01,2823.40592635963,,2436.598075139843,2630.0020007497365
말레이시아,기타,2025-05-01,3054.7367144945083,,2465.4773753966797,2760.1070449455938
말레이시아,기타,2025-06-01,3020.8059607026207,,2473.2630635531596,2747.03451212789
말레이시아,기타,2025-07-01,3164.074955086925,,2470.1924861431044,2817.1337206150147
말레이시아,기타,2025-08-01,3277.7966008414232,,2582.9959220048227,2930.396261423123
말레이시아,기타,2025-09-01,3279.618150888398,,2608.7101000493326,2944.164125468865
말레이시아,기타,2025-10-01,3231.181434900687,,2476.590687154607,2853.886061027647
말레이시아,기타,2025-11-01,3209.4345655454003,,2362.7914382820463,2786.1130019137236
말레이시아,기타,2025-12-01,3335.8574456108117,,2412.096512503228,2873.97697905702
말레이시아,기타,2026-01-01,3491.1101610043224,,2570.5476569172843,3030.8289089608033
말레이시아,기타,2026-02-01,3354.8484644276323,,2408.5640552180143,2881.706259822823
말레이시아,기타,2026-03-01,3332.425974603691,,2105.9467871688103,2719.186380886251
말레이시아,기타,2026-04-01,3530.1816557589254,,2009.835730158795,2770.00869295886
말레이시아,기타,2026-05-01,3711.672179172261,,1905.7037475637085,2808.6879633679846
말레이시아,기타,2026-06-01,3765.5158496500508,,1824.081259785411,2794.798554717731
말레이시아,기타,2026-07-01,3883.7676342407776,,1783.7272568909357,2833.7474455658567
말레이시아,기타,2026-08-01,4100.216971741752,,1935.8649853731813,3018.0409785574666
말레이시아,기타,2026-09-01,3976.4560891737706,,2036.6584199036859,3006.557254538728
말레이시아,기타,2026-10-01,3950.484984048651,,1962.3340759510377,2956.4095299998444
말레이시아,기타,2026-11-01,3833.309586348166,,1879.215960891775,2856.26277361997
말레이시아,기타,2026-12-01,3985.026584063085,,1977.3710371667046,2981.1988106148947
말레이시아,기타,2027-01-01,4275.71114864035,,2170.1443947768703,3222.92777170861
말레이시아,기타,2027-02-01,4046.0314846331526,,2073.3561415429376,3059.6938130880453
말레이시아,기타,2027-03-01,3937.76483968935,,1965.59197577307,2951.67840773121
말레이시아,상용,2025-04-01,114.3737808110224,,114.36933366696843,114.37155723899542
말레이시아,상용,2025-05-01,136.3240355459189,,119.99652921385977,128.16028237988934
말레이시아,상용,2025-06-01,121.17424159351287,,123.85034538425194,122.5122934888824
말레이시아,상용,2025-07-01,117.99835151514975,,125.12675170122894,121.56255160818935
말레이시아,상용,2025-08-01,147.61296203051432,,143.13065740605606,145.3718097182852
말레이시아,상용,2025-09-01,150.00788905904855,,160.9297565050124,155.4688227820305
말레이시아,상용,2025-10-01,140.68038734199652,,152.60170398685085,146.6410456644237
말레이시아,상용,2025-11-01,129.83221701410793,,139.47061171884687,134.6514143664774
말레이시아,상용,2025-12-01,129.92174845633357,,138.99739185654943,134.4595701564415
말레이시아,상용,2026-01-01,143.74005092298026,,171.21864290133064,157.47934691215545
말레이시아,상용,2026-02-01,172.30886533138755,,166.7423674242086,169.5256163777981
말레이시아,상용,2026-03-01,144.14123149829643,,156.8334399793762,150.48733573883632
말레이시아,상용,2026-04-01,139.55353284507072,,162.87542635340904,151.2144795992399
말레이시아,상용,2026-05-01,163.5278309553366,,171.6074392621154,167.567635108726
말레이시아,상용,2026-06-01,147.20645747573454,,179.87444556692571,163.5404515213301
말레이시아,상용,2026-07-01,134.79603944137668,,187.1230291078357,160.9595342746062
말레이시아,상용,2026-08-01,184.65619947294863,,215.14141823172548,199.89880885233705
말레이시아,상용,2026-09-01,172.04436837474782,,233.8307373724454,202.93755287359662
말레이시아,상용,2026-10-01,177.89022592948544,,219.29126988207122,198.59074790577833
말레이시아,상용,2026-11-01,160.38288826673556,,202.46593484103565,181.4244115538856
말레이시아,상용,2026-12-01,148.53876557192058,,198.78576383369352,173.66226470280705
말레이시아,상용,2027-01-01,163.0893761820043,,224.85954700276193,193.9744615923831
말레이시아,상용,2027-02-01,198.6939172371031,,214.0565304898637,206.3752238634834
말레이시아,상용,2027-03-01,181.35391926014344,,198.9884993934044,190.17120932677392
말레이시아,유학연수,2025-04-01,46.91535799702362,,58.71373648211659,52.8145472395701
말레이시아,유학연수,2025-05-01,71.6284601851824,,74.902566479957,73.2655133325697
말레이시아,유학연수,2025-06-01,98.9550782234489,,97.83826682810661,98.39667252577775
말레이시아,유학연수,2025-07-01,127.68627075172215,,133.48031845208197,130.58329460190205
말레이시아,유학연수,2025-08-01,848.1061792119559,,724.7842572577024,786.4452182348291
말레이시아,유학연수,2025-09-01,266.04909615688746,,359.68153321076437,312.8653146838259
말레이시아,유학연수,2025-10-01,59.88921845057601,,74.9800180658547,67.43461825821535
말레이시아,유학연수,2025-11-01,75.64601945593131,,85.31759651145552,80.48180798369341
말레이시아,유학연수,2025-12-01,96.12254785273191,,96.97230522080497,96.54742653676844
말레이시아,유학연수,2026-01-01,154.96932398070118,,140.681954763892,147.8256393722966
말레이시아,유학연수,2026-02-01,875.7102954056132,,628.8677918870341,752.2890436463236
말레이시아,유학연수,2026-03-01,290.0825591885991,,324.26322484442176,307.17289201651045
말레이시아,유학연수,2026-04-01,38.25201752506798,,78.74531891181805,58.498668218443015
말레이시아,유학연수,2026-05-01,76.22301367257698,,80.70058906005482,78.46180136631591
말레이시아,유학연수,2026-06-01,117.7978218507194,,98.98910561958309,108.39346373515124
말레이시아,유학연수,2026-07-01,151.5982858435598,,138.87076168459578,145.23452376407778
말레이시아,유학연수,2026-08-01,999.6994138695405,,706.1914195800298,852.9454167247852
말레이시아,유학연수,2026-09-01,314.32895931488144,,377.2464913011743,345.78772530802786
말레이시아,유학연수,2026-10-01,61.16295977095398,,81.83652708212827,71.49974342654113
말레이시아,유학연수,2026-11-01,80.64990603277528,,85.25930522829462,82.95460563053496
말레이시아,유학연수,2026-12-01,110.74990723060742,,98.79580840208425,104.77285781634583
말레이시아,유학연수,2027-01-01,173.62931891511204,,143.44924593678525,158.53928242594864
말레이시아,유학연수,2027-02-01,1017.4919364144571,,617.5100628052613,817.5009996098593
말레이시아,유학연수,2027-03-01,350.16008510546635,,301.42329308847366,325.79168909697
멕시코,공용,2025-04-01,9.586823452662376,,6.713508504201194,8.150165978431785
멕시코,공용,2025-05-01,10.279246319393415,,5.321102350861169,7.800174335127292
멕시코,공용,2025-06-01,7.172086710475593,,4.737996233871845,5.955041472173719
멕시코,공용,2025-07-01,6.484773861689702,,4.282483614768611,5.383628738229157
멕시코,공용,2025-08-01,11.457500289078046,,7.132509959306111,9.295005124192079
멕시코,공용,2025-09-01,9.73080309726879,,7.765803146474705,8.748303121871748
멕시코,공용,2025-10-01,8.543574490177607,,7.429591065795657,7.986582777986632
멕시코,공용,2025-11-01,12.900815585888685,,7.3825609467690265,10.141688266328856
멕시코,공용,2025-12-01,6.531740862509338,,7.4539592054398245,6.992850033974581
멕시코,공용,2026-01-01,12.64568390960002,,8.819562335417594,10.732623122508807
멕시코,공용,2026-02-01,5.019434819261422,,6.254062176198085,5.636748497729753
멕시코,공용,2026-03-01,7.749090044881117,,6.304407881564237,7.026748963222677
멕시코,공용,2026-04-01,10.130455076578185,,6.6170154901700915,8.373735283374138
멕시코,공용,2026-05-01,12.38520877027329,,5.845952635211198,9.115580702742243
멕시코,공용,2026-06-01,6.538543494154965,,6.094259301220598,6.316401397687781
멕시코,공용,2026-07-01,8.068398519943822,,6.308854991614384,7.188626755779103
멕시코,공용,2026-08-01,12.436789529870033,,7.6621928483037784,10.049491189086906
멕시코,공용,2026-09-01,11.73244966073055,,8.703499064142765,10.217974362436657
멕시코,공용,2026-10-01,10.188572106529877,,7.828366645506867,9.008469376018372
멕시코,공용,2026-11-01,13.389570703812097,,7.836544677658553,10.613057690735324
멕시코,공용,2026-12-01,6.274594086799771,,7.694619655441532,6.9846068711206515
멕시코,공용,2027-01-01,14.569336851335397,,9.088639561273562,11.82898820630448
멕시코,공용,2027-02-01,6.320083867612073,,6.358715251121939,6.339399559367006
멕시코,공용,2027-03-01,8.589507976213746,,6.696540085889719,7.643024031051732
멕시코,관광,2025-04-01,4766.2338327018515,,4141.4622688019745,4453.8480507519125
멕시코,관광,2025-05-01,3787.343042375618,,4125.840571689767,3956.5918070326925
멕시코,관광,2025-06-01,3864.137901094244,,4164.008851527525,4014.0733763108847
멕시코,관광,2025-07-01,5891.10502784845,,4141.272694080729,5016.188860964589
멕시코,관광,2025-08-01,7427.014363018417,,3530.4045896450516,5478.709476331735
멕시코,관광,2025-09-01,7894.0723211536515,,3018.109647322998,5456.090984238324
멕시코,관광,2025-10-01,11089.73051064042,,3311.496453723002,7200.613482181711
멕시코,관광,2025-11-01,7277.05772054919,,3840.518376404412,5558.788048476801
멕시코,관광,2025-12-01,4959.229994192908,,3522.242344702493,4240.7361694477
멕시코,관광,2026-01-01,3756.149695469634,,3196.0243846259505,3476.0870400477925
멕시코,관광,2026-02-01,3600.44237998993,,3202.429362989507,3401.4358714897185
멕시코,관광,2026-03-01,5937.75787292123,,3142.22501433394,4539.991443627585
멕시코,관광,2026-04-01,6623.603832309667,,3098.898508803886,4861.251170556777
멕시코,관광,2026-05-01,4814.36842033206,,3054.4270118080453,3934.3977160700524
멕시코,관광,2026-06-01,5011.985846232609,,2999.9685420159653,4005.977194124287
멕시코,관광,2026-07-01,8442.375381370168,,2925.3054204578793,5683.840400914023
멕시코,관광,2026-08-01,8226.086591319188,,2759.9048919310267,5492.995741625107
멕시코,관광,2026-09-01,9444.894784447326,,2220.5068843753843,5832.700834411355
멕시코,관광,2026-10-01,14890.643551077073,,1498.5703736382784,8194.606962357677
멕시코,관광,2026-11-01,8797.560495568967,,1122.7706360569473,4960.165565812957
멕시코,관광,2026-12-01,6620.665205017602,,1079.0336343634135,3849.8494196905076
멕시코,관광,2027-01-01,4921.558742327338,,824.7252123445993,2873.141977335969
멕시코,관광,2027-02-01,3887.4324120308834,,184.79859081154552,2036.1155014212145
멕시코,관광,2027-03-01,6951.240045759324,,47.14186730435654,3499.19095653184
멕시코,기타,2025-04-01,508.04658778063475,,800.417406053994,654.2319969173144
멕시코,기타,2025-05-01,549.2757876888569,,737.9840422634504,643.6299149761537
멕시코,기타,2025-06-01,516.3732758370454,,678.1204466104064,597.2468612237259
멕시코,기타,2025-07-01,571.4950714061769,,650.1458130120909,610.820442209134
멕시코,기타,2025-08-01,711.0681540309866,,680.5321341746471,695.8001441028168
멕시코,기타,2025-09-01,629.2495489602467,,548.220403561457,588.7349762608519
멕시코,기타,2025-10-01,710.96079466929,,577.7651290982351,644.3629618837625
멕시코,기타,2025-11-01,578.112212216081,,559.5022163722368,568.8072142941589
멕시코,기타,2025-12-01,536.9709202377052,,525.961662505438,531.4662913715715
멕시코,기타,2026-01-01,584.6346705830531,,604.2572987551847,594.4459846691188
멕시코,기타,2026-02-01,618.6846269287657,,488.12485634997097,553.4047416393684
멕시코,기타,2026-03-01,654.5081161593439,,382.2223572870589,518.3652367232014
멕시코,기타,2026-04-01,633.4869430480413,,293.1363878991156,463.3116654735785
멕시코,기타,2026-05-01,662.9737994508265,,229.0002147848185,445.9870071178225
멕시코,기타,2026-06-01,623.5113672384874,,170.60028052077823,397.05582387963284
멕시코,기타,2026-07-01,678.6294426192866,,136.97742949899916,407.8034360591429
멕시코,기타,2026-08-01,828.351198120513,,251.35879709424935,539.8549976073812
멕시코,기타,2026-09-01,728.252005692283,,207.79356596707254,468.0227858296778
멕시코,기타,2026-10-01,865.312066157961,,271.93378411186126,568.6229251349112
멕시코,기타,2026-11-01,698.8803747651153,,257.5786743808484,478.22952457298186
멕시코,기타,2026-12-01,631.7817351198718,,223.66653789018147,427.72413650502665
멕시코,기타,2027-01-01,695.9924109476898,,240.8471374079502,468.41977417782
멕시코,기타,2027-02-01,679.783237231272,,277.5842083893192,478.6837228102956
멕시코,기타,2027-03-01,766.1024321803077,,288.20814160974174,527.1552868950247
멕시코,상용,2025-04-01,6.532191138256924,,5.475071356357633,6.003631247307279
멕시코,상용,2025-05-01,6.1111522638258435,,5.257235018679484,5.684193641252664
멕시코,상용,2025-06-01,7.601651886782962,,5.212310064588642,6.406980975685802
멕시코,상용,2025-07-01,6.97268648556352,,5.229604031133693,6.101145258348607
멕시코,상용,2025-08-01,7.323630840022051,,5.973605971934039,6.648618405978045
멕시코,상용,2025-09-01,8.019846366690482,,7.429640055010108,7.724743210850295
멕시코,상용,2025-10-01,9.10266807552312,,6.979005193809307,8.040836634666213
멕시코,상용,2025-11-01,7.181917348622406,,5.411928168720117,6.296922758671261
멕시코,상용,2025-12-01,6.706531713969809,,4.352652979452047,5.529592346710928
멕시코,상용,2026-01-01,13.319226493044843,,5.384762260702555,9.351994376873698
멕시코,상용,2026-02-01,4.766850641773502,,4.396487117791291,4.581668879782397
멕시코,상용,2026-03-01,11.370561727807374,,4.195009481154212,7.782785604480793
멕시코,상용,2026-04-01,6.865797668970064,,3.8195622478816427,5.342679958425853
멕시코,상용,2026-05-01,7.689209224031802,,3.614834553798139,5.6520218889149705
멕시코,상용,2026-06-01,9.037488276693644,,3.6044700365415077,6.320979156617575
멕시코,상용,2026-07-01,8.971039711672232,,3.606680342711562,6.288860027191896
멕시코,상용,2026-08-01,8.435750969676691,,4.235837493117158,6.335794231396925
멕시코,상용,2026-09-01,10.885094092563738,,5.65415172135612,8.26962290695993
멕시코,상용,2026-10-01,9.161433570255129,,5.469925235665633,7.315679402960381
멕시코,상용,2026-11-01,8.565351829877285,,4.456230589789599,6.510791209833442
멕시코,상용,2026-12-01,8.632505493324164,,3.2982630892486604,5.965384291286412
멕시코,상용,2027-01-01,15.445977355559751,,4.13116081815124,9.788569086855496
멕시코,상용,2027-02-01,5.921859981805037,,3.955350150781957,4.938605066293497
멕시코,상용,2027-03-01,13.798449498600345,,4.129258077243518,8.96385378792193
멕시코,유학연수,2025-04-01,19.0961871708674,,45.16170296006761,32.128945065467505
멕시코,유학연수,2025-05-01,67.63839521623257,,58.47944097711677,63.05891809667467
멕시코,유학연수,2025-06-01,61.438583093447455,,58.65768268991985,60.04813289168365
멕시코,유학연수,2025-07-01,83.44988591795646,,74.69125402430696,79.0705699711317
멕시코,유학연수,2025-08-01,342.9260630632426,,259.2348630353985,301.08046304932054
멕시코,유학연수,2025-09-01,39.7565839806878,,15.94135025440476,27.84896711754628
멕시코,유학연수,2025-10-01,24.70906628742975,,22.753015301002716,23.731040794216234
멕시코,유학연수,2025-11-01,66.58525414883063,,46.43690797548756,56.51108106215909
멕시코,유학연수,2025-12-01,73.88787206661873,,55.26652939096188,64.5772007287903
멕시코,유학연수,2026-01-01,95.41376025808408,,56.70273045823986,76.05824535816197
멕시코,유학연수,2026-02-01,283.04868280127545,,158.49711125594348,220.77289702860946
멕시코,유학연수,2026-03-01,35.840688053254205,,42.15844937814861,38.99956871570141
멕시코,유학연수,2026-04-01,22.442627515535328,,33.7728206859568,28.107724100746065
멕시코,유학연수,2026-05-01,75.22910249623203,,48.61593443971849,61.92251846797526
멕시코,유학연수,2026-06-01,71.46736849772222,,58.03148348759066,64.74942599265644
멕시코,유학연수,2026-07-01,102.20075565318936,,72.49875730823587,87.34975648071261
멕시코,유학연수,2026-08-01,383.6241311169775,,214.5207092067542,299.0724201618658
멕시코,유학연수,2026-09-01,41.97240625576052,,15.215743409575737,28.594074832668127
멕시코,유학연수,2026-10-01,27.205135332642897,,20.067409937669527,23.63627263515621
멕시코,유학연수,2026-11-01,78.08097511540244,,43.11810690631623,60.59954101085933
멕시코,유학연수,2026-12-01,86.0930720821196,,49.67059058316312,67.88183133264135
멕시코,유학연수,2027-01-01,105.14567179003878,,56.28520282274459,80.71543730639168
멕시코,유학연수,2027-02-01,320.62011436916373,,180.92104904303034,250.77058170609703
멕시코,유학연수,2027-03-01,36.76787833806434,,35.47523078140864,36.121554559736495
몽  골,공용,2025-04-01,321.2376995616605,,240.18881900196135,280.7132592818109
몽  골,공용,2025-05-01,334.18457099478303,,226.7667618920703,280.4756664434267
몽  골,공용,2025-06-01,275.3720491358491,,211.90812041176196,243.64008477380554
몽  골,공용,2025-07-01,249.97900603558472,,198.14072727485853,224.05986665522164
몽  골,공용,2025-08-01,255.0842241389519,,212.44232679724672,233.76327546809932
몽  골,공용,2025-09-01,334.54556434108866,,253.54973266953562,294.04764850531217
몽  골,공용,2025-10-01,389.31267122523116,,313.99384441168917,351.65325781846013
몽  골,공용,2025-11-01,450.33073202556017,,318.03717727787887,384.18395465171955
몽  골,공용,2025-12-01,378.21468964311526,,253.55749629316526,315.88609296814025
몽  골,공용,2026-01-01,339.73867772740545,,237.32072134390205,288.5296995356538
몽  골,공용,2026-02-01,343.5387043100075,,253.60653507659737,298.57261969330244
몽  골,공용,2026-03-01,407.08891737124895,,262.18967237263377,334.6392948719414
몽  골,공용,2026-04-01,381.1090397915999,,244.21734681843873,312.6631933050193
몽  골,공용,2026-05-01,406.2542557428675,,226.42472285385918,316.33948929836333
몽  골,공용,2026-06-01,340.2169471762186,,209.6763258923999,274.9466365343092
몽  골,공용,2026-07-01,300.5451665600564,,195.51016980995698,248.0276681850067
몽  골,공용,2026-08-01,312.4185190868359,,210.27008217561414,261.344300631225
몽  골,공용,2026-09-01,401.1663384335105,,251.82399453127417,326.49516648239234
몽  골,공용,2026-10-01,476.9852096193858,,312.9017561211373,394.9434828702615
몽  골,공용,2026-11-01,538.5769794290078,,318.49472082376093,428.5358501263844
몽  골,공용,2026-12-01,433.0083413037477,,255.30709835036916,344.15771982705843
몽  골,공용,2027-01-01,412.44801252004606,,239.1869897048307,325.8175011124384
몽  골,공용,2027-02-01,409.0088718292408,,255.2290225155659,332.11894717240335
몽  골,공용,2027-03-01,491.9527923247182,,263.3162691459722,377.6345307353452
몽  골,기타,2025-04-01,937.543445555988,,784.2105798040664,860.8770126800272
몽  골,기타,2025-05-01,873.2309124175575,,907.4033445107598,890.3171284641587
몽  골,기타,2025-06-01,921.3909081828759,,1101.3274458026879,1011.3591769927818
몽  골,기타,2025-07-01,1284.271175006403,,1270.1776505348712,1277.2244127706372
몽  골,기타,2025-08-01,2049.484550460115,,1542.3326821741757,1795.9086163171453
몽  골,기타,2025-09-01,1562.3137026709433,,1258.357379382217,1410.3355410265801
몽  골,기타,2025-10-01,1156.738687839035,,700.2057740916505,928.4722309653428
몽  골,기타,2025-11-01,1083.0464933714222,,665.0117278050432,874.0291105882327
몽  골,기타,2025-12-01,1039.9370010114555,,666.8069991548656,853.3720000831606
몽  골,기타,2026-01-01,1358.2720056734909,,1016.6310602723479,1187.4515329729193
몽  골,기타,2026-02-01,1345.5859822637676,,720.1186569225688,1032.8523195931682
몽  골,기타,2026-03-01,1342.5786629466027,,662.4698709872905,1002.5242669669466
몽  골,기타,2026-04-01,1103.0926039295389,,641.0447682009619,872.0686860652504
몽  골,기타,2026-05-01,1058.6854906561614,,660.3745406997456,859.5300156779535
몽  골,기타,2026-06-01,1156.4762201160388,,699.880946193959,928.1785831549989
몽  골,기타,2026-07-01,1538.7134339511915,,763.1855254630239,1150.9494797071077
몽  골,기타,2026-08-01,2551.6981337484604,,1011.5854446759419,1781.641789212201
몽  골,기타,2026-09-01,1816.2931079863408,,923.8179555611109,1370.0555317737258
몽  골,기타,2026-10-01,1382.043527479378,,673.5959783555913,1027.8197529174847
몽  골,기타,2026-11-01,1283.127439319553,,599.309933165007,941.21868624228
몽  골,기타,2026-12-01,1229.692778874435,,559.3320787129975,894.5124287937163
몽  골,기타,2027-01-01,1629.9156470644587,,613.9614891688959,1121.9385681166773
몽  골,기타,2027-02-01,1665.8994138897538,,565.4350552756423,1115.667234582698
몽  골,기타,2027-03-01,1527.4107615730795,,573.7818021936116,1050.5962818833455
몽  골,관광,2025-04-01,11286.614622499292,,10078.265083688539,10682.439853093914
몽  골,관광,2025-05-01,12072.28726425551,,10220.459191621489,11146.3732279385
몽  골,관광,2025-06-01,14896.20473089679,,10097.444941373833,12496.82483613531
몽  골,관광,2025-07-01,12813.008550392116,,9820.782779885514,11316.895665138814
몽  골,관광,2025-08-01,10889.25086695596,,9266.266763453012,10077.758815204485
몽  골,관광,2025-09-01,13328.471904727165,,9905.305148453037,11616.8885265901
몽  골,관광,2025-10-01,15547.707021934282,,10092.985335233789,12820.346178584035
몽  골,관광,2025-11-01,15181.78431238061,,9661.799523412205,12421.791917896408
몽  골,관광,2025-12-01,15110.026121385712,,10059.838317689482,12584.932219537597
몽  골,관광,2026-01-01,17670.32433032634,,10409.016948053148,14039.670639189744
몽  골,관광,2026-02-01,13307.984350835952,,9597.167635263562,11452.575993049757
몽  골,관광,2026-03-01,14726.472701603027,,9343.727570307281,12035.100135955154
몽  골,관광,2026-04-01,14058.048747143917,,9948.272745186288,12003.160746165104
몽  골,관광,2026-05-01,14925.365056030718,,10119.439465507256,12522.402260768988
몽  골,관광,2026-06-01,18432.539770339674,,10016.85937149475,14224.699570917212
몽  골,관광,2026-07-01,15474.894816804202,,9760.744494744762,12617.819655774481
몽  골,관광,2026-08-01,13512.528953332634,,9248.788226655393,11380.658589994015
몽  골,관광,2026-09-01,16341.368922972102,,9982.258524545457,13161.81372375878
몽  골,관광,2026-10-01,18793.998140730357,,10167.269757319074,14480.633949024716
몽  골,관광,2026-11-01,18700.331532402633,,9712.995479721636,14206.663506062134
몽  골,관광,2026-12-01,18141.60096346456,,10098.084172333565,14119.842567899062
몽  골,관광,2027-01-01,21278.100726644327,,10463.05649363191,15870.578610138118
몽  골,관광,2027-02-01,15374.862985844888,,9616.659420083846,12495.761202964368
몽  골,관광,2027-03-01,18085.62431361663,,9358.673712747239,13722.149013181934
몽  골,상용,2025-04-01,92.05309981073127,,53.55190246422086,72.80250113747607
몽  골,상용,2025-05-01,98.63519501185905,,51.32237592345285,74.97878546765595
몽  골,상용,2025-06-01,96.36925269118599,,47.72098955249041,72.0451211218382
몽  골,상용,2025-07-01,76.36710393924764,,43.031409711534906,59.699256825391274
몽  골,상용,2025-08-01,86.09545389461215,,53.83642494005278,69.96593941733246
몽  골,상용,2025-09-01,90.24569830205496,,65.79266389286494,78.01918109745995
몽  골,상용,2025-10-01,95.47860561155565,,53.47984774397938,74.47922667776751
몽  골,상용,2025-11-01,92.94328612639997,,40.07800215336749,66.51064413988374
몽  골,상용,2025-12-01,84.99205774836538,,26.934461756397326,55.963259752381354
몽  골,상용,2026-01-01,88.13242168680453,,33.37947144585263,60.75594656632858
몽  골,상용,2026-02-01,91.46866447920233,,24.205003975217522,57.83683422720993
몽  골,상용,2026-03-01,117.16472172341098,,20.196791456646167,68.68075659002858
몽  골,상용,2026-04-01,113.70207849187392,,16.234023570130972,64.96805103100245
몽  골,상용,2026-05-01,126.63650336698339,,13.25157858416705,69.94404097557522
몽  골,상용,2026-06-01,122.62213167346512,,10.406535120922456,66.51433339719378
몽  골,상용,2026-07-01,92.18150778483285,,8.969409063838867,50.57545842433586
몽  골,상용,2026-08-01,100.454244585823,,17.61488772236848,59.03456615409574
몽  골,상용,2026-09-01,108.0261885470594,,28.55435339266765,68.29027096986353
몽  골,상용,2026-10-01,118.74048027701208,,16.441888445213948,67.59118436111302
몽  골,상용,2026-11-01,111.36171519942795,,5.877905018499121,58.619810108963534
몽  골,상용,2026-12-01,107.02514680992056,,0.8522041090646439,53.9386754594926
몽  골,상용,2027-01-01,106.94238036661534,,6.984348859344465,56.9633646129799
몽  골,상용,2027-02-01,106.20508333830557,,-0.4829132526589035,52.86108504282333
몽  골,상용,2027-03-01,135.81579814940977,,-1.8944968481081048,66.96065065065083
몽  골,유학연수,2025-04-01,527.7633541139124,,3031.731511069604,1779.7474325917583
몽  골,유학연수,2025-05-01,853.1419327840047,,2629.029326549738,1741.0856296668712
몽  골,유학연수,2025-06-01,1392.9962371652848,,2475.5312614570994,1934.263749311192
몽  골,유학연수,2025-07-01,1900.911923616433,,2738.8675087581832,2319.8897161873083
몽  골,유학연수,2025-08-01,4763.159547208027,,4041.3218160920596,4402.240681650043
몽  골,유학연수,2025-09-01,3812.209418965602,,3963.6401822552375,3887.92480061042
몽  골,유학연수,2025-10-01,688.0059286672446,,1540.0751179414003,1114.0405233043225
몽  골,유학연수,2025-11-01,1034.7869846136996,,1522.2578486398795,1278.5224166267894
몽  골,유학연수,2025-12-01,1779.7395832591546,,1791.7138305306207,1785.7267068948877
몽  골,유학연수,2026-01-01,1867.90549691213,,2563.489511375213,2215.6975041436717
몽  골,유학연수,2026-02-01,2758.449096825861,,3184.812813080333,2971.630954953097
몽  골,유학연수,2026-03-01,3167.22496811239,,3588.656757491474,3377.940862801932
몽  골,유학연수,2026-04-01,527.624473396846,,3556.726592546569,2042.1755329717075
몽  골,유학연수,2026-05-01,991.7318019196048,,3467.9873975122587,2229.859599715932
몽  골,유학연수,2026-06-01,1726.143743030596,,3321.029844900242,2523.586793965419
몽  골,유학연수,2026-07-01,2375.45158922625,,3152.7611677840196,2764.1063785051347
몽  골,유학연수,2026-08-01,5681.184503513272,,3780.0983944337,4730.641448973486
몽  골,유학연수,2026-09-01,4625.803117063037,,3913.9008423819064,4269.851979722472
몽  골,유학연수,2026-10-01,1008.1278642273094,,2858.292536950265,1933.2102005887873
몽  골,유학연수,2026-11-01,1130.4729624213965,,2302.493509223328,1716.4832358223623
몽  골,유학연수,2026-12-01,2097.842486606152,,2332.5067971093895,2215.1746418577704
몽  골,유학연수,2027-01-01,2031.5292923779107,,3065.3960735263004,2548.4626829521058
몽  골,유학연수,2027-02-01,3513.6671332435317,,3158.849949490962,3336.258541367247
몽  골,유학연수,2027-03-01,3827.8114310610467,,3214.85135541045,3521.3313932357487
미  국,관광,2025-04-01,133979.26371553552,,114225.77554947746,124102.51963250649
미  국,관광,2025-05-01,132649.31062413446,,119673.73724945186,126161.52393679316
미  국,관광,2025-06-01,156801.67647337238,,115560.71686880733,136181.19667108986
미  국,관광,2025-07-01,132925.9360775523,,106456.51463612649,119691.2253568394
미  국,관광,2025-08-01,106131.37757931578,,79823.58229127197,92977.47993529387
미  국,관광,2025-09-01,122933.9929530401,,83628.00861439362,103281.00078371685
미  국,관광,2025-10-01,152934.19075522677,,106912.82758813829,129923.50917168253
미  국,관광,2025-11-01,117945.51516571396,,103070.38681335865,110507.9509895363
미  국,관광,2025-12-01,108372.63854618324,,81321.03827599788,94846.83841109056
미  국,관광,2026-01-01,84028.31425862636,,60743.34762427841,72385.83094145238
미  국,관광,2026-02-01,82803.7172566765,,57445.5530224716,70124.63513957405
미  국,관광,2026-03-01,138662.90956455894,,82863.74023262026,110763.3248985896
미  국,관광,2026-04-01,170017.02954318977,,100658.1502267422,135337.58988496597
미  국,관광,2026-05-01,164948.4218052801,,106676.8251139219,135812.623459601
미  국,관광,2026-06-01,190706.94405669114,,103209.36080081333,146958.15242875222
미  국,관광,2026-07-01,165318.3619805353,,94867.56741613027,130092.96469833278
미  국,관광,2026-08-01,131138.4884180083,,69339.9709272421,100239.2296726252
미  국,관광,2026-09-01,152402.06404134168,,74236.85053539692,113319.4572883693
미  국,관광,2026-10-01,184041.90355482645,,98004.15278281784,141023.02816882214
미  국,관광,2026-11-01,143765.32717527222,,99828.36883323525,121796.84800425373
미  국,관광,2026-12-01,131580.99958987598,,84297.6581217148,107939.3288557954
미  국,관광,2027-01-01,102202.28162631136,,70321.85306033975,86262.06734332556
미  국,관광,2027-02-01,98032.34120262238,,68353.48423431913,83192.91271847076
미  국,관광,2027-03-01,163529.0320318915,,69052.16447168111,116290.5982517863
미  국,공용,2025-04-01,4354.101083613528,,2473.547539159192,3413.82431138636
미  국,공용,2025-05-01,3976.696069781705,,2449.1100831967983,3212.9030764892514
미  국,공용,2025-06-01,3876.300693018911,,2688.356289179655,3282.328491099283
미  국,공용,2025-07-01,5127.852219328672,,3234.2169691958843,4181.034594262278
미  국,공용,2025-08-01,4791.431567217062,,3456.9995310167906,4124.215549116927
미  국,공용,2025-09-01,3493.6837925651475,,3091.532364028228,3292.608078296688
미  국,공용,2025-10-01,3349.1926965811012,,2441.520593623534,2895.3566451023175
미  국,공용,2025-11-01,4167.390198080372,,2565.85706526168,3366.623631671026
미  국,공용,2025-12-01,4279.049227170955,,3601.1661155237607,3940.107671347358
미  국,공용,2026-01-01,4626.024099557929,,3815.79149520115,4220.907797379539
미  국,공용,2026-02-01,3324.2169247833,,3189.207571258038,3256.712248020669
미  국,공용,2026-03-01,3268.9054993861027,,3298.7625837914547,3283.8340415887787
미  국,공용,2026-04-01,5385.028169037334,,4202.961838756195,4793.9950038967645
미  국,공용,2026-05-01,4612.688673191923,,4631.342381782962,4622.015527487442
미  국,공용,2026-06-01,4538.558333569161,,4681.381033163763,4609.969683366462
미  국,공용,2026-07-01,6029.804561144055,,4526.108324429379,5277.956442786717
미  국,공용,2026-08-01,5532.653996868357,,3926.2544987263354,4729.454247797346
미  국,공용,2026-09-01,4210.950337005367,,3294.9732720274487,3752.961804516408
미  국,공용,2026-10-01,3800.853954538644,,3076.601018788545,3438.7274866635944
미  국,공용,2026-11-01,4839.585091729322,,3479.5836500503765,4159.584370889849
미  국,공용,2026-12-01,4963.186916937664,,4231.1672941105735,4597.177105524119
미  국,공용,2027-01-01,5450.781443451246,,4170.459398811082,4810.620421131163
미  국,공용,2027-02-01,3811.299533696411,,3337.8676618780482,3574.5835977872293
미  국,공용,2027-03-01,3502.099036970987,,3014.8761922324275,3258.4876146017073
미  국,기타,2025-04-01,19175.641446937178,,18745.39629742704,18960.51887218211
미  국,기타,2025-05-01,20496.42986168654,,18835.960455718945,19666.195158702743
미  국,기타,2025-06-01,19355.027213966023,,18955.441784576025,19155.234499271024
미  국,기타,2025-07-01,21344.62720357404,,19074.336650418,20209.48192699602
미  국,기타,2025-08-01,26154.601785612213,,19754.371729343417,22954.486757477815
미  국,기타,2025-09-01,21572.444700983735,,19723.254791639763,20647.84974631175
미  국,기타,2025-10-01,23024.80592614348,,19265.878613675515,21145.342269909495
미  국,기타,2025-11-01,19579.74303152756,,18894.366821238393,19237.054926382974
미  국,기타,2025-12-01,20206.5291730443,,18856.58221097851,19531.555692011403
미  국,기타,2026-01-01,24334.679690708053,,19293.329839035665,21814.00476487186
미  국,기타,2026-02-01,22774.216240132926,,18849.206196417075,20811.711218275
미  국,기타,2026-03-01,22876.734100844867,,18462.988663393393,20669.861382119132
미  국,기타,2026-04-01,21813.510172857015,,18424.600603499573,20119.055388178294
미  국,기타,2026-05-01,23166.690359290937,,18424.312255644938,20795.501307467937
미  국,기타,2026-06-01,21728.29174311638,,18481.90071546772,20105.096229292052
미  국,기타,2026-07-01,24413.888904045492,,18570.151296274988,21492.02010016024
미  국,기타,2026-08-01,30070.600666009414,,19187.01441376821,24628.80753988881
미  국,기타,2026-09-01,24621.70456846079,,19174.73011569586,21898.217342078326
미  국,기타,2026-10-01,25569.336736967107,,18789.743687871876,22179.54021241949
미  국,기타,2026-11-01,21857.356306885227,,18436.98214996473,20147.16922842498
미  국,기타,2026-12-01,22549.670613034148,,18416.98210495434,20483.326358994243
미  국,기타,2027-01-01,27740.062954700108,,18925.120669964555,23332.59181233233
미  국,기타,2027-02-01,25780.9132058375,,18469.4461265416,22125.17966618955
미  국,기타,2027-03-01,25359.675974110494,,18028.54357151864,21694.10977281457
미  국,상용,2025-04-01,341.7167729736954,,264.08989282584105,302.9033328997682
미  국,상용,2025-05-01,341.2674717183054,,260.1761752261656,300.7218234722355
미  국,상용,2025-06-01,340.634958067629,,246.41326773561389,293.52411290162144
미  국,상용,2025-07-01,298.55343991067974,,229.86846119185373,264.2109505512667
미  국,상용,2025-08-01,335.44139611345247,,281.2515749242957,308.3464855188741
미  국,상용,2025-09-01,367.9076596964184,,322.79646141939725,345.35206055790786
미  국,상용,2025-10-01,426.3988240383998,,282.3839466321798,354.3913853352898
미  국,상용,2025-11-01,382.85116406627805,,255.48013652072802,319.16565029350306
미  국,상용,2025-12-01,278.31054380127347,,254.6145394780151,266.4625416396443
미  국,상용,2026-01-01,356.3668911726293,,299.2986673016702,327.8327792371498
미  국,상용,2026-02-01,323.943627874726,,261.838928158095,292.8912780164105
미  국,상용,2026-03-01,413.0254888433655,,261.55198824490617,337.28873854413587
미  국,상용,2026-04-01,402.60076203629274,,284.1441565482943,343.3724592922935
미  국,상용,2026-05-01,408.4741547121539,,274.9805348026166,341.72734475738525
미  국,상용,2026-06-01,393.57775579725967,,257.53508089727006,325.55641834726487
미  국,상용,2026-07-01,359.58182954787685,,238.1359614420836,298.85889549498023
미  국,상용,2026-08-01,399.88401145548977,,288.6372353011153,344.2606233783025
미  국,상용,2026-09-01,425.46335679611315,,328.814203899518,377.13878034781555
미  국,상용,2026-10-01,514.356355196046,,286.74145055044823,400.54890287324713
미  국,상용,2026-11-01,430.7751007608956,,258.5047728611713,344.63993681103346
미  국,상용,2026-12-01,323.46950369045635,,255.92457657554098,289.69704013299867
미  국,상용,2027-01-01,425.889066788135,,299.7776045139399,362.83333565103743
미  국,상용,2027-02-01,370.03152945075317,,261.8794598037365,315.95549462724483
미  국,상용,2027-03-01,482.350790760391,,260.8753209697801,371.6130558650856
미얀마,공용,2025-04-01,18.960583697673485,,21.250826649237673,20.10570517345558
미얀마,공용,2025-05-01,40.857903905384084,,31.79360525401838,36.32575457970123
미얀마,공용,2025-06-01,38.06773618848148,,32.620029569566626,35.34388287902405
미얀마,공용,2025-07-01,36.65401175038276,,20.529263749743595,28.591637750063178
미얀마,공용,2025-08-01,24.43009594160632,,17.452113553437677,20.941104747521997
미얀마,공용,2025-09-01,61.900928615203384,,30.316270772871853,46.10859969403762
미얀마,공용,2025-10-01,57.58760825076487,,30.892215217705708,44.23991173423529
미얀마,공용,2025-11-01,48.32839192164323,,26.393059046560424,37.36072548410183
미얀마,공용,2025-12-01,26.31754008073041,,18.204569718715927,22.26105489972317
미얀마,공용,2026-01-01,14.649326001353366,,9.193410710727413,11.92136835604039
미얀마,공용,2026-02-01,13.137976432091802,,8.123855424688497,10.630915928390149
미얀마,공용,2026-03-01,27.086644868250193,,12.578557524319237,19.832601196284713
미얀마,공용,2026-04-01,25.8217312243923,,21.90025682343969,23.860994023915993
미얀마,공용,2026-05-01,45.90514919186814,,33.62469957159585,39.764924381731994
미얀마,공용,2026-06-01,47.489443428392285,,35.09774773975672,41.2935955840745
미얀마,공용,2026-07-01,39.46108299419985,,22.099996095717955,30.780539544958902
미얀마,공용,2026-08-01,32.44595775882604,,19.117022052506194,25.781489905666117
미얀마,공용,2026-09-01,76.89110605073317,,37.90327205824684,57.397189054490006
미얀마,공용,2026-10-01,72.51965314925886,,35.9122391746531,54.21594616195598
미얀마,공용,2026-11-01,59.194829406031076,,28.7774770470646,43.98615322654784
미얀마,공용,2026-12-01,25.20784125893099,,18.9631723321193,22.085506795525145
미얀마,공용,2027-01-01,17.36838899849915,,9.499565357297229,13.43397717789819
미얀마,공용,2027-02-01,14.249954026161875,,8.114065618707734,11.182009822434804
미얀마,공용,2027-03-01,36.82992611352179,,13.404181950665258,25.117054032093527
미  국,유학연수,2025-04-01,180.416893833837,,285.92881229905504,233.172853066446
미  국,유학연수,2025-05-01,472.31385044396393,,311.1265358303014,391.7201931371327
미  국,유학연수,2025-06-01,418.51356801651053,,332.5291692747976,375.5213686456541
미  국,유학연수,2025-07-01,320.21368879920334,,340.5284066804157,330.3710477398095
미  국,유학연수,2025-08-01,2521.8824946041236,,1653.4587145409755,2087.6706045725496
미  국,유학연수,2025-09-01,226.24162385656223,,109.29774799519001,167.7696859258761
미  국,유학연수,2025-10-01,204.2331511414984,,108.88918516196927,156.56116815173385
미  국,유학연수,2025-11-01,538.0686748822617,,415.56397947128755,476.8163271767746
미  국,유학연수,2025-12-01,514.3179600600647,,444.97388693326025,479.6459234966625
미  국,유학연수,2026-01-01,427.64366373908643,,208.1653357385265,317.90449973880646
미  국,유학연수,2026-02-01,2015.5659265325412,,1305.6825412861533,1660.6242339093474
미  국,유학연수,2026-03-01,253.35411680355955,,214.00978551720348,233.68195116038152
미  국,유학연수,2026-04-01,192.64311941060035,,229.06278818236808,210.8529537964842
미  국,유학연수,2026-05-01,503.06191172716916,,247.657864409374,375.3598880682716
미  국,유학연수,2026-06-01,481.11930158314306,,269.68831344902526,375.40380751608416
미  국,유학연수,2026-07-01,386.8252792604239,,286.5982547034727,336.7117669819483
미  국,유학연수,2026-08-01,2840.152284026601,,1663.42470231643,2251.7884931715157
미  국,유학연수,2026-09-01,291.08509441598494,,116.7664848651493,203.92578964056713
미  국,유학연수,2026-10-01,241.1131984339723,,115.4898206834637,178.301509558718
미  국,유학연수,2026-11-01,559.2300720692867,,382.669906233181,470.94998915123386
미  국,유학연수,2026-12-01,547.8201904707463,,422.7074649817415,485.2638277262439
미  국,유학연수,2027-01-01,482.794143727585,,267.9027510707224,375.34844739915366
미  국,유학연수,2027-02-01,2342.4386642211794,,1431.1204196093238,1886.7795419152517
미  국,유학연수,2027-03-01,256.9143110864348,,177.86283840399682,217.3885747452158
미얀마,관광,2025-04-01,1415.9482193542178,,1949.4965458320314,1682.7223825931246
미얀마,관광,2025-05-01,1132.6041467562736,,1545.7184209520178,1339.1612838541457
미얀마,관광,2025-06-01,1101.841117644481,,1509.4920608930518,1305.6665892687665
미얀마,관광,2025-07-01,1103.1515637345035,,1589.403988019086,1346.2777758767947
미얀마,관광,2025-08-01,938.7313088429578,,1321.8882365433528,1130.3097726931553
미얀마,관광,2025-09-01,1124.3274188828016,,1457.1729801949296,1290.7501995388657
미얀마,관광,2025-10-01,1284.0645954970335,,1698.8446028518438,1491.4545991744385
미얀마,관광,2025-11-01,1163.4663650057023,,1500.172899602629,1331.8196323041657
미얀마,관광,2025-12-01,1264.0274132820546,,1621.9186036729138,1442.9730084774842
미얀마,관광,2026-01-01,970.3275527798012,,1041.366348241384,1005.8469505105926
미얀마,관광,2026-02-01,891.7638557705144,,1010.1926816120298,950.9782686912721
미얀마,관광,2026-03-01,1125.6072377364862,,1270.3406122227084,1197.9739249795973
미얀마,관광,2026-04-01,1439.0792080991157,,1888.566856505905,1663.8230323025105
미얀마,관광,2026-05-01,1101.684127890339,,1362.9840925291949,1232.334110209767
미얀마,관광,2026-06-01,1018.9835143073366,,1264.7137629369404,1141.8486386221384
미얀마,관광,2026-07-01,1066.5279042658753,,1376.736534168606,1221.6322192172406
미얀마,관광,2026-08-01,921.9792963277818,,1158.159334401248,1040.069315364515
미얀마,관광,2026-09-01,1111.8134471130297,,1312.081124983748,1211.9472860483888
미얀마,관광,2026-10-01,1295.3713132530563,,1570.0094601642786,1432.6903867086676
미얀마,관광,2026-11-01,1128.928988981972,,1393.2662074278273,1261.0975982048997
미얀마,관광,2026-12-01,1198.593042906263,,1510.376114637008,1354.4845787716354
미얀마,관광,2027-01-01,920.6770522926365,,1054.1536455517066,987.4153489221716
미얀마,관광,2027-02-01,862.2606928303804,,1043.898208598632,953.0794507145063
미얀마,관광,2027-03-01,1099.759696373159,,1358.9613730207666,1229.3605346969628
미얀마,기타,2025-04-01,4586.618465193974,,4760.103756288714,4673.3611107413435
미얀마,기타,2025-05-01,5030.125473863073,,4858.910859326518,4944.518166594796
미얀마,기타,2025-06-01,5036.839029967849,,4649.613623955356,4843.226326961602
미얀마,기타,2025-07-01,4922.210968720428,,4356.109683213628,4639.160325967028
미얀마,기타,2025-08-01,5019.610659518766,,4003.984067804819,4511.797363661793
미얀마,기타,2025-09-01,4817.347090237048,,4040.5098235871824,4428.9284569121155
미얀마,기타,2025-10-01,4934.71143835287,,3821.9986084948036,4378.355023423836
미얀마,기타,2025-11-01,4631.694558229491,,3984.8268404800956,4308.260699354793
미얀마,기타,2025-12-01,5037.596235221235,,4326.589683213329,4682.0929592172815
미얀마,기타,2026-01-01,4859.54181868755,,4088.9274126471355,4474.234615667343
미얀마,기타,2026-02-01,4669.625757268402,,3675.0462075748997,4172.33598242165
미얀마,기타,2026-03-01,5114.391994561399,,3811.0869554310743,4462.739474996237
미얀마,기타,2026-04-01,5009.5904697162505,,4073.316365117313,4541.453417416782
미얀마,기타,2026-05-01,5269.282094841923,,4145.517150731774,4707.399622786848
미얀마,기타,2026-06-01,5350.479453918571,,4101.305597671059,4725.892525794816
미얀마,기타,2026-07-01,5276.603555759729,,3956.04355416218,4616.323554960954
미얀마,기타,2026-08-01,5378.052008157996,,3722.008476664334,4550.030242411165
미얀마,기타,2026-09-01,5147.306241301331,,3523.875983533682,4335.591112417506
미얀마,기타,2026-10-01,5354.979381996561,,3254.275831623731,4304.627606810146
미얀마,기타,2026-11-01,4903.342678403683,,3496.1909156243046,4199.766797013994
미얀마,기타,2026-12-01,5355.482781809033,,3861.390743760336,4608.436762784685
미얀마,기타,2027-01-01,5168.491515844129,,3729.4492613563716,4448.97038860025
미얀마,기타,2027-02-01,4809.189378338601,,3430.276562134329,4119.732970236465
미얀마,기타,2027-03-01,5567.880181896311,,3567.663002304656,4567.771592100484
미얀마,상용,2025-04-01,42.504975717073755,,27.11543997884602,34.81020784795989
미얀마,상용,2025-05-01,44.29584290551417,,23.849724426572063,34.072783666043115
미얀마,상용,2025-06-01,39.58943161363835,,24.72456210049564,32.15699685706699
미얀마,상용,2025-07-01,39.24196177382875,,26.178674306852937,32.710318040340844
미얀마,상용,2025-08-01,49.929071245330356,,33.89138624510626,41.910228745218305
미얀마,상용,2025-09-01,57.03697029421598,,40.582876319318,48.80992330676699
미얀마,상용,2025-10-01,59.192818745814584,,39.12731440415146,49.16006657498302
미얀마,상용,2025-11-01,51.58838404727916,,31.163909171809966,41.37614660954456
미얀마,상용,2025-12-01,36.97798530451792,,24.99785417632219,30.987919740420054
미얀마,상용,2026-01-01,33.28533909433485,,24.81379946267946,29.049569278507157
미얀마,상용,2026-02-01,32.34394984610109,,27.729886281915007,30.03691806400805
미얀마,상용,2026-03-01,54.02836090075604,,33.586716804500796,43.80753885262842
미얀마,상용,2026-04-01,52.15086938484683,,32.27874773793673,42.21480856139178
미얀마,상용,2026-05-01,52.480497933030684,,32.07336497164813,42.27693145233941
미얀마,상용,2026-06-01,45.99768711863408,,33.92885645120883,39.96327178492146
미얀마,상용,2026-07-01,48.97790936486011,,36.12022373566315,42.54906655026163
미얀마,상용,2026-08-01,58.384389127839995,,44.28948893384522,51.33693903084261
미얀마,상용,2026-09-01,67.42320391604876,,48.803326190085116,58.11326505306694
미얀마,상용,2026-10-01,72.5706082994658,,46.46155784764083,59.51608307355332
미얀마,상용,2026-11-01,61.07353375675907,,33.2229654690655,47.14824961291228
미얀마,상용,2026-12-01,43.03998549665965,,26.802802309850012,34.92139390325483
미얀마,상용,2027-01-01,37.37309964127996,,26.425286301566537,31.899192971423247
미얀마,상용,2027-02-01,38.140963338114084,,28.563313386802278,33.35213836245818
미얀마,상용,2027-03-01,64.23668992480155,,32.85082632346926,48.54375812413541
미얀마,유학연수,2025-04-01,91.7568643426444,,303.3368079108856,197.54683612676502
미얀마,유학연수,2025-05-01,481.6766558777827,,305.9117222937043,393.7941890857435
미얀마,유학연수,2025-06-01,497.64550095651026,,387.1239577315708,442.3847293440405
미얀마,유학연수,2025-07-01,258.55948197176093,,435.62438018493356,347.0919310783472
미얀마,유학연수,2025-08-01,925.6374323882272,,786.6043454551484,856.1208889216878
미얀마,유학연수,2025-09-01,933.6401149096293,,653.6763090038663,793.6582119567479
미얀마,유학연수,2025-10-01,58.05417182096843,,88.89225785797647,73.47321483947245
미얀마,유학연수,2025-11-01,257.43673135987996,,264.0093849969406,260.72305817841027
미얀마,유학연수,2025-12-01,734.7571281606264,,471.227453428408,602.9922907945172
미얀마,유학연수,2026-01-01,386.90186725750215,,482.0659445448317,434.48390590116696
미얀마,유학연수,2026-02-01,776.0198395209817,,635.3016419492889,705.6607407351353
미얀마,유학연수,2026-03-01,972.0720913283229,,629.219711260043,800.645901294183
미얀마,유학연수,2026-04-01,114.58903866276025,,365.9440507082482,240.26654468550421
미얀마,유학연수,2026-05-01,531.0228403884261,,384.5071867951289,457.76501359177746
미얀마,유학연수,2026-06-01,616.1624853376613,,444.05273232705525,530.1076088323583
미얀마,유학연수,2026-07-01,328.47106890124013,,483.2583490700968,405.86470898566847
미얀마,유학연수,2026-08-01,1131.68747193368,,769.9597056489959,950.8235887913379
미얀마,유학연수,2026-09-01,1151.2069427443496,,623.4600662158956,887.3335044801227
미얀마,유학연수,2026-10-01,19.567148648999016,,108.28362354540084,63.92538609719993
미얀마,유학연수,2026-11-01,433.69872446898034,,283.14977499262443,358.4242497308024
미얀마,유학연수,2026-12-01,790.8903782879693,,470.36911590813537,630.6297470980523
미얀마,유학연수,2027-01-01,354.7703188927493,,508.85803325762924,431.81417607518927
미얀마,유학연수,2027-02-01,1046.1851133050682,,642.5813442277515,844.3832287664098
미얀마,유학연수,2027-03-01,1162.9964410050982,,626.3193368101544,894.6578889076263
방글라데시,공용,2025-04-01,72.86978927643568,,43.67713277098867,58.27346102371217
방글라데시,공용,2025-05-01,80.64925893855424,,41.160181714163464,60.904720326358856
방글라데시,공용,2025-06-01,81.13490336904275,,40.60408268926873,60.869493029155734
방글라데시,공용,2025-07-01,66.11566041926523,,42.604272516631816,54.359966467948524
방글라데시,공용,2025-08-01,69.98458108698283,,42.45258554822045,56.21858331760164
방글라데시,공용,2025-09-01,101.56746730686469,,59.096722325911585,80.33209481638814
방글라데시,공용,2025-10-01,104.94529363816248,,64.9403570749718,84.94282535656714
방글라데시,공용,2025-11-01,93.56368977829771,,50.6525263952843,72.108108086791
방글라데시,공용,2025-12-01,46.20759212767666,,24.981031117259892,35.594311622468275
방글라데시,공용,2026-01-01,30.688957426014,,15.452892287018386,23.070924856516193
방글라데시,공용,2026-02-01,39.17084036763459,,19.417624954864394,29.29423266124949
방글라데시,공용,2026-03-01,57.94178024974581,,29.516565237590203,43.72917274366801
방글라데시,공용,2026-04-01,90.77233577187698,,43.1644491619403,66.96839246690864
방글라데시,공용,2026-05-01,96.3933277124232,,49.4434710642083,72.91839938831575
방글라데시,공용,2026-06-01,90.98201411502694,,44.97758556203279,67.97979983852987
방글라데시,공용,2026-07-01,89.29443572902142,,39.86126135214451,64.57784854058296
방글라데시,공용,2026-08-01,80.4236080725669,,42.07161572127611,61.24761189692151
방글라데시,공용,2026-09-01,112.31691246409571,,52.190524080509235,82.25371827230248
방글라데시,공용,2026-10-01,137.93495105841802,,62.758120913374995,100.34653598589651
방글라데시,공용,2026-11-01,114.25867178349658,,56.727534933044524,85.49310335827056
방글라데시,공용,2026-12-01,56.614281621454225,,24.449840834509132,40.53206122798168
방글라데시,공용,2027-01-01,27.854795966533874,,13.726924476399759,20.790860221466815
방글라데시,공용,2027-02-01,38.40862759103061,,18.55326753531045,28.48094756317053
방글라데시,공용,2027-03-01,80.15692997934343,,30.8068663889401,55.48189818414177
방글라데시,관광,2025-04-01,320.0747641922166,,256.13024114002644,288.1025026661215
방글라데시,관광,2025-05-01,490.7885951058636,,262.9785705845728,376.8835828452182
방글라데시,관광,2025-06-01,353.17554831791955,,263.24563551841374,308.21059191816664
방글라데시,관광,2025-07-01,379.66924741393973,,260.45372470471455,320.06148605932714
방글라데시,관광,2025-08-01,400.1862384707675,,255.87532179166752,328.0307801312175
방글라데시,관광,2025-09-01,452.3173661560105,,264.0162500306253,358.1668080933179
방글라데시,관광,2025-10-01,460.47142183874564,,278.5265565517867,369.4989891952662
방글라데시,관광,2025-11-01,411.5316351183486,,256.82173064284336,334.176682880596
방글라데시,관광,2025-12-01,306.9587928461384,,205.06170350708513,256.01024817661175
방글라데시,관광,2026-01-01,263.95274154334425,,167.75415811741595,215.8534498303801
방글라데시,관광,2026-02-01,264.25798639186473,,176.36135582194976,220.30967110690725
방글라데시,관광,2026-03-01,354.03170588842835,,191.01676979753796,272.52423784298315
방글라데시,관광,2026-04-01,414.2656202676442,,183.25799876899336,298.7618095183188
방글라데시,관광,2026-05-01,510.5606079539686,,176.93132676687227,343.7459673604204
방글라데시,관광,2026-06-01,407.9039843962076,,171.64611285481567,289.77504862551166
방글라데시,관광,2026-07-01,516.1754574188212,,164.36618560959923,340.27082151421024
방글라데시,관광,2026-08-01,504.08354664881483,,157.61296732322728,330.84825698602106
방글라데시,관광,2026-09-01,516.5786551999392,,156.14629852439347,336.3624768621664
방글라데시,관광,2026-10-01,528.5875630450713,,163.09055740223326,345.83906022365227
방글라데시,관광,2026-11-01,483.2382949777056,,144.6694413292455,313.9538681534756
방글라데시,관광,2026-12-01,368.66679276123864,,98.63248994333144,233.64964135228504
방글라데시,관광,2027-01-01,309.8486224302906,,59.6707622112871,184.75969232078887
방글라데시,관광,2027-02-01,301.97583763160327,,59.414595071750625,180.69521635167695
방글라데시,관광,2027-03-01,442.53373690089273,,72.87539007674874,257.7045634888207
방글라데시,기타,2025-04-01,1655.4140627630293,,1380.0525185443603,1517.733290653695
방글라데시,기타,2025-05-01,1766.571002909405,,1417.76072090381,1592.1658619066075
방글라데시,기타,2025-06-01,1510.0864001829912,,1449.4144389021758,1479.7504195425836
방글라데시,기타,2025-07-01,1955.0048146802674,,1474.288787965163,1714.6468013227152
방글라데시,기타,2025-08-01,2216.0403109902245,,1577.6898711244312,1896.8650910573278
방글라데시,기타,2025-09-01,1904.4700157962397,,1572.0823731187315,1738.2761944574856
방글라데시,기타,2025-10-01,1807.5618905311762,,1431.1760479964596,1619.368969263818
방글라데시,기타,2025-11-01,1664.4984413106004,,1359.3530165773936,1511.925728943997
방글라데시,기타,2025-12-01,1994.2673039434194,,1377.2754484989619,1685.7713762211906
방글라데시,기타,2026-01-01,1856.5601674705435,,1511.3810979416794,1683.9706327061115
방글라데시,기타,2026-02-01,2210.887348275227,,1405.9460402037655,1808.4166942394963
방글라데시,기타,2026-03-01,2017.0138103039496,,1354.3761617775183,1685.694986040734
방글라데시,기타,2026-04-01,1989.4365012485296,,1380.4842077500798,1684.9603544993047
방글라데시,기타,2026-05-01,2166.1553286483477,,1422.2449710626936,1794.2001498555205
방글라데시,기타,2026-06-01,1953.5816824604356,,1455.2454756127986,1704.4135790366172
방글라데시,기타,2026-07-01,2264.4480790947573,,1478.9059776389909,1871.677028366874
방글라데시,기타,2026-08-01,2617.126252043566,,1580.8110359828256,2098.968644013196
방글라데시,기타,2026-09-01,2200.6857643438298,,1574.095223062126,1887.390493702978
방글라데시,기타,2026-10-01,2229.5109157501156,,1430.563797792018,1830.0373567710667
방글라데시,기타,2026-11-01,1923.1198379067357,,1359.4942420484062,1641.307039977571
방글라데시,기타,2026-12-01,2498.5012094862286,,1376.834198574702,1937.6677040304653
방글라데시,기타,2027-01-01,2198.0582424471,,1511.3959398190327,1854.7270911330663
방글라데시,기타,2027-02-01,2474.791086390633,,1405.8851247684931,1940.338105579563
방글라데시,기타,2027-03-01,2368.3741687553843,,1354.1217556098786,1861.2479621826315
방글라데시,상용,2025-04-01,112.8511294447654,,81.58298123872778,97.2170553417466
방글라데시,상용,2025-05-01,110.34810251836937,,82.15312634756616,96.25061443296777
방글라데시,상용,2025-06-01,93.7607948740112,,82.92293821281767,88.34186654341443
방글라데시,상용,2025-07-01,103.14551221705155,,83.4846108422477,93.31506152964963
방글라데시,상용,2025-08-01,93.53716571880747,,82.32532079481528,87.93124325681137
방글라데시,상용,2025-09-01,109.43401445822408,,87.0049794026868,98.21949693045545
방글라데시,상용,2025-10-01,143.78742899633937,,117.57671871993955,130.68207385813946
방글라데시,상용,2025-11-01,133.97804208676035,,113.74676415913444,123.8624031229474
방글라데시,상용,2025-12-01,110.4508700650687,,87.04389383554108,98.74738195030488
방글라데시,상용,2026-01-01,102.14592529622728,,76.91051809314646,89.52822169468686
방글라데시,상용,2026-02-01,98.80354423604331,,79.21526536321548,89.0094047996294
방글라데시,상용,2026-03-01,132.9028253340975,,93.79329388464997,113.34805960937373
방글라데시,상용,2026-04-01,137.15228961545841,,99.51171365019289,118.33200163282565
방글라데시,상용,2026-05-01,128.15438293769702,,96.5101861661416,112.33228455191932
방글라데시,상용,2026-06-01,122.36424221847878,,92.54058016136624,107.45241118992251
방글라데시,상용,2026-07-01,123.7772424668865,,90.73738167889937,107.25731207289294
방글라데시,상용,2026-08-01,113.19189864951942,,88.8786301442239,101.03526439687167
방글라데시,상용,2026-09-01,135.4665624816563,,92.94272645398249,114.20464446781939
방글라데시,상용,2026-10-01,170.08596685867832,,123.13834802353023,146.61215744110427
방글라데시,상용,2026-11-01,164.9563045719005,,119.13686241032619,142.04658349111332
방글라데시,상용,2026-12-01,131.24892342679408,,92.01668330466981,111.63280336573195
방글라데시,상용,2027-01-01,121.69876158632448,,82.54712898324856,102.12294528478651
방글라데시,상용,2027-02-01,112.65551361812538,,85.878693788104,99.26710370311469
방글라데시,상용,2027-03-01,166.92287425290496,,104.05927169215185,135.4910729725284
방글라데시,유학연수,2025-04-01,71.43049493892184,,63.363377451132635,67.39693619502724
방글라데시,유학연수,2025-05-01,76.21383736722527,,65.87278101606705,71.04330919164616
방글라데시,유학연수,2025-06-01,83.07096292903385,,74.74134831705048,78.90615562304217
방글라데시,유학연수,2025-07-01,190.91563372052758,,135.3808095639775,163.14822164225254
방글라데시,유학연수,2025-08-01,695.5107163757651,,534.5599210224264,615.0353186990958
방글라데시,유학연수,2025-09-01,486.5855620818897,,558.2783637393841,522.4319629106369
방글라데시,유학연수,2025-10-01,86.87854488261414,,129.83157755808946,108.3550612203518
방글라데시,유학연수,2025-11-01,97.7028160376414,,68.94152680626422,83.32217142195282
방글라데시,유학연수,2025-12-01,117.7640726966689,,75.92420913548453,96.84414091607673
방글라데시,유학연수,2026-01-01,268.6415353944202,,131.89689014254444,200.2692127684823
방글라데시,유학연수,2026-02-01,758.7842942512594,,441.3175717569229,600.0509330040911
방글라데시,유학연수,2026-03-01,591.4780292541955,,482.8812411117452,537.1796351829703
방글라데시,유학연수,2026-04-01,69.7370597411541,,152.6754850350819,111.206272388118
방글라데시,유학연수,2026-05-01,85.5041083903551,,50.94341915396747,68.22376377216128
방글라데시,유학연수,2026-06-01,103.77532439862664,,70.60628659790618,87.1908054982664
방글라데시,유학연수,2026-07-01,253.87006859453638,,93.2554844004487,173.56277649749254
방글라데시,유학연수,2026-08-01,837.1467210716318,,390.5419427789317,613.8443319252817
방글라데시,유학연수,2026-09-01,563.1143388724494,,572.385638306702,567.7499885895757
방글라데시,유학연수,2026-10-01,131.80578836557802,,235.16236296188544,183.48407566373174
방글라데시,유학연수,2026-11-01,112.43648691813735,,60.44303466775685,86.4397607929471
방글라데시,유학연수,2026-12-01,122.03091426070084,,76.53273010813977,99.2818221844203
방글라데시,유학연수,2027-01-01,322.8607926658753,,102.3327276241499,212.59676014501258
방글라데시,유학연수,2027-02-01,915.1365690122082,,309.88285093281763,612.5097099725128
방글라데시,유학연수,2027-03-01,712.5100575124055,,446.67662280488923,579.5933401586474
베네수엘라,공용,2025-04-01,0.8881116838128549,,1.582691999808869,1.2354018418108619
베네수엘라,공용,2025-05-01,0.37575137389361796,,0.8619841752525621,0.6188677745730901
베네수엘라,공용,2025-06-01,0.5971867763245047,,0.5168805045544363,0.5570336404394705
베네수엘라,공용,2025-07-01,2.4287785843486924,,1.1444775482420935,1.786628066295393
베네수엘라,공용,2025-08-01,2.6327036795385883,,3.3604574595639627,2.9965805695512753
베네수엘라,공용,2025-09-01,2.010970721085266,,2.494805604203335,2.2528881626443003
베네수엘라,공용,2025-10-01,0.9687372805403937,,0.9401050193528101,0.9544211499466019
베네수엘라,공용,2025-11-01,0.46743531936587296,,1.1229330730801648,0.7951841962230188
베네수엘라,공용,2025-12-01,0.6332397432054113,,1.2781561993869401,0.9556979712961757
베네수엘라,공용,2026-01-01,1.4486939226969262,,2.040009536835214,1.7443517297660702
베네수엘라,공용,2026-02-01,0.7664785693645156,,1.6375984978711122,1.2020385336178139
베네수엘라,공용,2026-03-01,1.3293542985706355,,1.3697206384057434,1.3495374684881893
베네수엘라,공용,2026-04-01,0.9712219611866184,,0.978771530137998,0.9749967456623082
베네수엘라,공용,2026-05-01,0.4169195580847988,,0.6876065948318942,0.5522630764583465
베네수엘라,공용,2026-06-01,0.7066487505413437,,0.703064603737533,0.7048566771394383
베네수엘라,공용,2026-07-01,2.647790046596038,,1.6923977930882474,2.1700939198421425
베네수엘라,공용,2026-08-01,2.920572941739599,,3.7274754057890678,3.3240241737643332
베네수엘라,공용,2026-09-01,2.2468093650400083,,1.536024476457303,1.8914169207486555
베네수엘라,공용,2026-10-01,1.1148582451593037,,0.8431307402542032,0.9789944927067534
베네수엘라,공용,2026-11-01,0.5331246743597136,,1.1775356898877332,0.8553301821237234
베네수엘라,공용,2026-12-01,0.6434819198723666,,1.4536766574411968,1.0485792886567817
베네수엘라,공용,2027-01-01,1.6487676038845167,,2.3002210217458803,1.9744943128151986
베네수엘라,공용,2027-02-01,0.7826267339188331,,1.734864625251984,1.2587456795854086
베네수엘라,공용,2027-03-01,1.5173331329527178,,1.4348981175812008,1.4761156252669592
베네수엘라,관광,2025-04-01,135.71142596831294,,87.3454631207814,111.52844454454717
베네수엘라,관광,2025-05-01,142.8687865836259,,93.88773842272447,118.3782625031752
베네수엘라,관광,2025-06-01,149.35498144428695,,95.3404003215926,122.34769088293977
베네수엘라,관광,2025-07-01,153.02272177164835,,97.13504349736012,125.07888263450423
베네수엘라,관광,2025-08-01,146.86714702617783,,89.80867024767771,118.33790863692778
베네수엘라,관광,2025-09-01,183.28097520197636,,95.49635787404111,139.38866653800875
베네수엘라,관광,2025-10-01,267.5387537344993,,137.46072658659025,202.49974016054477
베네수엘라,관광,2025-11-01,126.96731523764095,,114.66369131995518,120.81550327879806
베네수엘라,관광,2025-12-01,124.03716691435694,,56.467374279239415,90.25227059679818
베네수엘라,관광,2026-01-01,89.81893983976573,,63.4960827221159,76.65751128094081
베네수엘라,관광,2026-02-01,93.84160898572162,,67.00940468243093,80.42550683407627
베네수엘라,관광,2026-03-01,168.1352887054883,,71.78382546056783,119.95955708302807
베네수엘라,관광,2026-04-01,156.86535986006734,,81.25856538590156,119.06196262298445
베네수엘라,관광,2026-05-01,181.27040001639241,,90.54443670262344,135.90741835950791
베네수엘라,관광,2026-06-01,198.08866672519866,,97.08836087290199,147.58851379905033
베네수엘라,관광,2026-07-01,178.1395008531504,,97.00634766601286,137.5729242595816
베네수엘라,관광,2026-08-01,176.3267826774874,,88.80917057756724,132.56797662752732
베네수엘라,관광,2026-09-01,229.9437372775875,,74.82900568019326,152.3863714788904
베네수엘라,관광,2026-10-01,338.5049742951124,,83.49694296723445,211.00095863117343
베네수엘라,관광,2026-11-01,166.58166573043644,,92.33875964697319,129.46021268870481
베네수엘라,관광,2026-12-01,128.41699158073834,,62.157273604914984,95.28713259282667
베네수엘라,관광,2027-01-01,108.13810174682983,,68.03001294016318,88.08405734349651
베네수엘라,관광,2027-02-01,116.05653220343186,,68.18514484544615,92.120838524439
베네수엘라,관광,2027-03-01,215.89516842216392,,72.20336096446334,144.04926469331363
베네수엘라,기타,2025-04-01,47.87282666746815,,37.85375675305746,42.86329171026281
베네수엘라,기타,2025-05-01,48.430126831420516,,38.94707361748633,43.688600224453424
베네수엘라,기타,2025-06-01,45.68053599082099,,41.64410842786019,43.66232220934059
베네수엘라,기타,2025-07-01,54.9114916106968,,46.24954282835536,50.58051721952608
베네수엘라,기타,2025-08-01,55.62785081529898,,49.54662439639751,52.587237605848244
베네수엘라,기타,2025-09-01,48.719611536794666,,45.18950890725197,46.95456022202332
베네수엘라,기타,2025-10-01,53.30566468919195,,40.966406551074115,47.13603562013303
베네수엘라,기타,2025-11-01,43.86861326736436,,38.812616174703614,41.34061472103399
베네수엘라,기타,2025-12-01,46.75421704620869,,37.53639068075895,42.14530386348382
베네수엘라,기타,2026-01-01,59.476525329355354,,37.38018274793795,48.42835403864665
베네수엘라,기타,2026-02-01,45.9002605961058,,37.94513229720272,41.92269644665426
베네수엘라,기타,2026-03-01,55.383214913370345,,39.26303652018517,47.32312571677775
베네수엘라,기타,2026-04-01,58.265080028428876,,40.374787001151105,49.319933514789994
베네수엘라,기타,2026-05-01,55.18708844987899,,41.927200390207446,48.557144420043215
베네수엘라,기타,2026-06-01,54.003918587366094,,44.66118097739418,49.33254978238014
베네수엘라,기타,2026-07-01,63.95686710262863,,49.53992562733984,56.74839636498423
베네수엘라,기타,2026-08-01,66.03282595293899,,53.355355578315894,59.69409076562744
베네수엘라,기타,2026-09-01,56.609679307016684,,48.07912860905696,52.34440395803682
베네수엘라,기타,2026-10-01,63.10754592170109,,43.09457560594181,53.10106076382145
베네수엘라,기타,2026-11-01,50.219361815678795,,39.80043613843139,45.00989897705509
베네수엘라,기타,2026-12-01,52.821156664155325,,38.460120768659564,45.640638716407445
베네수엘라,기타,2027-01-01,67.9349841538926,,37.70620923164742,52.82059669277001
베네수엘라,기타,2027-02-01,55.97842957531415,,37.93427538359344,46.9563524794538
베네수엘라,기타,2027-03-01,60.85801413452186,,39.58997635277808,50.223995243649966
베네수엘라,상용,2025-04-01,2.7251164701772277,,1.680410407863677,2.2027634390204525
베네수엘라,상용,2025-05-01,3.618824662372907,,1.313982893359271,2.466403777866089
베네수엘라,상용,2025-06-01,2.1670762470366878,,1.019486381536146,1.5932813142864168
베네수엘라,상용,2025-07-01,2.295790033359802,,0.9090570418066708,1.6024235375832363
베네수엘라,상용,2025-08-01,3.841804088406047,,1.9628883710555918,2.9023462297308193
베네수엘라,상용,2025-09-01,2.735557388421213,,1.6276118034457654,2.181584595933489
베네수엘라,상용,2025-10-01,3.2645202310380395,,1.0401152141840182,2.152317722611029
베네수엘라,상용,2025-11-01,1.8073250099539833,,0.5558390107759394,1.1815820103649615
베네수엘라,상용,2025-12-01,1.6652960509561827,,0.44853793066919234,1.0569169908126876
베네수엘라,상용,2026-01-01,4.90598505549203,,3.948494565200115,4.427239810346072
베네수엘라,상용,2026-02-01,2.5475651603372804,,1.999122391788637,2.2733437760629585
베네수엘라,상용,2026-03-01,3.751713958526901,,1.642597552271531,2.697155755399216
베네수엘라,상용,2026-04-01,3.0565276124683827,,1.4704270248334725,2.263477318650928
베네수엘라,상용,2026-05-01,4.472683589019344,,1.42835684039117,2.950520214705257
베네수엘라,상용,2026-06-01,2.437095951593085,,1.2767479722468247,1.8569219619199548
베네수엘라,상용,2026-07-01,2.7580056316248043,,1.1874364732615654,1.9727210524431849
베네수엘라,상용,2026-08-01,4.895274908392622,,2.2670608042896703,3.581167856341146
베네수엘라,상용,2026-09-01,3.2469538765662764,,1.8580159731526047,2.5524849248594403
베네수엘라,상용,2026-10-01,3.784638367000076,,1.225961261993263,2.505299814496669
베네수엘라,상용,2026-11-01,2.1383931961281704,,0.6767954244427785,1.4075943102854744
베네수엘라,상용,2026-12-01,1.934964959583639,,0.5160979666757926,1.2255314631297156
베네수엘라,상용,2027-01-01,5.748006382709125,,4.15250939558537,4.950257889147247
베네수엘라,상용,2027-02-01,3.0099435752659787,,2.0940213738533764,2.5519824745596775
베네수엘라,상용,2027-03-01,4.6621994759152265,,1.787226134382986,3.2247128051491063
베네수엘라,유학연수,2025-04-01,1.275040114188354,,1.2547442132264361,1.264892163707395
베네수엘라,유학연수,2025-05-01,1.8804928730084778,,1.6026033407986202,1.741548106903549
베네수엘라,유학연수,2025-06-01,2.067378807737173,,2.5294390648844294,2.298408936310801
베네수엘라,유학연수,2025-07-01,2.5951486105488613,,4.0059509869542875,3.3005497987515744
베네수엘라,유학연수,2025-08-01,9.772187397062938,,8.446200888052775,9.109194142557858
베네수엘라,유학연수,2025-09-01,2.743229508272536,,1.9639656434908757,2.3535975758817056
베네수엘라,유학연수,2025-10-01,1.215893050778726,,2.022301659687021,1.6190973552328736
베네수엘라,유학연수,2025-11-01,2.732259860981172,,3.1148158570775877,2.9235378590293797
베네수엘라,유학연수,2025-12-01,2.041227714835973,,1.7302096856477147,1.8857187002418438
베네수엘라,유학연수,2026-01-01,5.850590301791267,,5.781662753536351,5.816126527663809
베네수엘라,유학연수,2026-02-01,10.625127231286047,,4.567289790769371,7.596208511027709
베네수엘라,유학연수,2026-03-01,3.0836258755365686,,0.7473822909879798,1.9155040832622743
베네수엘라,유학연수,2026-04-01,1.939655432698679,,-0.4234344955942857,0.7581104685521967
베네수엘라,유학연수,2026-05-01,2.1457272970746493,,-0.28704428651659564,0.9293415052790268
베네수엘라,유학연수,2026-06-01,2.3009299593727324,,0.38173305926505696,1.3413315093188947
베네수엘라,유학연수,2026-07-01,2.965518406450275,,1.078730834430786,2.0221246204405308
베네수엘라,유학연수,2026-08-01,11.18417419879302,,2.594584566134794,6.889379382463907
베네수엘라,유학연수,2026-09-01,2.9775636513722117,,0.1956519080793051,1.5866077797257585
베네수엘라,유학연수,2026-10-01,1.9081492061002088,,-0.04597372083268092,0.9310877426337639
베네수엘라,유학연수,2026-11-01,3.4098164001018136,,0.372854124074101,1.8913352620879573
베네수엘라,유학연수,2026-12-01,1.9362474171619055,,0.6491878812953196,1.2927176492286125
베네수엘라,유학연수,2027-01-01,7.165350015703303,,2.8509686215831973,5.00815931864325
베네수엘라,유학연수,2027-02-01,11.326618833430448,,5.5028520412599615,8.414735437345204
베네수엘라,유학연수,2027-03-01,3.9186568024493433,,2.947222840661019,3.4329398215551814
베트남,공용,2025-04-01,305.7515332163086,,173.3168291921942,239.5341812042514
베트남,공용,2025-05-01,305.27095597898324,,210.97963577311157,258.1252958760474
베트남,공용,2025-06-01,408.64363983259665,,247.348889526797,327.9962646796968
베트남,공용,2025-07-01,363.94516670827824,,265.04980190630454,314.4974843072914
베트남,공용,2025-08-01,348.2475850863749,,261.07661973476803,304.6621024105715
베트남,공용,2025-09-01,530.824482061114,,402.713428736414,466.76895539876404
베트남,공용,2025-10-01,702.4940847488456,,547.3820020237486,624.9380433862971
베트남,공용,2025-11-01,595.4263123976426,,415.6567681819552,505.54154028979895
베트남,공용,2025-12-01,379.8340219738557,,243.25977464755147,311.54689831070357
베트남,공용,2026-01-01,115.0687469919894,,66.38444537097199,90.72659618148069
베트남,공용,2026-02-01,115.169255426048,,74.17040624285397,94.66983083445098
베트남,공용,2026-03-01,221.79042676727914,,161.49925916111764,191.6448429641984
베트남,공용,2026-04-01,382.9663874017911,,238.31537060300462,310.64087900239787
베트남,공용,2026-05-01,438.7878599350091,,286.8548634683483,362.8213617016787
베트남,공용,2026-06-01,497.903401083736,,284.1734944963813,391.0384477900586
베트남,공용,2026-07-01,415.87295769384343,,255.57183016639118,335.7223939301173
베트남,공용,2026-08-01,377.1784936326084,,247.90008197599423,312.53928780430135
베트남,공용,2026-09-01,671.9071905879612,,425.58901305865277,548.748101823307
베트남,공용,2026-10-01,848.8421483431655,,588.8511580331999,718.8466531881827
베트남,공용,2026-11-01,783.242825840117,,465.15831924783413,624.2005725439756
베트남,공용,2026-12-01,457.4662903482123,,275.8431085719268,366.65469946006954
베트남,공용,2027-01-01,112.32062321536077,,63.976305749910836,88.1484644826358
베트남,공용,2027-02-01,100.19632118885261,,61.61029942079668,80.90331030482464
베트남,공용,2027-03-01,265.6170080140689,,138.15220511512507,201.884606564597
베트남,관광,2025-04-01,45720.07301881491,,28217.167220974567,36968.62011989474
베트남,관광,2025-05-01,29601.766636948087,,29510.074011655794,29555.92032430194
베트남,관광,2025-06-01,40862.632687737496,,29533.41444700297,35198.023567370234
베트남,관광,2025-07-01,38890.912730476215,,29622.49051523472,34256.70162285547
베트남,관광,2025-08-01,31573.535274456943,,23666.52698822601,27620.03113134148
베트남,관광,2025-09-01,32084.651094019144,,24011.87726155752,28048.264177788333
베트남,관광,2025-10-01,49765.40846624023,,38449.68569898545,44107.547082612844
베트남,관광,2025-11-01,35960.67744391428,,23230.798784560466,29595.738114237374
베트남,관광,2025-12-01,24183.98919135021,,13400.054084937725,18792.021638143968
베트남,관광,2026-01-01,17344.11489031884,,7634.865714816227,12489.490302567534
베트남,관광,2026-02-01,19640.496566060654,,7002.563120971204,13321.52984351593
베트남,관광,2026-03-01,32290.426997818275,,15413.638510163484,23852.03275399088
베트남,관광,2026-04-01,58059.746614744196,,22382.598779769563,40221.17269725688
베트남,관광,2026-05-01,36847.05894353468,,24424.690365160546,30635.87465434761
베트남,관광,2026-06-01,51232.088922310286,,25058.60671210306,38145.347817206675
베트남,관광,2026-07-01,48447.22610690107,,25671.080472324167,37059.153289612615
베트남,관광,2026-08-01,37962.24900951669,,21158.279566161218,29560.264287838952
베트남,관광,2026-09-01,38584.87915405485,,21451.705321641617,30018.292237848233
베트남,관광,2026-10-01,64136.66788404617,,33928.13115995799,49032.39952200208
베트남,관광,2026-11-01,44264.704170443474,,22260.168151221143,33262.43616083231
베트남,관광,2026-12-01,28237.022903990503,,12929.481354646789,20583.252129318644
베트남,관광,2027-01-01,20125.946640821607,,7617.576287979211,13871.76146440041
베트남,관광,2027-02-01,23991.288203454067,,9098.275676904994,16544.78194017953
베트남,관광,2027-03-01,38958.41445395127,,18354.33427079601,28656.37436237364
베트남,기타,2025-04-01,19138.09515672763,,19412.364821092968,19275.2299889103
베트남,기타,2025-05-01,18055.324486386122,,17787.954031334855,17921.639258860487
베트남,기타,2025-06-01,16624.202925644237,,15711.071512421662,16167.63721903295
베트남,기타,2025-07-01,17414.07704308632,,14298.866311632366,15856.471677359343
베트남,기타,2025-08-01,20608.469367965336,,13865.154904363044,17236.81213616419
베트남,기타,2025-09-01,17863.07051767693,,13394.937529215636,15629.004023446283
베트남,기타,2025-10-01,17284.8930239204,,13157.076792126923,15220.98490802366
베트남,기타,2025-11-01,15846.944727634836,,13976.553064550824,14911.748896092831
베트남,기타,2025-12-01,15807.372187783709,,15269.820027880673,15538.59610783219
베트남,기타,2026-01-01,14953.02779961011,,16942.145055786314,15947.586427698212
베트남,기타,2026-02-01,27683.847652298973,,19112.85403333382,23398.3508428164
베트남,기타,2026-03-01,25139.872192781324,,20003.240827030953,22571.55650990614
베트남,기타,2026-04-01,23014.602366299452,,19488.12176575591,21251.36206602768
베트남,기타,2026-05-01,22028.435937321192,,17976.46755942248,20002.451748371837
베트남,기타,2026-06-01,21097.289745950286,,15901.056113478033,18499.172929714157
베트남,기타,2026-07-01,22042.74811647606,,14452.889142412263,18247.818629444162
베트남,기타,2026-08-01,25710.45887040376,,13963.394581903596,19836.926726153677
베트남,기타,2026-09-01,21197.90854302302,,13501.480154638337,17349.69434883068
베트남,기타,2026-10-01,20951.10326426302,,13255.91699213501,17103.510128199014
베트남,기타,2026-11-01,18639.381420800324,,14039.73299797648,16339.557209388402
베트남,기타,2026-12-01,19344.745332930244,,15239.683739692702,17292.214536311472
베트남,기타,2027-01-01,19317.657530899884,,16838.07078478189,18077.864157840886
베트남,기타,2027-02-01,32413.833972717846,,19065.446718979583,25739.640345848715
베트남,기타,2027-03-01,30720.910326279693,,19990.754929547365,25355.83262791353
베트남,상용,2025-04-01,570.1000111081428,,373.7866965859508,471.94335384704675
베트남,상용,2025-05-01,542.3941600321251,,458.48199130773634,500.43807566993075
베트남,상용,2025-06-01,514.463093666625,,442.96544169480427,478.71426768071467
베트남,상용,2025-07-01,493.28442877887153,,441.4948214232766,467.3896251010741
베트남,상용,2025-08-01,484.4035061868864,,430.5253226631431,457.46441442501475
베트남,상용,2025-09-01,543.7953988876876,,450.44173577479035,497.118567331239
베트남,상용,2025-10-01,657.3483302348553,,604.0674116987055,630.7078709667804
베트남,상용,2025-11-01,666.2290382262221,,558.866003208988,612.547520717605
베트남,상용,2025-12-01,597.2352716568116,,387.9028211760784,492.569046416445
베트남,상용,2026-01-01,455.40387202620855,,244.1233083153853,349.76359017079693
베트남,상용,2026-02-01,394.32906022415176,,315.7051255266837,355.0170928754177
베트남,상용,2026-03-01,575.5443042794558,,464.1796224720097,519.8619633757328
베트남,상용,2026-04-01,674.9160048818643,,474.21215458981357,574.564079735839
베트남,상용,2026-05-01,622.0269078310357,,504.8601442350043,563.44352603302
베트남,상용,2026-06-01,599.5626349741269,,480.386119955709,539.974377464918
베트남,상용,2026-07-01,578.2040124982873,,460.28570135804716,519.2448569281672
베트남,상용,2026-08-01,563.6153182923076,,422.48046288646043,493.047890589384
베트남,상용,2026-09-01,630.9450402792662,,478.23787583103746,554.5914580551519
베트남,상용,2026-10-01,760.8456765951272,,670.7532727498574,715.7994746724924
베트남,상용,2026-11-01,783.9081989152331,,626.7026137021326,705.3054063086829
베트남,상용,2026-12-01,682.7752702484158,,443.5678724315852,563.1715713400006
베트남,상용,2027-01-01,506.42090999648013,,256.3842633742001,381.4025866853401
베트남,상용,2027-02-01,451.8876836062805,,300.44518219549457,376.16643290088757
베트남,상용,2027-03-01,667.7215844210483,,495.30711477830727,581.5143495996778
베트남,유학연수,2025-04-01,3454.214557918168,,3441.748606923948,3447.981582421058
베트남,유학연수,2025-05-01,3704.2932525296806,,5207.781994085425,4456.037623307553
베트남,유학연수,2025-06-01,6994.614140363445,,6603.8111110806185,6799.212625722032
베트남,유학연수,2025-07-01,6737.3163365763385,,7109.644446455893,6923.480391516116
베트남,유학연수,2025-08-01,8151.757602295609,,7007.199111393458,7579.478356844534
베트남,유학연수,2025-09-01,9176.364062251188,,5487.590833469937,7331.977447860563
베트남,유학연수,2025-10-01,2723.864615711506,,3644.3818216088794,3184.123218660193
베트남,유학연수,2025-11-01,4120.517925718353,,8093.459316377381,6106.988621047867
베트남,유학연수,2025-12-01,9271.340189696646,,7949.428719831872,8610.384454764258
베트남,유학연수,2026-01-01,4021.5968983854627,,7572.076619937291,5796.836759161377
베트남,유학연수,2026-02-01,21105.82432643217,,16288.339774882514,18697.082050657344
베트남,유학연수,2026-03-01,14509.695474316419,,13383.094412550581,13946.3949434335
베트남,유학연수,2026-04-01,3624.3958199502054,,5031.890339860466,4328.143079905336
베트남,유학연수,2026-05-01,4648.397604494786,,5719.336557830454,5183.86708116262
베트남,유학연수,2026-06-01,8625.137993272901,,6715.319388098972,7670.228690685937
베트남,유학연수,2026-07-01,8245.378977170509,,7519.965417488084,7882.672197329297
베트남,유학연수,2026-08-01,10091.38018063899,,6526.595942008884,8308.988061323937
베트남,유학연수,2026-09-01,10619.83436822446,,4312.907699237301,7466.37103373088
베트남,유학연수,2026-10-01,3629.77551195979,,6323.997988912119,4976.886750435954
베트남,유학연수,2026-11-01,4793.519093449586,,13515.704251795454,9154.61167262252
베트남,유학연수,2026-12-01,10109.998550009945,,8744.57096603326,9427.284758021602
베트남,유학연수,2027-01-01,5793.445956880322,,6307.226321297202,6050.336139088762
베트남,유학연수,2027-02-01,25066.46308405433,,16243.90960275585,20655.18634340509
베트남,유학연수,2027-03-01,17194.204388266422,,13905.990359333005,15550.097373799714
벨기에,공용,2025-04-01,6.1199945014531,,3.051408467194927,4.585701484324013
벨기에,공용,2025-05-01,8.613154146905512,,2.5700930673226856,5.591623607114099
벨기에,공용,2025-06-01,5.018040230848529,,2.556214161796177,3.787127196322353
벨기에,공용,2025-07-01,10.449146796873798,,2.8748481904257597,6.661997493649778
벨기에,공용,2025-08-01,12.665779302500694,,5.922105063811664,9.29394218315618
벨기에,공용,2025-09-01,9.234477561420853,,6.173403468552766,7.70394051498681
벨기에,공용,2025-10-01,6.807778456040078,,4.348114191725073,5.577946323882575
벨기에,공용,2025-11-01,11.78341749814569,,3.4021047541766887,7.592761126161189
벨기에,공용,2025-12-01,5.649337927552945,,2.6554447655424593,4.152391346547702
벨기에,공용,2026-01-01,8.8673053764886,,2.570723581726088,5.719014479107344
벨기에,공용,2026-02-01,4.949985917894882,,1.8454032507307616,3.3976945843128217
벨기에,공용,2026-03-01,12.603087803479674,,1.5846459403662028,7.0938668719229385
벨기에,공용,2026-04-01,6.858508152202483,,1.3098456455203757,4.084176898861429
벨기에,공용,2026-05-01,10.475541408240913,,1.175936216330364,5.825738812285638
벨기에,공용,2026-06-01,6.762226522810042,,1.2182048419844067,3.9902156823972246
벨기에,공용,2026-07-01,10.853814895675045,,1.2350544380065758,6.044434666840811
벨기에,공용,2026-08-01,12.885090230658376,,1.689818950597273,7.287454590627824
벨기에,공용,2026-09-01,13.322244243420062,,1.7052489355028622,7.513746589461462
벨기에,공용,2026-10-01,12.694492518056986,,1.7903283446972122,7.242410431377099
벨기에,공용,2026-11-01,12.280004441685994,,1.679738924090574,6.979871682888284
벨기에,공용,2026-12-01,5.961990388873029,,1.3558343512762048,3.658912370074617
벨기에,공용,2027-01-01,7.957802369014185,,1.5124006639539294,4.735101516484057
벨기에,공용,2027-02-01,5.238907930582218,,1.7026392597274114,3.4707735951548147
벨기에,공용,2027-03-01,19.016146176302936,,2.0883564152439686,10.552251295773452
벨기에,관광,2025-04-01,2512.3036875878547,,1721.5294239713305,2116.9165557795927
벨기에,관광,2025-05-01,2130.9090396654965,,1702.3431424894409,1916.6260910774686
벨기에,관광,2025-06-01,1888.19204744951,,1571.9914861458399,1730.091766797675
벨기에,관광,2025-07-01,2535.959410482559,,1543.6664420432667,2039.812926262913
벨기에,관광,2025-08-01,1916.8519322382774,,1535.514473166219,1726.1832027022483
벨기에,관광,2025-09-01,2573.928798202803,,1883.249206368175,2228.589002285489
벨기에,관광,2025-10-01,2878.4372164980837,,2120.108826152926,2499.273021325505
벨기에,관광,2025-11-01,1931.845087447695,,1455.1985604651084,1693.5218239564017
벨기에,관광,2025-12-01,1265.264382847578,,832.3357579638973,1048.8000704057376
벨기에,관광,2026-01-01,1107.3457866369617,,523.9001522196215,815.6229694282916
벨기에,관광,2026-02-01,1227.676441374265,,566.548721281486,897.1125813278755
벨기에,관광,2026-03-01,2235.1193483345755,,1116.1307484930608,1675.6250484138181
벨기에,관광,2026-04-01,3078.4097017275826,,1522.4033161340103,2300.4065089307965
벨기에,관광,2026-05-01,2589.9117689107306,,1601.9570308321527,2095.9343998714417
벨기에,관광,2026-06-01,2263.6255291691696,,1515.223199673783,1889.4243644214762
벨기에,관광,2026-07-01,3408.4622123809186,,1499.3461841623293,2453.904198271624
벨기에,관광,2026-08-01,2359.823769518183,,1481.9893111223255,1920.9065403202542
벨기에,관광,2026-09-01,3119.7688870609486,,1789.1912700395653,2454.480078550257
벨기에,관광,2026-10-01,3382.8495846320384,,2045.5871980579752,2714.2183913450067
벨기에,관광,2026-11-01,2417.5021468693285,,1433.01097564702,1925.2565612581743
벨기에,관광,2026-12-01,1552.8413138338726,,827.4971234758932,1190.169218654883
벨기에,관광,2027-01-01,1368.4736388097149,,519.644253269347,944.058946039531
벨기에,관광,2027-02-01,1497.5005766322822,,539.7048640810871,1018.6027203566846
벨기에,관광,2027-03-01,2718.5727692110204,,1042.1068473996738,1880.339808305347
벨기에,기타,2025-04-01,186.85926335382612,,160.2843933361917,173.5718283450089
벨기에,기타,2025-05-01,205.14849579900047,,153.77684773178527,179.46267176539288
벨기에,기타,2025-06-01,171.96108245458385,,146.09057983548246,159.02583114503315
벨기에,기타,2025-07-01,175.28328223588636,,141.1252616502898,158.2042719430881
벨기에,기타,2025-08-01,207.74223357667864,,161.7896663041712,184.76594994042492
벨기에,기타,2025-09-01,178.4888260484311,,162.31444854844915,170.4016372984401
벨기에,기타,2025-10-01,219.75351628431227,,153.69740369858954,186.72545999145092
벨기에,기타,2025-11-01,170.4093103463984,,147.41180128094035,158.91055581366936
벨기에,기타,2025-12-01,174.33266889761717,,145.46645949447952,159.89956419604835
벨기에,기타,2026-01-01,212.3231013094252,,165.78518551232224,189.05414341087373
벨기에,기타,2026-02-01,175.39157751884758,,156.84761900113642,166.11959825999202
벨기에,기타,2026-03-01,205.74709068022935,,158.15681871301962,181.95195469662448
벨기에,기타,2026-04-01,226.41604256488822,,165.45299470654496,195.93451863571659
벨기에,기타,2026-05-01,212.6550442949628,,165.9404776881663,189.29776099156456
벨기에,기타,2026-06-01,182.3555160069004,,162.977168324502,172.6663421657012
벨기에,기타,2026-07-01,184.92440912145346,,158.5551536828449,171.73978140214916
벨기에,기타,2026-08-01,230.55144475053189,,177.80308208770282,204.17726341911737
벨기에,기타,2026-09-01,207.37353147671803,,177.20816571863256,192.29084859767528
벨기에,기타,2026-10-01,239.39053984747224,,160.31495451699357,199.85274718223292
벨기에,기타,2026-11-01,186.25721766239695,,148.6038960338628,167.43055684812987
벨기에,기타,2026-12-01,178.35813952891368,,147.80381816477865,163.08097884684616
벨기에,기타,2027-01-01,232.76160504382673,,176.6346276577479,204.6981163507873
벨기에,기타,2027-02-01,188.71725901128715,,160.92887699536635,174.82306800332674
벨기에,기타,2027-03-01,219.96556462953367,,157.33167720163806,188.64862091558587
벨기에,상용,2025-04-01,19.53884965284555,,18.791788406603906,19.165319029724728
벨기에,상용,2025-05-01,20.681958558027905,,19.480527135882408,20.081242846955156
벨기에,상용,2025-06-01,20.224678595092417,,19.552943845412912,19.888811220252663
벨기에,상용,2025-07-01,19.542516127927886,,19.25900775705538,19.400761942491634
벨기에,상용,2025-08-01,23.53795019288479,,20.418161459983978,21.978055826434385
벨기에,상용,2025-09-01,23.296378068393686,,21.883961225524686,22.590169646959186
벨기에,상용,2025-10-01,21.65263223750067,,19.427199349595465,20.53991579354807
벨기에,상용,2025-11-01,22.88831646422644,,18.705887573841995,20.797102019034217
벨기에,상용,2025-12-01,20.375835013493997,,18.589568981177194,19.482701997335596
벨기에,상용,2026-01-01,30.14739393543449,,25.580951326370844,27.864172630902665
벨기에,상용,2026-02-01,20.365158843291393,,20.28967693281744,20.327417888054416
벨기에,상용,2026-03-01,22.91285710720556,,20.170454463922862,21.54165578556421
벨기에,상용,2026-04-01,23.495569431894708,,20.57384116299279,22.03470529744375
벨기에,상용,2026-05-01,24.589571793242463,,20.350286397324243,22.469929095283355
벨기에,상용,2026-06-01,23.501997600591288,,19.99033088904511,21.7461642448182
벨기에,상용,2026-07-01,22.0500958578967,,19.52216953602215,20.786132696959427
벨기에,상용,2026-08-01,26.309443315205094,,19.868190890180696,23.088817102692893
벨기에,상용,2026-09-01,26.035032884917257,,20.735586321501977,23.385309603209617
벨기에,상용,2026-10-01,24.93820828022554,,19.68430445907781,22.311256369651673
벨기에,상용,2026-11-01,27.6947952370484,,19.23352571869077,23.464160477869584
벨기에,상용,2026-12-01,22.623131845917325,,18.963838552112353,20.79348519901484
벨기에,상용,2027-01-01,33.974470897682686,,24.97709842649155,29.47578466208712
벨기에,상용,2027-02-01,23.256772108170278,,20.508311891240755,21.882541999705516
벨기에,상용,2027-03-01,24.10954755762148,,20.6285092914287,22.36902842452509
벨기에,유학연수,2025-04-01,3.761279958149199,,4.558627346430507,4.159953652289853
벨기에,유학연수,2025-05-01,19.60609899822304,,5.003194996411658,12.304646997317349
벨기에,유학연수,2025-06-01,14.04709583012564,,7.724105201924393,10.885600516025017
벨기에,유학연수,2025-07-01,18.16153873953241,,14.70810108306834,16.434819911300377
벨기에,유학연수,2025-08-01,156.54777797311166,,119.24494486114517,137.89636141712842
벨기에,유학연수,2025-09-01,15.737863799393905,,12.158415736845432,13.948139768119669
벨기에,유학연수,2025-10-01,12.736701046995215,,17.032256561145417,14.884478804070316
벨기에,유학연수,2025-11-01,43.13369946141042,,39.47376902461792,41.303734243014176
벨기에,유학연수,2025-12-01,28.934401623799786,,35.493958144475044,32.214179884137415
벨기에,유학연수,2026-01-01,27.954578257752857,,51.02552047301283,39.490049365382845
벨기에,유학연수,2026-02-01,82.01550552711046,,69.61360913935762,75.81455733323403
벨기에,유학연수,2026-03-01,12.302013582271725,,6.5899522594073865,9.445982920839555
벨기에,유학연수,2026-04-01,6.336936070961074,,4.963394486350042,5.6501652786555585
벨기에,유학연수,2026-05-01,20.462687747794,,5.620207107997526,13.041447427895763
벨기에,유학연수,2026-06-01,14.639546729078287,,9.261948492842611,11.950747610960448
벨기에,유학연수,2026-07-01,19.450579876815954,,18.844958060692086,19.147768968754022
벨기에,유학연수,2026-08-01,158.2044221616988,,136.9761883810386,147.59030527136872
벨기에,유학연수,2026-09-01,16.54067660054143,,10.985048629718406,13.762862615129919
벨기에,유학연수,2026-10-01,11.534319468727942,,14.601135607662055,13.067727538194998
벨기에,유학연수,2026-11-01,49.26398435802107,,38.981125578285315,44.122554968153196
벨기에,유학연수,2026-12-01,29.808452509899517,,37.28135353311454,33.544903021507025
벨기에,유학연수,2027-01-01,29.396537808725988,,48.444416468377916,38.92047713855195
벨기에,유학연수,2027-02-01,79.55461236640684,,72.09454887939032,75.82458062289858
벨기에,유학연수,2027-03-01,13.877698086112021,,5.235636982622616,9.556667534367318
불가리아,공용,2025-04-01,1.1102983565518822,,0.9500181589647674,1.0301582577583248
불가리아,공용,2025-05-01,0.8811773276294663,,0.896104609734274,0.8886409686818701
불가리아,공용,2025-06-01,0.47621835643221433,,0.8167029226325621,0.6464606395323882
불가리아,공용,2025-07-01,1.042288818865671,,1.1324810184806702,1.0873849186731706
불가리아,공용,2025-08-01,0.7963421752912656,,3.0806106236228916,1.9384763994570786
불가리아,공용,2025-09-01,3.5362536015457193,,5.633588161671678,4.584920881608699
불가리아,공용,2025-10-01,0.6910441571371734,,3.55511777343915,2.1230809652881617
불가리아,공용,2025-11-01,0.9523362084014425,,2.7794466059245497,1.8658914071629962
불가리아,공용,2025-12-01,1.0345022186326174,,2.5716536238938463,1.803077921263232
불가리아,공용,2026-01-01,0.7222899979480901,,3.791556726307448,2.256923362127769
불가리아,공용,2026-02-01,0.5574724272575565,,1.7713375140330445,1.1644049706453006
불가리아,공용,2026-03-01,0.7628149457131868,,0.900498384790931,0.831656665252059
불가리아,공용,2026-04-01,1.1728805266625295,,0.5912932396698215,0.8820868831661755
불가리아,공용,2026-05-01,1.0123212849800087,,0.41745372670069175,0.7148875058403502
불가리아,공용,2026-06-01,0.4622506671667588,,0.3306934723138708,0.3964720697403148
불가리아,공용,2026-07-01,1.0921738985796845,,0.3685092148235235,0.730341556701604
불가리아,공용,2026-08-01,0.7389571192243135,,0.2692008636440848,0.5040789914341992
불가리아,공용,2026-09-01,4.063301218037498,,0.18618423513717253,2.1247427265873355
불가리아,공용,2026-10-01,0.7583560289376022,,0.20949508241384418,0.4839255556757232
불가리아,공용,2026-11-01,1.0678607640335491,,0.251945867240491,0.6599033156370201
불가리아,공용,2026-12-01,1.0057063859757034,,0.33919839570625826,0.6724523908409809
불가리아,공용,2027-01-01,0.7161806622261049,,0.36253958372667244,0.5393601229763887
불가리아,공용,2027-02-01,0.6299617338252731,,0.40690596462274226,0.5184338492240077
불가리아,공용,2027-03-01,0.9167305935125091,,0.4712426365149531,0.693986615013731
불가리아,관광,2025-04-01,617.8512194485206,,631.5937619007784,624.7224906746495
불가리아,관광,2025-05-01,574.9382120943598,,441.87643528345046,508.4073236889051
불가리아,관광,2025-06-01,429.4032998612572,,258.66736092920905,344.03533039523313
불가리아,관광,2025-07-01,486.74327437874416,,241.55121644365374,364.1472454111989
불가리아,관광,2025-08-01,505.86418439088584,,344.1286210249206,424.99640270790326
불가리아,관광,2025-09-01,686.211822806144,,494.90692771360517,590.5593752598746
불가리아,관광,2025-10-01,722.8365075000684,,570.0253671121105,646.4309373060894
불가리아,관광,2025-11-01,476.46577611153054,,334.6442460430726,405.5550110773016
불가리아,관광,2025-12-01,332.22991447117505,,178.3688223691184,255.29936842014672
불가리아,관광,2026-01-01,359.1974824692379,,135.34575795141393,247.27162021032592
불가리아,관광,2026-02-01,301.3580272348666,,251.46379774674904,276.41091249080785
불가리아,관광,2026-03-01,691.9418953929196,,615.0075417174023,653.474718555161
불가리아,관광,2026-04-01,803.82404646203,,639.26333626571,721.54369136387
불가리아,관광,2026-05-01,751.1412391167444,,470.17951173112624,610.6603754239353
불가리아,관광,2026-06-01,541.662130606112,,267.18197302263843,404.4220518143752
불가리아,관광,2026-07-01,628.4548936398672,,235.25032474511144,431.85260919248935
불가리아,관광,2026-08-01,630.1140988366035,,327.2728256738624,478.69346225523293
불가리아,관광,2026-09-01,816.2498392442142,,473.3860793987194,644.8179593214668
불가리아,관광,2026-10-01,850.8349305023519,,556.2680005403781,703.551465521365
불가리아,관광,2026-11-01,600.9046521905634,,335.1120715500617,468.00836187031257
불가리아,관광,2026-12-01,430.6594231253122,,178.59112014839087,304.6252716368515
불가리아,관광,2027-01-01,460.2119397124671,,135.76125756726321,297.9865986398652
불가리아,관광,2027-02-01,421.68889624839437,,247.60564309390082,334.64726967114757
불가리아,관광,2027-03-01,689.9350026200392,,607.0748516947731,648.5049271574062
불가리아,기타,2025-04-01,164.37521098501665,,142.32848658504616,153.3518487850314
불가리아,기타,2025-05-01,146.51036632778244,,140.5020575893197,143.50621195855106
불가리아,기타,2025-06-01,146.31763441223302,,139.41553354950733,142.8665839808702
불가리아,기타,2025-07-01,146.56947959246781,,140.48840906895077,143.5289443307093
불가리아,기타,2025-08-01,145.21220852498757,,139.122950969876,142.16757974743177
불가리아,기타,2025-09-01,146.20451149286905,,133.46768776714075,139.8360996300049
불가리아,기타,2025-10-01,151.91012146362812,,125.61874612805966,138.7644337958439
불가리아,기타,2025-11-01,126.71958057963268,,121.73342692556315,124.22650375259792
불가리아,기타,2025-12-01,140.27898653900118,,118.89880136659974,129.58889395280045
불가리아,기타,2026-01-01,132.95606100428674,,109.19630338846571,121.07618219637622
불가리아,기타,2026-02-01,131.61382189818266,,113.47711452932538,122.54546821375402
불가리아,기타,2026-03-01,148.04358686663662,,133.2302083612191,140.63689761392786
불가리아,기타,2026-04-01,174.6030151324522,,141.15221685712416,157.8776159947882
불가리아,기타,2026-05-01,143.0448487033173,,139.74523137724663,141.39504004028197
불가리아,기타,2026-06-01,145.21538304317662,,139.73112224961838,142.4732526463975
불가리아,기타,2026-07-01,146.895817427216,,140.85546456967145,143.8756409984437
불가리아,기타,2026-08-01,147.88850203136357,,138.6133011586581,143.25090159501082
불가리아,기타,2026-09-01,147.12681794451925,,132.19510263704163,139.66096029078045
불가리아,기타,2026-10-01,151.7775047169583,,124.37122772986368,138.074366223411
불가리아,기타,2026-11-01,129.30986293458366,,120.62457555491636,124.96721924475001
불가리아,기타,2026-12-01,142.7011878706265,,118.12818117923376,130.41468452493012
불가리아,기타,2027-01-01,131.2805900996392,,108.18924622213342,119.73491816088631
불가리아,기타,2027-02-01,127.88484505833172,,112.3694267980706,120.12713592820117
불가리아,기타,2027-03-01,147.59842415265797,,131.6144465804231,139.60643536654055
불가리아,상용,2025-04-01,1.2139123661521214,,0.919090979512263,1.0665016728321923
불가리아,상용,2025-05-01,1.798155850907036,,1.0760605028583772,1.4371081768827065
불가리아,상용,2025-06-01,1.3577060824519345,,1.2026356698142113,1.2801708761330728
불가리아,상용,2025-07-01,1.236338954442568,,1.2881428255682512,1.2622408900054096
불가리아,상용,2025-08-01,1.241457000855556,,1.398489518526537,1.3199732596910465
불가리아,상용,2025-09-01,1.4477921429047635,,2.0608443732561095,1.7543182580804366
불가리아,상용,2025-10-01,1.4301462390338826,,1.2692718523287405,1.3497090456813114
불가리아,상용,2025-11-01,1.1721110347899213,,0.9082189488559618,1.0401649918229414
불가리아,상용,2025-12-01,0.9490701392641909,,0.9156636950847017,0.9323669171744463
불가리아,상용,2026-01-01,1.281620336475398,,1.1008051004125106,1.1912127184439543
불가리아,상용,2026-02-01,0.8946646627664467,,0.9139983723504335,0.9043315175584401
불가리아,상용,2026-03-01,1.0209590506851687,,0.8506289265127309,0.9357939885989498
불가리아,상용,2026-04-01,1.4922738110649516,,1.0090515067450407,1.250662658904996
불가리아,상용,2026-05-01,2.111979894551552,,1.176630776110959,1.6443053353312556
불가리아,상용,2026-06-01,1.2955401967343665,,1.3095185062618184,1.3025293514980925
불가리아,상용,2026-07-01,1.3204827613297212,,1.400785063218361,1.3606339122740412
불가리아,상용,2026-08-01,1.7380343426468428,,1.5221101044644745,1.6300722235556586
불가리아,상용,2026-09-01,1.4125175166193817,,1.8134801123085706,1.6129988144639762
불가리아,상용,2026-10-01,1.6327085945911397,,1.251185516508836,1.4419470555499878
불가리아,상용,2026-11-01,1.3922282611321217,,0.9658827064293967,1.1790554837807592
불가리아,상용,2026-12-01,0.9719835108309364,,0.9770765714171299,0.9745300411240332
불가리아,상용,2027-01-01,1.4049465365970202,,1.115581256353825,1.2602638964754225
불가리아,상용,2027-02-01,1.0529520595290989,,0.9425309511195592,0.997741505324329
불가리아,상용,2027-03-01,1.0242321934773106,,0.871423591324209,0.9478278924007598
불가리아,유학연수,2025-04-01,2.453807295122589,,3.484109021517275,2.968958158319932
불가리아,유학연수,2025-05-01,5.6877702807675465,,3.5659926080599256,4.626881444413736
불가리아,유학연수,2025-06-01,6.193039004031211,,3.753534514392813,4.973286759212012
불가리아,유학연수,2025-07-01,6.919648905446695,,3.948640793666172,5.434144849556434
불가리아,유학연수,2025-08-01,47.75220834751798,,35.51594442720005,41.634076387359016
불가리아,유학연수,2025-09-01,8.967009450844643,,5.143954399201068,7.055481925022855
불가리아,유학연수,2025-10-01,2.6741672180464944,,2.7865419306712758,2.730354574358885
불가리아,유학연수,2025-11-01,5.07855150842179,,4.421362876917735,4.749957192669763
불가리아,유학연수,2025-12-01,5.437542237592878,,7.071646568269484,6.254594402931181
불가리아,유학연수,2026-01-01,14.689755848474043,,9.21955352929426,11.954654688884151
불가리아,유학연수,2026-02-01,37.00415615074673,,23.857207411789638,30.430681781268184
불가리아,유학연수,2026-03-01,6.022311158733925,,3.8926883461510764,4.957499752442501
불가리아,유학연수,2026-04-01,2.2874568733115823,,3.619977806355219,2.9537173398334007
불가리아,유학연수,2026-05-01,6.58370717808019,,3.643000637027625,5.113353907553908
불가리아,유학연수,2026-06-01,6.502879874085555,,3.756929990115183,5.129904932100369
불가리아,유학연수,2026-07-01,9.476896565380082,,3.892867845439581,6.684882205409831
불가리아,유학연수,2026-08-01,55.12513765710603,,25.6074778916477,40.366307774376864
불가리아,유학연수,2026-09-01,8.733006488820568,,3.908736422306127,6.320871455563347
불가리아,유학연수,2026-10-01,3.5056168984038685,,2.12340710714454,2.8145120027742045
불가리아,유학연수,2026-11-01,5.888697383400424,,2.772608167188188,4.330652775294306
불가리아,유학연수,2026-12-01,5.036394548676447,,3.771661528213846,4.404028038445146
불가리아,유학연수,2027-01-01,16.754410047862134,,6.223438111082313,11.488924079472223
불가리아,유학연수,2027-02-01,44.52094787202847,,14.808728475623429,29.66483817382595
불가리아,유학연수,2027-03-01,5.0251013366948705,,3.0884798882418325,4.056790612468351
브라질,공용,2025-04-01,8.168650559156223,,9.622151267090665,8.895400913123444
브라질,공용,2025-05-01,9.883175702486925,,9.519141814637777,9.70115875856235
브라질,공용,2025-06-01,17.747406543572964,,9.79641293742442,13.771909740498693
브라질,공용,2025-07-01,13.250722271452567,,9.823287169685695,11.537004720569131
브라질,공용,2025-08-01,26.441888822007932,,10.423876835831372,18.432882828919652
브라질,공용,2025-09-01,26.7177161774042,,10.13390902105919,18.425812599231694
브라질,공용,2025-10-01,20.323803319210874,,7.5419040013740215,13.932853660292448
브라질,공용,2025-11-01,26.46338636562459,,5.695464921574255,16.07942564359942
브라질,공용,2025-12-01,2.45300443215518,,5.221307464065089,3.8371559481101345
브라질,공용,2026-01-01,7.635712651699526,,4.141658787943305,5.8886857198214155
브라질,공용,2026-02-01,9.263871259282041,,4.178199985186142,6.7210356222340915
브라질,공용,2026-03-01,11.580994338010969,,4.588642402459406,8.084818370235187
브라질,공용,2026-04-01,13.715037397708182,,5.040988080036541,9.37801273887236
브라질,공용,2026-05-01,13.051834266962619,,5.457959835871378,9.254897051416998
브라질,공용,2026-06-01,19.02121230031951,,5.974695320560233,12.497953810439872
브라질,공용,2026-07-01,13.184677277254332,,6.1305303178240385,9.657603797539185
브라질,공용,2026-08-01,19.89118079033213,,5.973531683896304,12.932356237114217
브라질,공용,2026-09-01,54.460122748071775,,4.843169530748004,29.65164613940989
브라질,공용,2026-10-01,27.159701383597646,,5.055029401254812,16.107365392426228
브라질,공용,2026-11-01,20.152678706477634,,5.104128065430264,12.628403385953948
브라질,공용,2026-12-01,4.444970079164699,,4.328736757239886,4.386853418202293
브라질,공용,2027-01-01,8.855468651345765,,4.598039935321505,6.726754293333634
브라질,공용,2027-02-01,8.960883594470866,,4.981610809908382,6.971247202189624
브라질,공용,2027-03-01,17.06883902415333,,4.719345458252084,10.894092241202706
브라질,관광,2025-04-01,3351.304937636893,,2768.296731917834,3059.800834777364
브라질,관광,2025-05-01,3231.141588051125,,2473.0287417457985,2852.0851648984617
브라질,관광,2025-06-01,2830.792556623299,,2183.8604709051465,2507.326513764223
브라질,관광,2025-07-01,3080.8567889196684,,2060.110620830621,2570.4837048751447
브라질,관광,2025-08-01,2615.2092438101113,,2010.0863467493716,2312.6477952797413
브라질,관광,2025-09-01,3139.8727604756837,,2356.0479044208887,2747.960332448286
브라질,관광,2025-10-01,4359.971626928084,,3197.154161141243,3778.5628940346637
브라질,관광,2025-11-01,3243.022172513013,,2949.927947886522,3096.4750601997675
브라질,관광,2025-12-01,2914.5452133550652,,2295.6937022696748,2605.11945781237
브라질,관광,2026-01-01,2503.4299014122635,,1867.963664082998,2185.696782747631
브라질,관광,2026-02-01,2186.261059510608,,2237.3828742772293,2211.8219668939187
브라질,관광,2026-03-01,3620.4652558967155,,2671.511784600333,3145.9885202485243
브라질,관광,2026-04-01,4202.7940415651265,,2643.126560040494,3422.9603008028103
브라질,관광,2026-05-01,4096.379635700062,,2384.0535846041103,3240.216610152086
브라질,관광,2026-06-01,3376.1615578450374,,2141.7770033428305,2758.969280593934
브라질,관광,2026-07-01,4081.475223170827,,2036.748420041967,3059.111821606397
브라질,관광,2026-08-01,3423.0174103137615,,1978.8321965886253,2700.9248034511934
브라질,관광,2026-09-01,4018.8770683319094,,2316.4692317702875,3167.6731500510987
브라질,관광,2026-10-01,5106.314880906172,,3155.7695416822244,4131.042211294198
브라질,관광,2026-11-01,3898.417054742707,,2946.350841123877,3422.383947933292
브라질,관광,2026-12-01,3637.81610867485,,2291.2076121788245,2964.5118604268373
브라질,관광,2027-01-01,3197.6535954405263,,1861.3639897801036,2529.508792610315
브라질,관광,2027-02-01,2800.275457061101,,2232.649316727705,2516.4623868944027
브라질,관광,2027-03-01,4263.966565289725,,2647.4346149710746,3455.7005901303996
브라질,기타,2025-04-01,526.2042525009538,,406.8200440455571,466.51214827325543
브라질,기타,2025-05-01,666.2758680788446,,405.46689521324436,535.8713816460445
브라질,기타,2025-06-01,598.0204729982789,,385.0285318338476,491.5245024160632
브라질,기타,2025-07-01,577.9427777768187,,357.8423527280521,467.8925652524354
브라질,기타,2025-08-01,621.3746473672206,,394.9348092448843,508.15472830605245
브라질,기타,2025-09-01,589.9915417650085,,405.17098944041413,497.5812656027113
브라질,기타,2025-10-01,644.723922919019,,395.7106037325095,520.2172633257642
브라질,기타,2025-11-01,549.1942650944177,,363.4104457954758,456.3023554449468
브라질,기타,2025-12-01,458.6871176920914,,327.2126791846868,392.94989843838914
브라질,기타,2026-01-01,601.502404647296,,423.45150262771926,512.4769536375077
브라질,기타,2026-02-01,558.1808546017011,,403.1918814549347,480.6863680283179
브라질,기타,2026-03-01,622.7587606376636,,393.7644310579965,508.26159584783005
브라질,기타,2026-04-01,665.4359038983123,,397.09684600142435,531.2663749498684
브라질,기타,2026-05-01,793.9382989106025,,405.44482539238413,599.6915621514934
브라질,기타,2026-06-01,709.2986739990176,,389.62658436494894,549.4626291819833
브라질,기타,2026-07-01,692.7534713809166,,363.1082300568043,527.9308507188605
브라질,기타,2026-08-01,773.8361703155375,,402.84108349716035,588.338626906349
브라질,기타,2026-09-01,688.6617871721423,,413.6608150563364,551.1613011142393
브라질,기타,2026-10-01,782.9464996010862,,402.67729545780463,592.8118975294454
브라질,기타,2026-11-01,636.461093363998,,367.5309739665246,501.9960336652613
브라질,기타,2026-12-01,537.6912355123744,,328.3949318538321,433.04308368310325
브라질,기타,2027-01-01,724.5717709507477,,426.4547752956636,575.5132731232056
브라질,기타,2027-02-01,660.5330373935149,,405.8901900100641,533.2116137017895
브라질,기타,2027-03-01,705.4440876898796,,396.2612724937345,550.8526800918071
브라질,상용,2025-04-01,59.137333303301226,,59.46341823070887,59.30037576700505
브라질,상용,2025-05-01,73.7391866111411,,57.474085513675305,65.6066360624082
브라질,상용,2025-06-01,57.954535131157066,,59.42737607397725,58.69095560256716
브라질,상용,2025-07-01,52.86816151464706,,62.128076788829986,57.49811915173852
브라질,상용,2025-08-01,83.86265311484797,,99.93064703826747,91.89665007655772
브라질,상용,2025-09-01,68.86050293975931,,103.89889486604298,86.37969890290114
브라질,상용,2025-10-01,60.31430438770655,,83.38953247676825,71.8519184322374
브라질,상용,2025-11-01,57.38262616468179,,110.56259478287143,83.97261047377661
브라질,상용,2025-12-01,56.18340743861343,,115.75863875032704,85.97102309447024
브라질,상용,2026-01-01,102.04653522684367,,131.05672898924894,116.5516321080463
브라질,상용,2026-02-01,63.976206313059016,,79.51677937333247,71.74649284319574
브라질,상용,2026-03-01,78.30621984525686,,91.83822710832331,85.07222347679009
브라질,상용,2026-04-01,74.94105531620302,,65.91821646907968,70.42963589264136
브라질,상용,2026-05-01,92.23954169014571,,60.31960529213683,76.27957349114126
브라질,상용,2026-06-01,68.4481853425929,,49.62578774482576,59.036986543709325
브라질,상용,2026-07-01,66.45749361034943,,45.960854471080054,56.20917404071474
브라질,상용,2026-08-01,96.32117665577658,,75.09057102432806,85.70587384005232
브라질,상용,2026-09-01,86.89115585591928,,75.19737538240943,81.04426561916435
브라질,상용,2026-10-01,70.87378637887139,,53.91954727398178,62.39666682642658
브라질,상용,2026-11-01,67.00946686749023,,65.89817505473326,66.45382096111175
브라질,상용,2026-12-01,72.51603087552454,,79.99667421239555,76.25635254396005
브라질,상용,2027-01-01,120.52493999671451,,121.61546798046575,121.07020398859012
브라질,상용,2027-02-01,72.89396292320025,,79.28417790604581,76.08907041462302
브라질,상용,2027-03-01,90.33017739106332,,114.70955606251385,102.51986672678859
브라질,유학연수,2025-04-01,15.773431526738149,,18.76015323322174,17.266792379979943
브라질,유학연수,2025-05-01,30.326080783890607,,19.103656044613345,24.714868414251974
브라질,유학연수,2025-06-01,40.85273490501377,,25.287502658711762,33.07011878186277
브라질,유학연수,2025-07-01,34.31127082730784,,33.311741602969796,33.81150621513882
브라질,유학연수,2025-08-01,151.47884480136744,,121.98461895701865,136.73173187919303
브라질,유학연수,2025-09-01,29.089513131525795,,26.924483595022483,28.00699836327414
브라질,유학연수,2025-10-01,16.45858973924408,,10.06497922730669,13.261784483275385
브라질,유학연수,2025-11-01,27.28045697595771,,18.429047814341224,22.854752395149468
브라질,유학연수,2025-12-01,30.42257127404472,,24.398399130525302,27.41048520228501
브라질,유학연수,2026-01-01,73.05467914815938,,58.90341501912586,65.97904708364263
브라질,유학연수,2026-02-01,120.30584964366138,,102.11800964866293,111.21192964616216
브라질,유학연수,2026-03-01,39.08411557647535,,24.870996084232736,31.977555830354042
브라질,유학연수,2026-04-01,16.69685380653928,,17.570801031485672,17.133827419012476
브라질,유학연수,2026-05-01,35.70813597267973,,18.23522316885969,26.97167957076971
브라질,유학연수,2026-06-01,40.0552900281494,,25.025563104244622,32.54042656619701
브라질,유학연수,2026-07-01,39.90665702709775,,33.21157537637299,36.55911620173537
브라질,유학연수,2026-08-01,176.14591514935367,,124.08354314660617,150.11472914797992
브라질,유학연수,2026-09-01,36.75778368005306,,26.28035918851622,31.51907143428464
브라질,유학연수,2026-10-01,16.29641424511657,,9.123566877474662,12.709990561295616
브라질,유학연수,2026-11-01,27.070278167972774,,18.046194691091934,22.558236429532354
브라질,유학연수,2026-12-01,33.29407536126304,,24.625921276795353,28.959998319029197
브라질,유학연수,2027-01-01,81.05113610075432,,59.67766346898046,70.36439978486739
브라질,유학연수,2027-02-01,139.84718741038475,,101.66216952350679,120.75467846694576
브라질,유학연수,2027-03-01,44.16427225383775,,25.227017674369506,34.69564496410363
사우디아라비아,공용,2025-04-01,10.612623946574526,,5.3096775073408455,7.961150726957686
사우디아라비아,공용,2025-05-01,15.85312549567101,,6.908690608687571,11.38090805217929
사우디아라비아,공용,2025-06-01,19.525665389847866,,11.466919237171696,15.49629231350978
사우디아라비아,공용,2025-07-01,31.85496446721445,,16.069507638434004,23.962236052824228
사우디아라비아,공용,2025-08-01,16.50502138191345,,11.97058446983885,14.23780292587615
사우디아라비아,공용,2025-09-01,19.922911555395736,,8.692819405503966,14.307865480449852
사우디아라비아,공용,2025-10-01,16.330917677329825,,8.526194140957964,12.428555909143896
사우디아라비아,공용,2025-11-01,14.309691516230501,,8.332381424548082,11.321036470389291
사우디아라비아,공용,2025-12-01,7.239321576852416,,7.0187881361587,7.129054856505558
사우디아라비아,공용,2026-01-01,23.10208988381339,,6.444286562430143,14.773188223121767
사우디아라비아,공용,2026-02-01,17.2895219071943,,6.272239767703077,11.780880837448688
사우디아라비아,공용,2026-03-01,14.321606626096772,,7.047841527407751,10.68472407675226
사우디아라비아,공용,2026-04-01,10.815770933626402,,8.82785085976655,9.821810896696476
사우디아라비아,공용,2026-05-01,20.9623873666563,,12.628069303248413,16.795228334952355
사우디아라비아,공용,2026-06-01,24.149556960336348,,13.889413434076552,19.01948519720645
사우디아라비아,공용,2026-07-01,30.33646762618225,,16.03238155920173,23.18442459269199
사우디아라비아,공용,2026-08-01,22.159886096452244,,15.128253960151255,18.644070028301748
사우디아라비아,공용,2026-09-01,19.519077551775894,,12.205894879722802,15.862486215749348
사우디아라비아,공용,2026-10-01,19.625926246931837,,10.932837756286002,15.27938200160892
사우디아라비아,공용,2026-11-01,21.07414167539502,,10.141371052602375,15.607756363998696
사우디아라비아,공용,2026-12-01,7.6090232092909185,,8.957985420931982,8.28350431511145
사우디아라비아,공용,2027-01-01,20.489815616698227,,10.925360809235796,15.70758821296701
사우디아라비아,공용,2027-02-01,21.101137284920558,,11.108304086264525,16.10472068559254
사우디아라비아,공용,2027-03-01,16.67521561266895,,11.100134911265409,13.887675261967178
사우디아라비아,관광,2025-04-01,2233.8959715229926,,300.7821305527044,1267.3390510378485
사우디아라비아,관광,2025-05-01,2021.91906380907,,317.663164776533,1169.7911142928015
사우디아라비아,관광,2025-06-01,3823.0149433423776,,403.81975745298377,2113.417350397681
사우디아라비아,관광,2025-07-01,3995.421055515735,,570.2193754560918,2282.8202154859136
사우디아라비아,관광,2025-08-01,3064.068317287043,,655.0974486887967,1859.58288298792
사우디아라비아,관광,2025-09-01,2251.7773671176883,,653.668131497705,1452.7227493076966
사우디아라비아,관광,2025-10-01,2306.287546655622,,559.4086429949978,1432.84809482531
사우디아라비아,관광,2025-11-01,2730.1397115494465,,399.0482671508269,1564.5939893501368
사우디아라비아,관광,2025-12-01,1326.3176398633916,,325.8923408874115,826.1049903754015
사우디아라비아,관광,2026-01-01,1268.556171476793,,251.82958412341208,760.1928778001026
사우디아라비아,관광,2026-02-01,1142.4210528613767,,252.02742430952475,697.2242385854507
사우디아라비아,관광,2026-03-01,1686.3546174148846,,300.49225809387156,993.423437754378
사우디아라비아,관광,2026-04-01,2578.0597210130254,,397.9527601852009,1488.0062405991132
사우디아라비아,관광,2026-05-01,2393.8347854183144,,613.0285916210624,1503.4316885196884
사우디아라비아,관광,2026-06-01,4623.183159730489,,1013.3933773276559,2818.2882685290724
사우디아라비아,관광,2026-07-01,5043.10537442803,,1635.951405954645,3339.528390191337
사우디아라비아,관광,2026-08-01,4266.441896662015,,1466.014278145167,2866.228087403591
사우디아라비아,관광,2026-09-01,2865.9294350847345,,944.5647800143748,1905.2471075495546
사우디아라비아,관광,2026-10-01,2672.3628174794735,,724.3640495396601,1698.3634335095667
사우디아라비아,관광,2026-11-01,3060.6407494303867,,577.9368689637229,1819.288809197055
사우디아라비아,관광,2026-12-01,1659.6265595781745,,595.5051650912368,1127.5658623347056
사우디아라비아,관광,2027-01-01,1620.0691851066704,,567.494856039455,1093.7820205730627
사우디아라비아,관광,2027-02-01,1413.91015415389,,568.1218151619809,991.0159846579354
사우디아라비아,관광,2027-03-01,2402.789025928456,,595.5171414820829,1499.1530837052694
사우디아라비아,기타,2025-04-01,107.21218753246553,,33.18743943265821,70.19981348256186
사우디아라비아,기타,2025-05-01,113.62618913431712,,33.046780231931336,73.33648468312423
사우디아라비아,기타,2025-06-01,122.73363207365051,,26.35113947068824,74.54238577216938
사우디아라비아,기타,2025-07-01,114.70098343354732,,20.39994656788954,67.55046500071843
사우디아라비아,기타,2025-08-01,179.29535380378005,,20.52806554605943,99.91170967491973
사우디아라비아,기타,2025-09-01,126.19180446513089,,19.956985821034404,73.07439514308264
사우디아라비아,기타,2025-10-01,111.60257965021596,,24.420959175305878,68.01176941276091
사우디아라비아,기타,2025-11-01,149.33845497922007,,34.17189863697204,91.75517680809605
사우디아라비아,기타,2025-12-01,121.71782694793473,,33.9294824181535,77.82365468304411
사우디아라비아,기타,2026-01-01,153.83377562046974,,35.95523682840313,94.89450622443644
사우디아라비아,기타,2026-02-01,120.5434140096987,,32.89796042668573,76.72068721819221
사우디아라비아,기타,2026-03-01,111.90844798706051,,28.55870493647481,70.23357646176765
사우디아라비아,기타,2026-04-01,107.92248906587335,,25.968443923514023,66.94546649469369
사우디아라비아,기타,2026-05-01,118.99237277050447,,27.819394962708397,73.40588386660643
사우디아라비아,기타,2026-06-01,141.44180729187943,,38.52032279768282,89.98106504478113
사우디아라비아,기타,2026-07-01,132.39155933550276,,56.45181081663474,94.42168507606875
사우디아라비아,기타,2026-08-01,205.38554675341837,,84.61442653648417,144.99998664495126
사우디아라비아,기타,2026-09-01,152.82637542787168,,75.70633074601527,114.26635308694347
사우디아라비아,기타,2026-10-01,95.40816717146325,,59.28854691818556,77.34835704482441
사우디아라비아,기타,2026-11-01,162.32212684642332,,47.14612667136542,104.73412675889438
사우디아라비아,기타,2026-12-01,129.9972542066066,,45.38304014857895,87.69014717759278
사우디아라비아,기타,2027-01-01,192.504784931058,,64.90254766270873,128.70366629688337
사우디아라비아,기타,2027-02-01,131.67481967238507,,48.38300626249888,90.02891296744198
사우디아라비아,기타,2027-03-01,121.80985718312293,,36.97409739289978,79.39197728801136
사우디아라비아,상용,2025-04-01,41.45190592832645,,60.57476981893022,51.01333787362833
사우디아라비아,상용,2025-05-01,44.83080539331656,,60.387191854858386,52.60899862408748
사우디아라비아,상용,2025-06-01,40.11574514625296,,58.240536372319994,49.17814075928648
사우디아라비아,상용,2025-07-01,32.323945424955326,,56.06800973564199,44.19597758029866
사우디아라비아,상용,2025-08-01,40.714882941962486,,54.17793679999427,47.44640987097838
사우디아라비아,상용,2025-09-01,40.9186617431672,,53.07825597764743,46.99845886040731
사우디아라비아,상용,2025-10-01,49.33209181812928,,52.86342591618181,51.09775886715555
사우디아라비아,상용,2025-11-01,43.56937423672452,,55.71070639415081,49.640040315437666
사우디아라비아,상용,2025-12-01,43.355977587762844,,57.97654686000011,50.666262223881475
사우디아라비아,상용,2026-01-01,48.142599016630946,,60.7288141840926,54.43570660036177
사우디아라비아,상용,2026-02-01,44.87255834787104,,64.27507646082395,54.573817404347494
사우디아라비아,상용,2026-03-01,46.03051818685592,,70.30228893733025,58.16640356209308
사우디아라비아,상용,2026-04-01,48.06809625285645,,75.89503363422222,61.98156494353933
사우디아라비아,상용,2026-05-01,52.34572321940027,,78.35657321045666,65.35114821492846
사우디아라비아,상용,2026-06-01,42.981781678814656,,77.77025199457097,60.37601683669281
사우디아라비아,상용,2026-07-01,42.04361173353815,,73.94798299926157,57.995797366399856
사우디아라비아,상용,2026-08-01,40.82437040607853,,73.72266957530645,57.27351999069249
사우디아라비아,상용,2026-09-01,50.908569617105066,,75.11714162184231,63.01285561947368
사우디아라비아,상용,2026-10-01,54.96733055056598,,74.81790950866,64.89262002961298
사우디아라비아,상용,2026-11-01,51.15921011142639,,76.9060969957317,64.03265355357905
사우디아라비아,상용,2026-12-01,44.92915949359822,,77.72704501880882,61.32810225620352
사우디아라비아,상용,2027-01-01,56.267874919415114,,81.3517394531188,68.80980718626695
사우디아라비아,상용,2027-02-01,53.003289713500365,,84.65262543585604,68.82795757467821
사우디아라비아,상용,2027-03-01,49.410595831449044,,89.83885992188857,69.6247278766688
사우디아라비아,유학연수,2025-04-01,14.438504586126076,,34.62180818380761,24.530156384966844
사우디아라비아,유학연수,2025-05-01,19.287590331939544,,33.47551337206384,26.381551852001692
사우디아라비아,유학연수,2025-06-01,28.278168392009164,,37.03084763092271,32.654508011465936
사우디아라비아,유학연수,2025-07-01,34.54701165209137,,42.9023720065233,38.72469182930733
사우디아라비아,유학연수,2025-08-01,131.63231272039368,,86.86874268773005,109.25052770406187
사우디아라비아,유학연수,2025-09-01,66.99930670696963,,80.21068270673982,73.60499470685473
사우디아라비아,유학연수,2025-10-01,18.89955070030396,,41.74130420738875,30.320427453846357
사우디아라비아,유학연수,2025-11-01,22.254910590516516,,37.996818908034854,30.125864749275685
사우디아라비아,유학연수,2025-12-01,30.51308018697966,,38.14421715397159,34.32864867047562
사우디아라비아,유학연수,2026-01-01,38.03464324428314,,53.04051407441612,45.537578659349634
사우디아라비아,유학연수,2026-02-01,122.55627688792288,,106.45904727981932,114.5076620838711
사우디아라비아,유학연수,2026-03-01,72.9271064280081,,75.42418084988535,74.17564363894672
사우디아라비아,유학연수,2026-04-01,15.245101275957424,,31.52516340832827,23.385132342142846
사우디아라비아,유학연수,2026-05-01,20.586449544299757,,34.595117846360864,27.59078369533031
사우디아라비아,유학연수,2026-06-01,35.32375813994032,,40.90619257082581,38.114975355383066
사우디아라비아,유학연수,2026-07-01,35.631028661969545,,45.537475978699476,40.584252320334514
사우디아라비아,유학연수,2026-08-01,158.6847750867596,,114.46510827171699,136.5749416792383
사우디아라비아,유학연수,2026-09-01,76.59486259395476,,103.9175472199031,90.25620490692893
사우디아라비아,유학연수,2026-10-01,25.622020773919225,,40.54095553476374,33.081488154341486
사우디아라비아,유학연수,2026-11-01,25.584858690663218,,36.61812181480292,31.10149025273307
사우디아라비아,유학연수,2026-12-01,32.84979143075891,,38.464243580868335,35.65701750581363
사우디아라비아,유학연수,2027-01-01,42.17846847235258,,52.365980444872356,47.27222445861247
사우디아라비아,유학연수,2027-02-01,140.37731859232835,,138.2079326549047,139.29262562361652
사우디아라비아,유학연수,2027-03-01,90.86312898404279,,89.71660055553329,90.28986476978804
스리랑카,공용,2025-04-01,8.132011973173752,,5.50741875677385,6.819715364973801
스리랑카,공용,2025-05-01,4.579219274716974,,6.466860727193049,5.523040000955012
스리랑카,공용,2025-06-01,8.033655236906572,,7.180949257718301,7.607302247312436
스리랑카,공용,2025-07-01,4.449235583839678,,7.270590302372944,5.859912943106311
스리랑카,공용,2025-08-01,5.77764393468932,,7.215950219921413,6.4967970773053665
스리랑카,공용,2025-09-01,5.368916352241838,,7.368788723893889,6.3688525380678636
스리랑카,공용,2025-10-01,3.7601881029816173,,7.805766850951919,5.782977476966768
스리랑카,공용,2025-11-01,12.600750079472586,,5.3182717659342185,8.959510922703402
스리랑카,공용,2025-12-01,1.6706388707386493,,3.595695585291325,2.633167228014987
스리랑카,공용,2026-01-01,1.9361934673109042,,3.676969947318871,2.8065817073148875
스리랑카,공용,2026-02-01,3.0262223012923974,,3.6065499708091773,3.316386136050787
스리랑카,공용,2026-03-01,4.7004717258781135,,4.690213862127721,4.695342794002917
스리랑카,공용,2026-04-01,9.025022347285654,,5.845273546438267,7.43514794686196
스리랑카,공용,2026-05-01,5.545251356949495,,6.2813102427215135,5.913280799835505
스리랑카,공용,2026-06-01,10.050703622230946,,6.621799905020169,8.336251763625558
스리랑카,공용,2026-07-01,5.30005026812218,,6.865662041117664,6.082856154619922
스리랑카,공용,2026-08-01,6.895023242522816,,6.84183936261117,6.868431302566993
스리랑카,공용,2026-09-01,7.102527289575939,,7.430707078280712,7.266617183928325
스리랑카,공용,2026-10-01,4.722297044285937,,9.189913935531377,6.956105489908657
스리랑카,공용,2026-11-01,13.930591219378178,,6.058913357428201,9.99475228840319
스리랑카,공용,2026-12-01,2.343310101733823,,3.491507325380758,2.9174087135572906
스리랑카,공용,2027-01-01,2.624590146919094,,3.3524797269396713,2.9885349369293825
스리랑카,공용,2027-02-01,3.224174782497456,,3.468416400763731,3.3462955916305934
스리랑카,공용,2027-03-01,6.591645490570151,,4.582488213232658,5.587066851901405
스리랑카,관광,2025-04-01,409.5792229614841,,302.6888235860915,356.13402327378776
스리랑카,관광,2025-05-01,472.37020611506387,,294.38678729180725,383.37849670343553
스리랑카,관광,2025-06-01,502.3603065814201,,261.78062967130444,382.07046812636224
스리랑카,관광,2025-07-01,408.84716450441596,,252.28345191496697,330.56530820969147
스리랑카,관광,2025-08-01,481.11651443113607,,342.1011858952023,411.6088501631692
스리랑카,관광,2025-09-01,658.3995175933525,,438.08874155172305,548.2441295725378
스리랑카,관광,2025-10-01,629.4155227406613,,438.87850245216134,534.1470125964113
스리랑카,관광,2025-11-01,452.46436100703164,,348.2976497505707,400.3810053788012
스리랑카,관광,2025-12-01,313.4195268120032,,251.97973248567573,282.69962964883945
스리랑카,관광,2026-01-01,283.160918322647,,198.5090503020352,240.83498431234108
스리랑카,관광,2026-02-01,295.82660047658163,,153.52843549290958,224.6775179847456
스리랑카,관광,2026-03-01,381.4466017493885,,132.03510642757414,256.74085408848134
스리랑카,관광,2026-04-01,526.6988240033744,,122.31707679896317,324.5079504011688
스리랑카,관광,2026-05-01,565.7586495255744,,99.90267188929434,332.83066070743433
스리랑카,관광,2026-06-01,568.7389915977881,,82.11582918713634,325.4274103924622
스리랑카,관광,2026-07-01,540.7096805661597,,94.7431558203907,317.7264181932752
스리랑카,관광,2026-08-01,594.5636815232893,,150.98026605854457,372.77197379091695
스리랑카,관광,2026-09-01,776.9520260471386,,232.59766018317913,504.7748431151589
스리랑카,관광,2026-10-01,821.173992498916,,264.2769022874425,542.7254473931793
스리랑카,관광,2026-11-01,542.4263010589544,,182.39139166670944,362.4088463628319
스리랑카,관광,2026-12-01,355.5375064209402,,82.73662091098414,219.13706366596216
스리랑카,관광,2027-01-01,308.022316639962,,43.89468933414423,175.95850298705312
스리랑카,관광,2027-02-01,358.50129573942706,,49.22973450128379,203.86551512035544
스리랑카,관광,2027-03-01,488.755124604752,,88.78284208298443,288.76898334386823
스리랑카,기타,2025-04-01,2294.2984399357056,,2031.6369459424527,2162.967692939079
스리랑카,기타,2025-05-01,3108.0283803839943,,2076.4586862818333,2592.243533332914
스리랑카,기타,2025-06-01,2667.9273403581556,,2089.0327532345464,2378.480046796351
스리랑카,기타,2025-07-01,2714.0916784668234,,2066.3907773402616,2390.2412279035425
스리랑카,기타,2025-08-01,2723.8565997736628,,2137.2179125230614,2430.537256148362
스리랑카,기타,2025-09-01,2745.598708120842,,2100.172652198718,2422.88568015978
스리랑카,기타,2025-10-01,2288.2496026213544,,1718.4000660726883,2003.3248343470214
스리랑카,기타,2025-11-01,2002.555380697685,,1576.3717343309038,1789.4635575142943
스리랑카,기타,2025-12-01,2256.8214465766814,,1756.6801368764068,2006.750791726544
스리랑카,기타,2026-01-01,2735.5959160602997,,2051.425602706431,2393.5107593833654
스리랑카,기타,2026-02-01,2619.7471490953367,,1987.4732272747872,2303.610188185062
스리랑카,기타,2026-03-01,2790.48623491724,,1950.2409067016292,2370.3635708094343
스리랑카,기타,2026-04-01,2771.6484479300393,,2012.6416989569484,2392.145073443494
스리랑카,기타,2026-05-01,3556.009842805836,,2067.9861103851454,2811.9979765954904
스리랑카,기타,2026-06-01,3428.714536286971,,2091.867862960101,2760.291199623536
스리랑카,기타,2026-07-01,3188.885399203929,,2076.507402351689,2632.696400777809
스리랑카,기타,2026-08-01,3366.837830758614,,2152.080688815885,2759.4592597872497
스리랑카,기타,2026-09-01,3339.9669553376198,,2115.6781968307046,2727.8225760841624
스리랑카,기타,2026-10-01,2695.109546849319,,1732.585251495833,2213.847399172576
스리랑카,기타,2026-11-01,2232.035392654882,,1583.879625625851,1907.9575091403665
스리랑카,기타,2026-12-01,2808.3456306010903,,1761.1017114302451,2284.7236710156676
스리랑카,기타,2027-01-01,3236.9727589879885,,2048.90348190541,2642.938120446699
스리랑카,기타,2027-02-01,3041.688057987567,,1982.2284457346989,2511.958251861133
스리랑카,기타,2027-03-01,3393.713190481456,,1945.5150931969688,2669.6141418392126
스리랑카,상용,2025-04-01,51.165023991996655,,47.47710675811639,49.32106537505652
스리랑카,상용,2025-05-01,55.51818469430282,,47.72722554290717,51.622705118605
스리랑카,상용,2025-06-01,49.54053867753626,,44.16112849279544,46.85083358516585
스리랑카,상용,2025-07-01,41.77033297127775,,37.551417506170324,39.66087523872404
스리랑카,상용,2025-08-01,47.636395320790825,,37.817992845920095,42.72719408335546
스리랑카,상용,2025-09-01,61.30358477363686,,52.92451679694936,57.11405078529311
스리랑카,상용,2025-10-01,72.23950116511824,,63.66806967657108,67.95378542084467
스리랑카,상용,2025-11-01,67.76570147519327,,59.75186542775721,63.75878345147524
스리랑카,상용,2025-12-01,39.9880312528733,,36.60000407553536,38.29401766420433
스리랑카,상용,2026-01-01,36.85054482843564,,33.39161198149151,35.12107840496357
스리랑카,상용,2026-02-01,48.83077085197,,41.30783162986749,45.06930124091875
스리랑카,상용,2026-03-01,60.49425908857838,,53.645510043732585,57.06988456615548
스리랑카,상용,2026-04-01,66.14820164549309,,53.938127404962906,60.04316452522799
스리랑카,상용,2026-05-01,67.30051827297366,,52.756325806730786,60.028422039852224
스리랑카,상용,2026-06-01,64.24329864135363,,47.75731201774835,56.00030532955099
스리랑카,상용,2026-07-01,51.269083855243586,,40.36805950950172,45.81857168237265
스리랑카,상용,2026-08-01,54.834016399509245,,44.309635589541934,49.57182599452559
스리랑카,상용,2026-09-01,75.83293685705023,,62.13994665166547,68.98644175435786
스리랑카,상용,2026-10-01,87.24158221758952,,72.81726190257982,80.02942206008467
스리랑카,상용,2026-11-01,86.14435060444005,,66.83846487967183,76.49140774205594
스리랑카,상용,2026-12-01,48.644267446493316,,38.04558439367913,43.344925920086226
스리랑카,상용,2027-01-01,44.14778914427284,,33.72144183542756,38.9346154898502
스리랑카,상용,2027-02-01,54.847755109567316,,40.38518580448633,47.61647045702682
스리랑카,상용,2027-03-01,72.81838287004034,,51.94303450041324,62.38070868522679
스리랑카,유학연수,2025-04-01,23.00308298875367,,174.02406921026528,98.51357609950948
스리랑카,유학연수,2025-05-01,31.39503829071786,,43.77326686531294,37.5841525780154
스리랑카,유학연수,2025-06-01,46.871565668734526,,30.62681905442966,38.74919236158209
스리랑카,유학연수,2025-07-01,54.59510067055801,,41.397477396357786,47.9962890334579
스리랑카,유학연수,2025-08-01,180.80453268244935,,138.30586143922085,159.5551970608351
스리랑카,유학연수,2025-09-01,138.09192663658823,,234.47795433065153,186.2849404836199
스리랑카,유학연수,2025-10-01,29.286744545670853,,221.34188692646967,125.31431573607026
스리랑카,유학연수,2025-11-01,28.806853965765747,,155.38621511059335,92.09653453817955
스리랑카,유학연수,2025-12-01,47.346495878938185,,88.74231731944663,68.0444065991924
스리랑카,유학연수,2026-01-01,72.15659129700292,,62.94142599320912,67.54900864510603
스리랑카,유학연수,2026-02-01,163.44919522449172,,91.54933347505388,127.4992643497728
스리랑카,유학연수,2026-03-01,174.88707599732956,,217.2340550967636,196.06056554704656
스리랑카,유학연수,2026-04-01,40.655531353158736,,239.91969578907054,140.28761357111463
스리랑카,유학연수,2026-05-01,40.79143732035437,,236.0675742736044,138.42950579697938
스리랑카,유학연수,2026-06-01,53.5141886871104,,216.98974202965877,135.25196535838458
스리랑카,유학연수,2026-07-01,71.61182609113872,,177.39584116384606,124.50383362749238
스리랑카,유학연수,2026-08-01,230.9554727452559,,128.8004463164027,179.8779595308293
스리랑카,유학연수,2026-09-01,143.1960810357722,,170.90139618081142,157.0487386082918
스리랑카,유학연수,2026-10-01,45.76327094355006,,178.56354093850553,112.16340594102779
스리랑카,유학연수,2026-11-01,44.812981091503026,,186.39061274321628,115.60179691735965
스리랑카,유학연수,2026-12-01,47.79260541343351,,185.9146789978616,116.85364220564756
스리랑카,유학연수,2027-01-01,96.59337692104762,,178.09053051303292,137.34195371704027
스리랑카,유학연수,2027-02-01,197.6234371355749,,180.01708465808787,188.82026089683137
스리랑카,유학연수,2027-03-01,190.12116209247836,,187.4025378056797,188.76184994907902
스웨덴,공용,2025-04-01,6.08454058693407,,5.892922653419157,5.988731620176614
스웨덴,공용,2025-05-01,5.164991835807384,,5.2976787149174225,5.231335275362403
스웨덴,공용,2025-06-01,4.259409789976126,,4.990329591156931,4.624869690566529
스웨덴,공용,2025-07-01,4.943899746763245,,4.787355595641275,4.86562767120226
스웨덴,공용,2025-08-01,3.946564778031949,,5.2780906569491455,4.6123277174905475
스웨덴,공용,2025-09-01,1.9933942005721004,,2.2405149328429443,2.1169545667075225
스웨덴,공용,2025-10-01,5.904618669249048,,3.851282927663394,4.877950798456221
스웨덴,공용,2025-11-01,4.551896214084431,,4.907826197484327,4.729861205784379
스웨덴,공용,2025-12-01,3.9995470785515037,,5.387742009224528,4.693644543888016
스웨덴,공용,2026-01-01,5.4814734394498,,5.7415991788388245,5.611536309144313
스웨덴,공용,2026-02-01,3.9619517330987915,,5.370028149665734,4.6659899413822625
스웨덴,공용,2026-03-01,4.653759767184935,,5.4110918660659415,5.032425816625438
스웨덴,공용,2026-04-01,6.369783490730725,,6.309994022108427,6.339888756419576
스웨덴,공용,2026-05-01,5.6437704447933275,,6.286625630807583,5.965198037800455
스웨덴,공용,2026-06-01,3.8749601428910365,,5.974382462664716,4.924671302777876
스웨덴,공용,2026-07-01,5.5873955272573905,,5.406888008322607,5.497141767789999
스웨덴,공용,2026-08-01,3.7651154146035886,,5.282723582379484,4.523919498491536
스웨덴,공용,2026-09-01,2.7139301271575986,,2.9145138124870007,2.8142219698222997
스웨덴,공용,2026-10-01,5.922097028059297,,5.520520341727805,5.72130868489355
스웨덴,공용,2026-11-01,4.704942544932295,,6.053370583532608,5.379156564232451
스웨덴,공용,2026-12-01,4.263983613015557,,6.313599212981966,5.288791412998762
스웨덴,공용,2027-01-01,5.643917642579202,,6.751119477012491,6.197518559795847
스웨덴,공용,2027-02-01,3.9466242181608515,,6.51479852443166,5.230711371296255
스웨덴,공용,2027-03-01,5.1449674409634385,,6.818861098207492,5.981914269585465
스웨덴,관광,2025-04-01,2478.539268008825,,1631.477812182477,2055.008540095651
스웨덴,관광,2025-05-01,2201.7686759370763,,1807.6200491986597,2004.694362567868
스웨덴,관광,2025-06-01,2701.1101022145026,,1894.3222580794818,2297.716180146992
스웨덴,관광,2025-07-01,2257.0152595838917,,1897.8746770065213,2077.4449682952063
스웨덴,관광,2025-08-01,1683.9945016936201,,1214.7006157685762,1449.3475587310982
스웨덴,관광,2025-09-01,2435.5229166660474,,1637.6389891553567,2036.580952910702
스웨덴,관광,2025-10-01,3282.8180444817735,,1993.9335793151472,2638.3758118984606
스웨덴,관광,2025-11-01,2340.7685466803487,,1342.7517709349959,1841.7601588076723
스웨덴,관광,2025-12-01,1747.5530678371458,,992.7838814955236,1370.1684746663348
스웨덴,관광,2026-01-01,1448.1029120446606,,738.5221433410907,1093.3125276928756
스웨덴,관광,2026-02-01,1596.6669024472765,,803.9073661057704,1200.2871342765234
스웨덴,관광,2026-03-01,2543.575971333013,,1147.50539197036,1845.5406816516866
스웨덴,관광,2026-04-01,3128.385088657314,,1429.939455090923,2279.1622718741187
스웨덴,관광,2026-05-01,2733.9965751222067,,1655.5996817621244,2194.7981284421658
스웨덴,관광,2026-06-01,3235.484566425945,,1726.3038563792475,2480.8942114025963
스웨덴,관광,2026-07-01,2949.844518755543,,1603.4698815255822,2276.6572001405625
스웨덴,관광,2026-08-01,2034.1414570161787,,1095.9048403706242,1565.0231486934015
스웨덴,관광,2026-09-01,2968.3518491184077,,1530.7455998438272,2249.5487244811175
스웨덴,관광,2026-10-01,4004.829790264789,,1962.4455748269115,2983.63768254585
스웨덴,관광,2026-11-01,2849.1586209000106,,1347.7070742114624,2098.4328475557368
스웨덴,관광,2026-12-01,2080.9155188419904,,995.6002005208333,1538.257859681412
스웨덴,관광,2027-01-01,1835.011706115266,,764.372297574027,1299.6920018446465
스웨덴,관광,2027-02-01,1880.0911385014679,,831.9882905221971,1356.0397145118325
스웨덴,관광,2027-03-01,3016.2901125659932,,1168.8794605037838,2092.5847865348887
스웨덴,기타,2025-04-01,172.23768607329225,,105.3983976450935,138.81804185919287
스웨덴,기타,2025-05-01,124.25654135756524,,117.09033555662596,120.6734384570956
스웨덴,기타,2025-06-01,140.2311539019695,,126.27658732599562,133.25387061398254
스웨덴,기타,2025-07-01,153.99110173167105,,125.91227257561327,139.95168715364215
스웨덴,기타,2025-08-01,167.56723750588247,,124.5186321682793,146.04293483708088
스웨덴,기타,2025-09-01,145.38896816492604,,124.26154346666758,134.82525581579682
스웨덴,기타,2025-10-01,142.4115647799922,,119.94441269345806,131.17798873672513
스웨덴,기타,2025-11-01,139.0945043859127,,116.3750100644409,127.73475722517679
스웨덴,기타,2025-12-01,112.74150585959562,,113.8844697065627,113.31298778307917
스웨덴,기타,2026-01-01,150.11441435214627,,119.8589905010775,134.98670242661188
스웨덴,기타,2026-02-01,130.11463322834368,,115.89335150543944,123.00399236689157
스웨덴,기타,2026-03-01,135.1740817279931,,113.79531257999282,124.48469715399295
스웨덴,기타,2026-04-01,226.53172926492147,,102.47278819142731,164.50225872817438
스웨덴,기타,2026-05-01,143.03007391721664,,92.7512055806414,117.89063974892902
스웨덴,기타,2026-06-01,163.07299117941213,,86.38301497642527,124.7280030779187
스웨덴,기타,2026-07-01,173.28864203107986,,85.55890336133396,129.42377269620692
스웨덴,기타,2026-08-01,198.54664543038828,,102.27862015610825,150.41263279324826
스웨덴,기타,2026-09-01,180.21701694445315,,112.54898427728546,146.38300061086932
스웨덴,기타,2026-10-01,169.55238229322285,,108.66621950786272,139.1093009005428
스웨덴,기타,2026-11-01,158.15885040817733,,104.0169982166774,131.08792431242736
스웨덴,기타,2026-12-01,129.3459024969274,,102.4444083720968,115.8951554345121
스웨덴,기타,2027-01-01,180.14300918948035,,111.93028603825383,146.0366476138671
스웨덴,기타,2027-02-01,146.62442107724002,,111.31994434330122,128.9721827102706
스웨덴,기타,2027-03-01,144.34762760066036,,111.38041800155291,127.86402280110664
스웨덴,상용,2025-04-01,16.456046722219895,,10.939702171503253,13.697874446861574
스웨덴,상용,2025-05-01,17.563603659003057,,11.928929791289512,14.746266725146285
스웨덴,상용,2025-06-01,15.419009100644331,,12.967621361887968,14.19331523126615
스웨덴,상용,2025-07-01,13.220861555794835,,13.818476868650404,13.51966921222262
스웨덴,상용,2025-08-01,19.86989465673495,,22.351802459024075,21.110848557879514
스웨덴,상용,2025-09-01,17.668966946732464,,14.816968699922427,16.242967823327447
스웨덴,상용,2025-10-01,17.958918600542543,,12.423900806563093,15.191409703552818
스웨덴,상용,2025-11-01,17.164758089168714,,12.115442396341852,14.640100242755283
스웨덴,상용,2025-12-01,13.195598139741213,,10.864575969402065,12.030087054571638
스웨덴,상용,2026-01-01,21.80117219960685,,20.156120091326304,20.978646145466577
스웨덴,상용,2026-02-01,16.738137535972914,,10.501714408791475,13.619925972382195
스웨덴,상용,2026-03-01,18.167010728250183,,11.795031739901393,14.981021234075788
스웨덴,상용,2026-04-01,16.91048605382148,,11.207858049482823,14.059172051652151
스웨덴,상용,2026-05-01,17.950870716573107,,12.03984077700769,14.995355746790398
스웨덴,상용,2026-06-01,16.316437600770126,,12.859208244010055,14.58782292239009
스웨덴,상용,2026-07-01,14.831451410476058,,13.494234606294473,14.162843008385266
스웨덴,상용,2026-08-01,20.872410365098112,,22.05234742326618,21.462378894182145
스웨덴,상용,2026-09-01,18.6795101123679,,14.374473467877493,16.526991790122697
스웨덴,상용,2026-10-01,18.022991165862198,,11.986609465852048,15.004800315857123
스웨덴,상용,2026-11-01,18.273253937064805,,11.693870662193472,14.983562299629138
스웨덴,상용,2026-12-01,14.20527630116067,,10.450451581962628,12.327863941561649
스웨덴,상용,2027-01-01,22.996861473957193,,19.796248519637683,21.396554996797438
스웨덴,상용,2027-02-01,17.14320691358077,,10.17760063757959,13.66040377558018
스웨덴,상용,2027-03-01,19.679556193776193,,11.53217226687942,15.605864230327807
스웨덴,유학연수,2025-04-01,15.861309535294858,,20.4068367018969,18.13407311859588
스웨덴,유학연수,2025-05-01,39.179739104290505,,24.23053595437177,31.70513752933114
스웨덴,유학연수,2025-06-01,22.21556794048375,,20.260257246996982,21.23791259374037
스웨덴,유학연수,2025-07-01,16.64045743406473,,75.2435179412503,45.941987687657516
스웨덴,유학연수,2025-08-01,240.10074083166973,,168.01803299263082,204.05938691215027
스웨덴,유학연수,2025-09-01,35.157732182105605,,40.16798733388702,37.662859757996316
스웨덴,유학연수,2025-10-01,34.90091504400395,,43.51119675125572,39.20605589762984
스웨덴,유학연수,2025-11-01,78.61048308473823,,75.73724395757623,77.17386352115723
스웨덴,유학연수,2025-12-01,42.42674093836424,,47.339494662986944,44.88311780067559
스웨덴,유학연수,2026-01-01,34.92938185934555,,43.23991088372222,39.08464637153388
스웨덴,유학연수,2026-02-01,118.03961192373963,,88.58074805595425,103.31017998984694
스웨덴,유학연수,2026-03-01,27.44424290036788,,46.01629952777789,36.730271214072886
스웨덴,유학연수,2026-04-01,19.918996791214564,,21.754368116372646,20.836682453793607
스웨덴,유학연수,2026-05-01,41.933445528052346,,25.259712326993906,33.596578927523126
스웨덴,유학연수,2026-06-01,23.34373765633465,,22.604275427098777,22.97400654171671
스웨덴,유학연수,2026-07-01,16.87638894759455,,59.539594912071585,38.20799192983307
스웨덴,유학연수,2026-08-01,255.16024225153393,,172.91835583647085,214.0392990440024
스웨덴,유학연수,2026-09-01,43.4921571313697,,44.656664082600656,44.07441060698518
스웨덴,유학연수,2026-10-01,34.003555066324104,,45.31424063225237,39.65889784928824
스웨덴,유학연수,2026-11-01,84.89183343965843,,76.09931269903818,80.4955730693483
스웨덴,유학연수,2026-12-01,46.034330788258934,,45.364235024432304,45.699282906345616
스웨덴,유학연수,2027-01-01,37.10848929050901,,42.31635761137838,39.712423450943696
스웨덴,유학연수,2027-02-01,125.93175133168458,,87.21999962684662,106.57587547926559
스웨덴,유학연수,2027-03-01,27.72819107431582,,43.64026191033881,35.68422649232731
스위스,공용,2025-04-01,3.637624994539595,,1.754174654011218,2.6958998242754064
스위스,공용,2025-05-01,2.8067487535229354,,1.6609021689241756,2.2338254612235557
스위스,공용,2025-06-01,3.002699892240735,,1.444321637563458,2.2235107649020964
스위스,공용,2025-07-01,3.2079258589142694,,1.3087195113079917,2.2583226851111307
스위스,공용,2025-08-01,1.6047785164024253,,1.5774434920655849,1.591111004234005
스위스,공용,2025-09-01,3.2194680298654195,,1.6345636684781444,2.4270158491717817
스위스,공용,2025-10-01,3.155064832863037,,1.5449156475693537,2.3499902402161954
스위스,공용,2025-11-01,4.467809438774203,,1.9052340027288137,3.186521720751508
스위스,공용,2025-12-01,2.102076297097021,,1.9966903588477911,2.0493833279724063
스위스,공용,2026-01-01,3.71509887560882,,2.2735332576464056,2.9943160666276127
스위스,공용,2026-02-01,2.7705203666987814,,1.9257817410716425,2.348151053885212
스위스,공용,2026-03-01,2.2185219568780914,,1.8917716155183237,2.0551467861982076
스위스,공용,2026-04-01,5.722547180420941,,2.0457613255067013,3.884154252963821
스위스,공용,2026-05-01,3.371885661267348,,1.963023525406172,2.66745459333676
스위스,공용,2026-06-01,2.5414716392492576,,1.8280979890257676,2.1847848141375126
스위스,공용,2026-07-01,3.82908599558072,,1.715160752517816,2.772123374049268
스위스,공용,2026-08-01,1.2800958655895203,,1.982041394923224,1.6310686302563722
스위스,공용,2026-09-01,5.1178123604148364,,2.163576354150923,3.6406943572828796
스위스,공용,2026-10-01,4.171274476235476,,2.250108614042709,3.2106915451390927
스위스,공용,2026-11-01,3.807100224916634,,1.6402730087343411,2.7236866168254874
스위스,공용,2026-12-01,2.819613190688263,,1.8648351963061618,2.3422241934972123
스위스,공용,2027-01-01,4.741959143071031,,2.398978466944259,3.570468805007645
스위스,공용,2027-02-01,2.8163207730953945,,2.000309413241163,2.408315093168279
스위스,공용,2027-03-01,1.960752992869761,,1.6422881077564626,1.8015205503131118
스위스,관광,2025-04-01,3563.675452482478,,2432.5272910103013,2998.1013717463893
스위스,관광,2025-05-01,2866.5368889536367,,2249.4464593726784,2557.9916741631578
스위스,관광,2025-06-01,2328.565753515839,,2069.424195426329,2198.994974471084
스위스,관광,2025-07-01,3491.690095311098,,2389.3156745058723,2940.502884908485
스위스,관광,2025-08-01,2706.0622037502626,,2746.21851268297,2726.1403582166163
스위스,관광,2025-09-01,3317.900386380667,,3055.858544432106,3186.8794654063868
스위스,관광,2025-10-01,4123.518059437247,,3061.3345104134078,3592.4262849253273
스위스,관광,2025-11-01,2419.2234980692065,,1484.6441433278287,1951.9338206985176
스위스,관광,2025-12-01,1699.0867249664082,,907.7892987680692,1303.4380118672386
스위스,관광,2026-01-01,1539.0040252825424,,695.9345275440758,1117.4692764133092
스위스,관광,2026-02-01,1876.6753189549981,,1135.5322127844697,1506.103765869734
스위스,관광,2026-03-01,2999.2490965504494,,2206.4866299710666,2602.867863260758
스위스,관광,2026-04-01,4562.432352934469,,2508.915220852335,3535.6737868934024
스위스,관광,2026-05-01,3476.6623746990836,,2272.9161915943596,2874.7892831467216
스위스,관광,2026-06-01,2806.398564683148,,2085.4315066872705,2445.915035685209
스위스,관광,2026-07-01,4601.806481587584,,2421.7826261018863,3511.794553844735
스위스,관광,2026-08-01,3302.1599053302302,,2787.3937740930337,3044.776839711632
스위스,관광,2026-09-01,4059.7835304603736,,3105.1258290616097,3582.454679760992
스위스,관광,2026-10-01,4986.735710181823,,3069.904687025217,4028.32019860352
스위스,관광,2026-11-01,2906.188925387731,,1469.0119571896212,2187.600441288676
스위스,관광,2026-12-01,2078.8118714970915,,916.5900532525807,1497.700962374836
스위스,관광,2027-01-01,1976.9430368249514,,755.6475807736421,1366.2953087992967
스위스,관광,2027-02-01,2332.880532730178,,1318.852390121592,1825.866461425885
스위스,관광,2027-03-01,3420.7675307231602,,2395.3523778972403,2908.0599543102003
스위스,기타,2025-04-01,146.20848148714262,,183.01016540764522,164.60932344739393
스위스,기타,2025-05-01,146.6778029926208,,133.52361617536093,140.10070958399086
스위스,기타,2025-06-01,143.93870172159762,,96.85928748463058,120.3989946031141
스위스,기타,2025-07-01,149.7543250709935,,87.9384926390006,118.84640885499705
스위스,기타,2025-08-01,163.19688032770438,,89.86264153737,126.52976093253719
스위스,기타,2025-09-01,151.9506019360897,,119.68440435949805,135.81750314779387
스위스,기타,2025-10-01,195.32617199822127,,191.8414505090043,193.5838112536128
스위스,기타,2025-11-01,133.72281374051113,,109.96495372319549,121.84388373185331
스위스,기타,2025-12-01,110.11571304368063,,74.96388894611799,92.53980099489931
스위스,기타,2026-01-01,150.12264391129926,,78.80828877042528,114.46546634086226
스위스,기타,2026-02-01,133.49456262517083,,82.55386427964928,108.02421345241005
스위스,기타,2026-03-01,196.2634848181525,,110.42274341828818,153.34311411822034
스위스,기타,2026-04-01,190.02113600203595,,112.12889714135719,151.07501657169655
스위스,기타,2026-05-01,169.2681509929531,,101.18259342467532,135.2253722088142
스위스,기타,2026-06-01,161.4672053195876,,97.1015362619985,129.28437079079305
스위스,기타,2026-07-01,178.74903699776328,,95.89235037540092,137.3206936865821
스위스,기타,2026-08-01,181.01587003614458,,102.17968069888568,141.5977753675151
스위스,기타,2026-09-01,177.2938779366759,,135.8496732560853,156.5717755963806
스위스,기타,2026-10-01,248.89091136771373,,171.04689925634392,209.96890531202882
스위스,기타,2026-11-01,157.30235568566553,,81.27895050562745,119.29065309564649
스위스,기타,2026-12-01,119.71336419784348,,72.7146717572777,96.21401797756059
스위스,기타,2027-01-01,169.51707951549167,,76.55843710841619,123.03775831195392
스위스,기타,2027-02-01,143.85343654314863,,83.27279166723766,113.56311410519314
스위스,기타,2027-03-01,231.99810529463508,,121.52295071472864,176.76052800468187
스위스,상용,2025-04-01,3.544835843958988,,3.7265407490718356,3.635688296515412
스위스,상용,2025-05-01,4.0871717912496095,,4.053181911225224,4.070176851237417
스위스,상용,2025-06-01,3.5426150759495556,,4.206783064527629,3.8746990702385924
스위스,상용,2025-07-01,3.140641359201301,,4.405863860991133,3.773252610096217
스위스,상용,2025-08-01,3.776684073506311,,6.118004903105099,4.947344488305705
스위스,상용,2025-09-01,3.646831163469588,,6.460555491731531,5.053693327600559
스위스,상용,2025-10-01,3.4688873380622667,,3.964364278466711,3.7166258082644887
스위스,상용,2025-11-01,3.280240655244166,,2.9479396964653546,3.11409017585476
스위스,상용,2025-12-01,2.7874693246226263,,3.4018662687857475,3.094667796704187
스위스,상용,2026-01-01,3.9009352992462256,,5.474870937188307,4.687903118217266
스위스,상용,2026-02-01,2.8296613077739754,,3.4647650942000716,3.1472132009870233
스위스,상용,2026-03-01,3.1045420742092413,,2.7218802640967397,2.9132111691529907
스위스,상용,2026-04-01,2.8304624066606694,,3.2543771267974257,3.0424197667290476
스위스,상용,2026-05-01,3.346514361447797,,3.8027094279395435,3.5746118946936702
스위스,상용,2026-06-01,2.9826001970235607,,4.220131905203951,3.601366051113756
스위스,상용,2026-07-01,2.531097138083385,,4.588671289853123,3.559884213968254
스위스,상용,2026-08-01,2.938991968614694,,6.449283315131664,4.694137641873179
스위스,상용,2026-09-01,3.003839272301235,,6.774180759350852,4.889010015826043
스위스,상용,2026-10-01,2.788048563042074,,4.2305782153969105,3.5093133892194923
스위스,상용,2026-11-01,2.5941561237038115,,3.1877329072423244,2.890944515473068
스위스,상용,2026-12-01,2.15171643097935,,3.6178623290169067,2.8847893799981286
스위스,상용,2027-01-01,3.1017689708496077,,5.703717918639805,4.402743444744706
스위스,상용,2027-02-01,2.2775030285885625,,3.5375573192467993,2.9075301739176806
스위스,상용,2027-03-01,2.361897172799294,,2.7352401029939752,2.5485686378966346
스위스,유학연수,2025-04-01,17.415135225150724,,26.124386471047373,21.769760848099047
스위스,유학연수,2025-05-01,44.531426192668036,,27.783875444265785,36.15765081846691
스위스,유학연수,2025-06-01,27.704964461855884,,28.049017189764637,27.87699082581026
스위스,유학연수,2025-07-01,27.838641926749574,,28.72741074042559,28.283026333587582
스위스,유학연수,2025-08-01,167.58557250154436,,135.48739011074065,151.5364813061425
스위스,유학연수,2025-09-01,18.35524464846815,,17.223430968271337,17.789337808369744
스위스,유학연수,2025-10-01,19.629635168917556,,21.176950248514377,20.403292708715966
스위스,유학연수,2025-11-01,55.87386599644237,,38.15589977602232,47.01488288623234
스위스,유학연수,2025-12-01,37.98621682784856,,37.55501981077835,37.770618319313456
스위스,유학연수,2026-01-01,41.29919046668411,,42.73108559019617,42.01513802844014
스위스,유학연수,2026-02-01,141.3976214077767,,107.89931885583938,124.64847013180804
스위스,유학연수,2026-03-01,27.293761945264965,,26.590454188547014,26.942108066905988
스위스,유학연수,2026-04-01,18.875436551029676,,27.588833271573648,23.232134911301664
스위스,유학연수,2026-05-01,44.93549907363,,28.731580457704247,36.833539765667126
스위스,유학연수,2026-06-01,29.54258914952173,,28.488459651689226,29.01552440060548
스위스,유학연수,2026-07-01,32.994381930198045,,29.15991557689985,31.077148753548947
스위스,유학연수,2026-08-01,187.63492028411648,,137.09795860538384,162.36643944475014
스위스,유학연수,2026-09-01,24.273026263085022,,18.300565130525694,21.286795696805356
스위스,유학연수,2026-10-01,20.446409978989852,,22.45064634967563,21.448528164332743
스위스,유학연수,2026-11-01,56.847729386451775,,41.245342688065776,49.046536037258775
스위스,유학연수,2026-12-01,39.06841148386043,,39.22525598715029,39.14683373550536
스위스,유학연수,2027-01-01,47.12843955572095,,45.05249210839267,46.09046583205681
스위스,유학연수,2027-02-01,161.07374751669292,,108.71404271093613,134.89389511381452
스위스,유학연수,2027-03-01,29.731651902627792,,25.61230978310149,27.67198084286464
스페인,공용,2025-04-01,13.387335317033275,,12.796247261923567,13.09179128947842
스페인,공용,2025-05-01,17.130208221709136,,10.350328698379593,13.740268460044366
스페인,공용,2025-06-01,11.491631110670076,,9.90942864287176,10.700529876770918
스페인,공용,2025-07-01,12.698475443063302,,9.316548938054174,11.007512190558739
스페인,공용,2025-08-01,20.3724804227776,,12.377042272593277,16.37476134768544
스페인,공용,2025-09-01,16.483021315678876,,13.281527444419499,14.882274380049187
스페인,공용,2025-10-01,13.859303134834217,,10.18253850526009,12.020920820047154
스페인,공용,2025-11-01,13.383605085703977,,9.365148075455116,11.374376580579547
스페인,공용,2025-12-01,16.733959033389816,,10.411570540034514,13.572764786712165
스페인,공용,2026-01-01,22.930323030490413,,16.637692919899816,19.784007975195117
스페인,공용,2026-02-01,10.003083650757976,,9.7356666760485,9.869375163403237
스페인,공용,2026-03-01,12.326733319751748,,6.234420567402824,9.280576943577286
스페인,공용,2026-04-01,17.14262868889499,,3.096608508756102,10.119618598825546
스페인,공용,2026-05-01,18.879959643241317,,2.4983219432359096,10.689140793238614
스페인,공용,2026-06-01,13.56721672441998,,2.2332394902958166,7.900228107357899
스페인,공용,2026-07-01,16.57937605128831,,2.064557012577998,9.321966531933153
스페인,공용,2026-08-01,26.130828011699574,,3.008718475822003,14.569773243760789
스페인,공용,2026-09-01,19.125962629119492,,5.024025191469743,12.074993910294618
스페인,공용,2026-10-01,15.530123485200093,,2.8219427358446962,9.176033110522395
스페인,공용,2026-11-01,15.397608935291645,,2.842057249085726,9.119833092188685
스페인,공용,2026-12-01,18.056430687035203,,2.509849435011838,10.28314006102352
스페인,공용,2027-01-01,30.11605498742131,,2.9183252321458086,16.51719010978356
스페인,공용,2027-02-01,12.657111050150878,,1.871118078622131,7.264114564386505
스페인,공용,2027-03-01,12.671796366570728,,1.76155103151103,7.216673699040879
스페인,관광,2025-04-01,4645.618633445417,,3274.0801026539557,3959.8493680496863
스페인,관광,2025-05-01,4398.099406258813,,3173.4520724093177,3785.7757393340653
스페인,관광,2025-06-01,4348.369656015543,,3316.2149099793032,3832.292282997423
스페인,관광,2025-07-01,5565.997787055859,,4318.074250740648,4942.036018898253
스페인,관광,2025-08-01,7663.60677098075,,6003.703823735967,6833.655297358358
스페인,관광,2025-09-01,5801.589301962133,,5946.77238506937,5874.180843515751
스페인,관광,2025-10-01,6586.697576407801,,5496.592940323731,6041.6452583657665
스페인,관광,2025-11-01,5204.717707629337,,4414.11262806346,4809.415167846399
스페인,관광,2025-12-01,3092.920082283169,,2628.2426902618945,2860.5813862725317
스페인,관광,2026-01-01,2425.35128102862,,1531.6655661954135,1978.508423612017
스페인,관광,2026-02-01,2564.9377783706295,,1786.8243567017512,2175.88106753619
스페인,관광,2026-03-01,5116.868129282001,,2820.6418815228926,3968.755005402447
스페인,관광,2026-04-01,6126.922832586804,,3073.2646553332997,4600.093743960052
스페인,관광,2026-05-01,5505.7334385666345,,2952.436081201852,4229.084759884243
스페인,관광,2026-06-01,5458.843254232668,,3291.4951556651513,4375.16920494891
스페인,관광,2026-07-01,7074.995736608254,,4286.387409315851,5680.691572962052
스페인,관광,2026-08-01,9533.12423909894,,5871.9462356166405,7702.53523735779
스페인,관광,2026-09-01,7102.564190080286,,6030.900651293634,6566.73242068696
스페인,관광,2026-10-01,7985.795618598955,,5576.238375961554,6781.016997280254
스페인,관광,2026-11-01,6460.352677060216,,4542.578651596805,5501.465664328511
스페인,관광,2026-12-01,3841.931592658267,,2848.4266953626393,3345.1791440104535
스페인,관광,2027-01-01,3154.037749304683,,1754.3060505373805,2454.1718999210316
스페인,관광,2027-02-01,3198.6054746626396,,1814.7862036526337,2506.695839157637
스페인,관광,2027-03-01,5647.600415253407,,2773.9156833852303,4210.758049319318
스페인,기타,2025-04-01,297.08258465198236,,262.6890450554097,279.88581485369605
스페인,기타,2025-05-01,330.90517773191465,,275.13882831977963,303.02200302584714
스페인,기타,2025-06-01,280.57080885131654,,286.3800025849565,283.4754057181365
스페인,기타,2025-07-01,342.1438124479736,,294.1468517612507,318.1453321046121
스페인,기타,2025-08-01,361.29989074867325,,317.93155884928194,339.61572479897757
스페인,기타,2025-09-01,331.9830963222293,,327.1312910079646,329.557193665097
스페인,기타,2025-10-01,344.5822541964599,,304.97793678067626,324.7800954885681
스페인,기타,2025-11-01,303.7919566264442,,270.24428771815747,287.0181221723008
스페인,기타,2025-12-01,256.0027302680156,,239.5281513985427,247.76544083327917
스페인,기타,2026-01-01,363.30376704212375,,298.0876173763942,330.69569220925894
스페인,기타,2026-02-01,293.981429091056,,282.58591868457887,288.28367388781743
스페인,기타,2026-03-01,336.4840399174101,,273.9479447804001,305.2159923489051
스페인,기타,2026-04-01,364.1739819018659,,281.4554032539842,322.81469257792503
스페인,기타,2026-05-01,380.35139151572866,,294.9100748412711,337.6307331784999
스페인,기타,2026-06-01,323.55155919425914,,304.5389006636414,314.0452299289503
스페인,기타,2026-07-01,396.3900437008327,,310.79867443256967,353.59435906670114
스페인,기타,2026-08-01,425.7814938590755,,335.10027983692555,380.44088684800056
스페인,기타,2026-09-01,388.38974592688305,,341.85688063465204,365.12331328076755
스페인,기타,2026-10-01,406.17080301036003,,315.45563731574833,360.8132201630542
스페인,기타,2026-11-01,345.5570244435212,,275.4655603451605,310.51129239434084
스페인,기타,2026-12-01,287.54427771234066,,243.18315342325147,265.3637155677961
스페인,기타,2027-01-01,421.85619662074856,,306.38355674619424,364.1198766834714
스페인,기타,2027-02-01,342.50219316550897,,287.92426418176444,315.2132286736367
스페인,기타,2027-03-01,373.5372123411584,,278.88790446269746,326.21255840192794
스페인,상용,2025-04-01,19.34427641315754,,21.30762361142251,20.325950012290026
스페인,상용,2025-05-01,20.993774913364046,,21.4259165053715,21.209845709367773
스페인,상용,2025-06-01,19.909008106192143,,20.009558775712655,19.959283440952397
스페인,상용,2025-07-01,18.70325546893292,,18.378673545764777,18.540964507348846
스페인,상용,2025-08-01,24.569055360661785,,24.814199500841774,24.69162743075178
스페인,상용,2025-09-01,24.082250742883595,,27.40879530826173,25.745523025572663
스페인,상용,2025-10-01,21.375241399471026,,23.616272721674694,22.49575706057286
스페인,상용,2025-11-01,19.57042303956238,,20.353457018269353,19.96194002891587
스페인,상용,2025-12-01,15.495739903766331,,17.11136344466831,16.30355167421732
스페인,상용,2026-01-01,33.75745468759871,,38.45772548572937,36.10759008666404
스페인,상용,2026-02-01,19.06825803124076,,16.0868725216133,17.57756527642703
스페인,상용,2026-03-01,21.52041287321223,,21.33904970691357,21.4297312900629
스페인,상용,2026-04-01,22.725931472285698,,23.913052037962956,23.319491755124325
스페인,상용,2026-05-01,24.04601089085874,,24.632567633326694,24.339289262092716
스페인,상용,2026-06-01,23.166742951339714,,23.761791832898364,23.46426739211904
스페인,상용,2026-07-01,20.760824672033927,,22.52445929465231,21.64264198334312
스페인,상용,2026-08-01,27.417340449446193,,28.412308895109188,27.91482467227769
스페인,상용,2026-09-01,27.338231888829352,,31.160080530966248,29.249156209897798
스페인,상용,2026-10-01,25.938588917527806,,28.586347059337562,27.262467988432682
스페인,상용,2026-11-01,22.203167234989227,,24.507426175774548,23.35529670538189
스페인,상용,2026-12-01,16.715015595181022,,18.964901558198687,17.839958576689853
스페인,상용,2027-01-01,38.65787075331156,,42.5816089064766,40.61973982989409
스페인,상용,2027-02-01,20.40794612903637,,16.311280474334172,18.359613301685272
스페인,상용,2027-03-01,24.768155563119212,,23.907977841513233,24.338066702316222
스페인,유학연수,2025-04-01,34.30156495603526,,72.42121102027116,53.36138798815321
스페인,유학연수,2025-05-01,121.18813273555827,,73.2371045107614,97.21261862315984
스페인,유학연수,2025-06-01,70.9753591421179,,73.44797152707739,72.21166533459764
스페인,유학연수,2025-07-01,61.94996512428392,,76.48163449721021,69.21579981074706
스페인,유학연수,2025-08-01,502.03058817400705,,273.6903451960345,387.8604666850208
스페인,유학연수,2025-09-01,66.77519810851886,,36.52971917999922,51.65245864425904
스페인,유학연수,2025-10-01,68.83273134502839,,37.80784072060406,53.32028603281623
스페인,유학연수,2025-11-01,209.61441785785553,,285.1256742654918,247.37004606167366
스페인,유학연수,2025-12-01,130.03686005872876,,122.60102118243839,126.31894062058358
스페인,유학연수,2026-01-01,123.15416847963321,,66.37199741362296,94.76308294662809
스페인,유학연수,2026-02-01,302.89680575993395,,298.2615333359053,300.5791695479196
스페인,유학연수,2026-03-01,106.03843165149512,,74.73621555939866,90.38732360544688
스페인,유학연수,2026-04-01,40.94980559435181,,73.94404045636162,57.44692302535671
스페인,유학연수,2026-05-01,123.53462320326243,,75.31436213960325,99.42449267143283
스페인,유학연수,2026-06-01,71.89574966687074,,75.4212680470165,73.65850885694363
스페인,유학연수,2026-07-01,69.6606466158481,,77.38247752602652,73.5215620709373
스페인,유학연수,2026-08-01,573.3775476120121,,373.53709665735363,473.45732213468284
스페인,유학연수,2026-09-01,78.15300058912642,,38.641144775328044,58.39707268222723
스페인,유학연수,2026-10-01,74.70997647277005,,43.66095687292948,59.18546667284977
스페인,유학연수,2026-11-01,228.5250686690907,,294.8714748095838,261.69827173933726
스페인,유학연수,2026-12-01,131.52329845597947,,135.3882517546329,133.4557751053062
스페인,유학연수,2027-01-01,142.83168453920368,,74.6460083202931,108.73884642974839
스페인,유학연수,2027-02-01,337.56554166980817,,311.6346613438064,324.6001015068073
스페인,유학연수,2027-03-01,125.81937780349531,,76.14583025220217,100.98260402784874
싱가포르,공용,2025-04-01,16.508217766509713,,17.46944067219539,16.988829219352553
싱가포르,공용,2025-05-01,28.270189531097095,,18.7951364329641,23.532662982030597
싱가포르,공용,2025-06-01,22.105876970516086,,20.922819663859503,21.514348317187796
싱가포르,공용,2025-07-01,30.660948210276718,,21.675860374802568,26.16840429253964
싱가포르,공용,2025-08-01,18.945403351072134,,16.208454295400024,17.57692882323608
싱가포르,공용,2025-09-01,34.331359581550466,,16.50427945450086,25.417819518025663
싱가포르,공용,2025-10-01,26.56359450976284,,29.50627168821819,28.034933098990514
싱가포르,공용,2025-11-01,32.11855176579186,,26.856820182039513,29.487685973915685
싱가포르,공용,2025-12-01,22.028079865496355,,19.20654415902761,20.617312012261984
싱가포르,공용,2026-01-01,12.480948082706746,,14.20912396855583,13.345036025631288
싱가포르,공용,2026-02-01,30.738740593896463,,28.083572298133213,29.411156446014836
싱가포르,공용,2026-03-01,30.04176229412821,,28.639275104606618,29.340518699367415
싱가포르,공용,2026-04-01,18.749357180935675,,20.18000838493336,19.464682782934517
싱가포르,공용,2026-05-01,40.12762227397807,,19.359181591618015,29.743401932798044
싱가포르,공용,2026-06-01,22.32248031803813,,19.74541346940156,21.033946893719843
싱가포르,공용,2026-07-01,42.90244764055476,,19.603109909182933,31.252778774868847
싱가포르,공용,2026-08-01,18.479740703830963,,14.431920282539497,16.455830493185232
싱가포르,공용,2026-09-01,42.337666851502256,,14.818340296030764,28.57800357376651
싱가포르,공용,2026-10-01,32.49264263466762,,28.04989242972617,30.271267532196894
싱가포르,공용,2026-11-01,38.76339021504445,,28.1757931314729,33.46959167325868
싱가포르,공용,2026-12-01,26.843466305157264,,18.93689346968196,22.890179887419613
싱가포르,공용,2027-01-01,19.488764300858556,,14.104664299385544,16.796714300122048
싱가포르,공용,2027-02-01,31.519745522304397,,27.696449100608895,29.608097311456646
싱가포르,공용,2027-03-01,37.02736583982434,,28.41326188462434,32.720313862224344
싱가포르,관광,2025-04-01,42792.367807222116,,42802.96538296879,42797.66659509545
싱가포르,관광,2025-05-01,42402.70243293887,,41362.502663076084,41882.602548007475
싱가포르,관광,2025-06-01,46256.16092357937,,31010.23792847946,38633.199426029416
싱가포르,관광,2025-07-01,20082.84311809691,,18048.179325729674,19065.511221913293
싱가포르,관광,2025-08-01,21579.678748021255,,18867.248561377342,20223.4636546993
싱가포르,관광,2025-09-01,35240.179125122384,,29712.305555589614,32476.242340356
싱가포르,관광,2025-10-01,50105.574611695796,,38526.02498012405,44315.79979590992
싱가포르,관광,2025-11-01,58898.40881822148,,49111.84184757101,54005.12533289625
싱가포르,관광,2025-12-01,93556.26520966142,,60897.01899622909,77226.64210294525
싱가포르,관광,2026-01-01,23014.96616489699,,20065.22510850441,21540.095636700702
싱가포르,관광,2026-02-01,21305.509730405596,,23396.42819961052,22350.968965008058
싱가포르,관광,2026-03-01,49371.903561962754,,39408.930184075696,44390.416873019225
싱가포르,관광,2026-04-01,54603.34744190867,,48219.034436005466,51411.190938957065
싱가포르,관광,2026-05-01,52111.055068672234,,45021.12107617189,48566.08807242206
싱가포르,관광,2026-06-01,59083.71191994567,,32274.977255017802,45679.34458748174
싱가포르,관광,2026-07-01,24525.178007172322,,19228.13036220221,21876.654184687264
싱가포르,관광,2026-08-01,25962.73292914006,,21749.453206278675,23856.093067709367
싱가포르,관광,2026-09-01,43334.565353242055,,31732.45533882005,37533.51034603105
싱가포르,관광,2026-10-01,57743.423917549015,,40772.24797601033,49257.83594677967
싱가포르,관광,2026-11-01,73409.96444139403,,51537.696600424446,62473.830520909236
싱가포르,관광,2026-12-01,117693.7316789179,,62289.87514486164,89991.80341188976
싱가포르,관광,2027-01-01,25349.96683788299,,20770.171018978785,23060.068928430886
싱가포르,관광,2027-02-01,24001.994904750238,,24526.433510475385,24264.21420761281
싱가포르,관광,2027-03-01,58437.965320275995,,41083.1859633428,49760.575641809395
싱가포르,기타,2025-04-01,2026.879095684249,,1413.2652567850553,1720.072176234652
싱가포르,기타,2025-05-01,2125.404591489084,,1420.0388693831828,1772.7217304361334
싱가포르,기타,2025-06-01,2087.28503376524,,1421.3431133521615,1754.3140735587008
싱가포르,기타,2025-07-01,2147.6221664075947,,1428.4645447094827,1788.0433555585387
싱가포르,기타,2025-08-01,2182.075743697457,,1419.525861619241,1800.8008026583489
싱가포르,기타,2025-09-01,2143.554857911552,,1415.1580363951869,1779.3564471533696
싱가포르,기타,2025-10-01,2235.335341669325,,1391.151555084442,1813.2434483768834
싱가포르,기타,2025-11-01,2200.505210420501,,1345.6431465501814,1773.0741784853412
싱가포르,기타,2025-12-01,2320.393793475449,,1398.9098726761363,1859.6518330757926
싱가포르,기타,2026-01-01,2359.442759005394,,1355.189107778014,1857.3159333917038
싱가포르,기타,2026-02-01,2182.7690421381835,,1222.5658315013864,1702.667436819785
싱가포르,기타,2026-03-01,2380.553720441987,,1036.2011099571027,1708.3774151995449
싱가포르,기타,2026-04-01,2432.79999205519,,945.2693182037467,1689.0346551294683
싱가포르,기타,2026-05-01,2587.3671111737626,,814.8219680572303,1701.0945396154964
싱가포르,기타,2026-06-01,2571.054866431047,,752.8532974255564,1661.9540819283015
싱가포르,기타,2026-07-01,2642.447636012368,,781.9293782848051,1712.1885071485867
싱가포르,기타,2026-08-01,2653.0374481716835,,825.7086354459066,1739.373041808795
싱가포르,기타,2026-09-01,2600.9149660906137,,917.9436882166209,1759.4293271536174
싱가포르,기타,2026-10-01,2657.9459563077594,,1032.29653389199,1845.1212450998746
싱가포르,기타,2026-11-01,2641.768628673032,,1135.3168240706589,1888.5427263718452
싱가포르,기타,2026-12-01,2746.617088464305,,1306.001657443004,2026.3093729536545
싱가포르,기타,2027-01-01,2843.85470807642,,1315.7748731005354,2079.814790588478
싱가포르,기타,2027-02-01,2619.902566998732,,1302.7258615821786,1961.3142142904553
싱가포르,기타,2027-03-01,2821.6165920820854,,1303.153365838275,2062.38497896018
싱가포르,유학연수,2025-04-01,20.06805682041616,,25.292756870720815,22.680406845568488
싱가포르,유학연수,2025-05-01,43.23078444307887,,27.198408541376924,35.2145964922279
싱가포르,유학연수,2025-06-01,58.730542766346204,,25.86340036091071,42.29697156362846
싱가포르,유학연수,2025-07-01,55.179717142654525,,33.56677166808343,44.37324440536898
싱가포르,유학연수,2025-08-01,408.3630508859839,,295.39741125686487,351.8802310714244
싱가포르,유학연수,2025-09-01,45.052565454234006,,31.13541994991075,38.09399270207238
싱가포르,유학연수,2025-10-01,35.189251441661476,,21.400269550078995,28.294760495870236
싱가포르,유학연수,2025-11-01,66.08294696026441,,49.13954835966234,57.611247659963375
싱가포르,유학연수,2025-12-01,90.29107157702784,,61.1688425115812,75.72995704430451
싱가포르,유학연수,2026-01-01,44.870205762261286,,26.415669899015867,35.64293783063857
싱가포르,유학연수,2026-02-01,269.86403785831044,,242.7388553424973,256.3014466004039
싱가포르,유학연수,2026-03-01,42.483180287872734,,25.405309623136198,33.944244955504466
싱가포르,유학연수,2026-04-01,20.365660462458,,30.157241270581864,25.26145086651993
싱가포르,유학연수,2026-05-01,54.25463625998813,,33.45314334831229,43.853889804150214
싱가포르,유학연수,2026-06-01,61.55431764910784,,35.30399803323921,48.42915784117352
싱가포르,유학연수,2026-07-01,61.47676077003297,,45.53206826802949,53.50441451903123
싱가포르,유학연수,2026-08-01,504.7098479495519,,347.96066491426546,426.33525643190865
싱가포르,유학연수,2026-09-01,57.622203776133695,,38.05800442648234,47.840104101308015
싱가포르,유학연수,2026-10-01,34.147537452381336,,28.80240433934514,31.474970895863237
싱가포르,유학연수,2026-11-01,80.2683166861713,,63.56209312983175,71.91520490800153
싱가포르,유학연수,2026-12-01,90.26166143229767,,74.70648656655548,82.48407399942658
싱가포르,유학연수,2027-01-01,58.065311690837014,,41.95940821344648,50.01235995214175
싱가포르,유학연수,2027-02-01,333.4997475265788,,271.13445480099307,302.31710116378594
싱가포르,유학연수,2027-03-01,44.979986245183284,,23.05892643176394,34.01945633847361
싱가포르,상용,2025-04-01,202.5830240668309,,103.25427335914499,152.91864871298793
싱가포르,상용,2025-05-01,226.6087164255266,,98.20759670743166,162.40815656647914
싱가포르,상용,2025-06-01,196.74547275275546,,89.13880206345362,142.94213740810454
싱가포르,상용,2025-07-01,178.3468658265154,,78.15193637880776,128.24940110266158
싱가포르,상용,2025-08-01,199.15397257310863,,92.56561482267682,145.8597936978927
싱가포르,상용,2025-09-01,202.99877873664062,,102.62185009614817,152.8103144163944
싱가포르,상용,2025-10-01,230.9488192786931,,118.98963495359585,174.96922711614448
싱가포르,상용,2025-11-01,220.89912089688713,,125.63955246420157,173.26933668054434
싱가포르,상용,2025-12-01,187.33676243102204,,111.37619199578806,149.35647721340504
싱가포르,상용,2026-01-01,155.42045944983758,,104.74592448091981,130.0831919653787
싱가포르,상용,2026-02-01,179.57328725674054,,119.43180965646849,149.50254845660453
싱가포르,상용,2026-03-01,222.57664487508376,,145.5542168045095,184.06543083979665
싱가포르,상용,2026-04-01,232.05769975962863,,155.12451242791116,193.5911060937699
싱가포르,상용,2026-05-01,244.42866022758028,,166.3563341482885,205.3924971879344
싱가포르,상용,2026-06-01,205.54919608637914,,169.33672940600934,187.44296274619424
싱가포르,상용,2026-07-01,188.18973160854352,,165.03408728126044,176.61190944490198
싱가포르,상용,2026-08-01,220.18786584230475,,177.8413116250884,199.01458873369657
싱가포르,상용,2026-09-01,220.91241099222154,,190.85348995083706,205.88295047152928
싱가포르,상용,2026-10-01,258.65213611988105,,217.59345650246206,238.12279631117156
싱가포르,상용,2026-11-01,240.43320749738166,,216.6819488227115,228.55757816004657
싱가포르,상용,2026-12-01,201.07543862250017,,189.1794289125978,195.127433767549
싱가포르,상용,2027-01-01,163.67431801146336,,156.20660001544513,159.94045901345424
싱가포르,상용,2027-02-01,179.71055693059114,,199.70684158345819,189.70869925702465
싱가포르,상용,2027-03-01,251.03712711888647,,277.1817337620399,264.1094304404632
아르헨티나,공용,2025-04-01,0.8869179999516158,,0.935409132924192,0.9111635664379039
아르헨티나,공용,2025-05-01,1.7391938095948893,,0.9751223054386347,1.357158057516762
아르헨티나,공용,2025-06-01,1.3607077837182613,,0.990072969557473,1.1753903766378673
아르헨티나,공용,2025-07-01,1.6493031467273545,,1.089116339485342,1.3692097431063481
아르헨티나,공용,2025-08-01,0.5682401297341374,,1.322021434364531,0.9451307820493342
아르헨티나,공용,2025-09-01,0.6661399807767593,,1.5542941511337847,1.110217065955272
아르헨티나,공용,2025-10-01,0.4697334825881361,,1.0861320334347302,0.7779327580114331
아르헨티나,공용,2025-11-01,0.39510743789928043,,0.5727041055598899,0.48390577172958515
아르헨티나,공용,2025-12-01,0.19885408449246889,,0.6615030371511361,0.4301785608218025
아르헨티나,공용,2026-01-01,0.4255996807387672,,0.6755549880931174,0.5505773344159424
아르헨티나,공용,2026-02-01,0.5117927593161169,,0.6782036300034939,0.5949981946598054
아르헨티나,공용,2026-03-01,1.109223710672238,,0.8746350271278537,0.9919293689000459
아르헨티나,공용,2026-04-01,1.6157968913339853,,0.9772962049974917,1.2965465481657386
아르헨티나,공용,2026-05-01,1.4895554808470968,,0.8769383845512349,1.183246932699166
아르헨티나,공용,2026-06-01,1.3214103220304958,,0.8900464112336793,1.1057283666320876
아르헨티나,공용,2026-07-01,1.52917212342391,,1.0518340064392193,1.2905030649315647
아르헨티나,공용,2026-08-01,0.7293026957868955,,1.3055886262352183,1.017445661011057
아르헨티나,공용,2026-09-01,1.213512342144004,,1.5285205081335105,1.371016425138757
아르헨티나,공용,2026-10-01,0.6403384706597615,,0.983278557976622,0.8118085143181917
아르헨티나,공용,2026-11-01,0.46002392041935225,,0.5203255592391721,0.4901747398292622
아르헨티나,공용,2026-12-01,0.005823672342356266,,0.6235158886598304,0.31466978050109334
아르헨티나,공용,2027-01-01,0.17192410590584326,,0.6460359273545131,0.4089800166301782
아르헨티나,공용,2027-02-01,0.2713835524653713,,0.717571708575734,0.4944776305205527
아르헨티나,공용,2027-03-01,1.7157796067994209,,1.095827947444627,1.405803777122024
아르헨티나,관광,2025-04-01,766.513652709119,,935.6348359134217,851.0742443112704
아르헨티나,관광,2025-05-01,751.1552895045412,,749.3446343303367,750.2499619174389
아르헨티나,관광,2025-06-01,569.2167644174446,,608.9383245919264,589.0775445046854
아르헨티나,관광,2025-07-01,598.6723565658929,,550.0695323387666,574.3709444523297
아르헨티나,관광,2025-08-01,559.9312898257818,,672.8922284833997,616.4117591545908
아르헨티나,관광,2025-09-01,774.4524616912719,,820.0418156413771,797.2471386663244
아르헨티나,관광,2025-10-01,949.0050322828284,,823.8342960754833,886.4196641791559
아르헨티나,관광,2025-11-01,600.2634349125582,,612.5432681303132,606.4033515214358
아르헨티나,관광,2025-12-01,501.33277220029464,,584.671442679052,543.0021074396733
아르헨티나,관광,2026-01-01,662.5881423697124,,781.1331867918184,721.8606645807654
아르헨티나,관광,2026-02-01,553.486873005814,,778.0401134385012,665.7634932221576
아르헨티나,관광,2026-03-01,867.1341531527112,,950.3844233305449,908.759288241628
아르헨티나,관광,2026-04-01,989.2578142742212,,904.5043201100261,946.8810671921237
아르헨티나,관광,2026-05-01,946.8939799588785,,761.3927635892624,854.1433717740704
아르헨티나,관광,2026-06-01,737.2475602626296,,680.5208261834083,708.8841932230189
아르헨티나,관광,2026-07-01,758.3050081946654,,643.5136469091173,700.9093275518914
아르헨티나,관광,2026-08-01,686.6631355881974,,737.4176395633973,712.0403875757974
아르헨티나,관광,2026-09-01,953.1439879722567,,818.7915020159115,885.9677449940841
아르헨티나,관광,2026-10-01,1156.9109461219064,,827.0449520856405,991.9779491037734
아르헨티나,관광,2026-11-01,760.0268139038133,,731.0156765878794,745.5212452458463
아르헨티나,관광,2026-12-01,634.6554357773047,,761.4721893885317,698.0638125829182
아르헨티나,관광,2027-01-01,813.7419619250685,,867.339202566234,840.5405822456512
아르헨티나,관광,2027-02-01,666.4035878074498,,807.2262532018623,736.814920504656
아르헨티나,관광,2027-03-01,1015.6299084521012,,922.7620381875512,969.1959733198262
아르헨티나,상용,2025-04-01,1.0541139533839905,,0.9458746300506675,0.999994291717329
아르헨티나,상용,2025-05-01,1.2473464000452443,,0.823233329466984,1.0352898647561142
아르헨티나,상용,2025-06-01,1.2464334911925117,,0.7757249641544841,1.011079227673498
아르헨티나,상용,2025-07-01,0.9451025873057326,,0.7586626948120214,0.851882641058877
아르헨티나,상용,2025-08-01,1.1934493217258635,,1.1331846174779976,1.1633169696019305
아르헨티나,상용,2025-09-01,1.0647613137038894,,1.582645896624466,1.3237036051641777
아르헨티나,상용,2025-10-01,1.1884848380241597,,1.7447428036790602,1.46661382085161
아르헨티나,상용,2025-11-01,1.1304883839367916,,1.4979736719056695,1.3142310279212306
아르헨티나,상용,2025-12-01,0.560258903648145,,1.0161627472533858,0.7882108254507654
아르헨티나,상용,2026-01-01,1.2233056627532064,,1.1973254567058933,1.2103155597295499
아르헨티나,상용,2026-02-01,1.0346247103645103,,1.383325407466831,1.2089750589156707
아르헨티나,상용,2026-03-01,0.9237453987409369,,1.508731631207492,1.2162385149742145
아르헨티나,상용,2026-04-01,1.0181618184620183,,1.221021550868544,1.1195916846652811
아르헨티나,상용,2026-05-01,1.263049932688559,,1.0617998014012366,1.1624248670448978
아르헨티나,상용,2026-06-01,1.049242148636719,,0.9666830872565626,1.0079626179466408
아르헨티나,상용,2026-07-01,0.8661455712351146,,0.8995280346101553,0.882836802922635
아르헨티나,상용,2026-08-01,1.2000174106086818,,1.247320633512921,1.2236690220608013
아르헨티나,상용,2026-09-01,1.028109463687331,,1.6820746786124194,1.3550920711498753
아르헨티나,상용,2026-10-01,1.1793418317619142,,1.8090247786330929,1.4941833051975035
아르헨티나,상용,2026-11-01,1.0489971371288824,,1.5276253965834412,1.2883112668561618
아르헨티나,상용,2026-12-01,0.47214048923720014,,1.036225562133513,0.7541830256853566
아르헨티나,상용,2027-01-01,1.1779261221128465,,1.2313100481760597,1.2046180851444532
아르헨티나,상용,2027-02-01,0.9429004746776986,,1.4230661081045382,1.1829832913911185
아르헨티나,상용,2027-03-01,0.9125055792589348,,1.5841845731671997,1.2483450762130672
아르헨티나,기타,2025-04-01,204.259558177009,,169.98179885323867,187.12067851512384
아르헨티나,기타,2025-05-01,192.71723829473848,,155.57016508836034,174.1437016915494
아르헨티나,기타,2025-06-01,162.5781534015292,,151.3122920907591,156.94522274614414
아르헨티나,기타,2025-07-01,184.33083555943992,,165.8455783367783,175.0882069481091
아르헨티나,기타,2025-08-01,187.9872528505284,,174.1630447084242,181.0751487794763
아르헨티나,기타,2025-09-01,182.2835986959866,,178.2168890129187,180.25024385445266
아르헨티나,기타,2025-10-01,224.51480986023796,,195.1343216329095,209.82456574657374
아르헨티나,기타,2025-11-01,168.55894628785708,,146.29255890475562,157.42575259630635
아르헨티나,기타,2025-12-01,118.6200127897805,,93.17590647549713,105.89795963263882
아르헨티나,기타,2026-01-01,113.72402523721529,,72.56742996342601,93.14572760032064
아르헨티나,기타,2026-02-01,111.70471415250113,,89.53115683037795,100.61793549143954
아르헨티나,기타,2026-03-01,195.32760581671442,,146.1922032913193,170.75990455401686
아르헨티나,기타,2026-04-01,265.1177447429643,,174.8167121083901,219.9672284256772
아르헨티나,기타,2026-05-01,243.16308174203348,,163.1449709944413,203.1540263682374
아르헨티나,기타,2026-06-01,200.23757285022106,,161.74444883917573,180.9910108446984
아르헨티나,기타,2026-07-01,219.1974925243951,,175.7419959263469,197.46974422537102
아르헨티나,기타,2026-08-01,225.8540167613852,,181.89459411450386,203.87430543794454
아르헨티나,기타,2026-09-01,231.17178864025416,,184.08831611875382,207.63005237950398
아르헨티나,기타,2026-10-01,268.07219878397854,,199.90414204241554,233.98817041319705
아르헨티나,기타,2026-11-01,217.17521537246907,,151.48620144465042,184.33070840855976
아르헨티나,기타,2026-12-01,141.29164823964297,,96.77701607262793,119.03433215613545
아르헨티나,기타,2027-01-01,137.20294885054528,,74.56129157597846,105.88212021326187
아르헨티나,기타,2027-02-01,121.65385487300723,,90.10383782882346,105.87884635091535
아르헨티나,기타,2027-03-01,231.49877081940068,,147.2802237430983,189.38949728124948
아르헨티나,유학연수,2025-04-01,0.4353920119681358,,2.774617305265833,1.6050046586169846
아르헨티나,유학연수,2025-05-01,0.7849800176817358,,1.6481559630503688,1.2165679903660522
아르헨티나,유학연수,2025-06-01,0.45962018124555104,,3.211973119143548,1.8357966501945495
아르헨티나,유학연수,2025-07-01,11.362711049726196,,7.84183075575778,9.602270902741989
아르헨티나,유학연수,2025-08-01,3.9124556228515566,,7.805432488741362,5.858944055796459
아르헨티나,유학연수,2025-09-01,8.322236807554509,,1.4841585110193933,4.903197659286951
아르헨티나,유학연수,2025-10-01,8.917819280689788,,1.3615618677431138,5.13969057421645
아르헨티나,유학연수,2025-11-01,0.6695096959508713,,0.3543996274233723,0.5119546616871218
아르헨티나,유학연수,2025-12-01,0.5493598382224459,,2.249841446492069,1.3996006423572576
아르헨티나,유학연수,2026-01-01,0.8757230236396084,,4.975959030899173,2.9258410272693904
아르헨티나,유학연수,2026-02-01,3.613247211035074,,6.982793914570109,5.298020562802591
아르헨티나,유학연수,2026-03-01,1.5188196236082279,,3.815073837591785,2.6669467306000065
아르헨티나,유학연수,2026-04-01,0.5183585584652278,,1.7338020714769247,1.1260803149710763
아르헨티나,유학연수,2026-05-01,0.9300875034656435,,0.6685455782056695,0.7993165408356565
아르헨티나,유학연수,2026-06-01,0.568045665264207,,2.054540768202986,1.3112932167335964
아르헨티나,유학연수,2026-07-01,13.77752653757113,,6.856328864908573,10.316927701239852
아르헨티나,유학연수,2026-08-01,4.538354070237723,,8.35161563914032,6.444984854689022
아르헨티나,유학연수,2026-09-01,10.146378717845778,,1.7336065577587871,5.939992637802282
아르헨티나,유학연수,2026-10-01,11.157337791513697,,1.547240505865978,6.352289148689838
아르헨티나,유학연수,2026-11-01,0.6504440341636849,,0.578631467627305,0.614537750895495
아르헨티나,유학연수,2026-12-01,0.49738686515987107,,2.06894880503321,1.2831678350965405
아르헨티나,유학연수,2027-01-01,0.9949812805766581,,4.652141869418954,2.823561574997806
아르헨티나,유학연수,2027-02-01,4.360922266583007,,6.748324477563472,5.554623372073239
아르헨티나,유학연수,2027-03-01,1.8825784687921585,,3.604106381202732,2.7433424249974454
에콰도르,공용,2025-04-01,36.4807828060614,,13.30956357392219,24.895173189991795
에콰도르,공용,2025-05-01,16.418804173387212,,29.537977487366284,22.978390830376746
에콰도르,공용,2025-06-01,6.692183467813049,,23.388220263993652,15.04020186590335
에콰도르,공용,2025-07-01,9.399969951145106,,3.198596832362811,6.299283391753958
에콰도르,공용,2025-08-01,10.666547758609344,,2.4737422525858044,6.570145005597574
에콰도르,공용,2025-09-01,13.606015732826888,,3.8195433914405,8.712779562133694
에콰도르,공용,2025-10-01,54.79537350974676,,19.428747244439204,37.11206037709298
에콰도르,공용,2025-11-01,1.8099588510061324,,35.20059998278356,18.505279416894844
에콰도르,공용,2025-12-01,0.7630017826877985,,3.342507919484836,2.052754851086317
에콰도르,공용,2026-01-01,2.672243456185455,,1.614256673342807,2.143250064764131
에콰도르,공용,2026-02-01,0.7905950225960775,,1.617018997045036,1.2038070098205567
에콰도르,공용,2026-03-01,4.197067767949471,,3.452523665175798,3.824795716562634
에콰도르,공용,2026-04-01,42.649158058572226,,12.542712272445586,27.595935165508905
에콰도르,공용,2026-05-01,17.756985247196265,,31.27682560289625,24.516905425046257
에콰도르,공용,2026-06-01,13.801244688756015,,19.759313015255543,16.78027885200578
에콰도르,공용,2026-07-01,13.415676238296053,,3.599054199069758,8.507365218682905
에콰도르,공용,2026-08-01,12.17643292150263,,2.634852272985267,7.405642597243949
에콰도르,공용,2026-09-01,22.071922094789542,,5.4640543122897896,13.767988203539666
에콰도르,공용,2026-10-01,56.945713599340124,,27.93719702172368,42.4414553105319
에콰도르,공용,2026-11-01,5.219121759279861,,17.034388650231133,11.126755204755497
에콰도르,공용,2026-12-01,3.2327138138296356,,1.862661414672994,2.547687614251315
에콰도르,공용,2027-01-01,4.001196772754626,,1.5164146824576146,2.75880572760612
에콰도르,공용,2027-02-01,3.156026747863299,,1.9282975647266472,2.542162156294973
에콰도르,공용,2027-03-01,4.986861457422188,,5.703598564618855,5.345230011020522
에콰도르,관광,2025-04-01,313.9968560389864,,163.81711561965312,238.90698582931975
에콰도르,관광,2025-05-01,292.30769382914923,,136.8053265938511,214.55651021150015
에콰도르,관광,2025-06-01,231.20692437457262,,129.81389036328113,180.51040736892688
에콰도르,관광,2025-07-01,314.9444718692126,,146.76223954983806,230.85335570952532
에콰도르,관광,2025-08-01,277.61887631096715,,205.11639644551076,241.36763637823896
에콰도르,관광,2025-09-01,402.8968779467339,,275.7917019878904,339.3442899673122
에콰도르,관광,2025-10-01,432.33747581961086,,299.40766902269075,365.87257242115083
에콰도르,관광,2025-11-01,268.0990701705722,,200.26756092655512,234.18331554856366
에콰도르,관광,2025-12-01,146.6552631089163,,109.47425066128892,128.0647568851026
에콰도르,관광,2026-01-01,111.5228444141793,,74.66285967408875,93.09285204413402
에콰도르,관광,2026-02-01,160.90934884071163,,73.7641094725287,117.33672915662017
에콰도르,관광,2026-03-01,292.37043990593804,,73.23580764330514,182.80312377462158
에콰도르,관광,2026-04-01,385.62757325129513,,43.638498358614896,214.633035804955
에콰도르,관광,2026-05-01,349.39153705463804,,20.026377399014365,184.70895722682621
에콰도르,관광,2026-06-01,276.96346892129856,,4.737523496555738,140.85049620892715
에콰도르,관광,2026-07-01,414.0022987389619,,0.014425653989647458,207.00836219647576
에콰도르,관광,2026-08-01,365.38330658408967,,3.653917266738617,184.51861192541415
에콰도르,관광,2026-09-01,520.1829793990253,,12.091661851390818,266.137320625208
에콰도르,관광,2026-10-01,500.04162986623277,,15.955624042476266,257.9986269543545
에콰도르,관광,2026-11-01,308.39247394259337,,17.321438977509224,162.8569564600513
에콰도르,관광,2026-12-01,193.49739356464673,,3.5660215237304556,98.53170754418859
에콰도르,관광,2027-01-01,135.21561869938174,,2.023369377550466,68.6194940384661
에콰도르,관광,2027-02-01,212.17872803246436,,6.202047834094486,109.19038793327942
에콰도르,관광,2027-03-01,362.5337752366009,,12.712654166365425,187.62321470148316
에콰도르,기타,2025-04-01,51.13060465957292,,33.061580261247215,42.09609246041006
에콰도르,기타,2025-05-01,34.501263818428065,,27.107871364695313,30.80456759156169
에콰도르,기타,2025-06-01,33.29748156693443,,25.405160388766824,29.351320977850627
에콰도르,기타,2025-07-01,40.39495327707732,,24.786291687579116,32.590622482328214
에콰도르,기타,2025-08-01,45.91519196050231,,28.03172405963227,36.97345801006729
에콰도르,기타,2025-09-01,42.97816189059127,,29.801422276916334,36.389792083753804
에콰도르,기타,2025-10-01,48.768635052993744,,28.27452739708744,38.52158122504059
에콰도르,기타,2025-11-01,45.57306464159372,,23.656112970802404,34.61458880619806
에콰도르,기타,2025-12-01,38.49259758738479,,17.22350952174082,27.858053554562808
에콰도르,기타,2026-01-01,40.480654122685344,,15.621182239225382,28.050918180955364
에콰도르,기타,2026-02-01,37.643675771686425,,11.583183379842154,24.61342957576429
에콰도르,기타,2026-03-01,68.77049583363629,,11.120180633226596,39.94533823343144
에콰도르,기타,2026-04-01,58.544710398632006,,8.41609308028211,33.48040173945706
에콰도르,기타,2026-05-01,46.14703809015567,,6.818087787659881,26.482562938907776
에콰도르,기타,2026-06-01,41.755546537825325,,6.350256220081386,24.052901378953354
에콰도르,기타,2026-07-01,49.765499370565685,,6.404939293446262,28.085219332005973
에콰도르,기타,2026-08-01,54.2708056415744,,8.170126799296101,31.22046622043525
에콰도르,기타,2026-09-01,49.056580823239024,,10.972827398553296,30.01470411089616
에콰도르,기타,2026-10-01,67.04102396819411,,8.762826113462804,37.90192504082846
에콰도르,기타,2026-11-01,54.671290409742724,,6.381465442232022,30.526377925987372
에콰도르,기타,2026-12-01,42.66070050710074,,5.589416279955778,24.12505839352826
에콰도르,기타,2027-01-01,46.5790560879858,,6.498447158306757,26.538751623146275
에콰도르,기타,2027-02-01,48.93018772881291,,5.1892635356469174,27.059725632229913
에콰도르,기타,2027-03-01,83.21154578259281,,15.796692251334798,49.504119016963806
에콰도르,상용,2025-04-01,0.003055283289766763,,0.06747773825734582,0.03526651077355629
에콰도르,상용,2025-05-01,-0.011510886996562185,,0.06129343365322959,0.024891273328333702
에콰도르,상용,2025-06-01,-0.024229781996697463,,0.07266882526950624,0.02421952163640439
에콰도르,상용,2025-07-01,-0.043441196966687655,,0.07539826727964594,0.01597853515647914
에콰도르,상용,2025-08-01,-0.03595081689711938,,0.06715365574173648,0.015601419422308551
에콰도르,상용,2025-09-01,-0.0554812788054397,,0.11575774038348119,0.030138230789020743
에콰도르,상용,2025-10-01,-0.0574531688488984,,0.377202778855727,0.1598748050034143
에콰도르,상용,2025-11-01,-0.04492118597623177,,0.45738543998885417,0.2062321270063112
에콰도르,상용,2025-12-01,-0.06144271758781923,,0.2896815789413827,0.11411943067678174
에콰도르,상용,2026-01-01,-0.15150067375675885,,0.1887052831852254,0.01860230471423327
에콰도르,상용,2026-02-01,-0.09387072804284244,,0.23438142527601968,0.07025534861658862
에콰도르,상용,2026-03-01,-0.2199163970357147,,0.17116403107270628,-0.024376182981504207
에콰도르,상용,2026-04-01,-0.275275328337258,,0.12806277222762208,-0.07360627805481795
에콰도르,상용,2026-05-01,-0.19427112179903877,,0.12511371665396354,-0.03457870257253762
에콰도르,상용,2026-06-01,-0.146212805253182,,0.12475279358180025,-0.010730005835690878
에콰도르,상용,2026-07-01,-0.22789477886177506,,0.12258987640446195,-0.052652451228656555
에콰도르,상용,2026-08-01,-0.1524706706615103,,0.10589819707477399,-0.02328623679336815
에콰도르,상용,2026-09-01,-0.20984614249538736,,0.16879279556070192,-0.020526673467342715
에콰도르,상용,2026-10-01,-0.16268344123427425,,0.3929137987909389,0.11511517877833233
에콰도르,상용,2026-11-01,-0.12606876949605902,,0.4736654630349279,0.17379834676943445
에콰도르,상용,2026-12-01,-0.16232196095248336,,0.30697466963349335,0.072326354340505
에콰도르,상용,2027-01-01,-0.3324226293736492,,0.20431338309213465,-0.06405462314075727
에콰도르,상용,2027-02-01,-0.2141321944763349,,0.24359413801092533,0.014730971767295223
에콰도르,상용,2027-03-01,-0.45120276438938295,,0.17796695200808865,-0.13661790619064715
에콰도르,유학연수,2025-04-01,2.4994228695795675,,3.272398540802066,2.885910705190817
에콰도르,유학연수,2025-05-01,5.539285984983642,,3.64484422805988,4.592065106521761
에콰도르,유학연수,2025-06-01,5.861385220884531,,5.224125525105496,5.542755372995014
에콰도르,유학연수,2025-07-01,11.876126383501378,,8.44405094014127,10.160088661821323
에콰도르,유학연수,2025-08-01,47.024132022923624,,46.32035548021489,46.672243751569255
에콰도르,유학연수,2025-09-01,6.4335592093856775,,7.473561069208967,6.953560139297322
에콰도르,유학연수,2025-10-01,5.867937218918056,,4.7547787940929,5.311358006505477
에콰도르,유학연수,2025-11-01,5.360602323452769,,4.979744242054986,5.170173282753877
에콰도르,유학연수,2025-12-01,5.539249015147375,,4.97631062407423,5.2577798196108025
에콰도르,유학연수,2026-01-01,17.801486705882997,,16.098221418547425,16.94985406221521
에콰도르,유학연수,2026-02-01,34.511952725966886,,32.12476668307631,33.3183597045216
에콰도르,유학연수,2026-03-01,10.967599140925895,,9.668283184517128,10.31794116272151
에콰도르,유학연수,2026-04-01,3.2218081358327675,,3.7508298149249244,3.486318975378846
에콰도르,유학연수,2026-05-01,6.234032470435761,,4.33530443900367,5.284668454719715
에콰도르,유학연수,2026-06-01,5.745470276811554,,5.740953689733413,5.7432119832724835
에콰도르,유학연수,2026-07-01,13.990721228818202,,10.790621077233023,12.390671153025613
에콰도르,유학연수,2026-08-01,51.371719507797,,49.82606733252973,50.598893420163364
에콰도르,유학연수,2026-09-01,7.518562909091285,,7.412931836275427,7.4657473726833565
에콰도르,유학연수,2026-10-01,5.435556467624432,,5.164259096806189,5.2999077822153104
에콰도르,유학연수,2026-11-01,6.135000793466147,,5.321153855192194,5.7280773243291705
에콰도르,유학연수,2026-12-01,6.132483790928847,,5.248563982002979,5.690523886465913
에콰도르,유학연수,2027-01-01,20.645978152358794,,16.972909571165452,18.809443861762123
에콰도르,유학연수,2027-02-01,36.78872728580072,,33.206570450926,34.997648868363356
에콰도르,유학연수,2027-03-01,11.782629689060467,,10.045187179316288,10.913908434188379
영  국,공용,2025-04-01,25.39796381687344,,26.345165889013053,25.871564852943244
영  국,공용,2025-05-01,21.880186239718718,,25.941586407931787,23.910886323825252
영  국,공용,2025-06-01,21.69430822099195,,25.84246458068015,23.76838640083605
영  국,공용,2025-07-01,27.404935645270644,,25.672835018353787,26.538885331812217
영  국,공용,2025-08-01,34.72698158263388,,36.31832827694394,35.522654929788914
영  국,공용,2025-09-01,34.249859492824704,,30.36900846399282,32.30943397840876
영  국,공용,2025-10-01,25.40447187643937,,18.703614554412923,22.054043215426148
영  국,공용,2025-11-01,40.47828810625852,,27.261837932201203,33.87006301922986
영  국,공용,2025-12-01,21.185164663006017,,27.165993847181184,24.175579255093602
영  국,공용,2026-01-01,37.47573280838831,,37.41399897573183,37.444865892060065
영  국,공용,2026-02-01,22.11330318583645,,16.372483105617686,19.242893145727066
영  국,공용,2026-03-01,28.53414204986363,,28.4875950927797,28.510868571321666
영  국,공용,2026-04-01,29.153534757134164,,26.905136993661685,28.029335875397926
영  국,공용,2026-05-01,27.140536813936528,,26.417024412390262,26.778780613163395
영  국,공용,2026-06-01,23.740896736891187,,26.257018949975738,24.998957843433463
영  국,공용,2026-07-01,29.592205146176426,,26.039155788911614,27.81568046754402
영  국,공용,2026-08-01,38.81704387683387,,36.88653001426661,37.851786945550245
영  국,공용,2026-09-01,44.30899355239625,,30.32799400716233,37.31849377977929
영  국,공용,2026-10-01,29.37791017390321,,18.728595602221777,24.053252888062495
영  국,공용,2026-11-01,41.570137811041505,,27.538834892080615,34.55448635156106
영  국,공용,2026-12-01,21.972265543383006,,27.328244221592882,24.650254882487943
영  국,공용,2027-01-01,47.25438109319509,,37.56972587488178,42.41205348403844
영  국,공용,2027-02-01,25.288371810023758,,16.299163895679573,20.793767852851666
영  국,공용,2027-03-01,30.236410976717448,,28.65536385352666,29.44588741512205
영  국,관광,2025-04-01,17819.64458153874,,15861.626139904503,16840.635360721622
영  국,관광,2025-05-01,14247.485129092973,,10631.682384779371,12439.583756936172
영  국,관광,2025-06-01,13429.217273233106,,8885.59149094016,11157.404382086632
영  국,관광,2025-07-01,14189.287945778995,,8692.82113969863,11441.054542738813
영  국,관광,2025-08-01,14130.552555571932,,9061.995880407985,11596.274217989958
영  국,관광,2025-09-01,15486.212419047657,,10361.226622724716,12923.719520886187
영  국,관광,2025-10-01,19762.561729928057,,12621.173280462319,16191.867505195187
영  국,관광,2025-11-01,15075.832536568421,,10175.448783777258,12625.64066017284
영  국,관광,2025-12-01,11940.71919309249,,6987.29826943881,9464.00873126565
영  국,관광,2026-01-01,12756.018266694438,,6405.8493163575695,9580.933791526004
영  국,관광,2026-02-01,11652.984933685308,,6070.111405576757,8861.548169631033
영  국,관광,2026-03-01,19731.58521990012,,8297.777132201725,14014.681176050923
영  국,관광,2026-04-01,22752.102063319762,,9419.027425024633,16085.564744172198
영  국,관광,2026-05-01,17841.878227237536,,7832.630349550053,12837.254288393795
영  국,관광,2026-06-01,16394.614926089464,,6692.305312768923,11543.460119429194
영  국,관광,2026-07-01,18055.944946198946,,6410.89345141886,12233.419198808904
영  국,관광,2026-08-01,17291.55936534401,,6549.358599207344,11920.458982275675
영  국,관광,2026-09-01,18959.29361257555,,7546.534662021205,13252.914137298378
영  국,관광,2026-10-01,24080.68854526862,,9940.135790873077,17010.41216807085
영  국,관광,2026-11-01,18543.453782309578,,8595.066423567645,13569.260102938611
영  국,관광,2026-12-01,14341.594127784494,,6645.792210374488,10493.693169079492
영  국,관광,2027-01-01,15761.779192321772,,6592.275448056874,11177.027320189323
영  국,관광,2027-02-01,14192.571339862901,,6696.448208304928,10444.509774083916
영  국,관광,2027-03-01,22846.785619613882,,7447.456877003391,15147.121248308636
영  국,상용,2025-04-01,86.16411321471959,,29.481702517035615,57.8229078658776
영  국,상용,2025-05-01,86.26124742216248,,26.4532509784884,56.35724920032544
영  국,상용,2025-06-01,86.30570246417908,,20.90951564006741,53.607609052123244
영  국,상용,2025-07-01,88.13002961463734,,14.218048824944276,51.17403921979081
영  국,상용,2025-08-01,100.12826858166983,,24.543845661597175,62.3360571216335
영  국,상용,2025-09-01,99.96743108870984,,41.30346982665074,70.63545045768029
영  국,상용,2025-10-01,97.29527748753624,,21.90234673952034,59.59881211352829
영  국,상용,2025-11-01,92.26428192128103,,6.418826304551374,49.3415541129162
영  국,상용,2025-12-01,73.66207370608305,,4.291068826248932,38.97657126616599
영  국,상용,2026-01-01,125.36562768802372,,27.83291995339158,76.59927382070765
영  국,상용,2026-02-01,84.77121752445858,,13.174272712529387,48.97274511849398
영  국,상용,2026-03-01,98.55144024543017,,0.3009498493308911,49.42619504738053
영  국,상용,2026-04-01,100.11765752287751,,-2.171168378749485,48.97324457206401
영  국,상용,2026-05-01,101.97634774895775,,-4.5192515640103466,48.7285480924737
영  국,상용,2026-06-01,99.64109593269174,,-7.846465770914108,45.897315080888816
영  국,상용,2026-07-01,99.94911571532742,,-11.906324339900323,44.02139568771355
영  국,상용,2026-08-01,115.93048691228913,,-0.38889611222271014,57.77079540003321
영  국,상용,2026-09-01,121.29205528281109,,16.0584718405006,68.67526356165584
영  국,상용,2026-10-01,110.87737852348536,,1.1600388156567192,56.01870866957104
영  국,상용,2026-11-01,105.97738691994319,,-10.078109768891636,47.949638575525775
영  국,상용,2026-12-01,85.9832904734769,,-9.916347878635463,38.03347129742072
영  국,상용,2027-01-01,140.50779763021168,,13.35060671234902,76.92920217128035
영  국,상용,2027-02-01,96.95026276255102,,1.5736113488099477,49.261937055680484
영  국,상용,2027-03-01,115.51319792736332,,-8.864126827134953,53.324535550114184
영  국,기타,2025-04-01,1441.910029400799,,1091.823282987777,1266.866656194288
영  국,기타,2025-05-01,1377.5403214099726,,960.4269252723359,1168.9836233411543
영  국,기타,2025-06-01,1338.241410256651,,860.0984656854471,1099.169937971049
영  국,기타,2025-07-01,1477.2069600055308,,909.756012808562,1193.4814864070463
영  국,기타,2025-08-01,2152.475962946446,,1675.7200851835821,1914.0980240650142
영  국,기타,2025-09-01,1429.3017286994761,,1056.3770108574847,1242.8393697784804
영  국,기타,2025-10-01,1605.1681288472857,,1016.2194951264833,1310.6938119868846
영  국,기타,2025-11-01,1205.2121410118787,,892.3671413937901,1048.7896412028344
영  국,기타,2025-12-01,1114.5464745899171,,880.7869746858285,997.6667246378728
영  국,기타,2026-01-01,1854.9339466447368,,1259.2946728354993,1557.1143097401182
영  국,기타,2026-02-01,1693.9093795326119,,1268.5088426941381,1481.209111113375
영  국,기타,2026-03-01,1838.2412484433542,,1251.8000278382067,1545.0206381407804
영  국,기타,2026-04-01,1785.123531197092,,1152.900038887848,1469.01178504247
영  국,기타,2026-05-01,1597.032177338248,,1039.4264955953354,1318.2293364667917
영  국,기타,2026-06-01,1542.6281866537815,,932.8908012832007,1237.7594939684911
영  국,기타,2026-07-01,1700.844578520552,,909.788088657165,1305.3163335888585
영  국,기타,2026-08-01,2607.003366336878,,1613.2768195967953,2110.1400929668366
영  국,기타,2026-09-01,1705.3340347438916,,1053.405489362353,1379.3697620531223
영  국,기타,2026-10-01,1884.274554352346,,964.3364999996802,1424.3055271760131
영  국,기타,2026-11-01,1406.320153507324,,871.1229679181893,1138.7215607127566
영  국,기타,2026-12-01,1266.2180439989147,,843.3764908445942,1054.7972674217544
영  국,기타,2027-01-01,2143.5788808014668,,1231.4551354994708,1687.5170081504689
영  국,기타,2027-02-01,1954.1861686066527,,1243.0277172612741,1598.6069429339634
영  국,기타,2027-03-01,2140.0139167166662,,1235.0555668354464,1687.5347417760563
영  국,유학연수,2025-04-01,32.332902279063354,,28.857999521640775,30.595450900352063
영  국,유학연수,2025-05-01,77.73180771154495,,25.506244431829927,51.619026071687436
영  국,유학연수,2025-06-01,61.558273493273056,,25.11196315215801,43.33511832271553
영  국,유학연수,2025-07-01,65.85676746562018,,25.552826555713985,45.70479701066708
영  국,유학연수,2025-08-01,423.0484294815799,,223.03646638897084,323.0424479352754
영  국,유학연수,2025-09-01,49.20445478648791,,11.92226496471837,30.56335987560314
영  국,유학연수,2025-10-01,23.540957056714845,,10.878900457566932,17.209928757140887
영  국,유학연수,2025-11-01,65.37684309650665,,17.46040609233124,41.418624594418944
영  국,유학연수,2025-12-01,66.36170648949371,,28.84563335413112,47.60366992181242
영  국,유학연수,2026-01-01,122.97390441166536,,37.36349196443477,80.16869818805006
영  국,유학연수,2026-02-01,263.2190850695516,,103.06754209759447,183.14331358357305
영  국,유학연수,2026-03-01,86.05967171381967,,48.85790437772022,67.45878804576995
영  국,유학연수,2026-04-01,32.81058919916388,,25.759038388788234,29.284813793976056
영  국,유학연수,2026-05-01,86.50133152947491,,23.710677057783855,55.10600429362938
영  국,유학연수,2026-06-01,69.3157136372241,,24.167132617842313,46.74142312753321
영  국,유학연수,2026-07-01,75.88012536879027,,25.17322133771674,50.52667335325351
영  국,유학연수,2026-08-01,516.9215810113922,,196.36634824770755,356.6439646295498
영  국,유학연수,2026-09-01,51.27496307361378,,10.223593719475812,30.749278396544796
영  국,유학연수,2026-10-01,18.5072949411337,,13.070941062876965,15.789118002005333
영  국,유학연수,2026-11-01,67.60891314544924,,29.25200504564286,48.43045909554605
영  국,유학연수,2026-12-01,72.06399402241452,,21.56723027609312,46.81561214925382
영  국,유학연수,2027-01-01,150.18144982561944,,41.23722750225112,95.70933866393528
영  국,유학연수,2027-02-01,319.6159690767556,,102.72596260361182,211.17096584018373
영  국,유학연수,2027-03-01,89.07865531369157,,20.3952757262047,54.736965519948136
오스트레일리아,공용,2025-04-01,86.68639885182212,,59.95120060848333,73.31879973015273
오스트레일리아,공용,2025-05-01,83.00216618995871,,56.74711805020114,69.87464212007993
오스트레일리아,공용,2025-06-01,73.62208338425866,,42.46606273921421,58.044073061736434
오스트레일리아,공용,2025-07-01,59.68866022308025,,36.82526801773955,48.256964120409904
오스트레일리아,공용,2025-08-01,78.57327926817005,,51.57279207612653,65.0730356721483
오스트레일리아,공용,2025-09-01,104.7368891077907,,78.74600374828893,91.74144642803981
오스트레일리아,공용,2025-10-01,109.62997410540044,,81.20528214905018,95.4176281272253
오스트레일리아,공용,2025-11-01,85.28592039073966,,54.90366664076714,70.0947935157534
오스트레일리아,공용,2025-12-01,34.48783186493708,,25.94152370272197,30.214677783829522
오스트레일리아,공용,2026-01-01,36.03818031445516,,19.8723646345765,27.95527247451583
오스트레일리아,공용,2026-02-01,53.81710205124493,,34.74374236248892,44.28042220686693
오스트레일리아,공용,2026-03-01,90.54561758499986,,50.150756042822806,70.34818681391133
오스트레일리아,공용,2026-04-01,115.43998028667656,,60.02565830722724,87.7328192969519
오스트레일리아,공용,2026-05-01,101.82586738607297,,54.84284861235648,78.33435799921472
오스트레일리아,공용,2026-06-01,84.06505389882457,,42.14666971729956,63.105861808062066
오스트레일리아,공용,2026-07-01,77.38783146843703,,37.43742918709065,57.412630327763836
오스트레일리아,공용,2026-08-01,96.4023779469435,,50.75942041555629,73.58089918124989
오스트레일리아,공용,2026-09-01,117.42022525706514,,76.81118534324207,97.1157053001536
오스트레일리아,공용,2026-10-01,144.35887943298354,,80.61145955499991,112.48516949399172
오스트레일리아,공용,2026-11-01,100.04126927739145,,53.05965541934564,76.55046234836854
오스트레일리아,공용,2026-12-01,40.89443025003096,,23.791234475006135,32.34283236251855
오스트레일리아,공용,2027-01-01,41.30687538443096,,18.84031472613352,30.07359505528224
오스트레일리아,공용,2027-02-01,66.294302191859,,34.164107545753325,50.229204868806164
오스트레일리아,공용,2027-03-01,99.60427427770077,,50.65397969248943,75.1291269850951
오스트레일리아,관광,2025-04-01,30437.343107886354,,20740.766363744602,25589.05473581548
오스트레일리아,관광,2025-05-01,24203.06500248799,,18548.047110229843,21375.556056358917
오스트레일리아,관광,2025-06-01,24979.655554325054,,16533.43826925744,20756.546911791247
오스트레일리아,관광,2025-07-01,22764.0608510723,,15859.675083280987,19311.867967176644
오스트레일리아,관광,2025-08-01,20017.12566129015,,16824.259555481476,18420.692608385812
오스트레일리아,관광,2025-09-01,30260.535939012505,,19320.600270010764,24790.568104511636
오스트레일리아,관광,2025-10-01,30371.6273999805,,21071.003102978644,25721.315251479573
오스트레일리아,관광,2025-11-01,24604.557799095164,,22027.08620296129,23315.822001028228
오스트레일리아,관광,2025-12-01,34385.31610986615,,23889.144336009165,29137.23022293766
오스트레일리아,관광,2026-01-01,25379.78780494816,,18322.101760105972,21850.944782527065
오스트레일리아,관광,2026-02-01,16549.42757920488,,17153.133493010064,16851.28053610747
오스트레일리아,관광,2026-03-01,26749.082101222943,,18944.865080856005,22846.973591039474
오스트레일리아,관광,2026-04-01,39529.114147443215,,20178.867679864332,29853.990913653775
오스트레일리아,관광,2026-05-01,30827.4474656631,,17935.673957043808,24381.560711353453
오스트레일리아,관광,2026-06-01,31114.500747581013,,16311.378099434209,23712.93942350761
오스트레일리아,관광,2026-07-01,28098.9772167453,,15894.428319930226,21996.702768337764
오스트레일리아,관광,2026-08-01,25287.234533957217,,16927.122393681104,21107.17846381916
오스트레일리아,관광,2026-09-01,38290.14651877134,,19394.58844821604,28842.36748349369
오스트레일리아,관광,2026-10-01,35750.195647498935,,21152.3791009556,28451.287374227268
오스트레일리아,관광,2026-11-01,30005.08492868977,,22225.76476001523,26115.4248443525
오스트레일리아,관광,2026-12-01,43090.456468486234,,23955.101547673003,33522.77900807962
오스트레일리아,관광,2027-01-01,31674.268541812256,,18311.86640203395,24993.067471923103
오스트레일리아,관광,2027-02-01,19892.4353384865,,17173.172655280712,18532.803996883606
오스트레일리아,관광,2027-03-01,30201.68267346031,,19028.14541490032,24614.914044180314
오스트레일리아,기타,2025-04-01,2210.386546391283,,1676.2144683135505,1943.3005073524168
오스트레일리아,기타,2025-05-01,2248.0589951119164,,1583.5211024389482,1915.7900487754323
오스트레일리아,기타,2025-06-01,1992.966438756164,,1560.8838231852403,1776.9251309707022
오스트레일리아,기타,2025-07-01,2193.822481588821,,1570.741240632683,1882.281861110752
오스트레일리아,기타,2025-08-01,2419.787792148744,,1654.9196389067706,2037.3537155277572
오스트레일리아,기타,2025-09-01,2383.64892475375,,1760.3687484623533,2072.0088366080518
오스트레일리아,기타,2025-10-01,2856.9102572674515,,1786.2499327205696,2321.5800949940103
오스트레일리아,기타,2025-11-01,2192.312206488461,,1518.6561764029811,1855.484191445721
오스트레일리아,기타,2025-12-01,2024.4566054192833,,1297.3340469365037,1660.8953261778934
오스트레일리아,기타,2026-01-01,2328.497924643207,,1319.3087038555316,1823.9033142493695
오스트레일리아,기타,2026-02-01,2155.7264986763767,,1318.1637275920157,1736.9451131341962
오스트레일리아,기타,2026-03-01,2904.650444645279,,1342.4086188410517,2123.5295317431655
오스트레일리아,기타,2026-04-01,2849.297898446639,,1383.8066432824367,2116.5522708645376
오스트레일리아,기타,2026-05-01,2902.4313179995006,,1391.5441701474226,2146.9877440734617
오스트레일리아,기타,2026-06-01,2333.901952525893,,1412.6698982177468,1873.28592537182
오스트레일리아,기타,2026-07-01,2694.2687998295787,,1466.7381893711977,2080.503494600388
오스트레일리아,기타,2026-08-01,2796.963076298513,,1622.2248269498796,2209.593951624196
오스트레일리아,기타,2026-09-01,2928.335972757687,,1756.5622701741763,2342.449121465932
오스트레일리아,기타,2026-10-01,3609.7998187381013,,1789.997676683729,2699.898747710915
오스트레일리아,기타,2026-11-01,2653.772905676483,,1532.8215095769524,2093.297207626718
오스트레일리아,기타,2026-12-01,2348.270343616045,,1281.1627238570961,1814.7165337365705
오스트레일리아,기타,2027-01-01,2764.7151908512647,,1304.7395807739222,2034.7273858125934
오스트레일리아,기타,2027-02-01,2633.7607242873546,,1305.3075489014038,1969.534136594379
오스트레일리아,기타,2027-03-01,3257.4211864068857,,1348.4787015478412,2302.9499439773635
오스트레일리아,상용,2025-04-01,70.10807286671269,,47.991682974944496,59.04987792082859
오스트레일리아,상용,2025-05-01,81.2229757059085,,48.008348009989135,64.61566185794882
오스트레일리아,상용,2025-06-01,74.04062483294702,,44.51909275311178,59.2798587930294
오스트레일리아,상용,2025-07-01,68.68509312065875,,37.49929889506569,53.09219600786222
오스트레일리아,상용,2025-08-01,72.10249445327567,,47.64316919914734,59.8728318262115
오스트레일리아,상용,2025-09-01,77.0005300670392,,65.33265964257976,71.16659485480947
오스트레일리아,상용,2025-10-01,82.19554587850264,,59.92675198719297,71.0611489328478
오스트레일리아,상용,2025-11-01,76.19630227038105,,48.77320593829316,62.48475410433711
오스트레일리아,상용,2025-12-01,50.1148228954953,,40.75782251589578,45.436322705695545
오스트레일리아,상용,2026-01-01,67.82029064944494,,53.929723186275794,60.87500691786037
오스트레일리아,상용,2026-02-01,68.15209020482277,,50.4924567708446,59.322273487833684
오스트레일리아,상용,2026-03-01,82.80194940188163,,45.95453955582616,64.3782444788539
오스트레일리아,상용,2026-04-01,76.05907204317876,,45.36068785838992,60.70987995078434
오스트레일리아,상용,2026-05-01,92.03558781859093,,43.616667019263645,67.82612741892729
오스트레일리아,상용,2026-06-01,77.84729686985654,,39.30438874427753,58.57584280706703
오스트레일리아,상용,2026-07-01,74.70682726283398,,32.16256522129464,53.43469624206431
오스트레일리아,상용,2026-08-01,82.11113723630567,,42.08344045306234,62.097288844684
오스트레일리아,상용,2026-09-01,83.13587354328703,,59.562179965663574,71.3490267544753
오스트레일리아,상용,2026-10-01,90.49122826631104,,54.30042811407,72.39582819019051
오스트레일리아,상용,2026-11-01,84.74615282827615,,43.71045931012611,64.22830606920112
오스트레일리아,상용,2026-12-01,54.173578814545436,,36.53164331013252,45.35261106233898
오스트레일리아,상용,2027-01-01,72.589999248901,,50.035847813249376,61.312923531075185
오스트레일리아,상용,2027-02-01,72.55308790890219,,47.08990737250252,59.821497640702354
오스트레일리아,상용,2027-03-01,92.67720279484651,,42.97893145191139,67.82806712337896
오스트레일리아,유학연수,2025-04-01,16.974362753273883,,24.501240078456398,20.737801415865142
오스트레일리아,유학연수,2025-05-01,35.25096938807374,,41.029611917697416,38.14029065288558
오스트레일리아,유학연수,2025-06-01,33.62343940693997,,38.37472238971036,35.99908089832516
오스트레일리아,유학연수,2025-07-01,39.301930052817916,,36.35367994611225,37.82780499946509
오스트레일리아,유학연수,2025-08-01,151.3661137555233,,116.31803652876827,133.84207514214577
오스트레일리아,유학연수,2025-09-01,18.67563214195706,,10.020963457514805,14.348297799735931
오스트레일리아,유학연수,2025-10-01,16.67580568194383,,16.887961091032835,16.78188338648833
오스트레일리아,유학연수,2025-11-01,39.76432067458459,,46.79296170155166,43.27864118806812
오스트레일리아,유학연수,2025-12-01,39.96419294764555,,41.44659103124165,40.7053919894436
오스트레일리아,유학연수,2026-01-01,43.59714244580187,,24.621575501654412,34.10935897372814
오스트레일리아,유학연수,2026-02-01,137.44157708051017,,104.72618331121546,121.08388019586282
오스트레일리아,유학연수,2026-03-01,18.463229318077378,,11.794347028588927,15.128788173333152
오스트레일리아,유학연수,2026-04-01,14.272822836982014,,42.80937924451541,28.541101040748714
오스트레일리아,유학연수,2026-05-01,42.07568099428466,,40.465137054616406,41.27040902445053
오스트레일리아,유학연수,2026-06-01,44.71268251487443,,30.00813192144784,37.360407218161136
오스트레일리아,유학연수,2026-07-01,48.37909482525766,,28.14536444873457,38.26222963699611
오스트레일리아,유학연수,2026-08-01,180.0810167635619,,96.40686037245882,138.24393856801038
오스트레일리아,유학연수,2026-09-01,23.104197274966324,,8.03783013581135,15.571013705388836
오스트레일리아,유학연수,2026-10-01,18.220394175195743,,30.29701561963678,24.258704897416262
오스트레일리아,유학연수,2026-11-01,44.701634462702295,,61.07001136640226,52.88582291455228
오스트레일리아,유학연수,2026-12-01,43.89986743981487,,36.98184802101326,40.440857730414066
오스트레일리아,유학연수,2027-01-01,53.895470873664195,,19.14320151485979,36.519336194261996
오스트레일리아,유학연수,2027-02-01,171.0498082518181,,97.59166053182578,134.32073439182193
오스트레일리아,유학연수,2027-03-01,16.36384622803696,,63.87737515261751,40.12061069032723
요르단,관광,2025-04-01,113.49962178983579,,117.1216843520897,115.31065307096274
요르단,관광,2025-05-01,130.0575086731209,,113.06921047173562,121.56335957242825
요르단,관광,2025-06-01,132.7509989217555,,104.49666095852461,118.62382994014006
요르단,관광,2025-07-01,113.44477628980857,,94.3067809325637,103.87577861118613
요르단,관광,2025-08-01,96.17038938378629,,91.43151038089636,93.80094988234131
요르단,관광,2025-09-01,175.7944763905023,,158.32528813520383,167.05988226285308
요르단,관광,2025-10-01,208.70105049603671,,206.01168572202343,207.3563681090301
요르단,관광,2025-11-01,155.90412236020953,,135.05175807964525,145.4779402199274
요르단,관광,2025-12-01,84.67319455273737,,71.07915265166045,77.87617360219892
요르단,관광,2026-01-01,78.46953795426627,,57.18233883820214,67.8259383962342
요르단,관광,2026-02-01,93.01978996156222,,67.93260477915288,80.47619737035755
요르단,관광,2026-03-01,116.19771017199032,,105.9218162532043,111.05976321259732
요르단,관광,2026-04-01,143.86953179623112,,131.36818993062224,137.61886086342668
요르단,관광,2026-05-01,148.54511845080177,,133.00911114060833,140.77711479570505
요르단,관광,2026-06-01,165.69399494201093,,127.79550653140971,146.74475073671033
요르단,관광,2026-07-01,152.34997864438614,,121.42259889746235,136.88628877092424
요르단,관광,2026-08-01,126.24738472534781,,118.45569046999309,122.35153759767044
요르단,관광,2026-09-01,207.5435990400878,,136.87055363095214,172.20707633551996
요르단,관광,2026-10-01,250.50449456946603,,214.13062570746482,232.3175601384654
요르단,관광,2026-11-01,179.3980910644891,,162.16896800461686,170.783529534553
요르단,관광,2026-12-01,108.43543674422935,,84.67470469783231,96.55507072103083
요르단,관광,2027-01-01,102.71073003336181,,61.32516227479064,82.01794615407623
요르단,관광,2027-02-01,117.4167862317021,,45.74456358085015,81.58067490627613
요르단,관광,2027-03-01,130.96729319261772,,40.463641059124,85.71546712587086
요르단,공용,2025-04-01,0.009191275392001944,,0.5564527133796149,0.2828219943858084
요르단,공용,2025-05-01,0.018560983747556065,,0.5046956233371764,0.26162830354236627
요르단,공용,2025-06-01,-0.009153854757096975,,0.6720545433449718,0.33145034429393744
요르단,공용,2025-07-01,0.055209160527632826,,0.9578447672768902,0.5065269639022615
요르단,공용,2025-08-01,0.02944213055286898,,3.075414627066381,1.552428378809625
요르단,공용,2025-09-01,0.03666906264548377,,5.748701065226465,2.8926850639359745
요르단,공용,2025-10-01,0.05365861593695775,,6.780759863596072,3.417209239766515
요르단,공용,2025-11-01,0.5072969623629285,,5.981186718430129,3.2442418403965285
요르단,공용,2025-12-01,0.0024026934708124984,,3.027250386952141,1.5148265402114767
요르단,공용,2026-01-01,-0.0011944151346590473,,4.735183931689353,2.366994758277347
요르단,공용,2026-02-01,-0.010429287831106436,,7.892925701816015,3.941248206992454
요르단,공용,2026-03-01,0.9540028732034636,,11.363544587322625,6.158773730263045
요르단,공용,2026-04-01,0.0046651666347796526,,9.698936116861045,4.8518006417479125
요르단,공용,2026-05-01,0.019390236922344924,,7.426913174504167,3.7231517057132564
요르단,공용,2026-06-01,-0.01013990978438945,,5.012542139854466,2.501201115035038
요르단,공용,2026-07-01,0.058031997966057264,,3.3603300580140063,1.7091810279900317
요르단,공용,2026-08-01,0.031733455279237203,,1.3847876925416647,0.7082605739104509
요르단,공용,2026-09-01,0.042581651375174306,,-0.009585784398037145,0.01649793348856858
요르단,공용,2026-10-01,0.06368113438139264,,0.2915989224976161,0.17764002843950438
요르단,공용,2026-11-01,0.5149385694800112,,0.880586634585584,0.6977626020327976
요르단,공용,2026-12-01,-0.00013169114507075217,,0.999772644282098,0.49982047656851364
요르단,공용,2027-01-01,-0.000379377286911112,,0.9466271268237141,0.4731238747684015
요르단,공용,2027-02-01,-0.004119572841278687,,1.240949322932013,0.6184148750453672
요르단,공용,2027-03-01,0.9939426281511363,,1.3750336212121301,1.1844881246816332
요르단,기타,2025-04-01,43.40999803554862,,38.008174903976695,40.70908646976265
요르단,기타,2025-05-01,50.41565810185456,,38.03170037266823,44.22367923726139
요르단,기타,2025-06-01,43.35123543218838,,39.4189416994047,41.385088565796536
요르단,기타,2025-07-01,56.465638033189805,,45.67175213077448,51.06869508198214
요르단,기타,2025-08-01,75.36157330949672,,62.85799083879969,69.1097820741482
요르단,기타,2025-09-01,68.94579725871182,,61.06473415745514,65.00526570808348
요르단,기타,2025-10-01,54.5363655159434,,42.974664931301234,48.75551522362232
요르단,기타,2025-11-01,55.57737458158004,,47.20743888541799,51.392406733499016
요르단,기타,2025-12-01,52.03377129768515,,41.635969240419975,46.83487026905256
요르단,기타,2026-01-01,57.55668420181212,,47.57778044095828,52.5672323213852
요르단,기타,2026-02-01,54.28521405224897,,40.26815899382106,47.27668652303501
요르단,기타,2026-03-01,59.88409663675698,,40.49309384838112,50.18859524256905
요르단,기타,2026-04-01,49.352235108014625,,36.881011111388986,43.116623109701806
요르단,기타,2026-05-01,56.503938773685995,,36.78850095072735,46.64621986220667
요르단,기타,2026-06-01,58.15548009541056,,37.210576503330145,47.68302829937035
요르단,기타,2026-07-01,63.06138285832536,,38.78902741987069,50.925205139098026
요르단,기타,2026-08-01,81.6688866599304,,49.105123851215076,65.38700525557273
요르단,기타,2026-09-01,82.61130954911583,,51.0271876944023,66.81924862175907
요르단,기타,2026-10-01,61.37277097985632,,40.801541074780545,51.08715602731843
요르단,기타,2026-11-01,64.78612285105397,,45.112999639775026,54.9495612454145
요르단,기타,2026-12-01,59.14678997634958,,42.47976845841651,50.81327921738304
요르단,기타,2027-01-01,69.41441269948643,,50.902688684371455,60.158550691928944
요르단,기타,2027-02-01,58.75554696105383,,39.89084053441147,49.323193747732645
요르단,기타,2027-03-01,68.14210224810618,,36.548462899834604,52.345282573970394
요르단,상용,2025-04-01,83.15075027472633,,56.98703811623492,70.06889419548062
요르단,상용,2025-05-01,88.50766578968896,,55.50776336178394,72.00771457573644
요르단,상용,2025-06-01,85.128362333379,,55.4072465013632,70.2678044173711
요르단,상용,2025-07-01,70.54342500553619,,55.88902026307149,63.21622263430384
요르단,상용,2025-08-01,75.25881937158364,,59.368920399640224,67.31386988561194
요르단,상용,2025-09-01,82.48993979665177,,69.43060720296951,75.96027349981064
요르단,상용,2025-10-01,109.29874674447676,,63.71480917084378,86.50677795766026
요르단,상용,2025-11-01,89.91485144495987,,51.51532511378668,70.71508827937328
요르단,상용,2025-12-01,71.47936416387755,,43.866039348868085,57.67270175637282
요르단,상용,2026-01-01,65.8093293719049,,45.9346330683168,55.87198122011085
요르단,상용,2026-02-01,77.71878789854674,,46.13301581091282,61.92590185472978
요르단,상용,2026-03-01,95.00373511892714,,47.2822690556155,71.14300208727133
요르단,상용,2026-04-01,97.47908278309458,,45.80322544913142,71.641154116113
요르단,상용,2026-05-01,99.37493957308705,,46.017896900020276,72.69641823655365
요르단,상용,2026-06-01,93.68497277190396,,47.50406997660858,70.59452137425626
요르단,상용,2026-07-01,78.42969469951588,,50.09154031814077,64.26061750882832
요르단,상용,2026-08-01,81.1814515390385,,54.619533958708494,67.9004927488735
요르단,상용,2026-09-01,99.81706206035233,,64.35859237554345,82.08782721794789
요르단,상용,2026-10-01,122.19949327557359,,59.04532046934749,90.62240687246054
요르단,상용,2026-11-01,101.54606083993276,,47.48197367564727,74.51401725779002
요르단,상용,2026-12-01,79.66255783317047,,40.30527715243949,59.98391749280498
요르단,상용,2027-01-01,71.28971474194911,,42.87163357186972,57.08067415690942
요르단,상용,2027-02-01,82.43086922372893,,43.045716884444886,62.73829305408691
요르단,상용,2027-03-01,109.8883299985058,,43.66561239143974,76.77697119497276
요르단,유학연수,2025-04-01,1.6803272877606685,,2.036249468599772,1.8582883781802204
요르단,유학연수,2025-05-01,2.949861216306992,,1.7390377968838262,2.344449506595409
요르단,유학연수,2025-06-01,4.469886497767853,,2.7696184038371037,3.6197524508024785
요르단,유학연수,2025-07-01,6.098150680797807,,6.581780174975039,6.339965427886423
요르단,유학연수,2025-08-01,20.898713940945154,,20.429960576910908,20.66433725892803
요르단,유학연수,2025-09-01,7.024049201941761,,6.1982446314279445,6.611146916684852
요르단,유학연수,2025-10-01,4.536945093146481,,3.7329573136323315,4.134951203389406
요르단,유학연수,2025-11-01,3.6383455106760993,,3.4710260567334768,3.5546857837047883
요르단,유학연수,2025-12-01,2.556479365448146,,2.1538589350145134,2.3551691502313297
요르단,유학연수,2026-01-01,4.601187282185725,,4.188815231924062,4.3950012570548935
요르단,유학연수,2026-02-01,15.21565347453001,,14.405833536122785,14.810743505326396
요르단,유학연수,2026-03-01,6.572051117857167,,5.934503793638807,6.2532774557479875
요르단,유학연수,2026-04-01,2.1788040449174533,,2.5408424837286088,2.359823264323031
요르단,유학연수,2026-05-01,3.1317262235623873,,2.241014027928978,2.6863701257456825
요르단,유학연수,2026-06-01,5.143654504802392,,3.1869735459454596,4.165314025373926
요르단,유학연수,2026-07-01,6.703980485419515,,6.795896787633444,6.74993863652648
요르단,유학연수,2026-08-01,23.235867308089343,,18.783950688825517,21.00990899845743
요르단,유학연수,2026-09-01,7.366062427378315,,6.261301774794951,6.813682101086633
요르단,유학연수,2026-10-01,5.701660328599582,,3.314395447443324,4.508027888021453
요르단,유학연수,2026-11-01,3.939027537097846,,3.17051693859734,3.554772237847593
요르단,유학연수,2026-12-01,2.7321758890531607,,2.0051714072397115,2.3686736481464363
요르단,유학연수,2027-01-01,4.6455594486928256,,4.129580314212707,4.387569881452766
요르단,유학연수,2027-02-01,17.449335485180022,,13.674566671483657,15.56195107833184
요르단,유학연수,2027-03-01,6.690104621805351,,5.559148323666445,6.124626472735898
우즈베키스탄,공용,2025-04-01,0.4204093720646911,,15.908249853856292,8.164329612960492
우즈베키스탄,공용,2025-05-01,0.1900140469310786,,31.7358829351406,15.96294849103584
우즈베키스탄,공용,2025-06-01,-0.010625766464992427,,54.344664386724425,27.167019310129717
우즈베키스탄,공용,2025-07-01,-0.3397602716268122,,34.34951098342916,17.004875355901174
우즈베키스탄,공용,2025-08-01,-0.5924321702402859,,-4.439384504750622,-2.5159083374954543
우즈베키스탄,공용,2025-09-01,-0.29681597307458774,,-3.0183070577305218,-1.6575615154025547
우즈베키스탄,공용,2025-10-01,-1.259488177576725,,8.148951115393476,3.4447314689083757
우즈베키스탄,공용,2025-11-01,-2.5614625704201317,,12.685417309644677,5.061977369612273
우즈베키스탄,공용,2025-12-01,-3.1025483146817896,,8.40595431034485,2.65170299783153
우즈베키스탄,공용,2026-01-01,-1.1493481467580564,,5.880201535673696,2.36542669445782
우즈베키스탄,공용,2026-02-01,-1.598124935642624,,16.264237409069395,7.333056236713386
우즈베키스탄,공용,2026-03-01,-1.5387169452394005,,22.724558440559008,10.592920747659804
우즈베키스탄,공용,2026-04-01,-2.259430407129063,,20.929360873617995,9.334965233244466
우즈베키스탄,공용,2026-05-01,-2.0736997812252764,,10.525866111638713,4.226083165206719
우즈베키스탄,공용,2026-06-01,-2.571373267280163,,3.079431415470461,0.2540290740951492
우즈베키스탄,공용,2026-07-01,-4.142284473756704,,0.7591402132861065,-1.6915721302352988
우즈베키스탄,공용,2026-08-01,-4.205485506087436,,0.6635523898854467,-1.7709665581009948
우즈베키스탄,공용,2026-09-01,-1.4933479144219488,,1.4021055832603828,-0.045621165580782996
우즈베키스탄,공용,2026-10-01,-5.387704381844626,,3.214699748625548,-1.086502316609539
우즈베키스탄,공용,2026-11-01,-8.573536412394922,,4.106398810522726,-2.2335688009360983
우즈베키스탄,공용,2026-12-01,-8.57305194101414,,4.485874278934445,-2.043588831039848
우즈베키스탄,공용,2027-01-01,-3.3346051383775595,,4.6320874606949936,0.648741161158717
우즈베키스탄,공용,2027-02-01,-3.8097855334545656,,4.838290459791392,0.5142524631684133
우즈베키스탄,공용,2027-03-01,-3.926508299874653,,4.157256901892378,0.11537430100886237
우즈베키스탄,관광,2025-04-01,991.9342800631782,,597.565489220735,794.7498846419567
우즈베키스탄,관광,2025-05-01,1160.6044234618955,,653.9246974167419,907.2645604393188
우즈베키스탄,관광,2025-06-01,1194.6268312339153,,756.1911279034432,975.4089795686792
우즈베키스탄,관광,2025-07-01,1256.2134383713392,,863.043446506158,1059.6284424387486
우즈베키스탄,관광,2025-08-01,1108.4631177725432,,834.5457042617018,971.5044110171225
우즈베키스탄,관광,2025-09-01,1122.2790187338353,,763.697287725971,942.9881532299032
우즈베키스탄,관광,2025-10-01,1215.6615344118889,,771.1216796947056,993.3916070532972
우즈베키스탄,관광,2025-11-01,1265.8131355577761,,764.6443064643752,1015.2287210110757
우즈베키스탄,관광,2025-12-01,947.4032437256523,,675.7208275478815,811.562035636767
우즈베키스탄,관광,2026-01-01,913.5173598251858,,567.6575205727042,740.587440198945
우즈베키스탄,관광,2026-02-01,956.2388302634283,,554.0213240781744,755.1300771708013
우즈베키스탄,관광,2026-03-01,1204.4928664752324,,615.0645172136623,909.7786918444474
우즈베키스탄,관광,2026-04-01,1251.068243791635,,657.131817765672,954.1000307786535
우즈베키스탄,관광,2026-05-01,1359.004380689635,,746.1445371153015,1052.5744589024682
우즈베키스탄,관광,2026-06-01,1449.8220167483444,,871.4355990024594,1160.628807875402
우즈베키스탄,관광,2026-07-01,1522.9311791098585,,983.0181295195384,1252.9746543146985
우즈베키스탄,관광,2026-08-01,1299.7771610508626,,950.7567750246214,1125.2669680377421
우즈베키스탄,관광,2026-09-01,1371.4674720847363,,873.9146195115014,1122.691045798119
우즈베키스탄,관광,2026-10-01,1533.872839716924,,886.9403862272712,1210.4066129720977
우즈베키스탄,관광,2026-11-01,1477.6116275525576,,892.0421129530832,1184.8268702528203
우즈베키스탄,관광,2026-12-01,1108.4807691887443,,805.2701218601288,956.8754455244366
우즈베키스탄,관광,2027-01-01,1064.4071619417366,,687.8562656487777,876.1317137952572
우즈베키스탄,관광,2027-02-01,1097.7685339266302,,680.1288190733744,888.9486765000023
우즈베키스탄,관광,2027-03-01,1474.1901023497792,,757.2399643793087,1115.715033364544
우즈베키스탄,기타,2025-04-01,3788.2608543252986,,2252.944931771978,3020.602893048638
우즈베키스탄,기타,2025-05-01,3425.5739391992,,2262.7591860401726,2844.1665626196864
우즈베키스탄,기타,2025-06-01,3356.803822175092,,2432.125271612793,2894.4645468939425
우즈베키스탄,기타,2025-07-01,3571.6412911505568,,2591.7590522281102,3081.7001716893337
우즈베키스탄,기타,2025-08-01,3979.851638325276,,3070.1481958939203,3524.999917109598
우즈베키스탄,기타,2025-09-01,4144.7034269879805,,3327.2191676242833,3735.961297306132
우즈베키스탄,기타,2025-10-01,4146.255188583003,,3089.7355799041406,3617.9953842435716
우즈베키스탄,기타,2025-11-01,3567.1090339035245,,2618.109802189132,3092.6094180463283
우즈베키스탄,기타,2025-12-01,3053.7464628798234,,2070.829763501032,2562.288113190428
우즈베키스탄,기타,2026-01-01,3920.0164295849886,,2858.8320362674217,3389.424232926205
우즈베키스탄,기타,2026-02-01,4131.358994767881,,2663.738303248339,3397.5486490081103
우즈베키스탄,기타,2026-03-01,4107.895695746121,,2415.6379934651304,3261.766844605626
우즈베키스탄,기타,2026-04-01,4361.481926940431,,2216.0416643652748,3288.761795652853
우즈베키스탄,기타,2026-05-01,4030.742608582271,,2303.5586725856856,3167.150640583978
우즈베키스탄,기타,2026-06-01,3934.041411190128,,2465.8767577319286,3199.9590844610284
우즈베키스탄,기타,2026-07-01,4236.954767166347,,2583.4758173094774,3410.215292237912
우즈베키스탄,기타,2026-08-01,4774.768256551317,,2923.0763394190626,3848.9222979851897
우즈베키스탄,기타,2026-09-01,4837.755255373279,,3165.6627254881882,4001.708990430734
우즈베키스탄,기타,2026-10-01,4850.907356856173,,2964.5627134584975,3907.735035157335
우즈베키스탄,기타,2026-11-01,4069.0112891341787,,2638.2277285558903,3353.6195088450345
우즈베키스탄,기타,2026-12-01,3475.048429917072,,2171.0439991498924,2823.0462145334823
우즈베키스탄,기타,2027-01-01,4541.17894698821,,2857.446151725225,3699.312549356717
우즈베키스탄,기타,2027-02-01,4947.618864611605,,2750.1971042735404,3848.907984442573
우즈베키스탄,기타,2027-03-01,4711.243065004448,,2554.9464266341843,3633.094745819316
우즈베키스탄,상용,2025-04-01,503.9388696357042,,354.0289287473364,428.9838991915203
우즈베키스탄,상용,2025-05-01,489.3237134743902,,346.84169116979695,418.0827023220936
우즈베키스탄,상용,2025-06-01,460.9538207942174,,349.7327922840229,405.34330653912014
우즈베키스탄,상용,2025-07-01,490.8850221741627,,352.1136181736347,421.4993201738987
우즈베키스탄,상용,2025-08-01,473.18851892519547,,377.8659499805608,425.52723445287813
우즈베키스탄,상용,2025-09-01,503.92148935421847,,392.6805598573992,448.30102460580883
우즈베키스탄,상용,2025-10-01,582.561866118657,,422.50460655367897,502.533236336168
우즈베키스탄,상용,2025-11-01,597.1075879959234,,414.0826735966998,505.5951307963116
우즈베키스탄,상용,2025-12-01,506.7206406279239,,335.79172340876096,421.25618201834243
우즈베키스탄,상용,2026-01-01,491.19396831469123,,331.92020595017533,411.55708713243325
우즈베키스탄,상용,2026-02-01,510.8302060640619,,382.03345317717907,446.4318296206205
우즈베키스탄,상용,2026-03-01,675.7973605183179,,427.97050192289265,551.8839312206053
우즈베키스탄,상용,2026-04-01,605.47439356181,,398.7246149986124,502.0995042802112
우즈베키스탄,상용,2026-05-01,595.1703120554414,,397.5360900476068,496.35320105152414
우즈베키스탄,상용,2026-06-01,574.403918249357,,401.0031344028278,487.7035263260924
우즈베키스탄,상용,2026-07-01,588.445053335723,,400.8039444861527,494.62449891093786
우즈베키스탄,상용,2026-08-01,584.7120249324456,,423.754559200883,504.2332920666643
우즈베키스탄,상용,2026-09-01,649.8663057044821,,438.3235557589649,544.0949307317235
우즈베키스탄,상용,2026-10-01,737.8670081561496,,482.9461435774244,610.406575866787
우즈베키스탄,상용,2026-11-01,686.5052914517265,,469.6896082501468,578.0974498509366
우즈베키스탄,상용,2026-12-01,586.1833584553121,,367.47855853102664,476.8309584931694
우즈베키스탄,상용,2027-01-01,582.5774840242145,,354.1493398229338,468.3634119235742
우즈베키스탄,상용,2027-02-01,641.0702282937506,,403.0239229410708,522.0470756174107
우즈베키스탄,상용,2027-03-01,838.1165001765008,,443.06789800802187,640.5921990922614
우즈베키스탄,유학연수,2025-04-01,332.74583687549796,,683.7046380638014,508.2252374696497
우즈베키스탄,유학연수,2025-05-01,365.5094739214907,,335.6582427110149,350.5838583162528
우즈베키스탄,유학연수,2025-06-01,454.524351398144,,477.6578164127087,466.09108390542633
우즈베키스탄,유학연수,2025-07-01,861.1770544080164,,1052.3974713654864,956.7872628867514
우즈베키스탄,유학연수,2025-08-01,2954.8731993409933,,2589.253809064581,2772.063504202787
우즈베키스탄,유학연수,2025-09-01,3281.2943516088053,,3210.3271073495216,3245.8107294791635
우즈베키스탄,유학연수,2025-10-01,386.18134663405874,,849.6073375535791,617.894342093819
우즈베키스탄,유학연수,2025-11-01,427.91370452338094,,352.3351316730059,390.1244180981934
우즈베키스탄,유학연수,2025-12-01,593.8353293560187,,461.3307001924561,527.5830147742374
우즈베키스탄,유학연수,2026-01-01,1418.3080146566658,,1344.485987647729,1381.3970011521974
우즈베키스탄,유학연수,2026-02-01,2948.74722895749,,2597.330643940223,2773.0389364488565
우즈베키스탄,유학연수,2026-03-01,2390.557473957639,,2931.6665402336457,2661.112007095642
우즈베키스탄,유학연수,2026-04-01,376.5751608465819,,943.2197758256084,659.8974683360951
우즈베키스탄,유학연수,2026-05-01,462.38994936353566,,404.18446322648265,433.2872062950091
우즈베키스탄,유학연수,2026-06-01,597.1926524028078,,546.6190107223897,571.9058315625987
우즈베키스탄,유학연수,2026-07-01,1062.7868242212442,,1306.7232575301127,1184.7550408756783
우즈베키스탄,유학연수,2026-08-01,3602.082309166196,,2779.02333510119,3190.5528221336926
우즈베키스탄,유학연수,2026-09-01,3785.6610463447196,,3262.1679640518105,3523.914505198265
우즈베키스탄,유학연수,2026-10-01,532.9439082201832,,948.5069310452338,740.7254196327085
우즈베키스탄,유학연수,2026-11-01,512.2007417689864,,368.50806868305835,440.3544052260224
우즈베키스탄,유학연수,2026-12-01,664.8475445488721,,485.43874459105484,575.1431445699634
우즈베키스탄,유학연수,2027-01-01,1718.2253025230034,,1451.3656546072903,1584.7954785651468
우즈베키스탄,유학연수,2027-02-01,3612.407006770204,,2681.405336581381,3146.9061716757924
우즈베키스탄,유학연수,2027-03-01,2673.7025600141037,,2954.2556115470334,2813.9790857805683
우크라이나,공용,2025-04-01,4.4473520400865,,3.0588931963222445,3.7531226182043724
우크라이나,공용,2025-05-01,4.67273763358597,,2.881143533291712,3.776940583438841
우크라이나,공용,2025-06-01,5.448799948277936,,2.1126664054918534,3.780733176884895
우크라이나,공용,2025-07-01,9.269750808855422,,2.3845910070426735,5.827170907949048
우크라이나,공용,2025-08-01,3.2057270772888757,,2.401449820666409,2.803588448977642
우크라이나,공용,2025-09-01,4.106814281280884,,1.486874516166682,2.796844398723783
우크라이나,공용,2025-10-01,4.863001612667453,,1.3098582081178283,3.0864299103926407
우크라이나,공용,2025-11-01,5.278968078822373,,1.7684498957882515,3.5237089873053122
우크라이나,공용,2025-12-01,7.14904657150914,,1.76309746299374,4.45607201725144
우크라이나,공용,2026-01-01,3.588098604202364,,1.0529838944701873,2.3205412493362756
우크라이나,공용,2026-02-01,1.6224692126662206,,1.4336098911565376,1.528039551911379
우크라이나,공용,2026-03-01,7.588261648959526,,2.3463200400229036,4.967290844491215
우크라이나,공용,2026-04-01,5.9248269770391735,,2.6655696315449293,4.295198304292051
우크라이나,공용,2026-05-01,8.68308470011527,,3.8816734374196553,6.2823790687674625
우크라이나,공용,2026-06-01,5.315413034723599,,5.915189290640177,5.615301162681888
우크라이나,공용,2026-07-01,9.440070453464253,,5.5557983019842725,7.497934377724263
우크라이나,공용,2026-08-01,3.7518159770204984,,5.0939728540590306,4.422894415539765
우크라이나,공용,2026-09-01,4.480408806513559,,4.129742198428418,4.305075502470988
우크라이나,공용,2026-10-01,6.613404584012284,,5.770251529109493,6.1918280565608885
우크라이나,공용,2026-11-01,4.642771455988322,,6.2436278766868245,5.4431996663375735
우크라이나,공용,2026-12-01,9.210011278021412,,4.557938233418339,6.883974755719875
우크라이나,공용,2027-01-01,4.649201561345846,,4.093345208473224,4.371273384909535
우크라이나,공용,2027-02-01,3.049105887409779,,3.3321838994134145,3.190644893411597
우크라이나,공용,2027-03-01,4.508732922092991,,3.210016839468638,3.8593748807808144
우크라이나,관광,2025-04-01,578.8333500249064,,596.4740330844493,587.6536915546778
우크라이나,관광,2025-05-01,584.2703690158124,,606.4601253741722,595.3652471949923
우크라이나,관광,2025-06-01,627.3783426569257,,610.1184674060814,618.7484050315036
우크라이나,관광,2025-07-01,619.1896572758949,,610.142390046949,614.666023661422
우크라이나,관광,2025-08-01,553.8765871626151,,586.358134122584,570.1173606425996
우크라이나,관광,2025-09-01,671.4152924345028,,587.0855537733997,629.2504231039513
우크라이나,관광,2025-10-01,745.9687110454635,,641.62404374669,693.7963773960767
우크라이나,관광,2025-11-01,670.0703490591842,,604.5734769880642,637.3219130236241
우크라이나,관광,2025-12-01,557.0873693949421,,548.6299627471104,552.8586660710263
우크라이나,관광,2026-01-01,506.8897506118049,,502.26615628834793,504.5779534500764
우크라이나,관광,2026-02-01,552.0393365661453,,551.4818882149071,551.7606123905261
우크라이나,관광,2026-03-01,620.5687863298498,,609.1334731045424,614.851129717196
우크라이나,관광,2026-04-01,688.9410307886781,,619.5523199598138,654.2466753742459
우크라이나,관광,2026-05-01,670.736827412486,,627.8445829094985,649.2907051609923
우크라이나,관광,2026-06-01,663.1369414339657,,632.8838197442194,648.0103805890926
우크라이나,관광,2026-07-01,726.8700729056425,,636.1134845977022,681.4917787516723
우크라이나,관광,2026-08-01,649.6473376569895,,623.2995569099897,636.4734472834896
우크라이나,관광,2026-09-01,711.1147089146758,,638.5447497786599,674.8297293466678
우크라이나,관광,2026-10-01,849.3581278863554,,693.380701885388,771.3694148858717
우크라이나,관광,2026-11-01,765.8902616073234,,636.9737541878598,701.4320078975916
우크라이나,관광,2026-12-01,629.8976253534655,,552.4924400516669,591.1950327025662
우크라이나,관광,2027-01-01,568.3494395776429,,501.51305106841636,534.9312453230297
우크라이나,관광,2027-02-01,600.4515502371274,,546.6305952894797,573.5410727633036
우크라이나,관광,2027-03-01,672.0813618105309,,599.7919034429173,635.9366326267241
우크라이나,기타,2025-04-01,1218.4217049866713,,1098.6791425006563,1158.550423743664
우크라이나,기타,2025-05-01,1287.0083624379529,,930.5527321613984,1108.7805472996756
우크라이나,기타,2025-06-01,1260.7142094615224,,767.801993174745,1014.2581013181336
우크라이나,기타,2025-07-01,1270.7640433148622,,618.3140007387019,944.539022026782
우크라이나,기타,2025-08-01,1298.7541480580094,,702.8431708374513,1000.7986594477304
우크라이나,기타,2025-09-01,1274.3865988499101,,694.8202409529035,984.6034199014068
우크라이나,기타,2025-10-01,1335.4813522046823,,730.5770407980862,1033.0291965013841
우크라이나,기타,2025-11-01,1184.0128241321586,,649.3698442975069,916.6913342148328
우크라이나,기타,2025-12-01,1270.3768246409977,,386.24418260995344,828.3105036254756
우크라이나,기타,2026-01-01,1254.1196871840432,,380.9914078908487,817.5555475374459
우크라이나,기타,2026-02-01,1218.8803974453674,,481.1045062156488,849.9924518305081
우크라이나,기타,2026-03-01,1346.7903112508552,,635.9331115564406,991.3617114036479
우크라이나,기타,2026-04-01,1364.0660319570134,,671.8129872967266,1017.93950962687
우크라이나,기타,2026-05-01,1396.8980998803067,,738.2223945283677,1067.5602472043372
우크라이나,기타,2026-06-01,1393.2219464828308,,757.6525084983991,1075.437227490615
우크라이나,기타,2026-07-01,1397.8919433123115,,743.490688180563,1070.6913157464373
우크라이나,기타,2026-08-01,1447.4421385548303,,703.5139165396042,1075.4780275472172
우크라이나,기타,2026-09-01,1372.1594049493688,,652.5365261295708,1012.3479655394698
우크라이나,기타,2026-10-01,1464.8434959369808,,757.3423859245952,1111.092940930788
우크라이나,기타,2026-11-01,1315.765999868879,,786.1995603094524,1050.9827800891658
우크라이나,기타,2026-12-01,1390.477700034604,,665.5728396663433,1028.0252698504737
우크라이나,기타,2027-01-01,1384.7185639707702,,647.0447700843935,1015.8816670275819
우크라이나,기타,2027-02-01,1280.128312294555,,738.3817837025506,1009.2550479985528
우크라이나,기타,2027-03-01,1483.937937031239,,807.5082846650417,1145.7231108481403
우크라이나,상용,2025-04-01,58.18791792944473,,72.65893240208806,65.42342516576639
우크라이나,상용,2025-05-01,57.85067246729795,,79.94549092770714,68.89808169750255
우크라이나,상용,2025-06-01,67.19175441882315,,83.79597289352205,75.4938636561726
우크라이나,상용,2025-07-01,54.28421728471527,,85.24574313117566,69.76498020794546
우크라이나,상용,2025-08-01,44.546661057348295,,71.13378124016859,57.840221148758445
우크라이나,상용,2025-09-01,51.970048902692035,,80.53879929596133,66.25442409932668
우크라이나,상용,2025-10-01,94.38545639230678,,159.16536261030325,126.775409501305
우크라이나,상용,2025-11-01,69.1068356169861,,117.00554351286638,93.05618956492624
우크라이나,상용,2025-12-01,54.00161759013226,,89.87877621112544,71.94019690062885
우크라이나,상용,2026-01-01,49.946792762178475,,81.89590703599221,65.92134989908534
우크라이나,상용,2026-02-01,60.25123373293346,,104.36932079515017,82.31027726404182
우크라이나,상용,2026-03-01,68.19287909503659,,117.35146658377253,92.77217283940456
우크라이나,상용,2026-04-01,65.81755611658723,,116.22288979740543,91.02022295699632
우크라이나,상용,2026-05-01,72.37185889806938,,116.01845935523033,94.19515912664986
우크라이나,상용,2026-06-01,84.59739522094547,,113.46579236311294,99.03159379202921
우크라이나,상용,2026-07-01,64.50910296345143,,110.8814269613073,87.69526496237935
우크라이나,상용,2026-08-01,55.48202740069837,,83.7827535226674,69.63239046168289
우크라이나,상용,2026-09-01,63.80901163674624,,95.43385230808263,79.62143197241444
우크라이나,상용,2026-10-01,111.01897636102332,,162.62565173304432,136.8223140470338
우크라이나,상용,2026-11-01,81.50139200704848,,114.19997505210682,97.85068352957765
우크라이나,상용,2026-12-01,61.332573207036816,,88.36281731801208,74.84769526252444
우크라이나,상용,2027-01-01,66.6592096414003,,78.32044792472881,72.48982878306455
우크라이나,상용,2027-02-01,71.28901106033315,,85.43203203887927,78.3605215496062
우크라이나,상용,2027-03-01,80.21224077707207,,91.7726184882182,85.99242963264513
우크라이나,유학연수,2025-04-01,6.408850397359022,,17.70392739529725,12.056388896328135
우크라이나,유학연수,2025-05-01,9.691810655809428,,12.60586203139915,11.14883634360429
우크라이나,유학연수,2025-06-01,15.115053394890586,,14.450009165234556,14.782531280062571
우크라이나,유학연수,2025-07-01,17.796718915548723,,24.55084447254118,21.17378169404495
우크라이나,유학연수,2025-08-01,150.78316211135828,,77.4469122646254,114.11503718799185
우크라이나,유학연수,2025-09-01,26.769101089355534,,15.35001029169679,21.05955569052616
우크라이나,유학연수,2025-10-01,4.4203874761607835,,0.6818246502532563,2.55110606320702
우크라이나,유학연수,2025-11-01,13.316298495170358,,6.369864688997408,9.843081592083884
우크라이나,유학연수,2025-12-01,15.95469580228464,,10.719248330968659,13.33697206662665
우크라이나,유학연수,2026-01-01,37.55908834213189,,15.675495164672892,26.61729175340239
우크라이나,유학연수,2026-02-01,100.61766117221713,,24.551964598892766,62.584812885554946
우크라이나,유학연수,2026-03-01,24.999073950471985,,23.440798205368466,24.219936077920224
우크라이나,유학연수,2026-04-01,7.705961439964112,,14.990171148781279,11.348066294372696
우크라이나,유학연수,2026-05-01,15.428889302881894,,15.884415836436673,15.656652569659283
우크라이나,유학연수,2026-06-01,24.80923114679417,,21.381598556774293,23.09541485178423
우크라이나,유학연수,2026-07-01,29.51858188415513,,26.706264448587113,28.112423166371123
우크라이나,유학연수,2026-08-01,144.70494222536007,,25.074829894510383,84.88988605993522
우크라이나,유학연수,2026-09-01,39.231105081745,,12.686994406911957,25.95904974432848
우크라이나,유학연수,2026-10-01,12.098577082447337,,8.738627151382545,10.41860211691494
우크라이나,유학연수,2026-11-01,17.269702729437654,,15.826143473771072,16.54792310160436
우크라이나,유학연수,2026-12-01,18.271942196426235,,19.095290658520096,18.683616427473165
우크라이나,유학연수,2027-01-01,45.545242396680436,,22.264656061449493,33.90494922906497
우크라이나,유학연수,2027-02-01,111.90050202025063,,37.84318386425737,74.871842942254
우크라이나,유학연수,2027-03-01,24.391839459800927,,10.466637862522719,17.429238661161822
이  란,공용,2025-04-01,3.495286746827503,,2.6850971961489805,3.0901919714882418
이  란,공용,2025-05-01,4.424774780165876,,2.6048942955569983,3.514834537861437
이  란,공용,2025-06-01,7.883053395381536,,2.4949795713347407,5.189016483358138
이  란,공용,2025-07-01,3.305193032674054,,2.5032509153506775,2.9042219740123656
이  란,공용,2025-08-01,7.263393176309042,,2.5432980476526126,4.903345611980827
이  란,공용,2025-09-01,12.099892239669499,,6.9288297312002545,9.514360985434877
이  란,공용,2025-10-01,7.92264320978565,,5.5547113426856285,6.73867727623564
이  란,공용,2025-11-01,8.4119026897968,,3.3739392951782987,5.89292099248755
이  란,공용,2025-12-01,4.351512141165845,,2.441403923197414,3.3964580321816293
이  란,공용,2026-01-01,3.817375551572405,,2.055050990369959,2.936213270971182
이  란,공용,2026-02-01,1.180240366157657,,1.8941553742922252,1.5371978702249411
이  란,공용,2026-03-01,3.6027750988540475,,1.6606268324520372,2.6317009656530423
이  란,공용,2026-04-01,6.000331071390465,,1.6842675481808715,3.8422993097856684
이  란,공용,2026-05-01,5.587579194413792,,1.799583696614694,3.693581445514243
이  란,공용,2026-06-01,7.196092359273861,,2.0225469121373396,4.6093196357056
이  란,공용,2026-07-01,4.293167666004353,,2.120185412347696,3.2066765391760246
이  란,공용,2026-08-01,5.558324225191023,,2.8531495652988283,4.205736895244925
이  란,공용,2026-09-01,16.223857280373895,,5.488471859236711,10.856164569805303
이  란,공용,2026-10-01,15.936360026967332,,4.459322732930044,10.197841379948688
이  란,공용,2026-11-01,6.899761685648765,,2.7753844229269298,4.837573054287848
이  란,공용,2026-12-01,3.6572048445190926,,2.276679365012358,2.9669421047657254
이  란,공용,2027-01-01,2.4337432143552995,,2.0661278111315293,2.2499355127434146
이  란,공용,2027-02-01,1.9796339445091171,,1.9430675367556574,1.9613507406323873
이  란,공용,2027-03-01,5.535524316342503,,1.6539104601343646,3.5947173882384336
이  란,관광,2025-04-01,210.8983732470364,,267.731816451273,239.31509484915472
이  란,관광,2025-05-01,319.78969335976905,,278.08890531636285,298.93929933806595
이  란,관광,2025-06-01,362.3521886109899,,288.56432493322177,325.45825677210587
이  란,관광,2025-07-01,328.4613754698523,,314.87396535578426,321.6676704128183
이  란,관광,2025-08-01,469.5151615189913,,341.8351662964782,405.6751639077347
이  란,관광,2025-09-01,541.959310184187,,342.6244005946257,442.29185538940635
이  란,관광,2025-10-01,450.8908570194614,,266.0203384569659,358.45559773821367
이  란,관광,2025-11-01,289.03597870350524,,158.16101112374682,223.59849491362604
이  란,관광,2025-12-01,191.9879262451862,,100.62788719634517,146.3079067207657
이  란,관광,2026-01-01,124.28310246060761,,53.93339974679796,89.10825110370278
이  란,관광,2026-02-01,125.36351475772872,,84.17032314830828,104.7669189530185
이  란,관광,2026-03-01,469.7945546163609,,232.0876523283161,350.9411034723385
이  란,관광,2026-04-01,278.37680566813594,,254.2188931548336,266.2978494114848
이  란,관광,2026-05-01,400.7469901348887,,247.00724445129177,323.87711729309024
이  란,관광,2026-06-01,447.5793869023867,,248.51293080570784,348.0461588540473
이  란,관광,2026-07-01,385.0617402270777,,255.82759082108188,320.44466552407977
이  란,관광,2026-08-01,554.7622223892614,,295.04290565099154,424.9025640201265
이  란,관광,2026-09-01,684.8162338187775,,319.33295062775437,502.07459222326594
이  란,관광,2026-10-01,613.017670883477,,286.0646036356658,449.54113725957137
이  란,관광,2026-11-01,327.70529430560777,,193.8704165203526,260.7878554129802
이  란,관광,2026-12-01,216.85749487998189,,100.48486353409426,158.67117920703808
이  란,관광,2027-01-01,124.58448035548788,,43.11610924317705,83.85029479933246
이  란,관광,2027-02-01,161.24404715464888,,43.844125390292874,102.54408627247088
이  란,관광,2027-03-01,569.8822355218034,,87.86139914017527,328.87181733098936
이  란,기타,2025-04-01,44.17758143628392,,35.79246721436124,39.985024325322584
이  란,기타,2025-05-01,41.09332714072686,,38.77060431908896,39.931965729907915
이  란,기타,2025-06-01,50.19157089305677,,42.11693422696335,46.154252560010065
이  란,기타,2025-07-01,58.564158051227075,,47.272196465152575,52.91817725818983
이  란,기타,2025-08-01,55.96892776654549,,49.54503596359638,52.75698186507094
이  란,기타,2025-09-01,59.69264327254986,,48.23168324295164,53.962163257750746
이  란,기타,2025-10-01,47.25924190202256,,36.68056633570551,41.96990411886404
이  란,기타,2025-11-01,48.29270485316681,,29.728720105252776,39.01071247920979
이  란,기타,2025-12-01,52.233012298798585,,26.850270495553403,39.541641397175994
이  란,기타,2026-01-01,59.885949379457145,,31.707365677426353,45.79665752844175
이  란,기타,2026-02-01,51.9920978317504,,30.701316603649104,41.34670721769975
이  란,기타,2026-03-01,64.18977987701999,,29.968003336784108,47.07889160690205
이  란,기타,2026-04-01,48.23901909948554,,28.97911217953498,38.60906563951026
이  란,기타,2026-05-01,50.211855464999026,,31.59453092885832,40.90319319692867
이  란,기타,2026-06-01,54.579829753197366,,34.80625161972071,44.69304068645904
이  란,기타,2026-07-01,66.30332682381265,,37.693827096273466,51.99857696004306
이  란,기타,2026-08-01,64.6593721417351,,42.697686806648804,53.678529474191954
이  란,기타,2026-09-01,66.6874591070812,,42.91979603610528,54.80362757159324
이  란,기타,2026-10-01,54.87468986409413,,33.390015742094235,44.13235280309418
이  란,기타,2026-11-01,52.636319956669354,,28.135001666689675,40.385660811679514
이  란,기타,2026-12-01,62.25994747900734,,26.103606224889973,44.181776851948655
이  란,기타,2027-01-01,61.22089285974088,,31.723349349042067,46.472121104391476
이  란,기타,2027-02-01,62.37518756263166,,31.498832649422738,46.9370101060272
이  란,기타,2027-03-01,70.94935451274968,,31.284492739044154,51.116923625896916
이  란,상용,2025-04-01,44.959544264871305,,28.644454703762676,36.801999484316994
이  란,상용,2025-05-01,63.84327100369529,,28.090667160219112,45.9669690819572
이  란,상용,2025-06-01,50.7225984595207,,27.727162809012327,39.22488063426651
이  란,상용,2025-07-01,49.96279403912246,,27.064798688861572,38.513796363992014
이  란,상용,2025-08-01,47.52223476817929,,33.067657622211925,40.29494619519561
이  란,상용,2025-09-01,52.73430472012942,,37.344713021672476,45.039508870900946
이  란,상용,2025-10-01,70.07737655724671,,35.980706068881176,53.02904131306394
이  란,상용,2025-11-01,70.39177418652571,,33.93808767848725,52.16493093250648
이  란,상용,2025-12-01,53.91743636255875,,30.261227300190825,42.08933183137479
이  란,상용,2026-01-01,47.19230685213738,,27.91384244974458,37.55307465094098
이  란,상용,2026-02-01,48.12152063987256,,21.399670878937513,34.760595759405035
이  란,상용,2026-03-01,55.12960179628333,,25.810794065703618,40.47019793099348
이  란,상용,2026-04-01,56.01680345619668,,30.109094752015437,43.06294910410606
이  란,상용,2026-05-01,80.31752489140185,,29.72133693174834,55.01943091157509
이  란,상용,2026-06-01,60.65124051715096,,29.434243542174073,45.04274202966252
이  란,상용,2026-07-01,58.18331844223328,,28.715272326600257,43.44929538441677
이  란,상용,2026-08-01,56.39346812490995,,34.16324698330999,45.278357554109974
이  란,상용,2026-09-01,63.57829511356612,,38.232925821735535,50.90561046765083
이  란,상용,2026-10-01,84.64518092447703,,37.06177155025128,60.853476237364156
이  란,상용,2026-11-01,85.43665355134294,,35.03287799118604,60.23476577126449
이  란,상용,2026-12-01,63.544611126531976,,30.96135037411119,47.25298075032158
이  란,상용,2027-01-01,55.87284905185608,,28.564816213301754,42.218832632578916
이  란,상용,2027-02-01,55.294654915896004,,21.929972666588725,38.612313791242364
이  란,상용,2027-03-01,63.271463974822765,,26.17125889947002,44.72136143714639
이  란,유학연수,2025-04-01,13.722137952105884,,12.207921473886032,12.965029712995957
이  란,유학연수,2025-05-01,17.165395365882897,,13.280239330464916,15.222817348173907
이  란,유학연수,2025-06-01,22.423978588952888,,17.480625238093044,19.952301913522966
이  란,유학연수,2025-07-01,30.200187076231913,,22.34399761648737,26.272092346359642
이  란,유학연수,2025-08-01,101.46645329358954,,72.61414096071587,87.04029712715271
이  란,유학연수,2025-09-01,53.61431270583643,,43.31783482766848,48.46607376675246
이  란,유학연수,2025-10-01,17.732072242624373,,15.892185701866097,16.812128972245233
이  란,유학연수,2025-11-01,21.90745953098086,,16.204400358407383,19.05592994469412
이  란,유학연수,2025-12-01,24.030565881686464,,18.59590485306309,21.313235367374777
이  란,유학연수,2026-01-01,29.104956996761093,,19.282563941038628,24.19376046889986
이  란,유학연수,2026-02-01,90.59009890201527,,55.86939110237934,73.2297450021973
이  란,유학연수,2026-03-01,42.8780166376913,,29.55565251985596,36.21683457877363
이  란,유학연수,2026-04-01,14.494707322552474,,11.755505813533016,13.125106568042746
이  란,유학연수,2026-05-01,19.642275575506424,,11.081738761030795,15.36200716826861
이  란,유학연수,2026-06-01,27.211068769293785,,14.61427322605428,20.912670997674034
이  란,유학연수,2026-07-01,37.76547389462911,,19.886909559163488,28.826191726896297
이  란,유학연수,2026-08-01,110.37418185647144,,60.46768833784334,85.42093509715738
이  란,유학연수,2026-09-01,61.60261950458048,,37.87175913577636,49.737189320178416
이  란,유학연수,2026-10-01,21.490109064874243,,13.733201994121695,17.61165552949797
이  란,유학연수,2026-11-01,25.706707220662363,,14.314969246467191,20.010838233564776
이  란,유학연수,2026-12-01,26.922707051407993,,16.61207352678797,21.767390289097982
이  란,유학연수,2027-01-01,31.66857009091052,,18.179808078627026,24.924189084768773
이  란,유학연수,2027-02-01,104.40992131865526,,54.62381057887756,79.51686594876641
이  란,유학연수,2027-03-01,47.48219221003887,,26.676123044341196,37.07915762719003
이라크,공용,2025-04-01,2.142192889009026,,1.4716415867742243,1.8069172378916252
이라크,공용,2025-05-01,2.254946069704088,,1.7764942889285606,2.0157201793163244
이라크,공용,2025-06-01,1.5471723579547445,,1.693886292360569,1.6205293251576567
이라크,공용,2025-07-01,1.4978049560556785,,2.2399496650702,1.8688773105629393
이라크,공용,2025-08-01,0.530636523949844,,0.6177732084596093,0.5742048662047265
이라크,공용,2025-09-01,5.176057932087099,,6.445468068451618,5.810763000269358
이라크,공용,2025-10-01,1.51208116367074,,3.324002178218196,2.418041670944468
이라크,공용,2025-11-01,0.48599579315399827,,2.5648548445687758,1.525425318861387
이라크,공용,2025-12-01,0.6396204645359288,,2.683716532033019,1.6616684982844738
이라크,공용,2026-01-01,0.7369840162253458,,6.63661289580806,3.686798456016703
이라크,공용,2026-02-01,4.115763945283964,,4.550119671731003,4.332941808507483
이라크,공용,2026-03-01,3.8690526697624756,,3.013647754374978,3.441350212068727
이라크,공용,2026-04-01,2.3376133540710398,,1.4289671692239088,1.8832902616474743
이라크,공용,2026-05-01,2.506086752493928,,1.2413572288228294,1.8737219906583786
이라크,공용,2026-06-01,1.6042625970583806,,1.6229088662830606,1.6135857316707205
이라크,공용,2026-07-01,1.7029528305543684,,1.8358924868848145,1.7694226587195914
이라크,공용,2026-08-01,0.6002577378563643,,0.726033634438378,0.6631456861473711
이라크,공용,2026-09-01,5.4876219665534185,,2.41464453798992,3.9511332522716693
이라크,공용,2026-10-01,1.69006621910459,,2.4909701275287097,2.09051817331665
이라크,공용,2026-11-01,0.5588136934961383,,1.9446330460698826,1.2517233697830106
이라크,공용,2026-12-01,0.7717944185613705,,1.418067113904729,1.0949307662330496
이라크,공용,2027-01-01,0.7969161997572123,,2.4934536681151025,1.6451849339361573
이라크,공용,2027-02-01,4.247223209402518,,3.265653333890553,3.7564382716465357
이라크,공용,2027-03-01,4.287785893290336,,3.4770582352485473,3.882422064269442
이라크,관광,2025-04-01,109.10341102245448,,124.23858604263083,116.67099853254265
이라크,관광,2025-05-01,107.26443695783794,,122.39436318682618,114.82940007233206
이라크,관광,2025-06-01,121.12608379842061,,111.53766203511545,116.33187291676802
이라크,관광,2025-07-01,123.77845243244751,,101.12371034952369,112.45108139098559
이라크,관광,2025-08-01,126.25011070442056,,72.62678835064425,99.43844952753241
이라크,관광,2025-09-01,129.0948820180698,,75.85341857173522,102.4741502949025
이라크,관광,2025-10-01,199.91542982208517,,146.12134100836892,173.01838541522704
이라크,관광,2025-11-01,142.02781574483498,,89.041023341617,115.534419543226
이라크,관광,2025-12-01,89.08994835892261,,58.02883249108456,73.55939042500358
이라크,관광,2026-01-01,53.77693325932329,,52.150848424864165,52.96389084209373
이라크,관광,2026-02-01,62.85299164304408,,72.43443857760896,67.64371511032653
이라크,관광,2026-03-01,114.16733541737021,,89.17285854394791,101.67009698065905
이라크,관광,2026-04-01,136.23673447164353,,92.28900009719709,114.26286728442031
이라크,관광,2026-05-01,129.17251467555334,,105.91206700963465,117.542290842594
이라크,관광,2026-06-01,157.17651618563949,,108.97870622758177,133.07761120661064
이라크,관광,2026-07-01,147.05693163110936,,109.59746889342233,128.32720026226585
이라크,관광,2026-08-01,138.01107300205894,,110.42565761557887,124.2183653088189
이라크,관광,2026-09-01,178.41280218289103,,136.16438528809027,157.28859373549065
이라크,관광,2026-10-01,245.92906719152012,,153.96408603029272,199.94657661090642
이라크,관광,2026-11-01,172.59343621784274,,94.20555084926417,133.39949353355345
이라크,관광,2026-12-01,99.84851919791728,,68.34748435131112,84.0980017746142
이라크,관광,2027-01-01,58.95842470780298,,58.9515309654075,58.95497783660524
이라크,관광,2027-02-01,80.20260961644128,,67.35342589908682,73.77801775776405
이라크,관광,2027-03-01,139.26146035615562,,79.7965381622641,109.52899925920985
이라크,기타,2025-04-01,11.490282096574587,,11.201321628414775,11.345801862494682
이라크,기타,2025-05-01,15.011690947288221,,10.041149325676619,12.52642013648242
이라크,기타,2025-06-01,27.34032071785414,,9.908120624415101,18.624220671134623
이라크,기타,2025-07-01,18.63387869677867,,11.01302097969883,14.82344983823875
이라크,기타,2025-08-01,19.06179338985176,,13.741307993051388,16.401550691451575
이라크,기타,2025-09-01,16.95250573395601,,15.123996168258525,16.038250951107266
이라크,기타,2025-10-01,18.92045217069954,,15.674576885677267,17.297514528188405
이라크,기타,2025-11-01,14.859266581161195,,14.899435221623307,14.87935090139225
이라크,기타,2025-12-01,13.361304320589504,,12.304297527302497,12.832800923946
이라크,기타,2026-01-01,19.623303060231528,,12.957498850219988,16.290400955225756
이라크,기타,2026-02-01,22.960567105649417,,14.024132929859542,18.49235001775448
이라크,기타,2026-03-01,20.611567312547045,,13.681629874097863,17.146598593322455
이라크,기타,2026-04-01,13.026439753714083,,10.511239175548177,11.76883946463113
이라크,기타,2026-05-01,17.226272752605393,,9.040290848029883,13.133281800317638
이라크,기타,2026-06-01,32.44963682660057,,9.343567704258303,20.896602265429436
이라크,기타,2026-07-01,23.21679716418667,,11.18672162951326,17.201759396849965
이라크,기타,2026-08-01,21.988146227856223,,13.952563347915587,17.970354787885906
이라크,기타,2026-09-01,21.294311495759914,,13.829227722124806,17.56176960894236
이라크,기타,2026-10-01,18.761880253604588,,13.78389162188752,16.272885937746054
이라크,기타,2026-11-01,18.581381225330283,,14.96163271832904,16.771506971829663
이라크,기타,2026-12-01,15.579958269154934,,12.336854442339751,13.958406355747343
이라크,기타,2027-01-01,23.245540742425106,,12.972379974809707,18.108960358617406
이라크,기타,2027-02-01,27.193354921867904,,13.402959247823883,20.298157084845894
이라크,기타,2027-03-01,23.131655234989932,,13.279043141012794,18.205349188001364
이라크,상용,2025-04-01,111.4109607014266,,108.80476183823357,110.1078612698301
이라크,상용,2025-05-01,150.33042714157583,,107.98004165982691,129.15523440070137
이라크,상용,2025-06-01,108.8322419722937,,99.82338563778387,104.32781380503879
이라크,상용,2025-07-01,102.57649828375885,,91.48181995361416,97.02915911868651
이라크,상용,2025-08-01,105.44622467858073,,92.50775306725349,98.9769888729171
이라크,상용,2025-09-01,132.97504890670078,,107.09385710638335,120.03445300654207
이라크,상용,2025-10-01,134.6801314485455,,119.3690239541017,127.02457770132361
이라크,상용,2025-11-01,129.14927419310908,,111.203486789925,120.17638049151704
이라크,상용,2025-12-01,106.6749389821773,,88.73599859988529,97.7054687910313
이라크,상용,2026-01-01,110.32751382809336,,91.31591038199817,100.82171210504576
이라크,상용,2026-02-01,113.51374084044278,,92.0968531658334,102.8052970031381
이라크,상용,2026-03-01,135.94213346707954,,97.653120654763,116.79762706092127
이라크,상용,2026-04-01,130.6204746547095,,107.61186960623961,119.11617213047455
이라크,상용,2026-05-01,157.4641418609011,,110.77141475395891,134.11777830743
이라크,상용,2026-06-01,125.11260088526865,,102.8833391542793,113.99797001977397
이라크,상용,2026-07-01,119.2177665577188,,94.19826811812408,106.70801733792143
이라크,상용,2026-08-01,123.05931244574361,,94.36492837451502,108.71212041012932
이라크,상용,2026-09-01,150.3285404351399,,109.14851898730662,129.73852971122326
이라크,상용,2026-10-01,156.3156228604123,,121.87941267775514,139.0975177690837
이라크,상용,2026-11-01,146.98967448713574,,113.55331604176129,130.2714952644485
이라크,상용,2026-12-01,115.12179481862344,,90.4395988629536,102.78069684078852
이라크,상용,2027-01-01,118.8966465321961,,94.05811715323703,106.47738184271657
이라크,상용,2027-02-01,127.32058358011905,,94.76715774912232,111.04387066462068
이라크,상용,2027-03-01,163.71625843319728,,100.18474269730146,131.95050056524937
이라크,유학연수,2025-04-01,0.8391890897294413,,1.0058942944624265,0.922541692095934
이라크,유학연수,2025-05-01,0.6289882577304646,,0.9032605873625954,0.76612442254653
이라크,유학연수,2025-06-01,1.6429255667422247,,1.5611029112462294,1.6020142389942271
이라크,유학연수,2025-07-01,2.8734064692063135,,3.4270876781957775,3.1502470737010455
이라크,유학연수,2025-08-01,8.964212519448754,,11.078036747428664,10.02112463343871
이라크,유학연수,2025-09-01,3.0435530173607583,,2.3638086766045343,2.703680846982646
이라크,유학연수,2025-10-01,1.83960879794543,,-0.01232605347646043,0.9136413722344848
이라크,유학연수,2025-11-01,2.141391779072168,,0.4708907062965153,1.3061412426843417
이라크,유학연수,2025-12-01,2.1442274736611004,,2.3028876510770777,2.223557562369089
이라크,유학연수,2026-01-01,3.414047815833286,,6.1718529404318865,4.792950378132586
이라크,유학연수,2026-02-01,10.533188180091232,,10.38061768642902,10.456902933260125
이라크,유학연수,2026-03-01,2.646301783776543,,3.931316816706709,3.288809300241626
이라크,유학연수,2026-04-01,0.7731288339719019,,1.6359190434481174,1.2045239387100097
이라크,유학연수,2026-05-01,0.8123364274005959,,1.3353956151324065,1.0738660212665012
이라크,유학연수,2026-06-01,1.580622380814035,,1.9368455181117954,1.7587339494629153
이라크,유학연수,2026-07-01,3.2313979675385407,,3.5494059241517437,3.3904019458451424
이라크,유학연수,2026-08-01,8.674297693533195,,11.470356295154218,10.072326994343706
이라크,유학연수,2026-09-01,2.6332066459898837,,3.3558367793109234,2.9945217126504033
이라크,유학연수,2026-10-01,2.7812681525642873,,0.49158193891153834,1.6364250457379128
이라크,유학연수,2026-11-01,2.0645208721026678,,0.29283730341215053,1.1786790877574091
이라크,유학연수,2026-12-01,2.237585596778542,,1.9931634995075138,2.115374548143028
이라크,유학연수,2027-01-01,3.0542907621631823,,5.9885895767021236,4.521440169432653
이라크,유학연수,2027-02-01,10.76923757068796,,9.760123742914267,10.264680656801113
이라크,유학연수,2027-03-01,2.8580377759360123,,3.497675361297235,3.1778565686166234
이스라엘,공용,2025-04-01,7.8282415844044175,,11.80787864030303,9.818060112353724
이스라엘,공용,2025-05-01,8.463471472524176,,8.678483209220051,8.570977340872114
이스라엘,공용,2025-06-01,7.587389391288093,,7.726933652896555,7.657161522092324
이스라엘,공용,2025-07-01,8.126795774774731,,9.486602034018759,8.806698904396745
이스라엘,공용,2025-08-01,11.815011110046095,,12.053190843264241,11.934100976655168
이스라엘,공용,2025-09-01,21.46390838196395,,14.660596962574777,18.062252672269363
이스라엘,공용,2025-10-01,17.885438162851933,,16.347689311231324,17.11656373704163
이스라엘,공용,2025-11-01,12.006457942295427,,16.200301853174793,14.10337989773511
이스라엘,공용,2025-12-01,20.687385606922483,,13.348654421400218,17.01802001416135
이스라엘,공용,2026-01-01,3.363487685365065,,8.381878418048718,5.8726830517068915
이스라엘,공용,2026-02-01,6.872325214227485,,10.616757887044598,8.744541550636042
이스라엘,공용,2026-03-01,18.153274244921096,,14.041652114252662,16.097463179586878
이스라엘,공용,2026-04-01,10.367766843436504,,12.69264401125822,11.530205427347362
이스라엘,공용,2026-05-01,12.647587168910174,,9.836483022173418,11.242035095541796
이스라엘,공용,2026-06-01,8.630265731011715,,8.721715873661916,8.675990802336816
이스라엘,공용,2026-07-01,8.214107818670541,,9.67224053855255,8.943174178611546
이스라엘,공용,2026-08-01,14.946741499758975,,11.513527399782298,13.230134449770636
이스라엘,공용,2026-09-01,29.40084855014663,,14.29027302183964,21.845560785993136
이스라엘,공용,2026-10-01,22.92317110468621,,16.341888587121563,19.63252984590389
이스라엘,공용,2026-11-01,14.762003945859423,,16.186894336430278,15.47444914114485
이스라엘,공용,2026-12-01,21.842026171448026,,13.53895497145183,17.690490571449928
이스라엘,공용,2027-01-01,6.265453288517233,,8.575345237026964,7.420399262772099
이스라엘,공용,2027-02-01,9.916696053924294,,10.943914530429256,10.430305292176776
이스라엘,공용,2027-03-01,20.225859271272313,,14.161789565212043,17.19382441824218
이스라엘,관광,2025-04-01,2204.8032025794123,,2466.24095032465,2335.522076452031
이스라엘,관광,2025-05-01,1877.3665329586345,,1632.9552731673793,1755.160903063007
이스라엘,관광,2025-06-01,1467.420184649242,,1170.4622614206426,1318.9412230349421
이스라엘,관광,2025-07-01,1616.4030845004786,,1158.15676612128,1387.2799253108792
이스라엘,관광,2025-08-01,1650.0525782377863,,1433.6024618808833,1541.8275200593348
이스라엘,관광,2025-09-01,2151.2479930167206,,2142.3391270107777,2146.793560013749
이스라엘,관광,2025-10-01,2981.1510895058605,,2649.974032975053,2815.5625612404565
이스라엘,관광,2025-11-01,1804.8976240068832,,1590.542368503885,1697.719996255384
이스라엘,관광,2025-12-01,1308.2969454615218,,934.1641486252963,1121.230547043409
이스라엘,관광,2026-01-01,1320.9826855806812,,649.6576038175324,985.3201446991068
이스라엘,관광,2026-02-01,1340.974953467068,,345.29718798771944,843.1360707273936
이스라엘,관광,2026-03-01,2385.6754442589777,,137.135985755398,1261.4057150071878
이스라엘,관광,2026-04-01,2906.0833016912043,,-114.82884533066954,1395.6272281802674
이스라엘,관광,2026-05-01,2279.1734163546953,,-91.31259356083694,1093.9304113969292
이스라엘,관광,2026-06-01,1683.960254177891,,-48.01320256486861,817.9735258065112
이스라엘,관광,2026-07-01,1973.0874737129568,,-0.6677549914976453,986.2098593607295
이스라엘,관광,2026-08-01,2043.6630901589745,,47.136707313392776,1045.3998987361836
이스라엘,관광,2026-09-01,2769.170201227715,,86.7306284015898,1427.9504148146525
이스라엘,관광,2026-10-01,3654.2716921757087,,80.93421072236822,1867.6029514490385
이스라엘,관광,2026-11-01,2117.05880804897,,74.91020766025304,1095.9845078546116
이스라엘,관광,2026-12-01,1580.4907856045081,,81.5918680359764,831.0413268202423
이스라엘,관광,2027-01-01,1614.4628111347242,,92.5042649309587,853.4835380328415
이스라엘,관광,2027-02-01,1462.5299951875734,,69.22119490589444,765.8755950467339
이스라엘,관광,2027-03-01,2946.0688924651636,,72.59885367720256,1509.333873071183
이스라엘,기타,2025-04-01,41.51694938897494,,33.056250357767624,37.28659987337129
이스라엘,기타,2025-05-01,34.49610480430058,,34.82432852504493,34.66021666467276
이스라엘,기타,2025-06-01,33.90125364937373,,36.17780930411129,35.03953147674251
이스라엘,기타,2025-07-01,37.33174125179711,,35.834964588232225,36.58335292001467
이스라엘,기타,2025-08-01,41.55585667691484,,35.40535315771286,38.480604917313855
이스라엘,기타,2025-09-01,30.270681995176336,,38.78904916706274,34.52986558111954
이스라엘,기타,2025-10-01,46.65050597664829,,38.2618652662061,42.456185621427196
이스라엘,기타,2025-11-01,34.00812468483131,,34.07038210964531,34.03925339723831
이스라엘,기타,2025-12-01,25.488725212141805,,34.05942591660944,29.77407556437562
이스라엘,기타,2026-01-01,35.27632968531085,,36.98664357437839,36.131486629844616
이스라엘,기타,2026-02-01,22.80224768065845,,30.88472893918217,26.84348830992031
이스라엘,기타,2026-03-01,29.004468415934078,,29.71289332906415,29.358680872499114
이스라엘,기타,2026-04-01,37.37705821553518,,37.546541658126394,37.461799936830786
이스라엘,기타,2026-05-01,36.36932136093773,,41.70618752312643,39.03775444203208
이스라엘,기타,2026-06-01,28.6577983575706,,42.67635396271512,35.667076160142855
이스라엘,기타,2026-07-01,32.74642284660076,,43.59908810318513,38.172755474892945
이스라엘,기타,2026-08-01,35.44999494311822,,42.190456203908255,38.82022557351324
이스라엘,기타,2026-09-01,26.357791087976437,,41.91978677051703,34.13878892924673
이스라엘,기타,2026-10-01,47.168858835957714,,41.61875175821583,44.39380529708677
이스라엘,기타,2026-11-01,30.428487441307514,,36.49903459084172,33.46376101607461
이스라엘,기타,2026-12-01,23.33159377958196,,36.13836502974351,29.734979404662738
이스라엘,기타,2027-01-01,29.68415840230602,,39.55201390504076,34.61808615367339
이스라엘,기타,2027-02-01,19.611821128709675,,34.18654942684417,26.899185277776922
이스라엘,기타,2027-03-01,26.340483681650557,,28.564300287803782,27.45239198472717
이스라엘,상용,2025-04-01,2.4317680631667473,,4.831176346005787,3.631472204586267
이스라엘,상용,2025-05-01,2.043429434075052,,4.901112658914248,3.47227104649465
이스라엘,상용,2025-06-01,2.1849418769725015,,4.990612622389232,3.587777249680867
이스라엘,상용,2025-07-01,1.4671407993708643,,4.934569488680204,3.200855144025534
이스라엘,상용,2025-08-01,0.8881861106079116,,5.617493494300852,3.252839802454382
이스라엘,상용,2025-09-01,0.9031369774032341,,6.087555944958975,3.4953464611811045
이스라엘,상용,2025-10-01,1.0041597091806633,,5.548021455917269,3.276090582548966
이스라엘,상용,2025-11-01,0.6661291662115115,,4.987088989983579,2.8266090780975452
이스라엘,상용,2025-12-01,0.21367638051109075,,4.9693422872833715,2.591509333897231
이스라엘,상용,2026-01-01,-0.07189214631029281,,5.732910133673741,2.830508993681724
이스라엘,상용,2026-02-01,-0.23121814877987137,,5.141701395625968,2.4552416234230483
이스라엘,상용,2026-03-01,-0.6419136994943337,,4.589880036341181,1.9739831684234235
이스라엘,상용,2026-04-01,-0.8847496333141213,,4.6044099263281995,1.859830146507039
이스라엘,상용,2026-05-01,-1.073406929624307,,4.656005672639514,1.7912993715076038
이스라엘,상용,2026-06-01,-1.4540839071957883,,4.7114534443085745,1.628684768556393
이스라엘,상용,2026-07-01,-1.6638355796339024,,4.73419165995485,1.5351780401604738
이스라엘,상용,2026-08-01,-1.573709479660778,,5.388068320188607,1.9071794202639145
이스라엘,상용,2026-09-01,-2.1966664754420515,,5.906201686237969,1.8547676053979587
이스라엘,상용,2026-10-01,-3.3219263791359306,,5.413370008372857,1.045721814618463
이스라엘,상용,2026-11-01,-3.281656605993646,,5.006007839790156,0.8621756168982551
이스라엘,상용,2026-12-01,-3.0283928831689155,,4.963779682214414,0.967693399522749
이스라엘,상용,2027-01-01,-3.9521393930332063,,5.685825595653201,0.8668431013099973
이스라엘,상용,2027-02-01,-2.53168718751233,,5.161178453525379,1.3147456330065244
이스라엘,상용,2027-03-01,-4.182862425443009,,4.795859122225657,0.30649834839132417
이스라엘,유학연수,2025-04-01,3.1639668373274494,,3.104885694403275,3.134426265865362
이스라엘,유학연수,2025-05-01,7.023121481837689,,3.0279970306083817,5.025559256223035
이스라엘,유학연수,2025-06-01,5.636209327532186,,3.6385544380285038,4.637381882780345
이스라엘,유학연수,2025-07-01,4.842553384155189,,4.309043021044408,4.575798202599799
이스라엘,유학연수,2025-08-01,42.41066714902034,,25.845893354228593,34.12828025162447
이스라엘,유학연수,2025-09-01,8.207743461274537,,5.589021483901542,6.89838247258804
이스라엘,유학연수,2025-10-01,6.9179877288235625,,4.3004684251386465,5.609228076981104
이스라엘,유학연수,2025-11-01,7.877842769427589,,6.221852477457105,7.049847623442347
이스라엘,유학연수,2025-12-01,8.018796864487935,,5.8721404368302,6.945468650659068
이스라엘,유학연수,2026-01-01,11.193755415235662,,8.5903501655137,9.89205279037468
이스라엘,유학연수,2026-02-01,23.990534457738203,,9.496749024557083,16.74364174114764
이스라엘,유학연수,2026-03-01,5.372925238919206,,1.8142945808179065,3.5936099098685563
이스라엘,유학연수,2026-04-01,3.9016710429400066,,1.4559676853176562,2.6788193641288314
이스라엘,유학연수,2026-05-01,7.8852581836594045,,1.2890689164410705,4.587163550050238
이스라엘,유학연수,2026-06-01,5.75411615770376,,1.4430113098278805,3.59856373376582
이스라엘,유학연수,2026-07-01,5.493194972809922,,1.7595135306279261,3.626354251718924
이스라엘,유학연수,2026-08-01,50.311053696464164,,18.226141506965835,34.268597601715
이스라엘,유학연수,2026-09-01,9.628265718250777,,3.643601437610433,6.635933577930605
이스라엘,유학연수,2026-10-01,7.848022475857221,,3.544550534554409,5.696286505205815
이스라엘,유학연수,2026-11-01,7.484500201361949,,3.7910721314343183,5.637786166398134
이스라엘,유학연수,2026-12-01,8.707401833619187,,3.072159707574234,5.88978077059671
이스라엘,유학연수,2027-01-01,13.640537085416964,,7.770504782237099,10.705520933827032
이스라엘,유학연수,2027-02-01,28.823035658049495,,5.76674898817522,17.294892323112357
이스라엘,유학연수,2027-03-01,4.791039303691177,,0.8842850261145867,2.8376621649028815
이집트,공용,2025-04-01,-0.2587728530135554,,3.515838427747635,1.6285327873670399
이집트,공용,2025-05-01,1.2158293997058691,,3.854170148423213,2.5349997740645414
이집트,공용,2025-06-01,2.339243511384565,,4.153869138559233,3.246556324971899
이집트,공용,2025-07-01,3.914906456568002,,4.767177516069648,4.3410419863188245
이집트,공용,2025-08-01,13.620414945342489,,3.2718551857966727,8.446135065569582
이집트,공용,2025-09-01,3.7625978634416826,,6.1723225806948125,4.967460222068247
이집트,공용,2025-10-01,2.3589149823026943,,19.256545608128093,10.807730295215393
이집트,공용,2025-11-01,0.6589558608257318,,9.032867144366932,4.845911502596332
이집트,공용,2025-12-01,0.5554713748081301,,3.129158727281658,1.842315051044894
이집트,공용,2026-01-01,0.6359607117199682,,3.055264999272427,1.8456128554961975
이집트,공용,2026-02-01,1.4553291903647787,,2.5009738579531318,1.9781515241589553
이집트,공용,2026-03-01,5.525073399588767,,2.605519508457613,4.065296454023191
이집트,공용,2026-04-01,-0.32524249420670115,,2.9934638600213854,1.3341106829073421
이집트,공용,2026-05-01,1.6115414624741957,,3.070935587242224,2.34123852485821
이집트,공용,2026-06-01,2.9800781342457525,,3.431365529182769,3.2057218317142606
이집트,공용,2026-07-01,4.871157963192406,,3.556062574904981,4.213610269048694
이집트,공용,2026-08-01,16.012285210712854,,1.3061606305622604,8.659222920637557
이집트,공용,2026-09-01,4.275524935726081,,3.2684221157688373,3.7719735257474594
이집트,공용,2026-10-01,3.0026785812303336,,13.30858568022203,8.155632130726183
이집트,공용,2026-11-01,0.9064447486371578,,6.729715662449882,3.81808020554352
이집트,공용,2026-12-01,0.5630402865637315,,4.151425708104772,2.357232997334252
이집트,공용,2027-01-01,0.7935076401651078,,5.804465198047706,3.2989864191064067
이집트,공용,2027-02-01,2.0902427939872625,,5.087965846988446,3.5891043204878543
이집트,공용,2027-03-01,5.864744333512409,,5.316109756849599,5.590427045181004
이집트,관광,2025-04-01,261.18572836563783,,160.15857882688184,210.67215359625982
이집트,관광,2025-05-01,296.20139629252003,,165.2597474268469,230.73057185968347
이집트,관광,2025-06-01,240.3974519813269,,180.4000161589176,210.39873407012226
이집트,관광,2025-07-01,267.37657946858496,,190.76093557170475,229.06875752014486
이집트,관광,2025-08-01,221.39617987631956,,199.75555530466235,210.57586759049096
이집트,관광,2025-09-01,276.76151758012077,,204.3309631512827,240.54624036570175
이집트,관광,2025-10-01,323.90409093633866,,203.38211700320156,263.6431039697701
이집트,관광,2025-11-01,305.77568473253,,184.77412198909803,245.27490336081402
이집트,관광,2025-12-01,236.72769577394044,,139.87591789464562,188.30180683429302
이집트,관광,2026-01-01,189.97264285978756,,92.24986648478111,141.11125467228433
이집트,관광,2026-02-01,231.8350355301983,,94.18282825896577,163.00893189458202
이집트,관광,2026-03-01,314.2609295022256,,117.40484595501826,215.83288772862193
이집트,관광,2026-04-01,336.7773228830012,,116.54876185903234,226.6630423710168
이집트,관광,2026-05-01,350.8662191090113,,121.0186912036135,235.9424551563124
이집트,관광,2026-06-01,306.50403261192133,,126.47089725082479,216.48746493137307
이집트,관광,2026-07-01,296.3721015781988,,133.52891572684027,214.95050865251955
이집트,관광,2026-08-01,284.43521200020746,,128.36484008688694,206.4000260435472
이집트,관광,2026-09-01,345.3960648396295,,120.29735237087125,232.84670860525037
이집트,관광,2026-10-01,393.77131602227774,,133.10524208120134,263.4382790517395
이집트,관광,2026-11-01,359.0432504387041,,128.16665580023016,243.60495311946713
이집트,관광,2026-12-01,288.97123782545344,,97.75502534366572,193.3631315845596
이집트,관광,2027-01-01,224.28922369953756,,58.50350816000838,141.39636592977297
이집트,관광,2027-02-01,262.4347497874374,,67.97004067022058,165.202395228829
이집트,관광,2027-03-01,381.1098042672479,,90.44561400805819,235.77770913765306
이집트,기타,2025-04-01,210.28573724511148,,178.02761398014246,194.15667561262697
이집트,기타,2025-05-01,222.95080677559935,,191.05761478209052,207.00421077884494
이집트,기타,2025-06-01,219.0223457005902,,202.44004281908252,210.73119425983634
이집트,기타,2025-07-01,247.88204983115864,,214.51503613316245,231.19854298216055
이집트,기타,2025-08-01,276.9522828992433,,234.742894177763,255.84758853850315
이집트,기타,2025-09-01,276.54171042683845,,250.35755981218807,263.44963511951323
이집트,기타,2025-10-01,272.1482391758954,,231.67194636547967,251.91009277068753
이집트,기타,2025-11-01,229.37349881649055,,183.64396794445162,206.50873338047109
이집트,기타,2025-12-01,237.75626084804014,,164.59115637083363,201.1737086094369
이집트,기타,2026-01-01,229.70446643584552,,173.46663238543198,201.58554941063875
이집트,기타,2026-02-01,240.75596669759676,,180.51336438870317,210.63466554314996
이집트,기타,2026-03-01,253.77073153929354,,179.8086968542269,216.7897141967602
이집트,기타,2026-04-01,230.60643788511484,,184.77381792330564,207.69012790421024
이집트,기타,2026-05-01,243.06560852812393,,196.4207618724842,219.74318520030408
이집트,기타,2026-06-01,253.0852531580786,,206.83290728775088,229.95908022291474
이집트,기타,2026-07-01,276.15371158835774,,218.69558417340755,247.42464788088265
이집트,기타,2026-08-01,313.9330448808654,,238.50950648754224,276.2212756842038
이집트,기타,2026-09-01,313.1175287164344,,253.06120184639587,283.0893652814151
이집트,기타,2026-10-01,320.07688785340036,,231.52027153856721,275.7985796959838
이집트,기타,2026-11-01,249.0970621394006,,183.1938840856443,216.14547311252244
이집트,기타,2026-12-01,258.901150927658,,164.52062219376106,211.71088656070953
이집트,기타,2027-01-01,253.7383637320527,,173.42259172687426,213.5804777294635
이집트,기타,2027-02-01,268.05651215414537,,180.72537486118125,224.3909435076633
이집트,기타,2027-03-01,301.26885206165633,,180.31257230088283,240.79071218126958
이집트,상용,2025-04-01,122.5974126475416,,39.28304164006823,80.94022714380492
이집트,상용,2025-05-01,138.17854689835616,,45.016134595709204,91.59734074703269
이집트,상용,2025-06-01,139.88549669717068,,37.95012296411771,88.91780983064419
이집트,상용,2025-07-01,122.21945608232214,,36.12977461489446,79.1746153486083
이집트,상용,2025-08-01,104.75382331472059,,28.87539504981374,66.81460918226716
이집트,상용,2025-09-01,156.03963429121998,,55.01564067862017,105.52763748492008
이집트,상용,2025-10-01,213.77556682934716,,64.46339386472712,139.11948034703715
이집트,상용,2025-11-01,200.7416798980839,,57.402974960004556,129.07232742904424
이집트,상용,2025-12-01,134.0121864200818,,48.45297696142757,91.23258169075469
이집트,상용,2026-01-01,159.8232967890181,,39.25203389484807,99.53766534193308
이집트,상용,2026-02-01,144.56457847572983,,46.50527519460755,95.53492683516869
이집트,상용,2026-03-01,163.8491673595643,,54.60987405355845,109.22952070656137
이집트,상용,2026-04-01,145.6993622890613,,54.158309722688145,99.92883600587473
이집트,상용,2026-05-01,165.1856038758528,,53.78847084492587,109.48703736038934
이집트,상용,2026-06-01,172.1608033932125,,52.81360151359685,112.48720245340468
이집트,상용,2026-07-01,141.86481838211128,,51.5347179898586,96.69976818598494
이집트,상용,2026-08-01,123.0170102838693,,52.961291439027185,87.98915086144824
이집트,상용,2026-09-01,192.14268339139775,,56.937674063207155,124.54017872730245
이집트,상용,2026-10-01,253.72635565040844,,71.51166565624911,162.61901065332876
이집트,상용,2026-11-01,236.50717438365137,,72.5287038486263,154.51793911613885
이집트,상용,2026-12-01,163.10367146495486,,54.70333412349789,108.90350279422637
이집트,상용,2027-01-01,180.64751103241878,,60.049550416398304,120.34853072440853
이집트,상용,2027-02-01,167.5553205244744,,64.48119673374259,116.0182586291085
이집트,상용,2027-03-01,199.59436123995954,,73.88965480430811,136.74200802213383
이집트,유학연수,2025-04-01,6.161926561206376,,7.122293129955968,6.642109845581172
이집트,유학연수,2025-05-01,9.181210365542293,,7.865064176659155,8.523137271100724
이집트,유학연수,2025-06-01,9.610966998445923,,9.361149553513455,9.486058275979689
이집트,유학연수,2025-07-01,16.80262954361587,,17.26089992460663,17.03176473411125
이집트,유학연수,2025-08-01,83.0268499577772,,67.23189164461108,75.12937080119414
이집트,유학연수,2025-09-01,29.018664538440408,,35.10595193016318,32.062308234301796
이집트,유학연수,2025-10-01,8.48058391132246,,11.789827796943012,10.135205854132735
이집트,유학연수,2025-11-01,8.987418192211267,,7.321809252175827,8.154613722193547
이집트,유학연수,2025-12-01,12.435065591047152,,9.412781428752336,10.923923509899744
이집트,유학연수,2026-01-01,21.888517979757626,,17.975452510533795,19.93198524514571
이집트,유학연수,2026-02-01,69.56097100396018,,54.13640749382877,61.84868924889447
이집트,유학연수,2026-03-01,32.205942920557256,,29.05405178277232,30.629997351664787
이집트,유학연수,2026-04-01,6.611841272216135,,8.15551604789251,7.383678660054322
이집트,유학연수,2026-05-01,9.299655168481705,,7.175082158041651,8.237368663261677
이집트,유학연수,2026-06-01,12.737248651189084,,8.886447754695451,10.811848202942269
이집트,유학연수,2026-07-01,20.321975708295167,,16.035945521546566,18.178960614920868
이집트,유학연수,2026-08-01,89.6182413752637,,66.41797422774033,78.01810780150201
이집트,유학연수,2026-09-01,34.903044091182274,,36.24963951991132,35.5763418055468
이집트,유학연수,2026-10-01,10.315128611841999,,11.769927615831989,11.042528113836994
이집트,유학연수,2026-11-01,10.927985538069926,,7.0358009761219185,8.981893257095923
이집트,유학연수,2026-12-01,13.270642195469314,,9.142513392428649,11.20657779394898
이집트,유학연수,2027-01-01,23.891596708207192,,17.469088233641195,20.680342470924195
이집트,유학연수,2027-02-01,77.73414453657443,,53.00099565453579,65.36757009555511
이집트,유학연수,2027-03-01,37.64767408459928,,28.652284844130236,33.14997946436476
이탈리아,공용,2025-04-01,10.145567184806994,,12.009481067043232,11.077524125925112
이탈리아,공용,2025-05-01,11.297745291269347,,14.247924400741747,12.772834846005548
이탈리아,공용,2025-06-01,10.288166307539614,,16.343626630074034,13.315896468806823
이탈리아,공용,2025-07-01,10.113926729153869,,17.218537721674387,13.666232225414127
이탈리아,공용,2025-08-01,15.944071120424603,,25.316477374380334,20.63027424740247
이탈리아,공용,2025-09-01,15.600886117893571,,24.814133509337147,20.20750981361536
이탈리아,공용,2025-10-01,12.188988206224835,,14.70454491949835,13.446766562861592
이탈리아,공용,2025-11-01,10.356724656319551,,9.551073285425028,9.95389897087229
이탈리아,공용,2025-12-01,9.34438835229884,,11.207178471681019,10.275783411989929
이탈리아,공용,2026-01-01,15.531092587895689,,25.475477360584577,20.50328497424013
이탈리아,공용,2026-02-01,9.500457307703716,,10.047186662430128,9.773821985066922
이탈리아,공용,2026-03-01,10.875897134947122,,7.79653849952408,9.336217817235601
이탈리아,공용,2026-04-01,12.399755500433672,,10.508527358442155,11.454141429437914
이탈리아,공용,2026-05-01,14.164060594569712,,5.5551400978713055,9.859600346220509
이탈리아,공용,2026-06-01,11.12094552329501,,2.203294735143462,6.662120129219236
이탈리아,공용,2026-07-01,11.320192127072445,,1.6943759975743022,6.507284062323373
이탈리아,공용,2026-08-01,20.000873454730367,,6.542675545181952,13.271774499956159
이탈리아,공용,2026-09-01,16.86360942511972,,9.258814903422648,13.061212164271183
이탈리아,공용,2026-10-01,13.499302262966541,,5.89830599449219,9.698804128729366
이탈리아,공용,2026-11-01,13.842976703195575,,4.4096549497982815,9.126315826496928
이탈리아,공용,2026-12-01,10.184382792413295,,3.9332447753983386,7.058813783905817
이탈리아,공용,2027-01-01,17.952911230816834,,7.005225711266703,12.479068471041769
이탈리아,공용,2027-02-01,10.420936559877894,,4.708317994950541,7.564627277414218
이탈리아,공용,2027-03-01,11.924563594920656,,3.9496683145824747,7.937115954751565
이탈리아,관광,2025-04-01,6361.723435287479,,4494.47065216787,5428.097043727675
이탈리아,관광,2025-05-01,6115.931326301132,,4313.487126944203,5214.709226622667
이탈리아,관광,2025-06-01,5501.934001194558,,3838.627805233369,4670.280903213963
이탈리아,관광,2025-07-01,5895.512927282881,,4062.420897780704,4978.966912531792
이탈리아,관광,2025-08-01,7944.544172505926,,5833.675637454279,6889.109904980103
이탈리아,관광,2025-09-01,6330.991815228011,,6618.725013038976,6474.858414133493
이탈리아,관광,2025-10-01,8065.392905321734,,6257.516248712656,7161.454577017195
이탈리아,관광,2025-11-01,7067.772679191984,,5569.685789197145,6318.729234194565
이탈리아,관광,2025-12-01,4451.445422707553,,4295.237510820388,4373.34146676397
이탈리아,관광,2026-01-01,4026.83845784728,,3089.060920262962,3557.949689055121
이탈리아,관광,2026-02-01,4260.763625217507,,2281.620806305691,3271.192215761599
이탈리아,관광,2026-03-01,7059.893982518009,,2526.3518881016525,4793.122935309831
이탈리아,관광,2026-04-01,7877.643145387934,,2886.528728202664,5382.085936795299
이탈리아,관광,2026-05-01,7707.33594296412,,3427.8277752585955,5567.5818591113575
이탈리아,관광,2026-06-01,6994.124243940982,,3435.4335509362554,5214.7788974386185
이탈리아,관광,2026-07-01,7483.633500091904,,3414.197041002056,5448.9152705469805
이탈리아,관광,2026-08-01,9637.292748757802,,4700.781552383496,7169.037150570649
이탈리아,관광,2026-09-01,7915.434351958467,,6005.573787181287,6960.504069569877
이탈리아,관광,2026-10-01,9858.322020603619,,5996.849419982507,7927.585720293063
이탈리아,관광,2026-11-01,8719.47046266843,,5508.275016281984,7113.872739475208
이탈리아,관광,2026-12-01,5339.040187569195,,4534.037892629264,4936.539040099229
이탈리아,관광,2027-01-01,5155.085025157964,,3714.1685075843925,4434.626766371179
이탈리아,관광,2027-02-01,5024.79558707707,,2923.41188321568,3974.103735146375
이탈리아,관광,2027-03-01,8514.252666675784,,2203.5895761600564,5358.92112141792
이탈리아,기타,2025-04-01,803.866153170792,,801.9456015301472,802.9058773504696
이탈리아,기타,2025-05-01,1117.5065364527388,,1025.4692046006303,1071.4878705266847
이탈리아,기타,2025-06-01,1111.2243862522291,,1124.5140270796096,1117.8692066659194
이탈리아,기타,2025-07-01,1100.2225778893937,,1123.425979438366,1111.8242786638798
이탈리아,기타,2025-08-01,1204.925801553987,,1142.7676631288493,1173.8467323414181
이탈리아,기타,2025-09-01,1194.384949353656,,1039.952916131927,1117.1689327427916
이탈리아,기타,2025-10-01,1022.9983198977898,,826.0411546996924,924.5197372987411
이탈리아,기타,2025-11-01,878.5168467814649,,620.6615592676816,749.5892030245732
이탈리아,기타,2025-12-01,709.0582129340527,,481.76214388146127,595.410178407757
이탈리아,기타,2026-01-01,726.473741568842,,461.8338986703153,594.1538201195787
이탈리아,기타,2026-02-01,743.305868508826,,424.5525446901594,583.9292065994928
이탈리아,기타,2026-03-01,928.4487323623212,,484.07759183521,706.2631620987656
이탈리아,기타,2026-04-01,1048.7906244060468,,580.0168390080867,814.4037317070668
이탈리아,기타,2026-05-01,1279.8239659673122,,666.9361701924636,973.3800680798879
이탈리아,기타,2026-06-01,1394.0331720249046,,675.1461313602142,1034.5896516925595
이탈리아,기타,2026-07-01,1233.2300336933868,,614.223520070111,923.726776881749
이탈리아,기타,2026-08-01,1523.8885689544659,,658.9984841891724,1091.4435265718191
이탈리아,기타,2026-09-01,1406.1499103812432,,667.1244047280982,1036.6371575546707
이탈리아,기타,2026-10-01,1296.3462142870108,,474.82074190007285,885.5834780935418
이탈리아,기타,2026-11-01,1019.9709789840172,,315.51774335656273,667.74436117029
이탈리아,기타,2026-12-01,844.0557427669899,,227.91451959791226,535.985131182451
이탈리아,기타,2027-01-01,817.9840651843177,,230.11501150248165,524.0495383433997
이탈리아,기타,2027-02-01,860.1740546550315,,225.231391612388,542.7027231337097
이탈리아,기타,2027-03-01,1118.4995165834384,,300.0712618810059,709.2853892322222
이탈리아,상용,2025-04-01,45.82755973159456,,67.81839966794584,56.8229796997702
이탈리아,상용,2025-05-01,48.2896811829569,,81.95629619479234,65.12298868887461
이탈리아,상용,2025-06-01,43.0275407022664,,81.10987047547172,62.068705588869065
이탈리아,상용,2025-07-01,41.93457989758356,,75.13751815330582,58.53604902544469
이탈리아,상용,2025-08-01,49.74800897817034,,95.87361336179144,72.8108111699809
이탈리아,상용,2025-09-01,54.278989093459266,,138.47095912493123,96.37497410919525
이탈리아,상용,2025-10-01,47.192370441819556,,101.57660288417947,74.3844866629995
이탈리아,상용,2025-11-01,43.56515208316826,,76.14083299402077,59.85299253859451
이탈리아,상용,2025-12-01,33.1961671260716,,59.728806588349094,46.46248685721035
이탈리아,상용,2026-01-01,79.57127082404116,,180.95958033230025,130.26542557817072
이탈리아,상용,2026-02-01,44.01120326249353,,81.15225888089759,62.58173107169556
이탈리아,상용,2026-03-01,48.090853234218315,,70.83647027881601,59.46366175651716
이탈리아,상용,2026-04-01,49.12509423262385,,70.30565550735712,59.715374869990484
이탈리아,상용,2026-05-01,54.60343731173358,,67.55935592454598,61.08139661813978
이탈리아,상용,2026-06-01,44.58787000528841,,62.002329551791185,53.29509977853979
이탈리아,상용,2026-07-01,47.02566490298461,,59.03250273441479,53.029083818699704
이탈리아,상용,2026-08-01,54.941844769864,,65.72382555572139,60.33283516279269
이탈리아,상용,2026-09-01,60.979544361543894,,73.54165059699002,67.26059747926696
이탈리아,상용,2026-10-01,49.98793484353963,,66.67684265777909,58.33238875065936
이탈리아,상용,2026-11-01,46.675584168495774,,61.151467071739006,53.91352562011739
이탈리아,상용,2026-12-01,34.798104905494796,,49.94244029053589,42.37027259801535
이탈리아,상용,2027-01-01,89.59550344998009,,103.6206998738896,96.60810166193485
이탈리아,상용,2027-02-01,46.882634500102284,,52.05091291451966,49.46677370731097
이탈리아,상용,2027-03-01,52.258341501232024,,55.82181123268722,54.040076366959624
이탈리아,유학연수,2025-04-01,21.42746932524267,,45.574246061238476,33.500857693240576
이탈리아,유학연수,2025-05-01,71.26327652031779,,45.650213935650484,58.456745227984136
이탈리아,유학연수,2025-06-01,66.1079044505684,,44.93557551794104,55.52173998425472
이탈리아,유학연수,2025-07-01,56.262231513134346,,43.841461869678646,50.051846691406496
이탈리아,유학연수,2025-08-01,428.5940400699795,,365.6592131627588,397.12662661636915
이탈리아,유학연수,2025-09-01,58.41273992118905,,30.294106480567336,44.3534232008782
이탈리아,유학연수,2025-10-01,35.27102392020684,,30.173146092442582,32.72208500632471
이탈리아,유학연수,2025-11-01,112.82913296959194,,109.24594153244081,111.03753725101637
이탈리아,유학연수,2025-12-01,99.76093966432587,,115.9967272722524,107.87883346828914
이탈리아,유학연수,2026-01-01,97.53399818973887,,70.9002220891109,84.21711013942488
이탈리아,유학연수,2026-02-01,276.7451643329491,,204.82111637415468,240.78314035355191
이탈리아,유학연수,2026-03-01,58.880624054744295,,46.80500916505874,52.84281660990152
이탈리아,유학연수,2026-04-01,24.832206146225392,,45.78157568932389,35.30689091777464
이탈리아,유학연수,2026-05-01,81.65295621659597,,45.43501548499799,63.54398585079698
이탈리아,유학연수,2026-06-01,79.21148456679926,,44.32582591934015,61.7686552430697
이탈리아,유학연수,2026-07-01,61.91172273416623,,43.074696136227296,52.49320943519676
이탈리아,유학연수,2026-08-01,475.94853153093356,,357.19262324166345,416.5705773862985
이탈리아,유학연수,2026-09-01,70.61866159758657,,27.01545093853312,48.817056268059844
이탈리아,유학연수,2026-10-01,50.376058072429,,31.203350515575696,40.78970429400235
이탈리아,유학연수,2026-11-01,135.92716038190363,,107.59168032586794,121.75942035388579
이탈리아,유학연수,2026-12-01,95.0195395212859,,114.94489075896448,104.98221514012519
이탈리아,유학연수,2027-01-01,109.97932483113489,,65.56588867164075,87.77260675138783
이탈리아,유학연수,2027-02-01,317.5756647839852,,193.94081294330354,255.75823886364435
이탈리아,유학연수,2027-03-01,66.46055577341369,,45.60745025866233,56.034003016038014
인  도,공용,2025-04-01,46.65874291925351,,62.14302397463881,54.40088344694616
인  도,공용,2025-05-01,93.98329828961195,,84.92569704228622,89.45449766594908
인  도,공용,2025-06-01,97.35579625910904,,85.24352089651454,91.29965857781178
인  도,공용,2025-07-01,64.91934649035615,,74.75035047395457,69.83484848215537
인  도,공용,2025-08-01,96.14078383507136,,83.16152440823699,89.65115412165417
인  도,공용,2025-09-01,109.27688158728732,,98.0672092515986,103.67204541944295
인  도,공용,2025-10-01,100.36564467569139,,103.19657818084367,101.78111142826754
인  도,공용,2025-11-01,76.17420691982322,,73.41268548732961,74.79344620357642
인  도,공용,2025-12-01,45.443952920468895,,41.9549937077434,43.69947331410614
인  도,공용,2026-01-01,50.20353194672454,,38.92591961625621,44.564725781490374
인  도,공용,2026-02-01,50.617555260632294,,35.383031402233115,43.0002933314327
인  도,공용,2026-03-01,52.07421847087756,,39.877072320995296,45.975645395936425
인  도,공용,2026-04-01,60.39983165789082,,61.94003292901054,61.169932293450685
인  도,공용,2026-05-01,109.82193929524144,,92.36013567498586,101.09103748511365
인  도,공용,2026-06-01,136.42632206545022,,112.56962423209511,124.49797314877267
인  도,공용,2026-07-01,68.66112912887193,,107.83842513816579,88.24977713351886
인  도,공용,2026-08-01,115.25705720564986,,108.36816184194144,111.81260952379566
인  도,공용,2026-09-01,123.21894720161835,,114.56987320499685,118.8944102033076
인  도,공용,2026-10-01,132.1265811079116,,111.49536550294603,121.8109733054288
인  도,공용,2026-11-01,95.65776762348541,,89.51339027196575,92.58557894772558
인  도,공용,2026-12-01,54.8538539657049,,55.8886534212761,55.3712536934905
인  도,공용,2027-01-01,57.669823223875476,,42.04041213989536,49.85511768188542
인  도,공용,2027-02-01,56.12954484336176,,28.186028331695184,42.15778658752847
인  도,공용,2027-03-01,61.2608684302048,,20.78972311109183,41.02529577064831
인  도,관광,2025-04-01,5679.327207764411,,4710.524925240243,5194.926066502327
인  도,관광,2025-05-01,6658.358284778894,,4529.651226766067,5594.004755772481
인  도,관광,2025-06-01,6308.453086658313,,4124.496679647752,5216.474883153032
인  도,관광,2025-07-01,5363.365029618275,,4063.1568227710104,4713.260926194643
인  도,관광,2025-08-01,5378.436872662969,,4406.511910016126,4892.474391339548
인  도,관광,2025-09-01,6558.15208169165,,5062.457001173978,5810.3045414328135
인  도,관광,2025-10-01,7200.450503530417,,4808.895790928081,6004.673147229249
인  도,관광,2025-11-01,5906.259330233422,,3925.0446648212155,4915.651997527319
인  도,관광,2025-12-01,5395.5830963018825,,3239.331083418586,4317.457089860234
인  도,관광,2026-01-01,4636.720922147581,,2349.9380523039035,3493.3294872257425
인  도,관광,2026-02-01,3855.740158976088,,2134.1638238814503,2994.9519914287694
인  도,관광,2026-03-01,5763.462867680382,,2226.251690345916,3994.8572790131493
인  도,관광,2026-04-01,6992.385454063254,,2240.025222443081,4616.205338253168
인  도,관광,2026-05-01,7987.570140305054,,1946.1052628818297,4966.837701593442
인  도,관광,2026-06-01,7639.897647821018,,1662.0692403141102,4650.983444067564
인  도,관광,2026-07-01,6673.951061597705,,1591.2662257576972,4132.608643677701
인  도,관광,2026-08-01,6652.097053179351,,1569.847074272758,4110.972063726054
인  도,관광,2026-09-01,7678.41727959534,,1678.267539126004,4678.342409360672
인  도,관광,2026-10-01,8559.234889751775,,1606.4939585317718,5082.864424141773
인  도,관광,2026-11-01,7094.996235235685,,1393.2852597849635,4244.140747510324
인  도,관광,2026-12-01,6564.558520178604,,1291.0680819772838,3927.813301077944
인  도,관광,2027-01-01,5462.663729585583,,1206.5571408405285,3334.6104352130556
인  도,관광,2027-02-01,4627.429001663262,,1022.3837676974442,2824.9063846803533
인  도,관광,2027-03-01,6672.010144459579,,1017.873037050711,3844.941590755145
인  도,기타,2025-04-01,8363.401643241212,,10078.569078967681,9220.985361104445
인  도,기타,2025-05-01,10116.692221436439,,11708.434963346073,10912.563592391256
인  도,기타,2025-06-01,10733.652781264587,,13464.971263353269,12099.312022308928
인  도,기타,2025-07-01,10583.356359957495,,14718.679004649046,12651.01768230327
인  도,기타,2025-08-01,13600.36983741632,,15490.126174352888,14545.248005884605
인  도,기타,2025-09-01,11297.697560290686,,14012.991969091727,12655.344764691206
인  도,기타,2025-10-01,10330.446314391556,,11241.093639436163,10785.76997691386
인  도,기타,2025-11-01,7898.537681439703,,8951.020733549129,8424.779207494415
인  도,기타,2025-12-01,7061.871024928515,,7522.46669163747,7292.168858282992
인  도,기타,2026-01-01,7502.196341919583,,7422.366513681983,7462.281427800783
인  도,기타,2026-02-01,7449.119638200672,,7199.6669697344105,7324.393303967541
인  도,기타,2026-03-01,9882.37734510803,,7152.787602108343,8517.582473608187
인  도,기타,2026-04-01,10840.445122636216,,6926.507386648115,8883.476254642166
인  도,기타,2026-05-01,12079.066382431074,,7009.89770222434,9544.482042327707
인  도,기타,2026-06-01,12829.68906228463,,7349.89301561552,10089.791038950076
인  도,기타,2026-07-01,11336.546919535767,,7437.949826696215,9387.248373115992
인  도,기타,2026-08-01,19915.396948464266,,8808.609496270867,14362.003222367566
인  도,기타,2026-09-01,12700.620988144243,,10179.72718682374,11440.174087483992
인  도,기타,2026-10-01,12281.914161396067,,9360.089441244767,10821.001801320417
인  도,기타,2026-11-01,9372.669855935994,,8181.653719209635,8777.161787572815
인  도,기타,2026-12-01,8382.899074284167,,7730.742015042292,8056.820544663229
인  도,기타,2027-01-01,9007.051550182574,,8629.250117652355,8818.150833917465
인  도,기타,2027-02-01,8962.229837341605,,7956.112139285541,8459.170988313574
인  도,기타,2027-03-01,11875.733788053383,,8278.794706005378,10077.26424702938
인  도,상용,2025-04-01,2649.815412451125,,2098.1554483881705,2373.985430419648
인  도,상용,2025-05-01,2810.236569001318,,2227.0696779143022,2518.65312345781
인  도,상용,2025-06-01,2599.511355058832,,2261.6217558834664,2430.5665554711495
인  도,상용,2025-07-01,2584.7965675191103,,2192.08464030326,2388.4406039111855
인  도,상용,2025-08-01,2680.9286783966845,,2292.882651932522,2486.9056651646033
인  도,상용,2025-09-01,2945.3291189491774,,2458.0557869065033,2701.6924529278403
인  도,상용,2025-10-01,3113.0125543477434,,2591.2787144846534,2852.1456344161984
인  도,상용,2025-11-01,3221.564918376456,,2560.17744943848,2890.8711839074676
인  도,상용,2025-12-01,2336.8338315355586,,2149.8273297258547,2243.3305806307067
인  도,상용,2026-01-01,2514.4482741775873,,2209.913744760678,2362.1810094691327
인  도,상용,2026-02-01,2553.780014931328,,2420.7168136934997,2487.248414312414
인  도,상용,2026-03-01,3197.6974346950797,,2765.7688865369555,2981.733160616018
인  도,상용,2026-04-01,3234.822195439858,,2830.560327345901,3032.69126139288
인  도,상용,2026-05-01,3473.5233085633017,,2834.7124550254107,3154.1178817943564
인  도,상용,2026-06-01,3172.1834170522407,,2795.2665725571765,2983.7249948047083
인  도,상용,2026-07-01,3145.0879426423016,,2722.7218855010165,2933.904914071659
인  도,상용,2026-08-01,3295.330694855238,,2833.4092003547894,3064.3699476050137
인  도,상용,2026-09-01,3561.7818181520706,,3003.758435157383,3282.7701266547265
인  도,상용,2026-10-01,3758.550691603183,,3129.8897865170397,3444.2202390601115
인  도,상용,2026-11-01,3892.0051296757797,,3007.3629969342574,3449.6840633050188
인  도,상용,2026-12-01,2769.976167482221,,2396.5279345219615,2583.2520510020913
인  도,상용,2027-01-01,3082.999905174736,,2390.4571741774985,2736.728539676117
인  도,상용,2027-02-01,2938.7654776519857,,2398.9819383904087,2668.873708021197
인  도,상용,2027-03-01,3861.052552188962,,2734.6832115767434,3297.867881882853
인  도,유학연수,2025-04-01,96.81662225511805,,141.54759281515612,119.18210753513708
인  도,유학연수,2025-05-01,122.44570390979355,,100.66895165044524,111.5573277801194
인  도,유학연수,2025-06-01,167.18787266837097,,130.07411365870436,148.63099316353765
인  도,유학연수,2025-07-01,216.74442332429874,,183.92411982700725,200.334271575653
인  도,유학연수,2025-08-01,616.5931941580108,,562.6103306394132,589.601762398712
인  도,유학연수,2025-09-01,291.9821577732742,,312.1127105497336,302.04743416150393
인  도,유학연수,2025-10-01,125.06925318483518,,127.5740377651166,126.3216454749759
인  도,유학연수,2025-11-01,164.0360001941875,,121.71880417612579,142.87740218515665
인  도,유학연수,2025-12-01,150.4072122975656,,214.62818960241162,182.5177009499886
인  도,유학연수,2026-01-01,288.0599514516283,,291.03262457194216,289.54628801178524
인  도,유학연수,2026-02-01,745.6055351315715,,542.3661649828664,643.985850057219
인  도,유학연수,2026-03-01,361.6573662006481,,391.84405831468115,376.75071225766465
인  도,유학연수,2026-04-01,99.6908992126553,,237.85839847940113,168.7746488460282
인  도,유학연수,2026-05-01,144.0192557681913,,149.81109686517513,146.91517631668322
인  도,유학연수,2026-06-01,196.2744921124405,,167.69665101224868,181.9855715623446
인  도,유학연수,2026-07-01,262.00289201818407,,246.73659404987293,254.3697430340285
인  도,유학연수,2026-08-01,745.6895164800197,,637.1056736574051,691.3975950687125
인  도,유학연수,2026-09-01,337.25319515763306,,438.099135206949,387.676165182291
인  도,유학연수,2026-10-01,148.2985615407241,,229.50992569607345,188.90424361839877
인  도,유학연수,2026-11-01,178.8850514946709,,203.42885126187846,191.1569513782747
인  도,유학연수,2026-12-01,165.08795150382366,,305.1200046674045,235.10397808561407
인  도,유학연수,2027-01-01,339.53722843217116,,335.79229856464747,337.66476349840934
인  도,유학연수,2027-02-01,897.8456556444501,,564.3008003366008,731.0732279905254
인  도,유학연수,2027-03-01,411.36319713563637,,543.6814324125644,477.5223147741004
인도네시아,공용,2025-04-01,249.873993605469,,53.035848167014905,151.45492088624195
인도네시아,공용,2025-05-01,434.5673955633227,,76.18722343571507,255.37730949951887
인도네시아,공용,2025-06-01,496.19685550402704,,69.2103157933358,282.70358564868144
인도네시아,공용,2025-07-01,447.70970764745283,,64.6397446789222,256.17472616318753
인도네시아,공용,2025-08-01,398.93078577928367,,59.17912876755238,229.054957273418
인도네시아,공용,2025-09-01,517.5998834465236,,60.473155979590345,289.036519713057
인도네시아,공용,2025-10-01,549.8610387807709,,64.04365020916376,306.9523444949673
인도네시아,공용,2025-11-01,540.9951683079753,,45.16361579965271,293.079392053814
인도네시아,공용,2025-12-01,342.4012663809323,,31.422800902304004,186.91203364161817
인도네시아,공용,2026-01-01,130.55178642728305,,20.094693675928575,75.32324005160581
인도네시아,공용,2026-02-01,160.44721105807895,,17.59836400659576,89.02278753233736
인도네시아,공용,2026-03-01,175.71717635596934,,20.956183272652403,98.33667981431087
인도네시아,공용,2026-04-01,321.14119867549,,28.50773129216948,174.82446498382973
인도네시아,공용,2026-05-01,531.995488303792,,30.58263403442747,281.2890611691097
인도네시아,공용,2026-06-01,602.500456394626,,27.93713184383241,315.2187941192292
인도네시아,공용,2026-07-01,572.2267603271383,,19.285289815338864,295.7560250712386
인도네시아,공용,2026-08-01,489.0017478065625,,8.259498400091523,248.630623103327
인도네시아,공용,2026-09-01,606.429472102354,,11.196541586859489,308.8130068446067
인도네시아,공용,2026-10-01,599.1967029423372,,19.926165896879013,309.5614344196081
인도네시아,공용,2026-11-01,755.7305605471828,,27.13413793827423,391.4323492427285
인도네시아,공용,2026-12-01,430.5326242037849,,18.273543946222638,224.40308407500376
인도네시아,공용,2027-01-01,117.05174521833986,,8.556022263030904,62.80388374068538
인도네시아,공용,2027-02-01,158.66832090531102,,11.379226798028043,85.02377385166953
인도네시아,공용,2027-03-01,225.7356212665787,,23.318217368055095,124.5269193173169
인도네시아,관광,2025-04-01,26715.098674704786,,17397.30381011242,22056.201242408602
인도네시아,관광,2025-05-01,19781.882292845352,,15087.548112140634,17434.715202492993
인도네시아,관광,2025-06-01,20709.698409802517,,12488.558923483646,16599.128666643082
인도네시아,관광,2025-07-01,15943.842257455766,,10105.51961245022,13024.680934952994
인도네시아,관광,2025-08-01,13320.286717650912,,7433.765804267017,10377.026260958964
인도네시아,관광,2025-09-01,16230.408043479118,,9614.041992460478,12922.225017969799
인도네시아,관광,2025-10-01,24948.273893871676,,17964.98686163874,21456.63037775521
인도네시아,관광,2025-11-01,23482.858857033614,,17594.531847491948,20538.69535226278
인도네시아,관광,2025-12-01,34197.09212400834,,20507.509761784742,27352.30094289654
인도네시아,관광,2026-01-01,20906.217172353958,,12201.976143984784,16554.096658169372
인도네시아,관광,2026-02-01,18315.615675994148,,6834.794209395663,12575.204942694905
인도네시아,관광,2026-03-01,24858.117330492132,,2303.582266547889,13580.84979852001
인도네시아,관광,2026-04-01,32876.15160448509,,-1266.8792160109533,15804.636194237068
인도네시아,관광,2026-05-01,23319.644901240154,,-1465.5316507378393,10927.056625251156
인도네시아,관광,2026-06-01,26951.19988525586,,-965.5591622524025,12992.82036150173
인도네시아,관광,2026-07-01,19522.02869400986,,-687.9015885384197,9417.063552735719
인도네시아,관광,2026-08-01,16217.35082227392,,-438.86794904870476,7889.241436612608
인도네시아,관광,2026-09-01,19657.2222704447,,-226.64662054578457,9715.287824949459
인도네시아,관광,2026-10-01,30403.647044972233,,-324.9605652692917,15039.34323985147
인도네시아,관광,2026-11-01,28990.7590177119,,-222.6787060647739,14384.040155823563
인도네시아,관광,2026-12-01,41449.516161241496,,170.60551914744428,20810.06084019447
인도네시아,관광,2027-01-01,24370.00983164659,,383.843976978771,12376.92690431268
인도네시아,관광,2027-02-01,21605.416688208552,,349.1380811632207,10977.277384685887
인도네시아,관광,2027-03-01,31149.995219148383,,364.82518492535746,15757.41020203687
인도네시아,기타,2025-04-01,15231.824382524463,,11633.192822361976,13432.50860244322
인도네시아,기타,2025-05-01,16016.366352191299,,10788.762208218799,13402.56428020505
인도네시아,기타,2025-06-01,16217.947582196335,,9756.573347784146,12987.26046499024
인도네시아,기타,2025-07-01,15451.103939098863,,9223.479745220771,12337.291842159817
인도네시아,기타,2025-08-01,17465.797132846652,,10038.306858123384,13752.051995485017
인도네시아,기타,2025-09-01,16144.564810559168,,9623.395890630743,12883.980350594957
인도네시아,기타,2025-10-01,16397.451591301935,,8296.192453771073,12346.822022536504
인도네시아,기타,2025-11-01,13069.16922691067,,6537.514176228703,9803.341701569687
인도네시아,기타,2025-12-01,12466.562436928958,,5758.9748126013155,9112.768624765136
인도네시아,기타,2026-01-01,12414.671807143797,,5325.741735948449,8870.206771546123
인도네시아,기타,2026-02-01,12166.744146622983,,5393.680064646474,8780.212105634728
인도네시아,기타,2026-03-01,14416.998308650755,,7194.4561136937855,10805.72721117227
인도네시아,기타,2026-04-01,18865.54462699565,,9441.284096248379,14153.414361622014
인도네시아,기타,2026-05-01,19631.407769699676,,10049.225463891831,14840.316616795753
인도네시아,기타,2026-06-01,20502.65038726034,,9536.483330712075,15019.566858986207
인도네시아,기타,2026-07-01,18367.357895188805,,8799.227909308738,13583.292902248771
인도네시아,기타,2026-08-01,21556.30619063328,,9424.719433399987,15490.512812016634
인도네시아,기타,2026-09-01,18748.726140144183,,8980.039926075215,13864.383033109698
인도네시아,기타,2026-10-01,20441.97047834959,,7882.832177829585,14162.401328089589
인도네시아,기타,2026-11-01,15643.250933484584,,6356.973209684978,11000.112071584781
인도네시아,기타,2026-12-01,15188.358371243903,,5793.656076028808,10491.007223636356
인도네시아,기타,2027-01-01,14822.451655236107,,5350.039300759126,10086.245477997616
인도네시아,기타,2027-02-01,14416.293241903973,,5177.715790272188,9797.00451608808
인도네시아,기타,2027-03-01,16656.89367218189,,6985.750304684674,11821.321988433283
인도네시아,상용,2025-04-01,285.1323997935153,,281.1062474376954,283.11932361560537
인도네시아,상용,2025-05-01,316.32476876505376,,271.4274747065328,293.8761217357933
인도네시아,상용,2025-06-01,287.74880436452594,,248.46316039017793,268.10598237735195
인도네시아,상용,2025-07-01,259.7588527133134,,219.11865468417918,239.43875369874627
인도네시아,상용,2025-08-01,235.01892524600459,,218.4131780485002,226.7160516472524
인도네시아,상용,2025-09-01,302.78323047911505,,250.7874947562795,276.7853626176973
인도네시아,상용,2025-10-01,365.90832405210483,,294.7578773084848,330.3331006802948
인도네시아,상용,2025-11-01,365.22089348702565,,290.0818207922758,327.6513571396507
인도네시아,상용,2025-12-01,242.8378231118557,,222.5016773877386,232.66975024979715
인도네시아,상용,2026-01-01,220.59311185200963,,202.3084786112198,211.45079523161473
인도네시아,상용,2026-02-01,255.87235218737507,,225.339880833383,240.60611651037902
인도네시아,상용,2026-03-01,351.62761457336063,,293.6465568470453,322.637085710203
인도네시아,상용,2026-04-01,352.41211933510897,,311.2120061819573,331.8120627585331
인도네시아,상용,2026-05-01,396.59930545650155,,308.06579079037084,352.3325481234362
인도네시아,상용,2026-06-01,349.51395789708783,,291.74812384854215,320.631040872815
인도네시아,상용,2026-07-01,340.61002985001966,,262.5990884635656,301.6045591567926
인도네시아,상용,2026-08-01,294.2032896763385,,265.75132237925953,279.97730602779905
인도네시아,상용,2026-09-01,375.66472398808884,,308.8021479184613,342.23343595327503
인도네시아,상용,2026-10-01,451.56490986961325,,372.44865941938224,412.00678464449777
인도네시아,상용,2026-11-01,449.9540466828963,,373.43452833095597,411.6942875069261
인도네시아,상용,2026-12-01,291.79607921140547,,256.76368584422886,274.27988252781716
인도네시아,상용,2027-01-01,263.5402956211535,,236.7151527189938,250.12772417007366
인도네시아,상용,2027-02-01,314.5807291478583,,268.33808521212706,291.4594071799927
인도네시아,상용,2027-03-01,438.6266025650973,,343.52983641124337,391.07821948817036
인도네시아,유학연수,2025-04-01,127.92913570464015,,105.40749228765209,116.66831399614611
인도네시아,유학연수,2025-05-01,161.12833825936102,,90.02120334150537,125.57477080043319
인도네시아,유학연수,2025-06-01,243.74071073752702,,157.74671799820976,200.7437143678684
인도네시아,유학연수,2025-07-01,371.2144165870658,,285.7441634606776,328.4792900238717
인도네시아,유학연수,2025-08-01,1667.3782641016628,,1450.1526671621382,1558.7654656319005
인도네시아,유학연수,2025-09-01,446.51620747919657,,383.4104092507209,414.9633083649587
인도네시아,유학연수,2025-10-01,166.90278737718782,,158.27960817035517,162.5911977737715
인도네시아,유학연수,2025-11-01,199.79125686446685,,138.31193492426507,169.05159589436596
인도네시아,유학연수,2025-12-01,235.7438438304328,,145.79742778027182,190.7706358053523
인도네시아,유학연수,2026-01-01,341.50805042016566,,281.62878589537445,311.56841815777005
인도네시아,유학연수,2026-02-01,1448.1610907533086,,947.3244328756545,1197.7427618144816
인도네시아,유학연수,2026-03-01,452.91428955039817,,463.4864000275171,458.20034478895764
인도네시아,유학연수,2026-04-01,123.1509575580042,,115.10980980011888,119.13038367906154
인도네시아,유학연수,2026-05-01,184.65997296517656,,91.67780169069118,138.16888732793387
인도네시아,유학연수,2026-06-01,292.37745629666034,,156.02397468990065,224.20071549328048
인도네시아,유학연수,2026-07-01,439.7641449279075,,303.03939295074554,371.40176893932653
인도네시아,유학연수,2026-08-01,1986.509124662381,,1470.411360257794,1728.4602424600876
인도네시아,유학연수,2026-09-01,526.8350067645758,,425.1209133666541,475.977960065615
인도네시아,유학연수,2026-10-01,176.3955101676634,,164.8702834416009,170.63289680463214
인도네시아,유학연수,2026-11-01,218.90024050437532,,140.2525566320131,179.5763985681942
인도네시아,유학연수,2026-12-01,246.37551944577686,,157.30934144066475,201.8424304432208
인도네시아,유학연수,2027-01-01,425.37363873646075,,293.08728763264503,359.2304631845529
인도네시아,유학연수,2027-02-01,1719.8604523648812,,967.9872585666711,1343.9238554657761
인도네시아,유학연수,2027-03-01,507.1538523571168,,473.4767826737641,490.3153175154405
일  본,공용,2025-04-01,220.60624985907526,,164.33136841147777,192.4688091352765
일  본,공용,2025-05-01,200.6851668467534,,159.1698678786538,179.9275173627036
일  본,공용,2025-06-01,257.3482257840665,,155.91369670495203,206.63096124450928
일  본,공용,2025-07-01,227.25139788112787,,160.76214097270955,194.0067694269187
일  본,공용,2025-08-01,285.3061655555333,,173.94530742272613,229.62573648912974
일  본,공용,2025-09-01,344.75164268709636,,200.41403486550138,272.5828387762989
일  본,공용,2025-10-01,574.9710696333061,,399.53703791661803,487.2540537749621
일  본,공용,2025-11-01,631.3043737566046,,265.2191119937895,448.26174287519706
일  본,공용,2025-12-01,246.1988966717388,,167.67931571792343,206.9391061948311
일  본,공용,2026-01-01,261.6833613186406,,138.41741979132487,200.05039055498276
일  본,공용,2026-02-01,224.1338876463966,,126.05489917342544,175.09439340991102
일  본,공용,2026-03-01,331.1606361940415,,127.54907701861825,229.35485660632986
일  본,공용,2026-04-01,290.1074199187306,,110.5955261937377,200.35147305623417
일  본,공용,2026-05-01,262.2926823477139,,98.1327257413772,180.21270404454555
일  본,공용,2026-06-01,309.11856124009347,,90.65191025862978,199.88523574936164
일  본,공용,2026-07-01,290.10962871711496,,92.7681955603589,191.43891213873692
일  본,공용,2026-08-01,348.05675132000476,,108.6834797855643,228.37011555278454
일  본,공용,2026-09-01,422.5038955118677,,139.74195463488863,281.12292507337816
일  본,공용,2026-10-01,732.9678093006219,,332.40729102926355,532.6875501649426
일  본,공용,2026-11-01,792.8885947588727,,146.01868611555605,469.4536404372144
일  본,공용,2026-12-01,290.0131129899243,,98.21493088832892,194.11402193912662
일  본,공용,2027-01-01,313.0359129347318,,94.03717058131173,203.53654175802177
일  본,공용,2027-02-01,264.29453183211314,,88.46408823739515,176.37931003475416
일  본,공용,2027-03-01,409.01799065327845,,91.37350609706704,250.19574837517274
일  본,관광,2025-04-01,301755.8327116134,,261495.17806558986,281625.5053886016
일  본,관광,2025-05-01,318920.2995323496,,255318.80351118068,287119.5515217652
일  본,관광,2025-06-01,314265.96480817586,,265310.5503196168,289788.25756389636
일  본,관광,2025-07-01,321994.7492316768,,280145.21077833255,301069.9800050047
일  본,관광,2025-08-01,396547.52683276916,,301257.4044192939,348902.4656260315
일  본,관광,2025-09-01,387387.9716051624,,286295.39455616765,336841.68308066507
일  본,관광,2025-10-01,400145.6722705034,,264947.06517045386,332546.3687204786
일  본,관광,2025-11-01,402117.9783511478,,251232.72432340792,326675.35133727785
일  본,관광,2025-12-01,365758.4857404334,,192340.56837400846,279049.5270572209
일  본,관광,2026-01-01,305124.64393620193,,141595.41962407745,223360.0317801397
일  본,관광,2026-02-01,350100.03957372095,,109405.01515701516,229752.52736536806
일  본,관광,2026-03-01,493085.04042851244,,90212.50843605734,291648.7744322849
일  본,관광,2026-04-01,382954.4218768698,,9635.844857760705,196295.13336731525
일  본,관광,2026-05-01,406167.2615672281,,-15003.489977322315,195581.88579495292
일  본,관광,2026-06-01,400069.16900404677,,-22798.407877817488,188635.38056311465
일  본,관광,2026-07-01,406601.4581470465,,-23527.65747869888,191536.9003341738
일  본,관광,2026-08-01,502677.77045611857,,-20259.75249569473,241209.00898021192
일  본,관광,2026-09-01,477777.46640847245,,-18296.371875772165,229740.54726635013
일  본,관광,2026-10-01,498209.4338221006,,-23516.950057391543,237346.24188235452
일  본,관광,2026-11-01,502087.7655004933,,-25411.167096512945,238338.2992019902
일  본,관광,2026-12-01,453092.278631299,,-24458.100586086162,214317.0890226064
일  본,관광,2027-01-01,371930.9865872575,,-22633.85283471577,174648.56687627087
일  본,관광,2027-02-01,424936.17455874133,,-23752.38610926649,200591.89422473742
일  본,관광,2027-03-01,603179.9190232841,,-21724.06126862229,290727.9288773309
일  본,기타,2025-04-01,3709.987955760573,,3794.2547877781826,3752.121371769378
일  본,기타,2025-05-01,5143.924932030932,,3874.2500583162296,4509.0874951735805
일  본,기타,2025-06-01,3405.0500540197486,,3910.1813152178174,3657.6156846187832
일  본,기타,2025-07-01,3684.206905639094,,3914.5794097896705,3799.393157714382
일  본,기타,2025-08-01,5128.553385431414,,4440.584290648354,4784.568838039884
일  본,기타,2025-09-01,4276.892226912454,,4925.368659667617,4601.130443290036
일  본,기타,2025-10-01,4626.416335750219,,4550.366218497065,4588.391277123643
일  본,기타,2025-11-01,3514.694034883654,,3927.512392150998,3721.103213517326
일  본,기타,2025-12-01,3308.4204221569166,,3854.882720090371,3581.651571123644
일  본,기타,2026-01-01,4189.8002134242915,,4110.46603271612,4150.133123070205
일  본,기타,2026-02-01,3640.6116626652497,,3860.794248333302,3750.702955499276
일  본,기타,2026-03-01,3845.3388832829137,,3762.59972934473,3803.969306313822
일  본,기타,2026-04-01,4666.181618093286,,3744.48811523033,4205.334866661808
일  본,기타,2026-05-01,6240.826948222452,,4002.459269272341,5121.643108747397
일  본,기타,2026-06-01,4221.230768873219,,3828.4955055458377,4024.8631372095283
일  본,기타,2026-07-01,4469.584738610603,,3947.2429310124244,4208.413834811514
일  본,기타,2026-08-01,6146.201789778746,,4713.557845992935,5429.879817885841
일  본,기타,2026-09-01,5306.023011064001,,5156.744135358755,5231.3835732113785
일  본,기타,2026-10-01,5424.48146102763,,4668.472276896488,5046.47686896206
일  본,기타,2026-11-01,4373.3317107772555,,3949.8191542182735,4161.575432497764
일  본,기타,2026-12-01,3872.5102132373813,,3830.6021663537144,3851.5561897955477
일  본,기타,2027-01-01,5051.933652480123,,4193.157241587878,4622.545447034001
일  본,기타,2027-02-01,4321.0229176988,,3865.4583197263796,4093.24061871259
일  본,기타,2027-03-01,4434.6861539932,,3984.605146619974,4209.645650306587
일  본,상용,2025-04-01,1377.5389585041128,,1398.5944668347133,1388.066712669413
일  본,상용,2025-05-01,1783.188013689007,,1612.0701506648415,1697.6290821769244
일  본,상용,2025-06-01,1477.942898422063,,1627.3621608833735,1552.6525296527184
일  본,상용,2025-07-01,1453.4762000110236,,1541.4542708232566,1497.46523541714
일  본,상용,2025-08-01,1727.4198404501533,,1565.9253102895473,1646.6725753698502
일  본,상용,2025-09-01,1681.3888491937623,,1616.5175153218863,1648.9531822578242
일  본,상용,2025-10-01,1703.1188218689663,,1552.8250259106496,1627.9719238898078
일  본,상용,2025-11-01,1636.0417908309564,,1404.3720884758468,1520.2069396534016
일  본,상용,2025-12-01,1507.9859858429631,,1352.4933337080054,1430.2396597754841
일  본,상용,2026-01-01,2125.0856012893537,,1895.8041210991366,2010.4448611942453
일  본,상용,2026-02-01,1837.0600483484661,,1690.4925596129292,1763.7763039806978
일  본,상용,2026-03-01,1762.6667879031982,,1446.3046807969902,1604.4857343500942
일  본,상용,2026-04-01,1587.8522019420823,,1550.2895238002325,1569.0708628711573
일  본,상용,2026-05-01,2082.032396415588,,1736.0653807385452,1909.0488885770667
일  본,상용,2026-06-01,1717.8620217553434,,1687.3088643016833,1702.5854430285135
일  본,상용,2026-07-01,1699.039618566966,,1569.0201587024924,1634.029888634729
일  본,상용,2026-08-01,2044.6236015272457,,1708.5965253596328,1876.6100634434392
일  본,상용,2026-09-01,2006.4308648099725,,1815.0559427208764,1910.7434037654243
일  본,상용,2026-10-01,1913.76039385459,,1732.9739738911428,1823.3671838728665
일  본,상용,2026-11-01,1859.5924489181846,,1517.8521537688248,1688.7223013435046
일  본,상용,2026-12-01,1721.0542910100028,,1480.0338991804633,1600.544095095233
일  본,상용,2027-01-01,2501.74659856277,,2079.2444828571383,2290.495540709954
일  본,상용,2027-02-01,2116.6857661328163,,1805.4158482683567,1961.0508072005864
일  본,상용,2027-03-01,2015.4119668260769,,1559.0021987337548,1787.2070827799157
일  본,유학연수,2025-04-01,487.8413081637097,,403.48157711463244,445.66144263917107
일  본,유학연수,2025-05-01,1049.1911244083915,,669.7946470226798,859.4928857155356
일  본,유학연수,2025-06-01,1072.0419964551415,,857.6996803296721,964.8708383924068
일  본,유학연수,2025-07-01,935.2421802013,,1010.5342368316974,972.8882085164987
일  본,유학연수,2025-08-01,3971.994757904861,,3203.661477177974,3587.8281175414177
일  본,유학연수,2025-09-01,1567.9619947004194,,1348.9444302171032,1458.4532124587613
일  본,유학연수,2025-10-01,701.8075855999352,,570.8978117098366,636.3526986548859
일  본,유학연수,2025-11-01,960.6599845942451,,692.9450317938691,826.802508194057
일  본,유학연수,2025-12-01,942.302474360358,,788.5157093840697,865.4090918722138
일  본,유학연수,2026-01-01,1596.768179603215,,1156.3964133501606,1376.5822964766878
일  본,유학연수,2026-02-01,3691.4718022157563,,2375.916297576811,3033.6940498962836
일  본,유학연수,2026-03-01,1671.8244868732588,,1211.8112978187705,1441.8178923460146
일  본,유학연수,2026-04-01,523.1566495360037,,350.58968594392394,436.87316773996383
일  본,유학연수,2026-05-01,1159.557419701822,,571.9566646535794,865.7570421777007
일  본,유학연수,2026-06-01,1259.3934392874023,,707.572905999949,983.4831726436756
일  본,유학연수,2026-07-01,1057.618647432116,,776.6686465715675,917.1436470018417
일  본,유학연수,2026-08-01,4702.925170872722,,3011.769414154647,3857.347292513685
일  본,유학연수,2026-09-01,1813.1633731344775,,1155.6566386610016,1484.4100058977397
일  본,유학연수,2026-10-01,738.6080737731978,,502.10564748990885,620.3568606315533
일  본,유학연수,2026-11-01,1038.6510118713234,,601.1537313973839,819.9023716343536
일  본,유학연수,2026-12-01,1081.9326670467535,,650.7586596709673,866.3456633588604
일  본,유학연수,2027-01-01,1834.9697603728948,,943.0097169483156,1388.9897386606053
일  본,유학연수,2027-02-01,4293.337890553071,,2092.455498139134,3192.8966943461023
일  본,유학연수,2027-03-01,1893.913768778471,,1242.8034274212312,1568.358598099851
중  국,공용,2025-04-01,395.39654608172253,,329.80019909857174,362.59837259014716
중  국,공용,2025-05-01,503.57663586889623,,460.9529819211186,482.2648088950074
중  국,공용,2025-06-01,533.2237455845743,,447.32548520661817,490.27461539559624
중  국,공용,2025-07-01,430.9473773599356,,356.0098380603465,393.4786077101411
중  국,공용,2025-08-01,354.5278736720974,,314.48013250089633,334.5040030864969
중  국,공용,2025-09-01,530.1713561256267,,408.3414504847103,469.25640330516853
중  국,공용,2025-10-01,725.8670549827259,,457.0119971971209,591.4395260899234
중  국,공용,2025-11-01,658.3444739804007,,381.34126523980456,519.8428696101026
중  국,공용,2025-12-01,423.71984278169447,,269.7777157825121,346.74877928210327
중  국,공용,2026-01-01,167.84840526087265,,109.68590925000775,138.7671572554402
중  국,공용,2026-02-01,200.67225555681384,,91.37225085037412,146.02225320359398
중  국,공용,2026-03-01,385.8938435949548,,106.08339503382051,245.98861931438765
중  국,공용,2026-04-01,520.9520907532348,,116.70310181518118,318.82759628420797
중  국,공용,2026-05-01,669.4184794442959,,133.76786044937586,401.5931699468359
중  국,공용,2026-06-01,624.9784547531987,,177.5192727951228,401.2488637741607
중  국,공용,2026-07-01,521.416876850428,,191.2662632865055,356.34157006846675
중  국,공용,2026-08-01,464.4974664256542,,214.8658823868604,339.6816744062573
중  국,공용,2026-09-01,693.7893393355996,,292.850510420121,493.31992487786033
중  국,공용,2026-10-01,906.653725560865,,377.0628714560377,641.8582985084514
중  국,공용,2026-11-01,820.0386512587502,,332.6709712531181,576.3548112559341
중  국,공용,2026-12-01,533.2600504408426,,188.47887040286352,360.8694604218531
중  국,공용,2027-01-01,178.04668134805178,,107.96169305165738,143.00418719985458
중  국,공용,2027-02-01,203.08397288197799,,142.6993189574441,172.89164591971104
중  국,공용,2027-03-01,517.5843835713396,,223.36724025313532,370.4758119122374
중  국,관광,2025-04-01,362968.5699452862,,366209.52465869347,364589.04730198986
중  국,관광,2025-05-01,354632.529164706,,385331.3174571865,369981.92331094627
중  국,관광,2025-06-01,354111.08100036025,,400863.8820390097,377487.481519685
중  국,관광,2025-07-01,422997.29692717094,,426590.3887078423,424793.84281750664
중  국,관광,2025-08-01,427096.65521042334,,469167.4349150856,448132.0450627545
중  국,관광,2025-09-01,378582.14103212184,,465026.64825173357,421804.3946419277
중  국,관광,2025-10-01,403876.7261835362,,419223.047936719,411549.88706012757
중  국,관광,2025-11-01,342753.7341964083,,377384.7200288921,360069.2271126502
중  국,관광,2025-12-01,366397.46830300166,,391513.8518394453,378955.6600712235
중  국,관광,2026-01-01,399352.92247690685,,402911.35675147653,401132.1396141917
중  국,관광,2026-02-01,381392.3113588254,,364182.19022841146,372787.25079361844
중  국,관광,2026-03-01,398465.1303934899,,334909.05651061714,366687.0934520535
중  국,관광,2026-04-01,493015.29554224806,,348639.37454101536,420827.3350416317
중  국,관광,2026-05-01,485949.9147992175,,340789.7527843401,413369.8337917788
중  국,관광,2026-06-01,435479.13526414044,,334725.0582138073,385102.09673897387
중  국,관광,2026-07-01,496151.7618444203,,352834.9295721479,424493.34570828406
중  국,관광,2026-08-01,543015.4354290217,,424828.45465569524,483921.9450423585
중  국,관광,2026-09-01,488575.8915392166,,437556.34655868355,463066.1190489501
중  국,관광,2026-10-01,526835.1104072412,,409970.9088761458,468403.00964169344
중  국,관광,2026-11-01,440118.0812826374,,384593.7488144699,412355.9150485536
중  국,관광,2026-12-01,454936.26766692335,,409339.0873598688,432137.6775133961
중  국,관광,2027-01-01,479454.24651205883,,440870.80682410917,460162.52666808397
중  국,관광,2027-02-01,431933.42011323676,,434555.4658030885,433244.44295816263
중  국,관광,2027-03-01,500180.3273651564,,441796.40820705425,470988.3677861053
중  국,기타,2025-04-01,53101.53876680796,,46913.21362364577,50007.37619522687
중  국,기타,2025-05-01,53251.77999793274,,45875.84944427612,49563.81472110443
중  국,기타,2025-06-01,57917.56105512522,,50725.65582541476,54321.60844026999
중  국,기타,2025-07-01,65384.464323901855,,58878.88800168199,62131.67616279192
중  국,기타,2025-08-01,74310.94512169325,,68895.7699320346,71603.35752686393
중  국,기타,2025-09-01,71913.68238327051,,70219.43934638107,71066.56086482579
중  국,기타,2025-10-01,67121.96212665045,,59547.124226018175,63334.543176334315
중  국,기타,2025-11-01,51383.680433221096,,50436.603639474604,50910.142036347854
중  국,기타,2025-12-01,50984.337332960466,,47784.147265242216,49384.242299101345
중  국,기타,2026-01-01,53571.431841256184,,54393.94776657363,53982.68980391491
중  국,기타,2026-02-01,69285.98067350127,,63983.035211829934,66634.5079426656
중  국,기타,2026-03-01,72887.29058034785,,66402.62424182708,69644.95741108747
중  국,기타,2026-04-01,67580.00678299705,,61770.31286487986,64675.159823938455
중  국,기타,2026-05-01,66810.13882970424,,65609.36600999875,66209.75241985149
중  국,기타,2026-06-01,71880.8084661095,,77272.97891063437,74576.89368837193
중  국,기타,2026-07-01,77234.84356785113,,94722.36938284361,85978.60647534736
중  국,기타,2026-08-01,90378.44403400937,,111393.18780195748,100885.81591798342
중  국,기타,2026-09-01,88172.53103111946,,102383.97007165768,95278.25055138857
중  국,기타,2026-10-01,83145.47983524618,,77875.40737084665,80510.44360304641
중  국,기타,2026-11-01,64632.97720688878,,58820.248092204594,61726.61264954669
중  국,기타,2026-12-01,61100.75190434035,,55109.18420660664,58104.968055473495
중  국,기타,2027-01-01,62824.67437637676,,61106.187529692324,61965.43095303454
중  국,기타,2027-02-01,79283.15910125061,,74153.23243018078,76718.1957657157
중  국,기타,2027-03-01,89199.51658392888,,79986.15568742211,84592.83613567549
중  국,상용,2025-04-01,4004.033918151285,,4620.533912212901,4312.283915182093
중  국,상용,2025-05-01,4243.248418117141,,4886.809227909077,4565.028823013109
중  국,상용,2025-06-01,4503.44425487888,,4895.366339989768,4699.405297434324
중  국,상용,2025-07-01,5238.856713948926,,4699.113709790265,4968.985211869595
중  국,상용,2025-08-01,4667.586294522915,,4425.733817204924,4546.660055863919
중  국,상용,2025-09-01,5071.275107099842,,4753.197728910598,4912.23641800522
중  국,상용,2025-10-01,4976.669685970561,,5058.447505350201,5017.558595660381
중  국,상용,2025-11-01,5066.929626934429,,5329.832309306176,5198.380968120302
중  국,상용,2025-12-01,4868.678257072984,,5230.177601865702,5049.427929469342
중  국,상용,2026-01-01,4001.219516155286,,4554.7984478016715,4278.008981978479
중  국,상용,2026-02-01,3564.2229046784314,,4682.890465090687,4123.556684884559
중  국,상용,2026-03-01,4951.961733676755,,5407.718295202313,5179.840014439535
중  국,상용,2026-04-01,5068.576922765122,,6292.043192393178,5680.31005757915
중  국,상용,2026-05-01,5344.127240511863,,7231.70226948735,6287.914754999607
중  국,상용,2026-06-01,5658.705220892818,,8026.667368915703,6842.686294904261
중  국,상용,2026-07-01,6544.379052464099,,8527.303575081622,7535.84131377286
중  국,상용,2026-08-01,5764.496968625871,,7710.472576388242,6737.484772507056
중  국,상용,2026-09-01,6224.782712223391,,7388.923090026525,6806.8529011249575
중  국,상용,2026-10-01,6069.996780368483,,6706.912573148088,6388.454676758285
중  국,상용,2026-11-01,6181.9604070255855,,5995.10270014353,6088.5315535845575
중  국,상용,2026-12-01,5877.245191754655,,5505.299016497524,5691.272104126089
중  국,상용,2027-01-01,5134.889679630783,,4479.285316097532,4807.087497864157
중  국,상용,2027-02-01,4231.1256832548115,,3854.9777858262273,4043.0517345405196
중  국,상용,2027-03-01,5752.066746117831,,3812.3193127508866,4782.193029434358
중  국,유학연수,2025-04-01,9182.551491145674,,15757.63165441005,12470.091572777863
중  국,유학연수,2025-05-01,14750.860528975665,,15740.970951364523,15245.915740170094
중  국,유학연수,2025-06-01,13891.63394785543,,15947.896465966798,14919.765206911114
중  국,유학연수,2025-07-01,11522.076954808928,,16279.921440831007,13900.999197819969
중  국,유학연수,2025-08-01,56627.82340903803,,44907.21647790741,50767.51994347272
중  국,유학연수,2025-09-01,30930.23751668925,,35904.62025142419,33417.42888405672
중  국,유학연수,2025-10-01,14358.426169861794,,18520.42031661355,16439.42324323767
중  국,유학연수,2025-11-01,12779.71385964613,,15111.8309236064,13945.772391626266
중  국,유학연수,2025-12-01,14656.923213622244,,14385.433719699178,14521.178466660711
중  국,유학연수,2026-01-01,9786.133709223004,,15617.305388981997,12701.719549102501
중  국,유학연수,2026-02-01,62139.26313508801,,29751.882868645822,45945.57300186691
중  국,유학연수,2026-03-01,41692.350368224106,,24315.008418190795,33003.67939320745
중  국,유학연수,2026-04-01,10658.007212551925,,14273.506547252406,12465.756879902165
중  국,유학연수,2026-05-01,17227.638558386476,,11930.461424634008,14579.049991510241
중  국,유학연수,2026-06-01,17096.963590919862,,10486.344568583025,13791.654079751443
중  국,유학연수,2026-07-01,14451.801818902459,,9310.886457649101,11881.344138275781
중  국,유학연수,2026-08-01,69667.52086864354,,35896.958070543566,52782.23946959355
중  국,유학연수,2026-09-01,37774.56127140375,,27461.721550305716,32618.141410854732
중  국,유학연수,2026-10-01,16536.471283587573,,10836.399643510133,13686.435463548853
중  국,유학연수,2026-11-01,14971.598110675937,,8643.745375051001,11807.67174286347
중  국,유학연수,2026-12-01,17277.87184540347,,8132.940270062106,12705.40605773279
중  국,유학연수,2027-01-01,12530.942440332235,,11210.333765872803,11870.63810310252
중  국,유학연수,2027-02-01,73616.11643098477,,18942.84589561044,46279.481163297605
중  국,유학연수,2027-03-01,50836.44336278304,,14946.59091260997,32891.5171376965
칠  레,공용,2025-04-01,0.661312641658348,,2.4833113509806797,1.5723119963195138
칠  레,공용,2025-05-01,0.15697010999636216,,2.0587090554235563,1.1078395827099592
칠  레,공용,2025-06-01,0.7928731633720274,,1.8493477979901711,1.3211104806810994
칠  레,공용,2025-07-01,0.3276287357592563,,1.695828758423432,1.011728747091344
칠  레,공용,2025-08-01,0.4907226461367282,,0.5934056573959097,0.542064151766319
칠  레,공용,2025-09-01,2.5957185229146513,,1.3882040593402936,1.9919612911274724
칠  레,공용,2025-10-01,3.723655926608279,,4.5506922146604305,4.137174070634355
칠  레,공용,2025-11-01,2.4822247632249015,,3.681178043541462,3.0817014033831818
칠  레,공용,2025-12-01,-0.3011855346325764,,2.5390714975474227,1.1189429814574232
칠  레,공용,2026-01-01,-0.9669200852479671,,1.152457207565491,0.09276856115876198
칠  레,공용,2026-02-01,-0.34506019856169884,,2.5892744532841063,1.1221071273612038
칠  레,공용,2026-03-01,1.4456701248791883,,2.795593231247437,2.1206316780633125
칠  레,공용,2026-04-01,1.346108666226626,,2.100361554433199,1.7232351103299124
칠  레,공용,2026-05-01,0.2511740724128045,,1.922799420887876,1.0869867466503402
칠  레,공용,2026-06-01,0.5649550637183409,,1.665145190869811,1.1150501272940758
칠  레,공용,2026-07-01,0.26119075062775093,,1.8381685040652713,1.0496796273465112
칠  레,공용,2026-08-01,0.23821166295495888,,0.6926169166846403,0.4654142898197996
칠  레,공용,2026-09-01,4.5982441335242745,,1.6239119564545108,3.1110780449893927
칠  레,공용,2026-10-01,2.4933099022081886,,4.812988292256261,3.653149097232225
칠  레,공용,2026-11-01,1.6255760990190342,,3.737761969828402,2.681669034423718
칠  레,공용,2026-12-01,0.23523819852390812,,2.569516444987092,1.4023773217555002
칠  레,공용,2027-01-01,-0.17490410853026428,,1.147839820739921,0.48646785610482834
칠  레,공용,2027-02-01,0.017635122200138107,,2.7105058840905873,1.3640705031453628
칠  레,공용,2027-03-01,0.19023884845245329,,2.8638311360862043,1.5270349922693287
칠  레,관광,2025-04-01,903.1728800460982,,541.9228521032569,722.5478660746776
칠  레,관광,2025-05-01,953.3176108813286,,539.4406926153434,746.379151748336
칠  레,관광,2025-06-01,670.0415693164166,,537.8324727493573,603.937021032887
칠  레,관광,2025-07-01,779.5752779514461,,537.778579127586,658.676928539516
칠  레,관광,2025-08-01,664.1042700127741,,554.4329701146683,609.2686200637212
칠  레,관광,2025-09-01,985.1320543119485,,590.6656845956924,787.8988694538205
칠  레,관광,2025-10-01,997.3360597287441,,541.5585409893189,769.4473003590315
칠  레,관광,2025-11-01,817.8289507722743,,495.8025915219223,656.8157711470983
칠  레,관광,2025-12-01,429.16642339308794,,499.7717305794124,464.4690769862502
칠  레,관광,2026-01-01,592.3924094908737,,475.56044840271784,533.9764289467957
칠  레,관광,2026-02-01,779.8515286986024,,540.4437082755162,660.1476184870593
칠  레,관광,2026-03-01,823.692740208553,,546.7858763073478,685.2393082579504
칠  레,관광,2026-04-01,1140.427711067678,,541.2183069730227,840.8230090203504
칠  레,관광,2026-05-01,1093.6938192613459,,539.1680902097521,816.430954735549
칠  레,관광,2026-06-01,798.6583831684142,,537.5443006229748,668.1013418956945
칠  레,관광,2026-07-01,1181.060760029744,,537.1453901295008,859.1030750796224
칠  레,관광,2026-08-01,773.7702718838716,,533.0591830537218,653.4147274687966
칠  레,관광,2026-09-01,1180.3000654403932,,577.0213989230906,878.6607321817419
칠  레,관광,2026-10-01,1216.0717227676746,,534.8519804332444,875.4618516004596
칠  레,관광,2026-11-01,957.2911787041821,,511.3334592451655,734.3123189746739
칠  레,관광,2026-12-01,535.7546615588851,,509.0877763400928,522.421218949489
칠  레,관광,2027-01-01,779.9705431091724,,475.7594355402023,627.8649893246873
칠  레,관광,2027-02-01,947.080117396264,,541.5475505981722,744.3138339972181
칠  레,관광,2027-03-01,1004.6057132487539,,546.9320281570232,775.7688707028885
칠  레,기타,2025-04-01,48.2751576692695,,45.98679650655271,47.130977087911106
칠  레,기타,2025-05-01,46.172421359353756,,46.014952987237386,46.09368717329557
칠  레,기타,2025-06-01,54.44308846279521,,44.123994887674655,49.28354167523493
칠  레,기타,2025-07-01,53.87050974710029,,39.395583231361215,46.63304648923075
칠  레,기타,2025-08-01,38.67724048129516,,37.410413619397175,38.04382705034617
칠  레,기타,2025-09-01,89.6153621007708,,44.25639740949912,66.93587975513496
칠  레,기타,2025-10-01,68.85940178745798,,99.64220679445361,84.2508042909558
칠  레,기타,2025-11-01,55.874358621233505,,69.23848237435357,62.55642049779354
칠  레,기타,2025-12-01,46.38966147292778,,38.31033491421642,42.3499981935721
칠  레,기타,2026-01-01,55.377232714252735,,35.512188550368556,45.444710632310645
칠  레,기타,2026-02-01,50.07931688906114,,36.592665935547444,43.335991412304296
칠  레,기타,2026-03-01,57.89714729248977,,46.53152610383414,52.21433669816196
칠  레,기타,2026-04-01,60.88442053264723,,50.36904636350819,55.626733448077715
칠  레,기타,2026-05-01,60.966061019262526,,51.824031439701216,56.39504622948187
칠  레,기타,2026-06-01,66.20801776841955,,50.10801939811447,58.15801858326701
칠  레,기타,2026-07-01,59.29811241600676,,44.9014650972028,52.09978875660478
칠  레,기타,2026-08-01,52.22841303331067,,41.20766523738561,46.71803913534814
칠  레,기타,2026-09-01,79.34640468180284,,54.382224199056324,66.86431444042958
칠  레,기타,2026-10-01,109.18227980549317,,101.5661145518242,105.37419717865868
칠  레,기타,2026-11-01,64.86099323521067,,42.95176538851188,53.90637931186127
칠  레,기타,2026-12-01,56.57664321009094,,28.541608325837256,42.5591257679641
칠  레,기타,2027-01-01,59.17364555984369,,28.05437002899136,43.614007794417525
칠  레,기타,2027-02-01,53.841926066480916,,33.55957407180543,43.70075006914317
칠  레,기타,2027-03-01,67.95685943601093,,45.23699272997988,56.59692608299541
칠  레,상용,2025-04-01,9.020470237768473,,5.714314259910397,7.367392248839435
칠  레,상용,2025-05-01,9.1214917314734,,5.554714207840098,7.338102969656749
칠  레,상용,2025-06-01,8.822371654718,,5.285962175761685,7.054166915239842
칠  레,상용,2025-07-01,7.193848275177793,,5.331550032453831,6.262699153815811
칠  레,상용,2025-08-01,9.358900501037724,,5.104147888434052,7.231524194735888
칠  레,상용,2025-09-01,8.572146670368236,,5.362115327418073,6.967130998893154
칠  레,상용,2025-10-01,9.996716673516058,,6.961916772057478,8.479316722786768
칠  레,상용,2025-11-01,10.718202867432497,,7.3741923557047615,9.04619761156863
칠  레,상용,2025-12-01,6.284320418424755,,6.376609599299866,6.33046500886231
칠  레,상용,2026-01-01,9.322931881741832,,6.108272077219532,7.715601979480682
칠  레,상용,2026-02-01,7.284468133935386,,6.682562726120654,6.98351543002802
칠  레,상용,2026-03-01,9.42808219648066,,7.419404562711148,8.423743379595903
칠  레,상용,2026-04-01,11.969999173758948,,7.4622797983182405,9.716139486038594
칠  레,상용,2026-05-01,10.945874753342249,,7.477120155496369,9.211497454419309
칠  레,상용,2026-06-01,10.381670339279427,,7.39166857682212,8.886669458050774
칠  레,상용,2026-07-01,7.170941863065624,,7.27532572618359,7.223133794624607
칠  레,상용,2026-08-01,10.677347824973744,,7.557815360406502,9.117581592690122
칠  레,상용,2026-09-01,10.407160526895193,,8.55261409124062,9.479887309067907
칠  레,상용,2026-10-01,12.380955533587947,,10.190470272855016,11.285712903221482
칠  레,상용,2026-11-01,13.198243438228626,,10.092727701954669,11.645485570091648
칠  레,상용,2026-12-01,6.946472753722699,,7.854962504938554,7.400717629330627
칠  레,상용,2027-01-01,10.397838705473502,,7.262617012363353,8.830227858918427
칠  레,상용,2027-02-01,7.210856410808804,,7.556956151407384,7.383906281108094
칠  레,상용,2027-03-01,11.178978269100181,,8.000806862873219,9.5898925659867
칠  레,유학연수,2025-04-01,2.9193509290867077,,3.3994068378561355,3.1593788834714216
칠  레,유학연수,2025-05-01,9.337760423155187,,5.127345264331395,7.23255284374329
칠  레,유학연수,2025-06-01,5.552202972153526,,5.619316238632626,5.585759605393076
칠  레,유학연수,2025-07-01,10.495228376939126,,9.719046959269638,10.107137668104382
칠  레,유학연수,2025-08-01,47.566003182045996,,42.08005102865042,44.82302710534821
칠  레,유학연수,2025-09-01,8.63029167164165,,3.6446560783137496,6.1374738749777
칠  레,유학연수,2025-10-01,2.7721348987306738,,1.0752935082326491,1.9237142034816614
칠  레,유학연수,2025-11-01,7.4306064315159635,,4.363185178980293,5.896895805248128
칠  레,유학연수,2025-12-01,6.549288060712384,,5.480024018742961,6.014656039727672
칠  레,유학연수,2026-01-01,17.64471269537331,,11.84416571837299,14.74443920687315
칠  레,유학연수,2026-02-01,44.12700098209607,,41.303660545474386,42.71533076378523
칠  레,유학연수,2026-03-01,9.772537335434981,,4.034716958421616,6.903627146928299
칠  레,유학연수,2026-04-01,2.26081442053201,,2.8172090846201443,2.5390117525760774
칠  레,유학연수,2026-05-01,11.465654802314376,,4.9638490991226645,8.21475195071852
칠  레,유학연수,2026-06-01,6.245743084341326,,5.1549428462934745,5.7003429653174
칠  레,유학연수,2026-07-01,11.181805117059971,,8.818178281682435,9.999991699371204
칠  레,유학연수,2026-08-01,51.18901095087063,,43.887889424710174,47.5384501877904
칠  레,유학연수,2026-09-01,10.884287920301855,,2.8859748712784414,6.8851313957901485
칠  레,유학연수,2026-10-01,3.689841616811456,,0.9567195771632981,2.3232805969873773
칠  레,유학연수,2026-11-01,7.350914773905938,,4.366874289403515,5.858894531654727
칠  레,유학연수,2026-12-01,8.376797703153638,,5.439275650063166,6.908036676608402
칠  레,유학연수,2027-01-01,18.336967582704478,,11.399437694082769,14.868202638393623
칠  레,유학연수,2027-02-01,47.86055468959409,,41.87804482467836,44.869299757136226
칠  레,유학연수,2027-03-01,12.19454056023416,,3.714080601224911,7.954310580729535
카자흐스탄,공용,2025-04-01,4.050060929838215,,6.346753758554967,5.198407344196591
카자흐스탄,공용,2025-05-01,2.3286015710093295,,6.707482206297174,4.518041888653252
카자흐스탄,공용,2025-06-01,1.5805077964990415,,8.311577161642973,4.946042479071007
카자흐스탄,공용,2025-07-01,1.3024935141566845,,11.059268950389246,6.180881232272965
카자흐스탄,공용,2025-08-01,9.427710871925687,,15.838660095216085,12.633185483570886
카자흐스탄,공용,2025-09-01,2.3091616443412635,,19.01147927473065,10.660320459535956
카자흐스탄,공용,2025-10-01,4.628399289023251,,18.60371333741804,11.616056313220644
카자흐스탄,공용,2025-11-01,2.7210016442882194,,15.649200750265113,9.185101197276666
카자흐스탄,공용,2025-12-01,1.308278485258054,,9.258058362102865,5.2831684236804595
카자흐스탄,공용,2026-01-01,0.7533792635104671,,7.070533228385666,3.911956245948067
카자흐스탄,공용,2026-02-01,1.292789635036497,,9.798493971737024,5.5456418033867605
카자흐스탄,공용,2026-03-01,1.3725010985013717,,8.6342789171511,5.003390007826236
카자흐스탄,공용,2026-04-01,1.514427387843484,,7.853065148095347,4.683746267969415
카자흐스탄,공용,2026-05-01,0.7185059323944142,,8.225819677598766,4.47216280499659
카자흐스탄,공용,2026-06-01,0.4124838738793163,,9.180796021491378,4.796639947685347
카자흐스탄,공용,2026-07-01,0.3368124795040488,,10.20053536906687,5.268673924285459
카자흐스탄,공용,2026-08-01,1.6257308331878009,,14.320458465675504,7.973094649431652
카자흐스탄,공용,2026-09-01,0.31584542964014145,,14.751256154467935,7.533550792054038
카자흐스탄,공용,2026-10-01,0.23240703964348897,,16.54601313400016,8.389210086821825
카자흐스탄,공용,2026-11-01,-0.09091476085093614,,14.559670714230414,7.234377976689739
카자흐스탄,공용,2026-12-01,-0.15469678907628695,,9.643016621703609,4.744159916313661
카자흐스탄,공용,2027-01-01,-0.1758574172752841,,5.642596228432759,2.7333694055787374
카자흐스탄,공용,2027-02-01,-0.554499160255629,,6.980988044951176,3.2132444423477735
카자흐스탄,공용,2027-03-01,-0.7416847109394615,,7.339997804257644,3.2991565466590913
카자흐스탄,관광,2025-04-01,4258.213794832407,,3833.5829148294174,4045.8983548309125
카자흐스탄,관광,2025-05-01,4438.515988763392,,3940.1861360431735,4189.351062403282
카자흐스탄,관광,2025-06-01,4437.500759481238,,3905.1039986710994,4171.302379076169
카자흐스탄,관광,2025-07-01,4874.360092803557,,3759.3513795442213,4316.855736173889
카자흐스탄,관광,2025-08-01,4154.698709226357,,3397.3788659999236,3776.0387876131404
카자흐스탄,관광,2025-09-01,3834.033222739197,,3194.45414615121,3514.243684445203
카자흐스탄,관광,2025-10-01,4721.3389950956325,,3318.145590578815,4019.7422928372234
카자흐스탄,관광,2025-11-01,4095.8297324854757,,3020.103889231592,3557.966810858534
카자흐스탄,관광,2025-12-01,3621.029364737468,,2397.773442056812,3009.40140339714
카자흐스탄,관광,2026-01-01,3837.4918615168044,,2433.188088342031,3135.3399749294176
카자흐스탄,관광,2026-02-01,3824.0048784663904,,2783.02273106727,3303.51380476683
카자흐스탄,관광,2026-03-01,5661.806525228702,,3073.764494310065,4367.785509769384
카자흐스탄,관광,2026-04-01,5190.4931010225,,3174.675191719431,4182.584146370966
카자흐스탄,관광,2026-05-01,5524.18478048833,,3526.977309678059,4525.581045083194
카자흐스탄,관광,2026-06-01,5578.16687044985,,3784.7421056157687,4681.454488032809
카자흐스탄,관광,2026-07-01,5981.831042958856,,3817.0138949271327,4899.422468942995
카자흐스탄,관광,2026-08-01,5054.879427396929,,3477.2578708514943,4266.068649124211
카자흐스탄,관광,2026-09-01,4751.276438751895,,3239.425328909416,3995.350883830655
카자흐스탄,관광,2026-10-01,5527.314168284518,,3375.729944775649,4451.522056530083
카자흐스탄,관광,2026-11-01,4807.4982670906165,,3149.3483764519688,3978.4233217712926
카자흐스탄,관광,2026-12-01,4520.10307994215,,2500.0651310301228,3510.084105486136
카자흐스탄,관광,2027-01-01,4887.9201871675905,,2474.5337724009387,3681.2269797842646
카자흐스탄,관광,2027-02-01,4427.853157550932,,2788.6920800080156,3608.272618779474
카자흐스탄,관광,2027-03-01,6599.195007769827,,3016.339341350433,4807.76717456013
카자흐스탄,기타,2025-04-01,1551.8451527658817,,1110.0986268641545,1330.9718898150181
카자흐스탄,기타,2025-05-01,1489.1966817525984,,1084.224120792776,1286.7104012726872
카자흐스탄,기타,2025-06-01,1636.643062048623,,1075.5909590559957,1356.1170105523092
카자흐스탄,기타,2025-07-01,1718.8767090277604,,1046.8574667599116,1382.867087893836
카자흐스탄,기타,2025-08-01,2074.1113208610777,,1371.4052307673046,1722.7582758141912
카자흐스탄,기타,2025-09-01,2129.7645936178337,,1494.6845952564604,1812.224594437147
카자흐스탄,기타,2025-10-01,1823.9975320916433,,1172.7559277248224,1498.3767299082328
카자흐스탄,기타,2025-11-01,1561.9974544733248,,923.5359640385882,1242.7667092559564
카자흐스탄,기타,2025-12-01,1288.8100935048717,,764.9302742173884,1026.87018386113
카자흐스탄,기타,2026-01-01,1801.2897464191922,,1121.1530210412639,1461.221383730228
카자흐스탄,기타,2026-02-01,1903.9697033291627,,1076.7629532516164,1490.3663282903894
카자흐스탄,기타,2026-03-01,1777.4851974161072,,953.0061158967621,1365.2456566564347
카자흐스탄,기타,2026-04-01,1839.7323550866709,,849.8130733957357,1344.7727142412032
카자흐스탄,기타,2026-05-01,1748.3342549286967,,847.5592686976382,1297.9467618131675
카자흐스탄,기타,2026-06-01,1906.6273108550404,,862.2677339674256,1384.447522411233
카자흐스탄,기타,2026-07-01,2006.16174187357,,861.0129541795018,1433.587348026536
카자흐스탄,기타,2026-08-01,2371.0086986384854,,1142.4385667368551,1756.7236326876703
카자흐스탄,기타,2026-09-01,2556.329066941919,,1279.7962077005675,1918.062637321243
카자흐스탄,기타,2026-10-01,2146.23781927794,,1045.5157381898578,1595.8767787338988
카자흐스탄,기타,2026-11-01,1765.9095810594806,,853.1922614411883,1309.5509212503343
카자흐스탄,기타,2026-12-01,1467.0521986969356,,716.2285623148553,1091.6403805058953
카자흐스탄,기타,2027-01-01,2083.508841084405,,997.9147258571583,1540.7117834707817
카자흐스탄,기타,2027-02-01,2203.6717347790745,,992.3938860719882,1598.0328104255314
카자흐스탄,기타,2027-03-01,2029.281970415383,,927.4139191031113,1478.3479447592472
카자흐스탄,상용,2025-04-01,23.536325824617833,,16.468908719333783,20.002617271975808
카자흐스탄,상용,2025-05-01,23.531369766319195,,14.73270628095651,19.132038023637854
카자흐스탄,상용,2025-06-01,21.414121257980554,,13.092078460543021,17.253099859261788
카자흐스탄,상용,2025-07-01,18.45789656869348,,11.643106757065517,15.0505016628795
카자흐스탄,상용,2025-08-01,17.879675493516586,,11.57169989500754,14.725687694262064
카자흐스탄,상용,2025-09-01,24.43625658949839,,13.02559165001221,18.7309241197553
카자흐스탄,상용,2025-10-01,31.762245245014544,,13.113375727259978,22.43781048613726
카자흐스탄,상용,2025-11-01,24.196198721784203,,11.857649653445876,18.026924187615037
카자흐스탄,상용,2025-12-01,16.978826201272607,,11.83918981846071,14.409008009866659
카자흐스탄,상용,2026-01-01,17.802896589507256,,14.433191945967373,16.118044267737314
카자흐스탄,상용,2026-02-01,21.264476902140423,,14.033882657661916,17.649179779901168
카자흐스탄,상용,2026-03-01,28.249099805367077,,14.005599248350961,21.12734952685902
카자흐스탄,상용,2026-04-01,30.931238610430473,,13.770927115403438,22.351082862916954
카자흐스탄,상용,2026-05-01,27.30747835701169,,12.769258618319967,20.038368487665828
카자흐스탄,상용,2026-06-01,24.01385120377538,,11.58427274784627,17.799061975810826
카자흐스탄,상용,2026-07-01,23.977656626187656,,10.433680406665182,17.20566851642642
카자흐스탄,상용,2026-08-01,23.0706014341351,,10.514698724366085,16.792650079250592
카자흐스탄,상용,2026-09-01,31.477241115170237,,12.004837981047345,21.74103954810879
카자흐스탄,상용,2026-10-01,34.68319711555387,,12.276000037023302,23.479598576288584
카자흐스탄,상용,2026-11-01,27.99656799764119,,11.345545566831568,19.671056782236377
카자흐스탄,상용,2026-12-01,21.34038673207503,,11.464274178684377,16.402330455379705
카자흐스탄,상용,2027-01-01,20.801459678316313,,13.972164385313363,17.386812031814838
카자흐스탄,상용,2027-02-01,27.974234160268136,,13.59814956124217,20.786191860755153
카자흐스탄,상용,2027-03-01,30.18612001288851,,13.744114762932071,21.96511738791029
카자흐스탄,유학연수,2025-04-01,31.228591468161767,,36.9034784392891,34.066034953725435
카자흐스탄,유학연수,2025-05-01,55.89028361916017,,73.49966199385696,64.69497280650856
카자흐스탄,유학연수,2025-06-01,120.55725311536017,,98.52002101076356,109.53863706306186
카자흐스탄,유학연수,2025-07-01,137.1910764661922,,115.40720554697658,126.29914100658439
카자흐스탄,유학연수,2025-08-01,1044.9740009946627,,752.7082297981661,898.8411153964144
카자흐스탄,유학연수,2025-09-01,299.2418414140593,,424.26411853862515,361.7529799763422
카자흐스탄,유학연수,2025-10-01,35.35875862052602,,117.31951128808964,76.33913495430784
카자흐스탄,유학연수,2025-11-01,67.41634481423728,,40.57426925780493,53.9953070360211
카자흐스탄,유학연수,2025-12-01,103.00650479323595,,87.62618686560128,95.31634582941862
카자흐스탄,유학연수,2026-01-01,183.4738122604,,125.36937703109912,154.42159464574956
카자흐스탄,유학연수,2026-02-01,763.6788112710728,,479.5106213810213,621.5947163260471
카자흐스탄,유학연수,2026-03-01,296.1142201152406,,372.5001967848734,334.30720845005703
카자흐스탄,유학연수,2026-04-01,40.20816666173253,,128.48343384465636,84.34580025319444
카자흐스탄,유학연수,2026-05-01,73.55051101419649,,52.9048965525073,63.2277037833519
카자흐스탄,유학연수,2026-06-01,160.38826156769838,,92.03613845511072,126.21220001140455
카자흐스탄,유학연수,2026-07-01,162.6072969111776,,121.87785709564992,142.24257700341377
카자흐스탄,유학연수,2026-08-01,1205.5981641112428,,704.5990694870201,955.0986167991314
카자흐스탄,유학연수,2026-09-01,348.3650951824428,,416.8084829525231,382.586789067483
카자흐스탄,유학연수,2026-10-01,42.677136119654534,,130.60756515934935,86.64235063950194
카자흐스탄,유학연수,2026-11-01,74.14872402583195,,37.496115218869505,55.82241962235073
카자흐스탄,유학연수,2026-12-01,129.91236782396064,,78.8564867737493,104.38442729885497
카자흐스탄,유학연수,2027-01-01,233.9994848425064,,125.40281803775062,179.7011514401285
카자흐스탄,유학연수,2027-02-01,876.5630729811166,,460.22291630724317,668.3929946441799
카자흐스탄,유학연수,2027-03-01,316.518507458598,,326.05772509159704,321.28811627509754
캐나다,공용,2025-04-01,48.04025998919841,,50.17704631887476,49.10865315403659
캐나다,공용,2025-05-01,46.94446185028223,,48.24192565837987,47.593193754331054
캐나다,공용,2025-06-01,52.36604055682753,,45.31257669483641,48.83930862583197
캐나다,공용,2025-07-01,52.15400148896115,,43.84386471048655,47.99893309972385
캐나다,공용,2025-08-01,61.57760355445432,,41.19372548191703,51.38566451818568
캐나다,공용,2025-09-01,46.61353926903992,,42.79764853163343,44.70559390033667
캐나다,공용,2025-10-01,49.85563755751139,,56.340401313422404,53.098019435466895
캐나다,공용,2025-11-01,63.38117490846802,,57.20555696345431,60.29336593596116
캐나다,공용,2025-12-01,47.73178687986934,,45.68431532506527,46.70805110246731
캐나다,공용,2026-01-01,54.36278163374555,,43.79271183313877,49.077746733442154
캐나다,공용,2026-02-01,66.52187812560702,,59.64184772179263,63.08186292369982
캐나다,공용,2026-03-01,76.96867505021069,,59.466769671874545,68.21772236104262
캐나다,공용,2026-04-01,64.00911566202996,,46.47372420746038,55.24141993474517
캐나다,공용,2026-05-01,62.06743561189687,,46.24010572356693,54.1537706677319
캐나다,공용,2026-06-01,57.33332856284713,,44.56745961813223,50.95039409048968
캐나다,공용,2026-07-01,67.61027890260829,,43.423032195088446,55.51665554884836
캐나다,공용,2026-08-01,68.96466291774267,,41.08877388873796,55.02671840324032
캐나다,공용,2026-09-01,59.833778192337505,,42.67881383158273,51.25629601196012
캐나다,공용,2026-10-01,62.7805242983365,,55.979172262163516,59.37984828025001
캐나다,공용,2026-11-01,72.29970307732127,,57.24799433482157,64.77384870607142
캐나다,공용,2026-12-01,60.084175474153035,,45.765407424188396,52.92479144917071
캐나다,공용,2027-01-01,68.5378027484005,,43.92098637518069,56.22939456179059
캐나다,공용,2027-02-01,73.07177793754339,,59.894366010113245,66.48307197382832
캐나다,공용,2027-03-01,89.10548171539034,,60.02216101488882,74.56382136513957
캐나다,관광,2025-04-01,27188.65484374659,,21813.394520520076,24501.024682133335
캐나다,관광,2025-05-01,26370.10054107412,,20231.844604614886,23300.972572844505
캐나다,관광,2025-06-01,21080.63691294144,,18571.671165216238,19826.15403907884
캐나다,관광,2025-07-01,24044.5622706896,,17853.69519057898,20949.12873063429
캐나다,관광,2025-08-01,21359.643904050263,,18215.15101269297,19787.39745837162
캐나다,관광,2025-09-01,23814.714198247784,,20813.572095291696,22314.14314676974
캐나다,관광,2025-10-01,30548.773456286126,,23841.505732826095,27195.13959455611
캐나다,관광,2025-11-01,23146.38986896374,,20498.783318482994,21822.58659372337
캐나다,관광,2025-12-01,20420.35782734343,,15900.095872539401,18160.226849941413
캐나다,관광,2026-01-01,16873.473485561182,,13539.437224220965,15206.455354891074
캐나다,관광,2026-02-01,18090.190871217743,,13983.229573547878,16036.710222382811
캐나다,관광,2026-03-01,28836.802422129185,,19814.987337969804,24325.894880049495
캐나다,관광,2026-04-01,34916.52367246125,,22556.47640111503,28736.500036788137
캐나다,관광,2026-05-01,33456.32366388073,,21365.547335385236,27410.935499632982
캐나다,관광,2026-06-01,26395.89516049045,,19803.07250727521,23099.48383388283
캐나다,관광,2026-07-01,29455.24710885995,,19156.416208122202,24305.831658491075
캐나다,관광,2026-08-01,26177.997270691136,,19644.27167806803,22911.134474379585
캐나다,관광,2026-09-01,30011.963546799027,,22224.765328566693,26118.36443768286
캐나다,관광,2026-10-01,36623.9122431623,,25271.61760410029,30947.764923631294
캐나다,관광,2026-11-01,29376.240894019164,,21567.644038266695,25471.94246614293
캐나다,관광,2026-12-01,25068.246162798623,,16892.90323893676,20980.57470086769
캐나다,관광,2027-01-01,20384.336794231072,,14614.164275566634,17499.250534898852
캐나다,관광,2027-02-01,21250.621704480418,,15531.569269749245,18391.09548711483
캐나다,관광,2027-03-01,34153.110142087986,,22285.88897796415,28219.499560026066
캐나다,기타,2025-04-01,3962.30548551864,,3332.047542155038,3647.176513836839
캐나다,기타,2025-05-01,4286.880548090494,,3084.5410090025653,3685.7107785465296
캐나다,기타,2025-06-01,4050.8492196605844,,2701.9680968159096,3376.408658238247
캐나다,기타,2025-07-01,4625.197408870237,,2361.858474615483,3493.52794174286
캐나다,기타,2025-08-01,6216.590979167837,,3193.312573981686,4704.951776574761
캐나다,기타,2025-09-01,4915.860769641027,,3258.2326104059207,4087.046690023474
캐나다,기타,2025-10-01,5159.251428870741,,2660.879797278255,3910.065613074498
캐나다,기타,2025-11-01,4142.465486008594,,1684.701560232956,2913.5835231207748
캐나다,기타,2025-12-01,4410.085324720877,,1349.9607317206146,2880.023028220746
캐나다,기타,2026-01-01,5567.39016536474,,1960.1049758377937,3763.747570601267
캐나다,기타,2026-02-01,5151.889328061344,,1676.1956236131484,3414.042475837246
캐나다,기타,2026-03-01,4661.027725531346,,1284.9130163763593,2972.9703709538526
캐나다,기타,2026-04-01,4512.742749672778,,1262.5263977451277,2887.6345737089528
캐나다,기타,2026-05-01,4908.987280460894,,1323.5004100898634,3116.2438452753786
캐나다,기타,2026-06-01,4537.683298154037,,1415.4680376116114,2976.5756678828243
캐나다,기타,2026-07-01,5222.019552296573,,1600.3972271449531,3411.208389720763
캐나다,기타,2026-08-01,6960.718033086192,,2069.789991535841,4515.254012311017
캐나다,기타,2026-09-01,5613.780401302772,,3407.213599881475,4510.497000592123
캐나다,기타,2026-10-01,5802.150284840997,,3330.5472069701714,4566.348745905584
캐나다,기타,2026-11-01,4620.42733070028,,2772.8739549126512,3696.650642806466
캐나다,기타,2026-12-01,4913.581939536207,,2605.9031380316196,3759.742538783913
캐나다,기타,2027-01-01,6228.679441824009,,3083.851972845035,4656.265707334522
캐나다,기타,2027-02-01,5817.169358300487,,2809.8061501153857,4313.487754207937
캐나다,기타,2027-03-01,5077.303719850018,,2539.1178823582295,3808.2108011041237
캐나다,상용,2025-04-01,36.575685367288195,,29.941796222384802,33.2587407948365
캐나다,상용,2025-05-01,41.03788744930698,,30.505529160711042,35.771708305009014
캐나다,상용,2025-06-01,34.86085457562626,,30.831343112933887,32.84609884428008
캐나다,상용,2025-07-01,35.159731741175655,,30.4492224809401,32.80447711105788
캐나다,상용,2025-08-01,40.69228735811024,,35.164160681714385,37.928224019912314
캐나다,상용,2025-09-01,38.97400789077006,,38.280552091240345,38.6272799910052
캐나다,상용,2025-10-01,36.77951869215203,,35.9058828333236,36.34270076273782
캐나다,상용,2025-11-01,35.85762451011456,,32.72324857024612,34.29043654018034
캐나다,상용,2025-12-01,30.736187737469315,,30.511636297205655,30.623912017337485
캐나다,상용,2026-01-01,45.456862591726534,,36.982790671176964,41.21982663145175
캐나다,상용,2026-02-01,37.83223737411772,,34.20915149169531,36.02069443290651
캐나다,상용,2026-03-01,40.448458805458614,,31.25502888539979,35.8517438454292
캐나다,상용,2026-04-01,40.20577675510409,,30.686454986255164,35.44611587067963
캐나다,상용,2026-05-01,47.05476490086953,,31.422077628934076,39.2384212649018
캐나다,상용,2026-06-01,39.2101258034568,,31.772625229707984,35.491375516582394
캐나다,상용,2026-07-01,38.433445723936444,,31.32039711157656,34.876921417756506
캐나다,상용,2026-08-01,43.16891034243754,,35.951195650395654,39.5600529964166
캐나다,상용,2026-09-01,44.64734244471075,,38.98612467304086,41.81673355887581
캐나다,상용,2026-10-01,40.58465844898343,,36.56191184237886,38.57328514568115
캐나다,상용,2026-11-01,40.79422672743097,,33.327112666953305,37.06066969719214
캐나다,상용,2026-12-01,33.364400884629106,,31.067222996843817,32.21581194073646
캐나다,상용,2027-01-01,49.35044182434649,,37.53193207896922,43.441186951657855
캐나다,상용,2027-02-01,41.78887931881263,,34.7176150989974,38.253247208905016
캐나다,상용,2027-03-01,44.034204225924256,,31.7333432734874,37.883773749705824
캐나다,유학연수,2025-04-01,27.94640816104339,,26.353785265780797,27.150096713412093
캐나다,유학연수,2025-05-01,64.91424373922037,,30.841901224961994,47.878072482091184
캐나다,유학연수,2025-06-01,48.92100559086932,,35.03364993149519,41.97732776118225
캐나다,유학연수,2025-07-01,52.14782422647073,,39.65775972500817,45.90279197573945
캐나다,유학연수,2025-08-01,261.05010832586373,,180.98770086417528,221.0189045950195
캐나다,유학연수,2025-09-01,37.4724308751113,,25.25441988601754,31.363425380564422
캐나다,유학연수,2025-10-01,34.60154988553708,,26.79968283647287,30.700616361004975
캐나다,유학연수,2025-11-01,73.59340718082495,,60.599998023080026,67.09670260195249
캐나다,유학연수,2025-12-01,69.83637524001027,,60.14308749388336,64.98973136694681
캐나다,유학연수,2026-01-01,67.98125451108938,,42.03921272441802,55.0102336177537
캐나다,유학연수,2026-02-01,203.34313856565046,,142.57091196814326,172.95702526689686
캐나다,유학연수,2026-03-01,34.970989165658935,,21.516666871845665,28.2438280187523
캐나다,유학연수,2026-04-01,28.970871074689924,,25.739248036033597,27.355059555361763
캐나다,유학연수,2026-05-01,71.764277356516,,29.65407593865056,50.709176647583284
캐나다,유학연수,2026-06-01,54.214130827967715,,34.57264816676624,44.39338949736698
캐나다,유학연수,2026-07-01,63.646926989738766,,40.18945947164546,51.91819323069211
캐나다,유학연수,2026-08-01,316.30741759631314,,173.8834202927108,245.09541894451198
캐나다,유학연수,2026-09-01,44.660913791378725,,24.294186369979414,34.477550080679066
캐나다,유학연수,2026-10-01,38.25579721748619,,25.5474201195049,31.901608668495545
캐나다,유학연수,2026-11-01,77.73473912764017,,54.67792611169802,66.2063326196691
캐나다,유학연수,2026-12-01,77.66928213395651,,56.429571452347176,67.04942679315184
캐나다,유학연수,2027-01-01,79.65769278213763,,41.073819692104124,60.36575623712088
캐나다,유학연수,2027-02-01,247.3985308809711,,141.4379053828201,194.4182181318956
캐나다,유학연수,2027-03-01,39.239189715154914,,20.663005773227873,29.951097744191394
콜롬비아,공용,2025-04-01,-0.6421128706099211,,5.728639582982916,2.5432633561864977
콜롬비아,공용,2025-05-01,-1.0218754119640148,,6.995410359988831,2.9867674740124084
콜롬비아,공용,2025-06-01,-0.31898411996567483,,8.699647350388016,4.1903316152111705
콜롬비아,공용,2025-07-01,-0.3286022561540901,,10.018036414681724,4.844717079263817
콜롬비아,공용,2025-08-01,-12.202244603562086,,13.940815570457959,0.8692854834479364
콜롬비아,공용,2025-09-01,-0.38781368976639863,,11.180698339307593,5.3964423247705975
콜롬비아,공용,2025-10-01,-5.338761687905299,,6.5215978674940605,0.5914180897943808
콜롬비아,공용,2025-11-01,-3.13018074968174,,2.2808543617378367,-0.4246631939719516
콜롬비아,공용,2025-12-01,-1.250238540108398,,2.364637770691595,0.5571996152915986
콜롬비아,공용,2026-01-01,-2.207177208871461,,4.095699114704624,0.9442609529165815
콜롬비아,공용,2026-02-01,-1.2570371633860569,,3.2087270025454595,0.9758449195797013
콜롬비아,공용,2026-03-01,-2.5240843394699843,,2.661173652102444,0.06854465631622975
콜롬비아,공용,2026-04-01,-1.3832977930868569,,3.4666856882882544,1.0416939476006988
콜롬비아,공용,2026-05-01,-5.682433677383305,,6.126850945605726,0.22220863411121083
콜롬비아,공용,2026-06-01,-4.021961480838017,,10.622160945642964,3.3000997324024737
콜롬비아,공용,2026-07-01,-3.979482662918997,,15.383600260554317,5.70205879881766
콜롬비아,공용,2026-08-01,-17.54996692319186,,25.60743232735522,4.02873270208168
콜롬비아,공용,2026-09-01,-6.630185018584201,,23.113467319384945,8.241641150400373
콜롬비아,공용,2026-10-01,-10.720970517881165,,15.232466529930834,2.2557480060248345
콜롬비아,공용,2026-11-01,-8.260690594703913,,4.6668565374932625,-1.7969170286053253
콜롬비아,공용,2026-12-01,-3.7386164490906193,,3.008750414012005,-0.36493301753930707
콜롬비아,공용,2027-01-01,-5.1976555109434335,,4.433560209513171,-0.38204765071513114
콜롬비아,공용,2027-02-01,-0.9862966292906467,,3.7508161590955025,1.382259764902428
콜롬비아,공용,2027-03-01,-1.5446255096783263,,4.459436022201381,1.4574052562615276
콜롬비아,관광,2025-04-01,1087.6749500831065,,1026.3620521158932,1057.0185010994999
콜롬비아,관광,2025-05-01,1182.1572448574302,,1034.857850393168,1108.5075476252991
콜롬비아,관광,2025-06-01,1072.8330554950817,,930.630690493458,1001.7318729942699
콜롬비아,관광,2025-07-01,1022.2119476451716,,794.646153708839,908.4290506770053
콜롬비아,관광,2025-08-01,873.6282360951811,,783.4153708684403,828.5218034818107
콜롬비아,관광,2025-09-01,1292.5089516328426,,1006.816341720831,1149.6626466768369
콜롬비아,관광,2025-10-01,1581.9845034056978,,1242.7196206535275,1412.3520620296126
콜롬비아,관광,2025-11-01,1126.171771739707,,1076.479177578607,1101.325474659157
콜롬비아,관광,2025-12-01,757.4134746473843,,731.3072972242541,744.3603859358192
콜롬비아,관광,2026-01-01,525.8224907082933,,513.7834068720699,519.8029487901816
콜롬비아,관광,2026-02-01,488.20955843371195,,380.54904139685476,434.37929991528335
콜롬비아,관광,2026-03-01,1145.1734713493865,,312.04675461381464,728.6101129816007
콜롬비아,관광,2026-04-01,1352.3622727283218,,276.95398064760104,814.6581266879614
콜롬비아,관광,2026-05-01,1369.4732592131581,,216.55697105117213,793.0151151321652
콜롬비아,관광,2026-06-01,1381.360596867136,,95.7777056491081,738.5691512581221
콜롬비아,관광,2026-07-01,1370.4765639160833,,-0.7382030323983599,684.8691804418424
콜롬비아,관광,2026-08-01,1145.0230594433576,,4.133380378274069,574.5782199108158
콜롬비아,관광,2026-09-01,1654.6592666261383,,22.72421617140165,838.69174139877
콜롬비아,관광,2026-10-01,1851.690655981949,,26.057358077976602,938.8740070299629
콜롬비아,관광,2026-11-01,1341.1063280866072,,31.671480764150942,686.388904425379
콜롬비아,관광,2026-12-01,943.9239565622066,,30.090333672770214,487.00714511748845
콜롬비아,관광,2027-01-01,684.4913107767031,,33.856646750178385,359.17397876344074
콜롬비아,관광,2027-02-01,654.0155194778883,,35.62252151560668,344.8190204967475
콜롬비아,관광,2027-03-01,1412.1959423116853,,34.62868409176275,723.412313201724
콜롬비아,기타,2025-04-01,217.7388700385575,,198.68081021474913,208.20984012665332
콜롬비아,기타,2025-05-01,205.46514821873834,,192.59406899901305,199.0296086088757
콜롬비아,기타,2025-06-01,211.48132286704657,,185.44974418918756,198.46553352811708
콜롬비아,기타,2025-07-01,253.59334589083934,,181.0431960772247,217.31827098403204
콜롬비아,기타,2025-08-01,251.44885905307285,,190.76817405679364,221.10851655493326
콜롬비아,기타,2025-09-01,252.79806536230362,,205.02091369877067,228.90948953053714
콜롬비아,기타,2025-10-01,265.78355828111813,,216.2192548945746,241.00140658784636
콜롬비아,기타,2025-11-01,162.0629583824171,,217.7355015744706,189.89922997844383
콜롬비아,기타,2025-12-01,122.61900981431872,,181.64439860666937,152.13170421049404
콜롬비아,기타,2026-01-01,154.2390840301247,,163.5722969070176,158.90569046857115
콜롬비아,기타,2026-02-01,152.8956215067833,,165.27848420108128,159.08705285393228
콜롬비아,기타,2026-03-01,235.05039112244535,,199.50861628718025,217.27950370481278
콜롬비아,기타,2026-04-01,282.44913708404965,,201.785123529889,242.11713030696933
콜롬비아,기타,2026-05-01,271.86130309589464,,197.62993367778014,234.7456183868374
콜롬비아,기타,2026-06-01,275.19287381372004,,192.056589304144,233.624731558932
콜롬비아,기타,2026-07-01,294.3447303930298,,186.58036404432028,240.46254721867504
콜롬비아,기타,2026-08-01,316.02205425724463,,189.90566272852018,252.96385849288242
콜롬비아,기타,2026-09-01,298.39400280772327,,200.66352750462985,249.52876515617658
콜롬비아,기타,2026-10-01,339.1170486413317,,211.19573861458184,275.15639362795673
콜롬비아,기타,2026-11-01,201.21018940019567,,216.91294299232536,209.06156619626051
콜롬비아,기타,2026-12-01,152.1017533312592,,208.8454305758212,180.47359195354022
콜롬비아,기타,2027-01-01,189.49352954349453,,204.6644434591059,197.07898650130022
콜롬비아,기타,2027-02-01,187.57550060290237,,180.07432171185377,183.82491115737807
콜롬비아,기타,2027-03-01,254.26013727156985,,201.8714464826717,228.06579187712077
콜롬비아,상용,2025-04-01,1.1537480283447639,,1.0529934184862748,1.1033707234155194
콜롬비아,상용,2025-05-01,1.2542721809842223,,1.0487098041910208,1.1514909925876216
콜롬비아,상용,2025-06-01,1.0107633455616,,1.0298415365487035,1.0203024410551518
콜롬비아,상용,2025-07-01,0.9723652292243273,,0.9806719584612016,0.9765185938427645
콜롬비아,상용,2025-08-01,1.2079567020330897,,1.0033308042561786,1.1056437531446341
콜롬비아,상용,2025-09-01,1.3188913637771582,,1.6173082558497762,1.4680998098134672
콜롬비아,상용,2025-10-01,0.9814853470625012,,1.798770940881774,1.3901281439721376
콜롬비아,상용,2025-11-01,1.4079154848446334,,1.4714864110616854,1.4397009479531593
콜롬비아,상용,2025-12-01,0.9872998822599017,,1.3710777889690584,1.1791888356144802
콜롬비아,상용,2026-01-01,1.6874240189124758,,2.7279162985842644,2.2076701587483702
콜롬비아,상용,2026-02-01,1.5012066433956723,,2.435623994316246,1.9684153188559592
콜롬비아,상용,2026-03-01,1.2078423789081494,,2.128711564934681,1.668276971921415
콜롬비아,상용,2026-04-01,1.2652491209747407,,2.2438939339142463,1.7545715274444935
콜롬비아,상용,2026-05-01,1.1050894111159961,,2.0412890530626817,1.573189232089339
콜롬비아,상용,2026-06-01,1.0538947812585107,,1.5725595399588328,1.3132271606086716
콜롬비아,상용,2026-07-01,1.0681447591510775,,0.874974278301975,0.9715595187265262
콜롬비아,상용,2026-08-01,1.1089991391756249,,1.3677250855072405,1.2383621123414326
콜롬비아,상용,2026-09-01,1.2326219827693103,,2.482425124220972,1.857523553495141
콜롬비아,상용,2026-10-01,1.081555245259202,,1.331637657269692,1.206596451264447
콜롬비아,상용,2026-11-01,1.464630908941428,,0.7590250435136664,1.1118279762275471
콜롬비아,상용,2026-12-01,0.9141738021703082,,0.9076998020678548,0.9109368021190816
콜롬비아,상용,2027-01-01,1.6853008372591483,,1.3216269050231764,1.5034638711411623
콜롬비아,상용,2027-02-01,1.4443534438436276,,1.0668575025085503,1.255605473176089
콜롬비아,상용,2027-03-01,1.2168329258111612,,1.0826145322342522,1.1497237290227067
콜롬비아,유학연수,2025-04-01,7.441480547385783,,5.880142509221287,6.660811528303535
콜롬비아,유학연수,2025-05-01,17.449175244915622,,10.88498893894086,14.16708209192824
콜롬비아,유학연수,2025-06-01,18.03086965776305,,14.639017425689282,16.334943541726165
콜롬비아,유학연수,2025-07-01,21.600360001605367,,17.23350913647138,19.416934569038375
콜롬비아,유학연수,2025-08-01,87.4025939637458,,62.266447854167474,74.83452090895663
콜롬비아,유학연수,2025-09-01,14.151182933916996,,14.476755002197601,14.3139689680573
콜롬비아,유학연수,2025-10-01,11.34109388456301,,7.86076118942722,9.600927536995115
콜롬비아,유학연수,2025-11-01,18.661174038420448,,13.232004330892739,15.946589184656593
콜롬비아,유학연수,2025-12-01,15.830237034541183,,13.183997524474824,14.507117279508003
콜롬비아,유학연수,2026-01-01,32.884636653646794,,20.385316539248556,26.634976596447675
콜롬비아,유학연수,2026-02-01,82.32089042960051,,44.000933128606235,63.16091177910337
콜롬비아,유학연수,2026-03-01,21.71323867172123,,12.386635091901054,17.049936881811142
콜롬비아,유학연수,2026-04-01,6.473273841537882,,2.142480709919681,4.3078772757287815
콜롬비아,유학연수,2026-05-01,19.514593140754705,,5.775662653004796,12.64512789687975
콜롬비아,유학연수,2026-06-01,18.289183718543658,,6.991960646475859,12.640572182509759
콜롬비아,유학연수,2026-07-01,26.176268802696722,,6.120223030484713,16.148245916590717
콜롬비아,유학연수,2026-08-01,98.7776584904011,,31.476263076524173,65.12696078346264
콜롬비아,유학연수,2026-09-01,18.481922989466028,,8.16630107434749,13.32411203190676
콜롬비아,유학연수,2026-10-01,11.664129193057123,,5.269141379945862,8.466635286501493
콜롬비아,유학연수,2026-11-01,18.64592834362374,,8.500442663144852,13.573185503384297
콜롬비아,유학연수,2026-12-01,15.78595698204543,,8.226638373793385,12.006297677919408
콜롬비아,유학연수,2027-01-01,37.089834171394365,,15.958512695552361,26.524173433473365
콜롬비아,유학연수,2027-02-01,96.00329507638646,,28.89204894899003,62.447672012688244
콜롬비아,유학연수,2027-03-01,23.661274312491706,,10.066241812252667,16.863758062372185
쿠  바,공용,2025-04-01,0.0032234200955465345,,-0.18124796722644038,-0.08901227356544691
쿠  바,공용,2025-05-01,0.004085490186647804,,-0.12008290975707236,-0.05799870978521228
쿠  바,공용,2025-06-01,0.01113847504360549,,-0.08712185336664952,-0.03799168916152201
쿠  바,공용,2025-07-01,0.007443622851063946,,-0.05888931604784181,-0.025722846598388933
쿠  바,공용,2025-08-01,0.01934340909564702,,0.0018301592581884685,0.010586784176917744
쿠  바,공용,2025-09-01,0.06316709750074213,,0.16540027090892415,0.11428368420483315
쿠  바,공용,2025-10-01,0.010912705086547996,,-0.024611873293599706,-0.006849584103525855
쿠  바,공용,2025-11-01,0.007950453230736692,,-0.06798894580259074,-0.030019246285927025
쿠  바,공용,2025-12-01,0.017881045831355663,,-0.011387121655970833,0.003246962087692415
쿠  바,공용,2026-01-01,0.0010845398666451626,,0.04184784300834299,0.021466191437494075
쿠  바,공용,2026-02-01,0.01236843718827634,,-0.021739588530260645,-0.0046855756709921524
쿠  바,공용,2026-03-01,0.17427725636809135,,-0.046523473166886375,0.06387689160060249
쿠  바,공용,2026-04-01,0.0009143434717041416,,0.12359336491938433,0.06225385419554424
쿠  바,공용,2026-05-01,0.0019894716375683055,,0.24947847812857676,0.12573397488307253
쿠  바,공용,2026-06-01,0.005746564287128667,,0.22979759460117888,0.11777207944415377
쿠  바,공용,2026-07-01,0.0034783187748158233,,0.12913955948423111,0.06630893912952347
쿠  바,공용,2026-08-01,0.01053080698869814,,0.2356663288344502,0.12309856791157417
쿠  바,공용,2026-09-01,0.032993057208604265,,0.6122585171795958,0.3226257871941
쿠  바,공용,2026-10-01,0.004505635325821171,,0.18722193353185732,0.09586378442883925
쿠  바,공용,2026-11-01,0.0032391719342394804,,0.0547973962788475,0.02901828410654349
쿠  바,공용,2026-12-01,0.0067597656532114615,,0.12263457932319169,0.06469717248820157
쿠  바,공용,2027-01-01,0.00034343206258221747,,0.1571922543655227,0.07876784321405246
쿠  바,공용,2027-02-01,0.004597003923284861,,0.18314054584130612,0.09386877488229549
쿠  바,공용,2027-03-01,0.05708742045828245,,0.3779946767399887,0.2175410485991356
쿠  바,관광,2025-04-01,4.71377795386772,,9.277607295478822,6.995692624673271
쿠  바,관광,2025-05-01,11.127724433146781,,10.958866786638628,11.043295609892706
쿠  바,관광,2025-06-01,9.322577577216613,,12.471845825348499,10.897211701282556
쿠  바,관광,2025-07-01,28.236233541062468,,14.131208890156016,21.183721215609243
쿠  바,관광,2025-08-01,18.67580620241505,,15.82334050811189,17.249573355263472
쿠  바,관광,2025-09-01,14.433883259658641,,16.496885933973665,15.465384596816154
쿠  바,관광,2025-10-01,13.602956049266671,,12.275631389467922,12.939293719367296
쿠  바,관광,2025-11-01,12.753435087821396,,9.43634661868683,11.094890853254114
쿠  바,관광,2025-12-01,2.80034378598922,,9.573023290793286,6.186683538391253
쿠  바,관광,2026-01-01,1.8041606569070217,,9.737111109515954,5.770635883211488
쿠  바,관광,2026-02-01,15.66365926390913,,10.18573217208232,12.924695717995725
쿠  바,관광,2026-03-01,3.869408313208124,,10.22177672371691,7.045592518462517
쿠  바,관광,2026-04-01,8.729761754718872,,10.512568757784631,9.621165256251752
쿠  바,관광,2026-05-01,14.247324195566526,,11.070103703381976,12.65871394947425
쿠  바,관광,2026-06-01,14.774799064410782,,12.897793146652624,13.836296105531703
쿠  바,관광,2026-07-01,33.46759924655919,,15.406008084328288,24.43680366544374
쿠  바,관광,2026-08-01,20.62210346048044,,16.656483628077606,18.63929354427902
쿠  바,관광,2026-09-01,16.52637703668952,,20.68970816353242,18.60804260011097
쿠  바,관광,2026-10-01,13.324601256029116,,24.91217871919359,19.11838998761135
쿠  바,관광,2026-11-01,24.602706010738952,,26.588010715241406,25.59535836299018
쿠  바,관광,2026-12-01,3.490550386451818,,13.21819700592421,8.354373696188015
쿠  바,관광,2027-01-01,2.6611810019503404,,8.428321867336825,5.544751434643583
쿠  바,관광,2027-02-01,12.107605773083435,,9.805483118933335,10.956544446008385
쿠  바,관광,2027-03-01,5.163633868146334,,11.076709509190799,8.120171688668567
쿠  바,기타,2025-04-01,6.62277342993381,,2.288722601237854,4.455748015585832
쿠  바,기타,2025-05-01,8.485225977435965,,3.0581897468711876,5.771707862153576
쿠  바,기타,2025-06-01,6.501591916794375,,3.8664978714155698,5.184044894104972
쿠  바,기타,2025-07-01,5.96531610847683,,4.71182252200675,5.33856931524179
쿠  바,기타,2025-08-01,11.873724937303969,,4.077457530049695,7.975591233676832
쿠  바,기타,2025-09-01,11.06115435747644,,2.5490683300078185,6.805111343742129
쿠  바,기타,2025-10-01,14.103426373666423,,2.9003528863114845,8.501889629988954
쿠  바,기타,2025-11-01,1.976385752056802,,2.3371672601217544,2.1567765060892783
쿠  바,기타,2025-12-01,0.954035425583904,,2.0658266190509895,1.5099310223174467
쿠  바,기타,2026-01-01,4.240596484724736,,2.01094844777756,3.125772466251148
쿠  바,기타,2026-02-01,6.579355260385108,,1.6310381349985583,4.105196697691833
쿠  바,기타,2026-03-01,5.163639285282766,,1.5115078230715007,3.3375735541771334
쿠  바,기타,2026-04-01,8.2868669830735,,1.98393883416818,5.13540290862084
쿠  바,기타,2026-05-01,9.94879296595396,,2.8786243863349945,6.413708676144477
쿠  바,기타,2026-06-01,7.31926129470798,,3.9076307958091556,5.613446045258568
쿠  바,기타,2026-07-01,7.297607540205889,,4.680947124650074,5.9892773324279815
쿠  바,기타,2026-08-01,14.408863981271095,,4.762988598400521,9.585926289835808
쿠  바,기타,2026-09-01,13.463629082677,,3.7113138842017745,8.587471483439387
쿠  바,기타,2026-10-01,17.708124510025982,,3.685923626466037,10.697024068246009
쿠  바,기타,2026-11-01,1.891600393284613,,2.448314834996564,2.1699576141405887
쿠  바,기타,2026-12-01,1.0854806248671518,,2.0721637412099465,1.5788221830385492
쿠  바,기타,2027-01-01,4.516249541516927,,2.056682399177209,3.2864659703470678
쿠  바,기타,2027-02-01,7.3339567604711755,,1.5864362333068716,4.460196496889024
쿠  바,기타,2027-03-01,7.233548510702379,,1.4409587423118726,4.337253626507126
쿠  바,상용,2025-04-01,0.06618620660533629,,-0.25954544241081345,-0.09667961790273857
쿠  바,상용,2025-05-01,0.08322781515640122,,0.0070561427341073735,0.0451419789452543
쿠  바,상용,2025-06-01,0.10343907936529387,,0.24014900604892642,0.17179404270711013
쿠  바,상용,2025-07-01,0.09070142444473087,,0.39415341147197624,0.24242741795835354
쿠  바,상용,2025-08-01,0.0277268428265304,,0.42459584530398,0.22616134406525518
쿠  바,상용,2025-09-01,0.027821248604747457,,0.466271053689963,0.24704615114735523
쿠  바,상용,2025-10-01,0.03836180360895659,,0.3539552830027102,0.19615854330583338
쿠  바,상용,2025-11-01,0.021023888146959793,,0.06572457405582144,0.04337423110139062
쿠  바,상용,2025-12-01,0.020164490409676702,,0.044399901807747444,0.03228219610871207
쿠  바,상용,2026-01-01,0.03538451300407324,,-0.024414858355956692,0.005484827324058274
쿠  바,상용,2026-02-01,0.0872586690036216,,-0.23883112476780477,-0.07578622788209158
쿠  바,상용,2026-03-01,0.0613631954544304,,-0.4454597454131226,-0.1920482749793461
쿠  바,상용,2026-04-01,0.04013212179891181,,-0.19840692559761397,-0.07913740189935108
쿠  바,상용,2026-05-01,0.07151032117332957,,0.08760154101787232,0.07955593109560094
쿠  바,상용,2026-06-01,0.09695020160368585,,0.33629818149981694,0.2166241915517514
쿠  바,상용,2026-07-01,0.06688695645848805,,0.47597340580228775,0.2714301811303879
쿠  바,상용,2026-08-01,0.01955215938417293,,0.5068824052903336,0.2632172823372533
쿠  바,상용,2026-09-01,0.025085127188941722,,0.4965765024664306,0.26083081482768616
쿠  바,상용,2026-10-01,0.034006304373916954,,0.3820331370515655,0.20801972071274122
쿠  바,상용,2026-11-01,0.01382192760847376,,0.0863380126380644,0.05007997012326908
쿠  바,상용,2026-12-01,0.01303449757104349,,0.05897438596817417,0.03600444176960883
쿠  바,상용,2027-01-01,-0.0010274162701458393,,-0.013089187976236483,-0.007058302123191161
쿠  바,상용,2027-02-01,0.12122416415561234,,-0.2304835639265923,-0.054629699885489984
쿠  바,상용,2027-03-01,0.017876795022197772,,-0.43380857676898876,-0.2079658908733955
쿠  바,유학연수,2025-04-01,0.19180088822746874,,0.7354472456336822,0.4636240669305755
쿠  바,유학연수,2025-05-01,0.23328075391932684,,1.2734177790915349,0.7533492665054309
쿠  바,유학연수,2025-06-01,0.37265274952802285,,3.055089731633851,1.7138712405809369
쿠  바,유학연수,2025-07-01,0.6983407193912954,,4.039233089053691,2.3687869042224934
쿠  바,유학연수,2025-08-01,1.466664653917172,,3.4375551843438776,2.4521099191305247
쿠  바,유학연수,2025-09-01,0.37097144189235787,,1.9809373868804099,1.1759544143863838
쿠  바,유학연수,2025-10-01,-0.10814092343738035,,0.13762090969067675,0.014739993126648199
쿠  바,유학연수,2025-11-01,1.6050143341998586,,0.4625498838865258,1.0337821090431922
쿠  바,유학연수,2025-12-01,0.040738022999637996,,2.887170849667148,1.463954436333393
쿠  바,유학연수,2026-01-01,0.36848553910659787,,3.5588524231618486,1.9636689811342232
쿠  바,유학연수,2026-02-01,2.0447677882387674,,3.0420428188278423,2.543405303533305
쿠  바,유학연수,2026-03-01,2.0765011309006165,,1.8063397654388451,1.9414204481697308
쿠  바,유학연수,2026-04-01,-0.011922437115889105,,0.7152358159564256,0.35165668942026823
쿠  바,유학연수,2026-05-01,0.025675972272391004,,0.10972380762703557,0.0676998899497133
쿠  바,유학연수,2026-06-01,0.20254205077536214,,0.04055225234725102,0.12154715156130658
쿠  바,유학연수,2026-07-01,1.4713918536704065,,0.033634654592788193,0.7525132541315973
쿠  바,유학연수,2026-08-01,1.4817890601433419,,0.09790715210716167,0.7898481061252518
쿠  바,유학연수,2026-09-01,0.7683145138812727,,0.14547700720765566,0.4568957605444642
쿠  바,유학연수,2026-10-01,-0.023328281221421845,,0.13269327513788898,0.054682496958233566
쿠  바,유학연수,2026-11-01,0.9636073571013023,,0.11484674954741861,0.5392270533243605
쿠  바,유학연수,2026-12-01,0.5560327978531167,,0.11169479427450746,0.33386379606381206
쿠  바,유학연수,2027-01-01,0.7873878458741762,,0.1365908298612688,0.4619893378677225
쿠  바,유학연수,2027-02-01,1.8864558740758386,,0.12245830701414243,1.0044570905449905
쿠  바,유학연수,2027-03-01,3.1634781305331967,,0.11714128924295605,1.6403097098880763
키리바시,공용,2025-04-01,0.7033591633064422,,0.7356350175016105,0.7194970904040263
키리바시,공용,2025-05-01,5.864791330769988,,0.9966375720936111,3.4307144514317995
키리바시,공용,2025-06-01,1.1663875203019425,,1.7572332647846811,1.461810392543312
키리바시,공용,2025-07-01,2.839902000108963,,2.8412881609380682,2.8405950805235154
키리바시,공용,2025-08-01,9.467148456363965,,4.254993242279642,6.861070849321804
키리바시,공용,2025-09-01,3.484448545072836,,4.670158836092229,4.077303690582532
키리바시,공용,2025-10-01,5.928701539966037,,5.341390363918539,5.635045951942288
키리바시,공용,2025-11-01,3.405434016722833,,2.565111299410367,2.9852726580666
키리바시,공용,2025-12-01,0.7479834310846737,,0.7191327985844481,0.7335581148345609
키리바시,공용,2026-01-01,-0.027100353085784137,,1.2371136123887272,0.6050066296514716
키리바시,공용,2026-02-01,3.9633361253515083,,2.5686653281222247,3.2660007267368663
키리바시,공용,2026-03-01,1.4587957266295053,,1.1765747564637088,1.3176852415466072
키리바시,공용,2026-04-01,-1.222860887026004,,0.5607042532873202,-0.3310783168693419
키리바시,공용,2026-05-01,11.907036578416294,,0.8985487385149655,6.40279265846563
키리바시,공용,2026-06-01,-0.4795670410893684,,1.7278445138668201,0.6241387363887259
키리바시,공용,2026-07-01,4.301924722276352,,2.870012366148045,3.5859685442121982
키리바시,공용,2026-08-01,8.052363295892247,,4.192717014096237,6.122540154994242
키리바시,공용,2026-09-01,5.550148336739849,,4.741513301185117,5.145830818962484
키리바시,공용,2026-10-01,10.320273682043945,,5.360615143123166,7.8404444125835555
키리바시,공용,2026-11-01,2.681062971653884,,2.6556258058692515,2.6683443887615677
키리바시,공용,2026-12-01,0.9859316367544044,,0.7511473306524679,0.8685394837034361
키리바시,공용,2027-01-01,0.35066591974007194,,1.3058543855331042,0.828260152636588
키리바시,공용,2027-02-01,3.55023212777344,,2.7011244499868665,3.1256782888801533
키리바시,공용,2027-03-01,2.7437371422349575,,1.2143463367188017,1.9790417394768796
키리바시,관광,2025-04-01,5.559645778827198,,1.6389421458665616,3.59929396234688
키리바시,관광,2025-05-01,7.420724778594291,,2.4166307739512582,4.918677776272775
키리바시,관광,2025-06-01,7.698379779386415,,3.3307809188423327,5.5145803491143734
키리바시,관광,2025-07-01,8.379768333799017,,4.36512640960191,6.3724473717004635
키리바시,관광,2025-08-01,6.922428809598979,,3.4617872953397253,5.192108052469353
키리바시,관광,2025-09-01,7.689795853998315,,2.4332470266687984,5.061521440333557
키리바시,관광,2025-10-01,7.882790036135362,,0.43871563699152105,4.160752836563441
키리바시,관광,2025-11-01,6.169881439573595,,-0.3912813444297676,2.8893000475719135
키리바시,관광,2025-12-01,4.493317195258519,,0.5945922562075445,2.5439547257330317
키리바시,관광,2026-01-01,5.133595336330535,,-0.5518804585808255,2.2908574388748546
키리바시,관광,2026-02-01,5.226111939732661,,-1.065282606648136,2.0804146665422625
키리바시,관광,2026-03-01,9.142003060544004,,-0.17232323669864513,4.48483991192268
키리바시,관광,2026-04-01,7.0142164809848735,,1.4226439378428282,4.218430209413851
키리바시,관광,2026-05-01,8.984762255042625,,2.330927506106544,5.657844880574585
키리바시,관광,2026-06-01,8.737987445649454,,3.25123836850171,5.994612907075582
키리바시,관광,2026-07-01,10.078621486723993,,4.139978711642598,7.1093000991832955
키리바시,관광,2026-08-01,7.761612502889958,,3.0245333479864414,5.393072925438199
키리바시,관광,2026-09-01,8.962071459197315,,1.9010162534000514,5.431543856298683
키리바시,관광,2026-10-01,9.640816571566287,,0.2522014484185924,4.94650900999244
키리바시,관광,2026-11-01,7.644258124195944,,-0.30260599054836845,3.6708260668237878
키리바시,관광,2026-12-01,5.028012045095689,,0.8123142504382841,2.9201631477669867
키리바시,관광,2027-01-01,6.000173761203676,,-0.2917426281070554,2.8542155665483104
키리바시,관광,2027-02-01,5.279335275434873,,-0.8530301890884253,2.2131525431732237
키리바시,관광,2027-03-01,10.918591077909706,,-0.08403766459254669,5.41727670665858
키리바시,기타,2025-04-01,3.0051953357109626,,13.062125724012901,8.033660529861931
키리바시,기타,2025-05-01,2.9353076016749258,,12.510871198026535,7.72308939985073
키리바시,기타,2025-06-01,2.544761209699434,,12.803104421049028,7.673932815374231
키리바시,기타,2025-07-01,2.4982620008876517,,13.66269286245685,8.080477431672252
키리바시,기타,2025-08-01,2.384559519108648,,15.1690314119814,8.776795465545025
키리바시,기타,2025-09-01,2.0042766517150916,,16.4987374475158,9.251507049615446
키리바시,기타,2025-10-01,1.8616089937079228,,18.858631392116003,10.360120192911962
키리바시,기타,2025-11-01,1.4630698603005854,,20.638006765364864,11.050538312832725
키리바시,기타,2025-12-01,1.5149566887214143,,19.44542810230677,10.480192395514093
키리바시,기타,2026-01-01,1.234865034989451,,18.508876842970224,9.871870938979837
키리바시,기타,2026-02-01,0.8990558628561074,,19.47991073274909,10.1894832978026
키리바시,기타,2026-03-01,0.8105985367678811,,20.788010921106398,10.79930472893714
키리바시,기타,2026-04-01,0.5696450119736431,,19.275594077402182,9.922619544687914
키리바시,기타,2026-05-01,0.3327545833191056,,18.094055889131965,9.213405236225535
키리바시,기타,2026-06-01,0.13364461326016064,,17.700761598737692,8.917203105998926
키리바시,기타,2026-07-01,-0.07675648960161434,,18.024649461734292,8.973946486066339
키리바시,기타,2026-08-01,-0.29865937790160585,,19.13621185385923,9.418776237978811
키리바시,기타,2026-09-01,-0.49839573024385586,,20.351357880853598,9.92648107530487
키리바시,기타,2026-10-01,-0.7180766234768478,,22.617309752753975,10.949616564638564
키리바시,기타,2026-11-01,-0.8474872410884745,,24.349634905919807,11.751073832415667
키리바시,기타,2026-12-01,-1.3372147252053226,,22.9941979277787,10.82849160128669
키리바시,기타,2027-01-01,-1.2899978432410526,,21.910478044476733,10.31024010061784
키리바시,기타,2027-02-01,-1.4389288234305253,,22.909825774823275,10.735448475696375
키리바시,기타,2027-03-01,-1.8499071678058232,,24.295329947622342,11.222711389908259
키리바시,상용,2025-04-01,-1.8064572872064015e-09,,0.00042408870630094436,0.00021204344992182858
키리바시,상용,2025-05-01,-2.8841680628319625e-08,,0.0012858284609912254,0.0006428998096552985
키리바시,상용,2025-06-01,-2.9405955133697564e-08,,0.0014176354450685632,0.0007088030195567147
키리바시,상용,2025-07-01,-2.488440598002447e-08,,-0.0007125050650464999,-0.00035626497472623995
키리바시,상용,2025-08-01,-4.099302888651983e-09,,-0.0018469126420712625,-0.0009234583706870756
키리바시,상용,2025-09-01,6.544038924708841e-08,,-0.0004133930438163895,-0.0002066638017135712
키리바시,상용,2025-10-01,-1.1940483537866647e-05,,0.05286374525073973,0.026425902383600933
키리바시,상용,2025-11-01,-6.21455323522312e-08,,0.0004965777301413512,0.0002482577923044995
키리바시,상용,2025-12-01,-2.398088034250513e-09,,-0.0024317032871486958,-0.001215852842618365
키리바시,상용,2026-01-01,1.454901734424355e-08,,0.0005332076342318887,0.0002666110916246165
키리바시,상용,2026-02-01,2.166702655356786e-08,,-0.00030453311087120204,-0.00015225572192232423
키리바시,상용,2026-03-01,1.18706802918821e-09,,0.0003198639727509398,0.0001599325799094845
키리바시,상용,2026-04-01,3.682759185469575e-10,,0.0007606572215116776,0.00038032879489379806
키리바시,상용,2026-05-01,-4.5503503285582674e-10,,0.0014512160767024837,0.0007256078108337254
키리바시,상용,2026-06-01,3.466248541413201e-10,,0.0013762744705107673,0.0006881374085678107
키리바시,상용,2026-07-01,4.572491989116069e-10,,-0.0008464641400552086,-0.0004232318414030049
키리바시,상용,2026-08-01,1.80582249462636e-10,,-0.0019679954212503403,-0.0009839976203340453
키리바시,상용,2026-09-01,6.278505773368843e-11,,-0.0007689774192336614,-0.0003844886782243018
키리바시,상용,2026-10-01,-4.33268960058881e-07,,0.05287836725862805,0.026438966994833998
키리바시,상용,2026-11-01,-6.191393455176999e-11,,0.00047046836454222576,0.0002352341513141456
키리바시,상용,2026-12-01,-8.601119678822861e-11,,-0.002608009711725412,-0.0013040048988683043
키리바시,상용,2027-01-01,1.0830652360937415e-10,,0.00039418647122348074,0.00019709328976500219
키리바시,상용,2027-02-01,8.412754363737309e-10,,-0.0004081778482836742,-0.00020408850350411893
키리바시,상용,2027-03-01,1.0904749259325225e-09,,0.0002632914547571318,0.00013164627261602887
키리바시,유학연수,2025-04-01,0.02637835582569882,,0.09658950485409395,0.06148393033989639
키리바시,유학연수,2025-05-01,0.013374363469996486,,0.08215064866622857,0.047762506068112526
키리바시,유학연수,2025-06-01,0.0003439106144467502,,0.06389574966685214,0.032119830140649445
키리바시,유학연수,2025-07-01,0.0009695198136798834,,0.05640654329391179,0.028688031553795835
키리바시,유학연수,2025-08-01,7.923353392876666e-05,,0.0720549198571036,0.03606707669551618
키리바시,유학연수,2025-09-01,9.74526732458004e-05,,0.0987631626633545,0.04943030766830015
키리바시,유학연수,2025-10-01,0.000127615516280546,,0.11656354491797404,0.05834558021712729
키리바시,유학연수,2025-11-01,0.00017234737272068892,,0.15045321256494498,0.07531277996883283
키리바시,유학연수,2025-12-01,-0.009456275758165966,,0.15468519704190473,0.07261446064186938
키리바시,유학연수,2026-01-01,-0.005647742741486074,,0.1435672981775307,0.06895977771802231
키리바시,유학연수,2026-02-01,0.0005475971995448835,,0.14096298577193145,0.07075529148573817
키리바시,유학연수,2026-03-01,0.00029846484251927165,,0.0893330548841666,0.044815759863342935
키리바시,유학연수,2026-04-01,0.039146170614171485,,0.8637626302050498,0.45145440040961066
키리바시,유학연수,2026-05-01,0.020041766839600912,,1.7568139203539042,0.8884278435967525
키리바시,유학연수,2026-06-01,0.00014422544012831985,,1.4901908850127232,0.7451675552264257
키리바시,유학연수,2026-07-01,0.002394752944814327,,0.39917930431516113,0.20078702862998773
키리바시,유학연수,2026-08-01,5.240953511766307e-05,,0.3640666629248599,0.18205953622998877
키리바시,유학연수,2026-09-01,-8.33315384003599e-05,,0.1567520083724806,0.07833433841704011
키리바시,유학연수,2026-10-01,-0.00037980166678154993,,0.17435912113419624,0.08698965973370734
키리바시,유학연수,2026-11-01,-0.0007973514990541752,,0.20277648259351996,0.10098956554723289
키리바시,유학연수,2026-12-01,-0.011140633319355765,,0.16808341087342205,0.07847138877703314
키리바시,유학연수,2027-01-01,-0.006882983643416566,,0.15693421225769835,0.07502561430714089
키리바시,유학연수,2027-02-01,-0.000335332984781927,,0.15042321487706953,0.0750439409461438
키리바시,유학연수,2027-03-01,-7.128050618797345e-05,,0.13647896507968432,0.06820384228674817
태  국,공용,2025-04-01,480.283744098407,,279.6120381384786,379.94789111844284
태  국,공용,2025-05-01,652.8626682479809,,229.96274548680123,441.4127068673911
태  국,공용,2025-06-01,613.8946934270881,,127.25947881968372,370.5770861233859
태  국,공용,2025-07-01,575.4036594809111,,102.6250057362754,339.01433260859324
태  국,공용,2025-08-01,575.2993918632657,,156.66168717541976,365.9805395193427
태  국,공용,2025-09-01,729.5001098380424,,228.21976466855412,478.85993725329826
태  국,공용,2025-10-01,572.655419666825,,226.07282490034726,399.3641222835861
태  국,공용,2025-11-01,618.8386923875173,,187.83601515860727,403.3373537730623
태  국,공용,2025-12-01,325.92128485086744,,121.74739604291159,223.8343404468895
태  국,공용,2026-01-01,250.93741601438643,,101.39345007070617,176.16543304254628
태  국,공용,2026-02-01,384.83573225231635,,130.25289882870624,257.5443155405113
태  국,공용,2026-03-01,626.338503961417,,162.64242591510936,394.4904649382632
태  국,공용,2026-04-01,595.4384453916762,,104.75181435081628,350.09512987124623
태  국,공용,2026-05-01,857.494249748156,,75.12844971501481,466.3113497315854
태  국,공용,2026-06-01,737.2723800390572,,84.66456283324374,410.9684714361505
태  국,공용,2026-07-01,694.2681350301496,,99.80723606711601,397.0376855486328
태  국,공용,2026-08-01,729.8200527570025,,119.93181709322681,424.8759349251146
태  국,공용,2026-09-01,927.9542185377086,,136.40385456822344,532.179036552966
태  국,공용,2026-10-01,697.7532163078523,,153.9872959623158,425.87025613508405
태  국,공용,2026-11-01,755.1832023920869,,154.3903967383583,454.78679956522257
태  국,공용,2026-12-01,415.3605300108414,,131.78611266641968,273.57332133863054
태  국,공용,2027-01-01,278.5048862661147,,123.64391257703646,201.07439942157558
태  국,공용,2027-02-01,454.1808233956853,,165.38432962801295,309.78257651184913
태  국,공용,2027-03-01,776.1776890458835,,242.38144365596338,509.27956635092346
태  국,관광,2025-04-01,46220.80829700724,,30621.292014289837,38421.05015564854
태  국,관광,2025-05-01,33426.59460684475,,22166.658751615363,27796.62667923006
태  국,관광,2025-06-01,22186.908695230297,,15907.76368654077,19047.336190885533
태  국,관광,2025-07-01,19434.65877895018,,13423.231446853237,16428.945112901707
태  국,관광,2025-08-01,16084.298979121273,,12762.571902166415,14423.435440643843
태  국,관광,2025-09-01,21795.498076538188,,16344.845130299924,19070.171603419054
태  국,관광,2025-10-01,43723.59396724416,,29262.04249089558,36492.81822906987
태  국,관광,2025-11-01,35134.30841813091,,23977.81677152052,29556.062594825715
태  국,관광,2025-12-01,45082.151912980786,,28785.5394707636,36933.84569187219
태  국,관광,2026-01-01,33653.32174751369,,22933.83239739082,28293.577072452255
태  국,관광,2026-02-01,33923.89629486394,,25758.00494596102,29840.950620412477
태  국,관광,2026-03-01,45788.49247812782,,32077.22866430744,38932.86057121763
태  국,관광,2026-04-01,56038.242421300136,,38726.17113299707,47382.2067771486
태  국,관광,2026-05-01,40530.316630564186,,29209.90313103039,34870.10988079729
태  국,관광,2026-06-01,26667.098359627355,,21895.276283207226,24281.18732141729
태  국,관광,2026-07-01,23880.31939858582,,18806.138218386783,21343.228808486303
태  국,관광,2026-08-01,20063.024482172532,,17582.39203771125,18822.708259941894
태  국,관광,2026-09-01,26231.20819454119,,22317.36715033995,24274.28767244057
태  국,관광,2026-10-01,52244.310393056716,,36522.31247077692,44383.311431916816
태  국,관광,2026-11-01,41216.88817365924,,29756.85840876586,35486.87329121255
태  국,관광,2026-12-01,53890.99229809367,,35874.25969541091,44882.62599675229
태  국,관광,2027-01-01,40046.316018683974,,28417.17579919169,34231.74590893783
태  국,관광,2027-02-01,40060.92015002692,,31244.815098310944,35652.86762416893
태  국,관광,2027-03-01,54520.8274316431,,38655.69223199242,46588.25983181776
태  국,기타,2025-04-01,5325.3303176435675,,4831.254623122424,5078.292470382996
태  국,기타,2025-05-01,5444.7023419985635,,4738.685808305255,5091.694075151909
태  국,기타,2025-06-01,5203.804736179217,,4676.133370978095,4939.969053578656
태  국,기타,2025-07-01,5568.721886538577,,4648.591015052248,5108.656450795412
태  국,기타,2025-08-01,5874.316199949773,,4719.781217777961,5297.048708863867
태  국,기타,2025-09-01,5443.258443478559,,4831.54313666209,5137.400790070324
태  국,기타,2025-10-01,5878.4382581669515,,4918.0078784236375,5398.223068295294
태  국,기타,2025-11-01,5623.348133270153,,4932.396400692786,5277.87226698147
태  국,기타,2025-12-01,5797.207796328125,,4961.214551482465,5379.211173905295
태  국,기타,2026-01-01,6659.221075797131,,5314.054653243768,5986.6378645204495
태  국,기타,2026-02-01,6389.050008653373,,5352.2946544985525,5870.672331575963
태  국,기타,2026-03-01,6490.879828044519,,5255.8601585354645,5873.369993289992
태  국,기타,2026-04-01,6518.56250680722,,5231.362064359544,5874.962285583382
태  국,기타,2026-05-01,6594.9758244213635,,5147.297316986603,5871.136570703983
태  국,기타,2026-06-01,6380.747116247634,,5073.335470093867,5727.041293170751
태  국,기타,2026-07-01,6893.375709028194,,5014.648162236967,5954.011935632581
태  국,기타,2026-08-01,7109.734875889094,,5058.90117157474,6084.3180237319175
태  국,기타,2026-09-01,6559.512790516105,,5115.531575983878,5837.522183249992
태  국,기타,2026-10-01,7152.197840835469,,5176.248383120951,6164.22311197821
태  국,기타,2026-11-01,6642.29273395924,,5153.300933753732,5897.796833856486
태  국,기타,2026-12-01,6964.84520181707,,5181.980010958834,6073.412606387952
태  국,기타,2027-01-01,7972.345821053086,,5538.21899928107,6755.282410167078
태  국,기타,2027-02-01,7607.398161395657,,5521.66554777245,6564.531854584053
태  국,기타,2027-03-01,7718.940271433515,,5374.786188837954,6546.863230135734
태  국,상용,2025-04-01,137.6441392700984,,90.9184287384115,114.28128400425496
태  국,상용,2025-05-01,139.88752416485258,,90.32850743704924,115.10801580095091
태  국,상용,2025-06-01,113.61147769264181,,89.92951003374087,101.77049386319135
태  국,상용,2025-07-01,114.00363839424996,,89.49569824091509,101.74966831758252
태  국,상용,2025-08-01,106.04126336700263,,84.04727776436418,95.0442705656834
태  국,상용,2025-09-01,127.15268149146704,,84.31667714303117,105.7346793172491
태  국,상용,2025-10-01,151.2525016443881,,93.28781640854845,122.27015902646828
태  국,상용,2025-11-01,127.08025493724186,,93.03009147043076,110.05517320383632
태  국,상용,2025-12-01,114.32506315398024,,89.8105847202562,102.06782393711822
태  국,상용,2026-01-01,113.30576937976694,,84.27446999059667,98.7901196851818
태  국,상용,2026-02-01,110.34074966226373,,93.3757796975511,101.85826467990742
태  국,상용,2026-03-01,148.10298569387618,,93.66774660839046,120.88536615113333
태  국,상용,2026-04-01,167.11125825395814,,90.80025901509723,128.95575863452768
태  국,상용,2026-05-01,163.9318376645213,,90.33265173465045,127.13224469958588
태  국,상용,2026-06-01,140.56652481078385,,89.87179324822557,115.21915902950471
태  국,상용,2026-07-01,144.7443672258572,,89.40531935303439,117.0748432894458
태  국,상용,2026-08-01,132.85074487272743,,83.94733379182654,108.39903933227698
태  국,상용,2026-09-01,151.81948487846094,,84.2537456405066,118.03661525948377
태  국,상용,2026-10-01,176.31968065426724,,93.2505177301375,134.78509919220238
태  국,상용,2026-11-01,144.6599111783722,,92.97553442562798,118.81772280200009
태  국,상용,2026-12-01,142.19455917558346,,89.73086423311234,115.9627117043479
태  국,상용,2027-01-01,138.5560286111418,,84.21871087052284,111.38736974083233
태  국,상용,2027-02-01,135.10830035981448,,93.34504091561942,114.22667063771695
태  국,상용,2027-03-01,170.43739580472874,,93.65402577779638,132.04571079126256
태  국,유학연수,2025-04-01,67.72349252847907,,173.9983010553208,120.86089679189993
태  국,유학연수,2025-05-01,124.10819835216682,,136.9336515200569,130.52092493611187
태  국,유학연수,2025-06-01,167.31578153655772,,151.09018652218657,159.20298402937215
태  국,유학연수,2025-07-01,157.94285443059383,,198.79328302061225,178.36806872560305
태  국,유학연수,2025-08-01,622.3209682255044,,450.3209254594246,536.3209468424645
태  국,유학연수,2025-09-01,204.65238771480375,,180.8594948533947,192.7559412840992
태  국,유학연수,2025-10-01,88.84425807609908,,59.21883849449852,74.0315482852988
태  국,유학연수,2025-11-01,161.12379403924652,,138.87873182950727,150.00126293437688
태  국,유학연수,2025-12-01,146.0959070468002,,183.374965357072,164.7354362019361
태  국,유학연수,2026-01-01,192.80811787814193,,136.74736158515103,164.77773973164648
태  국,유학연수,2026-02-01,559.2903129975314,,341.17398424564504,450.2321486215882
태  국,유학연수,2026-03-01,261.2299818607474,,402.31400050661097,331.7719911836792
태  국,유학연수,2026-04-01,81.90325158882789,,251.08380734920442,166.49352946901615
태  국,유학연수,2026-05-01,146.31292178803966,,160.88553407070623,153.59922792937294
태  국,유학연수,2026-06-01,187.97577993776346,,138.2098673967334,163.0928236672484
태  국,유학연수,2026-07-01,181.03050019518477,,182.02033773835194,181.52541896676837
태  국,유학연수,2026-08-01,745.2517615239301,,423.81765846355955,584.5347099937449
태  국,유학연수,2026-09-01,240.8085954003992,,187.67879087125038,214.2436931358248
태  국,유학연수,2026-10-01,95.88593415232057,,65.10196240543007,80.49394827887532
태  국,유학연수,2026-11-01,166.76590086391226,,187.92059904688807,177.34324995540015
태  국,유학연수,2026-12-01,174.34502899422225,,222.89043593746013,198.6177324658412
태  국,유학연수,2027-01-01,225.02627333150224,,175.7279904459486,200.37713188872542
태  국,유학연수,2027-02-01,666.212723388595,,353.5532755220419,509.88299945531844
태  국,유학연수,2027-03-01,277.52167085732094,,403.911843621278,340.71675723929945
터  키,공용,2025-04-01,25.490198535546174,,20.692482485755725,23.09134051065095
터  키,공용,2025-05-01,30.47403786559342,,20.71358659781995,25.593812231706686
터  키,공용,2025-06-01,29.056590611096635,,17.054421721674778,23.055506166385705
터  키,공용,2025-07-01,24.171154379049494,,14.616695476677853,19.393924927863672
터  키,공용,2025-08-01,21.665163721303962,,18.891834769021337,20.27849924516265
터  키,공용,2025-09-01,29.997689854276892,,28.22293183909455,29.11031084668572
터  키,공용,2025-10-01,25.5991451167649,,25.464857494656687,25.532001305710793
터  키,공용,2025-11-01,24.879414596885386,,21.46261615350749,23.17101537519644
터  키,공용,2025-12-01,22.828903942672905,,15.50800306168587,19.16845350217939
터  키,공용,2026-01-01,9.944521091798517,,11.511433708094069,10.727977399946294
터  키,공용,2026-02-01,11.006194701142725,,11.94091250904347,11.473553605093098
터  키,공용,2026-03-01,18.596101875632357,,18.743978427135623,18.67004015138399
터  키,공용,2026-04-01,35.56590712882215,,23.148844296392188,29.357375712607165
터  키,공용,2026-05-01,36.122191410068965,,24.826037010156902,30.474114210112933
터  키,공용,2026-06-01,35.89311623354196,,21.133366715272228,28.513241474407096
터  키,공용,2026-07-01,24.26795765163646,,18.66283307417244,21.465395362904452
터  키,공용,2026-08-01,27.278977605288052,,28.084221985450736,27.681599795369394
터  키,공용,2026-09-01,38.215942404109185,,41.298971289129724,39.757456846619455
터  키,공용,2026-10-01,32.03422240251283,,37.256323583364455,34.645272992938644
터  키,공용,2026-11-01,35.08138349886435,,26.43163124781932,30.756507373341833
터  키,공용,2026-12-01,21.370693264775333,,18.279203199174567,19.82494823197495
터  키,공용,2027-01-01,10.641897917621113,,13.089491041322624,11.86569447947187
터  키,공용,2027-02-01,11.917553801309392,,14.603482652251317,13.260518226780356
터  키,공용,2027-03-01,23.084291483259324,,24.659503912209566,23.871897697734447
터  키,관광,2025-04-01,5071.110237030147,,4616.520580320014,4843.81540867508
터  키,관광,2025-05-01,3539.89250340729,,4084.367218387605,3812.1298608974475
터  키,관광,2025-06-01,4116.996816089396,,3407.4815805032476,3762.239198296322
터  키,관광,2025-07-01,3742.0398797814314,,3057.8394173339843,3399.939648557708
터  키,관광,2025-08-01,3761.571352424786,,2979.798805428565,3370.6850789266755
터  키,관광,2025-09-01,3863.4323949052937,,3035.78686099843,3449.6096279518615
터  키,관광,2025-10-01,4366.862963756466,,3140.041299220914,3753.45213148869
터  키,관광,2025-11-01,3418.748663861845,,2799.9466272818704,3109.347645571858
터  키,관광,2025-12-01,2393.070188960591,,1846.5629030896125,2119.816546025102
터  키,관광,2026-01-01,2129.1202590079965,,1097.0653644324966,1613.0928117202466
터  키,관광,2026-02-01,1965.774972925632,,1059.5420247111274,1512.6584988183797
터  키,관광,2026-03-01,4325.472466923938,,2952.850368053902,3639.16141748892
터  키,관광,2026-04-01,5902.297051366663,,4427.465735051819,5164.881393209242
터  키,관광,2026-05-01,4771.335524592415,,4075.6320013025324,4423.483762947473
터  키,관광,2026-06-01,5135.190125362473,,3371.0186791482274,4253.104402255351
터  키,관광,2026-07-01,4750.980106624841,,2946.7830006520758,3848.881553638458
터  키,관광,2026-08-01,4793.622878265339,,2825.4140704522774,3809.518474358808
터  키,관광,2026-09-01,4760.7686438208775,,2906.6848127948006,3833.726728307839
터  키,관광,2026-10-01,5208.303661879244,,3037.665817213412,4122.984739546328
터  키,관광,2026-11-01,4271.193709420581,,2790.6175737042104,3530.905641562396
터  키,관광,2026-12-01,2975.117997932698,,1908.1906068254527,2441.6543023790755
터  키,관광,2027-01-01,2590.311108532064,,1114.890780225706,1852.6009443788848
터  키,관광,2027-02-01,2457.202747877239,,939.6707939435288,1698.4367709103838
터  키,관광,2027-03-01,5394.382232115855,,2534.4482501907437,3964.4152411532996
터  키,기타,2025-04-01,1509.6016016837127,,1111.7688863172505,1310.6852440004816
터  키,기타,2025-05-01,1443.8774617660117,,1109.7737428946446,1276.8256023303281
터  키,기타,2025-06-01,1429.3750914223483,,1135.3336346189726,1282.3543630206605
터  키,기타,2025-07-01,1539.843928968581,,1191.574804423548,1365.7093666960645
터  키,기타,2025-08-01,1502.9781131848038,,1229.2681674138482,1366.123140299326
터  키,기타,2025-09-01,1465.598332374742,,1233.107730383983,1349.3530313793626
터  키,기타,2025-10-01,1493.6011803159308,,1196.3147241987836,1344.9579522573572
터  키,기타,2025-11-01,1352.9239900026105,,1148.7989047993972,1250.8614474010037
터  키,기타,2025-12-01,1468.2179441184735,,1168.6357468415192,1318.4268454799962
터  키,기타,2026-01-01,1500.5615082986817,,1172.0226670610618,1336.2920876798717
터  키,기타,2026-02-01,1425.0515090836261,,1087.9366475317715,1256.4940783076988
터  키,기타,2026-03-01,1560.8337347019049,,1029.146508322641,1294.990121512273
터  키,기타,2026-04-01,1760.7216999068683,,1032.5407853458962,1396.6312426263821
터  키,기타,2026-05-01,1684.4788858145264,,975.4939549337619,1329.986420374144
터  키,기타,2026-06-01,1674.5725682686073,,979.0719527275637,1326.8222604980856
터  키,기타,2026-07-01,1798.5925841480337,,1058.6551191391843,1428.623851643609
터  키,기타,2026-08-01,1780.9997291693908,,1157.800225944839,1469.3999775571149
터  키,기타,2026-09-01,1704.087923273379,,1183.7177742989184,1443.9028487861488
터  키,기타,2026-10-01,1734.0735082683163,,1167.1677926977654,1450.620650483041
터  키,기타,2026-11-01,1567.6861098548175,,1143.4493850475635,1355.5677474511904
터  키,기타,2026-12-01,1668.263191624911,,1178.4724819730818,1423.3678367989964
터  키,기타,2027-01-01,1736.7153071398861,,1187.2258824574506,1461.9705947986683
터  키,기타,2027-02-01,1653.3328569900762,,1114.6555438843372,1383.9942004372067
터  키,기타,2027-03-01,1794.9378783920954,,1053.5507657770827,1424.244322084589
터  키,상용,2025-04-01,12.450722624127097,,9.695412778582808,11.073067701354953
터  키,상용,2025-05-01,15.384432103342155,,9.38621747490376,12.385324789122958
터  키,상용,2025-06-01,12.606866156286886,,9.340836453774731,10.97385130503081
터  키,상용,2025-07-01,13.810712449248408,,9.89384104868681,11.852276748967608
터  키,상용,2025-08-01,18.551516666674363,,18.848973058811524,18.70024486274294
터  키,상용,2025-09-01,15.205579725754282,,14.688889601746846,14.947234663750564
터  키,상용,2025-10-01,14.971775886971926,,12.185516777602087,13.578646332287008
터  키,상용,2025-11-01,13.83817821825107,,12.754453686445775,13.296315952348422
터  키,상용,2025-12-01,13.319692292972379,,11.26002147948683,12.289856886229604
터  키,상용,2026-01-01,14.791212465044884,,13.57156579667962,14.181389130862252
터  키,상용,2026-02-01,14.67624332700881,,14.995248760420973,14.835746043714892
터  키,상용,2026-03-01,15.494069374824093,,16.030352299334382,15.762210837079238
터  키,상용,2026-04-01,13.360613982539258,,14.44627206454499,13.903443023542124
터  키,상용,2026-05-01,14.795293715189324,,13.273606186930575,14.03444995105995
터  키,상용,2026-06-01,13.840636179902566,,13.609137574982938,13.724886877442753
터  키,상용,2026-07-01,14.381558515371264,,13.6888008327974,14.035179674084333
터  키,상용,2026-08-01,18.891432497015735,,16.418972239916627,17.65520236846618
터  키,상용,2026-09-01,15.6510101813553,,14.944500794576227,15.297755487965762
터  키,상용,2026-10-01,14.279609851008152,,14.04863855034046,14.164124200674305
터  키,상용,2026-11-01,14.379408091724432,,14.540085111917493,14.459746601820964
터  키,상용,2026-12-01,14.23096683412685,,13.145265782559123,13.688116308342988
터  키,상용,2027-01-01,15.87408245987137,,13.703311550199999,14.788697005035685
터  키,상용,2027-02-01,14.136948218883667,,14.600800375359185,14.368874297121426
터  키,상용,2027-03-01,15.52416669321111,,15.363838376788818,15.444002534999964
터  키,유학연수,2025-04-01,17.119832353460872,,84.22331592050631,50.671574136983594
터  키,유학연수,2025-05-01,55.80610196598286,,89.03993630810034,72.42301913704159
터  키,유학연수,2025-06-01,58.15079823765635,,126.00487337044459,92.07783580405047
터  키,유학연수,2025-07-01,78.20193387632573,,179.77319855228575,128.98756621430573
터  키,유학연수,2025-08-01,340.63145768163497,,289.6766626469603,315.1540601642977
터  키,유학연수,2025-09-01,96.12501100407006,,149.31612353095625,122.72056726751316
터  키,유학연수,2025-10-01,22.470220126531448,,58.11047253799256,40.290346332262004
터  키,유학연수,2025-11-01,56.313600183463265,,57.24070217547285,56.777151179468056
터  키,유학연수,2025-12-01,48.5853040319887,,57.95716951676512,53.27123677437691
터  키,유학연수,2026-01-01,65.15457588008282,,79.11312096101409,72.13384842054845
터  키,유학연수,2026-02-01,260.17479192456653,,218.32189714687212,239.24834453571933
터  키,유학연수,2026-03-01,90.85197958154889,,196.3894847321871,143.620732156868
터  키,유학연수,2026-04-01,26.099505830260743,,140.3907384005919,83.24512211542633
터  키,유학연수,2026-05-01,65.7462088538691,,134.63449051307444,100.19034968347177
터  키,유학연수,2026-06-01,67.6958909869012,,166.3711477821377,117.03351938451945
터  키,유학연수,2026-07-01,82.36315556573715,,220.1783120719283,151.27073381883272
터  키,유학연수,2026-08-01,403.3141221757889,,300.39026092135913,351.852191548574
터  키,유학연수,2026-09-01,105.50032837901708,,243.50874569910312,174.5045370390601
터  키,유학연수,2026-10-01,26.253829475754273,,119.15734757295701,72.70558852435565
터  키,유학연수,2026-11-01,63.12378212566629,,89.06586747955143,76.09482480260885
터  키,유학연수,2026-12-01,60.806211739568155,,91.16858735537345,75.9873995474708
터  키,유학연수,2027-01-01,75.79178713981636,,133.9849868670189,104.88838700341763
터  키,유학연수,2027-02-01,292.9864776750048,,243.45041566194533,268.21844666847505
터  키,유학연수,2027-03-01,99.51352060607762,,228.1074416900155,163.81048114804656
파키스탄,공용,2025-04-01,24.281642519199693,,19.72441257383205,22.003027546515874
파키스탄,공용,2025-05-01,33.949796346740285,,21.469771397211915,27.7097838719761
파키스탄,공용,2025-06-01,31.036611351049768,,25.120801802663486,28.078706576856625
파키스탄,공용,2025-07-01,19.69374302928652,,21.76950299227839,20.731623010782457
파키스탄,공용,2025-08-01,28.75890073213043,,17.642250420661316,23.200575576395874
파키스탄,공용,2025-09-01,46.83266552804933,,23.76240363012493,35.29753457908713
파키스탄,공용,2025-10-01,44.80921717265494,,26.526044781622602,35.66763097713877
파키스탄,공용,2025-11-01,35.18231857813997,,20.073701650184482,27.628010114162226
파키스탄,공용,2025-12-01,20.663756809617475,,17.25491431180366,18.959335560710567
파키스탄,공용,2026-01-01,15.76720136121789,,17.61483640383222,16.691018882525057
파키스탄,공용,2026-02-01,24.447264221445874,,18.524055806435484,21.48566001394068
파키스탄,공용,2026-03-01,27.681477450277786,,19.028500954472243,23.354989202375016
파키스탄,공용,2026-04-01,31.18193250348934,,22.012775971895145,26.597354237692244
파키스탄,공용,2026-05-01,42.35926281480896,,22.55579766359398,32.45753023920147
파키스탄,공용,2026-06-01,35.46581117463113,,19.762835064353624,27.614323119492376
파키스탄,공용,2026-07-01,24.571712842520412,,18.52858883870028,21.550150840610346
파키스탄,공용,2026-08-01,32.752771463802794,,15.656151191757147,24.20446132777997
파키스탄,공용,2026-09-01,54.97311608324252,,32.9555917693564,43.96435392629947
파키스탄,공용,2026-10-01,54.499404588623214,,33.58188997465993,44.04064728164157
파키스탄,공용,2026-11-01,45.29536409445657,,22.950414085722098,34.12288909008934
파키스탄,공용,2026-12-01,27.48432774804042,,12.25094950380221,19.867638625921316
파키스탄,공용,2027-01-01,17.045470457620596,,8.803258731736317,12.924364594678456
파키스탄,공용,2027-02-01,19.38579039281842,,11.829352013707258,15.60757120326284
파키스탄,공용,2027-03-01,39.3633287597573,,17.26303112618488,28.31317994297109
파키스탄,관광,2025-04-01,400.8893552237537,,263.55294784322996,332.2211515334918
파키스탄,관광,2025-05-01,481.8541434814616,,301.8780390360621,391.86609125876186
파키스탄,관광,2025-06-01,450.9434296052846,,318.5693681372071,384.7563988712459
파키스탄,관광,2025-07-01,461.5682294043841,,311.78918644558104,386.6787079249826
파키스탄,관광,2025-08-01,448.4982086967315,,300.1816097560383,374.3399092263849
파키스탄,관광,2025-09-01,545.8067014229252,,307.5844763355988,426.695588879262
파키스탄,관광,2025-10-01,612.956419414772,,343.72698263719076,478.34170102598137
파키스탄,관광,2025-11-01,508.94586164100156,,314.36875708992227,411.6573093654619
파키스탄,관광,2025-12-01,392.84220252708417,,259.31681723199324,326.0795098795387
파키스탄,관광,2026-01-01,315.2324348663526,,195.29055719340516,255.26149602987888
파키스탄,관광,2026-02-01,337.47528586650867,,200.92542858466675,269.2003572255877
파키스탄,관광,2026-03-01,424.77146748884064,,218.14509129712195,321.4582793929813
파키스탄,관광,2026-04-01,514.3723946150154,,230.669785838026,372.5210902265207
파키스탄,관광,2026-05-01,574.9333740567657,,257.998528179628,416.46595111819687
파키스탄,관광,2026-06-01,568.5968137739479,,277.9925025849275,423.2946581794377
파키스탄,관광,2026-07-01,567.5731641922703,,270.4253957097528,418.99927995101154
파키스탄,관광,2026-08-01,575.0837868163534,,272.7234251122331,423.9036059642932
파키스탄,관광,2026-09-01,656.1733379934728,,295.6571930815932,475.91526553753306
파키스탄,관광,2026-10-01,757.2458017224617,,324.66471502003446,540.9552583712481
파키스탄,관광,2026-11-01,611.6597086120985,,274.1627449191342,442.91122676561633
파키스탄,관광,2026-12-01,483.6571590252242,,218.8905498881524,351.2738544566883
파키스탄,관광,2027-01-01,379.69309771699795,,179.4430404744413,279.56806909571964
파키스탄,관광,2027-02-01,399.6470267486759,,204.68890974220065,302.16796824543826
파키스탄,관광,2027-03-01,516.4557823797155,,246.5599311152148,381.50785674746515
파키스탄,기타,2025-04-01,725.4498686270147,,599.6006030290903,662.5252358280525
파키스탄,기타,2025-05-01,722.9082909049447,,631.8447316856748,677.3765112953097
파키스탄,기타,2025-06-01,722.5731827398203,,651.3470941875178,686.960138463669
파키스탄,기타,2025-07-01,732.4750733063925,,659.952169379709,696.2136213430507
파키스탄,기타,2025-08-01,793.5346416666812,,674.8377805311279,734.1862110989046
파키스탄,기타,2025-09-01,742.6571040184864,,620.4938482971904,681.5754761578385
파키스탄,기타,2025-10-01,805.6132180680929,,499.30943908413883,652.4613285761159
파키스탄,기타,2025-11-01,690.0345553082678,,473.38596940127843,581.7102623547731
파키스탄,기타,2025-12-01,825.4634797192173,,513.611818974852,669.5376493470346
파키스탄,기타,2026-01-01,869.7773973443612,,587.9970199763601,728.8872086603607
파키스탄,기타,2026-02-01,1000.1142549790803,,589.4420293335368,794.7781421563086
파키스탄,기타,2026-03-01,939.4312269838749,,579.5265170662203,759.4788720250476
파키스탄,기타,2026-04-01,860.9490661713226,,604.5285368995424,732.7388015354325
파키스탄,기타,2026-05-01,857.4131073402688,,631.9367214786929,744.6749144094808
파키스탄,기타,2026-06-01,885.2876799660843,,649.3742870400135,767.3309835030489
파키스탄,기타,2026-07-01,861.113839920313,,657.6879281128874,759.4008840166002
파키스탄,기타,2026-08-01,912.6333072563341,,673.1713277100955,792.9023174832148
파키스탄,기타,2026-09-01,849.0327143956285,,618.8892907394161,733.9610025675223
파키스탄,기타,2026-10-01,959.8220823756668,,497.20759574117955,728.5148390584231
파키스탄,기타,2026-11-01,799.83658023695,,472.246089171081,636.0413347040155
파키스탄,기타,2026-12-01,995.2347395560565,,512.1511089130659,753.6929242345611
파키스탄,기타,2027-01-01,1020.9400062134699,,586.4387840349594,803.6893951242147
파키스탄,기타,2027-02-01,1106.9210076395325,,588.1862270802316,847.5536173598821
파키스탄,기타,2027-03-01,1096.5385407721417,,578.2295662610659,837.3840535166038
파키스탄,상용,2025-04-01,215.7877722886545,,135.41045279994688,175.59911254430068
파키스탄,상용,2025-05-01,229.20106482709318,,134.1288811018989,181.66497296449603
파키스탄,상용,2025-06-01,196.7791212738717,,140.01422126557833,168.396671269725
파키스탄,상용,2025-07-01,211.93154509723814,,148.00864496139073,179.97009502931445
파키스탄,상용,2025-08-01,196.36406514493046,,171.07076802753443,183.71741658623245
파키스탄,상용,2025-09-01,212.57768324501177,,187.71188059927312,200.14478192214244
파키스탄,상용,2025-10-01,255.14881246779012,,186.38727558483365,220.76804402631188
파키스탄,상용,2025-11-01,232.1241075528815,,179.1282842301004,205.62619589149097
파키스탄,상용,2025-12-01,207.36121261231892,,161.40824082401872,184.38472671816882
파키스탄,상용,2026-01-01,192.14974248041784,,162.53825648582747,177.34399948312267
파키스탄,상용,2026-02-01,214.928968948514,,165.94218227635463,190.43557561243432
파키스탄,상용,2026-03-01,263.5638460634156,,184.9413360510746,224.2525910572451
파키스탄,상용,2026-04-01,271.5696446609433,,190.73001297896784,231.1498288199556
파키스탄,상용,2026-05-01,274.9102616402337,,195.7303608905936,235.32031126541366
파키스탄,상용,2026-06-01,243.59090250431345,,196.95265320949187,220.27177785690264
파키스탄,상용,2026-07-01,246.35601615322582,,200.1224608259338,223.2392384895798
파키스탄,상용,2026-08-01,228.44799344900608,,204.81287509384384,216.63043427142497
파키스탄,상용,2026-09-01,270.915570649326,,205.731041572159,238.32330611074252
파키스탄,상용,2026-10-01,300.0742507197002,,205.38661750305823,252.73043411137922
파키스탄,상용,2026-11-01,278.776000291598,,197.78672493748272,238.28136261454034
파키스탄,상용,2026-12-01,245.0639691131079,,171.05729128252568,208.0606301978168
파키스탄,상용,2027-01-01,224.87487858661902,,165.09232517946106,194.98360188304002
파키스탄,상용,2027-02-01,251.9549910542577,,167.1452517414285,209.5501213978431
파키스탄,상용,2027-03-01,305.4922033430812,,194.8434678736817,250.16783560838144
파키스탄,유학연수,2025-04-01,77.8380054403994,,56.289376265424366,67.06369085291189
파키스탄,유학연수,2025-05-01,66.47820437173775,,47.69766349929917,57.08793393551846
파키스탄,유학연수,2025-06-01,59.137165444391776,,52.31021281714203,55.7236891307669
파키스탄,유학연수,2025-07-01,142.56161008428887,,99.02150468447009,120.79155738437947
파키스탄,유학연수,2025-08-01,418.3672734733924,,313.031486422669,365.6993799480307
파키스탄,유학연수,2025-09-01,274.9584378860367,,315.29550878065487,295.12697333334575
파키스탄,유학연수,2025-10-01,83.10791375493189,,120.52052953419363,101.81422164456276
파키스탄,유학연수,2025-11-01,75.57197951921222,,68.93163927062263,72.25180939491742
파키스탄,유학연수,2025-12-01,89.11659542581168,,71.14531002243264,80.13095272412215
파키스탄,유학연수,2026-01-01,205.81606862157443,,161.34561636986678,183.58084249572062
파키스탄,유학연수,2026-02-01,550.0268083895962,,315.1890894346354,432.60794891211583
파키스탄,유학연수,2026-03-01,321.4664067302304,,192.8967906879122,257.1815987090713
파키스탄,유학연수,2026-04-01,87.16281336460854,,50.84495626247518,69.00388481354186
파키스탄,유학연수,2026-05-01,83.03106524639418,,42.64378799521445,62.837426620804315
파키스탄,유학연수,2026-06-01,76.41945880494286,,34.12357572719612,55.271517266069495
파키스탄,유학연수,2026-07-01,162.33190638784575,,35.277844110018904,98.80487524893232
파키스탄,유학연수,2026-08-01,474.49135661917416,,88.85342592530203,281.6723912722381
파키스탄,유학연수,2026-09-01,344.7257433575612,,158.83616278984366,251.78095307370245
파키스탄,유학연수,2026-10-01,91.78465365126524,,67.29307604453088,79.53886484789805
파키스탄,유학연수,2026-11-01,86.08612597755732,,55.91029881495692,70.99821239625712
파키스탄,유학연수,2026-12-01,95.31247630949096,,65.90907741342676,80.61077686145886
파키스탄,유학연수,2027-01-01,247.61379656990064,,143.30838266689847,195.46108961839957
파키스탄,유학연수,2027-02-01,635.2148147419991,,175.0621860977288,405.138500419864
파키스탄,유학연수,2027-03-01,371.81742534566087,,78.94138761519812,225.3794064804295
페  루,공용,2025-04-01,3.111533116599914,,9.46010086466,6.285816990629956
페  루,공용,2025-05-01,8.507027290364533,,10.044922641746572,9.275974966055553
페  루,공용,2025-06-01,2.9587068023316174,,10.566935484406606,6.762821143369112
페  루,공용,2025-07-01,4.087144212514104,,11.343814945978789,7.715479579246447
페  루,공용,2025-08-01,4.157798656682714,,10.217723223558366,7.1877609401205405
페  루,공용,2025-09-01,5.154866773383723,,10.396762527694705,7.775814650539214
페  루,공용,2025-10-01,5.246309842824294,,13.098067339123617,9.172188590973956
페  루,공용,2025-11-01,5.119193391804925,,9.032550285299717,7.07587183855232
페  루,공용,2025-12-01,2.9594280079595667,,7.879456031512979,5.419442019736273
페  루,공용,2026-01-01,2.524349678670322,,6.15294650714125,4.338648092905786
페  루,공용,2026-02-01,6.169444306578922,,2.7518790707717207,4.460661688675321
페  루,공용,2026-03-01,3.0037571579005107,,0.5069759520950807,1.7553665549977957
페  루,공용,2026-04-01,4.512634391331688,,0.555005211202483,2.533819801267086
페  루,공용,2026-05-01,5.871598595148911,,1.4641425403631718,3.6678705677560415
페  루,공용,2026-06-01,3.6989755542390124,,2.6735125242928923,3.1862440392659526
페  루,공용,2026-07-01,4.582628094860236,,3.4132124833897874,3.9979202891250116
페  루,공용,2026-08-01,3.8902504049362485,,3.1133287327981574,3.5017895688672027
페  루,공용,2026-09-01,5.653857068683379,,2.7058116960304655,4.179834382356923
페  루,공용,2026-10-01,5.050986134611436,,3.145581706661553,4.0982839206364945
페  루,공용,2026-11-01,4.162019248212477,,3.60916605030505,3.8855926492587636
페  루,공용,2026-12-01,3.756861271218217,,3.536892823649791,3.646877047434004
페  루,공용,2027-01-01,3.0407558813320965,,3.1603617805888655,3.1005588309604812
페  루,공용,2027-02-01,4.563856817209597,,3.709397036214881,4.136626926712239
페  루,공용,2027-03-01,4.097004392675706,,3.67242799885682,3.884716195766263
페  루,관광,2025-04-01,510.3551040940502,,317.5167238522538,413.93591397315197
페  루,관광,2025-05-01,548.8273101193097,,278.1083335434993,413.46782183140454
페  루,관광,2025-06-01,532.5908034865225,,259.95138238769727,396.27109293710987
페  루,관광,2025-07-01,484.9918181218056,,256.55627608211586,370.7740471019607
페  루,관광,2025-08-01,495.04027385364344,,314.5753613048224,404.80781757923296
페  루,관광,2025-09-01,614.0996759167058,,370.1607098095279,492.1301928631168
페  루,관광,2025-10-01,714.3286495619834,,385.29363916472175,549.8111443633526
페  루,관광,2025-11-01,551.9467060977082,,343.8608616695483,447.90378388362825
페  루,관광,2025-12-01,412.7078449999475,,280.76379308986367,346.7358190449056
페  루,관광,2026-01-01,369.6574687984939,,276.10762676289164,322.8825477806928
페  루,관광,2026-02-01,411.2424115184792,,294.92360413516803,353.08300782682363
페  루,관광,2026-03-01,579.3434659931123,,285.8443117662277,432.59388887967
페  루,관광,2026-04-01,641.366714367413,,225.4682028399307,433.4174586036719
페  루,관광,2026-05-01,701.1548470919796,,176.80948248502511,438.98216478850236
페  루,관광,2026-06-01,635.2655909003348,,145.3844600689811,390.32502548465794
페  루,관광,2026-07-01,651.707130305137,,127.05148554346441,389.3793079243007
페  루,관광,2026-08-01,622.4600297380362,,167.83989985490103,395.14996479646857
페  루,관광,2026-09-01,735.0439963607803,,238.28358890320965,486.66379263199497
페  루,관광,2026-10-01,870.193370623293,,278.9476549468238,574.5705127850584
페  루,관광,2026-11-01,692.0929211700549,,255.65144150311153,473.8721813365832
페  루,관광,2026-12-01,501.9180357321144,,197.0868084766022,349.5024221043583
페  루,관광,2027-01-01,467.98185230381443,,196.09767452801412,332.0397634159143
페  루,관광,2027-02-01,493.2269760612642,,203.29174783497498,348.2593619481196
페  루,관광,2027-03-01,690.0392840001565,,204.8204637456148,447.42987387288565
페  루,기타,2025-04-01,85.98942672828483,,194.3158197642482,140.1526232462665
페  루,기타,2025-05-01,110.48646162116376,,215.08050933453458,162.78348547784918
페  루,기타,2025-06-01,134.6979805729469,,203.71080185206785,169.20439121250737
페  루,기타,2025-07-01,156.6484779691302,,219.8089773960809,188.22872768260555
페  루,기타,2025-08-01,169.71194892774008,,220.91808310357806,195.31501601565907
페  루,기타,2025-09-01,183.32166704091668,,192.85413040631767,188.08789872361717
페  루,기타,2025-10-01,147.16438176090713,,147.8516078104205,147.5079947856638
페  루,기타,2025-11-01,112.6791319525249,,73.42909673004007,93.05411434128249
페  루,기타,2025-12-01,70.75965357970792,,41.231264783841986,55.99545918177495
페  루,기타,2026-01-01,67.43782753146729,,40.87964767821771,54.1587376048425
페  루,기타,2026-02-01,93.6664958035532,,73.6106649605446,83.6385803820489
페  루,기타,2026-03-01,108.63174541424526,,141.47835409027067,125.05504975225796
페  루,기타,2026-04-01,108.48399462747135,,248.03023005655467,178.25711234201302
페  루,기타,2026-05-01,144.22003354472656,,334.90650129957237,239.56326742214947
페  루,기타,2026-06-01,167.75527019640631,,371.42857163612575,269.591920916266
페  루,기타,2026-07-01,184.27770116531303,,419.94510022789325,302.11140069660314
페  루,기타,2026-08-01,213.38345062357135,,462.59690852440883,337.9901795739901
페  루,기타,2026-09-01,231.77123127256726,,450.6861024919366,341.2286668822519
페  루,기타,2026-10-01,187.14252458230555,,354.02498364688984,270.5837541145977
페  루,기타,2026-11-01,133.8534492318152,,259.45409973614085,196.65377448397803
페  루,기타,2026-12-01,84.33769706403552,,215.57265610743787,149.9551765857367
페  루,기타,2027-01-01,82.6591170559314,,231.18313395865366,156.92112550729252
페  루,기타,2027-02-01,110.50006923309903,,172.84037775109033,141.6702234920947
페  루,기타,2027-03-01,132.67559519548925,,97.39932937168598,115.03746228358762
페  루,상용,2025-04-01,2.409183959983668,,1.5232097544070138,1.966196857195341
페  루,상용,2025-05-01,3.8137188573007106,,1.6807225931314411,2.747220725216076
페  루,상용,2025-06-01,3.6045536556601605,,1.7865539715383068,2.6955538135992336
페  루,상용,2025-07-01,3.3530949686781155,,1.8943060659693898,2.6237005173237526
페  루,상용,2025-08-01,3.3778776634493184,,2.5855170421444322,2.9816973527968753
페  루,상용,2025-09-01,4.569772720842532,,4.854313861654674,4.712043291248603
페  루,상용,2025-10-01,4.258930000033306,,3.5140093245734194,3.8864696623033628
페  루,상용,2025-11-01,3.6641050826527506,,1.9151873981175975,2.7896462403851743
페  루,상용,2025-12-01,1.8589795915954868,,1.419681169752359,1.6393303806739228
페  루,상용,2026-01-01,5.357725164102637,,1.261489917703733,3.309607540903185
페  루,상용,2026-02-01,1.8946560892674962,,1.1714576272469257,1.5330568582572108
페  루,상용,2026-03-01,3.1273154356912967,,1.1454423430007274,2.136378889346012
페  루,상용,2026-04-01,2.8272871316592623,,1.2498280650589206,2.0385575983590916
페  루,상용,2026-05-01,4.490423070762639,,1.3318990424263044,2.9111610565944717
페  루,상용,2026-06-01,3.9469172026322292,,1.4342115509684366,2.690564376800333
페  루,상용,2026-07-01,3.9266452582132487,,1.5691612199513438,2.747903239082296
페  루,상용,2026-08-01,3.372925277439391,,2.068434982784754,2.7206801301120724
페  루,상용,2026-09-01,4.97919445776797,,3.740725716738611,4.35996008725329
페  루,상용,2026-10-01,5.202300998246394,,2.70899717496107,3.9556490866037324
페  루,상용,2026-11-01,4.509409068287477,,0.8828604003928942,2.6961347343401854
페  루,상용,2026-12-01,2.5251200857643377,,0.7428599662146917,1.6339900259895148
페  루,상용,2027-01-01,4.9467339395978325,,0.8795451326018648,2.9131395360998487
페  루,상용,2027-02-01,1.9602667258523636,,0.7579202025746428,1.3590934642135033
페  루,상용,2027-03-01,3.9456849346475678,,0.8604081701811628,2.403046552414365
페  루,유학연수,2025-04-01,2.711834750198756,,1.6381665818412543,2.175000666020005
페  루,유학연수,2025-05-01,6.963628837073756,,3.2052022021591355,5.084415519616446
페  루,유학연수,2025-06-01,8.322556471586093,,5.0436710101801765,6.683113740883135
페  루,유학연수,2025-07-01,13.566721182700427,,8.024315371115511,10.79551827690797
페  루,유학연수,2025-08-01,63.109545270302775,,42.70554357537972,52.90754442284125
페  루,유학연수,2025-09-01,11.506007006159281,,8.121765490970306,9.813886248564794
페  루,유학연수,2025-10-01,4.726196301827142,,2.5558101450698683,3.641003223448505
페  루,유학연수,2025-11-01,9.35192207845933,,4.077281883405297,6.714601980932313
페  루,유학연수,2025-12-01,8.024942200455838,,5.479984179045436,6.752463189750637
페  루,유학연수,2026-01-01,19.043747249286756,,10.143379743990689,14.593563496638723
페  루,유학연수,2026-02-01,51.85992296156096,,31.962678509767137,41.91130073566405
페  루,유학연수,2026-03-01,12.730626273909134,,7.440577301893551,10.085601787901343
페  루,유학연수,2026-04-01,2.215747594189277,,1.1879687223411155,1.7018581582651962
페  루,유학연수,2026-05-01,7.146879422402534,,2.3036587605869006,4.725269091494717
페  루,유학연수,2026-06-01,9.198133197130135,,4.063020806338564,6.630577001734349
페  루,유학연수,2026-07-01,16.047803680782792,,7.037293362656357,11.542548521719574
페  루,유학연수,2026-08-01,72.52533132820648,,38.89068273601803,55.70800703211225
페  루,유학연수,2026-09-01,13.721625207753876,,6.758957196583987,10.240291202168931
페  루,유학연수,2026-10-01,4.243146607272569,,2.1537455810512567,3.198446094161913
페  루,유학연수,2026-11-01,9.969114021828622,,3.555367045925779,6.7622405338772005
페  루,유학연수,2026-12-01,7.126539271925568,,4.931805025938834,6.029172148932201
페  루,유학연수,2027-01-01,20.686034234297637,,9.416442480245147,15.05123835727139
페  루,유학연수,2027-02-01,63.752294005232976,,30.802245854491392,47.277269929862186
페  루,유학연수,2027-03-01,11.409284010038027,,7.141467229246147,9.275375619642087
폴란드,공용,2025-04-01,5.163571318222143,,8.725774122521512,6.944672720371828
폴란드,공용,2025-05-01,5.979324359632709,,8.590824561123085,7.285074460377897
폴란드,공용,2025-06-01,5.600342444348897,,8.737295862828638,7.1688191535887675
폴란드,공용,2025-07-01,3.675679629823024,,9.070949254267955,6.37331444204549
폴란드,공용,2025-08-01,7.089435401140171,,9.422567594085773,8.256001497612973
폴란드,공용,2025-09-01,6.384830454127672,,8.617735244466235,7.501282849296954
폴란드,공용,2025-10-01,18.25320778407877,,7.190783760872579,12.721995772475676
폴란드,공용,2025-11-01,3.3311273429311545,,3.071151942927936,3.2011396429295456
폴란드,공용,2025-12-01,4.124502142967337,,2.172837368427434,3.1486697556973855
폴란드,공용,2026-01-01,5.19127983804369,,2.3960575093384566,3.7936686736910734
폴란드,공용,2026-02-01,7.880509448014409,,2.5278593444897997,5.204184396252105
폴란드,공용,2026-03-01,14.346719289357162,,2.717914548078051,8.532316918717607
폴란드,공용,2026-04-01,7.945655409991797,,2.8529512985783447,5.399303354285071
폴란드,공용,2026-05-01,7.253349041467005,,3.0835229450211816,5.168435993244094
폴란드,공용,2026-06-01,7.258975544487301,,3.699797880020717,5.4793867122540085
폴란드,공용,2026-07-01,4.787495851116003,,4.740339244323458,4.76391754771973
폴란드,공용,2026-08-01,10.297680683233322,,6.398391632175251,8.348036157704286
폴란드,공용,2026-09-01,6.236827502516198,,7.500255820640003,6.868541661578101
폴란드,공용,2026-10-01,20.109471213714382,,8.495709370887695,14.302590292301039
폴란드,공용,2026-11-01,6.41758745141345,,8.467654979509069,7.442621215461259
폴란드,공용,2026-12-01,5.5574709950239,,7.909958874555699,6.733714934789799
폴란드,공용,2027-01-01,8.955286312557103,,7.94137783347445,8.448332073015777
폴란드,공용,2027-02-01,6.206135474743718,,9.17525989970479,7.690697687224254
폴란드,공용,2027-03-01,16.963054953008278,,9.262220046983298,13.112637499995788
폴란드,관광,2025-04-01,4842.225825750851,,3874.5163624993374,4358.371094125094
폴란드,관광,2025-05-01,4210.436432951609,,3528.605368374934,3869.5209006632717
폴란드,관광,2025-06-01,3364.9620212149875,,3304.782182089708,3334.8721016523477
폴란드,관광,2025-07-01,3602.7705162838874,,3259.050638625118,3430.910577454503
폴란드,관광,2025-08-01,4066.047627288379,,3520.4953594403405,3793.2714933643597
폴란드,관광,2025-09-01,5086.646906825633,,3747.5541265932407,4417.100516709437
폴란드,관광,2025-10-01,4680.6082446613145,,3487.9808151474435,4084.294529904379
폴란드,관광,2025-11-01,3971.0071490966325,,2579.509262862793,3275.258205979713
폴란드,관광,2025-12-01,2055.936420151169,,1818.2075360213782,1937.0719780862737
폴란드,관광,2026-01-01,2028.165351918634,,2069.858900170198,2049.012126044416
폴란드,관광,2026-02-01,2320.609584502916,,3322.654516667997,2821.6320505854565
폴란드,관광,2026-03-01,4569.555505706556,,3800.9482866650396,4185.251896185798
폴란드,관광,2026-04-01,5989.858963776609,,3702.3095314849807,4846.084247630795
폴란드,관광,2026-05-01,5116.0117162949455,,3426.136498392144,4271.074107343545
폴란드,관광,2026-06-01,4493.95951178469,,3259.878416730854,3876.918964257772
폴란드,관광,2026-07-01,4773.3537535570695,,3228.441433226475,4000.8975933917723
폴란드,관광,2026-08-01,4989.249535309319,,3449.7236561523214,4219.48659573082
폴란드,관광,2026-09-01,6240.205725633052,,3719.294753914115,4979.750239773583
폴란드,관광,2026-10-01,5654.010581334227,,3515.5051617887048,4584.757871561465
폴란드,관광,2026-11-01,4851.5818562821605,,2582.652262162719,3717.11705922244
폴란드,관광,2026-12-01,2585.0396968294494,,1919.811373621171,2252.4255352253103
폴란드,관광,2027-01-01,2695.7407987709685,,2288.164446667827,2491.952622719398
폴란드,관광,2027-02-01,2866.279748529868,,3406.8444092749323,3136.5620789024
폴란드,관광,2027-03-01,5443.738883801319,,3796.0515230817764,4619.895203441548
폴란드,기타,2025-04-01,1011.0589916420022,,1003.4109214648238,1007.234956553413
폴란드,기타,2025-05-01,1039.2376441890817,,1009.2068485689132,1024.2222463789974
폴란드,기타,2025-06-01,1024.1606784812464,,1005.7069581247093,1014.9338183029779
폴란드,기타,2025-07-01,1005.6581617568517,,1005.8663018579238,1005.7622318073877
폴란드,기타,2025-08-01,1068.2316966413955,,1017.1030241816154,1042.6673604115053
폴란드,기타,2025-09-01,1062.438492468559,,1033.662777585379,1048.0506350269688
폴란드,기타,2025-10-01,1143.2404254687597,,1020.7923029686632,1082.0163642187115
폴란드,기타,2025-11-01,999.2931832031849,,849.0497265288188,924.1714548660018
폴란드,기타,2025-12-01,971.8383455415736,,718.1894329095597,845.0138892255667
폴란드,기타,2026-01-01,1033.1939007809638,,740.0108252191264,886.6023630000451
폴란드,기타,2026-02-01,990.8654669303853,,722.9712203109273,856.9183436206563
폴란드,기타,2026-03-01,1068.8344183231575,,778.59703305762,923.7157256903888
폴란드,기타,2026-04-01,1162.5252189244395,,952.3868967171638,1057.4560578208016
폴란드,기타,2026-05-01,1262.1825496217523,,998.7996103975603,1130.4910800096563
폴란드,기타,2026-06-01,1229.7611475965375,,999.8502520016498,1114.8056997990936
폴란드,기타,2026-07-01,1221.4547293642186,,1001.7656725099517,1111.6102009370852
폴란드,기타,2026-08-01,1258.3552161999257,,1015.0819493509297,1136.7185827754276
폴란드,기타,2026-09-01,1266.2516177093144,,1033.7078061776174,1149.9797119434659
폴란드,기타,2026-10-01,1285.1536852179372,,1023.3547172835687,1154.2542012507529
폴란드,기타,2026-11-01,1218.5284158270085,,862.2422226438991,1040.3853192354538
폴란드,기타,2026-12-01,1142.8192258402871,,727.7504976077912,935.2848617240392
폴란드,기타,2027-01-01,1199.3574996768466,,746.0626871770571,972.7100934269519
폴란드,기타,2027-02-01,1182.497790651956,,724.8315526478738,953.6646716499149
폴란드,기타,2027-03-01,1232.3650209126226,,773.5919229998538,1002.9784719562382
폴란드,상용,2025-04-01,12.564022183977974,,8.532304791401042,10.548163487689507
폴란드,상용,2025-05-01,17.17353225671567,,9.649625011941115,13.411578634328393
폴란드,상용,2025-06-01,11.785379021031952,,10.324147193803288,11.054763107417621
폴란드,상용,2025-07-01,13.217843899415962,,10.216447888222827,11.717145893819396
폴란드,상용,2025-08-01,18.156488216067377,,13.751522444052839,15.954005330060108
폴란드,상용,2025-09-01,15.292097639772345,,15.389735995486305,15.340916817629324
폴란드,상용,2025-10-01,14.315716743690786,,14.428592541317498,14.372154642504142
폴란드,상용,2025-11-01,11.458558746899174,,11.752242318019059,11.605400532459116
폴란드,상용,2025-12-01,8.832192500459332,,10.126980332855725,9.47958641665753
폴란드,상용,2026-01-01,19.44062684171201,,18.086855689368722,18.763741265540368
폴란드,상용,2026-02-01,11.085646011686146,,13.206736002770025,12.146191007228087
폴란드,상용,2026-03-01,11.722149721218674,,8.69990437480095,10.21102704800981
폴란드,상용,2026-04-01,13.48880160749367,,8.513845211715186,11.001323409604428
폴란드,상용,2026-05-01,17.443514667478727,,9.824890585254382,13.634202626366555
폴란드,상용,2026-06-01,12.799607727510605,,10.36321860023324,11.581413163871922
폴란드,상용,2026-07-01,14.985783259557873,,10.649747190431981,12.817765224994927
폴란드,상용,2026-08-01,20.101574467389234,,14.328756722796673,17.215165595092955
폴란드,상용,2026-09-01,17.255689629906193,,15.622805208825515,16.439247419365856
폴란드,상용,2026-10-01,14.45521446336157,,15.494339718663081,14.974777091012324
폴란드,상용,2026-11-01,12.102380825490009,,13.516366029643839,12.809373427566925
폴란드,상용,2026-12-01,9.799685259228113,,11.382021447365522,10.590853353296819
폴란드,상용,2027-01-01,20.28529810422847,,17.32229511461128,18.803796609419877
폴란드,상용,2027-02-01,13.00547745771373,,13.651884796729984,13.328681127221857
폴란드,상용,2027-03-01,12.74854357232799,,9.888975375988812,11.318759474158401
폴란드,유학연수,2025-04-01,13.699169077841466,,33.88520161984581,23.79218534884364
폴란드,유학연수,2025-05-01,38.94000328485551,,44.75337412335579,41.846688704105645
폴란드,유학연수,2025-06-01,42.64136420756066,,62.869457661879125,52.75541093471989
폴란드,유학연수,2025-07-01,38.53805835109487,,87.09618133181736,62.81711984145612
폴란드,유학연수,2025-08-01,221.69235238545713,,215.07192595736495,218.38213917141104
폴란드,유학연수,2025-09-01,28.049186669563753,,29.318356605392815,28.683771637478284
폴란드,유학연수,2025-10-01,17.248762126903294,,18.047248819039275,17.648005472971285
폴란드,유학연수,2025-11-01,46.08793699151564,,65.64034884190428,55.864142916709966
폴란드,유학연수,2025-12-01,38.19866593357674,,85.59011771152538,61.89439182255106
폴란드,유학연수,2026-01-01,53.35415813318823,,66.45696404774509,59.90556109046666
폴란드,유학연수,2026-02-01,170.04738427269078,,162.36660726378554,166.20699576823816
폴란드,유학연수,2026-03-01,36.41050743873993,,55.462246603223946,45.936377020981936
폴란드,유학연수,2026-04-01,17.348298340192738,,61.79917260993241,39.57373547506258
폴란드,유학연수,2026-05-01,44.03641112468323,,79.81334034885998,61.924875736771604
폴란드,유학연수,2026-06-01,47.64467408215951,,114.52385565985752,81.08426487100851
폴란드,유학연수,2026-07-01,44.27299595748511,,144.08760859216616,94.18030227482564
폴란드,유학연수,2026-08-01,251.21846198420369,,225.94257941834354,238.5805207012736
폴란드,유학연수,2026-09-01,37.969013021816664,,135.5677815475094,86.76839728466304
폴란드,유학연수,2026-10-01,20.488018503499926,,104.21843519472127,62.3532268491106
폴란드,유학연수,2026-11-01,51.791193069072364,,107.6066047030433,79.69889888605783
폴란드,유학연수,2026-12-01,43.2802101425065,,115.97986837973785,79.63003926112218
폴란드,유학연수,2027-01-01,58.693869529905186,,150.6056187178997,104.64974412390244
폴란드,유학연수,2027-02-01,191.78238566362592,,157.70102819713966,174.7417069303828
폴란드,유학연수,2027-03-01,45.4455191309818,,100.04132121138983,72.74342017118582
프랑스,공용,2025-04-01,44.381130707218816,,39.73214813732526,42.05663942227204
프랑스,공용,2025-05-01,67.3874965395771,,52.36287425132107,59.87518539544908
프랑스,공용,2025-06-01,42.048028910970885,,42.9468749363257,42.49745192364829
프랑스,공용,2025-07-01,54.615033204904506,,48.185706226316114,51.40036971561031
프랑스,공용,2025-08-01,108.68937574902053,,79.18139951226694,93.93538763064373
프랑스,공용,2025-09-01,55.45867617766619,,60.399024837147834,57.92885050740701
프랑스,공용,2025-10-01,62.707984820267846,,57.83289817168895,60.2704414959784
프랑스,공용,2025-11-01,67.17560374571867,,54.590657337852846,60.88313054178576
프랑스,공용,2025-12-01,46.99470136315592,,40.501913507193095,43.74830743517451
프랑스,공용,2026-01-01,99.96601367192001,,74.56769207626004,87.26685287409003
프랑스,공용,2026-02-01,54.3542934931283,,42.16703242543864,48.26066295928347
프랑스,공용,2026-03-01,84.39626530276634,,56.808716850450715,70.60249107660853
프랑스,공용,2026-04-01,56.56901918691639,,40.01850202389128,48.29376060540383
프랑스,공용,2026-05-01,83.63891676527668,,53.33352800710363,68.48622238619015
프랑스,공용,2026-06-01,49.08731257345177,,43.03371637826287,46.06051447585732
프랑스,공용,2026-07-01,64.13312373134713,,48.75192714533576,56.44252543834145
프랑스,공용,2026-08-01,130.76555650905695,,79.14716195375229,104.95635923140462
프랑스,공용,2026-09-01,61.22256822335219,,60.93543880524748,61.079003514299835
프랑스,공용,2026-10-01,72.40587463331958,,58.10212082270468,65.25399772801214
프랑스,공용,2026-11-01,85.44379381192728,,54.608352939292686,70.02607337560998
프랑스,공용,2026-12-01,54.98806897065293,,40.49461795221352,47.741343461433225
프랑스,공용,2027-01-01,117.44547801210821,,74.75720403398032,96.10134102304426
프랑스,공용,2027-02-01,61.39328444681792,,42.26739181978611,51.83033813330202
프랑스,공용,2027-03-01,93.5122644497674,,56.86739365578822,75.18982905277781
프랑스,관광,2025-04-01,22502.072802297236,,19378.907529563778,20940.490165930507
프랑스,관광,2025-05-01,18355.847666422585,,15130.903536843383,16743.375601632986
프랑스,관광,2025-06-01,14434.311341834094,,11313.199023241626,12873.755182537861
프랑스,관광,2025-07-01,18400.285513534138,,11524.159816688512,14962.222665111325
프랑스,관광,2025-08-01,19764.386421997395,,13022.230512621918,16393.308467309656
프랑스,관광,2025-09-01,17293.91057695348,,14469.077461284269,15881.494019118874
프랑스,관광,2025-10-01,23003.937751750884,,16416.829614785263,19710.383683268075
프랑스,관광,2025-11-01,15765.660258460315,,11442.11662717332,13603.888442816817
프랑스,관광,2025-12-01,11802.218974166888,,7640.550242380437,9721.384608273664
프랑스,관광,2026-01-01,9271.178764754306,,5187.679953998678,7229.429359376492
프랑스,관광,2026-02-01,10846.094972467374,,6697.598248185043,8771.846610326209
프랑스,관광,2026-03-01,16808.028412428244,,11143.315756187581,13975.672084307913
프랑스,관광,2026-04-01,27341.913744132882,,19570.33744047318,23456.125592303033
프랑스,관광,2026-05-01,22718.557607844465,,15249.774189289212,18984.16589856684
프랑스,관광,2026-06-01,18206.202517091522,,11416.799228041229,14811.500872566376
프랑스,관광,2026-07-01,23320.340832522306,,11576.239947672715,17448.29039009751
프랑스,관광,2026-08-01,24851.830854222582,,13036.526045937266,18944.178450079926
프랑스,관광,2026-09-01,21397.33594114805,,14503.392075118896,17950.364008133474
프랑스,관광,2026-10-01,27541.31525599727,,16461.990520959116,22001.652888478195
프랑스,관광,2026-11-01,19170.132542522617,,11445.121378332933,15307.626960427775
프랑스,관광,2026-12-01,14328.457223307818,,7681.50738611464,11004.98230471123
프랑스,관광,2027-01-01,11598.538661371636,,5241.322790795074,8419.930726083356
프랑스,관광,2027-02-01,13400.450406327433,,6813.031327512433,10106.740866919932
프랑스,관광,2027-03-01,20561.282929130455,,11371.490899411569,15966.386914271012
프랑스,기타,2025-04-01,1239.385459851982,,1180.3635689927387,1209.8745144223603
프랑스,기타,2025-05-01,1450.3758247511357,,1117.9713417069943,1284.1735832290651
프랑스,기타,2025-06-01,1145.850772325064,,1080.9737276612882,1113.4122499931761
프랑스,기타,2025-07-01,1223.5297478485102,,1058.866120211804,1141.197934030157
프랑스,기타,2025-08-01,1656.456291236281,,1258.8833324977413,1457.669811867011
프랑스,기타,2025-09-01,1343.2830788881147,,1128.5227668776606,1235.9029228828877
프랑스,기타,2025-10-01,1373.5373975443565,,1143.9083960154333,1258.7228967798949
프랑스,기타,2025-11-01,1219.0289587947657,,1135.2168325270711,1177.1228956609184
프랑스,기타,2025-12-01,1207.0251751524938,,1198.306499715789,1202.6658374341414
프랑스,기타,2026-01-01,1555.6283301514861,,1348.082386252674,1451.85535820208
프랑스,기타,2026-02-01,1191.4349894650013,,1049.3343501168267,1120.384669790914
프랑스,기타,2026-03-01,1468.0163487167822,,1198.855523096798,1333.43593590679
프랑스,기타,2026-04-01,1356.1009674625727,,1190.8255990444986,1273.4632832535358
프랑스,기타,2026-05-01,1568.1178158639232,,1121.9545696726893,1345.0361927683061
프랑스,기타,2026-06-01,1200.592987609764,,1060.2642728898534,1130.4286302498085
프랑스,기타,2026-07-01,1292.8491956581674,,1041.6861453432255,1167.2676705006966
프랑스,기타,2026-08-01,1794.1151413949228,,1306.632978661384,1550.3740600281535
프랑스,기타,2026-09-01,1448.0564020796796,,1127.3409272761342,1287.698664677907
프랑스,기타,2026-10-01,1471.4391164037324,,1156.0356487656588,1313.7373825846958
프랑스,기타,2026-11-01,1317.874518532927,,1116.0653745817065,1216.9699465573167
프랑스,기타,2026-12-01,1270.4313246449717,,1169.548492947372,1219.989908796172
프랑스,기타,2027-01-01,1651.136539346423,,1321.942998968325,1486.539769157374
프랑스,기타,2027-02-01,1262.9993343773317,,991.8222420854742,1127.4107882314029
프랑스,기타,2027-03-01,1556.6455597059808,,1199.1799872263218,1377.9127734661513
프랑스,상용,2025-04-01,168.35802514544048,,168.24077506712658,168.29940010628354
프랑스,상용,2025-05-01,199.08480472124222,,189.20243871574283,194.1436217184925
프랑스,상용,2025-06-01,175.58495533226127,,185.25740939102053,180.4211823616409
프랑스,상용,2025-07-01,167.435081705575,,175.4441520168325,171.43961686120375
프랑스,상용,2025-08-01,229.7179416955967,,242.97879511191042,236.34836840375357
프랑스,상용,2025-09-01,196.17871634795387,,211.35962865308622,203.76917250052003
프랑스,상용,2025-10-01,188.1094971466568,,207.62291538027648,197.86620626346664
프랑스,상용,2025-11-01,176.80049200413043,,211.46131052830668,194.13090126621856
프랑스,상용,2025-12-01,161.41691951879426,,199.87024010184962,180.64357981032194
프랑스,상용,2026-01-01,282.91789951322073,,321.0040710956903,301.9609853044555
프랑스,상용,2026-02-01,178.41770945294644,,231.85885930627234,205.1382843796094
프랑스,상용,2026-03-01,215.45559623820313,,255.31182717166698,235.38371170493505
프랑스,상용,2026-04-01,199.7462152441939,,251.6333113381575,225.68976329117572
프랑스,상용,2026-05-01,232.6673310265293,,282.7199237575917,257.6936273920605
프랑스,상용,2026-06-01,205.36179630085144,,269.9813197924598,237.6715580466556
프랑스,상용,2026-07-01,193.32785189234914,,247.42012199605094,220.37398694420006
프랑스,상용,2026-08-01,265.96748538708323,,335.90719933098717,300.9373423590352
프랑스,상용,2026-09-01,225.33474895163317,,284.2803795612146,254.8075642564239
프랑스,상용,2026-10-01,222.32134752947513,,264.19681406709424,243.25908079828469
프랑스,상용,2026-11-01,207.3797004923482,,256.8645140742923,232.12210728332025
프랑스,상용,2026-12-01,184.6628893428478,,233.96752365150994,209.31520649717885
프랑스,상용,2027-01-01,314.28358569702635,,391.2467991746074,352.76519243581686
프랑스,상용,2027-02-01,213.772252199868,,260.50452760649466,237.13838990318135
프랑스,상용,2027-03-01,240.8756096276209,,291.1319676173642,266.00378862249255
프랑스,유학연수,2025-04-01,204.86203829871056,,320.4923820894595,262.67721019408503
프랑스,유학연수,2025-05-01,612.4377413272955,,346.81293465972794,479.6253379935117
프랑스,유학연수,2025-06-01,421.7491363828538,,391.90898859150013,406.829062487177
프랑스,유학연수,2025-07-01,328.8528570054461,,422.5639354890772,375.70839624726165
프랑스,유학연수,2025-08-01,2283.539285347969,,1800.6721561462718,2042.1057207471204
프랑스,유학연수,2025-09-01,259.5772636637311,,109.95520650987916,184.76623508680512
프랑스,유학연수,2025-10-01,215.69662534813455,,146.1607734043597,180.92869937624712
프랑스,유학연수,2025-11-01,628.6261016131718,,500.015079509442,564.320590561307
프랑스,유학연수,2025-12-01,521.472401393563,,492.0242497349343,506.74832556424866
프랑스,유학연수,2026-01-01,615.8499389818156,,540.4829535825945,578.166446282205
프랑스,유학연수,2026-02-01,1959.2477500828704,,1374.9028844685033,1667.0753172756868
프랑스,유학연수,2026-03-01,373.28306863205023,,318.6331255873065,345.95809710967836
프랑스,유학연수,2026-04-01,242.0584232931923,,301.61955855489043,271.83899092404135
프랑스,유학연수,2026-05-01,682.769801688597,,303.80790550305693,493.28885359582694
프랑스,유학연수,2026-06-01,468.86639598047657,,369.9781946454648,419.4222953129707
프랑스,유학연수,2026-07-01,366.4059330534301,,416.4380855725219,391.422009312976
프랑스,유학연수,2026-08-01,2713.7432583554087,,1714.3643928832487,2214.0538256193286
프랑스,유학연수,2026-09-01,253.87921578553582,,91.29271504471146,172.58596541512364
프랑스,유학연수,2026-10-01,227.18571578432454,,115.65925666128356,171.42248622280405
프랑스,유학연수,2026-11-01,695.6431706254548,,420.32279196550815,557.9829812954815
프랑스,유학연수,2026-12-01,601.945042617778,,436.3812721145762,519.1631573661771
프랑스,유학연수,2027-01-01,699.8329795044892,,505.8413451654567,602.837162334973
프랑스,유학연수,2027-02-01,2258.7665255253733,,1412.4275969390594,1835.5970612322162
프랑스,유학연수,2027-03-01,403.209847378211,,298.06999258191445,350.6399199800627
피  지,공용,2025-04-01,1.5748760661490726,,0.5263496819922102,1.0506128740706413
피  지,공용,2025-05-01,0.40514993764014323,,0.629882467533848,0.5175162025869956
피  지,공용,2025-06-01,0.019167098138808243,,0.7296270213484051,0.37439705974360665
피  지,공용,2025-07-01,1.1612811198499282,,0.7550468916792534,0.9581640057645908
피  지,공용,2025-08-01,1.816501286974011,,0.7227881365712137,1.2696447117726124
피  지,공용,2025-09-01,0.8043723442871699,,0.6527698677701367,0.7285711060286533
피  지,공용,2025-10-01,0.7438301429195391,,0.46212033813875136,0.6029752405291452
피  지,공용,2025-11-01,0.633084732695067,,0.410172631349226,0.5216286820221465
피  지,공용,2025-12-01,1.9717100250912654,,0.5653067696875606,1.268508397389413
피  지,공용,2026-01-01,1.7074574596107521,,0.6548162964959148,1.1811368780533336
피  지,공용,2026-02-01,0.5544388858201569,,0.44935004135234646,0.5018944635862517
피  지,공용,2026-03-01,1.2102225857239435,,0.41271515241487466,0.8114688690694091
피  지,공용,2026-04-01,1.4001937587657713,,0.5772119935003631,0.9887028761330672
피  지,공용,2026-05-01,0.62305995715585,,0.7126364325935763,0.6678481948747133
피  지,공용,2026-06-01,0.5640169308725353,,0.7400859933161132,0.6520514620943243
피  지,공용,2026-07-01,1.0543900582728496,,0.706266906645524,0.8803284824591868
피  지,공용,2026-08-01,1.4005962303476607,,0.6759852038537791,1.0382907171007199
피  지,공용,2026-09-01,0.8058208841880082,,0.6149490359798852,0.7103849600839467
피  지,공용,2026-10-01,1.3389658200449361,,0.4527543315632736,0.8958600758041049
피  지,공용,2026-11-01,1.0576804420339274,,0.42633422621105044,0.7420073341224889
피  지,공용,2026-12-01,2.1871461770684153,,0.6492144144611112,1.4181802957647633
피  지,공용,2027-01-01,1.4157504053913712,,0.781026874492547,1.0983886399419591
피  지,공용,2027-02-01,0.39953718066604305,,0.5705232715065424,0.4850302260862927
피  지,공용,2027-03-01,1.8684094227207457,,0.42075007883974647,1.1445797507802462
피  지,관광,2025-04-01,52.70293918178441,,48.59118246176908,50.64706082177675
피  지,관광,2025-05-01,73.58515640948936,,53.32187254066835,63.453514475078855
피  지,관광,2025-06-01,60.442497657773266,,59.38357695550934,59.9130373066413
피  지,관광,2025-07-01,61.634802493360155,,65.17786861691854,63.40633555513935
피  지,관광,2025-08-01,72.45666873010008,,54.10245836992112,63.2795635500106
피  지,관광,2025-09-01,73.76075299144611,,52.10238042805952,62.931566709752815
피  지,관광,2025-10-01,83.55675565790004,,57.04839190454899,70.30257378122451
피  지,관광,2025-11-01,57.087634982969455,,51.481799439474116,54.28471721122179
피  지,관광,2025-12-01,66.46154412883944,,49.9087206872471,58.185132408043266
피  지,관광,2026-01-01,127.80939587458212,,38.20605241375017,83.00772414416615
피  지,관광,2026-02-01,47.04672425130938,,46.45135742873404,46.749040840021706
피  지,관광,2026-03-01,59.92443279454574,,46.384151211609094,53.154292003077416
피  지,관광,2026-04-01,65.21667601635977,,45.3803814675357,55.298528741947734
피  지,관광,2026-05-01,91.43438527234692,,50.96545346312999,71.19991936773846
피  지,관광,2026-06-01,72.17223128269048,,57.335103563910025,64.75366742330024
피  지,관광,2026-07-01,71.72574793368764,,63.460727977477006,67.59323795558232
피  지,관광,2026-08-01,96.63474545250722,,52.769683248524245,74.70221435051573
피  지,관광,2026-09-01,92.46217551608694,,50.61561503017376,71.53889527313035
피  지,관광,2026-10-01,101.57875082427043,,55.75888677819859,78.66881880123451
피  지,관광,2026-11-01,65.5222876379325,,50.43421926125416,57.978253449593325
피  지,관광,2026-12-01,78.24184977658433,,49.026758942927785,63.63430435975606
피  지,관광,2027-01-01,155.67677898415437,,37.190236107800416,96.43350754597739
피  지,관광,2027-02-01,58.009827440988246,,45.49090998026517,51.75036871062671
피  지,관광,2027-03-01,73.34953103400458,,45.466415885567244,59.407973459785914
피  지,기타,2025-04-01,30.830838063179154,,12.411205267961083,21.62102166557012
피  지,기타,2025-05-01,23.0349547453367,,10.711323964051257,16.87313935469398
피  지,기타,2025-06-01,30.869233957650007,,6.865474082185886,18.867354019917947
피  지,기타,2025-07-01,26.40227430008647,,5.019330366226173,15.710802333156323
피  지,기타,2025-08-01,22.947613965707944,,5.015167931917722,13.981390948812834
피  지,기타,2025-09-01,27.823176284478865,,5.493110753912454,16.65814351919566
피  지,기타,2025-10-01,26.708527467144553,,5.882199202698596,16.295363334921575
피  지,기타,2025-11-01,27.044762746469132,,5.839931617189261,16.442347181829195
피  지,기타,2025-12-01,36.987902825830524,,4.976490510570724,20.982196668200622
피  지,기타,2026-01-01,25.648971569734687,,4.238450457975523,14.943711013855104
피  지,기타,2026-02-01,33.28377607481279,,3.3858294795199324,18.334802777166363
피  지,기타,2026-03-01,22.203157174290308,,3.1864593647698944,12.694808269530101
피  지,기타,2026-04-01,33.49070020497021,,3.8150213085061644,18.652860756738185
피  지,기타,2026-05-01,26.165156376999047,,5.446570232951856,15.805863304975452
피  지,기타,2026-06-01,46.53869415785153,,4.818509587082984,25.678601872467258
피  지,기타,2026-07-01,25.932387235908262,,4.548891515130897,15.24063937551958
피  지,기타,2026-08-01,33.72924325671365,,4.468102602368578,19.098672929541117
피  지,기타,2026-09-01,33.255688925402666,,3.9045649662824253,18.580126945842544
피  지,기타,2026-10-01,33.055037471042674,,3.075787529134433,18.065412500088552
피  지,기타,2026-11-01,30.219836552293657,,2.499344392708462,16.35959047250106
피  지,기타,2026-12-01,40.96108198065403,,2.9029480200672317,21.93201500036063
피  지,기타,2027-01-01,31.896079221428728,,3.285985857496893,17.59103253946281
피  지,기타,2027-02-01,49.33585650778862,,2.6544803609603997,25.99516843437451
피  지,기타,2027-03-01,22.905318267280162,,2.444985017510553,12.675151642395358
피  지,상용,2025-04-01,-9.468898119650463e-05,,-0.023111278247328643,-0.011602983614262574
피  지,상용,2025-05-01,-0.0002217596574374148,,-0.026707712885493784,-0.0134647362714656
피  지,상용,2025-06-01,-0.00018330077898933434,,-0.028513295669880312,-0.014348298224434824
피  지,상용,2025-07-01,5.336238965951771e-06,,-0.03584025297670021,-0.01791745836886713
피  지,상용,2025-08-01,-0.0001841111709652793,,-0.05232658213384028,-0.02625534665240278
피  지,상용,2025-09-01,-0.00025449096188724364,,-0.05251852061639711,-0.02638650578914218
피  지,상용,2025-10-01,-0.00030796957396109274,,-0.04709756174103813,-0.02370276565749961
피  지,상용,2025-11-01,-0.000380062794897626,,-0.038260206382622175,-0.0193201345887599
피  지,상용,2025-12-01,-0.00010147849596855829,,-0.03950522359385869,-0.019803351044913625
피  지,상용,2026-01-01,-3.4598330890374104e-05,,-0.046116097272287465,-0.02307534780158892
피  지,상용,2026-02-01,4.172574924542735e-06,,-0.04083607884589949,-0.020415953135487473
피  지,상용,2026-03-01,-2.8589359070670804e-05,,-0.030958123001064153,-0.015493356180067412
피  지,상용,2026-04-01,-8.575854203846248e-05,,-0.03242470567459099,-0.016255232108314727
피  지,상용,2026-05-01,-0.00020857414606108394,,-0.03526521594489854,-0.01773689504547981
피  지,상용,2026-06-01,-0.00017420535329382142,,-0.03836472640427746,-0.01926946587878564
피  지,상용,2026-07-01,2.8460007987820262e-06,,-0.04967359932283305,-0.024835376661017133
피  지,상용,2026-08-01,-0.00017427057474379192,,-0.06653993695410246,-0.03335710376442313
피  지,상용,2026-09-01,-0.0002412651779339294,,-0.06506040427112206,-0.032650834724528
피  지,상용,2026-10-01,-0.0003003484330333213,,-0.059501595021907605,-0.029900971727470464
피  지,상용,2026-11-01,-0.0003628407484701759,,-0.049512254942755796,-0.024937547845612987
피  지,상용,2026-12-01,-8.457858553727099e-05,,-0.05111274873407484,-0.025598663659806058
피  지,상용,2027-01-01,-4.18096340469505e-05,,-0.051245669140761285,-0.025643739387404118
피  지,상용,2027-02-01,8.920943894897684e-06,,-0.04583662238703082,-0.02291385072156796
피  지,상용,2027-03-01,-3.468091234474717e-05,,-0.03454305831389484,-0.017288869613119796
피  지,유학연수,2025-04-01,0.4535004101307355,,0.2096433379809819,0.3315718740558587
피  지,유학연수,2025-05-01,0.7753717502845369,,-0.08414687883535654,0.34561243572459016
피  지,유학연수,2025-06-01,1.6681612527668794,,0.04921594124111639,0.8586885970039979
피  지,유학연수,2025-07-01,2.137083779510633,,0.8058275409888742,1.4714556602497537
피  지,유학연수,2025-08-01,6.407157643237256,,5.36612473954407,5.886641191390662
피  지,유학연수,2025-09-01,1.781847155833634,,1.0266969596101077,1.4042720577218708
피  지,유학연수,2025-10-01,1.3518089991735314,,0.3695563719368409,0.8606826855551861
피  지,유학연수,2025-11-01,0.5850323504754762,,0.17480999646186435,0.37992117346867027
피  지,유학연수,2025-12-01,0.5740742732963023,,0.4306468846966093,0.5023605789964558
피  지,유학연수,2026-01-01,2.8436038742275316,,2.1029598915869787,2.473281882907255
피  지,유학연수,2026-02-01,2.9372480513062307,,1.992425157524448,2.464836604415339
피  지,유학연수,2026-03-01,1.4423605730502447,,1.140675559944262,1.2915180664972534
피  지,유학연수,2026-04-01,0.407251939245061,,0.5040329415502935,0.45564244039767726
피  지,유학연수,2026-05-01,0.8604201271400221,,0.20702851400359545,0.5337243205718087
피  지,유학연수,2026-06-01,1.2492789495872572,,0.4573803893926246,0.8533296694899408
피  지,유학연수,2026-07-01,2.8632187955434634,,1.6526014052342233,2.2579101003888433
피  지,유학연수,2026-08-01,7.186045936696294,,4.781959562291322,5.984002749493808
피  지,유학연수,2026-09-01,1.8674369100118335,,1.1407492747292107,1.504093092370522
피  지,유학연수,2026-10-01,1.0212447718885587,,0.5915432316939824,0.8063940017912705
피  지,유학연수,2026-11-01,0.7276745032370059,,0.3280694800191879,0.527871991628097
피  지,유학연수,2026-12-01,0.833665354235159,,0.7069290197323078,0.7702971869837334
피  지,유학연수,2027-01-01,3.019707189619545,,2.1665084818617024,2.5931078357406236
피  지,유학연수,2027-02-01,3.0661809301047533,,2.025246929208506,2.5457139296566296
피  지,유학연수,2027-03-01,1.7747706343474285,,1.2350280822094872,1.504899358278458
필리핀,공용,2025-04-01,242.01053305028037,,164.8507883382672,203.4306606942738
필리핀,공용,2025-05-01,264.3872029781381,,195.02846821629936,229.70783559721872
필리핀,공용,2025-06-01,278.14972276315336,,219.03734841117256,248.59353558716296
필리핀,공용,2025-07-01,279.28102608681417,,219.49040821550958,249.38571715116188
필리핀,공용,2025-08-01,275.4713523168602,,209.3533778398575,242.41236507835885
필리핀,공용,2025-09-01,272.3418847949967,,202.914264740558,237.62807476777735
필리핀,공용,2025-10-01,293.5350863158248,,219.54995833166325,256.54252232374404
필리핀,공용,2025-11-01,305.7122470672459,,224.3186434108552,265.01544523905056
필리핀,공용,2025-12-01,210.73712035589273,,173.39708702386417,192.06710368987845
필리핀,공용,2026-01-01,292.94144915811023,,185.3937761538014,239.16761265595582
필리핀,공용,2026-02-01,165.47344857865798,,142.39439542551924,153.9339220020886
필리핀,공용,2026-03-01,199.24475876791274,,124.55357132505304,161.8991650464829
필리핀,공용,2026-04-01,310.11119384767176,,155.76814790811235,232.93967087789207
필리핀,공용,2026-05-01,323.75847752392684,,185.4577058816722,254.60809170279953
필리핀,공용,2026-06-01,339.8788435842636,,214.55397455515242,277.216409069708
필리핀,공용,2026-07-01,329.4067736197037,,216.62132773042265,273.0140506750632
필리핀,공용,2026-08-01,319.3194420911609,,207.25173135960225,263.28558672538156
필리핀,공용,2026-09-01,330.30284818980226,,200.93623673951828,265.6195424646603
필리핀,공용,2026-10-01,365.28487017563964,,217.87482931825934,291.5798497469495
필리핀,공용,2026-11-01,367.2586179799947,,224.6908158828167,295.97471693140574
필리핀,공용,2026-12-01,251.08910131927064,,173.70686735825552,212.39798433876308
필리핀,공용,2027-01-01,345.5051824415993,,185.1863779079972,265.3457801747983
필리핀,공용,2027-02-01,183.26087439564856,,141.80412459164467,162.5324994936466
필리핀,공용,2027-03-01,230.19866043892844,,122.99232009329381,176.59549026611114
필리핀,관광,2025-04-01,39764.811383319924,,34274.907080651916,37019.859231985916
필리핀,관광,2025-05-01,31454.22015004119,,29620.524194310434,30537.372172175812
필리핀,관광,2025-06-01,28356.950955388595,,20829.779425604265,24593.365190496428
필리핀,관광,2025-07-01,20677.57046389489,,14967.028357197385,17822.299410546137
필리핀,관광,2025-08-01,18618.931025464764,,13318.50345920936,15968.717242337061
필리핀,관광,2025-09-01,25059.804527565517,,20665.641106597057,22862.72281708129
필리핀,관광,2025-10-01,44177.63209774525,,36392.09199007382,40284.86204390954
필리핀,관광,2025-11-01,38639.96381864034,,29406.43668460963,34023.200251624985
필리핀,관광,2025-12-01,41278.29237816956,,28715.360795725293,34996.82658694743
필리핀,관광,2026-01-01,24156.089604633773,,12266.777063260233,18211.433333947003
필리핀,관광,2026-02-01,24480.382949105282,,4383.385246703855,14431.884097904569
필리핀,관광,2026-03-01,35628.77150411844,,1093.5942117863287,18361.182857952386
필리핀,관광,2026-04-01,53355.19475234808,,-178.48362539515074,26588.355563476463
필리핀,관광,2026-05-01,39729.68521065234,,9.642034896221958,19869.66362277428
필리핀,관광,2026-06-01,33764.438644995025,,1325.0231812150178,17544.73091310502
필리핀,관광,2026-07-01,24770.383902091577,,2172.4307509172377,13471.407326504406
필리핀,관광,2026-08-01,22850.396602537236,,2837.856117539618,12844.126360038426
필리핀,관광,2026-09-01,30399.283571049877,,3193.421044332763,16796.35230769132
필리핀,관광,2026-10-01,55394.43624545319,,2487.9165839449406,28941.176414699064
필리핀,관광,2026-11-01,46628.258099803345,,2088.59773007104,24358.427914937194
필리핀,관광,2026-12-01,50523.07525995089,,2546.1978079354467,26534.63653394317
필리핀,관광,2027-01-01,28752.989948455244,,2098.7224603490085,15425.856204402127
필리핀,관광,2027-02-01,29285.299824070607,,1576.579426290904,15430.939625180756
필리핀,관광,2027-03-01,39469.55905817315,,2123.19756378887,20796.37831098101
필리핀,기타,2025-04-01,21523.31930812794,,22404.36991105679,21963.844609592365
필리핀,기타,2025-05-01,22947.879586659816,,25705.39208996087,24326.635838310343
필리핀,기타,2025-06-01,23040.17536195715,,28390.800443661916,25715.48790280953
필리핀,기타,2025-07-01,23757.952040011896,,30150.337819778408,26954.144929895152
필리핀,기타,2025-08-01,24727.64757943763,,29453.075595421713,27090.361587429674
필리핀,기타,2025-09-01,23662.157856988146,,25992.946835519477,24827.55234625381
필리핀,기타,2025-10-01,23778.636350954173,,22117.489955882844,22948.06315341851
필리핀,기타,2025-11-01,19880.78644657559,,18987.7888476201,19434.287647097844
필리핀,기타,2025-12-01,19431.156235772956,,17251.662825849777,18341.40953081137
필리핀,기타,2026-01-01,21082.8205542299,,17078.740288098626,19080.780421164265
필리핀,기타,2026-02-01,19207.73538440211,,15367.506467971869,17287.620926186988
필리핀,기타,2026-03-01,22900.7573880895,,17311.28814566435,20106.022766876926
필리핀,기타,2026-04-01,26505.413668097906,,22587.93434379053,24546.674005944216
필리핀,기타,2026-05-01,27089.287834459734,,26813.752620241008,26951.52022735037
필리핀,기타,2026-06-01,27237.36968951434,,30191.732662690927,28714.551176102636
필리핀,기타,2026-07-01,26826.82300680291,,32317.160688666852,29571.991847734884
필리핀,기타,2026-08-01,29950.039832543807,,32286.209423101336,31118.124627822574
필리핀,기타,2026-09-01,27291.086030146485,,28629.979813013357,27960.53292157992
필리핀,기타,2026-10-01,28097.35235243502,,23976.10025425821,26036.726303346615
필리핀,기타,2026-11-01,23603.465788063742,,19661.8933053833,21632.67954672352
필리핀,기타,2026-12-01,22567.19054413647,,17574.588667591303,20070.889605863886
필리핀,기타,2027-01-01,24369.704733186005,,17161.196548693097,20765.45064093955
필리핀,기타,2027-02-01,21378.097617294254,,16344.319788731176,18861.208703012715
필리핀,기타,2027-03-01,26265.59756154494,,19690.03940627516,22977.81848391005
필리핀,상용,2025-04-01,752.9644977914002,,507.49563225252814,630.2300650219642
필리핀,상용,2025-05-01,761.24560234367,,456.773322708818,609.0094625262441
필리핀,상용,2025-06-01,727.7530589551652,,448.6548887870807,588.203973871123
필리핀,상용,2025-07-01,672.7368218395337,,472.49945923167036,572.618140535602
필리핀,상용,2025-08-01,659.2911232234551,,474.11111764040004,566.7011204319276
필리핀,상용,2025-09-01,715.6715640473896,,500.09352668272015,607.8825453650549
필리핀,상용,2025-10-01,900.3425715899773,,578.996761631976,739.6696666109767
필리핀,상용,2025-11-01,793.8416833539715,,557.0647886525909,675.4532360032812
필리핀,상용,2025-12-01,520.2651608113836,,479.7354397054341,500.00030025840886
필리핀,상용,2026-01-01,709.5190924978691,,432.23105748297985,570.8750749904245
필리핀,상용,2026-02-01,653.803149597123,,495.99129327417074,574.8972214356469
필리핀,상용,2026-03-01,835.8151590134133,,551.5141587614979,693.6646588874556
필리핀,상용,2026-04-01,982.7825801140086,,505.427014996661,744.1047975553348
필리핀,상용,2026-05-01,976.2717601585867,,459.6372734314151,717.9545167950009
필리핀,상용,2026-06-01,888.93848493214,,452.2504636192982,670.5944742757191
필리핀,상용,2026-07-01,823.2710454883571,,474.439264466061,648.855154977209
필리핀,상용,2026-08-01,819.5367052208069,,472.823349580216,646.1800274005114
필리핀,상용,2026-09-01,883.8178559403098,,497.48663349353194,690.6522447169209
필리핀,상용,2026-10-01,1098.1425610123829,,578.6401974626968,838.3913792375399
필리핀,상용,2026-11-01,990.1678402595469,,557.8716207319595,774.0197304957533
필리핀,상용,2026-12-01,624.9756299477025,,480.3957142346335,552.685672091168
필리핀,상용,2027-01-01,891.6577140919577,,432.109916306952,661.8838151994548
필리핀,상용,2027-02-01,754.3897800639127,,494.9813139344965,624.6855469992046
필리핀,상용,2027-03-01,973.810870029569,,550.7446244456282,762.2777472375985
필리핀,유학연수,2025-04-01,70.17027579905532,,46.370714726432865,58.27049526274409
필리핀,유학연수,2025-05-01,93.15810083185444,,38.60217027913735,65.8801355554959
필리핀,유학연수,2025-06-01,100.43572258568177,,54.092674237660646,77.2641984116712
필리핀,유학연수,2025-07-01,150.1795211671454,,80.69424027645356,115.43688072179947
필리핀,유학연수,2025-08-01,445.06034070245727,,252.3455516620357,348.7029461822465
필리핀,유학연수,2025-09-01,162.05814635401765,,87.39185714649335,124.7250017502555
필리핀,유학연수,2025-10-01,91.98164396189176,,55.47474075898586,73.72819236043881
필리핀,유학연수,2025-11-01,88.96284744969859,,49.548417470922914,69.25563246031075
필리핀,유학연수,2025-12-01,96.87923916163611,,42.82027267921754,69.84975592042682
필리핀,유학연수,2026-01-01,305.48381780637345,,163.6601757364267,234.57199677140008
필리핀,유학연수,2026-02-01,386.5648372275877,,178.6104462408366,282.5876417342122
필리핀,유학연수,2026-03-01,199.0177632709131,,81.13911135922667,140.0784373150699
필리핀,유학연수,2026-04-01,78.52546418422374,,38.252034550057985,58.38874936714086
필리핀,유학연수,2026-05-01,106.51910284609116,,30.24718488978344,68.38314386793729
필리핀,유학연수,2026-06-01,122.72132442283956,,40.53193877726707,81.62663160005332
필리핀,유학연수,2026-07-01,185.53476964794476,,56.86686637591022,121.20081801192748
필리핀,유학연수,2026-08-01,547.0552196814081,,176.30138775562176,361.67830371851494
필리핀,유학연수,2026-09-01,193.32893639676416,,66.34195949225122,129.83544794450768
필리핀,유학연수,2026-10-01,103.34453903557865,,44.61992882801756,73.9822339317981
필리핀,유학연수,2026-11-01,94.82123142336965,,36.75321074276259,65.78722108306613
필리핀,유학연수,2026-12-01,103.5917635822228,,31.585549931191757,67.58865675670728
필리핀,유학연수,2027-01-01,385.11549665147396,,118.12322128766576,251.61935896956987
필리핀,유학연수,2027-02-01,464.39764091331045,,132.83437943759355,298.616010175452
필리핀,유학연수,2027-03-01,226.80652672732154,,74.64862636549822,150.72757654640986
홍  콩,공용,2025-04-01,1.7941695287794637,,1.9333837351623677,1.8637766319709157
홍  콩,공용,2025-05-01,2.34590320263981,,2.393354228732024,2.3696287156859173
홍  콩,공용,2025-06-01,3.2296762034214854,,2.8361201427174993,3.0328981730694924
홍  콩,공용,2025-07-01,2.9225697988485226,,3.118838260494983,3.020704029671753
홍  콩,공용,2025-08-01,3.6200752662444677,,3.3329365270167584,3.476505896630613
홍  콩,공용,2025-09-01,3.225982233065885,,3.350685414215089,3.288333823640487
홍  콩,공용,2025-10-01,2.539610166942761,,3.0013664245544325,2.7704882957485966
홍  콩,공용,2025-11-01,4.206284353284353,,2.3934567000011007,3.299870526642727
홍  콩,공용,2025-12-01,4.807919179834696,,1.5491005288923305,3.1785098543635133
홍  콩,공용,2026-01-01,3.031584919632475,,1.5613621832957323,2.2964735514641035
홍  콩,공용,2026-02-01,1.9954099819201698,,1.1667590509272328,1.5810845164237013
홍  콩,공용,2026-03-01,1.8325955148001443,,1.1088028291182537,1.470699171959199
홍  콩,공용,2026-04-01,2.3204938862336992,,1.235420140620496,1.7779570134270977
홍  콩,공용,2026-05-01,2.921304688844439,,1.5316732986668178,2.2264889937556283
홍  콩,공용,2026-06-01,3.3357552470433234,,1.9805127654296588,2.658134006236491
홍  콩,공용,2026-07-01,3.5523537891292625,,2.713467827463029,3.1329108082961454
홍  콩,공용,2026-08-01,4.516092763741505,,3.3809801020001062,3.9485364328708057
홍  콩,공용,2026-09-01,3.909319202038294,,3.7551483744118075,3.832233788225051
홍  콩,공용,2026-10-01,2.75498615583446,,5.282863215109091,4.0189246854717755
홍  콩,공용,2026-11-01,5.132391543868158,,7.459339564961103,6.295865554414631
홍  콩,공용,2026-12-01,5.663287737454372,,5.553783390796928,5.60853556412565
홍  콩,공용,2027-01-01,3.6515070964965632,,2.1430311757443476,2.8972691361204554
홍  콩,공용,2027-02-01,1.7739266986295885,,0.44959268705418864,1.1117596928418885
홍  콩,공용,2027-03-01,2.5197806102816647,,0.6203114117987525,1.5700460110402086
홍  콩,관광,2025-04-01,66584.75206589709,,56271.08104523956,61427.91655556833
홍  콩,관광,2025-05-01,55699.47857744464,,55256.30789284002,55477.89323514233
홍  콩,관광,2025-06-01,62900.75544870397,,54038.35936429186,58469.557406497916
홍  콩,관광,2025-07-01,61119.614024713075,,54696.01722612571,57907.81562541939
홍  콩,관광,2025-08-01,65161.080969857976,,52298.01886742492,58729.54991864145
홍  콩,관광,2025-09-01,49187.06532988095,,49266.88618649697,49226.97575818896
홍  콩,관광,2025-10-01,68675.33151471142,,52225.088266134466,60450.20989042294
홍  콩,관광,2025-11-01,62733.99733042917,,52644.693419196075,57689.34537481262
홍  콩,관광,2025-12-01,76293.1947799154,,55093.94872895781,65693.5717544366
홍  콩,관광,2026-01-01,58580.76976985372,,42542.98881622236,50561.879293038044
홍  콩,관광,2026-02-01,59711.53410079591,,43366.29891326535,51538.91650703063
홍  콩,관광,2026-03-01,65332.55735664859,,48563.905422923985,56948.23138978629
홍  콩,관광,2026-04-01,90874.91200880129,,57888.84731696184,74381.87966288156
홍  콩,관광,2026-05-01,73280.25152193497,,54167.55837465822,63723.90494829659
홍  콩,관광,2026-06-01,75731.23794400622,,52442.764265859856,64087.001104933035
홍  콩,관광,2026-07-01,72736.81390748912,,54459.99808248533,63598.405994987224
홍  콩,관광,2026-08-01,82234.22857656356,,53627.709626323965,67930.96910144377
홍  콩,관광,2026-09-01,65342.92102388091,,51249.52765943654,58296.22434165873
홍  콩,관광,2026-10-01,85856.30364969559,,53756.850672838584,69806.57716126708
홍  콩,관광,2026-11-01,77231.17837802006,,53948.27146288657,65589.72492045331
홍  콩,관광,2026-12-01,93799.27622143515,,56154.762085761766,74977.01915359846
홍  콩,관광,2027-01-01,69647.1349398994,,42600.46601312308,56123.80047651124
홍  콩,관광,2027-02-01,73105.67417994647,,43219.73972930308,58162.70695462477
홍  콩,관광,2027-03-01,75159.6478217832,,49047.23217033098,62103.43999605709
홍  콩,기타,2025-04-01,388.57995130734344,,299.6786693164631,344.1293103119033
홍  콩,기타,2025-05-01,407.1259802193038,,299.9453239565283,353.53565208791605
홍  콩,기타,2025-06-01,394.00335887990985,,298.92474490041747,346.46405189016366
홍  콩,기타,2025-07-01,429.029348345174,,299.177007606171,364.1031779756725
홍  콩,기타,2025-08-01,446.9596999503816,,308.1962345830483,377.57796726671495
홍  콩,기타,2025-09-01,459.25278233255835,,320.4545646330019,389.8536734827801
홍  콩,기타,2025-10-01,457.968592148266,,303.54260996619774,380.75560105723184
홍  콩,기타,2025-11-01,409.2633587653215,,298.5981728195446,353.930765792433
홍  콩,기타,2025-12-01,433.2495480679321,,307.3120851899531,370.2808166289426
홍  콩,기타,2026-01-01,441.97199356108956,,303.3201591243755,372.6460763427325
홍  콩,기타,2026-02-01,425.57287530266683,,291.20886911758055,358.3908722101237
홍  콩,기타,2026-03-01,465.34290116111634,,306.09284604057603,385.7178736008462
홍  콩,기타,2026-04-01,479.34382593774643,,325.38220507060515,402.3630155041758
홍  콩,기타,2026-05-01,509.71340552074815,,326.72851178287164,418.2209586518099
홍  콩,기타,2026-06-01,489.84989412093495,,326.68616204759485,408.26802808426487
홍  콩,기타,2026-07-01,511.06323357488736,,327.69502930001835,419.3791314374529
홍  콩,기타,2026-08-01,532.2908054315217,,336.7472622691053,434.51903385031346
홍  콩,기타,2026-09-01,583.4227083141527,,347.9166515749677,465.66967994456024
홍  콩,기타,2026-10-01,542.0931024546859,,328.3580495595444,435.22557600711514
홍  콩,기타,2026-11-01,498.66915262153844,,320.8484704065472,409.7588115140428
홍  콩,기타,2026-12-01,521.5478928361376,,329.0086604471384,425.27827664163806
홍  콩,기타,2027-01-01,536.4072258937791,,324.18692188331573,430.2970738885474
홍  콩,기타,2027-02-01,488.84043687536433,,310.6296096193807,399.7350232473725
홍  콩,기타,2027-03-01,559.9179226734205,,324.5863898457596,442.25215625959004
홍  콩,상용,2025-04-01,44.15110022681953,,51.10722763785256,47.62916393233604
홍  콩,상용,2025-05-01,61.36754136142926,,55.08566329072287,58.22660232607606
홍  콩,상용,2025-06-01,52.44437270558294,,57.674145122877015,55.05925891422998
홍  콩,상용,2025-07-01,51.63012898583501,,59.60646879578477,55.61829889080989
홍  콩,상용,2025-08-01,46.87653491743694,,61.7445529807809,54.31054394910892
홍  콩,상용,2025-09-01,94.7005398423533,,63.65746887093657,79.17900435664492
홍  콩,상용,2025-10-01,43.511264832042244,,64.37801718362242,53.94464100783233
홍  콩,상용,2025-11-01,46.387851012069895,,61.62267376161364,54.005262386841764
홍  콩,상용,2025-12-01,42.74295165645284,,56.58846035493585,49.66570600569435
홍  콩,상용,2026-01-01,42.74800131027643,,53.56193572337335,48.154968516824894
홍  콩,상용,2026-02-01,47.0991993593731,,52.83337082941667,49.96628509439489
홍  콩,상용,2026-03-01,56.252595762313085,,54.56648041364617,55.40953808797963
홍  콩,상용,2026-04-01,49.23961163775343,,51.2339479185489,50.23677977815116
홍  콩,상용,2026-05-01,67.69462075354642,,47.723637154899414,57.70912895422292
홍  콩,상용,2026-06-01,55.379168534425176,,43.974586612062524,49.67687757324385
홍  콩,상용,2026-07-01,56.09051282827851,,39.55125060870803,47.82088171849327
홍  콩,상용,2026-08-01,50.1705462156177,,39.94636734706951,45.05845678134361
홍  콩,상용,2026-09-01,109.37489180549319,,41.30326889718147,75.33908035133733
홍  콩,상용,2026-10-01,46.24416086682193,,41.457722014893534,43.85094144085773
홍  콩,상용,2026-11-01,50.024225102859525,,40.66476325095531,45.34449417690742
홍  콩,상용,2026-12-01,45.62108048796704,,37.02612679316372,41.32360364056538
홍  콩,상용,2027-01-01,46.70584488240894,,32.34038911452232,39.523116998465625
홍  콩,상용,2027-02-01,50.058112374216094,,31.276490716265712,40.6673015452409
홍  콩,상용,2027-03-01,63.20682487362702,,33.44528734315816,48.32605610839259
홍  콩,유학연수,2025-04-01,96.21558321701751,,111.17009335468747,103.69283828585249
홍  콩,유학연수,2025-05-01,185.2262099283894,,138.55452964281608,161.89036978560273
홍  콩,유학연수,2025-06-01,236.66688659267007,,188.18083141072583,212.42385900169796
홍  콩,유학연수,2025-07-01,178.91426108151236,,235.04530527961586,206.9797831805641
홍  콩,유학연수,2025-08-01,581.8240095810089,,481.43010972487485,531.6270596529419
홍  콩,유학연수,2025-09-01,296.68827976241636,,247.4488182154333,272.0685489889248
홍  콩,유학연수,2025-10-01,113.90538933939231,,114.99069487293089,114.44804210616161
홍  콩,유학연수,2025-11-01,190.8247975847005,,167.18392291985555,179.00436025227802
홍  콩,유학연수,2025-12-01,235.9336152776241,,163.05786216467567,199.4957387211499
홍  콩,유학연수,2026-01-01,151.69477665865867,,174.96313984846796,163.32895825356331
홍  콩,유학연수,2026-02-01,638.1600903152421,,340.49664365420176,489.3283669847219
홍  콩,유학연수,2026-03-01,332.39318449790636,,155.39116494984054,243.89217472387344
홍  콩,유학연수,2026-04-01,99.04511587942794,,54.18159218142465,76.6133540304263
홍  콩,유학연수,2026-05-01,201.9173381645026,,68.67126534648129,135.29430175549194
홍  콩,유학연수,2026-06-01,308.2845403171028,,87.13463345370639,197.7095868854046
홍  콩,유학연수,2026-07-01,217.02540878379335,,106.37689596330398,161.70115237354867
홍  콩,유학연수,2026-08-01,702.8741017095302,,309.02313213643447,505.94861692298235
홍  콩,유학연수,2026-09-01,342.5122447163251,,146.46664920127108,244.48944695879808
홍  콩,유학연수,2026-10-01,112.47159751033982,,60.4487420670387,86.46016978868926
홍  콩,유학연수,2026-11-01,229.64092511682733,,60.744263283451765,145.19259420013955
홍  콩,유학연수,2026-12-01,276.51778289520814,,61.44626556306286,168.9820242291355
홍  콩,유학연수,2027-01-01,187.5821272293766,,60.936401617065606,124.2592644232211
홍  콩,유학연수,2027-02-01,756.7594053221341,,91.8082475826681,424.28382645240106
홍  콩,유학연수,2027-03-01,385.7380696605677,,79.5604744488963,232.649272054732
