국적,목적,ds,prophet_pred,xgb_pred,lstm_pred,stacking_pred
그리스,관광,2025-08-01 08:57:27.303636,726.8339641392847,,885.2327157239791,806.0333399316319
그리스,관광,2025-09-01 08:57:27.303636,764.2721252919087,,761.6672378990477,762.9696815954782
그리스,관광,2025-10-01 08:57:27.303636,929.8912793550163,,759.4543936018742,844.6728364784453
그리스,관광,2025-11-01 08:57:27.303636,944.2131979027806,,760.02751258197,852.1203552423754
그리스,관광,2025-12-01 08:57:27.303636,675.4512467723605,,532.524868412492,603.9880575924262
그리스,관광,2026-01-01 08:57:27.303636,738.744190074019,,464.2615603832664,601.5028752286427
그리스,관광,2026-02-01 08:57:27.303636,647.1183233973434,,601.3223285983584,624.2203259978509
그리스,관광,2026-03-01 08:57:27.303636,999.4223826587062,,762.4313272340203,880.9268549463632
그리스,관광,2026-04-01 08:57:27.303636,976.8842275662807,,680.0593435394255,828.4717855528531
그리스,관광,2026-05-01 08:57:27.303636,979.7002731860217,,572.3831120983921,776.041692642207
그리스,관광,2026-06-01 08:57:27.303636,908.6228422650127,,520.0455742698019,714.3342082674073
그리스,관광,2026-07-01 08:57:27.303636,986.1654296673508,,494.87615970260924,740.52079468498
그리스,공용,2025-08-01 08:57:27.303636,1.835655389559463,,0.33980762754666194,1.0877315085530626
그리스,공용,2025-09-01 08:57:27.303636,0.5186724191266998,,0.4650480741164187,0.49186024662155925
그리스,공용,2025-10-01 08:57:27.303636,0.5420210092650346,,0.29506495344554284,0.4185429813552887
그리스,공용,2025-11-01 08:57:27.303636,0.29350647148592596,,0.1625143839122588,0.22801042769909238
그리스,공용,2025-12-01 08:57:27.303636,2.4834558581774195,,0.2073529591182791,1.3454044086478494
그리스,공용,2026-01-01 08:57:27.303636,1.1694477270782146,,0.49231002728123535,0.830878877179725
그리스,공용,2026-02-01 08:57:27.303636,1.1798159576548852,,0.4770883807166802,0.8284521691857827
그리스,공용,2026-03-01 08:57:27.303636,1.539229507991174,,0.40843484835096083,0.9738321781710674
그리스,공용,2026-04-01 08:57:27.303636,1.4315512475687777,,0.5187816355786963,0.975166441573737
그리스,공용,2026-05-01 08:57:27.303636,0.887334348861488,,0.6510922028435412,0.7692132758525145
그리스,공용,2026-06-01 08:57:27.303636,0.4922684002392582,,0.7907126946010838,0.6414905474201711
그리스,공용,2026-07-01 08:57:27.303636,0.7466472558824337,,0.9057503654059792,0.8261988106442064
그리스,상용,2025-08-01 08:57:27.303636,20.748910334926162,,11.493535274297933,16.121222804612046
그리스,상용,2025-09-01 08:57:27.303636,14.835543345657713,,12.232262207809159,13.533902776733436
그리스,상용,2025-10-01 08:57:27.303636,12.867444544552503,,11.966715353090624,12.417079948821563
그리스,상용,2025-11-01 08:57:27.303636,10.100638646738151,,11.548821563967405,10.824730105352778
그리스,상용,2025-12-01 08:57:27.303636,8.980339171805513,,21.039058221194033,15.009698696499772
그리스,상용,2026-01-01 08:57:27.303636,18.533787470146084,,27.856257591619983,23.195022530883033
그리스,상용,2026-02-01 08:57:27.303636,14.808625497273486,,23.0627571637108,18.93569133049214
그리스,상용,2026-03-01 08:57:27.303636,11.271860095981996,,13.493128638196387,12.38249436708919
그리스,상용,2026-04-01 08:57:27.303636,11.204225805333051,,16.052608730282863,13.628417267807958
그리스,상용,2026-05-01 08:57:27.303636,13.158401150056449,,32.32660790485046,22.742504527453455
그리스,상용,2026-06-01 08:57:27.303636,10.832331637816555,,28.305890905600045,19.5691112717083
그리스,상용,2026-07-01 08:57:27.303636,11.776117770326064,,16.549461994060614,14.162789882193339
그리스,기타,2025-08-01 08:57:27.303636,290.7413095831921,,206.41108193310862,248.57619575815036
그리스,기타,2025-09-01 08:57:27.303636,266.1483710255272,,198.70544461227286,232.42690781890002
그리스,기타,2025-10-01 08:57:27.303636,316.5973704511051,,211.94808183345015,264.27272614227763
그리스,기타,2025-11-01 08:57:27.303636,256.0507843433135,,230.39451390492638,243.22264912411995
그리스,기타,2025-12-01 08:57:27.303636,299.2591490974767,,234.11846753653043,266.6888083170036
그리스,기타,2026-01-01 08:57:27.303636,263.18744976315276,,243.08977801017733,253.13861388666504
그리스,기타,2026-02-01 08:57:27.303636,267.2302688541235,,264.2181524555491,265.72421065483627
그리스,기타,2026-03-01 08:57:27.303636,274.10301599363515,,281.61716249730966,277.8600892454724
그리스,기타,2026-04-01 08:57:27.303636,304.70444904832414,,290.94841244143953,297.8264307448818
그리스,기타,2026-05-01 08:57:27.303636,317.10922359247735,,307.9646895199767,312.536956556227
그리스,기타,2026-06-01 08:57:27.303636,294.9935289039493,,308.9136193160977,301.9535741100235
그리스,기타,2026-07-01 08:57:27.303636,277.4669111273359,,305.8542998692933,291.66060549831457
그리스,유학연수,2025-08-01 08:57:27.303636,30.89186938059565,,2.912686318544443,16.902277849570048
그리스,유학연수,2025-09-01 08:57:27.303636,1.274769385059252,,6.313161543401532,3.793965464230392
그리스,유학연수,2025-10-01 08:57:27.303636,1.6777039956429018,,11.690441388487208,6.6840726920650555
그리스,유학연수,2025-11-01 08:57:27.303636,10.598478045977345,,5.7833716322002235,8.190924839088783
그리스,유학연수,2025-12-01 08:57:27.303636,5.975508979828064,,4.154525546370945,5.065017263099504
그리스,유학연수,2026-01-01 08:57:27.303636,4.512847735953952,,8.57083256606965,6.541840151011801
그리스,유학연수,2026-02-01 08:57:27.303636,20.660626231392634,,15.728927040538764,18.1947766359657
그리스,유학연수,2026-03-01 08:57:27.303636,4.019552082435787,,1.6850142914564328,2.85228318694611
그리스,유학연수,2026-04-01 08:57:27.303636,0.5124941485457677,,2.931360228192211,1.7219271883689893
그리스,유학연수,2026-05-01 08:57:27.303636,5.217263630989269,,4.765008140941585,4.991135885965427
그리스,유학연수,2026-06-01 08:57:27.303636,10.847534147864621,,6.08200789830133,8.464771023082976
그리스,유학연수,2026-07-01 08:57:27.303636,3.640849985735166,,13.363438084855714,8.50214403529544
나이지리아,공용,2025-08-01 08:57:27.303636,3.151719201724743,,3.8241229762689826,3.487921088996863
나이지리아,공용,2025-09-01 08:57:27.303636,1.6141407049221272,,4.132019284125003,2.8730799945235654
나이지리아,공용,2025-10-01 08:57:27.303636,7.25372826301939,,4.823231675143035,6.038479969081212
나이지리아,공용,2025-11-01 08:57:27.303636,2.1364366418332117,,4.069456539284712,3.102946590558962
나이지리아,공용,2025-12-01 08:57:27.303636,0.7595074998403407,,3.0849110238568005,1.9222092618485707
나이지리아,공용,2026-01-01 08:57:27.303636,0.8271627670525507,,2.001319093187133,1.414240930119842
나이지리아,공용,2026-02-01 08:57:27.303636,2.2309585515691217,,2.8877957451728795,2.5593771483710004
나이지리아,공용,2026-03-01 08:57:27.303636,1.5872549022982652,,3.5355210542823916,2.5613879782903286
나이지리아,공용,2026-04-01 08:57:27.303636,1.8048161434973997,,2.99039562394285,2.397605883720125
나이지리아,공용,2026-05-01 08:57:27.303636,1.8713554025732104,,2.0377232020506497,1.9545393023119302
나이지리아,공용,2026-06-01 08:57:27.303636,1.4781014326992759,,1.3327928619896259,1.405447147344451
나이지리아,공용,2026-07-01 08:57:27.303636,2.0521876275107824,,2.5251622398757525,2.2886749336932675
나이지리아,기타,2025-08-01 08:57:27.303636,56.18183307684015,,27.267052210117324,41.72444264347874
나이지리아,기타,2025-09-01 08:57:27.303636,37.15203473670131,,33.69174489668046,35.421889816690886
나이지리아,기타,2025-10-01 08:57:27.303636,31.136332088934548,,26.651888026328383,28.894110057631465
나이지리아,기타,2025-11-01 08:57:27.303636,30.487228506644673,,23.171095475623826,26.82916199113425
나이지리아,기타,2025-12-01 08:57:27.303636,42.90008987565034,,21.782380117504978,32.341234996577654
나이지리아,기타,2026-01-01 08:57:27.303636,54.80077823152981,,26.78320118353543,40.79198970753262
나이지리아,기타,2026-02-01 08:57:27.303636,62.57532714174049,,24.190878546280373,43.38310284401043
나이지리아,기타,2026-03-01 08:57:27.303636,44.886539005980765,,23.806684103048564,34.346611554514666
나이지리아,기타,2026-04-01 08:57:27.303636,41.49803116768133,,24.677572000961117,33.08780158432123
나이지리아,기타,2026-05-01 08:57:27.303636,36.649225030415245,,27.06831917407275,31.858772102243996
나이지리아,기타,2026-06-01 08:57:27.303636,44.08350314565644,,31.12002463984501,37.601763892750725
나이지리아,기타,2026-07-01 08:57:27.303636,57.671294959014126,,36.33724504609291,47.00427000255352
나이지리아,관광,2025-08-01 08:57:27.303636,112.2592903767968,,148.57393604819313,130.41661321249495
나이지리아,관광,2025-09-01 08:57:27.303636,168.37248362608742,,154.7721772349924,161.57233043053992
나이지리아,관광,2025-10-01 08:57:27.303636,200.6559859480361,,135.38494333815854,168.0204646430973
나이지리아,관광,2025-11-01 08:57:27.303636,145.93221024031902,,119.42077405228554,132.67649214630228
나이지리아,관광,2025-12-01 08:57:27.303636,107.30986833959716,,108.28249985459726,107.79618409709721
나이지리아,관광,2026-01-01 08:57:27.303636,64.39403004603629,,97.4421644243574,80.91809723519685
나이지리아,관광,2026-02-01 08:57:27.303636,74.4736936469434,,105.09193030073999,89.78281197384169
나이지리아,관광,2026-03-01 08:57:27.303636,94.71451008436071,,113.0703260040105,103.8924180441856
나이지리아,관광,2026-04-01 08:57:27.303636,100.59263504976062,,121.58506890002991,111.08885197489526
나이지리아,관광,2026-05-01 08:57:27.303636,240.16386462781932,,131.30989047843406,185.7368775531267
나이지리아,관광,2026-06-01 08:57:27.303636,181.93531135995426,,158.4703235925001,170.20281747622718
나이지리아,관광,2026-07-01 08:57:27.303636,200.96898549816257,,184.20159843187338,192.58529196501797
나이지리아,상용,2025-08-01 08:57:27.303636,36.347833820161604,,24.344443543544614,30.34613868185311
나이지리아,상용,2025-09-01 08:57:27.303636,36.89274384556448,,27.069367941523836,31.98105589354416
나이지리아,상용,2025-10-01 08:57:27.303636,44.14929420118032,,30.128879310499073,37.1390867558397
나이지리아,상용,2025-11-01 08:57:27.303636,42.05131218565883,,32.68588780836167,37.36859999701025
나이지리아,상용,2025-12-01 08:57:27.303636,30.294016583124773,,27.774777978307057,29.034397280715915
나이지리아,상용,2026-01-01 08:57:27.303636,28.601718655499173,,29.2007876895061,28.901253172502635
나이지리아,상용,2026-02-01 08:57:27.303636,38.293888914427825,,30.96229588600599,34.62809240021691
나이지리아,상용,2026-03-01 08:57:27.303636,43.120552398053206,,32.343825059596654,37.73218872882493
나이지리아,상용,2026-04-01 08:57:27.303636,42.433863993898804,,26.436348466176355,34.435106230037576
나이지리아,상용,2026-05-01 08:57:27.303636,45.802815719236655,,22.027054470332942,33.914935094784795
나이지리아,상용,2026-06-01 08:57:27.303636,41.55537641748701,,17.394371446341665,29.47487393191434
나이지리아,상용,2026-07-01 08:57:27.303636,37.714226005118796,,12.580895682091139,25.147560843604968
남아프리카 공화국,공용,2025-08-01 08:57:27.303636,11.398570607877211,,0.8505844403678364,6.1245775241225235
남아프리카 공화국,공용,2025-09-01 08:57:27.303636,3.8052080644578927,,0.7967492332300528,2.300978648843973
남아프리카 공화국,공용,2025-10-01 08:57:27.303636,6.386484875308336,,0.8200037124897706,3.6032442938990537
남아프리카 공화국,공용,2025-11-01 08:57:27.303636,7.644398071847853,,0.867217914728782,4.255807993288317
남아프리카 공화국,공용,2025-12-01 08:57:27.303636,5.238165423544714,,0.7398383095545507,2.9890018665496325
남아프리카 공화국,공용,2026-01-01 08:57:27.303636,4.385845900641432,,0.7635863244107985,2.5747161125261155
남아프리카 공화국,공용,2026-02-01 08:57:27.303636,1.7455341437895455,,0.6839702319104237,1.2147521878499847
남아프리카 공화국,공용,2026-03-01 08:57:27.303636,4.9404472505902834,,0.7359755011986697,2.8382113758944767
남아프리카 공화국,공용,2026-04-01 08:57:27.303636,5.513452300012859,,0.8658154433405232,3.189633871676691
남아프리카 공화국,공용,2026-05-01 08:57:27.303636,5.934478932093136,,0.9615965353117878,3.448037733702462
남아프리카 공화국,공용,2026-06-01 08:57:27.303636,7.845519140857869,,0.8865976881255048,4.366058414491687
남아프리카 공화국,공용,2026-07-01 08:57:27.303636,6.9379641494204245,,0.816110274381532,3.877037211900978
남아프리카 공화국,관광,2025-08-01 08:57:27.303636,886.2504033845629,,604.2930301128252,745.2717167486941
남아프리카 공화국,관광,2025-09-01 08:57:27.303636,1142.515654979626,,517.4943998690028,830.0050274243144
남아프리카 공화국,관광,2025-10-01 08:57:27.303636,993.8735231722922,,448.42937153049303,721.1514473513926
남아프리카 공화국,관광,2025-11-01 08:57:27.303636,754.9299536686649,,460.11391167346005,607.5219326710625
남아프리카 공화국,관광,2025-12-01 08:57:27.303636,921.6530441691569,,526.3878248357693,724.0204345024631
남아프리카 공화국,관광,2026-01-01 08:57:27.303636,606.2263817229841,,480.43928998266136,543.3328358528228
남아프리카 공화국,관광,2026-02-01 08:57:27.303636,599.9089522642212,,506.60711326151056,553.2580327628659
남아프리카 공화국,관광,2026-03-01 08:57:27.303636,839.8793118762619,,519.1879670034713,679.5336394398666
남아프리카 공화국,관광,2026-04-01 08:57:27.303636,997.0399120357558,,566.5283640157237,781.7841380257398
남아프리카 공화국,관광,2026-05-01 08:57:27.303636,1004.151692684661,,606.4148720748212,805.2832823797412
남아프리카 공화국,관광,2026-06-01 08:57:27.303636,1126.7836147678404,,653.5725399984956,890.178077383168
남아프리카 공화국,관광,2026-07-01 08:57:27.303636,1118.2020330629175,,699.0497186568913,908.6258758599045
나이지리아,유학연수,2025-08-01 08:57:27.303636,64.56903247733256,,6.815870140184716,35.692451308758635
나이지리아,유학연수,2025-09-01 08:57:27.303636,32.23878705182905,,13.372404953894687,22.80559600286187
나이지리아,유학연수,2025-10-01 08:57:27.303636,26.017971002053358,,21.30879008499236,23.66338054352286
나이지리아,유학연수,2025-11-01 08:57:27.303636,16.90535209560685,,19.935502758188317,18.420427426897582
나이지리아,유학연수,2025-12-01 08:57:27.303636,12.897089197610041,,17.590425353395325,15.243757275502684
나이지리아,유학연수,2026-01-01 08:57:27.303636,22.017565205243944,,36.579839699682424,29.298702452463182
나이지리아,유학연수,2026-02-01 08:57:27.303636,44.883179339895825,,30.884294092509474,37.88373671620265
나이지리아,유학연수,2026-03-01 08:57:27.303636,26.845733799855076,,22.218165063273716,24.531949431564396
나이지리아,유학연수,2026-04-01 08:57:27.303636,14.584302136014374,,13.489901935268897,14.037102035641635
나이지리아,유학연수,2026-05-01 08:57:27.303636,15.571504316524006,,8.589964515341933,12.08073441593297
나이지리아,유학연수,2026-06-01 08:57:27.303636,17.461603991715148,,8.32887864424967,12.895241317982409
나이지리아,유학연수,2026-07-01 08:57:27.303636,19.757578453239432,,19.206795844158865,19.482187148699147
남아프리카 공화국,상용,2025-08-01 08:57:27.303636,5.54072909348259,,4.3303779575689845,4.935553525525787
남아프리카 공화국,상용,2025-09-01 08:57:27.303636,6.720407651430733,,8.073338336805001,7.396872994117867
남아프리카 공화국,상용,2025-10-01 08:57:27.303636,7.280970882444632,,6.757684602228956,7.0193277423367935
남아프리카 공화국,상용,2025-11-01 08:57:27.303636,6.115145317927336,,5.2774450414200835,5.69629517967371
남아프리카 공화국,상용,2025-12-01 08:57:27.303636,3.7707900887880004,,5.054294258309236,4.412542173548618
남아프리카 공화국,상용,2026-01-01 08:57:27.303636,8.361523605931785,,7.850077504080821,8.105800555006303
남아프리카 공화국,상용,2026-02-01 08:57:27.303636,6.017231419040069,,6.417682344142788,6.217456881591429
남아프리카 공화국,상용,2026-03-01 08:57:27.303636,6.454531576696818,,4.736064586976383,5.5952980818366
남아프리카 공화국,상용,2026-04-01 08:57:27.303636,8.091822090637397,,4.4564709482662845,6.274146519451841
남아프리카 공화국,상용,2026-05-01 08:57:27.303636,8.022740498849538,,4.12436773320934,6.073554116029439
남아프리카 공화국,상용,2026-06-01 08:57:27.303636,6.424712485714956,,3.579417958776606,5.002065222245781
남아프리카 공화국,상용,2026-07-01 08:57:27.303636,6.98133894561834,,3.1031935049202453,5.042266225269293
남아프리카 공화국,기타,2025-08-01 08:57:27.303636,1692.1162398778083,,629.6808259034092,1160.8985328906087
남아프리카 공화국,기타,2025-09-01 08:57:27.303636,915.9436675713034,,723.6337879543136,819.7887277628085
남아프리카 공화국,기타,2025-10-01 08:57:27.303636,974.5751192096228,,573.3142734350432,773.944696322333
남아프리카 공화국,기타,2025-11-01 08:57:27.303636,625.6731422983561,,384.85982295485985,505.26648262660797
남아프리카 공화국,기타,2025-12-01 08:57:27.303636,514.0418457938289,,1055.693869471605,784.867857632717
남아프리카 공화국,기타,2026-01-01 08:57:27.303636,1289.44403505994,,1010.7882169663208,1150.1161260131303
남아프리카 공화국,기타,2026-02-01 08:57:27.303636,1564.6435855362802,,964.3023417214099,1264.472963628845
남아프리카 공화국,기타,2026-03-01 08:57:27.303636,1070.1463464722303,,618.1805489248605,844.1634476985455
남아프리카 공화국,기타,2026-04-01 08:57:27.303636,1020.1693020589233,,460.81269402434793,740.4909980416356
남아프리카 공화국,기타,2026-05-01 08:57:27.303636,1028.753422358703,,906.2558767043415,967.5046495315222
남아프리카 공화국,기타,2026-06-01 08:57:27.303636,894.0158023699684,,939.5146252644277,916.765213817198
남아프리카 공화국,기타,2026-07-01 08:57:27.303636,1053.6015219636963,,660.1448470326739,856.8731844981851
남아프리카 공화국,유학연수,2025-08-01 08:57:27.303636,18.852159929365374,,1.7257552743407256,10.288957601853049
남아프리카 공화국,유학연수,2025-09-01 08:57:27.303636,7.539856451649505,,7.543023921249214,7.541440186449359
남아프리카 공화국,유학연수,2025-10-01 08:57:27.303636,4.76598268823055,,4.860971441494702,4.813477064862626
남아프리카 공화국,유학연수,2025-11-01 08:57:27.303636,4.463371383491041,,1.3914862089905111,2.9274287962407763
남아프리카 공화국,유학연수,2025-12-01 08:57:27.303636,3.7342514506041393,,0.4890491326348121,2.1116502916194757
남아프리카 공화국,유학연수,2026-01-01 08:57:27.303636,9.28387579436684,,6.980128246305878,8.132002020336358
남아프리카 공화국,유학연수,2026-02-01 08:57:27.303636,17.804105764983696,,4.6467922982884495,11.225449031636073
남아프리카 공화국,유학연수,2026-03-01 08:57:27.303636,8.984798618712208,,0.40379865444063023,4.694298636576419
남아프리카 공화국,유학연수,2026-04-01 08:57:27.303636,2.9621598173737507,,-0.6955827312893748,1.133288543042188
남아프리카 공화국,유학연수,2026-05-01 08:57:27.303636,1.983876256153447,,-0.7618861485024757,0.6109950538254857
남아프리카 공화국,유학연수,2026-06-01 08:57:27.303636,4.779260124581692,,-0.8019155560733195,1.9886722842541864
남아프리카 공화국,유학연수,2026-07-01 08:57:27.303636,6.083955468464919,,-0.537725744674292,2.7731148618953134
네덜란드,공용,2025-08-01 08:57:27.303636,17.456639547390804,,11.094651872286914,14.275645709838859
네덜란드,공용,2025-09-01 08:57:27.303636,16.07528353590196,,13.641924554604355,14.858604045253157
네덜란드,공용,2025-10-01 08:57:27.303636,14.394262653031413,,7.527487313136259,10.960874983083837
네덜란드,공용,2025-11-01 08:57:27.303636,11.096675774344176,,9.5052550477367,10.300965411040437
네덜란드,공용,2025-12-01 08:57:27.303636,15.790771166669122,,10.615829705112743,13.203300435890933
네덜란드,공용,2026-01-01 08:57:27.303636,14.815139856689708,,13.706241240093517,14.260690548391612
네덜란드,공용,2026-02-01 08:57:27.303636,12.248754477032463,,7.031238976541492,9.639996726786977
네덜란드,공용,2026-03-01 08:57:27.303636,16.415141161826583,,8.445895972004951,12.430518566915767
네덜란드,공용,2026-04-01 08:57:27.303636,18.009208911088763,,8.924519393233023,13.466864152160893
네덜란드,공용,2026-05-01 08:57:27.303636,19.517083826408154,,7.733599345898073,13.625341586153112
네덜란드,공용,2026-06-01 08:57:27.303636,14.278008541122206,,7.708902560708441,10.993455550915323
네덜란드,공용,2026-07-01 08:57:27.303636,12.504959807712067,,6.633118069030765,9.569038938371417
네덜란드,기타,2025-08-01 08:57:27.303636,1012.0189514463458,,934.9725609571452,973.4957562017455
네덜란드,기타,2025-09-01 08:57:27.303636,1017.2856882750989,,934.4769870559843,975.8813376655417
네덜란드,기타,2025-10-01 08:57:27.303636,1001.1249985959346,,1057.5183138616558,1029.3216562287953
네덜란드,기타,2025-11-01 08:57:27.303636,1003.8448044243872,,1123.7628660958585,1063.803835260123
네덜란드,기타,2025-12-01 08:57:27.303636,1072.0964278229487,,1119.9373594277054,1096.0168936253272
네덜란드,기타,2026-01-01 08:57:27.303636,1105.2264587391269,,1100.3945041932745,1102.8104814662006
네덜란드,기타,2026-02-01 08:57:27.303636,932.2009020588405,,1124.957754569956,1028.5793283143983
네덜란드,기타,2026-03-01 08:57:27.303636,1041.074537756264,,1134.8487789841843,1087.961658370224
네덜란드,기타,2026-04-01 08:57:27.303636,1079.8919892953645,,1112.8373435913652,1096.364666443365
네덜란드,기타,2026-05-01 08:57:27.303636,1121.8777858390872,,1088.800773646184,1105.3392797426357
네덜란드,기타,2026-06-01 08:57:27.303636,1076.7993989297154,,1061.5209999176875,1069.1601994237014
네덜란드,기타,2026-07-01 08:57:27.303636,1033.8330401290211,,1031.4553026057602,1032.6441713673908
네덜란드,관광,2025-08-01 08:57:27.303636,5538.400201319659,,4438.12662637681,4988.263413848234
네덜란드,관광,2025-09-01 08:57:27.303636,5436.618827811381,,4026.71634806588,4731.667587938631
네덜란드,관광,2025-10-01 08:57:27.303636,6560.200411319257,,4031.045435511218,5295.622923415238
네덜란드,관광,2025-11-01 08:57:27.303636,4893.831150656716,,3928.0309717200275,4410.931061188372
네덜란드,관광,2025-12-01 08:57:27.303636,3472.14492012616,,3892.668391541345,3682.4066558337527
네덜란드,관광,2026-01-01 08:57:27.303636,3176.714235417704,,3776.619408583677,3476.6668220006904
네덜란드,관광,2026-02-01 08:57:27.303636,3701.4998386788557,,3624.6242575074734,3663.062048093165
네덜란드,관광,2026-03-01 08:57:27.303636,5050.3513499060655,,3221.8653708101183,4136.108360358092
네덜란드,관광,2026-04-01 08:57:27.303636,7485.763031370342,,3424.9004990443327,5455.331765207337
네덜란드,관광,2026-05-01 08:57:27.303636,6620.384696745178,,3765.228251349337,5192.806474047257
네덜란드,관광,2026-06-01 08:57:27.303636,5190.360512572369,,3990.722018679934,4590.5412656261515
네덜란드,관광,2026-07-01 08:57:27.303636,7496.178195796794,,4078.6748939978743,5787.426544897335
네덜란드,상용,2025-08-01 08:57:27.303636,19.36629706480365,,19.91986535837607,19.64308121158986
네덜란드,상용,2025-09-01 08:57:27.303636,19.75508201544493,,25.032049466051156,22.393565740748045
네덜란드,상용,2025-10-01 08:57:27.303636,19.935457039893404,,20.227062366512982,20.081259703203195
네덜란드,상용,2025-11-01 08:57:27.303636,16.316623407200897,,19.01083474817026,17.66372907768558
네덜란드,상용,2025-12-01 08:57:27.303636,15.08776398570582,,19.814275261736274,17.451019623721045
네덜란드,상용,2026-01-01 08:57:27.303636,24.570193428916138,,24.41819504413887,24.494194236527505
네덜란드,상용,2026-02-01 08:57:27.303636,16.20735667390721,,19.36977085202485,17.788563762966028
네덜란드,상용,2026-03-01 08:57:27.303636,19.151506918580917,,17.94106569032278,18.546286304451847
네덜란드,상용,2026-04-01 08:57:27.303636,20.403214709544642,,18.347633260090316,19.37542398481748
네덜란드,상용,2026-05-01 08:57:27.303636,20.318123149092443,,17.874269588306426,19.096196368699434
네덜란드,상용,2026-06-01 08:57:27.303636,19.824196983777885,,16.786173685601064,18.305185334689476
네덜란드,상용,2026-07-01 08:57:27.303636,20.09098180722531,,16.17708266845919,18.13403223784225
네덜란드,유학연수,2025-08-01 08:57:27.303636,433.07439873195494,,10.001728243035217,221.5380634874951
네덜란드,유학연수,2025-09-01 08:57:27.303636,42.11997928343302,,72.58183516059037,57.3509072220117
네덜란드,유학연수,2025-10-01 08:57:27.303636,67.31279220586029,,82.10737330960205,74.71008275773117
네덜란드,유학연수,2025-11-01 08:57:27.303636,154.63106260745184,,23.616181591818997,89.12362209963541
네덜란드,유학연수,2025-12-01 08:57:27.303636,107.69394073722329,,10.94511693619176,59.31952883670752
네덜란드,유학연수,2026-01-01 08:57:27.303636,97.3228211338624,,49.42586020632733,73.37434067009487
네덜란드,유학연수,2026-02-01 08:57:27.303636,222.77570359136405,,29.435964341126123,126.10583396624509
네덜란드,유학연수,2026-03-01 08:57:27.303636,33.21888427096975,,10.307713975315295,21.763299123142524
네덜란드,유학연수,2026-04-01 08:57:27.303636,32.43193681162274,,4.092749019264886,18.262342915443813
네덜란드,유학연수,2026-05-01 08:57:27.303636,76.94437773588531,,2.7016187961152696,39.82299826600029
네덜란드,유학연수,2026-06-01 08:57:27.303636,50.464449725045675,,1.7274313806684845,26.09594055285708
네덜란드,유학연수,2026-07-01 08:57:27.303636,66.751350105154,,4.228105432162806,35.489727768658405
노르웨이,공용,2025-08-01 08:57:27.303636,1.5020178316553137,,0.9985545419257471,1.2502861867905304
노르웨이,공용,2025-09-01 08:57:27.303636,3.7986847079791772,,1.4895843244900764,2.644134516234627
노르웨이,공용,2025-10-01 08:57:27.303636,4.232572791148612,,1.8342606237480297,3.0334167074483207
노르웨이,공용,2025-11-01 08:57:27.303636,9.881018366761745,,1.8064736363606984,5.843746001561222
노르웨이,공용,2025-12-01 08:57:27.303636,2.433546992690635,,1.7885024580292144,2.1110247253599246
노르웨이,공용,2026-01-01 08:57:27.303636,4.079228133221125,,2.0205888659224946,3.04990849957181
노르웨이,공용,2026-02-01 08:57:27.303636,2.586184880266774,,2.275547276378201,2.4308660783224876
노르웨이,공용,2026-03-01 08:57:27.303636,3.002673916065792,,2.480730632627358,2.741702274346575
노르웨이,공용,2026-04-01 08:57:27.303636,4.5482996738097645,,2.66404222773572,3.606170950772742
노르웨이,공용,2026-05-01 08:57:27.303636,1.4050242914548048,,2.737479193903983,2.0712517426793937
노르웨이,공용,2026-06-01 08:57:27.303636,4.7513428257436425,,2.7302046765088677,3.7407737511262553
노르웨이,공용,2026-07-01 08:57:27.303636,4.13089834842065,,2.6702756582626157,3.4005870033416326
노르웨이,관광,2025-08-01 08:57:27.303636,987.4661940522427,,913.8858005888158,950.6759973205292
노르웨이,관광,2025-09-01 08:57:27.303636,1412.6276396020394,,858.2194698241983,1135.4235547131188
노르웨이,관광,2025-10-01 08:57:27.303636,1627.2097691438714,,986.3257079118823,1306.7677385278769
노르웨이,관광,2025-11-01 08:57:27.303636,1316.8360283402776,,1081.184041355215,1199.0100348477463
노르웨이,관광,2025-12-01 08:57:27.303636,874.1773419352202,,1067.1514794188374,970.6644106770289
노르웨이,관광,2026-01-01 08:57:27.303636,1017.3613892085439,,930.4264945614829,973.8939418850134
노르웨이,관광,2026-02-01 08:57:27.303636,1079.170193885512,,982.1588933944081,1030.66454363996
노르웨이,관광,2026-03-01 08:57:27.303636,1773.2595779092687,,911.105129075464,1342.1823534923665
노르웨이,관광,2026-04-01 08:57:27.303636,1608.0446852417122,,948.3243941528912,1278.1845396973017
노르웨이,관광,2026-05-01 08:57:27.303636,1393.7100097958253,,978.6679674862887,1186.188988641057
노르웨이,관광,2026-06-01 08:57:27.303636,1788.6611155198193,,998.7914688462057,1393.7262921830124
노르웨이,관광,2026-07-01 08:57:27.303636,1685.3473045622504,,999.5680680055591,1342.4576862839049
노르웨이,기타,2025-08-01 08:57:27.303636,76.86606799952071,,44.643361783809596,60.75471489166515
노르웨이,기타,2025-09-01 08:57:27.303636,55.60530091481633,,48.98019194059727,52.2927464277068
노르웨이,기타,2025-10-01 08:57:27.303636,62.98974555191867,,48.11051863997588,55.550132095947276
노르웨이,기타,2025-11-01 08:57:27.303636,47.59075862689937,,43.72539731842203,45.658077972660706
노르웨이,기타,2025-12-01 08:57:27.303636,44.52831755321802,,42.38795044706717,43.45813400014259
노르웨이,기타,2026-01-01 08:57:27.303636,88.63802448006415,,45.84629530213203,67.24215989109808
노르웨이,기타,2026-02-01 08:57:27.303636,60.78155300979037,,45.456891956201424,53.119222482995895
노르웨이,기타,2026-03-01 08:57:27.303636,53.477536936176236,,41.83509592486232,47.65631643051928
노르웨이,기타,2026-04-01 08:57:27.303636,76.63976020086548,,41.082566289676606,58.861163245271044
노르웨이,기타,2026-05-01 08:57:27.303636,58.868268507315,,42.21432350761628,50.54129600746564
노르웨이,기타,2026-06-01 08:57:27.303636,48.690820755405134,,43.7655154475346,46.22816810146986
노르웨이,기타,2026-07-01 08:57:27.303636,54.46047836970747,,44.78231928458365,49.621398827145555
노르웨이,상용,2025-08-01 08:57:27.303636,27.874094936672122,,5.0094306746961195,16.44176280568412
노르웨이,상용,2025-09-01 08:57:27.303636,26.449071295579675,,1.3985331441714663,13.92380221987557
노르웨이,상용,2025-10-01 08:57:27.303636,28.407274047543126,,3.066583839491159,15.736928943517142
노르웨이,상용,2025-11-01 08:57:27.303636,26.63890992345164,,-1.5912710821071983,12.52381942067222
노르웨이,상용,2025-12-01 08:57:27.303636,22.363956913745444,,-6.038416392992474,8.162770260376485
노르웨이,상용,2026-01-01 08:57:27.303636,39.14349719032517,,-15.18709892338714,11.978199133469015
노르웨이,상용,2026-02-01 08:57:27.303636,25.139727628633466,,-14.856013927684899,5.141856850474284
노르웨이,상용,2026-03-01 08:57:27.303636,28.79777140315702,,-19.747933162256743,4.524919120450139
노르웨이,상용,2026-04-01 08:57:27.303636,30.117649290008814,,-25.87818806589945,2.1197306120546813
노르웨이,상용,2026-05-01 08:57:27.303636,29.793147783788445,,-30.074332593919422,-0.14059240506548853
노르웨이,상용,2026-06-01 08:57:27.303636,25.756247496198746,,-32.30954428268706,-3.2766483932441552
노르웨이,상용,2026-07-01 08:57:27.303636,26.38177027909552,,-32.87902350334866,-3.2486266121265714
노르웨이,유학연수,2025-08-01 08:57:27.303636,145.13863306709933,,15.898380345200202,80.51850670614976
노르웨이,유학연수,2025-09-01 08:57:27.303636,18.765715393641564,,22.45142889115059,20.608572142396078
노르웨이,유학연수,2025-10-01 08:57:27.303636,17.507524862179718,,22.007178779027427,19.757351820603574
노르웨이,유학연수,2025-11-01 08:57:27.303636,39.51096031403118,,14.439506301412917,26.97523330772205
노르웨이,유학연수,2025-12-01 08:57:27.303636,27.181766389544087,,11.162361651983387,19.172064020763738
노르웨이,유학연수,2026-01-01 08:57:27.303636,41.03986620153853,,13.838285408267302,27.439075804902917
노르웨이,유학연수,2026-02-01 08:57:27.303636,95.99254679289784,,0.596722548475281,48.29463467068656
노르웨이,유학연수,2026-03-01 08:57:27.303636,26.69451866036542,,3.8177870009538477,15.256152830659634
노르웨이,유학연수,2026-04-01 08:57:27.303636,13.741187510169206,,2.814514088299772,8.27785079923449
노르웨이,유학연수,2026-05-01 08:57:27.303636,28.996750323146312,,1.381328160672279,15.189039241909295
노르웨이,유학연수,2026-06-01 08:57:27.303636,16.41739927363413,,3.7870100661440365,10.102204669889083
노르웨이,유학연수,2026-07-01 08:57:27.303636,25.139427839417092,,4.599505456806359,14.869466648111725
뉴질랜드,공용,2025-08-01 08:57:27.303636,5.938903615799804,,4.186541190164048,5.062722402981926
뉴질랜드,공용,2025-09-01 08:57:27.303636,3.0230884942233316,,4.584091027590853,3.8035897609070926
뉴질랜드,공용,2025-10-01 08:57:27.303636,4.506300909737581,,4.5793908704227615,4.542845890080171
뉴질랜드,공용,2025-11-01 08:57:27.303636,4.722178205770841,,4.641529863660935,4.681854034715888
뉴질랜드,공용,2025-12-01 08:57:27.303636,2.20094536043752,,4.024871175990986,3.1129082682142535
뉴질랜드,공용,2026-01-01 08:57:27.303636,7.121768664335301,,3.3084362600190262,5.215102462177164
뉴질랜드,공용,2026-02-01 08:57:27.303636,2.968293072404998,,4.3602970400041,3.6642950562045487
뉴질랜드,공용,2026-03-01 08:57:27.303636,3.135897314763399,,4.980192674499012,4.058044994631206
뉴질랜드,공용,2026-04-01 08:57:27.303636,2.5759685344604986,,4.9619804969346415,3.76897451569757
뉴질랜드,공용,2026-05-01 08:57:27.303636,3.8654601811999436,,4.477292973127199,4.171376577163571
뉴질랜드,공용,2026-06-01 08:57:27.303636,4.171371800538903,,5.242612294746707,4.706992047642805
뉴질랜드,공용,2026-07-01 08:57:27.303636,2.628159283161809,,5.7134523554111105,4.17080581928646
뉴질랜드,관광,2025-08-01 08:57:27.303636,3633.2752278744188,,3719.6956279208043,3676.4854278976118
뉴질랜드,관광,2025-09-01 08:57:27.303636,4821.6390895035365,,2217.522829525754,3519.580959514645
뉴질랜드,관광,2025-10-01 08:57:27.303636,5121.711514579245,,2381.8968503888436,3751.8041824840443
뉴질랜드,관광,2025-11-01 08:57:27.303636,4091.41321303784,,2710.510183355156,3400.961698196498
뉴질랜드,관광,2025-12-01 08:57:27.303636,5634.085348783355,,2705.7468651091904,4169.9161069462725
뉴질랜드,관광,2026-01-01 08:57:27.303636,3908.155367305185,,2122.657033708687,3015.406200506936
뉴질랜드,관광,2026-02-01 08:57:27.303636,2769.7870694463313,,2428.8096786572924,2599.298374051812
뉴질랜드,관광,2026-03-01 08:57:27.303636,4201.0677237361015,,2601.7033455008363,3401.385534618469
뉴질랜드,관광,2026-04-01 08:57:27.303636,5367.031343057434,,2786.5719148164508,4076.8016289369425
뉴질랜드,관광,2026-05-01 08:57:27.303636,5070.267856421804,,2618.032748589424,3844.150302505614
뉴질랜드,관광,2026-06-01 08:57:27.303636,5308.9482072257915,,2563.9406600108437,3936.444433618318
뉴질랜드,관광,2026-07-01 08:57:27.303636,5022.400414604796,,2625.5728304113472,3823.986622508072
뉴질랜드,기타,2025-08-01 08:57:27.303636,939.681181318399,,654.2779051968143,796.9795432576067
뉴질랜드,기타,2025-09-01 08:57:27.303636,779.4656033270496,,693.4544260742858,736.4600147006677
뉴질랜드,기타,2025-10-01 08:57:27.303636,896.6609755003545,,535.6212311353393,716.141103317847
뉴질랜드,기타,2025-11-01 08:57:27.303636,815.5673068527695,,432.69584828974274,624.1315775712561
뉴질랜드,기타,2025-12-01 08:57:27.303636,876.1724421478661,,329.7428203048954,602.9576312263807
뉴질랜드,기타,2026-01-01 08:57:27.303636,976.3210102882642,,506.29590449474,741.3084573915021
뉴질랜드,기타,2026-02-01 08:57:27.303636,947.3761514101252,,440.9661451628797,694.1711482865024
뉴질랜드,기타,2026-03-01 08:57:27.303636,966.836488754231,,362.5976881466327,664.7170884504319
뉴질랜드,기타,2026-04-01 08:57:27.303636,855.9285271401208,,307.33610958169646,581.6323183609086
뉴질랜드,기타,2026-05-01 08:57:27.303636,976.5389883113788,,303.18524545022075,639.8621168807998
뉴질랜드,기타,2026-06-01 08:57:27.303636,882.3274600111554,,299.84205179934776,591.0847559052515
뉴질랜드,기타,2026-07-01 08:57:27.303636,930.1700613209483,,296.47079318934163,613.320427255145
뉴질랜드,상용,2025-08-01 08:57:27.303636,15.731067982674823,,17.412380557368536,16.57172427002168
뉴질랜드,상용,2025-09-01 08:57:27.303636,15.074332461417601,,21.68891236695662,18.381622414187113
뉴질랜드,상용,2025-10-01 08:57:27.303636,17.573070645406016,,22.976348406876205,20.27470952614111
뉴질랜드,상용,2025-11-01 08:57:27.303636,17.42327678793296,,25.516910541005455,21.470093664469207
뉴질랜드,상용,2025-12-01 08:57:27.303636,11.320076399107675,,27.937978979475485,19.62902768929158
뉴질랜드,상용,2026-01-01 08:57:27.303636,19.258957126181745,,30.937598280492796,25.09827770333727
뉴질랜드,상용,2026-02-01 08:57:27.303636,13.93968813476583,,31.96795543802392,22.953821786394876
뉴질랜드,상용,2026-03-01 08:57:27.303636,17.25330299513733,,33.026041990396116,25.13967249276672
뉴질랜드,상용,2026-04-01 08:57:27.303636,16.558873179901454,,32.26796174737115,24.413417463636303
뉴질랜드,상용,2026-05-01 08:57:27.303636,19.81544892033469,,31.155633343992267,25.485541132163476
뉴질랜드,상용,2026-06-01 08:57:27.303636,19.00134104740013,,29.090200814408583,24.045770930904354
뉴질랜드,상용,2026-07-01 08:57:27.303636,16.986106839123753,,26.25518727972622,21.620647059424986
뉴질랜드,유학연수,2025-08-01 08:57:27.303636,12.722276427208751,,1.6938363780200063,7.208056402614378
뉴질랜드,유학연수,2025-09-01 08:57:27.303636,4.966477168979727,,8.924240159914458,6.945358664447093
뉴질랜드,유학연수,2025-10-01 08:57:27.303636,2.4290682604978295,,6.503644616989115,4.466356438743473
뉴질랜드,유학연수,2025-11-01 08:57:27.303636,7.586624668497673,,1.7459743208235365,4.6662994946606045
뉴질랜드,유학연수,2025-12-01 08:57:27.303636,2.6432994277956783,,0.9314324447860276,1.787365936290853
뉴질랜드,유학연수,2026-01-01 08:57:27.303636,6.112869790662923,,5.842519265277691,5.977694527970307
뉴질랜드,유학연수,2026-02-01 08:57:27.303636,18.975849239017343,,2.7067360343498645,10.841292636683605
뉴질랜드,유학연수,2026-03-01 08:57:27.303636,4.3571920731084415,,1.8450310190739803,3.101111546091211
뉴질랜드,유학연수,2026-04-01 08:57:27.303636,2.1978751795376943,,0.787036745467268,1.4924559625024811
뉴질랜드,유학연수,2026-05-01 08:57:27.303636,4.721455413279895,,1.0782854074344101,2.8998704103571527
뉴질랜드,유학연수,2026-06-01 08:57:27.303636,2.309796771036978,,1.2929148136161075,1.8013557923265426
뉴질랜드,유학연수,2026-07-01 08:57:27.303636,6.513559255686341,,1.5625322453261403,4.038045750506241
대  만,공용,2025-08-01 08:57:27.303636,16.15103090274475,,13.988859153967093,15.06994502835592
대  만,공용,2025-09-01 08:57:27.303636,9.374246979239508,,14.026373521687969,11.700310250463739
대  만,공용,2025-10-01 08:57:27.303636,14.931825893207497,,13.260527230944875,14.096176562076186
대  만,공용,2025-11-01 08:57:27.303636,21.54175571263631,,12.618494958921017,17.080125335778664
대  만,공용,2025-12-01 08:57:27.303636,14.380336444867982,,13.160611717556499,13.77047408121224
대  만,공용,2026-01-01 08:57:27.303636,25.018394568552942,,13.682305551991263,19.350350060272103
대  만,공용,2026-02-01 08:57:27.303636,19.397554193024906,,12.501971162343436,15.94976267768417
대  만,공용,2026-03-01 08:57:27.303636,15.309146076494068,,10.41898574249954,12.864065909496805
대  만,공용,2026-04-01 08:57:27.303636,17.91677800752972,,10.55303931529969,14.234908661414707
대  만,공용,2026-05-01 08:57:27.303636,12.74641373532455,,12.355841135085823,12.551127435205187
대  만,공용,2026-06-01 08:57:27.303636,13.964110786652348,,16.105934708412605,15.035022747532476
대  만,공용,2026-07-01 08:57:27.303636,33.99052195941088,,18.686640744646162,26.33858135202852
대  만,관광,2025-08-01 08:57:27.303636,178435.65329587777,,134320.45635992568,156378.0548279017
대  만,관광,2025-09-01 08:57:27.303636,154185.81183703922,,137741.39580449095,145963.6038207651
대  만,관광,2025-10-01 08:57:27.303636,168173.57511770836,,132922.25338075217,150547.91424923026
대  만,관광,2025-11-01 08:57:27.303636,154269.45847316843,,124752.51868543727,139510.98857930285
대  만,관광,2025-12-01 08:57:27.303636,160547.92259624918,,125446.83490715048,142997.3787516998
대  만,관광,2026-01-01 08:57:27.303636,176049.84578931262,,127708.4197386498,151879.1327639812
대  만,관광,2026-02-01 08:57:27.303636,175292.20549158708,,120638.45829855827,147965.33189507268
대  만,관광,2026-03-01 08:57:27.303636,179650.81183397083,,108110.02106538997,143880.4164496804
대  만,관광,2026-04-01 08:57:27.303636,198773.04679569567,,103976.37552751772,151374.7111616067
대  만,관광,2026-05-01 08:57:27.303636,188862.23291831228,,99703.10641479594,144282.6696665541
대  만,관광,2026-06-01 08:57:27.303636,222975.2510022255,,93986.0186427636,158480.63482249455
대  만,관광,2026-07-01 08:57:27.303636,222047.4325373343,,86897.53037198044,154472.48145465736
대  만,상용,2025-08-01 08:57:27.303636,25.949602172619088,,127.69937861763307,76.82449039512608
대  만,상용,2025-09-01 08:57:27.303636,47.3849577276483,,187.87637725835216,117.63066749300023
대  만,상용,2025-10-01 08:57:27.303636,49.32431537852761,,211.11032671100025,130.21732104476393
대  만,상용,2025-11-01 08:57:27.303636,79.33949788512845,,235.61484808900454,157.4771729870665
대  만,상용,2025-12-01 08:57:27.303636,63.80964914589766,,324.3458010159617,194.07772508092967
대  만,상용,2026-01-01 08:57:27.303636,35.048848366920055,,364.3999783184139,199.724413342667
대  만,상용,2026-02-01 08:57:27.303636,26.057761825315236,,345.7031842254801,185.88047302539766
대  만,상용,2026-03-01 08:57:27.303636,18.519476154824225,,334.2632875702178,176.39138186252103
대  만,상용,2026-04-01 08:57:27.303636,9.977775021859536,,361.1256300129618,185.55170251741066
대  만,상용,2026-05-01 08:57:27.303636,256.202693551908,,371.7140658273968,313.95837968965236
대  만,상용,2026-06-01 08:57:27.303636,239.76515248833113,,330.65890128285844,285.2120268855948
대  만,상용,2026-07-01 08:57:27.303636,25.486549045441443,,239.6634419700986,132.57499550777
대  만,기타,2025-08-01 08:57:27.303636,761.3879959216185,,729.5661946652217,745.4770952934201
대  만,기타,2025-09-01 08:57:27.303636,1206.0825389628594,,725.5661517928868,965.8243453778731
대  만,기타,2025-10-01 08:57:27.303636,726.8429585528503,,715.3037227692281,721.0733406610392
대  만,기타,2025-11-01 08:57:27.303636,744.0348357656301,,711.532309775192,727.783572770411
대  만,기타,2025-12-01 08:57:27.303636,801.1742455509881,,732.7139115942088,766.9440785725984
대  만,기타,2026-01-01 08:57:27.303636,895.6208542249732,,762.7950406171219,829.2079474210475
대  만,기타,2026-02-01 08:57:27.303636,909.1782778753521,,734.2976063338284,821.7379421045903
대  만,기타,2026-03-01 08:57:27.303636,873.0892575979053,,727.7483469727708,800.4188022853381
대  만,기타,2026-04-01 08:57:27.303636,870.3327392353327,,749.8928451144427,810.1127921748878
대  만,기타,2026-05-01 08:57:27.303636,1133.334537340245,,800.6606210648561,966.9975792025506
대  만,기타,2026-06-01 08:57:27.303636,1118.1839855398782,,856.213276037936,987.1986307889072
대  만,기타,2026-07-01 08:57:27.303636,989.5110416539679,,919.838683296819,954.6748624753934
대  만,유학연수,2025-08-01 08:57:27.303636,1561.5122755240025,,255.4106056561221,908.4614405900622
대  만,유학연수,2025-09-01 08:57:27.303636,499.07536037374956,,625.2606286681961,562.1679945209728
대  만,유학연수,2025-10-01 08:57:27.303636,261.25979124694294,,661.3655203847746,461.31265581585876
대  만,유학연수,2025-11-01 08:57:27.303636,369.2435358375125,,351.90849176484573,360.5760138011791
대  만,유학연수,2025-12-01 08:57:27.303636,430.95832694018253,,244.4343894610319,337.6963582006072
대  만,유학연수,2026-01-01 08:57:27.303636,259.1253078010119,,536.3628126408539,397.7440602209329
대  만,유학연수,2026-02-01 08:57:27.303636,1465.9739412179704,,329.20361248343363,897.5887768507021
대  만,유학연수,2026-03-01 08:57:27.303636,661.3581024767813,,138.06285562144936,399.7104790491153
대  만,유학연수,2026-04-01 08:57:27.303636,223.62431894975634,,65.11390760256134,144.36911327615883
대  만,유학연수,2026-05-01 08:57:27.303636,496.23825443748774,,35.7048197534902,265.971537095489
대  만,유학연수,2026-06-01 08:57:27.303636,534.8509169462168,,50.92789802939126,292.889407487804
대  만,유학연수,2026-07-01 08:57:27.303636,387.3592702597212,,70.95432414043746,229.15679720007932
덴마크,공용,2025-08-01 08:57:27.303636,3.8188007743020678,,2.6101855725485033,3.2144931734252857
덴마크,공용,2025-09-01 08:57:27.303636,0.49112606063544656,,2.772264592110701,1.6316953263730738
덴마크,공용,2025-10-01 08:57:27.303636,4.204597454095591,,2.5809670552403983,3.3927822546679947
덴마크,공용,2025-11-01 08:57:27.303636,2.561174494535357,,2.259918323733296,2.4105464091343265
덴마크,공용,2025-12-01 08:57:27.303636,3.8525900693363626,,2.2506761738486847,3.0516331215925234
덴마크,공용,2026-01-01 08:57:27.303636,3.027237527254806,,2.5466209153561734,2.7869292213054897
덴마크,공용,2026-02-01 08:57:27.303636,2.4695185047946366,,2.2998410798874462,2.3846797923410414
덴마크,공용,2026-03-01 08:57:27.303636,3.2724939564585553,,2.103494987365692,2.6879944719121234
덴마크,공용,2026-04-01 08:57:27.303636,2.573311406275668,,2.2577142996779633,2.415512852976816
덴마크,공용,2026-05-01 08:57:27.303636,5.951667648733737,,2.410703401887398,4.181185525310568
덴마크,공용,2026-06-01 08:57:27.303636,2.666925105724601,,2.605931344960574,2.6364282253425877
덴마크,공용,2026-07-01 08:57:27.303636,3.4653730306999213,,2.8275465892639224,3.1464598099819217
덴마크,관광,2025-08-01 08:57:27.303636,1405.7901057964725,,1117.5743255037978,1261.6822156501353
덴마크,관광,2025-09-01 08:57:27.303636,1860.7894580601496,,870.974923400876,1365.8821907305128
덴마크,관광,2025-10-01 08:57:27.303636,2461.813687055357,,1215.4999224911699,1838.6568047732635
덴마크,관광,2025-11-01 08:57:27.303636,1648.331930329765,,1416.4423912336401,1532.3871607817027
덴마크,관광,2025-12-01 08:57:27.303636,1057.8232272503549,,1414.5304464587625,1236.1768368545586
덴마크,관광,2026-01-01 08:57:27.303636,1066.4805017109081,,1209.648719064382,1138.0646103876452
덴마크,관광,2026-02-01 08:57:27.303636,1113.6511420570473,,1625.1612479088215,1369.4061949829343
덴마크,관광,2026-03-01 08:57:27.303636,1987.9841248499833,,1559.251553797816,1773.6178393238997
덴마크,관광,2026-04-01 08:57:27.303636,2071.6032535857426,,1407.6463446168632,1739.6247991013029
덴마크,관광,2026-05-01 08:57:27.303636,2053.3635617625996,,1441.2967162180576,1747.3301389903286
덴마크,관광,2026-06-01 08:57:27.303636,1855.5632655733873,,1516.2465146386116,1685.9048901059996
덴마크,관광,2026-07-01 08:57:27.303636,2326.2084183119555,,1582.503871325693,1954.3561448188243
덴마크,기타,2025-08-01 08:57:27.303636,134.51034837249173,,99.41172033450057,116.96103435349616
덴마크,기타,2025-09-01 08:57:27.303636,116.8104267450247,,110.23369059324779,113.52205866913624
덴마크,기타,2025-10-01 08:57:27.303636,131.66396376078805,,112.0552972964022,121.85963052859512
덴마크,기타,2025-11-01 08:57:27.303636,120.77165904807617,,121.97441539638658,121.37303722223137
덴마크,기타,2025-12-01 08:57:27.303636,108.54909588460823,,126.24615790382211,117.39762689421516
덴마크,기타,2026-01-01 08:57:27.303636,152.70709996803689,,125.52132290691331,139.1142114374751
덴마크,기타,2026-02-01 08:57:27.303636,110.91497962348,,129.34569165960264,120.13033564154131
덴마크,기타,2026-03-01 08:57:27.303636,140.88744648453812,,135.25836522869372,138.07290585661593
덴마크,기타,2026-04-01 08:57:27.303636,141.04619502215408,,136.2794706255846,138.66283282386934
덴마크,기타,2026-05-01 08:57:27.303636,145.47003754279413,,137.98698183983151,141.7285096913128
덴마크,기타,2026-06-01 08:57:27.303636,132.41070089258406,,128.72473808988585,130.56771949123495
덴마크,기타,2026-07-01 08:57:27.303636,145.0372219572393,,120.6697174046312,132.85346968093523
덴마크,상용,2025-08-01 08:57:27.303636,31.17208797383005,,24.14897581474112,27.660531894285583
덴마크,상용,2025-09-01 08:57:27.303636,30.88125646520215,,31.824816007519246,31.353036236360698
덴마크,상용,2025-10-01 08:57:27.303636,28.87989237644421,,30.410634669283645,29.645263522863928
덴마크,상용,2025-11-01 08:57:27.303636,25.565901913351688,,28.27203017464989,26.91896604400079
덴마크,상용,2025-12-01 08:57:27.303636,25.960854166571877,,30.260698803743185,28.11077648515753
덴마크,상용,2026-01-01 08:57:27.303636,34.0708848102721,,39.35983480166046,36.71535980596628
덴마크,상용,2026-02-01 08:57:27.303636,26.902272991667665,,36.95786126373975,31.93006712770371
덴마크,상용,2026-03-01 08:57:27.303636,29.274722455589767,,34.22676404430319,31.750743249946478
덴마크,상용,2026-04-01 08:57:27.303636,31.862662655020355,,35.80848776525186,33.835575210136106
덴마크,상용,2026-05-01 08:57:27.303636,30.99094978320876,,39.642526150726304,35.31673796696753
덴마크,상용,2026-06-01 08:57:27.303636,30.417731197013453,,41.26226631381658,35.83999875541502
덴마크,상용,2026-07-01 08:57:27.303636,29.803534666724268,,42.455038797415106,36.12928673206969
덴마크,유학연수,2025-08-01 08:57:27.303636,179.8060291596622,,9.761647579307503,94.78383836948484
덴마크,유학연수,2025-09-01 08:57:27.303636,13.235464203374358,,17.54847234508779,15.391968274231075
덴마크,유학연수,2025-10-01 08:57:27.303636,26.08449676037627,,11.823031011895763,18.953763886136016
덴마크,유학연수,2025-11-01 08:57:27.303636,41.631651358213226,,6.0052714484276475,23.818461403320438
덴마크,유학연수,2025-12-01 08:57:27.303636,29.303297569019065,,5.355655373406419,17.329476471212743
덴마크,유학연수,2026-01-01 08:57:27.303636,29.89541166143028,,5.5256464984904365,17.71052907996036
덴마크,유학연수,2026-02-01 08:57:27.303636,69.68434970386035,,2.535506492113141,36.109928097986746
덴마크,유학연수,2026-03-01 08:57:27.303636,9.890228343741947,,0.7744207705081187,5.332324557125033
덴마크,유학연수,2026-04-01 08:57:27.303636,8.942237453360494,,1.9622042563406197,5.452220854850557
덴마크,유학연수,2026-05-01 08:57:27.303636,19.389095428216045,,3.319625326374167,11.354360377295105
덴마크,유학연수,2026-06-01 08:57:27.303636,15.59912230707715,,4.6626107102582335,10.130866508667692
덴마크,유학연수,2026-07-01 08:57:27.303636,23.42851831094156,,10.367722884960063,16.89812059795081
독  일,공용,2025-08-01 08:57:27.303636,47.76856959204653,,10.707717267821366,29.23814342993395
독  일,공용,2025-09-01 08:57:27.303636,20.275730096176055,,22.94431894500728,21.610024520591665
독  일,공용,2025-10-01 08:57:27.303636,23.06137751002726,,20.171911958901415,21.616644734464337
독  일,공용,2025-11-01 08:57:27.303636,26.677488275044073,,14.931056222371563,20.804272248707818
독  일,공용,2025-12-01 08:57:27.303636,15.670200436324247,,13.738447392184106,14.704323914254177
독  일,공용,2026-01-01 08:57:27.303636,33.3598016841022,,25.270218323666008,29.315010003884105
독  일,공용,2026-02-01 08:57:27.303636,37.62690284473769,,22.52349441956221,30.07519863214995
독  일,공용,2026-03-01 08:57:27.303636,21.889617157922697,,16.930629369943627,19.410123263933162
독  일,공용,2026-04-01 08:57:27.303636,24.347285745838192,,13.960238257416673,19.153762001627435
독  일,공용,2026-05-01 08:57:27.303636,22.289916688594825,,15.157043638567826,18.723480163581325
독  일,공용,2026-06-01 08:57:27.303636,26.23501279698891,,17.57491098102603,21.90496188900747
독  일,공용,2026-07-01 08:57:27.303636,24.821396583992076,,19.79041913534343,22.305907859667755
독  일,관광,2025-08-01 08:57:27.303636,14997.422425829784,,15016.083875349883,15006.753150589833
독  일,관광,2025-09-01 08:57:27.303636,19037.822689195487,,11163.126742410815,15100.474715803151
독  일,관광,2025-10-01 08:57:27.303636,21713.06101861352,,9732.972848217767,15723.016933415644
독  일,관광,2025-11-01 08:57:27.303636,15072.874880876481,,10558.662683351067,12815.768782113773
독  일,관광,2025-12-01 08:57:27.303636,11360.093364713497,,9816.848487241276,10588.470925977386
독  일,관광,2026-01-01 08:57:27.303636,10779.91763211808,,8366.35519228168,9573.136412199881
독  일,관광,2026-02-01 08:57:27.303636,11709.298429859802,,8335.875385475954,10022.58690766788
독  일,관광,2026-03-01 08:57:27.303636,21943.670794174875,,8842.319839113221,15392.995316644048
독  일,관광,2026-04-01 08:57:27.303636,23327.911038412603,,8415.29171350286,15871.601375957733
독  일,관광,2026-05-01 08:57:27.303636,19442.079528184815,,7841.40291883116,13641.741223507986
독  일,관광,2026-06-01 08:57:27.303636,16049.213823869448,,6872.770464714636,11460.992144292042
독  일,관광,2026-07-01 08:57:27.303636,17625.363426074986,,5801.5026067131785,11713.433016394083
독  일,기타,2025-08-01 08:57:27.303636,1876.696703487105,,1547.9371647828107,1712.3169341349578
독  일,기타,2025-09-01 08:57:27.303636,1675.5640412532157,,1500.1611559183382,1587.862598585777
독  일,기타,2025-10-01 08:57:27.303636,1784.2266053033325,,1575.4802023970333,1679.853403850183
독  일,기타,2025-11-01 08:57:27.303636,1549.7838908762826,,1687.8260415904697,1618.804966233376
독  일,기타,2025-12-01 08:57:27.303636,1420.997654866912,,1653.7044453976425,1537.3510501322771
독  일,기타,2026-01-01 08:57:27.303636,1634.9394995776029,,1620.56178681564,1627.7506431966215
독  일,기타,2026-02-01 08:57:27.303636,1581.9341367691816,,1657.719746787863,1619.8269417785223
독  일,기타,2026-03-01 08:57:27.303636,1825.478635976526,,1664.729503125231,1745.1040695508786
독  일,기타,2026-04-01 08:57:27.303636,1865.2514747938303,,1631.2697829633817,1748.260628878606
독  일,기타,2026-05-01 08:57:27.303636,1871.9699010367012,,1609.8505960927869,1740.910248564744
독  일,기타,2026-06-01 08:57:27.303636,1768.5943266448867,,1598.7537402895605,1683.6740334672236
독  일,기타,2026-07-01 08:57:27.303636,1748.8802961715592,,1662.3162012892046,1705.5982487303818
독  일,상용,2025-08-01 08:57:27.303636,210.19232417095952,,203.20632302668673,206.69932359882313
독  일,상용,2025-09-01 08:57:27.303636,200.83568350132234,,251.73549379099,226.28558864615616
독  일,상용,2025-10-01 08:57:27.303636,204.97617644977763,,218.88132138504704,211.92874891741235
독  일,상용,2025-11-01 08:57:27.303636,198.79385602052628,,227.77566324864904,213.28475963458766
독  일,상용,2025-12-01 08:57:27.303636,165.31217649841835,,228.2347958779561,196.77348618818723
독  일,상용,2026-01-01 08:57:27.303636,253.48481007333487,,267.8139211597577,260.6493656165463
독  일,상용,2026-02-01 08:57:27.303636,203.93301260898474,,245.17370972782794,224.55336116840635
독  일,상용,2026-03-01 08:57:27.303636,214.5874223491198,,246.2300336225972,230.4087279858585
독  일,상용,2026-04-01 08:57:27.303636,216.8954944246788,,231.90569465772901,224.4005945412039
독  일,상용,2026-05-01 08:57:27.303636,220.64428425206827,,216.73611859811348,218.6902014250909
독  일,상용,2026-06-01 08:57:27.303636,213.93732152624403,,199.33334810366762,206.63533481495583
독  일,상용,2026-07-01 08:57:27.303636,199.5549841758461,,178.1833485883774,188.86916638211176
독  일,유학연수,2025-08-01 08:57:27.303636,1561.6115027910475,,153.8939113989452,857.7527070949964
독  일,유학연수,2025-09-01 08:57:27.303636,163.46650793773682,,401.2154262750299,282.34096710638335
독  일,유학연수,2025-10-01 08:57:27.303636,200.57323525283869,,365.19672449319916,282.8849798730189
독  일,유학연수,2025-11-01 08:57:27.303636,438.6084016078134,,182.64691607277345,310.6276588402934
독  일,유학연수,2025-12-01 08:57:27.303636,335.1902697347851,,149.79662475571047,242.49344724524778
독  일,유학연수,2026-01-01 08:57:27.303636,305.98603675447777,,433.4908777320427,369.7384572432602
독  일,유학연수,2026-02-01 08:57:27.303636,972.2639399042886,,230.3896693462112,601.3268046252499
독  일,유학연수,2026-03-01 08:57:27.303636,157.9120731068077,,106.92650788620378,132.41929049650574
독  일,유학연수,2026-04-01 08:57:27.303636,131.39514449858024,,92.38750509449179,111.89132479653601
독  일,유학연수,2026-05-01 08:57:27.303636,302.16934107578686,,79.14268513440066,190.65601310509376
독  일,유학연수,2026-06-01 08:57:27.303636,208.78103730170974,,70.75271362916045,139.7668754654351
독  일,유학연수,2026-07-01 08:57:27.303636,235.74862435986395,,77.1106323437856,156.42962835182476
러시아(연방),공용,2025-08-01 08:57:27.303636,21.67084285100008,,21.303590437795282,21.487216644397684
러시아(연방),공용,2025-09-01 08:57:27.303636,11.3539167541158,,17.892892170165247,14.623404462140524
러시아(연방),공용,2025-10-01 08:57:27.303636,9.212057874840324,,17.765635366669144,13.488846620754735
러시아(연방),공용,2025-11-01 08:57:27.303636,35.061422136223385,,18.973501796277574,27.01746196625048
러시아(연방),공용,2025-12-01 08:57:27.303636,3.963118720348278,,16.303182648189257,10.133150684268767
러시아(연방),공용,2026-01-01 08:57:27.303636,2.1105275124645764,,16.857555497329912,9.484041504897244
러시아(연방),공용,2026-02-01 08:57:27.303636,4.063597022436639,,20.639037834674486,12.351317428555562
러시아(연방),공용,2026-03-01 08:57:27.303636,16.038493923312814,,26.19272701749786,21.115610470405336
러시아(연방),공용,2026-04-01 08:57:27.303636,3.6445874463211636,,20.12142499185382,11.883006219087493
러시아(연방),공용,2026-05-01 08:57:27.303636,7.666729395711865,,18.007903059194007,12.837316227452936
러시아(연방),공용,2026-06-01 08:57:27.303636,11.69980617305337,,22.253161347221223,16.976483760137295
러시아(연방),공용,2026-07-01 08:57:27.303636,13.187091794676919,,35.111342317848155,24.149217056262536
러시아(연방),관광,2025-08-01 08:57:27.303636,11868.638738352724,,12554.463334216107,12211.551036284414
러시아(연방),관광,2025-09-01 08:57:27.303636,12281.830178083921,,12846.771543250072,12564.300860666997
러시아(연방),관광,2025-10-01 08:57:27.303636,15363.491977813734,,14009.766432223802,14686.629205018768
러시아(연방),관광,2025-11-01 08:57:27.303636,13488.007336967134,,15627.390075746287,14557.69870635671
러시아(연방),관광,2025-12-01 08:57:27.303636,11951.227320629116,,16300.281401931148,14125.754361280131
러시아(연방),관광,2026-01-01 08:57:27.303636,12506.674577667207,,16211.608877749877,14359.141727708542
러시아(연방),관광,2026-02-01 08:57:27.303636,11984.2552895221,,17271.41376920718,14627.834529364642
러시아(연방),관광,2026-03-01 08:57:27.303636,15488.277815338875,,17656.117666038743,16572.19774068881
러시아(연방),관광,2026-04-01 08:57:27.303636,18459.626873322224,,17261.607286898186,17860.617080110205
러시아(연방),관광,2026-05-01 08:57:27.303636,16964.73922322425,,15878.104952258444,16421.422087741346
러시아(연방),관광,2026-06-01 08:57:27.303636,17464.956948659645,,11211.272434474082,14338.114691566863
러시아(연방),관광,2026-07-01 08:57:27.303636,18304.10164118652,,2189.0353491580527,10246.568495172287
러시아(연방),기타,2025-08-01 08:57:27.303636,6673.449851116147,,6927.223675516706,6800.336763316427
러시아(연방),기타,2025-09-01 08:57:27.303636,6582.332322779967,,6095.891930797719,6339.112126788843
러시아(연방),기타,2025-10-01 08:57:27.303636,7627.156313881336,,6104.8497633331635,6866.00303860725
러시아(연방),기타,2025-11-01 08:57:27.303636,7491.7518256372105,,6563.53342694316,7027.642626290185
러시아(연방),기타,2025-12-01 08:57:27.303636,8960.684157192949,,7138.093160348236,8049.388658770593
러시아(연방),기타,2026-01-01 08:57:27.303636,7880.931784870257,,6461.217067254519,7171.074426062388
러시아(연방),기타,2026-02-01 08:57:27.303636,6810.452304826816,,6557.081314559145,6683.76680969298
러시아(연방),기타,2026-03-01 08:57:27.303636,8164.985232445368,,6903.365903713536,7534.175568079452
러시아(연방),기타,2026-04-01 08:57:27.303636,9333.780491832884,,7504.774724629182,8419.277608231034
러시아(연방),기타,2026-05-01 08:57:27.303636,9346.642349683252,,7385.21390743966,8365.928128561456
러시아(연방),기타,2026-06-01 08:57:27.303636,8790.88513910238,,6994.3641623766125,7892.624650739496
러시아(연방),기타,2026-07-01 08:57:27.303636,8054.588473736393,,6737.586321786102,7396.087397761248
러시아(연방),유학연수,2025-08-01 08:57:27.303636,1329.5997388694445,,230.5258282967372,780.0627835830909
러시아(연방),유학연수,2025-09-01 08:57:27.303636,340.8669888621255,,233.1121028246803,286.9895458434029
러시아(연방),유학연수,2025-10-01 08:57:27.303636,105.01869978159077,,234.55123151283146,169.78496564721112
러시아(연방),유학연수,2025-11-01 08:57:27.303636,220.8093229291621,,231.77006891146198,226.28969592031206
러시아(연방),유학연수,2025-12-01 08:57:27.303636,193.1569379299894,,1119.3333861376238,656.2451620338067
러시아(연방),유학연수,2026-01-01 08:57:27.303636,336.48758645408435,,845.7883358251272,591.1379611396057
러시아(연방),유학연수,2026-02-01 08:57:27.303636,943.1878249748393,,551.5864751331133,747.3871500539763
러시아(연방),유학연수,2026-03-01 08:57:27.303636,395.7138794742985,,234.3305428448117,315.0222111595551
러시아(연방),유학연수,2026-04-01 08:57:27.303636,81.65829614088311,,232.25387707609696,156.95608660849004
러시아(연방),유학연수,2026-05-01 08:57:27.303636,182.71966140939642,,595.3943265078274,389.0569939586119
러시아(연방),유학연수,2026-06-01 08:57:27.303636,204.38764340329482,,881.9207744934998,543.1542089483974
러시아(연방),유학연수,2026-07-01 08:57:27.303636,242.81265786842667,,244.63218920893854,243.72242353868262
러시아(연방),상용,2025-08-01 08:57:27.303636,90.28697382243357,,100.56301687010685,95.42499534627021
러시아(연방),상용,2025-09-01 08:57:27.303636,97.07967622202115,,120.63726357158788,108.85846989680451
러시아(연방),상용,2025-10-01 08:57:27.303636,151.88429930899966,,113.87803392434651,132.88116661667308
러시아(연방),상용,2025-11-01 08:57:27.303636,137.10217899226328,,115.45048243067473,126.276330711469
러시아(연방),상용,2025-12-01 08:57:27.303636,91.62284340130694,,114.77541666640104,103.19913003385399
러시아(연방),상용,2026-01-01 08:57:27.303636,93.94224019909265,,133.6545626636612,113.79840143137693
러시아(연방),상용,2026-02-01 08:57:27.303636,86.76295433954373,,126.63188674464439,106.69742054209405
러시아(연방),상용,2026-03-01 08:57:27.303636,113.41814977903529,,127.76556291372927,120.59185634638229
러시아(연방),상용,2026-04-01 08:57:27.303636,130.00717538639861,,125.65577218216833,127.83147378428347
러시아(연방),상용,2026-05-01 08:57:27.303636,115.65280991028868,,117.75119211208818,116.70200101118843
러시아(연방),상용,2026-06-01 08:57:27.303636,111.57864811102152,,106.87475522695158,109.22670166898655
러시아(연방),상용,2026-07-01 08:57:27.303636,98.82970182496389,,96.1733015271027,97.50150167603329
루마니아,공용,2025-08-01 08:57:27.303636,0.930585357447237,,6.390761133138941,3.660673245293089
루마니아,공용,2025-09-01 08:57:27.303636,74.12617896698951,,5.453428854708203,39.78980391084886
루마니아,공용,2025-10-01 08:57:27.303636,0.5104614842047984,,8.856328040127,4.683394762165899
루마니아,공용,2025-11-01 08:57:27.303636,21.56350942172769,,8.637639093471583,15.100574257599636
루마니아,공용,2025-12-01 08:57:27.303636,10.430891273422743,,5.726727949595707,8.078809611509225
루마니아,공용,2026-01-01 08:57:27.303636,3.956414986697606,,9.770195733900911,6.863305360299258
루마니아,공용,2026-02-01 08:57:27.303636,9.612926409310134,,13.964214994124632,11.788570701717383
루마니아,공용,2026-03-01 08:57:27.303636,10.036376727002507,,10.220354504949116,10.128365615975811
루마니아,공용,2026-04-01 08:57:27.303636,57.762861453279235,,6.554445263592088,32.158653358435664
루마니아,공용,2026-05-01 08:57:27.303636,9.14824527731244,,3.5119084603232587,6.33007686881785
루마니아,공용,2026-06-01 08:57:27.303636,6.7796462835375,,1.744609070222979,4.262127676880239
루마니아,공용,2026-07-01 08:57:27.303636,3.0847042645725615,,0.9981489103772885,2.041426587474925
루마니아,상용,2025-08-01 08:57:27.303636,15.673335591627177,,10.467305830716281,13.070320711171728
루마니아,상용,2025-09-01 08:57:27.303636,11.677273199517135,,13.487238706396106,12.58225595295662
루마니아,상용,2025-10-01 08:57:27.303636,12.557321121556463,,11.325896606328183,11.941608863942323
루마니아,상용,2025-11-01 08:57:27.303636,8.595738329044226,,10.177619957613015,9.386679143328621
루마니아,상용,2025-12-01 08:57:27.303636,8.627674884081923,,10.15601896005412,9.391846922068021
루마니아,상용,2026-01-01 08:57:27.303636,19.139995323953634,,13.683008945595954,16.411502134774793
루마니아,상용,2026-02-01 08:57:27.303636,9.698549434692683,,11.324106298669111,10.511327866680897
루마니아,상용,2026-03-01 08:57:27.303636,13.439197787293974,,10.078222540447724,11.758710163870848
루마니아,상용,2026-04-01 08:57:27.303636,12.05224889969743,,9.939314174076419,10.995781536886923
루마니아,상용,2026-05-01 08:57:27.303636,13.934512447321582,,10.39030068713393,12.162406567227755
루마니아,상용,2026-06-01 08:57:27.303636,14.32207645016637,,9.979299502174936,12.150687976170653
루마니아,상용,2026-07-01 08:57:27.303636,11.424652683490542,,9.345838034792923,10.385245359141733
루마니아,기타,2025-08-01 08:57:27.303636,497.29568058064325,,394.4571883374662,445.87643445905474
루마니아,기타,2025-09-01 08:57:27.303636,510.0825048698859,,425.41829615914446,467.75040051451515
루마니아,기타,2025-10-01 08:57:27.303636,541.9787452249125,,479.5726911613304,510.7757181931214
루마니아,기타,2025-11-01 08:57:27.303636,438.504894448554,,530.7931926261764,484.6490435373652
루마니아,기타,2025-12-01 08:57:27.303636,405.1419595399409,,539.9246366467381,472.5332980933395
루마니아,기타,2026-01-01 08:57:27.303636,474.5919458601991,,530.81499840242,502.7034721313095
루마니아,기타,2026-02-01 08:57:27.303636,426.1278176278782,,522.2089042240777,474.16836092597794
루마니아,기타,2026-03-01 08:57:27.303636,512.9434730344382,,531.3308461482925,522.1371595913654
루마니아,기타,2026-04-01 08:57:27.303636,569.6785866477168,,562.9425670585374,566.310576853127
루마니아,기타,2026-05-01 08:57:27.303636,549.7479031909295,,589.7491911091433,569.7485471500364
루마니아,기타,2026-06-01 08:57:27.303636,565.269779878376,,609.2292860484497,587.2495329634128
루마니아,기타,2026-07-01 08:57:27.303636,597.4967380500092,,609.501949991007,603.499344020508
루마니아,관광,2025-08-01 08:57:27.303636,1202.534730245213,,1465.1038091974822,1333.8192697213476
루마니아,관광,2025-09-01 08:57:27.303636,1484.7351128409873,,1145.916090396623,1315.3256016188052
루마니아,관광,2025-10-01 08:57:27.303636,1859.486494009061,,772.1719041978225,1315.8291991034419
루마니아,관광,2025-11-01 08:57:27.303636,1072.6069526725246,,563.4077250908048,818.0073388816647
루마니아,관광,2025-12-01 08:57:27.303636,857.2418844611791,,644.9415169014583,751.0917006813187
루마니아,관광,2026-01-01 08:57:27.303636,630.3017886139885,,1107.815462132402,869.0586253731952
루마니아,관광,2026-02-01 08:57:27.303636,684.2348283428884,,1469.8198731816087,1077.0273507622485
루마니아,관광,2026-03-01 08:57:27.303636,1705.3956342181136,,1133.2103207466707,1419.3029774823922
루마니아,관광,2026-04-01 08:57:27.303636,1946.8118025237316,,508.483711352514,1227.6477569381227
루마니아,관광,2026-05-01 08:57:27.303636,1583.373562820537,,423.909636082158,1003.6415994513475
루마니아,관광,2026-06-01 08:57:27.303636,1202.7153946726341,,600.186266204284,901.4508304384591
루마니아,관광,2026-07-01 08:57:27.303636,1285.3607420275741,,1206.4739485828345,1245.9173453052044
루마니아,유학연수,2025-08-01 08:57:27.303636,50.77863494040729,,7.168222345168243,28.973428642787766
루마니아,유학연수,2025-09-01 08:57:27.303636,8.877907980715086,,9.408378215853961,9.143143098284524
루마니아,유학연수,2025-10-01 08:57:27.303636,5.826228244557387,,10.872487223845548,8.349357734201467
루마니아,유학연수,2025-11-01 08:57:27.303636,4.085731760258811,,9.678694565023912,6.882213162641362
루마니아,유학연수,2025-12-01 08:57:27.303636,8.335471859671795,,19.040998453720903,13.688235156696349
루마니아,유학연수,2026-01-01 08:57:27.303636,15.462740686382862,,13.819338123904025,14.641039405143443
루마니아,유학연수,2026-02-01 08:57:27.303636,39.280592969046594,,11.60776625389752,25.44417961147206
루마니아,유학연수,2026-03-01 08:57:27.303636,9.173624733409715,,7.21479999019456,8.194212361802137
루마니아,유학연수,2026-04-01 08:57:27.303636,3.655813094670525,,5.788116077431971,4.721964586051248
루마니아,유학연수,2026-05-01 08:57:27.303636,6.628292003012221,,12.67594063899643,9.652116321004325
루마니아,유학연수,2026-06-01 08:57:27.303636,5.151929776358743,,21.861330221432187,13.506629998895464
루마니아,유학연수,2026-07-01 08:57:27.303636,13.280135647957007,,9.917713334430381,11.598924491193694
말레이시아,관광,2025-08-01 08:57:27.303636,12068.150636676699,,25406.455595084826,18737.303115880764
말레이시아,관광,2025-09-01 08:57:27.303636,29783.060252656953,,9701.728319020092,19742.394285838524
말레이시아,관광,2025-10-01 08:57:27.303636,42538.96898652072,,14560.36286827668,28549.6659273987
말레이시아,관광,2025-11-01 08:57:27.303636,40439.6922703601,,19763.564693513857,30101.62848193698
말레이시아,관광,2025-12-01 08:57:27.303636,50587.20034421594,,21989.161277860774,36288.18081103836
말레이시아,관광,2026-01-01 08:57:27.303636,28074.55148314498,,9566.40523669869,18820.478359921835
말레이시아,관광,2026-02-01 08:57:27.303636,27789.516441045533,,13930.207972883969,20859.86220696475
말레이시아,관광,2026-03-01 08:57:27.303636,36529.39723262331,,18783.319732616103,27656.358482619708
말레이시아,관광,2026-04-01 08:57:27.303636,47853.81486528618,,21629.72519218833,34741.77002873726
말레이시아,관광,2026-05-01 08:57:27.303636,36197.95508420196,,17177.972026527466,26687.963555364713
말레이시아,관광,2026-06-01 08:57:27.303636,22509.73202663676,,10638.981503165054,16574.356764900906
말레이시아,관광,2026-07-01 08:57:27.303636,15967.751969740642,,7215.019627571677,11591.38579865616
말레이시아,공용,2025-08-01 08:57:27.303636,12.628241761585105,,11.568588973641102,12.098415367613104
말레이시아,공용,2025-09-01 08:57:27.303636,23.974294648450215,,12.045047647686363,18.00967114806829
말레이시아,공용,2025-10-01 08:57:27.303636,15.842316415678097,,12.108963976386857,13.975640196032476
말레이시아,공용,2025-11-01 08:57:27.303636,32.49764479638648,,12.353476366700168,22.425560581543323
말레이시아,공용,2025-12-01 08:57:27.303636,18.52870741447759,,13.072058467724144,15.800382941100867
말레이시아,공용,2026-01-01 08:57:27.303636,18.24249727971386,,15.18470723447441,16.713602257094134
말레이시아,공용,2026-02-01 08:57:27.303636,17.650973385359148,,17.09120945856385,17.3710914219615
말레이시아,공용,2026-03-01 08:57:27.303636,12.764203538782903,,18.537934828662838,15.651069183722871
말레이시아,공용,2026-04-01 08:57:27.303636,14.9024936824889,,18.206812286648518,16.55465298456871
말레이시아,공용,2026-05-01 08:57:27.303636,20.10896707397057,,17.533664601096863,18.821315837533717
말레이시아,공용,2026-06-01 08:57:27.303636,16.382176866103592,,15.05690752829183,15.719542197197711
말레이시아,공용,2026-07-01 08:57:27.303636,24.40192349659245,,13.481612350147788,18.94176792337012
말레이시아,기타,2025-08-01 08:57:27.303636,3172.502990436145,,2584.7960486139195,2878.6495195250322
말레이시아,기타,2025-09-01 08:57:27.303636,3309.8096301458063,,2702.8711805533626,3006.340405349584
말레이시아,기타,2025-10-01 08:57:27.303636,3206.455315759563,,2656.2349687412507,2931.3451422504068
말레이시아,기타,2025-11-01 08:57:27.303636,3276.1384281648366,,2629.447622847676,2952.7930255062565
말레이시아,기타,2025-12-01 08:57:27.303636,3399.1263762760714,,2730.557947136007,3064.8421617060394
말레이시아,기타,2026-01-01 08:57:27.303636,3409.6338793859513,,2821.410521849074,3115.5222006175127
말레이시아,기타,2026-02-01 08:57:27.303636,3337.858491377465,,2773.6078022896477,3055.733146833556
말레이시아,기타,2026-03-01 08:57:27.303636,3400.14926979735,,2740.5052331082293,3070.32725145279
말레이시아,기타,2026-04-01 08:57:27.303636,3497.830009210282,,2828.1668203359604,3162.998414773121
말레이시아,기타,2026-05-01 08:57:27.303636,3816.232410029377,,2878.1087264963176,3347.170568262847
말레이시아,기타,2026-06-01 08:57:27.303636,3705.7535001802007,,2923.1093212618243,3314.4314107210125
말레이시아,기타,2026-07-01 08:57:27.303636,3891.2697307549383,,2959.180773953828,3425.225252354383
말레이시아,상용,2025-08-01 08:57:27.303636,138.77626258484216,,115.75321805923505,127.2647403220386
말레이시아,상용,2025-09-01 08:57:27.303636,159.89369444678545,,141.73284664688865,150.81327054683703
말레이시아,상용,2025-10-01 08:57:27.303636,128.84146743186588,,141.97353838305463,135.40750290746024
말레이시아,상용,2025-11-01 08:57:27.303636,122.38259224665931,,135.57622928642817,128.97941076654374
말레이시아,상용,2025-12-01 08:57:27.303636,137.11601449262525,,143.34543269472755,140.2307235936764
말레이시아,상용,2026-01-01 08:57:27.303636,153.21744475584842,,172.83730732779648,163.02737604182244
말레이시아,상용,2026-02-01 08:57:27.303636,179.42714354827723,,173.21895432375516,176.3230489360162
말레이시아,상용,2026-03-01 08:57:27.303636,130.1032610120014,,169.54590431074377,149.82458266137257
말레이시아,상용,2026-04-01 08:57:27.303636,138.9426965662212,,172.34402243266868,155.64335949944495
말레이시아,상용,2026-05-01 08:57:27.303636,166.25473893477238,,179.4656763774205,172.86020765609643
말레이시아,상용,2026-06-01 08:57:27.303636,146.17084208040154,,186.21026516121123,166.19055362080638
말레이시아,상용,2026-07-01 08:57:27.303636,146.01897090228186,,191.57734582156337,168.79815836192262
멕시코,공용,2025-08-01 08:57:27.303636,11.974053110842377,,3.799541488115349,7.886797299478863
멕시코,공용,2025-09-01 08:57:27.303636,8.594506830058961,,12.955725232536832,10.775116031297896
멕시코,공용,2025-10-01 08:57:27.303636,7.622280671838516,,5.700684515097768,6.661482593468142
멕시코,공용,2025-11-01 08:57:27.303636,14.173110468152819,,4.177888724568896,9.175499596360858
멕시코,공용,2025-12-01 08:57:27.303636,7.916422302930937,,5.5485797730982265,6.732501038014582
멕시코,공용,2026-01-01 08:57:27.303636,12.027701985652376,,11.034697492879488,11.531199739265933
멕시코,공용,2026-02-01 08:57:27.303636,4.038576338104319,,7.486631397915607,5.762603868009963
멕시코,공용,2026-03-01 08:57:27.303636,7.733822974816182,,7.416040736559843,7.574931855688012
멕시코,공용,2026-04-01 08:57:27.303636,11.080995591711321,,5.819037457881154,8.450016524796238
멕시코,공용,2026-05-01 08:57:27.303636,11.107161015530027,,5.43308337301568,8.270122194272853
멕시코,공용,2026-06-01 08:57:27.303636,8.77597609123915,,5.036301937443898,6.906139014341524
멕시코,공용,2026-07-01 08:57:27.303636,6.869135751823021,,5.161275625138801,6.015205688480911
말레이시아,유학연수,2025-08-01 08:57:27.303636,832.5483941581728,,59.71127259232499,446.1298333752489
말레이시아,유학연수,2025-09-01 08:57:27.303636,259.13321214457255,,93.52474479568247,176.3289784701275
말레이시아,유학연수,2025-10-01 08:57:27.303636,70.43335329033197,,107.47257909983495,88.95296619508346
말레이시아,유학연수,2025-11-01 08:57:27.303636,84.5553781323401,,113.04143777360746,98.79840795297378
말레이시아,유학연수,2025-12-01 08:57:27.303636,97.0531150973956,,190.22863124641498,143.6408731719053
말레이시아,유학연수,2026-01-01 08:57:27.303636,162.40930245926188,,314.09058809031603,238.24994527478896
말레이시아,유학연수,2026-02-01 08:57:27.303636,864.802637562293,,70.0110571761701,467.4068473692315
말레이시아,유학연수,2026-03-01 08:57:27.303636,267.98352987384555,,33.57500397429003,150.7792669240678
말레이시아,유학연수,2026-04-01 08:57:27.303636,63.29054099492226,,40.99915785162011,52.14484942327118
말레이시아,유학연수,2026-05-01 08:57:27.303636,87.84951202492383,,59.13521249389149,73.49236225940766
말레이시아,유학연수,2026-06-01 08:57:27.303636,114.8034056057919,,73.5924282325785,94.19791691918519
말레이시아,유학연수,2026-07-01 08:57:27.303636,147.9204319018414,,73.89972241382257,110.91007715783198
멕시코,관광,2025-08-01 08:57:27.303636,8823.583623114853,,4496.148032852371,6659.865827983613
멕시코,관광,2025-09-01 08:57:27.303636,8560.144085501859,,4448.540298200833,6504.342191851346
멕시코,관광,2025-10-01 08:57:27.303636,9993.20449361114,,4554.143665217379,7273.674079414259
멕시코,관광,2025-11-01 08:57:27.303636,7650.855859209953,,4570.0340688413835,6110.444964025668
멕시코,관광,2025-12-01 08:57:27.303636,4450.287273186872,,4453.568298014795,4451.927785600834
멕시코,관광,2026-01-01 08:57:27.303636,3426.822829756977,,4255.127400465884,3840.9751151114306
멕시코,관광,2026-02-01 08:57:27.303636,4272.596508000725,,4421.1760695937555,4346.886288797241
멕시코,관광,2026-03-01 08:57:27.303636,6411.704555040208,,4457.2800913557185,5434.492323197963
멕시코,관광,2026-04-01 08:57:27.303636,5966.849251946799,,4339.163369503259,5153.006310725029
멕시코,관광,2026-05-01 08:57:27.303636,4920.22462969494,,4191.153902153582,4555.68926592426
멕시코,관광,2026-06-01 08:57:27.303636,4932.801959798408,,4057.7658833118185,4495.283921555113
멕시코,관광,2026-07-01 08:57:27.303636,7059.307463393026,,3920.0930772644633,5489.700270328745
멕시코,기타,2025-08-01 08:57:27.303636,732.587840473223,,727.6303900337157,730.1091152534693
멕시코,기타,2025-09-01 08:57:27.303636,653.3691231673974,,616.0871200511372,634.7281216092673
멕시코,기타,2025-10-01 08:57:27.303636,681.8649370741326,,574.1494528640867,628.0071949691096
멕시코,기타,2025-11-01 08:57:27.303636,556.4373928736125,,542.9113433805619,549.6743681270872
멕시코,기타,2025-12-01 08:57:27.303636,537.5330937909412,,478.75714415131733,508.14511897112925
멕시코,기타,2026-01-01 08:57:27.303636,572.3618249658227,,485.36126025219517,528.8615426090089
멕시코,기타,2026-02-01 08:57:27.303636,677.1031307779382,,359.07300603933095,518.0880684086346
멕시코,기타,2026-03-01 08:57:27.303636,655.7250547897897,,173.67984495846542,414.7024498741276
멕시코,기타,2026-04-01 08:57:27.303636,599.51708582863,,57.05297346069,328.28502964465997
멕시코,기타,2026-05-01 08:57:27.303636,656.0482895666258,,52.49577566877454,354.2720326177002
멕시코,기타,2026-06-01 08:57:27.303636,614.0176537836444,,79.15730247996046,346.5874781318024
멕시코,기타,2026-07-01 08:57:27.303636,682.6911956375683,,107.152311046678,394.9217533421231
멕시코,상용,2025-08-01 08:57:27.303636,7.76449239371355,,6.1429180956250935,6.953705244669322
멕시코,상용,2025-09-01 08:57:27.303636,6.379848366129434,,6.327002779195911,6.3534255726626725
멕시코,상용,2025-10-01 08:57:27.303636,11.21132209691566,,6.5867113973554146,8.899016747135537
멕시코,상용,2025-11-01 08:57:27.303636,7.194325641775957,,6.482383728437496,6.838354685106726
멕시코,상용,2025-12-01 08:57:27.303636,5.873708886659943,,5.972562292621113,5.923135589640529
멕시코,상용,2026-01-01 08:57:27.303636,13.72801563070822,,6.356339123812484,10.042177377260352
멕시코,상용,2026-02-01 08:57:27.303636,4.419340190694375,,6.867944870234425,5.643642530464399
멕시코,상용,2026-03-01 08:57:27.303636,10.82998038178344,,7.13306730477722,8.98152384328033
멕시코,상용,2026-04-01 08:57:27.303636,8.452751044926613,,6.461950082273243,7.4573505635999275
멕시코,상용,2026-05-01 08:57:27.303636,7.256674884600054,,6.184139500449122,6.720407192524588
멕시코,상용,2026-06-01 08:57:27.303636,9.240484267351935,,6.384687370833397,7.812585819092666
멕시코,상용,2026-07-01 08:57:27.303636,8.103185419488728,,6.659006713766557,7.381096066627642
멕시코,유학연수,2025-08-01 08:57:27.303636,349.54397421788894,,29.222976489434643,189.3834753536618
멕시코,유학연수,2025-09-01 08:57:27.303636,43.959574245071735,,68.32437109367865,56.14197266937519
멕시코,유학연수,2025-10-01 08:57:27.303636,25.97700286818089,,84.02726660018193,55.00213473418141
멕시코,유학연수,2025-11-01 08:57:27.303636,62.8656332912398,,87.21512478029504,75.04037903576742
멕시코,유학연수,2025-12-01 08:57:27.303636,70.2496202260194,,47.735844538461905,58.99273238224065
멕시코,유학연수,2026-01-01 08:57:27.303636,98.59892173551329,,44.8703061955741,71.7346139655437
멕시코,유학연수,2026-02-01 08:57:27.303636,280.3081618630412,,17.039026073947333,148.6735939684943
멕시코,유학연수,2026-03-01 08:57:27.303636,40.574311869968035,,3.1511753870641854,21.86274362851611
멕시코,유학연수,2026-04-01 08:57:27.303636,21.479260897697923,,-1.448503724111589,10.015378586793167
멕시코,유학연수,2026-05-01 08:57:27.303636,77.96211570716598,,-2.5909778821061096,37.68556891252993
멕시코,유학연수,2026-06-01 08:57:27.303636,69.14227314396665,,0.30393671227162145,34.723104928119135
멕시코,유학연수,2026-07-01 08:57:27.303636,91.12233972310403,,-7.078531672185399,42.02190402545932
몽  골,공용,2025-08-01 08:57:27.303636,250.10232838165803,,250.109371955257,250.1058501684575
몽  골,공용,2025-09-01 08:57:27.303636,337.11011780605827,,249.85808645878734,293.4841021324228
몽  골,공용,2025-10-01 08:57:27.303636,377.85071818523727,,271.69980516998544,324.77526167761135
몽  골,공용,2025-11-01 08:57:27.303636,450.5277305168936,,288.66626654075503,369.5969985288243
몽  골,공용,2025-12-01 08:57:27.303636,402.18063144266404,,279.3969709253623,340.7888011840132
몽  골,공용,2026-01-01 08:57:27.303636,330.97842639461595,,267.06015692927383,299.01929166194486
몽  골,공용,2026-02-01 08:57:27.303636,343.2103643745151,,287.6514690876727,315.43091673109393
몽  골,공용,2026-03-01 08:57:27.303636,394.89312267132277,,296.9533420924113,345.923232381867
몽  골,공용,2026-04-01 08:57:27.303636,399.138477218392,,272.6527448331774,335.89561102578466
몽  골,공용,2026-05-01 08:57:27.303636,408.50882827164503,,239.16871496690368,323.8387716192743
몽  골,공용,2026-06-01 08:57:27.303636,332.21009848791454,,211.56696842053788,271.8885334542262
몽  골,공용,2026-07-01 08:57:27.303636,304.3296819828356,,195.18751235591333,249.75859716937447
몽  골,기타,2025-08-01 08:57:27.303636,1946.9857675379037,,787.1624497553231,1367.0741086466135
몽  골,기타,2025-09-01 08:57:27.303636,1636.6784372501254,,1102.439912351336,1369.5591748007307
몽  골,기타,2025-10-01 08:57:27.303636,1163.530902702347,,990.4605721400272,1076.9957374211872
몽  골,기타,2025-11-01 08:57:27.303636,1096.3761381804793,,892.5301860231367,994.453162101808
몽  골,기타,2025-12-01 08:57:27.303636,1054.5149729048865,,904.5659304721205,979.5404516885035
몽  골,기타,2026-01-01 08:57:27.303636,1341.79106088465,,1249.7672661306733,1295.7791635076617
몽  골,기타,2026-02-01 08:57:27.303636,1257.3427200749002,,1124.8668374810795,1191.1047787779898
몽  골,기타,2026-03-01 08:57:27.303636,1416.7664142766557,,1020.0417817502237,1218.4040980134396
몽  골,기타,2026-04-01 08:57:27.303636,1164.7118242915367,,1008.5614711163372,1086.636647703937
몽  골,기타,2026-05-01 08:57:27.303636,1064.6469813635972,,1101.7836324652178,1083.2153069144074
몽  골,기타,2026-06-01 08:57:27.303636,1098.1196563646818,,1261.963473467295,1180.0415649159884
몽  골,기타,2026-07-01 08:57:27.303636,1559.9223700682758,,1436.074652883753,1497.9985114760143
몽  골,관광,2025-08-01 08:57:27.303636,10681.073178995199,,9546.568440961213,10113.820809978206
몽  골,관광,2025-09-01 08:57:27.303636,13233.411799790878,,9627.55526922052,11430.4835345057
몽  골,관광,2025-10-01 08:57:27.303636,15697.154105764555,,9012.06665068894,12354.610378226747
몽  골,관광,2025-11-01 08:57:27.303636,14800.850226833323,,8547.59176999866,11674.220998415993
몽  골,관광,2025-12-01 08:57:27.303636,15256.19187145317,,9107.611909139428,12181.9018902963
몽  골,관광,2026-01-01 08:57:27.303636,17682.191936622356,,9074.168341149885,13378.18013888612
몽  골,관광,2026-02-01 08:57:27.303636,14093.221228438066,,8830.510779769826,11461.866004103946
몽  골,관광,2026-03-01 08:57:27.303636,14184.923085476226,,8442.550307290685,11313.736696383456
몽  골,관광,2026-04-01 08:57:27.303636,14004.170570822078,,8981.856946999123,11493.013758910602
몽  골,관광,2026-05-01 08:57:27.303636,14949.157299272147,,9086.506670230057,12017.831984751101
몽  골,관광,2026-06-01 08:57:27.303636,18331.678236934145,,8981.809352483222,13656.743794708684
몽  골,관광,2026-07-01 08:57:27.303636,15877.278896547381,,8816.442573092436,12346.860734819908
몽  골,상용,2025-08-01 08:57:27.303636,91.88825321184146,,70.71537912792577,81.30181616988361
몽  골,상용,2025-09-01 08:57:27.303636,92.65291248973419,,85.85307469897072,89.25299359435246
몽  골,상용,2025-10-01 08:57:27.303636,92.05218869375655,,87.37665836278521,89.71442352827088
몽  골,상용,2025-11-01 08:57:27.303636,94.25554402374398,,94.57492894368862,94.4152364837163
몽  골,상용,2025-12-01 08:57:27.303636,79.51939305683985,,96.73671155821337,88.12805230752662
몽  골,상용,2026-01-01 08:57:27.303636,86.73965316134691,,116.0348118270593,101.3872324942031
몽  골,상용,2026-02-01 08:57:27.303636,95.69933783517598,,121.69044261740837,108.69489022629217
몽  골,상용,2026-03-01 08:57:27.303636,122.68558710398551,,130.2745831090005,126.48008510649301
몽  골,상용,2026-04-01 08:57:27.303636,114.3222890298426,,131.99452444662933,123.15840673823595
몽  골,상용,2026-05-01 08:57:27.303636,119.40902067702957,,127.43249576266825,123.42075821984892
몽  골,상용,2026-06-01 08:57:27.303636,116.47833906686769,,117.94846191602225,117.21340049144497
몽  골,상용,2026-07-01 08:57:27.303636,94.28414597326358,,112.62344787424556,103.45379692375457
몽  골,유학연수,2025-08-01 08:57:27.303636,4875.126504029721,,2710.055943879284,3792.5912239545023
몽  골,유학연수,2025-09-01 08:57:27.303636,3791.1819732132144,,3182.95771227695,3487.0698427450825
몽  골,유학연수,2025-10-01 08:57:27.303636,464.26743201333085,,2966.085756740013,1715.176594376672
몽  골,유학연수,2025-11-01 08:57:27.303636,1168.0776459831961,,2656.8138773703563,1912.4457616767763
몽  골,유학연수,2025-12-01 08:57:27.303636,1822.3809900011038,,2874.899082301742,2348.640036151423
몽  골,유학연수,2026-01-01 08:57:27.303636,2125.395854885414,,3326.69486998692,2726.045362436167
몽  골,유학연수,2026-02-01 08:57:27.303636,2481.3609554582627,,2711.232930482268,2596.2969429702653
몽  골,유학연수,2026-03-01 08:57:27.303636,3078.8779946257832,,2575.6064641233625,2827.242229374573
몽  골,유학연수,2026-04-01 08:57:27.303636,706.8725260322049,,2677.78387261485,1692.3281993235275
몽  골,유학연수,2026-05-01 08:57:27.303636,1070.7749473020913,,2986.670589335159,2028.7227683186252
몽  골,유학연수,2026-06-01 08:57:27.303636,1686.4085256120998,,3284.6302909072547,2485.519408259677
몽  골,유학연수,2026-07-01 08:57:27.303636,2279.699682766819,,3578.2843040327384,2928.991993399779
미  국,관광,2025-08-01 08:57:27.303636,105122.61752520037,,120412.0768074537,112767.34716632703
미  국,관광,2025-09-01 08:57:27.303636,120389.97326554803,,109786.2661174435,115088.11969149577
미  국,관광,2025-10-01 08:57:27.303636,155832.49756862404,,124161.73945838731,139997.11851350567
미  국,관광,2025-11-01 08:57:27.303636,117297.99100327541,,135441.3600772521,126369.67554026375
미  국,관광,2025-12-01 08:57:27.303636,108040.05829012133,,138028.83290160247,123034.44559586191
미  국,관광,2026-01-01 08:57:27.303636,83123.70575005832,,111551.68011424103,97337.69293214967
미  국,관광,2026-02-01 08:57:27.303636,84913.55266736475,,110345.6396369205,97629.59615214262
미  국,관광,2026-03-01 08:57:27.303636,142391.46071875744,,116625.78697609153,129508.62384742449
미  국,관광,2026-04-01 08:57:27.303636,165416.73969641808,,124815.33472244814,145116.0372094331
미  국,관광,2026-05-01 08:57:27.303636,164442.05937276155,,128185.56125062113,146313.81031169134
미  국,관광,2026-06-01 08:57:27.303636,195377.95401270533,,125754.78835906694,160566.37118588615
미  국,관광,2026-07-01 08:57:27.303636,162987.1832213528,,113070.58379516954,138028.88350826118
미  국,공용,2025-08-01 08:57:27.303636,4877.355426530442,,1243.880288938821,3060.6178577346313
미  국,공용,2025-09-01 08:57:27.303636,3317.9438015754604,,211.95762069401349,1764.950711134737
미  국,공용,2025-10-01 08:57:27.303636,3472.693128942405,,52.90669941781266,1762.7999141801088
미  국,공용,2025-11-01 08:57:27.303636,4165.004012930487,,158.55264051250037,2161.7783267214936
미  국,공용,2025-12-01 08:57:27.303636,4280.28009332852,,465.70309505272485,2372.9915941906224
미  국,공용,2026-01-01 08:57:27.303636,4498.674241517608,,692.1886931710328,2595.4314673443205
미  국,공용,2026-02-01 08:57:27.303636,3357.9694939706656,,471.5868953335421,1914.7781946521038
미  국,공용,2026-03-01 08:57:27.303636,3621.071664728459,,455.90033663105964,2038.4860006797594
미  국,공용,2026-04-01 08:57:27.303636,5005.603581723179,,699.1160068792676,2852.3597943012232
미  국,공용,2026-05-01 08:57:27.303636,4705.3213288363195,,875.4571845582564,2790.389256697288
미  국,공용,2026-06-01 08:57:27.303636,4551.434516028548,,1039.2121240860106,2795.3233200572795
미  국,공용,2026-07-01 08:57:27.303636,5990.483288118593,,1206.997480330387,3598.74038422449
미  국,기타,2025-08-01 08:57:27.303636,25535.110278355172,,19157.593165289258,22346.351721822215
미  국,기타,2025-09-01 08:57:27.303636,21237.650442285765,,19936.62371076283,20587.137076524297
미  국,기타,2025-10-01 08:57:27.303636,23575.21346404162,,19371.141717906452,21473.177590974035
미  국,기타,2025-11-01 08:57:27.303636,19855.40987865279,,19111.59297683227,19483.50142774253
미  국,기타,2025-12-01 08:57:27.303636,20511.557259596622,,19206.384255220008,19858.970757408315
미  국,기타,2026-01-01 08:57:27.303636,23863.74280983178,,19766.903607385215,21815.323208608497
미  국,기타,2026-02-01 08:57:27.303636,22520.932610908956,,19177.17109282172,20849.05185186534
미  국,기타,2026-03-01 08:57:27.303636,23278.23785401952,,18957.828829187107,21118.033341603314
미  국,기타,2026-04-01 08:57:27.303636,21820.190910187728,,19168.8569922354,20494.523951211566
미  국,기타,2026-05-01 08:57:27.303636,23349.225352183894,,19017.682454630864,21183.45390340738
미  국,기타,2026-06-01 08:57:27.303636,22078.86421571007,,19246.800517402124,20662.832366556097
미  국,기타,2026-07-01 08:57:27.303636,24084.62979546339,,19427.199683372655,21755.91473941802
미  국,상용,2025-08-01 08:57:27.303636,329.08497997564166,,309.9218808770545,319.5034304263481
미  국,상용,2025-09-01 08:57:27.303636,376.4532401065145,,384.65087048717044,380.55205529684247
미  국,상용,2025-10-01 08:57:27.303636,407.5757725378446,,404.48618286331725,406.03097770058093
미  국,상용,2025-11-01 08:57:27.303636,403.95202308407505,,460.1152127700098,432.0336179270424
미  국,상용,2025-12-01 08:57:27.303636,280.9395188732638,,537.5632673251093,409.25139309918654
미  국,상용,2026-01-01 08:57:27.303636,342.680698903234,,649.2167118331049,495.94870536816944
미  국,상용,2026-02-01 08:57:27.303636,332.521608513251,,700.7677854866915,516.6446969999713
미  국,상용,2026-03-01 08:57:27.303636,409.0216679755629,,785.4431831067114,597.2324255411372
미  국,상용,2026-04-01 08:57:27.303636,407.7991462658777,,862.4384876138936,635.1188169398856
미  국,상용,2026-05-01 08:57:27.303636,402.62666265642235,,894.0753998171995,648.351031236811
미  국,상용,2026-06-01 08:57:27.303636,407.40629062777975,,881.3579689761514,644.3821298019656
미  국,상용,2026-07-01 08:57:27.303636,348.80086969671714,,842.8617216268409,595.831295661779
미  국,유학연수,2025-08-01 08:57:27.303636,2535.2468793750545,,322.88814358289795,1429.0675114789763
미  국,유학연수,2025-09-01 08:57:27.303636,179.73821438159231,,480.16362255637176,329.950918468982
미  국,유학연수,2025-10-01 08:57:27.303636,188.24869547085308,,443.5807339561296,315.9147147134913
미  국,유학연수,2025-11-01 08:57:27.303636,598.3804080715556,,334.27216732678033,466.326287699168
미  국,유학연수,2025-12-01 08:57:27.303636,557.3710529382531,,1095.214616604886,826.2928347715696
미  국,유학연수,2026-01-01 08:57:27.303636,428.28934108390985,,313.0249697397786,370.6571554118442
미  국,유학연수,2026-02-01 08:57:27.303636,1908.4226242512375,,477.703514682908,1193.0630694670726
미  국,유학연수,2026-03-01 08:57:27.303636,287.5454103676865,,301.8187507737008,294.68208057069364
미  국,유학연수,2026-04-01 08:57:27.303636,211.04143956252818,,308.39264667825273,259.7170431203905
미  국,유학연수,2026-05-01 08:57:27.303636,552.5092447310766,,352.6718955044805,452.59057011777855
미  국,유학연수,2026-06-01 08:57:27.303636,471.38104967631483,,914.6954836642494,693.0382666702822
미  국,유학연수,2026-07-01 08:57:27.303636,350.7634101279916,,299.8335051515083,325.2984576397499
미얀마,공용,2025-08-01 08:57:27.303636,21.227770134230163,,17.88439279187599,19.556081463053076
미얀마,공용,2025-09-01 08:57:27.303636,59.51661573870547,,18.917193758189057,39.21690474844726
미얀마,공용,2025-10-01 08:57:27.303636,53.765791005979764,,20.426375219168566,37.09608311257416
미얀마,공용,2025-11-01 08:57:27.303636,46.751770631533084,,23.293806510809034,35.02278857117106
미얀마,공용,2025-12-01 08:57:27.303636,34.213267057213706,,31.353443637696923,32.78335534745531
미얀마,공용,2026-01-01 08:57:27.303636,15.011320822956852,,31.0151101423698,23.013215482663327
미얀마,공용,2026-02-01 08:57:27.303636,15.121062181369625,,31.069757237335292,23.09540970935246
미얀마,공용,2026-03-01 08:57:27.303636,21.35295029464307,,30.942051849702985,26.14750107217303
미얀마,공용,2026-04-01 08:57:27.303636,22.06532077016041,,31.217674555234648,26.64149766269753
미얀마,공용,2026-05-01 08:57:27.303636,52.15203452988939,,28.796502235004617,40.47426838244701
미얀마,공용,2026-06-01 08:57:27.303636,46.03592617086919,,26.344686041614025,36.19030610624161
미얀마,공용,2026-07-01 08:57:27.303636,47.23491066962196,,22.802673231494666,35.01879195055831
미얀마,관광,2025-08-01 08:57:27.303636,929.9060258447291,,1905.2292824003773,1417.5676541225532
미얀마,관광,2025-09-01 08:57:27.303636,1100.9234149087652,,1143.4513530136214,1122.1873839611933
미얀마,관광,2025-10-01 08:57:27.303636,1215.5127302225324,,1402.9677518694148,1309.2402410459736
미얀마,관광,2025-11-01 08:57:27.303636,1166.8654885608214,,1539.1440614256014,1353.0047749932114
미얀마,관광,2025-12-01 08:57:27.303636,1313.8397545822097,,1757.430554749547,1535.6351546658784
미얀마,관광,2026-01-01 08:57:27.303636,1009.2808366864741,,1221.4142784058117,1115.347557546143
미얀마,관광,2026-02-01 08:57:27.303636,903.9749786783938,,1580.3288443849183,1242.151911531656
미얀마,관광,2026-03-01 08:57:27.303636,1121.5520191668243,,1649.8493839391408,1385.7007015529825
미얀마,관광,2026-04-01 08:57:27.303636,1350.8858041219,,1910.3429377223888,1630.6143709221444
미얀마,관광,2026-05-01 08:57:27.303636,1104.3118632564542,,1727.351126449686,1415.8314948530701
미얀마,관광,2026-06-01 08:57:27.303636,1100.628456753999,,1687.7966807866687,1394.2125687703337
미얀마,관광,2026-07-01 08:57:27.303636,1079.7836130774583,,1742.9169469753647,1411.3502800264114
미얀마,기타,2025-08-01 08:57:27.303636,4996.61375745636,,4883.774587422232,4940.194172439296
미얀마,기타,2025-09-01 08:57:27.303636,4812.834259534166,,4940.899359427905,4876.866809481036
미얀마,기타,2025-10-01 08:57:27.303636,4809.774724057769,,4820.58136465562,4815.178044356695
미얀마,기타,2025-11-01 08:57:27.303636,4675.383968122301,,4779.389021690799,4727.38649490655
미얀마,기타,2025-12-01 08:57:27.303636,5061.166793788618,,5025.120511134865,5043.143652461742
미얀마,기타,2026-01-01 08:57:27.303636,4874.66842501237,,4935.8319606211235,4905.250192816747
미얀마,기타,2026-02-01 08:57:27.303636,4910.052988172639,,4784.456915235129,4847.254951703884
미얀마,기타,2026-03-01 08:57:27.303636,4948.3784089073815,,4800.308306265658,4874.34335758652
미얀마,기타,2026-04-01 08:57:27.303636,4852.212724437008,,5062.706217376448,4957.459470906728
미얀마,기타,2026-05-01 08:57:27.303636,5429.38990388894,,5081.099767822434,5255.244835855687
미얀마,기타,2026-06-01 08:57:27.303636,5397.967542934093,,5018.531101736126,5208.24932233511
미얀마,기타,2026-07-01 08:57:27.303636,5249.9162544042,,4935.286858790991,5092.601556597596
미얀마,상용,2025-08-01 08:57:27.303636,51.42627819706583,,26.486964104580366,38.956621150823096
미얀마,상용,2025-09-01 08:57:27.303636,57.70689070765208,,27.759402843380876,42.733146775516474
미얀마,상용,2025-10-01 08:57:27.303636,56.34363012256882,,28.872112420524545,42.607871271546685
미얀마,상용,2025-11-01 08:57:27.303636,51.508193255961245,,29.37303854460414,40.440615900282694
미얀마,상용,2025-12-01 08:57:27.303636,37.78531925168513,,29.38317879600551,33.58424902384532
미얀마,상용,2026-01-01 08:57:27.303636,35.701560752558244,,32.25725463186366,33.979407692210955
미얀마,상용,2026-02-01 08:57:27.303636,32.34392194338627,,33.11173685205286,32.72782939771956
미얀마,상용,2026-03-01 08:57:27.303636,52.97703683718922,,32.30980348312784,42.64342016015853
미얀마,상용,2026-04-01 08:57:27.303636,50.87122312159231,,30.21922284793478,40.54522298476354
미얀마,상용,2026-05-01 08:57:27.303636,53.70525262829805,,29.326502981481788,41.51587780488992
미얀마,상용,2026-06-01 08:57:27.303636,48.25975691202229,,29.913511983858186,39.08663444794024
미얀마,상용,2026-07-01 08:57:27.303636,45.98291879054795,,31.137546048265165,38.56023241940656
미얀마,유학연수,2025-08-01 08:57:27.303636,917.7508927901044,,309.2128266099853,613.4818597000449
미얀마,유학연수,2025-09-01 08:57:27.303636,908.9566873686437,,536.9921170403451,722.9744022044944
미얀마,유학연수,2025-10-01 08:57:27.303636,122.65821361373199,,537.5934572849313,330.12583544933165
미얀마,유학연수,2025-11-01 08:57:27.303636,103.1163551330085,,440.92383222122396,272.0200936771162
미얀마,유학연수,2025-12-01 08:57:27.303636,844.5472157431794,,498.1755142558013,671.3613649994904
미얀마,유학연수,2026-01-01 08:57:27.303636,527.146661734859,,664.551027801964,595.8488447684115
미얀마,유학연수,2026-02-01 08:57:27.303636,631.0888475028021,,546.8291925657843,588.9590200342932
미얀마,유학연수,2026-03-01 08:57:27.303636,963.5898782950223,,435.25591815425076,699.4228982246366
미얀마,유학연수,2026-04-01 08:57:27.303636,111.99809003494131,,451.1006363496047,281.549363192273
미얀마,유학연수,2026-05-01 08:57:27.303636,621.6595967145302,,514.3811675019058,568.020382108218
미얀마,유학연수,2026-06-01 08:57:27.303636,606.1554275262787,,549.5900233529293,577.872725439604
미얀마,유학연수,2026-07-01 08:57:27.303636,309.2123028244531,,561.3557402190055,435.2840215217293
방글라데시,공용,2025-08-01 08:57:27.303636,74.64901972154207,,50.116479758597166,62.38274974006962
방글라데시,공용,2025-09-01 08:57:27.303636,114.07002716616415,,48.03935627119471,81.05469171867944
방글라데시,공용,2025-10-01 08:57:27.303636,90.16106125882472,,47.416334706454364,68.78869798263955
방글라데시,공용,2025-11-01 08:57:27.303636,90.29249338653237,,50.66680419849243,70.47964879251239
방글라데시,공용,2025-12-01 08:57:27.303636,43.98879448121223,,49.91322724331195,46.951010862262095
방글라데시,공용,2026-01-01 08:57:27.303636,41.40896327214271,,42.88307138125171,42.146017326697205
방글라데시,공용,2026-02-01 08:57:27.303636,49.77092526249246,,46.58040208243625,48.17566367246435
방글라데시,공용,2026-03-01 08:57:27.303636,43.515819349948316,,51.79871381282835,47.657266581388335
방글라데시,공용,2026-04-01 08:57:27.303636,88.04288998462441,,55.300108210392345,71.67149909750837
방글라데시,공용,2026-05-01 08:57:27.303636,98.98538670588606,,57.65843830018281,78.32191250303444
방글라데시,공용,2026-06-01 08:57:27.303636,102.14206639054248,,60.039457945969765,81.09076216825612
방글라데시,공용,2026-07-01 08:57:27.303636,75.39237523762425,,61.07090582608701,68.23164053185563
방글라데시,관광,2025-08-01 08:57:27.303636,365.3606239134307,,243.02801366512068,304.1943187892757
방글라데시,관광,2025-09-01 08:57:27.303636,478.27964141106565,,281.06797485416905,379.67380813261735
방글라데시,관광,2025-10-01 08:57:27.303636,483.5331380092678,,271.34371247642986,377.43842524284884
방글라데시,관광,2025-11-01 08:57:27.303636,417.02768773575696,,237.90268945724506,327.465188596501
방글라데시,관광,2025-12-01 08:57:27.303636,299.90502365960396,,248.06221776549782,273.9836207125509
방글라데시,관광,2026-01-01 08:57:27.303636,265.94208859665224,,272.2836127484986,269.1128506725754
방글라데시,관광,2026-02-01 08:57:27.303636,276.52213745916725,,331.90446094993,304.21329920454866
방글라데시,관광,2026-03-01 08:57:27.303636,319.51469900211356,,384.945079241381,352.2298891217473
방글라데시,관광,2026-04-01 08:57:27.303636,371.93219829608313,,380.623884338903,376.27804131749303
방글라데시,관광,2026-05-01 08:57:27.303636,629.8931298999415,,379.98734781035785,504.9402388551497
방글라데시,관광,2026-06-01 08:57:27.303636,432.3015446213393,,390.2513018184647,411.276423219902
방글라데시,관광,2026-07-01 08:57:27.303636,424.1789132166834,,386.1647418198261,405.17182751825476
방글라데시,기타,2025-08-01 08:57:27.303636,2258.4495608687175,,1321.50313347462,1789.9763471716687
방글라데시,기타,2025-09-01 08:57:27.303636,1997.4096478771696,,1403.7212154721587,1700.565431674664
방글라데시,기타,2025-10-01 08:57:27.303636,1712.3256918846591,,1351.0802634059883,1531.7029776453237
방글라데시,기타,2025-11-01 08:57:27.303636,1731.160768854607,,1301.7552416930516,1516.4580052738293
방글라데시,기타,2025-12-01 08:57:27.303636,1822.4004767581932,,1319.947650095311,1571.1740634267521
방글라데시,기타,2026-01-01 08:57:27.303636,1845.4362151973585,,1404.8648595185277,1625.150537357943
방글라데시,기타,2026-02-01 08:57:27.303636,2376.4985007540076,,1352.0506308106183,1864.274565782313
방글라데시,기타,2026-03-01 08:57:27.303636,2024.5942911942686,,1300.6502957931561,1662.6222934937123
방글라데시,기타,2026-04-01 08:57:27.303636,2010.9974508425742,,1319.266289553991,1665.1318701982827
방글라데시,기타,2026-05-01 08:57:27.303636,2115.3573559407014,,1358.3638008990692,1736.8605784198853
방글라데시,기타,2026-06-01 08:57:27.303636,1748.6706846815493,,1393.9937762112,1571.3322304463745
방글라데시,기타,2026-07-01 08:57:27.303636,2384.8198915813155,,1421.5814571959827,1903.200674388649
방글라데시,상용,2025-08-01 08:57:27.303636,94.27286390578413,,83.31734585716538,88.79510488147476
방글라데시,상용,2025-09-01 08:57:27.303636,105.94024477041972,,79.07598263165924,92.50811370103949
방글라데시,상용,2025-10-01 08:57:27.303636,148.3470565221199,,84.91550573802927,116.6312811300746
방글라데시,상용,2025-11-01 08:57:27.303636,129.48052945543284,,94.97556556841441,112.22804751192362
방글라데시,상용,2025-12-01 08:57:27.303636,112.19071057436163,,96.5923867536012,104.39154866398141
방글라데시,상용,2026-01-01 08:57:27.303636,102.98538340525845,,91.0093518256587,96.99736761545857
방글라데시,상용,2026-02-01 08:57:27.303636,105.80321886054303,,96.46236926908034,101.13279406481169
방글라데시,상용,2026-03-01 08:57:27.303636,122.11787491492728,,103.90851503276436,113.01319497384583
방글라데시,상용,2026-04-01 08:57:27.303636,139.9981657948182,,102.56967066455537,121.28391822968678
방글라데시,상용,2026-05-01 08:57:27.303636,139.2091136045153,,98.19817459713569,118.7036441008255
방글라데시,상용,2026-06-01 08:57:27.303636,111.02855608756751,,93.81899666172174,102.42377637464463
방글라데시,상용,2026-07-01 08:57:27.303636,126.82194319593033,,90.65494121274934,108.73844220433983
방글라데시,유학연수,2025-08-01 08:57:27.303636,699.9427969348569,,114.31086305208326,407.1268299934701
방글라데시,유학연수,2025-09-01 08:57:27.303636,516.4862908618238,,76.93402145320499,296.7101561575144
방글라데시,유학연수,2025-10-01 08:57:27.303636,53.504460935344795,,111.33480783878144,82.41963438706313
방글라데시,유학연수,2025-11-01 08:57:27.303636,102.74413583717839,,136.45730628996563,119.60072106357201
방글라데시,유학연수,2025-12-01 08:57:27.303636,141.66328139902402,,425.5944488980148,283.62886514851937
방글라데시,유학연수,2026-01-01 08:57:27.303636,266.66717876830705,,513.7911125145417,390.2291456414244
방글라데시,유학연수,2026-02-01 08:57:27.303636,743.6488348079919,,186.0897213169146,464.86927806245325
방글라데시,유학연수,2026-03-01 08:57:27.303636,577.507721274818,,54.96907040536329,316.2383958400906
방글라데시,유학연수,2026-04-01 08:57:27.303636,96.29653889718287,,57.59323121771072,76.9448850574468
방글라데시,유학연수,2026-05-01 08:57:27.303636,97.019016831072,,131.73272242282405,114.37586962694803
방글라데시,유학연수,2026-06-01 08:57:27.303636,100.05064523399899,,403.05770095622836,251.55417309511367
방글라데시,유학연수,2026-07-01 08:57:27.303636,220.86402543142907,,520.3777068794781,370.62086615545354
베네수엘라,공용,2025-08-01 08:57:27.303636,2.6426099384374533,,1.61924709106912,2.1309285147532866
베네수엘라,공용,2025-09-01 08:57:27.303636,1.994742732172435,,1.7998451937500384,1.8972939629612366
베네수엘라,공용,2025-10-01 08:57:27.303636,0.9157642147969137,,1.3960391466700492,1.1559016807334814
베네수엘라,공용,2025-11-01 08:57:27.303636,0.444360794123888,,1.0924067407577094,0.7683837674407987
베네수엘라,공용,2025-12-01 08:57:27.303636,0.7122087598185275,,0.8596989894162088,0.7859538746173682
베네수엘라,공용,2026-01-01 08:57:27.303636,1.3873351929144786,,1.4413324461308,1.4143338195226391
베네수엘라,공용,2026-02-01 08:57:27.303636,0.8555720381608385,,1.1954752108912827,1.0255236245260606
베네수엘라,공용,2026-03-01 08:57:27.303636,1.2634005330568714,,0.7919359421522856,1.0276682376045785
베네수엘라,공용,2026-04-01 08:57:27.303636,1.0009052824184081,,0.6019561070072748,0.8014306947128415
베네수엘라,공용,2026-05-01 08:57:27.303636,0.42020821243029294,,0.7065253645247837,0.5633667884775383
베네수엘라,공용,2026-06-01 08:57:27.303636,0.644551551307955,,1.09191547180691,0.8682335115574324
베네수엘라,공용,2026-07-01 08:57:27.303636,2.7298522343903726,,1.790531643134596,2.2601919387624845
베네수엘라,관광,2025-08-01 08:57:27.303636,153.8889681048288,,107.6708237272486,130.7798959160387
베네수엘라,관광,2025-09-01 08:57:27.303636,179.05855872896592,,107.00315415982703,143.03085644439648
베네수엘라,관광,2025-10-01 08:57:27.303636,255.75229380437375,,114.1493252658075,184.95080953509063
베네수엘라,관광,2025-11-01 08:57:27.303636,112.60055223173558,,121.03803354655616,116.81929288914587
베네수엘라,관광,2025-12-01 08:57:27.303636,151.88717577094755,,119.00224479188995,135.44471028141874
베네수엘라,관광,2026-01-01 08:57:27.303636,91.83223900931353,,116.37552232761952,104.10388066846653
베네수엘라,관광,2026-02-01 08:57:27.303636,91.60766128179445,,124.14815665727347,107.87790896953396
베네수엘라,관광,2026-03-01 08:57:27.303636,152.0504024320924,,130.08561265952486,141.06800754580863
베네수엘라,관광,2026-04-01 08:57:27.303636,177.61942045704302,,126.75936245375526,152.18939145539915
베네수엘라,관광,2026-05-01 08:57:27.303636,178.02380099271153,,119.17327101160828,148.5985360021599
베네수엘라,관광,2026-06-01 08:57:27.303636,180.5258483013775,,118.80100684043387,149.6634275709057
베네수엘라,관광,2026-07-01 08:57:27.303636,196.08667318728558,,122.54241281939525,159.31454300334042
베네수엘라,기타,2025-08-01 08:57:27.303636,54.25731605548126,,38.42616773062939,46.34174189305533
베네수엘라,기타,2025-09-01 08:57:27.303636,48.930067968050636,,40.19875894608017,44.5644134570654
베네수엘라,기타,2025-10-01 08:57:27.303636,51.85832853393231,,42.51711623069624,47.18772238231428
베네수엘라,기타,2025-11-01 08:57:27.303636,44.65295657329616,,45.083819435997874,44.86838800464702
베네수엘라,기타,2025-12-01 08:57:27.303636,48.53159029186136,,45.75926146739712,47.145425879629244
베네수엘라,기타,2026-01-01 08:57:27.303636,60.679833610160614,,48.83914087556772,54.75948724286417
베네수엘라,기타,2026-02-01 08:57:27.303636,42.080191783104056,,47.50975719703745,44.79497449007076
베네수엘라,기타,2026-03-01 08:57:27.303636,59.18697674184141,,46.90368303550994,53.04532988867568
베네수엘라,기타,2026-04-01 08:57:27.303636,55.430140656319956,,47.07408020555295,51.252110430936455
베네수엘라,기타,2026-05-01 08:57:27.303636,57.737523695265246,,47.19767093377459,52.46759731451992
베네수엘라,기타,2026-06-01 08:57:27.303636,53.33187841956227,,50.367544133385465,51.84971127647387
베네수엘라,기타,2026-07-01 08:57:27.303636,64.39556350593884,,56.52229575235042,60.458929629144635
베네수엘라,상용,2025-08-01 08:57:27.303636,3.476141602941676,,1.5668470657117661,2.521494334326721
베네수엘라,상용,2025-09-01 08:57:27.303636,2.754063645790569,,4.538183990323071,3.64612381805682
베네수엘라,상용,2025-10-01 08:57:27.303636,3.394606335270495,,1.7888906761771222,2.5917485057238085
베네수엘라,상용,2025-11-01 08:57:27.303636,1.817557408567703,,1.0999318678935057,1.4587446382306044
베네수엘라,상용,2025-12-01 08:57:27.303636,1.717982156952714,,0.6785295759303445,1.1982558664415293
베네수엘라,상용,2026-01-01 08:57:27.303636,4.977228626818281,,3.5206543337279967,4.248941480273139
베네수엘라,상용,2026-02-01 08:57:27.303636,2.5518776664582736,,1.4917150612781238,2.021796363868199
베네수엘라,상용,2026-03-01 08:57:27.303636,3.4319970935596924,,0.8201906968108941,2.126093895185293
베네수엘라,상용,2026-04-01 08:57:27.303636,3.422664958946156,,0.4753320938641279,1.948998526405142
베네수엘라,상용,2026-05-01 08:57:27.303636,4.3228848410076655,,0.3501063436750158,2.3364955923413406
베네수엘라,상용,2026-06-01 08:57:27.303636,2.696085466916715,,0.5014590481475403,1.5987722575321277
베네수엘라,상용,2026-07-01 08:57:27.303636,2.7605787582978647,,0.6137081592874996,1.6871434587926821
베트남,공용,2025-08-01 08:57:27.303636,409.3220881367465,,152.02351953500767,280.67280383587706
베트남,공용,2025-09-01 08:57:27.303636,502.53071754143855,,114.99191357467842,308.76131555805847
베트남,공용,2025-10-01 08:57:27.303636,709.9635087257991,,109.09705048079881,409.53027960329894
베트남,공용,2025-11-01 08:57:27.303636,518.7152131573405,,121.39716994871273,320.0561915530266
베트남,공용,2025-12-01 08:57:27.303636,379.26153879282265,,151.08935418138597,265.1754464871043
베트남,공용,2026-01-01 08:57:27.303636,146.47815246355887,,155.98964763888222,151.23390005122053
베트남,공용,2026-02-01 08:57:27.303636,163.22115723229376,,189.2419100525011,176.23153364239744
베트남,공용,2026-03-01 08:57:27.303636,223.29524389833858,,204.16008462110057,213.72766425971957
베트남,공용,2026-04-01 08:57:27.303636,378.33022316391407,,214.8802926223853,296.60525789314966
베트남,공용,2026-05-01 08:57:27.303636,347.27563249434303,,225.6355920988541,286.4556122965986
베트남,공용,2026-06-01 08:57:27.303636,505.70042542079995,,223.72141362707754,364.71091952393874
베트남,공용,2026-07-01 08:57:27.303636,461.93891589465943,,215.58903163311965,338.76397376388957
베네수엘라,유학연수,2025-08-01 08:57:27.303636,10.008406911092345,,1.2224488644366531,5.6154278877645
베네수엘라,유학연수,2025-09-01 08:57:27.303636,3.031265932170478,,5.229699677532532,4.130482804851505
베네수엘라,유학연수,2025-10-01 08:57:27.303636,0.5863273121065711,,2.875585941794359,1.730956626950465
베네수엘라,유학연수,2025-11-01 08:57:27.303636,2.3901539507494762,,0.670083279991903,1.5301186153706896
베네수엘라,유학연수,2025-12-01 08:57:27.303636,2.582927076195106,,-0.2424494919044189,1.1702387921453434
베네수엘라,유학연수,2026-01-01 08:57:27.303636,5.296755529968462,,1.2216043948493116,3.259179962408887
베네수엘라,유학연수,2026-02-01 08:57:27.303636,11.794519439734685,,-0.24280807027691376,5.775855684728886
베네수엘라,유학연수,2026-03-01 08:57:27.303636,2.6255436924771063,,-1.2720070345268863,0.67676832897511
베네수엘라,유학연수,2026-04-01 08:57:27.303636,1.2762177996273358,,-1.6442448680648007,-0.18401353421873246
베네수엘라,유학연수,2026-05-01 08:57:27.303636,2.225164726854995,,-2.6619884018544937,-0.21841183749974946
베네수엘라,유학연수,2026-06-01 08:57:27.303636,2.469526634045602,,-2.786627025623539,-0.15855019578896856
베네수엘라,유학연수,2026-07-01 08:57:27.303636,3.0554188639835336,,-2.2209702270166902,0.4172243184834217
베트남,관광,2025-08-01 08:57:27.303636,32936.98665709419,,29833.823975151223,31385.405316122706
베트남,관광,2025-09-01 08:57:27.303636,33377.387128036426,,27318.75955322016,30348.073340628292
베트남,관광,2025-10-01 08:57:27.303636,46164.12668743665,,30237.644275592902,38200.88548151478
베트남,관광,2025-11-01 08:57:27.303636,35560.35850556009,,33381.10602826524,34470.732266912666
베트남,관광,2025-12-01 08:57:27.303636,25717.140257190244,,33641.19920124003,29679.169729215137
베트남,관광,2026-01-01 08:57:27.303636,18580.840556364616,,29362.85758347981,23971.849069922213
베트남,관광,2026-02-01 08:57:27.303636,19485.15857797493,,35372.45084791551,27428.80471294522
베트남,관광,2026-03-01 08:57:27.303636,32392.10623265701,,36968.559641562206,34680.332937109604
베트남,관광,2026-04-01 08:57:27.303636,57278.87048683303,,35119.90511382169,46199.38780032736
베트남,관광,2026-05-01 08:57:27.303636,37216.59946596041,,35615.34444451615,36415.97195523828
베트남,관광,2026-06-01 08:57:27.303636,50864.82812952526,,35859.029242315,43361.92868592013
베트남,관광,2026-07-01 08:57:27.303636,48278.71973844823,,35781.434641144195,42030.07718979621
베트남,기타,2025-08-01 08:57:27.303636,20057.265347709148,,18159.89445513338,19108.579901421264
베트남,기타,2025-09-01 08:57:27.303636,18629.98876724688,,16630.724872112405,17630.35681967964
베트남,기타,2025-10-01 08:57:27.303636,17432.115563852858,,17520.711593600136,17476.413578726497
베트남,기타,2025-11-01 08:57:27.303636,16598.357683176477,,17152.01481943314,16875.18625130481
베트남,기타,2025-12-01 08:57:27.303636,15602.04816467652,,14976.308666648898,15289.178415662709
베트남,기타,2026-01-01 08:57:27.303636,13384.282954760565,,15235.947247484364,14310.115101122465
베트남,기타,2026-02-01 08:57:27.303636,28794.63911987097,,18696.176756471163,23745.40793817107
베트남,기타,2026-03-01 08:57:27.303636,24444.696386721243,,18290.73877528018,21367.71758100071
베트남,기타,2026-04-01 08:57:27.303636,24240.543570771944,,16325.993266266547,20283.268418519245
베트남,기타,2026-05-01 08:57:27.303636,22593.590479463055,,16727.092576167954,19660.341527815504
베트남,기타,2026-06-01 08:57:27.303636,20280.088240924815,,16357.574121604006,18318.83118126441
베트남,기타,2026-07-01 08:57:27.303636,21149.56993237299,,15438.14440476324,18293.857168568116
베트남,유학연수,2025-08-01 08:57:27.303636,7805.193656000939,,3614.3759231934528,5709.784789597195
베트남,유학연수,2025-09-01 08:57:27.303636,9673.082842604852,,3930.08377176052,6801.5833071826855
베트남,유학연수,2025-10-01 08:57:27.303636,2271.440965013125,,9819.322473885331,6045.3817194492285
베트남,유학연수,2025-11-01 08:57:27.303636,4258.975976634551,,8996.425503291937,6627.700739963244
베트남,유학연수,2025-12-01 08:57:27.303636,10471.811459532684,,3917.782331312538,7194.796895422611
베트남,유학연수,2026-01-01 08:57:27.303636,2781.1702349172215,,4873.009618115872,3827.089926516547
베트남,유학연수,2026-02-01 08:57:27.303636,21030.307392504088,,7195.071711064649,14112.68955178437
베트남,유학연수,2026-03-01 08:57:27.303636,14448.074815728716,,9711.135924127868,12079.605369928293
베트남,유학연수,2026-04-01 08:57:27.303636,4504.54998277067,,5224.212466575985,4864.381224673327
베트남,유학연수,2026-05-01 08:57:27.303636,4437.125041192005,,4887.866024731472,4662.495532961739
베트남,유학연수,2026-06-01 08:57:27.303636,8405.021670435439,,5645.489084567744,7025.255377501591
베트남,유학연수,2026-07-01 08:57:27.303636,8090.477518280827,,6034.139739659844,7062.308628970335
베트남,상용,2025-08-01 08:57:27.303636,483.53571589452497,,378.1426421212856,430.8391790079053
베트남,상용,2025-09-01 08:57:27.303636,543.6860257166453,,440.1318557682516,491.90894074244846
베트남,상용,2025-10-01 08:57:27.303636,657.961247691339,,414.21658517304365,536.0889164321914
베트남,상용,2025-11-01 08:57:27.303636,647.1777376366692,,406.39805853218206,526.7878980844257
베트남,상용,2025-12-01 08:57:27.303636,604.71098231517,,382.54060016395124,493.6257912395606
베트남,상용,2026-01-01 08:57:27.303636,479.19110192775736,,294.0231869252288,386.60714442649305
베트남,상용,2026-02-01 08:57:27.303636,397.48329862620375,,391.2412677821295,394.3622832041666
베트남,상용,2026-03-01 08:57:27.303636,566.1780910021668,,491.64910640136526,528.913598701766
베트남,상용,2026-04-01 08:57:27.303636,664.0152471137035,,452.6003619580462,558.3078045358749
베트남,상용,2026-05-01 08:57:27.303636,639.7782258857561,,478.56548255661284,559.1718542211845
베트남,상용,2026-06-01 08:57:27.303636,600.355673366961,,554.1007180169623,577.2281956919617
베트남,상용,2026-07-01 08:57:27.303636,572.4453047097751,,595.6872403279482,584.0662725188616
벨기에,공용,2025-08-01 08:57:27.303636,15.928084755330895,,3.115286947506623,9.52168585141876
벨기에,공용,2025-09-01 08:57:27.303636,6.823066480587764,,3.5931772402179973,5.208121860402881
벨기에,공용,2025-10-01 08:57:27.303636,1.2532023650537136,,3.7611822762070464,2.50719232063038
벨기에,공용,2025-11-01 08:57:27.303636,14.040803727185075,,4.009288360804346,9.02504604399471
벨기에,공용,2025-12-01 08:57:27.303636,6.655970090200972,,5.181789023884257,5.918879557042615
벨기에,공용,2026-01-01 08:57:27.303636,12.249833206280579,,6.872745711897613,9.561289459089096
벨기에,공용,2026-02-01 08:57:27.303636,5.967403182414126,,6.6361199036069305,6.301761543010528
벨기에,공용,2026-03-01 08:57:27.303636,7.6482664612647335,,5.75763133508695,6.702948898175842
벨기에,공용,2026-04-01 08:57:27.303636,7.90671522802851,,4.989647645492168,6.448181436760339
벨기에,공용,2026-05-01 08:57:27.303636,10.684160949576166,,4.824387486337292,7.754274217956729
벨기에,공용,2026-06-01 08:57:27.303636,5.855506296442728,,5.16008662869612,5.507796462569424
벨기에,공용,2026-07-01 08:57:27.303636,13.738771470789034,,6.669310450891514,10.204040960840274
벨기에,관광,2025-08-01 08:57:27.303636,1915.4854919514635,,1683.0702584126327,1799.277875182048
벨기에,관광,2025-09-01 08:57:27.303636,2621.725358180678,,1586.3200282266157,2104.0226932036467
벨기에,관광,2025-10-01 08:57:27.303636,3053.637039181046,,1595.2959589353152,2324.4664990581805
벨기에,관광,2025-11-01 08:57:27.303636,1860.5841371390393,,1601.3578550765415,1730.9709961077904
벨기에,관광,2025-12-01 08:57:27.303636,1250.1730998649643,,1603.8186059521508,1426.9958529085575
벨기에,관광,2026-01-01 08:57:27.303636,1076.9264770935936,,1568.0975099081747,1322.5119935008843
벨기에,관광,2026-02-01 08:57:27.303636,1212.4009916306868,,1621.4968602702202,1416.9489259504535
벨기에,관광,2026-03-01 08:57:27.303636,2200.383588166585,,1484.2219450528585,1842.3027666097219
벨기에,관광,2026-04-01 08:57:27.303636,3181.3270171615222,,1448.866483261274,2315.096750211398
벨기에,관광,2026-05-01 08:57:27.303636,2693.424600049136,,1514.2559153059256,2103.8402576775306
벨기에,관광,2026-06-01 08:57:27.303636,2389.099304721046,,1586.6246599918175,1987.8619823564318
벨기에,관광,2026-07-01 08:57:27.303636,3007.3175749560405,,1597.9439998183964,2302.6307873872183
벨기에,기타,2025-08-01 08:57:27.303636,203.240696852565,,162.32961506589834,182.78515595923167
벨기에,기타,2025-09-01 08:57:27.303636,161.2401084378248,,183.3902197106102,172.3151640742175
벨기에,기타,2025-10-01 08:57:27.303636,219.6649431082375,,166.22832004138195,192.94663157480971
벨기에,기타,2025-11-01 08:57:27.303636,169.03719133860957,,159.78791414678426,164.4125527426969
벨기에,기타,2025-12-01 08:57:27.303636,190.21443431151738,,158.05418675981275,174.13431053566507
벨기에,기타,2026-01-01 08:57:27.303636,210.28948612648878,,180.75943818644427,195.52446215646654
벨기에,기타,2026-02-01 08:57:27.303636,178.45253982301398,,163.49707913522664,170.97480947912032
벨기에,기타,2026-03-01 08:57:27.303636,211.21174794169636,,157.31912658437798,184.26543726303717
벨기에,기타,2026-04-01 08:57:27.303636,193.7072763354383,,156.0783939766512,174.89283515604475
벨기에,기타,2026-05-01 08:57:27.303636,230.05157983616513,,154.79979433407613,192.42568708512061
벨기에,기타,2026-06-01 08:57:27.303636,190.7342165546327,,153.28993770748977,172.01207713106123
벨기에,기타,2026-07-01 08:57:27.303636,194.84682240743123,,150.90841076804145,172.87761658773633
벨기에,상용,2025-08-01 08:57:27.303636,24.347306119626506,,17.701358287505233,21.02433220356587
벨기에,상용,2025-09-01 08:57:27.303636,24.09771759773892,,23.212334982181535,23.655026289960226
벨기에,상용,2025-10-01 08:57:27.303636,21.413463292623838,,19.524154640629998,20.468808966626916
벨기에,상용,2025-11-01 08:57:27.303636,20.729666892703882,,18.588033734149462,19.658850313426672
벨기에,상용,2025-12-01 08:57:27.303636,21.066976038721478,,17.826837665668055,19.446906852194765
벨기에,상용,2026-01-01 08:57:27.303636,30.502705419312257,,19.905366106065145,25.2040357626887
벨기에,상용,2026-02-01 08:57:27.303636,20.160141159954023,,18.523727210579874,19.34193418526695
벨기에,상용,2026-03-01 08:57:27.303636,25.380515545721234,,18.36150450271645,21.87101002421884
벨기에,상용,2026-04-01 08:57:27.303636,22.02435262684526,,17.358896686420877,19.691624656633067
벨기에,상용,2026-05-01 08:57:27.303636,23.376184219627277,,16.539882062294375,19.958033140960826
벨기에,상용,2026-06-01 08:57:27.303636,23.063040803834628,,16.554360693208046,19.80870074852134
벨기에,상용,2026-07-01 08:57:27.303636,22.5642275765334,,16.499665920387564,19.531946748460484
벨기에,유학연수,2025-08-01 08:57:27.303636,161.19979120616665,,12.078686913801807,86.63923905998423
벨기에,유학연수,2025-09-01 08:57:27.303636,15.418417366590557,,13.243930323627279,14.331173845108918
벨기에,유학연수,2025-10-01 08:57:27.303636,15.2388270629957,,13.410113386024458,14.32447022451008
벨기에,유학연수,2025-11-01 08:57:27.303636,36.237647922702934,,13.30904562839863,24.77334677555078
벨기에,유학연수,2025-12-01 08:57:27.303636,28.8495089210003,,74.6344418223814,51.741975371690856
벨기에,유학연수,2026-01-01 08:57:27.303636,26.983196158196044,,20.57735175409788,23.780273956146964
벨기에,유학연수,2026-02-01 08:57:27.303636,89.22747624655567,,27.28968119600259,58.25857872127913
벨기에,유학연수,2026-03-01 08:57:27.303636,10.774315307281416,,42.779979604967885,26.777147456124652
벨기에,유학연수,2026-04-01 08:57:27.303636,2.6804107566287647,,36.37562990490921,19.52802033076899
벨기에,유학연수,2026-05-01 08:57:27.303636,20.104706037168317,,47.95278638404922,34.028746210608766
벨기에,유학연수,2026-06-01 08:57:27.303636,14.414367277166342,,66.84077885585262,40.627573066509484
벨기에,유학연수,2026-07-01 08:57:27.303636,18.37536323279735,,13.542230457285712,15.958796845041531
불가리아,공용,2025-08-01 08:57:27.303636,0.9793887719175091,,0.8946013739949311,0.9369950729562201
불가리아,공용,2025-09-01 08:57:27.303636,3.2396449261142637,,0.7495032441892936,1.9945740851517786
불가리아,공용,2025-10-01 08:57:27.303636,0.6777213364173365,,0.6017679999434852,0.6397446681804109
불가리아,공용,2025-11-01 08:57:27.303636,0.9003753303789762,,0.593552884513147,0.7469641074460616
불가리아,공용,2025-12-01 08:57:27.303636,1.193450397622278,,0.5143963750819772,0.8539233863521276
불가리아,공용,2026-01-01 08:57:27.303636,0.819574349100229,,0.4165714887874159,0.6180729189438224
불가리아,공용,2026-02-01 08:57:27.303636,0.5282057764742357,,0.47044309508147836,0.499324435777857
불가리아,공용,2026-03-01 08:57:27.303636,0.6369600928284183,,0.4582143391050261,0.5475872159667222
불가리아,공용,2026-04-01 08:57:27.303636,1.2293787328823313,,0.443762562614973,0.8365706477486522
불가리아,공용,2026-05-01 08:57:27.303636,0.9345345325897315,,0.4397909098880469,0.6871627212388892
불가리아,공용,2026-06-01 08:57:27.303636,0.5460379761432091,,0.4522503407941805,0.49914415846869487
불가리아,공용,2026-07-01 08:57:27.303636,1.1558798409185902,,0.48749582734058167,0.8216878341295859
불가리아,관광,2025-08-01 08:57:27.303636,499.7616206375592,,575.4431717374852,537.6023961875221
불가리아,관광,2025-09-01 08:57:27.303636,721.9929787015699,,309.99399675656457,515.9934877290673
불가리아,관광,2025-10-01 08:57:27.303636,770.1362437953685,,379.9221812798287,575.0292125375986
불가리아,관광,2025-11-01 08:57:27.303636,456.7897390130397,,388.6507549908342,422.72024700193697
불가리아,관광,2025-12-01 08:57:27.303636,302.1633417267204,,344.58248524040926,323.37291348356484
불가리아,관광,2026-01-01 08:57:27.303636,330.8159170841672,,349.17258472682636,339.99425090549676
불가리아,관광,2026-02-01 08:57:27.303636,229.4585894702509,,354.14093870628346,291.7997640882672
불가리아,관광,2026-03-01 08:57:27.303636,872.9852142483747,,296.38499303368064,584.6851036410277
불가리아,관광,2026-04-01 08:57:27.303636,765.7668343128412,,284.1478888646286,524.9573615887349
불가리아,관광,2026-05-01 08:57:27.303636,705.8167496302561,,291.2410613376115,498.52890548393384
불가리아,관광,2026-06-01 08:57:27.303636,533.1380166114079,,264.80117392776236,398.96959526958517
불가리아,관광,2026-07-01 08:57:27.303636,593.5213273671363,,251.51486905178632,422.5180982094613
불가리아,기타,2025-08-01 08:57:27.303636,142.37030739011726,,181.8430015432328,162.10665446667502
불가리아,기타,2025-09-01 08:57:27.303636,145.90553219139596,,154.664082324938,150.28480725816698
불가리아,기타,2025-10-01 08:57:27.303636,153.31048819759383,,169.48596332329424,161.39822576044403
불가리아,기타,2025-11-01 08:57:27.303636,123.688291642639,,216.37626717402503,170.03227940833202
불가리아,기타,2025-12-01 08:57:27.303636,137.5966556866678,,213.9233638206192,175.7600097536435
불가리아,기타,2026-01-01 08:57:27.303636,136.2921199025993,,183.22776878346892,159.7599443430341
불가리아,기타,2026-02-01 08:57:27.303636,138.2651355249059,,184.63574820532713,161.45044186511652
불가리아,기타,2026-03-01 08:57:27.303636,150.01847031844804,,210.61525824153983,180.31686427999392
불가리아,기타,2026-04-01 08:57:27.303636,160.52939822357274,,197.6812488230575,179.10532352331512
불가리아,기타,2026-05-01 08:57:27.303636,149.23894079379582,,182.49891840177904,165.86892959778743
불가리아,기타,2026-06-01 08:57:27.303636,147.9291094178993,,178.37174402439715,163.15042672114822
불가리아,기타,2026-07-01 08:57:27.303636,147.52623014616233,,183.4779391315098,165.50208463883607
불가리아,상용,2025-08-01 08:57:27.303636,0.7796512804605442,,1.2458707431774436,1.012761011818994
불가리아,상용,2025-09-01 08:57:27.303636,1.720064748810003,,1.4247234495179983,1.5723940991640006
불가리아,상용,2025-10-01 08:57:27.303636,1.3903141253081148,,1.4259739931116195,1.4081440592098673
불가리아,상용,2025-11-01 08:57:27.303636,1.058566394709143,,1.538079101379381,1.298322748044262
불가리아,상용,2025-12-01 08:57:27.303636,1.0648552834842202,,1.6903685802144266,1.3776119318493234
불가리아,상용,2026-01-01 08:57:27.303636,1.3167139390822333,,1.815222162534389,1.5659680508083111
불가리아,상용,2026-02-01 08:57:27.303636,0.8201397816370578,,1.7047142938199007,1.2624270377284792
불가리아,상용,2026-03-01 08:57:27.303636,1.173503433689676,,1.6852617136343313,1.4293825736620036
불가리아,상용,2026-04-01 08:57:27.303636,1.3058455815497108,,1.7568107090394458,1.5313281452945784
불가리아,상용,2026-05-01 08:57:27.303636,1.9767130681983032,,1.727846986046016,1.8522800271221596
불가리아,상용,2026-06-01 08:57:27.303636,1.637959089198879,,1.6145699456925862,1.6262645174457324
불가리아,상용,2026-07-01 08:57:27.303636,1.4232859518933898,,1.5208433804946864,1.4720646661940382
불가리아,유학연수,2025-08-01 08:57:27.303636,46.86987070337429,,2.3232819792121564,24.596576341293222
불가리아,유학연수,2025-09-01 08:57:27.303636,10.907314093670909,,2.6005842367723706,6.7539491652216395
불가리아,유학연수,2025-10-01 08:57:27.303636,2.102734409383818,,2.4389433429782663,2.270838876181042
불가리아,유학연수,2025-11-01 08:57:27.303636,4.898029717495352,,2.107224459008283,3.502627088251818
불가리아,유학연수,2025-12-01 08:57:27.303636,6.96179591791313,,31.62036227310609,19.29107909550961
불가리아,유학연수,2026-01-01 08:57:27.303636,14.644724593396745,,19.888142657736406,17.266433625566577
불가리아,유학연수,2026-02-01 08:57:27.303636,33.51350526411198,,13.806784861141814,23.660145062626896
불가리아,유학연수,2026-03-01 08:57:27.303636,8.31717310375741,,10.054458674885336,9.185815889321372
불가리아,유학연수,2026-04-01 08:57:27.303636,3.08615305734413,,4.40171027659993,3.74393166697203
불가리아,유학연수,2026-05-01 08:57:27.303636,6.499258537446552,,20.19272964691205,13.3459940921793
불가리아,유학연수,2026-06-01 08:57:27.303636,7.392704367743169,,27.60280289957892,17.497753633661045
불가리아,유학연수,2026-07-01 08:57:27.303636,7.1489479037195744,,3.466280963236394,5.307614433477984
브라질,공용,2025-08-01 08:57:27.303636,42.389145965707435,,8.924411308276186,25.65677863699181
브라질,공용,2025-09-01 08:57:27.303636,0.676745975078712,,7.5712279617256115,4.1239869684021615
브라질,공용,2025-10-01 08:57:27.303636,16.871989445688996,,5.3273689511724776,11.099679198430737
브라질,공용,2025-11-01 08:57:27.303636,41.07682853386624,,2.9344366137241766,22.005632573795207
브라질,공용,2025-12-01 08:57:27.303636,0.8628622150100714,,2.442367497183162,1.6526148560966167
브라질,공용,2026-01-01 08:57:27.303636,8.148742852645297,,1.994277992758036,5.0715104227016665
브라질,공용,2026-02-01 08:57:27.303636,12.133359760223943,,1.7943590436937926,6.963859401958867
브라질,공용,2026-03-01 08:57:27.303636,7.8290556186950235,,1.968035019543544,4.898545319119284
브라질,공용,2026-04-01 08:57:27.303636,8.482840693707145,,2.385339333402525,5.434090013554835
브라질,공용,2026-05-01 08:57:27.303636,11.902069531896634,,3.288743489658394,7.595406510777514
브라질,공용,2026-06-01 08:57:27.303636,23.46595189152878,,3.7330356307650114,13.599493761146896
브라질,공용,2026-07-01 08:57:27.303636,17.954529386734695,,4.325167691366117,11.139848539050405
브라질,관광,2025-08-01 08:57:27.303636,2427.173963367242,,2688.517465540488,2557.845714453865
브라질,관광,2025-09-01 08:57:27.303636,2995.08982869821,,2175.653035875738,2585.371432286974
브라질,관광,2025-10-01 08:57:27.303636,4713.7928096775695,,2410.96743835966,3562.380124018615
브라질,관광,2025-11-01 08:57:27.303636,3375.0720393950055,,2704.573437079238,3039.8227382371215
브라질,관광,2025-12-01 08:57:27.303636,2860.4404540548676,,2492.0271720731753,2676.2338130640214
브라질,관광,2026-01-01 08:57:27.303636,2351.011802026951,,2198.4634549365364,2274.7376284817437
브라질,관광,2026-02-01 08:57:27.303636,2026.2264999335355,,2850.891188105061,2438.5588440192982
브라질,관광,2026-03-01 08:57:27.303636,3791.014632215012,,3149.1979372596425,3470.1062847373273
브라질,관광,2026-04-01 08:57:27.303636,4293.029301152025,,2800.1407030900837,3546.5850021210545
브라질,관광,2026-05-01 08:57:27.303636,4088.476620970195,,2531.8342218356397,3310.1554214029175
브라질,관광,2026-06-01 08:57:27.303636,3663.3168586009665,,2276.7649870606556,2970.040922830811
브라질,관광,2026-07-01 08:57:27.303636,3761.9577204407756,,2109.332181180919,2935.644950810847
브라질,기타,2025-08-01 08:57:27.303636,584.4648114012807,,359.6122002592407,472.0385058302607
브라질,기타,2025-09-01 08:57:27.303636,609.8443312796544,,423.76088672853984,516.8026090040971
브라질,기타,2025-10-01 08:57:27.303636,626.1431384631247,,374.7908757990518,500.4670071310883
브라질,기타,2025-11-01 08:57:27.303636,568.4948769574488,,348.76419433045356,458.62953564395116
브라질,기타,2025-12-01 08:57:27.303636,467.25694094736616,,309.27095017174327,388.2639455595547
브라질,기타,2026-01-01 08:57:27.303636,585.2041840552042,,388.31262057110655,486.7584023131554
브라질,기타,2026-02-01 08:57:27.303636,555.6185912198586,,355.3507972064198,455.48469421313916
브라질,기타,2026-03-01 08:57:27.303636,658.1444060813873,,339.1773457629967,498.66087592219196
브라질,기타,2026-04-01 08:57:27.303636,623.9468937135289,,310.2454652870647,467.0961795002968
브라질,기타,2026-05-01 08:57:27.303636,810.1686970313448,,300.58540078540983,555.3770489083773
브라질,기타,2026-06-01 08:57:27.303636,725.7347585969311,,290.3601350236354,508.04744681028325
브라질,기타,2026-07-01 08:57:27.303636,695.1762033477271,,273.91554282322835,484.54587308547775
브라질,상용,2025-08-01 08:57:27.303636,90.06153415885198,,51.3766132949815,70.71907372691675
브라질,상용,2025-09-01 08:57:27.303636,64.07171775638511,,86.93916987517373,75.50544381577942
브라질,상용,2025-10-01 08:57:27.303636,62.263741001544474,,46.175335303365856,54.219538152455165
브라질,상용,2025-11-01 08:57:27.303636,59.590854139725096,,50.10679894562319,54.848826542674146
브라질,상용,2025-12-01 08:57:27.303636,49.44896293282876,,56.32589485938098,52.88742889610487
브라질,상용,2026-01-01 08:57:27.303636,103.1884703585178,,100.18756687294228,101.68801861573004
브라질,상용,2026-02-01 08:57:27.303636,67.92550855021359,,56.64437520748338,62.284941878848485
브라질,상용,2026-03-01 08:57:27.303636,81.59684192543497,,75.27806138914096,78.43745165728797
브라질,상용,2026-04-01 08:57:27.303636,71.13336283680647,,86.54553621440498,78.83944952560572
브라질,상용,2026-05-01 08:57:27.303636,88.79075893865777,,92.94230753618157,90.86653323741967
브라질,상용,2026-06-01 08:57:27.303636,71.43274527364625,,94.25087463758845,82.84180995561735
브라질,상용,2026-07-01 08:57:27.303636,62.89504553768322,,92.52872007090525,77.71188280429423
브라질,유학연수,2025-08-01 08:57:27.303636,145.40301213204043,,21.90007729742449,83.65154471473247
브라질,유학연수,2025-09-01 08:57:27.303636,23.842504744203616,,42.797944058887765,33.32022440154569
브라질,유학연수,2025-10-01 08:57:27.303636,19.29325395746864,,40.342210209620546,29.81773208354459
브라질,유학연수,2025-11-01 08:57:27.303636,32.11866030139363,,31.27662893336307,31.69764461737835
브라질,유학연수,2025-12-01 08:57:27.303636,31.888426481996444,,24.600085063753312,28.24425577287488
브라질,유학연수,2026-01-01 08:57:27.303636,74.78388710413677,,46.23089919703897,60.50739315058787
브라질,유학연수,2026-02-01 08:57:27.303636,114.2184515936757,,46.751418424407035,80.48493500904137
브라질,유학연수,2026-03-01 08:57:27.303636,38.56693132276834,,29.225661245531246,33.89629628414979
브라질,유학연수,2026-04-01 08:57:27.303636,18.566527842083236,,20.695123200695626,19.630825521389433
브라질,유학연수,2026-05-01 08:57:27.303636,33.84311189697657,,19.751167385819386,26.79713964139798
브라질,유학연수,2026-06-01 08:57:27.303636,49.50011275179865,,18.819934071546275,34.16002341167246
브라질,유학연수,2026-07-01 08:57:27.303636,38.483347026490286,,21.936306148158273,30.20982658732428
사우디아라비아,공용,2025-08-01 08:57:27.303636,12.142036438866814,,4.851464740776851,8.496750589821833
사우디아라비아,공용,2025-09-01 08:57:27.303636,24.04724902431763,,7.581659749224384,15.814454386771008
사우디아라비아,공용,2025-10-01 08:57:27.303636,15.061109421014546,,8.829634397912345,11.945371909463447
사우디아라비아,공용,2025-11-01 08:57:27.303636,7.843443321498218,,12.424238800283016,10.133841060890617
사우디아라비아,공용,2025-12-01 08:57:27.303636,7.777167335158771,,15.366114105820426,11.571640720489599
사우디아라비아,공용,2026-01-01 08:57:27.303636,30.534846613108844,,17.41002281809305,23.972434715600947
사우디아라비아,공용,2026-02-01 08:57:27.303636,15.3416791011524,,13.41735575445357,14.379517427802984
사우디아라비아,공용,2026-03-01 08:57:27.303636,13.602011484122867,,8.37433572733385,10.98817360572836
사우디아라비아,공용,2026-04-01 08:57:27.303636,12.813068180701306,,9.545612769630404,11.179340475165855
사우디아라비아,공용,2026-05-01 08:57:27.303636,16.716550614490707,,12.001626732898144,14.359088673694426
사우디아라비아,공용,2026-06-01 08:57:27.303636,21.31490896950376,,12.011674129459916,16.66329154948184
사우디아라비아,공용,2026-07-01 08:57:27.303636,39.23267553651993,,8.793703839280138,24.01318968790003
사우디아라비아,관광,2025-08-01 08:57:27.303636,2518.727524229762,,1028.2797949711623,1773.503659600462
사우디아라비아,관광,2025-09-01 08:57:27.303636,2144.5594311529317,,1128.8816841989465,1636.720557675939
사우디아라비아,관광,2025-10-01 08:57:27.303636,2506.10792049174,,1309.956194195975,1908.0320573438576
사우디아라비아,관광,2025-11-01 08:57:27.303636,3089.8225622978225,,1494.5342515486013,2292.1784069232117
사우디아라비아,관광,2025-12-01 08:57:27.303636,1297.1628092743579,,2048.1698985754388,1672.6663539248984
사우디아라비아,관광,2026-01-01 08:57:27.303636,1187.9939158709503,,2244.1379716854494,1716.0659437781999
사우디아라비아,관광,2026-02-01 08:57:27.303636,1121.133067211783,,1884.877782552755,1503.005424882269
사우디아라비아,관광,2026-03-01 08:57:27.303636,1235.4381810475688,,1603.6838399304374,1419.5610104890031
사우디아라비아,관광,2026-04-01 08:57:27.303636,2945.8490233837297,,1535.9239712488572,2240.8864973162936
사우디아라비아,관광,2026-05-01 08:57:27.303636,2622.6480005830967,,1461.1568704432066,2041.9024355131517
사우디아라비아,관광,2026-06-01 08:57:27.303636,4880.1722955226305,,1699.7044526276404,3289.9383740751355
사우디아라비아,관광,2026-07-01 08:57:27.303636,4967.2149060737165,,1997.19920361106,3482.207054842388
사우디아라비아,기타,2025-08-01 08:57:27.303636,169.2578897161449,,35.94586713594808,102.60187842604648
사우디아라비아,기타,2025-09-01 08:57:27.303636,106.93761829494976,,48.05755134753656,77.49758482124315
사우디아라비아,기타,2025-10-01 08:57:27.303636,148.69827398495556,,43.15385521494353,95.92606459994954
사우디아라비아,기타,2025-11-01 08:57:27.303636,152.796403925934,,37.65803985998887,95.22722189296142
사우디아라비아,기타,2025-12-01 08:57:27.303636,128.067176301202,,35.983620832854044,82.02539856702802
사우디아라비아,기타,2026-01-01 08:57:27.303636,122.44899318554012,,46.98661962994933,84.71780640774472
사우디아라비아,기타,2026-02-01 08:57:27.303636,121.20272860516394,,40.805050393155035,81.00388949915948
사우디아라비아,기타,2026-03-01 08:57:27.303636,112.90651105111093,,38.11678969894132,75.51165037502612
사우디아라비아,기타,2026-04-01 08:57:27.303636,124.1520007391065,,37.88569278992256,81.01884676451454
사우디아라비아,기타,2026-05-01 08:57:27.303636,129.29004014814842,,38.10078184765749,83.69541099790295
사우디아라비아,기타,2026-06-01 08:57:27.303636,133.09095258630708,,53.52448956605651,93.30772107618179
사우디아라비아,기타,2026-07-01 08:57:27.303636,124.08620275150858,,75.49022327558093,99.78821301354475
사우디아라비아,상용,2025-08-01 08:57:27.303636,48.11015297738317,,56.71436279023107,52.41225788380712
사우디아라비아,상용,2025-09-01 08:57:27.303636,35.43463827536848,,59.6507068501588,47.54267256276364
사우디아라비아,상용,2025-10-01 08:57:27.303636,50.85457191965487,,61.68705719192331,56.27081455578909
사우디아라비아,상용,2025-11-01 08:57:27.303636,41.30297772266672,,64.13595441169483,52.719466067180775
사우디아라비아,상용,2025-12-01 08:57:27.303636,49.03311986976095,,68.12425981758058,58.578689843670766
사우디아라비아,상용,2026-01-01 08:57:27.303636,46.071340448288936,,71.51624934610263,58.79379489719578
사우디아라비아,상용,2026-02-01 08:57:27.303636,41.96850956775846,,73.63598078994602,57.80224517885224
사우디아라비아,상용,2026-03-01 08:57:27.303636,49.46086509130267,,77.04832931228825,63.25459720179546
사우디아라비아,상용,2026-04-01 08:57:27.303636,47.40192142754866,,74.75780218742415,61.0798618074864
사우디아라비아,상용,2026-05-01 08:57:27.303636,50.94769988450457,,66.87780321085773,58.912751547681154
사우디아라비아,상용,2026-06-01 08:57:27.303636,47.40275701509689,,56.324516800000204,51.863636907548546
사우디아라비아,상용,2026-07-01 08:57:27.303636,34.44959549918749,,45.76203458446654,40.105815041827015
사우디아라비아,유학연수,2025-08-01 08:57:27.303636,125.88372249486714,,33.15236865685386,79.5180455758605
사우디아라비아,유학연수,2025-09-01 08:57:27.303636,69.17363535389711,,48.337062548368486,58.7553489511328
사우디아라비아,유학연수,2025-10-01 08:57:27.303636,14.32984262937712,,39.258167749771054,26.794005189574087
사우디아라비아,유학연수,2025-11-01 08:57:27.303636,22.485266710621058,,24.879043456500945,23.682155083561
사우디아라비아,유학연수,2025-12-01 08:57:27.303636,33.82753104186077,,20.334766855031443,27.081148948446106
사우디아라비아,유학연수,2026-01-01 08:57:27.303636,40.61537848505096,,28.299049935196415,34.45721421012369
사우디아라비아,유학연수,2026-02-01 08:57:27.303636,124.62052688471232,,27.62595232740128,76.1232396060568
사우디아라비아,유학연수,2026-03-01 08:57:27.303636,64.33886336847554,,23.058479951880102,43.69867166017782
사우디아라비아,유학연수,2026-04-01 08:57:27.303636,17.91437596824783,,17.36285036132475,17.63861316478629
사우디아라비아,유학연수,2026-05-01 08:57:27.303636,23.798754958961645,,20.185098768266233,21.99192686361394
사우디아라비아,유학연수,2026-06-01 08:57:27.303636,32.22786416460781,,27.7372793648984,29.982571764753104
사우디아라비아,유학연수,2026-07-01 08:57:27.303636,42.99173021000479,,35.30085955240096,39.14629488120288
스리랑카,공용,2025-08-01 08:57:27.303636,5.907814650127598,,4.664955173561086,5.286384911844342
스리랑카,공용,2025-09-01 08:57:27.303636,4.591676776154972,,5.644613987504023,5.118145381829498
스리랑카,공용,2025-10-01 08:57:27.303636,3.4778295198013245,,6.04375202645256,4.760790773126942
스리랑카,공용,2025-11-01 08:57:27.303636,14.05240718167565,,7.203324699285384,10.627865940480516
스리랑카,공용,2025-12-01 08:57:27.303636,1.2760684931388582,,7.838052318510957,4.557060405824908
스리랑카,공용,2026-01-01 08:57:27.303636,1.5436134931338092,,8.42051561479984,4.982064553966825
스리랑카,공용,2026-02-01 08:57:27.303636,3.5116152872148896,,10.671711005867602,7.091663146541245
스리랑카,공용,2026-03-01 08:57:27.303636,3.4002379333876456,,14.317083694774718,8.858660814081182
스리랑카,공용,2026-04-01 08:57:27.303636,10.420963215357148,,14.449147373900091,12.435055294628619
스리랑카,공용,2026-05-01 08:57:27.303636,5.6201809773947184,,12.261680522352183,8.94093074987345
스리랑카,공용,2026-06-01 08:57:27.303636,9.643425361321755,,11.135665100131623,10.38954523072669
스리랑카,공용,2026-07-01 08:57:27.303636,5.447652016265413,,11.915057838276107,8.68135492727076
스리랑카,관광,2025-08-01 08:57:27.303636,473.9889597434442,,313.6049710028843,393.79696537316426
스리랑카,관광,2025-09-01 08:57:27.303636,691.7460355385813,,293.6438708695127,492.694953204047
스리랑카,관광,2025-10-01 08:57:27.303636,561.3861573450986,,288.87352974308925,425.1298435440939
스리랑카,관광,2025-11-01 08:57:27.303636,457.7934399653647,,280.2501632072602,369.02180158631245
스리랑카,관광,2025-12-01 08:57:27.303636,341.55769168632384,,276.4972525116203,309.02747209897205
스리랑카,관광,2026-01-01 08:57:27.303636,325.4865477962097,,300.97057603640394,313.22856191630683
스리랑카,관광,2026-02-01 08:57:27.303636,294.2680930695089,,302.12141507821696,298.1947540738629
스리랑카,관광,2026-03-01 08:57:27.303636,341.96436878035456,,282.667497864223,312.31593332228874
스리랑카,관광,2026-04-01 08:57:27.303636,499.91917270990706,,277.8525294990494,388.8858511044782
스리랑카,관광,2026-05-01 08:57:27.303636,593.7805060746127,,279.5660248127118,436.6732654436623
스리랑카,관광,2026-06-01 08:57:27.303636,644.7598236872287,,283.2728042186754,464.01631395295203
스리랑카,관광,2026-07-01 08:57:27.303636,483.90507041470266,,290.8437940888199,387.3744322517613
스리랑카,기타,2025-08-01 08:57:27.303636,2609.767901442451,,2051.8535237180995,2330.8107125802753
스리랑카,기타,2025-09-01 08:57:27.303636,2680.726575820837,,2252.6473292451155,2466.686952532976
스리랑카,기타,2025-10-01 08:57:27.303636,2335.028872910768,,1991.869852579258,2163.449362745013
스리랑카,기타,2025-11-01 08:57:27.303636,2196.920998943451,,1779.582010638513,1988.2515047909822
스리랑카,기타,2025-12-01 08:57:27.303636,2104.6165770821435,,1844.4272972388821,1974.5219371605128
스리랑카,기타,2026-01-01 08:57:27.303636,2744.0930354506813,,2109.2055811416335,2426.6493082961574
스리랑카,기타,2026-02-01 08:57:27.303636,2696.4332059896497,,1923.9955379170158,2310.214371953333
스리랑카,기타,2026-03-01 08:57:27.303636,2661.944505056138,,1781.4987278529788,2221.7216164545584
스리랑카,기타,2026-04-01 08:57:27.303636,2798.8768815222415,,1877.1577563372505,2338.017318929746
스리랑카,기타,2026-05-01 08:57:27.303636,3874.5608206674838,,2000.6616842735434,2937.6112524705136
스리랑카,기타,2026-06-01 08:57:27.303636,3125.40630501851,,2066.5067736133888,2595.956539315949
스리랑카,기타,2026-07-01 08:57:27.303636,3312.215764767174,,2071.380154242272,2691.7979595047227
스리랑카,상용,2025-08-01 08:57:27.303636,52.096586921064656,,48.81085830102179,50.45372261104322
스리랑카,상용,2025-09-01 08:57:27.303636,60.40765066054266,,50.13579056639819,55.27172061347042
스리랑카,상용,2025-10-01 08:57:27.303636,73.40619486152755,,63.1191637981896,68.26267932985857
스리랑카,상용,2025-11-01 08:57:27.303636,63.08609817691975,,69.73537883690854,66.41073850691414
스리랑카,상용,2025-12-01 08:57:27.303636,39.658306690418115,,68.2762316308838,53.96726916065096
스리랑카,상용,2026-01-01 08:57:27.303636,37.223447077576935,,64.6107418692976,50.91709447343727
스리랑카,상용,2026-02-01 08:57:27.303636,53.79262185384203,,66.71663342609432,60.25462763996818
스리랑카,상용,2026-03-01 08:57:27.303636,60.40984467863063,,69.12633522672475,64.76808995267768
스리랑카,상용,2026-04-01 08:57:27.303636,62.624034049710374,,63.69823058920417,63.16113231945727
스리랑카,상용,2026-05-01 08:57:27.303636,69.75143072524418,,54.9673731509037,62.35940193807394
스리랑카,상용,2026-06-01 08:57:27.303636,59.80976792789981,,47.0725429619121,53.44115544490596
스리랑카,상용,2026-07-01 08:57:27.303636,51.55688989065795,,43.50689218837407,47.53189103951601
스리랑카,유학연수,2025-08-01 08:57:27.303636,168.58744628039938,,207.88080062400883,188.2341234522041
스리랑카,유학연수,2025-09-01 08:57:27.303636,169.121413253293,,103.57607499209449,136.34874412269374
스리랑카,유학연수,2025-10-01 08:57:27.303636,17.60840161962069,,49.125760724548,33.36708117208435
스리랑카,유학연수,2025-11-01 08:57:27.303636,16.45618105061759,,50.11006226432847,33.28312165747303
스리랑카,유학연수,2025-12-01 08:57:27.303636,58.95497657708536,,174.29217588096708,116.62357622902621
스리랑카,유학연수,2026-01-01 08:57:27.303636,60.355900836612996,,216.68966386050008,138.52278234855655
스리랑카,유학연수,2026-02-01 08:57:27.303636,161.52621361840383,,215.43205658111364,188.47913509975874
스리랑카,유학연수,2026-03-01 08:57:27.303636,199.4864169545712,,210.8584177808342,205.1724173677027
스리랑카,유학연수,2026-04-01 08:57:27.303636,22.761650568354973,,203.17082657201485,112.96623857018491
스리랑카,유학연수,2026-05-01 08:57:27.303636,37.8943929282276,,197.38903023668297,117.64171158245529
스리랑카,유학연수,2026-06-01 08:57:27.303636,59.95254414358076,,190.1939875912821,125.07326586743143
스리랑카,유학연수,2026-07-01 08:57:27.303636,64.92451120894764,,166.74728462031433,115.83589791463098
스웨덴,공용,2025-08-01 08:57:27.303636,4.489475132451614,,5.713392705175515,5.101433918813564
스웨덴,공용,2025-09-01 08:57:27.303636,1.1110696153883652,,5.435719051137078,3.273394333262722
스웨덴,공용,2025-10-01 08:57:27.303636,6.272906682377046,,5.347143374397085,5.810025028387066
스웨덴,공용,2025-11-01 08:57:27.303636,4.64472714044521,,5.472490541196184,5.058608840820697
스웨덴,공용,2025-12-01 08:57:27.303636,3.898922679271531,,5.617952864680216,4.758437771975873
스웨덴,공용,2026-01-01 08:57:27.303636,5.621557613728544,,5.980670822082749,5.8011142179056465
스웨덴,공용,2026-02-01 08:57:27.303636,4.265932464765645,,5.871049888187528,5.068491176476586
스웨덴,공용,2026-03-01 08:57:27.303636,4.270930384454591,,5.9408653632313895,5.10589787384299
스웨덴,공용,2026-04-01 08:57:27.303636,6.394987387351264,,6.058491846529426,6.226739616940345
스웨덴,공용,2026-05-01 08:57:27.303636,5.308118583303295,,6.359628907523219,5.833873745413257
스웨덴,공용,2026-06-01 08:57:27.303636,4.762763008186777,,5.716001666243135,5.2393823372149555
스웨덴,공용,2026-07-01 08:57:27.303636,4.9918199691334495,,5.342314122278677,5.167067045706063
스웨덴,관광,2025-08-01 08:57:27.303636,1725.4935057786633,,1643.5887475067966,1684.54112664273
스웨덴,관광,2025-09-01 08:57:27.303636,2454.124362425802,,1384.2822209923352,1919.2032917090685
스웨덴,관광,2025-10-01 08:57:27.303636,3286.909091029243,,1645.8779050665735,2466.393498047908
스웨덴,관광,2025-11-01 08:57:27.303636,2337.2738297374976,,1844.4194657761996,2090.8466477568486
스웨덴,관광,2025-12-01 08:57:27.303636,1798.0039147449859,,1932.2083773603508,1865.1061460526685
스웨덴,관광,2026-01-01 08:57:27.303636,1345.587473019831,,1547.8372355415004,1446.7123542806657
스웨덴,관광,2026-02-01 08:57:27.303636,1652.0885221164892,,1896.412146109839,1774.2503341131642
스웨덴,관광,2026-03-01 08:57:27.303636,2595.4733881798556,,2074.498176798566,2334.9857824892106
스웨덴,관광,2026-04-01 08:57:27.303636,3077.136727187605,,2126.8574666677946,2601.9970969277
스웨덴,관광,2026-05-01 08:57:27.303636,2739.017014210355,,2092.0293776346643,2415.5231959225093
스웨덴,관광,2026-06-01 08:57:27.303636,3399.765675352917,,2043.9637844578588,2721.864729905388
스웨덴,관광,2026-07-01 08:57:27.303636,2704.154963898392,,1947.1007831994832,2325.6278735489377
스웨덴,기타,2025-08-01 08:57:27.303636,166.64134498234316,,103.11225849998276,134.87680174116295
스웨덴,기타,2025-09-01 08:57:27.303636,133.71965233482192,,118.18015888488698,125.94990560985445
스웨덴,기타,2025-10-01 08:57:27.303636,138.98073908955257,,130.46989412167144,134.72531660561202
스웨덴,기타,2025-11-01 08:57:27.303636,144.68474566158656,,139.9068812023547,142.29581343197063
스웨덴,기타,2025-12-01 08:57:27.303636,115.9706706951288,,144.3855757008323,130.17812319798054
스웨덴,기타,2026-01-01 08:57:27.303636,143.4922488563284,,148.42460092464074,145.95842489048457
스웨덴,기타,2026-02-01 08:57:27.303636,136.1030816303833,,152.8026347508864,144.45285819063486
스웨덴,기타,2026-03-01 08:57:27.303636,152.01339798558743,,157.66805618693144,154.84072708625945
스웨덴,기타,2026-04-01 08:57:27.303636,194.2300342420958,,143.57593182390175,168.90298303299878
스웨덴,기타,2026-05-01 08:57:27.303636,149.49326702599737,,137.0666043439613,143.27993568497934
스웨덴,기타,2026-06-01 08:57:27.303636,167.36042675272515,,128.1222970411483,147.74136189693672
스웨덴,기타,2026-07-01 08:57:27.303636,186.14379121470165,,119.67705402019666,152.91042261744917
스웨덴,유학연수,2025-08-01 08:57:27.303636,243.46314099805983,,20.549403069845887,132.00627203395285
스웨덴,유학연수,2025-09-01 08:57:27.303636,27.162808986150065,,21.78116829355651,24.471988639853286
스웨덴,유학연수,2025-10-01 08:57:27.303636,39.595058928713314,,20.087847840809765,29.84145338476154
스웨덴,유학연수,2025-11-01 08:57:27.303636,77.66017036981455,,17.511571592505767,47.585870981160156
스웨덴,유학연수,2025-12-01 08:57:27.303636,41.620386405146206,,69.19731601488444,55.40885121001532
스웨덴,유학연수,2026-01-01 08:57:27.303636,35.33871086106409,,45.82872604599741,40.58371845353075
스웨덴,유학연수,2026-02-01 08:57:27.303636,118.53434483776181,,65.53730140561271,92.03582312168726
스웨덴,유학연수,2026-03-01 08:57:27.303636,29.812777260485436,,29.9760888005796,29.894433030532518
스웨덴,유학연수,2026-04-01 08:57:27.303636,15.637846988857703,,5.9306221889675435,10.784234588912623
스웨덴,유학연수,2026-05-01 08:57:27.303636,42.13792530568154,,26.646277489052363,34.39210139736695
스웨덴,유학연수,2026-06-01 08:57:27.303636,24.090500900600798,,39.46167940410466,31.77609015235273
스웨덴,유학연수,2026-07-01 08:57:27.303636,18.361673033206188,,-0.19428700004868205,9.083693016578753
스웨덴,상용,2025-08-01 08:57:27.303636,19.898274716146332,,9.543509690823836,14.720892203485084
스웨덴,상용,2025-09-01 08:57:27.303636,17.524023914514437,,18.982773656501294,18.253398785507866
스웨덴,상용,2025-10-01 08:57:27.303636,19.207373028132675,,9.455626887941694,14.331499958037185
스웨덴,상용,2025-11-01 08:57:27.303636,16.865334373378733,,10.387745333844986,13.62653985361186
스웨덴,상용,2025-12-01 08:57:27.303636,12.739207883323846,,8.935114403054524,10.837161143189185
스웨덴,상용,2026-01-01 08:57:27.303636,21.68238978951114,,18.227455170071856,19.9549224797915
스웨덴,상용,2026-02-01 08:57:27.303636,17.39902886808205,,8.810254418738644,13.104641643410346
스웨덴,상용,2026-03-01 08:57:27.303636,17.311900613937862,,9.89082382300478,13.601362218471321
스웨덴,상용,2026-04-01 08:57:27.303636,17.539764025387566,,8.539274305412924,13.039519165400245
스웨덴,상용,2026-05-01 08:57:27.303636,18.77128968043652,,7.946346781563953,13.358818231000237
스웨덴,상용,2026-06-01 08:57:27.303636,16.203056475345996,,7.755699331496189,11.979377903421092
스웨덴,상용,2026-07-01 08:57:27.303636,13.470400139048849,,8.17656436435231,10.823482251700579
스위스,공용,2025-08-01 08:57:27.303636,2.4214200587910732,,1.4115503298248149,1.9164851943079442
스위스,공용,2025-09-01 08:57:27.303636,1.5471199981347048,,1.925869214542412,1.7364946063385585
스위스,공용,2025-10-01 08:57:27.303636,2.501613486040186,,1.3328845619100784,1.9172490239751323
스위스,공용,2025-11-01 08:57:27.303636,6.26475437756186,,1.3331734810991718,3.7989639293305157
스위스,공용,2025-12-01 08:57:27.303636,1.6724562230876145,,1.8610069482822227,1.7667315856849186
스위스,공용,2026-01-01 08:57:27.303636,3.178357704588618,,1.784553209312926,2.481455456950772
스위스,공용,2026-02-01 08:57:27.303636,3.279273104175637,,1.4465470305113761,2.3629100673435066
스위스,공용,2026-03-01 08:57:27.303636,3.0536790157996565,,1.473184192343848,2.2634316040717524
스위스,공용,2026-04-01 08:57:27.303636,3.641779650329472,,1.6220279590793245,2.6319038047043986
스위스,공용,2026-05-01 08:57:27.303636,3.2985442170593133,,1.49329201890011,2.3959181179797118
스위스,공용,2026-06-01 08:57:27.303636,4.050622030519043,,1.2520481521965154,2.651335091357779
스위스,공용,2026-07-01 08:57:27.303636,3.7736682272836086,,1.0237201239708216,2.398694175627215
스위스,관광,2025-08-01 08:57:27.303636,2746.5619774506445,,2533.0898762609095,2639.8259268557767
스위스,관광,2025-09-01 08:57:27.303636,3340.5555674410275,,2185.9653085831765,2763.260438012102
스위스,관광,2025-10-01 08:57:27.303636,4204.500428850415,,2147.894748932905,3176.19758889166
스위스,관광,2025-11-01 08:57:27.303636,2478.372163921255,,2184.5321934226436,2331.4521786719492
스위스,관광,2025-12-01 08:57:27.303636,1692.002021181866,,2142.7811304168745,1917.3915757993702
스위스,관광,2026-01-01 08:57:27.303636,1406.790957169469,,2150.123441397478,1778.4571992834735
스위스,관광,2026-02-01 08:57:27.303636,1796.2970286512461,,2338.040145628418,2067.168587139832
스위스,관광,2026-03-01 08:57:27.303636,3241.425142694205,,2278.4343910961124,2759.9297668951585
스위스,관광,2026-04-01 08:57:27.303636,4423.945312037145,,2114.713459033973,3269.329385535559
스위스,관광,2026-05-01 08:57:27.303636,3631.3469269995835,,2203.274864891915,2917.3108959457495
스위스,관광,2026-06-01 08:57:27.303636,2942.614317698566,,2225.9245405078923,2584.2694291032294
스위스,관광,2026-07-01 08:57:27.303636,4191.324101252038,,2161.3118272739453,3176.317964262992
스위스,기타,2025-08-01 08:57:27.303636,176.8660502213201,,199.20276971551897,188.03440996841954
스위스,기타,2025-09-01 08:57:27.303636,153.67742408663057,,178.68643610095876,166.18193009379468
스위스,기타,2025-10-01 08:57:27.303636,169.19109594789728,,158.31247826547414,163.7517871066857
스위스,기타,2025-11-01 08:57:27.303636,131.22804815536622,,143.76264265752013,137.49534540644316
스위스,기타,2025-12-01 08:57:27.303636,120.74698355860896,,115.18101532316302,117.963999440886
스위스,기타,2026-01-01 08:57:27.303636,156.5017744163436,,113.76650930479603,135.13414186056983
스위스,기타,2026-02-01 08:57:27.303636,148.14910033716106,,141.23737023049762,144.69323528382932
스위스,기타,2026-03-01 08:57:27.303636,190.71008949536647,,160.69036372897526,175.70022661217087
스위스,기타,2026-04-01 08:57:27.303636,164.93282037083102,,142.0328519249449,153.48283614788795
스위스,기타,2026-05-01 08:57:27.303636,175.27984761825616,,115.36616612969053,145.32300687397333
스위스,기타,2026-06-01 08:57:27.303636,173.80577950769128,,101.00155631145671,137.40366790957398
스위스,기타,2026-07-01 08:57:27.303636,174.9996612049672,,95.462885869738,135.2312735373526
스위스,상용,2025-08-01 08:57:27.303636,3.969371564079456,,5.856302236426684,4.91283690025307
스위스,상용,2025-09-01 08:57:27.303636,3.505173479374986,,7.670967694074363,5.588070586724674
스위스,상용,2025-10-01 08:57:27.303636,3.4366314499437687,,5.538897580165576,4.487764515054673
스위스,상용,2025-11-01 08:57:27.303636,3.3020124094179257,,5.276142083794092,4.289077246606009
스위스,상용,2025-12-01 08:57:27.303636,2.8958779780789086,,5.302263858306079,4.099070918192494
스위스,상용,2026-01-01 08:57:27.303636,3.853543125119608,,6.948595545816239,5.401069335467923
스위스,상용,2026-02-01 08:57:27.303636,2.7198300467124024,,5.231689274531174,3.9757596606217884
스위스,상용,2026-03-01 08:57:27.303636,3.217333809012507,,5.233567970631151,4.225450889821829
스위스,상용,2026-04-01 08:57:27.303636,2.9304419331759948,,5.422289442830753,4.176365688003374
스위스,상용,2026-05-01 08:57:27.303636,3.321184154361543,,5.285560560250607,4.303372357306075
스위스,상용,2026-06-01 08:57:27.303636,2.8215716449392962,,5.225494276641092,4.0235329607901935
스위스,상용,2026-07-01 08:57:27.303636,2.543042892759965,,5.196530961779908,3.869786927269937
스위스,유학연수,2025-08-01 08:57:27.303636,164.62178026140478,,26.336267068362236,95.47902366488351
스위스,유학연수,2025-09-01 08:57:27.303636,12.898042924096139,,29.567791881014852,21.232917402555493
스위스,유학연수,2025-10-01 08:57:27.303636,21.082803898365164,,26.50129533040227,23.792049614383718
스위스,유학연수,2025-11-01 08:57:27.303636,62.28397692853137,,22.224825159680595,42.25440104410598
스위스,유학연수,2025-12-01 08:57:27.303636,42.07434995258079,,99.48131004887738,70.77783000072908
스위스,유학연수,2026-01-01 08:57:27.303636,39.41626840633116,,39.39739662591144,39.4068325161213
스위스,유학연수,2026-02-01 08:57:27.303636,134.10373061409925,,58.09380867077506,96.09876964243716
스위스,유학연수,2026-03-01 08:57:27.303636,27.530800306864,,35.03989467081892,31.28534748884146
스위스,유학연수,2026-04-01 08:57:27.303636,19.541249211323727,,32.88331962953579,26.21228442042976
스위스,유학연수,2026-05-01 08:57:27.303636,51.62177463179823,,48.20734518088062,49.91455990633943
스위스,유학연수,2026-06-01 08:57:27.303636,31.33421758239874,,87.78305881411927,59.558638198259004
스위스,유학연수,2026-07-01 08:57:27.303636,29.820239880392453,,32.573497783036835,31.196868831714646
스페인,공용,2025-08-01 08:57:27.303636,18.156597078813338,,10.746036000335161,14.45131653957425
스페인,공용,2025-09-01 08:57:27.303636,17.099306960210402,,11.493486246350095,14.296396603280249
스페인,공용,2025-10-01 08:57:27.303636,15.068792608072641,,6.055032966822747,10.561912787447694
스페인,공용,2025-11-01 08:57:27.303636,14.000986684815503,,5.127593243606425,9.564289964210964
스페인,공용,2025-12-01 08:57:27.303636,19.07436883603649,,4.883026172935315,11.978697504485904
스페인,공용,2026-01-01 08:57:27.303636,19.192244449386205,,7.862765100834702,13.527504775110454
스페인,공용,2026-02-01 08:57:27.303636,8.852993760767635,,5.136422964189951,6.994708362478793
스페인,공용,2026-03-01 08:57:27.303636,14.62789490365885,,3.656756641381041,9.142325772519946
스페인,공용,2026-04-01 08:57:27.303636,15.753203632734435,,2.928419738926176,9.340811685830305
스페인,공용,2026-05-01 08:57:27.303636,21.57512183489207,,3.656956073006098,12.616038953949083
스페인,공용,2026-06-01 08:57:27.303636,13.985483007373647,,2.6191104577327646,8.302296732553206
스페인,공용,2026-07-01 08:57:27.303636,14.603112299114464,,2.330150652327145,8.466631475720805
스페인,관광,2025-08-01 08:57:27.303636,7648.429905524098,,3745.9189924221546,5697.174448973126
스페인,관광,2025-09-01 08:57:27.303636,5896.080937975334,,3273.7538426795054,4584.9173903274195
스페인,관광,2025-10-01 08:57:27.303636,6759.878601977287,,3190.4736670138263,4975.176134495557
스페인,관광,2025-11-01 08:57:27.303636,5128.723590175906,,3257.1187549197293,4192.921172547818
스페인,관광,2025-12-01 08:57:27.303636,3033.4725390586004,,3009.0325704415545,3021.2525547500773
스페인,관광,2026-01-01 08:57:27.303636,2187.8432566079214,,4031.363566005977,3109.603411306949
스페인,관광,2026-02-01 08:57:27.303636,2458.6671341738697,,3952.312257196627,3205.489695685248
스페인,관광,2026-03-01 08:57:27.303636,5807.249734134287,,3539.7296401317135,4673.489687133
스페인,관광,2026-04-01 08:57:27.303636,5751.6992952237215,,3190.4372871729247,4471.068291198323
스페인,관광,2026-05-01 08:57:27.303636,5551.276405494364,,3190.185640630132,4370.731023062248
스페인,관광,2026-06-01 08:57:27.303636,5445.447978058027,,2995.691943751908,4220.569960904968
스페인,관광,2026-07-01 08:57:27.303636,6884.097042172188,,2858.567402224752,4871.33222219847
스페인,기타,2025-08-01 08:57:27.303636,354.47796962081895,,239.04318526027598,296.7605774405475
스페인,기타,2025-09-01 08:57:27.303636,328.26328398796755,,292.1217983141198,310.19254115104366
스페인,기타,2025-10-01 08:57:27.303636,335.5651012674665,,275.0995019642325,305.3323016158495
스페인,기타,2025-11-01 08:57:27.303636,310.61359082361435,,258.72626079439186,284.6699258090031
스페인,기타,2025-12-01 08:57:27.303636,266.8110447700052,,251.410504646884,259.1107747084446
스페인,기타,2026-01-01 08:57:27.303636,359.6846490974704,,296.04999929041804,327.8673241939442
스페인,기타,2026-02-01 08:57:27.303636,288.6793383124869,,269.67079389816433,279.17506610532564
스페인,기타,2026-03-01 08:57:27.303636,353.56201153468356,,248.6425950458201,301.1023032902518
스페인,기타,2026-04-01 08:57:27.303636,340.55723201049574,,232.9290038422853,286.74311792639054
스페인,기타,2026-05-01 08:57:27.303636,390.49267340028626,,225.49468377793912,307.9936785891127
스페인,기타,2026-06-01 08:57:27.303636,329.6321757429957,,219.102614966396,274.3673953546959
스페인,기타,2026-07-01 08:57:27.303636,400.0337758747614,,210.4111561903651,305.22246603256326
스페인,상용,2025-08-01 08:57:27.303636,25.40561629545775,,22.71155972077522,24.058588008116487
스페인,상용,2025-09-01 08:57:27.303636,24.284122784838726,,37.14950175479895,30.71681226981884
스페인,상용,2025-10-01 08:57:27.303636,19.271264963999023,,22.05690330995987,20.664084136979447
스페인,상용,2025-11-01 08:57:27.303636,19.539937945851733,,23.355161388378356,21.447549667115045
스페인,상용,2025-12-01 08:57:27.303636,16.643408367277505,,24.18858620885508,20.415997288066293
스페인,상용,2026-01-01 08:57:27.303636,33.22567500613666,,38.366214560871626,35.79594478350414
스페인,상용,2026-02-01 08:57:27.303636,20.648008498611848,,25.5063649515416,23.07718672507672
스페인,상용,2026-03-01 08:57:27.303636,20.96506164897063,,25.421120761696898,23.193091205333765
스페인,상용,2026-04-01 08:57:27.303636,21.959070923033465,,24.529115044238058,23.24409298363576
스페인,상용,2026-05-01 08:57:27.303636,24.077366279960682,,24.222757085971175,24.150061682965926
스페인,상용,2026-06-01 08:57:27.303636,22.596862275538292,,22.772662750174597,22.684762512856445
스페인,상용,2026-07-01 08:57:27.303636,21.6807342010105,,21.400992396886593,21.540863298948548
스페인,유학연수,2025-08-01 08:57:27.303636,482.8357180733476,,106.38747501175197,294.6115965425498
스페인,유학연수,2025-09-01 08:57:27.303636,61.32096288113645,,216.76527556524417,139.0431192231903
스페인,유학연수,2025-10-01 08:57:27.303636,70.95443279956831,,147.34089321388134,109.14766300672483
스페인,유학연수,2025-11-01 08:57:27.303636,214.85903579986575,,125.91036711574608,170.38470145780593
스페인,유학연수,2025-12-01 08:57:27.303636,147.6519040675623,,113.97801114609982,130.81495760683106
스페인,유학연수,2026-01-01 08:57:27.303636,115.26095131787238,,206.15593209836655,160.70844170811947
스페인,유학연수,2026-02-01 08:57:27.303636,300.23167462915296,,147.95374345466234,224.09270904190765
스페인,유학연수,2026-03-01 08:57:27.303636,94.41716578820225,,130.65861370228538,112.53788974524382
스페인,유학연수,2026-04-01 08:57:27.303636,36.965064289217,,97.5415554749546,67.2533098820858
스페인,유학연수,2026-05-01 08:57:27.303636,141.15442684979337,,113.57828006464976,127.36635345722156
스페인,유학연수,2026-06-01 08:57:27.303636,82.88495949754699,,125.85233797755902,104.368648737553
스페인,유학연수,2026-07-01 08:57:27.303636,68.95980276439565,,153.89269319245955,111.4262479784276
싱가포르,공용,2025-08-01 08:57:27.303636,24.589332963040803,,21.020613033941277,22.80497299849104
싱가포르,공용,2025-09-01 08:57:27.303636,33.75138031539146,,14.72666956291632,24.23902493915389
싱가포르,공용,2025-10-01 08:57:27.303636,26.28906333342271,,25.78029478623572,26.034679059829216
싱가포르,공용,2025-11-01 08:57:27.303636,32.253606735533786,,28.83162705514915,30.542616895341467
싱가포르,공용,2025-12-01 08:57:27.303636,21.779893133553497,,20.195265260881392,20.987579197217443
싱가포르,공용,2026-01-01 08:57:27.303636,6.812209687482325,,14.891825531191769,10.852017609337047
싱가포르,공용,2026-02-01 08:57:27.303636,37.297823454864854,,25.69144751942693,31.494635487145892
싱가포르,공용,2026-03-01 08:57:27.303636,28.77036773000849,,27.72253486759694,28.246451298802718
싱가포르,공용,2026-04-01 08:57:27.303636,21.33645699157778,,19.27424869208171,20.305352841829745
싱가포르,공용,2026-05-01 08:57:27.303636,32.334555372523056,,16.339204320198697,24.336879846360876
싱가포르,공용,2026-06-01 08:57:27.303636,29.59843555498422,,17.534408295676293,23.566421925330257
싱가포르,공용,2026-07-01 08:57:27.303636,34.97538826006228,,19.436961042191438,27.206174651126858
싱가포르,관광,2025-08-01 08:57:27.303636,22230.258175100593,,38217.914373904816,30224.086274502704
싱가포르,관광,2025-09-01 08:57:27.303636,34963.42175946117,,28162.77068169639,31563.09622057878
싱가포르,관광,2025-10-01 08:57:27.303636,54328.592640567724,,31404.887047608718,42866.739844088224
싱가포르,관광,2025-11-01 08:57:27.303636,56805.43818527007,,37362.55127830874,47083.994731789404
싱가포르,관광,2025-12-01 08:57:27.303636,88150.04306521136,,39963.71130864406,64056.87718692771
싱가포르,관광,2026-01-01 08:57:27.303636,25944.03977765174,,28493.896782054275,27218.968279853005
싱가포르,관광,2026-02-01 08:57:27.303636,23413.137054697003,,33408.706091686,28410.921573191503
싱가포르,관광,2026-03-01 08:57:27.303636,50516.2158367094,,41189.2726680344,45852.7442523719
싱가포르,관광,2026-04-01 08:57:27.303636,52761.80737941893,,45563.03239022661,49162.41988482277
싱가포르,관광,2026-05-01 08:57:27.303636,52950.984488726106,,14726.370456947288,33838.677472836695
싱가포르,관광,2026-06-01 08:57:27.303636,56312.315066505755,,17471.816156103738,36892.065611304744
싱가포르,관광,2026-07-01 08:57:27.303636,24865.400086615075,,24352.471812656873,24608.935949635976
싱가포르,기타,2025-08-01 08:57:27.303636,2169.2013024973853,,1462.3886226593538,1815.7949625783695
싱가포르,기타,2025-09-01 08:57:27.303636,2127.204063287735,,1460.844671326296,1794.0243673070156
싱가포르,기타,2025-10-01 08:57:27.303636,2277.1695099115664,,1394.103292384871,1835.6364011482187
싱가포르,기타,2025-11-01 08:57:27.303636,2198.228548298601,,1372.6642209325414,1785.446384615571
싱가포르,기타,2025-12-01 08:57:27.303636,2361.849300352118,,1457.3836189720666,1909.6164596620924
싱가포르,기타,2026-01-01 08:57:27.303636,2328.368654978732,,1461.8608839042358,1895.114769441484
싱가포르,기타,2026-02-01 08:57:27.303636,2158.6160095805467,,1406.516722736378,1782.5663661584622
싱가포르,기타,2026-03-01 08:57:27.303636,2385.448036894316,,1397.996551223219,1891.7222940587676
싱가포르,기타,2026-04-01 08:57:27.303636,2514.240589534437,,1491.789994089307,2003.015291811872
싱가포르,기타,2026-05-01 08:57:27.303636,2605.9095143202717,,1528.6664602129774,2067.2879872666244
싱가포르,기타,2026-06-01 08:57:27.303636,2531.1491739019702,,1545.9494594582357,2038.549316680103
싱가포르,기타,2026-07-01 08:57:27.303636,2593.515197808293,,1554.0322706328338,2073.7737342205637
싱가포르,상용,2025-08-01 08:57:27.303636,194.03083370082285,,98.69379123540577,146.3623124681143
싱가포르,상용,2025-09-01 08:57:27.303636,202.34319731193096,,101.66828526597006,152.0057412889505
싱가포르,상용,2025-10-01 08:57:27.303636,219.6427267105245,,121.09967440619342,170.37120055835896
싱가포르,상용,2025-11-01 08:57:27.303636,218.90506979927738,,154.07862668759498,186.49184824343618
싱가포르,상용,2025-12-01 08:57:27.303636,189.64974637277282,,167.4938106079896,178.5717784903812
싱가포르,상용,2026-01-01 08:57:27.303636,161.58615226502923,,173.06961149309265,167.32788187906095
싱가포르,상용,2026-02-01 08:57:27.303636,200.23830385589008,,226.29863452091593,213.268469188403
싱가포르,상용,2026-03-01 08:57:27.303636,208.77123574127788,,304.63499564687675,256.7031156940773
싱가포르,상용,2026-04-01 08:57:27.303636,214.63766395528512,,338.4031676004928,276.52041577788896
싱가포르,상용,2026-05-01 08:57:27.303636,247.27223796014542,,338.82100203754214,293.04661999884377
싱가포르,상용,2026-06-01 08:57:27.303636,217.8405205491576,,315.11579551179267,266.47815803047513
싱가포르,상용,2026-07-01 08:57:27.303636,196.54624499752921,,271.8592861063304,234.20276555192982
싱가포르,유학연수,2025-08-01 08:57:27.303636,386.6000929982756,,20.143957694961912,203.37202534661876
싱가포르,유학연수,2025-09-01 08:57:27.303636,39.601551744380224,,39.65380468594671,39.62767821516347
싱가포르,유학연수,2025-10-01 08:57:27.303636,44.56293406253038,,41.98416308859249,43.273548575561435
싱가포르,유학연수,2025-11-01 08:57:27.303636,63.329057909142456,,17.86469974330638,40.59687882622442
싱가포르,유학연수,2025-12-01 08:57:27.303636,111.35551282628084,,19.448815018308864,65.40216392229485
싱가포르,유학연수,2026-01-01 08:57:27.303636,39.150329500874825,,42.28680781020914,40.718568655541986
싱가포르,유학연수,2026-02-01 08:57:27.303636,249.27913047181545,,22.57778153545651,135.92845600363597
싱가포르,유학연수,2026-03-01 08:57:27.303636,48.29990779994171,,0.8565292318757898,24.57821851590875
싱가포르,유학연수,2026-04-01 08:57:27.303636,26.109554757071386,,-0.8945979676974289,12.607478394686979
싱가포르,유학연수,2026-05-01 08:57:27.303636,50.891768288146494,,1.69473142697953,26.293249857563012
싱가포르,유학연수,2026-06-01 08:57:27.303636,74.85895607714264,,12.104942068937227,43.48194907303993
싱가포르,유학연수,2026-07-01 08:57:27.303636,68.4461228084366,,21.627741044231463,45.036931926334034
아르헨티나,공용,2025-08-01 08:57:27.303636,0.4730796749737851,,0.5571223570869546,0.5151010160303698
아르헨티나,공용,2025-09-01 08:57:27.303636,0.052514470930776165,,0.7206776926335872,0.3865960817821817
아르헨티나,공용,2025-10-01 08:57:27.303636,0.3047963467863682,,0.5836639302471385,0.4442301385167533
아르헨티나,공용,2025-11-01 08:57:27.303636,0.35564635542841283,,0.6070598167435297,0.48135308608597127
아르헨티나,공용,2025-12-01 08:57:27.303636,0.47797651348812853,,0.6776951872070114,0.57783585034757
아르헨티나,공용,2026-01-01 08:57:27.303636,0.8334589746057954,,0.8627161385311594,0.8480875565684773
아르헨티나,공용,2026-02-01 08:57:27.303636,0.9353595460273684,,0.6910237608261148,0.8131916534267416
아르헨티나,공용,2026-03-01 08:57:27.303636,0.4860953957433151,,0.6653357936936315,0.5757155947184733
아르헨티나,공용,2026-04-01 08:57:27.303636,0.6942557403794991,,0.731711344766959,0.712983542573229
아르헨티나,공용,2026-05-01 08:57:27.303636,2.188902021889102,,0.8615888582140874,1.5252454400515947
아르헨티나,공용,2026-06-01 08:57:27.303636,1.636826442025558,,0.9819754741047155,1.3094009580651367
아르헨티나,공용,2026-07-01 08:57:27.303636,2.020361954160716,,1.0935973348265002,1.5569796444936082
아르헨티나,기타,2025-08-01 08:57:27.303636,194.19201105756778,,174.76333434786574,184.47767270271675
아르헨티나,기타,2025-09-01 08:57:27.303636,172.34502491031654,,163.0268890832254,167.68595699677098
아르헨티나,기타,2025-10-01 08:57:27.303636,231.4483732371093,,190.617885136233,211.03312918667115
아르헨티나,기타,2025-11-01 08:57:27.303636,153.08883903648717,,196.5165751253436,174.80270708091538
아르헨티나,기타,2025-12-01 08:57:27.303636,121.24282289044518,,176.46376629799622,148.8532945942207
아르헨티나,기타,2026-01-01 08:57:27.303636,113.56421355483538,,160.34208264273374,136.95314809878457
아르헨티나,기타,2026-02-01 08:57:27.303636,127.69057083578369,,176.18587652423838,151.93822368001105
아르헨티나,기타,2026-03-01 08:57:27.303636,199.52042176028482,,178.11505093500716,188.817736347646
아르헨티나,기타,2026-04-01 08:57:27.303636,249.1608949046234,,174.36909823105805,211.76499656784074
아르헨티나,기타,2026-05-01 08:57:27.303636,237.00476240705498,,173.94694839291267,205.47585539998383
아르헨티나,기타,2026-06-01 08:57:27.303636,201.14820545944903,,173.25622842048455,187.20221693996677
아르헨티나,기타,2026-07-01 08:57:27.303636,230.81188123262677,,177.33093570064207,204.0714084666344
아르헨티나,관광,2025-08-01 08:57:27.303636,573.7329212376064,,679.2237974690199,626.4783593533132
아르헨티나,관광,2025-09-01 08:57:27.303636,785.7981990452089,,585.2478886097797,685.5230438274943
아르헨티나,관광,2025-10-01 08:57:27.303636,971.7035515947233,,588.9116911305892,780.3076213626563
아르헨티나,관광,2025-11-01 08:57:27.303636,576.7399546546582,,624.4998276964697,600.6198911755639
아르헨티나,관광,2025-12-01 08:57:27.303636,478.4888294623105,,557.3255256184382,517.9071775403743
아르헨티나,관광,2026-01-01 08:57:27.303636,659.0323426220183,,553.3982445837833,606.2152936029008
아르헨티나,관광,2026-02-01 08:57:27.303636,564.293770544339,,614.9455264611951,589.6196485027671
아르헨티나,관광,2026-03-01 08:57:27.303636,915.6515992765206,,660.2383591105405,787.9449791935306
아르헨티나,관광,2026-04-01 08:57:27.303636,966.0885591762969,,616.9530575128291,791.520808344563
아르헨티나,관광,2026-05-01 08:57:27.303636,951.1531888894729,,523.1861995221939,737.1696942058334
아르헨티나,관광,2026-06-01 08:57:27.303636,706.077757276487,,448.0750173669642,577.0763873217256
아르헨티나,관광,2026-07-01 08:57:27.303636,746.0887512585742,,418.52836633626373,582.308558797419
아르헨티나,상용,2025-08-01 08:57:27.303636,1.0912102937245305,,0.755993892512739,0.9236020931186347
아르헨티나,상용,2025-09-01 08:57:27.303636,1.0376201400112437,,0.9282594057895937,0.9829397729004187
아르헨티나,상용,2025-10-01 08:57:27.303636,1.1053240259324593,,1.1673326292626376,1.1363283275975484
아르헨티나,상용,2025-11-01 08:57:27.303636,1.1623981026467862,,1.1743293957448806,1.1683637491958334
아르헨티나,상용,2025-12-01 08:57:27.303636,0.6547009843546352,,0.9377799761830041,0.7962404802688197
아르헨티나,상용,2026-01-01 08:57:27.303636,1.1962567184781787,,1.0133360215047524,1.1047963699914656
아르헨티나,상용,2026-02-01 08:57:27.303636,1.0963439322436719,,1.214333500216735,1.1553387162302036
아르헨티나,상용,2026-03-01 08:57:27.303636,0.8663475390049974,,1.2126493795941196,1.0394984592995584
아르헨티나,상용,2026-04-01 08:57:27.303636,0.9933529870660074,,0.9544732127425997,0.9739130999043035
아르헨티나,상용,2026-05-01 08:57:27.303636,1.1453885286920797,,0.7993308800163295,0.9723597043542046
아르헨티나,상용,2026-06-01 08:57:27.303636,1.2493782558375577,,0.6833782243401445,0.9663782400888511
아르헨티나,상용,2026-07-01 08:57:27.303636,0.9139563662514913,,0.6934891877605724,0.8037227770060319
아르헨티나,유학연수,2025-08-01 08:57:27.303636,4.176482631802463,,3.5841297086316164,3.8803061702170396
아르헨티나,유학연수,2025-09-01 08:57:27.303636,8.230754327722881,,4.261368902816775,6.246061615269828
아르헨티나,유학연수,2025-10-01 08:57:27.303636,8.407269783677242,,3.6546168342363474,6.030943308956795
아르헨티나,유학연수,2025-11-01 08:57:27.303636,0.8471291618885451,,2.253713455470738,1.5504213086796415
아르헨티나,유학연수,2025-12-01 08:57:27.303636,0.7522178501472327,,1.4302923395899891,1.091255094868611
아르헨티나,유학연수,2026-01-01 08:57:27.303636,0.9487814141893974,,2.891572871463425,1.9201771428264112
아르헨티나,유학연수,2026-02-01 08:57:27.303636,3.5524256027469185,,2.8640390289554425,3.2082323158511805
아르헨티나,유학연수,2026-03-01 08:57:27.303636,1.4197979001795542,,1.7145391018709217,1.5671685010252379
아르헨티나,유학연수,2026-04-01 08:57:27.303636,0.542829631487097,,1.8661448009736594,1.2044872162303781
아르헨티나,유학연수,2026-05-01 08:57:27.303636,0.9768873452431027,,4.085841861749831,2.531364603496467
아르헨티나,유학연수,2026-06-01 08:57:27.303636,0.5578361251742943,,8.489358558794093,4.5235973419841935
아르헨티나,유학연수,2026-07-01 08:57:27.303636,13.848229961987705,,12.973525273116191,13.410877617551948
에콰도르,관광,2025-08-01 08:57:27.303636,253.52477905381852,,159.51551941965624,206.52014923673738
에콰도르,관광,2025-09-01 08:57:27.303636,376.15628928104553,,138.99368463393725,257.5749869574914
에콰도르,관광,2025-10-01 08:57:27.303636,471.96585844948237,,155.08227935039685,313.5240688999396
에콰도르,관광,2025-11-01 08:57:27.303636,294.51316749727465,,171.095918682769,232.8045430900218
에콰도르,관광,2025-12-01 08:57:27.303636,130.89465603829748,,178.6240273169321,154.75934167761477
에콰도르,관광,2026-01-01 08:57:27.303636,113.29964503392361,,205.0806302960967,159.19013766501016
에콰도르,관광,2026-02-01 08:57:27.303636,141.30851936735638,,238.78810333600953,190.04831135168297
에콰도르,관광,2026-03-01 08:57:27.303636,281.7451753686926,,240.81239219463433,261.2787837816635
에콰도르,관광,2026-04-01 08:57:27.303636,402.91760627875163,,223.45338635759398,313.1854963181728
에콰도르,관광,2026-05-01 08:57:27.303636,377.56508047970476,,223.82431720283137,300.69469884126806
에콰도르,관광,2026-06-01 08:57:27.303636,296.6490632922976,,226.2115470967062,261.4303051945019
에콰도르,관광,2026-07-01 08:57:27.303636,383.44377797646507,,231.59096083085285,307.51736940365896
에콰도르,공용,2025-08-01 08:57:27.303636,12.076990696432313,,1.6986852419388037,6.887837969185559
에콰도르,공용,2025-09-01 08:57:27.303636,7.347498213610907,,1.6988764176022173,4.523187315606562
에콰도르,공용,2025-10-01 08:57:27.303636,68.25606117103106,,1.9085132211856237,35.08228719610835
에콰도르,공용,2025-11-01 08:57:27.303636,-1.4852334563162959,,1.9002427316805213,0.2075046376821127
에콰도르,공용,2025-12-01 08:57:27.303636,-1.9541863155828112,,1.7257518883627678,-0.11421721361002168
에콰도르,공용,2026-01-01 08:57:27.303636,1.8050186684764502,,1.7927733570511581,1.7988960127638043
에콰도르,공용,2026-02-01 08:57:27.303636,-1.9203884131651505,,2.0177401785270166,0.048675882680933036
에콰도르,공용,2026-03-01 08:57:27.303636,4.207496703532311,,2.071616642179391,3.1395566728558513
에콰도르,공용,2026-04-01 08:57:27.303636,48.616670638549834,,1.8357938117851647,25.2262322251675
에콰도르,공용,2026-05-01 08:57:27.303636,22.498718143411022,,1.875041171306958,12.18687965735899
에콰도르,공용,2026-06-01 08:57:27.303636,5.887299032609903,,1.9001992719165193,3.893749152263211
에콰도르,공용,2026-07-01 08:57:27.303636,11.05709469952257,,1.914108724923605,6.485601712223088
에콰도르,기타,2025-08-01 08:57:27.303636,48.28607264281895,,40.36584880129897,44.32596072205896
에콰도르,기타,2025-09-01 08:57:27.303636,47.361345391235304,,37.37157502011415,42.36646020567473
에콰도르,기타,2025-10-01 08:57:27.303636,39.384056159692555,,45.78764770785979,42.58585193377617
에콰도르,기타,2025-11-01 08:57:27.303636,46.03929095930714,,54.535109749207265,50.2872003542572
에콰도르,기타,2025-12-01 08:57:27.303636,43.252057165999275,,49.52725075343362,46.38965395971645
에콰도르,기타,2026-01-01 08:57:27.303636,43.42633364057076,,50.13262997694591,46.779481808758334
에콰도르,기타,2026-02-01 08:57:27.303636,33.22118222398318,,57.435204958137234,45.328193591060206
에콰도르,기타,2026-03-01 08:57:27.303636,67.61653188984978,,59.150132066038495,63.38333197794414
에콰도르,기타,2026-04-01 08:57:27.303636,66.05334200081124,,52.2734009173992,59.16337145910522
에콰도르,기타,2026-05-01 08:57:27.303636,41.07199975680882,,48.68226108639486,44.87713042160184
에콰도르,기타,2026-06-01 08:57:27.303636,40.735286260107976,,44.897932113360554,42.81660918673427
에콰도르,기타,2026-07-01 08:57:27.303636,49.59637104165871,,41.66200400089275,45.62918752127573
에콰도르,상용,2025-08-01 08:57:27.303636,-0.03434613280593976,,0.10591907180151472,0.03578646949778748
에콰도르,상용,2025-09-01 08:57:27.303636,-0.04760444466166888,,0.03870697931976774,-0.00444873267095057
에콰도르,상용,2025-10-01 08:57:27.303636,-0.06335677860777517,,0.09874369426914897,0.017693457830686904
에콰도르,상용,2025-11-01 08:57:27.303636,-0.04332937025763821,,0.1476109529772459,0.05214079135980385
에콰도르,상용,2025-12-01 08:57:27.303636,-0.05698167138520954,,0.11910894423165619,0.031063636423223323
에콰도르,상용,2026-01-01 08:57:27.303636,-0.16644796318082156,,0.06706276965978542,-0.04969259676051807
에콰도르,상용,2026-02-01 08:57:27.303636,-0.08976184845557468,,0.1327344216901314,0.021486286617278354
에콰도르,상용,2026-03-01 08:57:27.303636,-0.22886940336190756,,0.1857714308942845,-0.021548986233811532
에콰도르,상용,2026-04-01 08:57:27.303636,-0.26303098971929784,,0.15890999456558041,-0.05206049757685871
에콰도르,상용,2026-05-01 08:57:27.303636,-0.16385171026554235,,0.1549292604308341,-0.004461224917354123
에콰도르,상용,2026-06-01 08:57:27.303636,-0.19630994182168673,,0.17197733520930536,-0.012166303306190687
에콰도르,상용,2026-07-01 08:57:27.303636,-0.22541713356522505,,0.20528115067477637,-0.010067991445224342
영  국,공용,2025-08-01 08:57:27.303636,36.039742108966415,,22.948747408962006,29.49424475896421
영  국,공용,2025-09-01 08:57:27.303636,27.436251637631536,,35.41127499880071,31.42376331821612
영  국,공용,2025-10-01 08:57:27.303636,24.633462152733184,,15.963995546976061,20.298728849854623
영  국,공용,2025-11-01 08:57:27.303636,46.251372927432485,,25.140169896514884,35.69577141197368
영  국,공용,2025-12-01 08:57:27.303636,24.180974547160393,,23.592914450211865,23.886944498686127
영  국,공용,2026-01-01 08:57:27.303636,31.33776201467139,,36.04521723412427,33.69148962439783
영  국,공용,2026-02-01 08:57:27.303636,21.725023987902464,,16.142406833728636,18.93371541081555
영  국,공용,2026-03-01 08:57:27.303636,31.227838014412665,,25.384250727538394,28.306044370975528
영  국,공용,2026-04-01 08:57:27.303636,29.24994817716601,,23.519299688646747,26.38462393290638
영  국,공용,2026-05-01 08:57:27.303636,24.121651123895898,,23.597010561028,23.85933084246195
영  국,공용,2026-06-01 08:57:27.303636,25.406188791448628,,23.297321211245603,24.351755001347115
영  국,공용,2026-07-01 08:57:27.303636,32.25876487872267,,23.091690900013987,27.67522788936833
에콰도르,유학연수,2025-08-01 08:57:27.303636,47.424898343164806,,3.56848142196706,25.49668988256593
에콰도르,유학연수,2025-09-01 08:57:27.303636,5.812334026378671,,4.585694985878966,5.199014506128819
에콰도르,유학연수,2025-10-01 08:57:27.303636,7.24365598069093,,6.117097598352185,6.680376789521557
에콰도르,유학연수,2025-11-01 08:57:27.303636,5.036035124163631,,7.47813821047425,6.257086667318941
에콰도르,유학연수,2025-12-01 08:57:27.303636,5.488409585146405,,8.783166459266454,7.135788022206429
에콰도르,유학연수,2026-01-01 08:57:27.303636,16.21362619214956,,27.899409731698185,22.056517961923873
에콰도르,유학연수,2026-02-01 08:57:27.303636,35.81421135068864,,4.670870468079642,20.24254090938414
에콰도르,유학연수,2026-03-01 08:57:27.303636,11.291940019522976,,2.8246353172749297,7.058287668398952
에콰도르,유학연수,2026-04-01 08:57:27.303636,2.5306146356864687,,2.601465021656967,2.566039828671718
에콰도르,유학연수,2026-05-01 08:57:27.303636,6.036088475674322,,3.9143882549074096,4.975238365290865
에콰도르,유학연수,2026-06-01 08:57:27.303636,6.805626078852986,,6.986305737141677,6.895965907997331
에콰도르,유학연수,2026-07-01 08:57:27.303636,12.614961769287945,,27.218878892304065,19.916920330796003
영  국,관광,2025-08-01 08:57:27.303636,14276.081056482306,,15753.422028438996,15014.75154246065
영  국,관광,2025-09-01 08:57:27.303636,15563.589373197523,,11905.49135080837,13734.540362002946
영  국,관광,2025-10-01 08:57:27.303636,19903.245979498606,,13601.32663855791,16752.28630902826
영  국,관광,2025-11-01 08:57:27.303636,14873.283493401956,,14332.24596045938,14602.764726930669
영  국,관광,2025-12-01 08:57:27.303636,12168.828381535732,,12522.623909035974,12345.726145285853
영  국,관광,2026-01-01 08:57:27.303636,12393.683222184596,,11114.040799174261,11753.86201067943
영  국,관광,2026-02-01 08:57:27.303636,11509.885817576127,,12377.041468858733,11943.46364321743
영  국,관광,2026-03-01 08:57:27.303636,20881.455713036856,,11601.657416235761,16241.556564636308
영  국,관광,2026-04-01 08:57:27.303636,22103.606134398953,,8961.040017135552,15532.323075767254
영  국,관광,2026-05-01 08:57:27.303636,17731.49598305092,,7438.883004457436,12585.189493754178
영  국,관광,2026-06-01 08:57:27.303636,16821.711755086784,,6852.741553176038,11837.226654131411
영  국,관광,2026-07-01 08:57:27.303636,17314.15497829255,,6343.2330629435255,11828.694020618037
영  국,기타,2025-08-01 08:57:27.303636,2061.926144028387,,964.2855341216808,1513.105839075034
영  국,기타,2025-09-01 08:57:27.303636,1395.137522413089,,1473.0304004394447,1434.0839614262668
영  국,기타,2025-10-01 08:57:27.303636,1600.6202668660378,,1321.5775914721278,1461.0989291690828
영  국,기타,2025-11-01 08:57:27.303636,1206.52407251547,,1168.3641733795848,1187.4441229475274
영  국,기타,2025-12-01 08:57:27.303636,1159.7977658911773,,1015.4507081314221,1087.6242370112996
영  국,기타,2026-01-01 08:57:27.303636,1878.2606458684452,,1596.0880295546563,1737.1743377115508
영  국,기타,2026-02-01 08:57:27.303636,1716.1190974305057,,1441.0803028034545,1578.59970011698
영  국,기타,2026-03-01 08:57:27.303636,1830.698198298675,,1269.5697276191404,1550.1339629589077
영  국,기타,2026-04-01 08:57:27.303636,1677.9695720417658,,996.6356808320811,1337.3026264369234
영  국,기타,2026-05-01 08:57:27.303636,1650.2236890419354,,810.6927305078086,1230.458209774872
영  국,기타,2026-06-01 08:57:27.303636,1602.2146775113913,,644.5742666796019,1123.3944720954967
영  국,기타,2026-07-01 08:57:27.303636,1764.8015444567684,,685.4844901465066,1225.1430173016374
영  국,유학연수,2025-08-01 08:57:27.303636,390.0711136455319,,44.12470795865943,217.09791080209567
영  국,유학연수,2025-09-01 08:57:27.303636,55.878879654593646,,77.74134026116877,66.81010995788121
영  국,유학연수,2025-10-01 08:57:27.303636,34.638985659402174,,102.85176801478315,68.74537683709266
영  국,유학연수,2025-11-01 08:57:27.303636,75.74103407402254,,74.02077577856225,74.8809049262924
영  국,유학연수,2025-12-01 08:57:27.303636,72.87856515987887,,59.95057100748576,66.41456808368233
영  국,유학연수,2026-01-01 08:57:27.303636,112.47243332287165,,103.13337037241162,107.80290184764164
영  국,유학연수,2026-02-01 08:57:27.303636,240.79737515486244,,69.11820121449988,154.95778818468116
영  국,유학연수,2026-03-01 08:57:27.303636,98.14106124886844,,33.93357915026796,66.0373201995682
영  국,유학연수,2026-04-01 08:57:27.303636,40.35804400693203,,23.86192097585794,32.10998249139499
영  국,유학연수,2026-05-01 08:57:27.303636,93.04015853177332,,21.309875131202666,57.175016831487994
영  국,유학연수,2026-06-01 08:57:27.303636,73.10618482772827,,18.998929126128836,46.05255697692856
영  국,유학연수,2026-07-01 08:57:27.303636,77.23886802543193,,23.4297771631529,50.334322594292416
영  국,상용,2025-08-01 08:57:27.303636,100.72855631001063,,69.83967628757071,85.28411629879068
영  국,상용,2025-09-01 08:57:27.303636,92.97139692684532,,102.68547514790862,97.82843603737697
영  국,상용,2025-10-01 08:57:27.303636,99.35603101855158,,89.00333135932712,94.17968118893936
영  국,상용,2025-11-01 08:57:27.303636,92.88562917669371,,74.79800294101011,83.84181605885192
영  국,상용,2025-12-01 08:57:27.303636,72.25899030454346,,75.5088465092575,73.88391840690048
영  국,상용,2026-01-01 08:57:27.303636,130.24350751354612,,105.50344575902926,117.87347663628769
영  국,상용,2026-02-01 08:57:27.303636,85.56642439923417,,87.617477843436,86.59195112133509
영  국,상용,2026-03-01 08:57:27.303636,95.3007411599351,,69.60016588203749,82.45045352098629
영  국,상용,2026-04-01 08:57:27.303636,101.1577319955466,,69.94656902197465,85.55215050876063
영  국,상용,2026-05-01 08:57:27.303636,100.10712206330918,,70.78690930560234,85.44701568445575
영  국,상용,2026-06-01 08:57:27.303636,101.01839234262407,,68.8620368991902,84.94021462090714
영  국,상용,2026-07-01 08:57:27.303636,103.80000645774561,,66.33339724456692,85.06670185115627
오스트레일리아,공용,2025-08-01 08:57:27.303636,77.32396140342792,,56.9070268570088,67.11549413021837
오스트레일리아,공용,2025-09-01 08:57:27.303636,116.65515401664489,,51.44449642017849,84.04982521841168
오스트레일리아,공용,2025-10-01 08:57:27.303636,95.06759593670311,,48.15231108400767,71.6099535103554
오스트레일리아,공용,2025-11-01 08:57:27.303636,88.30561208425861,,50.30810107299203,69.30685657862531
오스트레일리아,공용,2025-12-01 08:57:27.303636,35.149273170863765,,40.24770767571325,37.698490423288504
오스트레일리아,공용,2026-01-01 08:57:27.303636,38.425978890495685,,35.824504703163484,37.125241796829584
오스트레일리아,공용,2026-02-01 08:57:27.303636,51.32267204398016,,47.80604438228704,49.5643582131336
오스트레일리아,공용,2026-03-01 08:57:27.303636,101.08823274048318,,38.870254109030384,69.97924342475679
오스트레일리아,공용,2026-04-01 08:57:27.303636,102.62792768951589,,34.125089013628745,68.37650835157231
오스트레일리아,공용,2026-05-01 08:57:27.303636,101.93143321253991,,33.838253952071646,67.88484358230578
오스트레일리아,공용,2026-06-01 08:57:27.303636,93.07369344743464,,33.896674461412175,63.485183954423405
오스트레일리아,공용,2026-07-01 08:57:27.303636,70.58260197607916,,34.15446891693857,52.368535446508865
오스트레일리아,관광,2025-08-01 08:57:27.303636,19508.578351263004,,20117.06342708186,19812.82088917243
오스트레일리아,관광,2025-09-01 08:57:27.303636,29164.69743025796,,14345.39079562419,21755.044112941076
오스트레일리아,관광,2025-10-01 08:57:27.303636,32383.985844774415,,12556.486124736995,22470.235984755705
오스트레일리아,관광,2025-11-01 08:57:27.303636,24871.647132233928,,14230.354193242543,19551.000662738235
오스트레일리아,관광,2025-12-01 08:57:27.303636,33156.69105830764,,17920.953307744712,25538.822183026175
오스트레일리아,관광,2026-01-01 08:57:27.303636,24455.945991375615,,13302.862732812348,18879.40436209398
오스트레일리아,관광,2026-02-01 08:57:27.303636,16783.871786011052,,10876.578692884115,13830.225239447584
오스트레일리아,관광,2026-03-01 08:57:27.303636,29490.54942977411,,11074.251287100215,20282.40035843716
오스트레일리아,관광,2026-04-01 08:57:27.303636,37886.598279934806,,13183.9827905333,25535.290535234053
오스트레일리아,관광,2026-05-01 08:57:27.303636,30212.990704643722,,11924.309012118512,21068.64985838112
오스트레일리아,관광,2026-06-01 08:57:27.303636,31321.58404948071,,9795.594816596527,20558.589433038618
오스트레일리아,관광,2026-07-01 08:57:27.303636,28509.589037202535,,8138.337537606339,18323.963287404436
오스트레일리아,기타,2025-08-01 08:57:27.303636,2603.019343207099,,1946.4585767401277,2274.7389599736134
오스트레일리아,기타,2025-09-01 08:57:27.303636,2345.237027021218,,2128.8467702444764,2237.0418986328473
오스트레일리아,기타,2025-10-01 08:57:27.303636,2665.476642608603,,2081.8183471555467,2373.647494882075
오스트레일리아,기타,2025-11-01 08:57:27.303636,2171.0260892104607,,2031.960864539978,2101.493476875219
오스트레일리아,기타,2025-12-01 08:57:27.303636,2129.5107035336573,,1941.0154280610093,2035.2630657973332
오스트레일리아,기타,2026-01-01 08:57:27.303636,2363.783995455258,,2018.204064276235,2190.9940298657466
오스트레일리아,기타,2026-02-01 08:57:27.303636,2084.93570564666,,2002.0412151327382,2043.4884603896992
오스트레일리아,기타,2026-03-01 08:57:27.303636,3165.2795035554495,,1959.8340841953159,2562.556793875383
오스트레일리아,기타,2026-04-01 08:57:27.303636,2667.854855925751,,1828.8903665347286,2248.3726112302397
오스트레일리아,기타,2026-05-01 08:57:27.303636,2693.71784219362,,1742.8833134755414,2218.3005778345805
오스트레일리아,기타,2026-06-01 08:57:27.303636,2492.703937889018,,1660.9106772883024,2076.8073075886605
오스트레일리아,기타,2026-07-01 08:57:27.303636,2670.2749095576946,,1590.0899466043277,2130.182428081011
오스트레일리아,상용,2025-08-01 08:57:27.303636,67.9708407109852,,62.80150303896497,65.38617187497508
오스트레일리아,상용,2025-09-01 08:57:27.303636,78.65544391499546,,80.79757378249707,79.72650884874626
오스트레일리아,상용,2025-10-01 08:57:27.303636,81.57529921708189,,82.64503052834388,82.11016487271289
오스트레일리아,상용,2025-11-01 08:57:27.303636,74.19009110260758,,80.70215616311918,77.44612363286339
오스트레일리아,상용,2025-12-01 08:57:27.303636,50.92042066073023,,80.78121214210861,65.85081640141942
오스트레일리아,상용,2026-01-01 08:57:27.303636,69.8928966622611,,98.03537459597425,83.96413562911766
오스트레일리아,상용,2026-02-01 08:57:27.303636,70.84847165406222,,98.82853491149322,84.83850328277772
오스트레일리아,상용,2026-03-01 08:57:27.303636,79.60358367053574,,94.39842031914006,87.0010019948379
오스트레일리아,상용,2026-04-01 08:57:27.303636,77.59758983854006,,91.21495436915151,84.4062721038458
오스트레일리아,상용,2026-05-01 08:57:27.303636,87.85183499561319,,86.21108797533597,87.03146148547458
오스트레일리아,상용,2026-06-01 08:57:27.303636,82.97189626005773,,77.78105074208776,80.37647350107275
오스트레일리아,상용,2026-07-01 08:57:27.303636,75.72110290864548,,66.25196712194128,70.98653501529338
오스트레일리아,유학연수,2025-08-01 08:57:27.303636,151.4443168829517,,27.53335176190095,89.48883432242633
오스트레일리아,유학연수,2025-09-01 08:57:27.303636,17.47449733513779,,63.63356974205109,40.55403353859444
오스트레일리아,유학연수,2025-10-01 08:57:27.303636,18.561080283605364,,54.01200025583279,36.286540269719076
오스트레일리아,유학연수,2025-11-01 08:57:27.303636,42.61445146817071,,38.85721318683935,40.73583232750503
오스트레일리아,유학연수,2025-12-01 08:57:27.303636,44.29466596635399,,38.383193496312614,41.3389297313333
오스트레일리아,유학연수,2026-01-01 08:57:27.303636,40.62941797896875,,13.244182018117002,26.936799998542877
오스트레일리아,유학연수,2026-02-01 08:57:27.303636,124.96499921987267,,31.96946763957719,78.46723342972493
오스트레일리아,유학연수,2026-03-01 08:57:27.303636,24.844601240791043,,38.075106170226476,31.45985370550876
오스트레일리아,유학연수,2026-04-01 08:57:27.303636,23.487593612036516,,29.550328470572843,26.518961041304678
오스트레일리아,유학연수,2026-05-01 08:57:27.303636,42.50197040802564,,12.637820037708844,27.569895222867242
오스트레일리아,유학연수,2026-06-01 08:57:27.303636,38.07649086987906,,57.5832552076445,47.829873038761775
오스트레일리아,유학연수,2026-07-01 08:57:27.303636,46.20502089734769,,38.560248964310475,42.382634930829084
요르단,공용,2025-08-01 08:57:27.303636,0.028230724184902276,,0.7432794147843877,0.385755069484645
요르단,공용,2025-09-01 08:57:27.303636,0.030660615379222392,,0.9493024307270341,0.48998152305312825
요르단,공용,2025-10-01 08:57:27.303636,0.042343637372504676,,1.6283901577863529,0.8353668975794287
요르단,공용,2025-11-01 08:57:27.303636,0.5276060601943705,,3.1339425430538914,1.830774301624131
요르단,공용,2025-12-01 08:57:27.303636,0.006810820630824388,,2.5895685755628013,1.2981896980968128
요르단,공용,2026-01-01 08:57:27.303636,-0.001864805790749897,,3.405531980805609,1.7018335875074295
요르단,공용,2026-02-01 08:57:27.303636,-0.019582719784445164,,7.840142339484644,3.9102798098500995
요르단,공용,2026-03-01 08:57:27.303636,0.9551344348143362,,13.127369610544562,7.0412520226794495
요르단,공용,2026-04-01 08:57:27.303636,0.012069217245953199,,6.07723257016653,3.0446508937062418
요르단,공용,2026-05-01 08:57:27.303636,0.0194326469508707,,1.4596428851056897,0.7395377660282803
요르단,공용,2026-06-01 08:57:27.303636,-0.009264896335402626,,0.7285387842665343,0.35963694396556584
요르단,공용,2026-07-01 08:57:27.303636,0.05754760065143387,,2.0460598339420266,1.0518037172967303
요르단,관광,2025-08-01 08:57:27.303636,85.82413933978064,,121.64451969709125,103.73432951843594
요르단,관광,2025-09-01 08:57:27.303636,184.55810691015114,,117.01901519270973,150.78856105143043
요르단,관광,2025-10-01 08:57:27.303636,213.52671032380334,,119.29943614620629,166.41307323500482
요르단,관광,2025-11-01 08:57:27.303636,168.46265437643828,,120.48384892027082,144.47325164835456
요르단,관광,2025-12-01 08:57:27.303636,78.06611746591537,,115.12738986958648,96.59675366775093
요르단,관광,2026-01-01 08:57:27.303636,68.80336336786854,,112.45650595962923,90.62993466374888
요르단,관광,2026-02-01 08:57:27.303636,86.11649359282579,,116.86127888244417,101.48888623763497
요르단,관광,2026-03-01 08:57:27.303636,126.63144041249643,,115.21429054214016,120.9228654773183
요르단,관광,2026-04-01 08:57:27.303636,140.27941110761446,,108.03214573778789,124.15577842270118
요르단,관광,2026-05-01 08:57:27.303636,167.91073674498864,,101.2309410673973,134.57083890619296
요르단,관광,2026-06-01 08:57:27.303636,163.5860004898733,,94.15242163847509,128.86921106417418
요르단,관광,2026-07-01 08:57:27.303636,133.67223969514288,,87.52928497341546,110.60076233427917
요르단,기타,2025-08-01 08:57:27.303636,82.21975693502968,,37.733183271761796,59.97647010339574
요르단,기타,2025-09-01 08:57:27.303636,64.87832110827787,,41.91921542305296,53.39876826566542
요르단,기타,2025-10-01 08:57:27.303636,56.284914270761206,,42.10798646738493,49.19645036907307
요르단,기타,2025-11-01 08:57:27.303636,54.25257734889987,,36.50765384958042,45.38011559924014
요르단,기타,2025-12-01 08:57:27.303636,52.72680210575891,,32.11728293362197,42.422042519690436
요르단,기타,2026-01-01 08:57:27.303636,52.8524521985179,,41.24473314859232,47.048592673555106
요르단,기타,2026-02-01 08:57:27.303636,58.487963809202235,,28.73182419201001,43.60989400060612
요르단,기타,2026-03-01 08:57:27.303636,60.11305716321051,,22.101725297457016,41.10739123033376
요르단,기타,2026-04-01 08:57:27.303636,50.97028847491252,,13.966416148273197,32.46835231159286
요르단,기타,2026-05-01 08:57:27.303636,59.472418494077594,,13.408261372229324,36.44033993315346
요르단,기타,2026-06-01 08:57:27.303636,46.240856446356595,,13.448084644998325,29.84447054567746
요르단,기타,2026-07-01 08:57:27.303636,66.27044426257872,,15.130234173332441,40.70033921795558
요르단,상용,2025-08-01 08:57:27.303636,80.2064323465111,,52.74288334396533,66.47465784523821
요르단,상용,2025-09-01 08:57:27.303636,73.28722236330435,,63.24444834000142,68.26583535165288
요르단,상용,2025-10-01 08:57:27.303636,109.96244057069336,,62.560774052575766,86.26160731163456
요르단,상용,2025-11-01 08:57:27.303636,88.87936614661893,,65.33832386833033,77.10884500747463
요르단,상용,2025-12-01 08:57:27.303636,71.99312034542282,,59.447705739484924,65.72041304245387
요르단,상용,2026-01-01 08:57:27.303636,68.98049253361924,,62.44734179950422,65.71391716656173
요르단,상용,2026-02-01 08:57:27.303636,83.93760240892237,,57.40944657900549,70.67352449396392
요르단,상용,2026-03-01 08:57:27.303636,90.12447946943162,,52.00846124274313,71.06647035608738
요르단,상용,2026-04-01 08:57:27.303636,92.39040292850537,,43.41601592742636,67.90320942796586
요르단,상용,2026-05-01 08:57:27.303636,100.29794258526263,,35.633668390684235,67.96580548797343
요르단,상용,2026-06-01 08:57:27.303636,97.24113438480101,,31.814966733311792,64.5280505590564
요르단,상용,2026-07-01 08:57:27.303636,80.08297135068662,,29.827231462035968,54.955101406361294
요르단,유학연수,2025-08-01 08:57:27.303636,20.855542447598435,,1.6754258324870168,11.265484140042727
요르단,유학연수,2025-09-01 08:57:27.303636,7.619731821029403,,5.128072281826241,6.373902051427822
요르단,유학연수,2025-10-01 08:57:27.303636,3.6441837264261374,,5.978159301078513,4.811171513752325
요르단,유학연수,2025-11-01 08:57:27.303636,3.738799593606726,,4.02464842671477,3.881724010160748
요르단,유학연수,2025-12-01 08:57:27.303636,2.683785353764267,,3.453428094383729,3.068606724073998
요르단,유학연수,2026-01-01 08:57:27.303636,5.21800608995508,,6.791246488870339,6.004626289412709
요르단,유학연수,2026-02-01 08:57:27.303636,14.35573049860651,,6.0610827371556955,10.208406617881103
요르단,유학연수,2026-03-01 08:57:27.303636,7.332173637628244,,4.158060207296961,5.745116922462602
요르단,유학연수,2026-04-01 08:57:27.303636,1.725216709529675,,3.3192811059820304,2.522248907755853
요르단,유학연수,2026-05-01 08:57:27.303636,3.362164855025067,,3.3899673105561217,3.3760660827905946
요르단,유학연수,2026-06-01 08:57:27.303636,4.890970201554886,,4.250264789518634,4.57061749553676
요르단,유학연수,2026-07-01 08:57:27.303636,6.818610267994378,,6.028347674574938,6.423478971284658
우즈베키스탄,공용,2025-08-01 08:57:27.303636,-0.5649769560504845,,12.262867738910858,5.8489453914301865
우즈베키스탄,공용,2025-09-01 08:57:27.303636,-0.288917595073206,,11.514233499080097,5.612657952003445
우즈베키스탄,공용,2025-10-01 08:57:27.303636,-1.1087132979674466,,31.502953567773552,15.197120134903052
우즈베키스탄,공용,2025-11-01 08:57:27.303636,-2.575920810524746,,58.257485128936665,27.840782159205958
우즈베키스탄,공용,2025-12-01 08:57:27.303636,-3.446031195916881,,25.008256037250014,10.781112420666567
우즈베키스탄,공용,2026-01-01 08:57:27.303636,-1.0275450878587982,,0.29581100130700877,-0.3658670432758947
우즈베키스탄,공용,2026-02-01 08:57:27.303636,-1.6998478415376796,,2.821121275447121,0.5606367169547206
우즈베키스탄,공용,2026-03-01 08:57:27.303636,-1.3228644497210102,,11.368528877087865,5.022832213683428
우즈베키스탄,공용,2026-04-01 08:57:27.303636,-2.1047333907168264,,11.757376031377518,4.826321320330345
우즈베키스탄,공용,2026-05-01 08:57:27.303636,-2.1952456240783413,,9.879351958068515,3.842053166995087
우즈베키스탄,공용,2026-06-01 08:57:27.303636,-2.8215539719903346,,21.920618593586852,9.54953231079826
우즈베키스탄,공용,2026-07-01 08:57:27.303636,-4.363911879725636,,26.22716009864743,10.931624109460898
우즈베키스탄,관광,2025-08-01 08:57:27.303636,1155.0691169841818,,481.21472273843983,818.1419198613108
우즈베키스탄,관광,2025-09-01 08:57:27.303636,1096.838770391287,,469.4243455955782,783.1315579934326
우즈베키스탄,관광,2025-10-01 08:57:27.303636,1119.066795915436,,488.67973724755075,803.8732665814933
우즈베키스탄,관광,2025-11-01 08:57:27.303636,1306.2238973753347,,620.0231117561419,963.1235045657384
우즈베키스탄,관광,2025-12-01 08:57:27.303636,974.0458096051302,,727.8897945654096,850.9678020852699
우즈베키스탄,관광,2026-01-01 08:57:27.303636,941.688505004908,,731.2293610016986,836.4589330033034
우즈베키스탄,관광,2026-02-01 08:57:27.303636,1004.9521169135046,,822.3482253014495,913.650171107477
우즈베키스탄,관광,2026-03-01 08:57:27.303636,1143.721269494003,,996.4389723508095,1070.0801209224064
우즈베키스탄,관광,2026-04-01 08:57:27.303636,1190.415383247659,,1102.2415799859918,1146.3284816168255
우즈베키스탄,관광,2026-05-01 08:57:27.303636,1437.9165046574774,,1206.4733219032923,1322.1949132803848
우즈베키스탄,관광,2026-06-01 08:57:27.303636,1448.331679020027,,1309.3450928194484,1378.8383859197377
우즈베키스탄,관광,2026-07-01 08:57:27.303636,1517.0289792068174,,1389.3631637436888,1453.1960714752531
우즈베키스탄,기타,2025-08-01 08:57:27.303636,3836.7682607489332,,2498.5796283820746,3167.673944565504
우즈베키스탄,기타,2025-09-01 08:57:27.303636,4152.22453430885,,3293.8479934497664,3723.036263879308
우즈베키스탄,기타,2025-10-01 08:57:27.303636,4127.756239626518,,3136.1067803142114,3631.931509970365
우즈베키스탄,기타,2025-11-01 08:57:27.303636,3669.4616287212834,,2879.3167262655134,3274.389177493398
우즈베키스탄,기타,2025-12-01 08:57:27.303636,3154.830767939665,,2720.5398464913656,2937.6853072155154
우즈베키스탄,기타,2026-01-01 08:57:27.303636,3936.1018745657516,,3422.896876460867,3679.499375513309
우즈베키스탄,기타,2026-02-01 08:57:27.303636,3924.0207569581767,,3177.8223966103014,3550.921576784239
우즈베키스탄,기타,2026-03-01 08:57:27.303636,4147.053549452157,,2833.212415637511,3490.1329825448342
우즈베키스탄,기타,2026-04-01 08:57:27.303636,4534.728882641386,,2639.9579560693815,3587.343419355384
우즈베키스탄,기타,2026-05-01 08:57:27.303636,4045.016333527512,,2661.8043714492533,3353.4103524883826
우즈베키스탄,기타,2026-06-01 08:57:27.303636,3957.8914869117802,,2704.0050293506256,3330.948258131203
우즈베키스탄,기타,2026-07-01 08:57:27.303636,4173.517675995535,,2709.6740392880265,3441.5958576417806
우즈베키스탄,상용,2025-08-01 08:57:27.303636,469.86277501629905,,339.40275028885867,404.6327626525789
우즈베키스탄,상용,2025-09-01 08:57:27.303636,463.5742802876069,,341.7068999754999,402.6405901315534
우즈베키스탄,상용,2025-10-01 08:57:27.303636,547.0039237772278,,394.98241854460287,470.9931711609153
우즈베키스탄,상용,2025-11-01 08:57:27.303636,642.8277749916822,,438.73502779990366,540.781401395793
우즈베키스탄,상용,2025-12-01 08:57:27.303636,541.7618468942225,,409.7801240871598,475.77098549069115
우즈베키스탄,상용,2026-01-01 08:57:27.303636,506.30330484656776,,421.8152325575523,464.05926870206
우즈베키스탄,상용,2026-02-01 08:57:27.303636,480.3055493654504,,519.3063810053621,499.8059651854063
우즈베키스탄,상용,2026-03-01 08:57:27.303636,640.9755795466189,,608.2784392839105,624.6270094152646
우즈베키스탄,상용,2026-04-01 08:57:27.303636,638.7801734157872,,576.2246938119636,607.5024336138754
우즈베키스탄,상용,2026-05-01 08:57:27.303636,613.4282838768203,,576.4513319169279,594.9398078968741
우즈베키스탄,상용,2026-06-01 08:57:27.303636,567.6995345606789,,584.6649722864269,576.1822534235529
우즈베키스탄,상용,2026-07-01 08:57:27.303636,612.9473269781804,,587.4018186125238,600.1745727953521
우즈베키스탄,유학연수,2025-08-01 08:57:27.303636,2889.379094589667,,760.4015476321426,1824.890321110905
우즈베키스탄,유학연수,2025-09-01 08:57:27.303636,3465.4336289265643,,462.69686540261085,1964.0652471645876
우즈베키스탄,유학연수,2025-10-01 08:57:27.303636,301.86675034955357,,602.1820549783749,452.0244026639642
우즈베키스탄,유학연수,2025-11-01 08:57:27.303636,424.2349299957239,,1096.680186996866,760.457558496295
우즈베키스탄,유학연수,2025-12-01 08:57:27.303636,647.9749523890141,,1954.6528929750332,1301.3139226820235
우즈베키스탄,유학연수,2026-01-01 08:57:27.303636,1377.4774815253077,,3062.210405259213,2219.8439433922604
우즈베키스탄,유학연수,2026-02-01 08:57:27.303636,2791.837857418602,,1418.5549802535977,2105.1964188361
우즈베키스탄,유학연수,2026-03-01 08:57:27.303636,2576.417098452734,,271.6123540975771,1424.0147262751557
우즈베키스탄,유학연수,2026-04-01 08:57:27.303636,419.87054079496994,,422.2087575338634,421.0396491644167
우즈베키스탄,유학연수,2026-05-01 08:57:27.303636,434.91053466128045,,744.1993874701791,589.5549610657298
우즈베키스탄,유학연수,2026-06-01 08:57:27.303636,526.6431105516992,,1550.9828403529123,1038.8129754523056
우즈베키스탄,유학연수,2026-07-01 08:57:27.303636,1026.7091149269975,,2576.549321466596,1801.629218196797
우크라이나,공용,2025-08-01 08:57:27.303636,3.147887669721904,,2.6633163145601237,2.9056019921410137
우크라이나,공용,2025-09-01 08:57:27.303636,4.433211142539639,,2.353219527641161,3.3932153350904
우크라이나,공용,2025-10-01 08:57:27.303636,3.489871418721973,,2.5570032631165307,3.023437340919252
우크라이나,공용,2025-11-01 08:57:27.303636,7.09819539919892,,2.79719385384767,4.947694626523295
우크라이나,공용,2025-12-01 08:57:27.303636,5.8160653388048775,,2.487482460556108,4.151773899680492
우크라이나,공용,2026-01-01 08:57:27.303636,2.8398492970758453,,2.2166176069419246,2.5282334520088847
우크라이나,공용,2026-02-01 08:57:27.303636,-0.04527978053266063,,2.5573565173295383,1.2560383683984389
우크라이나,공용,2026-03-01 08:57:27.303636,13.02678304997163,,2.8542472247551434,7.940515137363387
우크라이나,공용,2026-04-01 08:57:27.303636,4.792382488434275,,2.586327376547339,3.689354932490807
우크라이나,공용,2026-05-01 08:57:27.303636,3.767520700072609,,2.2171292205476276,2.9923249603101185
우크라이나,공용,2026-06-01 08:57:27.303636,6.731302617054484,,1.6611371262474408,4.196219871650962
우크라이나,공용,2026-07-01 08:57:27.303636,11.271164405082219,,1.1410703546777634,6.206117379879991
우크라이나,관광,2025-08-01 08:57:27.303636,518.6951340426331,,606.4088133285076,562.5519736855704
우크라이나,관광,2025-09-01 08:57:27.303636,729.9933353409423,,603.3173856867234,666.6553605138329
우크라이나,관광,2025-10-01 08:57:27.303636,732.7832141939128,,634.6766488314788,683.7299315126959
우크라이나,관광,2025-11-01 08:57:27.303636,651.3575129596398,,658.6339179432125,654.9957154514261
우크라이나,관광,2025-12-01 08:57:27.303636,549.9136199697507,,657.0361140245238,603.4748669971373
우크라이나,관광,2026-01-01 08:57:27.303636,505.67627932326576,,636.838333721854,571.2573065225599
우크라이나,관광,2026-02-01 08:57:27.303636,575.0862780079758,,670.5095147597812,622.7978963838784
우크라이나,관광,2026-03-01 08:57:27.303636,650.3642748459142,,684.9047398424714,667.6345073441928
우크라이나,관광,2026-04-01 08:57:27.303636,638.8342898146543,,670.9349221495012,654.8846059820778
우크라이나,관광,2026-05-01 08:57:27.303636,655.3015098846546,,667.675395852169,661.4884528684117
우크라이나,관광,2026-06-01 08:57:27.303636,730.7936842562527,,668.5948958919672,699.69429007411
우크라이나,관광,2026-07-01 08:57:27.303636,684.6618548904436,,671.6183276866748,678.1400912885592
우크라이나,기타,2025-08-01 08:57:27.303636,1269.0537896977394,,1190.1159280054808,1229.58485885161
우크라이나,기타,2025-09-01 08:57:27.303636,1309.7099647773366,,1307.0099611083333,1308.359962942835
우크라이나,기타,2025-10-01 08:57:27.303636,1335.992391989351,,1298.5937568748254,1317.2930744320884
우크라이나,기타,2025-11-01 08:57:27.303636,1157.4484311860858,,1370.9579144599086,1264.2031728229972
우크라이나,기타,2025-12-01 08:57:27.303636,1270.8012420966472,,1347.667792395838,1309.2345172462426
우크라이나,기타,2026-01-01 08:57:27.303636,1236.0769619940736,,1471.7764968247118,1353.9267294093927
우크라이나,기타,2026-02-01 08:57:27.303636,1291.483613333898,,1455.2142708060526,1373.3489420699752
우크라이나,기타,2026-03-01 08:57:27.303636,1330.463272812428,,1492.0649665692072,1411.2641196908176
우크라이나,기타,2026-04-01 08:57:27.303636,1330.6593827649244,,1453.8415238607618,1392.250453312843
우크라이나,기타,2026-05-01 08:57:27.303636,1425.6245212929166,,1409.9161008634546,1417.7703110781856
우크라이나,기타,2026-06-01 08:57:27.303636,1382.7116946052117,,1378.069239871046,1380.3904672381288
우크라이나,기타,2026-07-01 08:57:27.303636,1395.6380642318727,,1369.257041954077,1382.4475530929749
우크라이나,상용,2025-08-01 08:57:27.303636,42.5161513925528,,64.06989189245236,53.29302164250258
우크라이나,상용,2025-09-01 08:57:27.303636,50.39260115537312,,73.57181825074302,61.982209703058075
우크라이나,상용,2025-10-01 08:57:27.303636,97.23082046702024,,96.62518600555568,96.92800323628796
우크라이나,상용,2025-11-01 08:57:27.303636,70.63539465296375,,109.36763079614626,90.001512724555
우크라이나,상용,2025-12-01 08:57:27.303636,58.20840655106175,,108.48992505217893,83.34916580162034
우크라이나,상용,2026-01-01 08:57:27.303636,41.095395229694354,,95.5779369703146,68.33666610000448
우크라이나,상용,2026-02-01 08:57:27.303636,60.530814692314266,,137.53990831065474,99.0353615014845
우크라이나,상용,2026-03-01 08:57:27.303636,68.80981093824474,,136.45505588940614,102.63243341382544
우크라이나,상용,2026-04-01 08:57:27.303636,73.86158151883575,,121.9677270469435,97.91465428288961
우크라이나,상용,2026-05-01 08:57:27.303636,69.69873404364446,,118.51244378890104,94.10558891627275
우크라이나,상용,2026-06-01 08:57:27.303636,80.22558544756441,,111.58909530761477,95.90734037758959
우크라이나,상용,2026-07-01 08:57:27.303636,66.41303697246545,,105.04921118243954,85.73112407745249
우크라이나,유학연수,2025-08-01 08:57:27.303636,190.36783538330928,,9.111498948607514,99.7396671659584
우크라이나,유학연수,2025-09-01 08:57:27.303636,17.15816328088894,,13.658240379088175,15.408201829988556
우크라이나,유학연수,2025-10-01 08:57:27.303636,-4.4688237979648235,,12.264031334331465,3.8976037681833207
우크라이나,유학연수,2025-11-01 08:57:27.303636,10.796623086053208,,7.184242867615454,8.990432976834331
우크라이나,유학연수,2025-12-01 08:57:27.303636,16.146914101656215,,25.881174535356852,21.014044318506535
우크라이나,유학연수,2026-01-01 08:57:27.303636,34.519248195026954,,15.330221217360371,24.92473470619366
우크라이나,유학연수,2026-02-01 08:57:27.303636,105.60593314900629,,10.13155611753434,57.86874463327032
우크라이나,유학연수,2026-03-01 08:57:27.303636,30.89465835283933,,7.5526470556256236,19.223652704232478
우크라이나,유학연수,2026-04-01 08:57:27.303636,7.511600562248509,,9.314722398770545,8.413161480509526
우크라이나,유학연수,2026-05-01 08:57:27.303636,9.401273113241313,,21.17580534305466,15.288539228147986
우크라이나,유학연수,2026-06-01 08:57:27.303636,14.147094284285272,,25.184229603348903,19.66566194381709
우크라이나,유학연수,2026-07-01 08:57:27.303636,16.291165325821222,,19.82665473620657,18.058910031013895
이  란,공용,2025-08-01 08:57:27.303636,11.354744473374755,,3.614292428409844,7.484518450892299
이  란,공용,2025-09-01 08:57:27.303636,10.325172374055821,,3.526458981277856,6.925815677666838
이  란,공용,2025-10-01 08:57:27.303636,-0.09483555136759299,,3.5787387998135625,1.7419516242229847
이  란,공용,2025-11-01 08:57:27.303636,12.188612851110879,,3.6370687018516934,7.912840776481286
이  란,공용,2025-12-01 08:57:27.303636,6.270841988774824,,3.3598356756689975,4.815338832221911
이  란,공용,2026-01-01 08:57:27.303636,6.551679718685704,,3.1662079887256986,4.858943853705702
이  란,공용,2026-02-01 08:57:27.303636,0.5766576110126624,,3.362035554428269,1.969346582720466
이  란,공용,2026-03-01 08:57:27.303636,2.0629715553273664,,3.8240473183778496,2.943509436852608
이  란,공용,2026-04-01 08:57:27.303636,3.44450037468586,,3.7307604518491977,3.5876304132675285
이  란,공용,2026-05-01 08:57:27.303636,5.3082522929609475,,3.3594737939454395,4.333863043453194
이  란,공용,2026-06-01 08:57:27.303636,10.80531457475242,,2.914076010394931,6.859695292573676
이  란,공용,2026-07-01 08:57:27.303636,3.8884363490290434,,2.7727000896022496,3.3305682193156465
이  란,관광,2025-08-01 08:57:27.303636,500.4412007119865,,270.85525354563543,385.64822712881096
이  란,관광,2025-09-01 08:57:27.303636,521.1697943652671,,270.94207364006354,396.0559340026653
이  란,관광,2025-10-01 08:57:27.303636,375.9772103250827,,270.5792428386409,323.27822658186176
이  란,관광,2025-11-01 08:57:27.303636,317.3998821287311,,271.60457980861673,294.5022309686739
이  란,관광,2025-12-01 08:57:27.303636,212.22974774987676,,281.08428798720644,246.6570178685416
이  란,관광,2026-01-01 08:57:27.303636,157.41616261662543,,283.7165492641383,220.56635594038187
이  란,관광,2026-02-01 08:57:27.303636,114.83076328624388,,246.74557709151435,180.78817018887912
이  란,관광,2026-03-01 08:57:27.303636,465.3808030846102,,230.93412681521102,348.1574649499106
이  란,관광,2026-04-01 08:57:27.303636,257.38374684555384,,246.30766911265792,251.8457079791059
이  란,관광,2026-05-01 08:57:27.303636,398.20859583078425,,259.44042292249316,328.82450937663873
이  란,관광,2026-06-01 08:57:27.303636,451.62701059737384,,266.9101848161384,359.2685977067561
이  란,관광,2026-07-01 08:57:27.303636,417.45093377671407,,264.82165934171235,341.1362965592132
이  란,기타,2025-08-01 08:57:27.303636,54.26808117266084,,22.151339132976204,38.20971015281852
이  란,기타,2025-09-01 08:57:27.303636,60.761775484836456,,21.03132396050985,40.89654972267316
이  란,기타,2025-10-01 08:57:27.303636,45.275172893267516,,17.53344139305196,31.404307143159738
이  란,기타,2025-11-01 08:57:27.303636,50.66239897851337,,8.016781543336009,29.33959026092469
이  란,기타,2025-12-01 08:57:27.303636,47.63322359377616,,-10.07728163425324,18.77797097976146
이  란,기타,2026-01-01 08:57:27.303636,68.09196350100069,,-17.222224129683198,25.434869685658747
이  란,기타,2026-02-01 08:57:27.303636,46.90847192284511,,-20.50515553598619,13.20165819342946
이  란,기타,2026-03-01 08:57:27.303636,65.53337555588283,,-29.346061566940065,18.09365699447138
이  란,기타,2026-04-01 08:57:27.303636,51.298841732641236,,-49.21083245392886,1.0440046393561886
이  란,기타,2026-05-01 08:57:27.303636,44.974413605398404,,-59.55172644256207,-7.288656418581834
이  란,기타,2026-06-01 08:57:27.303636,58.125694336601065,,-68.7107295222494,-5.292517592824165
이  란,기타,2026-07-01 08:57:27.303636,66.44474876610413,,-77.55519582088287,-5.555223527389373
이  란,상용,2025-08-01 08:57:27.303636,48.48064084170716,,21.860251776848173,35.170446309277665
이  란,상용,2025-09-01 08:57:27.303636,52.332760270887476,,24.456579372707353,38.394669821797414
이  란,상용,2025-10-01 08:57:27.303636,68.99960243732151,,21.989995302228266,45.49479886977489
이  란,상용,2025-11-01 08:57:27.303636,68.35724928691505,,25.192941641677095,46.77509546429607
이  란,상용,2025-12-01 08:57:27.303636,54.57377106042453,,27.854180169265476,41.213975614845
이  란,상용,2026-01-01 08:57:27.303636,47.28198930608572,,33.1353417219151,40.20866551400041
이  란,상용,2026-02-01 08:57:27.303636,50.19823179248234,,36.592636134183664,43.395433963333005
이  란,상용,2026-03-01 08:57:27.303636,57.4816240742464,,43.961303796127595,50.721463935186996
이  란,상용,2026-04-01 08:57:27.303636,54.03971250738148,,48.59069253682077,51.315202522101124
이  란,상용,2026-05-01 08:57:27.303636,75.94472999130714,,50.112300035657,63.02851501348207
이  란,상용,2026-06-01 08:57:27.303636,61.58905469737701,,56.18951747298681,58.88928608518191
이  란,상용,2026-07-01 08:57:27.303636,61.211170452690716,,61.35567872660373,61.283424589647225
이  란,유학연수,2025-08-01 08:57:27.303636,108.50577907069069,,20.015407630144136,64.26059335041741
이  란,유학연수,2025-09-01 08:57:27.303636,53.113616757207204,,20.185997115704307,36.649806936455754
이  란,유학연수,2025-10-01 08:57:27.303636,16.089781949958407,,19.71461345127529,17.90219770061685
이  란,유학연수,2025-11-01 08:57:27.303636,20.797093229272516,,18.466183264398584,19.63163824683555
이  란,유학연수,2025-12-01 08:57:27.303636,24.47914101896339,,68.77408487567999,46.62661294732169
이  란,유학연수,2026-01-01 08:57:27.303636,30.911531890683435,,65.65264619689553,48.28208904378948
이  란,유학연수,2026-02-01 08:57:27.303636,88.14891597260596,,51.638693517302976,69.89380474495447
이  란,유학연수,2026-03-01 08:57:27.303636,44.144039759699496,,34.004079244002,39.07405950185075
이  란,유학연수,2026-04-01 08:57:27.303636,16.396433291744394,,32.93868356733874,24.667558429541568
이  란,유학연수,2026-05-01 08:57:27.303636,19.72943361988676,,60.68898768773449,40.20921065381062
이  란,유학연수,2026-06-01 08:57:27.303636,24.933219684703513,,85.03618252173294,54.98470110321823
이  란,유학연수,2026-07-01 08:57:27.303636,32.90969955317361,,33.21311750311094,33.06140852814227
이라크,공용,2025-08-01 08:57:27.303636,0.49511930246841235,,4.470963101463372,2.483041201965892
이라크,공용,2025-09-01 08:57:27.303636,5.35220206691516,,4.594867594234011,4.973534830574586
이라크,공용,2025-10-01 08:57:27.303636,1.4491969379477432,,4.074420371338636,2.7618086546431897
이라크,공용,2025-11-01 08:57:27.303636,0.4420496903929676,,4.413757914271291,2.4279038023321293
이라크,공용,2025-12-01 08:57:27.303636,0.5292139295893808,,2.9578320933126503,1.7435230114510156
이라크,공용,2026-01-01 08:57:27.303636,0.7338162078624461,,3.84313316680199,2.288474687332218
이라크,공용,2026-02-01 08:57:27.303636,4.40240271111121,,2.2416756126604223,3.322039161885816
이라크,공용,2026-03-01 08:57:27.303636,3.7304283827997105,,2.249626412249502,2.9900273975246066
이라크,공용,2026-04-01 08:57:27.303636,2.3285228402767335,,2.8909098938640296,2.609716367070382
이라크,공용,2026-05-01 08:57:27.303636,2.425992138040372,,6.129247368653994,4.277619753347183
이라크,공용,2026-06-01 08:57:27.303636,1.7200581145175433,,7.421015282996832,4.570536698757188
이라크,공용,2026-07-01 08:57:27.303636,1.5904028237641805,,6.162449470741752,3.876426147252966
이라크,관광,2025-08-01 08:57:27.303636,147.38414163209146,,109.86451048691245,128.62432605950195
이라크,관광,2025-09-01 08:57:27.303636,104.51439284893054,,106.70280122584522,105.60859703738788
이라크,관광,2025-10-01 08:57:27.303636,196.71533775161907,,114.91113294737318,155.81323534949613
이라크,관광,2025-11-01 08:57:27.303636,141.4061292262187,,124.65038100740743,133.02825511681306
이라크,관광,2025-12-01 08:57:27.303636,98.9112354758303,,121.33964064805309,110.1254380619417
이라크,관광,2026-01-01 08:57:27.303636,61.540787242100535,,94.04376526252483,77.79227625231269
이라크,관광,2026-02-01 08:57:27.303636,57.62666898379748,,98.59852623661092,78.1125976102042
이라크,관광,2026-03-01 08:57:27.303636,111.24655547826141,,107.3751724042302,109.3108639412458
이라크,관광,2026-04-01 08:57:27.303636,135.69445259004482,,99.4636862924584,117.57906944125162
이라크,관광,2026-05-01 08:57:27.303636,135.02768399842904,,88.00346758255674,111.51557579049289
이라크,관광,2026-06-01 08:57:27.303636,145.9791949237989,,94.91144977536607,120.44532234958248
이라크,관광,2026-07-01 08:57:27.303636,155.0116004960658,,103.86942561136335,129.44051305371457
이라크,기타,2025-08-01 08:57:27.303636,19.494308231567352,,9.27820895174906,14.386258591658205
이라크,기타,2025-09-01 08:57:27.303636,15.018135907260326,,12.033983656549848,13.526059781905087
이라크,기타,2025-10-01 08:57:27.303636,23.17887509116711,,12.607733227225781,17.893304159196447
이라크,기타,2025-11-01 08:57:27.303636,13.28628843423719,,10.584820419179032,11.93555442670811
이라크,기타,2025-12-01 08:57:27.303636,13.324893797934973,,8.260131423286104,10.792512610610538
이라크,기타,2026-01-01 08:57:27.303636,19.029177401054394,,9.991492236559969,14.51033481880718
이라크,기타,2026-02-01 08:57:27.303636,22.175696314144425,,9.306054476769088,15.740875395456756
이라크,기타,2026-03-01 08:57:27.303636,21.476644314080406,,6.014051570673097,13.745347942376752
이라크,기타,2026-04-01 08:57:27.303636,13.86671461432032,,3.800660234740093,8.833687424530208
이라크,기타,2026-05-01 08:57:27.303636,17.960680070696874,,4.207033408242021,11.083856739469446
이라크,기타,2026-06-01 08:57:27.303636,32.06303044062398,,5.354879527310328,18.708954983967157
이라크,기타,2026-07-01 08:57:27.303636,21.235456460514705,,5.961734950615055,13.598595705564879
이라크,상용,2025-08-01 08:57:27.303636,101.24870894799831,,111.97226565651357,106.61048730225593
이라크,상용,2025-09-01 08:57:27.303636,133.7896364721985,,112.9405125280507,123.3650745001246
이라크,상용,2025-10-01 08:57:27.303636,129.85478291974434,,120.13869940658135,124.99674116316285
이라크,상용,2025-11-01 08:57:27.303636,127.70888920833454,,125.04875202620585,126.3788206172702
이라크,상용,2025-12-01 08:57:27.303636,113.82033703318409,,121.4904685410693,117.65540278712669
이라크,상용,2026-01-01 08:57:27.303636,118.11191843812442,,116.29321663406773,117.20256753609607
이라크,상용,2026-02-01 08:57:27.303636,114.98300579503835,,128.1324850713872,121.55774543321277
이라크,상용,2026-03-01 08:57:27.303636,121.79162821105882,,128.32098931343148,125.05630876224515
이라크,상용,2026-04-01 08:57:27.303636,125.62343130608477,,113.80343055995861,119.7134309330217
이라크,상용,2026-05-01 08:57:27.303636,178.53423773568758,,100.42813870442521,139.4811882200564
이라크,상용,2026-06-01 08:57:27.303636,123.59284298483175,,86.4336578081066,105.01325039646918
이라크,상용,2026-07-01 08:57:27.303636,115.58928423657919,,75.52849082173918,95.5588875291592
이라크,유학연수,2025-08-01 08:57:27.303636,9.632913515280332,,1.0856486497722817,5.359281082526307
이라크,유학연수,2025-09-01 08:57:27.303636,3.7673087955623052,,1.8552187744433317,2.8112637850028186
이라크,유학연수,2025-10-01 08:57:27.303636,0.5289700112008182,,1.6512673971043192,1.0901187041525686
이라크,유학연수,2025-11-01 08:57:27.303636,2.2934563234862186,,1.0379813440187649,1.6657188337524917
이라크,유학연수,2025-12-01 08:57:27.303636,2.0561343028057517,,6.878589413644695,4.467361858225224
이라크,유학연수,2026-01-01 08:57:27.303636,4.041416600698161,,5.285863984683857,4.663640292691009
이라크,유학연수,2026-02-01 08:57:27.303636,10.502870723396233,,4.3634821567808935,7.433176440088563
이라크,유학연수,2026-03-01 08:57:27.303636,2.4138976101427727,,0.7053121192913379,1.5596048647170553
이라크,유학연수,2026-04-01 08:57:27.303636,0.8973181583238157,,0.5786882351589822,0.7380031967413989
이라크,유학연수,2026-05-01 08:57:27.303636,0.5574101613804504,,4.859567294511599,2.708488727946025
이라크,유학연수,2026-06-01 08:57:27.303636,1.7224985304410863,,7.293850010770894,4.50817427060599
이라크,유학연수,2026-07-01 08:57:27.303636,2.780562341439349,,1.8800767417824606,2.330319541610905
이스라엘,공용,2025-08-01 08:57:27.303636,11.850780800805648,,8.474361957846268,10.162571379325957
이스라엘,공용,2025-09-01 08:57:27.303636,18.53270388665056,,7.148518015236714,12.840610950943637
이스라엘,공용,2025-10-01 08:57:27.303636,17.112919496660936,,10.643731899755888,13.878325698208412
이스라엘,공용,2025-11-01 08:57:27.303636,12.103719961056541,,12.960695892010866,12.532207926533705
이스라엘,공용,2025-12-01 08:57:27.303636,25.299269779094924,,10.816233232923125,18.057751506009026
이스라엘,공용,2026-01-01 08:57:27.303636,0.9263188645405678,,8.630858844638325,4.778588854589446
이스라엘,공용,2026-02-01 08:57:27.303636,5.065773075386759,,12.218457411316841,8.6421152433518
이스라엘,공용,2026-03-01 08:57:27.303636,20.59285139530163,,13.655820839837341,17.124336117569484
이스라엘,공용,2026-04-01 08:57:27.303636,9.912032546510948,,11.158186241993993,10.535109394252471
이스라엘,공용,2026-05-01 08:57:27.303636,9.901707556845869,,8.631058980918128,9.266383268881999
이스라엘,공용,2026-06-01 08:57:27.303636,10.127595182813968,,8.107067902847094,9.11733154283053
이스라엘,공용,2026-07-01 08:57:27.303636,11.316306651411358,,8.89044366955352,10.10337516048244
이스라엘,관광,2025-08-01 08:57:27.303636,1634.890900219461,,2015.1703392792713,1825.030619749366
이스라엘,관광,2025-09-01 08:57:27.303636,1985.7076798679514,,1602.1271202285093,1793.9174000482303
이스라엘,관광,2025-10-01 08:57:27.303636,2954.223149984362,,1570.684667648331,2262.4539088163465
이스라엘,관광,2025-11-01 08:57:27.303636,1895.9952418124965,,1711.7291541517886,1803.8621979821426
이스라엘,관광,2025-12-01 08:57:27.303636,1316.7770020680007,,1460.0853507332456,1388.4311764006231
이스라엘,관광,2026-01-01 08:57:27.303636,1297.2184701080696,,1522.3397324557488,1409.7791012819093
이스라엘,관광,2026-02-01 08:57:27.303636,1534.1587492183858,,1986.8300235736738,1760.4943863960298
이스라엘,관광,2026-03-01 08:57:27.303636,2291.1671816784133,,1648.6134979897001,1969.8903398340567
이스라엘,관광,2026-04-01 08:57:27.303636,2671.4441722633665,,920.4013663467211,1795.9227693050439
이스라엘,관광,2026-05-01 08:57:27.303636,2356.191536203182,,692.8550449282427,1524.5232905657122
이스라엘,관광,2026-06-01 08:57:27.303636,1880.1538014709724,,536.6528546845527,1208.4033280777626
이스라엘,관광,2026-07-01 08:57:27.303636,2003.5192456170603,,411.3830142890767,1207.4511299530684
이스라엘,기타,2025-08-01 08:57:27.303636,45.30223336783855,,30.691256624183378,37.99674499601096
이스라엘,기타,2025-09-01 08:57:27.303636,32.292092762396166,,32.766339790789196,32.52921627659268
이스라엘,기타,2025-10-01 08:57:27.303636,38.57837492264217,,31.83867981719005,35.20852736991611
이스라엘,기타,2025-11-01 08:57:27.303636,34.396754584109935,,35.509000525326925,34.95287755471843
이스라엘,기타,2025-12-01 08:57:27.303636,24.908415965119712,,42.40891992182924,33.65866794347448
이스라엘,기타,2026-01-01 08:57:27.303636,38.829301985919415,,43.27924842352338,41.05427520472139
이스라엘,기타,2026-02-01 08:57:27.303636,24.49002261978297,,43.23996052481049,33.86499157229673
이스라엘,기타,2026-03-01 08:57:27.303636,28.749878603478383,,46.826955772434054,37.78841718795622
이스라엘,기타,2026-04-01 08:57:27.303636,37.9899314125488,,50.26129670986326,44.12561406120603
이스라엘,기타,2026-05-01 08:57:27.303636,28.877812763379,,50.49614127249396,39.68697701793648
이스라엘,기타,2026-06-01 08:57:27.303636,31.811814134712527,,46.99715384755648,39.404483991134505
이스라엘,기타,2026-07-01 08:57:27.303636,34.445207131523915,,43.100261640708226,38.77273438611607
이스라엘,상용,2025-08-01 08:57:27.303636,0.660503016422892,,5.9579826030277445,3.309242809725318
이스라엘,상용,2025-09-01 08:57:27.303636,0.7465333764264426,,6.886863416556675,3.816698396491559
이스라엘,상용,2025-10-01 08:57:27.303636,0.9993885985717385,,6.935834041744348,3.9676113201580434
이스라엘,상용,2025-11-01 08:57:27.303636,0.8135805383380275,,8.07779274208928,4.445686640213653
이스라엘,상용,2025-12-01 08:57:27.303636,0.2213365994243815,,9.078942477223782,4.650139538324082
이스라엘,상용,2026-01-01 08:57:27.303636,-0.062372504483483006,,8.799543146815477,4.368585321165997
이스라엘,상용,2026-02-01 08:57:27.303636,-0.2169210740237258,,9.130267059646737,4.456672992811506
이스라엘,상용,2026-03-01 08:57:27.303636,-0.6384274656352105,,9.682323177944264,4.521947856154527
이스라엘,상용,2026-04-01 08:57:27.303636,-0.8915138714390035,,9.801307794756482,4.454896961658739
이스라엘,상용,2026-05-01 08:57:27.303636,-1.1126759609323449,,8.921604050524707,3.904464044796181
이스라엘,상용,2026-06-01 08:57:27.303636,-1.7941331402986833,,7.862751351565091,3.034309105633204
이스라엘,상용,2026-07-01 08:57:27.303636,-1.5273455712113009,,7.08845339280729,2.7805539107979946
이스라엘,유학연수,2025-08-01 08:57:27.303636,40.30959921719081,,3.830903423049355,22.070251320120082
이스라엘,유학연수,2025-09-01 08:57:27.303636,7.884174068828816,,5.888972957002807,6.886573512915811
이스라엘,유학연수,2025-10-01 08:57:27.303636,6.963432370123819,,4.490612254427025,5.727022312275421
이스라엘,유학연수,2025-11-01 08:57:27.303636,9.84470264262909,,3.389713175049364,6.617207908839227
이스라엘,유학연수,2025-12-01 08:57:27.303636,8.678970061553578,,6.520383482000392,7.599676771776985
이스라엘,유학연수,2026-01-01 08:57:27.303636,10.096414767032512,,19.662514412400615,14.879464589716562
이스라엘,유학연수,2026-02-01 08:57:27.303636,21.959730809527624,,8.90504488359693,15.432387846562277
이스라엘,유학연수,2026-03-01 08:57:27.303636,7.069462322447281,,4.287453253018534,5.678457787732908
이스라엘,유학연수,2026-04-01 08:57:27.303636,3.539294158374593,,3.5468430792470484,3.5430686188108207
이스라엘,유학연수,2026-05-01 08:57:27.303636,8.211151855813632,,5.282018445086629,6.74658515045013
이스라엘,유학연수,2026-06-01 08:57:27.303636,6.86151495482047,,4.369563251023756,5.615539102922114
이스라엘,유학연수,2026-07-01 08:57:27.303636,5.625667131054086,,3.6621034355108892,4.643885283282487
이집트,공용,2025-08-01 08:57:27.303636,13.969540392679178,,3.371805813338858,8.670673103009019
이집트,공용,2025-09-01 08:57:27.303636,4.044943539394778,,4.331542914862606,4.188243227128692
이집트,공용,2025-10-01 08:57:27.303636,2.127416243600176,,4.696473369861046,3.411944806730611
이집트,공용,2025-11-01 08:57:27.303636,0.49863268797578214,,4.658640194312463,2.5786364411441225
이집트,공용,2025-12-01 08:57:27.303636,0.6760140760212416,,4.741754801690185,2.708884438855713
이집트,공용,2026-01-01 08:57:27.303636,0.5900052072297157,,5.630680469817758,3.110342838523737
이집트,공용,2026-02-01 08:57:27.303636,0.9727667936824309,,3.0994693601186922,2.0361180769005616
이집트,공용,2026-03-01 08:57:27.303636,6.324467328327625,,2.2955621745487016,4.310014751438163
이집트,공용,2026-04-01 08:57:27.303636,-0.30361282440848386,,2.248707817170029,0.9725474963807725
이집트,공용,2026-05-01 08:57:27.303636,1.3991944569751442,,2.707622838271665,2.053408647623405
이집트,공용,2026-06-01 08:57:27.303636,2.7350744346501537,,0.5150428455876663,1.62505864011891
이집트,공용,2026-07-01 08:57:27.303636,4.613153690497729,,4.887630224263475,4.750391957380602
이집트,관광,2025-08-01 08:57:27.303636,203.39446948563872,,149.614314395856,176.50439194074738
이집트,관광,2025-09-01 08:57:27.303636,264.1677615799483,,126.97255762045631,195.57015960020232
이집트,관광,2025-10-01 08:57:27.303636,320.24547804851136,,141.75182956174058,230.99865380512597
이집트,관광,2025-11-01 08:57:27.303636,316.5966075954413,,165.0571589312594,240.82688326335034
이집트,관광,2025-12-01 08:57:27.303636,230.95090389773156,,179.0548960691898,205.00289998346068
이집트,관광,2026-01-01 08:57:27.303636,193.75328185525606,,180.5572274914106,187.15525467333333
이집트,관광,2026-02-01 08:57:27.303636,250.27610145764947,,213.89443941022293,232.08527043393622
이집트,관광,2026-03-01 08:57:27.303636,306.1378449742277,,247.25419540546952,276.6960201898486
이집트,관광,2026-04-01 08:57:27.303636,314.16911256126036,,252.66598222164916,283.4175473914548
이집트,관광,2026-05-01 08:57:27.303636,369.6943411144935,,250.12470507398885,309.9095230942412
이집트,관광,2026-06-01 08:57:27.303636,287.7360214934409,,247.2070522108613,267.4715368521511
이집트,관광,2026-07-01 08:57:27.303636,340.59975840291287,,243.2182520006089,291.9090052017609
이집트,기타,2025-08-01 08:57:27.303636,274.99449336249694,,170.90790581808784,222.9511995902924
이집트,기타,2025-09-01 08:57:27.303636,274.6100146680169,,185.4985425697457,230.0542786188813
이집트,기타,2025-10-01 08:57:27.303636,253.38442122642687,,192.72502935667862,223.05472529155276
이집트,기타,2025-11-01 08:57:27.303636,239.98022008673976,,189.51055421098675,214.74538714886324
이집트,기타,2025-12-01 08:57:27.303636,248.45167501699729,,189.69537426529698,219.07352464114712
이집트,기타,2026-01-01 08:57:27.303636,235.18721672049705,,201.55410771877095,218.370662219634
이집트,기타,2026-02-01 08:57:27.303636,243.56606936522704,,202.83655039237306,223.20130987880003
이집트,기타,2026-03-01 08:57:27.303636,230.11105058941527,,193.2530979864095,211.68207428791237
이집트,기타,2026-04-01 08:57:27.303636,241.94711274240984,,189.90947543673397,215.92829408957192
이집트,기타,2026-05-01 08:57:27.303636,256.92142960590775,,196.5201238986166,226.72077675226217
이집트,기타,2026-06-01 08:57:27.303636,244.85979896617926,,206.66869959878647,225.76424928248287
이집트,기타,2026-07-01 08:57:27.303636,281.7031180719152,,217.5625613180847,249.63283969499994
이집트,상용,2025-08-01 08:57:27.303636,107.72979006895197,,48.194777948198066,77.96228400857501
이집트,상용,2025-09-01 08:57:27.303636,148.4660280936569,,55.65452703690602,102.06027756528145
이집트,상용,2025-10-01 08:57:27.303636,214.2300373477893,,51.37429247304901,132.80216491041915
이집트,상용,2025-11-01 08:57:27.303636,202.51547988061353,,64.66803075486362,133.59175531773857
이집트,상용,2025-12-01 08:57:27.303636,128.17395313634714,,59.699783449706324,93.93686829302673
이집트,상용,2026-01-01 08:57:27.303636,169.90331568898736,,55.990974302382845,112.94714499568511
이집트,상용,2026-02-01 08:57:27.303636,148.398707969319,,62.16136083704872,105.28003440318386
이집트,상용,2026-03-01 08:57:27.303636,154.78031557343462,,73.6291592908691,114.20473743215186
이집트,상용,2026-04-01 08:57:27.303636,149.36375425690707,,74.33351119432575,111.84863272561641
이집트,상용,2026-05-01 08:57:27.303636,167.19324223937335,,67.18417623223863,117.18870923580599
이집트,상용,2026-06-01 08:57:27.303636,166.0513107960962,,57.78617347811608,111.91874213710614
이집트,상용,2026-07-01 08:57:27.303636,148.7297188182245,,52.39243335995613,100.56107608909032
이집트,유학연수,2025-08-01 08:57:27.303636,88.98723558512259,,8.400008836960492,48.69362221104154
이집트,유학연수,2025-09-01 08:57:27.303636,26.464750071388497,,10.482414619310513,18.473582345349506
이집트,유학연수,2025-10-01 08:57:27.303636,7.543896396530293,,14.96394086782846,11.253918632179378
이집트,유학연수,2025-11-01 08:57:27.303636,7.9055085483001,,20.914491362083616,14.409999955191857
이집트,유학연수,2025-12-01 08:57:27.303636,13.410509648311546,,15.023110597586866,14.216810122949205
이집트,유학연수,2026-01-01 08:57:27.303636,22.940124365469178,,22.758047172890212,22.849085769179695
이집트,유학연수,2026-02-01 08:57:27.303636,70.34643106251963,,14.244816627593337,42.29562384505648
이집트,유학연수,2026-03-01 08:57:27.303636,30.293966364422594,,6.332090981208134,18.313028672815364
이집트,유학연수,2026-04-01 08:57:27.303636,7.226268584650681,,2.8662157433671958,5.046242164008938
이집트,유학연수,2026-05-01 08:57:27.303636,11.037419602829715,,3.632133053199614,7.334776328014664
이집트,유학연수,2026-06-01 08:57:27.303636,10.046636144261337,,5.62136772156268,7.834001932912008
이집트,유학연수,2026-07-01 08:57:27.303636,18.452086801297686,,22.567385801898013,20.509736301597847
이탈리아,공용,2025-08-01 08:57:27.303636,14.039158225554395,,11.24843005439621,12.643794139975302
이탈리아,공용,2025-09-01 08:57:27.303636,17.1584968809483,,18.872065496986494,18.015281188967396
이탈리아,공용,2025-10-01 08:57:27.303636,13.04710452217985,,14.70168768624372,13.874396104211785
이탈리아,공용,2025-11-01 08:57:27.303636,7.935929307856727,,11.976843062260881,9.956386185058804
이탈리아,공용,2025-12-01 08:57:27.303636,10.082611264864914,,13.942226457722718,12.012418861293817
이탈리아,공용,2026-01-01 08:57:27.303636,15.434858321678291,,21.668098249310408,18.551478285494348
이탈리아,공용,2026-02-01 08:57:27.303636,10.154319849593989,,13.735752490866018,11.945036170230004
이탈리아,공용,2026-03-01 08:57:27.303636,11.633991087985821,,11.383930994416016,11.50896104120092
이탈리아,공용,2026-04-01 08:57:27.303636,11.638405437690375,,13.086274120822573,12.362339779256473
이탈리아,공용,2026-05-01 08:57:27.303636,12.729192857932293,,10.830743225154897,11.779968041543595
이탈리아,공용,2026-06-01 08:57:27.303636,12.429851072522478,,5.8416605362091065,9.135755804365793
이탈리아,공용,2026-07-01 08:57:27.303636,12.012137396647034,,2.8145250120588328,7.413331204352934
이탈리아,관광,2025-08-01 08:57:27.303636,8199.20853794163,,3860.333007404771,6029.770772673201
이탈리아,관광,2025-09-01 08:57:27.303636,6220.03895727779,,3987.1896082094163,5103.614282743603
이탈리아,관광,2025-10-01 08:57:27.303636,8149.486499059302,,4100.506570309323,6124.996534684313
이탈리아,관광,2025-11-01 08:57:27.303636,6997.731624109452,,4177.928511090063,5587.830067599758
이탈리아,관광,2025-12-01 08:57:27.303636,4582.374129765006,,3866.330974709043,4224.352552237025
이탈리아,관광,2026-01-01 08:57:27.303636,3722.0083213835806,,4485.7243545584715,4103.866337971026
이탈리아,관광,2026-02-01 08:57:27.303636,4442.6465209806665,,5281.527503801528,4862.087012391097
이탈리아,관광,2026-03-01 08:57:27.303636,7094.308828247127,,4509.081366504054,5801.69509737559
이탈리아,관광,2026-04-01 08:57:27.303636,8092.487231309243,,4557.6293912730025,6325.058311291123
이탈리아,관광,2026-05-01 08:57:27.303636,7664.945175509995,,5151.58363538405,6408.264405447022
이탈리아,관광,2026-06-01 08:57:27.303636,6819.96800644716,,5162.4296292306535,5991.198817838907
이탈리아,관광,2026-07-01 08:57:27.303636,7268.0335613655125,,5166.9155228386635,6217.474542102088
이탈리아,기타,2025-08-01 08:57:27.303636,1115.603704800059,,833.9871553637147,974.7954300818868
이탈리아,기타,2025-09-01 08:57:27.303636,1228.9128106263124,,1050.5275589921564,1139.7201848092345
이탈리아,기타,2025-10-01 08:57:27.303636,933.0826549451172,,1204.8518950785206,1068.9672750118189
이탈리아,기타,2025-11-01 08:57:27.303636,911.3231583103596,,1501.7968612321383,1206.560009771249
이탈리아,기타,2025-12-01 08:57:27.303636,708.8093589520307,,1975.5469000556748,1342.1781295038527
이탈리아,기타,2026-01-01 08:57:27.303636,783.0615103028982,,2496.199590795149,1639.6305505490236
이탈리아,기타,2026-02-01 08:57:27.303636,771.6175559091287,,2719.245437109094,1745.4314965091112
이탈리아,기타,2026-03-01 08:57:27.303636,902.956478422081,,2997.2965331242285,1950.1265057731548
이탈리아,기타,2026-04-01 08:57:27.303636,944.828363440181,,3432.9524768232477,2188.8904201317146
이탈리아,기타,2026-05-01 08:57:27.303636,1395.1439400661861,,3707.480116758911,2551.312028412549
이탈리아,기타,2026-06-01 08:57:27.303636,1321.1911512504278,,3742.6683031198463,2531.929727185137
이탈리아,기타,2026-07-01 08:57:27.303636,1375.305267938781,,3622.4364114339014,2498.8708396863412
이탈리아,상용,2025-08-01 08:57:27.303636,48.929014818448394,,71.72955672909177,60.32928577377008
이탈리아,상용,2025-09-01 08:57:27.303636,51.83626420669344,,127.25221497070403,89.54423958869873
이탈리아,상용,2025-10-01 08:57:27.303636,49.16682851325592,,63.102797194630334,56.13481285394313
이탈리아,상용,2025-11-01 08:57:27.303636,44.625927196831,,63.39852942139764,54.01222830911432
이탈리아,상용,2025-12-01 08:57:27.303636,35.19434144403899,,64.36606914155072,49.78020529279486
이탈리아,상용,2026-01-01 08:57:27.303636,75.504046766762,,162.18825558219703,118.84615117447952
이탈리아,상용,2026-02-01 08:57:27.303636,45.36637788728428,,80.77171097677615,63.06904443203021
이탈리아,상용,2026-03-01 08:57:27.303636,48.095269671301715,,78.60098692235957,63.34812829683064
이탈리아,상용,2026-04-01 08:57:27.303636,50.701267546144045,,68.15716608202449,59.42921681408427
이탈리아,상용,2026-05-01 08:57:27.303636,51.96150347015717,,98.07770879308515,75.01960613162116
이탈리아,상용,2026-06-01 08:57:27.303636,48.25749151302932,,78.28508896032653,63.27129023667793
이탈리아,상용,2026-07-01 08:57:27.303636,45.25376948054934,,68.57259517715339,56.91318232885136
이탈리아,유학연수,2025-08-01 08:57:27.303636,444.467819463695,,46.35143419782554,245.40962683076026
이탈리아,유학연수,2025-09-01 08:57:27.303636,53.595966732245905,,75.45927375788403,64.52762024506497
이탈리아,유학연수,2025-10-01 08:57:27.303636,21.83901253087748,,115.96135352584932,68.9001830283634
이탈리아,유학연수,2025-11-01 08:57:27.303636,101.60140960634659,,88.23912595049183,94.9202677784192
이탈리아,유학연수,2025-12-01 08:57:27.303636,123.25842955428598,,39.89151719684683,81.5749733755664
이탈리아,유학연수,2026-01-01 08:57:27.303636,98.52801561529566,,57.53944791221251,78.03373176375408
이탈리아,유학연수,2026-02-01 08:57:27.303636,270.2997931660269,,78.20390009720512,174.25184663161602
이탈리아,유학연수,2026-03-01 08:57:27.303636,58.823118688106845,,31.490665049698602,45.156891868902726
이탈리아,유학연수,2026-04-01 08:57:27.303636,24.412080561069345,,10.525988615278,17.46903458817367
이탈리아,유학연수,2026-05-01 08:57:27.303636,81.44610154667909,,12.902086919353838,47.17409423301646
이탈리아,유학연수,2026-06-01 08:57:27.303636,73.64169322855078,,17.973351048046077,45.807522138298424
이탈리아,유학연수,2026-07-01 08:57:27.303636,65.24145132539587,,35.09680190397096,50.16912661468342
인  도,공용,2025-08-01 08:57:27.303636,98.29754402201128,,57.935358497542154,78.11645125977671
인  도,공용,2025-09-01 08:57:27.303636,121.1576192685627,,73.5810296536901,97.3693244611264
인  도,공용,2025-10-01 08:57:27.303636,87.48233144967956,,71.80001914242632,79.64117529605295
인  도,공용,2025-11-01 08:57:27.303636,71.23608507971807,,65.88377522471941,68.55993015221874
인  도,공용,2025-12-01 08:57:27.303636,44.96432643691954,,87.10715920780747,66.0357428223635
인  도,공용,2026-01-01 08:57:27.303636,53.21867342487049,,99.73033731946816,76.47450537216932
인  도,공용,2026-02-01 08:57:27.303636,56.180098869965676,,92.55694742514822,74.36852314755694
인  도,공용,2026-03-01 08:57:27.303636,53.291349621617776,,76.86565070447354,65.07850016304566
인  도,공용,2026-04-01 08:57:27.303636,56.21063557732245,,85.92343805530223,71.06703681631234
인  도,공용,2026-05-01 08:57:27.303636,118.47441040583567,,103.9533893936752,111.21389989975543
인  도,공용,2026-06-01 08:57:27.303636,110.81844388068431,,105.604621722986,108.21153280183515
인  도,공용,2026-07-01 08:57:27.303636,84.43823295901564,,106.07819323787184,95.25821309844375
인  도,관광,2025-08-01 08:57:27.303636,5168.194113175994,,3982.5153057743055,4575.35470947515
인  도,관광,2025-09-01 08:57:27.303636,6814.140564984885,,2623.098967092526,4718.619766038705
인  도,관광,2025-10-01 08:57:27.303636,7304.370292492597,,2797.293569348348,5050.831930920473
인  도,관광,2025-11-01 08:57:27.303636,5869.6075602208975,,2826.0213246290887,4347.814442424993
인  도,관광,2025-12-01 08:57:27.303636,5237.171717961422,,2174.532021015876,3705.851869488649
인  도,관광,2026-01-01 08:57:27.303636,4706.418734835595,,1317.765727374857,3012.0922311052263
인  도,관광,2026-02-01 08:57:27.303636,3795.301869653637,,1438.0160415987507,2616.658955626194
인  도,관광,2026-03-01 08:57:27.303636,5953.437133993815,,1534.5019242330177,3743.9695291134167
인  도,관광,2026-04-01 08:57:27.303636,6911.987239303939,,1330.2385836861067,4121.112911495023
인  도,관광,2026-05-01 08:57:27.303636,8167.852099194444,,1247.8701892875865,4707.861144241016
인  도,관광,2026-06-01 08:57:27.303636,7667.088289676772,,1155.8161232851076,4411.45220648094
인  도,관광,2026-07-01 08:57:27.303636,6401.166648000982,,1110.9843565181575,3756.0755022595695
인  도,기타,2025-08-01 08:57:27.303636,9535.045805728792,,8509.980190391121,9022.512998059956
인  도,기타,2025-09-01 08:57:27.303636,12495.882984452233,,10460.217894970716,11478.050439711475
인  도,기타,2025-10-01 08:57:27.303636,10617.98977820859,,11396.363308935359,11007.176543571975
인  도,기타,2025-11-01 08:57:27.303636,8098.263709720634,,12478.54172898535,10288.402719352993
인  도,기타,2025-12-01 08:57:27.303636,7226.184662684846,,13469.612096293797,10347.898379489321
인  도,기타,2026-01-01 08:57:27.303636,7516.922244040321,,14817.385407845388,11167.153825942854
인  도,기타,2026-02-01 08:57:27.303636,7411.29441517343,,13760.679128076754,10585.986771625092
인  도,기타,2026-03-01 08:57:27.303636,9791.455195118533,,12450.925090969173,11121.190143043852
인  도,기타,2026-04-01 08:57:27.303636,10091.601911876312,,11727.979423277524,10909.790667576919
인  도,기타,2026-05-01 08:57:27.303636,12647.344106735782,,10981.747024373162,11814.545565554472
인  도,기타,2026-06-01 08:57:27.303636,13342.83975134358,,10299.11278158333,11820.976266463455
인  도,기타,2026-07-01 08:57:27.303636,13761.027169168956,,9674.577467799623,11717.80231848429
인  도,상용,2025-08-01 08:57:27.303636,2636.2178152186343,,2269.3240713283835,2452.770943273509
인  도,상용,2025-09-01 08:57:27.303636,2953.532290547962,,2284.646447776948,2619.089369162455
인  도,상용,2025-10-01 08:57:27.303636,3116.3719181236356,,2319.6514033965886,2718.011660760112
인  도,상용,2025-11-01 08:57:27.303636,3202.5771269540273,,2294.87842204734,2748.7277745006836
인  도,상용,2025-12-01 08:57:27.303636,2384.2103593931106,,2238.9970979441805,2311.6037286686455
인  도,상용,2026-01-01 08:57:27.303636,2424.966730721861,,2324.174106462956,2374.5704185924087
인  도,상용,2026-02-01 08:57:27.303636,2694.7987911948208,,2516.3804983165037,2605.5896447556624
인  도,상용,2026-03-01 08:57:27.303636,3132.7102646171124,,2818.55557857676,2975.6329215969363
인  도,상용,2026-04-01 08:57:27.303636,3279.532204552294,,2615.7267429685394,2947.6294737604167
인  도,상용,2026-05-01 08:57:27.303636,3438.8046273631626,,2559.6385872034675,2999.2216072833153
인  도,상용,2026-06-01 08:57:27.303636,3184.040951615417,,2724.220159713205,2954.130555664311
인  도,상용,2026-07-01 08:57:27.303636,3155.9162058543784,,2746.564769973379,2951.2404879138785
인  도,유학연수,2025-08-01 08:57:27.303636,592.7083980720598,,81.32431438574102,337.0163562289004
인  도,유학연수,2025-09-01 08:57:27.303636,299.46167057023945,,143.36247464145896,221.4120726058492
인  도,유학연수,2025-10-01 08:57:27.303636,123.02774536096774,,236.13741083331087,179.5825780971393
인  도,유학연수,2025-11-01 08:57:27.303636,180.5759956368036,,190.53019091267575,185.5530932747397
인  도,유학연수,2025-12-01 08:57:27.303636,165.057990925635,,116.5888896723597,140.82344029899735
인  도,유학연수,2026-01-01 08:57:27.303636,284.8696148363658,,287.8014665218741,286.33554067911996
인  도,유학연수,2026-02-01 08:57:27.303636,707.4418665988486,,258.3093911094346,482.8756288541416
인  도,유학연수,2026-03-01 08:57:27.303636,372.12961154629625,,108.75429269293176,240.441952119614
인  도,유학연수,2026-04-01 08:57:27.303636,122.98193834380822,,71.73831420091106,97.36012627235965
인  도,유학연수,2026-05-01 08:57:27.303636,146.26159069363547,,95.32979231614024,120.79569150488786
인  도,유학연수,2026-06-01 08:57:27.303636,199.09825797551795,,125.29593372820854,162.19709585186325
인  도,유학연수,2026-07-01 08:57:27.303636,253.54843261680347,,173.26596020612422,213.40719641146384
인도네시아,공용,2025-08-01 08:57:27.303636,395.0807978277893,,32.2377160702939,213.6592569490416
인도네시아,공용,2025-09-01 08:57:27.303636,545.1024700538794,,14.71713848134123,279.9098042676103
인도네시아,공용,2025-10-01 08:57:27.303636,635.990640078828,,1.1913392111072199,318.59098964496764
인도네시아,공용,2025-11-01 08:57:27.303636,416.7929726678758,,-0.5997759831459462,208.09659834236493
인도네시아,공용,2025-12-01 08:57:27.303636,317.4651999195029,,0.7383670651860683,159.10178349234448
인도네시아,공용,2026-01-01 08:57:27.303636,178.55260901637507,,1.1280756120769553,89.840342314226
인도네시아,공용,2026-02-01 08:57:27.303636,203.29086563085121,,5.7332715301598824,104.51206858050554
인도네시아,공용,2026-03-01 08:57:27.303636,157.09186819731187,,8.91036409948704,83.00111614839946
인도네시아,공용,2026-04-01 08:57:27.303636,303.46670759101585,,7.34816222246117,155.4074349067385
인도네시아,공용,2026-05-01 08:57:27.303636,537.8214078605153,,7.498460292417818,272.6599340764665
인도네시아,공용,2026-06-01 08:57:27.303636,613.3258550046455,,8.372572753544667,310.8492138790951
인도네시아,공용,2026-07-01 08:57:27.303636,536.4201663181677,,9.110257964964724,272.7652121415662
인도네시아,관광,2025-08-01 08:57:27.303636,13472.811883052404,,20754.053307713984,17113.432595383194
인도네시아,관광,2025-09-01 08:57:27.303636,16472.227206969776,,13734.087556598051,15103.157381783913
인도네시아,관광,2025-10-01 08:57:27.303636,24968.42955802322,,15091.937864706006,20030.183711364614
인도네시아,관광,2025-11-01 08:57:27.303636,22886.18273061169,,17489.688432025167,20187.93558131843
인도네시아,관광,2025-12-01 08:57:27.303636,34119.71566681448,,19595.48194714571,26857.598806980095
인도네시아,관광,2026-01-01 08:57:27.303636,21988.94290087318,,13838.564638991575,17913.753769932377
인도네시아,관광,2026-02-01 08:57:27.303636,18926.089007630046,,15803.936720342874,17365.01286398646
인도네시아,관광,2026-03-01 08:57:27.303636,23207.08969497091,,18149.229501671427,20678.159598321166
인도네시아,관광,2026-04-01 08:57:27.303636,33460.39417166419,,20619.703428346445,27040.04880000532
인도네시아,관광,2026-05-01 08:57:27.303636,25154.22502985815,,19290.355637250977,22222.290333554563
인도네시아,관광,2026-06-01 08:57:27.303636,24929.925273985322,,16095.691873063617,20512.808573524468
인도네시아,관광,2026-07-01 08:57:27.303636,19685.674901628565,,13477.471238779439,16581.573070204002
인도네시아,기타,2025-08-01 08:57:27.303636,17044.185078669892,,10824.557420447314,13934.371249558604
인도네시아,기타,2025-09-01 08:57:27.303636,17147.18564369716,,11346.35101226747,14246.768327982316
인도네시아,기타,2025-10-01 08:57:27.303636,15624.743113705972,,11306.21899647489,13465.481055090431
인도네시아,기타,2025-11-01 08:57:27.303636,13162.509897127962,,10965.372058166966,12063.940977647464
인도네시아,기타,2025-12-01 08:57:27.303636,12191.238859097804,,10033.94123203017,11112.590045563988
인도네시아,기타,2026-01-01 08:57:27.303636,12459.803464483275,,10750.209509091937,11605.006486787606
인도네시아,기타,2026-02-01 08:57:27.303636,12306.273593170583,,10978.761110029762,11642.517351600172
인도네시아,기타,2026-03-01 08:57:27.303636,15061.6466889689,,10751.18236815802,12906.41452856346
인도네시아,기타,2026-04-01 08:57:27.303636,18708.25354491077,,10120.599521965658,14414.426533438214
인도네시아,기타,2026-05-01 08:57:27.303636,19669.67761440313,,9278.403640904473,14474.040627653801
인도네시아,기타,2026-06-01 08:57:27.303636,19499.534029307633,,8794.389870117891,14146.961949712762
인도네시아,기타,2026-07-01 08:57:27.303636,19062.338044133783,,8756.880704477904,13909.609374305845
인도네시아,상용,2025-08-01 08:57:27.303636,232.91384377202914,,265.93346435920154,249.42365406561532
인도네시아,상용,2025-09-01 08:57:27.303636,302.3822293794559,,250.6828841145675,276.5325567470117
인도네시아,상용,2025-10-01 08:57:27.303636,366.3686480975438,,299.65746355820437,333.0130558278741
인도네시아,상용,2025-11-01 08:57:27.303636,364.0399881612053,,400.1589116035897,382.0994498823975
인도네시아,상용,2025-12-01 08:57:27.303636,250.2582169154797,,412.9166904708403,331.58745369316
인도네시아,상용,2026-01-01 08:57:27.303636,228.4296616144325,,386.14715069572463,307.2884061550786
인도네시아,상용,2026-02-01 08:57:27.303636,252.9502353677834,,463.89215328991304,358.42119432884823
인도네시아,상용,2026-03-01 08:57:27.303636,336.7154883160405,,546.6078314255105,441.6616598707755
인도네시아,상용,2026-04-01 08:57:27.303636,365.3490597543071,,466.4175340553685,415.88329690483783
인도네시아,상용,2026-05-01 08:57:27.303636,399.93038654556176,,402.7563043989717,401.3433454722667
인도네시아,상용,2026-06-01 08:57:27.303636,367.0153533875383,,344.55230246696357,355.78382792725097
인도네시아,상용,2026-07-01 08:57:27.303636,316.97235179287054,,326.67685393474983,321.8246028638102
인도네시아,유학연수,2025-08-01 08:57:27.303636,1626.658776104017,,122.16530847562633,874.4120422898217
인도네시아,유학연수,2025-09-01 08:57:27.303636,439.87908603120167,,182.303785286954,311.09143565907783
인도네시아,유학연수,2025-10-01 08:57:27.303636,190.13592828815774,,258.06504062338206,224.1004844557699
인도네시아,유학연수,2025-11-01 08:57:27.303636,217.36518932734407,,300.6413221932026,259.0032557602733
인도네시아,유학연수,2025-12-01 08:57:27.303636,273.3360037759339,,193.66864106597743,233.50232242095564
인도네시아,유학연수,2026-01-01 08:57:27.303636,306.50552676627314,,332.18436930280114,319.34494803453714
인도네시아,유학연수,2026-02-01 08:57:27.303636,1393.3143654411201,,95.51321692683942,744.4137911839798
인도네시아,유학연수,2026-03-01 08:57:27.303636,472.916182786464,,-2.110932787530942,235.40262499946652
인도네시아,유학연수,2026-04-01 08:57:27.303636,165.2963367672268,,-10.579361629727316,77.35848756874974
인도네시아,유학연수,2026-05-01 08:57:27.303636,193.20140410183143,,-1.381635444816709,95.90988432850736
인도네시아,유학연수,2026-06-01 08:57:27.303636,284.64531742966136,,17.56471778663871,151.10501760815004
인도네시아,유학연수,2026-07-01 08:57:27.303636,434.84626837958655,,47.70257491361018,241.27442164659837
일  본,공용,2025-08-01 08:57:27.303636,295.99881078375654,,178.43410270146848,237.2164567426125
일  본,공용,2025-09-01 08:57:27.303636,354.0078590005448,,167.42756613313733,260.71771256684104
일  본,공용,2025-10-01 08:57:27.303636,551.9854868489824,,163.4885714698362,357.7370291594093
일  본,공용,2025-11-01 08:57:27.303636,614.9770142200274,,164.86538999316437,389.9212021065959
일  본,공용,2025-12-01 08:57:27.303636,261.8073852260775,,161.5093457445422,211.65836548530984
일  본,공용,2026-01-01 08:57:27.303636,271.71842562347905,,170.73348701441986,221.22595631894944
일  본,공용,2026-02-01 08:57:27.303636,236.82654458556013,,181.19453035224674,209.01053746890344
일  본,공용,2026-03-01 08:57:27.303636,324.9053727954446,,182.30948399747388,253.60742839645923
일  본,공용,2026-04-01 08:57:27.303636,276.6090384205633,,229.2254501174479,252.9172442690056
일  본,공용,2026-05-01 08:57:27.303636,250.47513734416972,,195.99458142295654,223.23485938356313
일  본,공용,2026-06-01 08:57:27.303636,332.41673505416,,189.80259788803298,261.1096664710965
일  본,공용,2026-07-01 08:57:27.303636,283.37180765877946,,189.91221259650948,236.64201012764448
일  본,관광,2025-08-01 08:57:27.303636,390377.6300422183,,285723.8196850925,338050.7248636554
일  본,관광,2025-09-01 08:57:27.303636,394892.2614064047,,270099.06284867,332495.66212753736
일  본,관광,2025-10-01 08:57:27.303636,400217.1246653572,,305979.71646086813,353098.42056311265
일  본,관광,2025-11-01 08:57:27.303636,397322.0807089858,,339936.4160866507,368629.24839781824
일  본,관광,2025-12-01 08:57:27.303636,363970.024210416,,320260.3632795935,342115.19374500477
일  본,관광,2026-01-01 08:57:27.303636,309421.334905814,,310624.0657536362,310022.70032972505
일  본,관광,2026-02-01 08:57:27.303636,355691.6405607219,,351871.8726038848,353781.7565823033
일  본,관광,2026-03-01 08:57:27.303636,491983.3577237676,,382066.06919352134,437024.71345864446
일  본,관광,2026-04-01 08:57:27.303636,387222.6687739426,,337504.18823176005,362363.42850285134
일  본,관광,2026-05-01 08:57:27.303636,405595.69293852703,,322288.3806794279,363942.0368089775
일  본,관광,2026-06-01 08:57:27.303636,396833.7001389202,,315055.2843553517,355944.49224713596
일  본,관광,2026-07-01 08:57:27.303636,405566.1561397262,,323283.3651540618,364424.760646894
일  본,기타,2025-08-01 08:57:27.303636,5217.740813042992,,3571.7343807633215,4394.737596903156
일  본,기타,2025-09-01 08:57:27.303636,4107.268274494252,,3689.686230538605,3898.4772525164285
일  본,기타,2025-10-01 08:57:27.303636,4813.948824107215,,3727.074958633908,4270.511891370561
일  본,기타,2025-11-01 08:57:27.303636,3324.4577245634337,,3742.3554207270563,3533.406572645245
일  본,기타,2025-12-01 08:57:27.303636,3422.9541525412014,,3751.3122591892275,3587.133205865214
일  본,기타,2026-01-01 08:57:27.303636,4133.901628511057,,3880.185406904841,4007.043517707949
일  본,기타,2026-02-01 08:57:27.303636,3663.0463384268887,,3935.4724769379964,3799.2594076824425
일  본,기타,2026-03-01 08:57:27.303636,4018.4987237063474,,3951.0499334183755,3984.7743285623615
일  본,기타,2026-04-01 08:57:27.303636,4503.973471625669,,3897.4005990490073,4200.687035337338
일  본,기타,2026-05-01 08:57:27.303636,6324.315253290829,,3900.447108804968,5112.381181047898
일  본,기타,2026-06-01 08:57:27.303636,4120.80681215256,,3966.8727224203894,4043.839767286475
일  본,기타,2026-07-01 08:57:27.303636,4485.79027372021,,4168.254750211939,4327.0225119660745
일  본,상용,2025-08-01 08:57:27.303636,1681.6974040425796,,1366.8537507962878,1524.2755774194338
일  본,상용,2025-09-01 08:57:27.303636,1608.0233189976916,,2087.5599897185302,1847.791654358111
일  본,상용,2025-10-01 08:57:27.303636,1777.4122556422171,,1557.9756234649738,1667.6939395535956
일  본,상용,2025-11-01 08:57:27.303636,1676.0890882676401,,1392.0832276458189,1534.0861579567295
일  본,상용,2025-12-01 08:57:27.303636,1536.6390150662114,,1528.9558737927846,1532.797444429498
일  본,상용,2026-01-01 08:57:27.303636,2057.45176513436,,2224.023653653087,2140.7377093937234
일  본,상용,2026-02-01 08:57:27.303636,1832.651281438057,,1681.4536775056488,1757.0524794718528
일  본,상용,2026-03-01 08:57:27.303636,1772.1921995165787,,1446.374247322582,1609.2832234195803
일  본,상용,2026-04-01 08:57:27.303636,1627.314916344926,,1520.9872868789876,1574.1511016119566
일  본,상용,2026-05-01 08:57:27.303636,2087.1512884133026,,1625.0937445408545,1856.1225164770785
일  본,상용,2026-06-01 08:57:27.303636,1728.3895059853237,,1494.390437377195,1611.3899716812593
일  본,상용,2026-07-01 08:57:27.303636,1690.7038668584369,,1406.2543903195442,1548.4791285889905
일  본,유학연수,2025-08-01 08:57:27.303636,3800.9365140667423,,481.9287952728142,2141.4326546697785
일  본,유학연수,2025-09-01 08:57:27.303636,1548.8666354739612,,1641.4863284026674,1595.1764819383143
일  본,유학연수,2025-10-01 08:57:27.303636,787.0668511884063,,1403.5387974176056,1095.302824303006
일  본,유학연수,2025-11-01 08:57:27.303636,1041.5586223823975,,562.052448033048,801.8055352077228
일  본,유학연수,2025-12-01 08:57:27.303636,941.1044024472416,,656.6945859653376,798.8994942062895
일  본,유학연수,2026-01-01 08:57:27.303636,1585.5292720058053,,2202.6162571364925,1894.072764571149
일  본,유학연수,2026-02-01 08:57:27.303636,3581.3777671055077,,1443.424569947063,2512.4011685262853
일  본,유학연수,2026-03-01 08:57:27.303636,1681.1888427457893,,299.4768028793746,990.332822812582
일  본,유학연수,2026-04-01 08:57:27.303636,586.0985771253534,,346.2212718226474,466.1599244740004
일  본,유학연수,2026-05-01 08:57:27.303636,1241.2482242813958,,1544.5224875018537,1392.8853558916248
일  본,유학연수,2026-06-01 08:57:27.303636,1228.2570250269443,,877.5880600462542,1052.9225425365994
일  본,유학연수,2026-07-01 08:57:27.303636,1089.750707874351,,931.3224763221023,1010.5365920982267
중  국,공용,2025-08-01 08:57:27.303636,334.6894244396506,,327.31300393907827,331.0012141893644
중  국,공용,2025-09-01 08:57:27.303636,495.36333926517176,,354.9116538077486,425.13749653646016
중  국,공용,2025-10-01 08:57:27.303636,724.3092350169111,,415.3854825217861,569.8473587693486
중  국,공용,2025-11-01 08:57:27.303636,655.1610325613833,,472.90739390577426,564.0342132335788
중  국,공용,2025-12-01 08:57:27.303636,412.48906151033987,,502.9804004671524,457.73473098874615
중  국,공용,2026-01-01 08:57:27.303636,202.41997200760096,,403.0564905778566,302.73823129272876
중  국,공용,2026-02-01 08:57:27.303636,255.4771960728616,,410.66114914328057,333.0691726080711
중  국,공용,2026-03-01 08:57:27.303636,332.118348821029,,431.1766955779249,381.64752219947695
중  국,공용,2026-04-01 08:57:27.303636,500.5420141303879,,410.05774120435206,455.29987766736997
중  국,공용,2026-05-01 08:57:27.303636,629.3847738112516,,342.2248123474825,485.8047930793671
중  국,공용,2026-06-01 08:57:27.303636,702.865978374746,,292.6080403058779,497.73700934031194
중  국,공용,2026-07-01 08:57:27.303636,556.9863012078582,,271.22673135808753,414.10651628297285
중  국,관광,2025-08-01 08:57:27.303636,425857.9059889683,,368554.0791783554,397205.99258366186
중  국,관광,2025-09-01 08:57:27.303636,365976.51161604753,,365743.5304763883,365860.0210462179
중  국,관광,2025-10-01 08:57:27.303636,380149.65864083037,,372706.23466907174,376427.9466549511
중  국,관광,2025-11-01 08:57:27.303636,327464.2381364312,,407791.71331180027,367627.97572411573
중  국,관광,2025-12-01 08:57:27.303636,366616.40146542154,,475816.6660476328,421216.5337565272
중  국,관광,2026-01-01 08:57:27.303636,417202.0392948336,,466189.6750331192,441695.8571639764
중  국,관광,2026-02-01 08:57:27.303636,429275.20859675156,,453953.3252390976,441614.2669179246
중  국,관광,2026-03-01 08:57:27.303636,387955.79568918067,,476318.1292681197,432136.96247865015
중  국,관광,2026-04-01 08:57:27.303636,457188.6291120813,,537990.419720067,497589.52441607416
중  국,관광,2026-05-01 08:57:27.303636,440526.16287911736,,558184.7570596861,499355.4599694017
중  국,관광,2026-06-01 08:57:27.303636,460698.67747129995,,560029.5728439109,510364.1251576054
중  국,관광,2026-07-01 08:57:27.303636,558932.847834569,,538859.6666347845,548896.2572346767
중  국,기타,2025-08-01 08:57:27.303636,75100.31865989181,,49111.235538321045,62105.77709910643
중  국,기타,2025-09-01 08:57:27.303636,71453.30131171363,,52664.102717070375,62058.702014392
중  국,기타,2025-10-01 08:57:27.303636,65300.17334366651,,54713.72891178325,60006.95112772488
중  국,기타,2025-11-01 08:57:27.303636,48351.96407146618,,54226.427566489634,51289.19581897791
중  국,기타,2025-12-01 08:57:27.303636,51500.87238076273,,51272.054870411186,51386.463625586955
중  국,기타,2026-01-01 08:57:27.303636,55632.785386524374,,58565.13987765718,57098.96263209078
중  국,기타,2026-02-01 08:57:27.303636,74297.55558269957,,61155.45112398527,67726.50335334241
중  국,기타,2026-03-01 08:57:27.303636,70644.81882381809,,59845.300774830095,65245.059799324095
중  국,기타,2026-04-01 08:57:27.303636,65144.82443435464,,57963.428286753915,61554.12636055428
중  국,기타,2026-05-01 08:57:27.303636,65411.363816322606,,62824.73455119679,64118.04918375969
중  국,기타,2026-06-01 08:57:27.303636,71108.25718648815,,70894.2640608111,71001.26062364962
중  국,기타,2026-07-01 08:57:27.303636,81819.43640762132,,81338.74637655822,81579.09139208977
중  국,상용,2025-08-01 08:57:27.303636,4672.748693554402,,3632.3636561434664,4152.5561748489345
중  국,상용,2025-09-01 08:57:27.303636,5095.79724574446,,2979.866301873103,4037.8317738087817
중  국,상용,2025-10-01 08:57:27.303636,5024.564343447893,,3013.826893889485,4019.1956186686893
중  국,상용,2025-11-01 08:57:27.303636,5080.342004050552,,3544.3103799616524,4312.326192006102
중  국,상용,2025-12-01 08:57:27.303636,4945.912747543187,,3810.718559682674,4378.31565361293
중  국,상용,2026-01-01 08:57:27.303636,3665.1609662015317,,3093.5194656795093,3379.3402159405205
중  국,상용,2026-02-01 08:57:27.303636,3664.0511745446684,,3151.3590977675717,3407.70513615612
중  국,상용,2026-03-01 08:57:27.303636,5233.22405994219,,3673.1456148907905,4453.18483741649
중  국,상용,2026-04-01 08:57:27.303636,5012.825164394866,,3965.514573763844,4489.169869079355
중  국,상용,2026-05-01 08:57:27.303636,5291.319983823008,,4147.378364512973,4719.349174167991
중  국,상용,2026-06-01 08:57:27.303636,5586.267541076633,,4378.5230030677885,4982.395272072211
중  국,상용,2026-07-01 08:57:27.303636,6479.981222932045,,4693.3102578309035,5586.645740381475
중  국,유학연수,2025-08-01 08:57:27.303636,55517.6036663683,,15029.904551635216,35273.754109001755
중  국,유학연수,2025-09-01 08:57:27.303636,30492.64131970485,,18961.242369773143,24726.941844738998
중  국,유학연수,2025-10-01 08:57:27.303636,15337.556499591348,,12678.910253813086,14008.233376702217
중  국,유학연수,2025-11-01 08:57:27.303636,13283.352300077624,,7677.754082005302,10480.553191041463
중  국,유학연수,2025-12-01 08:57:27.303636,15096.395040295147,,12713.464308958368,13904.929674626757
중  국,유학연수,2026-01-01 08:57:27.303636,8803.375582482693,,15606.634292739534,12205.004937611113
중  국,유학연수,2026-02-01 08:57:27.303636,62839.4054699382,,4331.293361183145,33585.349415560675
중  국,유학연수,2026-03-01 08:57:27.303636,40168.056745997455,,31.915925144445282,20099.98633557095
중  국,유학연수,2026-04-01 08:57:27.303636,11619.103298709211,,-2939.6009011990664,4339.751198755072
중  국,유학연수,2026-05-01 08:57:27.303636,18533.339874244277,,-2730.9709072176774,7901.1844835133
중  국,유학연수,2026-06-01 08:57:27.303636,16938.742512420627,,-1179.4823575572736,7879.630077431677
중  국,유학연수,2026-07-01 08:57:27.303636,13852.622310108267,,-577.434225762001,6637.594042173133
칠  레,공용,2025-08-01 08:57:27.303636,0.9233408699000958,,2.3105417724535124,1.616941321176804
칠  레,공용,2025-09-01 08:57:27.303636,-0.15163120606345312,,1.0455526036083551,0.446960698772451
칠  레,공용,2025-10-01 08:57:27.303636,5.643933225469916,,2.8275103508834016,4.235721788176659
칠  레,공용,2025-11-01 08:57:27.303636,3.8927852377793988,,2.776751150340083,3.334768194059741
칠  레,공용,2025-12-01 08:57:27.303636,-1.0312616243835457,,1.9932434665231358,0.480990921069795
칠  레,공용,2026-01-01 08:57:27.303636,-2.16002204762717,,0.932584438164814,-0.6137188047311779
칠  레,공용,2026-02-01 08:57:27.303636,-0.9321757570817021,,2.5256335634802745,0.7967289031992861
칠  레,공용,2026-03-01 08:57:27.303636,3.337401108979399,,2.846867786981781,3.09213444798059
칠  레,공용,2026-04-01 08:57:27.303636,0.37146497035006176,,2.1503406395244187,1.2609028049372402
칠  레,공용,2026-05-01 08:57:27.303636,0.11761636392062234,,1.9835208651543361,1.0505686145374793
칠  레,공용,2026-06-01 08:57:27.303636,0.9536685765820975,,1.6677320431944989,1.310700309888298
칠  레,공용,2026-07-01 08:57:27.303636,0.38354486047581104,,1.5016038874655886,0.9425743739706998
칠  레,관광,2025-08-01 08:57:27.303636,719.1688174672751,,477.744279828726,598.4565486480005
칠  레,관광,2025-09-01 08:57:27.303636,1028.540347561087,,507.8186303935595,768.1794889773232
칠  레,관광,2025-10-01 08:57:27.303636,1011.5105499882059,,512.1902009402057,761.8503754642059
칠  레,관광,2025-11-01 08:57:27.303636,874.0847947813446,,496.44862299558827,685.2667088884664
칠  레,관광,2025-12-01 08:57:27.303636,418.6094742354652,,504.1232741910802,461.3663742132727
칠  레,관광,2026-01-01 08:57:27.303636,521.7721389256938,,534.245534720283,528.0088368229883
칠  레,관광,2026-02-01 08:57:27.303636,779.1437683352223,,532.455688464309,655.7997283997656
칠  레,관광,2026-03-01 08:57:27.303636,813.0820579358682,,507.62037594881815,660.3512169423432
칠  레,관광,2026-04-01 08:57:27.303636,1137.832189100225,,506.969073157917,822.4006311290709
칠  레,관광,2026-05-01 08:57:27.303636,1248.2344628541832,,527.3833583666013,887.8089106103923
칠  레,관광,2026-06-01 08:57:27.303636,858.5790043725651,,549.6353997956288,704.107202084097
칠  레,관광,2026-07-01 08:57:27.303636,867.1525299449419,,564.9544379058069,716.0534839253744
칠  레,기타,2025-08-01 08:57:27.303636,30.75847716960774,,53.261471302363844,42.009974235985794
칠  레,기타,2025-09-01 08:57:27.303636,124.32505835603222,,53.50253356623897,88.91379596113559
칠  레,기타,2025-10-01 08:57:27.303636,34.89945302048849,,54.03956339489166,44.46950820769007
칠  레,기타,2025-11-01 08:57:27.303636,57.044538083317796,,54.222818019109425,55.63367805121361
칠  레,기타,2025-12-01 08:57:27.303636,43.834088388116854,,53.977363972346055,48.905726180231454
칠  레,기타,2026-01-01 08:57:27.303636,62.89755370775033,,54.393315699899986,58.64543470382516
칠  레,기타,2026-02-01 08:57:27.303636,56.62863908418141,,62.96086235259782,59.794750718389615
칠  레,기타,2026-03-01 08:57:27.303636,58.12583183978973,,91.02820930915604,74.57702057447288
칠  레,기타,2026-04-01 08:57:27.303636,56.97010352077442,,92.96066967522908,74.96538659800176
칠  레,기타,2026-05-01 08:57:27.303636,52.84597050389034,,99.60772941775652,76.22684996082343
칠  레,기타,2026-06-01 08:57:27.303636,64.78707657669528,,109.08136614366643,86.93422136018086
칠  레,기타,2026-07-01 08:57:27.303636,66.96199537126977,,99.98526899285321,83.4736321820615
칠  레,상용,2025-08-01 08:57:27.303636,9.788396546132955,,6.104742961362953,7.946569753747953
칠  레,상용,2025-09-01 08:57:27.303636,8.139966268579155,,6.286947832298021,7.213457050438588
칠  레,상용,2025-10-01 08:57:27.303636,9.10937423704814,,6.673670030738311,7.8915221338932255
칠  레,상용,2025-11-01 08:57:27.303636,9.774571705361012,,7.33185538359724,8.553213544479126
칠  레,상용,2025-12-01 08:57:27.303636,6.715329180552752,,7.622667761955137,7.1689984712539445
칠  레,상용,2026-01-01 08:57:27.303636,9.850280252032514,,7.843134196651427,8.84670722434197
칠  레,상용,2026-02-01 08:57:27.303636,8.898628173625402,,8.588921398799638,8.74377478621252
칠  레,상용,2026-03-01 08:57:27.303636,9.139777502513116,,8.775357119330288,8.957567310921702
칠  레,상용,2026-04-01 08:57:27.303636,10.040113912405836,,8.345138562604998,9.192626237505417
칠  레,상용,2026-05-01 08:57:27.303636,10.67496010963075,,8.30383443979021,9.48939727471048
칠  레,상용,2026-06-01 08:57:27.303636,10.388004581538624,,8.549526248682618,9.46876541511062
칠  레,상용,2026-07-01 08:57:27.303636,9.091175302374367,,8.90228924449619,8.996732273435278
칠  레,유학연수,2025-08-01 08:57:27.303636,49.63068834604858,,3.171134579966546,26.400911463007564
칠  레,유학연수,2025-09-01 08:57:27.303636,6.901171667097842,,7.016609710103401,6.958890688600621
칠  레,유학연수,2025-10-01 08:57:27.303636,1.9080051131637845,,8.76656681164032,5.337285962402053
칠  레,유학연수,2025-11-01 08:57:27.303636,8.578536252531725,,9.147395311071937,8.862965781801831
칠  레,유학연수,2025-12-01 08:57:27.303636,4.994191968898969,,18.718904045652717,11.856548007275844
칠  레,유학연수,2026-01-01 08:57:27.303636,19.145749033854194,,6.82094817635629,12.983348605105242
칠  레,유학연수,2026-02-01 08:57:27.303636,45.220914542429306,,2.4220085624824668,23.821461552455887
칠  레,유학연수,2026-03-01 08:57:27.303636,7.844899926784093,,2.273694985334328,5.059297456059211
칠  레,유학연수,2026-04-01 08:57:27.303636,3.733950801342829,,3.8606695637593997,3.797310182551114
칠  레,유학연수,2026-05-01 08:57:27.303636,9.839211173251279,,5.980010793629331,7.909610983440305
칠  레,유학연수,2026-06-01 08:57:27.303636,6.113830804918659,,5.859715878960528,5.986773341939593
칠  레,유학연수,2026-07-01 08:57:27.303636,11.862520898455667,,3.6786545526560746,7.77058772555587
카자흐스탄,공용,2025-08-01 08:57:27.303636,10.005342114968942,,6.216871862355865,8.111106988662403
카자흐스탄,공용,2025-09-01 08:57:27.303636,1.7889516355011548,,6.2445349059580355,4.016743270729595
카자흐스탄,공용,2025-10-01 08:57:27.303636,4.533951373615824,,6.683758692196549,5.608855032906186
카자흐스탄,공용,2025-11-01 08:57:27.303636,2.7564524998127875,,6.58266068216824,4.6695565909905135
카자흐스탄,공용,2025-12-01 08:57:27.303636,1.481319464463255,,6.525460168153504,4.003389816308379
카자흐스탄,공용,2026-01-01 08:57:27.303636,0.8327637959634043,,6.901526891667558,3.8671453438154813
카자흐스탄,공용,2026-02-01 08:57:27.303636,1.144672419395081,,7.333782481138321,4.239227450266701
카자흐스탄,공용,2026-03-01 08:57:27.303636,1.4621505575752354,,7.315043187187786,4.388596872381511
카자흐스탄,공용,2026-04-01 08:57:27.303636,1.4052429391576897,,6.311749693543666,3.858496316350678
카자흐스탄,공용,2026-05-01 08:57:27.303636,0.7574900674839287,,5.209549097192407,2.9835195823381677
카자흐스탄,공용,2026-06-01 08:57:27.303636,0.45326751558952066,,3.620287629871404,2.0367775727304624
카자흐스탄,공용,2026-07-01 08:57:27.303636,0.28666427068061046,,4.2060544760237555,2.246359373352183
카자흐스탄,관광,2025-08-01 08:57:27.303636,4166.903555490518,,3662.195873704605,3914.5497145975614
카자흐스탄,관광,2025-09-01 08:57:27.303636,3716.550239496677,,3232.9606934989188,3474.755466497798
카자흐스탄,관광,2025-10-01 08:57:27.303636,4956.106951608194,,3539.1677197842605,4247.637335696228
카자흐스탄,관광,2025-11-01 08:57:27.303636,4271.26178264505,,3545.1514407883433,3908.2066117166964
카자흐스탄,관광,2025-12-01 08:57:27.303636,3434.4499781435534,,2848.2419793169684,3141.345978730261
카자흐스탄,관광,2026-01-01 08:57:27.303636,3483.9665717663406,,2583.583741019732,3033.775156393036
카자흐스탄,관광,2026-02-01 08:57:27.303636,4004.809745329791,,2895.8857564432956,3450.3477508865435
카자흐스탄,관광,2026-03-01 08:57:27.303636,5863.193111600785,,2999.2116776854145,4431.2023946431
카자흐스탄,관광,2026-04-01 08:57:27.303636,5302.71706896163,,2490.3809168922185,3896.5489929269243
카자흐스탄,관광,2026-05-01 08:57:27.303636,5441.263444397456,,2387.063200415489,3914.1633224064726
카자흐스탄,관광,2026-06-01 08:57:27.303636,5381.474150434404,,2464.40578121575,3922.939965825077
카자흐스탄,관광,2026-07-01 08:57:27.303636,5952.789689566054,,2599.5952687053023,4276.192479135678
카자흐스탄,기타,2025-08-01 08:57:27.303636,2136.779088101182,,986.8817383520648,1561.8304132266235
카자흐스탄,기타,2025-09-01 08:57:27.303636,2031.148377162748,,1554.920776195443,1793.0345766790956
카자흐스탄,기타,2025-10-01 08:57:27.303636,1786.166816477208,,1324.8180114168003,1555.492413947004
카자흐스탄,기타,2025-11-01 08:57:27.303636,1616.0921010397763,,851.0438023235104,1233.5679516816433
카자흐스탄,기타,2025-12-01 08:57:27.303636,1322.0993982910402,,467.06537483312815,894.5823865620841
카자흐스탄,기타,2026-01-01 08:57:27.303636,1799.1428000614935,,931.5795843402728,1365.3611922008831
카자흐스탄,기타,2026-02-01 08:57:27.303636,1894.5867391213148,,583.767085754637,1239.176912437976
카자흐스탄,기타,2026-03-01 08:57:27.303636,1798.8787086774225,,193.15336702123307,996.0160378493279
카자흐스탄,기타,2026-04-01 08:57:27.303636,1816.7217137112623,,123.24992174803776,969.9858177296501
카자흐스탄,기타,2026-05-01 08:57:27.303636,1746.1160411476737,,180.00885464334579,963.0624478955098
카자흐스탄,기타,2026-06-01 08:57:27.303636,1920.1175787599298,,246.61429407271487,1083.3659364163223
카자흐스탄,기타,2026-07-01 08:57:27.303636,2009.1974869223197,,290.9915347369493,1150.0945108296346
카자흐스탄,상용,2025-08-01 08:57:27.303636,16.03848110231173,,14.273711753912266,15.156096428111999
카자흐스탄,상용,2025-09-01 08:57:27.303636,21.739748831897053,,15.225667345139552,18.4827080885183
카자흐스탄,상용,2025-10-01 08:57:27.303636,35.95018725650051,,15.298291823532917,25.624239540016717
카자흐스탄,상용,2025-11-01 08:57:27.303636,25.438343859585896,,15.44128460887466,20.439814234230276
카자흐스탄,상용,2025-12-01 08:57:27.303636,15.694961070294108,,15.899532588346752,15.797246829320429
카자흐스탄,상용,2026-01-01 08:57:27.303636,18.337547066475047,,17.169049131334972,17.75329809890501
카자흐스탄,상용,2026-02-01 08:57:27.303636,17.80859403291524,,17.8389089126606,17.82375147278792
카자흐스탄,상용,2026-03-01 08:57:27.303636,32.34908849251469,,18.242416498013867,25.295752495264278
카자흐스탄,상용,2026-04-01 08:57:27.303636,27.688890153612785,,18.87118310541415,23.280036629513468
카자흐스탄,상용,2026-05-01 08:57:27.303636,29.311338602286387,,19.160490950533113,24.23591477640975
카자흐스탄,상용,2026-06-01 08:57:27.303636,26.98675819744287,,18.71917389865673,22.8529660480498
카자흐스탄,상용,2026-07-01 08:57:27.303636,21.556482100376538,,17.693778411761702,19.62513025606912
카자흐스탄,유학연수,2025-08-01 08:57:27.303636,1069.1234143960887,,152.76364818006988,610.9435312880793
카자흐스탄,유학연수,2025-09-01 08:57:27.303636,302.0129887646119,,188.041324942693,245.02715685365246
카자흐스탄,유학연수,2025-10-01 08:57:27.303636,34.085026014222436,,209.29875510128613,121.69189055775428
카자흐스탄,유학연수,2025-11-01 08:57:27.303636,73.37267164040155,,149.9064597254067,111.63956568290413
카자흐스탄,유학연수,2025-12-01 08:57:27.303636,90.58987155619394,,534.5543510247768,312.5721112904854
카자흐스탄,유학연수,2026-01-01 08:57:27.303636,156.04702642015573,,650.3917354697807,403.2193809449682
카자흐스탄,유학연수,2026-02-01 08:57:27.303636,772.9890975961316,,358.8128943402176,565.9009959681746
카자흐스탄,유학연수,2026-03-01 08:57:27.303636,330.0908340431837,,144.20907220183005,237.14995312250687
카자흐스탄,유학연수,2026-04-01 08:57:27.303636,35.575401979265145,,122.20700503354236,78.89120350640376
카자흐스탄,유학연수,2026-05-01 08:57:27.303636,62.368168692501456,,313.912604760475,188.14038672648823
카자흐스탄,유학연수,2026-06-01 08:57:27.303636,132.8470467452134,,456.74211980120504,294.79458327320924
카자흐스탄,유학연수,2026-07-01 08:57:27.303636,160.37864938056623,,272.59231535915285,216.48548236985954
캐나다,공용,2025-08-01 08:57:27.303636,68.83076009084608,,41.25984126333757,55.04530067709183
캐나다,공용,2025-09-01 08:57:27.303636,42.640196712833884,,38.96167568144586,40.800936197139876
캐나다,공용,2025-10-01 08:57:27.303636,46.605881214566644,,54.2936390118719,50.44976011321927
캐나다,공용,2025-11-01 08:57:27.303636,68.29474452994211,,52.31036006688825,60.30255229841518
캐나다,공용,2025-12-01 08:57:27.303636,44.4070420862699,,37.36061476499394,40.88382842563192
캐나다,공용,2026-01-01 08:57:27.303636,49.892872756036795,,35.6882017213775,42.790537238707145
캐나다,공용,2026-02-01 08:57:27.303636,74.38062417243925,,49.60243659772489,61.99153038508207
캐나다,공용,2026-03-01 08:57:27.303636,80.45503318050369,,45.56487701167233,63.00995509608801
캐나다,공용,2026-04-01 08:57:27.303636,56.8397085898508,,32.74092208816192,44.79031533900636
캐나다,공용,2026-05-01 08:57:27.303636,55.38793540483004,,32.701019892832086,44.04447764883106
캐나다,공용,2026-06-01 08:57:27.303636,67.34728574624597,,31.43780471744199,49.39254523184398
캐나다,공용,2026-07-01 08:57:27.303636,61.6167198705459,,30.303090439097154,45.95990515482153
캐나다,관광,2025-08-01 08:57:27.303636,21710.36613402093,,24250.02615417898,22980.196144099955
캐나다,관광,2025-09-01 08:57:27.303636,23044.12104491777,,20856.724378057348,21950.42271148756
캐나다,관광,2025-10-01 08:57:27.303636,31683.655460544585,,22610.94771946185,27147.30159000322
캐나다,관광,2025-11-01 08:57:27.303636,21885.23505062803,,24445.063327910702,23165.149189269367
캐나다,관광,2025-12-01 08:57:27.303636,20232.098685606466,,23801.936793332567,22017.017739469517
캐나다,관광,2026-01-01 08:57:27.303636,17029.198879220945,,21145.390325234534,19087.29460222774
캐나다,관광,2026-02-01 08:57:27.303636,18942.4123019003,,23251.714648213067,21097.063475056682
캐나다,관광,2026-03-01 08:57:27.303636,29744.55109304936,,23197.697677218934,26471.124385134146
캐나다,관광,2026-04-01 08:57:27.303636,33885.10851364699,,22866.216993068774,28375.662753357883
캐나다,관광,2026-05-01 08:57:27.303636,32845.29685271766,,21959.874392507503,27402.585622612583
캐나다,관광,2026-06-01 08:57:27.303636,26257.083065108196,,21457.64590123722,23857.364483172707
캐나다,관광,2026-07-01 08:57:27.303636,30102.95967069132,,21720.18901878289,25911.574344737106
캐나다,기타,2025-08-01 08:57:27.303636,6270.5513353353845,,3084.415474555724,4677.483404945554
캐나다,기타,2025-09-01 08:57:27.303636,4805.4095987417095,,4120.487653426546,4462.948626084128
캐나다,기타,2025-10-01 08:57:27.303636,5150.1856306255995,,3046.135984784819,4098.16080770521
캐나다,기타,2025-11-01 08:57:27.303636,4173.380601515305,,1465.1221479066053,2819.251374710955
캐나다,기타,2025-12-01 08:57:27.303636,4452.894959297689,,733.8393107803086,2593.3671350389986
캐나다,기타,2026-01-01 08:57:27.303636,5576.840573097562,,1272.2288648430103,3424.534718970286
캐나다,기타,2026-02-01 08:57:27.303636,5080.466889443718,,905.6554690237845,2993.0611792337513
캐나다,기타,2026-03-01 08:57:27.303636,4833.560640109784,,774.1542459610137,2803.857443035399
캐나다,기타,2026-04-01 08:57:27.303636,4469.8449207243375,,930.7671346341822,2700.30602767926
캐나다,기타,2026-05-01 08:57:27.303636,4812.75810356685,,1050.7091971652249,2931.733650366037
캐나다,기타,2026-06-01 08:57:27.303636,4588.551414043603,,1152.7941255210364,2870.6727697823194
캐나다,기타,2026-07-01 08:57:27.303636,5211.300101737185,,1213.3549706065799,3212.3275361718825
캐나다,상용,2025-08-01 08:57:27.303636,43.33176345734571,,25.353648480691945,34.34270596901882
캐나다,상용,2025-09-01 08:57:27.303636,37.020951919177506,,36.66123798488458,36.84109495203104
캐나다,상용,2025-10-01 08:57:27.303636,36.936032099405594,,33.03423707996267,34.98513458968414
캐나다,상용,2025-11-01 08:57:27.303636,34.222370148153466,,31.20157491468253,32.711972531418
캐나다,상용,2025-12-01 08:57:27.303636,31.489871942516633,,29.779512164025746,30.634692053271188
캐나다,상용,2026-01-01 08:57:27.303636,46.55727979446793,,40.43176168247288,43.494520738470406
캐나다,상용,2026-02-01 08:57:27.303636,37.768245611548856,,37.01010243646638,37.389174024007616
캐나다,상용,2026-03-01 08:57:27.303636,41.14778199048337,,35.54819328982972,38.347987640156546
캐나다,상용,2026-04-01 08:57:27.303636,40.92086367232351,,33.44394152703977,37.18240259968164
캐나다,상용,2026-05-01 08:57:27.303636,44.88259447634007,,31.613956636834082,38.248275556587075
캐나다,상용,2026-06-01 08:57:27.303636,38.43167308425686,,28.429860423929618,33.43076675409324
캐나다,상용,2026-07-01 08:57:27.303636,39.26731778219446,,25.67098058139687,32.469149181795665
캐나다,유학연수,2025-08-01 08:57:27.303636,247.31023362885392,,38.011433445128986,142.66083353699145
캐나다,유학연수,2025-09-01 08:57:27.303636,36.04149593768296,,111.1536086505264,73.59755229410467
캐나다,유학연수,2025-10-01 08:57:27.303636,37.01708263208121,,54.652330273202736,45.834706452641974
캐나다,유학연수,2025-11-01 08:57:27.303636,83.60702986224892,,25.177257291090058,54.39214357666949
캐나다,유학연수,2025-12-01 08:57:27.303636,74.67378578992621,,42.280938380821844,58.477362085374025
캐나다,유학연수,2026-01-01 08:57:27.303636,67.40769911601959,,147.80544877001074,107.60657394301516
캐나다,유학연수,2026-02-01 08:57:27.303636,187.7591642430741,,29.528783462823572,108.64397385294885
캐나다,유학연수,2026-03-01 08:57:27.303636,36.063734150635156,,14.889231113472121,25.47648263205364
캐나다,유학연수,2026-04-01 08:57:27.303636,34.95746507323712,,22.543112634167105,28.75028885370211
캐나다,유학연수,2026-05-01 08:57:27.303636,78.84853414939587,,43.70819507795716,61.278364613676516
캐나다,유학연수,2026-06-01 08:57:27.303636,59.2164591353869,,25.865604589627345,42.541031862507126
캐나다,유학연수,2026-07-01 08:57:27.303636,60.08672492421015,,22.688466062911516,41.38759549356084
콜롬비아,공용,2025-08-01 08:57:27.303636,-19.86159304651758,,5.4851037317254185,-7.188244657396081
콜롬비아,공용,2025-09-01 08:57:27.303636,3.1792786043307877,,5.5838958991442365,4.381587251737512
콜롬비아,공용,2025-10-01 08:57:27.303636,-5.994024964172187,,4.193686260755759,-0.9001693517082141
콜롬비아,공용,2025-11-01 08:57:27.303636,-1.8896486787595501,,3.7936241835740656,0.9519877524072577
콜롬비아,공용,2025-12-01 08:57:27.303636,-0.2835995201378293,,4.613834578021371,2.165117528941771
콜롬비아,공용,2026-01-01 08:57:27.303636,-1.3767101965871427,,7.06456838195702,2.843929092684939
콜롬비아,공용,2026-02-01 08:57:27.303636,-2.2624189402566466,,7.681093159363141,2.709337109553247
콜롬비아,공용,2026-03-01 08:57:27.303636,-5.039260212662399,,6.714941424561379,0.8378406059494901
콜롬비아,공용,2026-04-01 08:57:27.303636,-3.1016516360588304,,6.719998873649855,1.8091736187955123
콜롬비아,공용,2026-05-01 08:57:27.303636,-2.338213120283614,,7.70557254437427,2.683679712045328
콜롬비아,공용,2026-06-01 08:57:27.303636,0.5818792552510875,,10.32976637687905,5.455822816065068
콜롬비아,공용,2026-07-01 08:57:27.303636,0.7182886643776722,,13.596165001991187,7.1572268331844295
콜롬비아,관광,2025-08-01 08:57:27.303636,810.7658719856354,,935.6824341356879,873.2241530606616
콜롬비아,관광,2025-09-01 08:57:27.303636,1235.5880369767674,,840.202789343823,1037.8954131602952
콜롬비아,관광,2025-10-01 08:57:27.303636,1714.4968446761748,,987.6298860523025,1351.0633653642385
콜롬비아,관광,2025-11-01 08:57:27.303636,1189.9555462352487,,1053.2904243040107,1121.6229852696297
콜롬비아,관광,2025-12-01 08:57:27.303636,748.3419500005973,,1023.8469137846301,886.0944318926138
콜롬비아,관광,2026-01-01 08:57:27.303636,480.9742713208486,,966.0182199202068,723.4962456205277
콜롬비아,관광,2026-02-01 08:57:27.303636,419.5758222694763,,1081.4285597596956,750.502191014586
콜롬비아,관광,2026-03-01 08:57:27.303636,1121.6815963553272,,1111.3032368501497,1116.4924166027386
콜롬비아,관광,2026-04-01 08:57:27.303636,1402.312271881388,,1059.8087229804785,1231.060497430933
콜롬비아,관광,2026-05-01 08:57:27.303636,1564.3317979014557,,1033.9801909439982,1299.155994422727
콜롬비아,관광,2026-06-01 08:57:27.303636,1342.6082852067996,,1020.2567517392603,1181.4325184730299
콜롬비아,관광,2026-07-01 08:57:27.303636,1243.3313951803848,,1030.8617442091424,1137.0965696947637
콜롬비아,기타,2025-08-01 08:57:27.303636,245.6702511487997,,210.01061668043107,227.8404339146154
콜롬비아,기타,2025-09-01 08:57:27.303636,269.15404183838723,,195.34155297471142,232.24779740654932
콜롬비아,기타,2025-10-01 08:57:27.303636,250.82874419278068,,190.4990577337867,220.6639009632837
콜롬비아,기타,2025-11-01 08:57:27.303636,158.24992772523623,,184.28781315029588,171.26887043776605
콜롬비아,기타,2025-12-01 08:57:27.303636,119.47664168044105,,153.19523427641275,136.3359379784269
콜롬비아,기타,2026-01-01 08:57:27.303636,151.65388225279946,,152.89746526638115,152.2756737595903
콜롬비아,기타,2026-02-01 08:57:27.303636,149.67893641634092,,182.15484156350905,165.91688898992498
콜롬비아,기타,2026-03-01 08:57:27.303636,272.15066904302785,,202.8225280332984,237.48659853816312
콜롬비아,기타,2026-04-01 08:57:27.303636,269.8077328818555,,200.95160661262136,235.37966974723844
콜롬비아,기타,2026-05-01 08:57:27.303636,250.14188996697072,,203.78320102312318,226.96254549504695
콜롬비아,기타,2026-06-01 08:57:27.303636,257.8618380903764,,205.332345876114,231.5970919832452
콜롬비아,기타,2026-07-01 08:57:27.303636,325.11670208791674,,197.59102347939083,261.35386278365377
콜롬비아,상용,2025-08-01 08:57:27.303636,1.346430722178235,,1.0464449878089175,1.1964378549935764
콜롬비아,상용,2025-09-01 08:57:27.303636,1.44680797984532,,1.3677806350429575,1.4072943074441389
콜롬비아,상용,2025-10-01 08:57:27.303636,0.8316378463087956,,1.0925025904715806,0.9620702183901881
콜롬비아,상용,2025-11-01 08:57:27.303636,1.3113036462004424,,0.9915909342418154,1.151447290221129
콜롬비아,상용,2025-12-01 08:57:27.303636,1.090075688886946,,1.2104585375544126,1.1502671132206794
콜롬비아,상용,2026-01-01 08:57:27.303636,1.6829177561989792,,1.4687668197498969,1.575842287974438
콜롬비아,상용,2026-02-01 08:57:27.303636,1.5810980668267307,,1.2618757195337085,1.4214868931802196
콜롬비아,상용,2026-03-01 08:57:27.303636,1.191268491647419,,1.1233650733029608,1.1573167824751898
콜롬비아,상용,2026-04-01 08:57:27.303636,1.092848817761791,,1.2740349581353898,1.1834418879485904
콜롬비아,상용,2026-05-01 08:57:27.303636,1.3217503123227867,,1.2255767781010598,1.2736635452119232
콜롬비아,상용,2026-06-01 08:57:27.303636,0.9856427072183402,,1.068253986224732,1.0269483467215361
콜롬비아,상용,2026-07-01 08:57:27.303636,0.9201030698485644,,0.9024952779075319,0.9112991738780482
콜롬비아,유학연수,2025-08-01 08:57:27.303636,86.52448343636092,,10.389913126693624,48.457198281527276
콜롬비아,유학연수,2025-09-01 08:57:27.303636,10.627187296314583,,10.565403458059983,10.596295377187282
콜롬비아,유학연수,2025-10-01 08:57:27.303636,12.606337873322602,,10.252588451909725,11.429463162616162
콜롬비아,유학연수,2025-11-01 08:57:27.303636,21.581947799178486,,9.488261139381386,15.535104469279936
콜롬비아,유학연수,2025-12-01 08:57:27.303636,18.514593314131147,,47.64288631881076,33.07873981647096
콜롬비아,유학연수,2026-01-01 08:57:27.303636,32.58267238170077,,38.465763511912,35.52421794680639
콜롬비아,유학연수,2026-02-01 08:57:27.303636,76.73767923010095,,17.95969349390636,47.348686362003654
콜롬비아,유학연수,2026-03-01 08:57:27.303636,22.28606539017962,,17.284919645580665,19.785492517880144
콜롬비아,유학연수,2026-04-01 08:57:27.303636,9.33391719021932,,15.9641791610235,12.64904817562141
콜롬비아,유학연수,2026-05-01 08:57:27.303636,19.733826621385965,,29.667743842101906,24.700785231743936
콜롬비아,유학연수,2026-06-01 08:57:27.303636,21.292984000152362,,55.67427952575845,38.483631762955405
콜롬비아,유학연수,2026-07-01 08:57:27.303636,23.37242547213574,,10.262703757527445,16.817564614831593
쿠  바,공용,2025-08-01 08:57:27.303636,0.01783076287660857,,0.02083337121523121,0.01933206704591989
쿠  바,공용,2025-09-01 08:57:27.303636,0.05771424378877312,,0.1016096549298606,0.07966194935931686
쿠  바,공용,2025-10-01 08:57:27.303636,0.012847999431597314,,0.165593387507455,0.08922069346952616
쿠  바,공용,2025-11-01 08:57:27.303636,0.008937158128321385,,0.3010652304589949,0.15500119429365816
쿠  바,공용,2025-12-01 08:57:27.303636,0.020656324180528658,,0.49611600490720265,0.25838616454386565
쿠  바,공용,2026-01-01 08:57:27.303636,0.0015214530256819055,,0.5273791389942052,0.2644502960099435
쿠  바,공용,2026-02-01 08:57:27.303636,0.011818432831132347,,0.7730925805649432,0.3924555066980378
쿠  바,공용,2026-03-01 08:57:27.303636,0.17201725446610125,,1.1483069093935994,0.6601620819298503
쿠  바,공용,2026-04-01 08:57:27.303636,0.0023467707012027124,,1.5415712435783149,0.7719590071397588
쿠  바,공용,2026-05-01 08:57:27.303636,0.002482729285250304,,1.662517447073287,0.8325000881792687
쿠  바,공용,2026-06-01 08:57:27.303636,0.006333789128210206,,1.1565531131973112,0.5814434511627607
쿠  바,공용,2026-07-01 08:57:27.303636,0.0042329092790483695,,0.523439422512455,0.2638361658957517
쿠  바,관광,2025-08-01 08:57:27.303636,21.733379363666533,,8.020761231055467,14.877070297361
쿠  바,관광,2025-09-01 08:57:27.303636,16.087536427561293,,8.941338740498791,12.514437584030041
쿠  바,관광,2025-10-01 08:57:27.303636,18.02782940155867,,8.06462254436554,13.046225972962105
쿠  바,관광,2025-11-01 08:57:27.303636,1.9651307820471462,,8.2348786722116,5.100004727129373
쿠  바,관광,2025-12-01 08:57:27.303636,2.5070739994231155,,9.534382034390067,6.020728016906591
쿠  바,관광,2026-01-01 08:57:27.303636,1.0222283857976735,,10.310034354117672,5.6661313699576725
쿠  바,관광,2026-02-01 08:57:27.303636,24.127982908830766,,9.920497278896516,17.02424009386364
쿠  바,관광,2026-03-01 08:57:27.303636,3.518268146218261,,10.057268887612343,6.787768516915302
쿠  바,관광,2026-04-01 08:57:27.303636,4.60092508268984,,11.408747387253527,8.004836234971684
쿠  바,관광,2026-05-01 08:57:27.303636,13.861740347771955,,14.248151599942078,14.054945973857016
쿠  바,관광,2026-06-01 08:57:27.303636,10.118377193462708,,21.499349503072555,15.808863348267632
쿠  바,관광,2026-07-01 08:57:27.303636,36.015664291026056,,28.832531508927776,32.424097899976914
쿠  바,기타,2025-08-01 08:57:27.303636,11.786211804294723,,3.595238626539512,7.6907252154171175
쿠  바,기타,2025-09-01 08:57:27.303636,10.884601604805306,,2.8530252830996794,6.868813443952493
쿠  바,기타,2025-10-01 08:57:27.303636,13.103827259858482,,3.036376637692305,8.070101948775394
쿠  바,기타,2025-11-01 08:57:27.303636,2.5374835042456665,,3.2824266242655913,2.909955064255629
쿠  바,기타,2025-12-01 08:57:27.303636,1.01699276555015,,3.391345442809019,2.2041691041795843
쿠  바,기타,2026-01-01 08:57:27.303636,4.910812096605439,,2.6757711460921385,3.793291621348789
쿠  바,기타,2026-02-01 08:57:27.303636,7.219863987497745,,3.2000997283323898,5.209981857915068
쿠  바,기타,2026-03-01 08:57:27.303636,3.76083727613283,,3.8300152401458956,3.7954262581393627
쿠  바,기타,2026-04-01 08:57:27.303636,7.9901320996092196,,4.315298281985767,6.152715190797493
쿠  바,기타,2026-05-01 08:57:27.303636,10.520193372344567,,5.397309679252538,7.958751525798553
쿠  바,기타,2026-06-01 08:57:27.303636,8.177861729463515,,7.051439935078118,7.614650832270817
쿠  바,기타,2026-07-01 08:57:27.303636,7.188642657506706,,8.890091615795235,8.03936713665097
쿠  바,상용,2025-08-01 08:57:27.303636,0.03249858043780566,,0.10820899217384672,0.07035378630582619
쿠  바,상용,2025-09-01 08:57:27.303636,0.022190934024652248,,0.055360157747931016,0.03877554588629163
쿠  바,상용,2025-10-01 08:57:27.303636,0.030883540749852074,,-0.024047448107664016,0.003418046321094029
쿠  바,상용,2025-11-01 08:57:27.303636,0.025582467801277868,,-0.13179336105479278,-0.05310544662675745
쿠  바,상용,2025-12-01 08:57:27.303636,0.024918954520427958,,0.03454296523540035,0.029730959877914152
쿠  바,상용,2026-01-01 08:57:27.303636,0.09200621596758464,,0.13787505639970488,0.11494063618364475
쿠  바,상용,2026-02-01 08:57:27.303636,-0.01705501577000696,,0.13032509331231723,0.05663503877115514
쿠  바,상용,2026-03-01 08:57:27.303636,0.11639139194627533,,0.06251077764692736,0.08945108479660135
쿠  바,상용,2026-04-01 08:57:27.303636,0.060109751533383944,,0.20310679553462574,0.13160827353400484
쿠  바,상용,2026-05-01 08:57:27.303636,0.06483002915459317,,0.3743597059770354,0.21959486756581428
쿠  바,상용,2026-06-01 08:57:27.303636,0.07586405613125255,,0.5930377498319204,0.3344509029815865
쿠  바,상용,2026-07-01 08:57:27.303636,0.07494850339968383,,0.7816511120211942,0.428299807710439
쿠  바,유학연수,2025-08-01 08:57:27.303636,1.8204755056304163,,1.2114465106480006,1.5159610081392083
쿠  바,유학연수,2025-09-01 08:57:27.303636,-0.028601058671086296,,1.6679860190524365,0.8196924801906751
쿠  바,유학연수,2025-10-01 08:57:27.303636,-0.26460245773454255,,1.2260169216817174,0.48070723197358745
쿠  바,유학연수,2025-11-01 08:57:27.303636,2.805759297062371,,1.0614286209007933,1.933593958981582
쿠  바,유학연수,2025-12-01 08:57:27.303636,-0.5657426201547338,,2.428026907159892,0.9311421435025792
쿠  바,유학연수,2026-01-01 08:57:27.303636,-0.07956436496159311,,3.5677583047769064,1.7440969699076567
쿠  바,유학연수,2026-02-01 08:57:27.303636,2.7289675787756402,,2.8604379787961824,2.7947027787859113
쿠  바,유학연수,2026-03-01 08:57:27.303636,1.190783696213815,,1.1965738741979333,1.1936787852058741
쿠  바,유학연수,2026-04-01 08:57:27.303636,0.3522625794168663,,0.4807155682492359,0.4164890738330511
쿠  바,유학연수,2026-05-01 08:57:27.303636,0.41259782542024925,,2.60832410027065,1.5104609628454497
쿠  바,유학연수,2026-06-01 08:57:27.303636,0.5811999252458446,,3.773216281595676,2.17720810342076
쿠  바,유학연수,2026-07-01 08:57:27.303636,0.5394273204216999,,3.4934548510909793,2.0164410857563397
키리바시,공용,2025-08-01 08:57:27.303636,14.053006511788402,,0.6750033466490415,7.364004929218722
키리바시,공용,2025-09-01 08:57:27.303636,2.177405609559771,,1.3546576735307672,1.766031641545269
키리바시,공용,2025-10-01 08:57:27.303636,2.3457277535305003,,1.699736235461627,2.0227319944960636
키리바시,공용,2025-11-01 08:57:27.303636,5.193307415589107,,1.3678621613634032,3.280584788476255
키리바시,공용,2025-12-01 08:57:27.303636,0.6961540837201933,,1.3987481386099136,1.0474511111650535
키리바시,공용,2026-01-01 08:57:27.303636,-0.5274464658833617,,2.7591845936674,1.1158690638920192
키리바시,공용,2026-02-01 08:57:27.303636,5.54322372651926,,2.9324691788286823,4.237846452673971
키리바시,공용,2026-03-01 08:57:27.303636,0.2947633190225263,,1.5573144320054837,0.926038875514005
키리바시,공용,2026-04-01 08:57:27.303636,1.9622794747411128,,1.068472001425334,1.5153757380832233
키리바시,공용,2026-05-01 08:57:27.303636,5.257255117346992,,1.30276282611786,3.280008971732426
키리바시,공용,2026-06-01 08:57:27.303636,2.4163470492438446,,1.8333367876389635,2.124841918441404
키리바시,공용,2026-07-01 08:57:27.303636,3.2087182572309367,,2.6068593424316195,2.907788799831278
키리바시,관광,2025-08-01 08:57:27.303636,7.4329057331112,,3.3433134856454707,5.388109609378335
키리바시,관광,2025-09-01 08:57:27.303636,7.820906919168041,,3.246394969034519,5.5336509441012804
키리바시,관광,2025-10-01 08:57:27.303636,7.406313089434097,,2.105897103588873,4.756105096511485
키리바시,관광,2025-11-01 08:57:27.303636,5.61887628868238,,2.2445601656076093,3.931718227144995
키리바시,관광,2025-12-01 08:57:27.303636,4.765413437244705,,3.677253608000427,4.221333522622566
키리바시,관광,2026-01-01 08:57:27.303636,5.107377803576185,,3.443904251852448,4.275641027714316
키리바시,관광,2026-02-01 08:57:27.303636,6.271954417643693,,2.3772321373763177,4.324593277510005
키리바시,관광,2026-03-01 08:57:27.303636,8.78754979357872,,2.5218447851041894,5.654697289341454
키리바시,관광,2026-04-01 08:57:27.303636,6.425520573018598,,3.9147119136963866,5.1701162433574925
키리바시,관광,2026-05-01 08:57:27.303636,8.724689420096563,,4.674562611925211,6.699626016010887
키리바시,관광,2026-06-01 08:57:27.303636,9.30706065440805,,5.356337855106563,7.331699254757306
키리바시,관광,2026-07-01 08:57:27.303636,9.819381477444157,,5.994325807650306,7.906853642547231
키리바시,기타,2025-08-01 08:57:27.303636,2.48292432119114,,10.141150929212813,6.3120376252019765
키리바시,기타,2025-09-01 08:57:27.303636,2.0038503819366102,,10.284435779601893,6.144143080769251
키리바시,기타,2025-10-01 08:57:27.303636,1.9026209390057478,,13.021719396203181,7.462170167604465
키리바시,기타,2025-11-01 08:57:27.303636,1.4581154010333102,,14.368189759233097,7.913152580133204
키리바시,기타,2025-12-01 08:57:27.303636,1.315995836758354,,11.973568091683333,6.644781964220844
키리바시,기타,2026-01-01 08:57:27.303636,1.3879986432503302,,11.588614487843273,6.488306565546802
키리바시,기타,2026-02-01 08:57:27.303636,0.9153477231941367,,14.147071069851087,7.531209396522612
키리바시,기타,2026-03-01 08:57:27.303636,0.807038048049971,,15.19595011058476,8.001494079317366
키리바시,기타,2026-04-01 08:57:27.303636,0.525660626651723,,13.206209953040997,6.86593528984636
키리바시,기타,2026-05-01 08:57:27.303636,0.3639969797133099,,11.890839943853422,6.127418461783366
키리바시,기타,2026-06-01 08:57:27.303636,0.1225265696589032,,11.652489365885145,5.887507967772025
키리바시,기타,2026-07-01 08:57:27.303636,-0.07740073610930762,,11.744184128826248,5.83339169635847
키리바시,상용,2025-08-01 08:57:27.303636,-1.5572257155101958e-08,,-0.0005408691356825462,-0.00027044235396985063
키리바시,상용,2025-09-01 08:57:27.303636,1.575423258610795e-07,,0.0019262839491860483,0.0009632207457559547
키리바시,상용,2025-10-01 08:57:27.303636,-1.1904196540369742e-05,,0.0021184739686443224,0.0010532848860519764
키리바시,상용,2025-11-01 08:57:27.303636,-1.5837990159346864e-07,,0.0016163690229238849,0.0008081053215111457
키리바시,상용,2025-12-01 08:57:27.303636,-9.37324503439524e-09,,0.000383979302355719,0.0001919849645553423
키리바시,상용,2026-01-01 08:57:27.303636,3.485888251186729e-08,,0.0013495841548330939,0.0006748095068578029
키리바시,상용,2026-02-01 08:57:27.303636,5.643786412076015e-08,,0.00383808238538326,0.0019190694116236905
키리바시,상용,2026-03-01 08:57:27.303636,6.648312472509336e-09,,0.002364294075033544,0.0011821503616730083
키리바시,상용,2026-04-01 08:57:27.303636,-9.66843301325031e-10,,0.0009209045260599514,0.00046045177960832507
키리바시,상용,2026-05-01 08:57:27.303636,-1.316907860959011e-08,,0.00048336946283826423,0.0002416781468798273
키리바시,상용,2026-06-01 08:57:27.303636,-1.2056133797313184e-08,,-0.0003919904231886231,-0.00019600123966121018
키리바시,상용,2026-07-01 08:57:27.303636,-8.628847460866385e-09,,-0.0021429052761801027,-0.0010714569525137818
키리바시,유학연수,2025-08-01 08:57:27.303636,0.00011583510218415417,,0.5056403722114502,0.2528781036568172
키리바시,유학연수,2025-09-01 08:57:27.303636,0.0003113485969828965,,-0.08044151786555823,-0.040065084634287665
키리바시,유학연수,2025-10-01 08:57:27.303636,0.0007214212104661824,,-0.13698926135805464,-0.06813392007379424
키리바시,유학연수,2025-11-01 08:57:27.303636,0.0013367912705221172,,-0.04849418119007362,-0.023578694959775753
키리바시,유학연수,2025-12-01 08:57:27.303636,-0.01137361872619572,,0.3422043912745569,0.16541538627418056
키리바시,유학연수,2026-01-01 08:57:27.303636,-0.006553632400183575,,0.16829761383784955,0.08087199071883298
키리바시,유학연수,2026-02-01 08:57:27.303636,0.001698742784748471,,0.14864631164953931,0.07517252721714389
키리바시,유학연수,2026-03-01 08:57:27.303636,0.0008523750232427809,,0.33287906676368195,0.16686572089346235
키리바시,유학연수,2026-04-01 08:57:27.303636,0.03925802570588015,,0.6429201466182736,0.34108908616207684
키리바시,유학연수,2026-05-01 08:57:27.303636,0.019435774175863226,,0.5323550982892434,0.2758954362325533
키리바시,유학연수,2026-06-01 08:57:27.303636,0.0006782215969873553,,0.3955216264225887,0.19809992400978804
키리바시,유학연수,2026-07-01 08:57:27.303636,0.0008955340801225421,,-0.05952118288740002,-0.029312824403638738
태  국,공용,2025-08-01 08:57:27.303636,557.6872526151456,,383.7567104155568,470.7219815153512
태  국,공용,2025-09-01 08:57:27.303636,697.8181120226873,,433.660022546756,565.7390672847216
태  국,공용,2025-10-01 08:57:27.303636,581.5107023305864,,422.7422578765842,502.12648010358527
태  국,공용,2025-11-01 08:57:27.303636,623.4517962079838,,374.92061356638413,499.186204887184
태  국,공용,2025-12-01 08:57:27.303636,305.28600490274897,,346.7276811171648,326.0068430099569
태  국,공용,2026-01-01 08:57:27.303636,284.30266335350166,,361.8892722243372,323.09596778891944
태  국,공용,2026-02-01 08:57:27.303636,402.6004697519948,,351.1401662073907,376.87031797969274
태  국,공용,2026-03-01 08:57:27.303636,604.7478083326624,,321.2965467968827,463.02217756477256
태  국,공용,2026-04-01 08:57:27.303636,611.5993975183296,,247.2250702492932,429.4122338838114
태  국,공용,2026-05-01 08:57:27.303636,801.962485152618,,230.77628590548932,516.3693855290537
태  국,공용,2026-06-01 08:57:27.303636,782.966944478938,,221.76529913041105,502.36612180467455
태  국,공용,2026-07-01 08:57:27.303636,728.5820217812704,,193.79284551115742,461.18743364621395
태  국,관광,2025-08-01 08:57:27.303636,15248.464439598163,,26912.90002642928,21080.682233013722
태  국,관광,2025-09-01 08:57:27.303636,21734.64654077058,,12740.13815838031,17237.392349575446
태  국,관광,2025-10-01 08:57:27.303636,43893.93920413052,,19630.194915084692,31762.067059607605
태  국,관광,2025-11-01 08:57:27.303636,36069.15473368022,,28787.326354868812,32428.240544274515
태  국,관광,2025-12-01 08:57:27.303636,44916.93320661397,,34432.94938452289,39674.94129556843
태  국,관광,2026-01-01 08:57:27.303636,33632.31575915465,,19137.95424845886,26385.135003806754
태  국,관광,2026-02-01 08:57:27.303636,34180.23648201722,,30150.24289837759,32165.239690197406
태  국,관광,2026-03-01 08:57:27.303636,45325.16667703114,,39282.35923735172,42303.76295719143
태  국,관광,2026-04-01 08:57:27.303636,56573.820938563826,,44445.837950732515,50509.829444648174
태  국,관광,2026-05-01 08:57:27.303636,40721.29722328472,,33330.17901004918,37025.73811666695
태  국,관광,2026-06-01 08:57:27.303636,27017.075513678927,,21545.75959855293,24281.417556115928
태  국,관광,2026-07-01 08:57:27.303636,23311.66470302034,,16602.70129900433,19957.183001012334
태  국,기타,2025-08-01 08:57:27.303636,5891.014261141893,,4867.84834723461,5379.4313041882515
태  국,기타,2025-09-01 08:57:27.303636,5471.108292168637,,5109.795226828732,5290.451759498685
태  국,기타,2025-10-01 08:57:27.303636,5796.8562647098215,,5117.559484385409,5457.207874547616
태  국,기타,2025-11-01 08:57:27.303636,5761.414511463791,,5001.268872851322,5381.341692157557
태  국,기타,2025-12-01 08:57:27.303636,5783.774677686627,,5028.96848199914,5406.371579842884
태  국,기타,2026-01-01 08:57:27.303636,6646.283179211837,,5338.980129269267,5992.631654240552
태  국,기타,2026-02-01 08:57:27.303636,6405.4662763283395,,5277.281339460282,5841.373807894311
태  국,기타,2026-03-01 08:57:27.303636,6487.675845988528,,5114.158083209848,5800.916964599188
태  국,기타,2026-04-01 08:57:27.303636,6558.0245361561265,,5133.67092822467,5845.847732190398
태  국,기타,2026-05-01 08:57:27.303636,6705.830446642011,,5118.913373429066,5912.371910035539
태  국,기타,2026-06-01 08:57:27.303636,6338.330752766855,,5038.9466781212195,5688.638715444037
태  국,기타,2026-07-01 08:57:27.303636,6718.3521964123365,,4918.389920231898,5818.371058322117
태  국,유학연수,2025-08-01 08:57:27.303636,594.2547458701823,,117.40218660743365,355.828466238808
태  국,유학연수,2025-09-01 08:57:27.303636,199.71047268262757,,156.51817186287053,178.11432227274906
태  국,유학연수,2025-10-01 08:57:27.303636,97.44895955171282,,165.8578530960266,131.65340632386972
태  국,유학연수,2025-11-01 08:57:27.303636,186.38904593036622,,176.71314739088922,181.5510966606277
태  국,유학연수,2025-12-01 08:57:27.303636,139.57974772321214,,233.65593446901693,186.61784109611455
태  국,유학연수,2026-01-01 08:57:27.303636,189.71773227914738,,271.386999263338,230.5523657712427
태  국,유학연수,2026-02-01 08:57:27.303636,529.0888193752329,,188.84620125098473,358.96751031310885
태  국,유학연수,2026-03-01 08:57:27.303636,290.03623520599285,,150.12615029134633,220.0811927486696
태  국,유학연수,2026-04-01 08:57:27.303636,78.20143185501935,,158.99290098906448,118.59716642204191
태  국,유학연수,2026-05-01 08:57:27.303636,144.56585716854738,,173.40452643409276,158.98519180132007
태  국,유학연수,2026-06-01 08:57:27.303636,198.89450209808774,,265.6999742553214,232.29723817670458
태  국,유학연수,2026-07-01 08:57:27.303636,185.65733978174953,,335.06043208929066,260.3588859355201
태  국,상용,2025-08-01 08:57:27.303636,99.94038975280918,,91.45242491882915,95.69640733581917
태  국,상용,2025-09-01 08:57:27.303636,128.4666587558027,,87.99595192563471,108.2313053407187
태  국,상용,2025-10-01 08:57:27.303636,157.76158690629225,,93.0796284199348,125.42060766311353
태  국,상용,2025-11-01 08:57:27.303636,136.57745812814483,,93.76595043386904,115.17170428100692
태  국,상용,2025-12-01 08:57:27.303636,107.647509421137,,91.67129992901943,99.6594046750782
태  국,상용,2026-01-01 08:57:27.303636,108.88936001400474,,88.0124575639401,98.45090878897241
태  국,상용,2026-02-01 08:57:27.303636,105.23443194361556,,93.13740817129764,99.1859200574566
태  국,상용,2026-03-01 08:57:27.303636,154.28207589554918,,93.78405597711856,124.03306593633387
태  국,상용,2026-04-01 08:57:27.303636,168.9937779569934,,91.66146580846846,130.32762188273094
태  국,상용,2026-05-01 08:57:27.303636,173.87644203026102,,90.80983554809009,132.34313878917555
태  국,상용,2026-06-01 08:57:27.303636,136.91750400869796,,90.44476528826573,113.68113464848184
태  국,상용,2026-07-01 08:57:27.303636,134.89407527402926,,90.23302831551842,112.56355179477384
터  키,공용,2025-08-01 08:57:27.303636,20.697722943150456,,14.892547733387392,17.795135338268924
터  키,공용,2025-09-01 08:57:27.303636,27.778370335017858,,15.091127201171474,21.434748768094664
터  키,공용,2025-10-01 08:57:27.303636,24.266836152909256,,15.0646058842413,19.66572101857528
터  키,공용,2025-11-01 08:57:27.303636,18.330214351207896,,14.850281045434045,16.590247698320972
터  키,공용,2025-12-01 08:57:27.303636,30.191317113790102,,16.677567006748397,23.434442060269248
터  키,공용,2026-01-01 08:57:27.303636,11.621457585734905,,19.99320376269683,15.807330674215867
터  키,공용,2026-02-01 08:57:27.303636,12.669791743725177,,20.809703561941962,16.73974765283357
터  키,공용,2026-03-01 08:57:27.303636,17.551962405690716,,20.502117628277322,19.027040016984017
터  키,공용,2026-04-01 08:57:27.303636,29.351043202210647,,20.93551195531759,25.14327757876412
터  키,공용,2026-05-01 08:57:27.303636,38.02593689510922,,20.6942191270998,29.36007801110451
터  키,공용,2026-06-01 08:57:27.303636,35.35541473353776,,20.4506258359539,27.903020284745832
터  키,공용,2026-07-01 08:57:27.303636,32.06043860272932,,19.646034276315365,25.85323643952234
터  키,관광,2025-08-01 08:57:27.303636,3626.904271170921,,3715.387763924748,3671.1460175478346
터  키,관광,2025-09-01 08:57:27.303636,3896.2142504144495,,3653.066160939309,3774.6402056768793
터  키,관광,2025-10-01 08:57:27.303636,4597.111916021073,,3568.7333674312636,4082.922641726168
터  키,관광,2025-11-01 08:57:27.303636,3344.966840619914,,3508.600392003583,3426.783616311748
터  키,관광,2025-12-01 08:57:27.303636,2346.339718400512,,3429.2637057928937,2887.801712096703
터  키,관광,2026-01-01 08:57:27.303636,2148.120693230278,,3243.2571775863175,2695.6889354082978
터  키,관광,2026-02-01 08:57:27.303636,1895.0221958310885,,3083.261243659283,2489.1417197451856
터  키,관광,2026-03-01 08:57:27.303636,4137.553338281392,,1765.7499642105386,2951.6516512459652
터  키,관광,2026-04-01 08:57:27.303636,6685.262591240618,,1490.5428427942538,4087.902717017436
터  키,관광,2026-05-01 08:57:27.303636,4317.693140111505,,2239.623391984194,3278.65826604785
터  키,관광,2026-06-01 08:57:27.303636,5187.347110089527,,3505.8442516523855,4346.595680870956
터  키,관광,2026-07-01 08:57:27.303636,4645.391776388508,,3790.0479877563102,4217.71988207241
터  키,상용,2025-08-01 08:57:27.303636,18.67294334146712,,10.607790763612105,14.640367052539613
터  키,상용,2025-09-01 08:57:27.303636,15.05221084011531,,14.855603025666813,14.953906932891062
터  키,상용,2025-10-01 08:57:27.303636,16.510028697255123,,13.55089634699211,15.030462522123617
터  키,상용,2025-11-01 08:57:27.303636,13.552375770175745,,12.219729968689567,12.886052869432657
터  키,상용,2025-12-01 08:57:27.303636,12.46632982761757,,10.953954329671042,11.710142078644306
터  키,상용,2026-01-01 08:57:27.303636,13.676545116033521,,15.500604992405956,14.588575054219739
터  키,상용,2026-02-01 08:57:27.303636,15.93544782319848,,13.891156767649514,14.913302295423996
터  키,상용,2026-03-01 08:57:27.303636,15.993253828526907,,13.87469217799579,14.933973003261348
터  키,상용,2026-04-01 08:57:27.303636,12.442847408977618,,12.698561021679211,12.570704215328416
터  키,상용,2026-05-01 08:57:27.303636,16.221204623079306,,12.254234197945435,14.23771941051237
터  키,상용,2026-06-01 08:57:27.303636,12.447597568739065,,13.624670133472115,13.036133851105589
터  키,상용,2026-07-01 08:57:27.303636,14.012791800037773,,15.400876877027137,14.706834338532456
터  키,기타,2025-08-01 08:57:27.303636,1465.628716990333,,1128.340720887067,1296.9847189387
터  키,기타,2025-09-01 08:57:27.303636,1465.9178556863465,,1107.0047941869593,1286.461324936653
터  키,기타,2025-10-01 08:57:27.303636,1493.6355788373733,,1004.8046930987252,1249.2201359680494
터  키,기타,2025-11-01 08:57:27.303636,1350.673758838779,,977.4438159611025,1164.0587873999407
터  키,기타,2025-12-01 08:57:27.303636,1508.0159577262193,,1026.5770993255048,1267.296528525862
터  키,기타,2026-01-01 08:57:27.303636,1496.9179248363694,,1049.1957916621186,1273.056858249244
터  키,기타,2026-02-01 08:57:27.303636,1412.6719973209017,,1032.4210470234016,1222.5465221721515
터  키,기타,2026-03-01 08:57:27.303636,1560.960391541948,,1071.8689895789475,1316.4146905604478
터  키,기타,2026-04-01 08:57:27.303636,1780.2044816950622,,1157.1441295191607,1468.6743056071114
터  키,기타,2026-05-01 08:57:27.303636,1697.332295871474,,1175.0571492702354,1436.1947225708545
터  키,기타,2026-06-01 08:57:27.303636,1671.432448219325,,1171.322900938469,1421.3776745788969
터  키,기타,2026-07-01 08:57:27.303636,1798.3074454286916,,1158.6823538225142,1478.494899625603
터  키,유학연수,2025-08-01 08:57:27.303636,327.2961873227079,,66.94282005120162,197.11950368695477
터  키,유학연수,2025-09-01 08:57:27.303636,102.79449961420512,,74.12239441676428,88.4584470154847
터  키,유학연수,2025-10-01 08:57:27.303636,22.099597758589265,,90.52853269218204,56.314065225385654
터  키,유학연수,2025-11-01 08:57:27.303636,58.38098350305615,,95.4021050258828,76.89154426446947
터  키,유학연수,2025-12-01 08:57:27.303636,42.01087665485087,,140.09697990020683,91.05392827752885
터  키,유학연수,2026-01-01 08:57:27.303636,63.40248991767918,,216.6978360595906,140.0501629886349
터  키,유학연수,2026-02-01 08:57:27.303636,265.6407146860068,,155.85687308350856,210.74879388475767
터  키,유학연수,2026-03-01 08:57:27.303636,96.60134792644162,,95.75998044775969,96.18066418710066
터  키,유학연수,2026-04-01 08:57:27.303636,16.887231168181387,,85.40228105030391,51.14475610924265
터  키,유학연수,2026-05-01 08:57:27.303636,64.22469301233099,,95.51263232050101,79.868662666416
터  키,유학연수,2026-06-01 08:57:27.303636,67.12606974106838,,164.3199004306337,115.72298508585104
터  키,유학연수,2026-07-01 08:57:27.303636,94.43356206064969,,279.4393238551684,186.93644295790907
파키스탄,공용,2025-08-01 08:57:27.303636,31.12981527020826,,11.986049965691885,21.557932617950073
파키스탄,공용,2025-09-01 08:57:27.303636,48.57902399896417,,11.98439180131814,30.281707900141154
파키스탄,공용,2025-10-01 08:57:27.303636,43.98218105209274,,19.54406025516743,31.763120653630086
파키스탄,공용,2025-11-01 08:57:27.303636,31.15689813451092,,20.242442678519872,25.699670406515395
파키스탄,공용,2025-12-01 08:57:27.303636,16.930350464996923,,20.112345917690938,18.521348191343932
파키스탄,공용,2026-01-01 08:57:27.303636,17.65495442261614,,20.80723795829475,19.231096190455446
파키스탄,공용,2026-02-01 08:57:27.303636,36.681803449707836,,21.428182258802195,29.054992854255016
파키스탄,공용,2026-03-01 08:57:27.303636,19.584369392110446,,22.074674077219,20.829521734664723
파키스탄,공용,2026-04-01 08:57:27.303636,28.87830883388376,,23.344813196173753,26.111561015028755
파키스탄,공용,2026-05-01 08:57:27.303636,40.77568970973255,,23.74762420347141,32.26165695660198
파키스탄,공용,2026-06-01 08:57:27.303636,38.71152380733072,,21.85873473887978,30.285129273105248
파키스탄,공용,2026-07-01 08:57:27.303636,23.44747507487348,,19.209368272041353,21.328421673457417
파키스탄,관광,2025-08-01 08:57:27.303636,421.4436183634847,,327.0054763042209,374.2245473338528
파키스탄,관광,2025-09-01 08:57:27.303636,562.6481543180424,,329.86968450720434,446.2589194126234
파키스탄,관광,2025-10-01 08:57:27.303636,604.3921057958497,,335.5840082678646,469.9880570318571
파키스탄,관광,2025-11-01 08:57:27.303636,519.52733052282,,338.40999017045385,428.9686603466369
파키스탄,관광,2025-12-01 08:57:27.303636,385.7382389008701,,345.40898050639566,365.5736097036329
파키스탄,관광,2026-01-01 08:57:27.303636,318.17718597068153,,336.51148048710564,327.34433322889356
파키스탄,관광,2026-02-01 08:57:27.303636,348.0245776759581,,339.18240263946075,343.6034901577094
파키스탄,관광,2026-03-01 08:57:27.303636,418.92783093284834,,334.7501301843281,376.8389805585882
파키스탄,관광,2026-04-01 08:57:27.303636,495.67899258350013,,329.180269588681,412.4296310860906
파키스탄,관광,2026-05-01 08:57:27.303636,613.6055475259141,,326.0044919688372,469.80501974737564
파키스탄,관광,2026-06-01 08:57:27.303636,555.8883989277072,,326.6593121532569,441.27385554048203
파키스탄,관광,2026-07-01 08:57:27.303636,572.9229508112167,,333.33826393453387,453.13060737287526
파키스탄,기타,2025-08-01 08:57:27.303636,818.1519506324078,,634.5497725032942,726.350861567851
파키스탄,기타,2025-09-01 08:57:27.303636,771.3227813227098,,651.1031070529974,711.2129441878536
파키스탄,기타,2025-10-01 08:57:27.303636,784.7698703354831,,639.902315140138,712.3360927378105
파키스탄,기타,2025-11-01 08:57:27.303636,697.4093915029297,,625.3426615070731,661.3760265050014
파키스탄,기타,2025-12-01 08:57:27.303636,782.9225381609697,,632.7242071081504,707.82337263456
파키스탄,기타,2026-01-01 08:57:27.303636,856.0866412641582,,640.9339875662554,748.5103144152067
파키스탄,기타,2026-02-01 08:57:27.303636,1069.6051714905138,,616.2688522156516,842.9370118530827
파키스탄,기타,2026-03-01 08:57:27.303636,930.0691172005044,,597.7779599616251,763.9235385810648
파키스탄,기타,2026-04-01 08:57:27.303636,860.1133005688831,,606.4341123593317,733.2737064641074
파키스탄,기타,2026-05-01 08:57:27.303636,854.385359597766,,612.2545541446405,733.3199568712032
파키스탄,기타,2026-06-01 08:57:27.303636,836.7531390730576,,607.1073367916604,721.930237932359
파키스탄,기타,2026-07-01 08:57:27.303636,863.1571860621425,,601.9106395302812,732.5339127962118
파키스탄,상용,2025-08-01 08:57:27.303636,206.11898295372634,,139.72122770541668,172.92010532957153
파키스탄,상용,2025-09-01 08:57:27.303636,192.48822480246892,,151.40901148917985,171.94861814582438
파키스탄,상용,2025-10-01 08:57:27.303636,260.85320758260116,,166.27747977466385,213.5653436786325
파키스탄,상용,2025-11-01 08:57:27.303636,229.0229425290592,,197.19513797058883,213.10904024982403
파키스탄,상용,2025-12-01 08:57:27.303636,209.0188551906514,,205.64585138527377,207.33235328796258
파키스탄,상용,2026-01-01 08:57:27.303636,195.87245177577762,,217.10514986328474,206.48880081953118
파키스탄,상용,2026-02-01 08:57:27.303636,217.92673883940157,,243.07088003828574,230.49880943884364
파키스탄,상용,2026-03-01 08:57:27.303636,270.6937903701012,,287.81725334855275,279.255521859327
파키스탄,상용,2026-04-01 08:57:27.303636,257.7389937574833,,288.85792404144325,273.2984588994633
파키스탄,상용,2026-05-01 08:57:27.303636,279.0972238806151,,270.6437565141485,274.8704901973818
파키스탄,상용,2026-06-01 08:57:27.303636,234.75191009805508,,245.81832674965725,240.28511842385615
파키스탄,상용,2026-07-01 08:57:27.303636,259.67154209020424,,229.11869639336632,244.39511924178527
파키스탄,유학연수,2025-08-01 08:57:27.303636,438.9927895423593,,58.28792013267517,248.64035483751724
파키스탄,유학연수,2025-09-01 08:57:27.303636,245.72352275212762,,79.43982363539251,162.58167319376008
파키스탄,유학연수,2025-10-01 08:57:27.303636,89.47198885625785,,171.97949246743798,130.7257406618479
파키스탄,유학연수,2025-11-01 08:57:27.303636,77.8105004836724,,165.21663613412403,121.51356830889821
파키스탄,유학연수,2025-12-01 08:57:27.303636,100.14133841795805,,111.40506615497381,105.77320228646593
파키스탄,유학연수,2026-01-01 08:57:27.303636,194.8519771443859,,248.82262915199038,221.83730314818814
파키스탄,유학연수,2026-02-01 08:57:27.303636,552.2711795780723,,229.9825308313904,391.1268552047313
파키스탄,유학연수,2026-03-01 08:57:27.303636,321.2458363119851,,91.31824871488305,206.28204251343408
파키스탄,유학연수,2026-04-01 08:57:27.303636,94.51101102495969,,63.49201504094727,79.00151303295348
파키스탄,유학연수,2026-05-01 08:57:27.303636,76.22973487179044,,77.08633870211958,76.65803678695501
파키스탄,유학연수,2026-06-01 08:57:27.303636,66.2133954386597,,149.42074753710867,107.81707148788419
파키스탄,유학연수,2026-07-01 08:57:27.303636,169.94741682721858,,222.41186026786085,196.1796385475397
페  루,공용,2025-08-01 08:57:27.303636,4.535321058381251,,7.3256399182264555,5.9304804883038535
페  루,공용,2025-09-01 08:57:27.303636,4.373555654578664,,7.3103151421584425,5.841935398368554
페  루,공용,2025-10-01 08:57:27.303636,5.481596560574033,,7.324122018290112,6.402859289432072
페  루,공용,2025-11-01 08:57:27.303636,6.543318819015403,,7.156906766787734,6.850112792901569
페  루,공용,2025-12-01 08:57:27.303636,1.780098300819637,,7.03684585384979,4.4084720773347135
페  루,공용,2026-01-01 08:57:27.303636,1.6958925834368077,,7.081065655288103,4.388479119362455
페  루,공용,2026-02-01 08:57:27.303636,8.549826120300597,,7.418251338009247,7.984038729154922
페  루,공용,2026-03-01 08:57:27.303636,1.3967873368099397,,7.334573427061212,4.365680381935576
페  루,공용,2026-04-01 08:57:27.303636,2.390294361419897,,7.32882513922133,4.859559750320614
페  루,공용,2026-05-01 08:57:27.303636,9.760048903091619,,7.368998595845625,8.564523749468622
페  루,공용,2026-06-01 08:57:27.303636,2.592788499204406,,7.9465148775088466,5.2696516883566265
페  루,공용,2026-07-01 08:57:27.303636,3.821907536660468,,8.996018643134255,6.4089630898973615
페  루,관광,2025-08-01 08:57:27.303636,485.1436957681388,,300.7512448423406,392.9474703052397
페  루,관광,2025-09-01 08:57:27.303636,644.0590743402829,,282.285389849805,463.1722320950439
페  루,관광,2025-10-01 08:57:27.303636,728.4292979478828,,319.96152972241947,524.1954138351512
페  루,관광,2025-11-01 08:57:27.303636,535.1150270198675,,317.6780825556489,426.3965547877582
페  루,관광,2025-12-01 08:57:27.303636,417.3632092023818,,255.07448645026574,336.2188478263238
페  루,관광,2026-01-01 08:57:27.303636,349.21733064599124,,239.82705606001912,294.52219335300515
페  루,관광,2026-02-01 08:57:27.303636,419.75370594128634,,280.92675923802415,350.3402325896552
페  루,관광,2026-03-01 08:57:27.303636,594.5472349619639,,279.88322700621893,437.2152309840914
페  루,관광,2026-04-01 08:57:27.303636,647.3024548600483,,204.98432836391845,426.14339161198336
페  루,관광,2026-05-01 08:57:27.303636,685.7210794669655,,144.48086619556545,415.1009728312655
페  루,관광,2026-06-01 08:57:27.303636,683.4720075603457,,94.31534688397748,388.89367722216156
페  루,관광,2026-07-01 08:57:27.303636,582.6270543508629,,53.650254950817995,318.1386546508404
페  루,기타,2025-08-01 08:57:27.303636,166.76980674721656,,116.11972165196428,141.44476419959042
페  루,기타,2025-09-01 08:57:27.303636,177.21773509270633,,147.2981553307623,162.25794521173432
페  루,기타,2025-10-01 08:57:27.303636,139.83845880325154,,185.95345251472344,162.89595565898748
페  루,기타,2025-11-01 08:57:27.303636,117.67313456662424,,233.49209947024892,175.58261701843657
페  루,기타,2025-12-01 08:57:27.303636,73.55103431023417,,309.6321099328455,191.59157212153983
페  루,기타,2026-01-01 08:57:27.303636,66.94350195181573,,397.9911263407125,232.46731414626413
페  루,기타,2026-02-01 08:57:27.303636,97.85578599014742,,405.18205317751165,251.51891958382953
페  루,기타,2026-03-01 08:57:27.303636,107.30439943768702,,378.799341235071,243.051870336379
페  루,기타,2026-04-01 08:57:27.303636,108.54744758554975,,375.40938011301193,241.97841384928086
페  루,기타,2026-05-01 08:57:27.303636,136.126609811523,,357.79649502381574,246.96155241766937
페  루,기타,2026-06-01 08:57:27.303636,168.7772375241016,,320.1309159325284,244.454076728315
페  루,기타,2026-07-01 08:57:27.303636,200.582827820201,,273.94486070484726,237.26384426252412
페  루,상용,2025-08-01 08:57:27.303636,3.9781170863902373,,2.718868450818945,3.348492768604591
페  루,상용,2025-09-01 08:57:27.303636,4.852467655865388,,2.6027932654460173,3.7276304606557025
페  루,상용,2025-10-01 08:57:27.303636,3.769859008611169,,2.887147534391079,3.3285032715011242
페  루,상용,2025-11-01 08:57:27.303636,3.1678600937585575,,2.480477074970546,2.8241685843645516
페  루,상용,2025-12-01 08:57:27.303636,1.2557501145715597,,2.5974972337470845,1.9266236741593221
페  루,상용,2026-01-01 08:57:27.303636,6.786021153504792,,2.685501772472111,4.735761462988451
페  루,상용,2026-02-01 08:57:27.303636,2.156595456492044,,2.932069029675162,2.544332243083603
페  루,상용,2026-03-01 08:57:27.303636,2.56556897986505,,1.9262735257073875,2.2459212527862187
페  루,상용,2026-04-01 08:57:27.303636,2.707022772333089,,1.7207669723306755,2.213894872331882
페  루,상용,2026-05-01 08:57:27.303636,4.267728023750749,,1.3998108565819583,2.8337694401663533
페  루,상용,2026-06-01 08:57:27.303636,4.171810205461796,,1.368740335489552,2.7702752704756737
페  루,상용,2026-07-01 08:57:27.303636,3.747231884071788,,1.366668967416725,2.5569504257442563
페  루,유학연수,2025-08-01 08:57:27.303636,61.23024306503288,,1.6012506262096942,31.415746845621285
페  루,유학연수,2025-09-01 08:57:27.303636,10.424602147828264,,4.188293156790975,7.306447652309619
페  루,유학연수,2025-10-01 08:57:27.303636,6.102766068045234,,4.306069464198817,5.204417766122026
페  루,유학연수,2025-11-01 08:57:27.303636,10.023924262137712,,2.459976910593827,6.241950586365769
페  루,유학연수,2025-12-01 08:57:27.303636,10.594224312382195,,6.894515642522609,8.744369977452402
페  루,유학연수,2026-01-01 08:57:27.303636,20.104609890976512,,24.434577326966007,22.26959360897126
페  루,유학연수,2026-02-01 08:57:27.303636,44.24124555935902,,5.583895639320756,24.91257059933989
페  루,유학연수,2026-03-01 08:57:27.303636,16.362740691591206,,0.6247083474130006,8.493724519502104
페  루,유학연수,2026-04-01 08:57:27.303636,3.4953742118790565,,0.4903569545181101,1.9928655831985833
페  루,유학연수,2026-05-01 08:57:27.303636,8.247200410470043,,3.4304736423571374,5.83883702641359
페  루,유학연수,2026-06-01 08:57:27.303636,9.51804176560223,,6.075055128510134,7.796548447056182
페  루,유학연수,2026-07-01 08:57:27.303636,14.96400430048372,,9.11319295698859,12.038598628736155
폴란드,공용,2025-08-01 08:57:27.303636,5.28367120251723,,10.284673200146731,7.78417220133198
폴란드,공용,2025-09-01 08:57:27.303636,8.34660961679628,,9.378931511855086,8.862770564325682
폴란드,공용,2025-10-01 08:57:27.303636,21.307240725707405,,9.524447593720952,15.41584415971418
폴란드,공용,2025-11-01 08:57:27.303636,0.6173171951216898,,6.10664278733749,3.36197999122959
폴란드,공용,2025-12-01 08:57:27.303636,3.528532565830856,,3.8751094730398896,3.701821019435373
폴란드,공용,2026-01-01 08:57:27.303636,1.9109091187389162,,2.643719817104742,2.277314467921829
폴란드,공용,2026-02-01 08:57:27.303636,11.964976182320234,,2.1842580093103336,7.074617095815284
폴란드,공용,2026-03-01 08:57:27.303636,15.020760998221967,,1.9490815802707455,8.484921289246357
폴란드,공용,2026-04-01 08:57:27.303636,5.869087659249878,,1.7388379065366946,3.8039627828932865
폴란드,공용,2026-05-01 08:57:27.303636,7.69353430284211,,1.7074150873370981,4.700474695089604
폴란드,공용,2026-06-01 08:57:27.303636,6.9323297131910975,,1.8195240990919552,4.375926906141526
폴란드,공용,2026-07-01 08:57:27.303636,4.51129730465236,,2.035031199202965,3.2731642519276622
폴란드,기타,2025-08-01 08:57:27.303636,1076.4901429078243,,977.6032149482612,1027.0466789280426
폴란드,기타,2025-09-01 08:57:27.303636,1047.8947027989589,,971.8934744858263,1009.8940886423926
폴란드,기타,2025-10-01 08:57:27.303636,1223.9275570891434,,920.6375237464844,1072.2825404178138
폴란드,기타,2025-11-01 08:57:27.303636,945.2931052305325,,873.5894278879508,909.4412665592417
폴란드,기타,2025-12-01 08:57:27.303636,969.3082973306302,,847.0446320581019,908.1764646943661
폴란드,기타,2026-01-01 08:57:27.303636,1047.584710972725,,925.0813667728276,986.3330388727762
폴란드,기타,2026-02-01 08:57:27.303636,960.3853701504233,,920.9551381911406,940.670254170782
폴란드,기타,2026-03-01 08:57:27.303636,1085.5928620503764,,845.6000381746849,965.5964501125306
폴란드,기타,2026-04-01 08:57:27.303636,1233.5119922135789,,840.6341317338206,1037.0730619736996
폴란드,기타,2026-05-01 08:57:27.303636,1230.0865705418562,,868.8458668872282,1049.4662187145423
폴란드,기타,2026-06-01 08:57:27.303636,1214.0953804884352,,858.63250075684,1036.3639406226375
폴란드,기타,2026-07-01 08:57:27.303636,1180.9139678228282,,839.8705234538713,1010.3922456383498
폴란드,관광,2025-08-01 08:57:27.303636,4155.120590107883,,3466.775885130489,3810.948237619186
폴란드,관광,2025-09-01 08:57:27.303636,5178.924390317802,,3483.6886450065977,4331.3065176622
폴란드,관광,2025-10-01 08:57:27.303636,4852.078921464109,,3406.8408287723123,4129.459875118211
폴란드,관광,2025-11-01 08:57:27.303636,4028.0688185519216,,3174.5287822752634,3601.2988004135923
폴란드,관광,2025-12-01 08:57:27.303636,1992.1932331247672,,2799.383154758077,2395.788193941422
폴란드,관광,2026-01-01 08:57:27.303636,1771.1151335419725,,2931.2210122319666,2351.1680728869696
폴란드,관광,2026-02-01 08:57:27.303636,2274.217537934408,,2959.627697018889,2616.9226174766486
폴란드,관광,2026-03-01 08:57:27.303636,4700.630970394057,,2350.514637293306,3525.5728038436814
폴란드,관광,2026-04-01 08:57:27.303636,6226.69201226618,,1681.555351774549,3954.123682020365
폴란드,관광,2026-05-01 08:57:27.303636,5426.314744728648,,1708.3641093921701,3567.3394270604094
폴란드,관광,2026-06-01 08:57:27.303636,4108.27222544827,,2457.5822366412704,3282.92723104477
폴란드,관광,2026-07-01 08:57:27.303636,4384.341412437695,,3090.6164638714463,3737.4789381545706
폴란드,상용,2025-08-01 08:57:27.303636,17.54682388927568,,5.08496109674911,11.315892493012395
폴란드,상용,2025-09-01 08:57:27.303636,14.284079193156069,,13.03827498130547,13.661177087230769
폴란드,상용,2025-10-01 08:57:27.303636,15.718187901254003,,12.05818359699866,13.888185749126333
폴란드,상용,2025-11-01 08:57:27.303636,11.86200634038554,,12.916480580756376,12.389243460570958
폴란드,상용,2025-12-01 08:57:27.303636,8.497418189573144,,8.029855199978702,8.263636694775922
폴란드,상용,2026-01-01 08:57:27.303636,20.45775886196949,,12.2683461746023,16.363052518285897
폴란드,상용,2026-02-01 08:57:27.303636,9.690695868137103,,11.735547405667518,10.713121636902311
폴란드,상용,2026-03-01 08:57:27.303636,11.539524143973209,,6.370961405554219,8.955242774763715
폴란드,상용,2026-04-01 08:57:27.303636,13.701163928992905,,5.386756957811965,9.543960443402435
폴란드,상용,2026-05-01 08:57:27.303636,19.215743735132648,,6.259028381285127,12.737386058208887
폴란드,상용,2026-06-01 08:57:27.303636,12.777153296199456,,7.891174456397033,10.334163876298245
폴란드,상용,2026-07-01 08:57:27.303636,14.003280604335714,,9.349448897098412,11.676364750717063
폴란드,유학연수,2025-08-01 08:57:27.303636,226.67238284865476,,110.86570642659066,168.7690446376227
폴란드,유학연수,2025-09-01 08:57:27.303636,20.741076499469305,,112.64651836540344,66.69379743243637
폴란드,유학연수,2025-10-01 08:57:27.303636,16.229569848105687,,112.7778737862855,64.5037218171956
폴란드,유학연수,2025-11-01 08:57:27.303636,47.231115374403196,,112.83222930900628,80.03167234170473
폴란드,유학연수,2025-12-01 08:57:27.303636,38.684534391448935,,113.04648737361126,75.86551088253009
폴란드,유학연수,2026-01-01 08:57:27.303636,56.27072002578856,,66.24581201300987,61.258266019399215
폴란드,유학연수,2026-02-01 08:57:27.303636,172.78125200617004,,107.56803709148623,140.17464454882813
폴란드,유학연수,2026-03-01 08:57:27.303636,31.256707246268636,,112.8512521309472,72.05397968860792
폴란드,유학연수,2026-04-01 08:57:27.303636,15.120720121953173,,112.74472561688708,63.932722869420125
폴란드,유학연수,2026-05-01 08:57:27.303636,45.48976193331612,,112.8809527360711,79.1853573346936
폴란드,유학연수,2026-06-01 08:57:27.303636,49.98860241905527,,113.16068230166518,81.57464236036023
폴란드,유학연수,2026-07-01 08:57:27.303636,44.49174161483462,,113.07883648138343,78.78528904810904
프랑스,공용,2025-08-01 08:57:27.303636,106.19377576147902,,37.34956015801549,71.77166795974725
프랑스,공용,2025-09-01 08:57:27.303636,60.984963387316895,,70.40332720408372,65.69414529570031
프랑스,공용,2025-10-01 08:57:27.303636,65.00110923814074,,38.197680401596955,51.59939481986885
프랑스,공용,2025-11-01 08:57:27.303636,59.11833711786545,,52.31367572676345,55.71600642231445
프랑스,공용,2025-12-01 08:57:27.303636,47.17436443473763,,35.32370316242114,41.24903379857939
프랑스,공용,2026-01-01 08:57:27.303636,99.50716112149348,,68.90087597401444,84.20401854775396
프랑스,공용,2026-02-01 08:57:27.303636,57.10620348407561,,37.4479758915702,47.27708968782291
프랑스,공용,2026-03-01 08:57:27.303636,90.951663669314,,49.417087441303394,70.18437555530869
프랑스,공용,2026-04-01 08:57:27.303636,51.53671520743253,,34.178985887196106,42.857850547314314
프랑스,공용,2026-05-01 08:57:27.303636,78.95378125729664,,39.36163091181233,59.15770608455448
프랑스,공용,2026-06-01 08:57:27.303636,50.580047180678655,,40.99954816072304,45.78979767070085
프랑스,공용,2026-07-01 08:57:27.303636,65.31754865511522,,44.99825008535008,55.15789937023265
프랑스,관광,2025-08-01 08:57:27.303636,19252.474973995835,,14931.678756185102,17092.07686509047
프랑스,관광,2025-09-01 08:57:27.303636,17158.01146764659,,16816.287427168943,16987.149447407766
프랑스,관광,2025-10-01 08:57:27.303636,23846.025684776298,,15841.922041212103,19843.9738629942
프랑스,관광,2025-11-01 08:57:27.303636,15908.204586813845,,15201.003284988932,15554.603935901388
프랑스,관광,2025-12-01 08:57:27.303636,11901.689976262523,,12903.70730304933,12402.698639655926
프랑스,관광,2026-01-01 08:57:27.303636,8885.463164916639,,13694.500617236317,11289.981891076477
프랑스,관광,2026-02-01 08:57:27.303636,10534.793288232035,,16329.99038014992,13432.391834190978
프랑스,관광,2026-03-01 08:57:27.303636,16445.864952272303,,15197.376988902564,15821.620970587433
프랑스,관광,2026-04-01 08:57:27.303636,28740.17836195896,,12757.810188126925,20748.99427504294
프랑스,관광,2026-05-01 08:57:27.303636,23105.19288844199,,11758.021466298393,17431.60717737019
프랑스,관광,2026-06-01 08:57:27.303636,17888.36398961329,,11694.97725317359,14791.670621393441
프랑스,관광,2026-07-01 08:57:27.303636,22609.552273506306,,12081.678948639774,17345.61561107304
프랑스,기타,2025-08-01 08:57:27.303636,1628.12792537316,,1167.5875342570794,1397.8577298151197
프랑스,기타,2025-09-01 08:57:27.303636,1328.385919687949,,1383.3450928504303,1355.8655062691896
프랑스,기타,2025-10-01 08:57:27.303636,1370.443219011276,,1081.5068876689104,1225.9750533400932
프랑스,기타,2025-11-01 08:57:27.303636,1196.5129532775645,,1241.8814238125888,1219.1971885450766
프랑스,기타,2025-12-01 08:57:27.303636,1234.4069556861405,,1187.7925571585886,1211.0997564223644
프랑스,기타,2026-01-01 08:57:27.303636,1571.038680447391,,1386.6867720608807,1478.8627262541359
프랑스,기타,2026-02-01 08:57:27.303636,1206.057505693825,,1139.700937913883,1172.879221803854
프랑스,기타,2026-03-01 08:57:27.303636,1482.9667204995014,,1324.7701753705583,1403.86844793503
프랑스,기타,2026-04-01 08:57:27.303636,1315.2502360116926,,1234.1376987125147,1274.6939673621036
프랑스,기타,2026-05-01 08:57:27.303636,1547.064132445086,,1160.2189570936157,1353.6415447693507
프랑스,기타,2026-06-01 08:57:27.303636,1240.3661682595734,,1106.8859739648733,1173.6260711122234
프랑스,기타,2026-07-01 08:57:27.303636,1319.1267580601575,,1076.9862504471203,1198.0565042536389
프랑스,상용,2025-08-01 08:57:27.303636,230.59767069610268,,173.706957664019,202.15231418006084
프랑스,상용,2025-09-01 08:57:27.303636,198.92095674135373,,223.41414991156225,211.167553326458
프랑스,상용,2025-10-01 08:57:27.303636,182.1483495514974,,198.2798809612042,190.2141152563508
프랑스,상용,2025-11-01 08:57:27.303636,172.22736834591853,,210.3185643313805,191.2729663386495
프랑스,상용,2025-12-01 08:57:27.303636,162.97767417253607,,224.79678439845097,193.8872292854935
프랑스,상용,2026-01-01 08:57:27.303636,297.68534253412764,,308.3498001566118,303.01757134536973
프랑스,상용,2026-02-01 08:57:27.303636,167.32213462572807,,252.01046893124416,209.66630177848612
프랑스,상용,2026-03-01 08:57:27.303636,223.43192553482723,,272.5274801367021,247.97970283576467
프랑스,상용,2026-04-01 08:57:27.303636,195.6036078901667,,304.782626871463,250.19311738081484
프랑스,상용,2026-05-01 08:57:27.303636,232.30954492207738,,334.78635065984537,283.54794779096136
프랑스,상용,2026-06-01 08:57:27.303636,204.18230968441557,,343.75530907384814,273.96880937913187
프랑스,상용,2026-07-01 08:57:27.303636,195.4287015161543,,326.50759074648465,260.9681461313195
프랑스,유학연수,2025-08-01 08:57:27.303636,2148.7841294214422,,258.59617094307214,1203.6901501822572
프랑스,유학연수,2025-09-01 08:57:27.303636,312.9386319222738,,417.93924290782775,365.43893741505076
프랑스,유학연수,2025-10-01 08:57:27.303636,240.6635813649702,,946.5251695169397,593.594375440955
프랑스,유학연수,2025-11-01 08:57:27.303636,655.4349164532227,,523.0981221575244,589.2665193053735
프랑스,유학연수,2025-12-01 08:57:27.303636,511.2366814566484,,366.2286679870821,438.73267472186524
프랑스,유학연수,2026-01-01 08:57:27.303636,616.600775979653,,701.9358961924473,659.2683360860501
프랑스,유학연수,2026-02-01 08:57:27.303636,1909.8567987737526,,1013.2874566547696,1461.5721277142611
프랑스,유학연수,2026-03-01 08:57:27.303636,398.59812064536976,,363.1493317206037,380.87372618298673
프랑스,유학연수,2026-04-01 08:57:27.303636,232.71196722655574,,357.88433682496907,295.2981520257624
프랑스,유학연수,2026-05-01 08:57:27.303636,714.1763276145904,,420.6090301040092,567.3926788592998
프랑스,유학연수,2026-06-01 08:57:27.303636,491.5285883840154,,531.372938917418,511.4507636507167
프랑스,유학연수,2026-07-01 08:57:27.303636,382.60329496811806,,217.4992980576157,300.0512965128669
피  지,공용,2025-08-01 08:57:27.303636,2.677173109089769,,0.5367712926033695,1.6069722008465692
피  지,공용,2025-09-01 08:57:27.303636,0.9695066291279597,,0.5498801600572515,0.7596933945926057
피  지,공용,2025-10-01 08:57:27.303636,0.09401715187440247,,0.5604654247483235,0.327241288311363
피  지,공용,2025-11-01 08:57:27.303636,0.16096496157999846,,0.5497099909793263,0.3553374762796624
피  지,공용,2025-12-01 08:57:27.303636,1.9805618854088403,,0.5309058226561627,1.2557338540325014
피  지,공용,2026-01-01 08:57:27.303636,2.365874369646193,,0.5569823368370114,1.4614283532416021
피  지,공용,2026-02-01 08:57:27.303636,0.870078709879255,,0.5182577734957168,0.6941682416874859
피  지,공용,2026-03-01 08:57:27.303636,0.5235366851919946,,0.44765593064724585,0.4855963079196202
피  지,공용,2026-04-01 08:57:27.303636,1.9755755542950648,,0.3916772663597543,1.1836264103274097
피  지,공용,2026-05-01 08:57:27.303636,0.38127550703792873,,0.38676137705038405,0.38401844204415636
피  지,공용,2026-06-01 08:57:27.303636,-0.24821386094644082,,0.4292194925644044,0.09050281580898178
피  지,공용,2026-07-01 08:57:27.303636,1.4324990903311818,,0.4666466865606834,0.9495728884459327
피  지,관광,2025-08-01 08:57:27.303636,63.3471212226852,,41.24406979762679,52.295595510156
피  지,관광,2025-09-01 08:57:27.303636,70.9566308073595,,32.68872707438092,51.82267894087021
피  지,관광,2025-10-01 08:57:27.303636,83.80777947293137,,37.30079948756861,60.55428948024999
피  지,관광,2025-11-01 08:57:27.303636,61.73140231863993,,30.651201932938392,46.191302125789164
피  지,관광,2025-12-01 08:57:27.303636,69.48879892825491,,27.860775390983548,48.67478715961923
피  지,관광,2026-01-01 08:57:27.303636,126.39322357864735,,18.05395004710698,72.22358681287716
피  지,관광,2026-02-01 08:57:27.303636,45.52535571764849,,25.965089363037436,35.745222540342965
피  지,관광,2026-03-01 08:57:27.303636,58.14259394080289,,26.56731285573889,42.354953398270894
피  지,관광,2026-04-01 08:57:27.303636,65.96037073169322,,28.633707905238197,47.29703931846571
피  지,관광,2026-05-01 08:57:27.303636,91.37142811336258,,44.60281163713185,67.98711987524722
피  지,관광,2026-06-01 08:57:27.303636,76.06027395565873,,46.53571822890723,61.29799609228298
피  지,관광,2026-07-01 08:57:27.303636,78.15192407924914,,46.0955915991961,62.12375783922262
피  지,기타,2025-08-01 08:57:27.303636,16.231590916298682,,10.809253355911295,13.520422136104989
피  지,기타,2025-09-01 08:57:27.303636,28.638331114567972,,10.381139811450767,19.50973546300937
피  지,기타,2025-10-01 08:57:27.303636,25.997332476483045,,8.79596992357201,17.396651200027527
피  지,기타,2025-11-01 08:57:27.303636,30.16011237545293,,7.26055115388254,18.710331764667735
피  지,기타,2025-12-01 08:57:27.303636,41.85409993248567,,5.871015903096769,23.862557917791218
피  지,기타,2026-01-01 08:57:27.303636,24.8038307450109,,5.959043988288267,15.381437366649582
피  지,기타,2026-02-01 08:57:27.303636,21.746344227378295,,5.529461811769089,13.637903019573692
피  지,기타,2026-03-01 08:57:27.303636,26.52793865195138,,6.25547453367569,16.391706592813534
피  지,기타,2026-04-01 08:57:27.303636,40.79932628500306,,6.404717107644255,23.602021696323657
피  지,기타,2026-05-01 08:57:27.303636,29.8212240259876,,6.736485783745858,18.27885490486673
피  지,기타,2026-06-01 08:57:27.303636,33.99647618284613,,7.009192609694974,20.50283439627055
피  지,기타,2026-07-01 08:57:27.303636,35.73915403291532,,7.491748349061567,21.615451190988445
피  지,상용,2025-08-01 08:57:27.303636,-0.000185956343251872,,0.02326084212549062,0.011537442891119375
피  지,상용,2025-09-01 08:57:27.303636,-0.00025660778353399214,,0.013607140815946911,0.0066752665162064595
피  지,상용,2025-10-01 08:57:27.303636,-0.0002970191386232426,,0.03439401714711558,0.01704849900424617
피  지,상용,2025-11-01 08:57:27.303636,-0.0003779274166198969,,0.061631861666575055,0.03062696712497758
피  지,상용,2025-12-01 08:57:27.303636,-0.00012063868682124263,,0.04891304172603729,0.024396201519608023
피  지,상용,2026-01-01 08:57:27.303636,-2.1053422780713758e-05,,0.03175808872014285,0.01586851764868107
피  지,상용,2026-02-01 08:57:27.303636,-3.7979105864698375e-06,,0.024263842766611254,0.012130022428012392
피  지,상용,2026-03-01 08:57:27.303636,-1.6689413292197807e-05,,0.02157790701715842,0.01078060880193311
피  지,상용,2026-04-01 08:57:27.303636,-9.248525832749562e-05,,0.00553961516340834,0.0027235649525404223
피  지,상용,2026-05-01 08:57:27.303636,-0.00021286293453862186,,-0.013945313450483388,-0.007079088192511004
피  지,상용,2026-06-01 08:57:27.303636,-0.00017502135825081815,,-0.030543876022887745,-0.015359448690569282
피  지,상용,2026-07-01 08:57:27.303636,6.14063690060016e-06,,-0.03460807962729878,-0.01730096949519909
피  지,유학연수,2025-08-01 08:57:27.303636,6.05843430031669,,-0.03661033522638668,3.0109119825451516
피  지,유학연수,2025-09-01 08:57:27.303636,1.8504108831355084,,0.6128022709697912,1.2316065770526499
피  지,유학연수,2025-10-01 08:57:27.303636,1.965445847443419,,0.290035815213298,1.1277408313283586
피  지,유학연수,2025-11-01 08:57:27.303636,0.4691532889672245,,-0.2040735679426935,0.13253986051226552
피  지,유학연수,2025-12-01 08:57:27.303636,0.2821825182987766,,-0.07119053853327961,0.1054959898827485
피  지,유학연수,2026-01-01 08:57:27.303636,2.9126263263375773,,1.834929066124058,2.3737776962308175
피  지,유학연수,2026-02-01 08:57:27.303636,3.0895867389282907,,1.8849538060074933,2.487270272467892
피  지,유학연수,2026-03-01 08:57:27.303636,1.1396992734020064,,1.4004838541919227,1.2700915637969645
피  지,유학연수,2026-04-01 08:57:27.303636,0.533355884658629,,1.451728103526872,0.9925419940927506
피  지,유학연수,2026-05-01 08:57:27.303636,0.8311284105223196,,1.826346069317415,1.3287372399198674
피  지,유학연수,2026-06-01 08:57:27.303636,2.089588237974761,,3.0982207051370922,2.5939044715559265
피  지,유학연수,2026-07-01 08:57:27.303636,2.053001428738082,,4.735321893722983,3.394161661230532
필리핀,공용,2025-08-01 08:57:27.303636,291.3364416318408,,149.0981473505258,220.21729449118328
필리핀,공용,2025-09-01 08:57:27.303636,269.10880694405904,,161.65628694859913,215.3825469463291
필리핀,공용,2025-10-01 08:57:27.303636,276.630751423544,,143.82850400849057,210.22962771601726
필리핀,공용,2025-11-01 08:57:27.303636,302.4396828115381,,156.3145470056206,229.37711490857936
필리핀,공용,2025-12-01 08:57:27.303636,210.52765618759918,,199.44739561328208,204.98752590044063
필리핀,공용,2026-01-01 08:57:27.303636,295.88186794684634,,217.14458735422548,256.5132276505359
필리핀,공용,2026-02-01 08:57:27.303636,181.93250996666316,,219.13130526110393,200.53190761388356
필리핀,공용,2026-03-01 08:57:27.303636,206.75631997487906,,221.07218533254303,213.91425265371106
필리핀,공용,2026-04-01 08:57:27.303636,287.79825536943554,,223.11672671728667,255.4574910433611
필리핀,공용,2026-05-01 08:57:27.303636,320.13586945577566,,217.19569332692456,268.6657813913501
필리핀,공용,2026-06-01 08:57:27.303636,335.5151765340327,,206.85967103932532,271.187423786679
필리핀,공용,2026-07-01 08:57:27.303636,341.30352187913314,,197.5100192312167,269.40677055517494
필리핀,관광,2025-08-01 08:57:27.303636,18691.460858747483,,33885.966124186896,26288.71349146719
필리핀,관광,2025-09-01 08:57:27.303636,25459.465113711794,,18948.847345808164,22204.15622975998
필리핀,관광,2025-10-01 08:57:27.303636,42363.84739646871,,22006.713340567512,32185.28036851811
필리핀,관광,2025-11-01 08:57:27.303636,39034.29316620103,,29597.584710803636,34315.93893850233
필리핀,관광,2025-12-01 08:57:27.303636,40672.781584353725,,32966.92642988579,36819.85400711976
필리핀,관광,2026-01-01 08:57:27.303636,24687.973935789425,,19789.98780717121,22238.980871480315
필리핀,관광,2026-02-01 08:57:27.303636,24731.772544463205,,23966.77236726472,24349.27245586396
필리핀,관광,2026-03-01 08:57:27.303636,39894.49195660257,,31009.51441705156,35452.00318682707
필리핀,관광,2026-04-01 08:57:27.303636,47778.0917562665,,33838.28077548247,40808.18626587448
필리핀,관광,2026-05-01 08:57:27.303636,38744.01804845236,,29313.372838277817,34028.69544336509
필리핀,관광,2026-06-01 08:57:27.303636,35739.247014299566,,20402.756854261912,28071.00193428074
필리핀,관광,2026-07-01 08:57:27.303636,25867.844700925198,,14446.821220833383,20157.332960879292
필리핀,상용,2025-08-01 08:57:27.303636,654.4872113854121,,537.125551272299,595.8063813288557
필리핀,상용,2025-09-01 08:57:27.303636,713.0369203699954,,435.5856667150549,574.3112935425252
필리핀,상용,2025-10-01 08:57:27.303636,909.2294521964803,,569.5378895735209,739.3836708850006
필리핀,상용,2025-11-01 08:57:27.303636,769.4990574696167,,614.4716505286791,691.985353999148
필리핀,상용,2025-12-01 08:57:27.303636,531.9586554644959,,466.1934424522419,499.0760489583689
필리핀,상용,2026-01-01 08:57:27.303636,672.3914643668196,,379.9276504237846,526.159557395302
필리핀,상용,2026-02-01 08:57:27.303636,699.3532069800999,,491.93474809480074,595.6439775374504
필리핀,상용,2026-03-01 08:57:27.303636,881.3347737530207,,617.6622629032674,749.4985183281441
필리핀,상용,2026-04-01 08:57:27.303636,928.301442737822,,531.1094342687694,729.7054385032957
필리핀,상용,2026-05-01 08:57:27.303636,940.4618475877246,,453.0896020537501,696.7757248207374
필리핀,상용,2026-06-01 08:57:27.303636,915.2092978370994,,446.64600001044573,680.9276489237725
필리핀,상용,2026-07-01 08:57:27.303636,840.8533230985023,,502.7359109292936,671.794617013898
필리핀,기타,2025-08-01 08:57:27.303636,23562.548288854854,,25478.928147246606,24520.73821805073
필리핀,기타,2025-09-01 08:57:27.303636,24194.356808564098,,29021.494349093373,26607.925578828734
필리핀,기타,2025-10-01 08:57:27.303636,23402.716302907396,,29960.645828392728,26681.68106565006
필리핀,기타,2025-11-01 08:57:27.303636,19310.004185922608,,32931.57300751871,26120.78859672066
필리핀,기타,2025-12-01 08:57:27.303636,19482.821395870196,,37770.70603728706,28626.76371657863
필리핀,기타,2026-01-01 08:57:27.303636,21221.716683886298,,40956.29080217704,31089.00374303167
필리핀,기타,2026-02-01 08:57:27.303636,20376.121379007145,,39497.04422143435,29936.58280022075
필리핀,기타,2026-03-01 08:57:27.303636,23245.823545997937,,37775.73479301433,30510.77916950613
필리핀,기타,2026-04-01 08:57:27.303636,24983.019965051553,,37487.978765238295,31235.499365144926
필리핀,기타,2026-05-01 08:57:27.303636,27110.9671937632,,36603.29722371322,31857.13220873821
필리핀,기타,2026-06-01 08:57:27.303636,27104.243303652434,,34621.622647630094,30862.932975641263
필리핀,기타,2026-07-01 08:57:27.303636,28494.10223699661,,31884.260383872646,30189.18131043463
필리핀,유학연수,2025-08-01 08:57:27.303636,427.8860111385135,,34.302557647565926,231.09428439303971
필리핀,유학연수,2025-09-01 08:57:27.303636,162.04465753139698,,98.2200888918996,130.1323732116483
필리핀,유학연수,2025-10-01 08:57:27.303636,99.64898010224113,,71.40509637190813,85.52703823707463
필리핀,유학연수,2025-11-01 08:57:27.303636,102.65013634344322,,44.187738352122345,73.41893734778279
필리핀,유학연수,2025-12-01 08:57:27.303636,112.25455448994455,,28.004507772779192,70.12953113136187
필리핀,유학연수,2026-01-01 08:57:27.303636,276.28910389119153,,36.205300447595256,156.2472021693934
필리핀,유학연수,2026-02-01 08:57:27.303636,375.9363420974021,,37.69012567342019,206.81323388541114
필리핀,유학연수,2026-03-01 08:57:27.303636,208.21383472313246,,20.531022567012492,114.37242864507247
필리핀,유학연수,2026-04-01 08:57:27.303636,88.36033894531916,,7.3740431572670815,47.86719105129312
필리핀,유학연수,2026-05-01 08:57:27.303636,115.76193768000587,,20.603422479606557,68.18268007980622
필리핀,유학연수,2026-06-01 08:57:27.303636,120.38659442538555,,20.609366771900334,70.49798059864294
필리핀,유학연수,2026-07-01 08:57:27.303636,178.21360758404256,,6.340808828335014,92.27720820618879
홍  콩,공용,2025-08-01 08:57:27.303636,3.345318558527741,,2.535943851685773,2.940631205106757
홍  콩,공용,2025-09-01 08:57:27.303636,3.103119470307966,,2.424616486138687,2.7638679782233266
홍  콩,공용,2025-10-01 08:57:27.303636,2.8502038526487574,,1.2344049139064142,2.042304383277586
홍  콩,공용,2025-11-01 08:57:27.303636,3.982121215274538,,0.5262982257879999,2.254209720531269
홍  콩,공용,2025-12-01 08:57:27.303636,4.789454427376182,,0.594283823057839,2.69186912521701
홍  콩,공용,2026-01-01 08:57:27.303636,2.899183563979256,,0.8818977840465034,1.8905406740128798
홍  콩,공용,2026-02-01 08:57:27.303636,2.7184133698900674,,0.8330315987977648,1.775722484343916
홍  콩,공용,2026-03-01 08:57:27.303636,1.3611090008602567,,0.9685866600130225,1.1648478304366396
홍  콩,공용,2026-04-01 08:57:27.303636,2.0659465918800946,,1.0374805537508036,1.5517135728154492
홍  콩,공용,2026-05-01 08:57:27.303636,2.743247924937533,,1.4020389850611183,2.0726434549993256
홍  콩,공용,2026-06-01 08:57:27.303636,4.103897041348544,,1.7871693046695498,2.945533173009047
홍  콩,공용,2026-07-01 08:57:27.303636,3.4424962161910013,,2.1712516723644,2.806873944277701
홍  콩,관광,2025-08-01 08:57:27.303636,64556.808400025584,,60466.804114029175,62511.806257027376
홍  콩,관광,2025-09-01 08:57:27.303636,44409.52490704487,,50486.47943933823,47448.00217319155
홍  콩,관광,2025-10-01 08:57:27.303636,67859.49359146036,,50014.37594272426,58936.93476709231
홍  콩,관광,2025-11-01 08:57:27.303636,62997.004502070355,,54431.455715824704,58714.23010894753
홍  콩,관광,2025-12-01 08:57:27.303636,76477.36494873744,,63606.529656030165,70041.9473023838
홍  콩,관광,2026-01-01 08:57:27.303636,61336.361656298985,,50734.42464547398,56035.39315088648
홍  콩,관광,2026-02-01 08:57:27.303636,59676.409228953504,,50953.515929246,55314.96257909975
홍  콩,관광,2026-03-01 08:57:27.303636,71004.43044556616,,54761.28693834462,62882.85869195539
홍  콩,관광,2026-04-01 08:57:27.303636,81910.85033554326,,63735.598247730115,72823.2242916367
홍  콩,관광,2026-05-01 08:57:27.303636,69291.89241429245,,59339.948193649776,64315.920303971114
홍  콩,관광,2026-06-01 08:57:27.303636,81160.88767195058,,56355.55611366809,68758.22189280934
홍  콩,관광,2026-07-01 08:57:27.303636,78864.6170541632,,57063.231949231966,67963.92450169759
홍  콩,기타,2025-08-01 08:57:27.303636,462.6255442242001,,298.1448636028455,380.3852039135228
홍  콩,기타,2025-09-01 08:57:27.303636,427.7779262039987,,282.8540942508368,355.31601022741773
홍  콩,기타,2025-10-01 08:57:27.303636,472.92608343165233,,272.9721222117411,372.9491028216967
홍  콩,기타,2025-11-01 08:57:27.303636,403.02435397421726,,284.72721184432254,343.8757829092699
홍  콩,기타,2025-12-01 08:57:27.303636,433.00213596741224,,292.4890537030733,362.74559483524274
홍  콩,기타,2026-01-01 08:57:27.303636,434.0666544259122,,282.3347363356003,358.20069538075626
홍  콩,기타,2026-02-01 08:57:27.303636,451.22501781099413,,273.04841414924016,362.1367159801172
홍  콩,기타,2026-03-01 08:57:27.303636,459.88742300344865,,284.2368213683001,372.0621221858744
홍  콩,기타,2026-04-01 08:57:27.303636,480.3257473412043,,293.3905688740496,386.858158107627
홍  콩,기타,2026-05-01 08:57:27.303636,496.79596019945797,,295.16632062622284,395.98114041284043
홍  콩,기타,2026-06-01 08:57:27.303636,479.7150376077374,,301.9657753061178,390.84040645692755
홍  콩,기타,2026-07-01 08:57:27.303636,530.88574760598,,315.24380327334677,423.0647754396634
홍  콩,상용,2025-08-01 08:57:27.303636,48.7426265382142,,42.89925082101591,45.820938679615054
홍  콩,상용,2025-09-01 08:57:27.303636,87.05625283421199,,39.58772156709308,63.32198720065253
홍  콩,상용,2025-10-01 08:57:27.303636,45.306521026550385,,46.17752233265087,45.742021679600626
홍  콩,상용,2025-11-01 08:57:27.303636,47.29695201791608,,56.41964864235734,51.85830033013671
홍  콩,상용,2025-12-01 08:57:27.303636,44.306066834676926,,61.92487747886022,53.115472156768575
홍  콩,상용,2026-01-01 08:57:27.303636,42.80485442354688,,57.37309034806835,50.088972385807615
홍  콩,상용,2026-02-01 08:57:27.303636,49.083242618189324,,62.26739612087378,55.67531936953155
홍  콩,상용,2026-03-01 08:57:27.303636,53.77490089651635,,65.96442529505367,59.869663095785015
홍  콩,상용,2026-04-01 08:57:27.303636,48.21025196385721,,62.33011223757259,55.270182100714905
홍  콩,상용,2026-05-01 08:57:27.303636,67.29425820567191,,55.5639233229349,61.4290907643034
홍  콩,상용,2026-06-01 08:57:27.303636,58.67207555659392,,46.183047370656666,52.427561463625295
홍  콩,상용,2026-07-01 08:57:27.303636,56.95894379022408,,43.66883333166036,50.31388856094222
홍  콩,유학연수,2025-08-01 08:57:27.303636,563.9992955143845,,83.1242800021377,323.56178775826106
홍  콩,유학연수,2025-09-01 08:57:27.303636,306.1355314123395,,160.93811083743833,233.53682112488892
홍  콩,유학연수,2025-10-01 08:57:27.303636,142.01376369597264,,183.1392955092856,162.57652960262914
홍  콩,유학연수,2025-11-01 08:57:27.303636,184.78329783368338,,142.62119772647702,163.7022477800802
홍  콩,유학연수,2025-12-01 08:57:27.303636,237.09647799173177,,120.74127698165826,178.918877486695
홍  콩,유학연수,2026-01-01 08:57:27.303636,139.63906022175075,,210.63926660001104,175.13916341088088
홍  콩,유학연수,2026-02-01 08:57:27.303636,624.06909093489,,192.5598064493147,408.31444869210236
홍  콩,유학연수,2026-03-01 08:57:27.303636,334.2313586519614,,65.75500734506038,199.9931829985109
홍  콩,유학연수,2026-04-01 08:57:27.303636,123.07677165180758,,57.856893887922176,90.46683276986488
홍  콩,유학연수,2026-05-01 08:57:27.303636,230.87141569302,,84.85535138980947,157.86338354141475
홍  콩,유학연수,2026-06-01 08:57:27.303636,268.93075417922927,,98.70490578784252,183.8178299835359
홍  콩,유학연수,2026-07-01 08:57:27.303636,210.303420787823,,114.89742986953259,162.6004253286778
