국가,목적,연월,예측입국자수,r2,mape,confidence
그리스,공용,2025-06,0,0.9326,19.97,80.0
그리스,공용,2025-07,0,0.9326,19.97,80.0
그리스,공용,2025-08,0,0.9326,19.97,80.0
그리스,공용,2025-09,2,0.9326,19.97,80.0
그리스,공용,2025-10,1,0.9326,19.97,80.0
그리스,공용,2025-11,0,0.9326,19.97,80.0
그리스,공용,2025-12,0,0.9326,19.97,80.0
그리스,공용,2026-01,1,0.9326,19.97,80.0
그리스,공용,2026-02,1,0.9326,19.97,80.0
그리스,공용,2026-03,2,0.9326,19.97,80.0
그리스,공용,2026-04,1,0.9326,19.97,80.0
그리스,공용,2026-05,1,0.9326,19.97,80.0
그리스,공용,2026-06,0,0.9326,19.97,80.0
그리스,공용,2026-07,0,0.9326,19.97,80.0
그리스,공용,2026-08,0,0.9326,19.97,80.0
그리스,공용,2026-09,1,0.9326,19.97,80.0
그리스,공용,2026-10,1,0.9326,19.97,80.0
그리스,공용,2026-11,1,0.9326,19.97,80.0
그리스,공용,2026-12,0,0.9326,19.97,80.0
그리스,관광,2025-06,486,0.9852,1.43,98.6
그리스,관광,2025-07,571,0.9852,1.43,98.6
그리스,관광,2025-08,681,0.9852,1.43,98.6
그리스,관광,2025-09,689,0.9852,1.43,98.6
그리스,관광,2025-10,720,0.9852,1.43,98.6
그리스,관광,2025-11,799,0.9852,1.43,98.6
그리스,관광,2025-12,526,0.9852,1.43,98.6
그리스,관광,2026-01,350,0.9852,1.43,98.6
그리스,관광,2026-02,318,0.9852,1.43,98.6
그리스,관광,2026-03,844,0.9852,1.43,98.6
그리스,관광,2026-04,888,0.9852,1.43,98.6
그리스,관광,2026-05,750,0.9852,1.43,98.6
그리스,관광,2026-06,488,0.9852,1.43,98.6
그리스,관광,2026-07,572,0.9852,1.43,98.6
그리스,관광,2026-08,681,0.9852,1.43,98.6
그리스,관광,2026-09,686,0.9852,1.43,98.6
그리스,관광,2026-10,718,0.9852,1.43,98.6
그리스,관광,2026-11,800,0.9852,1.43,98.6
그리스,관광,2026-12,522,0.9852,1.43,98.6
그리스,상용,2025-06,8,0.9436,9.59,90.4
그리스,상용,2025-07,9,0.9436,9.59,90.4
그리스,상용,2025-08,17,0.9436,9.59,90.4
그리스,상용,2025-09,19,0.9436,9.59,90.4
그리스,상용,2025-10,15,0.9436,9.59,90.4
그리스,상용,2025-12,11,0.9436,9.59,90.4
그리스,상용,2025-11,10,0.9436,9.59,90.4
그리스,상용,2026-02,9,0.9436,9.59,90.4
그리스,상용,2026-01,23,0.9436,9.59,90.4
그리스,상용,2026-04,12,0.9436,9.59,90.4
그리스,상용,2026-03,8,0.9436,9.59,90.4
그리스,상용,2026-05,12,0.9436,9.59,90.4
그리스,상용,2026-06,8,0.9436,9.59,90.4
그리스,상용,2026-07,9,0.9436,9.59,90.4
그리스,상용,2026-08,17,0.9436,9.59,90.4
그리스,상용,2026-09,18,0.9436,9.59,90.4
그리스,상용,2026-10,14,0.9436,9.59,90.4
그리스,상용,2026-11,10,0.9436,9.59,90.4
그리스,상용,2026-12,12,0.9436,9.59,90.4
그리스,유학연수,2025-06,8,0.9938,2.33,97.7
그리스,유학연수,2025-07,2,0.9938,2.33,97.7
그리스,유학연수,2025-08,24,0.9938,2.33,97.7
그리스,유학연수,2025-09,0,0.9938,2.33,97.7
그리스,유학연수,2025-10,2,0.9938,2.33,97.7
그리스,유학연수,2025-11,8,0.9938,2.33,97.7
그리스,유학연수,2025-12,9,0.9938,2.33,97.7
그리스,유학연수,2026-01,3,0.9938,2.33,97.7
그리스,유학연수,2026-02,16,0.9938,2.33,97.7
그리스,유학연수,2026-03,2,0.9938,2.33,97.7
그리스,유학연수,2026-04,0,0.9938,2.33,97.7
그리스,유학연수,2026-05,4,0.9938,2.33,97.7
그리스,유학연수,2026-06,8,0.9938,2.33,97.7
그리스,유학연수,2026-07,1,0.9938,2.33,97.7
그리스,유학연수,2026-08,24,0.9938,2.33,97.7
그리스,유학연수,2026-09,1,0.9938,2.33,97.7
그리스,유학연수,2026-11,8,0.9938,2.33,97.7
그리스,유학연수,2026-10,2,0.9938,2.33,97.7
나이지리아,공용,2025-06,6,0.7588,27.81,72.2
그리스,유학연수,2026-12,9,0.9938,2.33,97.7
나이지리아,공용,2025-07,0,0.7588,27.81,72.2
나이지리아,공용,2025-08,5,0.7588,27.81,72.2
나이지리아,공용,2025-09,6,0.7588,27.81,72.2
나이지리아,공용,2025-10,7,0.7588,27.81,72.2
나이지리아,공용,2025-11,4,0.7588,27.81,72.2
나이지리아,공용,2025-12,5,0.7588,27.81,72.2
나이지리아,공용,2026-01,0,0.7588,27.81,72.2
나이지리아,공용,2026-02,1,0.7588,27.81,72.2
나이지리아,공용,2026-03,4,0.7588,27.81,72.2
나이지리아,공용,2026-04,4,0.7588,27.81,72.2
나이지리아,공용,2026-05,4,0.7588,27.81,72.2
나이지리아,공용,2026-06,9,0.7588,27.81,72.2
나이지리아,공용,2026-07,0,0.7588,27.81,72.2
나이지리아,공용,2026-08,4,0.7588,27.81,72.2
나이지리아,공용,2026-09,6,0.7588,27.81,72.2
나이지리아,공용,2026-10,7,0.7588,27.81,72.2
나이지리아,공용,2026-11,4,0.7588,27.81,72.2
나이지리아,공용,2026-12,4,0.7588,27.81,72.2
나이지리아,관광,2025-06,100,0.9869,3.83,96.2
나이지리아,관광,2025-07,67,0.9869,3.83,96.2
나이지리아,관광,2025-08,108,0.9869,3.83,96.2
나이지리아,관광,2025-09,199,0.9869,3.83,96.2
나이지리아,관광,2025-10,155,0.9869,3.83,96.2
나이지리아,관광,2025-11,199,0.9869,3.83,96.2
나이지리아,관광,2025-12,135,0.9869,3.83,96.2
나이지리아,관광,2026-01,89,0.9869,3.83,96.2
나이지리아,관광,2026-02,62,0.9869,3.83,96.2
나이지리아,관광,2026-03,74,0.9869,3.83,96.2
나이지리아,관광,2026-04,72,0.9869,3.83,96.2
나이지리아,관광,2026-05,96,0.9869,3.83,96.2
나이지리아,관광,2026-06,100,0.9869,3.83,96.2
나이지리아,관광,2026-07,67,0.9869,3.83,96.2
나이지리아,관광,2026-08,110,0.9869,3.83,96.2
나이지리아,관광,2026-09,199,0.9869,3.83,96.2
나이지리아,관광,2026-10,155,0.9869,3.83,96.2
나이지리아,관광,2026-11,201,0.9869,3.83,96.2
나이지리아,관광,2026-12,135,0.9869,3.83,96.2
나이지리아,상용,2025-06,19,0.9791,6.44,93.6
나이지리아,상용,2025-07,20,0.9791,6.44,93.6
나이지리아,상용,2025-08,32,0.9791,6.44,93.6
나이지리아,상용,2025-09,41,0.9791,6.44,93.6
나이지리아,상용,2025-10,27,0.9791,6.44,93.6
나이지리아,상용,2025-11,18,0.9791,6.44,93.6
나이지리아,상용,2025-12,23,0.9791,6.44,93.6
나이지리아,상용,2026-01,28,0.9791,6.44,93.6
나이지리아,상용,2026-02,31,0.9791,6.44,93.6
나이지리아,상용,2026-03,40,0.9791,6.44,93.6
나이지리아,상용,2026-04,22,0.9791,6.44,93.6
나이지리아,상용,2026-05,25,0.9791,6.44,93.6
나이지리아,상용,2026-06,19,0.9791,6.44,93.6
나이지리아,상용,2026-07,20,0.9791,6.44,93.6
나이지리아,상용,2026-08,32,0.9791,6.44,93.6
나이지리아,상용,2026-09,43,0.9791,6.44,93.6
나이지리아,상용,2026-10,27,0.9791,6.44,93.6
나이지리아,상용,2026-11,18,0.9791,6.44,93.6
나이지리아,상용,2026-12,24,0.9791,6.44,93.6
나이지리아,유학연수,2025-06,17,0.9986,4.06,95.9
나이지리아,유학연수,2025-07,21,0.9986,4.06,95.9
나이지리아,유학연수,2025-08,61,0.9986,4.06,95.9
나이지리아,유학연수,2025-09,19,0.9986,4.06,95.9
나이지리아,유학연수,2025-10,7,0.9986,4.06,95.9
나이지리아,유학연수,2025-11,8,0.9986,4.06,95.9
나이지리아,유학연수,2025-12,11,0.9986,4.06,95.9
나이지리아,유학연수,2026-01,24,0.9986,4.06,95.9
나이지리아,유학연수,2026-02,44,0.9986,4.06,95.9
나이지리아,유학연수,2026-03,26,0.9986,4.06,95.9
나이지리아,유학연수,2026-04,9,0.9986,4.06,95.9
나이지리아,유학연수,2026-05,3,0.9986,4.06,95.9
나이지리아,유학연수,2026-06,16,0.9986,4.06,95.9
나이지리아,유학연수,2026-07,21,0.9986,4.06,95.9
나이지리아,유학연수,2026-08,61,0.9986,4.06,95.9
나이지리아,유학연수,2026-09,19,0.9986,4.06,95.9
나이지리아,유학연수,2026-10,7,0.9986,4.06,95.9
나이지리아,유학연수,2026-11,8,0.9986,4.06,95.9
나이지리아,유학연수,2026-12,11,0.9986,4.06,95.9
네덜란드,공용,2025-06,10,0.8964,18.53,81.5
네덜란드,공용,2025-07,10,0.8964,18.53,81.5
네덜란드,공용,2025-08,11,0.8964,18.53,81.5
네덜란드,공용,2025-09,10,0.8964,18.53,81.5
네덜란드,공용,2025-10,6,0.8964,18.53,81.5
네덜란드,공용,2025-11,7,0.8964,18.53,81.5
네덜란드,공용,2025-12,3,0.8964,18.53,81.5
네덜란드,공용,2026-01,18,0.8964,18.53,81.5
네덜란드,공용,2026-02,2,0.8964,18.53,81.5
네덜란드,공용,2026-03,14,0.8964,18.53,81.5
네덜란드,공용,2026-04,15,0.8964,18.53,81.5
네덜란드,공용,2026-05,19,0.8964,18.53,81.5
네덜란드,공용,2026-06,10,0.8964,18.53,81.5
네덜란드,공용,2026-07,9,0.8964,18.53,81.5
네덜란드,공용,2026-08,10,0.8964,18.53,81.5
네덜란드,공용,2026-09,12,0.8964,18.53,81.5
네덜란드,공용,2026-10,6,0.8964,18.53,81.5
네덜란드,공용,2026-11,6,0.8964,18.53,81.5
네덜란드,공용,2026-12,3,0.8964,18.53,81.5
네덜란드,관광,2025-06,2569,0.996,1.12,98.9
네덜란드,관광,2025-07,4570,0.996,1.12,98.9
네덜란드,관광,2025-08,4346,0.996,1.12,98.9
네덜란드,관광,2025-09,3955,0.996,1.12,98.9
네덜란드,관광,2025-10,4678,0.996,1.12,98.9
네덜란드,관광,2025-11,3110,0.996,1.12,98.9
네덜란드,관광,2025-12,2347,0.996,1.12,98.9
네덜란드,관광,2026-01,1538,0.996,1.12,98.9
네덜란드,관광,2026-02,1535,0.996,1.12,98.9
네덜란드,관광,2026-03,2998,0.996,1.12,98.9
네덜란드,관광,2026-04,5398,0.996,1.12,98.9
네덜란드,관광,2026-05,4418,0.996,1.12,98.9
네덜란드,관광,2026-06,2541,0.996,1.12,98.9
네덜란드,관광,2026-07,4578,0.996,1.12,98.9
네덜란드,관광,2026-08,4332,0.996,1.12,98.9
네덜란드,관광,2026-09,3999,0.996,1.12,98.9
네덜란드,관광,2026-10,4656,0.996,1.12,98.9
네덜란드,관광,2026-11,3137,0.996,1.12,98.9
네덜란드,관광,2026-12,2349,0.996,1.12,98.9
네덜란드,상용,2025-06,8,0.9763,6.04,94.0
네덜란드,상용,2025-07,10,0.9763,6.04,94.0
네덜란드,상용,2025-08,15,0.9763,6.04,94.0
네덜란드,상용,2025-09,13,0.9763,6.04,94.0
네덜란드,상용,2025-10,17,0.9763,6.04,94.0
네덜란드,상용,2025-11,20,0.9763,6.04,94.0
네덜란드,상용,2025-12,21,0.9763,6.04,94.0
네덜란드,상용,2026-01,29,0.9763,6.04,94.0
네덜란드,상용,2026-02,15,0.9763,6.04,94.0
네덜란드,상용,2026-03,13,0.9763,6.04,94.0
네덜란드,상용,2026-04,16,0.9763,6.04,94.0
네덜란드,상용,2026-05,14,0.9763,6.04,94.0
네덜란드,상용,2026-06,7,0.9763,6.04,94.0
네덜란드,상용,2026-07,11,0.9763,6.04,94.0
네덜란드,상용,2026-08,15,0.9763,6.04,94.0
네덜란드,상용,2026-09,13,0.9763,6.04,94.0
네덜란드,상용,2026-10,17,0.9763,6.04,94.0
네덜란드,상용,2026-11,21,0.9763,6.04,94.0
네덜란드,상용,2026-12,21,0.9763,6.04,94.0
네덜란드,유학연수,2025-06,40,0.9985,2.84,97.2
네덜란드,유학연수,2025-07,60,0.9985,2.84,97.2
네덜란드,유학연수,2025-08,356,0.9985,2.84,97.2
네덜란드,유학연수,2025-09,26,0.9985,2.84,97.2
네덜란드,유학연수,2025-10,22,0.9985,2.84,97.2
네덜란드,유학연수,2025-11,123,0.9985,2.84,97.2
네덜란드,유학연수,2025-12,101,0.9985,2.84,97.2
네덜란드,유학연수,2026-01,50,0.9985,2.84,97.2
네덜란드,유학연수,2026-02,198,0.9985,2.84,97.2
네덜란드,유학연수,2026-03,18,0.9985,2.84,97.2
네덜란드,유학연수,2026-04,19,0.9985,2.84,97.2
네덜란드,유학연수,2026-05,57,0.9985,2.84,97.2
네덜란드,유학연수,2026-06,40,0.9985,2.84,97.2
네덜란드,유학연수,2026-07,60,0.9985,2.84,97.2
네덜란드,유학연수,2026-08,356,0.9985,2.84,97.2
네덜란드,유학연수,2026-09,26,0.9985,2.84,97.2
네덜란드,유학연수,2026-10,23,0.9985,2.84,97.2
네덜란드,유학연수,2026-11,122,0.9985,2.84,97.2
네덜란드,유학연수,2026-12,101,0.9985,2.84,97.2
노르웨이,공용,2025-06,5,0.8775,22.99,77.0
노르웨이,공용,2025-07,4,0.8775,22.99,77.0
노르웨이,공용,2025-08,3,0.8775,22.99,77.0
노르웨이,공용,2025-09,1,0.8775,22.99,77.0
노르웨이,공용,2025-10,3,0.8775,22.99,77.0
노르웨이,공용,2025-11,8,0.8775,22.99,77.0
노르웨이,공용,2025-12,10,0.8775,22.99,77.0
노르웨이,공용,2026-01,0,0.8775,22.99,77.0
노르웨이,공용,2026-02,0,0.8775,22.99,77.0
노르웨이,공용,2026-03,4,0.8775,22.99,77.0
노르웨이,공용,2026-04,1,0.8775,22.99,77.0
노르웨이,공용,2026-05,0,0.8775,22.99,77.0
노르웨이,공용,2026-06,6,0.8775,22.99,77.0
노르웨이,공용,2026-07,4,0.8775,22.99,77.0
노르웨이,공용,2026-08,3,0.8775,22.99,77.0
노르웨이,공용,2026-09,1,0.8775,22.99,77.0
노르웨이,공용,2026-10,3,0.8775,22.99,77.0
노르웨이,공용,2026-11,8,0.8775,22.99,77.0
노르웨이,공용,2026-12,10,0.8775,22.99,77.0
노르웨이,관광,2025-06,1195,0.9752,1.63,98.4
노르웨이,관광,2025-07,1563,0.9752,1.63,98.4
노르웨이,관광,2025-08,630,0.9752,1.63,98.4
노르웨이,관광,2025-09,1069,0.9752,1.63,98.4
노르웨이,관광,2025-10,1064,0.9752,1.63,98.4
노르웨이,관광,2025-11,778,0.9752,1.63,98.4
노르웨이,관광,2025-12,563,0.9752,1.63,98.4
노르웨이,관광,2026-01,519,0.9752,1.63,98.4
노르웨이,관광,2026-02,445,0.9752,1.63,98.4
노르웨이,관광,2026-03,1330,0.9752,1.63,98.4
노르웨이,관광,2026-04,957,0.9752,1.63,98.4
노르웨이,관광,2026-05,750,0.9752,1.63,98.4
노르웨이,관광,2026-06,1172,0.9752,1.63,98.4
노르웨이,관광,2026-07,1550,0.9752,1.63,98.4
노르웨이,관광,2026-08,633,0.9752,1.63,98.4
노르웨이,관광,2026-09,1064,0.9752,1.63,98.4
노르웨이,관광,2026-10,1057,0.9752,1.63,98.4
노르웨이,관광,2026-11,782,0.9752,1.63,98.4
노르웨이,관광,2026-12,567,0.9752,1.63,98.4
노르웨이,상용,2025-06,17,0.9949,6.96,93.0
노르웨이,상용,2025-07,10,0.9949,6.96,93.0
노르웨이,상용,2025-08,15,0.9949,6.96,93.0
노르웨이,상용,2025-09,17,0.9949,6.96,93.0
노르웨이,상용,2025-10,12,0.9949,6.96,93.0
노르웨이,상용,2025-11,15,0.9949,6.96,93.0
노르웨이,상용,2025-12,6,0.9949,6.96,93.0
노르웨이,상용,2026-01,40,0.9949,6.96,93.0
노르웨이,상용,2026-02,20,0.9949,6.96,93.0
노르웨이,상용,2026-03,22,0.9949,6.96,93.0
노르웨이,상용,2026-04,22,0.9949,6.96,93.0
노르웨이,상용,2026-05,23,0.9949,6.96,93.0
노르웨이,상용,2026-06,16,0.9949,6.96,93.0
노르웨이,상용,2026-07,9,0.9949,6.96,93.0
노르웨이,상용,2026-08,18,0.9949,6.96,93.0
노르웨이,상용,2026-09,16,0.9949,6.96,93.0
노르웨이,상용,2026-10,11,0.9949,6.96,93.0
노르웨이,상용,2026-11,17,0.9949,6.96,93.0
노르웨이,상용,2026-12,6,0.9949,6.96,93.0
노르웨이,유학연수,2025-06,6,0.9911,2.49,97.5
노르웨이,유학연수,2025-07,15,0.9911,2.49,97.5
노르웨이,유학연수,2025-08,116,0.9911,2.49,97.5
노르웨이,유학연수,2025-09,15,0.9911,2.49,97.5
노르웨이,유학연수,2025-10,8,0.9911,2.49,97.5
노르웨이,유학연수,2025-11,44,0.9911,2.49,97.5
노르웨이,유학연수,2025-12,28,0.9911,2.49,97.5
노르웨이,유학연수,2026-01,29,0.9911,2.49,97.5
노르웨이,유학연수,2026-02,72,0.9911,2.49,97.5
노르웨이,유학연수,2026-03,17,0.9911,2.49,97.5
노르웨이,유학연수,2026-04,9,0.9911,2.49,97.5
노르웨이,유학연수,2026-05,18,0.9911,2.49,97.5
노르웨이,유학연수,2026-06,6,0.9911,2.49,97.5
노르웨이,유학연수,2026-07,15,0.9911,2.49,97.5
노르웨이,유학연수,2026-08,116,0.9911,2.49,97.5
노르웨이,유학연수,2026-09,14,0.9911,2.49,97.5
노르웨이,유학연수,2026-10,8,0.9911,2.49,97.5
노르웨이,유학연수,2026-11,43,0.9911,2.49,97.5
노르웨이,유학연수,2026-12,27,0.9911,2.49,97.5
뉴질랜드,공용,2025-06,5,0.9417,16.58,83.4
뉴질랜드,공용,2025-07,2,0.9417,16.58,83.4
뉴질랜드,공용,2025-08,1,0.9417,16.58,83.4
뉴질랜드,공용,2025-09,2,0.9417,16.58,83.4
뉴질랜드,공용,2025-10,2,0.9417,16.58,83.4
뉴질랜드,공용,2025-11,4,0.9417,16.58,83.4
뉴질랜드,공용,2025-12,7,0.9417,16.58,83.4
뉴질랜드,공용,2026-01,4,0.9417,16.58,83.4
뉴질랜드,공용,2026-02,3,0.9417,16.58,83.4
뉴질랜드,공용,2026-03,2,0.9417,16.58,83.4
뉴질랜드,공용,2026-04,2,0.9417,16.58,83.4
뉴질랜드,공용,2026-05,4,0.9417,16.58,83.4
뉴질랜드,공용,2026-06,6,0.9417,16.58,83.4
뉴질랜드,공용,2026-07,2,0.9417,16.58,83.4
뉴질랜드,공용,2026-08,1,0.9417,16.58,83.4
뉴질랜드,공용,2026-09,1,0.9417,16.58,83.4
뉴질랜드,공용,2026-10,3,0.9417,16.58,83.4
뉴질랜드,공용,2026-11,5,0.9417,16.58,83.4
뉴질랜드,공용,2026-12,6,0.9417,16.58,83.4
뉴질랜드,관광,2025-06,2629,0.9909,1.24,98.8
뉴질랜드,관광,2025-07,2172,0.9909,1.24,98.8
뉴질랜드,관광,2025-08,2230,0.9909,1.24,98.8
뉴질랜드,관광,2025-09,2997,0.9909,1.24,98.8
뉴질랜드,관광,2025-10,4196,0.9909,1.24,98.8
뉴질랜드,관광,2025-11,3108,0.9909,1.24,98.8
뉴질랜드,관광,2025-12,3723,0.9909,1.24,98.8
뉴질랜드,관광,2026-01,2480,0.9909,1.24,98.8
뉴질랜드,관광,2026-02,1512,0.9909,1.24,98.8
뉴질랜드,관광,2026-03,3243,0.9909,1.24,98.8
뉴질랜드,관광,2026-04,3433,0.9909,1.24,98.8
뉴질랜드,관광,2026-05,2670,0.9909,1.24,98.8
뉴질랜드,관광,2026-06,2620,0.9909,1.24,98.8
뉴질랜드,관광,2026-07,2146,0.9909,1.24,98.8
뉴질랜드,관광,2026-08,2251,0.9909,1.24,98.8
뉴질랜드,관광,2026-09,2975,0.9909,1.24,98.8
뉴질랜드,관광,2026-10,4158,0.9909,1.24,98.8
뉴질랜드,관광,2026-11,3132,0.9909,1.24,98.8
뉴질랜드,관광,2026-12,3743,0.9909,1.24,98.8
뉴질랜드,상용,2025-06,17,0.9637,8.66,91.3
뉴질랜드,상용,2025-07,10,0.9637,8.66,91.3
뉴질랜드,상용,2025-08,6,0.9637,8.66,91.3
뉴질랜드,상용,2025-09,9,0.9637,8.66,91.3
뉴질랜드,상용,2025-10,5,0.9637,8.66,91.3
뉴질랜드,상용,2025-11,7,0.9637,8.66,91.3
뉴질랜드,상용,2025-12,5,0.9637,8.66,91.3
뉴질랜드,상용,2026-01,11,0.9637,8.66,91.3
뉴질랜드,상용,2026-02,9,0.9637,8.66,91.3
뉴질랜드,상용,2026-03,8,0.9637,8.66,91.3
뉴질랜드,상용,2026-04,7,0.9637,8.66,91.3
뉴질랜드,상용,2026-05,5,0.9637,8.66,91.3
뉴질랜드,상용,2026-06,18,0.9637,8.66,91.3
뉴질랜드,상용,2026-07,10,0.9637,8.66,91.3
뉴질랜드,상용,2026-08,6,0.9637,8.66,91.3
뉴질랜드,상용,2026-09,9,0.9637,8.66,91.3
뉴질랜드,상용,2026-10,5,0.9637,8.66,91.3
뉴질랜드,상용,2026-11,7,0.9637,8.66,91.3
뉴질랜드,상용,2026-12,5,0.9637,8.66,91.3
뉴질랜드,유학연수,2025-06,0,0.9857,5.21,94.8
뉴질랜드,유학연수,2025-07,6,0.9857,5.21,94.8
뉴질랜드,유학연수,2025-08,7,0.9857,5.21,94.8
뉴질랜드,유학연수,2025-09,5,0.9857,5.21,94.8
뉴질랜드,유학연수,2025-10,1,0.9857,5.21,94.8
뉴질랜드,유학연수,2025-11,6,0.9857,5.21,94.8
뉴질랜드,유학연수,2025-12,4,0.9857,5.21,94.8
뉴질랜드,유학연수,2026-01,2,0.9857,5.21,94.8
뉴질랜드,유학연수,2026-02,14,0.9857,5.21,94.8
뉴질랜드,유학연수,2026-03,3,0.9857,5.21,94.8
뉴질랜드,유학연수,2026-04,0,0.9857,5.21,94.8
뉴질랜드,유학연수,2026-05,2,0.9857,5.21,94.8
뉴질랜드,유학연수,2026-06,0,0.9857,5.21,94.8
뉴질랜드,유학연수,2026-07,6,0.9857,5.21,94.8
뉴질랜드,유학연수,2026-08,7,0.9857,5.21,94.8
뉴질랜드,유학연수,2026-09,6,0.9857,5.21,94.8
뉴질랜드,유학연수,2026-10,1,0.9857,5.21,94.8
뉴질랜드,유학연수,2026-11,6,0.9857,5.21,94.8
뉴질랜드,유학연수,2026-12,4,0.9857,5.21,94.8
대만,공용,2025-06,5,0.9255,13.35,86.7
대만,공용,2025-07,15,0.9255,13.35,86.7
대만,공용,2025-08,13,0.9255,13.35,86.7
대만,공용,2025-09,11,0.9255,13.35,86.7
대만,공용,2025-10,11,0.9255,13.35,86.7
대만,공용,2025-11,10,0.9255,13.35,86.7
대만,공용,2025-12,6,0.9255,13.35,86.7
대만,공용,2026-01,15,0.9255,13.35,86.7
대만,공용,2026-02,12,0.9255,13.35,86.7
대만,공용,2026-03,7,0.9255,13.35,86.7
대만,공용,2026-04,17,0.9255,13.35,86.7
대만,공용,2026-05,7,0.9255,13.35,86.7
대만,공용,2026-06,5,0.9255,13.35,86.7
대만,공용,2026-07,16,0.9255,13.35,86.7
대만,공용,2026-08,12,0.9255,13.35,86.7
대만,공용,2026-09,10,0.9255,13.35,86.7
대만,공용,2026-10,12,0.9255,13.35,86.7
대만,공용,2026-11,10,0.9255,13.35,86.7
대만,공용,2026-12,7,0.9255,13.35,86.7
대만,관광,2025-06,143136,0.9836,1.33,98.7
대만,관광,2025-07,141634,0.9836,1.33,98.7
대만,관광,2025-08,144327,0.9836,1.33,98.7
대만,관광,2025-09,124336,0.9836,1.33,98.7
대만,관광,2025-10,133564,0.9836,1.33,98.7
대만,관광,2025-11,118425,0.9836,1.33,98.7
대만,관광,2025-12,116002,0.9836,1.33,98.7
대만,관광,2026-01,92321,0.9836,1.33,98.7
대만,관광,2026-02,95110,0.9836,1.33,98.7
대만,관광,2026-03,114030,0.9836,1.33,98.7
대만,관광,2026-04,117131,0.9836,1.33,98.7
대만,관광,2026-05,116400,0.9836,1.33,98.7
대만,관광,2026-06,143303,0.9836,1.33,98.7
대만,관광,2026-07,142570,0.9836,1.33,98.7
대만,관광,2026-08,145690,0.9836,1.33,98.7
대만,관광,2026-09,124382,0.9836,1.33,98.7
대만,관광,2026-10,133019,0.9836,1.33,98.7
대만,관광,2026-11,118307,0.9836,1.33,98.7
대만,관광,2026-12,116044,0.9836,1.33,98.7
대만,상용,2025-06,75,0.8487,9.37,90.6
대만,상용,2025-07,81,0.8487,9.37,90.6
대만,상용,2025-08,76,0.8487,9.37,90.6
대만,상용,2025-09,84,0.8487,9.37,90.6
대만,상용,2025-10,57,0.8487,9.37,90.6
대만,상용,2025-11,71,0.8487,9.37,90.6
대만,상용,2025-12,67,0.8487,9.37,90.6
대만,상용,2026-01,68,0.8487,9.37,90.6
대만,상용,2026-02,88,0.8487,9.37,90.6
대만,상용,2026-03,52,0.8487,9.37,90.6
대만,상용,2026-04,71,0.8487,9.37,90.6
대만,상용,2026-05,68,0.8487,9.37,90.6
대만,상용,2026-06,64,0.8487,9.37,90.6
대만,상용,2026-07,78,0.8487,9.37,90.6
대만,상용,2026-08,76,0.8487,9.37,90.6
대만,상용,2026-09,86,0.8487,9.37,90.6
대만,상용,2026-10,54,0.8487,9.37,90.6
대만,상용,2026-11,71,0.8487,9.37,90.6
대만,상용,2026-12,62,0.8487,9.37,90.6
대만,유학연수,2025-06,319,0.9966,1.39,98.6
대만,유학연수,2025-07,303,0.9966,1.39,98.6
대만,유학연수,2025-08,1179,0.9966,1.39,98.6
대만,유학연수,2025-09,403,0.9966,1.39,98.6
대만,유학연수,2025-10,176,0.9966,1.39,98.6
대만,유학연수,2025-11,333,0.9966,1.39,98.6
대만,유학연수,2025-12,341,0.9966,1.39,98.6
대만,유학연수,2026-01,248,0.9966,1.39,98.6
대만,유학연수,2026-02,1054,0.9966,1.39,98.6
대만,유학연수,2026-03,410,0.9966,1.39,98.6
대만,유학연수,2026-04,146,0.9966,1.39,98.6
대만,유학연수,2026-05,371,0.9966,1.39,98.6
대만,유학연수,2026-06,319,0.9966,1.39,98.6
대만,유학연수,2026-07,304,0.9966,1.39,98.6
대만,유학연수,2026-08,1179,0.9966,1.39,98.6
대만,유학연수,2026-09,403,0.9966,1.39,98.6
대만,유학연수,2026-10,176,0.9966,1.39,98.6
대만,유학연수,2026-11,334,0.9966,1.39,98.6
대만,유학연수,2026-12,341,0.9966,1.39,98.6
대양주,공용,2025-06,65,0.9505,9.69,90.3
대양주,공용,2025-07,52,0.9505,9.69,90.3
대양주,공용,2025-08,78,0.9505,9.69,90.3
대양주,공용,2025-09,119,0.9505,9.69,90.3
대양주,공용,2025-10,92,0.9505,9.69,90.3
대양주,공용,2025-11,74,0.9505,9.69,90.3
대양주,공용,2025-12,32,0.9505,9.69,90.3
대양주,공용,2026-01,39,0.9505,9.69,90.3
대양주,공용,2026-02,52,0.9505,9.69,90.3
대양주,공용,2026-03,42,0.9505,9.69,90.3
대양주,공용,2026-04,60,0.9505,9.69,90.3
대양주,공용,2026-05,75,0.9505,9.69,90.3
대양주,공용,2026-06,62,0.9505,9.69,90.3
대양주,공용,2026-07,53,0.9505,9.69,90.3
대양주,공용,2026-08,81,0.9505,9.69,90.3
대양주,공용,2026-09,119,0.9505,9.69,90.3
대양주,공용,2026-10,88,0.9505,9.69,90.3
대양주,공용,2026-11,78,0.9505,9.69,90.3
대양주,공용,2026-12,31,0.9505,9.69,90.3
대양주,관광,2025-06,20427,0.984,1.22,98.8
대양주,관광,2025-07,16921,0.984,1.22,98.8
대양주,관광,2025-08,15185,0.984,1.22,98.8
대양주,관광,2025-09,23543,0.984,1.22,98.8
대양주,관광,2025-10,28892,0.984,1.22,98.8
대양주,관광,2025-11,22082,0.984,1.22,98.8
대양주,관광,2025-12,25474,0.984,1.22,98.8
대양주,관광,2026-01,18199,0.984,1.22,98.8
대양주,관광,2026-02,10820,0.984,1.22,98.8
대양주,관광,2026-03,24452,0.984,1.22,98.8
대양주,관광,2026-04,28367,0.984,1.22,98.8
대양주,관광,2026-05,21336,0.984,1.22,98.8
대양주,관광,2026-06,20456,0.984,1.22,98.8
대양주,관광,2026-07,16917,0.984,1.22,98.8
대양주,관광,2026-08,15436,0.984,1.22,98.8
대양주,관광,2026-09,23634,0.984,1.22,98.8
대양주,관광,2026-10,29054,0.984,1.22,98.8
대양주,관광,2026-11,22353,0.984,1.22,98.8
대양주,관광,2026-12,25511,0.984,1.22,98.8
대양주,상용,2025-06,56,0.988,5.19,94.8
대양주,상용,2025-07,62,0.988,5.19,94.8
대양주,상용,2025-08,51,0.988,5.19,94.8
대양주,상용,2025-09,72,0.988,5.19,94.8
대양주,상용,2025-10,54,0.988,5.19,94.8
대양주,상용,2025-11,46,0.988,5.19,94.8
대양주,상용,2025-12,38,0.988,5.19,94.8
대양주,상용,2026-01,62,0.988,5.19,94.8
대양주,상용,2026-02,59,0.988,5.19,94.8
대양주,상용,2026-03,57,0.988,5.19,94.8
대양주,상용,2026-04,67,0.988,5.19,94.8
대양주,상용,2026-05,47,0.988,5.19,94.8
대양주,상용,2026-06,62,0.988,5.19,94.8
대양주,상용,2026-07,56,0.988,5.19,94.8
대양주,상용,2026-08,54,0.988,5.19,94.8
대양주,상용,2026-09,71,0.988,5.19,94.8
대양주,상용,2026-10,52,0.988,5.19,94.8
대양주,상용,2026-11,45,0.988,5.19,94.8
대양주,상용,2026-12,38,0.988,5.19,94.8
대양주,유학연수,2025-06,25,0.9984,2.34,97.7
대양주,유학연수,2025-07,35,0.9984,2.34,97.7
대양주,유학연수,2025-08,134,0.9984,2.34,97.7
대양주,유학연수,2025-09,19,0.9984,2.34,97.7
대양주,유학연수,2025-10,16,0.9984,2.34,97.7
대양주,유학연수,2025-11,44,0.9984,2.34,97.7
대양주,유학연수,2025-12,45,0.9984,2.34,97.7
대양주,유학연수,2026-01,34,0.9984,2.34,97.7
대양주,유학연수,2026-02,109,0.9984,2.34,97.7
대양주,유학연수,2026-03,13,0.9984,2.34,97.7
대양주,유학연수,2026-04,18,0.9984,2.34,97.7
대양주,유학연수,2026-05,32,0.9984,2.34,97.7
대양주,유학연수,2026-06,24,0.9984,2.34,97.7
대양주,유학연수,2026-07,35,0.9984,2.34,97.7
대양주,유학연수,2026-08,135,0.9984,2.34,97.7
대양주,유학연수,2026-09,18,0.9984,2.34,97.7
대양주,유학연수,2026-10,16,0.9984,2.34,97.7
대양주,유학연수,2026-11,44,0.9984,2.34,97.7
대양주,유학연수,2026-12,45,0.9984,2.34,97.7
덴마크,공용,2025-06,3,0.9485,17.96,82.0
덴마크,공용,2025-07,0,0.9485,17.96,82.0
덴마크,공용,2025-08,7,0.9485,17.96,82.0
덴마크,공용,2025-09,0,0.9485,17.96,82.0
덴마크,공용,2025-10,4,0.9485,17.96,82.0
덴마크,공용,2025-11,3,0.9485,17.96,82.0
덴마크,공용,2025-12,4,0.9485,17.96,82.0
덴마크,공용,2026-01,3,0.9485,17.96,82.0
덴마크,공용,2026-02,0,0.9485,17.96,82.0
덴마크,공용,2026-03,1,0.9485,17.96,82.0
덴마크,공용,2026-04,0,0.9485,17.96,82.0
덴마크,공용,2026-05,2,0.9485,17.96,82.0
덴마크,공용,2026-06,2,0.9485,17.96,82.0
덴마크,공용,2026-07,0,0.9485,17.96,82.0
덴마크,공용,2026-08,7,0.9485,17.96,82.0
덴마크,공용,2026-09,0,0.9485,17.96,82.0
덴마크,공용,2026-10,4,0.9485,17.96,82.0
덴마크,공용,2026-11,3,0.9485,17.96,82.0
덴마크,공용,2026-12,3,0.9485,17.96,82.0
덴마크,관광,2025-06,871,0.9826,1.49,98.5
덴마크,관광,2025-07,1549,0.9826,1.49,98.5
덴마크,관광,2025-08,993,0.9826,1.49,98.5
덴마크,관광,2025-09,1336,0.9826,1.49,98.5
덴마크,관광,2025-10,1894,0.9826,1.49,98.5
덴마크,관광,2025-11,1093,0.9826,1.49,98.5
덴마크,관광,2025-12,645,0.9826,1.49,98.5
덴마크,관광,2026-01,571,0.9826,1.49,98.5
덴마크,관광,2026-02,447,0.9826,1.49,98.5
덴마크,관광,2026-03,1563,0.9826,1.49,98.5
덴마크,관광,2026-04,1417,0.9826,1.49,98.5
덴마크,관광,2026-05,1214,0.9826,1.49,98.5
덴마크,관광,2026-06,867,0.9826,1.49,98.5
덴마크,관광,2026-07,1531,0.9826,1.49,98.5
덴마크,관광,2026-08,1003,0.9826,1.49,98.5
덴마크,관광,2026-09,1330,0.9826,1.49,98.5
덴마크,관광,2026-10,1868,0.9826,1.49,98.5
덴마크,관광,2026-11,1101,0.9826,1.49,98.5
덴마크,관광,2026-12,641,0.9826,1.49,98.5
덴마크,상용,2025-06,19,0.9859,6.6,93.4
덴마크,상용,2025-07,14,0.9859,6.6,93.4
덴마크,상용,2025-08,26,0.9859,6.6,93.4
덴마크,상용,2025-09,27,0.9859,6.6,93.4
덴마크,상용,2025-10,31,0.9859,6.6,93.4
덴마크,상용,2025-11,29,0.9859,6.6,93.4
덴마크,상용,2025-12,23,0.9859,6.6,93.4
덴마크,상용,2026-01,21,0.9859,6.6,93.4
덴마크,상용,2026-02,16,0.9859,6.6,93.4
덴마크,상용,2026-03,21,0.9859,6.6,93.4
덴마크,상용,2026-04,12,0.9859,6.6,93.4
덴마크,상용,2026-05,17,0.9859,6.6,93.4
덴마크,상용,2026-06,19,0.9859,6.6,93.4
덴마크,상용,2026-07,14,0.9859,6.6,93.4
덴마크,상용,2026-08,28,0.9859,6.6,93.4
덴마크,상용,2026-09,27,0.9859,6.6,93.4
덴마크,상용,2026-10,31,0.9859,6.6,93.4
덴마크,상용,2026-11,30,0.9859,6.6,93.4
덴마크,상용,2026-12,21,0.9859,6.6,93.4
덴마크,유학연수,2025-06,17,0.9987,2.96,97.0
덴마크,유학연수,2025-07,22,0.9987,2.96,97.0
덴마크,유학연수,2025-08,159,0.9987,2.96,97.0
덴마크,유학연수,2025-09,11,0.9987,2.96,97.0
덴마크,유학연수,2025-10,13,0.9987,2.96,97.0
덴마크,유학연수,2025-11,50,0.9987,2.96,97.0
덴마크,유학연수,2025-12,33,0.9987,2.96,97.0
덴마크,유학연수,2026-01,29,0.9987,2.96,97.0
덴마크,유학연수,2026-02,63,0.9987,2.96,97.0
덴마크,유학연수,2026-03,5,0.9987,2.96,97.0
덴마크,유학연수,2026-04,5,0.9987,2.96,97.0
덴마크,유학연수,2026-05,20,0.9987,2.96,97.0
덴마크,유학연수,2026-06,17,0.9987,2.96,97.0
덴마크,유학연수,2026-07,22,0.9987,2.96,97.0
덴마크,유학연수,2026-08,159,0.9987,2.96,97.0
덴마크,유학연수,2026-09,10,0.9987,2.96,97.0
덴마크,유학연수,2026-10,13,0.9987,2.96,97.0
덴마크,유학연수,2026-11,50,0.9987,2.96,97.0
덴마크,유학연수,2026-12,33,0.9987,2.96,97.0
독일,공용,2025-06,21,0.9455,8.75,91.3
독일,공용,2025-07,25,0.9455,8.75,91.3
독일,공용,2025-08,28,0.9455,8.75,91.3
독일,공용,2025-09,22,0.9455,8.75,91.3
독일,공용,2025-10,12,0.9455,8.75,91.3
독일,공용,2025-11,35,0.9455,8.75,91.3
독일,공용,2025-12,21,0.9455,8.75,91.3
독일,공용,2026-01,28,0.9455,8.75,91.3
독일,공용,2026-02,12,0.9455,8.75,91.3
독일,공용,2026-03,15,0.9455,8.75,91.3
독일,공용,2026-04,21,0.9455,8.75,91.3
독일,공용,2026-05,17,0.9455,8.75,91.3
독일,공용,2026-06,21,0.9455,8.75,91.3
독일,공용,2026-07,25,0.9455,8.75,91.3
독일,공용,2026-08,27,0.9455,8.75,91.3
독일,공용,2026-09,23,0.9455,8.75,91.3
독일,공용,2026-10,12,0.9455,8.75,91.3
독일,공용,2026-11,35,0.9455,8.75,91.3
독일,공용,2026-12,21,0.9455,8.75,91.3
독일,관광,2025-06,8018,0.9835,1.02,99.0
독일,관광,2025-07,8897,0.9835,1.02,99.0
독일,관광,2025-08,11187,0.9835,1.02,99.0
독일,관광,2025-09,15043,0.9835,1.02,99.0
독일,관광,2025-10,16111,0.9835,1.02,99.0
독일,관광,2025-11,8492,0.9835,1.02,99.0
독일,관광,2025-12,7103,0.9835,1.02,99.0
독일,관광,2026-01,4566,0.9835,1.02,99.0
독일,관광,2026-02,5046,0.9835,1.02,99.0
독일,관광,2026-03,16640,0.9835,1.02,99.0
독일,관광,2026-04,19116,0.9835,1.02,99.0
독일,관광,2026-05,13016,0.9835,1.02,99.0
독일,관광,2026-06,7869,0.9835,1.02,99.0
독일,관광,2026-07,8871,0.9835,1.02,99.0
독일,관광,2026-08,11362,0.9835,1.02,99.0
독일,관광,2026-09,15062,0.9835,1.02,99.0
독일,관광,2026-10,16030,0.9835,1.02,99.0
독일,관광,2026-11,8584,0.9835,1.02,99.0
독일,관광,2026-12,7116,0.9835,1.02,99.0
독일,상용,2025-06,154,0.977,3.6,96.4
독일,상용,2025-07,150,0.977,3.6,96.4
독일,상용,2025-08,170,0.977,3.6,96.4
독일,상용,2025-09,144,0.977,3.6,96.4
독일,상용,2025-10,137,0.977,3.6,96.4
독일,상용,2025-11,179,0.977,3.6,96.4
독일,상용,2025-12,120,0.977,3.6,96.4
독일,상용,2026-01,213,0.977,3.6,96.4
독일,상용,2026-02,132,0.977,3.6,96.4
독일,상용,2026-03,120,0.977,3.6,96.4
독일,상용,2026-04,185,0.977,3.6,96.4
독일,상용,2026-05,162,0.977,3.6,96.4
독일,상용,2026-06,155,0.977,3.6,96.4
독일,상용,2026-07,154,0.977,3.6,96.4
독일,상용,2026-08,173,0.977,3.6,96.4
독일,상용,2026-09,139,0.977,3.6,96.4
독일,상용,2026-10,135,0.977,3.6,96.4
독일,상용,2026-11,177,0.977,3.6,96.4
독일,상용,2026-12,121,0.977,3.6,96.4
독일,유학연수,2025-06,221,0.9992,2.42,97.6
독일,유학연수,2025-07,258,0.9992,2.42,97.6
독일,유학연수,2025-08,1349,0.9992,2.42,97.6
독일,유학연수,2025-09,125,0.9992,2.42,97.6
독일,유학연수,2025-10,113,0.9992,2.42,97.6
독일,유학연수,2025-11,429,0.9992,2.42,97.6
독일,유학연수,2025-12,355,0.9992,2.42,97.6
독일,유학연수,2026-01,289,0.9992,2.42,97.6
독일,유학연수,2026-02,863,0.9992,2.42,97.6
독일,유학연수,2026-03,129,0.9992,2.42,97.6
독일,유학연수,2026-04,139,0.9992,2.42,97.6
독일,유학연수,2026-05,308,0.9992,2.42,97.6
독일,유학연수,2026-06,221,0.9992,2.42,97.6
독일,유학연수,2026-07,258,0.9992,2.42,97.6
독일,유학연수,2026-08,1349,0.9992,2.42,97.6
독일,유학연수,2026-09,125,0.9992,2.42,97.6
독일,유학연수,2026-10,113,0.9992,2.42,97.6
독일,유학연수,2026-11,430,0.9992,2.42,97.6
독일,유학연수,2026-12,355,0.9992,2.42,97.6
루마니아,공용,2025-06,5,0.8564,21.2,78.8
루마니아,공용,2025-07,2,0.8564,21.2,78.8
루마니아,공용,2025-08,1,0.8564,21.2,78.8
루마니아,공용,2025-09,52,0.8564,21.2,78.8
루마니아,공용,2025-10,2,0.8564,21.2,78.8
루마니아,공용,2025-11,17,0.8564,21.2,78.8
루마니아,공용,2025-12,6,0.8564,21.2,78.8
루마니아,공용,2026-01,2,0.8564,21.2,78.8
루마니아,공용,2026-02,1,0.8564,21.2,78.8
루마니아,공용,2026-03,8,0.8564,21.2,78.8
루마니아,공용,2026-04,45,0.8564,21.2,78.8
루마니아,공용,2026-05,9,0.8564,21.2,78.8
루마니아,공용,2026-06,6,0.8564,21.2,78.8
루마니아,공용,2026-07,2,0.8564,21.2,78.8
루마니아,공용,2026-08,1,0.8564,21.2,78.8
루마니아,공용,2026-09,48,0.8564,21.2,78.8
루마니아,공용,2026-10,2,0.8564,21.2,78.8
루마니아,공용,2026-11,18,0.8564,21.2,78.8
루마니아,공용,2026-12,6,0.8564,21.2,78.8
루마니아,관광,2025-06,684,0.9755,1.46,98.5
루마니아,관광,2025-07,750,0.9755,1.46,98.5
루마니아,관광,2025-08,878,0.9755,1.46,98.5
루마니아,관광,2025-09,1130,0.9755,1.46,98.5
루마니아,관광,2025-10,1432,0.9755,1.46,98.5
루마니아,관광,2025-11,681,0.9755,1.46,98.5
루마니아,관광,2025-12,326,0.9755,1.46,98.5
루마니아,관광,2026-01,362,0.9755,1.46,98.5
루마니아,관광,2026-02,355,0.9755,1.46,98.5
루마니아,관광,2026-03,1182,0.9755,1.46,98.5
루마니아,관광,2026-04,1503,0.9755,1.46,98.5
루마니아,관광,2026-05,1061,0.9755,1.46,98.5
루마니아,관광,2026-06,677,0.9755,1.46,98.5
루마니아,관광,2026-07,744,0.9755,1.46,98.5
루마니아,관광,2026-08,893,0.9755,1.46,98.5
루마니아,관광,2026-09,1129,0.9755,1.46,98.5
루마니아,관광,2026-10,1429,0.9755,1.46,98.5
루마니아,관광,2026-11,684,0.9755,1.46,98.5
루마니아,관광,2026-12,326,0.9755,1.46,98.5
루마니아,상용,2025-06,6,0.9276,12.28,87.7
루마니아,상용,2025-07,5,0.9276,12.28,87.7
루마니아,상용,2025-08,6,0.9276,12.28,87.7
루마니아,상용,2025-09,9,0.9276,12.28,87.7
루마니아,상용,2025-10,13,0.9276,12.28,87.7
루마니아,상용,2025-11,6,0.9276,12.28,87.7
루마니아,상용,2025-12,7,0.9276,12.28,87.7
루마니아,상용,2026-01,10,0.9276,12.28,87.7
루마니아,상용,2026-02,13,0.9276,12.28,87.7
루마니아,상용,2026-03,9,0.9276,12.28,87.7
루마니아,상용,2026-04,10,0.9276,12.28,87.7
루마니아,상용,2026-05,14,0.9276,12.28,87.7
루마니아,상용,2026-06,6,0.9276,12.28,87.7
루마니아,상용,2026-07,4,0.9276,12.28,87.7
루마니아,상용,2026-08,7,0.9276,12.28,87.7
루마니아,상용,2026-09,9,0.9276,12.28,87.7
루마니아,상용,2026-10,11,0.9276,12.28,87.7
루마니아,상용,2026-11,8,0.9276,12.28,87.7
루마니아,상용,2026-12,6,0.9276,12.28,87.7
루마니아,유학연수,2025-06,4,0.9792,4.52,95.5
루마니아,유학연수,2025-07,9,0.9792,4.52,95.5
루마니아,유학연수,2025-08,46,0.9792,4.52,95.5
루마니아,유학연수,2025-09,8,0.9792,4.52,95.5
루마니아,유학연수,2025-10,5,0.9792,4.52,95.5
루마니아,유학연수,2025-11,5,0.9792,4.52,95.5
루마니아,유학연수,2025-12,3,0.9792,4.52,95.5
루마니아,유학연수,2026-01,11,0.9792,4.52,95.5
루마니아,유학연수,2026-02,30,0.9792,4.52,95.5
루마니아,유학연수,2026-03,2,0.9792,4.52,95.5
루마니아,유학연수,2026-04,2,0.9792,4.52,95.5
루마니아,유학연수,2026-05,5,0.9792,4.52,95.5
루마니아,유학연수,2026-06,4,0.9792,4.52,95.5
루마니아,유학연수,2026-07,10,0.9792,4.52,95.5
루마니아,유학연수,2026-08,46,0.9792,4.52,95.5
루마니아,유학연수,2026-09,9,0.9792,4.52,95.5
루마니아,유학연수,2026-10,5,0.9792,4.52,95.5
루마니아,유학연수,2026-11,5,0.9792,4.52,95.5
루마니아,유학연수,2026-12,3,0.9792,4.52,95.5
말레이시아,공용,2025-06,9,0.8993,15.8,84.2
말레이시아,공용,2025-07,15,0.8993,15.8,84.2
말레이시아,공용,2025-08,13,0.8993,15.8,84.2
말레이시아,공용,2025-09,21,0.8993,15.8,84.2
말레이시아,공용,2025-10,15,0.8993,15.8,84.2
말레이시아,공용,2025-11,26,0.8993,15.8,84.2
말레이시아,공용,2025-12,24,0.8993,15.8,84.2
말레이시아,공용,2026-01,12,0.8993,15.8,84.2
말레이시아,공용,2026-02,10,0.8993,15.8,84.2
말레이시아,공용,2026-03,3,0.8993,15.8,84.2
말레이시아,공용,2026-04,10,0.8993,15.8,84.2
말레이시아,공용,2026-05,12,0.8993,15.8,84.2
말레이시아,공용,2026-06,9,0.8993,15.8,84.2
말레이시아,공용,2026-07,14,0.8993,15.8,84.2
말레이시아,공용,2026-08,12,0.8993,15.8,84.2
말레이시아,공용,2026-09,21,0.8993,15.8,84.2
말레이시아,공용,2026-10,14,0.8993,15.8,84.2
말레이시아,공용,2026-11,26,0.8993,15.8,84.2
말레이시아,공용,2026-12,25,0.8993,15.8,84.2
말레이시아,관광,2025-06,13601,0.9961,1.51,98.5
말레이시아,관광,2025-07,9438,0.9961,1.51,98.5
말레이시아,관광,2025-08,9841,0.9961,1.51,98.5
말레이시아,관광,2025-09,26671,0.9961,1.51,98.5
말레이시아,관광,2025-10,33723,0.9961,1.51,98.5
말레이시아,관광,2025-11,27959,0.9961,1.51,98.5
말레이시아,관광,2025-12,29788,0.9961,1.51,98.5
말레이시아,관광,2026-01,14471,0.9961,1.51,98.5
말레이시아,관광,2026-02,26782,0.9961,1.51,98.5
말레이시아,관광,2026-03,23182,0.9961,1.51,98.5
말레이시아,관광,2026-04,29439,0.9961,1.51,98.5
말레이시아,관광,2026-05,24434,0.9961,1.51,98.5
말레이시아,관광,2026-06,13520,0.9961,1.51,98.5
말레이시아,관광,2026-07,9490,0.9961,1.51,98.5
말레이시아,관광,2026-08,9640,0.9961,1.51,98.5
말레이시아,관광,2026-09,26617,0.9961,1.51,98.5
말레이시아,관광,2026-10,33965,0.9961,1.51,98.5
말레이시아,관광,2026-11,27767,0.9961,1.51,98.5
말레이시아,관광,2026-12,29848,0.9961,1.51,98.5
말레이시아,상용,2025-06,133,0.9761,7.32,92.7
말레이시아,상용,2025-07,91,0.9761,7.32,92.7
말레이시아,상용,2025-08,96,0.9761,7.32,92.7
말레이시아,상용,2025-09,123,0.9761,7.32,92.7
말레이시아,상용,2025-10,111,0.9761,7.32,92.7
말레이시아,상용,2025-11,101,0.9761,7.32,92.7
말레이시아,상용,2025-12,98,0.9761,7.32,92.7
말레이시아,상용,2026-01,85,0.9761,7.32,92.7
말레이시아,상용,2026-02,85,0.9761,7.32,92.7
말레이시아,상용,2026-03,83,0.9761,7.32,92.7
말레이시아,상용,2026-04,114,0.9761,7.32,92.7
말레이시아,상용,2026-05,110,0.9761,7.32,92.7
말레이시아,상용,2026-06,119,0.9761,7.32,92.7
말레이시아,상용,2026-07,94,0.9761,7.32,92.7
말레이시아,상용,2026-08,96,0.9761,7.32,92.7
말레이시아,상용,2026-09,129,0.9761,7.32,92.7
말레이시아,상용,2026-10,107,0.9761,7.32,92.7
말레이시아,상용,2026-11,112,0.9761,7.32,92.7
말레이시아,상용,2026-12,95,0.9761,7.32,92.7
말레이시아,유학연수,2025-06,78,0.9974,2.43,97.6
말레이시아,유학연수,2025-07,127,0.9974,2.43,97.6
말레이시아,유학연수,2025-08,738,0.9974,2.43,97.6
말레이시아,유학연수,2025-09,227,0.9974,2.43,97.6
말레이시아,유학연수,2025-10,43,0.9974,2.43,97.6
말레이시아,유학연수,2025-11,87,0.9974,2.43,97.6
말레이시아,유학연수,2025-12,98,0.9974,2.43,97.6
말레이시아,유학연수,2026-01,151,0.9974,2.43,97.6
말레이시아,유학연수,2026-02,552,0.9974,2.43,97.6
말레이시아,유학연수,2026-03,176,0.9974,2.43,97.6
말레이시아,유학연수,2026-04,36,0.9974,2.43,97.6
말레이시아,유학연수,2026-05,58,0.9974,2.43,97.6
말레이시아,유학연수,2026-06,78,0.9974,2.43,97.6
말레이시아,유학연수,2026-07,127,0.9974,2.43,97.6
말레이시아,유학연수,2026-08,738,0.9974,2.43,97.6
말레이시아,유학연수,2026-09,227,0.9974,2.43,97.6
말레이시아,유학연수,2026-10,43,0.9974,2.43,97.6
말레이시아,유학연수,2026-11,88,0.9974,2.43,97.6
말레이시아,유학연수,2026-12,97,0.9974,2.43,97.6
멕시코,공용,2025-06,8,0.8982,19.91,80.1
멕시코,공용,2025-07,3,0.8982,19.91,80.1
멕시코,공용,2025-08,3,0.8982,19.91,80.1
멕시코,공용,2025-09,9,0.8982,19.91,80.1
멕시코,공용,2025-10,8,0.8982,19.91,80.1
멕시코,공용,2025-11,10,0.8982,19.91,80.1
멕시코,공용,2025-12,7,0.8982,19.91,80.1
멕시코,공용,2026-01,4,0.8982,19.91,80.1
멕시코,공용,2026-02,0,0.8982,19.91,80.1
멕시코,공용,2026-03,10,0.8982,19.91,80.1
멕시코,공용,2026-04,13,0.8982,19.91,80.1
멕시코,공용,2026-05,11,0.8982,19.91,80.1
멕시코,공용,2026-06,7,0.8982,19.91,80.1
멕시코,공용,2026-07,3,0.8982,19.91,80.1
멕시코,공용,2026-08,3,0.8982,19.91,80.1
멕시코,공용,2026-09,9,0.8982,19.91,80.1
멕시코,공용,2026-10,7,0.8982,19.91,80.1
멕시코,공용,2026-11,11,0.8982,19.91,80.1
멕시코,공용,2026-12,7,0.8982,19.91,80.1
멕시코,관광,2025-06,2206,0.8074,2.6,97.4
멕시코,관광,2025-07,3655,0.8074,2.6,97.4
멕시코,관광,2025-08,7039,0.8074,2.6,97.4
멕시코,관광,2025-09,7454,0.8074,2.6,97.4
멕시코,관광,2025-10,9579,0.8074,2.6,97.4
멕시코,관광,2025-11,7106,0.8074,2.6,97.4
멕시코,관광,2025-12,2287,0.8074,2.6,97.4
멕시코,관광,2026-01,954,0.8074,2.6,97.4
멕시코,관광,2026-02,936,0.8074,2.6,97.4
멕시코,관광,2026-03,2747,0.8074,2.6,97.4
멕시코,관광,2026-04,2582,0.8074,2.6,97.4
멕시코,관광,2026-05,2068,0.8074,2.6,97.4
멕시코,관광,2026-06,2190,0.8074,2.6,97.4
멕시코,관광,2026-07,3658,0.8074,2.6,97.4
멕시코,관광,2026-08,7161,0.8074,2.6,97.4
멕시코,관광,2026-09,7433,0.8074,2.6,97.4
멕시코,관광,2026-10,9503,0.8074,2.6,97.4
멕시코,관광,2026-11,7241,0.8074,2.6,97.4
멕시코,관광,2026-12,2271,0.8074,2.6,97.4
멕시코,상용,2025-06,4,0.9369,16.13,83.9
멕시코,상용,2025-07,4,0.9369,16.13,83.9
멕시코,상용,2025-08,5,0.9369,16.13,83.9
멕시코,상용,2025-09,7,0.9369,16.13,83.9
멕시코,상용,2025-10,4,0.9369,16.13,83.9
멕시코,상용,2025-11,3,0.9369,16.13,83.9
멕시코,상용,2025-12,1,0.9369,16.13,83.9
멕시코,상용,2026-01,5,0.9369,16.13,83.9
멕시코,상용,2026-02,1,0.9369,16.13,83.9
멕시코,상용,2026-03,6,0.9369,16.13,83.9
멕시코,상용,2026-04,5,0.9369,16.13,83.9
멕시코,상용,2026-05,4,0.9369,16.13,83.9
멕시코,상용,2026-06,5,0.9369,16.13,83.9
멕시코,상용,2026-07,4,0.9369,16.13,83.9
멕시코,상용,2026-08,5,0.9369,16.13,83.9
멕시코,상용,2026-09,7,0.9369,16.13,83.9
멕시코,상용,2026-10,4,0.9369,16.13,83.9
멕시코,상용,2026-11,3,0.9369,16.13,83.9
멕시코,상용,2026-12,1,0.9369,16.13,83.9
멕시코,유학연수,2025-06,65,0.9968,3.3,96.7
멕시코,유학연수,2025-07,45,0.9968,3.3,96.7
멕시코,유학연수,2025-08,295,0.9968,3.3,96.7
멕시코,유학연수,2025-09,47,0.9968,3.3,96.7
멕시코,유학연수,2025-10,13,0.9968,3.3,96.7
멕시코,유학연수,2025-11,40,0.9968,3.3,96.7
멕시코,유학연수,2025-12,55,0.9968,3.3,96.7
멕시코,유학연수,2026-01,69,0.9968,3.3,96.7
멕시코,유학연수,2026-02,200,0.9968,3.3,96.7
멕시코,유학연수,2026-03,23,0.9968,3.3,96.7
멕시코,유학연수,2026-04,13,0.9968,3.3,96.7
멕시코,유학연수,2026-05,46,0.9968,3.3,96.7
멕시코,유학연수,2026-06,64,0.9968,3.3,96.7
멕시코,유학연수,2026-07,45,0.9968,3.3,96.7
멕시코,유학연수,2026-08,296,0.9968,3.3,96.7
멕시코,유학연수,2026-09,46,0.9968,3.3,96.7
멕시코,유학연수,2026-10,13,0.9968,3.3,96.7
멕시코,유학연수,2026-11,40,0.9968,3.3,96.7
멕시코,유학연수,2026-12,55,0.9968,3.3,96.7
몽골,공용,2025-06,189,0.9925,8.63,91.4
몽골,공용,2025-07,175,0.9925,8.63,91.4
몽골,공용,2025-08,177,0.9925,8.63,91.4
몽골,공용,2025-09,278,0.9925,8.63,91.4
몽골,공용,2025-10,310,0.9925,8.63,91.4
몽골,공용,2025-11,339,0.9925,8.63,91.4
몽골,공용,2025-12,287,0.9925,8.63,91.4
몽골,공용,2026-01,225,0.9925,8.63,91.4
몽골,공용,2026-02,162,0.9925,8.63,91.4
몽골,공용,2026-03,289,0.9925,8.63,91.4
몽골,공용,2026-04,272,0.9925,8.63,91.4
몽골,공용,2026-05,254,0.9925,8.63,91.4
몽골,공용,2026-06,194,0.9925,8.63,91.4
몽골,공용,2026-07,179,0.9925,8.63,91.4
몽골,공용,2026-08,177,0.9925,8.63,91.4
몽골,공용,2026-09,263,0.9925,8.63,91.4
몽골,공용,2026-10,304,0.9925,8.63,91.4
몽골,공용,2026-11,332,0.9925,8.63,91.4
몽골,공용,2026-12,283,0.9925,8.63,91.4
몽골,관광,2025-06,10583,0.9874,1.41,98.6
몽골,관광,2025-07,9243,0.9874,1.41,98.6
몽골,관광,2025-08,7102,0.9874,1.41,98.6
몽골,관광,2025-09,9674,0.9874,1.41,98.6
몽골,관광,2025-10,11065,0.9874,1.41,98.6
몽골,관광,2025-11,9250,0.9874,1.41,98.6
몽골,관광,2025-12,8755,0.9874,1.41,98.6
몽골,관광,2026-01,10320,0.9874,1.41,98.6
몽골,관광,2026-02,6533,0.9874,1.41,98.6
몽골,관광,2026-03,8186,0.9874,1.41,98.6
몽골,관광,2026-04,8167,0.9874,1.41,98.6
몽골,관광,2026-05,9018,0.9874,1.41,98.6
몽골,관광,2026-06,10587,0.9874,1.41,98.6
몽골,관광,2026-07,9248,0.9874,1.41,98.6
몽골,관광,2026-08,7084,0.9874,1.41,98.6
몽골,관광,2026-09,9698,0.9874,1.41,98.6
몽골,관광,2026-10,11077,0.9874,1.41,98.6
몽골,관광,2026-11,9237,0.9874,1.41,98.6
몽골,관광,2026-12,8726,0.9874,1.41,98.6
몽골,상용,2025-06,80,0.9947,5.0,95.0
몽골,상용,2025-07,66,0.9947,5.0,95.0
몽골,상용,2025-08,101,0.9947,5.0,95.0
몽골,상용,2025-09,83,0.9947,5.0,95.0
몽골,상용,2025-10,68,0.9947,5.0,95.0
몽골,상용,2025-11,70,0.9947,5.0,95.0
몽골,상용,2025-12,46,0.9947,5.0,95.0
몽골,상용,2026-01,69,0.9947,5.0,95.0
몽골,상용,2026-02,70,0.9947,5.0,95.0
몽골,상용,2026-03,60,0.9947,5.0,95.0
몽골,상용,2026-04,50,0.9947,5.0,95.0
몽골,상용,2026-05,51,0.9947,5.0,95.0
몽골,상용,2026-06,78,0.9947,5.0,95.0
몽골,상용,2026-07,67,0.9947,5.0,95.0
몽골,상용,2026-08,103,0.9947,5.0,95.0
몽골,상용,2026-09,83,0.9947,5.0,95.0
몽골,상용,2026-10,67,0.9947,5.0,95.0
몽골,상용,2026-11,69,0.9947,5.0,95.0
몽골,상용,2026-12,46,0.9947,5.0,95.0
몽골,유학연수,2025-06,1100,0.9564,1.58,98.4
몽골,유학연수,2025-07,1666,0.9564,1.58,98.4
몽골,유학연수,2025-08,3853,0.9564,1.58,98.4
몽골,유학연수,2025-09,3021,0.9564,1.58,98.4
몽골,유학연수,2025-10,374,0.9564,1.58,98.4
몽골,유학연수,2025-11,906,0.9564,1.58,98.4
몽골,유학연수,2025-12,1167,0.9564,1.58,98.4
몽골,유학연수,2026-01,1036,0.9564,1.58,98.4
몽골,유학연수,2026-02,2152,0.9564,1.58,98.4
몽골,유학연수,2026-03,1371,0.9564,1.58,98.4
몽골,유학연수,2026-04,324,0.9564,1.58,98.4
몽골,유학연수,2026-05,737,0.9564,1.58,98.4
몽골,유학연수,2026-06,1099,0.9564,1.58,98.4
몽골,유학연수,2026-07,1665,0.9564,1.58,98.4
몽골,유학연수,2026-08,3856,0.9564,1.58,98.4
몽골,유학연수,2026-09,3022,0.9564,1.58,98.4
몽골,유학연수,2026-10,374,0.9564,1.58,98.4
몽골,유학연수,2026-11,907,0.9564,1.58,98.4
몽골,유학연수,2026-12,1166,0.9564,1.58,98.4
미국,공용,2025-06,3541,0.9455,2.89,97.1
미국,공용,2025-07,4092,0.9455,2.89,97.1
미국,공용,2025-08,3459,0.9455,2.89,97.1
미국,공용,2025-09,2938,0.9455,2.89,97.1
미국,공용,2025-10,3069,0.9455,2.89,97.1
미국,공용,2025-11,2892,0.9455,2.89,97.1
미국,공용,2025-12,3312,0.9455,2.89,97.1
미국,공용,2026-01,2782,0.9455,2.89,97.1
미국,공용,2026-02,2416,0.9455,2.89,97.1
미국,공용,2026-03,4117,0.9455,2.89,97.1
미국,공용,2026-04,2653,0.9455,2.89,97.1
미국,공용,2026-05,3325,0.9455,2.89,97.1
미국,공용,2026-06,3647,0.9455,2.89,97.1
미국,공용,2026-07,4105,0.9455,2.89,97.1
미국,공용,2026-08,3479,0.9455,2.89,97.1
미국,공용,2026-09,2910,0.9455,2.89,97.1
미국,공용,2026-10,3001,0.9455,2.89,97.1
미국,공용,2026-11,2941,0.9455,2.89,97.1
미국,공용,2026-12,3307,0.9455,2.89,97.1
미국,관광,2025-06,129190,0.9913,1.27,98.7
미국,관광,2025-07,98696,0.9913,1.27,98.7
미국,관광,2025-08,75834,0.9913,1.27,98.7
미국,관광,2025-09,86407,0.9913,1.27,98.7
미국,관광,2025-10,117892,0.9913,1.27,98.7
미국,관광,2025-11,86682,0.9913,1.27,98.7
미국,관광,2025-12,71079,0.9913,1.27,98.7
미국,관광,2026-01,41623,0.9913,1.27,98.7
미국,관광,2026-02,42173,0.9913,1.27,98.7
미국,관광,2026-03,96630,0.9913,1.27,98.7
미국,관광,2026-04,102788,0.9913,1.27,98.7
미국,관광,2026-05,99742,0.9913,1.27,98.7
미국,관광,2026-06,128246,0.9913,1.27,98.7
미국,관광,2026-07,98856,0.9913,1.27,98.7
미국,관광,2026-08,76254,0.9913,1.27,98.7
미국,관광,2026-09,85657,0.9913,1.27,98.7
미국,관광,2026-10,117922,0.9913,1.27,98.7
미국,관광,2026-11,86984,0.9913,1.27,98.7
미국,관광,2026-12,70615,0.9913,1.27,98.7
미국,상용,2025-06,259,0.9981,3.07,96.9
미국,상용,2025-07,241,0.9981,3.07,96.9
미국,상용,2025-08,280,0.9981,3.07,96.9
미국,상용,2025-09,278,0.9981,3.07,96.9
미국,상용,2025-10,237,0.9981,3.07,96.9
미국,상용,2025-11,227,0.9981,3.07,96.9
미국,상용,2025-12,234,0.9981,3.07,96.9
미국,상용,2026-01,352,0.9981,3.07,96.9
미국,상용,2026-02,222,0.9981,3.07,96.9
미국,상용,2026-03,283,0.9981,3.07,96.9
미국,상용,2026-04,262,0.9981,3.07,96.9
미국,상용,2026-05,273,0.9981,3.07,96.9
미국,상용,2026-06,258,0.9981,3.07,96.9
미국,상용,2026-07,243,0.9981,3.07,96.9
미국,상용,2026-08,289,0.9981,3.07,96.9
미국,상용,2026-09,273,0.9981,3.07,96.9
미국,상용,2026-10,233,0.9981,3.07,96.9
미국,상용,2026-11,238,0.9981,3.07,96.9
미국,상용,2026-12,232,0.9981,3.07,96.9
미국,유학연수,2025-06,437,0.9969,1.56,98.4
미국,유학연수,2025-07,261,0.9969,1.56,98.4
미국,유학연수,2025-08,2054,0.9969,1.56,98.4
미국,유학연수,2025-09,195,0.9969,1.56,98.4
미국,유학연수,2025-10,167,0.9969,1.56,98.4
미국,유학연수,2025-11,737,0.9969,1.56,98.4
미국,유학연수,2025-12,736,0.9969,1.56,98.4
미국,유학연수,2026-01,239,0.9969,1.56,98.4
미국,유학연수,2026-02,1506,0.9969,1.56,98.4
미국,유학연수,2026-03,189,0.9969,1.56,98.4
미국,유학연수,2026-04,157,0.9969,1.56,98.4
미국,유학연수,2026-05,557,0.9969,1.56,98.4
미국,유학연수,2026-06,437,0.9969,1.56,98.4
미국,유학연수,2026-07,261,0.9969,1.56,98.4
미국,유학연수,2026-08,2054,0.9969,1.56,98.4
미국,유학연수,2026-09,194,0.9969,1.56,98.4
미국,유학연수,2026-10,167,0.9969,1.56,98.4
미국,유학연수,2026-11,737,0.9969,1.56,98.4
미국,유학연수,2026-12,736,0.9969,1.56,98.4
미상,공용,2025-06,0,0.9928,10.06,89.9
미상,공용,2025-07,0,0.9928,10.06,89.9
미상,공용,2025-08,0,0.9928,10.06,89.9
미상,공용,2025-09,0,0.9928,10.06,89.9
미상,공용,2025-10,0,0.9928,10.06,89.9
미상,공용,2025-11,0,0.9928,10.06,89.9
미상,공용,2025-12,0,0.9928,10.06,89.9
미상,공용,2026-01,0,0.9928,10.06,89.9
미상,공용,2026-02,0,0.9928,10.06,89.9
미상,공용,2026-03,0,0.9928,10.06,89.9
미상,공용,2026-04,0,0.9928,10.06,89.9
미상,공용,2026-05,0,0.9928,10.06,89.9
미상,공용,2026-06,0,0.9928,10.06,89.9
미상,공용,2026-07,0,0.9928,10.06,89.9
미상,공용,2026-08,0,0.9928,10.06,89.9
미상,공용,2026-09,0,0.9928,10.06,89.9
미상,공용,2026-10,0,0.9928,10.06,89.9
미상,공용,2026-11,0,0.9928,10.06,89.9
미상,공용,2026-12,0,0.9928,10.06,89.9
미상,관광,2025-06,9,0.9933,2.61,97.4
미상,관광,2025-07,7,0.9933,2.61,97.4
미상,관광,2025-08,7,0.9933,2.61,97.4
미상,관광,2025-09,21,0.9933,2.61,97.4
미상,관광,2025-10,15,0.9933,2.61,97.4
미상,관광,2025-11,14,0.9933,2.61,97.4
미상,관광,2025-12,15,0.9933,2.61,97.4
미상,관광,2026-01,16,0.9933,2.61,97.4
미상,관광,2026-02,5,0.9933,2.61,97.4
미상,관광,2026-03,8,0.9933,2.61,97.4
미상,관광,2026-04,8,0.9933,2.61,97.4
미상,관광,2026-05,18,0.9933,2.61,97.4
미상,관광,2026-06,9,0.9933,2.61,97.4
미상,관광,2026-07,6,0.9933,2.61,97.4
미상,관광,2026-08,8,0.9933,2.61,97.4
미상,관광,2026-09,21,0.9933,2.61,97.4
미상,관광,2026-10,15,0.9933,2.61,97.4
미상,관광,2026-11,15,0.9933,2.61,97.4
미상,관광,2026-12,15,0.9933,2.61,97.4
미상,상용,2025-06,0,0.9309,22.37,77.6
미상,상용,2025-07,0,0.9309,22.37,77.6
미상,상용,2025-08,0,0.9309,22.37,77.6
미상,상용,2025-09,0,0.9309,22.37,77.6
미상,상용,2025-10,0,0.9309,22.37,77.6
미상,상용,2025-11,0,0.9309,22.37,77.6
미상,상용,2025-12,1,0.9309,22.37,77.6
미상,상용,2026-01,0,0.9309,22.37,77.6
미상,상용,2026-02,0,0.9309,22.37,77.6
미상,상용,2026-03,0,0.9309,22.37,77.6
미상,상용,2026-04,0,0.9309,22.37,77.6
미상,상용,2026-05,0,0.9309,22.37,77.6
미상,상용,2026-06,0,0.9309,22.37,77.6
미상,상용,2026-07,0,0.9309,22.37,77.6
미상,상용,2026-08,0,0.9309,22.37,77.6
미상,상용,2026-09,1,0.9309,22.37,77.6
미상,상용,2026-10,0,0.9309,22.37,77.6
미상,상용,2026-11,0,0.9309,22.37,77.6
미상,상용,2026-12,1,0.9309,22.37,77.6
미상,유학연수,2025-06,0,0.9889,6.22,93.8
미상,유학연수,2025-07,0,0.9889,6.22,93.8
미상,유학연수,2025-08,1,0.9889,6.22,93.8
미상,유학연수,2025-09,2,0.9889,6.22,93.8
미상,유학연수,2025-10,0,0.9889,6.22,93.8
미상,유학연수,2025-11,0,0.9889,6.22,93.8
미상,유학연수,2025-12,0,0.9889,6.22,93.8
미상,유학연수,2026-01,1,0.9889,6.22,93.8
미상,유학연수,2026-02,2,0.9889,6.22,93.8
미상,유학연수,2026-03,0,0.9889,6.22,93.8
미상,유학연수,2026-04,0,0.9889,6.22,93.8
미상,유학연수,2026-05,0,0.9889,6.22,93.8
미상,유학연수,2026-06,0,0.9889,6.22,93.8
미상,유학연수,2026-07,0,0.9889,6.22,93.8
미상,유학연수,2026-08,0,0.9889,6.22,93.8
미상,유학연수,2026-09,2,0.9889,6.22,93.8
미상,유학연수,2026-10,0,0.9889,6.22,93.8
미상,유학연수,2026-11,0,0.9889,6.22,93.8
미상,유학연수,2026-12,0,0.9889,6.22,93.8
미얀마,공용,2025-06,27,0.9675,14.74,85.3
미얀마,공용,2025-07,17,0.9675,14.74,85.3
미얀마,공용,2025-08,30,0.9675,14.74,85.3
미얀마,공용,2025-09,29,0.9675,14.74,85.3
미얀마,공용,2025-10,37,0.9675,14.74,85.3
미얀마,공용,2025-11,17,0.9675,14.74,85.3
미얀마,공용,2025-12,8,0.9675,14.74,85.3
미얀마,공용,2026-01,1,0.9675,14.74,85.3
미얀마,공용,2026-02,12,0.9675,14.74,85.3
미얀마,공용,2026-03,13,0.9675,14.74,85.3
미얀마,공용,2026-04,15,0.9675,14.74,85.3
미얀마,공용,2026-05,34,0.9675,14.74,85.3
미얀마,공용,2026-06,22,0.9675,14.74,85.3
미얀마,공용,2026-07,17,0.9675,14.74,85.3
미얀마,공용,2026-08,31,0.9675,14.74,85.3
미얀마,공용,2026-09,28,0.9675,14.74,85.3
미얀마,공용,2026-10,31,0.9675,14.74,85.3
미얀마,공용,2026-11,19,0.9675,14.74,85.3
미얀마,공용,2026-12,8,0.9675,14.74,85.3
미얀마,관광,2025-06,886,0.9748,1.88,98.1
미얀마,관광,2025-07,878,0.9748,1.88,98.1
미얀마,관광,2025-08,856,0.9748,1.88,98.1
미얀마,관광,2025-09,1277,0.9748,1.88,98.1
미얀마,관광,2025-10,1753,0.9748,1.88,98.1
미얀마,관광,2025-11,1593,0.9748,1.88,98.1
미얀마,관광,2025-12,1244,0.9748,1.88,98.1
미얀마,관광,2026-01,742,0.9748,1.88,98.1
미얀마,관광,2026-02,783,0.9748,1.88,98.1
미얀마,관광,2026-03,987,0.9748,1.88,98.1
미얀마,관광,2026-04,1301,0.9748,1.88,98.1
미얀마,관광,2026-05,1045,0.9748,1.88,98.1
미얀마,관광,2026-06,888,0.9748,1.88,98.1
미얀마,관광,2026-07,879,0.9748,1.88,98.1
미얀마,관광,2026-08,864,0.9748,1.88,98.1
미얀마,관광,2026-09,1272,0.9748,1.88,98.1
미얀마,관광,2026-10,1731,0.9748,1.88,98.1
미얀마,관광,2026-11,1617,0.9748,1.88,98.1
미얀마,관광,2026-12,1245,0.9748,1.88,98.1
미얀마,상용,2025-06,25,0.9303,10.48,89.5
미얀마,상용,2025-07,26,0.9303,10.48,89.5
미얀마,상용,2025-08,27,0.9303,10.48,89.5
미얀마,상용,2025-09,20,0.9303,10.48,89.5
미얀마,상용,2025-10,38,0.9303,10.48,89.5
미얀마,상용,2025-11,24,0.9303,10.48,89.5
미얀마,상용,2025-12,16,0.9303,10.48,89.5
미얀마,상용,2026-01,17,0.9303,10.48,89.5
미얀마,상용,2026-02,22,0.9303,10.48,89.5
미얀마,상용,2026-03,32,0.9303,10.48,89.5
미얀마,상용,2026-04,27,0.9303,10.48,89.5
미얀마,상용,2026-05,18,0.9303,10.48,89.5
미얀마,상용,2026-06,23,0.9303,10.48,89.5
미얀마,상용,2026-07,26,0.9303,10.48,89.5
미얀마,상용,2026-08,27,0.9303,10.48,89.5
미얀마,상용,2026-09,21,0.9303,10.48,89.5
미얀마,상용,2026-10,34,0.9303,10.48,89.5
미얀마,상용,2026-11,26,0.9303,10.48,89.5
미얀마,상용,2026-12,15,0.9303,10.48,89.5
미얀마,유학연수,2025-06,423,0.9072,3.15,96.9
미얀마,유학연수,2025-07,214,0.9072,3.15,96.9
미얀마,유학연수,2025-08,703,0.9072,3.15,96.9
미얀마,유학연수,2025-09,727,0.9072,3.15,96.9
미얀마,유학연수,2025-10,41,0.9072,3.15,96.9
미얀마,유학연수,2025-11,89,0.9072,3.15,96.9
미얀마,유학연수,2025-12,131,0.9072,3.15,96.9
미얀마,유학연수,2026-01,154,0.9072,3.15,96.9
미얀마,유학연수,2026-02,590,0.9072,3.15,96.9
미얀마,유학연수,2026-03,551,0.9072,3.15,96.9
미얀마,유학연수,2026-04,70,0.9072,3.15,96.9
미얀마,유학연수,2026-05,463,0.9072,3.15,96.9
미얀마,유학연수,2026-06,423,0.9072,3.15,96.9
미얀마,유학연수,2026-07,214,0.9072,3.15,96.9
미얀마,유학연수,2026-08,703,0.9072,3.15,96.9
미얀마,유학연수,2026-09,727,0.9072,3.15,96.9
미얀마,유학연수,2026-10,40,0.9072,3.15,96.9
미얀마,유학연수,2026-11,90,0.9072,3.15,96.9
미얀마,유학연수,2026-12,131,0.9072,3.15,96.9
방글라데시,공용,2025-06,56,0.9572,11.49,88.5
방글라데시,공용,2025-07,39,0.9572,11.49,88.5
방글라데시,공용,2025-08,55,0.9572,11.49,88.5
방글라데시,공용,2025-09,68,0.9572,11.49,88.5
방글라데시,공용,2025-10,41,0.9572,11.49,88.5
방글라데시,공용,2025-11,41,0.9572,11.49,88.5
방글라데시,공용,2025-12,33,0.9572,11.49,88.5
방글라데시,공용,2026-01,18,0.9572,11.49,88.5
방글라데시,공용,2026-02,25,0.9572,11.49,88.5
방글라데시,공용,2026-03,18,0.9572,11.49,88.5
방글라데시,공용,2026-04,51,0.9572,11.49,88.5
방글라데시,공용,2026-05,69,0.9572,11.49,88.5
방글라데시,공용,2026-06,53,0.9572,11.49,88.5
방글라데시,공용,2026-07,42,0.9572,11.49,88.5
방글라데시,공용,2026-08,57,0.9572,11.49,88.5
방글라데시,공용,2026-09,68,0.9572,11.49,88.5
방글라데시,공용,2026-10,34,0.9572,11.49,88.5
방글라데시,공용,2026-11,43,0.9572,11.49,88.5
방글라데시,공용,2026-12,32,0.9572,11.49,88.5
방글라데시,관광,2025-06,250,0.9645,1.82,98.2
방글라데시,관광,2025-07,197,0.9645,1.82,98.2
방글라데시,관광,2025-08,228,0.9645,1.82,98.2
방글라데시,관광,2025-09,327,0.9645,1.82,98.2
방글라데시,관광,2025-10,356,0.9645,1.82,98.2
방글라데시,관광,2025-11,352,0.9645,1.82,98.2
방글라데시,관광,2025-12,321,0.9645,1.82,98.2
방글라데시,관광,2026-01,185,0.9645,1.82,98.2
방글라데시,관광,2026-02,138,0.9645,1.82,98.2
방글라데시,관광,2026-03,113,0.9645,1.82,98.2
방글라데시,관광,2026-04,248,0.9645,1.82,98.2
방글라데시,관광,2026-05,286,0.9645,1.82,98.2
방글라데시,관광,2026-06,246,0.9645,1.82,98.2
방글라데시,관광,2026-07,197,0.9645,1.82,98.2
방글라데시,관광,2026-08,233,0.9645,1.82,98.2
방글라데시,관광,2026-09,325,0.9645,1.82,98.2
방글라데시,관광,2026-10,353,0.9645,1.82,98.2
방글라데시,관광,2026-11,355,0.9645,1.82,98.2
방글라데시,관광,2026-12,322,0.9645,1.82,98.2
방글라데시,상용,2025-06,81,0.9689,6.93,93.1
방글라데시,상용,2025-07,66,0.9689,6.93,93.1
방글라데시,상용,2025-08,83,0.9689,6.93,93.1
방글라데시,상용,2025-09,81,0.9689,6.93,93.1
방글라데시,상용,2025-10,111,0.9689,6.93,93.1
방글라데시,상용,2025-11,108,0.9689,6.93,93.1
방글라데시,상용,2025-12,57,0.9689,6.93,93.1
방글라데시,상용,2026-01,69,0.9689,6.93,93.1
방글라데시,상용,2026-02,58,0.9689,6.93,93.1
방글라데시,상용,2026-03,52,0.9689,6.93,93.1
방글라데시,상용,2026-04,93,0.9689,6.93,93.1
방글라데시,상용,2026-05,99,0.9689,6.93,93.1
방글라데시,상용,2026-06,83,0.9689,6.93,93.1
방글라데시,상용,2026-07,72,0.9689,6.93,93.1
방글라데시,상용,2026-08,77,0.9689,6.93,93.1
방글라데시,상용,2026-09,81,0.9689,6.93,93.1
방글라데시,상용,2026-10,115,0.9689,6.93,93.1
방글라데시,상용,2026-11,104,0.9689,6.93,93.1
방글라데시,상용,2026-12,57,0.9689,6.93,93.1
방글라데시,유학연수,2025-06,59,0.9942,2.49,97.5
방글라데시,유학연수,2025-07,143,0.9942,2.49,97.5
방글라데시,유학연수,2025-08,564,0.9942,2.49,97.5
방글라데시,유학연수,2025-09,463,0.9942,2.49,97.5
방글라데시,유학연수,2025-10,46,0.9942,2.49,97.5
방글라데시,유학연수,2025-11,77,0.9942,2.49,97.5
방글라데시,유학연수,2025-12,87,0.9942,2.49,97.5
방글라데시,유학연수,2026-01,175,0.9942,2.49,97.5
방글라데시,유학연수,2026-02,524,0.9942,2.49,97.5
방글라데시,유학연수,2026-03,354,0.9942,2.49,97.5
방글라데시,유학연수,2026-04,39,0.9942,2.49,97.5
방글라데시,유학연수,2026-05,53,0.9942,2.49,97.5
방글라데시,유학연수,2026-06,58,0.9942,2.49,97.5
방글라데시,유학연수,2026-07,143,0.9942,2.49,97.5
방글라데시,유학연수,2026-08,565,0.9942,2.49,97.5
방글라데시,유학연수,2026-09,462,0.9942,2.49,97.5
방글라데시,유학연수,2026-10,46,0.9942,2.49,97.5
방글라데시,유학연수,2026-11,77,0.9942,2.49,97.5
방글라데시,유학연수,2026-12,87,0.9942,2.49,97.5
베네수엘라,공용,2025-06,1,0.9148,25.65,74.4
베네수엘라,공용,2025-07,0,0.9148,25.65,74.4
베네수엘라,공용,2025-08,3,0.9148,25.65,74.4
베네수엘라,공용,2025-09,0,0.9148,25.65,74.4
베네수엘라,공용,2025-10,0,0.9148,25.65,74.4
베네수엘라,공용,2025-11,2,0.9148,25.65,74.4
베네수엘라,공용,2025-12,1,0.9148,25.65,74.4
베네수엘라,공용,2026-01,1,0.9148,25.65,74.4
베네수엘라,공용,2026-02,0,0.9148,25.65,74.4
베네수엘라,공용,2026-03,0,0.9148,25.65,74.4
베네수엘라,공용,2026-04,3,0.9148,25.65,74.4
베네수엘라,공용,2026-05,1,0.9148,25.65,74.4
베네수엘라,공용,2026-06,0,0.9148,25.65,74.4
베네수엘라,공용,2026-07,0,0.9148,25.65,74.4
베네수엘라,공용,2026-08,3,0.9148,25.65,74.4
베네수엘라,공용,2026-09,0,0.9148,25.65,74.4
베네수엘라,공용,2026-10,0,0.9148,25.65,74.4
베네수엘라,공용,2026-11,2,0.9148,25.65,74.4
베네수엘라,공용,2026-12,1,0.9148,25.65,74.4
베네수엘라,관광,2025-06,98,0.9938,1.7,98.3
베네수엘라,관광,2025-07,92,0.9938,1.7,98.3
베네수엘라,관광,2025-08,96,0.9938,1.7,98.3
베네수엘라,관광,2025-09,167,0.9938,1.7,98.3
베네수엘라,관광,2025-10,174,0.9938,1.7,98.3
베네수엘라,관광,2025-11,103,0.9938,1.7,98.3
베네수엘라,관광,2025-12,72,0.9938,1.7,98.3
베네수엘라,관광,2026-01,63,0.9938,1.7,98.3
베네수엘라,관광,2026-02,72,0.9938,1.7,98.3
베네수엘라,관광,2026-03,127,0.9938,1.7,98.3
베네수엘라,관광,2026-04,145,0.9938,1.7,98.3
베네수엘라,관광,2026-05,129,0.9938,1.7,98.3
베네수엘라,관광,2026-06,99,0.9938,1.7,98.3
베네수엘라,관광,2026-07,93,0.9938,1.7,98.3
베네수엘라,관광,2026-08,95,0.9938,1.7,98.3
베네수엘라,관광,2026-09,167,0.9938,1.7,98.3
베네수엘라,관광,2026-10,172,0.9938,1.7,98.3
베네수엘라,관광,2026-11,103,0.9938,1.7,98.3
베네수엘라,관광,2026-12,71,0.9938,1.7,98.3
베네수엘라,상용,2025-06,1,0.9272,17.94,82.1
베네수엘라,상용,2025-07,0,0.9272,17.94,82.1
베네수엘라,상용,2025-08,5,0.9272,17.94,82.1
베네수엘라,상용,2025-09,3,0.9272,17.94,82.1
베네수엘라,상용,2025-10,2,0.9272,17.94,82.1
베네수엘라,상용,2025-11,0,0.9272,17.94,82.1
베네수엘라,상용,2025-12,0,0.9272,17.94,82.1
베네수엘라,상용,2026-01,3,0.9272,17.94,82.1
베네수엘라,상용,2026-02,3,0.9272,17.94,82.1
베네수엘라,상용,2026-03,1,0.9272,17.94,82.1
베네수엘라,상용,2026-04,2,0.9272,17.94,82.1
베네수엘라,상용,2026-05,1,0.9272,17.94,82.1
베네수엘라,상용,2026-06,1,0.9272,17.94,82.1
베네수엘라,상용,2026-07,0,0.9272,17.94,82.1
베네수엘라,상용,2026-08,5,0.9272,17.94,82.1
베네수엘라,상용,2026-09,4,0.9272,17.94,82.1
베네수엘라,상용,2026-10,1,0.9272,17.94,82.1
베네수엘라,상용,2026-11,0,0.9272,17.94,82.1
베네수엘라,상용,2026-12,0,0.9272,17.94,82.1
베네수엘라,유학연수,2025-06,1,0.9809,4.03,96.0
베네수엘라,유학연수,2025-07,2,0.9809,4.03,96.0
베네수엘라,유학연수,2025-08,10,0.9809,4.03,96.0
베네수엘라,유학연수,2025-09,2,0.9809,4.03,96.0
베네수엘라,유학연수,2025-10,0,0.9809,4.03,96.0
베네수엘라,유학연수,2025-11,3,0.9809,4.03,96.0
베네수엘라,유학연수,2025-12,1,0.9809,4.03,96.0
베네수엘라,유학연수,2026-01,3,0.9809,4.03,96.0
베네수엘라,유학연수,2026-02,5,0.9809,4.03,96.0
베네수엘라,유학연수,2026-03,0,0.9809,4.03,96.0
베네수엘라,유학연수,2026-04,0,0.9809,4.03,96.0
베네수엘라,유학연수,2026-05,1,0.9809,4.03,96.0
베네수엘라,유학연수,2026-06,2,0.9809,4.03,96.0
베네수엘라,유학연수,2026-07,3,0.9809,4.03,96.0
베네수엘라,유학연수,2026-08,10,0.9809,4.03,96.0
베네수엘라,유학연수,2026-09,2,0.9809,4.03,96.0
베네수엘라,유학연수,2026-10,1,0.9809,4.03,96.0
베네수엘라,유학연수,2026-11,2,0.9809,4.03,96.0
베네수엘라,유학연수,2026-12,1,0.9809,4.03,96.0
베트남,공용,2025-06,431,0.9829,10.5,89.5
베트남,공용,2025-07,274,0.9829,10.5,89.5
베트남,공용,2025-08,263,0.9829,10.5,89.5
베트남,공용,2025-09,350,0.9829,10.5,89.5
베트남,공용,2025-10,464,0.9829,10.5,89.5
베트남,공용,2025-11,404,0.9829,10.5,89.5
베트남,공용,2025-12,231,0.9829,10.5,89.5
베트남,공용,2026-01,39,0.9829,10.5,89.5
베트남,공용,2026-02,47,0.9829,10.5,89.5
베트남,공용,2026-03,167,0.9829,10.5,89.5
베트남,공용,2026-04,213,0.9829,10.5,89.5
베트남,공용,2026-05,214,0.9829,10.5,89.5
베트남,공용,2026-06,461,0.9829,10.5,89.5
베트남,공용,2026-07,278,0.9829,10.5,89.5
베트남,공용,2026-08,250,0.9829,10.5,89.5
베트남,공용,2026-09,379,0.9829,10.5,89.5
베트남,공용,2026-10,477,0.9829,10.5,89.5
베트남,공용,2026-11,387,0.9829,10.5,89.5
베트남,공용,2026-12,228,0.9829,10.5,89.5
베트남,관광,2025-06,29235,0.9974,1.43,98.6
베트남,관광,2025-07,27375,0.9974,1.43,98.6
베트남,관광,2025-08,24732,0.9974,1.43,98.6
베트남,관광,2025-09,22578,0.9974,1.43,98.6
베트남,관광,2025-10,33720,0.9974,1.43,98.6
베트남,관광,2025-11,24436,0.9974,1.43,98.6
베트남,관광,2025-12,15353,0.9974,1.43,98.6
베트남,관광,2026-01,10444,0.9974,1.43,98.6
베트남,관광,2026-02,14225,0.9974,1.43,98.6
베트남,관광,2026-03,23004,0.9974,1.43,98.6
베트남,관광,2026-04,34495,0.9974,1.43,98.6
베트남,관광,2026-05,21649,0.9974,1.43,98.6
베트남,관광,2026-06,28873,0.9974,1.43,98.6
베트남,관광,2026-07,27604,0.9974,1.43,98.6
베트남,관광,2026-08,24603,0.9974,1.43,98.6
베트남,관광,2026-09,22515,0.9974,1.43,98.6
베트남,관광,2026-10,33472,0.9974,1.43,98.6
베트남,관광,2026-11,24613,0.9974,1.43,98.6
베트남,관광,2026-12,15331,0.9974,1.43,98.6
베트남,상용,2025-06,368,0.9821,7.92,92.1
베트남,상용,2025-07,319,0.9821,7.92,92.1
베트남,상용,2025-08,303,0.9821,7.92,92.1
베트남,상용,2025-09,238,0.9821,7.92,92.1
베트남,상용,2025-10,441,0.9821,7.92,92.1
베트남,상용,2025-11,353,0.9821,7.92,92.1
베트남,상용,2025-12,274,0.9821,7.92,92.1
베트남,상용,2026-01,333,0.9821,7.92,92.1
베트남,상용,2026-02,256,0.9821,7.92,92.1
베트남,상용,2026-03,418,0.9821,7.92,92.1
베트남,상용,2026-04,345,0.9821,7.92,92.1
베트남,상용,2026-05,312,0.9821,7.92,92.1
베트남,상용,2026-06,376,0.9821,7.92,92.1
베트남,상용,2026-07,322,0.9821,7.92,92.1
베트남,상용,2026-08,303,0.9821,7.92,92.1
베트남,상용,2026-09,245,0.9821,7.92,92.1
베트남,상용,2026-10,433,0.9821,7.92,92.1
베트남,상용,2026-11,350,0.9821,7.92,92.1
베트남,상용,2026-12,274,0.9821,7.92,92.1
베트남,유학연수,2025-06,5314,0.9689,2.09,97.9
베트남,유학연수,2025-07,5175,0.9689,2.09,97.9
베트남,유학연수,2025-08,5700,0.9689,2.09,97.9
베트남,유학연수,2025-09,7480,0.9689,2.09,97.9
베트남,유학연수,2025-10,1508,0.9689,2.09,97.9
베트남,유학연수,2025-11,3310,0.9689,2.09,97.9
베트남,유학연수,2025-12,5745,0.9689,2.09,97.9
베트남,유학연수,2026-01,2634,0.9689,2.09,97.9
베트남,유학연수,2026-02,11902,0.9689,2.09,97.9
베트남,유학연수,2026-03,9570,0.9689,2.09,97.9
베트남,유학연수,2026-04,1286,0.9689,2.09,97.9
베트남,유학연수,2026-05,2474,0.9689,2.09,97.9
베트남,유학연수,2026-06,5314,0.9689,2.09,97.9
베트남,유학연수,2026-07,5175,0.9689,2.09,97.9
베트남,유학연수,2026-08,5703,0.9689,2.09,97.9
베트남,유학연수,2026-09,7479,0.9689,2.09,97.9
베트남,유학연수,2026-10,1509,0.9689,2.09,97.9
베트남,유학연수,2026-11,3311,0.9689,2.09,97.9
베트남,유학연수,2026-12,5745,0.9689,2.09,97.9
벨기에,공용,2025-06,2,0.8726,23.38,76.6
벨기에,공용,2025-07,10,0.8726,23.38,76.6
벨기에,공용,2025-08,12,0.8726,23.38,76.6
벨기에,공용,2025-09,8,0.8726,23.38,76.6
벨기에,공용,2025-10,4,0.8726,23.38,76.6
벨기에,공용,2025-11,9,0.8726,23.38,76.6
벨기에,공용,2025-12,7,0.8726,23.38,76.6
벨기에,공용,2026-01,2,0.8726,23.38,76.6
벨기에,공용,2026-02,6,0.8726,23.38,76.6
벨기에,공용,2026-03,6,0.8726,23.38,76.6
벨기에,공용,2026-04,2,0.8726,23.38,76.6
벨기에,공용,2026-05,6,0.8726,23.38,76.6
벨기에,공용,2026-06,1,0.8726,23.38,76.6
벨기에,공용,2026-07,9,0.8726,23.38,76.6
벨기에,공용,2026-08,16,0.8726,23.38,76.6
벨기에,공용,2026-09,7,0.8726,23.38,76.6
벨기에,공용,2026-10,3,0.8726,23.38,76.6
벨기에,공용,2026-11,9,0.8726,23.38,76.6
벨기에,공용,2026-12,8,0.8726,23.38,76.6
벨기에,관광,2025-06,1212,0.9947,1.08,98.9
벨기에,관광,2025-07,1787,0.9947,1.08,98.9
벨기에,관광,2025-08,1367,0.9947,1.08,98.9
벨기에,관광,2025-09,2017,0.9947,1.08,98.9
벨기에,관광,2025-10,2148,0.9947,1.08,98.9
벨기에,관광,2025-11,1219,0.9947,1.08,98.9
벨기에,관광,2025-12,936,0.9947,1.08,98.9
벨기에,관광,2026-01,466,0.9947,1.08,98.9
벨기에,관광,2026-02,651,0.9947,1.08,98.9
벨기에,관광,2026-03,1437,0.9947,1.08,98.9
벨기에,관광,2026-04,2268,0.9947,1.08,98.9
벨기에,관광,2026-05,1648,0.9947,1.08,98.9
벨기에,관광,2026-06,1203,0.9947,1.08,98.9
벨기에,관광,2026-07,1786,0.9947,1.08,98.9
벨기에,관광,2026-08,1371,0.9947,1.08,98.9
벨기에,관광,2026-09,2012,0.9947,1.08,98.9
벨기에,관광,2026-10,2135,0.9947,1.08,98.9
벨기에,관광,2026-11,1224,0.9947,1.08,98.9
벨기에,관광,2026-12,933,0.9947,1.08,98.9
벨기에,상용,2025-06,9,0.9428,7.93,92.1
벨기에,상용,2025-07,22,0.9428,7.93,92.1
벨기에,상용,2025-08,23,0.9428,7.93,92.1
벨기에,상용,2025-09,19,0.9428,7.93,92.1
벨기에,상용,2025-10,21,0.9428,7.93,92.1
벨기에,상용,2025-11,19,0.9428,7.93,92.1
벨기에,상용,2025-12,10,0.9428,7.93,92.1
벨기에,상용,2026-01,27,0.9428,7.93,92.1
벨기에,상용,2026-02,17,0.9428,7.93,92.1
벨기에,상용,2026-03,17,0.9428,7.93,92.1
벨기에,상용,2026-04,10,0.9428,7.93,92.1
벨기에,상용,2026-05,23,0.9428,7.93,92.1
벨기에,상용,2026-06,9,0.9428,7.93,92.1
벨기에,상용,2026-07,22,0.9428,7.93,92.1
벨기에,상용,2026-08,24,0.9428,7.93,92.1
벨기에,상용,2026-09,17,0.9428,7.93,92.1
벨기에,상용,2026-10,20,0.9428,7.93,92.1
벨기에,상용,2026-11,19,0.9428,7.93,92.1
벨기에,상용,2026-12,11,0.9428,7.93,92.1
벨기에,유학연수,2025-06,21,0.992,3.58,96.4
벨기에,유학연수,2025-07,20,0.992,3.58,96.4
벨기에,유학연수,2025-08,138,0.992,3.58,96.4
벨기에,유학연수,2025-09,16,0.992,3.58,96.4
벨기에,유학연수,2025-10,9,0.992,3.58,96.4
벨기에,유학연수,2025-11,44,0.992,3.58,96.4
벨기에,유학연수,2025-12,39,0.992,3.58,96.4
벨기에,유학연수,2026-01,22,0.992,3.58,96.4
벨기에,유학연수,2026-02,66,0.992,3.58,96.4
벨기에,유학연수,2026-03,9,0.992,3.58,96.4
벨기에,유학연수,2026-04,6,0.992,3.58,96.4
벨기에,유학연수,2026-05,30,0.992,3.58,96.4
벨기에,유학연수,2026-06,20,0.992,3.58,96.4
벨기에,유학연수,2026-07,20,0.992,3.58,96.4
벨기에,유학연수,2026-08,139,0.992,3.58,96.4
벨기에,유학연수,2026-09,16,0.992,3.58,96.4
벨기에,유학연수,2026-10,9,0.992,3.58,96.4
벨기에,유학연수,2026-11,45,0.992,3.58,96.4
벨기에,유학연수,2026-12,39,0.992,3.58,96.4
불가리아,공용,2025-06,0,0.9463,22.14,77.9
불가리아,공용,2025-07,0,0.9463,22.14,77.9
불가리아,공용,2025-08,2,0.9463,22.14,77.9
불가리아,공용,2025-09,2,0.9463,22.14,77.9
불가리아,공용,2025-10,0,0.9463,22.14,77.9
불가리아,공용,2025-11,0,0.9463,22.14,77.9
불가리아,공용,2025-12,0,0.9463,22.14,77.9
불가리아,공용,2026-01,0,0.9463,22.14,77.9
불가리아,공용,2026-02,0,0.9463,22.14,77.9
불가리아,공용,2026-03,0,0.9463,22.14,77.9
불가리아,공용,2026-04,1,0.9463,22.14,77.9
불가리아,공용,2026-05,0,0.9463,22.14,77.9
불가리아,공용,2026-06,0,0.9463,22.14,77.9
불가리아,공용,2026-07,0,0.9463,22.14,77.9
불가리아,공용,2026-08,1,0.9463,22.14,77.9
불가리아,공용,2026-09,2,0.9463,22.14,77.9
불가리아,공용,2026-10,0,0.9463,22.14,77.9
불가리아,공용,2026-11,0,0.9463,22.14,77.9
불가리아,공용,2026-12,0,0.9463,22.14,77.9
불가리아,관광,2025-06,251,0.9084,1.65,98.4
불가리아,관광,2025-07,263,0.9084,1.65,98.4
불가리아,관광,2025-08,319,0.9084,1.65,98.4
불가리아,관광,2025-09,512,0.9084,1.65,98.4
불가리아,관광,2025-10,585,0.9084,1.65,98.4
불가리아,관광,2025-11,287,0.9084,1.65,98.4
불가리아,관광,2025-12,129,0.9084,1.65,98.4
불가리아,관광,2026-01,134,0.9084,1.65,98.4
불가리아,관광,2026-02,117,0.9084,1.65,98.4
불가리아,관광,2026-03,736,0.9084,1.65,98.4
불가리아,관광,2026-04,570,0.9084,1.65,98.4
불가리아,관광,2026-05,380,0.9084,1.65,98.4
불가리아,관광,2026-06,253,0.9084,1.65,98.4
불가리아,관광,2026-07,268,0.9084,1.65,98.4
불가리아,관광,2026-08,318,0.9084,1.65,98.4
불가리아,관광,2026-09,510,0.9084,1.65,98.4
불가리아,관광,2026-10,587,0.9084,1.65,98.4
불가리아,관광,2026-11,287,0.9084,1.65,98.4
불가리아,관광,2026-12,127,0.9084,1.65,98.4
불가리아,상용,2025-06,0,0.8814,24.1,75.9
불가리아,상용,2025-07,0,0.8814,24.1,75.9
불가리아,상용,2025-08,0,0.8814,24.1,75.9
불가리아,상용,2025-09,2,0.8814,24.1,75.9
불가리아,상용,2025-10,2,0.8814,24.1,75.9
불가리아,상용,2025-11,1,0.8814,24.1,75.9
불가리아,상용,2025-12,1,0.8814,24.1,75.9
불가리아,상용,2026-01,2,0.8814,24.1,75.9
불가리아,상용,2026-02,0,0.8814,24.1,75.9
불가리아,상용,2026-03,1,0.8814,24.1,75.9
불가리아,상용,2026-04,1,0.8814,24.1,75.9
불가리아,상용,2026-05,0,0.8814,24.1,75.9
불가리아,상용,2026-06,0,0.8814,24.1,75.9
불가리아,상용,2026-07,0,0.8814,24.1,75.9
불가리아,상용,2026-08,0,0.8814,24.1,75.9
불가리아,상용,2026-09,2,0.8814,24.1,75.9
불가리아,상용,2026-10,2,0.8814,24.1,75.9
불가리아,상용,2026-11,0,0.8814,24.1,75.9
불가리아,상용,2026-12,2,0.8814,24.1,75.9
불가리아,유학연수,2025-06,5,0.9872,3.34,96.7
불가리아,유학연수,2025-07,3,0.9872,3.34,96.7
불가리아,유학연수,2025-08,37,0.9872,3.34,96.7
불가리아,유학연수,2025-09,4,0.9872,3.34,96.7
불가리아,유학연수,2025-10,0,0.9872,3.34,96.7
불가리아,유학연수,2025-11,4,0.9872,3.34,96.7
불가리아,유학연수,2025-12,1,0.9872,3.34,96.7
불가리아,유학연수,2026-01,8,0.9872,3.34,96.7
불가리아,유학연수,2026-02,35,0.9872,3.34,96.7
불가리아,유학연수,2026-03,0,0.9872,3.34,96.7
불가리아,유학연수,2026-04,1,0.9872,3.34,96.7
불가리아,유학연수,2026-05,4,0.9872,3.34,96.7
불가리아,유학연수,2026-06,5,0.9872,3.34,96.7
불가리아,유학연수,2026-07,3,0.9872,3.34,96.7
불가리아,유학연수,2026-08,37,0.9872,3.34,96.7
불가리아,유학연수,2026-09,4,0.9872,3.34,96.7
불가리아,유학연수,2026-10,0,0.9872,3.34,96.7
불가리아,유학연수,2026-11,4,0.9872,3.34,96.7
불가리아,유학연수,2026-12,1,0.9872,3.34,96.7
브라질,공용,2025-06,24,0.9331,19.33,80.7
브라질,공용,2025-07,14,0.9331,19.33,80.7
브라질,공용,2025-08,27,0.9331,19.33,80.7
브라질,공용,2025-09,19,0.9331,19.33,80.7
브라질,공용,2025-10,21,0.9331,19.33,80.7
브라질,공용,2025-11,30,0.9331,19.33,80.7
브라질,공용,2025-12,10,0.9331,19.33,80.7
브라질,공용,2026-01,10,0.9331,19.33,80.7
브라질,공용,2026-02,3,0.9331,19.33,80.7
브라질,공용,2026-03,0,0.9331,19.33,80.7
브라질,공용,2026-04,7,0.9331,19.33,80.7
브라질,공용,2026-05,5,0.9331,19.33,80.7
브라질,공용,2026-06,20,0.9331,19.33,80.7
브라질,공용,2026-07,13,0.9331,19.33,80.7
브라질,공용,2026-08,36,0.9331,19.33,80.7
브라질,공용,2026-09,20,0.9331,19.33,80.7
브라질,공용,2026-10,17,0.9331,19.33,80.7
브라질,공용,2026-11,35,0.9331,19.33,80.7
브라질,공용,2026-12,10,0.9331,19.33,80.7
브라질,관광,2025-06,1857,0.9682,1.75,98.3
브라질,관광,2025-07,2225,0.9682,1.75,98.3
브라질,관광,2025-08,1723,0.9682,1.75,98.3
브라질,관광,2025-09,2145,0.9682,1.75,98.3
브라질,관광,2025-10,3666,0.9682,1.75,98.3
브라질,관광,2025-11,2505,0.9682,1.75,98.3
브라질,관광,2025-12,2342,0.9682,1.75,98.3
브라질,관광,2026-01,1274,0.9682,1.75,98.3
브라질,관광,2026-02,1125,0.9682,1.75,98.3
브라질,관광,2026-03,2412,0.9682,1.75,98.3
브라질,관광,2026-04,2921,0.9682,1.75,98.3
브라질,관광,2026-05,2381,0.9682,1.75,98.3
브라질,관광,2026-06,1827,0.9682,1.75,98.3
브라질,관광,2026-07,2208,0.9682,1.75,98.3
브라질,관광,2026-08,1734,0.9682,1.75,98.3
브라질,관광,2026-09,2148,0.9682,1.75,98.3
브라질,관광,2026-10,3640,0.9682,1.75,98.3
브라질,관광,2026-11,2558,0.9682,1.75,98.3
브라질,관광,2026-12,2346,0.9682,1.75,98.3
브라질,상용,2025-06,42,0.9607,9.41,90.6
브라질,상용,2025-07,44,0.9607,9.41,90.6
브라질,상용,2025-08,70,0.9607,9.41,90.6
브라질,상용,2025-09,56,0.9607,9.41,90.6
브라질,상용,2025-10,46,0.9607,9.41,90.6
브라질,상용,2025-11,49,0.9607,9.41,90.6
브라질,상용,2025-12,57,0.9607,9.41,90.6
브라질,상용,2026-01,69,0.9607,9.41,90.6
브라질,상용,2026-02,53,0.9607,9.41,90.6
브라질,상용,2026-03,43,0.9607,9.41,90.6
브라질,상용,2026-04,45,0.9607,9.41,90.6
브라질,상용,2026-05,52,0.9607,9.41,90.6
브라질,상용,2026-06,36,0.9607,9.41,90.6
브라질,상용,2026-07,44,0.9607,9.41,90.6
브라질,상용,2026-08,77,0.9607,9.41,90.6
브라질,상용,2026-09,52,0.9607,9.41,90.6
브라질,상용,2026-10,44,0.9607,9.41,90.6
브라질,상용,2026-11,56,0.9607,9.41,90.6
브라질,상용,2026-12,56,0.9607,9.41,90.6
브라질,유학연수,2025-06,34,0.9996,3.0,97.0
브라질,유학연수,2025-07,29,0.9996,3.0,97.0
브라질,유학연수,2025-08,114,0.9996,3.0,97.0
브라질,유학연수,2025-09,26,0.9996,3.0,97.0
브라질,유학연수,2025-10,8,0.9996,3.0,97.0
브라질,유학연수,2025-11,32,0.9996,3.0,97.0
브라질,유학연수,2025-12,31,0.9996,3.0,97.0
브라질,유학연수,2026-01,51,0.9996,3.0,97.0
브라질,유학연수,2026-02,106,0.9996,3.0,97.0
브라질,유학연수,2026-03,26,0.9996,3.0,97.0
브라질,유학연수,2026-04,14,0.9996,3.0,97.0
브라질,유학연수,2026-05,22,0.9996,3.0,97.0
브라질,유학연수,2026-06,33,0.9996,3.0,97.0
브라질,유학연수,2026-07,29,0.9996,3.0,97.0
브라질,유학연수,2026-08,114,0.9996,3.0,97.0
브라질,유학연수,2026-09,26,0.9996,3.0,97.0
브라질,유학연수,2026-10,8,0.9996,3.0,97.0
브라질,유학연수,2026-11,32,0.9996,3.0,97.0
브라질,유학연수,2026-12,31,0.9996,3.0,97.0
사우디아라비아,공용,2025-06,22,0.8766,26.67,73.3
사우디아라비아,공용,2025-07,20,0.8766,26.67,73.3
사우디아라비아,공용,2025-08,2,0.8766,26.67,73.3
사우디아라비아,공용,2025-09,4,0.8766,26.67,73.3
사우디아라비아,공용,2025-10,3,0.8766,26.67,73.3
사우디아라비아,공용,2025-11,14,0.8766,26.67,73.3
사우디아라비아,공용,2025-12,4,0.8766,26.67,73.3
사우디아라비아,공용,2026-01,12,0.8766,26.67,73.3
사우디아라비아,공용,2026-02,28,0.8766,26.67,73.3
사우디아라비아,공용,2026-03,9,0.8766,26.67,73.3
사우디아라비아,공용,2026-04,10,0.8766,26.67,73.3
사우디아라비아,공용,2026-05,4,0.8766,26.67,73.3
사우디아라비아,공용,2026-06,27,0.8766,26.67,73.3
사우디아라비아,공용,2026-07,22,0.8766,26.67,73.3
사우디아라비아,공용,2026-08,1,0.8766,26.67,73.3
사우디아라비아,공용,2026-09,5,0.8766,26.67,73.3
사우디아라비아,공용,2026-10,3,0.8766,26.67,73.3
사우디아라비아,공용,2026-11,10,0.8766,26.67,73.3
사우디아라비아,공용,2026-12,3,0.8766,26.67,73.3
사우디아라비아,관광,2025-06,3549,0.9898,2.21,97.8
사우디아라비아,관광,2025-07,3163,0.9898,2.21,97.8
사우디아라비아,관광,2025-08,1363,0.9898,2.21,97.8
사우디아라비아,관광,2025-09,1441,0.9898,2.21,97.8
사우디아라비아,관광,2025-10,1621,0.9898,2.21,97.8
사우디아라비아,관광,2025-11,2319,0.9898,2.21,97.8
사우디아라비아,관광,2025-12,1612,0.9898,2.21,97.8
사우디아라비아,관광,2026-01,816,0.9898,2.21,97.8
사우디아라비아,관광,2026-02,958,0.9898,2.21,97.8
사우디아라비아,관광,2026-03,425,0.9898,2.21,97.8
사우디아라비아,관광,2026-04,2073,0.9898,2.21,97.8
사우디아라비아,관광,2026-05,1676,0.9898,2.21,97.8
사우디아라비아,관광,2026-06,3636,0.9898,2.21,97.8
사우디아라비아,관광,2026-07,3178,0.9898,2.21,97.8
사우디아라비아,관광,2026-08,1337,0.9898,2.21,97.8
사우디아라비아,관광,2026-09,1451,0.9898,2.21,97.8
사우디아라비아,관광,2026-10,1626,0.9898,2.21,97.8
사우디아라비아,관광,2026-11,2269,0.9898,2.21,97.8
사우디아라비아,관광,2026-12,1611,0.9898,2.21,97.8
사우디아라비아,상용,2025-06,34,0.9518,12.11,87.9
사우디아라비아,상용,2025-07,39,0.9518,12.11,87.9
사우디아라비아,상용,2025-08,39,0.9518,12.11,87.9
사우디아라비아,상용,2025-09,50,0.9518,12.11,87.9
사우디아라비아,상용,2025-10,64,0.9518,12.11,87.9
사우디아라비아,상용,2025-11,35,0.9518,12.11,87.9
사우디아라비아,상용,2025-12,50,0.9518,12.11,87.9
사우디아라비아,상용,2026-01,28,0.9518,12.11,87.9
사우디아라비아,상용,2026-02,31,0.9518,12.11,87.9
사우디아라비아,상용,2026-03,25,0.9518,12.11,87.9
사우디아라비아,상용,2026-04,30,0.9518,12.11,87.9
사우디아라비아,상용,2026-05,40,0.9518,12.11,87.9
사우디아라비아,상용,2026-06,43,0.9518,12.11,87.9
사우디아라비아,상용,2026-07,40,0.9518,12.11,87.9
사우디아라비아,상용,2026-08,37,0.9518,12.11,87.9
사우디아라비아,상용,2026-09,55,0.9518,12.11,87.9
사우디아라비아,상용,2026-10,57,0.9518,12.11,87.9
사우디아라비아,상용,2026-11,33,0.9518,12.11,87.9
사우디아라비아,상용,2026-12,51,0.9518,12.11,87.9
사우디아라비아,유학연수,2025-06,35,0.9981,3.09,96.9
사우디아라비아,유학연수,2025-07,32,0.9981,3.09,96.9
사우디아라비아,유학연수,2025-08,79,0.9981,3.09,96.9
사우디아라비아,유학연수,2025-09,66,0.9981,3.09,96.9
사우디아라비아,유학연수,2025-10,33,0.9981,3.09,96.9
사우디아라비아,유학연수,2025-11,63,0.9981,3.09,96.9
사우디아라비아,유학연수,2025-12,27,0.9981,3.09,96.9
사우디아라비아,유학연수,2026-01,36,0.9981,3.09,96.9
사우디아라비아,유학연수,2026-02,76,0.9981,3.09,96.9
사우디아라비아,유학연수,2026-03,48,0.9981,3.09,96.9
사우디아라비아,유학연수,2026-04,42,0.9981,3.09,96.9
사우디아라비아,유학연수,2026-05,28,0.9981,3.09,96.9
사우디아라비아,유학연수,2026-06,34,0.9981,3.09,96.9
사우디아라비아,유학연수,2026-07,32,0.9981,3.09,96.9
사우디아라비아,유학연수,2026-08,80,0.9981,3.09,96.9
사우디아라비아,유학연수,2026-09,65,0.9981,3.09,96.9
사우디아라비아,유학연수,2026-10,33,0.9981,3.09,96.9
사우디아라비아,유학연수,2026-11,64,0.9981,3.09,96.9
사우디아라비아,유학연수,2026-12,27,0.9981,3.09,96.9
스리랑카,공용,2025-06,3,0.7943,24.22,75.8
스리랑카,공용,2025-07,0,0.7943,24.22,75.8
스리랑카,공용,2025-08,4,0.7943,24.22,75.8
스리랑카,공용,2025-09,13,0.7943,24.22,75.8
스리랑카,공용,2025-10,3,0.7943,24.22,75.8
스리랑카,공용,2025-11,6,0.7943,24.22,75.8
스리랑카,공용,2025-12,3,0.7943,24.22,75.8
스리랑카,공용,2026-01,4,0.7943,24.22,75.8
스리랑카,공용,2026-02,1,0.7943,24.22,75.8
스리랑카,공용,2026-03,3,0.7943,24.22,75.8
스리랑카,공용,2026-04,16,0.7943,24.22,75.8
스리랑카,공용,2026-05,3,0.7943,24.22,75.8
스리랑카,공용,2026-06,3,0.7943,24.22,75.8
스리랑카,공용,2026-07,0,0.7943,24.22,75.8
스리랑카,공용,2026-08,4,0.7943,24.22,75.8
스리랑카,공용,2026-09,12,0.7943,24.22,75.8
스리랑카,공용,2026-10,3,0.7943,24.22,75.8
스리랑카,공용,2026-11,5,0.7943,24.22,75.8
스리랑카,공용,2026-12,3,0.7943,24.22,75.8
스리랑카,관광,2025-06,326,0.9672,2.13,97.9
스리랑카,관광,2025-07,374,0.9672,2.13,97.9
스리랑카,관광,2025-08,326,0.9672,2.13,97.9
스리랑카,관광,2025-09,549,0.9672,2.13,97.9
스리랑카,관광,2025-10,424,0.9672,2.13,97.9
스리랑카,관광,2025-11,318,0.9672,2.13,97.9
스리랑카,관광,2025-12,231,0.9672,2.13,97.9
스리랑카,관광,2026-01,150,0.9672,2.13,97.9
스리랑카,관광,2026-02,159,0.9672,2.13,97.9
스리랑카,관광,2026-03,175,0.9672,2.13,97.9
스리랑카,관광,2026-04,297,0.9672,2.13,97.9
스리랑카,관광,2026-05,367,0.9672,2.13,97.9
스리랑카,관광,2026-06,331,0.9672,2.13,97.9
스리랑카,관광,2026-07,376,0.9672,2.13,97.9
스리랑카,관광,2026-08,330,0.9672,2.13,97.9
스리랑카,관광,2026-09,556,0.9672,2.13,97.9
스리랑카,관광,2026-10,417,0.9672,2.13,97.9
스리랑카,관광,2026-11,318,0.9672,2.13,97.9
스리랑카,관광,2026-12,230,0.9672,2.13,97.9
스리랑카,상용,2025-06,30,0.9702,7.74,92.3
스리랑카,상용,2025-07,37,0.9702,7.74,92.3
스리랑카,상용,2025-08,28,0.9702,7.74,92.3
스리랑카,상용,2025-09,56,0.9702,7.74,92.3
스리랑카,상용,2025-10,55,0.9702,7.74,92.3
스리랑카,상용,2025-11,42,0.9702,7.74,92.3
스리랑카,상용,2025-12,19,0.9702,7.74,92.3
스리랑카,상용,2026-01,25,0.9702,7.74,92.3
스리랑카,상용,2026-02,24,0.9702,7.74,92.3
스리랑카,상용,2026-03,48,0.9702,7.74,92.3
스리랑카,상용,2026-04,31,0.9702,7.74,92.3
스리랑카,상용,2026-05,55,0.9702,7.74,92.3
스리랑카,상용,2026-06,32,0.9702,7.74,92.3
스리랑카,상용,2026-07,38,0.9702,7.74,92.3
스리랑카,상용,2026-08,29,0.9702,7.74,92.3
스리랑카,상용,2026-09,52,0.9702,7.74,92.3
스리랑카,상용,2026-10,58,0.9702,7.74,92.3
스리랑카,상용,2026-11,39,0.9702,7.74,92.3
스리랑카,상용,2026-12,21,0.9702,7.74,92.3
스리랑카,유학연수,2025-06,32,0.9167,3.26,96.7
스리랑카,유학연수,2025-07,25,0.9167,3.26,96.7
스리랑카,유학연수,2025-08,124,0.9167,3.26,96.7
스리랑카,유학연수,2025-09,123,0.9167,3.26,96.7
스리랑카,유학연수,2025-10,15,0.9167,3.26,96.7
스리랑카,유학연수,2025-11,15,0.9167,3.26,96.7
스리랑카,유학연수,2025-12,16,0.9167,3.26,96.7
스리랑카,유학연수,2026-01,32,0.9167,3.26,96.7
스리랑카,유학연수,2026-02,85,0.9167,3.26,96.7
스리랑카,유학연수,2026-03,116,0.9167,3.26,96.7
스리랑카,유학연수,2026-04,11,0.9167,3.26,96.7
스리랑카,유학연수,2026-05,19,0.9167,3.26,96.7
스리랑카,유학연수,2026-06,31,0.9167,3.26,96.7
스리랑카,유학연수,2026-07,25,0.9167,3.26,96.7
스리랑카,유학연수,2026-08,124,0.9167,3.26,96.7
스리랑카,유학연수,2026-09,124,0.9167,3.26,96.7
스리랑카,유학연수,2026-10,15,0.9167,3.26,96.7
스리랑카,유학연수,2026-11,15,0.9167,3.26,96.7
스리랑카,유학연수,2026-12,16,0.9167,3.26,96.7
스웨덴,공용,2025-06,4,0.8511,19.69,80.3
스웨덴,공용,2025-07,5,0.8511,19.69,80.3
스웨덴,공용,2025-08,2,0.8511,19.69,80.3
스웨덴,공용,2025-09,3,0.8511,19.69,80.3
스웨덴,공용,2025-10,2,0.8511,19.69,80.3
스웨덴,공용,2025-11,0,0.8511,19.69,80.3
스웨덴,공용,2025-12,0,0.8511,19.69,80.3
스웨덴,공용,2026-01,5,0.8511,19.69,80.3
스웨덴,공용,2026-02,2,0.8511,19.69,80.3
스웨덴,공용,2026-03,6,0.8511,19.69,80.3
스웨덴,공용,2026-04,6,0.8511,19.69,80.3
스웨덴,공용,2026-05,2,0.8511,19.69,80.3
스웨덴,공용,2026-06,4,0.8511,19.69,80.3
스웨덴,공용,2026-07,5,0.8511,19.69,80.3
스웨덴,공용,2026-08,3,0.8511,19.69,80.3
스웨덴,공용,2026-09,2,0.8511,19.69,80.3
스웨덴,공용,2026-10,2,0.8511,19.69,80.3
스웨덴,공용,2026-11,0,0.8511,19.69,80.3
스웨덴,공용,2026-12,0,0.8511,19.69,80.3
스웨덴,관광,2025-06,2069,0.9931,1.56,98.4
스웨덴,관광,2025-07,1716,0.9931,1.56,98.4
스웨덴,관광,2025-08,1091,0.9931,1.56,98.4
스웨덴,관광,2025-09,1792,0.9931,1.56,98.4
스웨덴,관광,2025-10,2252,0.9931,1.56,98.4
스웨덴,관광,2025-11,1466,0.9931,1.56,98.4
스웨덴,관광,2025-12,1071,0.9931,1.56,98.4
스웨덴,관광,2026-01,830,0.9931,1.56,98.4
스웨덴,관광,2026-02,696,0.9931,1.56,98.4
스웨덴,관광,2026-03,1702,0.9931,1.56,98.4
스웨덴,관광,2026-04,2049,0.9931,1.56,98.4
스웨덴,관광,2026-05,1493,0.9931,1.56,98.4
스웨덴,관광,2026-06,2061,0.9931,1.56,98.4
스웨덴,관광,2026-07,1691,0.9931,1.56,98.4
스웨덴,관광,2026-08,1096,0.9931,1.56,98.4
스웨덴,관광,2026-09,1784,0.9931,1.56,98.4
스웨덴,관광,2026-10,2218,0.9931,1.56,98.4
스웨덴,관광,2026-11,1471,0.9931,1.56,98.4
스웨덴,관광,2026-12,1078,0.9931,1.56,98.4
스웨덴,상용,2025-06,22,0.9791,6.79,93.2
스웨덴,상용,2025-07,12,0.9791,6.79,93.2
스웨덴,상용,2025-08,18,0.9791,6.79,93.2
스웨덴,상용,2025-09,11,0.9791,6.79,93.2
스웨덴,상용,2025-10,16,0.9791,6.79,93.2
스웨덴,상용,2025-11,7,0.9791,6.79,93.2
스웨덴,상용,2025-12,10,0.9791,6.79,93.2
스웨덴,상용,2026-01,21,0.9791,6.79,93.2
스웨덴,상용,2026-02,17,0.9791,6.79,93.2
스웨덴,상용,2026-03,19,0.9791,6.79,93.2
스웨덴,상용,2026-04,19,0.9791,6.79,93.2
스웨덴,상용,2026-05,21,0.9791,6.79,93.2
스웨덴,상용,2026-06,20,0.9791,6.79,93.2
스웨덴,상용,2026-07,13,0.9791,6.79,93.2
스웨덴,상용,2026-08,19,0.9791,6.79,93.2
스웨덴,상용,2026-09,11,0.9791,6.79,93.2
스웨덴,상용,2026-10,15,0.9791,6.79,93.2
스웨덴,상용,2026-11,8,0.9791,6.79,93.2
스웨덴,상용,2026-12,9,0.9791,6.79,93.2
스웨덴,유학연수,2025-06,19,0.9985,2.72,97.3
스웨덴,유학연수,2025-07,21,0.9985,2.72,97.3
스웨덴,유학연수,2025-08,210,0.9985,2.72,97.3
스웨덴,유학연수,2025-09,11,0.9985,2.72,97.3
스웨덴,유학연수,2025-10,8,0.9985,2.72,97.3
스웨덴,유학연수,2025-11,56,0.9985,2.72,97.3
스웨덴,유학연수,2025-12,45,0.9985,2.72,97.3
스웨덴,유학연수,2026-01,24,0.9985,2.72,97.3
스웨덴,유학연수,2026-02,95,0.9985,2.72,97.3
스웨덴,유학연수,2026-03,18,0.9985,2.72,97.3
스웨덴,유학연수,2026-04,7,0.9985,2.72,97.3
스웨덴,유학연수,2026-05,45,0.9985,2.72,97.3
스웨덴,유학연수,2026-06,19,0.9985,2.72,97.3
스웨덴,유학연수,2026-07,22,0.9985,2.72,97.3
스웨덴,유학연수,2026-08,209,0.9985,2.72,97.3
스웨덴,유학연수,2026-09,12,0.9985,2.72,97.3
스웨덴,유학연수,2026-10,8,0.9985,2.72,97.3
스웨덴,유학연수,2026-11,55,0.9985,2.72,97.3
스웨덴,유학연수,2026-12,45,0.9985,2.72,97.3
스위스,공용,2025-06,1,0.8707,19.53,80.5
스위스,공용,2025-07,2,0.8707,19.53,80.5
스위스,공용,2025-08,2,0.8707,19.53,80.5
스위스,공용,2025-09,0,0.8707,19.53,80.5
스위스,공용,2025-10,1,0.8707,19.53,80.5
스위스,공용,2025-11,4,0.8707,19.53,80.5
스위스,공용,2025-12,1,0.8707,19.53,80.5
스위스,공용,2026-01,5,0.8707,19.53,80.5
스위스,공용,2026-02,2,0.8707,19.53,80.5
스위스,공용,2026-03,1,0.8707,19.53,80.5
스위스,공용,2026-04,1,0.8707,19.53,80.5
스위스,공용,2026-05,1,0.8707,19.53,80.5
스위스,공용,2026-06,1,0.8707,19.53,80.5
스위스,공용,2026-07,2,0.8707,19.53,80.5
스위스,공용,2026-08,1,0.8707,19.53,80.5
스위스,공용,2026-09,0,0.8707,19.53,80.5
스위스,공용,2026-10,1,0.8707,19.53,80.5
스위스,공용,2026-11,3,0.8707,19.53,80.5
스위스,공용,2026-12,1,0.8707,19.53,80.5
스위스,관광,2025-06,1561,0.9822,1.5,98.5
스위스,관광,2025-07,2479,0.9822,1.5,98.5
스위스,관광,2025-08,1967,0.9822,1.5,98.5
스위스,관광,2025-09,2549,0.9822,1.5,98.5
스위스,관광,2025-10,3135,0.9822,1.5,98.5
스위스,관광,2025-11,1450,0.9822,1.5,98.5
스위스,관광,2025-12,1408,0.9822,1.5,98.5
스위스,관광,2026-01,854,0.9822,1.5,98.5
스위스,관광,2026-02,808,0.9822,1.5,98.5
스위스,관광,2026-03,2489,0.9822,1.5,98.5
스위스,관광,2026-04,2926,0.9822,1.5,98.5
스위스,관광,2026-05,2246,0.9822,1.5,98.5
스위스,관광,2026-06,1554,0.9822,1.5,98.5
스위스,관광,2026-07,2502,0.9822,1.5,98.5
스위스,관광,2026-08,1986,0.9822,1.5,98.5
스위스,관광,2026-09,2538,0.9822,1.5,98.5
스위스,관광,2026-10,3114,0.9822,1.5,98.5
스위스,관광,2026-11,1468,0.9822,1.5,98.5
스위스,관광,2026-12,1406,0.9822,1.5,98.5
스위스,상용,2025-06,0,0.923,13.37,86.6
스위스,상용,2025-07,2,0.923,13.37,86.6
스위스,상용,2025-08,5,0.923,13.37,86.6
스위스,상용,2025-09,4,0.923,13.37,86.6
스위스,상용,2025-10,3,0.923,13.37,86.6
스위스,상용,2025-11,4,0.923,13.37,86.6
스위스,상용,2025-12,21,0.923,13.37,86.6
스위스,상용,2026-01,4,0.923,13.37,86.6
스위스,상용,2026-02,3,0.923,13.37,86.6
스위스,상용,2026-03,5,0.923,13.37,86.6
스위스,상용,2026-04,4,0.923,13.37,86.6
스위스,상용,2026-05,2,0.923,13.37,86.6
스위스,상용,2026-06,0,0.923,13.37,86.6
스위스,상용,2026-07,2,0.923,13.37,86.6
스위스,상용,2026-08,6,0.923,13.37,86.6
스위스,상용,2026-09,4,0.923,13.37,86.6
스위스,상용,2026-10,3,0.923,13.37,86.6
스위스,상용,2026-11,4,0.923,13.37,86.6
스위스,상용,2026-12,20,0.923,13.37,86.6
스위스,유학연수,2025-06,39,0.99,2.6,97.4
스위스,유학연수,2025-07,32,0.99,2.6,97.4
스위스,유학연수,2025-08,143,0.99,2.6,97.4
스위스,유학연수,2025-09,14,0.99,2.6,97.4
스위스,유학연수,2025-10,16,0.99,2.6,97.4
스위스,유학연수,2025-11,66,0.99,2.6,97.4
스위스,유학연수,2025-12,66,0.99,2.6,97.4
스위스,유학연수,2026-01,34,0.99,2.6,97.4
스위스,유학연수,2026-02,120,0.99,2.6,97.4
스위스,유학연수,2026-03,23,0.99,2.6,97.4
스위스,유학연수,2026-04,15,0.99,2.6,97.4
스위스,유학연수,2026-05,53,0.99,2.6,97.4
스위스,유학연수,2026-06,39,0.99,2.6,97.4
스위스,유학연수,2026-07,32,0.99,2.6,97.4
스위스,유학연수,2026-08,143,0.99,2.6,97.4
스위스,유학연수,2026-09,14,0.99,2.6,97.4
스위스,유학연수,2026-10,16,0.99,2.6,97.4
스위스,유학연수,2026-11,67,0.99,2.6,97.4
스위스,유학연수,2026-12,66,0.99,2.6,97.4
스페인,공용,2025-06,11,0.9155,15.2,84.8
스페인,공용,2025-07,7,0.9155,15.2,84.8
스페인,공용,2025-08,10,0.9155,15.2,84.8
스페인,공용,2025-09,16,0.9155,15.2,84.8
스페인,공용,2025-10,14,0.9155,15.2,84.8
스페인,공용,2025-11,8,0.9155,15.2,84.8
스페인,공용,2025-12,6,0.9155,15.2,84.8
스페인,공용,2026-01,17,0.9155,15.2,84.8
스페인,공용,2026-02,10,0.9155,15.2,84.8
스페인,공용,2026-03,11,0.9155,15.2,84.8
스페인,공용,2026-04,12,0.9155,15.2,84.8
스페인,공용,2026-05,10,0.9155,15.2,84.8
스페인,공용,2026-06,10,0.9155,15.2,84.8
스페인,공용,2026-07,9,0.9155,15.2,84.8
스페인,공용,2026-08,10,0.9155,15.2,84.8
스페인,공용,2026-09,14,0.9155,15.2,84.8
스페인,공용,2026-10,14,0.9155,15.2,84.8
스페인,공용,2026-11,9,0.9155,15.2,84.8
스페인,공용,2026-12,5,0.9155,15.2,84.8
스페인,관광,2025-06,2990,0.9781,1.55,98.4
스페인,관광,2025-07,3899,0.9781,1.55,98.4
스페인,관광,2025-08,6372,0.9781,1.55,98.4
스페인,관광,2025-09,4580,0.9781,1.55,98.4
스페인,관광,2025-10,5062,0.9781,1.55,98.4
스페인,관광,2025-11,3668,0.9781,1.55,98.4
스페인,관광,2025-12,2123,0.9781,1.55,98.4
스페인,관광,2026-01,1202,0.9781,1.55,98.4
스페인,관광,2026-02,1316,0.9781,1.55,98.4
스페인,관광,2026-03,4348,0.9781,1.55,98.4
스페인,관광,2026-04,3446,0.9781,1.55,98.4
스페인,관광,2026-05,3113,0.9781,1.55,98.4
스페인,관광,2026-06,2998,0.9781,1.55,98.4
스페인,관광,2026-07,3887,0.9781,1.55,98.4
스페인,관광,2026-08,6361,0.9781,1.55,98.4
스페인,관광,2026-09,4535,0.9781,1.55,98.4
스페인,관광,2026-10,5020,0.9781,1.55,98.4
스페인,관광,2026-11,3710,0.9781,1.55,98.4
스페인,관광,2026-12,2143,0.9781,1.55,98.4
스페인,상용,2025-06,14,0.95,9.85,90.1
스페인,상용,2025-07,13,0.95,9.85,90.1
스페인,상용,2025-08,25,0.95,9.85,90.1
스페인,상용,2025-09,21,0.95,9.85,90.1
스페인,상용,2025-10,11,0.95,9.85,90.1
스페인,상용,2025-11,14,0.95,9.85,90.1
스페인,상용,2025-12,14,0.95,9.85,90.1
스페인,상용,2026-01,28,0.95,9.85,90.1
스페인,상용,2026-02,21,0.95,9.85,90.1
스페인,상용,2026-03,20,0.95,9.85,90.1
스페인,상용,2026-04,17,0.95,9.85,90.1
스페인,상용,2026-05,19,0.95,9.85,90.1
스페인,상용,2026-06,14,0.95,9.85,90.1
스페인,상용,2026-07,13,0.95,9.85,90.1
스페인,상용,2026-08,27,0.95,9.85,90.1
스페인,상용,2026-09,19,0.95,9.85,90.1
스페인,상용,2026-10,11,0.95,9.85,90.1
스페인,상용,2026-11,14,0.95,9.85,90.1
스페인,상용,2026-12,14,0.95,9.85,90.1
스페인,유학연수,2025-06,86,0.9942,3.81,96.2
스페인,유학연수,2025-07,67,0.9942,3.81,96.2
스페인,유학연수,2025-08,397,0.9942,3.81,96.2
스페인,유학연수,2025-09,36,0.9942,3.81,96.2
스페인,유학연수,2025-10,68,0.9942,3.81,96.2
스페인,유학연수,2025-11,239,0.9942,3.81,96.2
스페인,유학연수,2025-12,148,0.9942,3.81,96.2
스페인,유학연수,2026-01,109,0.9942,3.81,96.2
스페인,유학연수,2026-02,214,0.9942,3.81,96.2
스페인,유학연수,2026-03,48,0.9942,3.81,96.2
스페인,유학연수,2026-04,26,0.9942,3.81,96.2
스페인,유학연수,2026-05,145,0.9942,3.81,96.2
스페인,유학연수,2026-06,85,0.9942,3.81,96.2
스페인,유학연수,2026-07,68,0.9942,3.81,96.2
스페인,유학연수,2026-08,397,0.9942,3.81,96.2
스페인,유학연수,2026-09,36,0.9942,3.81,96.2
스페인,유학연수,2026-10,68,0.9942,3.81,96.2
스페인,유학연수,2026-11,239,0.9942,3.81,96.2
스페인,유학연수,2026-12,148,0.9942,3.81,96.2
싱가포르,공용,2025-06,12,0.8105,17.72,82.3
싱가포르,공용,2025-07,16,0.8105,17.72,82.3
싱가포르,공용,2025-08,13,0.8105,17.72,82.3
싱가포르,공용,2025-09,27,0.8105,17.72,82.3
싱가포르,공용,2025-10,21,0.8105,17.72,82.3
싱가포르,공용,2025-11,24,0.8105,17.72,82.3
싱가포르,공용,2025-12,8,0.8105,17.72,82.3
싱가포르,공용,2026-01,6,0.8105,17.72,82.3
싱가포르,공용,2026-02,14,0.8105,17.72,82.3
싱가포르,공용,2026-03,5,0.8105,17.72,82.3
싱가포르,공용,2026-04,8,0.8105,17.72,82.3
싱가포르,공용,2026-05,11,0.8105,17.72,82.3
싱가포르,공용,2026-06,11,0.8105,17.72,82.3
싱가포르,공용,2026-07,14,0.8105,17.72,82.3
싱가포르,공용,2026-08,13,0.8105,17.72,82.3
싱가포르,공용,2026-09,26,0.8105,17.72,82.3
싱가포르,공용,2026-10,19,0.8105,17.72,82.3
싱가포르,공용,2026-11,26,0.8105,17.72,82.3
싱가포르,공용,2026-12,8,0.8105,17.72,82.3
싱가포르,관광,2025-06,32449,0.9956,1.39,98.6
싱가포르,관광,2025-07,12513,0.9956,1.39,98.6
싱가포르,관광,2025-08,15015,0.9956,1.39,98.6
싱가포르,관광,2025-09,24445,0.9956,1.39,98.6
싱가포르,관광,2025-10,39795,0.9956,1.39,98.6
싱가포르,관광,2025-11,41389,0.9956,1.39,98.6
싱가포르,관광,2025-12,51137,0.9956,1.39,98.6
싱가포르,관광,2026-01,12315,0.9956,1.39,98.6
싱가포르,관광,2026-02,13531,0.9956,1.39,98.6
싱가포르,관광,2026-03,36692,0.9956,1.39,98.6
싱가포르,관광,2026-04,31180,0.9956,1.39,98.6
싱가포르,관광,2026-05,35494,0.9956,1.39,98.6
싱가포르,관광,2026-06,32132,0.9956,1.39,98.6
싱가포르,관광,2026-07,12459,0.9956,1.39,98.6
싱가포르,관광,2026-08,15285,0.9956,1.39,98.6
싱가포르,관광,2026-09,24040,0.9956,1.39,98.6
싱가포르,관광,2026-10,39313,0.9956,1.39,98.6
싱가포르,관광,2026-11,41921,0.9956,1.39,98.6
싱가포르,관광,2026-12,51232,0.9956,1.39,98.6
싱가포르,상용,2025-06,133,0.9802,5.73,94.3
싱가포르,상용,2025-07,116,0.9802,5.73,94.3
싱가포르,상용,2025-08,94,0.9802,5.73,94.3
싱가포르,상용,2025-09,111,0.9802,5.73,94.3
싱가포르,상용,2025-10,142,0.9802,5.73,94.3
싱가포르,상용,2025-11,118,0.9802,5.73,94.3
싱가포르,상용,2025-12,104,0.9802,5.73,94.3
싱가포르,상용,2026-01,112,0.9802,5.73,94.3
싱가포르,상용,2026-02,92,0.9802,5.73,94.3
싱가포르,상용,2026-03,180,0.9802,5.73,94.3
싱가포르,상용,2026-04,144,0.9802,5.73,94.3
싱가포르,상용,2026-05,151,0.9802,5.73,94.3
싱가포르,상용,2026-06,139,0.9802,5.73,94.3
싱가포르,상용,2026-07,114,0.9802,5.73,94.3
싱가포르,상용,2026-08,98,0.9802,5.73,94.3
싱가포르,상용,2026-09,108,0.9802,5.73,94.3
싱가포르,상용,2026-10,133,0.9802,5.73,94.3
싱가포르,상용,2026-11,112,0.9802,5.73,94.3
싱가포르,상용,2026-12,104,0.9802,5.73,94.3
싱가포르,유학연수,2025-06,58,0.9996,3.29,96.7
싱가포르,유학연수,2025-07,59,0.9996,3.29,96.7
싱가포르,유학연수,2025-08,255,0.9996,3.29,96.7
싱가포르,유학연수,2025-09,29,0.9996,3.29,96.7
싱가포르,유학연수,2025-10,18,0.9996,3.29,96.7
싱가포르,유학연수,2025-11,40,0.9996,3.29,96.7
싱가포르,유학연수,2025-12,40,0.9996,3.29,96.7
싱가포르,유학연수,2026-01,26,0.9996,3.29,96.7
싱가포르,유학연수,2026-02,199,0.9996,3.29,96.7
싱가포르,유학연수,2026-03,46,0.9996,3.29,96.7
싱가포르,유학연수,2026-04,24,0.9996,3.29,96.7
싱가포르,유학연수,2026-05,65,0.9996,3.29,96.7
싱가포르,유학연수,2026-06,59,0.9996,3.29,96.7
싱가포르,유학연수,2026-07,59,0.9996,3.29,96.7
싱가포르,유학연수,2026-08,254,0.9996,3.29,96.7
싱가포르,유학연수,2026-09,29,0.9996,3.29,96.7
싱가포르,유학연수,2026-10,18,0.9996,3.29,96.7
싱가포르,유학연수,2026-11,40,0.9996,3.29,96.7
싱가포르,유학연수,2026-12,40,0.9996,3.29,96.7
아르헨티나,공용,2025-06,1,0.926,24.25,75.7
아르헨티나,공용,2025-07,3,0.926,24.25,75.7
아르헨티나,공용,2025-08,0,0.926,24.25,75.7
아르헨티나,공용,2025-09,1,0.926,24.25,75.7
아르헨티나,공용,2025-10,0,0.926,24.25,75.7
아르헨티나,공용,2025-11,0,0.926,24.25,75.7
아르헨티나,공용,2025-12,0,0.926,24.25,75.7
아르헨티나,공용,2026-01,0,0.926,24.25,75.7
아르헨티나,공용,2026-02,0,0.926,24.25,75.7
아르헨티나,공용,2026-03,1,0.926,24.25,75.7
아르헨티나,공용,2026-04,0,0.926,24.25,75.7
아르헨티나,공용,2026-05,0,0.926,24.25,75.7
아르헨티나,공용,2026-06,0,0.926,24.25,75.7
아르헨티나,공용,2026-07,3,0.926,24.25,75.7
아르헨티나,공용,2026-08,0,0.926,24.25,75.7
아르헨티나,공용,2026-09,0,0.926,24.25,75.7
아르헨티나,공용,2026-10,0,0.926,24.25,75.7
아르헨티나,공용,2026-11,0,0.926,24.25,75.7
아르헨티나,공용,2026-12,0,0.926,24.25,75.7
아르헨티나,관광,2025-06,339,0.9419,1.91,98.1
아르헨티나,관광,2025-07,385,0.9419,1.91,98.1
아르헨티나,관광,2025-08,387,0.9419,1.91,98.1
아르헨티나,관광,2025-09,625,0.9419,1.91,98.1
아르헨티나,관광,2025-10,696,0.9419,1.91,98.1
아르헨티나,관광,2025-11,403,0.9419,1.91,98.1
아르헨티나,관광,2025-12,333,0.9419,1.91,98.1
아르헨티나,관광,2026-01,373,0.9419,1.91,98.1
아르헨티나,관광,2026-02,312,0.9419,1.91,98.1
아르헨티나,관광,2026-03,582,0.9419,1.91,98.1
아르헨티나,관광,2026-04,671,0.9419,1.91,98.1
아르헨티나,관광,2026-05,555,0.9419,1.91,98.1
아르헨티나,관광,2026-06,338,0.9419,1.91,98.1
아르헨티나,관광,2026-07,387,0.9419,1.91,98.1
아르헨티나,관광,2026-08,387,0.9419,1.91,98.1
아르헨티나,관광,2026-09,627,0.9419,1.91,98.1
아르헨티나,관광,2026-10,694,0.9419,1.91,98.1
아르헨티나,관광,2026-11,403,0.9419,1.91,98.1
아르헨티나,관광,2026-12,332,0.9419,1.91,98.1
아르헨티나,상용,2025-06,0,0.9079,16.51,83.5
아르헨티나,상용,2025-07,1,0.9079,16.51,83.5
아르헨티나,상용,2025-08,1,0.9079,16.51,83.5
아르헨티나,상용,2025-09,1,0.9079,16.51,83.5
아르헨티나,상용,2025-10,0,0.9079,16.51,83.5
아르헨티나,상용,2025-11,0,0.9079,16.51,83.5
아르헨티나,상용,2025-12,0,0.9079,16.51,83.5
아르헨티나,상용,2026-01,1,0.9079,16.51,83.5
아르헨티나,상용,2026-02,1,0.9079,16.51,83.5
아르헨티나,상용,2026-03,1,0.9079,16.51,83.5
아르헨티나,상용,2026-04,0,0.9079,16.51,83.5
아르헨티나,상용,2026-05,1,0.9079,16.51,83.5
아르헨티나,상용,2026-06,1,0.9079,16.51,83.5
아르헨티나,상용,2026-07,1,0.9079,16.51,83.5
아르헨티나,상용,2026-08,0,0.9079,16.51,83.5
아르헨티나,상용,2026-09,1,0.9079,16.51,83.5
아르헨티나,상용,2026-10,0,0.9079,16.51,83.5
아르헨티나,상용,2026-11,1,0.9079,16.51,83.5
아르헨티나,상용,2026-12,0,0.9079,16.51,83.5
아르헨티나,유학연수,2025-06,6,0.9912,7.24,92.8
아르헨티나,유학연수,2025-07,9,0.9912,7.24,92.8
아르헨티나,유학연수,2025-08,14,0.9912,7.24,92.8
아르헨티나,유학연수,2025-09,2,0.9912,7.24,92.8
아르헨티나,유학연수,2025-10,1,0.9912,7.24,92.8
아르헨티나,유학연수,2025-11,2,0.9912,7.24,92.8
아르헨티나,유학연수,2025-12,2,0.9912,7.24,92.8
아르헨티나,유학연수,2026-01,4,0.9912,7.24,92.8
아르헨티나,유학연수,2026-02,12,0.9912,7.24,92.8
아르헨티나,유학연수,2026-03,0,0.9912,7.24,92.8
아르헨티나,유학연수,2026-04,4,0.9912,7.24,92.8
아르헨티나,유학연수,2026-05,7,0.9912,7.24,92.8
아르헨티나,유학연수,2026-06,5,0.9912,7.24,92.8
아르헨티나,유학연수,2026-07,9,0.9912,7.24,92.8
아르헨티나,유학연수,2026-08,14,0.9912,7.24,92.8
아르헨티나,유학연수,2026-09,1,0.9912,7.24,92.8
아르헨티나,유학연수,2026-10,1,0.9912,7.24,92.8
아르헨티나,유학연수,2026-11,3,0.9912,7.24,92.8
아르헨티나,유학연수,2026-12,2,0.9912,7.24,92.8
에콰도르,공용,2025-06,2,0.7725,35.13,64.9
에콰도르,공용,2025-07,6,0.7725,35.13,64.9
에콰도르,공용,2025-08,8,0.7725,35.13,64.9
에콰도르,공용,2025-09,8,0.7725,35.13,64.9
에콰도르,공용,2025-10,61,0.7725,35.13,64.9
에콰도르,공용,2025-11,1,0.7725,35.13,64.9
에콰도르,공용,2025-12,2,0.7725,35.13,64.9
에콰도르,공용,2026-01,0,0.7725,35.13,64.9
에콰도르,공용,2026-02,1,0.7725,35.13,64.9
에콰도르,공용,2026-03,1,0.7725,35.13,64.9
에콰도르,공용,2026-04,33,0.7725,35.13,64.9
에콰도르,공용,2026-05,14,0.7725,35.13,64.9
에콰도르,공용,2026-06,3,0.7725,35.13,64.9
에콰도르,공용,2026-07,6,0.7725,35.13,64.9
에콰도르,공용,2026-08,10,0.7725,35.13,64.9
에콰도르,공용,2026-09,7,0.7725,35.13,64.9
에콰도르,공용,2026-10,60,0.7725,35.13,64.9
에콰도르,공용,2026-11,1,0.7725,35.13,64.9
에콰도르,공용,2026-12,2,0.7725,35.13,64.9
에콰도르,관광,2025-06,154,0.9878,2.08,97.9
에콰도르,관광,2025-07,255,0.9878,2.08,97.9
에콰도르,관광,2025-08,158,0.9878,2.08,97.9
에콰도르,관광,2025-09,294,0.9878,2.08,97.9
에콰도르,관광,2025-10,367,0.9878,2.08,97.9
에콰도르,관광,2025-11,187,0.9878,2.08,97.9
에콰도르,관광,2025-12,153,0.9878,2.08,97.9
에콰도르,관광,2026-01,52,0.9878,2.08,97.9
에콰도르,관광,2026-02,104,0.9878,2.08,97.9
에콰도르,관광,2026-03,176,0.9878,2.08,97.9
에콰도르,관광,2026-04,265,0.9878,2.08,97.9
에콰도르,관광,2026-05,195,0.9878,2.08,97.9
에콰도르,관광,2026-06,154,0.9878,2.08,97.9
에콰도르,관광,2026-07,254,0.9878,2.08,97.9
에콰도르,관광,2026-08,158,0.9878,2.08,97.9
에콰도르,관광,2026-09,294,0.9878,2.08,97.9
에콰도르,관광,2026-10,367,0.9878,2.08,97.9
에콰도르,관광,2026-11,187,0.9878,2.08,97.9
에콰도르,관광,2026-12,154,0.9878,2.08,97.9
에콰도르,상용,2025-06,0,0.8762,23.06,76.9
에콰도르,상용,2025-07,0,0.8762,23.06,76.9
에콰도르,상용,2025-08,0,0.8762,23.06,76.9
에콰도르,상용,2025-09,0,0.8762,23.06,76.9
에콰도르,상용,2025-10,0,0.8762,23.06,76.9
에콰도르,상용,2025-11,0,0.8762,23.06,76.9
에콰도르,상용,2025-12,0,0.8762,23.06,76.9
에콰도르,상용,2026-01,0,0.8762,23.06,76.9
에콰도르,상용,2026-02,0,0.8762,23.06,76.9
에콰도르,상용,2026-03,0,0.8762,23.06,76.9
에콰도르,상용,2026-04,0,0.8762,23.06,76.9
에콰도르,상용,2026-05,0,0.8762,23.06,76.9
에콰도르,상용,2026-06,0,0.8762,23.06,76.9
에콰도르,상용,2026-07,0,0.8762,23.06,76.9
에콰도르,상용,2026-08,0,0.8762,23.06,76.9
에콰도르,상용,2026-09,0,0.8762,23.06,76.9
에콰도르,상용,2026-10,0,0.8762,23.06,76.9
에콰도르,상용,2026-11,0,0.8762,23.06,76.9
에콰도르,상용,2026-12,0,0.8762,23.06,76.9
에콰도르,유학연수,2025-06,6,0.9957,2.03,98.0
에콰도르,유학연수,2025-07,11,0.9957,2.03,98.0
에콰도르,유학연수,2025-08,42,0.9957,2.03,98.0
에콰도르,유학연수,2025-09,7,0.9957,2.03,98.0
에콰도르,유학연수,2025-10,5,0.9957,2.03,98.0
에콰도르,유학연수,2025-11,4,0.9957,2.03,98.0
에콰도르,유학연수,2025-12,2,0.9957,2.03,98.0
에콰도르,유학연수,2026-01,15,0.9957,2.03,98.0
에콰도르,유학연수,2026-02,20,0.9957,2.03,98.0
에콰도르,유학연수,2026-03,6,0.9957,2.03,98.0
에콰도르,유학연수,2026-04,0,0.9957,2.03,98.0
에콰도르,유학연수,2026-05,4,0.9957,2.03,98.0
에콰도르,유학연수,2026-06,7,0.9957,2.03,98.0
에콰도르,유학연수,2026-07,11,0.9957,2.03,98.0
에콰도르,유학연수,2026-08,42,0.9957,2.03,98.0
에콰도르,유학연수,2026-09,8,0.9957,2.03,98.0
에콰도르,유학연수,2026-10,5,0.9957,2.03,98.0
에콰도르,유학연수,2026-11,4,0.9957,2.03,98.0
에콰도르,유학연수,2026-12,2,0.9957,2.03,98.0
영국,공용,2025-06,17,0.9295,13.75,86.3
영국,공용,2025-07,19,0.9295,13.75,86.3
영국,공용,2025-08,38,0.9295,13.75,86.3
영국,공용,2025-09,32,0.9295,13.75,86.3
영국,공용,2025-10,14,0.9295,13.75,86.3
영국,공용,2025-11,21,0.9295,13.75,86.3
영국,공용,2025-12,14,0.9295,13.75,86.3
영국,공용,2026-01,35,0.9295,13.75,86.3
영국,공용,2026-02,22,0.9295,13.75,86.3
영국,공용,2026-03,17,0.9295,13.75,86.3
영국,공용,2026-04,29,0.9295,13.75,86.3
영국,공용,2026-05,20,0.9295,13.75,86.3
영국,공용,2026-06,16,0.9295,13.75,86.3
영국,공용,2026-07,19,0.9295,13.75,86.3
영국,공용,2026-08,39,0.9295,13.75,86.3
영국,공용,2026-09,32,0.9295,13.75,86.3
영국,공용,2026-10,15,0.9295,13.75,86.3
영국,공용,2026-11,22,0.9295,13.75,86.3
영국,공용,2026-12,14,0.9295,13.75,86.3
영국,관광,2025-06,10328,0.9861,1.13,98.9
영국,관광,2025-07,9883,0.9861,1.13,98.9
영국,관광,2025-08,11160,0.9861,1.13,98.9
영국,관광,2025-09,12008,0.9861,1.13,98.9
영국,관광,2025-10,15482,0.9861,1.13,98.9
영국,관광,2025-11,9744,0.9861,1.13,98.9
영국,관광,2025-12,6936,0.9861,1.13,98.9
영국,관광,2026-01,5180,0.9861,1.13,98.9
영국,관광,2026-02,5442,0.9861,1.13,98.9
영국,관광,2026-03,14748,0.9861,1.13,98.9
영국,관광,2026-04,17539,0.9861,1.13,98.9
영국,관광,2026-05,12182,0.9861,1.13,98.9
영국,관광,2026-06,10203,0.9861,1.13,98.9
영국,관광,2026-07,9909,0.9861,1.13,98.9
영국,관광,2026-08,11185,0.9861,1.13,98.9
영국,관광,2026-09,12071,0.9861,1.13,98.9
영국,관광,2026-10,15439,0.9861,1.13,98.9
영국,관광,2026-11,9800,0.9861,1.13,98.9
영국,관광,2026-12,6963,0.9861,1.13,98.9
영국,상용,2025-06,47,0.9934,4.24,95.8
영국,상용,2025-07,56,0.9934,4.24,95.8
영국,상용,2025-08,69,0.9934,4.24,95.8
영국,상용,2025-09,80,0.9934,4.24,95.8
영국,상용,2025-10,67,0.9934,4.24,95.8
영국,상용,2025-11,55,0.9934,4.24,95.8
영국,상용,2025-12,58,0.9934,4.24,95.8
영국,상용,2026-01,109,0.9934,4.24,95.8
영국,상용,2026-02,63,0.9934,4.24,95.8
영국,상용,2026-03,54,0.9934,4.24,95.8
영국,상용,2026-04,69,0.9934,4.24,95.8
영국,상용,2026-05,58,0.9934,4.24,95.8
영국,상용,2026-06,46,0.9934,4.24,95.8
영국,상용,2026-07,57,0.9934,4.24,95.8
영국,상용,2026-08,73,0.9934,4.24,95.8
영국,상용,2026-09,77,0.9934,4.24,95.8
영국,상용,2026-10,62,0.9934,4.24,95.8
영국,상용,2026-11,57,0.9934,4.24,95.8
영국,상용,2026-12,58,0.9934,4.24,95.8
영국,유학연수,2025-06,52,0.9979,2.4,97.6
영국,유학연수,2025-07,53,0.9979,2.4,97.6
영국,유학연수,2025-08,308,0.9979,2.4,97.6
영국,유학연수,2025-09,31,0.9979,2.4,97.6
영국,유학연수,2025-10,9,0.9979,2.4,97.6
영국,유학연수,2025-11,54,0.9979,2.4,97.6
영국,유학연수,2025-12,59,0.9979,2.4,97.6
영국,유학연수,2026-01,103,0.9979,2.4,97.6
영국,유학연수,2026-02,192,0.9979,2.4,97.6
영국,유학연수,2026-03,59,0.9979,2.4,97.6
영국,유학연수,2026-04,31,0.9979,2.4,97.6
영국,유학연수,2026-05,67,0.9979,2.4,97.6
영국,유학연수,2026-06,53,0.9979,2.4,97.6
영국,유학연수,2026-07,53,0.9979,2.4,97.6
영국,유학연수,2026-08,308,0.9979,2.4,97.6
영국,유학연수,2026-09,30,0.9979,2.4,97.6
영국,유학연수,2026-10,9,0.9979,2.4,97.6
영국,유학연수,2026-11,54,0.9979,2.4,97.6
영국,유학연수,2026-12,59,0.9979,2.4,97.6
오스트레일리아,공용,2025-06,45,0.944,10.69,89.3
오스트레일리아,공용,2025-07,41,0.944,10.69,89.3
오스트레일리아,공용,2025-08,60,0.944,10.69,89.3
오스트레일리아,공용,2025-09,105,0.944,10.69,89.3
오스트레일리아,공용,2025-10,76,0.944,10.69,89.3
오스트레일리아,공용,2025-11,52,0.944,10.69,89.3
오스트레일리아,공용,2025-12,23,0.944,10.69,89.3
오스트레일리아,공용,2026-01,30,0.944,10.69,89.3
오스트레일리아,공용,2026-02,43,0.944,10.69,89.3
오스트레일리아,공용,2026-03,41,0.944,10.69,89.3
오스트레일리아,공용,2026-04,48,0.944,10.69,89.3
오스트레일리아,공용,2026-05,57,0.944,10.69,89.3
오스트레일리아,공용,2026-06,46,0.944,10.69,89.3
오스트레일리아,공용,2026-07,42,0.944,10.69,89.3
오스트레일리아,공용,2026-08,61,0.944,10.69,89.3
오스트레일리아,공용,2026-09,105,0.944,10.69,89.3
오스트레일리아,공용,2026-10,70,0.944,10.69,89.3
오스트레일리아,공용,2026-11,62,0.944,10.69,89.3
오스트레일리아,공용,2026-12,23,0.944,10.69,89.3
오스트레일리아,관광,2025-06,17566,0.9837,1.04,99.0
오스트레일리아,관광,2025-07,14427,0.9837,1.04,99.0
오스트레일리아,관광,2025-08,12901,0.9837,1.04,99.0
오스트레일리아,관광,2025-09,20342,0.9837,1.04,99.0
오스트레일리아,관광,2025-10,24555,0.9837,1.04,99.0
오스트레일리아,관광,2025-11,18712,0.9837,1.04,99.0
오스트레일리아,관광,2025-12,23260,0.9837,1.04,99.0
오스트레일리아,관광,2026-01,15526,0.9837,1.04,99.0
오스트레일리아,관광,2026-02,9258,0.9837,1.04,99.0
오스트레일리아,관광,2026-03,21081,0.9837,1.04,99.0
오스트레일리아,관광,2026-04,24556,0.9837,1.04,99.0
오스트레일리아,관광,2026-05,18476,0.9837,1.04,99.0
오스트레일리아,관광,2026-06,17576,0.9837,1.04,99.0
오스트레일리아,관광,2026-07,14383,0.9837,1.04,99.0
오스트레일리아,관광,2026-08,12968,0.9837,1.04,99.0
오스트레일리아,관광,2026-09,20483,0.9837,1.04,99.0
오스트레일리아,관광,2026-10,24557,0.9837,1.04,99.0
오스트레일리아,관광,2026-11,18835,0.9837,1.04,99.0
오스트레일리아,관광,2026-12,23263,0.9837,1.04,99.0
오스트레일리아,상용,2025-06,42,0.9852,5.15,94.9
오스트레일리아,상용,2025-07,47,0.9852,5.15,94.9
오스트레일리아,상용,2025-08,45,0.9852,5.15,94.9
오스트레일리아,상용,2025-09,63,0.9852,5.15,94.9
오스트레일리아,상용,2025-10,46,0.9852,5.15,94.9
오스트레일리아,상용,2025-11,41,0.9852,5.15,94.9
오스트레일리아,상용,2025-12,35,0.9852,5.15,94.9
오스트레일리아,상용,2026-01,57,0.9852,5.15,94.9
오스트레일리아,상용,2026-02,42,0.9852,5.15,94.9
오스트레일리아,상용,2026-03,53,0.9852,5.15,94.9
오스트레일리아,상용,2026-04,56,0.9852,5.15,94.9
오스트레일리아,상용,2026-05,40,0.9852,5.15,94.9
오스트레일리아,상용,2026-06,42,0.9852,5.15,94.9
오스트레일리아,상용,2026-07,48,0.9852,5.15,94.9
오스트레일리아,상용,2026-08,46,0.9852,5.15,94.9
오스트레일리아,상용,2026-09,63,0.9852,5.15,94.9
오스트레일리아,상용,2026-10,46,0.9852,5.15,94.9
오스트레일리아,상용,2026-11,37,0.9852,5.15,94.9
오스트레일리아,상용,2026-12,34,0.9852,5.15,94.9
오스트레일리아,유학연수,2025-06,23,0.9973,2.6,97.4
오스트레일리아,유학연수,2025-07,28,0.9973,2.6,97.4
오스트레일리아,유학연수,2025-08,117,0.9973,2.6,97.4
오스트레일리아,유학연수,2025-09,8,0.9973,2.6,97.4
오스트레일리아,유학연수,2025-10,14,0.9973,2.6,97.4
오스트레일리아,유학연수,2025-11,38,0.9973,2.6,97.4
오스트레일리아,유학연수,2025-12,37,0.9973,2.6,97.4
오스트레일리아,유학연수,2026-01,29,0.9973,2.6,97.4
오스트레일리아,유학연수,2026-02,90,0.9973,2.6,97.4
오스트레일리아,유학연수,2026-03,9,0.9973,2.6,97.4
오스트레일리아,유학연수,2026-04,18,0.9973,2.6,97.4
오스트레일리아,유학연수,2026-05,29,0.9973,2.6,97.4
오스트레일리아,유학연수,2026-06,23,0.9973,2.6,97.4
오스트레일리아,유학연수,2026-07,28,0.9973,2.6,97.4
오스트레일리아,유학연수,2026-08,117,0.9973,2.6,97.4
오스트레일리아,유학연수,2026-09,8,0.9973,2.6,97.4
오스트레일리아,유학연수,2026-10,14,0.9973,2.6,97.4
오스트레일리아,유학연수,2026-11,38,0.9973,2.6,97.4
오스트레일리아,유학연수,2026-12,37,0.9973,2.6,97.4
요르단,공용,2025-06,0,0.9104,23.52,76.5
요르단,공용,2025-07,0,0.9104,23.52,76.5
요르단,공용,2025-08,0,0.9104,23.52,76.5
요르단,공용,2025-09,0,0.9104,23.52,76.5
요르단,공용,2025-10,1,0.9104,23.52,76.5
요르단,공용,2025-11,0,0.9104,23.52,76.5
요르단,공용,2025-12,0,0.9104,23.52,76.5
요르단,공용,2026-01,1,0.9104,23.52,76.5
요르단,공용,2026-02,1,0.9104,23.52,76.5
요르단,공용,2026-03,0,0.9104,23.52,76.5
요르단,공용,2026-04,0,0.9104,23.52,76.5
요르단,공용,2026-05,1,0.9104,23.52,76.5
요르단,공용,2026-06,0,0.9104,23.52,76.5
요르단,공용,2026-07,0,0.9104,23.52,76.5
요르단,공용,2026-08,0,0.9104,23.52,76.5
요르단,공용,2026-09,1,0.9104,23.52,76.5
요르단,공용,2026-10,1,0.9104,23.52,76.5
요르단,공용,2026-11,0,0.9104,23.52,76.5
요르단,공용,2026-12,0,0.9104,23.52,76.5
요르단,관광,2025-06,89,0.9889,1.76,98.2
요르단,관광,2025-07,118,0.9889,1.76,98.2
요르단,관광,2025-08,118,0.9889,1.76,98.2
요르단,관광,2025-09,144,0.9889,1.76,98.2
요르단,관광,2025-10,138,0.9889,1.76,98.2
요르단,관광,2025-11,123,0.9889,1.76,98.2
요르단,관광,2025-12,59,0.9889,1.76,98.2
요르단,관광,2026-01,33,0.9889,1.76,98.2
요르단,관광,2026-02,44,0.9889,1.76,98.2
요르단,관광,2026-03,42,0.9889,1.76,98.2
요르단,관광,2026-04,76,0.9889,1.76,98.2
요르단,관광,2026-05,109,0.9889,1.76,98.2
요르단,관광,2026-06,90,0.9889,1.76,98.2
요르단,관광,2026-07,118,0.9889,1.76,98.2
요르단,관광,2026-08,117,0.9889,1.76,98.2
요르단,관광,2026-09,143,0.9889,1.76,98.2
요르단,관광,2026-10,139,0.9889,1.76,98.2
요르단,관광,2026-11,122,0.9889,1.76,98.2
요르단,관광,2026-12,59,0.9889,1.76,98.2
요르단,상용,2025-06,57,0.9741,7.0,93.0
요르단,상용,2025-07,76,0.9741,7.0,93.0
요르단,상용,2025-08,77,0.9741,7.0,93.0
요르단,상용,2025-09,78,0.9741,7.0,93.0
요르단,상용,2025-10,70,0.9741,7.0,93.0
요르단,상용,2025-11,70,0.9741,7.0,93.0
요르단,상용,2025-12,64,0.9741,7.0,93.0
요르단,상용,2026-01,45,0.9741,7.0,93.0
요르단,상용,2026-02,46,0.9741,7.0,93.0
요르단,상용,2026-03,47,0.9741,7.0,93.0
요르단,상용,2026-04,57,0.9741,7.0,93.0
요르단,상용,2026-05,107,0.9741,7.0,93.0
요르단,상용,2026-06,59,0.9741,7.0,93.0
요르단,상용,2026-07,76,0.9741,7.0,93.0
요르단,상용,2026-08,73,0.9741,7.0,93.0
요르단,상용,2026-09,80,0.9741,7.0,93.0
요르단,상용,2026-10,73,0.9741,7.0,93.0
요르단,상용,2026-11,62,0.9741,7.0,93.0
요르단,상용,2026-12,65,0.9741,7.0,93.0
요르단,유학연수,2025-06,3,0.9982,2.27,97.7
요르단,유학연수,2025-07,4,0.9982,2.27,97.7
요르단,유학연수,2025-08,14,0.9982,2.27,97.7
요르단,유학연수,2025-09,6,0.9982,2.27,97.7
요르단,유학연수,2025-10,0,0.9982,2.27,97.7
요르단,유학연수,2025-11,2,0.9982,2.27,97.7
요르단,유학연수,2025-12,0,0.9982,2.27,97.7
요르단,유학연수,2026-01,3,0.9982,2.27,97.7
요르단,유학연수,2026-02,14,0.9982,2.27,97.7
요르단,유학연수,2026-03,4,0.9982,2.27,97.7
요르단,유학연수,2026-04,0,0.9982,2.27,97.7
요르단,유학연수,2026-05,1,0.9982,2.27,97.7
요르단,유학연수,2026-06,3,0.9982,2.27,97.7
요르단,유학연수,2026-07,3,0.9982,2.27,97.7
요르단,유학연수,2026-08,15,0.9982,2.27,97.7
요르단,유학연수,2026-09,7,0.9982,2.27,97.7
요르단,유학연수,2026-10,0,0.9982,2.27,97.7
요르단,유학연수,2026-11,2,0.9982,2.27,97.7
요르단,유학연수,2026-12,0,0.9982,2.27,97.7
우즈베키스탄,공용,2025-06,1,0.939,20.86,79.1
우즈베키스탄,공용,2025-07,1,0.939,20.86,79.1
우즈베키스탄,공용,2025-08,1,0.939,20.86,79.1
우즈베키스탄,공용,2025-09,4,0.939,20.86,79.1
우즈베키스탄,공용,2025-10,5,0.939,20.86,79.1
우즈베키스탄,공용,2025-11,4,0.939,20.86,79.1
우즈베키스탄,공용,2025-12,3,0.939,20.86,79.1
우즈베키스탄,공용,2026-01,9,0.939,20.86,79.1
우즈베키스탄,공용,2026-02,0,0.939,20.86,79.1
우즈베키스탄,공용,2026-03,2,0.939,20.86,79.1
우즈베키스탄,공용,2026-04,0,0.939,20.86,79.1
우즈베키스탄,공용,2026-05,2,0.939,20.86,79.1
우즈베키스탄,공용,2026-06,1,0.939,20.86,79.1
우즈베키스탄,공용,2026-07,1,0.939,20.86,79.1
우즈베키스탄,공용,2026-08,1,0.939,20.86,79.1
우즈베키스탄,공용,2026-09,3,0.939,20.86,79.1
우즈베키스탄,공용,2026-10,5,0.939,20.86,79.1
우즈베키스탄,공용,2026-11,5,0.939,20.86,79.1
우즈베키스탄,공용,2026-12,3,0.939,20.86,79.1
우즈베키스탄,관광,2025-06,772,0.9992,1.51,98.5
우즈베키스탄,관광,2025-07,1064,0.9992,1.51,98.5
우즈베키스탄,관광,2025-08,849,0.9992,1.51,98.5
우즈베키스탄,관광,2025-09,789,0.9992,1.51,98.5
우즈베키스탄,관광,2025-10,871,0.9992,1.51,98.5
우즈베키스탄,관광,2025-11,928,0.9992,1.51,98.5
우즈베키스탄,관광,2025-12,695,0.9992,1.51,98.5
우즈베키스탄,관광,2026-01,573,0.9992,1.51,98.5
우즈베키스탄,관광,2026-02,528,0.9992,1.51,98.5
우즈베키스탄,관광,2026-03,521,0.9992,1.51,98.5
우즈베키스탄,관광,2026-04,655,0.9992,1.51,98.5
우즈베키스탄,관광,2026-05,767,0.9992,1.51,98.5
우즈베키스탄,관광,2026-06,769,0.9992,1.51,98.5
우즈베키스탄,관광,2026-07,1052,0.9992,1.51,98.5
우즈베키스탄,관광,2026-08,846,0.9992,1.51,98.5
우즈베키스탄,관광,2026-09,796,0.9992,1.51,98.5
우즈베키스탄,관광,2026-10,874,0.9992,1.51,98.5
우즈베키스탄,관광,2026-11,927,0.9992,1.51,98.5
우즈베키스탄,관광,2026-12,696,0.9992,1.51,98.5
우즈베키스탄,상용,2025-06,498,0.9834,7.1,92.9
우즈베키스탄,상용,2025-07,404,0.9834,7.1,92.9
우즈베키스탄,상용,2025-08,255,0.9834,7.1,92.9
우즈베키스탄,상용,2025-09,334,0.9834,7.1,92.9
우즈베키스탄,상용,2025-10,376,0.9834,7.1,92.9
우즈베키스탄,상용,2025-11,459,0.9834,7.1,92.9
우즈베키스탄,상용,2025-12,423,0.9834,7.1,92.9
우즈베키스탄,상용,2026-01,482,0.9834,7.1,92.9
우즈베키스탄,상용,2026-02,428,0.9834,7.1,92.9
우즈베키스탄,상용,2026-03,424,0.9834,7.1,92.9
우즈베키스탄,상용,2026-04,451,0.9834,7.1,92.9
우즈베키스탄,상용,2026-05,510,0.9834,7.1,92.9
우즈베키스탄,상용,2026-06,502,0.9834,7.1,92.9
우즈베키스탄,상용,2026-07,394,0.9834,7.1,92.9
우즈베키스탄,상용,2026-08,259,0.9834,7.1,92.9
우즈베키스탄,상용,2026-09,314,0.9834,7.1,92.9
우즈베키스탄,상용,2026-10,366,0.9834,7.1,92.9
우즈베키스탄,상용,2026-11,485,0.9834,7.1,92.9
우즈베키스탄,상용,2026-12,469,0.9834,7.1,92.9
우즈베키스탄,유학연수,2025-06,291,0.9761,4.46,95.5
우즈베키스탄,유학연수,2025-07,689,0.9761,4.46,95.5
우즈베키스탄,유학연수,2025-08,2094,0.9761,4.46,95.5
우즈베키스탄,유학연수,2025-09,2844,0.9761,4.46,95.5
우즈베키스탄,유학연수,2025-10,202,0.9761,4.46,95.5
우즈베키스탄,유학연수,2025-11,261,0.9761,4.46,95.5
우즈베키스탄,유학연수,2025-12,385,0.9761,4.46,95.5
우즈베키스탄,유학연수,2026-01,968,0.9761,4.46,95.5
우즈베키스탄,유학연수,2026-02,1842,0.9761,4.46,95.5
우즈베키스탄,유학연수,2026-03,1441,0.9761,4.46,95.5
우즈베키스탄,유학연수,2026-04,207,0.9761,4.46,95.5
우즈베키스탄,유학연수,2026-05,245,0.9761,4.46,95.5
우즈베키스탄,유학연수,2026-06,290,0.9761,4.46,95.5
우즈베키스탄,유학연수,2026-07,689,0.9761,4.46,95.5
우즈베키스탄,유학연수,2026-08,2096,0.9761,4.46,95.5
우즈베키스탄,유학연수,2026-09,2844,0.9761,4.46,95.5
우즈베키스탄,유학연수,2026-10,201,0.9761,4.46,95.5
우즈베키스탄,유학연수,2026-11,262,0.9761,4.46,95.5
우즈베키스탄,유학연수,2026-12,385,0.9761,4.46,95.5
우크라이나,공용,2025-06,10,0.8602,25.54,74.5
우크라이나,공용,2025-07,2,0.8602,25.54,74.5
우크라이나,공용,2025-08,1,0.8602,25.54,74.5
우크라이나,공용,2025-09,7,0.8602,25.54,74.5
우크라이나,공용,2025-10,4,0.8602,25.54,74.5
우크라이나,공용,2025-11,18,0.8602,25.54,74.5
우크라이나,공용,2025-12,9,0.8602,25.54,74.5
우크라이나,공용,2026-01,0,0.8602,25.54,74.5
우크라이나,공용,2026-02,1,0.8602,25.54,74.5
우크라이나,공용,2026-03,7,0.8602,25.54,74.5
우크라이나,공용,2026-04,2,0.8602,25.54,74.5
우크라이나,공용,2026-05,1,0.8602,25.54,74.5
우크라이나,공용,2026-06,10,0.8602,25.54,74.5
우크라이나,공용,2026-07,2,0.8602,25.54,74.5
우크라이나,공용,2026-08,0,0.8602,25.54,74.5
우크라이나,공용,2026-09,7,0.8602,25.54,74.5
우크라이나,공용,2026-10,5,0.8602,25.54,74.5
우크라이나,공용,2026-11,14,0.8602,25.54,74.5
우크라이나,공용,2026-12,9,0.8602,25.54,74.5
우크라이나,관광,2025-06,489,0.9767,1.5,98.5
우크라이나,관광,2025-07,463,0.9767,1.5,98.5
우크라이나,관광,2025-08,422,0.9767,1.5,98.5
우크라이나,관광,2025-09,764,0.9767,1.5,98.5
우크라이나,관광,2025-10,831,0.9767,1.5,98.5
우크라이나,관광,2025-11,581,0.9767,1.5,98.5
우크라이나,관광,2025-12,429,0.9767,1.5,98.5
우크라이나,관광,2026-01,374,0.9767,1.5,98.5
우크라이나,관광,2026-02,293,0.9767,1.5,98.5
우크라이나,관광,2026-03,493,0.9767,1.5,98.5
우크라이나,관광,2026-04,511,0.9767,1.5,98.5
우크라이나,관광,2026-05,446,0.9767,1.5,98.5
우크라이나,관광,2026-06,487,0.9767,1.5,98.5
우크라이나,관광,2026-07,460,0.9767,1.5,98.5
우크라이나,관광,2026-08,425,0.9767,1.5,98.5
우크라이나,관광,2026-09,759,0.9767,1.5,98.5
우크라이나,관광,2026-10,829,0.9767,1.5,98.5
우크라이나,관광,2026-11,588,0.9767,1.5,98.5
우크라이나,관광,2026-12,430,0.9767,1.5,98.5
우크라이나,상용,2025-06,58,0.9641,11.55,88.4
우크라이나,상용,2025-07,32,0.9641,11.55,88.4
우크라이나,상용,2025-08,37,0.9641,11.55,88.4
우크라이나,상용,2025-09,31,0.9641,11.55,88.4
우크라이나,상용,2025-10,79,0.9641,11.55,88.4
우크라이나,상용,2025-11,47,0.9641,11.55,88.4
우크라이나,상용,2025-12,21,0.9641,11.55,88.4
우크라이나,상용,2026-01,38,0.9641,11.55,88.4
우크라이나,상용,2026-02,29,0.9641,11.55,88.4
우크라이나,상용,2026-03,55,0.9641,11.55,88.4
우크라이나,상용,2026-04,45,0.9641,11.55,88.4
우크라이나,상용,2026-05,50,0.9641,11.55,88.4
우크라이나,상용,2026-06,60,0.9641,11.55,88.4
우크라이나,상용,2026-07,34,0.9641,11.55,88.4
우크라이나,상용,2026-08,34,0.9641,11.55,88.4
우크라이나,상용,2026-09,29,0.9641,11.55,88.4
우크라이나,상용,2026-10,78,0.9641,11.55,88.4
우크라이나,상용,2026-11,43,0.9641,11.55,88.4
우크라이나,상용,2026-12,22,0.9641,11.55,88.4
우크라이나,유학연수,2025-06,11,0.9909,3.0,97.0
우크라이나,유학연수,2025-07,12,0.9909,3.0,97.0
우크라이나,유학연수,2025-08,167,0.9909,3.0,97.0
우크라이나,유학연수,2025-09,16,0.9909,3.0,97.0
우크라이나,유학연수,2025-10,2,0.9909,3.0,97.0
우크라이나,유학연수,2025-11,12,0.9909,3.0,97.0
우크라이나,유학연수,2025-12,13,0.9909,3.0,97.0
우크라이나,유학연수,2026-01,31,0.9909,3.0,97.0
우크라이나,유학연수,2026-02,57,0.9909,3.0,97.0
우크라이나,유학연수,2026-03,18,0.9909,3.0,97.0
우크라이나,유학연수,2026-04,2,0.9909,3.0,97.0
우크라이나,유학연수,2026-05,7,0.9909,3.0,97.0
우크라이나,유학연수,2026-06,11,0.9909,3.0,97.0
우크라이나,유학연수,2026-07,13,0.9909,3.0,97.0
우크라이나,유학연수,2026-08,167,0.9909,3.0,97.0
우크라이나,유학연수,2026-09,17,0.9909,3.0,97.0
우크라이나,유학연수,2026-10,2,0.9909,3.0,97.0
우크라이나,유학연수,2026-11,11,0.9909,3.0,97.0
우크라이나,유학연수,2026-12,13,0.9909,3.0,97.0
이라크,공용,2025-06,0,0.8661,33.85,66.1
이라크,공용,2025-07,4,0.8661,33.85,66.1
이라크,공용,2025-08,8,0.8661,33.85,66.1
이라크,공용,2025-09,1,0.8661,33.85,66.1
이라크,공용,2025-10,3,0.8661,33.85,66.1
이라크,공용,2025-11,2,0.8661,33.85,66.1
이라크,공용,2025-12,1,0.8661,33.85,66.1
이라크,공용,2026-01,8,0.8661,33.85,66.1
이라크,공용,2026-02,8,0.8661,33.85,66.1
이라크,공용,2026-03,7,0.8661,33.85,66.1
이라크,공용,2026-04,0,0.8661,33.85,66.1
이라크,공용,2026-05,0,0.8661,33.85,66.1
이라크,공용,2026-06,0,0.8661,33.85,66.1
이라크,공용,2026-07,3,0.8661,33.85,66.1
이라크,공용,2026-08,7,0.8661,33.85,66.1
이라크,공용,2026-09,1,0.8661,33.85,66.1
이라크,공용,2026-10,4,0.8661,33.85,66.1
이라크,공용,2026-11,1,0.8661,33.85,66.1
이라크,공용,2026-12,1,0.8661,33.85,66.1
이라크,관광,2025-06,79,0.9765,3.47,96.5
이라크,관광,2025-07,120,0.9765,3.47,96.5
이라크,관광,2025-08,111,0.9765,3.47,96.5
이라크,관광,2025-09,63,0.9765,3.47,96.5
이라크,관광,2025-10,172,0.9765,3.47,96.5
이라크,관광,2025-11,95,0.9765,3.47,96.5
이라크,관광,2025-12,66,0.9765,3.47,96.5
이라크,관광,2026-01,9,0.9765,3.47,96.5
이라크,관광,2026-02,76,0.9765,3.47,96.5
이라크,관광,2026-03,44,0.9765,3.47,96.5
이라크,관광,2026-04,89,0.9765,3.47,96.5
이라크,관광,2026-05,40,0.9765,3.47,96.5
이라크,관광,2026-06,80,0.9765,3.47,96.5
이라크,관광,2026-07,121,0.9765,3.47,96.5
이라크,관광,2026-08,110,0.9765,3.47,96.5
이라크,관광,2026-09,63,0.9765,3.47,96.5
이라크,관광,2026-10,170,0.9765,3.47,96.5
이라크,관광,2026-11,95,0.9765,3.47,96.5
이라크,관광,2026-12,65,0.9765,3.47,96.5
이라크,상용,2025-06,98,0.9493,7.94,92.1
이라크,상용,2025-07,102,0.9493,7.94,92.1
이라크,상용,2025-08,99,0.9493,7.94,92.1
이라크,상용,2025-09,99,0.9493,7.94,92.1
이라크,상용,2025-10,83,0.9493,7.94,92.1
이라크,상용,2025-11,103,0.9493,7.94,92.1
이라크,상용,2025-12,71,0.9493,7.94,92.1
이라크,상용,2026-01,107,0.9493,7.94,92.1
이라크,상용,2026-02,103,0.9493,7.94,92.1
이라크,상용,2026-03,100,0.9493,7.94,92.1
이라크,상용,2026-04,93,0.9493,7.94,92.1
이라크,상용,2026-05,116,0.9493,7.94,92.1
이라크,상용,2026-06,98,0.9493,7.94,92.1
이라크,상용,2026-07,111,0.9493,7.94,92.1
이라크,상용,2026-08,94,0.9493,7.94,92.1
이라크,상용,2026-09,95,0.9493,7.94,92.1
이라크,상용,2026-10,82,0.9493,7.94,92.1
이라크,상용,2026-11,110,0.9493,7.94,92.1
이라크,상용,2026-12,69,0.9493,7.94,92.1
이라크,유학연수,2025-06,2,0.9923,3.09,96.9
이라크,유학연수,2025-07,2,0.9923,3.09,96.9
이라크,유학연수,2025-08,11,0.9923,3.09,96.9
이라크,유학연수,2025-09,3,0.9923,3.09,96.9
이라크,유학연수,2025-10,0,0.9923,3.09,96.9
이라크,유학연수,2025-11,1,0.9923,3.09,96.9
이라크,유학연수,2025-12,2,0.9923,3.09,96.9
이라크,유학연수,2026-01,6,0.9923,3.09,96.9
이라크,유학연수,2026-02,10,0.9923,3.09,96.9
이라크,유학연수,2026-03,2,0.9923,3.09,96.9
이라크,유학연수,2026-04,0,0.9923,3.09,96.9
이라크,유학연수,2026-05,0,0.9923,3.09,96.9
이라크,유학연수,2026-06,3,0.9923,3.09,96.9
이라크,유학연수,2026-07,2,0.9923,3.09,96.9
이라크,유학연수,2026-08,11,0.9923,3.09,96.9
이라크,유학연수,2026-09,4,0.9923,3.09,96.9
이라크,유학연수,2026-10,0,0.9923,3.09,96.9
이라크,유학연수,2026-11,0,0.9923,3.09,96.9
이라크,유학연수,2026-12,2,0.9923,3.09,96.9
이란,공용,2025-06,2,0.8551,21.48,78.5
이란,공용,2025-07,1,0.8551,21.48,78.5
이란,공용,2025-08,4,0.8551,21.48,78.5
이란,공용,2025-09,8,0.8551,21.48,78.5
이란,공용,2025-10,6,0.8551,21.48,78.5
이란,공용,2025-11,7,0.8551,21.48,78.5
이란,공용,2025-12,3,0.8551,21.48,78.5
이란,공용,2026-01,1,0.8551,21.48,78.5
이란,공용,2026-02,1,0.8551,21.48,78.5
이란,공용,2026-03,1,0.8551,21.48,78.5
이란,공용,2026-04,5,0.8551,21.48,78.5
이란,공용,2026-05,17,0.8551,21.48,78.5
이란,공용,2026-06,1,0.8551,21.48,78.5
이란,공용,2026-07,0,0.8551,21.48,78.5
이란,공용,2026-08,4,0.8551,21.48,78.5
이란,공용,2026-09,8,0.8551,21.48,78.5
이란,공용,2026-10,6,0.8551,21.48,78.5
이란,공용,2026-11,7,0.8551,21.48,78.5
이란,공용,2026-12,2,0.8551,21.48,78.5
이란,관광,2025-06,226,0.9843,2.09,97.9
이란,관광,2025-07,190,0.9843,2.09,97.9
이란,관광,2025-08,486,0.9843,2.09,97.9
이란,관광,2025-09,298,0.9843,2.09,97.9
이란,관광,2025-10,184,0.9843,2.09,97.9
이란,관광,2025-11,189,0.9843,2.09,97.9
이란,관광,2025-12,131,0.9843,2.09,97.9
이란,관광,2026-01,70,0.9843,2.09,97.9
이란,관광,2026-02,66,0.9843,2.09,97.9
이란,관광,2026-03,380,0.9843,2.09,97.9
이란,관광,2026-04,189,0.9843,2.09,97.9
이란,관광,2026-05,251,0.9843,2.09,97.9
이란,관광,2026-06,225,0.9843,2.09,97.9
이란,관광,2026-07,189,0.9843,2.09,97.9
이란,관광,2026-08,489,0.9843,2.09,97.9
이란,관광,2026-09,297,0.9843,2.09,97.9
이란,관광,2026-10,182,0.9843,2.09,97.9
이란,관광,2026-11,189,0.9843,2.09,97.9
이란,관광,2026-12,130,0.9843,2.09,97.9
이란,상용,2025-06,40,0.9798,9.22,90.8
이란,상용,2025-07,53,0.9798,9.22,90.8
이란,상용,2025-08,39,0.9798,9.22,90.8
이란,상용,2025-09,37,0.9798,9.22,90.8
이란,상용,2025-10,37,0.9798,9.22,90.8
이란,상용,2025-11,30,0.9798,9.22,90.8
이란,상용,2025-12,70,0.9798,9.22,90.8
이란,상용,2026-01,37,0.9798,9.22,90.8
이란,상용,2026-02,30,0.9798,9.22,90.8
이란,상용,2026-03,47,0.9798,9.22,90.8
이란,상용,2026-04,49,0.9798,9.22,90.8
이란,상용,2026-05,21,0.9798,9.22,90.8
이란,상용,2026-06,39,0.9798,9.22,90.8
이란,상용,2026-07,52,0.9798,9.22,90.8
이란,상용,2026-08,41,0.9798,9.22,90.8
이란,상용,2026-09,36,0.9798,9.22,90.8
이란,상용,2026-10,38,0.9798,9.22,90.8
이란,상용,2026-11,28,0.9798,9.22,90.8
이란,상용,2026-12,67,0.9798,9.22,90.8
이란,유학연수,2025-06,23,0.9984,2.15,97.8
이란,유학연수,2025-07,27,0.9984,2.15,97.8
이란,유학연수,2025-08,110,0.9984,2.15,97.8
이란,유학연수,2025-09,33,0.9984,2.15,97.8
이란,유학연수,2025-10,12,0.9984,2.15,97.8
이란,유학연수,2025-11,20,0.9984,2.15,97.8
이란,유학연수,2025-12,22,0.9984,2.15,97.8
이란,유학연수,2026-01,24,0.9984,2.15,97.8
이란,유학연수,2026-02,73,0.9984,2.15,97.8
이란,유학연수,2026-03,29,0.9984,2.15,97.8
이란,유학연수,2026-04,9,0.9984,2.15,97.8
이란,유학연수,2026-05,10,0.9984,2.15,97.8
이란,유학연수,2026-06,22,0.9984,2.15,97.8
이란,유학연수,2026-07,27,0.9984,2.15,97.8
이란,유학연수,2026-08,110,0.9984,2.15,97.8
이란,유학연수,2026-09,33,0.9984,2.15,97.8
이란,유학연수,2026-10,12,0.9984,2.15,97.8
이란,유학연수,2026-11,20,0.9984,2.15,97.8
이란,유학연수,2026-12,22,0.9984,2.15,97.8
이스라엘,공용,2025-06,7,0.8927,21.41,78.6
이스라엘,공용,2025-07,4,0.8927,21.41,78.6
이스라엘,공용,2025-08,7,0.8927,21.41,78.6
이스라엘,공용,2025-09,20,0.8927,21.41,78.6
이스라엘,공용,2025-10,11,0.8927,21.41,78.6
이스라엘,공용,2025-11,13,0.8927,21.41,78.6
이스라엘,공용,2025-12,18,0.8927,21.41,78.6
이스라엘,공용,2026-01,1,0.8927,21.41,78.6
이스라엘,공용,2026-02,2,0.8927,21.41,78.6
이스라엘,공용,2026-03,15,0.8927,21.41,78.6
이스라엘,공용,2026-04,5,0.8927,21.41,78.6
이스라엘,공용,2026-05,4,0.8927,21.41,78.6
이스라엘,공용,2026-06,8,0.8927,21.41,78.6
이스라엘,공용,2026-07,4,0.8927,21.41,78.6
이스라엘,공용,2026-08,6,0.8927,21.41,78.6
이스라엘,공용,2026-09,19,0.8927,21.41,78.6
이스라엘,공용,2026-10,11,0.8927,21.41,78.6
이스라엘,공용,2026-11,12,0.8927,21.41,78.6
이스라엘,공용,2026-12,19,0.8927,21.41,78.6
이스라엘,관광,2025-06,872,0.9414,2.01,98.0
이스라엘,관광,2025-07,1068,0.9414,2.01,98.0
이스라엘,관광,2025-08,1167,0.9414,2.01,98.0
이스라엘,관광,2025-09,1560,0.9414,2.01,98.0
이스라엘,관광,2025-10,2692,0.9414,2.01,98.0
이스라엘,관광,2025-11,1309,0.9414,2.01,98.0
이스라엘,관광,2025-12,886,0.9414,2.01,98.0
이스라엘,관광,2026-01,419,0.9414,2.01,98.0
이스라엘,관광,2026-02,332,0.9414,2.01,98.0
이스라엘,관광,2026-03,1013,0.9414,2.01,98.0
이스라엘,관광,2026-04,1586,0.9414,2.01,98.0
이스라엘,관광,2026-05,1488,0.9414,2.01,98.0
이스라엘,관광,2026-06,869,0.9414,2.01,98.0
이스라엘,관광,2026-07,1064,0.9414,2.01,98.0
이스라엘,관광,2026-08,1160,0.9414,2.01,98.0
이스라엘,관광,2026-09,1559,0.9414,2.01,98.0
이스라엘,관광,2026-10,2713,0.9414,2.01,98.0
이스라엘,관광,2026-11,1301,0.9414,2.01,98.0
이스라엘,관광,2026-12,893,0.9414,2.01,98.0
이스라엘,상용,2025-06,4,0.8817,14.77,85.2
이스라엘,상용,2025-07,5,0.8817,14.77,85.2
이스라엘,상용,2025-08,3,0.8817,14.77,85.2
이스라엘,상용,2025-09,9,0.8817,14.77,85.2
이스라엘,상용,2025-10,5,0.8817,14.77,85.2
이스라엘,상용,2025-11,4,0.8817,14.77,85.2
이스라엘,상용,2025-12,8,0.8817,14.77,85.2
이스라엘,상용,2026-01,7,0.8817,14.77,85.2
이스라엘,상용,2026-02,2,0.8817,14.77,85.2
이스라엘,상용,2026-03,6,0.8817,14.77,85.2
이스라엘,상용,2026-04,6,0.8817,14.77,85.2
이스라엘,상용,2026-05,6,0.8817,14.77,85.2
이스라엘,상용,2026-06,4,0.8817,14.77,85.2
이스라엘,상용,2026-07,5,0.8817,14.77,85.2
이스라엘,상용,2026-08,3,0.8817,14.77,85.2
이스라엘,상용,2026-09,9,0.8817,14.77,85.2
이스라엘,상용,2026-10,6,0.8817,14.77,85.2
이스라엘,상용,2026-11,4,0.8817,14.77,85.2
이스라엘,상용,2026-12,8,0.8817,14.77,85.2
이스라엘,유학연수,2025-06,6,0.996,1.81,98.2
이스라엘,유학연수,2025-07,4,0.996,1.81,98.2
이스라엘,유학연수,2025-08,35,0.996,1.81,98.2
이스라엘,유학연수,2025-09,4,0.996,1.81,98.2
이스라엘,유학연수,2025-10,2,0.996,1.81,98.2
이스라엘,유학연수,2025-11,4,0.996,1.81,98.2
이스라엘,유학연수,2025-12,6,0.996,1.81,98.2
이스라엘,유학연수,2026-01,4,0.996,1.81,98.2
이스라엘,유학연수,2026-02,19,0.996,1.81,98.2
이스라엘,유학연수,2026-03,5,0.996,1.81,98.2
이스라엘,유학연수,2026-04,2,0.996,1.81,98.2
이스라엘,유학연수,2026-05,5,0.996,1.81,98.2
이스라엘,유학연수,2026-06,5,0.996,1.81,98.2
이스라엘,유학연수,2026-07,4,0.996,1.81,98.2
이스라엘,유학연수,2026-08,36,0.996,1.81,98.2
이스라엘,유학연수,2026-09,4,0.996,1.81,98.2
이스라엘,유학연수,2026-10,2,0.996,1.81,98.2
이스라엘,유학연수,2026-11,4,0.996,1.81,98.2
이스라엘,유학연수,2026-12,6,0.996,1.81,98.2
이집트,공용,2025-06,6,0.8604,26.57,73.4
이집트,공용,2025-07,0,0.8604,26.57,73.4
이집트,공용,2025-08,0,0.8604,26.57,73.4
이집트,공용,2025-09,4,0.8604,26.57,73.4
이집트,공용,2025-10,25,0.8604,26.57,73.4
이집트,공용,2025-11,6,0.8604,26.57,73.4
이집트,공용,2025-12,0,0.8604,26.57,73.4
이집트,공용,2026-01,1,0.8604,26.57,73.4
이집트,공용,2026-02,0,0.8604,26.57,73.4
이집트,공용,2026-03,6,0.8604,26.57,73.4
이집트,공용,2026-04,3,0.8604,26.57,73.4
이집트,공용,2026-05,9,0.8604,26.57,73.4
이집트,공용,2026-06,5,0.8604,26.57,73.4
이집트,공용,2026-07,0,0.8604,26.57,73.4
이집트,공용,2026-08,0,0.8604,26.57,73.4
이집트,공용,2026-09,4,0.8604,26.57,73.4
이집트,공용,2026-10,25,0.8604,26.57,73.4
이집트,공용,2026-11,5,0.8604,26.57,73.4
이집트,공용,2026-12,0,0.8604,26.57,73.4
이집트,관광,2025-06,210,0.9953,1.86,98.1
이집트,관광,2025-07,166,0.9953,1.86,98.1
이집트,관광,2025-08,172,0.9953,1.86,98.1
이집트,관광,2025-09,335,0.9953,1.86,98.1
이집트,관광,2025-10,249,0.9953,1.86,98.1
이집트,관광,2025-11,209,0.9953,1.86,98.1
이집트,관광,2025-12,202,0.9953,1.86,98.1
이집트,관광,2026-01,112,0.9953,1.86,98.1
이집트,관광,2026-02,146,0.9953,1.86,98.1
이집트,관광,2026-03,79,0.9953,1.86,98.1
이집트,관광,2026-04,162,0.9953,1.86,98.1
이집트,관광,2026-05,151,0.9953,1.86,98.1
이집트,관광,2026-06,207,0.9953,1.86,98.1
이집트,관광,2026-07,166,0.9953,1.86,98.1
이집트,관광,2026-08,172,0.9953,1.86,98.1
이집트,관광,2026-09,334,0.9953,1.86,98.1
이집트,관광,2026-10,249,0.9953,1.86,98.1
이집트,관광,2026-11,209,0.9953,1.86,98.1
이집트,관광,2026-12,200,0.9953,1.86,98.1
이집트,상용,2025-06,128,0.9554,8.15,91.9
이집트,상용,2025-07,101,0.9554,8.15,91.9
이집트,상용,2025-08,128,0.9554,8.15,91.9
이집트,상용,2025-09,161,0.9554,8.15,91.9
이집트,상용,2025-10,148,0.9554,8.15,91.9
이집트,상용,2025-11,152,0.9554,8.15,91.9
이집트,상용,2025-12,142,0.9554,8.15,91.9
이집트,상용,2026-01,121,0.9554,8.15,91.9
이집트,상용,2026-02,104,0.9554,8.15,91.9
이집트,상용,2026-03,113,0.9554,8.15,91.9
이집트,상용,2026-04,121,0.9554,8.15,91.9
이집트,상용,2026-05,135,0.9554,8.15,91.9
이집트,상용,2026-06,146,0.9554,8.15,91.9
이집트,상용,2026-07,114,0.9554,8.15,91.9
이집트,상용,2026-08,115,0.9554,8.15,91.9
이집트,상용,2026-09,162,0.9554,8.15,91.9
이집트,상용,2026-10,163,0.9554,8.15,91.9
이집트,상용,2026-11,144,0.9554,8.15,91.9
이집트,상용,2026-12,143,0.9554,8.15,91.9
이집트,유학연수,2025-06,7,0.992,3.37,96.6
이집트,유학연수,2025-07,10,0.992,3.37,96.6
이집트,유학연수,2025-08,80,0.992,3.37,96.6
이집트,유학연수,2025-09,20,0.992,3.37,96.6
이집트,유학연수,2025-10,4,0.992,3.37,96.6
이집트,유학연수,2025-11,11,0.992,3.37,96.6
이집트,유학연수,2025-12,12,0.992,3.37,96.6
이집트,유학연수,2026-01,13,0.992,3.37,96.6
이집트,유학연수,2026-02,56,0.992,3.37,96.6
이집트,유학연수,2026-03,15,0.992,3.37,96.6
이집트,유학연수,2026-04,3,0.992,3.37,96.6
이집트,유학연수,2026-05,5,0.992,3.37,96.6
이집트,유학연수,2026-06,6,0.992,3.37,96.6
이집트,유학연수,2026-07,10,0.992,3.37,96.6
이집트,유학연수,2026-08,81,0.992,3.37,96.6
이집트,유학연수,2026-09,20,0.992,3.37,96.6
이집트,유학연수,2026-10,4,0.992,3.37,96.6
이집트,유학연수,2026-11,12,0.992,3.37,96.6
이집트,유학연수,2026-12,12,0.992,3.37,96.6
이탈리아,공용,2025-06,7,0.8962,14.91,85.1
이탈리아,공용,2025-07,10,0.8962,14.91,85.1
이탈리아,공용,2025-08,10,0.8962,14.91,85.1
이탈리아,공용,2025-09,11,0.8962,14.91,85.1
이탈리아,공용,2025-10,5,0.8962,14.91,85.1
이탈리아,공용,2025-11,6,0.8962,14.91,85.1
이탈리아,공용,2025-12,2,0.8962,14.91,85.1
이탈리아,공용,2026-01,10,0.8962,14.91,85.1
이탈리아,공용,2026-02,4,0.8962,14.91,85.1
이탈리아,공용,2026-03,6,0.8962,14.91,85.1
이탈리아,공용,2026-04,7,0.8962,14.91,85.1
이탈리아,공용,2026-05,10,0.8962,14.91,85.1
이탈리아,공용,2026-06,6,0.8962,14.91,85.1
이탈리아,공용,2026-07,10,0.8962,14.91,85.1
이탈리아,공용,2026-08,10,0.8962,14.91,85.1
이탈리아,공용,2026-09,9,0.8962,14.91,85.1
이탈리아,공용,2026-10,5,0.8962,14.91,85.1
이탈리아,공용,2026-11,8,0.8962,14.91,85.1
이탈리아,공용,2026-12,2,0.8962,14.91,85.1
이탈리아,관광,2025-06,3742,0.9802,1.28,98.7
이탈리아,관광,2025-07,3874,0.9802,1.28,98.7
이탈리아,관광,2025-08,8235,0.9802,1.28,98.7
이탈리아,관광,2025-09,4783,0.9802,1.28,98.7
이탈리아,관광,2025-10,5810,0.9802,1.28,98.7
이탈리아,관광,2025-11,4662,0.9802,1.28,98.7
이탈리아,관광,2025-12,3516,0.9802,1.28,98.7
이탈리아,관광,2026-01,2006,0.9802,1.28,98.7
이탈리아,관광,2026-02,1714,0.9802,1.28,98.7
이탈리아,관광,2026-03,4906,0.9802,1.28,98.7
이탈리아,관광,2026-04,5656,0.9802,1.28,98.7
이탈리아,관광,2026-05,4282,0.9802,1.28,98.7
이탈리아,관광,2026-06,3747,0.9802,1.28,98.7
이탈리아,관광,2026-07,3927,0.9802,1.28,98.7
이탈리아,관광,2026-08,8212,0.9802,1.28,98.7
이탈리아,관광,2026-09,4760,0.9802,1.28,98.7
이탈리아,관광,2026-10,5820,0.9802,1.28,98.7
이탈리아,관광,2026-11,4673,0.9802,1.28,98.7
이탈리아,관광,2026-12,3484,0.9802,1.28,98.7
이탈리아,상용,2025-06,41,0.96,7.61,92.4
이탈리아,상용,2025-07,35,0.96,7.61,92.4
이탈리아,상용,2025-08,47,0.96,7.61,92.4
이탈리아,상용,2025-09,51,0.96,7.61,92.4
이탈리아,상용,2025-10,46,0.96,7.61,92.4
이탈리아,상용,2025-11,46,0.96,7.61,92.4
이탈리아,상용,2025-12,60,0.96,7.61,92.4
이탈리아,상용,2026-01,58,0.96,7.61,92.4
이탈리아,상용,2026-02,37,0.96,7.61,92.4
이탈리아,상용,2026-03,37,0.96,7.61,92.4
이탈리아,상용,2026-04,36,0.96,7.61,92.4
이탈리아,상용,2026-05,47,0.96,7.61,92.4
이탈리아,상용,2026-06,37,0.96,7.61,92.4
이탈리아,상용,2026-07,34,0.96,7.61,92.4
이탈리아,상용,2026-08,48,0.96,7.61,92.4
이탈리아,상용,2026-09,46,0.96,7.61,92.4
이탈리아,상용,2026-10,43,0.96,7.61,92.4
이탈리아,상용,2026-11,49,0.96,7.61,92.4
이탈리아,상용,2026-12,58,0.96,7.61,92.4
이탈리아,유학연수,2025-06,67,0.9933,2.7,97.3
이탈리아,유학연수,2025-07,53,0.9933,2.7,97.3
이탈리아,유학연수,2025-08,370,0.9933,2.7,97.3
이탈리아,유학연수,2025-09,55,0.9933,2.7,97.3
이탈리아,유학연수,2025-10,21,0.9933,2.7,97.3
이탈리아,유학연수,2025-11,92,0.9933,2.7,97.3
이탈리아,유학연수,2025-12,79,0.9933,2.7,97.3
이탈리아,유학연수,2026-01,73,0.9933,2.7,97.3
이탈리아,유학연수,2026-02,226,0.9933,2.7,97.3
이탈리아,유학연수,2026-03,42,0.9933,2.7,97.3
이탈리아,유학연수,2026-04,16,0.9933,2.7,97.3
이탈리아,유학연수,2026-05,61,0.9933,2.7,97.3
이탈리아,유학연수,2026-06,68,0.9933,2.7,97.3
이탈리아,유학연수,2026-07,53,0.9933,2.7,97.3
이탈리아,유학연수,2026-08,370,0.9933,2.7,97.3
이탈리아,유학연수,2026-09,55,0.9933,2.7,97.3
이탈리아,유학연수,2026-10,21,0.9933,2.7,97.3
이탈리아,유학연수,2026-11,92,0.9933,2.7,97.3
이탈리아,유학연수,2026-12,79,0.9933,2.7,97.3
인도,공용,2025-06,83,0.927,13.81,86.2
인도,공용,2025-07,37,0.927,13.81,86.2
인도,공용,2025-08,57,0.927,13.81,86.2
인도,공용,2025-09,61,0.927,13.81,86.2
인도,공용,2025-10,94,0.927,13.81,86.2
인도,공용,2025-11,55,0.927,13.81,86.2
인도,공용,2025-12,30,0.927,13.81,86.2
인도,공용,2025-06,423,0.9631,12.71,87.3
인도,공용,2025-07,352,0.9631,12.71,87.3
인도,공용,2025-08,279,0.9631,12.71,87.3
인도,공용,2025-09,392,0.9631,12.71,87.3
인도,공용,2025-10,444,0.9631,12.71,87.3
인도,공용,2025-11,266,0.9631,12.71,87.3
인도,공용,2025-12,185,0.9631,12.71,87.3
인도,공용,2026-01,51,0.927,13.81,86.2
인도,공용,2026-02,32,0.927,13.81,86.2
인도,공용,2026-03,41,0.927,13.81,86.2
인도,공용,2026-04,51,0.927,13.81,86.2
인도,공용,2026-05,81,0.927,13.81,86.2
인도,공용,2026-06,68,0.927,13.81,86.2
인도,공용,2026-07,37,0.927,13.81,86.2
인도,공용,2026-08,67,0.927,13.81,86.2
인도,공용,2026-09,61,0.927,13.81,86.2
인도,공용,2026-10,83,0.927,13.81,86.2
인도,공용,2026-11,63,0.927,13.81,86.2
인도,공용,2026-12,29,0.927,13.81,86.2
인도,공용,2026-01,100,0.9631,12.71,87.3
인도,공용,2026-02,88,0.9631,12.71,87.3
인도,공용,2026-03,102,0.9631,12.71,87.3
인도,공용,2026-04,160,0.9631,12.71,87.3
인도,공용,2026-05,389,0.9631,12.71,87.3
인도,공용,2026-06,359,0.9631,12.71,87.3
인도,공용,2026-07,378,0.9631,12.71,87.3
인도,공용,2026-08,280,0.9631,12.71,87.3
인도,공용,2026-09,424,0.9631,12.71,87.3
인도,공용,2026-10,432,0.9631,12.71,87.3
인도,공용,2026-11,257,0.9631,12.71,87.3
인도,공용,2026-12,171,0.9631,12.71,87.3
인도,관광,2025-06,4906,0.9545,1.69,98.3
인도,관광,2025-07,3500,0.9545,1.69,98.3
인도,관광,2025-08,3786,0.9545,1.69,98.3
인도,관광,2025-09,5289,0.9545,1.69,98.3
인도,관광,2025-10,5856,0.9545,1.69,98.3
인도,관광,2025-11,4102,0.9545,1.69,98.3
인도,관광,2025-12,3190,0.9545,1.69,98.3
인도,관광,2025-06,13494,0.9815,1.64,98.4
인도,관광,2025-07,10018,0.9815,1.64,98.4
인도,관광,2025-08,7658,0.9815,1.64,98.4
인도,관광,2025-09,12263,0.9815,1.64,98.4
인도,관광,2025-10,20212,0.9815,1.64,98.4
인도,관광,2025-11,17361,0.9815,1.64,98.4
인도,관광,2025-12,18555,0.9815,1.64,98.4
인도,관광,2026-01,2057,0.9545,1.69,98.3
인도,관광,2026-02,1876,0.9545,1.69,98.3
인도,관광,2026-03,4331,0.9545,1.69,98.3
인도,관광,2026-04,5535,0.9545,1.69,98.3
인도,관광,2026-05,5477,0.9545,1.69,98.3
인도,관광,2026-06,4815,0.9545,1.69,98.3
인도,관광,2026-07,3507,0.9545,1.69,98.3
인도,관광,2026-08,3926,0.9545,1.69,98.3
인도,관광,2026-09,5233,0.9545,1.69,98.3
인도,관광,2026-10,5817,0.9545,1.69,98.3
인도,관광,2026-11,4222,0.9545,1.69,98.3
인도,관광,2026-12,3196,0.9545,1.69,98.3
인도,관광,2026-01,10791,0.9815,1.64,98.4
인도,관광,2026-02,9827,0.9815,1.64,98.4
인도,관광,2026-03,12344,0.9815,1.64,98.4
인도,관광,2026-04,23596,0.9815,1.64,98.4
인도,관광,2026-05,16118,0.9815,1.64,98.4
인도,관광,2026-06,13546,0.9815,1.64,98.4
인도,관광,2026-07,9945,0.9815,1.64,98.4
인도,관광,2026-08,7594,0.9815,1.64,98.4
인도,관광,2026-09,12244,0.9815,1.64,98.4
인도,관광,2026-10,20349,0.9815,1.64,98.4
인도,관광,2026-11,17238,0.9815,1.64,98.4
인도,관광,2026-12,18641,0.9815,1.64,98.4
인도,상용,2025-06,1919,0.9836,4.23,95.8
인도,상용,2025-07,1902,0.9836,4.23,95.8
인도,상용,2025-08,1998,0.9836,4.23,95.8
인도,상용,2025-09,2192,0.9836,4.23,95.8
인도,상용,2025-10,2265,0.9836,4.23,95.8
인도,상용,2025-11,2259,0.9836,4.23,95.8
인도,상용,2025-12,1528,0.9836,4.23,95.8
인도,상용,2025-06,233,0.975,8.24,91.8
인도,상용,2025-07,222,0.975,8.24,91.8
인도,상용,2025-08,182,0.975,8.24,91.8
인도,상용,2025-09,217,0.975,8.24,91.8
인도,상용,2025-10,251,0.975,8.24,91.8
인도,상용,2025-11,299,0.975,8.24,91.8
인도,상용,2025-12,213,0.975,8.24,91.8
인도,상용,2026-01,1461,0.9836,4.23,95.8
인도,상용,2026-02,1493,0.9836,4.23,95.8
인도,상용,2026-03,2122,0.9836,4.23,95.8
인도,상용,2026-04,2434,0.9836,4.23,95.8
인도,상용,2026-05,2695,0.9836,4.23,95.8
인도,상용,2026-06,1954,0.9836,4.23,95.8
인도,상용,2026-07,1925,0.9836,4.23,95.8
인도,상용,2026-08,1994,0.9836,4.23,95.8
인도,상용,2026-09,2071,0.9836,4.23,95.8
인도,상용,2026-10,2177,0.9836,4.23,95.8
인도,상용,2026-11,2264,0.9836,4.23,95.8
인도,상용,2026-12,1501,0.9836,4.23,95.8
인도,상용,2026-01,107,0.975,8.24,91.8
인도,상용,2026-02,133,0.975,8.24,91.8
인도,상용,2026-03,172,0.975,8.24,91.8
인도,상용,2026-04,249,0.975,8.24,91.8
인도,상용,2026-05,227,0.975,8.24,91.8
인도,상용,2026-06,238,0.975,8.24,91.8
인도,상용,2026-07,216,0.975,8.24,91.8
인도,상용,2026-08,183,0.975,8.24,91.8
인도,상용,2026-09,211,0.975,8.24,91.8
인도,상용,2026-10,257,0.975,8.24,91.8
인도,상용,2026-11,296,0.975,8.24,91.8
인도,상용,2026-12,215,0.975,8.24,91.8
인도,유학연수,2025-06,142,0.9928,1.71,98.3
인도,유학연수,2025-07,164,0.9928,1.71,98.3
인도,유학연수,2025-08,520,0.9928,1.71,98.3
인도,유학연수,2025-09,230,0.9928,1.71,98.3
인도,유학연수,2025-10,78,0.9928,1.71,98.3
인도,유학연수,2025-11,145,0.9928,1.71,98.3
인도,유학연수,2025-12,150,0.9928,1.71,98.3
인도,유학연수,2025-06,189,0.9994,1.56,98.4
인도,유학연수,2025-07,283,0.9994,1.56,98.4
인도,유학연수,2025-08,1445,0.9994,1.56,98.4
인도,유학연수,2025-09,326,0.9994,1.56,98.4
인도,유학연수,2025-10,94,0.9994,1.56,98.4
인도,유학연수,2025-11,157,0.9994,1.56,98.4
인도,유학연수,2025-12,138,0.9994,1.56,98.4
인도,유학연수,2026-01,178,0.9928,1.71,98.3
인도,유학연수,2026-02,560,0.9928,1.71,98.3
인도,유학연수,2026-03,215,0.9928,1.71,98.3
인도,유학연수,2026-04,57,0.9928,1.71,98.3
인도,유학연수,2026-05,80,0.9928,1.71,98.3
인도,유학연수,2026-06,141,0.9928,1.71,98.3
인도,유학연수,2026-07,164,0.9928,1.71,98.3
인도,유학연수,2026-08,520,0.9928,1.71,98.3
인도,유학연수,2026-09,231,0.9928,1.71,98.3
인도,유학연수,2026-10,78,0.9928,1.71,98.3
인도,유학연수,2026-11,145,0.9928,1.71,98.3
인도,유학연수,2026-12,150,0.9928,1.71,98.3
인도,유학연수,2026-01,254,0.9994,1.56,98.4
인도,유학연수,2026-02,980,0.9994,1.56,98.4
인도,유학연수,2026-03,289,0.9994,1.56,98.4
인도,유학연수,2026-04,101,0.9994,1.56,98.4
인도,유학연수,2026-05,132,0.9994,1.56,98.4
인도,유학연수,2026-06,189,0.9994,1.56,98.4
인도,유학연수,2026-07,283,0.9994,1.56,98.4
인도,유학연수,2026-08,1444,0.9994,1.56,98.4
인도,유학연수,2026-09,327,0.9994,1.56,98.4
인도,유학연수,2026-10,93,0.9994,1.56,98.4
인도,유학연수,2026-11,156,0.9994,1.56,98.4
인도,유학연수,2026-12,138,0.9994,1.56,98.4
인도네시아,공용,2025-06,396,0.9631,12.71,87.3
인도네시아,공용,2025-07,346,0.9631,12.71,87.3
인도네시아,공용,2025-08,291,0.9631,12.71,87.3
인도네시아,공용,2025-09,393,0.9631,12.71,87.3
인도네시아,공용,2025-10,446,0.9631,12.71,87.3
인도네시아,공용,2025-11,251,0.9631,12.71,87.3
인도네시아,공용,2025-12,188,0.9631,12.71,87.3
인도네시아,공용,2026-01,98,0.9631,12.71,87.3
인도네시아,공용,2026-02,85,0.9631,12.71,87.3
인도네시아,공용,2026-03,100,0.9631,12.71,87.3
인도네시아,공용,2026-04,159,0.9631,12.71,87.3
인도네시아,공용,2026-05,392,0.9631,12.71,87.3
인도네시아,공용,2026-06,363,0.9631,12.71,87.3
인도네시아,공용,2026-07,374,0.9631,12.71,87.3
인도네시아,공용,2026-08,277,0.9631,12.71,87.3
인도네시아,공용,2026-09,425,0.9631,12.71,87.3
인도네시아,공용,2026-10,423,0.9631,12.71,87.3
인도네시아,공용,2026-11,259,0.9631,12.71,87.3
인도네시아,공용,2026-12,171,0.9631,12.71,87.3
인도네시아,관광,2025-06,13507,0.9815,1.64,98.4
인도네시아,관광,2025-07,10032,0.9815,1.64,98.4
인도네시아,관광,2025-08,7677,0.9815,1.64,98.4
인도네시아,관광,2025-09,12272,0.9815,1.64,98.4
인도네시아,관광,2025-10,20362,0.9815,1.64,98.4
인도네시아,관광,2025-11,17370,0.9815,1.64,98.4
인도네시아,관광,2025-12,18662,0.9815,1.64,98.4
인도네시아,관광,2026-01,10806,0.9815,1.64,98.4
인도네시아,관광,2026-02,9891,0.9815,1.64,98.4
인도네시아,관광,2026-03,12407,0.9815,1.64,98.4
인도네시아,관광,2026-04,23542,0.9815,1.64,98.4
인도네시아,관광,2026-05,16152,0.9815,1.64,98.4
인도네시아,관광,2026-06,13621,0.9815,1.64,98.4
인도네시아,관광,2026-07,9983,0.9815,1.64,98.4
인도네시아,관광,2026-08,7644,0.9815,1.64,98.4
인도네시아,관광,2026-09,12328,0.9815,1.64,98.4
인도네시아,관광,2026-10,20391,0.9815,1.64,98.4
인도네시아,관광,2026-11,17250,0.9815,1.64,98.4
인도네시아,관광,2026-12,18677,0.9815,1.64,98.4
인도네시아,상용,2025-06,238,0.975,8.24,91.8
인도네시아,상용,2025-07,223,0.975,8.24,91.8
인도네시아,상용,2025-08,183,0.975,8.24,91.8
인도네시아,상용,2025-09,216,0.975,8.24,91.8
인도네시아,상용,2025-10,255,0.975,8.24,91.8
인도네시아,상용,2025-11,301,0.975,8.24,91.8
인도네시아,상용,2025-12,216,0.975,8.24,91.8
인도네시아,상용,2026-01,106,0.975,8.24,91.8
인도네시아,상용,2026-02,132,0.975,8.24,91.8
인도네시아,상용,2026-03,172,0.975,8.24,91.8
인도네시아,상용,2026-04,253,0.975,8.24,91.8
인도네시아,상용,2026-05,231,0.975,8.24,91.8
인도네시아,상용,2026-06,232,0.975,8.24,91.8
인도네시아,상용,2026-07,224,0.975,8.24,91.8
인도네시아,상용,2026-08,182,0.975,8.24,91.8
인도네시아,상용,2026-09,212,0.975,8.24,91.8
인도네시아,상용,2026-10,264,0.975,8.24,91.8
인도네시아,상용,2026-11,293,0.975,8.24,91.8
인도네시아,상용,2026-12,213,0.975,8.24,91.8
인도네시아,유학연수,2025-06,189,0.9994,1.56,98.4
인도네시아,유학연수,2025-07,283,0.9994,1.56,98.4
인도네시아,유학연수,2025-08,1445,0.9994,1.56,98.4
인도네시아,유학연수,2025-09,327,0.9994,1.56,98.4
인도네시아,유학연수,2025-10,94,0.9994,1.56,98.4
인도네시아,유학연수,2025-11,157,0.9994,1.56,98.4
인도네시아,유학연수,2025-12,138,0.9994,1.56,98.4
인도네시아,유학연수,2026-01,254,0.9994,1.56,98.4
인도네시아,유학연수,2026-02,980,0.9994,1.56,98.4
인도네시아,유학연수,2026-03,290,0.9994,1.56,98.4
인도네시아,유학연수,2026-04,101,0.9994,1.56,98.4
인도네시아,유학연수,2026-05,132,0.9994,1.56,98.4
인도네시아,유학연수,2026-06,188,0.9994,1.56,98.4
인도네시아,유학연수,2026-07,283,0.9994,1.56,98.4
인도네시아,유학연수,2026-08,1445,0.9994,1.56,98.4
인도네시아,유학연수,2026-09,327,0.9994,1.56,98.4
인도네시아,유학연수,2026-10,93,0.9994,1.56,98.4
인도네시아,유학연수,2026-11,156,0.9994,1.56,98.4
인도네시아,유학연수,2026-12,138,0.9994,1.56,98.4
일본,공용,2025-06,222,0.9602,7.45,92.5
일본,공용,2025-07,167,0.9602,7.45,92.5
일본,공용,2025-08,187,0.9602,7.45,92.5
일본,공용,2025-09,270,0.9602,7.45,92.5
일본,공용,2025-10,191,0.9602,7.45,92.5
일본,공용,2025-11,686,0.9602,7.45,92.5
일본,공용,2025-12,211,0.9602,7.45,92.5
일본,공용,2026-01,131,0.9602,7.45,92.5
일본,공용,2026-02,116,0.9602,7.45,92.5
일본,공용,2026-03,157,0.9602,7.45,92.5
일본,공용,2026-04,138,0.9602,7.45,92.5
일본,공용,2026-05,163,0.9602,7.45,92.5
일본,공용,2026-06,234,0.9602,7.45,92.5
일본,공용,2026-07,176,0.9602,7.45,92.5
일본,공용,2026-08,182,0.9602,7.45,92.5
일본,공용,2026-09,258,0.9602,7.45,92.5
일본,공용,2026-10,192,0.9602,7.45,92.5
일본,공용,2026-11,679,0.9602,7.45,92.5
일본,공용,2026-12,211,0.9602,7.45,92.5
일본,관광,2025-06,254891,0.9965,1.17,98.8
일본,관광,2025-07,237435,0.9965,1.17,98.8
일본,관광,2025-08,316059,0.9965,1.17,98.8
일본,관광,2025-09,305488,0.9965,1.17,98.8
일본,관광,2025-10,317804,0.9965,1.17,98.8
일본,관광,2025-11,335784,0.9965,1.17,98.8
일본,관광,2025-12,266887,0.9965,1.17,98.8
일본,관광,2026-01,137523,0.9965,1.17,98.8
일본,관광,2026-02,176879,0.9965,1.17,98.8
일본,관광,2026-03,335036,0.9965,1.17,98.8
일본,관광,2026-04,224947,0.9965,1.17,98.8
일본,관광,2026-05,274076,0.9965,1.17,98.8
일본,관광,2026-06,254646,0.9965,1.17,98.8
일본,관광,2026-07,237616,0.9965,1.17,98.8
일본,관광,2026-08,314684,0.9965,1.17,98.8
일본,관광,2026-09,304619,0.9965,1.17,98.8
일본,관광,2026-10,317323,0.9965,1.17,98.8
일본,관광,2026-11,335977,0.9965,1.17,98.8
일본,관광,2026-12,265917,0.9965,1.17,98.8
일본,상용,2025-06,1094,0.9799,4.67,95.3
일본,상용,2025-07,1159,0.9799,4.67,95.3
일본,상용,2025-08,1208,0.9799,4.67,95.3
일본,상용,2025-09,1425,0.9799,4.67,95.3
일본,상용,2025-10,1329,0.9799,4.67,95.3
일본,상용,2025-11,1081,0.9799,4.67,95.3
일본,상용,2025-12,974,0.9799,4.67,95.3
일본,상용,2026-01,1327,0.9799,4.67,95.3
일본,상용,2026-02,1094,0.9799,4.67,95.3
일본,상용,2026-03,1004,0.9799,4.67,95.3
일본,상용,2026-04,983,0.9799,4.67,95.3
일본,상용,2026-05,1135,0.9799,4.67,95.3
일본,상용,2026-06,1062,0.9799,4.67,95.3
일본,상용,2026-07,1143,0.9799,4.67,95.3
일본,상용,2026-08,1365,0.9799,4.67,95.3
일본,상용,2026-09,1366,0.9799,4.67,95.3
일본,상용,2026-10,1288,0.9799,4.67,95.3
일본,상용,2026-11,1159,0.9799,4.67,95.3
일본,상용,2026-12,947,0.9799,4.67,95.3
일본,유학연수,2025-06,685,0.9984,1.08,98.9
일본,유학연수,2025-07,785,0.9984,1.08,98.9
일본,유학연수,2025-08,3200,0.9984,1.08,98.9
일본,유학연수,2025-09,1178,0.9984,1.08,98.9
일본,유학연수,2025-10,456,0.9984,1.08,98.9
일본,유학연수,2025-11,837,0.9984,1.08,98.9
일본,유학연수,2025-12,833,0.9984,1.08,98.9
일본,유학연수,2026-01,1195,0.9984,1.08,98.9
일본,유학연수,2026-02,2774,0.9984,1.08,98.9
일본,유학연수,2026-03,934,0.9984,1.08,98.9
일본,유학연수,2026-04,300,0.9984,1.08,98.9
일본,유학연수,2026-05,970,0.9984,1.08,98.9
일본,유학연수,2026-06,686,0.9984,1.08,98.9
일본,유학연수,2026-07,786,0.9984,1.08,98.9
일본,유학연수,2026-08,3202,0.9984,1.08,98.9
일본,유학연수,2026-09,1178,0.9984,1.08,98.9
일본,유학연수,2026-10,456,0.9984,1.08,98.9
일본,유학연수,2026-11,838,0.9984,1.08,98.9
일본,유학연수,2026-12,833,0.9984,1.08,98.9
중국,공용,2025-06,466,0.9683,9.22,90.8
중국,공용,2025-07,293,0.9683,9.22,90.8
중국,공용,2025-08,364,0.9683,9.22,90.8
중국,공용,2025-09,381,0.9683,9.22,90.8
중국,공용,2025-10,564,0.9683,9.22,90.8
중국,공용,2025-11,375,0.9683,9.22,90.8
중국,공용,2025-12,343,0.9683,9.22,90.8
중국,공용,2026-01,90,0.9683,9.22,90.8
중국,공용,2026-02,113,0.9683,9.22,90.8
중국,공용,2026-03,244,0.9683,9.22,90.8
중국,공용,2026-04,448,0.9683,9.22,90.8
중국,공용,2026-05,489,0.9683,9.22,90.8
중국,공용,2026-06,518,0.9683,9.22,90.8
중국,공용,2026-07,309,0.9683,9.22,90.8
중국,공용,2026-08,374,0.9683,9.22,90.8
중국,공용,2026-09,372,0.9683,9.22,90.8
중국,공용,2026-10,568,0.9683,9.22,90.8
중국,공용,2026-11,410,0.9683,9.22,90.8
중국,공용,2026-12,326,0.9683,9.22,90.8
중국,관광,2025-06,332555,0.9979,1.09,98.9
중국,관광,2025-07,394781,0.9979,1.09,98.9
중국,관광,2025-08,396781,0.9979,1.09,98.9
중국,관광,2025-09,329761,0.9979,1.09,98.9
중국,관광,2025-10,320663,0.9979,1.09,98.9
중국,관광,2025-11,236194,0.9979,1.09,98.9
중국,관광,2025-12,278982,0.9979,1.09,98.9
중국,관광,2026-01,232645,0.9979,1.09,98.9
중국,관광,2026-02,248078,0.9979,1.09,98.9
중국,관광,2026-03,308999,0.9979,1.09,98.9
중국,관광,2026-04,350329,0.9979,1.09,98.9
중국,관광,2026-05,328600,0.9979,1.09,98.9
중국,관광,2026-06,334448,0.9979,1.09,98.9
중국,관광,2026-07,394887,0.9979,1.09,98.9
중국,관광,2026-08,393833,0.9979,1.09,98.9
중국,관광,2026-09,332085,0.9979,1.09,98.9
중국,관광,2026-10,319181,0.9979,1.09,98.9
중국,관광,2026-11,235848,0.9979,1.09,98.9
중국,관광,2026-12,278869,0.9979,1.09,98.9
중국,상용,2025-06,3848,0.9875,4.9,95.1
중국,상용,2025-07,3487,0.9875,4.9,95.1
중국,상용,2025-08,3541,0.9875,4.9,95.1
중국,상용,2025-09,3689,0.9875,4.9,95.1
중국,상용,2025-10,4025,0.9875,4.9,95.1
중국,상용,2025-11,3865,0.9875,4.9,95.1
중국,상용,2025-12,3983,0.9875,4.9,95.1
중국,상용,2026-01,2689,0.9875,4.9,95.1
중국,상용,2026-02,2573,0.9875,4.9,95.1
중국,상용,2026-03,3540,0.9875,4.9,95.1
중국,상용,2026-04,3590,0.9875,4.9,95.1
중국,상용,2026-05,3947,0.9875,4.9,95.1
중국,상용,2026-06,3792,0.9875,4.9,95.1
중국,상용,2026-07,3614,0.9875,4.9,95.1
중국,상용,2026-08,3503,0.9875,4.9,95.1
중국,상용,2026-09,3582,0.9875,4.9,95.1
중국,상용,2026-10,3826,0.9875,4.9,95.1
중국,상용,2026-11,3684,0.9875,4.9,95.1
중국,상용,2026-12,3907,0.9875,4.9,95.1
중국,유학연수,2025-06,11754,0.9967,1.14,98.9
중국,유학연수,2025-07,10093,0.9967,1.14,98.9
중국,유학연수,2025-08,46081,0.9967,1.14,98.9
중국,유학연수,2025-09,28686,0.9967,1.14,98.9
중국,유학연수,2025-10,13846,0.9967,1.14,98.9
중국,유학연수,2025-11,15324,0.9967,1.14,98.9
중국,유학연수,2025-12,15444,0.9967,1.14,98.9
중국,유학연수,2026-01,7125,0.9967,1.14,98.9
중국,유학연수,2026-02,35753,0.9967,1.14,98.9
중국,유학연수,2026-03,31703,0.9967,1.14,98.9
중국,유학연수,2026-04,10142,0.9967,1.14,98.9
중국,유학연수,2026-05,16219,0.9967,1.14,98.9
중국,유학연수,2026-06,11794,0.9967,1.14,98.9
중국,유학연수,2026-07,10096,0.9967,1.14,98.9
중국,유학연수,2026-08,46028,0.9967,1.14,98.9
중국,유학연수,2026-09,28703,0.9967,1.14,98.9
중국,유학연수,2026-10,13857,0.9967,1.14,98.9
중국,유학연수,2026-11,15294,0.9967,1.14,98.9
중국,유학연수,2026-12,15456,0.9967,1.14,98.9
중동,공용,2025-06,87,0.947,9.8,90.2
중동,공용,2025-07,60,0.947,9.8,90.2
중동,공용,2025-08,54,0.947,9.8,90.2
중동,공용,2025-09,124,0.947,9.8,90.2
중동,공용,2025-10,86,0.947,9.8,90.2
중동,공용,2025-11,97,0.947,9.8,90.2
중동,공용,2025-12,33,0.947,9.8,90.2
중동,공용,2026-01,83,0.947,9.8,90.2
중동,공용,2026-02,77,0.947,9.8,90.2
중동,공용,2026-03,63,0.947,9.8,90.2
중동,공용,2026-04,76,0.947,9.8,90.2
중동,공용,2026-05,81,0.947,9.8,90.2
중동,공용,2026-06,85,0.947,9.8,90.2
중동,공용,2026-07,56,0.947,9.8,90.2
중동,공용,2026-08,56,0.947,9.8,90.2
중동,공용,2026-09,120,0.947,9.8,90.2
중동,공용,2026-10,85,0.947,9.8,90.2
중동,공용,2026-11,101,0.947,9.8,90.2
중동,공용,2026-12,32,0.947,9.8,90.2
중동,관광,2025-06,14358,0.9889,1.22,98.8
중동,관광,2025-07,14997,0.9889,1.22,98.8
중동,관광,2025-08,13173,0.9889,1.22,98.8
중동,관광,2025-09,12229,0.9889,1.22,98.8
중동,관광,2025-10,15279,0.9889,1.22,98.8
중동,관광,2025-11,11954,0.9889,1.22,98.8
중동,관광,2025-12,9305,0.9889,1.22,98.8
중동,관광,2026-01,6774,0.9889,1.22,98.8
중동,관광,2026-02,6135,0.9889,1.22,98.8
중동,관광,2026-03,9417,0.9889,1.22,98.8
중동,관광,2026-04,15786,0.9889,1.22,98.8
중동,관광,2026-05,12643,0.9889,1.22,98.8
중동,관광,2026-06,14229,0.9889,1.22,98.8
중동,관광,2026-07,15031,0.9889,1.22,98.8
중동,관광,2026-08,12960,0.9889,1.22,98.8
중동,관광,2026-09,12263,0.9889,1.22,98.8
중동,관광,2026-10,15422,0.9889,1.22,98.8
중동,관광,2026-11,12039,0.9889,1.22,98.8
중동,관광,2026-12,9255,0.9889,1.22,98.8
중동,상용,2025-06,1202,0.9866,4.1,95.9
중동,상용,2025-07,1054,0.9866,4.1,95.9
중동,상용,2025-08,959,0.9866,4.1,95.9
중동,상용,2025-09,1117,0.9866,4.1,95.9
중동,상용,2025-10,1397,0.9866,4.1,95.9
중동,상용,2025-11,1177,0.9866,4.1,95.9
중동,상용,2025-12,1134,0.9866,4.1,95.9
중동,상용,2026-01,1027,0.9866,4.1,95.9
중동,상용,2026-02,1096,0.9866,4.1,95.9
중동,상용,2026-03,1054,0.9866,4.1,95.9
중동,상용,2026-04,1031,0.9866,4.1,95.9
중동,상용,2026-05,1252,0.9866,4.1,95.9
중동,상용,2026-06,1208,0.9866,4.1,95.9
중동,상용,2026-07,1059,0.9866,4.1,95.9
중동,상용,2026-08,897,0.9866,4.1,95.9
중동,상용,2026-09,1174,0.9866,4.1,95.9
중동,상용,2026-10,1361,0.9866,4.1,95.9
중동,상용,2026-11,1165,0.9866,4.1,95.9
중동,상용,2026-12,1172,0.9866,4.1,95.9
중동,유학연수,2025-06,698,0.9845,2.13,97.9
중동,유학연수,2025-07,1075,0.9845,2.13,97.9
중동,유학연수,2025-08,4069,0.9845,2.13,97.9
중동,유학연수,2025-09,3799,0.9845,2.13,97.9
중동,유학연수,2025-10,352,0.9845,2.13,97.9
중동,유학연수,2025-11,603,0.9845,2.13,97.9
중동,유학연수,2025-12,737,0.9845,2.13,97.9
중동,유학연수,2026-01,1358,0.9845,2.13,97.9
중동,유학연수,2026-02,3081,0.9845,2.13,97.9
중동,유학연수,2026-03,2101,0.9845,2.13,97.9
중동,유학연수,2026-04,347,0.9845,2.13,97.9
중동,유학연수,2026-05,465,0.9845,2.13,97.9
중동,유학연수,2026-06,697,0.9845,2.13,97.9
중동,유학연수,2026-07,1074,0.9845,2.13,97.9
중동,유학연수,2026-08,4070,0.9845,2.13,97.9
중동,유학연수,2026-09,3799,0.9845,2.13,97.9
중동,유학연수,2026-10,351,0.9845,2.13,97.9
중동,유학연수,2026-11,605,0.9845,2.13,97.9
중동,유학연수,2026-12,736,0.9845,2.13,97.9
칠레,공용,2025-06,6,0.901,25.46,74.5
칠레,공용,2025-07,1,0.901,25.46,74.5
칠레,공용,2025-08,0,0.901,25.46,74.5
칠레,공용,2025-09,0,0.901,25.46,74.5
칠레,공용,2025-10,5,0.901,25.46,74.5
칠레,공용,2025-11,4,0.901,25.46,74.5
칠레,공용,2025-12,2,0.901,25.46,74.5
칠레,공용,2026-01,0,0.901,25.46,74.5
칠레,공용,2026-02,4,0.901,25.46,74.5
칠레,공용,2026-03,2,0.901,25.46,74.5
칠레,공용,2026-04,3,0.901,25.46,74.5
칠레,공용,2026-05,0,0.901,25.46,74.5
칠레,공용,2026-06,7,0.901,25.46,74.5
칠레,공용,2026-07,1,0.901,25.46,74.5
칠레,공용,2026-08,0,0.901,25.46,74.5
칠레,공용,2026-09,1,0.901,25.46,74.5
칠레,공용,2026-10,5,0.901,25.46,74.5
칠레,공용,2026-11,4,0.901,25.46,74.5
칠레,공용,2026-12,1,0.901,25.46,74.5
칠레,관광,2025-06,397,0.9928,1.31,98.7
칠레,관광,2025-07,402,0.9928,1.31,98.7
칠레,관광,2025-08,442,0.9928,1.31,98.7
칠레,관광,2025-09,714,0.9928,1.31,98.7
칠레,관광,2025-10,712,0.9928,1.31,98.7
칠레,관광,2025-11,572,0.9928,1.31,98.7
칠레,관광,2025-12,220,0.9928,1.31,98.7
칠레,관광,2026-01,355,0.9928,1.31,98.7
칠레,관광,2026-02,485,0.9928,1.31,98.7
칠레,관광,2026-03,511,0.9928,1.31,98.7
칠레,관광,2026-04,714,0.9928,1.31,98.7
칠레,관광,2026-05,700,0.9928,1.31,98.7
칠레,관광,2026-06,393,0.9928,1.31,98.7
칠레,관광,2026-07,398,0.9928,1.31,98.7
칠레,관광,2026-08,450,0.9928,1.31,98.7
칠레,관광,2026-09,716,0.9928,1.31,98.7
칠레,관광,2026-10,707,0.9928,1.31,98.7
칠레,관광,2026-11,579,0.9928,1.31,98.7
칠레,관광,2026-12,220,0.9928,1.31,98.7
칠레,상용,2025-06,6,0.8794,20.91,79.1
칠레,상용,2025-07,5,0.8794,20.91,79.1
칠레,상용,2025-08,7,0.8794,20.91,79.1
칠레,상용,2025-09,2,0.8794,20.91,79.1
칠레,상용,2025-10,6,0.8794,20.91,79.1
칠레,상용,2025-11,4,0.8794,20.91,79.1
칠레,상용,2025-12,1,0.8794,20.91,79.1
칠레,상용,2026-01,5,0.8794,20.91,79.1
칠레,상용,2026-02,3,0.8794,20.91,79.1
칠레,상용,2026-03,5,0.8794,20.91,79.1
칠레,상용,2026-04,3,0.8794,20.91,79.1
칠레,상용,2026-05,7,0.8794,20.91,79.1
칠레,상용,2026-06,4,0.8794,20.91,79.1
칠레,상용,2026-07,4,0.8794,20.91,79.1
칠레,상용,2026-08,9,0.8794,20.91,79.1
칠레,상용,2026-09,2,0.8794,20.91,79.1
칠레,상용,2026-10,6,0.8794,20.91,79.1
칠레,상용,2026-11,5,0.8794,20.91,79.1
칠레,상용,2026-12,1,0.8794,20.91,79.1
칠레,유학연수,2025-06,3,0.9949,2.47,97.5
칠레,유학연수,2025-07,7,0.9949,2.47,97.5
칠레,유학연수,2025-08,44,0.9949,2.47,97.5
칠레,유학연수,2025-09,5,0.9949,2.47,97.5
칠레,유학연수,2025-10,2,0.9949,2.47,97.5
칠레,유학연수,2025-11,3,0.9949,2.47,97.5
칠레,유학연수,2025-12,5,0.9949,2.47,97.5
칠레,유학연수,2026-01,10,0.9949,2.47,97.5
칠레,유학연수,2026-02,34,0.9949,2.47,97.5
칠레,유학연수,2026-03,4,0.9949,2.47,97.5
칠레,유학연수,2026-04,0,0.9949,2.47,97.5
칠레,유학연수,2026-05,6,0.9949,2.47,97.5
칠레,유학연수,2026-06,2,0.9949,2.47,97.5
칠레,유학연수,2026-07,7,0.9949,2.47,97.5
칠레,유학연수,2026-08,44,0.9949,2.47,97.5
칠레,유학연수,2026-09,6,0.9949,2.47,97.5
칠레,유학연수,2026-10,2,0.9949,2.47,97.5
칠레,유학연수,2026-11,3,0.9949,2.47,97.5
칠레,유학연수,2026-12,6,0.9949,2.47,97.5
카자흐스탄,공용,2025-06,8,0.8289,26.07,73.9
카자흐스탄,공용,2025-07,1,0.8289,26.07,73.9
카자흐스탄,공용,2025-08,9,0.8289,26.07,73.9
카자흐스탄,공용,2025-09,8,0.8289,26.07,73.9
카자흐스탄,공용,2025-10,11,0.8289,26.07,73.9
카자흐스탄,공용,2025-11,13,0.8289,26.07,73.9
카자흐스탄,공용,2025-12,1,0.8289,26.07,73.9
카자흐스탄,공용,2026-01,3,0.8289,26.07,73.9
카자흐스탄,공용,2026-02,15,0.8289,26.07,73.9
카자흐스탄,공용,2026-03,2,0.8289,26.07,73.9
카자흐스탄,공용,2026-04,4,0.8289,26.07,73.9
카자흐스탄,공용,2026-05,9,0.8289,26.07,73.9
카자흐스탄,공용,2026-06,9,0.8289,26.07,73.9
카자흐스탄,공용,2026-07,1,0.8289,26.07,73.9
카자흐스탄,공용,2026-08,12,0.8289,26.07,73.9
카자흐스탄,공용,2026-09,8,0.8289,26.07,73.9
카자흐스탄,공용,2026-10,10,0.8289,26.07,73.9
카자흐스탄,공용,2026-11,21,0.8289,26.07,73.9
카자흐스탄,공용,2026-12,1,0.8289,26.07,73.9
카자흐스탄,관광,2025-06,2927,0.9914,1.5,98.5
카자흐스탄,관광,2025-07,3664,0.9914,1.5,98.5
카자흐스탄,관광,2025-08,3299,0.9914,1.5,98.5
카자흐스탄,관광,2025-09,2845,0.9914,1.5,98.5
카자흐스탄,관광,2025-10,3651,0.9914,1.5,98.5
카자흐스탄,관광,2025-11,2790,0.9914,1.5,98.5
카자흐스탄,관광,2025-12,2671,0.9914,1.5,98.5
카자흐스탄,관광,2026-01,2451,0.9914,1.5,98.5
카자흐스탄,관광,2026-02,1922,0.9914,1.5,98.5
카자흐스탄,관광,2026-03,4009,0.9914,1.5,98.5
카자흐스탄,관광,2026-04,3192,0.9914,1.5,98.5
카자흐스탄,관광,2026-05,3358,0.9914,1.5,98.5
카자흐스탄,관광,2026-06,2916,0.9914,1.5,98.5
카자흐스탄,관광,2026-07,3641,0.9914,1.5,98.5
카자흐스탄,관광,2026-08,3286,0.9914,1.5,98.5
카자흐스탄,관광,2026-09,2850,0.9914,1.5,98.5
카자흐스탄,관광,2026-10,3651,0.9914,1.5,98.5
카자흐스탄,관광,2026-11,2789,0.9914,1.5,98.5
카자흐스탄,관광,2026-12,2692,0.9914,1.5,98.5
카자흐스탄,상용,2025-06,16,0.977,12.46,87.5
카자흐스탄,상용,2025-07,17,0.977,12.46,87.5
카자흐스탄,상용,2025-08,18,0.977,12.46,87.5
카자흐스탄,상용,2025-09,16,0.977,12.46,87.5
카자흐스탄,상용,2025-10,15,0.977,12.46,87.5
카자흐스탄,상용,2025-11,18,0.977,12.46,87.5
카자흐스탄,상용,2025-12,15,0.977,12.46,87.5
카자흐스탄,상용,2026-01,13,0.977,12.46,87.5
카자흐스탄,상용,2026-02,23,0.977,12.46,87.5
카자흐스탄,상용,2026-03,24,0.977,12.46,87.5
카자흐스탄,상용,2026-04,19,0.977,12.46,87.5
카자흐스탄,상용,2026-05,19,0.977,12.46,87.5
카자흐스탄,상용,2026-06,18,0.977,12.46,87.5
카자흐스탄,상용,2026-07,17,0.977,12.46,87.5
카자흐스탄,상용,2026-08,19,0.977,12.46,87.5
카자흐스탄,상용,2026-09,17,0.977,12.46,87.5
카자흐스탄,상용,2026-10,14,0.977,12.46,87.5
카자흐스탄,상용,2026-11,17,0.977,12.46,87.5
카자흐스탄,상용,2026-12,15,0.977,12.46,87.5
카자흐스탄,유학연수,2025-06,77,0.992,3.81,96.2
카자흐스탄,유학연수,2025-07,106,0.992,3.81,96.2
카자흐스탄,유학연수,2025-08,867,0.992,3.81,96.2
카자흐스탄,유학연수,2025-09,284,0.992,3.81,96.2
카자흐스탄,유학연수,2025-10,24,0.992,3.81,96.2
카자흐스탄,유학연수,2025-11,75,0.992,3.81,96.2
카자흐스탄,유학연수,2025-12,112,0.992,3.81,96.2
카자흐스탄,유학연수,2026-01,150,0.992,3.81,96.2
카자흐스탄,유학연수,2026-02,497,0.992,3.81,96.2
카자흐스탄,유학연수,2026-03,227,0.992,3.81,96.2
카자흐스탄,유학연수,2026-04,29,0.992,3.81,96.2
카자흐스탄,유학연수,2026-05,39,0.992,3.81,96.2
카자흐스탄,유학연수,2026-06,76,0.992,3.81,96.2
카자흐스탄,유학연수,2026-07,106,0.992,3.81,96.2
카자흐스탄,유학연수,2026-08,868,0.992,3.81,96.2
카자흐스탄,유학연수,2026-09,284,0.992,3.81,96.2
카자흐스탄,유학연수,2026-10,24,0.992,3.81,96.2
카자흐스탄,유학연수,2026-11,75,0.992,3.81,96.2
카자흐스탄,유학연수,2026-12,112,0.992,3.81,96.2
캐나다,공용,2025-06,46,0.9295,14.17,85.8
캐나다,공용,2025-07,32,0.9295,14.17,85.8
캐나다,공용,2025-08,27,0.9295,14.17,85.8
캐나다,공용,2025-09,29,0.9295,14.17,85.8
캐나다,공용,2025-10,44,0.9295,14.17,85.8
캐나다,공용,2025-11,55,0.9295,14.17,85.8
캐나다,공용,2025-12,44,0.9295,14.17,85.8
캐나다,공용,2026-01,33,0.9295,14.17,85.8
캐나다,공용,2026-02,44,0.9295,14.17,85.8
캐나다,공용,2026-03,45,0.9295,14.17,85.8
캐나다,공용,2026-04,25,0.9295,14.17,85.8
캐나다,공용,2026-05,32,0.9295,14.17,85.8
캐나다,공용,2026-06,46,0.9295,14.17,85.8
캐나다,공용,2026-07,34,0.9295,14.17,85.8
캐나다,공용,2026-08,29,0.9295,14.17,85.8
캐나다,공용,2026-09,27,0.9295,14.17,85.8
캐나다,공용,2026-10,42,0.9295,14.17,85.8
캐나다,공용,2026-11,57,0.9295,14.17,85.8
캐나다,공용,2026-12,44,0.9295,14.17,85.8
캐나다,관광,2025-06,16272,0.9911,1.13,98.9
캐나다,관광,2025-07,19622,0.9911,1.13,98.9
캐나다,관광,2025-08,18069,0.9911,1.13,98.9
캐나다,관광,2025-09,18160,0.9911,1.13,98.9
캐나다,관광,2025-10,24093,0.9911,1.13,98.9
캐나다,관광,2025-11,14821,0.9911,1.13,98.9
캐나다,관광,2025-12,11518,0.9911,1.13,98.9
캐나다,관광,2026-01,9526,0.9911,1.13,98.9
캐나다,관광,2026-02,9700,0.9911,1.13,98.9
캐나다,관광,2026-03,18821,0.9911,1.13,98.9
캐나다,관광,2026-04,20857,0.9911,1.13,98.9
캐나다,관광,2026-05,20741,0.9911,1.13,98.9
캐나다,관광,2026-06,16261,0.9911,1.13,98.9
캐나다,관광,2026-07,19787,0.9911,1.13,98.9
캐나다,관광,2026-08,18194,0.9911,1.13,98.9
캐나다,관광,2026-09,18002,0.9911,1.13,98.9
캐나다,관광,2026-10,24031,0.9911,1.13,98.9
캐나다,관광,2026-11,14875,0.9911,1.13,98.9
캐나다,관광,2026-12,11511,0.9911,1.13,98.9
캐나다,상용,2025-06,33,0.9855,5.02,95.0
캐나다,상용,2025-07,30,0.9855,5.02,95.0
캐나다,상용,2025-08,32,0.9855,5.02,95.0
캐나다,상용,2025-09,41,0.9855,5.02,95.0
캐나다,상용,2025-10,35,0.9855,5.02,95.0
캐나다,상용,2025-11,30,0.9855,5.02,95.0
캐나다,상용,2025-12,23,0.9855,5.02,95.0
캐나다,상용,2026-01,39,0.9855,5.02,95.0
캐나다,상용,2026-02,23,0.9855,5.02,95.0
캐나다,상용,2026-03,29,0.9855,5.02,95.0
캐나다,상용,2026-04,37,0.9855,5.02,95.0
캐나다,상용,2026-05,33,0.9855,5.02,95.0
캐나다,상용,2026-06,33,0.9855,5.02,95.0
캐나다,상용,2026-07,29,0.9855,5.02,95.0
캐나다,상용,2026-08,31,0.9855,5.02,95.0
캐나다,상용,2026-09,39,0.9855,5.02,95.0
캐나다,상용,2026-10,33,0.9855,5.02,95.0
캐나다,상용,2026-11,29,0.9855,5.02,95.0
캐나다,상용,2026-12,23,0.9855,5.02,95.0
캐나다,유학연수,2025-06,43,0.9982,1.65,98.3
캐나다,유학연수,2025-07,38,0.9982,1.65,98.3
캐나다,유학연수,2025-08,192,0.9982,1.65,98.3
캐나다,유학연수,2025-09,24,0.9982,1.65,98.3
캐나다,유학연수,2025-10,16,0.9982,1.65,98.3
캐나다,유학연수,2025-11,76,0.9982,1.65,98.3
캐나다,유학연수,2025-12,78,0.9982,1.65,98.3
캐나다,유학연수,2026-01,34,0.9982,1.65,98.3
캐나다,유학연수,2026-02,145,0.9982,1.65,98.3
캐나다,유학연수,2026-03,17,0.9982,1.65,98.3
캐나다,유학연수,2026-04,19,0.9982,1.65,98.3
캐나다,유학연수,2026-05,55,0.9982,1.65,98.3
캐나다,유학연수,2026-06,43,0.9982,1.65,98.3
캐나다,유학연수,2026-07,38,0.9982,1.65,98.3
캐나다,유학연수,2026-08,192,0.9982,1.65,98.3
캐나다,유학연수,2026-09,24,0.9982,1.65,98.3
캐나다,유학연수,2026-10,16,0.9982,1.65,98.3
캐나다,유학연수,2026-11,75,0.9982,1.65,98.3
캐나다,유학연수,2026-12,78,0.9982,1.65,98.3
콜롬비아,공용,2025-06,4,0.9112,23.77,76.2
콜롬비아,공용,2025-07,6,0.9112,23.77,76.2
콜롬비아,공용,2025-08,5,0.9112,23.77,76.2
콜롬비아,공용,2025-09,6,0.9112,23.77,76.2
콜롬비아,공용,2025-10,10,0.9112,23.77,76.2
콜롬비아,공용,2025-11,3,0.9112,23.77,76.2
콜롬비아,공용,2025-12,0,0.9112,23.77,76.2
콜롬비아,공용,2026-01,12,0.9112,23.77,76.2
콜롬비아,공용,2026-02,2,0.9112,23.77,76.2
콜롬비아,공용,2026-03,9,0.9112,23.77,76.2
콜롬비아,공용,2026-04,3,0.9112,23.77,76.2
콜롬비아,공용,2026-05,8,0.9112,23.77,76.2
콜롬비아,공용,2026-06,4,0.9112,23.77,76.2
콜롬비아,공용,2026-07,7,0.9112,23.77,76.2
콜롬비아,공용,2026-08,5,0.9112,23.77,76.2
콜롬비아,공용,2026-09,6,0.9112,23.77,76.2
콜롬비아,공용,2026-10,10,0.9112,23.77,76.2
콜롬비아,공용,2026-11,2,0.9112,23.77,76.2
콜롬비아,공용,2026-12,0,0.9112,23.77,76.2
콜롬비아,관광,2025-06,728,0.9559,1.73,98.3
콜롬비아,관광,2025-07,765,0.9559,1.73,98.3
콜롬비아,관광,2025-08,648,0.9559,1.73,98.3
콜롬비아,관광,2025-09,1030,0.9559,1.73,98.3
콜롬비아,관광,2025-10,1373,0.9559,1.73,98.3
콜롬비아,관광,2025-11,893,0.9559,1.73,98.3
콜롬비아,관광,2025-12,610,0.9559,1.73,98.3
콜롬비아,관광,2026-01,251,0.9559,1.73,98.3
콜롬비아,관광,2026-02,280,0.9559,1.73,98.3
콜롬비아,관광,2026-03,685,0.9559,1.73,98.3
콜롬비아,관광,2026-04,881,0.9559,1.73,98.3
콜롬비아,관광,2026-05,963,0.9559,1.73,98.3
콜롬비아,관광,2026-06,725,0.9559,1.73,98.3
콜롬비아,관광,2026-07,756,0.9559,1.73,98.3
콜롬비아,관광,2026-08,647,0.9559,1.73,98.3
콜롬비아,관광,2026-09,1033,0.9559,1.73,98.3
콜롬비아,관광,2026-10,1366,0.9559,1.73,98.3
콜롬비아,관광,2026-11,898,0.9559,1.73,98.3
콜롬비아,관광,2026-12,614,0.9559,1.73,98.3
콜롬비아,상용,2025-06,2,0.8404,22.75,77.2
콜롬비아,상용,2025-07,0,0.8404,22.75,77.2
콜롬비아,상용,2025-08,1,0.8404,22.75,77.2
콜롬비아,상용,2025-09,1,0.8404,22.75,77.2
콜롬비아,상용,2025-10,3,0.8404,22.75,77.2
콜롬비아,상용,2025-11,1,0.8404,22.75,77.2
콜롬비아,상용,2025-12,0,0.8404,22.75,77.2
콜롬비아,상용,2026-01,1,0.8404,22.75,77.2
콜롬비아,상용,2026-02,0,0.8404,22.75,77.2
콜롬비아,상용,2026-03,0,0.8404,22.75,77.2
콜롬비아,상용,2026-04,0,0.8404,22.75,77.2
콜롬비아,상용,2026-05,1,0.8404,22.75,77.2
콜롬비아,상용,2026-06,1,0.8404,22.75,77.2
콜롬비아,상용,2026-07,0,0.8404,22.75,77.2
콜롬비아,상용,2026-08,1,0.8404,22.75,77.2
콜롬비아,상용,2026-09,2,0.8404,22.75,77.2
콜롬비아,상용,2026-10,1,0.8404,22.75,77.2
콜롬비아,상용,2026-11,1,0.8404,22.75,77.2
콜롬비아,상용,2026-12,0,0.8404,22.75,77.2
콜롬비아,유학연수,2025-06,21,0.991,3.57,96.4
콜롬비아,유학연수,2025-07,20,0.991,3.57,96.4
콜롬비아,유학연수,2025-08,79,0.991,3.57,96.4
콜롬비아,유학연수,2025-09,10,0.991,3.57,96.4
콜롬비아,유학연수,2025-10,10,0.991,3.57,96.4
콜롬비아,유학연수,2025-11,18,0.991,3.57,96.4
콜롬비아,유학연수,2025-12,19,0.991,3.57,96.4
콜롬비아,유학연수,2026-01,25,0.991,3.57,96.4
콜롬비아,유학연수,2026-02,71,0.991,3.57,96.4
콜롬비아,유학연수,2026-03,6,0.991,3.57,96.4
콜롬비아,유학연수,2026-04,6,0.991,3.57,96.4
콜롬비아,유학연수,2026-05,18,0.991,3.57,96.4
콜롬비아,유학연수,2026-06,20,0.991,3.57,96.4
콜롬비아,유학연수,2026-07,20,0.991,3.57,96.4
콜롬비아,유학연수,2026-08,80,0.991,3.57,96.4
콜롬비아,유학연수,2026-09,11,0.991,3.57,96.4
콜롬비아,유학연수,2026-10,10,0.991,3.57,96.4
콜롬비아,유학연수,2026-11,19,0.991,3.57,96.4
콜롬비아,유학연수,2026-12,19,0.991,3.57,96.4
쿠바,공용,2025-06,0,0.9409,19.41,80.6
쿠바,공용,2025-07,0,0.9409,19.41,80.6
쿠바,공용,2025-08,0,0.9409,19.41,80.6
쿠바,공용,2025-09,0,0.9409,19.41,80.6
쿠바,공용,2025-10,0,0.9409,19.41,80.6
쿠바,공용,2025-11,0,0.9409,19.41,80.6
쿠바,공용,2025-12,0,0.9409,19.41,80.6
쿠바,공용,2026-01,1,0.9409,19.41,80.6
쿠바,공용,2026-02,0,0.9409,19.41,80.6
쿠바,공용,2026-03,0,0.9409,19.41,80.6
쿠바,공용,2026-04,0,0.9409,19.41,80.6
쿠바,공용,2026-05,1,0.9409,19.41,80.6
쿠바,공용,2026-06,0,0.9409,19.41,80.6
쿠바,공용,2026-07,0,0.9409,19.41,80.6
쿠바,공용,2026-08,0,0.9409,19.41,80.6
쿠바,공용,2026-09,0,0.9409,19.41,80.6
쿠바,공용,2026-10,0,0.9409,19.41,80.6
쿠바,공용,2026-11,0,0.9409,19.41,80.6
쿠바,공용,2026-12,0,0.9409,19.41,80.6
쿠바,관광,2025-06,17,0.9886,10.85,89.2
쿠바,관광,2025-07,3,0.9886,10.85,89.2
쿠바,관광,2025-08,42,0.9886,10.85,89.2
쿠바,관광,2025-09,6,0.9886,10.85,89.2
쿠바,관광,2025-10,48,0.9886,10.85,89.2
쿠바,관광,2025-11,5,0.9886,10.85,89.2
쿠바,관광,2025-12,1,0.9886,10.85,89.2
쿠바,관광,2026-01,1,0.9886,10.85,89.2
쿠바,관광,2026-02,10,0.9886,10.85,89.2
쿠바,관광,2026-03,3,0.9886,10.85,89.2
쿠바,관광,2026-04,5,0.9886,10.85,89.2
쿠바,관광,2026-05,11,0.9886,10.85,89.2
쿠바,관광,2026-06,17,0.9886,10.85,89.2
쿠바,관광,2026-07,4,0.9886,10.85,89.2
쿠바,관광,2026-08,40,0.9886,10.85,89.2
쿠바,관광,2026-09,6,0.9886,10.85,89.2
쿠바,관광,2026-10,48,0.9886,10.85,89.2
쿠바,관광,2026-11,5,0.9886,10.85,89.2
쿠바,관광,2026-12,1,0.9886,10.85,89.2
쿠바,상용,2025-06,0,0.8139,30.63,69.4
쿠바,상용,2025-07,0,0.8139,30.63,69.4
쿠바,상용,2025-08,0,0.8139,30.63,69.4
쿠바,상용,2025-09,0,0.8139,30.63,69.4
쿠바,상용,2025-10,0,0.8139,30.63,69.4
쿠바,상용,2025-11,0,0.8139,30.63,69.4
쿠바,상용,2025-12,0,0.8139,30.63,69.4
쿠바,상용,2026-01,0,0.8139,30.63,69.4
쿠바,상용,2026-02,0,0.8139,30.63,69.4
쿠바,상용,2026-03,0,0.8139,30.63,69.4
쿠바,상용,2026-04,0,0.8139,30.63,69.4
쿠바,상용,2026-05,0,0.8139,30.63,69.4
쿠바,상용,2026-06,0,0.8139,30.63,69.4
쿠바,상용,2026-07,0,0.8139,30.63,69.4
쿠바,상용,2026-08,0,0.8139,30.63,69.4
쿠바,상용,2026-09,0,0.8139,30.63,69.4
쿠바,상용,2026-10,0,0.8139,30.63,69.4
쿠바,상용,2026-11,0,0.8139,30.63,69.4
쿠바,상용,2026-12,0,0.8139,30.63,69.4
쿠바,유학연수,2025-06,0,0.9737,4.39,95.6
쿠바,유학연수,2025-07,0,0.9737,4.39,95.6
쿠바,유학연수,2025-08,1,0.9737,4.39,95.6
쿠바,유학연수,2025-09,1,0.9737,4.39,95.6
쿠바,유학연수,2025-10,0,0.9737,4.39,95.6
쿠바,유학연수,2025-11,0,0.9737,4.39,95.6
쿠바,유학연수,2025-12,0,0.9737,4.39,95.6
쿠바,유학연수,2026-01,0,0.9737,4.39,95.6
쿠바,유학연수,2026-02,2,0.9737,4.39,95.6
쿠바,유학연수,2026-03,1,0.9737,4.39,95.6
쿠바,유학연수,2026-04,0,0.9737,4.39,95.6
쿠바,유학연수,2026-05,0,0.9737,4.39,95.6
쿠바,유학연수,2026-06,1,0.9737,4.39,95.6
쿠바,유학연수,2026-07,0,0.9737,4.39,95.6
쿠바,유학연수,2026-08,1,0.9737,4.39,95.6
쿠바,유학연수,2026-09,0,0.9737,4.39,95.6
쿠바,유학연수,2026-10,0,0.9737,4.39,95.6
쿠바,유학연수,2026-11,0,0.9737,4.39,95.6
쿠바,유학연수,2026-12,0,0.9737,4.39,95.6
키리바시,공용,2025-06,0,0.9328,15.38,84.6
키리바시,공용,2025-07,1,0.9328,15.38,84.6
키리바시,공용,2025-08,8,0.9328,15.38,84.6
키리바시,공용,2025-09,1,0.9328,15.38,84.6
키리바시,공용,2025-10,3,0.9328,15.38,84.6
키리바시,공용,2025-11,3,0.9328,15.38,84.6
키리바시,공용,2025-12,3,0.9328,15.38,84.6
키리바시,공용,2026-01,0,0.9328,15.38,84.6
키리바시,공용,2026-02,1,0.9328,15.38,84.6
키리바시,공용,2026-03,0,0.9328,15.38,84.6
키리바시,공용,2026-04,0,0.9328,15.38,84.6
키리바시,공용,2026-05,1,0.9328,15.38,84.6
키리바시,공용,2026-06,1,0.9328,15.38,84.6
키리바시,공용,2026-07,0,0.9328,15.38,84.6
키리바시,공용,2026-08,8,0.9328,15.38,84.6
키리바시,공용,2026-09,2,0.9328,15.38,84.6
키리바시,공용,2026-10,3,0.9328,15.38,84.6
키리바시,공용,2026-11,3,0.9328,15.38,84.6
키리바시,공용,2026-12,3,0.9328,15.38,84.6
키리바시,관광,2025-06,9,0.9958,5.76,94.2
키리바시,관광,2025-07,10,0.9958,5.76,94.2
키리바시,관광,2025-08,10,0.9958,5.76,94.2
키리바시,관광,2025-09,14,0.9958,5.76,94.2
키리바시,관광,2025-10,2,0.9958,5.76,94.2
키리바시,관광,2025-11,2,0.9958,5.76,94.2
키리바시,관광,2025-12,14,0.9958,5.76,94.2
키리바시,관광,2026-01,6,0.9958,5.76,94.2
키리바시,관광,2026-02,2,0.9958,5.76,94.2
키리바시,관광,2026-03,2,0.9958,5.76,94.2
키리바시,관광,2026-04,4,0.9958,5.76,94.2
키리바시,관광,2026-05,6,0.9958,5.76,94.2
키리바시,관광,2026-06,9,0.9958,5.76,94.2
키리바시,관광,2026-07,10,0.9958,5.76,94.2
키리바시,관광,2026-08,10,0.9958,5.76,94.2
키리바시,관광,2026-09,14,0.9958,5.76,94.2
키리바시,관광,2026-10,2,0.9958,5.76,94.2
키리바시,관광,2026-11,2,0.9958,5.76,94.2
키리바시,관광,2026-12,14,0.9958,5.76,94.2
키리바시,상용,2025-06,0,0.9796,12.86,87.1
키리바시,상용,2025-07,0,0.9796,12.86,87.1
키리바시,상용,2025-08,0,0.9796,12.86,87.1
키리바시,상용,2025-09,0,0.9796,12.86,87.1
키리바시,상용,2025-10,0,0.9796,12.86,87.1
키리바시,상용,2025-11,0,0.9796,12.86,87.1
키리바시,상용,2025-12,0,0.9796,12.86,87.1
키리바시,상용,2026-01,0,0.9796,12.86,87.1
키리바시,상용,2026-02,0,0.9796,12.86,87.1
키리바시,상용,2026-03,0,0.9796,12.86,87.1
키리바시,상용,2026-04,0,0.9796,12.86,87.1
키리바시,상용,2026-05,0,0.9796,12.86,87.1
키리바시,상용,2026-06,0,0.9796,12.86,87.1
키리바시,상용,2026-07,0,0.9796,12.86,87.1
키리바시,상용,2026-08,0,0.9796,12.86,87.1
키리바시,상용,2026-09,0,0.9796,12.86,87.1
키리바시,상용,2026-10,0,0.9796,12.86,87.1
키리바시,상용,2026-11,0,0.9796,12.86,87.1
키리바시,상용,2026-12,0,0.9796,12.86,87.1
키리바시,유학연수,2025-06,0,0.9846,8.21,91.8
키리바시,유학연수,2025-07,0,0.9846,8.21,91.8
키리바시,유학연수,2025-08,0,0.9846,8.21,91.8
키리바시,유학연수,2025-09,0,0.9846,8.21,91.8
키리바시,유학연수,2025-10,0,0.9846,8.21,91.8
키리바시,유학연수,2025-11,0,0.9846,8.21,91.8
키리바시,유학연수,2025-12,0,0.9846,8.21,91.8
키리바시,유학연수,2026-01,0,0.9846,8.21,91.8
키리바시,유학연수,2026-02,0,0.9846,8.21,91.8
키리바시,유학연수,2026-03,0,0.9846,8.21,91.8
키리바시,유학연수,2026-04,0,0.9846,8.21,91.8
키리바시,유학연수,2026-05,0,0.9846,8.21,91.8
키리바시,유학연수,2026-06,0,0.9846,8.21,91.8
키리바시,유학연수,2026-07,0,0.9846,8.21,91.8
키리바시,유학연수,2026-08,0,0.9846,8.21,91.8
키리바시,유학연수,2026-09,1,0.9846,8.21,91.8
키리바시,유학연수,2026-10,0,0.9846,8.21,91.8
키리바시,유학연수,2026-11,0,0.9846,8.21,91.8
키리바시,유학연수,2026-12,0,0.9846,8.21,91.8
태국,공용,2025-06,555,0.9832,8.23,91.8
태국,공용,2025-07,436,0.9832,8.23,91.8
태국,공용,2025-08,406,0.9832,8.23,91.8
태국,공용,2025-09,557,0.9832,8.23,91.8
태국,공용,2025-10,421,0.9832,8.23,91.8
태국,공용,2025-11,420,0.9832,8.23,91.8
태국,공용,2025-12,149,0.9832,8.23,91.8
태국,공용,2026-01,109,0.9832,8.23,91.8
태국,공용,2026-02,248,0.9832,8.23,91.8
태국,공용,2026-03,290,0.9832,8.23,91.8
태국,공용,2026-04,352,0.9832,8.23,91.8
태국,공용,2026-05,546,0.9832,8.23,91.8
태국,공용,2026-06,519,0.9832,8.23,91.8
태국,공용,2026-07,422,0.9832,8.23,91.8
태국,공용,2026-08,374,0.9832,8.23,91.8
태국,공용,2026-09,606,0.9832,8.23,91.8
태국,공용,2026-10,402,0.9832,8.23,91.8
태국,공용,2026-11,410,0.9832,8.23,91.8
태국,공용,2026-12,157,0.9832,8.23,91.8
태국,관광,2025-06,15966,0.9986,1.12,98.9
태국,관광,2025-07,13716,0.9986,1.12,98.9
태국,관광,2025-08,10941,0.9986,1.12,98.9
태국,관광,2025-09,13590,0.9986,1.12,98.9
태국,관광,2025-10,35498,0.9986,1.12,98.9
태국,관광,2025-11,23552,0.9986,1.12,98.9
태국,관광,2025-12,26387,0.9986,1.12,98.9
태국,관광,2026-01,16192,0.9986,1.12,98.9
태국,관광,2026-02,17624,0.9986,1.12,98.9
태국,관광,2026-03,28534,0.9986,1.12,98.9
태국,관광,2026-04,38842,0.9986,1.12,98.9
태국,관광,2026-05,24200,0.9986,1.12,98.9
태국,관광,2026-06,15980,0.9986,1.12,98.9
태국,관광,2026-07,13715,0.9986,1.12,98.9
태국,관광,2026-08,10984,0.9986,1.12,98.9
태국,관광,2026-09,13520,0.9986,1.12,98.9
태국,관광,2026-10,35143,0.9986,1.12,98.9
태국,관광,2026-11,23437,0.9986,1.12,98.9
태국,관광,2026-12,26318,0.9986,1.12,98.9
태국,상용,2025-06,92,0.9767,8.0,92.0
태국,상용,2025-07,82,0.9767,8.0,92.0
태국,상용,2025-08,69,0.9767,8.0,92.0
태국,상용,2025-09,88,0.9767,8.0,92.0
태국,상용,2025-10,119,0.9767,8.0,92.0
태국,상용,2025-11,95,0.9767,8.0,92.0
태국,상용,2025-12,97,0.9767,8.0,92.0
태국,상용,2026-01,79,0.9767,8.0,92.0
태국,상용,2026-02,75,0.9767,8.0,92.0
태국,상용,2026-03,98,0.9767,8.0,92.0
태국,상용,2026-04,110,0.9767,8.0,92.0
태국,상용,2026-05,110,0.9767,8.0,92.0
태국,상용,2026-06,90,0.9767,8.0,92.0
태국,상용,2026-07,77,0.9767,8.0,92.0
태국,상용,2026-08,74,0.9767,8.0,92.0
태국,상용,2026-09,92,0.9767,8.0,92.0
태국,상용,2026-10,127,0.9767,8.0,92.0
태국,상용,2026-11,99,0.9767,8.0,92.0
태국,상용,2026-12,99,0.9767,8.0,92.0
태국,유학연수,2025-06,181,0.9975,1.2,98.8
태국,유학연수,2025-07,145,0.9975,1.2,98.8
태국,유학연수,2025-08,464,0.9975,1.2,98.8
태국,유학연수,2025-09,170,0.9975,1.2,98.8
태국,유학연수,2025-10,53,0.9975,1.2,98.8
태국,유학연수,2025-11,148,0.9975,1.2,98.8
태국,유학연수,2025-12,159,0.9975,1.2,98.8
태국,유학연수,2026-01,134,0.9975,1.2,98.8
태국,유학연수,2026-02,391,0.9975,1.2,98.8
태국,유학연수,2026-03,216,0.9975,1.2,98.8
태국,유학연수,2026-04,56,0.9975,1.2,98.8
태국,유학연수,2026-05,128,0.9975,1.2,98.8
태국,유학연수,2026-06,180,0.9975,1.2,98.8
태국,유학연수,2026-07,145,0.9975,1.2,98.8
태국,유학연수,2026-08,464,0.9975,1.2,98.8
태국,유학연수,2026-09,169,0.9975,1.2,98.8
태국,유학연수,2026-10,53,0.9975,1.2,98.8
태국,유학연수,2026-11,149,0.9975,1.2,98.8
태국,유학연수,2026-12,159,0.9975,1.2,98.8
터키,공용,2025-06,11,0.9638,17.1,82.9
터키,공용,2025-07,13,0.9638,17.1,82.9
터키,공용,2025-08,12,0.9638,17.1,82.9
터키,공용,2025-09,48,0.9638,17.1,82.9
터키,공용,2025-10,10,0.9638,17.1,82.9
터키,공용,2025-11,17,0.9638,17.1,82.9
터키,공용,2025-12,13,0.9638,17.1,82.9
터키,공용,2026-01,24,0.9638,17.1,82.9
터키,공용,2026-02,8,0.9638,17.1,82.9
터키,공용,2026-03,15,0.9638,17.1,82.9
터키,공용,2026-04,23,0.9638,17.1,82.9
터키,공용,2026-05,23,0.9638,17.1,82.9
터키,공용,2026-06,10,0.9638,17.1,82.9
터키,공용,2026-07,13,0.9638,17.1,82.9
터키,공용,2026-08,13,0.9638,17.1,82.9
터키,공용,2026-09,46,0.9638,17.1,82.9
터키,공용,2026-10,9,0.9638,17.1,82.9
터키,공용,2026-11,17,0.9638,17.1,82.9
터키,공용,2026-12,13,0.9638,17.1,82.9
터키,관광,2025-06,3586,0.9555,1.93,98.1
터키,관광,2025-07,2991,0.9555,1.93,98.1
터키,관광,2025-08,3029,0.9555,1.93,98.1
터키,관광,2025-09,2879,0.9555,1.93,98.1
터키,관광,2025-10,3344,0.9555,1.93,98.1
터키,관광,2025-11,2175,0.9555,1.93,98.1
터키,관광,2025-12,1596,0.9555,1.93,98.1
터키,관광,2026-01,984,0.9555,1.93,98.1
터키,관광,2026-02,957,0.9555,1.93,98.1
터키,관광,2026-03,1985,0.9555,1.93,98.1
터키,관광,2026-04,5216,0.9555,1.93,98.1
터키,관광,2026-05,2554,0.9555,1.93,98.1
터키,관광,2026-06,3521,0.9555,1.93,98.1
터키,관광,2026-07,2964,0.9555,1.93,98.1
터키,관광,2026-08,3011,0.9555,1.93,98.1
터키,관광,2026-09,2921,0.9555,1.93,98.1
터키,관광,2026-10,3375,0.9555,1.93,98.1
터키,관광,2026-11,2191,0.9555,1.93,98.1
터키,관광,2026-12,1608,0.9555,1.93,98.1
터키,상용,2025-06,9,0.8578,10.04,90.0
터키,상용,2025-07,13,0.8578,10.04,90.0
터키,상용,2025-08,20,0.8578,10.04,90.0
터키,상용,2025-09,14,0.8578,10.04,90.0
터키,상용,2025-10,20,0.8578,10.04,90.0
터키,상용,2025-11,12,0.8578,10.04,90.0
터키,상용,2025-12,10,0.8578,10.04,90.0
터키,상용,2026-01,18,0.8578,10.04,90.0
터키,상용,2026-02,11,0.8578,10.04,90.0
터키,상용,2026-03,13,0.8578,10.04,90.0
터키,상용,2026-04,7,0.8578,10.04,90.0
터키,상용,2026-05,16,0.8578,10.04,90.0
터키,상용,2026-06,10,0.8578,10.04,90.0
터키,상용,2026-07,12,0.8578,10.04,90.0
터키,상용,2026-08,19,0.8578,10.04,90.0
터키,상용,2026-09,14,0.8578,10.04,90.0
터키,상용,2026-10,17,0.8578,10.04,90.0
터키,상용,2026-11,11,0.8578,10.04,90.0
터키,상용,2026-12,11,0.8578,10.04,90.0
터키,유학연수,2025-06,61,0.9842,2.57,97.4
터키,유학연수,2025-07,103,0.9842,2.57,97.4
터키,유학연수,2025-08,264,0.9842,2.57,97.4
터키,유학연수,2025-09,92,0.9842,2.57,97.4
터키,유학연수,2025-10,22,0.9842,2.57,97.4
터키,유학연수,2025-11,63,0.9842,2.57,97.4
터키,유학연수,2025-12,61,0.9842,2.57,97.4
터키,유학연수,2026-01,52,0.9842,2.57,97.4
터키,유학연수,2026-02,166,0.9842,2.57,97.4
터키,유학연수,2026-03,75,0.9842,2.57,97.4
터키,유학연수,2026-04,20,0.9842,2.57,97.4
터키,유학연수,2026-05,53,0.9842,2.57,97.4
터키,유학연수,2026-06,60,0.9842,2.57,97.4
터키,유학연수,2026-07,103,0.9842,2.57,97.4
터키,유학연수,2026-08,264,0.9842,2.57,97.4
터키,유학연수,2026-09,92,0.9842,2.57,97.4
터키,유학연수,2026-10,22,0.9842,2.57,97.4
터키,유학연수,2026-11,64,0.9842,2.57,97.4
터키,유학연수,2026-12,61,0.9842,2.57,97.4
파키스탄,공용,2025-06,33,0.9246,19.08,80.9
파키스탄,공용,2025-07,20,0.9246,19.08,80.9
파키스탄,공용,2025-08,9,0.9246,19.08,80.9
파키스탄,공용,2025-09,42,0.9246,19.08,80.9
파키스탄,공용,2025-10,20,0.9246,19.08,80.9
파키스탄,공용,2025-11,29,0.9246,19.08,80.9
파키스탄,공용,2025-12,23,0.9246,19.08,80.9
파키스탄,공용,2026-01,8,0.9246,19.08,80.9
파키스탄,공용,2026-02,3,0.9246,19.08,80.9
파키스탄,공용,2026-03,5,0.9246,19.08,80.9
파키스탄,공용,2026-04,27,0.9246,19.08,80.9
파키스탄,공용,2026-05,35,0.9246,19.08,80.9
파키스탄,공용,2026-06,30,0.9246,19.08,80.9
파키스탄,공용,2026-07,19,0.9246,19.08,80.9
파키스탄,공용,2026-08,8,0.9246,19.08,80.9
파키스탄,공용,2026-09,47,0.9246,19.08,80.9
파키스탄,공용,2026-10,21,0.9246,19.08,80.9
파키스탄,공용,2026-11,26,0.9246,19.08,80.9
파키스탄,공용,2026-12,25,0.9246,19.08,80.9
파키스탄,관광,2025-06,406,0.9941,1.97,98.0
파키스탄,관광,2025-07,427,0.9941,1.97,98.0
파키스탄,관광,2025-08,328,0.9941,1.97,98.0
파키스탄,관광,2025-09,469,0.9941,1.97,98.0
파키스탄,관광,2025-10,455,0.9941,1.97,98.0
파키스탄,관광,2025-11,407,0.9941,1.97,98.0
파키스탄,관광,2025-12,321,0.9941,1.97,98.0
파키스탄,관광,2026-01,223,0.9941,1.97,98.0
파키스탄,관광,2026-02,215,0.9941,1.97,98.0
파키스탄,관광,2026-03,190,0.9941,1.97,98.0
파키스탄,관광,2026-04,312,0.9941,1.97,98.0
파키스탄,관광,2026-05,364,0.9941,1.97,98.0
파키스탄,관광,2026-06,401,0.9941,1.97,98.0
파키스탄,관광,2026-07,423,0.9941,1.97,98.0
파키스탄,관광,2026-08,330,0.9941,1.97,98.0
파키스탄,관광,2026-09,477,0.9941,1.97,98.0
파키스탄,관광,2026-10,452,0.9941,1.97,98.0
파키스탄,관광,2026-11,402,0.9941,1.97,98.0
파키스탄,관광,2026-12,325,0.9941,1.97,98.0
파키스탄,상용,2025-06,149,0.9575,6.91,93.1
파키스탄,상용,2025-07,221,0.9575,6.91,93.1
파키스탄,상용,2025-08,219,0.9575,6.91,93.1
파키스탄,상용,2025-09,220,0.9575,6.91,93.1
파키스탄,상용,2025-10,194,0.9575,6.91,93.1
파키스탄,상용,2025-11,165,0.9575,6.91,93.1
파키스탄,상용,2025-12,142,0.9575,6.91,93.1
파키스탄,상용,2026-01,159,0.9575,6.91,93.1
파키스탄,상용,2026-02,168,0.9575,6.91,93.1
파키스탄,상용,2026-03,159,0.9575,6.91,93.1
파키스탄,상용,2026-04,174,0.9575,6.91,93.1
파키스탄,상용,2026-05,200,0.9575,6.91,93.1
파키스탄,상용,2026-06,158,0.9575,6.91,93.1
파키스탄,상용,2026-07,230,0.9575,6.91,93.1
파키스탄,상용,2026-08,203,0.9575,6.91,93.1
파키스탄,상용,2026-09,214,0.9575,6.91,93.1
파키스탄,상용,2026-10,206,0.9575,6.91,93.1
파키스탄,상용,2026-11,165,0.9575,6.91,93.1
파키스탄,상용,2026-12,138,0.9575,6.91,93.1
파키스탄,유학연수,2025-06,52,0.9923,2.23,97.8
파키스탄,유학연수,2025-07,132,0.9923,2.23,97.8
파키스탄,유학연수,2025-08,385,0.9923,2.23,97.8
파키스탄,유학연수,2025-09,230,0.9923,2.23,97.8
파키스탄,유학연수,2025-10,59,0.9923,2.23,97.8
파키스탄,유학연수,2025-11,62,0.9923,2.23,97.8
파키스탄,유학연수,2025-12,67,0.9923,2.23,97.8
파키스탄,유학연수,2026-01,133,0.9923,2.23,97.8
파키스탄,유학연수,2026-02,377,0.9923,2.23,97.8
파키스탄,유학연수,2026-03,214,0.9923,2.23,97.8
파키스탄,유학연수,2026-04,52,0.9923,2.23,97.8
파키스탄,유학연수,2026-05,39,0.9923,2.23,97.8
파키스탄,유학연수,2026-06,52,0.9923,2.23,97.8
파키스탄,유학연수,2026-07,132,0.9923,2.23,97.8
파키스탄,유학연수,2026-08,384,0.9923,2.23,97.8
파키스탄,유학연수,2026-09,229,0.9923,2.23,97.8
파키스탄,유학연수,2026-10,59,0.9923,2.23,97.8
파키스탄,유학연수,2026-11,62,0.9923,2.23,97.8
파키스탄,유학연수,2026-12,67,0.9923,2.23,97.8
페루,공용,2025-06,1,0.7837,22.76,77.2
페루,공용,2025-07,5,0.7837,22.76,77.2
페루,공용,2025-08,10,0.7837,22.76,77.2
페루,공용,2025-09,6,0.7837,22.76,77.2
페루,공용,2025-10,3,0.7837,22.76,77.2
페루,공용,2025-11,10,0.7837,22.76,77.2
페루,공용,2025-12,4,0.7837,22.76,77.2
페루,공용,2026-01,5,0.7837,22.76,77.2
페루,공용,2026-02,3,0.7837,22.76,77.2
페루,공용,2026-03,3,0.7837,22.76,77.2
페루,공용,2026-04,2,0.7837,22.76,77.2
페루,공용,2026-05,0,0.7837,22.76,77.2
페루,공용,2026-06,1,0.7837,22.76,77.2
페루,공용,2026-07,6,0.7837,22.76,77.2
페루,공용,2026-08,8,0.7837,22.76,77.2
페루,공용,2026-09,6,0.7837,22.76,77.2
페루,공용,2026-10,2,0.7837,22.76,77.2
페루,공용,2026-11,10,0.7837,22.76,77.2
페루,공용,2026-12,4,0.7837,22.76,77.2
페루,관광,2025-06,404,0.9808,1.49,98.5
페루,관광,2025-07,358,0.9808,1.49,98.5
페루,관광,2025-08,354,0.9808,1.49,98.5
페루,관광,2025-09,464,0.9808,1.49,98.5
페루,관광,2025-10,484,0.9808,1.49,98.5
페루,관광,2025-11,356,0.9808,1.49,98.5
페루,관광,2025-12,250,0.9808,1.49,98.5
페루,관광,2026-01,221,0.9808,1.49,98.5
페루,관광,2026-02,227,0.9808,1.49,98.5
페루,관광,2026-03,417,0.9808,1.49,98.5
페루,관광,2026-04,457,0.9808,1.49,98.5
페루,관광,2026-05,379,0.9808,1.49,98.5
페루,관광,2026-06,399,0.9808,1.49,98.5
페루,관광,2026-07,354,0.9808,1.49,98.5
페루,관광,2026-08,353,0.9808,1.49,98.5
페루,관광,2026-09,462,0.9808,1.49,98.5
페루,관광,2026-10,485,0.9808,1.49,98.5
페루,관광,2026-11,358,0.9808,1.49,98.5
페루,관광,2026-12,250,0.9808,1.49,98.5
페루,상용,2025-06,2,0.8788,21.8,78.2
페루,상용,2025-07,3,0.8788,21.8,78.2
페루,상용,2025-08,1,0.8788,21.8,78.2
페루,상용,2025-09,6,0.8788,21.8,78.2
페루,상용,2025-10,8,0.8788,21.8,78.2
페루,상용,2025-11,3,0.8788,21.8,78.2
페루,상용,2025-12,2,0.8788,21.8,78.2
페루,상용,2026-01,1,0.8788,21.8,78.2
페루,상용,2026-02,1,0.8788,21.8,78.2
페루,상용,2026-03,0,0.8788,21.8,78.2
페루,상용,2026-04,2,0.8788,21.8,78.2
페루,상용,2026-05,2,0.8788,21.8,78.2
페루,상용,2026-06,1,0.8788,21.8,78.2
페루,상용,2026-07,3,0.8788,21.8,78.2
페루,상용,2026-08,1,0.8788,21.8,78.2
페루,상용,2026-09,6,0.8788,21.8,78.2
페루,상용,2026-10,6,0.8788,21.8,78.2
페루,상용,2026-11,3,0.8788,21.8,78.2
페루,상용,2026-12,2,0.8788,21.8,78.2
페루,유학연수,2025-06,8,0.979,4.12,95.9
페루,유학연수,2025-07,14,0.979,4.12,95.9
페루,유학연수,2025-08,52,0.979,4.12,95.9
페루,유학연수,2025-09,8,0.979,4.12,95.9
페루,유학연수,2025-10,0,0.979,4.12,95.9
페루,유학연수,2025-11,7,0.979,4.12,95.9
페루,유학연수,2025-12,2,0.979,4.12,95.9
페루,유학연수,2026-01,11,0.979,4.12,95.9
페루,유학연수,2026-02,50,0.979,4.12,95.9
페루,유학연수,2026-03,4,0.979,4.12,95.9
페루,유학연수,2026-04,0,0.979,4.12,95.9
페루,유학연수,2026-05,10,0.979,4.12,95.9
페루,유학연수,2026-06,8,0.979,4.12,95.9
페루,유학연수,2026-07,14,0.979,4.12,95.9
페루,유학연수,2026-08,52,0.979,4.12,95.9
페루,유학연수,2026-09,7,0.979,4.12,95.9
페루,유학연수,2026-10,0,0.979,4.12,95.9
페루,유학연수,2026-11,8,0.979,4.12,95.9
페루,유학연수,2026-12,2,0.979,4.12,95.9
폴란드,공용,2025-06,1,0.6138,22.95,77.0
폴란드,공용,2025-07,0,0.6138,22.95,77.0
폴란드,공용,2025-08,3,0.6138,22.95,77.0
폴란드,공용,2025-09,6,0.6138,22.95,77.0
폴란드,공용,2025-10,14,0.6138,22.95,77.0
폴란드,공용,2025-11,2,0.6138,22.95,77.0
폴란드,공용,2025-12,0,0.6138,22.95,77.0
폴란드,공용,2026-01,2,0.6138,22.95,77.0
폴란드,공용,2026-02,0,0.6138,22.95,77.0
폴란드,공용,2026-03,3,0.6138,22.95,77.0
폴란드,공용,2026-04,1,0.6138,22.95,77.0
폴란드,공용,2026-05,1,0.6138,22.95,77.0
폴란드,공용,2026-06,1,0.6138,22.95,77.0
폴란드,공용,2026-07,0,0.6138,22.95,77.0
폴란드,공용,2026-08,3,0.6138,22.95,77.0
폴란드,공용,2026-09,6,0.6138,22.95,77.0
폴란드,공용,2026-10,16,0.6138,22.95,77.0
폴란드,공용,2026-11,2,0.6138,22.95,77.0
폴란드,공용,2026-12,0,0.6138,22.95,77.0
폴란드,관광,2025-06,2358,0.9764,1.41,98.6
폴란드,관광,2025-07,2560,0.9764,1.41,98.6
폴란드,관광,2025-08,3209,0.9764,1.41,98.6
폴란드,관광,2025-09,4107,0.9764,1.41,98.6
폴란드,관광,2025-10,3484,0.9764,1.41,98.6
폴란드,관광,2025-11,2804,0.9764,1.41,98.6
폴란드,관광,2025-12,1327,0.9764,1.41,98.6
폴란드,관광,2026-01,1156,0.9764,1.41,98.6
폴란드,관광,2026-02,1175,0.9764,1.41,98.6
폴란드,관광,2026-03,2686,0.9764,1.41,98.6
폴란드,관광,2026-04,4241,0.9764,1.41,98.6
폴란드,관광,2026-05,3528,0.9764,1.41,98.6
폴란드,관광,2026-06,2347,0.9764,1.41,98.6
폴란드,관광,2026-07,2526,0.9764,1.41,98.6
폴란드,관광,2026-08,3253,0.9764,1.41,98.6
폴란드,관광,2026-09,4121,0.9764,1.41,98.6
폴란드,관광,2026-10,3425,0.9764,1.41,98.6
폴란드,관광,2026-11,2841,0.9764,1.41,98.6
폴란드,관광,2026-12,1335,0.9764,1.41,98.6
폴란드,상용,2025-06,12,0.9396,12.04,88.0
폴란드,상용,2025-07,20,0.9396,12.04,88.0
폴란드,상용,2025-08,8,0.9396,12.04,88.0
폴란드,상용,2025-09,13,0.9396,12.04,88.0
폴란드,상용,2025-10,19,0.9396,12.04,88.0
폴란드,상용,2025-11,12,0.9396,12.04,88.0
폴란드,상용,2025-12,7,0.9396,12.04,88.0
폴란드,상용,2026-01,21,0.9396,12.04,88.0
폴란드,상용,2026-02,16,0.9396,12.04,88.0
폴란드,상용,2026-03,9,0.9396,12.04,88.0
폴란드,상용,2026-04,7,0.9396,12.04,88.0
폴란드,상용,2026-05,11,0.9396,12.04,88.0
폴란드,상용,2026-06,13,0.9396,12.04,88.0
폴란드,상용,2026-07,23,0.9396,12.04,88.0
폴란드,상용,2026-08,8,0.9396,12.04,88.0
폴란드,상용,2026-09,13,0.9396,12.04,88.0
폴란드,상용,2026-10,18,0.9396,12.04,88.0
폴란드,상용,2026-11,11,0.9396,12.04,88.0
폴란드,상용,2026-12,6,0.9396,12.04,88.0
폴란드,유학연수,2025-06,44,0.9834,3.16,96.8
폴란드,유학연수,2025-07,41,0.9834,3.16,96.8
폴란드,유학연수,2025-08,189,0.9834,3.16,96.8
폴란드,유학연수,2025-09,22,0.9834,3.16,96.8
폴란드,유학연수,2025-10,17,0.9834,3.16,96.8
폴란드,유학연수,2025-11,48,0.9834,3.16,96.8
폴란드,유학연수,2025-12,51,0.9834,3.16,96.8
폴란드,유학연수,2026-01,34,0.9834,3.16,96.8
폴란드,유학연수,2026-02,115,0.9834,3.16,96.8
폴란드,유학연수,2026-03,17,0.9834,3.16,96.8
폴란드,유학연수,2026-04,7,0.9834,3.16,96.8
폴란드,유학연수,2026-05,38,0.9834,3.16,96.8
폴란드,유학연수,2026-06,44,0.9834,3.16,96.8
폴란드,유학연수,2026-07,41,0.9834,3.16,96.8
폴란드,유학연수,2026-08,190,0.9834,3.16,96.8
폴란드,유학연수,2026-09,22,0.9834,3.16,96.8
폴란드,유학연수,2026-10,17,0.9834,3.16,96.8
폴란드,유학연수,2026-11,48,0.9834,3.16,96.8
폴란드,유학연수,2026-12,51,0.9834,3.16,96.8
프랑스,공용,2025-06,39,0.9346,8.06,91.9
프랑스,공용,2025-07,42,0.9346,8.06,91.9
프랑스,공용,2025-08,77,0.9346,8.06,91.9
프랑스,공용,2025-09,60,0.9346,8.06,91.9
프랑스,공용,2025-10,53,0.9346,8.06,91.9
프랑스,공용,2025-11,60,0.9346,8.06,91.9
프랑스,공용,2025-12,33,0.9346,8.06,91.9
프랑스,공용,2026-01,66,0.9346,8.06,91.9
프랑스,공용,2026-02,32,0.9346,8.06,91.9
프랑스,공용,2026-03,55,0.9346,8.06,91.9
프랑스,공용,2026-04,37,0.9346,8.06,91.9
프랑스,공용,2026-05,55,0.9346,8.06,91.9
프랑스,공용,2026-06,39,0.9346,8.06,91.9
프랑스,공용,2026-07,41,0.9346,8.06,91.9
프랑스,공용,2026-08,77,0.9346,8.06,91.9
프랑스,공용,2026-09,61,0.9346,8.06,91.9
프랑스,공용,2026-10,55,0.9346,8.06,91.9
프랑스,공용,2026-11,57,0.9346,8.06,91.9
프랑스,공용,2026-12,34,0.9346,8.06,91.9
프랑스,관광,2025-06,9401,0.9994,1.06,98.9
프랑스,관광,2025-07,12465,0.9994,1.06,98.9
프랑스,관광,2025-08,15237,0.9994,1.06,98.9
프랑스,관광,2025-09,12572,0.9994,1.06,98.9
프랑스,관광,2025-10,17486,0.9994,1.06,98.9
프랑스,관광,2025-11,10606,0.9994,1.06,98.9
프랑스,관광,2025-12,7250,0.9994,1.06,98.9
프랑스,관광,2026-01,4251,0.9994,1.06,98.9
프랑스,관광,2026-02,5627,0.9994,1.06,98.9
프랑스,관광,2026-03,10448,0.9994,1.06,98.9
프랑스,관광,2026-04,20586,0.9994,1.06,98.9
프랑스,관광,2026-05,15141,0.9994,1.06,98.9
프랑스,관광,2026-06,9342,0.9994,1.06,98.9
프랑스,관광,2026-07,12480,0.9994,1.06,98.9
프랑스,관광,2026-08,15223,0.9994,1.06,98.9
프랑스,관광,2026-09,12558,0.9994,1.06,98.9
프랑스,관광,2026-10,17547,0.9994,1.06,98.9
프랑스,관광,2026-11,10669,0.9994,1.06,98.9
프랑스,관광,2026-12,7231,0.9994,1.06,98.9
프랑스,상용,2025-06,143,0.9871,3.88,96.1
프랑스,상용,2025-07,126,0.9871,3.88,96.1
프랑스,상용,2025-08,172,0.9871,3.88,96.1
프랑스,상용,2025-09,155,0.9871,3.88,96.1
프랑스,상용,2025-10,155,0.9871,3.88,96.1
프랑스,상용,2025-11,149,0.9871,3.88,96.1
프랑스,상용,2025-12,119,0.9871,3.88,96.1
프랑스,상용,2026-01,215,0.9871,3.88,96.1
프랑스,상용,2026-02,129,0.9871,3.88,96.1
프랑스,상용,2026-03,183,0.9871,3.88,96.1
프랑스,상용,2026-04,147,0.9871,3.88,96.1
프랑스,상용,2026-05,169,0.9871,3.88,96.1
프랑스,상용,2026-06,144,0.9871,3.88,96.1
프랑스,상용,2026-07,128,0.9871,3.88,96.1
프랑스,상용,2026-08,174,0.9871,3.88,96.1
프랑스,상용,2026-09,146,0.9871,3.88,96.1
프랑스,상용,2026-10,152,0.9871,3.88,96.1
프랑스,상용,2026-11,149,0.9871,3.88,96.1
프랑스,상용,2026-12,117,0.9871,3.88,96.1
프랑스,유학연수,2025-06,449,0.9993,1.72,98.3
프랑스,유학연수,2025-07,323,0.9993,1.72,98.3
프랑스,유학연수,2025-08,1838,0.9993,1.72,98.3
프랑스,유학연수,2025-09,187,0.9993,1.72,98.3
프랑스,유학연수,2025-10,101,0.9993,1.72,98.3
프랑스,유학연수,2025-11,528,0.9993,1.72,98.3
프랑스,유학연수,2025-12,541,0.9993,1.72,98.3
프랑스,유학연수,2026-01,486,0.9993,1.72,98.3
프랑스,유학연수,2026-02,1437,0.9993,1.72,98.3
프랑스,유학연수,2026-03,342,0.9993,1.72,98.3
프랑스,유학연수,2026-04,156,0.9993,1.72,98.3
프랑스,유학연수,2026-05,634,0.9993,1.72,98.3
프랑스,유학연수,2026-06,450,0.9993,1.72,98.3
프랑스,유학연수,2026-07,323,0.9993,1.72,98.3
프랑스,유학연수,2026-08,1838,0.9993,1.72,98.3
프랑스,유학연수,2026-09,187,0.9993,1.72,98.3
프랑스,유학연수,2026-10,101,0.9993,1.72,98.3
프랑스,유학연수,2026-11,528,0.9993,1.72,98.3
프랑스,유학연수,2026-12,541,0.9993,1.72,98.3
피지,공용,2025-06,0,0.9056,16.54,83.5
피지,공용,2025-07,0,0.9056,16.54,83.5
피지,공용,2025-08,3,0.9056,16.54,83.5
피지,공용,2025-09,0,0.9056,16.54,83.5
피지,공용,2025-10,0,0.9056,16.54,83.5
피지,공용,2025-11,1,0.9056,16.54,83.5
피지,공용,2025-12,0,0.9056,16.54,83.5
피지,공용,2026-01,0,0.9056,16.54,83.5
피지,공용,2026-02,0,0.9056,16.54,83.5
피지,공용,2026-03,0,0.9056,16.54,83.5
피지,공용,2026-04,2,0.9056,16.54,83.5
피지,공용,2026-05,0,0.9056,16.54,83.5
피지,공용,2026-06,0,0.9056,16.54,83.5
피지,공용,2026-07,0,0.9056,16.54,83.5
피지,공용,2026-08,2,0.9056,16.54,83.5
피지,공용,2026-09,0,0.9056,16.54,83.5
피지,공용,2026-10,0,0.9056,16.54,83.5
피지,공용,2026-11,1,0.9056,16.54,83.5
피지,공용,2026-12,0,0.9056,16.54,83.5
피지,관광,2025-06,56,0.9995,1.14,98.9
피지,관광,2025-07,94,0.9995,1.14,98.9
피지,관광,2025-08,42,0.9995,1.14,98.9
피지,관광,2025-09,72,0.9995,1.14,98.9
피지,관광,2025-10,91,0.9995,1.14,98.9
피지,관광,2025-11,81,0.9995,1.14,98.9
피지,관광,2025-12,56,0.9995,1.14,98.9
피지,관광,2026-01,17,0.9995,1.14,98.9
피지,관광,2026-02,18,0.9995,1.14,98.9
피지,관광,2026-03,38,0.9995,1.14,98.9
피지,관광,2026-04,49,0.9995,1.14,98.9
피지,관광,2026-05,70,0.9995,1.14,98.9
피지,관광,2026-06,57,0.9995,1.14,98.9
피지,관광,2026-07,94,0.9995,1.14,98.9
피지,관광,2026-08,42,0.9995,1.14,98.9
피지,관광,2026-09,72,0.9995,1.14,98.9
피지,관광,2026-10,91,0.9995,1.14,98.9
피지,관광,2026-11,80,0.9995,1.14,98.9
피지,관광,2026-12,56,0.9995,1.14,98.9
피지,상용,2025-06,0,0.9263,17.46,82.5
피지,상용,2025-07,0,0.9263,17.46,82.5
피지,상용,2025-08,0,0.9263,17.46,82.5
피지,상용,2025-09,0,0.9263,17.46,82.5
피지,상용,2025-10,0,0.9263,17.46,82.5
피지,상용,2025-11,0,0.9263,17.46,82.5
피지,상용,2025-12,0,0.9263,17.46,82.5
피지,상용,2026-01,0,0.9263,17.46,82.5
피지,상용,2026-02,0,0.9263,17.46,82.5
피지,상용,2026-03,0,0.9263,17.46,82.5
피지,상용,2026-04,0,0.9263,17.46,82.5
피지,상용,2026-05,0,0.9263,17.46,82.5
피지,상용,2026-06,0,0.9263,17.46,82.5
피지,상용,2026-07,0,0.9263,17.46,82.5
피지,상용,2026-08,0,0.9263,17.46,82.5
피지,상용,2026-09,0,0.9263,17.46,82.5
피지,상용,2026-10,0,0.9263,17.46,82.5
피지,상용,2026-11,0,0.9263,17.46,82.5
피지,상용,2026-12,0,0.9263,17.46,82.5
피지,유학연수,2025-06,0,0.9823,2.58,97.4
피지,유학연수,2025-07,0,0.9823,2.58,97.4
피지,유학연수,2025-08,5,0.9823,2.58,97.4
피지,유학연수,2025-09,0,0.9823,2.58,97.4
피지,유학연수,2025-10,0,0.9823,2.58,97.4
피지,유학연수,2025-11,0,0.9823,2.58,97.4
피지,유학연수,2025-12,1,0.9823,2.58,97.4
피지,유학연수,2026-01,3,0.9823,2.58,97.4
피지,유학연수,2026-02,3,0.9823,2.58,97.4
피지,유학연수,2026-03,0,0.9823,2.58,97.4
피지,유학연수,2026-04,0,0.9823,2.58,97.4
피지,유학연수,2026-05,0,0.9823,2.58,97.4
피지,유학연수,2026-06,0,0.9823,2.58,97.4
피지,유학연수,2026-07,0,0.9823,2.58,97.4
피지,유학연수,2026-08,6,0.9823,2.58,97.4
피지,유학연수,2026-09,0,0.9823,2.58,97.4
피지,유학연수,2026-10,0,0.9823,2.58,97.4
피지,유학연수,2026-11,0,0.9823,2.58,97.4
피지,유학연수,2026-12,1,0.9823,2.58,97.4
필리핀,공용,2025-06,212,0.9628,5.39,94.6
필리핀,공용,2025-07,199,0.9628,5.39,94.6
필리핀,공용,2025-08,201,0.9628,5.39,94.6
필리핀,공용,2025-09,176,0.9628,5.39,94.6
필리핀,공용,2025-10,202,0.9628,5.39,94.6
필리핀,공용,2025-11,250,0.9628,5.39,94.6
필리핀,공용,2025-12,154,0.9628,5.39,94.6
필리핀,공용,2026-01,145,0.9628,5.39,94.6
필리핀,공용,2026-02,82,0.9628,5.39,94.6
필리핀,공용,2026-03,129,0.9628,5.39,94.6
필리핀,공용,2026-04,141,0.9628,5.39,94.6
필리핀,공용,2026-05,178,0.9628,5.39,94.6
필리핀,공용,2026-06,232,0.9628,5.39,94.6
필리핀,공용,2026-07,195,0.9628,5.39,94.6
필리핀,공용,2026-08,218,0.9628,5.39,94.6
필리핀,공용,2026-09,168,0.9628,5.39,94.6
필리핀,공용,2026-10,197,0.9628,5.39,94.6
필리핀,공용,2026-11,262,0.9628,5.39,94.6
필리핀,공용,2026-12,156,0.9628,5.39,94.6
필리핀,관광,2025-06,24476,0.9756,1.52,98.5
필리핀,관광,2025-07,15059,0.9756,1.52,98.5
필리핀,관광,2025-08,13455,0.9756,1.52,98.5
필리핀,관광,2025-09,19381,0.9756,1.52,98.5
필리핀,관광,2025-10,36608,0.9756,1.52,98.5
필리핀,관광,2025-11,33559,0.9756,1.52,98.5
필리핀,관광,2025-12,28503,0.9756,1.52,98.5
필리핀,관광,2026-01,12611,0.9756,1.52,98.5
필리핀,관광,2026-02,12445,0.9756,1.52,98.5
필리핀,관광,2026-03,29655,0.9756,1.52,98.5
필리핀,관광,2026-04,27140,0.9756,1.52,98.5
필리핀,관광,2026-05,21269,0.9756,1.52,98.5
필리핀,관광,2026-06,24370,0.9756,1.52,98.5
필리핀,관광,2026-07,14989,0.9756,1.52,98.5
필리핀,관광,2026-08,13539,0.9756,1.52,98.5
필리핀,관광,2026-09,19236,0.9756,1.52,98.5
필리핀,관광,2026-10,36499,0.9756,1.52,98.5
필리핀,관광,2026-11,33432,0.9756,1.52,98.5
필리핀,관광,2026-12,28546,0.9756,1.52,98.5
필리핀,상용,2025-06,512,0.977,6.13,93.9
필리핀,상용,2025-07,482,0.977,6.13,93.9
필리핀,상용,2025-08,450,0.977,6.13,93.9
필리핀,상용,2025-09,524,0.977,6.13,93.9
필리핀,상용,2025-10,741,0.977,6.13,93.9
필리핀,상용,2025-11,600,0.977,6.13,93.9
필리핀,상용,2025-12,335,0.977,6.13,93.9
필리핀,상용,2026-01,389,0.977,6.13,93.9
필리핀,상용,2026-02,318,0.977,6.13,93.9
필리핀,상용,2026-03,545,0.977,6.13,93.9
필리핀,상용,2026-04,536,0.977,6.13,93.9
필리핀,상용,2026-05,610,0.977,6.13,93.9
필리핀,상용,2026-06,526,0.977,6.13,93.9
필리핀,상용,2026-07,491,0.977,6.13,93.9
필리핀,상용,2026-08,454,0.977,6.13,93.9
필리핀,상용,2026-09,504,0.977,6.13,93.9
필리핀,상용,2026-10,707,0.977,6.13,93.9
필리핀,상용,2026-11,602,0.977,6.13,93.9
필리핀,상용,2026-12,336,0.977,6.13,93.9
필리핀,유학연수,2025-06,81,0.997,1.79,98.2
필리핀,유학연수,2025-07,127,0.997,1.79,98.2
필리핀,유학연수,2025-08,335,0.997,1.79,98.2
필리핀,유학연수,2025-09,120,0.997,1.79,98.2
필리핀,유학연수,2025-10,57,0.997,1.79,98.2
필리핀,유학연수,2025-11,75,0.997,1.79,98.2
필리핀,유학연수,2025-12,76,0.997,1.79,98.2
필리핀,유학연수,2026-01,223,0.997,1.79,98.2
필리핀,유학연수,2026-02,278,0.997,1.79,98.2
필리핀,유학연수,2026-03,133,0.997,1.79,98.2
필리핀,유학연수,2026-04,51,0.997,1.79,98.2
필리핀,유학연수,2026-05,74,0.997,1.79,98.2
필리핀,유학연수,2026-06,80,0.997,1.79,98.2
필리핀,유학연수,2026-07,127,0.997,1.79,98.2
필리핀,유학연수,2026-08,335,0.997,1.79,98.2
필리핀,유학연수,2026-09,121,0.997,1.79,98.2
필리핀,유학연수,2026-10,57,0.997,1.79,98.2
필리핀,유학연수,2026-11,75,0.997,1.79,98.2
필리핀,유학연수,2026-12,76,0.997,1.79,98.2
홍콩,공용,2025-06,1,0.8761,20.53,79.5
홍콩,공용,2025-07,0,0.8761,20.53,79.5
홍콩,공용,2025-08,0,0.8761,20.53,79.5
홍콩,공용,2025-09,3,0.8761,20.53,79.5
홍콩,공용,2025-10,2,0.8761,20.53,79.5
홍콩,공용,2025-11,2,0.8761,20.53,79.5
홍콩,공용,2025-12,1,0.8761,20.53,79.5
홍콩,공용,2026-01,0,0.8761,20.53,79.5
홍콩,공용,2026-02,1,0.8761,20.53,79.5
홍콩,공용,2026-03,2,0.8761,20.53,79.5
홍콩,공용,2026-04,0,0.8761,20.53,79.5
홍콩,공용,2026-05,0,0.8761,20.53,79.5
홍콩,공용,2026-06,2,0.8761,20.53,79.5
홍콩,공용,2026-07,0,0.8761,20.53,79.5
홍콩,공용,2026-08,0,0.8761,20.53,79.5
홍콩,공용,2026-09,2,0.8761,20.53,79.5
홍콩,공용,2026-10,2,0.8761,20.53,79.5
홍콩,공용,2026-11,2,0.8761,20.53,79.5
홍콩,공용,2026-12,1,0.8761,20.53,79.5
홍콩,관광,2025-06,54213,0.9898,1.49,98.5
홍콩,관광,2025-07,57631,0.9898,1.49,98.5
홍콩,관광,2025-08,60890,0.9898,1.49,98.5
홍콩,관광,2025-09,39424,0.9898,1.49,98.5
홍콩,관광,2025-10,52209,0.9898,1.49,98.5
홍콩,관광,2025-11,46427,0.9898,1.49,98.5
홍콩,관광,2025-12,48672,0.9898,1.49,98.5
홍콩,관광,2026-01,25170,0.9898,1.49,98.5
홍콩,관광,2026-02,34336,0.9898,1.49,98.5
홍콩,관광,2026-03,48345,0.9898,1.49,98.5
홍콩,관광,2026-04,42534,0.9898,1.49,98.5
홍콩,관광,2026-05,45375,0.9898,1.49,98.5
홍콩,관광,2026-06,54257,0.9898,1.49,98.5
홍콩,관광,2026-07,57806,0.9898,1.49,98.5
홍콩,관광,2026-08,61250,0.9898,1.49,98.5
홍콩,관광,2026-09,39006,0.9898,1.49,98.5
홍콩,관광,2026-10,52155,0.9898,1.49,98.5
홍콩,관광,2026-11,46522,0.9898,1.49,98.5
홍콩,관광,2026-12,48787,0.9898,1.49,98.5
홍콩,상용,2025-06,44,0.9573,7.55,92.5
홍콩,상용,2025-07,53,0.9573,7.55,92.5
홍콩,상용,2025-08,40,0.9573,7.55,92.5
홍콩,상용,2025-09,44,0.9573,7.55,92.5
홍콩,상용,2025-10,39,0.9573,7.55,92.5
홍콩,상용,2025-11,46,0.9573,7.55,92.5
홍콩,상용,2025-12,43,0.9573,7.55,92.5
홍콩,상용,2026-01,38,0.9573,7.55,92.5
홍콩,상용,2026-02,42,0.9573,7.55,92.5
홍콩,상용,2026-03,39,0.9573,7.55,92.5
홍콩,상용,2026-04,41,0.9573,7.55,92.5
홍콩,상용,2026-05,36,0.9573,7.55,92.5
홍콩,상용,2026-06,45,0.9573,7.55,92.5
홍콩,상용,2026-07,53,0.9573,7.55,92.5
홍콩,상용,2026-08,41,0.9573,7.55,92.5
홍콩,상용,2026-09,44,0.9573,7.55,92.5
홍콩,상용,2026-10,35,0.9573,7.55,92.5
홍콩,상용,2026-11,48,0.9573,7.55,92.5
홍콩,상용,2026-12,41,0.9573,7.55,92.5
홍콩,유학연수,2025-06,160,0.9985,2.1,97.9
홍콩,유학연수,2025-07,195,0.9985,2.1,97.9
홍콩,유학연수,2025-08,398,0.9985,2.1,97.9
홍콩,유학연수,2025-09,280,0.9985,2.1,97.9
홍콩,유학연수,2025-10,94,0.9985,2.1,97.9
홍콩,유학연수,2025-11,145,0.9985,2.1,97.9
홍콩,유학연수,2025-12,140,0.9985,2.1,97.9
홍콩,유학연수,2026-01,125,0.9985,2.1,97.9
홍콩,유학연수,2026-02,446,0.9985,2.1,97.9
홍콩,유학연수,2026-03,233,0.9985,2.1,97.9
홍콩,유학연수,2026-04,103,0.9985,2.1,97.9
홍콩,유학연수,2026-05,172,0.9985,2.1,97.9
홍콩,유학연수,2026-06,161,0.9985,2.1,97.9
홍콩,유학연수,2026-07,195,0.9985,2.1,97.9
홍콩,유학연수,2026-08,397,0.9985,2.1,97.9
홍콩,유학연수,2026-09,281,0.9985,2.1,97.9
홍콩,유학연수,2026-10,93,0.9985,2.1,97.9
홍콩,유학연수,2026-11,145,0.9985,2.1,97.9
홍콩,유학연수,2026-12,140,0.9985,2.1,97.9
