국적,목적,연도,월,분기,계절,입국자수
중국,관광,2005,1,1,봄,4775
중국,상용,2005,1,1,봄,3642
중국,공용,2005,1,1,봄,2344
중국,기타,2005,1,1,봄,2414
일본,관광,2005,1,1,봄,3262
일본,상용,2005,1,1,봄,2350
일본,공용,2005,1,1,봄,1577
일본,기타,2005,1,1,봄,1592
미국,관광,2005,1,1,봄,2416
미국,상용,2005,1,1,봄,1774
미국,공용,2005,1,1,봄,1196
미국,기타,2005,1,1,봄,1167
베트남,관광,2005,1,1,봄,1610
베트남,상용,2005,1,1,봄,1211
베트남,공용,2005,1,1,봄,784
베트남,기타,2005,1,1,봄,815
태국,관광,2005,1,1,봄,1546
태국,상용,2005,1,1,봄,1175
태국,공용,2005,1,1,봄,784
태국,기타,2005,1,1,봄,804
중국,관광,2005,2,1,봄,5244
중국,상용,2005,2,1,봄,3842
중국,공용,2005,2,1,봄,2468
중국,기타,2005,2,1,봄,2428
일본,관광,2005,2,1,봄,3381
일본,상용,2005,2,1,봄,2604
일본,공용,2005,2,1,봄,1673
일본,기타,2005,2,1,봄,1649
미국,관광,2005,2,1,봄,2592
미국,상용,2005,2,1,봄,1939
미국,공용,2005,2,1,봄,1305
미국,기타,2005,2,1,봄,1260
베트남,관광,2005,2,1,봄,1752
베트남,상용,2005,2,1,봄,1257
베트남,공용,2005,2,1,봄,834
베트남,기타,2005,2,1,봄,870
태국,관광,2005,2,1,봄,1758
태국,상용,2005,2,1,봄,1226
태국,공용,2005,2,1,봄,873
태국,기타,2005,2,1,봄,874
중국,관광,2005,3,1,봄,6305
중국,상용,2005,3,1,봄,4687
중국,공용,2005,3,1,봄,3239
중국,기타,2005,3,1,봄,3136
일본,관광,2005,3,1,봄,4146
일본,상용,2005,3,1,봄,3115
일본,공용,2005,3,1,봄,2185
일본,기타,2005,3,1,봄,2118
미국,관광,2005,3,1,봄,3204
미국,상용,2005,3,1,봄,2433
미국,공용,2005,3,1,봄,1614
미국,기타,2005,3,1,봄,1554
베트남,관광,2005,3,1,봄,2061
베트남,상용,2005,3,1,봄,1616
베트남,공용,2005,3,1,봄,1042
베트남,기타,2005,3,1,봄,1006
태국,관광,2005,3,1,봄,2196
태국,상용,2005,3,1,봄,1577
태국,공용,2005,3,1,봄,1037
태국,기타,2005,3,1,봄,1138
중국,관광,2005,4,2,여름,6599
중국,상용,2005,4,2,여름,4905
중국,공용,2005,4,2,여름,3318
중국,기타,2005,4,2,여름,3172
일본,관광,2005,4,2,여름,4506
일본,상용,2005,4,2,여름,3230
일본,공용,2005,4,2,여름,2224
일본,기타,2005,4,2,여름,2162
미국,관광,2005,4,2,여름,3278
미국,상용,2005,4,2,여름,2494
미국,공용,2005,4,2,여름,1585
미국,기타,2005,4,2,여름,1629
베트남,관광,2005,4,2,여름,2224
베트남,상용,2005,4,2,여름,1651
베트남,공용,2005,4,2,여름,1114
베트남,기타,2005,4,2,여름,1119
태국,관광,2005,4,2,여름,2292
태국,상용,2005,4,2,여름,1631
태국,공용,2005,4,2,여름,1159
태국,기타,2005,4,2,여름,1076
중국,관광,2005,5,2,여름,6079
중국,상용,2005,5,2,여름,4506
중국,공용,2005,5,2,여름,2913
중국,기타,2005,5,2,여름,3083
일본,관광,2005,5,2,여름,3970
일본,상용,2005,5,2,여름,3037
일본,공용,2005,5,2,여름,2063
일본,기타,2005,5,2,여름,2018
미국,관광,2005,5,2,여름,2938
미국,상용,2005,5,2,여름,2264
미국,공용,2005,5,2,여름,1442
미국,기타,2005,5,2,여름,1505
베트남,관광,2005,5,2,여름,2020
베트남,상용,2005,5,2,여름,1524
베트남,공용,2005,5,2,여름,984
베트남,기타,2005,5,2,여름,1014
태국,관광,2005,5,2,여름,2020
태국,상용,2005,5,2,여름,1439
태국,공용,2005,5,2,여름,977
태국,기타,2005,5,2,여름,1046
중국,관광,2005,6,2,여름,5770
중국,상용,2005,6,2,여름,4289
중국,공용,2005,6,2,여름,2798
중국,기타,2005,6,2,여름,2815
일본,관광,2005,6,2,여름,3826
일본,상용,2005,6,2,여름,2939
일본,공용,2005,6,2,여름,1891
일본,기타,2005,6,2,여름,1873
미국,관광,2005,6,2,여름,2913
미국,상용,2005,6,2,여름,2087
미국,공용,2005,6,2,여름,1499
미국,기타,2005,6,2,여름,1432
베트남,관광,2005,6,2,여름,1846
베트남,상용,2005,6,2,여름,1476
베트남,공용,2005,6,2,여름,968
베트남,기타,2005,6,2,여름,937
태국,관광,2005,6,2,여름,1943
태국,상용,2005,6,2,여름,1473
태국,공용,2005,6,2,여름,951
태국,기타,2005,6,2,여름,979
중국,관광,2005,7,3,가을,6046
중국,상용,2005,7,3,가을,4596
중국,공용,2005,7,3,가을,2980
중국,기타,2005,7,3,가을,3012
일본,관광,2005,7,3,가을,3994
일본,상용,2005,7,3,가을,2965
일본,공용,2005,7,3,가을,1861
일본,기타,2005,7,3,가을,2047
미국,관광,2005,7,3,가을,2928
미국,상용,2005,7,3,가을,2289
미국,공용,2005,7,3,가을,1514
미국,기타,2005,7,3,가을,1414
베트남,관광,2005,7,3,가을,2005
베트남,상용,2005,7,3,가을,1502
베트남,공용,2005,7,3,가을,1029
베트남,기타,2005,7,3,가을,994
태국,관광,2005,7,3,가을,2050
태국,상용,2005,7,3,가을,1490
태국,공용,2005,7,3,가을,964
태국,기타,2005,7,3,가을,1004
중국,관광,2005,8,3,가을,6939
중국,상용,2005,8,3,가을,5186
중국,공용,2005,8,3,가을,3437
중국,기타,2005,8,3,가을,3425
일본,관광,2005,8,3,가을,4438
일본,상용,2005,8,3,가을,3521
일본,공용,2005,8,3,가을,2296
일본,기타,2005,8,3,가을,2299
미국,관광,2005,8,3,가을,3387
미국,상용,2005,8,3,가을,2573
미국,공용,2005,8,3,가을,1741
미국,기타,2005,8,3,가을,1710
베트남,관광,2005,8,3,가을,2300
베트남,상용,2005,8,3,가을,1744
베트남,공용,2005,8,3,가을,1087
베트남,기타,2005,8,3,가을,1219
태국,관광,2005,8,3,가을,2285
태국,상용,2005,8,3,가을,1720
태국,공용,2005,8,3,가을,1220
태국,기타,2005,8,3,가을,1117
중국,관광,2005,9,3,가을,6180
중국,상용,2005,9,3,가을,4617
중국,공용,2005,9,3,가을,3047
중국,기타,2005,9,3,가을,3215
일본,관광,2005,9,3,가을,4265
일본,상용,2005,9,3,가을,3073
일본,공용,2005,9,3,가을,2117
일본,기타,2005,9,3,가을,2132
미국,관광,2005,9,3,가을,3113
미국,상용,2005,9,3,가을,2400
미국,공용,2005,9,3,가을,1560
미국,기타,2005,9,3,가을,1557
베트남,관광,2005,9,3,가을,2156
베트남,상용,2005,9,3,가을,1605
베트남,공용,2005,9,3,가을,1002
베트남,기타,2005,9,3,가을,1050
태국,관광,2005,9,3,가을,2076
태국,상용,2005,9,3,가을,1562
태국,공용,2005,9,3,가을,1101
태국,기타,2005,9,3,가을,1033
중국,관광,2005,10,4,겨울,7394
중국,상용,2005,10,4,겨울,5428
중국,공용,2005,10,4,겨울,3563
중국,기타,2005,10,4,겨울,3630
일본,관광,2005,10,4,겨울,4863
일본,상용,2005,10,4,겨울,3504
일본,공용,2005,10,4,겨울,2298
일본,기타,2005,10,4,겨울,2392
미국,관광,2005,10,4,겨울,3574
미국,상용,2005,10,4,겨울,2637
미국,공용,2005,10,4,겨울,1814
미국,기타,2005,10,4,겨울,1729
베트남,관광,2005,10,4,겨울,2311
베트남,상용,2005,10,4,겨울,1826
베트남,공용,2005,10,4,겨울,1187
베트남,기타,2005,10,4,겨울,1188
태국,관광,2005,10,4,겨울,2442
태국,상용,2005,10,4,겨울,1791
태국,공용,2005,10,4,겨울,1151
태국,기타,2005,10,4,겨울,1127
중국,관광,2005,11,4,겨울,5893
중국,상용,2005,11,4,겨울,4550
중국,공용,2005,11,4,겨울,3148
중국,기타,2005,11,4,겨울,2965
일본,관광,2005,11,4,겨울,3886
일본,상용,2005,11,4,겨울,3020
일본,공용,2005,11,4,겨울,1994
일본,기타,2005,11,4,겨울,2011
미국,관광,2005,11,4,겨울,2868
미국,상용,2005,11,4,겨울,2244
미국,공용,2005,11,4,겨울,1474
미국,기타,2005,11,4,겨울,1496
베트남,관광,2005,11,4,겨울,2011
베트남,상용,2005,11,4,겨울,1523
베트남,공용,2005,11,4,겨울,982
베트남,기타,2005,11,4,겨울,1017
태국,관광,2005,11,4,겨울,2072
태국,상용,2005,11,4,겨울,1587
태국,공용,2005,11,4,겨울,1010
태국,기타,2005,11,4,겨울,1060
중국,관광,2005,12,4,겨울,6109
중국,상용,2005,12,4,겨울,4701
중국,공용,2005,12,4,겨울,3165
중국,기타,2005,12,4,겨울,3213
일본,관광,2005,12,4,겨울,4184
일본,상용,2005,12,4,겨울,3216
일본,공용,2005,12,4,겨울,2094
일본,기타,2005,12,4,겨울,2209
미국,관광,2005,12,4,겨울,3103
미국,상용,2005,12,4,겨울,2379
미국,공용,2005,12,4,겨울,1519
미국,기타,2005,12,4,겨울,1577
베트남,관광,2005,12,4,겨울,2103
베트남,상용,2005,12,4,겨울,1581
베트남,공용,2005,12,4,겨울,1093
베트남,기타,2005,12,4,겨울,1009
태국,관광,2005,12,4,겨울,2136
태국,상용,2005,12,4,겨울,1599
태국,공용,2005,12,4,겨울,1009
태국,기타,2005,12,4,겨울,1036
중국,관광,2006,1,1,봄,5018
중국,상용,2006,1,1,봄,3875
중국,공용,2006,1,1,봄,2522
중국,기타,2006,1,1,봄,2505
일본,관광,2006,1,1,봄,3291
일본,상용,2006,1,1,봄,2519
일본,공용,2006,1,1,봄,1675
일본,기타,2006,1,1,봄,1679
미국,관광,2006,1,1,봄,2539
미국,상용,2006,1,1,봄,1813
미국,공용,2006,1,1,봄,1213
미국,기타,2006,1,1,봄,1216
베트남,관광,2006,1,1,봄,1638
베트남,상용,2006,1,1,봄,1313
베트남,공용,2006,1,1,봄,854
베트남,기타,2006,1,1,봄,811
태국,관광,2006,1,1,봄,1635
태국,상용,2006,1,1,봄,1223
태국,공용,2006,1,1,봄,801
태국,기타,2006,1,1,봄,813
중국,관광,2006,2,1,봄,5356
중국,상용,2006,2,1,봄,4040
중국,공용,2006,2,1,봄,2746
중국,기타,2006,2,1,봄,2573
일본,관광,2006,2,1,봄,3628
일본,상용,2006,2,1,봄,2625
일본,공용,2006,2,1,봄,1769
일본,기타,2006,2,1,봄,1799
미국,관광,2006,2,1,봄,2672
미국,상용,2006,2,1,봄,1885
미국,공용,2006,2,1,봄,1362
미국,기타,2006,2,1,봄,1340
베트남,관광,2006,2,1,봄,1723
베트남,상용,2006,2,1,봄,1342
베트남,공용,2006,2,1,봄,872
베트남,기타,2006,2,1,봄,865
태국,관광,2006,2,1,봄,1727
태국,상용,2006,2,1,봄,1348
태국,공용,2006,2,1,봄,920
태국,기타,2006,2,1,봄,843
중국,관광,2006,3,1,봄,6635
중국,상용,2006,3,1,봄,4948
중국,공용,2006,3,1,봄,3270
중국,기타,2006,3,1,봄,3332
일본,관광,2006,3,1,봄,4430
일본,상용,2006,3,1,봄,3221
일본,공용,2006,3,1,봄,2168
일본,기타,2006,3,1,봄,2158
미국,관광,2006,3,1,봄,3246
미국,상용,2006,3,1,봄,2395
미국,공용,2006,3,1,봄,1643
미국,기타,2006,3,1,봄,1596
베트남,관광,2006,3,1,봄,2253
베트남,상용,2006,3,1,봄,1610
베트남,공용,2006,3,1,봄,1164
베트남,기타,2006,3,1,봄,1109
태국,관광,2006,3,1,봄,2244
태국,상용,2006,3,1,봄,1633
태국,공용,2006,3,1,봄,1103
태국,기타,2006,3,1,봄,1056
중국,관광,2006,4,2,여름,6878
중국,상용,2006,4,2,여름,5114
중국,공용,2006,4,2,여름,3470
중국,기타,2006,4,2,여름,3437
일본,관광,2006,4,2,여름,4585
일본,상용,2006,4,2,여름,3421
일본,공용,2006,4,2,여름,2348
일본,기타,2006,4,2,여름,2306
미국,관광,2006,4,2,여름,3439
미국,상용,2006,4,2,여름,2531
미국,공용,2006,4,2,여름,1816
미국,기타,2006,4,2,여름,1653
베트남,관광,2006,4,2,여름,2320
베트남,상용,2006,4,2,여름,1681
베트남,공용,2006,4,2,여름,1123
베트남,기타,2006,4,2,여름,1117
태국,관광,2006,4,2,여름,2333
태국,상용,2006,4,2,여름,1715
태국,공용,2006,4,2,여름,1144
태국,기타,2006,4,2,여름,1149
중국,관광,2006,5,2,여름,6292
중국,상용,2006,5,2,여름,4777
중국,공용,2006,5,2,여름,3104
중국,기타,2006,5,2,여름,3131
일본,관광,2006,5,2,여름,4302
일본,상용,2006,5,2,여름,3072
일본,공용,2006,5,2,여름,2117
일본,기타,2006,5,2,여름,2043
미국,관광,2006,5,2,여름,3169
미국,상용,2006,5,2,여름,2434
미국,공용,2006,5,2,여름,1528
미국,기타,2006,5,2,여름,1544
베트남,관광,2006,5,2,여름,2137
베트남,상용,2006,5,2,여름,1557
베트남,공용,2006,5,2,여름,1004
베트남,기타,2006,5,2,여름,1007
태국,관광,2006,5,2,여름,2143
태국,상용,2006,5,2,여름,1542
태국,공용,2006,5,2,여름,1071
태국,기타,2006,5,2,여름,1069
중국,관광,2006,6,2,여름,5927
중국,상용,2006,6,2,여름,4420
중국,공용,2006,6,2,여름,3005
중국,기타,2006,6,2,여름,2987
일본,관광,2006,6,2,여름,3916
일본,상용,2006,6,2,여름,2993
일본,공용,2006,6,2,여름,2079
일본,기타,2006,6,2,여름,2021
미국,관광,2006,6,2,여름,3026
미국,상용,2006,6,2,여름,2255
미국,공용,2006,6,2,여름,1488
미국,기타,2006,6,2,여름,1491
베트남,관광,2006,6,2,여름,1935
베트남,상용,2006,6,2,여름,1546
베트남,공용,2006,6,2,여름,1006
베트남,기타,2006,6,2,여름,930
태국,관광,2006,6,2,여름,2038
태국,상용,2006,6,2,여름,1477
태국,공용,2006,6,2,여름,1001
태국,기타,2006,6,2,여름,983
중국,관광,2006,7,3,가을,6357
중국,상용,2006,7,3,가을,4666
중국,공용,2006,7,3,가을,3081
중국,기타,2006,7,3,가을,3150
일본,관광,2006,7,3,가을,4308
일본,상용,2006,7,3,가을,3163
일본,공용,2006,7,3,가을,2045
일본,기타,2006,7,3,가을,2100
미국,관광,2006,7,3,가을,3043
미국,상용,2006,7,3,가을,2318
미국,공용,2006,7,3,가을,1538
미국,기타,2006,7,3,가을,1582
베트남,관광,2006,7,3,가을,2139
베트남,상용,2006,7,3,가을,1578
베트남,공용,2006,7,3,가을,1041
베트남,기타,2006,7,3,가을,1012
태국,관광,2006,7,3,가을,2083
태국,상용,2006,7,3,가을,1592
태국,공용,2006,7,3,가을,1071
태국,기타,2006,7,3,가을,1023
중국,관광,2006,8,3,가을,7326
중국,상용,2006,8,3,가을,5466
중국,공용,2006,8,3,가을,3531
중국,기타,2006,8,3,가을,3662
일본,관광,2006,8,3,가을,4905
일본,상용,2006,8,3,가을,3652
일본,공용,2006,8,3,가을,2385
일본,기타,2006,8,3,가을,2370
미국,관광,2006,8,3,가을,3560
미국,상용,2006,8,3,가을,2705
미국,공용,2006,8,3,가을,1855
미국,기타,2006,8,3,가을,1780
베트남,관광,2006,8,3,가을,2428
베트남,상용,2006,8,3,가을,1826
베트남,공용,2006,8,3,가을,1213
베트남,기타,2006,8,3,가을,1186
태국,관광,2006,8,3,가을,2455
태국,상용,2006,8,3,가을,1866
태국,공용,2006,8,3,가을,1259
태국,기타,2006,8,3,가을,1200
중국,관광,2006,9,3,가을,6558
중국,상용,2006,9,3,가을,4988
중국,공용,2006,9,3,가을,3236
중국,기타,2006,9,3,가을,3246
일본,관광,2006,9,3,가을,4318
일본,상용,2006,9,3,가을,3268
일본,공용,2006,9,3,가을,2226
일본,기타,2006,9,3,가을,2161
미국,관광,2006,9,3,가을,3235
미국,상용,2006,9,3,가을,2546
미국,공용,2006,9,3,가을,1665
미국,기타,2006,9,3,가을,1611
베트남,관광,2006,9,3,가을,2194
베트남,상용,2006,9,3,가을,1656
베트남,공용,2006,9,3,가을,1066
베트남,기타,2006,9,3,가을,1046
태국,관광,2006,9,3,가을,2168
태국,상용,2006,9,3,가을,1628
태국,공용,2006,9,3,가을,1124
태국,기타,2006,9,3,가을,1109
중국,관광,2006,10,4,겨울,7601
중국,상용,2006,10,4,겨울,5723
중국,공용,2006,10,4,겨울,3797
중국,기타,2006,10,4,겨울,3779
일본,관광,2006,10,4,겨울,5006
일본,상용,2006,10,4,겨울,3690
일본,공용,2006,10,4,겨울,2554
일본,기타,2006,10,4,겨울,2548
미국,관광,2006,10,4,겨울,3732
미국,상용,2006,10,4,겨울,2885
미국,공용,2006,10,4,겨울,1860
미국,기타,2006,10,4,겨울,1872
베트남,관광,2006,10,4,겨울,2605
베트남,상용,2006,10,4,겨울,1989
베트남,공용,2006,10,4,겨울,1224
베트남,기타,2006,10,4,겨울,1307
태국,관광,2006,10,4,겨울,2569
태국,상용,2006,10,4,겨울,1915
태국,공용,2006,10,4,겨울,1233
태국,기타,2006,10,4,겨울,1335
중국,관광,2006,11,4,겨울,6348
중국,상용,2006,11,4,겨울,4654
중국,공용,2006,11,4,겨울,3244
중국,기타,2006,11,4,겨울,3183
일본,관광,2006,11,4,겨울,4315
일본,상용,2006,11,4,겨울,3269
일본,공용,2006,11,4,겨울,2157
일본,기타,2006,11,4,겨울,2076
미국,관광,2006,11,4,겨울,3103
미국,상용,2006,11,4,겨울,2277
미국,공용,2006,11,4,겨울,1556
미국,기타,2006,11,4,겨울,1498
베트남,관광,2006,11,4,겨울,2105
베트남,상용,2006,11,4,겨울,1554
베트남,공용,2006,11,4,겨울,1095
베트남,기타,2006,11,4,겨울,1023
태국,관광,2006,11,4,겨울,2159
태국,상용,2006,11,4,겨울,1628
태국,공용,2006,11,4,겨울,1115
태국,기타,2006,11,4,겨울,1077
중국,관광,2006,12,4,겨울,6610
중국,상용,2006,12,4,겨울,5019
중국,공용,2006,12,4,겨울,3295
중국,기타,2006,12,4,겨울,3261
일본,관광,2006,12,4,겨울,4382
일본,상용,2006,12,4,겨울,3273
일본,공용,2006,12,4,겨울,2087
일본,기타,2006,12,4,겨울,2189
미국,관광,2006,12,4,겨울,3359
미국,상용,2006,12,4,겨울,2469
미국,공용,2006,12,4,겨울,1740
미국,기타,2006,12,4,겨울,1667
베트남,관광,2006,12,4,겨울,2303
베트남,상용,2006,12,4,겨울,1666
베트남,공용,2006,12,4,겨울,1075
베트남,기타,2006,12,4,겨울,1073
태국,관광,2006,12,4,겨울,2246
태국,상용,2006,12,4,겨울,1710
태국,공용,2006,12,4,겨울,1093
태국,기타,2006,12,4,겨울,1122
중국,관광,2007,1,1,봄,5354
중국,상용,2007,1,1,봄,3906
중국,공용,2007,1,1,봄,2654
중국,기타,2007,1,1,봄,2558
일본,관광,2007,1,1,봄,3478
일본,상용,2007,1,1,봄,2713
일본,공용,2007,1,1,봄,1812
일본,기타,2007,1,1,봄,1779
미국,관광,2007,1,1,봄,2556
미국,상용,2007,1,1,봄,1964
미국,공용,2007,1,1,봄,1344
미국,기타,2007,1,1,봄,1258
베트남,관광,2007,1,1,봄,1783
베트남,상용,2007,1,1,봄,1363
베트남,공용,2007,1,1,봄,878
베트남,기타,2007,1,1,봄,911
태국,관광,2007,1,1,봄,1782
태국,상용,2007,1,1,봄,1294
태국,공용,2007,1,1,봄,908
태국,기타,2007,1,1,봄,915
중국,관광,2007,2,1,봄,5656
중국,상용,2007,2,1,봄,4245
중국,공용,2007,2,1,봄,2823
중국,기타,2007,2,1,봄,2745
일본,관광,2007,2,1,봄,3820
일본,상용,2007,2,1,봄,2861
일본,공용,2007,2,1,봄,1849
일본,기타,2007,2,1,봄,1821
미국,관광,2007,2,1,봄,2863
미국,상용,2007,2,1,봄,2119
미국,공용,2007,2,1,봄,1417
미국,기타,2007,2,1,봄,1417
베트남,관광,2007,2,1,봄,1908
베트남,상용,2007,2,1,봄,1432
베트남,공용,2007,2,1,봄,1018
베트남,기타,2007,2,1,봄,947
태국,관광,2007,2,1,봄,1805
태국,상용,2007,2,1,봄,1423
태국,공용,2007,2,1,봄,917
태국,기타,2007,2,1,봄,877
중국,관광,2007,3,1,봄,6893
중국,상용,2007,3,1,봄,5252
중국,공용,2007,3,1,봄,3511
중국,기타,2007,3,1,봄,3463
일본,관광,2007,3,1,봄,4657
일본,상용,2007,3,1,봄,3453
일본,공용,2007,3,1,봄,2256
일본,기타,2007,3,1,봄,2337
미국,관광,2007,3,1,봄,3365
미국,상용,2007,3,1,봄,2622
미국,공용,2007,3,1,봄,1828
미국,기타,2007,3,1,봄,1724
베트남,관광,2007,3,1,봄,2299
베트남,상용,2007,3,1,봄,1720
베트남,공용,2007,3,1,봄,1205
베트남,기타,2007,3,1,봄,1124
태국,관광,2007,3,1,봄,2331
태국,상용,2007,3,1,봄,1785
태국,공용,2007,3,1,봄,1257
태국,기타,2007,3,1,봄,1199
중국,관광,2007,4,2,여름,7331
중국,상용,2007,4,2,여름,5504
중국,공용,2007,4,2,여름,3552
중국,기타,2007,4,2,여름,3734
일본,관광,2007,4,2,여름,4905
일본,상용,2007,4,2,여름,3547
일본,공용,2007,4,2,여름,2447
일본,기타,2007,4,2,여름,2373
미국,관광,2007,4,2,여름,3512
미국,상용,2007,4,2,여름,2686
미국,공용,2007,4,2,여름,1791
미국,기타,2007,4,2,여름,1802
베트남,관광,2007,4,2,여름,2434
베트남,상용,2007,4,2,여름,1840
베트남,공용,2007,4,2,여름,1240
베트남,기타,2007,4,2,여름,1208
태국,관광,2007,4,2,여름,2360
태국,상용,2007,4,2,여름,1829
태국,공용,2007,4,2,여름,1216
태국,기타,2007,4,2,여름,1192
중국,관광,2007,5,2,여름,6467
중국,상용,2007,5,2,여름,4743
중국,공용,2007,5,2,여름,3283
중국,기타,2007,5,2,여름,3311
일본,관광,2007,5,2,여름,4463
일본,상용,2007,5,2,여름,3237
일본,공용,2007,5,2,여름,2218
일본,기타,2007,5,2,여름,2096
미국,관광,2007,5,2,여름,3336
미국,상용,2007,5,2,여름,2507
미국,공용,2007,5,2,여름,1631
미국,기타,2007,5,2,여름,1580
베트남,관광,2007,5,2,여름,2206
베트남,상용,2007,5,2,여름,1644
베트남,공용,2007,5,2,여름,1102
베트남,기타,2007,5,2,여름,1043
태국,관광,2007,5,2,여름,2164
태국,상용,2007,5,2,여름,1703
태국,공용,2007,5,2,여름,1066
태국,기타,2007,5,2,여름,1115
중국,관광,2007,6,2,여름,6282
중국,상용,2007,6,2,여름,4637
중국,공용,2007,6,2,여름,3033
중국,기타,2007,6,2,여름,3094
일본,관광,2007,6,2,여름,4263
일본,상용,2007,6,2,여름,3176
일본,공용,2007,6,2,여름,2069
일본,기타,2007,6,2,여름,2148
미국,관광,2007,6,2,여름,3125
미국,상용,2007,6,2,여름,2349
미국,공용,2007,6,2,여름,1628
미국,기타,2007,6,2,여름,1541
베트남,관광,2007,6,2,여름,2165
베트남,상용,2007,6,2,여름,1581
베트남,공용,2007,6,2,여름,1068
베트남,기타,2007,6,2,여름,1066
태국,관광,2007,6,2,여름,2042
태국,상용,2007,6,2,여름,1615
태국,공용,2007,6,2,여름,1020
태국,기타,2007,6,2,여름,1040
중국,관광,2007,7,3,가을,6567
중국,상용,2007,7,3,가을,4872
중국,공용,2007,7,3,가을,3326
중국,기타,2007,7,3,가을,3349
일본,관광,2007,7,3,가을,4346
일본,상용,2007,7,3,가을,3238
일본,공용,2007,7,3,가을,2178
일본,기타,2007,7,3,가을,2191
미국,관광,2007,7,3,가을,3319
미국,상용,2007,7,3,가을,2420
미국,공용,2007,7,3,가을,1669
미국,기타,2007,7,3,가을,1697
베트남,관광,2007,7,3,가을,2211
베트남,상용,2007,7,3,가을,1612
베트남,공용,2007,7,3,가을,1077
베트남,기타,2007,7,3,가을,1103
태국,관광,2007,7,3,가을,2077
태국,상용,2007,7,3,가을,1644
태국,공용,2007,7,3,가을,1082
태국,기타,2007,7,3,가을,1016
중국,관광,2007,8,3,가을,7625
중국,상용,2007,8,3,가을,5683
중국,공용,2007,8,3,가을,3793
중국,기타,2007,8,3,가을,3719
일본,관광,2007,8,3,가을,5020
일본,상용,2007,8,3,가을,3737
일본,공용,2007,8,3,가을,2688
일본,기타,2007,8,3,가을,2555
미국,관광,2007,8,3,가을,3874
미국,상용,2007,8,3,가을,2877
미국,공용,2007,8,3,가을,1990
미국,기타,2007,8,3,가을,1897
베트남,관광,2007,8,3,가을,2595
베트남,상용,2007,8,3,가을,1922
베트남,공용,2007,8,3,가을,1233
베트남,기타,2007,8,3,가을,1254
태국,관광,2007,8,3,가을,2456
태국,상용,2007,8,3,가을,1954
태국,공용,2007,8,3,가을,1272
태국,기타,2007,8,3,가을,1313
중국,관광,2007,9,3,가을,6888
중국,상용,2007,9,3,가을,5268
중국,공용,2007,9,3,가을,3520
중국,기타,2007,9,3,가을,3525
일본,관광,2007,9,3,가을,4628
일본,상용,2007,9,3,가을,3435
일본,공용,2007,9,3,가을,2296
일본,기타,2007,9,3,가을,2295
미국,관광,2007,9,3,가을,3418
미국,상용,2007,9,3,가을,2556
미국,공용,2007,9,3,가을,1745
미국,기타,2007,9,3,가을,1747
베트남,관광,2007,9,3,가을,2293
베트남,상용,2007,9,3,가을,1735
베트남,공용,2007,9,3,가을,1143
베트남,기타,2007,9,3,가을,1163
태국,관광,2007,9,3,가을,2325
태국,상용,2007,9,3,가을,1774
태국,공용,2007,9,3,가을,1238
태국,기타,2007,9,3,가을,1122
중국,관광,2007,10,4,겨울,7958
중국,상용,2007,10,4,겨울,5880
중국,공용,2007,10,4,겨울,3933
중국,기타,2007,10,4,겨울,3957
일본,관광,2007,10,4,겨울,5233
일본,상용,2007,10,4,겨울,4021
일본,공용,2007,10,4,겨울,2611
일본,기타,2007,10,4,겨울,2673
미국,관광,2007,10,4,겨울,3944
미국,상용,2007,10,4,겨울,2914
미국,공용,2007,10,4,겨울,1934
미국,기타,2007,10,4,겨울,2008
베트남,관광,2007,10,4,겨울,2650
베트남,상용,2007,10,4,겨울,2023
베트남,공용,2007,10,4,겨울,1404
베트남,기타,2007,10,4,겨울,1357
태국,관광,2007,10,4,겨울,2597
태국,상용,2007,10,4,겨울,1994
태국,공용,2007,10,4,겨울,1361
태국,기타,2007,10,4,겨울,1304
중국,관광,2007,11,4,겨울,6671
중국,상용,2007,11,4,겨울,5024
중국,공용,2007,11,4,겨울,3328
중국,기타,2007,11,4,겨울,3320
일본,관광,2007,11,4,겨울,4416
일본,상용,2007,11,4,겨울,3341
일본,공용,2007,11,4,겨울,2158
일본,기타,2007,11,4,겨울,2214
미국,관광,2007,11,4,겨울,3252
미국,상용,2007,11,4,겨울,2488
미국,공용,2007,11,4,겨울,1673
미국,기타,2007,11,4,겨울,1642
베트남,관광,2007,11,4,겨울,2139
베트남,상용,2007,11,4,겨울,1677
베트남,공용,2007,11,4,겨울,1077
베트남,기타,2007,11,4,겨울,1045
태국,관광,2007,11,4,겨울,2154
태국,상용,2007,11,4,겨울,1616
태국,공용,2007,11,4,겨울,1038
태국,기타,2007,11,4,겨울,1037
중국,관광,2007,12,4,겨울,6862
중국,상용,2007,12,4,겨울,5296
중국,공용,2007,12,4,겨울,3470
중국,기타,2007,12,4,겨울,3436
일본,관광,2007,12,4,겨울,4631
일본,상용,2007,12,4,겨울,3459
일본,공용,2007,12,4,겨울,2318
일본,기타,2007,12,4,겨울,2259
미국,관광,2007,12,4,겨울,3409
미국,상용,2007,12,4,겨울,2520
미국,공용,2007,12,4,겨울,1765
미국,기타,2007,12,4,겨울,1752
베트남,관광,2007,12,4,겨울,2397
베트남,상용,2007,12,4,겨울,1720
베트남,공용,2007,12,4,겨울,1159
베트남,기타,2007,12,4,겨울,1157
태국,관광,2007,12,4,겨울,2232
태국,상용,2007,12,4,겨울,1678
태국,공용,2007,12,4,겨울,1185
태국,기타,2007,12,4,겨울,1061
중국,관광,2008,1,1,봄,5467
중국,상용,2008,1,1,봄,4035
중국,공용,2008,1,1,봄,2768
중국,기타,2008,1,1,봄,2744
일본,관광,2008,1,1,봄,3697
일본,상용,2008,1,1,봄,2850
일본,공용,2008,1,1,봄,1801
일본,기타,2008,1,1,봄,1780
미국,관광,2008,1,1,봄,2742
미국,상용,2008,1,1,봄,2128
미국,공용,2008,1,1,봄,1414
미국,기타,2008,1,1,봄,1316
베트남,관광,2008,1,1,봄,1794
베트남,상용,2008,1,1,봄,1363
베트남,공용,2008,1,1,봄,932
베트남,기타,2008,1,1,봄,881
태국,관광,2008,1,1,봄,1915
태국,상용,2008,1,1,봄,1391
태국,공용,2008,1,1,봄,888
태국,기타,2008,1,1,봄,911
중국,관광,2008,2,1,봄,5836
중국,상용,2008,2,1,봄,4362
중국,공용,2008,2,1,봄,2923
중국,기타,2008,2,1,봄,2954
일본,관광,2008,2,1,봄,3931
일본,상용,2008,2,1,봄,2869
일본,공용,2008,2,1,봄,1994
일본,기타,2008,2,1,봄,1863
미국,관광,2008,2,1,봄,2866
미국,상용,2008,2,1,봄,2172
미국,공용,2008,2,1,봄,1488
미국,기타,2008,2,1,봄,1505
베트남,관광,2008,2,1,봄,1930
베트남,상용,2008,2,1,봄,1469
베트남,공용,2008,2,1,봄,937
베트남,기타,2008,2,1,봄,973
태국,관광,2008,2,1,봄,1938
태국,상용,2008,2,1,봄,1507
태국,공용,2008,2,1,봄,1003
태국,기타,2008,2,1,봄,970
중국,관광,2008,3,1,봄,7313
중국,상용,2008,3,1,봄,5441
중국,공용,2008,3,1,봄,3778
중국,기타,2008,3,1,봄,3536
일본,관광,2008,3,1,봄,4821
일본,상용,2008,3,1,봄,3530
일본,공용,2008,3,1,봄,2357
일본,기타,2008,3,1,봄,2450
미국,관광,2008,3,1,봄,3601
미국,상용,2008,3,1,봄,2711
미국,공용,2008,3,1,봄,1873
미국,기타,2008,3,1,봄,1849
베트남,관광,2008,3,1,봄,2442
베트남,상용,2008,3,1,봄,1779
베트남,공용,2008,3,1,봄,1204
베트남,기타,2008,3,1,봄,1224
태국,관광,2008,3,1,봄,2434
태국,상용,2008,3,1,봄,1730
태국,공용,2008,3,1,봄,1166
태국,기타,2008,3,1,봄,1209
중국,관광,2008,4,2,여름,7369
중국,상용,2008,4,2,여름,5741
중국,공용,2008,4,2,여름,3682
중국,기타,2008,4,2,여름,3769
일본,관광,2008,4,2,여름,5029
일본,상용,2008,4,2,여름,3824
일본,공용,2008,4,2,여름,2476
일본,기타,2008,4,2,여름,2553
미국,관광,2008,4,2,여름,3751
미국,상용,2008,4,2,여름,2756
미국,공용,2008,4,2,여름,1871
미국,기타,2008,4,2,여름,1913
베트남,관광,2008,4,2,여름,2483
베트남,상용,2008,4,2,여름,1912
베트남,공용,2008,4,2,여름,1280
베트남,기타,2008,4,2,여름,1299
태국,관광,2008,4,2,여름,2542
태국,상용,2008,4,2,여름,1941
태국,공용,2008,4,2,여름,1218
태국,기타,2008,4,2,여름,1330
중국,관광,2008,5,2,여름,6869
중국,상용,2008,5,2,여름,5163
중국,공용,2008,5,2,여름,3573
중국,기타,2008,5,2,여름,3371
일본,관광,2008,5,2,여름,4696
일본,상용,2008,5,2,여름,3412
일본,공용,2008,5,2,여름,2360
일본,기타,2008,5,2,여름,2382
미국,관광,2008,5,2,여름,3496
미국,상용,2008,5,2,여름,2645
미국,공용,2008,5,2,여름,1761
미국,기타,2008,5,2,여름,1681
베트남,관광,2008,5,2,여름,2181
베트남,상용,2008,5,2,여름,1672
베트남,공용,2008,5,2,여름,1185
베트남,기타,2008,5,2,여름,1150
태국,관광,2008,5,2,여름,2334
태국,상용,2008,5,2,여름,1736
태국,공용,2008,5,2,여름,1130
태국,기타,2008,5,2,여름,1169
중국,관광,2008,6,2,여름,6587
중국,상용,2008,6,2,여름,4837
중국,공용,2008,6,2,여름,3190
중국,기타,2008,6,2,여름,3332
일본,관광,2008,6,2,여름,4380
일본,상용,2008,6,2,여름,3296
일본,공용,2008,6,2,여름,2165
일본,기타,2008,6,2,여름,2192
미국,관광,2008,6,2,여름,3323
미국,상용,2008,6,2,여름,2495
미국,공용,2008,6,2,여름,1741
미국,기타,2008,6,2,여름,1618
베트남,관광,2008,6,2,여름,2158
베트남,상용,2008,6,2,여름,1633
베트남,공용,2008,6,2,여름,1139
베트남,기타,2008,6,2,여름,1082
태국,관광,2008,6,2,여름,2212
태국,상용,2008,6,2,여름,1653
태국,공용,2008,6,2,여름,1123
태국,기타,2008,6,2,여름,1101
중국,관광,2008,7,3,가을,6934
중국,상용,2008,7,3,가을,5191
중국,공용,2008,7,3,가을,3460
중국,기타,2008,7,3,가을,3480
일본,관광,2008,7,3,가을,4553
일본,상용,2008,7,3,가을,3450
일본,공용,2008,7,3,가을,2201
일본,기타,2008,7,3,가을,2343
미국,관광,2008,7,3,가을,3503
미국,상용,2008,7,3,가을,2579
미국,공용,2008,7,3,가을,1704
미국,기타,2008,7,3,가을,1657
베트남,관광,2008,7,3,가을,2313
베트남,상용,2008,7,3,가을,1742
베트남,공용,2008,7,3,가을,1163
베트남,기타,2008,7,3,가을,1103
태국,관광,2008,7,3,가을,2354
태국,상용,2008,7,3,가을,1733
태국,공용,2008,7,3,가을,1115
태국,기타,2008,7,3,가을,1134
중국,관광,2008,8,3,가을,7874
중국,상용,2008,8,3,가을,5905
중국,공용,2008,8,3,가을,3922
중국,기타,2008,8,3,가을,4050
일본,관광,2008,8,3,가을,5217
일본,상용,2008,8,3,가을,3960
일본,공용,2008,8,3,가을,2579
일본,기타,2008,8,3,가을,2680
미국,관광,2008,8,3,가을,3956
미국,상용,2008,8,3,가을,3020
미국,공용,2008,8,3,가을,1998
미국,기타,2008,8,3,가을,2018
베트남,관광,2008,8,3,가을,2772
베트남,상용,2008,8,3,가을,1890
베트남,공용,2008,8,3,가을,1296
베트남,기타,2008,8,3,가을,1380
태국,관광,2008,8,3,가을,2610
태국,상용,2008,8,3,가을,1977
태국,공용,2008,8,3,가을,1252
태국,기타,2008,8,3,가을,1217
중국,관광,2008,9,3,가을,7379
중국,상용,2008,9,3,가을,5440
중국,공용,2008,9,3,가을,3596
중국,기타,2008,9,3,가을,3741
일본,관광,2008,9,3,가을,4814
일본,상용,2008,9,3,가을,3578
일본,공용,2008,9,3,가을,2368
일본,기타,2008,9,3,가을,2410
미국,관광,2008,9,3,가을,3641
미국,상용,2008,9,3,가을,2644
미국,공용,2008,9,3,가을,1775
미국,기타,2008,9,3,가을,1862
베트남,관광,2008,9,3,가을,2418
베트남,상용,2008,9,3,가을,1864
베트남,공용,2008,9,3,가을,1142
베트남,기타,2008,9,3,가을,1212
태국,관광,2008,9,3,가을,2409
태국,상용,2008,9,3,가을,1861
태국,공용,2008,9,3,가을,1204
태국,기타,2008,9,3,가을,1223
중국,관광,2008,10,4,겨울,8099
중국,상용,2008,10,4,겨울,6287
중국,공용,2008,10,4,겨울,4079
중국,기타,2008,10,4,겨울,4069
일본,관광,2008,10,4,겨울,5578
일본,상용,2008,10,4,겨울,4080
일본,공용,2008,10,4,겨울,2831
일본,기타,2008,10,4,겨울,2718
미국,관광,2008,10,4,겨울,3923
미국,상용,2008,10,4,겨울,3099
미국,공용,2008,10,4,겨울,2075
미국,기타,2008,10,4,겨울,2003
베트남,관광,2008,10,4,겨울,2815
베트남,상용,2008,10,4,겨울,2027
베트남,공용,2008,10,4,겨울,1356
베트남,기타,2008,10,4,겨울,1388
태국,관광,2008,10,4,겨울,2809
태국,상용,2008,10,4,겨울,2146
태국,공용,2008,10,4,겨울,1338
태국,기타,2008,10,4,겨울,1414
중국,관광,2008,11,4,겨울,7001
중국,상용,2008,11,4,겨울,5086
중국,공용,2008,11,4,겨울,3390
중국,기타,2008,11,4,겨울,3476
일본,관광,2008,11,4,겨울,4588
일본,상용,2008,11,4,겨울,3351
일본,공용,2008,11,4,겨울,2346
일본,기타,2008,11,4,겨울,2319
미국,관광,2008,11,4,겨울,3531
미국,상용,2008,11,4,겨울,2530
미국,공용,2008,11,4,겨울,1732
미국,기타,2008,11,4,겨울,1752
베트남,관광,2008,11,4,겨울,2217
베트남,상용,2008,11,4,겨울,1683
베트남,공용,2008,11,4,겨울,1185
베트남,기타,2008,11,4,겨울,1171
태국,관광,2008,11,4,겨울,2296
태국,상용,2008,11,4,겨울,1720
태국,공용,2008,11,4,겨울,1149
태국,기타,2008,11,4,겨울,1134
중국,관광,2008,12,4,겨울,7299
중국,상용,2008,12,4,겨울,5322
중국,공용,2008,12,4,겨울,3549
중국,기타,2008,12,4,겨울,3614
일본,관광,2008,12,4,겨울,4860
일본,상용,2008,12,4,겨울,3597
일본,공용,2008,12,4,겨울,2411
일본,기타,2008,12,4,겨울,2434
미국,관광,2008,12,4,겨울,3653
미국,상용,2008,12,4,겨울,2745
미국,공용,2008,12,4,겨울,1766
미국,기타,2008,12,4,겨울,1775
베트남,관광,2008,12,4,겨울,2382
베트남,상용,2008,12,4,겨울,1836
베트남,공용,2008,12,4,겨울,1187
베트남,기타,2008,12,4,겨울,1223
태국,관광,2008,12,4,겨울,2479
태국,상용,2008,12,4,겨울,1850
태국,공용,2008,12,4,겨울,1182
태국,기타,2008,12,4,겨울,1225
중국,관광,2009,1,1,봄,5652
중국,상용,2009,1,1,봄,4313
중국,공용,2009,1,1,봄,2887
중국,기타,2009,1,1,봄,2868
일본,관광,2009,1,1,봄,3885
일본,상용,2009,1,1,봄,2845
일본,공용,2009,1,1,봄,1893
일본,기타,2009,1,1,봄,1954
미국,관광,2009,1,1,봄,2916
미국,상용,2009,1,1,봄,2210
미국,공용,2009,1,1,봄,1490
미국,기타,2009,1,1,봄,1463
베트남,관광,2009,1,1,봄,1852
베트남,상용,2009,1,1,봄,1418
베트남,공용,2009,1,1,봄,941
베트남,기타,2009,1,1,봄,983
태국,관광,2009,1,1,봄,1988
태국,상용,2009,1,1,봄,1459
태국,공용,2009,1,1,봄,1005
태국,기타,2009,1,1,봄,906
중국,관광,2009,2,1,봄,6192
중국,상용,2009,2,1,봄,4672
중국,공용,2009,2,1,봄,2951
중국,기타,2009,2,1,봄,3076
일본,관광,2009,2,1,봄,3980
일본,상용,2009,2,1,봄,3087
일본,공용,2009,2,1,봄,2101
일본,기타,2009,2,1,봄,2042
미국,관광,2009,2,1,봄,3030
미국,상용,2009,2,1,봄,2336
미국,공용,2009,2,1,봄,1587
미국,기타,2009,2,1,봄,1542
베트남,관광,2009,2,1,봄,2052
베트남,상용,2009,2,1,봄,1498
베트남,공용,2009,2,1,봄,973
베트남,기타,2009,2,1,봄,1019
태국,관광,2009,2,1,봄,2143
태국,상용,2009,2,1,봄,1559
태국,공용,2009,2,1,봄,1032
태국,기타,2009,2,1,봄,996
중국,관광,2009,3,1,봄,7553
중국,상용,2009,3,1,봄,5577
중국,공용,2009,3,1,봄,3777
중국,기타,2009,3,1,봄,3799
일본,관광,2009,3,1,봄,4975
일본,상용,2009,3,1,봄,3726
일본,공용,2009,3,1,봄,2447
일본,기타,2009,3,1,봄,2568
미국,관광,2009,3,1,봄,3782
미국,상용,2009,3,1,봄,2935
미국,공용,2009,3,1,봄,1819
미국,기타,2009,3,1,봄,1829
베트남,관광,2009,3,1,봄,2521
베트남,상용,2009,3,1,봄,1889
베트남,공용,2009,3,1,봄,1236
베트남,기타,2009,3,1,봄,1252
태국,관광,2009,3,1,봄,2600
태국,상용,2009,3,1,봄,1903
태국,공용,2009,3,1,봄,1297
태국,기타,2009,3,1,봄,1274
중국,관광,2009,4,2,여름,7855
중국,상용,2009,4,2,여름,5963
중국,공용,2009,4,2,여름,3872
중국,기타,2009,4,2,여름,3952
일본,관광,2009,4,2,여름,5182
일본,상용,2009,4,2,여름,4008
일본,공용,2009,4,2,여름,2552
일본,기타,2009,4,2,여름,2746
미국,관광,2009,4,2,여름,3993
미국,상용,2009,4,2,여름,2984
미국,공용,2009,4,2,여름,1997
미국,기타,2009,4,2,여름,1994
베트남,관광,2009,4,2,여름,2674
베트남,상용,2009,4,2,여름,2048
베트남,공용,2009,4,2,여름,1323
베트남,기타,2009,4,2,여름,1298
태국,관광,2009,4,2,여름,2651
태국,상용,2009,4,2,여름,1920
태국,공용,2009,4,2,여름,1303
태국,기타,2009,4,2,여름,1336
중국,관광,2009,5,2,여름,7248
중국,상용,2009,5,2,여름,5437
중국,공용,2009,5,2,여름,3566
중국,기타,2009,5,2,여름,3591
일본,관광,2009,5,2,여름,4872
일본,상용,2009,5,2,여름,3701
일본,공용,2009,5,2,여름,2374
일본,기타,2009,5,2,여름,2382
미국,관광,2009,5,2,여름,3637
미국,상용,2009,5,2,여름,2681
미국,공용,2009,5,2,여름,1792
미국,기타,2009,5,2,여름,1861
베트남,관광,2009,5,2,여름,2343
베트남,상용,2009,5,2,여름,1818
베트남,공용,2009,5,2,여름,1184
베트남,기타,2009,5,2,여름,1191
태국,관광,2009,5,2,여름,2425
태국,상용,2009,5,2,여름,1783
태국,공용,2009,5,2,여름,1219
태국,기타,2009,5,2,여름,1199
중국,관광,2009,6,2,여름,6841
중국,상용,2009,6,2,여름,5106
중국,공용,2009,6,2,여름,3354
중국,기타,2009,6,2,여름,3466
일본,관광,2009,6,2,여름,4518
일본,상용,2009,6,2,여름,3339
일본,공용,2009,6,2,여름,2254
일본,기타,2009,6,2,여름,2294
미국,관광,2009,6,2,여름,3575
미국,상용,2009,6,2,여름,2548
미국,공용,2009,6,2,여름,1715
미국,기타,2009,6,2,여름,1716
베트남,관광,2009,6,2,여름,2318
베트남,상용,2009,6,2,여름,1703
베트남,공용,2009,6,2,여름,1115
베트남,기타,2009,6,2,여름,1070
태국,관광,2009,6,2,여름,2288
태국,상용,2009,6,2,여름,1719
태국,공용,2009,6,2,여름,1135
태국,기타,2009,6,2,여름,1139
중국,관광,2009,7,3,가을,7230
중국,상용,2009,7,3,가을,5425
중국,공용,2009,7,3,가을,3582
중국,기타,2009,7,3,가을,3596
일본,관광,2009,7,3,가을,4911
일본,상용,2009,7,3,가을,3606
일본,공용,2009,7,3,가을,2337
일본,기타,2009,7,3,가을,2335
미국,관광,2009,7,3,가을,3560
미국,상용,2009,7,3,가을,2810
미국,공용,2009,7,3,가을,1795
미국,기타,2009,7,3,가을,1798
베트남,관광,2009,7,3,가을,2412
베트남,상용,2009,7,3,가을,1773
베트남,공용,2009,7,3,가을,1228
베트남,기타,2009,7,3,가을,1201
태국,관광,2009,7,3,가을,2411
태국,상용,2009,7,3,가을,1845
태국,공용,2009,7,3,가을,1207
태국,기타,2009,7,3,가을,1167
중국,관광,2009,8,3,가을,8389
중국,상용,2009,8,3,가을,6302
중국,공용,2009,8,3,가을,4012
중국,기타,2009,8,3,가을,4131
일본,관광,2009,8,3,가을,5547
일본,상용,2009,8,3,가을,4175
일본,공용,2009,8,3,가을,2790
일본,기타,2009,8,3,가을,2729
미국,관광,2009,8,3,가을,4202
미국,상용,2009,8,3,가을,3134
미국,공용,2009,8,3,가을,2042
미국,기타,2009,8,3,가을,2103
베트남,관광,2009,8,3,가을,2798
베트남,상용,2009,8,3,가을,2105
베트남,공용,2009,8,3,가을,1397
베트남,기타,2009,8,3,가을,1423
태국,관광,2009,8,3,가을,2675
태국,상용,2009,8,3,가을,1990
태국,공용,2009,8,3,가을,1370
태국,기타,2009,8,3,가을,1364
중국,관광,2009,9,3,가을,7401
중국,상용,2009,9,3,가을,5675
중국,공용,2009,9,3,가을,3672
중국,기타,2009,9,3,가을,3837
일본,관광,2009,9,3,가을,4879
일본,상용,2009,9,3,가을,3763
일본,공용,2009,9,3,가을,2479
일본,기타,2009,9,3,가을,2506
미국,관광,2009,9,3,가을,3748
미국,상용,2009,9,3,가을,2790
미국,공용,2009,9,3,가을,1872
미국,기타,2009,9,3,가을,1832
베트남,관광,2009,9,3,가을,2520
베트남,상용,2009,9,3,가을,1901
베트남,공용,2009,9,3,가을,1195
베트남,기타,2009,9,3,가을,1232
태국,관광,2009,9,3,가을,2573
태국,상용,2009,9,3,가을,1896
태국,공용,2009,9,3,가을,1217
태국,기타,2009,9,3,가을,1235
중국,관광,2009,10,4,겨울,8580
중국,상용,2009,10,4,겨울,6510
중국,공용,2009,10,4,겨울,4370
중국,기타,2009,10,4,겨울,4165
일본,관광,2009,10,4,겨울,5807
일본,상용,2009,10,4,겨울,4394
일본,공용,2009,10,4,겨울,2838
일본,기타,2009,10,4,겨울,2851
미국,관광,2009,10,4,겨울,4293
미국,상용,2009,10,4,겨울,3305
미국,공용,2009,10,4,겨울,2202
미국,기타,2009,10,4,겨울,2151
베트남,관광,2009,10,4,겨울,2861
베트남,상용,2009,10,4,겨울,2085
베트남,공용,2009,10,4,겨울,1439
베트남,기타,2009,10,4,겨울,1454
태국,관광,2009,10,4,겨울,2914
태국,상용,2009,10,4,겨울,2266
태국,공용,2009,10,4,겨울,1417
태국,기타,2009,10,4,겨울,1473
중국,관광,2009,11,4,겨울,7003
중국,상용,2009,11,4,겨울,5582
중국,공용,2009,11,4,겨울,3588
중국,기타,2009,11,4,겨울,3545
일본,관광,2009,11,4,겨울,4774
일본,상용,2009,11,4,겨울,3649
일본,공용,2009,11,4,겨울,2451
일본,기타,2009,11,4,겨울,2356
미국,관광,2009,11,4,겨울,3595
미국,상용,2009,11,4,겨울,2654
미국,공용,2009,11,4,겨울,1813
미국,기타,2009,11,4,겨울,1747
베트남,관광,2009,11,4,겨울,2435
베트남,상용,2009,11,4,겨울,1818
베트남,공용,2009,11,4,겨울,1222
베트남,기타,2009,11,4,겨울,1250
태국,관광,2009,11,4,겨울,2381
태국,상용,2009,11,4,겨울,1740
태국,공용,2009,11,4,겨울,1176
태국,기타,2009,11,4,겨울,1183
중국,관광,2009,12,4,겨울,7444
중국,상용,2009,12,4,겨울,5668
중국,공용,2009,12,4,겨울,3785
중국,기타,2009,12,4,겨울,3812
일본,관광,2009,12,4,겨울,5100
일본,상용,2009,12,4,겨울,3784
일본,공용,2009,12,4,겨울,2453
일본,기타,2009,12,4,겨울,2562
미국,관광,2009,12,4,겨울,3696
미국,상용,2009,12,4,겨울,2880
미국,공용,2009,12,4,겨울,1871
미국,기타,2009,12,4,겨울,1908
베트남,관광,2009,12,4,겨울,2578
베트남,상용,2009,12,4,겨울,1955
베트남,공용,2009,12,4,겨울,1291
베트남,기타,2009,12,4,겨울,1250
태국,관광,2009,12,4,겨울,2423
태국,상용,2009,12,4,겨울,1856
태국,공용,2009,12,4,겨울,1287
태국,기타,2009,12,4,겨울,1334
중국,관광,2010,1,1,봄,6211
중국,상용,2010,1,1,봄,4474
중국,공용,2010,1,1,봄,2947
중국,기타,2010,1,1,봄,3019
일본,관광,2010,1,1,봄,4014
일본,상용,2010,1,1,봄,3055
일본,공용,2010,1,1,봄,1986
일본,기타,2010,1,1,봄,1967
미국,관광,2010,1,1,봄,3093
미국,상용,2010,1,1,봄,2246
미국,공용,2010,1,1,봄,1524
미국,기타,2010,1,1,봄,1454
베트남,관광,2010,1,1,봄,2017
베트남,상용,2010,1,1,봄,1503
베트남,공용,2010,1,1,봄,1000
베트남,기타,2010,1,1,봄,944
태국,관광,2010,1,1,봄,2044
태국,상용,2010,1,1,봄,1505
태국,공용,2010,1,1,봄,922
태국,기타,2010,1,1,봄,995
중국,관광,2010,2,1,봄,6471
중국,상용,2010,2,1,봄,4963
중국,공용,2010,2,1,봄,3199
중국,기타,2010,2,1,봄,3177
일본,관광,2010,2,1,봄,4132
일본,상용,2010,2,1,봄,3239
일본,공용,2010,2,1,봄,2128
일본,기타,2010,2,1,봄,2161
미국,관광,2010,2,1,봄,3184
미국,상용,2010,2,1,봄,2353
미국,공용,2010,2,1,봄,1613
미국,기타,2010,2,1,봄,1601
베트남,관광,2010,2,1,봄,2125
베트남,상용,2010,2,1,봄,1666
베트남,공용,2010,2,1,봄,1075
베트남,기타,2010,2,1,봄,1045
태국,관광,2010,2,1,봄,2157
태국,상용,2010,2,1,봄,1586
태국,공용,2010,2,1,봄,1061
태국,기타,2010,2,1,봄,1018
중국,관광,2010,3,1,봄,7849
중국,상용,2010,3,1,봄,5968
중국,공용,2010,3,1,봄,3918
중국,기타,2010,3,1,봄,4044
일본,관광,2010,3,1,봄,5266
일본,상용,2010,3,1,봄,3994
일본,공용,2010,3,1,봄,2634
일본,기타,2010,3,1,봄,2648
미국,관광,2010,3,1,봄,3876
미국,상용,2010,3,1,봄,2872
미국,공용,2010,3,1,봄,1930
미국,기타,2010,3,1,봄,1845
베트남,관광,2010,3,1,봄,2690
베트남,상용,2010,3,1,봄,2070
베트남,공용,2010,3,1,봄,1306
베트남,기타,2010,3,1,봄,1314
태국,관광,2010,3,1,봄,2592
태국,상용,2010,3,1,봄,2034
태국,공용,2010,3,1,봄,1365
태국,기타,2010,3,1,봄,1344
중국,관광,2010,4,2,여름,8249
중국,상용,2010,4,2,여름,6208
중국,공용,2010,4,2,여름,4093
중국,기타,2010,4,2,여름,4066
일본,관광,2010,4,2,여름,5361
일본,상용,2010,4,2,여름,4126
일본,공용,2010,4,2,여름,2802
일본,기타,2010,4,2,여름,2724
미국,관광,2010,4,2,여름,4179
미국,상용,2010,4,2,여름,3028
미국,공용,2010,4,2,여름,2067
미국,기타,2010,4,2,여름,2053
베트남,관광,2010,4,2,여름,2681
베트남,상용,2010,4,2,여름,2065
베트남,공용,2010,4,2,여름,1353
베트남,기타,2010,4,2,여름,1344
태국,관광,2010,4,2,여름,2705
태국,상용,2010,4,2,여름,2096
태국,공용,2010,4,2,여름,1367
태국,기타,2010,4,2,여름,1356
중국,관광,2010,5,2,여름,7588
중국,상용,2010,5,2,여름,5597
중국,공용,2010,5,2,여름,3797
중국,기타,2010,5,2,여름,3766
일본,관광,2010,5,2,여름,4877
일본,상용,2010,5,2,여름,3788
일본,공용,2010,5,2,여름,2544
일본,기타,2010,5,2,여름,2616
미국,관광,2010,5,2,여름,3707
미국,상용,2010,5,2,여름,2780
미국,공용,2010,5,2,여름,1909
미국,기타,2010,5,2,여름,1877
베트남,관광,2010,5,2,여름,2481
베트남,상용,2010,5,2,여름,1921
베트남,공용,2010,5,2,여름,1273
베트남,기타,2010,5,2,여름,1311
태국,관광,2010,5,2,여름,2534
태국,상용,2010,5,2,여름,1846
태국,공용,2010,5,2,여름,1216
태국,기타,2010,5,2,여름,1293
중국,관광,2010,6,2,여름,7182
중국,상용,2010,6,2,여름,5504
중국,공용,2010,6,2,여름,3542
중국,기타,2010,6,2,여름,3616
일본,관광,2010,6,2,여름,4727
일본,상용,2010,6,2,여름,3630
일본,공용,2010,6,2,여름,2366
일본,기타,2010,6,2,여름,2405
미국,관광,2010,6,2,여름,3570
미국,상용,2010,6,2,여름,2557
미국,공용,2010,6,2,여름,1809
미국,기타,2010,6,2,여름,1737
베트남,관광,2010,6,2,여름,2382
베트남,상용,2010,6,2,여름,1727
베트남,공용,2010,6,2,여름,1148
베트남,기타,2010,6,2,여름,1166
태국,관광,2010,6,2,여름,2400
태국,상용,2010,6,2,여름,1749
태국,공용,2010,6,2,여름,1194
태국,기타,2010,6,2,여름,1242
중국,관광,2010,7,3,가을,7544
중국,상용,2010,7,3,가을,5635
중국,공용,2010,7,3,가을,3715
중국,기타,2010,7,3,가을,3771
일본,관광,2010,7,3,가을,5049
일본,상용,2010,7,3,가을,3635
일본,공용,2010,7,3,가을,2468
일본,기타,2010,7,3,가을,2527
미국,관광,2010,7,3,가을,3621
미국,상용,2010,7,3,가을,2925
미국,공용,2010,7,3,가을,1897
미국,기타,2010,7,3,가을,1834
베트남,관광,2010,7,3,가을,2538
베트남,상용,2010,7,3,가을,1846
베트남,공용,2010,7,3,가을,1243
베트남,기타,2010,7,3,가을,1183
태국,관광,2010,7,3,가을,2429
태국,상용,2010,7,3,가을,1906
태국,공용,2010,7,3,가을,1242
태국,기타,2010,7,3,가을,1240
중국,관광,2010,8,3,가을,8539
중국,상용,2010,8,3,가을,6413
중국,공용,2010,8,3,가을,4342
중국,기타,2010,8,3,가을,4332
일본,관광,2010,8,3,가을,5615
일본,상용,2010,8,3,가을,4273
일본,공용,2010,8,3,가을,2890
일본,기타,2010,8,3,가을,2898
미국,관광,2010,8,3,가을,4263
미국,상용,2010,8,3,가을,3269
미국,공용,2010,8,3,가을,2131
미국,기타,2010,8,3,가을,2169
베트남,관광,2010,8,3,가을,2992
베트남,상용,2010,8,3,가을,2189
베트남,공용,2010,8,3,가을,1402
베트남,기타,2010,8,3,가을,1460
태국,관광,2010,8,3,가을,2861
태국,상용,2010,8,3,가을,2167
태국,공용,2010,8,3,가을,1432
태국,기타,2010,8,3,가을,1426
중국,관광,2010,9,3,가을,7786
중국,상용,2010,9,3,가을,5784
중국,공용,2010,9,3,가을,4042
중국,기타,2010,9,3,가을,3892
일본,관광,2010,9,3,가을,5298
일본,상용,2010,9,3,가을,3953
일본,공용,2010,9,3,가을,2645
일본,기타,2010,9,3,가을,2658
미국,관광,2010,9,3,가을,3878
미국,상용,2010,9,3,가을,2992
미국,공용,2010,9,3,가을,1935
미국,기타,2010,9,3,가을,1938
베트남,관광,2010,9,3,가을,2523
베트남,상용,2010,9,3,가을,2000
베트남,공용,2010,9,3,가을,1331
베트남,기타,2010,9,3,가을,1348
태국,관광,2010,9,3,가을,2722
태국,상용,2010,9,3,가을,1927
태국,공용,2010,9,3,가을,1339
태국,기타,2010,9,3,가을,1315
중국,관광,2010,10,4,겨울,8965
중국,상용,2010,10,4,겨울,6770
중국,공용,2010,10,4,겨울,4453
중국,기타,2010,10,4,겨울,4599
일본,관광,2010,10,4,겨울,6070
일본,상용,2010,10,4,겨울,4525
일본,공용,2010,10,4,겨울,3033
일본,기타,2010,10,4,겨울,2991
미국,관광,2010,10,4,겨울,4632
미국,상용,2010,10,4,겨울,3436
미국,공용,2010,10,4,겨울,2242
미국,기타,2010,10,4,겨울,2222
베트남,관광,2010,10,4,겨울,2884
베트남,상용,2010,10,4,겨울,2336
베트남,공용,2010,10,4,겨울,1531
베트남,기타,2010,10,4,겨울,1517
태국,관광,2010,10,4,겨울,2938
태국,상용,2010,10,4,겨울,2162
태국,공용,2010,10,4,겨울,1519
태국,기타,2010,10,4,겨울,1539
중국,관광,2010,11,4,겨울,7376
중국,상용,2010,11,4,겨울,5583
중국,공용,2010,11,4,겨울,3753
중국,기타,2010,11,4,겨울,3725
일본,관광,2010,11,4,겨울,5076
일본,상용,2010,11,4,겨울,3715
일본,공용,2010,11,4,겨울,2617
일본,기타,2010,11,4,겨울,2479
미국,관광,2010,11,4,겨울,3658
미국,상용,2010,11,4,겨울,2820
미국,공용,2010,11,4,겨울,1833
미국,기타,2010,11,4,겨울,1897
베트남,관광,2010,11,4,겨울,2561
베트남,상용,2010,11,4,겨울,1867
베트남,공용,2010,11,4,겨울,1210
베트남,기타,2010,11,4,겨울,1213
태국,관광,2010,11,4,겨울,2458
태국,상용,2010,11,4,겨울,1827
태국,공용,2010,11,4,겨울,1273
태국,기타,2010,11,4,겨울,1251
중국,관광,2010,12,4,겨울,7726
중국,상용,2010,12,4,겨울,5822
중국,공용,2010,12,4,겨울,3888
중국,기타,2010,12,4,겨울,3845
일본,관광,2010,12,4,겨울,5254
일본,상용,2010,12,4,겨울,3889
일본,공용,2010,12,4,겨울,2609
일본,기타,2010,12,4,겨울,2642
미국,관광,2010,12,4,겨울,3922
미국,상용,2010,12,4,겨울,2959
미국,공용,2010,12,4,겨울,1995
미국,기타,2010,12,4,겨울,1969
베트남,관광,2010,12,4,겨울,2692
베트남,상용,2010,12,4,겨울,1973
베트남,공용,2010,12,4,겨울,1323
베트남,기타,2010,12,4,겨울,1295
태국,관광,2010,12,4,겨울,2654
태국,상용,2010,12,4,겨울,1955
태국,공용,2010,12,4,겨울,1279
태국,기타,2010,12,4,겨울,1304
중국,관광,2011,1,1,봄,6313
중국,상용,2011,1,1,봄,4675
중국,공용,2011,1,1,봄,3141
중국,기타,2011,1,1,봄,3078
일본,관광,2011,1,1,봄,4203
일본,상용,2011,1,1,봄,3182
일본,공용,2011,1,1,봄,2132
일본,기타,2011,1,1,봄,2058
미국,관광,2011,1,1,봄,3112
미국,상용,2011,1,1,봄,2398
미국,공용,2011,1,1,봄,1556
미국,기타,2011,1,1,봄,1547
베트남,관광,2011,1,1,봄,2150
베트남,상용,2011,1,1,봄,1485
베트남,공용,2011,1,1,봄,1030
베트남,기타,2011,1,1,봄,1137
태국,관광,2011,1,1,봄,2100
태국,상용,2011,1,1,봄,1546
태국,공용,2011,1,1,봄,1034
태국,기타,2011,1,1,봄,1045
중국,관광,2011,2,1,봄,6559
중국,상용,2011,2,1,봄,4947
중국,공용,2011,2,1,봄,3293
중국,기타,2011,2,1,봄,3353
일본,관광,2011,2,1,봄,4461
일본,상용,2011,2,1,봄,3264
일본,공용,2011,2,1,봄,2208
일본,기타,2011,2,1,봄,2256
미국,관광,2011,2,1,봄,3323
미국,상용,2011,2,1,봄,2527
미국,공용,2011,2,1,봄,1693
미국,기타,2011,2,1,봄,1697
베트남,관광,2011,2,1,봄,2152
베트남,상용,2011,2,1,봄,1672
베트남,공용,2011,2,1,봄,1069
베트남,기타,2011,2,1,봄,1153
태국,관광,2011,2,1,봄,2285
태국,상용,2011,2,1,봄,1669
태국,공용,2011,2,1,봄,1152
태국,기타,2011,2,1,봄,1118
중국,관광,2011,3,1,봄,8183
중국,상용,2011,3,1,봄,6089
중국,공용,2011,3,1,봄,4060
중국,기타,2011,3,1,봄,4038
일본,관광,2011,3,1,봄,5577
일본,상용,2011,3,1,봄,4031
일본,공용,2011,3,1,봄,2760
일본,기타,2011,3,1,봄,2785
미국,관광,2011,3,1,봄,4155
미국,상용,2011,3,1,봄,3103
미국,공용,2011,3,1,봄,2139
미국,기타,2011,3,1,봄,2024
베트남,관광,2011,3,1,봄,2678
베트남,상용,2011,3,1,봄,2008
베트남,공용,2011,3,1,봄,1339
베트남,기타,2011,3,1,봄,1402
태국,관광,2011,3,1,봄,2772
태국,상용,2011,3,1,봄,1974
태국,공용,2011,3,1,봄,1351
태국,기타,2011,3,1,봄,1336
중국,관광,2011,4,2,여름,8532
중국,상용,2011,4,2,여름,6549
중국,공용,2011,4,2,여름,4359
중국,기타,2011,4,2,여름,4240
일본,관광,2011,4,2,여름,5576
일본,상용,2011,4,2,여름,4339
일본,공용,2011,4,2,여름,2818
일본,기타,2011,4,2,여름,2846
미국,관광,2011,4,2,여름,4348
미국,상용,2011,4,2,여름,3186
미국,공용,2011,4,2,여름,2107
미국,기타,2011,4,2,여름,2183
베트남,관광,2011,4,2,여름,2903
베트남,상용,2011,4,2,여름,2197
베트남,공용,2011,4,2,여름,1437
베트남,기타,2011,4,2,여름,1478
태국,관광,2011,4,2,여름,2872
태국,상용,2011,4,2,여름,2181
태국,공용,2011,4,2,여름,1453
태국,기타,2011,4,2,여름,1398
중국,관광,2011,5,2,여름,7962
중국,상용,2011,5,2,여름,5815
중국,공용,2011,5,2,여름,3960
중국,기타,2011,5,2,여름,3917
일본,관광,2011,5,2,여름,5191
일본,상용,2011,5,2,여름,3932
일본,공용,2011,5,2,여름,2705
일본,기타,2011,5,2,여름,2600
미국,관광,2011,5,2,여름,3936
미국,상용,2011,5,2,여름,2888
미국,공용,2011,5,2,여름,1967
미국,기타,2011,5,2,여름,1904
베트남,관광,2011,5,2,여름,2593
베트남,상용,2011,5,2,여름,1999
베트남,공용,2011,5,2,여름,1311
베트남,기타,2011,5,2,여름,1340
태국,관광,2011,5,2,여름,2598
태국,상용,2011,5,2,여름,1899
태국,공용,2011,5,2,여름,1276
태국,기타,2011,5,2,여름,1308
중국,관광,2011,6,2,여름,7374
중국,상용,2011,6,2,여름,5433
중국,공용,2011,6,2,여름,3788
중국,기타,2011,6,2,여름,3733
일본,관광,2011,6,2,여름,5028
일본,상용,2011,6,2,여름,3646
일본,공용,2011,6,2,여름,2438
일본,기타,2011,6,2,여름,2544
미국,관광,2011,6,2,여름,3776
미국,상용,2011,6,2,여름,2753
미국,공용,2011,6,2,여름,1781
미국,기타,2011,6,2,여름,1773
베트남,관광,2011,6,2,여름,2428
베트남,상용,2011,6,2,여름,1822
베트남,공용,2011,6,2,여름,1196
베트남,기타,2011,6,2,여름,1212
태국,관광,2011,6,2,여름,2445
태국,상용,2011,6,2,여름,1817
태국,공용,2011,6,2,여름,1209
태국,기타,2011,6,2,여름,1253
중국,관광,2011,7,3,가을,7720
중국,상용,2011,7,3,가을,5758
중국,공용,2011,7,3,가을,3979
중국,기타,2011,7,3,가을,3794
일본,관광,2011,7,3,가을,5158
일본,상용,2011,7,3,가을,3960
일본,공용,2011,7,3,가을,2612
일본,기타,2011,7,3,가을,2538
미국,관광,2011,7,3,가을,3858
미국,상용,2011,7,3,가을,2833
미국,공용,2011,7,3,가을,1925
미국,기타,2011,7,3,가을,1857
베트남,관광,2011,7,3,가을,2594
베트남,상용,2011,7,3,가을,1959
베트남,공용,2011,7,3,가을,1331
베트남,기타,2011,7,3,가을,1280
태국,관광,2011,7,3,가을,2673
태국,상용,2011,7,3,가을,1907
태국,공용,2011,7,3,가을,1326
태국,기타,2011,7,3,가을,1298
중국,관광,2011,8,3,가을,8932
중국,상용,2011,8,3,가을,6706
중국,공용,2011,8,3,가을,4476
중국,기타,2011,8,3,가을,4396
일본,관광,2011,8,3,가을,6158
일본,상용,2011,8,3,가을,4498
일본,공용,2011,8,3,가을,2988
일본,기타,2011,8,3,가을,2944
미국,관광,2011,8,3,가을,4460
미국,상용,2011,8,3,가을,3292
미국,공용,2011,8,3,가을,2194
미국,기타,2011,8,3,가을,2201
베트남,관광,2011,8,3,가을,3048
베트남,상용,2011,8,3,가을,2328
베트남,공용,2011,8,3,가을,1503
베트남,기타,2011,8,3,가을,1481
태국,관광,2011,8,3,가을,2969
태국,상용,2011,8,3,가을,2250
태국,공용,2011,8,3,가을,1531
태국,기타,2011,8,3,가을,1515
중국,관광,2011,9,3,가을,8111
중국,상용,2011,9,3,가을,6083
중국,공용,2011,9,3,가을,4154
중국,기타,2011,9,3,가을,4144
일본,관광,2011,9,3,가을,5451
일본,상용,2011,9,3,가을,3994
일본,공용,2011,9,3,가을,2820
일본,기타,2011,9,3,가을,2698
미국,관광,2011,9,3,가을,4044
미국,상용,2011,9,3,가을,3066
미국,공용,2011,9,3,가을,2084
미국,기타,2011,9,3,가을,2046
베트남,관광,2011,9,3,가을,2773
베트남,상용,2011,9,3,가을,2096
베트남,공용,2011,9,3,가을,1348
베트남,기타,2011,9,3,가을,1377
태국,관광,2011,9,3,가을,2731
태국,상용,2011,9,3,가을,1945
태국,공용,2011,9,3,가을,1370
태국,기타,2011,9,3,가을,1407
중국,관광,2011,10,4,겨울,9282
중국,상용,2011,10,4,겨울,7076
중국,공용,2011,10,4,겨울,4701
중국,기타,2011,10,4,겨울,4607
일본,관광,2011,10,4,겨울,6315
일본,상용,2011,10,4,겨울,4732
일본,공용,2011,10,4,겨울,3167
일본,기타,2011,10,4,겨울,3149
미국,관광,2011,10,4,겨울,4806
미국,상용,2011,10,4,겨울,3396
미국,공용,2011,10,4,겨울,2392
미국,기타,2011,10,4,겨울,2381
베트남,관광,2011,10,4,겨울,3095
베트남,상용,2011,10,4,겨울,2432
베트남,공용,2011,10,4,겨울,1573
베트남,기타,2011,10,4,겨울,1539
태국,관광,2011,10,4,겨울,3160
태국,상용,2011,10,4,겨울,2370
태국,공용,2011,10,4,겨울,1541
태국,기타,2011,10,4,겨울,1554
중국,관광,2011,11,4,겨울,7760
중국,상용,2011,11,4,겨울,5999
중국,공용,2011,11,4,겨울,3877
중국,기타,2011,11,4,겨울,3775
일본,관광,2011,11,4,겨울,5119
일본,상용,2011,11,4,겨울,3891
일본,공용,2011,11,4,겨울,2561
일본,기타,2011,11,4,겨울,2624
미국,관광,2011,11,4,겨울,3948
미국,상용,2011,11,4,겨울,3009
미국,공용,2011,11,4,겨울,1985
미국,기타,2011,11,4,겨울,1971
베트남,관광,2011,11,4,겨울,2586
베트남,상용,2011,11,4,겨울,2015
베트남,공용,2011,11,4,겨울,1280
베트남,기타,2011,11,4,겨울,1275
태국,관광,2011,11,4,겨울,2548
태국,상용,2011,11,4,겨울,1941
태국,공용,2011,11,4,겨울,1251
태국,기타,2011,11,4,겨울,1303
중국,관광,2011,12,4,겨울,8188
중국,상용,2011,12,4,겨울,6164
중국,공용,2011,12,4,겨울,4024
중국,기타,2011,12,4,겨울,4103
일본,관광,2011,12,4,겨울,5426
일본,상용,2011,12,4,겨울,4124
일본,공용,2011,12,4,겨울,2784
일본,기타,2011,12,4,겨울,2754
미국,관광,2011,12,4,겨울,4077
미국,상용,2011,12,4,겨울,3124
미국,공용,2011,12,4,겨울,2057
미국,기타,2011,12,4,겨울,2007
베트남,관광,2011,12,4,겨울,2744
베트남,상용,2011,12,4,겨울,2052
베트남,공용,2011,12,4,겨울,1325
베트남,기타,2011,12,4,겨울,1343
태국,관광,2011,12,4,겨울,2720
태국,상용,2011,12,4,겨울,1945
태국,공용,2011,12,4,겨울,1386
태국,기타,2011,12,4,겨울,1334
중국,관광,2012,1,1,봄,6420
중국,상용,2012,1,1,봄,4832
중국,공용,2012,1,1,봄,3299
중국,기타,2012,1,1,봄,3215
일본,관광,2012,1,1,봄,4384
일본,상용,2012,1,1,봄,3188
일본,공용,2012,1,1,봄,2156
일본,기타,2012,1,1,봄,2213
미국,관광,2012,1,1,봄,3220
미국,상용,2012,1,1,봄,2482
미국,공용,2012,1,1,봄,1615
미국,기타,2012,1,1,봄,1696
베트남,관광,2012,1,1,봄,2249
베트남,상용,2012,1,1,봄,1624
베트남,공용,2012,1,1,봄,1078
베트남,기타,2012,1,1,봄,1043
태국,관광,2012,1,1,봄,2190
태국,상용,2012,1,1,봄,1610
태국,공용,2012,1,1,봄,1091
태국,기타,2012,1,1,봄,1095
중국,관광,2012,2,1,봄,6850
중국,상용,2012,2,1,봄,5144
중국,공용,2012,2,1,봄,3502
중국,기타,2012,2,1,봄,3421
일본,관광,2012,2,1,봄,4491
일본,상용,2012,2,1,봄,3428
일본,공용,2012,2,1,봄,2317
일본,기타,2012,2,1,봄,2281
미국,관광,2012,2,1,봄,3375
미국,상용,2012,2,1,봄,2454
미국,공용,2012,2,1,봄,1676
미국,기타,2012,2,1,봄,1728
베트남,관광,2012,2,1,봄,2295
베트남,상용,2012,2,1,봄,1826
베트남,공용,2012,2,1,봄,1195
베트남,기타,2012,2,1,봄,1204
태국,관광,2012,2,1,봄,2313
태국,상용,2012,2,1,봄,1753
태국,공용,2012,2,1,봄,1165
태국,기타,2012,2,1,봄,1171
중국,관광,2012,3,1,봄,8394
중국,상용,2012,3,1,봄,6388
중국,공용,2012,3,1,봄,4240
중국,기타,2012,3,1,봄,4361
일본,관광,2012,3,1,봄,5757
일본,상용,2012,3,1,봄,4255
일본,공용,2012,3,1,봄,2846
일본,기타,2012,3,1,봄,2695
미국,관광,2012,3,1,봄,4297
미국,상용,2012,3,1,봄,3218
미국,공용,2012,3,1,봄,2227
미국,기타,2012,3,1,봄,2167
베트남,관광,2012,3,1,봄,2851
베트남,상용,2012,3,1,봄,2152
베트남,공용,2012,3,1,봄,1493
베트남,기타,2012,3,1,봄,1431
태국,관광,2012,3,1,봄,2805
태국,상용,2012,3,1,봄,2115
태국,공용,2012,3,1,봄,1377
태국,기타,2012,3,1,봄,1447
중국,관광,2012,4,2,여름,8752
중국,상용,2012,4,2,여름,6559
중국,공용,2012,4,2,여름,4486
중국,기타,2012,4,2,여름,4381
일본,관광,2012,4,2,여름,5876
일본,상용,2012,4,2,여름,4576
일본,공용,2012,4,2,여름,2847
일본,기타,2012,4,2,여름,2981
미국,관광,2012,4,2,여름,4417
미국,상용,2012,4,2,여름,3356
미국,공용,2012,4,2,여름,2196
미국,기타,2012,4,2,여름,2195
베트남,관광,2012,4,2,여름,2950
베트남,상용,2012,4,2,여름,2121
베트남,공용,2012,4,2,여름,1527
베트남,기타,2012,4,2,여름,1452
태국,관광,2012,4,2,여름,2885
태국,상용,2012,4,2,여름,2205
태국,공용,2012,4,2,여름,1420
태국,기타,2012,4,2,여름,1515
중국,관광,2012,5,2,여름,8098
중국,상용,2012,5,2,여름,6037
중국,공용,2012,5,2,여름,4055
중국,기타,2012,5,2,여름,4063
일본,관광,2012,5,2,여름,5458
일본,상용,2012,5,2,여름,3975
일본,공용,2012,5,2,여름,2679
일본,기타,2012,5,2,여름,2727
미국,관광,2012,5,2,여름,4087
미국,상용,2012,5,2,여름,3060
미국,공용,2012,5,2,여름,2088
미국,기타,2012,5,2,여름,1998
베트남,관광,2012,5,2,여름,2687
베트남,상용,2012,5,2,여름,2048
베트남,공용,2012,5,2,여름,1369
베트남,기타,2012,5,2,여름,1339
태국,관광,2012,5,2,여름,2737
태국,상용,2012,5,2,여름,2047
태국,공용,2012,5,2,여름,1367
태국,기타,2012,5,2,여름,1397
중국,관광,2012,6,2,여름,7687
중국,상용,2012,6,2,여름,5752
중국,공용,2012,6,2,여름,3817
중국,기타,2012,6,2,여름,3921
일본,관광,2012,6,2,여름,5268
일본,상용,2012,6,2,여름,3913
일본,공용,2012,6,2,여름,2609
일본,기타,2012,6,2,여름,2617
미국,관광,2012,6,2,여름,3810
미국,상용,2012,6,2,여름,2929
미국,공용,2012,6,2,여름,1979
미국,기타,2012,6,2,여름,1946
베트남,관광,2012,6,2,여름,2539
베트남,상용,2012,6,2,여름,1935
베트남,공용,2012,6,2,여름,1302
베트남,기타,2012,6,2,여름,1275
태국,관광,2012,6,2,여름,2607
태국,상용,2012,6,2,여름,1949
태국,공용,2012,6,2,여름,1295
태국,기타,2012,6,2,여름,1251
중국,관광,2012,7,3,가을,7984
중국,상용,2012,7,3,가을,6167
중국,공용,2012,7,3,가을,4095
중국,기타,2012,7,3,가을,4046
일본,관광,2012,7,3,가을,5364
일본,상용,2012,7,3,가을,4003
일본,공용,2012,7,3,가을,2720
일본,기타,2012,7,3,가을,2707
미국,관광,2012,7,3,가을,4011
미국,상용,2012,7,3,가을,3195
미국,공용,2012,7,3,가을,2090
미국,기타,2012,7,3,가을,2033
베트남,관광,2012,7,3,가을,2603
베트남,상용,2012,7,3,가을,2038
베트남,공용,2012,7,3,가을,1412
베트남,기타,2012,7,3,가을,1305
태국,관광,2012,7,3,가을,2668
태국,상용,2012,7,3,가을,2051
태국,공용,2012,7,3,가을,1384
태국,기타,2012,7,3,가을,1369
중국,관광,2012,8,3,가을,9257
중국,상용,2012,8,3,가을,6929
중국,공용,2012,8,3,가을,4690
중국,기타,2012,8,3,가을,4676
일본,관광,2012,8,3,가을,6264
일본,상용,2012,8,3,가을,4690
일본,공용,2012,8,3,가을,3079
일본,기타,2012,8,3,가을,3018
미국,관광,2012,8,3,가을,4774
미국,상용,2012,8,3,가을,3405
미국,공용,2012,8,3,가을,2362
미국,기타,2012,8,3,가을,2262
베트남,관광,2012,8,3,가을,3140
베트남,상용,2012,8,3,가을,2293
베트남,공용,2012,8,3,가을,1557
베트남,기타,2012,8,3,가을,1651
태국,관광,2012,8,3,가을,3107
태국,상용,2012,8,3,가을,2335
태국,공용,2012,8,3,가을,1565
태국,기타,2012,8,3,가을,1521
중국,관광,2012,9,3,가을,8455
중국,상용,2012,9,3,가을,6366
중국,공용,2012,9,3,가을,4268
중국,기타,2012,9,3,가을,4219
일본,관광,2012,9,3,가을,5649
일본,상용,2012,9,3,가을,4287
일본,공용,2012,9,3,가을,2767
일본,기타,2012,9,3,가을,2765
미국,관광,2012,9,3,가을,4290
미국,상용,2012,9,3,가을,3233
미국,공용,2012,9,3,가을,2126
미국,기타,2012,9,3,가을,2142
베트남,관광,2012,9,3,가을,2826
베트남,상용,2012,9,3,가을,2181
베트남,공용,2012,9,3,가을,1368
베트남,기타,2012,9,3,가을,1363
태국,관광,2012,9,3,가을,2848
태국,상용,2012,9,3,가을,2050
태국,공용,2012,9,3,가을,1362
태국,기타,2012,9,3,가을,1422
중국,관광,2012,10,4,겨울,9759
중국,상용,2012,10,4,겨울,7073
중국,공용,2012,10,4,겨울,4899
중국,기타,2012,10,4,겨울,4820
일본,관광,2012,10,4,겨울,6600
일본,상용,2012,10,4,겨울,4876
일본,공용,2012,10,4,겨울,3218
일본,기타,2012,10,4,겨울,3235
미국,관광,2012,10,4,겨울,4902
미국,상용,2012,10,4,겨울,3620
미국,공용,2012,10,4,겨울,2327
미국,기타,2012,10,4,겨울,2459
베트남,관광,2012,10,4,겨울,3269
베트남,상용,2012,10,4,겨울,2469
베트남,공용,2012,10,4,겨울,1610
베트남,기타,2012,10,4,겨울,1589
태국,관광,2012,10,4,겨울,3254
태국,상용,2012,10,4,겨울,2413
태국,공용,2012,10,4,겨울,1601
태국,기타,2012,10,4,겨울,1575
중국,관광,2012,11,4,겨울,8062
중국,상용,2012,11,4,겨울,5966
중국,공용,2012,11,4,겨울,4035
중국,기타,2012,11,4,겨울,4080
일본,관광,2012,11,4,겨울,5431
일본,상용,2012,11,4,겨울,4077
일본,공용,2012,11,4,겨울,2639
일본,기타,2012,11,4,겨울,2715
미국,관광,2012,11,4,겨울,4032
미국,상용,2012,11,4,겨울,2965
미국,공용,2012,11,4,겨울,1975
미국,기타,2012,11,4,겨울,1984
베트남,관광,2012,11,4,겨울,2708
베트남,상용,2012,11,4,겨울,2084
베트남,공용,2012,11,4,겨울,1333
베트남,기타,2012,11,4,겨울,1354
태국,관광,2012,11,4,겨울,2710
태국,상용,2012,11,4,겨울,2012
태국,공용,2012,11,4,겨울,1305
태국,기타,2012,11,4,겨울,1343
중국,관광,2012,12,4,겨울,8347
중국,상용,2012,12,4,겨울,6441
중국,공용,2012,12,4,겨울,4322
중국,기타,2012,12,4,겨울,4248
일본,관광,2012,12,4,겨울,5751
일본,상용,2012,12,4,겨울,4209
일본,공용,2012,12,4,겨울,2764
일본,기타,2012,12,4,겨울,2870
미국,관광,2012,12,4,겨울,4235
미국,상용,2012,12,4,겨울,3202
미국,공용,2012,12,4,겨울,2149
미국,기타,2012,12,4,겨울,2050
베트남,관광,2012,12,4,겨울,2800
베트남,상용,2012,12,4,겨울,2118
베트남,공용,2012,12,4,겨울,1405
베트남,기타,2012,12,4,겨울,1428
태국,관광,2012,12,4,겨울,2817
태국,상용,2012,12,4,겨울,2119
태국,공용,2012,12,4,겨울,1457
태국,기타,2012,12,4,겨울,1427
중국,관광,2013,1,1,봄,6798
중국,상용,2013,1,1,봄,5115
중국,공용,2013,1,1,봄,3411
중국,기타,2013,1,1,봄,3346
일본,관광,2013,1,1,봄,4488
일본,상용,2013,1,1,봄,3310
일본,공용,2013,1,1,봄,2250
일본,기타,2013,1,1,봄,2143
미국,관광,2013,1,1,봄,3407
미국,상용,2013,1,1,봄,2477
미국,공용,2013,1,1,봄,1609
미국,기타,2013,1,1,봄,1634
베트남,관광,2013,1,1,봄,2195
베트남,상용,2013,1,1,봄,1588
베트남,공용,2013,1,1,봄,1121
베트남,기타,2013,1,1,봄,1109
태국,관광,2013,1,1,봄,2183
태국,상용,2013,1,1,봄,1598
태국,공용,2013,1,1,봄,1127
태국,기타,2013,1,1,봄,1165
중국,관광,2013,2,1,봄,7359
중국,상용,2013,2,1,봄,5243
중국,공용,2013,2,1,봄,3509
중국,기타,2013,2,1,봄,3595
일본,관광,2013,2,1,봄,4718
일본,상용,2013,2,1,봄,3505
일본,공용,2013,2,1,봄,2315
일본,기타,2013,2,1,봄,2342
미국,관광,2013,2,1,봄,3704
미국,상용,2013,2,1,봄,2660
미국,공용,2013,2,1,봄,1710
미국,기타,2013,2,1,봄,1806
베트남,관광,2013,2,1,봄,2368
베트남,상용,2013,2,1,봄,1775
베트남,공용,2013,2,1,봄,1173
베트남,기타,2013,2,1,봄,1137
태국,관광,2013,2,1,봄,2394
태국,상용,2013,2,1,봄,1762
태국,공용,2013,2,1,봄,1162
태국,기타,2013,2,1,봄,1154
중국,관광,2013,3,1,봄,8869
중국,상용,2013,3,1,봄,6609
중국,공용,2013,3,1,봄,4289
중국,기타,2013,3,1,봄,4381
일본,관광,2013,3,1,봄,5981
일본,상용,2013,3,1,봄,4353
일본,공용,2013,3,1,봄,2926
일본,기타,2013,3,1,봄,2884
미국,관광,2013,3,1,봄,4378
미국,상용,2013,3,1,봄,3294
미국,공용,2013,3,1,봄,2256
미국,기타,2013,3,1,봄,2265
베트남,관광,2013,3,1,봄,2971
베트남,상용,2013,3,1,봄,2194
베트남,공용,2013,3,1,봄,1459
베트남,기타,2013,3,1,봄,1490
태국,관광,2013,3,1,봄,2871
태국,상용,2013,3,1,봄,2162
태국,공용,2013,3,1,봄,1489
태국,기타,2013,3,1,봄,1461
중국,관광,2013,4,2,여름,9266
중국,상용,2013,4,2,여름,6837
중국,공용,2013,4,2,여름,4630
중국,기타,2013,4,2,여름,4558
일본,관광,2013,4,2,여름,6228
일본,상용,2013,4,2,여름,4571
일본,공용,2013,4,2,여름,3091
일본,기타,2013,4,2,여름,3119
미국,관광,2013,4,2,여름,4618
미국,상용,2013,4,2,여름,3422
미국,공용,2013,4,2,여름,2324
미국,기타,2013,4,2,여름,2280
베트남,관광,2013,4,2,여름,3079
베트남,상용,2013,4,2,여름,2344
베트남,공용,2013,4,2,여름,1549
베트남,기타,2013,4,2,여름,1498
태국,관광,2013,4,2,여름,2991
태국,상용,2013,4,2,여름,2317
태국,공용,2013,4,2,여름,1542
태국,기타,2013,4,2,여름,1502
중국,관광,2013,5,2,여름,8514
중국,상용,2013,5,2,여름,6414
중국,공용,2013,5,2,여름,4264
중국,기타,2013,5,2,여름,4249
일본,관광,2013,5,2,여름,5615
일본,상용,2013,5,2,여름,4155
일본,공용,2013,5,2,여름,2759
일본,기타,2013,5,2,여름,2808
미국,관광,2013,5,2,여름,4186
미국,상용,2013,5,2,여름,3054
미국,공용,2013,5,2,여름,2051
미국,기타,2013,5,2,여름,2059
베트남,관광,2013,5,2,여름,2785
베트남,상용,2013,5,2,여름,2123
베트남,공용,2013,5,2,여름,1471
베트남,기타,2013,5,2,여름,1356
태국,관광,2013,5,2,여름,2794
태국,상용,2013,5,2,여름,2122
태국,공용,2013,5,2,여름,1425
태국,기타,2013,5,2,여름,1451
중국,관광,2013,6,2,여름,7906
중국,상용,2013,6,2,여름,5928
중국,공용,2013,6,2,여름,3911
중국,기타,2013,6,2,여름,3990
일본,관광,2013,6,2,여름,5262
일본,상용,2013,6,2,여름,4040
일본,공용,2013,6,2,여름,2647
일본,기타,2013,6,2,여름,2760
미국,관광,2013,6,2,여름,4045
미국,상용,2013,6,2,여름,2976
미국,공용,2013,6,2,여름,2017
미국,기타,2013,6,2,여름,2004
베트남,관광,2013,6,2,여름,2661
베트남,상용,2013,6,2,여름,1986
베트남,공용,2013,6,2,여름,1357
베트남,기타,2013,6,2,여름,1320
태국,관광,2013,6,2,여름,2611
태국,상용,2013,6,2,여름,2067
태국,공용,2013,6,2,여름,1358
태국,기타,2013,6,2,여름,1372
중국,관광,2013,7,3,가을,8626
중국,상용,2013,7,3,가을,6263
중국,공용,2013,7,3,가을,4197
중국,기타,2013,7,3,가을,4150
일본,관광,2013,7,3,가을,5674
일본,상용,2013,7,3,가을,4162
일본,공용,2013,7,3,가을,2865
일본,기타,2013,7,3,가을,2736
미국,관광,2013,7,3,가을,4339
미국,상용,2013,7,3,가을,3122
미국,공용,2013,7,3,가을,2119
미국,기타,2013,7,3,가을,2037
베트남,관광,2013,7,3,가을,2851
베트남,상용,2013,7,3,가을,2043
베트남,공용,2013,7,3,가을,1381
베트남,기타,2013,7,3,가을,1429
태국,관광,2013,7,3,가을,2914
태국,상용,2013,7,3,가을,2156
태국,공용,2013,7,3,가을,1423
태국,기타,2013,7,3,가을,1419
중국,관광,2013,8,3,가을,9789
중국,상용,2013,8,3,가을,7060
중국,공용,2013,8,3,가을,4825
중국,기타,2013,8,3,가을,4807
일본,관광,2013,8,3,가을,6529
일본,상용,2013,8,3,가을,4761
일본,공용,2013,8,3,가을,3222
일본,기타,2013,8,3,가을,3214
미국,관광,2013,8,3,가을,4905
미국,상용,2013,8,3,가을,3534
미국,공용,2013,8,3,가을,2440
미국,기타,2013,8,3,가을,2395
베트남,관광,2013,8,3,가을,3258
베트남,상용,2013,8,3,가을,2402
베트남,공용,2013,8,3,가을,1631
베트남,기타,2013,8,3,가을,1582
태국,관광,2013,8,3,가을,3338
태국,상용,2013,8,3,가을,2457
태국,공용,2013,8,3,가을,1560
태국,기타,2013,8,3,가을,1615
중국,관광,2013,9,3,가을,8785
중국,상용,2013,9,3,가을,6578
중국,공용,2013,9,3,가을,4399
중국,기타,2013,9,3,가을,4411
일본,관광,2013,9,3,가을,5822
일본,상용,2013,9,3,가을,4441
일본,공용,2013,9,3,가을,2927
일본,기타,2013,9,3,가을,2988
미국,관광,2013,9,3,가을,4479
미국,상용,2013,9,3,가을,3294
미국,공용,2013,9,3,가을,2170
미국,기타,2013,9,3,가을,2207
베트남,관광,2013,9,3,가을,2930
베트남,상용,2013,9,3,가을,2184
베트남,공용,2013,9,3,가을,1434
베트남,기타,2013,9,3,가을,1436
태국,관광,2013,9,3,가을,3030
태국,상용,2013,9,3,가을,2239
태국,공용,2013,9,3,가을,1418
태국,기타,2013,9,3,가을,1496
중국,관광,2013,10,4,겨울,10060
중국,상용,2013,10,4,겨울,7563
중국,공용,2013,10,4,겨울,5014
중국,기타,2013,10,4,겨울,5086
일본,관광,2013,10,4,겨울,6653
일본,상용,2013,10,4,겨울,4969
일본,공용,2013,10,4,겨울,3342
일본,기타,2013,10,4,겨울,3333
미국,관광,2013,10,4,겨울,5076
미국,상용,2013,10,4,겨울,3856
미국,공용,2013,10,4,겨울,2514
미국,기타,2013,10,4,겨울,2518
베트남,관광,2013,10,4,겨울,3405
베트남,상용,2013,10,4,겨울,2525
베트남,공용,2013,10,4,겨울,1730
베트남,기타,2013,10,4,겨울,1705
태국,관광,2013,10,4,겨울,3313
태국,상용,2013,10,4,겨울,2496
태국,공용,2013,10,4,겨울,1647
태국,기타,2013,10,4,겨울,1603
중국,관광,2013,11,4,겨울,8414
중국,상용,2013,11,4,겨울,6281
중국,공용,2013,11,4,겨울,4286
중국,기타,2013,11,4,겨울,4199
일본,관광,2013,11,4,겨울,5491
일본,상용,2013,11,4,겨울,4068
일본,공용,2013,11,4,겨울,2768
일본,기타,2013,11,4,겨울,2741
미국,관광,2013,11,4,겨울,4113
미국,상용,2013,11,4,겨울,3075
미국,공용,2013,11,4,겨울,2173
미국,기타,2013,11,4,겨울,2148
베트남,관광,2013,11,4,겨울,2707
베트남,상용,2013,11,4,겨울,2065
베트남,공용,2013,11,4,겨울,1359
베트남,기타,2013,11,4,겨울,1460
태국,관광,2013,11,4,겨울,2875
태국,상용,2013,11,4,겨울,2070
태국,공용,2013,11,4,겨울,1387
태국,기타,2013,11,4,겨울,1405
중국,관광,2013,12,4,겨울,8873
중국,상용,2013,12,4,겨울,6570
중국,공용,2013,12,4,겨울,4472
중국,기타,2013,12,4,겨울,4438
일본,관광,2013,12,4,겨울,5890
일본,상용,2013,12,4,겨울,4387
일본,공용,2013,12,4,겨울,2798
일본,기타,2013,12,4,겨울,2917
미국,관광,2013,12,4,겨울,4341
미국,상용,2013,12,4,겨울,3434
미국,공용,2013,12,4,겨울,2243
미국,기타,2013,12,4,겨울,2245
베트남,관광,2013,12,4,겨울,2960
베트남,상용,2013,12,4,겨울,2284
베트남,공용,2013,12,4,겨울,1484
베트남,기타,2013,12,4,겨울,1398
태국,관광,2013,12,4,겨울,2910
태국,상용,2013,12,4,겨울,2185
태국,공용,2013,12,4,겨울,1481
태국,기타,2013,12,4,겨울,1457
중국,관광,2014,1,1,봄,6880
중국,상용,2014,1,1,봄,5177
중국,공용,2014,1,1,봄,3497
중국,기타,2014,1,1,봄,3456
일본,관광,2014,1,1,봄,4576
일본,상용,2014,1,1,봄,3536
일본,공용,2014,1,1,봄,2251
일본,기타,2014,1,1,봄,2298
미국,관광,2014,1,1,봄,3448
미국,상용,2014,1,1,봄,2626
미국,공용,2014,1,1,봄,1726
미국,기타,2014,1,1,봄,1690
베트남,관광,2014,1,1,봄,2242
베트남,상용,2014,1,1,봄,1684
베트남,공용,2014,1,1,봄,1221
베트남,기타,2014,1,1,봄,1258
태국,관광,2014,1,1,봄,2355
태국,상용,2014,1,1,봄,1798
태국,공용,2014,1,1,봄,1163
태국,기타,2014,1,1,봄,1143
중국,관광,2014,2,1,봄,7463
중국,상용,2014,2,1,봄,5567
중국,공용,2014,2,1,봄,3559
중국,기타,2014,2,1,봄,3691
일본,관광,2014,2,1,봄,4982
일본,상용,2014,2,1,봄,3684
일본,공용,2014,2,1,봄,2597
일본,기타,2014,2,1,봄,2463
미국,관광,2014,2,1,봄,3795
미국,상용,2014,2,1,봄,2815
미국,공용,2014,2,1,봄,1829
미국,기타,2014,2,1,봄,1899
베트남,관광,2014,2,1,봄,2483
베트남,상용,2014,2,1,봄,1890
베트남,공용,2014,2,1,봄,1222
베트남,기타,2014,2,1,봄,1223
태국,관광,2014,2,1,봄,2458
태국,상용,2014,2,1,봄,1831
태국,공용,2014,2,1,봄,1197
태국,기타,2014,2,1,봄,1237
중국,관광,2014,3,1,봄,9076
중국,상용,2014,3,1,봄,6847
중국,공용,2014,3,1,봄,4736
중국,기타,2014,3,1,봄,4563
일본,관광,2014,3,1,봄,6095
일본,상용,2014,3,1,봄,4517
일본,공용,2014,3,1,봄,2971
일본,기타,2014,3,1,봄,3071
미국,관광,2014,3,1,봄,4577
미국,상용,2014,3,1,봄,3466
미국,공용,2014,3,1,봄,2317
미국,기타,2014,3,1,봄,2262
베트남,관광,2014,3,1,봄,2941
베트남,상용,2014,3,1,봄,2218
베트남,공용,2014,3,1,봄,1562
베트남,기타,2014,3,1,봄,1511
태국,관광,2014,3,1,봄,3111
태국,상용,2014,3,1,봄,2346
태국,공용,2014,3,1,봄,1556
태국,기타,2014,3,1,봄,1482
중국,관광,2014,4,2,여름,9462
중국,상용,2014,4,2,여름,7186
중국,공용,2014,4,2,여름,4718
중국,기타,2014,4,2,여름,4609
일본,관광,2014,4,2,여름,6393
일본,상용,2014,4,2,여름,4819
일본,공용,2014,4,2,여름,3295
일본,기타,2014,4,2,여름,3149
미국,관광,2014,4,2,여름,4832
미국,상용,2014,4,2,여름,3554
미국,공용,2014,4,2,여름,2401
미국,기타,2014,4,2,여름,2339
베트남,관광,2014,4,2,여름,3209
베트남,상용,2014,4,2,여름,2426
베트남,공용,2014,4,2,여름,1627
베트남,기타,2014,4,2,여름,1556
태국,관광,2014,4,2,여름,3210
태국,상용,2014,4,2,여름,2391
태국,공용,2014,4,2,여름,1576
태국,기타,2014,4,2,여름,1557
중국,관광,2014,5,2,여름,8606
중국,상용,2014,5,2,여름,6510
중국,공용,2014,5,2,여름,4338
중국,기타,2014,5,2,여름,4361
일본,관광,2014,5,2,여름,5945
일본,상용,2014,5,2,여름,4350
일본,공용,2014,5,2,여름,2938
일본,기타,2014,5,2,여름,2896
미국,관광,2014,5,2,여름,4464
미국,상용,2014,5,2,여름,3271
미국,공용,2014,5,2,여름,2173
미국,기타,2014,5,2,여름,2190
베트남,관광,2014,5,2,여름,2897
베트남,상용,2014,5,2,여름,2092
베트남,공용,2014,5,2,여름,1493
베트남,기타,2014,5,2,여름,1413
태국,관광,2014,5,2,여름,2945
태국,상용,2014,5,2,여름,2185
태국,공용,2014,5,2,여름,1345
태국,기타,2014,5,2,여름,1492
중국,관광,2014,6,2,여름,8046
중국,상용,2014,6,2,여름,6289
중국,공용,2014,6,2,여름,4118
중국,기타,2014,6,2,여름,4123
일본,관광,2014,6,2,여름,5525
일본,상용,2014,6,2,여름,4098
일본,공용,2014,6,2,여름,2735
일본,기타,2014,6,2,여름,2770
미국,관광,2014,6,2,여름,4091
미국,상용,2014,6,2,여름,3092
미국,공용,2014,6,2,여름,2102
미국,기타,2014,6,2,여름,2042
베트남,관광,2014,6,2,여름,2644
베트남,상용,2014,6,2,여름,2141
베트남,공용,2014,6,2,여름,1382
베트남,기타,2014,6,2,여름,1360
태국,관광,2014,6,2,여름,2764
태국,상용,2014,6,2,여름,1997
태국,공용,2014,6,2,여름,1480
태국,기타,2014,6,2,여름,1388
중국,관광,2014,7,3,가을,8750
중국,상용,2014,7,3,가을,6542
중국,공용,2014,7,3,가을,4365
중국,기타,2014,7,3,가을,4332
일본,관광,2014,7,3,가을,5833
일본,상용,2014,7,3,가을,4373
일본,공용,2014,7,3,가을,2870
일본,기타,2014,7,3,가을,2986
미국,관광,2014,7,3,가을,4384
미국,상용,2014,7,3,가을,3204
미국,공용,2014,7,3,가을,2172
미국,기타,2014,7,3,가을,2191
베트남,관광,2014,7,3,가을,2873
베트남,상용,2014,7,3,가을,2132
베트남,공용,2014,7,3,가을,1414
베트남,기타,2014,7,3,가을,1442
태국,관광,2014,7,3,가을,2892
태국,상용,2014,7,3,가을,2240
태국,공용,2014,7,3,가을,1454
태국,기타,2014,7,3,가을,1438
중국,관광,2014,8,3,가을,9878
중국,상용,2014,8,3,가을,7548
중국,공용,2014,8,3,가을,5144
중국,기타,2014,8,3,가을,4968
일본,관광,2014,8,3,가을,6594
일본,상용,2014,8,3,가을,5053
일본,공용,2014,8,3,가을,3316
일본,기타,2014,8,3,가을,3359
미국,관광,2014,8,3,가을,5070
미국,상용,2014,8,3,가을,3831
미국,공용,2014,8,3,가을,2611
미국,기타,2014,8,3,가을,2476
베트남,관광,2014,8,3,가을,3317
베트남,상용,2014,8,3,가을,2493
베트남,공용,2014,8,3,가을,1633
베트남,기타,2014,8,3,가을,1643
태국,관광,2014,8,3,가을,3272
태국,상용,2014,8,3,가을,2487
태국,공용,2014,8,3,가을,1677
태국,기타,2014,8,3,가을,1620
중국,관광,2014,9,3,가을,9181
중국,상용,2014,9,3,가을,6900
중국,공용,2014,9,3,가을,4568
중국,기타,2014,9,3,가을,4606
일본,관광,2014,9,3,가을,5881
일본,상용,2014,9,3,가을,4568
일본,공용,2014,9,3,가을,3081
일본,기타,2014,9,3,가을,3097
미국,관광,2014,9,3,가을,4559
미국,상용,2014,9,3,가을,3406
미국,공용,2014,9,3,가을,2312
미국,기타,2014,9,3,가을,2344
베트남,관광,2014,9,3,가을,2941
베트남,상용,2014,9,3,가을,2272
베트남,공용,2014,9,3,가을,1486
베트남,기타,2014,9,3,가을,1529
태국,관광,2014,9,3,가을,3011
태국,상용,2014,9,3,가을,2342
태국,공용,2014,9,3,가을,1484
태국,기타,2014,9,3,가을,1499
중국,관광,2014,10,4,겨울,10432
중국,상용,2014,10,4,겨울,7733
중국,공용,2014,10,4,겨울,5367
중국,기타,2014,10,4,겨울,5145
일본,관광,2014,10,4,겨울,6951
일본,상용,2014,10,4,겨울,5108
일본,공용,2014,10,4,겨울,3441
일본,기타,2014,10,4,겨울,3325
미국,관광,2014,10,4,겨울,5281
미국,상용,2014,10,4,겨울,3909
미국,공용,2014,10,4,겨울,2600
미국,기타,2014,10,4,겨울,2655
베트남,관광,2014,10,4,겨울,3527
베트남,상용,2014,10,4,겨울,2600
베트남,공용,2014,10,4,겨울,1737
베트남,기타,2014,10,4,겨울,1799
태국,관광,2014,10,4,겨울,3452
태국,상용,2014,10,4,겨울,2611
태국,공용,2014,10,4,겨울,1689
태국,기타,2014,10,4,겨울,1713
중국,관광,2014,11,4,겨울,8500
중국,상용,2014,11,4,겨울,6388
중국,공용,2014,11,4,겨울,4339
중국,기타,2014,11,4,겨울,4302
일본,관광,2014,11,4,겨울,5675
일본,상용,2014,11,4,겨울,4318
일본,공용,2014,11,4,겨울,2986
일본,기타,2014,11,4,겨울,2814
미국,관광,2014,11,4,겨울,4341
미국,상용,2014,11,4,겨울,3226
미국,공용,2014,11,4,겨울,2179
미국,기타,2014,11,4,겨울,2231
베트남,관광,2014,11,4,겨울,2916
베트남,상용,2014,11,4,겨울,2181
베트남,공용,2014,11,4,겨울,1462
베트남,기타,2014,11,4,겨울,1482
태국,관광,2014,11,4,겨울,2882
태국,상용,2014,11,4,겨울,2166
태국,공용,2014,11,4,겨울,1448
태국,기타,2014,11,4,겨울,1458
중국,관광,2014,12,4,겨울,9230
중국,상용,2014,12,4,겨울,6781
중국,공용,2014,12,4,겨울,4519
중국,기타,2014,12,4,겨울,4596
일본,관광,2014,12,4,겨울,6078
일본,상용,2014,12,4,겨울,4581
일본,공용,2014,12,4,겨울,2977
일본,기타,2014,12,4,겨울,3116
미국,관광,2014,12,4,겨울,4611
미국,상용,2014,12,4,겨울,3333
미국,공용,2014,12,4,겨울,2269
미국,기타,2014,12,4,겨울,2404
베트남,관광,2014,12,4,겨울,3021
베트남,상용,2014,12,4,겨울,2259
베트남,공용,2014,12,4,겨울,1544
베트남,기타,2014,12,4,겨울,1550
태국,관광,2014,12,4,겨울,2919
태국,상용,2014,12,4,겨울,2263
태국,공용,2014,12,4,겨울,1521
태국,기타,2014,12,4,겨울,1484
중국,관광,2015,1,1,봄,7187
중국,상용,2015,1,1,봄,5439
중국,공용,2015,1,1,봄,3618
중국,기타,2015,1,1,봄,3631
일본,관광,2015,1,1,봄,4819
일본,상용,2015,1,1,봄,3546
일본,공용,2015,1,1,봄,2394
일본,기타,2015,1,1,봄,2338
미국,관광,2015,1,1,봄,3491
미국,상용,2015,1,1,봄,2677
미국,공용,2015,1,1,봄,1805
미국,기타,2015,1,1,봄,1773
베트남,관광,2015,1,1,봄,2356
베트남,상용,2015,1,1,봄,1826
베트남,공용,2015,1,1,봄,1187
베트남,기타,2015,1,1,봄,1233
태국,관광,2015,1,1,봄,2307
태국,상용,2015,1,1,봄,1770
태국,공용,2015,1,1,봄,1230
태국,기타,2015,1,1,봄,1240
중국,관광,2015,2,1,봄,7698
중국,상용,2015,2,1,봄,5585
중국,공용,2015,2,1,봄,3794
중국,기타,2015,2,1,봄,3876
일본,관광,2015,2,1,봄,5171
일본,상용,2015,2,1,봄,3816
일본,공용,2015,2,1,봄,2507
일본,기타,2015,2,1,봄,2566
미국,관광,2015,2,1,봄,3754
미국,상용,2015,2,1,봄,2879
미국,공용,2015,2,1,봄,1909
미국,기타,2015,2,1,봄,1922
베트남,관광,2015,2,1,봄,2560
베트남,상용,2015,2,1,봄,1915
베트남,공용,2015,2,1,봄,1245
베트남,기타,2015,2,1,봄,1255
태국,관광,2015,2,1,봄,2551
태국,상용,2015,2,1,봄,1880
태국,공용,2015,2,1,봄,1229
태국,기타,2015,2,1,봄,1321
중국,관광,2015,3,1,봄,9308
중국,상용,2015,3,1,봄,7170
중국,공용,2015,3,1,봄,4628
중국,기타,2015,3,1,봄,4801
일본,관광,2015,3,1,봄,6334
일본,상용,2015,3,1,봄,4730
일본,공용,2015,3,1,봄,3172
일본,기타,2015,3,1,봄,3140
미국,관광,2015,3,1,봄,4734
미국,상용,2015,3,1,봄,3577
미국,공용,2015,3,1,봄,2308
미국,기타,2015,3,1,봄,2304
베트남,관광,2015,3,1,봄,3154
베트남,상용,2015,3,1,봄,2291
베트남,공용,2015,3,1,봄,1626
베트남,기타,2015,3,1,봄,1589
태국,관광,2015,3,1,봄,3070
태국,상용,2015,3,1,봄,2327
태국,공용,2015,3,1,봄,1546
태국,기타,2015,3,1,봄,1658
중국,관광,2015,4,2,여름,10010
중국,상용,2015,4,2,여름,7303
중국,공용,2015,4,2,여름,4903
중국,기타,2015,4,2,여름,4900
일본,관광,2015,4,2,여름,6752
일본,상용,2015,4,2,여름,4991
일본,공용,2015,4,2,여름,3360
일본,기타,2015,4,2,여름,3324
미국,관광,2015,4,2,여름,5065
미국,상용,2015,4,2,여름,3554
미국,공용,2015,4,2,여름,2528
미국,기타,2015,4,2,여름,2469
베트남,관광,2015,4,2,여름,3288
베트남,상용,2015,4,2,여름,2566
베트남,공용,2015,4,2,여름,1627
베트남,기타,2015,4,2,여름,1633
태국,관광,2015,4,2,여름,3276
태국,상용,2015,4,2,여름,2498
태국,공용,2015,4,2,여름,1622
태국,기타,2015,4,2,여름,1596
중국,관광,2015,5,2,여름,9123
중국,상용,2015,5,2,여름,6738
중국,공용,2015,5,2,여름,4382
중국,기타,2015,5,2,여름,4570
일본,관광,2015,5,2,여름,5983
일본,상용,2015,5,2,여름,4590
일본,공용,2015,5,2,여름,3008
일본,기타,2015,5,2,여름,2918
미국,관광,2015,5,2,여름,4570
미국,상용,2015,5,2,여름,3365
미국,공용,2015,5,2,여름,2256
미국,기타,2015,5,2,여름,2287
베트남,관광,2015,5,2,여름,2945
베트남,상용,2015,5,2,여름,2202
베트남,공용,2015,5,2,여름,1510
베트남,기타,2015,5,2,여름,1508
태국,관광,2015,5,2,여름,2972
태국,상용,2015,5,2,여름,2263
태국,공용,2015,5,2,여름,1514
태국,기타,2015,5,2,여름,1528
중국,관광,2015,6,2,여름,8464
중국,상용,2015,6,2,여름,6307
중국,공용,2015,6,2,여름,4309
중국,기타,2015,6,2,여름,4208
일본,관광,2015,6,2,여름,5776
일본,상용,2015,6,2,여름,4297
일본,공용,2015,6,2,여름,2882
일본,기타,2015,6,2,여름,2737
미국,관광,2015,6,2,여름,4352
미국,상용,2015,6,2,여름,3229
미국,공용,2015,6,2,여름,2254
미국,기타,2015,6,2,여름,2148
베트남,관광,2015,6,2,여름,2884
베트남,상용,2015,6,2,여름,2100
베트남,공용,2015,6,2,여름,1488
베트남,기타,2015,6,2,여름,1379
태국,관광,2015,6,2,여름,2850
태국,상용,2015,6,2,여름,2082
태국,공용,2015,6,2,여름,1394
태국,기타,2015,6,2,여름,1445
중국,관광,2015,7,3,가을,9074
중국,상용,2015,7,3,가을,6738
중국,공용,2015,7,3,가을,4459
중국,기타,2015,7,3,가을,4512
일본,관광,2015,7,3,가을,6129
일본,상용,2015,7,3,가을,4599
일본,공용,2015,7,3,가을,3025
일본,기타,2015,7,3,가을,2993
미국,관광,2015,7,3,가을,4535
미국,상용,2015,7,3,가을,3317
미국,공용,2015,7,3,가을,2175
미국,기타,2015,7,3,가을,2180
베트남,관광,2015,7,3,가을,3051
베트남,상용,2015,7,3,가을,2189
베트남,공용,2015,7,3,가을,1463
베트남,기타,2015,7,3,가을,1540
태국,관광,2015,7,3,가을,3025
태국,상용,2015,7,3,가을,2275
태국,공용,2015,7,3,가을,1514
태국,기타,2015,7,3,가을,1556
중국,관광,2015,8,3,가을,10237
중국,상용,2015,8,3,가을,7693
중국,공용,2015,8,3,가을,5070
중국,기타,2015,8,3,가을,5291
일본,관광,2015,8,3,가을,6931
일본,상용,2015,8,3,가을,5162
일본,공용,2015,8,3,가을,3570
일본,기타,2015,8,3,가을,3528
미국,관광,2015,8,3,가을,5121
미국,상용,2015,8,3,가을,3838
미국,공용,2015,8,3,가을,2607
미국,기타,2015,8,3,가을,2550
베트남,관광,2015,8,3,가을,3471
베트남,상용,2015,8,3,가을,2641
베트남,공용,2015,8,3,가을,1743
베트남,기타,2015,8,3,가을,1736
태국,관광,2015,8,3,가을,3409
태국,상용,2015,8,3,가을,2551
태국,공용,2015,8,3,가을,1725
태국,기타,2015,8,3,가을,1841
중국,관광,2015,9,3,가을,9392
중국,상용,2015,9,3,가을,7030
중국,공용,2015,9,3,가을,4701
중국,기타,2015,9,3,가을,4751
일본,관광,2015,9,3,가을,6382
일본,상용,2015,9,3,가을,4597
일본,공용,2015,9,3,가을,3074
일본,기타,2015,9,3,가을,3253
미국,관광,2015,9,3,가을,4804
미국,상용,2015,9,3,가을,3581
미국,공용,2015,9,3,가을,2311
미국,기타,2015,9,3,가을,2382
베트남,관광,2015,9,3,가을,3127
베트남,상용,2015,9,3,가을,2412
베트남,공용,2015,9,3,가을,1612
베트남,기타,2015,9,3,가을,1631
태국,관광,2015,9,3,가을,3167
태국,상용,2015,9,3,가을,2351
태국,공용,2015,9,3,가을,1512
태국,기타,2015,9,3,가을,1627
중국,관광,2015,10,4,겨울,10706
중국,상용,2015,10,4,겨울,8052
중국,공용,2015,10,4,겨울,5487
중국,기타,2015,10,4,겨울,5380
일본,관광,2015,10,4,겨울,7097
일본,상용,2015,10,4,겨울,5391
일본,공용,2015,10,4,겨울,3639
일본,기타,2015,10,4,겨울,3642
미국,관광,2015,10,4,겨울,5474
미국,상용,2015,10,4,겨울,3992
미국,공용,2015,10,4,겨울,2719
미국,기타,2015,10,4,겨울,2687
베트남,관광,2015,10,4,겨울,3677
베트남,상용,2015,10,4,겨울,2692
베트남,공용,2015,10,4,겨울,1760
베트남,기타,2015,10,4,겨울,1798
태국,관광,2015,10,4,겨울,3611
태국,상용,2015,10,4,겨울,2750
태국,공용,2015,10,4,겨울,1828
태국,기타,2015,10,4,겨울,1799
중국,관광,2015,11,4,겨울,8990
중국,상용,2015,11,4,겨울,6886
중국,공용,2015,11,4,겨울,4656
중국,기타,2015,11,4,겨울,4525
일본,관광,2015,11,4,겨울,5899
일본,상용,2015,11,4,겨울,4398
일본,공용,2015,11,4,겨울,2992
일본,기타,2015,11,4,겨울,2952
미국,관광,2015,11,4,겨울,4482
미국,상용,2015,11,4,겨울,3411
미국,공용,2015,11,4,겨울,2252
미국,기타,2015,11,4,겨울,2220
베트남,관광,2015,11,4,겨울,2921
베트남,상용,2015,11,4,겨울,2200
베트남,공용,2015,11,4,겨울,1470
베트남,기타,2015,11,4,겨울,1533
태국,관광,2015,11,4,겨울,3018
태국,상용,2015,11,4,겨울,2167
태국,공용,2015,11,4,겨울,1488
태국,기타,2015,11,4,겨울,1521
중국,관광,2015,12,4,겨울,9372
중국,상용,2015,12,4,겨울,7066
중국,공용,2015,12,4,겨울,4693
중국,기타,2015,12,4,겨울,4761
일본,관광,2015,12,4,겨울,6205
일본,상용,2015,12,4,겨울,4787
일본,공용,2015,12,4,겨울,3118
일본,기타,2015,12,4,겨울,3197
미국,관광,2015,12,4,겨울,4705
미국,상용,2015,12,4,겨울,3528
미국,공용,2015,12,4,겨울,2360
미국,기타,2015,12,4,겨울,2440
베트남,관광,2015,12,4,겨울,3260
베트남,상용,2015,12,4,겨울,2407
베트남,공용,2015,12,4,겨울,1614
베트남,기타,2015,12,4,겨울,1550
태국,관광,2015,12,4,겨울,3023
태국,상용,2015,12,4,겨울,2368
태국,공용,2015,12,4,겨울,1592
태국,기타,2015,12,4,겨울,1679
중국,관광,2016,1,1,봄,7335
중국,상용,2016,1,1,봄,5594
중국,공용,2016,1,1,봄,3749
중국,기타,2016,1,1,봄,3713
일본,관광,2016,1,1,봄,4831
일본,상용,2016,1,1,봄,3720
일본,공용,2016,1,1,봄,2478
일본,기타,2016,1,1,봄,2501
미국,관광,2016,1,1,봄,3800
미국,상용,2016,1,1,봄,2793
미국,공용,2016,1,1,봄,1876
미국,기타,2016,1,1,봄,1902
베트남,관광,2016,1,1,봄,2474
베트남,상용,2016,1,1,봄,1805
베트남,공용,2016,1,1,봄,1245
베트남,기타,2016,1,1,봄,1232
태국,관광,2016,1,1,봄,2540
태국,상용,2016,1,1,봄,1791
태국,공용,2016,1,1,봄,1287
태국,기타,2016,1,1,봄,1263
중국,관광,2016,2,1,봄,7936
중국,상용,2016,2,1,봄,5998
중국,공용,2016,2,1,봄,3978
중국,기타,2016,2,1,봄,3992
일본,관광,2016,2,1,봄,5174
일본,상용,2016,2,1,봄,3969
일본,공용,2016,2,1,봄,2624
일본,기타,2016,2,1,봄,2665
미국,관광,2016,2,1,봄,3860
미국,상용,2016,2,1,봄,2966
미국,공용,2016,2,1,봄,1981
미국,기타,2016,2,1,봄,2028
베트남,관광,2016,2,1,봄,2631
베트남,상용,2016,2,1,봄,2028
베트남,공용,2016,2,1,봄,1307
베트남,기타,2016,2,1,봄,1317
태국,관광,2016,2,1,봄,2594
태국,상용,2016,2,1,봄,1974
태국,공용,2016,2,1,봄,1264
태국,기타,2016,2,1,봄,1399
중국,관광,2016,3,1,봄,9658
중국,상용,2016,3,1,봄,7275
중국,공용,2016,3,1,봄,4846
중국,기타,2016,3,1,봄,4893
일본,관광,2016,3,1,봄,6498
일본,상용,2016,3,1,봄,4858
일본,공용,2016,3,1,봄,3210
일본,기타,2016,3,1,봄,3300
미국,관광,2016,3,1,봄,4926
미국,상용,2016,3,1,봄,3648
미국,공용,2016,3,1,봄,2418
미국,기타,2016,3,1,봄,2395
베트남,관광,2016,3,1,봄,3200
베트남,상용,2016,3,1,봄,2420
베트남,공용,2016,3,1,봄,1606
베트남,기타,2016,3,1,봄,1574
태국,관광,2016,3,1,봄,3254
태국,상용,2016,3,1,봄,2528
태국,공용,2016,3,1,봄,1599
태국,기타,2016,3,1,봄,1599
중국,관광,2016,4,2,여름,10006
중국,상용,2016,4,2,여름,7756
중국,공용,2016,4,2,여름,5117
중국,기타,2016,4,2,여름,5031
일본,관광,2016,4,2,여름,6791
일본,상용,2016,4,2,여름,5123
일본,공용,2016,4,2,여름,3395
일본,기타,2016,4,2,여름,3433
미국,관광,2016,4,2,여름,5108
미국,상용,2016,4,2,여름,3747
미국,공용,2016,4,2,여름,2602
미국,기타,2016,4,2,여름,2559
베트남,관광,2016,4,2,여름,3431
베트남,상용,2016,4,2,여름,2569
베트남,공용,2016,4,2,여름,1612
베트남,기타,2016,4,2,여름,1663
태국,관광,2016,4,2,여름,3453
태국,상용,2016,4,2,여름,2494
태국,공용,2016,4,2,여름,1657
태국,기타,2016,4,2,여름,1673
중국,관광,2016,5,2,여름,9228
중국,상용,2016,5,2,여름,6953
중국,공용,2016,5,2,여름,4505
중국,기타,2016,5,2,여름,4500
일본,관광,2016,5,2,여름,6203
일본,상용,2016,5,2,여름,4662
일본,공용,2016,5,2,여름,3046
일본,기타,2016,5,2,여름,3115
미국,관광,2016,5,2,여름,4711
미국,상용,2016,5,2,여름,3413
미국,공용,2016,5,2,여름,2353
미국,기타,2016,5,2,여름,2352
베트남,관광,2016,5,2,여름,3056
베트남,상용,2016,5,2,여름,2281
베트남,공용,2016,5,2,여름,1574
베트남,기타,2016,5,2,여름,1618
태국,관광,2016,5,2,여름,3010
태국,상용,2016,5,2,여름,2290
태국,공용,2016,5,2,여름,1539
태국,기타,2016,5,2,여름,1550
중국,관광,2016,6,2,여름,8808
중국,상용,2016,6,2,여름,6695
중국,공용,2016,6,2,여름,4340
중국,기타,2016,6,2,여름,4393
일본,관광,2016,6,2,여름,5962
일본,상용,2016,6,2,여름,4352
일본,공용,2016,6,2,여름,2865
일본,기타,2016,6,2,여름,2992
미국,관광,2016,6,2,여름,4432
미국,상용,2016,6,2,여름,3322
미국,공용,2016,6,2,여름,2192
미국,기타,2016,6,2,여름,2228
베트남,관광,2016,6,2,여름,3014
베트남,상용,2016,6,2,여름,2290
베트남,공용,2016,6,2,여름,1477
베트남,기타,2016,6,2,여름,1503
태국,관광,2016,6,2,여름,2885
태국,상용,2016,6,2,여름,2240
태국,공용,2016,6,2,여름,1469
태국,기타,2016,6,2,여름,1454
중국,관광,2016,7,3,가을,9273
중국,상용,2016,7,3,가을,7004
중국,공용,2016,7,3,가을,4726
중국,기타,2016,7,3,가을,4557
일본,관광,2016,7,3,가을,6290
일본,상용,2016,7,3,가을,4610
일본,공용,2016,7,3,가을,3076
일본,기타,2016,7,3,가을,2993
미국,관광,2016,7,3,가을,4668
미국,상용,2016,7,3,가을,3444
미국,공용,2016,7,3,가을,2380
미국,기타,2016,7,3,가을,2376
베트남,관광,2016,7,3,가을,3145
베트남,상용,2016,7,3,가을,2281
베트남,공용,2016,7,3,가을,1600
베트남,기타,2016,7,3,가을,1502
태국,관광,2016,7,3,가을,3229
태국,상용,2016,7,3,가을,2387
태국,공용,2016,7,3,가을,1533
태국,기타,2016,7,3,가을,1576
중국,관광,2016,8,3,가을,10786
중국,상용,2016,8,3,가을,8017
중국,공용,2016,8,3,가을,5323
중국,기타,2016,8,3,가을,5321
일본,관광,2016,8,3,가을,7136
일본,상용,2016,8,3,가을,5318
일본,공용,2016,8,3,가을,3595
일본,기타,2016,8,3,가을,3525
미국,관광,2016,8,3,가을,5396
미국,상용,2016,8,3,가을,4038
미국,공용,2016,8,3,가을,2691
미국,기타,2016,8,3,가을,2680
베트남,관광,2016,8,3,가을,3463
베트남,상용,2016,8,3,가을,2792
베트남,공용,2016,8,3,가을,1778
베트남,기타,2016,8,3,가을,1787
태국,관광,2016,8,3,가을,3518
태국,상용,2016,8,3,가을,2617
태국,공용,2016,8,3,가을,1778
태국,기타,2016,8,3,가을,1750
중국,관광,2016,9,3,가을,9808
중국,상용,2016,9,3,가을,7304
중국,공용,2016,9,3,가을,4902
중국,기타,2016,9,3,가을,5003
일본,관광,2016,9,3,가을,6519
일본,상용,2016,9,3,가을,5032
일본,공용,2016,9,3,가을,3144
일본,기타,2016,9,3,가을,3210
미국,관광,2016,9,3,가을,4874
미국,상용,2016,9,3,가을,3637
미국,공용,2016,9,3,가을,2442
미국,기타,2016,9,3,가을,2465
베트남,관광,2016,9,3,가을,3366
베트남,상용,2016,9,3,가을,2396
베트남,공용,2016,9,3,가을,1657
베트남,기타,2016,9,3,가을,1639
태국,관광,2016,9,3,가을,3248
태국,상용,2016,9,3,가을,2449
태국,공용,2016,9,3,가을,1601
태국,기타,2016,9,3,가을,1562
중국,관광,2016,10,4,겨울,11240
중국,상용,2016,10,4,겨울,8369
중국,공용,2016,10,4,겨울,5567
중국,기타,2016,10,4,겨울,5620
일본,관광,2016,10,4,겨울,7359
일본,상용,2016,10,4,겨울,5543
일본,공용,2016,10,4,겨울,3722
일본,기타,2016,10,4,겨울,3578
미국,관광,2016,10,4,겨울,5671
미국,상용,2016,10,4,겨울,4123
미국,공용,2016,10,4,겨울,2773
미국,기타,2016,10,4,겨울,2832
베트남,관광,2016,10,4,겨울,3594
베트남,상용,2016,10,4,겨울,2780
베트남,공용,2016,10,4,겨울,1955
베트남,기타,2016,10,4,겨울,1830
태국,관광,2016,10,4,겨울,3760
태국,상용,2016,10,4,겨울,2862
태국,공용,2016,10,4,겨울,1897
태국,기타,2016,10,4,겨울,1866
중국,관광,2016,11,4,겨울,9173
중국,상용,2016,11,4,겨울,6917
중국,공용,2016,11,4,겨울,4695
중국,기타,2016,11,4,겨울,4668
일본,관광,2016,11,4,겨울,6045
일본,상용,2016,11,4,겨울,4636
일본,공용,2016,11,4,겨울,3188
일본,기타,2016,11,4,겨울,3118
미국,관광,2016,11,4,겨울,4475
미국,상용,2016,11,4,겨울,3446
미국,공용,2016,11,4,겨울,2433
미국,기타,2016,11,4,겨울,2373
베트남,관광,2016,11,4,겨울,3106
베트남,상용,2016,11,4,겨울,2418
베트남,공용,2016,11,4,겨울,1568
베트남,기타,2016,11,4,겨울,1567
태국,관광,2016,11,4,겨울,3135
태국,상용,2016,11,4,겨울,2327
태국,공용,2016,11,4,겨울,1553
태국,기타,2016,11,4,겨울,1560
중국,관광,2016,12,4,겨울,9800
중국,상용,2016,12,4,겨울,7241
중국,공용,2016,12,4,겨울,5042
중국,기타,2016,12,4,겨울,4867
일본,관광,2016,12,4,겨울,6534
일본,상용,2016,12,4,겨울,4865
일본,공용,2016,12,4,겨울,3420
일본,기타,2016,12,4,겨울,3234
미국,관광,2016,12,4,겨울,4822
미국,상용,2016,12,4,겨울,3605
미국,공용,2016,12,4,겨울,2438
미국,기타,2016,12,4,겨울,2359
베트남,관광,2016,12,4,겨울,3303
베트남,상용,2016,12,4,겨울,2501
베트남,공용,2016,12,4,겨울,1539
베트남,기타,2016,12,4,겨울,1674
태국,관광,2016,12,4,겨울,3256
태국,상용,2016,12,4,겨울,2498
태국,공용,2016,12,4,겨울,1593
태국,기타,2016,12,4,겨울,1665
중국,관광,2017,1,1,봄,7646
중국,상용,2017,1,1,봄,5772
중국,공용,2017,1,1,봄,3952
중국,기타,2017,1,1,봄,3730
일본,관광,2017,1,1,봄,5155
일본,상용,2017,1,1,봄,3833
일본,공용,2017,1,1,봄,2509
일본,기타,2017,1,1,봄,2710
미국,관광,2017,1,1,봄,3839
미국,상용,2017,1,1,봄,2889
미국,공용,2017,1,1,봄,1867
미국,기타,2017,1,1,봄,1899
베트남,관광,2017,1,1,봄,2572
베트남,상용,2017,1,1,봄,1955
베트남,공용,2017,1,1,봄,1266
베트남,기타,2017,1,1,봄,1251
태국,관광,2017,1,1,봄,2508
태국,상용,2017,1,1,봄,1869
태국,공용,2017,1,1,봄,1301
태국,기타,2017,1,1,봄,1268
중국,관광,2017,2,1,봄,8176
중국,상용,2017,2,1,봄,5984
중국,공용,2017,2,1,봄,3968
중국,기타,2017,2,1,봄,4190
일본,관광,2017,2,1,봄,5412
일본,상용,2017,2,1,봄,4168
일본,공용,2017,2,1,봄,2758
일본,기타,2017,2,1,봄,2746
미국,관광,2017,2,1,봄,4075
미국,상용,2017,2,1,봄,3005
미국,공용,2017,2,1,봄,2034
미국,기타,2017,2,1,봄,2025
베트남,관광,2017,2,1,봄,2759
베트남,상용,2017,2,1,봄,1978
베트남,공용,2017,2,1,봄,1424
베트남,기타,2017,2,1,봄,1363
태국,관광,2017,2,1,봄,2700
태국,상용,2017,2,1,봄,2043
태국,공용,2017,2,1,봄,1312
태국,기타,2017,2,1,봄,1432
중국,관광,2017,3,1,봄,10210
중국,상용,2017,3,1,봄,7493
중국,공용,2017,3,1,봄,4933
중국,기타,2017,3,1,봄,4972
일본,관광,2017,3,1,봄,6720
일본,상용,2017,3,1,봄,4940
일본,공용,2017,3,1,봄,3358
일본,기타,2017,3,1,봄,3420
미국,관광,2017,3,1,봄,5110
미국,상용,2017,3,1,봄,3790
미국,공용,2017,3,1,봄,2507
미국,기타,2017,3,1,봄,2544
베트남,관광,2017,3,1,봄,3383
베트남,상용,2017,3,1,봄,2599
베트남,공용,2017,3,1,봄,1612
베트남,기타,2017,3,1,봄,1712
태국,관광,2017,3,1,봄,3359
태국,상용,2017,3,1,봄,2485
태국,공용,2017,3,1,봄,1742
태국,기타,2017,3,1,봄,1702
중국,관광,2017,4,2,여름,10393
중국,상용,2017,4,2,여름,7873
중국,공용,2017,4,2,여름,5222
중국,기타,2017,4,2,여름,5225
일본,관광,2017,4,2,여름,6934
일본,상용,2017,4,2,여름,5295
일본,공용,2017,4,2,여름,3494
일본,기타,2017,4,2,여름,3607
미국,관광,2017,4,2,여름,5244
미국,상용,2017,4,2,여름,3886
미국,공용,2017,4,2,여름,2617
미국,기타,2017,4,2,여름,2600
베트남,관광,2017,4,2,여름,3444
베트남,상용,2017,4,2,여름,2660
베트남,공용,2017,4,2,여름,1766
베트남,기타,2017,4,2,여름,1779
태국,관광,2017,4,2,여름,3595
태국,상용,2017,4,2,여름,2669
태국,공용,2017,4,2,여름,1745
태국,기타,2017,4,2,여름,1765
중국,관광,2017,5,2,여름,9689
중국,상용,2017,5,2,여름,7244
중국,공용,2017,5,2,여름,4812
중국,기타,2017,5,2,여름,4833
일본,관광,2017,5,2,여름,6479
일본,상용,2017,5,2,여름,4814
일본,공용,2017,5,2,여름,3180
일본,기타,2017,5,2,여름,3193
미국,관광,2017,5,2,여름,4929
미국,상용,2017,5,2,여름,3628
미국,공용,2017,5,2,여름,2325
미국,기타,2017,5,2,여름,2430
베트남,관광,2017,5,2,여름,3269
베트남,상용,2017,5,2,여름,2321
베트남,공용,2017,5,2,여름,1567
베트남,기타,2017,5,2,여름,1634
태국,관광,2017,5,2,여름,3260
태국,상용,2017,5,2,여름,2413
태국,공용,2017,5,2,여름,1581
태국,기타,2017,5,2,여름,1595
중국,관광,2017,6,2,여름,9303
중국,상용,2017,6,2,여름,6747
중국,공용,2017,6,2,여름,4703
중국,기타,2017,6,2,여름,4487
일본,관광,2017,6,2,여름,6095
일본,상용,2017,6,2,여름,4595
일본,공용,2017,6,2,여름,3005
일본,기타,2017,6,2,여름,3008
미국,관광,2017,6,2,여름,4635
미국,상용,2017,6,2,여름,3382
미국,공용,2017,6,2,여름,2227
미국,기타,2017,6,2,여름,2324
베트남,관광,2017,6,2,여름,3115
베트남,상용,2017,6,2,여름,2212
베트남,공용,2017,6,2,여름,1535
베트남,기타,2017,6,2,여름,1512
태국,관광,2017,6,2,여름,3079
태국,상용,2017,6,2,여름,2260
태국,공용,2017,6,2,여름,1520
태국,기타,2017,6,2,여름,1547
중국,관광,2017,7,3,가을,9797
중국,상용,2017,7,3,가을,7300
중국,공용,2017,7,3,가을,4874
중국,기타,2017,7,3,가을,4780
일본,관광,2017,7,3,가을,6393
일본,상용,2017,7,3,가을,4985
일본,공용,2017,7,3,가을,3113
일본,기타,2017,7,3,가을,3082
미국,관광,2017,7,3,가을,4739
미국,상용,2017,7,3,가을,3589
미국,공용,2017,7,3,가을,2435
미국,기타,2017,7,3,가을,2376
베트남,관광,2017,7,3,가을,3248
베트남,상용,2017,7,3,가을,2397
베트남,공용,2017,7,3,가을,1649
베트남,기타,2017,7,3,가을,1598
태국,관광,2017,7,3,가을,3150
태국,상용,2017,7,3,가을,2353
태국,공용,2017,7,3,가을,1621
태국,기타,2017,7,3,가을,1675
중국,관광,2017,8,3,가을,11043
중국,상용,2017,8,3,가을,8421
중국,공용,2017,8,3,가을,5491
중국,기타,2017,8,3,가을,5643
일본,관광,2017,8,3,가을,7244
일본,상용,2017,8,3,가을,5639
일본,공용,2017,8,3,가을,3665
일본,기타,2017,8,3,가을,3697
미국,관광,2017,8,3,가을,5638
미국,상용,2017,8,3,가을,4164
미국,공용,2017,8,3,가을,2844
미국,기타,2017,8,3,가을,2664
베트남,관광,2017,8,3,가을,3832
베트남,상용,2017,8,3,가을,2765
베트남,공용,2017,8,3,가을,1827
베트남,기타,2017,8,3,가을,1849
태국,관광,2017,8,3,가을,3680
태국,상용,2017,8,3,가을,2778
태국,공용,2017,8,3,가을,1892
태국,기타,2017,8,3,가을,1798
중국,관광,2017,9,3,가을,10163
중국,상용,2017,9,3,가을,7631
중국,공용,2017,9,3,가을,5003
중국,기타,2017,9,3,가을,4974
일본,관광,2017,9,3,가을,6623
일본,상용,2017,9,3,가을,5032
일본,공용,2017,9,3,가을,3468
일본,기타,2017,9,3,가을,3359
미국,관광,2017,9,3,가을,5109
미국,상용,2017,9,3,가을,3747
미국,공용,2017,9,3,가을,2478
미국,기타,2017,9,3,가을,2484
베트남,관광,2017,9,3,가을,3312
베트남,상용,2017,9,3,가을,2580
베트남,공용,2017,9,3,가을,1670
베트남,기타,2017,9,3,가을,1641
태국,관광,2017,9,3,가을,3324
태국,상용,2017,9,3,가을,2503
태국,공용,2017,9,3,가을,1694
태국,기타,2017,9,3,가을,1759
중국,관광,2017,10,4,겨울,11423
중국,상용,2017,10,4,겨울,8671
중국,공용,2017,10,4,겨울,5739
중국,기타,2017,10,4,겨울,5804
일본,관광,2017,10,4,겨울,7634
일본,상용,2017,10,4,겨울,5744
일본,공용,2017,10,4,겨울,3976
일본,기타,2017,10,4,겨울,3807
미국,관광,2017,10,4,겨울,5759
미국,상용,2017,10,4,겨울,4386
미국,공용,2017,10,4,겨울,2907
미국,기타,2017,10,4,겨울,2890
베트남,관광,2017,10,4,겨울,3762
베트남,상용,2017,10,4,겨울,2954
베트남,공용,2017,10,4,겨울,1954
베트남,기타,2017,10,4,겨울,1913
태국,관광,2017,10,4,겨울,3904
태국,상용,2017,10,4,겨울,2886
태국,공용,2017,10,4,겨울,1924
태국,기타,2017,10,4,겨울,2024
중국,관광,2017,11,4,겨울,9541
중국,상용,2017,11,4,겨울,7297
중국,공용,2017,11,4,겨울,4832
중국,기타,2017,11,4,겨울,4734
일본,관광,2017,11,4,겨울,6238
일본,상용,2017,11,4,겨울,4809
일본,공용,2017,11,4,겨울,3243
일본,기타,2017,11,4,겨울,3247
미국,관광,2017,11,4,겨울,4732
미국,상용,2017,11,4,겨울,3716
미국,공용,2017,11,4,겨울,2456
미국,기타,2017,11,4,겨울,2390
베트남,관광,2017,11,4,겨울,3135
베트남,상용,2017,11,4,겨울,2507
베트남,공용,2017,11,4,겨울,1568
베트남,기타,2017,11,4,겨울,1673
태국,관광,2017,11,4,겨울,3228
태국,상용,2017,11,4,겨울,2378
태국,공용,2017,11,4,겨울,1494
태국,기타,2017,11,4,겨울,1643
중국,관광,2017,12,4,겨울,10037
중국,상용,2017,12,4,겨울,7568
중국,공용,2017,12,4,겨울,4984
중국,기타,2017,12,4,겨울,4986
일본,관광,2017,12,4,겨울,6666
일본,상용,2017,12,4,겨울,5041
일본,공용,2017,12,4,겨울,3314
일본,기타,2017,12,4,겨울,3336
미국,관광,2017,12,4,겨울,5050
미국,상용,2017,12,4,겨울,3798
미국,공용,2017,12,4,겨울,2503
미국,기타,2017,12,4,겨울,2544
베트남,관광,2017,12,4,겨울,3374
베트남,상용,2017,12,4,겨울,2512
베트남,공용,2017,12,4,겨울,1651
베트남,기타,2017,12,4,겨울,1684
태국,관광,2017,12,4,겨울,3411
태국,상용,2017,12,4,겨울,2541
태국,공용,2017,12,4,겨울,1758
태국,기타,2017,12,4,겨울,1708
중국,관광,2018,1,1,봄,7837
중국,상용,2018,1,1,봄,6044
중국,공용,2018,1,1,봄,4077
중국,기타,2018,1,1,봄,3958
일본,관광,2018,1,1,봄,5350
일본,상용,2018,1,1,봄,4055
일본,공용,2018,1,1,봄,2748
일본,기타,2018,1,1,봄,2667
미국,관광,2018,1,1,봄,3879
미국,상용,2018,1,1,봄,2907
미국,공용,2018,1,1,봄,1963
미국,기타,2018,1,1,봄,1996
베트남,관광,2018,1,1,봄,2640
베트남,상용,2018,1,1,봄,1989
베트남,공용,2018,1,1,봄,1326
베트남,기타,2018,1,1,봄,1302
태국,관광,2018,1,1,봄,2630
태국,상용,2018,1,1,봄,1999
태국,공용,2018,1,1,봄,1336
태국,기타,2018,1,1,봄,1300
중국,관광,2018,2,1,봄,8268
중국,상용,2018,2,1,봄,6355
중국,공용,2018,2,1,봄,4181
중국,기타,2018,2,1,봄,4279
일본,관광,2018,2,1,봄,5549
일본,상용,2018,2,1,봄,4161
일본,공용,2018,2,1,봄,2878
일본,기타,2018,2,1,봄,2840
미국,관광,2018,2,1,봄,4190
미국,상용,2018,2,1,봄,3158
미국,공용,2018,2,1,봄,2148
미국,기타,2018,2,1,봄,2130
베트남,관광,2018,2,1,봄,2889
베트남,상용,2018,2,1,봄,2108
베트남,공용,2018,2,1,봄,1393
베트남,기타,2018,2,1,봄,1333
태국,관광,2018,2,1,봄,2778
태국,상용,2018,2,1,봄,2074
태국,공용,2018,2,1,봄,1421
태국,기타,2018,2,1,봄,1401
중국,관광,2018,3,1,봄,10525
중국,상용,2018,3,1,봄,7840
중국,공용,2018,3,1,봄,5353
중국,기타,2018,3,1,봄,5259
일본,관광,2018,3,1,봄,7089
일본,상용,2018,3,1,봄,5253
일본,공용,2018,3,1,봄,3455
일본,기타,2018,3,1,봄,3514
미국,관광,2018,3,1,봄,5148
미국,상용,2018,3,1,봄,3901
미국,공용,2018,3,1,봄,2571
미국,기타,2018,3,1,봄,2634
베트남,관광,2018,3,1,봄,3487
베트남,상용,2018,3,1,봄,2631
베트남,공용,2018,3,1,봄,1784
베트남,기타,2018,3,1,봄,1703
태국,관광,2018,3,1,봄,3462
태국,상용,2018,3,1,봄,2581
태국,공용,2018,3,1,봄,1668
태국,기타,2018,3,1,봄,1695
중국,관광,2018,4,2,여름,10804
중국,상용,2018,4,2,여름,8246
중국,공용,2018,4,2,여름,5383
중국,기타,2018,4,2,여름,5464
일본,관광,2018,4,2,여름,7260
일본,상용,2018,4,2,여름,5457
일본,공용,2018,4,2,여름,3631
일본,기타,2018,4,2,여름,3690
미국,관광,2018,4,2,여름,5350
미국,상용,2018,4,2,여름,4060
미국,공용,2018,4,2,여름,2725
미국,기타,2018,4,2,여름,2823
베트남,관광,2018,4,2,여름,3585
베트남,상용,2018,4,2,여름,2705
베트남,공용,2018,4,2,여름,1810
베트남,기타,2018,4,2,여름,1785
태국,관광,2018,4,2,여름,3558
태국,상용,2018,4,2,여름,2732
태국,공용,2018,4,2,여름,1907
태국,기타,2018,4,2,여름,1760
중국,관광,2018,5,2,여름,10047
중국,상용,2018,5,2,여름,7531
중국,공용,2018,5,2,여름,5105
중국,기타,2018,5,2,여름,4782
일본,관광,2018,5,2,여름,6562
일본,상용,2018,5,2,여름,4973
일본,공용,2018,5,2,여름,3327
일본,기타,2018,5,2,여름,3359
미국,관광,2018,5,2,여름,4854
미국,상용,2018,5,2,여름,3673
미국,공용,2018,5,2,여름,2499
미국,기타,2018,5,2,여름,2419
베트남,관광,2018,5,2,여름,3369
베트남,상용,2018,5,2,여름,2440
베트남,공용,2018,5,2,여름,1629
베트남,기타,2018,5,2,여름,1559
태국,관광,2018,5,2,여름,3338
태국,상용,2018,5,2,여름,2438
태국,공용,2018,5,2,여름,1670
태국,기타,2018,5,2,여름,1690
중국,관광,2018,6,2,여름,9309
중국,상용,2018,6,2,여름,7050
중국,공용,2018,6,2,여름,4666
중국,기타,2018,6,2,여름,4731
일본,관광,2018,6,2,여름,6254
일본,상용,2018,6,2,여름,4662
일본,공용,2018,6,2,여름,3179
일본,기타,2018,6,2,여름,3146
미국,관광,2018,6,2,여름,4618
미국,상용,2018,6,2,여름,3472
미국,공용,2018,6,2,여름,2357
미국,기타,2018,6,2,여름,2383
베트남,관광,2018,6,2,여름,3053
베트남,상용,2018,6,2,여름,2296
베트남,공용,2018,6,2,여름,1552
베트남,기타,2018,6,2,여름,1516
태국,관광,2018,6,2,여름,3097
태국,상용,2018,6,2,여름,2404
태국,공용,2018,6,2,여름,1603
태국,기타,2018,6,2,여름,1544
중국,관광,2018,7,3,가을,9884
중국,상용,2018,7,3,가을,7358
중국,공용,2018,7,3,가을,4946
중국,기타,2018,7,3,가을,4817
일본,관광,2018,7,3,가을,6528
일본,상용,2018,7,3,가을,4880
일본,공용,2018,7,3,가을,3249
일본,기타,2018,7,3,가을,3419
미국,관광,2018,7,3,가을,4920
미국,상용,2018,7,3,가을,3574
미국,공용,2018,7,3,가을,2497
미국,기타,2018,7,3,가을,2580
베트남,관광,2018,7,3,가을,3333
베트남,상용,2018,7,3,가을,2477
베트남,공용,2018,7,3,가을,1645
베트남,기타,2018,7,3,가을,1675
태국,관광,2018,7,3,가을,3271
태국,상용,2018,7,3,가을,2474
태국,공용,2018,7,3,가을,1606
태국,기타,2018,7,3,가을,1611
중국,관광,2018,8,3,가을,11450
중국,상용,2018,8,3,가을,8549
중국,공용,2018,8,3,가을,5688
중국,기타,2018,8,3,가을,5691
일본,관광,2018,8,3,가을,7503
일본,상용,2018,8,3,가을,5731
일본,공용,2018,8,3,가을,3701
일본,기타,2018,8,3,가을,3711
미국,관광,2018,8,3,가을,5698
미국,상용,2018,8,3,가을,4286
미국,공용,2018,8,3,가을,2836
미국,기타,2018,8,3,가을,2876
베트남,관광,2018,8,3,가을,3699
베트남,상용,2018,8,3,가을,2812
베트남,공용,2018,8,3,가을,1916
베트남,기타,2018,8,3,가을,1941
태국,관광,2018,8,3,가을,3754
태국,상용,2018,8,3,가을,2787
태국,공용,2018,8,3,가을,1921
태국,기타,2018,8,3,가을,1813
중국,관광,2018,9,3,가을,10416
중국,상용,2018,9,3,가을,7761
중국,공용,2018,9,3,가을,5121
중국,기타,2018,9,3,가을,5182
일본,관광,2018,9,3,가을,6868
일본,상용,2018,9,3,가을,5194
일본,공용,2018,9,3,가을,3431
일본,기타,2018,9,3,가을,3368
미국,관광,2018,9,3,가을,5128
미국,상용,2018,9,3,가을,3878
미국,공용,2018,9,3,가을,2594
미국,기타,2018,9,3,가을,2522
베트남,관광,2018,9,3,가을,3493
베트남,상용,2018,9,3,가을,2566
베트남,공용,2018,9,3,가을,1692
베트남,기타,2018,9,3,가을,1695
태국,관광,2018,9,3,가을,3426
태국,상용,2018,9,3,가을,2619
태국,공용,2018,9,3,가을,1680
태국,기타,2018,9,3,가을,1713
중국,관광,2018,10,4,겨울,11898
중국,상용,2018,10,4,겨울,8951
중국,공용,2018,10,4,겨울,5948
중국,기타,2018,10,4,겨울,5886
일본,관광,2018,10,4,겨울,7947
일본,상용,2018,10,4,겨울,5874
일본,공용,2018,10,4,겨울,3956
일본,기타,2018,10,4,겨울,4064
미국,관광,2018,10,4,겨울,5912
미국,상용,2018,10,4,겨울,4529
미국,공용,2018,10,4,겨울,2988
미국,기타,2018,10,4,겨울,3026
베트남,관광,2018,10,4,겨울,4042
베트남,상용,2018,10,4,겨울,2954
베트남,공용,2018,10,4,겨울,2002
베트남,기타,2018,10,4,겨울,2038
태국,관광,2018,10,4,겨울,3931
태국,상용,2018,10,4,겨울,2961
태국,공용,2018,10,4,겨울,1968
태국,기타,2018,10,4,겨울,1970
중국,관광,2018,11,4,겨울,9928
중국,상용,2018,11,4,겨울,7301
중국,공용,2018,11,4,겨울,4916
중국,기타,2018,11,4,겨울,5037
일본,관광,2018,11,4,겨울,6452
일본,상용,2018,11,4,겨울,4887
일본,공용,2018,11,4,겨울,3307
일본,기타,2018,11,4,겨울,3224
미국,관광,2018,11,4,겨울,4961
미국,상용,2018,11,4,겨울,3698
미국,공용,2018,11,4,겨울,2490
미국,기타,2018,11,4,겨울,2491
베트남,관광,2018,11,4,겨울,3263
베트남,상용,2018,11,4,겨울,2520
베트남,공용,2018,11,4,겨울,1635
베트남,기타,2018,11,4,겨울,1657
태국,관광,2018,11,4,겨울,3276
태국,상용,2018,11,4,겨울,2487
태국,공용,2018,11,4,겨울,1666
태국,기타,2018,11,4,겨울,1582
중국,관광,2018,12,4,겨울,10308
중국,상용,2018,12,4,겨울,7896
중국,공용,2018,12,4,겨울,5263
중국,기타,2018,12,4,겨울,5178
일본,관광,2018,12,4,겨울,6848
일본,상용,2018,12,4,겨울,5216
일본,공용,2018,12,4,겨울,3400
일본,기타,2018,12,4,겨울,3516
미국,관광,2018,12,4,겨울,5275
미국,상용,2018,12,4,겨울,4033
미국,공용,2018,12,4,겨울,2623
미국,기타,2018,12,4,겨울,2618
베트남,관광,2018,12,4,겨울,3406
베트남,상용,2018,12,4,겨울,2603
베트남,공용,2018,12,4,겨울,1762
베트남,기타,2018,12,4,겨울,1674
태국,관광,2018,12,4,겨울,3465
태국,상용,2018,12,4,겨울,2686
태국,공용,2018,12,4,겨울,1776
태국,기타,2018,12,4,겨울,1716
중국,관광,2019,1,1,봄,8052
중국,상용,2019,1,1,봄,6138
중국,공용,2019,1,1,봄,4187
중국,기타,2019,1,1,봄,4112
일본,관광,2019,1,1,봄,5447
일본,상용,2019,1,1,봄,4065
일본,공용,2019,1,1,봄,2723
일본,기타,2019,1,1,봄,2669
미국,관광,2019,1,1,봄,4123
미국,상용,2019,1,1,봄,3009
미국,공용,2019,1,1,봄,2062
미국,기타,2019,1,1,봄,2050
베트남,관광,2019,1,1,봄,2692
베트남,상용,2019,1,1,봄,1995
베트남,공용,2019,1,1,봄,1342
베트남,기타,2019,1,1,봄,1340
태국,관광,2019,1,1,봄,2800
태국,상용,2019,1,1,봄,2005
태국,공용,2019,1,1,봄,1340
태국,기타,2019,1,1,봄,1406
중국,관광,2019,2,1,봄,8564
중국,상용,2019,2,1,봄,6505
중국,공용,2019,2,1,봄,4429
중국,기타,2019,2,1,봄,4435
일본,관광,2019,2,1,봄,5778
일본,상용,2019,2,1,봄,4367
일본,공용,2019,2,1,봄,2863
일본,기타,2019,2,1,봄,2777
미국,관광,2019,2,1,봄,4326
미국,상용,2019,2,1,봄,3241
미국,공용,2019,2,1,봄,2116
미국,기타,2019,2,1,봄,2169
베트남,관광,2019,2,1,봄,2861
베트남,상용,2019,2,1,봄,2082
베트남,공용,2019,2,1,봄,1376
베트남,기타,2019,2,1,봄,1474
태국,관광,2019,2,1,봄,2925
태국,상용,2019,2,1,봄,2164
태국,공용,2019,2,1,봄,1478
태국,기타,2019,2,1,봄,1429
중국,관광,2019,3,1,봄,10753
중국,상용,2019,3,1,봄,8149
중국,공용,2019,3,1,봄,5416
중국,기타,2019,3,1,봄,5456
일본,관광,2019,3,1,봄,7144
일본,상용,2019,3,1,봄,5223
일본,공용,2019,3,1,봄,3689
일본,기타,2019,3,1,봄,3590
미국,관광,2019,3,1,봄,5240
미국,상용,2019,3,1,봄,4064
미국,공용,2019,3,1,봄,2648
미국,기타,2019,3,1,봄,2583
베트남,관광,2019,3,1,봄,3526
베트남,상용,2019,3,1,봄,2779
베트남,공용,2019,3,1,봄,1775
베트남,기타,2019,3,1,봄,1766
태국,관광,2019,3,1,봄,3595
태국,상용,2019,3,1,봄,2559
태국,공용,2019,3,1,봄,1791
태국,기타,2019,3,1,봄,1789
중국,관광,2019,4,2,여름,11135
중국,상용,2019,4,2,여름,8248
중국,공용,2019,4,2,여름,5546
중국,기타,2019,4,2,여름,5594
일본,관광,2019,4,2,여름,7493
일본,상용,2019,4,2,여름,5726
일본,공용,2019,4,2,여름,3645
일본,기타,2019,4,2,여름,3857
미국,관광,2019,4,2,여름,5616
미국,상용,2019,4,2,여름,4101
미국,공용,2019,4,2,여름,2893
미국,기타,2019,4,2,여름,2830
베트남,관광,2019,4,2,여름,3758
베트남,상용,2019,4,2,여름,2843
베트남,공용,2019,4,2,여름,1865
베트남,기타,2019,4,2,여름,1823
태국,관광,2019,4,2,여름,3704
태국,상용,2019,4,2,여름,2745
태국,공용,2019,4,2,여름,1813
태국,기타,2019,4,2,여름,1837
중국,관광,2019,5,2,여름,10127
중국,상용,2019,5,2,여름,7777
중국,공용,2019,5,2,여름,5123
중국,기타,2019,5,2,여름,5078
일본,관광,2019,5,2,여름,6838
일본,상용,2019,5,2,여름,5054
일본,공용,2019,5,2,여름,3313
일본,기타,2019,5,2,여름,3401
미국,관광,2019,5,2,여름,5045
미국,상용,2019,5,2,여름,3795
미국,공용,2019,5,2,여름,2527
미국,기타,2019,5,2,여름,2625
베트남,관광,2019,5,2,여름,3393
베트남,상용,2019,5,2,여름,2618
베트남,공용,2019,5,2,여름,1788
베트남,기타,2019,5,2,여름,1681
태국,관광,2019,5,2,여름,3408
태국,상용,2019,5,2,여름,2540
태국,공용,2019,5,2,여름,1728
태국,기타,2019,5,2,여름,1781
중국,관광,2019,6,2,여름,9609
중국,상용,2019,6,2,여름,7037
중국,공용,2019,6,2,여름,4748
중국,기타,2019,6,2,여름,4891
일본,관광,2019,6,2,여름,6401
일본,상용,2019,6,2,여름,4785
일본,공용,2019,6,2,여름,3145
일본,기타,2019,6,2,여름,3183
미국,관광,2019,6,2,여름,4793
미국,상용,2019,6,2,여름,3728
미국,공용,2019,6,2,여름,2402
미국,기타,2019,6,2,여름,2410
베트남,관광,2019,6,2,여름,3222
베트남,상용,2019,6,2,여름,2527
베트남,공용,2019,6,2,여름,1622
베트남,기타,2019,6,2,여름,1577
태국,관광,2019,6,2,여름,3177
태국,상용,2019,6,2,여름,2366
태국,공용,2019,6,2,여름,1627
태국,기타,2019,6,2,여름,1601
중국,관광,2019,7,3,가을,10219
중국,상용,2019,7,3,가을,7484
중국,공용,2019,7,3,가을,5174
중국,기타,2019,7,3,가을,5178
일본,관광,2019,7,3,가을,6687
일본,상용,2019,7,3,가을,5058
일본,공용,2019,7,3,가을,3453
일본,기타,2019,7,3,가을,3399
미국,관광,2019,7,3,가을,5082
미국,상용,2019,7,3,가을,3747
미국,공용,2019,7,3,가을,2442
미국,기타,2019,7,3,가을,2501
베트남,관광,2019,7,3,가을,3376
베트남,상용,2019,7,3,가을,2607
베트남,공용,2019,7,3,가을,1704
베트남,기타,2019,7,3,가을,1718
태국,관광,2019,7,3,가을,3425
태국,상용,2019,7,3,가을,2441
태국,공용,2019,7,3,가을,1706
태국,기타,2019,7,3,가을,1639
중국,관광,2019,8,3,가을,11632
중국,상용,2019,8,3,가을,8747
중국,공용,2019,8,3,가을,5775
중국,기타,2019,8,3,가을,5938
일본,관광,2019,8,3,가을,7818
일본,상용,2019,8,3,가을,5912
일본,공용,2019,8,3,가을,3864
일본,기타,2019,8,3,가을,3924
미국,관광,2019,8,3,가을,5812
미국,상용,2019,8,3,가을,4313
미국,공용,2019,8,3,가을,2916
미국,기타,2019,8,3,가을,3006
베트남,관광,2019,8,3,가을,3917
베트남,상용,2019,8,3,가을,2961
베트남,공용,2019,8,3,가을,1893
베트남,기타,2019,8,3,가을,1974
태국,관광,2019,8,3,가을,3845
태국,상용,2019,8,3,가을,3043
태국,공용,2019,8,3,가을,2008
태국,기타,2019,8,3,가을,1992
중국,관광,2019,9,3,가을,10818
중국,상용,2019,9,3,가을,8057
중국,공용,2019,9,3,가을,5302
중국,기타,2019,9,3,가을,5357
일본,관광,2019,9,3,가을,7106
일본,상용,2019,9,3,가을,5326
일본,공용,2019,9,3,가을,3661
일본,기타,2019,9,3,가을,3550
미국,관광,2019,9,3,가을,5381
미국,상용,2019,9,3,가을,4136
미국,공용,2019,9,3,가을,2795
미국,기타,2019,9,3,가을,2693
베트남,관광,2019,9,3,가을,3657
베트남,상용,2019,9,3,가을,2703
베트남,공용,2019,9,3,가을,1735
베트남,기타,2019,9,3,가을,1842
태국,관광,2019,9,3,가을,3492
태국,상용,2019,9,3,가을,2692
태국,공용,2019,9,3,가을,1756
태국,기타,2019,9,3,가을,1775
중국,관광,2019,10,4,겨울,12116
중국,상용,2019,10,4,겨울,9184
중국,공용,2019,10,4,겨울,6256
중국,기타,2019,10,4,겨울,6174
일본,관광,2019,10,4,겨울,8074
일본,상용,2019,10,4,겨울,6163
일본,공용,2019,10,4,겨울,4069
일본,기타,2019,10,4,겨울,4137
미국,관광,2019,10,4,겨울,6192
미국,상용,2019,10,4,겨울,4620
미국,공용,2019,10,4,겨울,3022
미국,기타,2019,10,4,겨울,2983
베트남,관광,2019,10,4,겨울,4022
베트남,상용,2019,10,4,겨울,3148
베트남,공용,2019,10,4,겨울,2070
베트남,기타,2019,10,4,겨울,1970
태국,관광,2019,10,4,겨울,4092
태국,상용,2019,10,4,겨울,3103
태국,공용,2019,10,4,겨울,2066
태국,기타,2019,10,4,겨울,2091
중국,관광,2019,11,4,겨울,10240
중국,상용,2019,11,4,겨울,7695
중국,공용,2019,11,4,겨울,5095
중국,기타,2019,11,4,겨울,5091
일본,관광,2019,11,4,겨울,6799
일본,상용,2019,11,4,겨울,5168
일본,공용,2019,11,4,겨울,3351
일본,기타,2019,11,4,겨울,3462
미국,관광,2019,11,4,겨울,5105
미국,상용,2019,11,4,겨울,3799
미국,공용,2019,11,4,겨울,2511
미국,기타,2019,11,4,겨울,2597
베트남,관광,2019,11,4,겨울,3360
베트남,상용,2019,11,4,겨울,2527
베트남,공용,2019,11,4,겨울,1694
베트남,기타,2019,11,4,겨울,1725
태국,관광,2019,11,4,겨울,3476
태국,상용,2019,11,4,겨울,2484
태국,공용,2019,11,4,겨울,1739
태국,기타,2019,11,4,겨울,1680
중국,관광,2019,12,4,겨울,10704
중국,상용,2019,12,4,겨울,8066
중국,공용,2019,12,4,겨울,5518
중국,기타,2019,12,4,겨울,5565
일본,관광,2019,12,4,겨울,7135
일본,상용,2019,12,4,겨울,5344
일본,공용,2019,12,4,겨울,3559
일본,기타,2019,12,4,겨울,3612
미국,관광,2019,12,4,겨울,5435
미국,상용,2019,12,4,겨울,4036
미국,공용,2019,12,4,겨울,2658
미국,기타,2019,12,4,겨울,2649
베트남,관광,2019,12,4,겨울,3516
베트남,상용,2019,12,4,겨울,2705
베트남,공용,2019,12,4,겨울,1881
베트남,기타,2019,12,4,겨울,1838
태국,관광,2019,12,4,겨울,3585
태국,상용,2019,12,4,겨울,2682
태국,공용,2019,12,4,겨울,1714
태국,기타,2019,12,4,겨울,1778
중국,관광,2020,1,1,봄,8371
중국,상용,2020,1,1,봄,6376
중국,공용,2020,1,1,봄,4138
중국,기타,2020,1,1,봄,4247
일본,관광,2020,1,1,봄,5600
일본,상용,2020,1,1,봄,4183
일본,공용,2020,1,1,봄,2837
일본,기타,2020,1,1,봄,2743
미국,관광,2020,1,1,봄,4159
미국,상용,2020,1,1,봄,3073
미국,공용,2020,1,1,봄,2070
미국,기타,2020,1,1,봄,2040
베트남,관광,2020,1,1,봄,2868
베트남,상용,2020,1,1,봄,2140
베트남,공용,2020,1,1,봄,1420
베트남,기타,2020,1,1,봄,1389
태국,관광,2020,1,1,봄,2806
태국,상용,2020,1,1,봄,2038
태국,공용,2020,1,1,봄,1416
태국,기타,2020,1,1,봄,1486
중국,관광,2020,2,1,봄,8870
중국,상용,2020,2,1,봄,6651
중국,공용,2020,2,1,봄,4469
중국,기타,2020,2,1,봄,4363
일본,관광,2020,2,1,봄,6022
일본,상용,2020,2,1,봄,4505
일본,공용,2020,2,1,봄,2960
일본,기타,2020,2,1,봄,3124
미국,관광,2020,2,1,봄,4447
미국,상용,2020,2,1,봄,3326
미국,공용,2020,2,1,봄,2127
미국,기타,2020,2,1,봄,2223
베트남,관광,2020,2,1,봄,3030
베트남,상용,2020,2,1,봄,2229
베트남,공용,2020,2,1,봄,1503
베트남,기타,2020,2,1,봄,1456
태국,관광,2020,2,1,봄,2834
태국,상용,2020,2,1,봄,2201
태국,공용,2020,2,1,봄,1457
태국,기타,2020,2,1,봄,1490
중국,관광,2020,3,1,봄,11163
중국,상용,2020,3,1,봄,8225
중국,공용,2020,3,1,봄,5486
중국,기타,2020,3,1,봄,5551
일본,관광,2020,3,1,봄,7369
일본,상용,2020,3,1,봄,5439
일본,공용,2020,3,1,봄,3795
일본,기타,2020,3,1,봄,3704
미국,관광,2020,3,1,봄,5415
미국,상용,2020,3,1,봄,4097
미국,공용,2020,3,1,봄,2700
미국,기타,2020,3,1,봄,2738
베트남,관광,2020,3,1,봄,3686
베트남,상용,2020,3,1,봄,2724
베트남,공용,2020,3,1,봄,1893
베트남,기타,2020,3,1,봄,1772
태국,관광,2020,3,1,봄,3649
태국,상용,2020,3,1,봄,2735
태국,공용,2020,3,1,봄,1848
태국,기타,2020,3,1,봄,1797
중국,관광,2020,4,2,여름,11651
중국,상용,2020,4,2,여름,8519
중국,공용,2020,4,2,여름,5821
중국,기타,2020,4,2,여름,5803
일본,관광,2020,4,2,여름,7755
일본,상용,2020,4,2,여름,5738
일본,공용,2020,4,2,여름,3795
일본,기타,2020,4,2,여름,3952
미국,관광,2020,4,2,여름,5907
미국,상용,2020,4,2,여름,4315
미국,공용,2020,4,2,여름,2905
미국,기타,2020,4,2,여름,2798
베트남,관광,2020,4,2,여름,3899
베트남,상용,2020,4,2,여름,2942
베트남,공용,2020,4,2,여름,1945
베트남,기타,2020,4,2,여름,1939
태국,관광,2020,4,2,여름,3822
태국,상용,2020,4,2,여름,2787
태국,공용,2020,4,2,여름,1927
태국,기타,2020,4,2,여름,1926
중국,관광,2020,5,2,여름,10470
중국,상용,2020,5,2,여름,7992
중국,공용,2020,5,2,여름,5268
중국,기타,2020,5,2,여름,5238
일본,관광,2020,5,2,여름,6850
일본,상용,2020,5,2,여름,5116
일본,공용,2020,5,2,여름,3550
일본,기타,2020,5,2,여름,3520
미국,관광,2020,5,2,여름,5315
미국,상용,2020,5,2,여름,3976
미국,공용,2020,5,2,여름,2492
미국,기타,2020,5,2,여름,2572
베트남,관광,2020,5,2,여름,3486
베트남,상용,2020,5,2,여름,2622
베트남,공용,2020,5,2,여름,1737
베트남,기타,2020,5,2,여름,1803
태국,관광,2020,5,2,여름,3572
태국,상용,2020,5,2,여름,2559
태국,공용,2020,5,2,여름,1711
태국,기타,2020,5,2,여름,1669
중국,관광,2020,6,2,여름,9843
중국,상용,2020,6,2,여름,7590
중국,공용,2020,6,2,여름,5040
중국,기타,2020,6,2,여름,5055
일본,관광,2020,6,2,여름,6723
일본,상용,2020,6,2,여름,5132
일본,공용,2020,6,2,여름,3319
일본,기타,2020,6,2,여름,3385
미국,관광,2020,6,2,여름,4914
미국,상용,2020,6,2,여름,3802
미국,공용,2020,6,2,여름,2489
미국,기타,2020,6,2,여름,2548
베트남,관광,2020,6,2,여름,3394
베트남,상용,2020,6,2,여름,2446
베트남,공용,2020,6,2,여름,1636
베트남,기타,2020,6,2,여름,1572
태국,관광,2020,6,2,여름,3383
태국,상용,2020,6,2,여름,2453
태국,공용,2020,6,2,여름,1664
태국,기타,2020,6,2,여름,1656
중국,관광,2020,7,3,가을,10535
중국,상용,2020,7,3,가을,7773
중국,공용,2020,7,3,가을,5229
중국,기타,2020,7,3,가을,5267
일본,관광,2020,7,3,가을,6910
일본,상용,2020,7,3,가을,5265
일본,공용,2020,7,3,가을,3502
일본,기타,2020,7,3,가을,3528
미국,관광,2020,7,3,가을,5197
미국,상용,2020,7,3,가을,3954
미국,공용,2020,7,3,가을,2640
미국,기타,2020,7,3,가을,2671
베트남,관광,2020,7,3,가을,3515
베트남,상용,2020,7,3,가을,2625
베트남,공용,2020,7,3,가을,1760
베트남,기타,2020,7,3,가을,1745
태국,관광,2020,7,3,가을,3502
태국,상용,2020,7,3,가을,2617
태국,공용,2020,7,3,가을,1732
태국,기타,2020,7,3,가을,1697
중국,관광,2020,8,3,가을,12169
중국,상용,2020,8,3,가을,9132
중국,공용,2020,8,3,가을,6053
중국,기타,2020,8,3,가을,5972
일본,관광,2020,8,3,가을,7934
일본,상용,2020,8,3,가을,5994
일본,공용,2020,8,3,가을,3964
일본,기타,2020,8,3,가을,3901
미국,관광,2020,8,3,가을,6245
미국,상용,2020,8,3,가을,4519
미국,공용,2020,8,3,가을,3041
미국,기타,2020,8,3,가을,2981
베트남,관광,2020,8,3,가을,4053
베트남,상용,2020,8,3,가을,2962
베트남,공용,2020,8,3,가을,2021
베트남,기타,2020,8,3,가을,1951
태국,관광,2020,8,3,가을,4057
태국,상용,2020,8,3,가을,3050
태국,공용,2020,8,3,가을,2108
태국,기타,2020,8,3,가을,2031
중국,관광,2020,9,3,가을,11285
중국,상용,2020,9,3,가을,8206
중국,공용,2020,9,3,가을,5499
중국,기타,2020,9,3,가을,5467
일본,관광,2020,9,3,가을,7275
일본,상용,2020,9,3,가을,5501
일본,공용,2020,9,3,가을,3755
일본,기타,2020,9,3,가을,3574
미국,관광,2020,9,3,가을,5546
미국,상용,2020,9,3,가을,4252
미국,공용,2020,9,3,가을,2791
미국,기타,2020,9,3,가을,2672
베트남,관광,2020,9,3,가을,3625
베트남,상용,2020,9,3,가을,2808
베트남,공용,2020,9,3,가을,1834
베트남,기타,2020,9,3,가을,1791
태국,관광,2020,9,3,가을,3662
태국,상용,2020,9,3,가을,2695
태국,공용,2020,9,3,가을,1909
태국,기타,2020,9,3,가을,1794
중국,관광,2020,10,4,겨울,12671
중국,상용,2020,10,4,겨울,9398
중국,공용,2020,10,4,겨울,6290
중국,기타,2020,10,4,겨울,6289
일본,관광,2020,10,4,겨울,8295
일본,상용,2020,10,4,겨울,6308
일본,공용,2020,10,4,겨울,4190
일본,기타,2020,10,4,겨울,4234
미국,관광,2020,10,4,겨울,6427
미국,상용,2020,10,4,겨울,4736
미국,공용,2020,10,4,겨울,3156
미국,기타,2020,10,4,겨울,3079
베트남,관광,2020,10,4,겨울,4195
베트남,상용,2020,10,4,겨울,3164
베트남,공용,2020,10,4,겨울,2144
베트남,기타,2020,10,4,겨울,2087
태국,관광,2020,10,4,겨울,4262
태국,상용,2020,10,4,겨울,3132
태국,공용,2020,10,4,겨울,2176
태국,기타,2020,10,4,겨울,2120
중국,관광,2020,11,4,겨울,10472
중국,상용,2020,11,4,겨울,7706
중국,공용,2020,11,4,겨울,5311
중국,기타,2020,11,4,겨울,5172
일본,관광,2020,11,4,겨울,7038
일본,상용,2020,11,4,겨울,5247
일본,공용,2020,11,4,겨울,3601
일본,기타,2020,11,4,겨울,3491
미국,관광,2020,11,4,겨울,5228
미국,상용,2020,11,4,겨울,3898
미국,공용,2020,11,4,겨울,2689
미국,기타,2020,11,4,겨울,2652
베트남,관광,2020,11,4,겨울,3473
베트남,상용,2020,11,4,겨울,2589
베트남,공용,2020,11,4,겨울,1808
베트남,기타,2020,11,4,겨울,1746
태국,관광,2020,11,4,겨울,3578
태국,상용,2020,11,4,겨울,2627
태국,공용,2020,11,4,겨울,1799
태국,기타,2020,11,4,겨울,1738
중국,관광,2020,12,4,겨울,11101
중국,상용,2020,12,4,겨울,8276
중국,공용,2020,12,4,겨울,5517
중국,기타,2020,12,4,겨울,5495
일본,관광,2020,12,4,겨울,7456
일본,상용,2020,12,4,겨울,5502
일본,공용,2020,12,4,겨울,3708
일본,기타,2020,12,4,겨울,3700
미국,관광,2020,12,4,겨울,5495
미국,상용,2020,12,4,겨울,4297
미국,공용,2020,12,4,겨울,2757
미국,기타,2020,12,4,겨울,2721
베트남,관광,2020,12,4,겨울,3636
베트남,상용,2020,12,4,겨울,2783
베트남,공용,2020,12,4,겨울,1810
베트남,기타,2020,12,4,겨울,1878
태국,관광,2020,12,4,겨울,3693
태국,상용,2020,12,4,겨울,2812
태국,공용,2020,12,4,겨울,1809
태국,기타,2020,12,4,겨울,1842
중국,관광,2021,1,1,봄,8624
중국,상용,2021,1,1,봄,6532
중국,공용,2021,1,1,봄,4257
중국,기타,2021,1,1,봄,4265
일본,관광,2021,1,1,봄,5732
일본,상용,2021,1,1,봄,4327
일본,공용,2021,1,1,봄,2818
일본,기타,2021,1,1,봄,2870
미국,관광,2021,1,1,봄,4330
미국,상용,2021,1,1,봄,3275
미국,공용,2021,1,1,봄,2125
미국,기타,2021,1,1,봄,2262
베트남,관광,2021,1,1,봄,2880
베트남,상용,2021,1,1,봄,2066
베트남,공용,2021,1,1,봄,1394
베트남,기타,2021,1,1,봄,1444
태국,관광,2021,1,1,봄,2823
태국,상용,2021,1,1,봄,2138
태국,공용,2021,1,1,봄,1419
태국,기타,2021,1,1,봄,1407
중국,관광,2021,2,1,봄,9160
중국,상용,2021,2,1,봄,6826
중국,공용,2021,2,1,봄,4594
중국,기타,2021,2,1,봄,4584
일본,관광,2021,2,1,봄,6263
일본,상용,2021,2,1,봄,4555
일본,공용,2021,2,1,봄,3020
일본,기타,2021,2,1,봄,3101
미국,관광,2021,2,1,봄,4462
미국,상용,2021,2,1,봄,3500
미국,공용,2021,2,1,봄,2318
미국,기타,2021,2,1,봄,2363
베트남,관광,2021,2,1,봄,3064
베트남,상용,2021,2,1,봄,2361
베트남,공용,2021,2,1,봄,1508
베트남,기타,2021,2,1,봄,1496
태국,관광,2021,2,1,봄,3130
태국,상용,2021,2,1,봄,2282
태국,공용,2021,2,1,봄,1514
태국,기타,2021,2,1,봄,1489
중국,관광,2021,3,1,봄,11260
중국,상용,2021,3,1,봄,8475
중국,공용,2021,3,1,봄,5646
중국,기타,2021,3,1,봄,5549
일본,관광,2021,3,1,봄,7585
일본,상용,2021,3,1,봄,5655
일본,공용,2021,3,1,봄,3783
일본,기타,2021,3,1,봄,3707
미국,관광,2021,3,1,봄,5569
미국,상용,2021,3,1,봄,4273
미국,공용,2021,3,1,봄,2795
미국,기타,2021,3,1,봄,2791
베트남,관광,2021,3,1,봄,3724
베트남,상용,2021,3,1,봄,2838
베트남,공용,2021,3,1,봄,1842
베트남,기타,2021,3,1,봄,1930
태국,관광,2021,3,1,봄,3762
태국,상용,2021,3,1,봄,2795
태국,공용,2021,3,1,봄,1897
태국,기타,2021,3,1,봄,1986
중국,관광,2021,4,2,여름,11972
중국,상용,2021,4,2,여름,8795
중국,공용,2021,4,2,여름,5897
중국,기타,2021,4,2,여름,5954
일본,관광,2021,4,2,여름,7919
일본,상용,2021,4,2,여름,5814
일본,공용,2021,4,2,여름,4053
일본,기타,2021,4,2,여름,3882
미국,관광,2021,4,2,여름,5926
미국,상용,2021,4,2,여름,4371
미국,공용,2021,4,2,여름,2898
미국,기타,2021,4,2,여름,3014
베트남,관광,2021,4,2,여름,3994
베트남,상용,2021,4,2,여름,2957
베트남,공용,2021,4,2,여름,1865
베트남,기타,2021,4,2,여름,1938
태국,관광,2021,4,2,여름,4033
태국,상용,2021,4,2,여름,2994
태국,공용,2021,4,2,여름,1991
태국,기타,2021,4,2,여름,1990
중국,관광,2021,5,2,여름,10626
중국,상용,2021,5,2,여름,7982
중국,공용,2021,5,2,여름,5499
중국,기타,2021,5,2,여름,5432
일본,관광,2021,5,2,여름,7174
일본,상용,2021,5,2,여름,5366
일본,공용,2021,5,2,여름,3639
일본,기타,2021,5,2,여름,3726
미국,관광,2021,5,2,여름,5401
미국,상용,2021,5,2,여름,4160
미국,공용,2021,5,2,여름,2711
미국,기타,2021,5,2,여름,2659
베트남,관광,2021,5,2,여름,3714
베트남,상용,2021,5,2,여름,2691
베트남,공용,2021,5,2,여름,1873
베트남,기타,2021,5,2,여름,1798
태국,관광,2021,5,2,여름,3546
태국,상용,2021,5,2,여름,2711
태국,공용,2021,5,2,여름,1801
태국,기타,2021,5,2,여름,1853
중국,관광,2021,6,2,여름,10236
중국,상용,2021,6,2,여름,7733
중국,공용,2021,6,2,여름,5251
중국,기타,2021,6,2,여름,5166
일본,관광,2021,6,2,여름,6987
일본,상용,2021,6,2,여름,5018
일본,공용,2021,6,2,여름,3399
일본,기타,2021,6,2,여름,3434
미국,관광,2021,6,2,여름,5201
미국,상용,2021,6,2,여름,3889
미국,공용,2021,6,2,여름,2537
미국,기타,2021,6,2,여름,2530
베트남,관광,2021,6,2,여름,3389
베트남,상용,2021,6,2,여름,2474
베트남,공용,2021,6,2,여름,1694
베트남,기타,2021,6,2,여름,1746
태국,관광,2021,6,2,여름,3438
태국,상용,2021,6,2,여름,2585
태국,공용,2021,6,2,여름,1716
태국,기타,2021,6,2,여름,1739
중국,관광,2021,7,3,가을,10936
중국,상용,2021,7,3,가을,7949
중국,공용,2021,7,3,가을,5403
중국,기타,2021,7,3,가을,5388
일본,관광,2021,7,3,가을,7206
일본,상용,2021,7,3,가을,5424
일본,공용,2021,7,3,가을,3531
일본,기타,2021,7,3,가을,3616
미국,관광,2021,7,3,가을,5378
미국,상용,2021,7,3,가을,3982
미국,공용,2021,7,3,가을,2716
미국,기타,2021,7,3,가을,2615
베트남,관광,2021,7,3,가을,3581
베트남,상용,2021,7,3,가을,2694
베트남,공용,2021,7,3,가을,1853
베트남,기타,2021,7,3,가을,1775
태국,관광,2021,7,3,가을,3553
태국,상용,2021,7,3,가을,2665
태국,공용,2021,7,3,가을,1780
태국,기타,2021,7,3,가을,1818
중국,관광,2021,8,3,가을,12455
중국,상용,2021,8,3,가을,9247
중국,공용,2021,8,3,가을,6199
중국,기타,2021,8,3,가을,6223
일본,관광,2021,8,3,가을,8304
일본,상용,2021,8,3,가을,6226
일본,공용,2021,8,3,가을,4051
일본,기타,2021,8,3,가을,4097
미국,관광,2021,8,3,가을,6194
미국,상용,2021,8,3,가을,4623
미국,공용,2021,8,3,가을,3128
미국,기타,2021,8,3,가을,3148
베트남,관광,2021,8,3,가을,4165
베트남,상용,2021,8,3,가을,3085
베트남,공용,2021,8,3,가을,2117
베트남,기타,2021,8,3,가을,2036
태국,관광,2021,8,3,가을,4110
태국,상용,2021,8,3,가을,3071
태국,공용,2021,8,3,가을,2004
태국,기타,2021,8,3,가을,2145
중국,관광,2021,9,3,가을,11412
중국,상용,2021,9,3,가을,8539
중국,공용,2021,9,3,가을,5626
중국,기타,2021,9,3,가을,5670
일본,관광,2021,9,3,가을,7505
일본,상용,2021,9,3,가을,5544
일본,공용,2021,9,3,가을,3734
일본,기타,2021,9,3,가을,3689
미국,관광,2021,9,3,가을,5619
미국,상용,2021,9,3,가을,4250
미국,공용,2021,9,3,가을,2838
미국,기타,2021,9,3,가을,2845
베트남,관광,2021,9,3,가을,3753
베트남,상용,2021,9,3,가을,2814
베트남,공용,2021,9,3,가을,1884
베트남,기타,2021,9,3,가을,1827
태국,관광,2021,9,3,가을,3824
태국,상용,2021,9,3,가을,2771
태국,공용,2021,9,3,가을,1885
태국,기타,2021,9,3,가을,1877
중국,관광,2021,10,4,겨울,13228
중국,상용,2021,10,4,겨울,9822
중국,공용,2021,10,4,겨울,6273
중국,기타,2021,10,4,겨울,6497
일본,관광,2021,10,4,겨울,8754
일본,상용,2021,10,4,겨울,6410
일본,공용,2021,10,4,겨울,4435
일본,기타,2021,10,4,겨울,4376
미국,관광,2021,10,4,겨울,6481
미국,상용,2021,10,4,겨울,4808
미국,공용,2021,10,4,겨울,3063
미국,기타,2021,10,4,겨울,3320
베트남,관광,2021,10,4,겨울,4306
베트남,상용,2021,10,4,겨울,3219
베트남,공용,2021,10,4,겨울,2201
베트남,기타,2021,10,4,겨울,2191
태국,관광,2021,10,4,겨울,4289
태국,상용,2021,10,4,겨울,3212
태국,공용,2021,10,4,겨울,2137
태국,기타,2021,10,4,겨울,2147
중국,관광,2021,11,4,겨울,10712
중국,상용,2021,11,4,겨울,8083
중국,공용,2021,11,4,겨울,5397
중국,기타,2021,11,4,겨울,5403
일본,관광,2021,11,4,겨울,7147
일본,상용,2021,11,4,겨울,5545
일본,공용,2021,11,4,겨울,3613
일본,기타,2021,11,4,겨울,3569
미국,관광,2021,11,4,겨울,5307
미국,상용,2021,11,4,겨울,3973
미국,공용,2021,11,4,겨울,2655
미국,기타,2021,11,4,겨울,2809
베트남,관광,2021,11,4,겨울,3607
베트남,상용,2021,11,4,겨울,2673
베트남,공용,2021,11,4,겨울,1812
베트남,기타,2021,11,4,겨울,1884
태국,관광,2021,11,4,겨울,3686
태국,상용,2021,11,4,겨울,2724
태국,공용,2021,11,4,겨울,1787
태국,기타,2021,11,4,겨울,1790
중국,관광,2021,12,4,겨울,11406
중국,상용,2021,12,4,겨울,8433
중국,공용,2021,12,4,겨울,5674
중국,기타,2021,12,4,겨울,5735
일본,관광,2021,12,4,겨울,7601
일본,상용,2021,12,4,겨울,5666
일본,공용,2021,12,4,겨울,3763
일본,기타,2021,12,4,겨울,3823
미국,관광,2021,12,4,겨울,5638
미국,상용,2021,12,4,겨울,4236
미국,공용,2021,12,4,겨울,2841
미국,기타,2021,12,4,겨울,2767
베트남,관광,2021,12,4,겨울,3713
베트남,상용,2021,12,4,겨울,2936
베트남,공용,2021,12,4,겨울,1910
베트남,기타,2021,12,4,겨울,1960
태국,관광,2021,12,4,겨울,3831
태국,상용,2021,12,4,겨울,2899
태국,공용,2021,12,4,겨울,1860
태국,기타,2021,12,4,겨울,1860
중국,관광,2022,1,1,봄,8595
중국,상용,2022,1,1,봄,6605
중국,공용,2022,1,1,봄,4385
중국,기타,2022,1,1,봄,4452
일본,관광,2022,1,1,봄,5905
일본,상용,2022,1,1,봄,4346
일본,공용,2022,1,1,봄,2993
일본,기타,2022,1,1,봄,2997
미국,관광,2022,1,1,봄,4543
미국,상용,2022,1,1,봄,3441
미국,공용,2022,1,1,봄,2273
미국,기타,2022,1,1,봄,2245
베트남,관광,2022,1,1,봄,3077
베트남,상용,2022,1,1,봄,2233
베트남,공용,2022,1,1,봄,1553
베트남,기타,2022,1,1,봄,1480
태국,관광,2022,1,1,봄,3010
태국,상용,2022,1,1,봄,2295
태국,공용,2022,1,1,봄,1405
태국,기타,2022,1,1,봄,1484
중국,관광,2022,2,1,봄,9548
중국,상용,2022,2,1,봄,6943
중국,공용,2022,2,1,봄,4724
중국,기타,2022,2,1,봄,4821
일본,관광,2022,2,1,봄,6268
일본,상용,2022,2,1,봄,4695
일본,공용,2022,2,1,봄,3141
일본,기타,2022,2,1,봄,3247
미국,관광,2022,2,1,봄,4766
미국,상용,2022,2,1,봄,3537
미국,공용,2022,2,1,봄,2335
미국,기타,2022,2,1,봄,2387
베트남,관광,2022,2,1,봄,3144
베트남,상용,2022,2,1,봄,2357
베트남,공용,2022,2,1,봄,1535
베트남,기타,2022,2,1,봄,1542
태국,관광,2022,2,1,봄,3192
태국,상용,2022,2,1,봄,2320
태국,공용,2022,2,1,봄,1606
태국,기타,2022,2,1,봄,1567
중국,관광,2022,3,1,봄,11714
중국,상용,2022,3,1,봄,8834
중국,공용,2022,3,1,봄,5781
중국,기타,2022,3,1,봄,5736
일본,관광,2022,3,1,봄,7721
일본,상용,2022,3,1,봄,5864
일본,공용,2022,3,1,봄,3926
일본,기타,2022,3,1,봄,3846
미국,관광,2022,3,1,봄,5810
미국,상용,2022,3,1,봄,4414
미국,공용,2022,3,1,봄,2976
미국,기타,2022,3,1,봄,2931
베트남,관광,2022,3,1,봄,3868
베트남,상용,2022,3,1,봄,2915
베트남,공용,2022,3,1,봄,1947
베트남,기타,2022,3,1,봄,2001
태국,관광,2022,3,1,봄,4016
태국,상용,2022,3,1,봄,2875
태국,공용,2022,3,1,봄,1994
태국,기타,2022,3,1,봄,1976
중국,관광,2022,4,2,여름,12127
중국,상용,2022,4,2,여름,9052
중국,공용,2022,4,2,여름,6050
중국,기타,2022,4,2,여름,6153
일본,관광,2022,4,2,여름,8154
일본,상용,2022,4,2,여름,6181
일본,공용,2022,4,2,여름,4097
일본,기타,2022,4,2,여름,4012
미국,관광,2022,4,2,여름,6131
미국,상용,2022,4,2,여름,4631
미국,공용,2022,4,2,여름,3026
미국,기타,2022,4,2,여름,3084
베트남,관광,2022,4,2,여름,4059
베트남,상용,2022,4,2,여름,3034
베트남,공용,2022,4,2,여름,2052
베트남,기타,2022,4,2,여름,2010
태국,관광,2022,4,2,여름,4102
태국,상용,2022,4,2,여름,3116
태국,공용,2022,4,2,여름,2070
태국,기타,2022,4,2,여름,2055
중국,관광,2022,5,2,여름,10951
중국,상용,2022,5,2,여름,8447
중국,공용,2022,5,2,여름,5420
중국,기타,2022,5,2,여름,5632
일본,관광,2022,5,2,여름,7503
일본,상용,2022,5,2,여름,5554
일본,공용,2022,5,2,여름,3686
일본,기타,2022,5,2,여름,3661
미국,관광,2022,5,2,여름,5556
미국,상용,2022,5,2,여름,4221
미국,공용,2022,5,2,여름,2821
미국,기타,2022,5,2,여름,2681
베트남,관광,2022,5,2,여름,3735
베트남,상용,2022,5,2,여름,2845
베트남,공용,2022,5,2,여름,1859
베트남,기타,2022,5,2,여름,1854
태국,관광,2022,5,2,여름,3799
태국,상용,2022,5,2,여름,2769
태국,공용,2022,5,2,여름,1815
태국,기타,2022,5,2,여름,1835
중국,관광,2022,6,2,여름,10542
중국,상용,2022,6,2,여름,7958
중국,공용,2022,6,2,여름,5285
중국,기타,2022,6,2,여름,5193
일본,관광,2022,6,2,여름,6961
일본,상용,2022,6,2,여름,5203
일본,공용,2022,6,2,여름,3447
일본,기타,2022,6,2,여름,3561
미국,관광,2022,6,2,여름,5266
미국,상용,2022,6,2,여름,3972
미국,공용,2022,6,2,여름,2640
미국,기타,2022,6,2,여름,2727
베트남,관광,2022,6,2,여름,3529
베트남,상용,2022,6,2,여름,2751
베트남,공용,2022,6,2,여름,1731
베트남,기타,2022,6,2,여름,1749
태국,관광,2022,6,2,여름,3577
태국,상용,2022,6,2,여름,2667
태국,공용,2022,6,2,여름,1732
태국,기타,2022,6,2,여름,1786
중국,관광,2022,7,3,가을,10987
중국,상용,2022,7,3,가을,8252
중국,공용,2022,7,3,가을,5545
중국,기타,2022,7,3,가을,5511
일본,관광,2022,7,3,가을,7387
일본,상용,2022,7,3,가을,5461
일본,공용,2022,7,3,가을,3775
일본,기타,2022,7,3,가을,3679
미국,관광,2022,7,3,가을,5585
미국,상용,2022,7,3,가을,4197
미국,공용,2022,7,3,가을,2812
미국,기타,2022,7,3,가을,2870
베트남,관광,2022,7,3,가을,3702
베트남,상용,2022,7,3,가을,2770
베트남,공용,2022,7,3,가을,1910
베트남,기타,2022,7,3,가을,1923
태국,관광,2022,7,3,가을,3660
태국,상용,2022,7,3,가을,2700
태국,공용,2022,7,3,가을,1864
태국,기타,2022,7,3,가을,1915
중국,관광,2022,8,3,가을,12593
중국,상용,2022,8,3,가을,9574
중국,공용,2022,8,3,가을,6347
중국,기타,2022,8,3,가을,6416
일본,관광,2022,8,3,가을,8509
일본,상용,2022,8,3,가을,6578
일본,공용,2022,8,3,가을,4258
일본,기타,2022,8,3,가을,4265
미국,관광,2022,8,3,가을,6354
미국,상용,2022,8,3,가을,4674
미국,공용,2022,8,3,가을,3156
미국,기타,2022,8,3,가을,3198
베트남,관광,2022,8,3,가을,4139
베트남,상용,2022,8,3,가을,3211
베트남,공용,2022,8,3,가을,2123
베트남,기타,2022,8,3,가을,2131
태국,관광,2022,8,3,가을,4221
태국,상용,2022,8,3,가을,3305
태국,공용,2022,8,3,가을,2045
태국,기타,2022,8,3,가을,2194
중국,관광,2022,9,3,가을,11467
중국,상용,2022,9,3,가을,8704
중국,공용,2022,9,3,가을,5810
중국,기타,2022,9,3,가을,5857
일본,관광,2022,9,3,가을,7681
일본,상용,2022,9,3,가을,5794
일본,공용,2022,9,3,가을,3855
일본,기타,2022,9,3,가을,3810
미국,관광,2022,9,3,가을,5821
미국,상용,2022,9,3,가을,4279
미국,공용,2022,9,3,가을,2952
미국,기타,2022,9,3,가을,2936
베트남,관광,2022,9,3,가을,3794
베트남,상용,2022,9,3,가을,2945
베트남,공용,2022,9,3,가을,1991
베트남,기타,2022,9,3,가을,1967
태국,관광,2022,9,3,가을,3863
태국,상용,2022,9,3,가을,2932
태국,공용,2022,9,3,가을,1942
태국,기타,2022,9,3,가을,1930
중국,관광,2022,10,4,겨울,13089
중국,상용,2022,10,4,겨울,9956
중국,공용,2022,10,4,겨울,6713
중국,기타,2022,10,4,겨울,6477
일본,관광,2022,10,4,겨울,8816
일본,상용,2022,10,4,겨울,6561
일본,공용,2022,10,4,겨울,4581
일본,기타,2022,10,4,겨울,4371
미국,관광,2022,10,4,겨울,6626
미국,상용,2022,10,4,겨울,4997
미국,공용,2022,10,4,겨울,3372
미국,기타,2022,10,4,겨울,3289
베트남,관광,2022,10,4,겨울,4440
베트남,상용,2022,10,4,겨울,3284
베트남,공용,2022,10,4,겨울,2169
베트남,기타,2022,10,4,겨울,2241
태국,관광,2022,10,4,겨울,4507
태국,상용,2022,10,4,겨울,3276
태국,공용,2022,10,4,겨울,2248
태국,기타,2022,10,4,겨울,2293
중국,관광,2022,11,4,겨울,11158
중국,상용,2022,11,4,겨울,8386
중국,공용,2022,11,4,겨울,5538
중국,기타,2022,11,4,겨울,5526
일본,관광,2022,11,4,겨울,7372
일본,상용,2022,11,4,겨울,5570
일본,공용,2022,11,4,겨울,3558
일본,기타,2022,11,4,겨울,3631
미국,관광,2022,11,4,겨울,5441
미국,상용,2022,11,4,겨울,4121
미국,공용,2022,11,4,겨울,2878
미국,기타,2022,11,4,겨울,2766
베트남,관광,2022,11,4,겨울,3697
베트남,상용,2022,11,4,겨울,2747
베트남,공용,2022,11,4,겨울,1835
베트남,기타,2022,11,4,겨울,1888
태국,관광,2022,11,4,겨울,3715
태국,상용,2022,11,4,겨울,2742
태국,공용,2022,11,4,겨울,1817
태국,기타,2022,11,4,겨울,1852
중국,관광,2022,12,4,겨울,11886
중국,상용,2022,12,4,겨울,8779
중국,공용,2022,12,4,겨울,5840
중국,기타,2022,12,4,겨울,5773
일본,관광,2022,12,4,겨울,7719
일본,상용,2022,12,4,겨울,5649
일본,공용,2022,12,4,겨울,3923
일본,기타,2022,12,4,겨울,3877
미국,관광,2022,12,4,겨울,5803
미국,상용,2022,12,4,겨울,4351
미국,공용,2022,12,4,겨울,3033
미국,기타,2022,12,4,겨울,2915
베트남,관광,2022,12,4,겨울,3886
베트남,상용,2022,12,4,겨울,2884
베트남,공용,2022,12,4,겨울,1949
베트남,기타,2022,12,4,겨울,1914
태국,관광,2022,12,4,겨울,3864
태국,상용,2022,12,4,겨울,2897
태국,공용,2022,12,4,겨울,1933
태국,기타,2022,12,4,겨울,1906
중국,관광,2023,1,1,봄,9129
중국,상용,2023,1,1,봄,6912
중국,공용,2023,1,1,봄,4603
중국,기타,2023,1,1,봄,4530
일본,관광,2023,1,1,봄,6047
일본,상용,2023,1,1,봄,4492
일본,공용,2023,1,1,봄,2999
일본,기타,2023,1,1,봄,3037
미국,관광,2023,1,1,봄,4500
미국,상용,2023,1,1,봄,3357
미국,공용,2023,1,1,봄,2320
미국,기타,2023,1,1,봄,2310
베트남,관광,2023,1,1,봄,3097
베트남,상용,2023,1,1,봄,2232
베트남,공용,2023,1,1,봄,1471
베트남,기타,2023,1,1,봄,1517
태국,관광,2023,1,1,봄,3081
태국,상용,2023,1,1,봄,2306
태국,공용,2023,1,1,봄,1498
태국,기타,2023,1,1,봄,1566
중국,관광,2023,2,1,봄,9620
중국,상용,2023,2,1,봄,7346
중국,공용,2023,2,1,봄,4814
중국,기타,2023,2,1,봄,4843
일본,관광,2023,2,1,봄,6390
일본,상용,2023,2,1,봄,4778
일본,공용,2023,2,1,봄,3332
일본,기타,2023,2,1,봄,3309
미국,관광,2023,2,1,봄,4872
미국,상용,2023,2,1,봄,3683
미국,공용,2023,2,1,봄,2370
미국,기타,2023,2,1,봄,2468
베트남,관광,2023,2,1,봄,3214
베트남,상용,2023,2,1,봄,2403
베트남,공용,2023,2,1,봄,1638
베트남,기타,2023,2,1,봄,1620
태국,관광,2023,2,1,봄,3138
태국,상용,2023,2,1,봄,2423
태국,공용,2023,2,1,봄,1585
태국,기타,2023,2,1,봄,1617
중국,관광,2023,3,1,봄,12167
중국,상용,2023,3,1,봄,8954
중국,공용,2023,3,1,봄,6054
중국,기타,2023,3,1,봄,5885
일본,관광,2023,3,1,봄,7995
일본,상용,2023,3,1,봄,6041
일본,공용,2023,3,1,봄,3901
일본,기타,2023,3,1,봄,3942
미국,관광,2023,3,1,봄,6006
미국,상용,2023,3,1,봄,4462
미국,공용,2023,3,1,봄,3014
미국,기타,2023,3,1,봄,3021
베트남,관광,2023,3,1,봄,3989
베트남,상용,2023,3,1,봄,2989
베트남,공용,2023,3,1,봄,2032
베트남,기타,2023,3,1,봄,1983
태국,관광,2023,3,1,봄,3903
태국,상용,2023,3,1,봄,3071
태국,공용,2023,3,1,봄,2026
태국,기타,2023,3,1,봄,1968
중국,관광,2023,4,2,여름,12384
중국,상용,2023,4,2,여름,9518
중국,공용,2023,4,2,여름,6290
중국,기타,2023,4,2,여름,6303
일본,관광,2023,4,2,여름,8166
일본,상용,2023,4,2,여름,6369
일본,공용,2023,4,2,여름,4067
일본,기타,2023,4,2,여름,4148
미국,관광,2023,4,2,여름,6363
미국,상용,2023,4,2,여름,4833
미국,공용,2023,4,2,여름,3167
미국,기타,2023,4,2,여름,3123
베트남,관광,2023,4,2,여름,4285
베트남,상용,2023,4,2,여름,3099
베트남,공용,2023,4,2,여름,2057
베트남,기타,2023,4,2,여름,2103
태국,관광,2023,4,2,여름,4046
태국,상용,2023,4,2,여름,3172
태국,공용,2023,4,2,여름,2080
태국,기타,2023,4,2,여름,2072
중국,관광,2023,5,2,여름,11171
중국,상용,2023,5,2,여름,8683
중국,공용,2023,5,2,여름,5623
중국,기타,2023,5,2,여름,5749
일본,관광,2023,5,2,여름,7687
일본,상용,2023,5,2,여름,5752
일본,공용,2023,5,2,여름,3840
일본,기타,2023,5,2,여름,3867
미국,관광,2023,5,2,여름,5610
미국,상용,2023,5,2,여름,4385
미국,공용,2023,5,2,여름,2912
미국,기타,2023,5,2,여름,2792
베트남,관광,2023,5,2,여름,3769
베트남,상용,2023,5,2,여름,2768
베트남,공용,2023,5,2,여름,1894
베트남,기타,2023,5,2,여름,1841
태국,관광,2023,5,2,여름,3759
태국,상용,2023,5,2,여름,2866
태국,공용,2023,5,2,여름,1904
태국,기타,2023,5,2,여름,1948
중국,관광,2023,6,2,여름,10939
중국,상용,2023,6,2,여름,8047
중국,공용,2023,6,2,여름,5372
중국,기타,2023,6,2,여름,5409
일본,관광,2023,6,2,여름,7332
일본,상용,2023,6,2,여름,5563
일본,공용,2023,6,2,여름,3572
일본,기타,2023,6,2,여름,3580
미국,관광,2023,6,2,여름,5417
미국,상용,2023,6,2,여름,4063
미국,공용,2023,6,2,여름,2691
미국,기타,2023,6,2,여름,2650
베트남,관광,2023,6,2,여름,3654
베트남,상용,2023,6,2,여름,2733
베트남,공용,2023,6,2,여름,1816
베트남,기타,2023,6,2,여름,1803
태국,관광,2023,6,2,여름,3609
태국,상용,2023,6,2,여름,2741
태국,공용,2023,6,2,여름,1837
태국,기타,2023,6,2,여름,1910
중국,관광,2023,7,3,가을,11383
중국,상용,2023,7,3,가을,8546
중국,공용,2023,7,3,가을,5872
중국,기타,2023,7,3,가을,5668
일본,관광,2023,7,3,가을,7552
일본,상용,2023,7,3,가을,5798
일본,공용,2023,7,3,가을,3768
일본,기타,2023,7,3,가을,3791
미국,관광,2023,7,3,가을,5694
미국,상용,2023,7,3,가을,4188
미국,공용,2023,7,3,가을,2930
미국,기타,2023,7,3,가을,2834
베트남,관광,2023,7,3,가을,3778
베트남,상용,2023,7,3,가을,2794
베트남,공용,2023,7,3,가을,1897
베트남,기타,2023,7,3,가을,1935
태국,관광,2023,7,3,가을,3887
태국,상용,2023,7,3,가을,2947
태국,공용,2023,7,3,가을,1900
태국,기타,2023,7,3,가을,1834
중국,관광,2023,8,3,가을,12990
중국,상용,2023,8,3,가을,9991
중국,공용,2023,8,3,가을,6613
중국,기타,2023,8,3,가을,6687
일본,관광,2023,8,3,가을,8782
일본,상용,2023,8,3,가을,6664
일본,공용,2023,8,3,가을,4401
일본,기타,2023,8,3,가을,4467
미국,관광,2023,8,3,가을,6569
미국,상용,2023,8,3,가을,5039
미국,공용,2023,8,3,가을,3229
미국,기타,2023,8,3,가을,3324
베트남,관광,2023,8,3,가을,4315
베트남,상용,2023,8,3,가을,3334
베트남,공용,2023,8,3,가을,2257
베트남,기타,2023,8,3,가을,2188
태국,관광,2023,8,3,가을,4360
태국,상용,2023,8,3,가을,3282
태국,공용,2023,8,3,가을,2151
태국,기타,2023,8,3,가을,2196
중국,관광,2023,9,3,가을,11840
중국,상용,2023,9,3,가을,9028
중국,공용,2023,9,3,가을,5986
중국,기타,2023,9,3,가을,6137
일본,관광,2023,9,3,가을,8015
일본,상용,2023,9,3,가을,5912
일본,공용,2023,9,3,가을,4006
일본,기타,2023,9,3,가을,4019
미국,관광,2023,9,3,가을,6035
미국,상용,2023,9,3,가을,4541
미국,공용,2023,9,3,가을,2945
미국,기타,2023,9,3,가을,2972
베트남,관광,2023,9,3,가을,4058
베트남,상용,2023,9,3,가을,3006
베트남,공용,2023,9,3,가을,1960
베트남,기타,2023,9,3,가을,2022
태국,관광,2023,9,3,가을,3944
태국,상용,2023,9,3,가을,2963
태국,공용,2023,9,3,가을,1963
태국,기타,2023,9,3,가을,2022
중국,관광,2023,10,4,겨울,13497
중국,상용,2023,10,4,겨울,10109
중국,공용,2023,10,4,겨울,6710
중국,기타,2023,10,4,겨울,6959
일본,관광,2023,10,4,겨울,8947
일본,상용,2023,10,4,겨울,6838
일본,공용,2023,10,4,겨울,4579
일본,기타,2023,10,4,겨울,4584
미국,관광,2023,10,4,겨울,6623
미국,상용,2023,10,4,겨울,5032
미국,공용,2023,10,4,겨울,3431
미국,기타,2023,10,4,겨울,3524
베트남,관광,2023,10,4,겨울,4584
베트남,상용,2023,10,4,겨울,3472
베트남,공용,2023,10,4,겨울,2338
베트남,기타,2023,10,4,겨울,2348
태국,관광,2023,10,4,겨울,4516
태국,상용,2023,10,4,겨울,3474
태국,공용,2023,10,4,겨울,2240
태국,기타,2023,10,4,겨울,2353
중국,관광,2023,11,4,겨울,11416
중국,상용,2023,11,4,겨울,8543
중국,공용,2023,11,4,겨울,5826
중국,기타,2023,11,4,겨울,5682
일본,관광,2023,11,4,겨울,7599
일본,상용,2023,11,4,겨울,5704
일본,공용,2023,11,4,겨울,3802
일본,기타,2023,11,4,겨울,3737
미국,관광,2023,11,4,겨울,5761
미국,상용,2023,11,4,겨울,4299
미국,공용,2023,11,4,겨울,2878
미국,기타,2023,11,4,겨울,2833
베트남,관광,2023,11,4,겨울,3825
베트남,상용,2023,11,4,겨울,2913
베트남,공용,2023,11,4,겨울,1853
베트남,기타,2023,11,4,겨울,1916
태국,관광,2023,11,4,겨울,3748
태국,상용,2023,11,4,겨울,2885
태국,공용,2023,11,4,겨울,1859
태국,기타,2023,11,4,겨울,1903
중국,관광,2023,12,4,겨울,11907
중국,상용,2023,12,4,겨울,8870
중국,공용,2023,12,4,겨울,6055
중국,기타,2023,12,4,겨울,5879
일본,관광,2023,12,4,겨울,8121
일본,상용,2023,12,4,겨울,6012
일본,공용,2023,12,4,겨울,3997
일본,기타,2023,12,4,겨울,4023
미국,관광,2023,12,4,겨울,6205
미국,상용,2023,12,4,겨울,4530
미국,공용,2023,12,4,겨울,2939
미국,기타,2023,12,4,겨울,2994
베트남,관광,2023,12,4,겨울,4068
베트남,상용,2023,12,4,겨울,3044
베트남,공용,2023,12,4,겨울,2033
베트남,기타,2023,12,4,겨울,2044
태국,관광,2023,12,4,겨울,3998
태국,상용,2023,12,4,겨울,2989
태국,공용,2023,12,4,겨울,1944
태국,기타,2023,12,4,겨울,2021
중국,관광,2024,1,1,봄,9110
중국,상용,2024,1,1,봄,7183
중국,공용,2024,1,1,봄,4697
중국,기타,2024,1,1,봄,4770
일본,관광,2024,1,1,봄,6282
일본,상용,2024,1,1,봄,4714
일본,공용,2024,1,1,봄,3179
일본,기타,2024,1,1,봄,3115
미국,관광,2024,1,1,봄,4642
미국,상용,2024,1,1,봄,3490
미국,공용,2024,1,1,봄,2425
미국,기타,2024,1,1,봄,2357
베트남,관광,2024,1,1,봄,3097
베트남,상용,2024,1,1,봄,2327
베트남,공용,2024,1,1,봄,1631
베트남,기타,2024,1,1,봄,1503
태국,관광,2024,1,1,봄,3108
태국,상용,2024,1,1,봄,2356
태국,공용,2024,1,1,봄,1562
태국,기타,2024,1,1,봄,1539
중국,관광,2024,2,1,봄,9940
중국,상용,2024,2,1,봄,7573
중국,공용,2024,2,1,봄,5087
중국,기타,2024,2,1,봄,4921
일본,관광,2024,2,1,봄,6759
일본,상용,2024,2,1,봄,5085
일본,공용,2024,2,1,봄,3451
일본,기타,2024,2,1,봄,3351
미국,관광,2024,2,1,봄,4968
미국,상용,2024,2,1,봄,3767
미국,공용,2024,2,1,봄,2494
미국,기타,2024,2,1,봄,2608
베트남,관광,2024,2,1,봄,3260
베트남,상용,2024,2,1,봄,2474
베트남,공용,2024,2,1,봄,1656
베트남,기타,2024,2,1,봄,1683
태국,관광,2024,2,1,봄,3222
태국,상용,2024,2,1,봄,2431
태국,공용,2024,2,1,봄,1626
태국,기타,2024,2,1,봄,1640
중국,관광,2024,3,1,봄,12139
중국,상용,2024,3,1,봄,9096
중국,공용,2024,3,1,봄,6265
중국,기타,2024,3,1,봄,6140
일본,관광,2024,3,1,봄,8195
일본,상용,2024,3,1,봄,6160
일본,공용,2024,3,1,봄,4002
일본,기타,2024,3,1,봄,4083
미국,관광,2024,3,1,봄,6213
미국,상용,2024,3,1,봄,4504
미국,공용,2024,3,1,봄,3147
미국,기타,2024,3,1,봄,3128
베트남,관광,2024,3,1,봄,4113
베트남,상용,2024,3,1,봄,3050
베트남,공용,2024,3,1,봄,2048
베트남,기타,2024,3,1,봄,2000
태국,관광,2024,3,1,봄,4160
태국,상용,2024,3,1,봄,3121
태국,공용,2024,3,1,봄,2014
태국,기타,2024,3,1,봄,2114
중국,관광,2024,4,2,여름,13016
중국,상용,2024,4,2,여름,9791
중국,공용,2024,4,2,여름,6469
중국,기타,2024,4,2,여름,6256
일본,관광,2024,4,2,여름,8581
일본,상용,2024,4,2,여름,6436
일본,공용,2024,4,2,여름,4220
일본,기타,2024,4,2,여름,4216
미국,관광,2024,4,2,여름,6379
미국,상용,2024,4,2,여름,4848
미국,공용,2024,4,2,여름,3270
미국,기타,2024,4,2,여름,3172
베트남,관광,2024,4,2,여름,4421
베트남,상용,2024,4,2,여름,3251
베트남,공용,2024,4,2,여름,2134
베트남,기타,2024,4,2,여름,2098
태국,관광,2024,4,2,여름,4309
태국,상용,2024,4,2,여름,3267
태국,공용,2024,4,2,여름,2121
태국,기타,2024,4,2,여름,2076
중국,관광,2024,5,2,여름,11574
중국,상용,2024,5,2,여름,8813
중국,공용,2024,5,2,여름,5971
중국,기타,2024,5,2,여름,5801
일본,관광,2024,5,2,여름,7789
일본,상용,2024,5,2,여름,5894
일본,공용,2024,5,2,여름,3856
일본,기타,2024,5,2,여름,3881
미국,관광,2024,5,2,여름,5934
미국,상용,2024,5,2,여름,4454
미국,공용,2024,5,2,여름,2884
미국,기타,2024,5,2,여름,2926
베트남,관광,2024,5,2,여름,3830
베트남,상용,2024,5,2,여름,2913
베트남,공용,2024,5,2,여름,1992
베트남,기타,2024,5,2,여름,1959
태국,관광,2024,5,2,여름,3961
태국,상용,2024,5,2,여름,2959
태국,공용,2024,5,2,여름,1923
태국,기타,2024,5,2,여름,1948
중국,관광,2024,6,2,여름,11035
중국,상용,2024,6,2,여름,8412
중국,공용,2024,6,2,여름,5585
중국,기타,2024,6,2,여름,5500
일본,관광,2024,6,2,여름,7340
일본,상용,2024,6,2,여름,5581
일본,공용,2024,6,2,여름,3710
일본,기타,2024,6,2,여름,3669
미국,관광,2024,6,2,여름,5354
미국,상용,2024,6,2,여름,4215
미국,공용,2024,6,2,여름,2828
미국,기타,2024,6,2,여름,2772
베트남,관광,2024,6,2,여름,3744
베트남,상용,2024,6,2,여름,2707
베트남,공용,2024,6,2,여름,1831
베트남,기타,2024,6,2,여름,1871
태국,관광,2024,6,2,여름,3726
태국,상용,2024,6,2,여름,2817
태국,공용,2024,6,2,여름,1857
태국,기타,2024,6,2,여름,1909
중국,관광,2024,7,3,가을,11673
중국,상용,2024,7,3,가을,8797
중국,공용,2024,7,3,가을,5961
중국,기타,2024,7,3,가을,5908
일본,관광,2024,7,3,가을,8008
일본,상용,2024,7,3,가을,5871
일본,공용,2024,7,3,가을,3869
일본,기타,2024,7,3,가을,3911
미국,관광,2024,7,3,가을,5737
미국,상용,2024,7,3,가을,4435
미국,공용,2024,7,3,가을,3010
미국,기타,2024,7,3,가을,2892
베트남,관광,2024,7,3,가을,3889
베트남,상용,2024,7,3,가을,2937
베트남,공용,2024,7,3,가을,1984
베트남,기타,2024,7,3,가을,1885
태국,관광,2024,7,3,가을,3814
태국,상용,2024,7,3,가을,2838
태국,공용,2024,7,3,가을,2002
태국,기타,2024,7,3,가을,2031
중국,관광,2024,8,3,가을,13498
중국,상용,2024,8,3,가을,10031
중국,공용,2024,8,3,가을,6856
중국,기타,2024,8,3,가을,6620
일본,관광,2024,8,3,가을,8946
일본,상용,2024,8,3,가을,6721
일본,공용,2024,8,3,가을,4491
일본,기타,2024,8,3,가을,4365
미국,관광,2024,8,3,가을,6806
미국,상용,2024,8,3,가을,5107
미국,공용,2024,8,3,가을,3349
미국,기타,2024,8,3,가을,3435
베트남,관광,2024,8,3,가을,4494
베트남,상용,2024,8,3,가을,3271
베트남,공용,2024,8,3,가을,2196
베트남,기타,2024,8,3,가을,2265
태국,관광,2024,8,3,가을,4467
태국,상용,2024,8,3,가을,3389
태국,공용,2024,8,3,가을,2278
태국,기타,2024,8,3,가을,2247
중국,관광,2024,9,3,가을,12148
중국,상용,2024,9,3,가을,9183
중국,공용,2024,9,3,가을,6287
중국,기타,2024,9,3,가을,6043
일본,관광,2024,9,3,가을,8153
일본,상용,2024,9,3,가을,6168
일본,공용,2024,9,3,가을,4167
일본,기타,2024,9,3,가을,4036
미국,관광,2024,9,3,가을,6155
미국,상용,2024,9,3,가을,4548
미국,공용,2024,9,3,가을,3049
미국,기타,2024,9,3,가을,3062
베트남,관광,2024,9,3,가을,4144
베트남,상용,2024,9,3,가을,3082
베트남,공용,2024,9,3,가을,2044
베트남,기타,2024,9,3,가을,2007
태국,관광,2024,9,3,가을,4187
태국,상용,2024,9,3,가을,3180
태국,공용,2024,9,3,가을,2100
태국,기타,2024,9,3,가을,2032
중국,관광,2024,10,4,겨울,14017
중국,상용,2024,10,4,겨울,10514
중국,공용,2024,10,4,겨울,7013
중국,기타,2024,10,4,겨울,7135
일본,관광,2024,10,4,겨울,9384
일본,상용,2024,10,4,겨울,7071
일본,공용,2024,10,4,겨울,4789
일본,기타,2024,10,4,겨울,4616
미국,관광,2024,10,4,겨울,7131
미국,상용,2024,10,4,겨울,5192
미국,공용,2024,10,4,겨울,3506
미국,기타,2024,10,4,겨울,3464
베트남,관광,2024,10,4,겨울,4668
베트남,상용,2024,10,4,겨울,3503
베트남,공용,2024,10,4,겨울,2386
베트남,기타,2024,10,4,겨울,2373
태국,관광,2024,10,4,겨울,4846
태국,상용,2024,10,4,겨울,3592
태국,공용,2024,10,4,겨울,2373
태국,기타,2024,10,4,겨울,2291
중국,관광,2024,11,4,겨울,11532
중국,상용,2024,11,4,겨울,8809
중국,공용,2024,11,4,겨울,5886
중국,기타,2024,11,4,겨울,5862
일본,관광,2024,11,4,겨울,7980
일본,상용,2024,11,4,겨울,6106
일본,공용,2024,11,4,겨울,3860
일본,기타,2024,11,4,겨울,3933
미국,관광,2024,11,4,겨울,5852
미국,상용,2024,11,4,겨울,4425
미국,공용,2024,11,4,겨울,2905
미국,기타,2024,11,4,겨울,2868
베트남,관광,2024,11,4,겨울,3875
베트남,상용,2024,11,4,겨울,2967
베트남,공용,2024,11,4,겨울,1933
베트남,기타,2024,11,4,겨울,1988
태국,관광,2024,11,4,겨울,3847
태국,상용,2024,11,4,겨울,2865
태국,공용,2024,11,4,겨울,1913
태국,기타,2024,11,4,겨울,1944
중국,관광,2024,12,4,겨울,12434
중국,상용,2024,12,4,겨울,9200
중국,공용,2024,12,4,겨울,6126
중국,기타,2024,12,4,겨울,6155
일본,관광,2024,12,4,겨울,8085
일본,상용,2024,12,4,겨울,6062
일본,공용,2024,12,4,겨울,4065
일본,기타,2024,12,4,겨울,3946
미국,관광,2024,12,4,겨울,6190
미국,상용,2024,12,4,겨울,4670
미국,공용,2024,12,4,겨울,3085
미국,기타,2024,12,4,겨울,3068
베트남,관광,2024,12,4,겨울,4090
베트남,상용,2024,12,4,겨울,3061
베트남,공용,2024,12,4,겨울,2007
베트남,기타,2024,12,4,겨울,2021
태국,관광,2024,12,4,겨울,4154
태국,상용,2024,12,4,겨울,3213
태국,공용,2024,12,4,겨울,2124
태국,기타,2024,12,4,겨울,2078
중국,관광,2025,1,1,봄,9515
중국,상용,2025,1,1,봄,7255
중국,공용,2025,1,1,봄,4862
중국,기타,2025,1,1,봄,4871
일본,관광,2025,1,1,봄,6315
일본,상용,2025,1,1,봄,4782
일본,공용,2025,1,1,봄,3246
일본,기타,2025,1,1,봄,3176
미국,관광,2025,1,1,봄,4668
미국,상용,2025,1,1,봄,3563
미국,공용,2025,1,1,봄,2442
미국,기타,2025,1,1,봄,2420
베트남,관광,2025,1,1,봄,3122
베트남,상용,2025,1,1,봄,2430
베트남,공용,2025,1,1,봄,1657
베트남,기타,2025,1,1,봄,1562
태국,관광,2025,1,1,봄,3199
태국,상용,2025,1,1,봄,2518
태국,공용,2025,1,1,봄,1623
태국,기타,2025,1,1,봄,1648
중국,관광,2025,2,1,봄,10115
중국,상용,2025,2,1,봄,7615
중국,공용,2025,2,1,봄,5101
중국,기타,2025,2,1,봄,5115
일본,관광,2025,2,1,봄,6836
일본,상용,2025,2,1,봄,5186
일본,공용,2025,2,1,봄,3475
일본,기타,2025,2,1,봄,3324
미국,관광,2025,2,1,봄,5118
미국,상용,2025,2,1,봄,3948
미국,공용,2025,2,1,봄,2550
미국,기타,2025,2,1,봄,2568
베트남,관광,2025,2,1,봄,3362
베트남,상용,2025,2,1,봄,2581
베트남,공용,2025,2,1,봄,1742
베트남,기타,2025,2,1,봄,1793
태국,관광,2025,2,1,봄,3315
태국,상용,2025,2,1,봄,2466
태국,공용,2025,2,1,봄,1703
태국,기타,2025,2,1,봄,1621
중국,관광,2025,3,1,봄,12627
중국,상용,2025,3,1,봄,9607
중국,공용,2025,3,1,봄,6289
중국,기타,2025,3,1,봄,6180
일본,관광,2025,3,1,봄,8367
일본,상용,2025,3,1,봄,6274
일본,공용,2025,3,1,봄,4202
일본,기타,2025,3,1,봄,4062
미국,관광,2025,3,1,봄,6382
미국,상용,2025,3,1,봄,4808
미국,공용,2025,3,1,봄,3212
미국,기타,2025,3,1,봄,3168
베트남,관광,2025,3,1,봄,4075
베트남,상용,2025,3,1,봄,3076
베트남,공용,2025,3,1,봄,2102
베트남,기타,2025,3,1,봄,2142
태국,관광,2025,3,1,봄,4220
태국,상용,2025,3,1,봄,3146
태국,공용,2025,3,1,봄,2152
태국,기타,2025,3,1,봄,2057
중국,관광,2025,4,2,여름,13341
중국,상용,2025,4,2,여름,9754
중국,공용,2025,4,2,여름,6625
중국,기타,2025,4,2,여름,6652
일본,관광,2025,4,2,여름,8752
일본,상용,2025,4,2,여름,6662
일본,공용,2025,4,2,여름,4473
일본,기타,2025,4,2,여름,4414
미국,관광,2025,4,2,여름,6702
미국,상용,2025,4,2,여름,4886
미국,공용,2025,4,2,여름,3289
미국,기타,2025,4,2,여름,3389
베트남,관광,2025,4,2,여름,4168
베트남,상용,2025,4,2,여름,3320
베트남,공용,2025,4,2,여름,2174
베트남,기타,2025,4,2,여름,2178
태국,관광,2025,4,2,여름,4329
태국,상용,2025,4,2,여름,3251
태국,공용,2025,4,2,여름,2262
태국,기타,2025,4,2,여름,2187
중국,관광,2025,5,2,여름,12018
중국,상용,2025,5,2,여름,8948
중국,공용,2025,5,2,여름,5997
중국,기타,2025,5,2,여름,6112
일본,관광,2025,5,2,여름,7894
일본,상용,2025,5,2,여름,6035
일본,공용,2025,5,2,여름,3980
일본,기타,2025,5,2,여름,3951
미국,관광,2025,5,2,여름,6056
미국,상용,2025,5,2,여름,4633
미국,공용,2025,5,2,여름,2993
미국,기타,2025,5,2,여름,3031
베트남,관광,2025,5,2,여름,4085
베트남,상용,2025,5,2,여름,2967
베트남,공용,2025,5,2,여름,1879
베트남,기타,2025,5,2,여름,2058
태국,관광,2025,5,2,여름,4029
태국,상용,2025,5,2,여름,3064
태국,공용,2025,5,2,여름,2058
태국,기타,2025,5,2,여름,2081
