국적,목적,연도,월,분기,계절,코로나기간,시계열순서,입국자수,입국자수_1개월전,입국자수_3개월전,입국자수_12개월전,입국자수_3개월평균,입국자수_12개월평균,전년동월대비증감률,연월,계절_코드,월_sin,월_cos,분기_sin,분기_cos,연도_정규화,선형트렌드,제곱트렌드,입국자수_6개월전,입국자수_24개월전,증감률_1개월,증감률_3개월,증감률_12개월,국적_빈도,국적_로그빈도,목적_빈도,국적_평균입국자수,목적_평균입국자수,국적_인코딩,목적_인코딩,계절_인코딩,국적목적_조합,국적목적_빈도,계절목적_조합,월국적_상호작용,연도국적_상호작용,국적_평균,국적_표준편차,국적_최소,국적_최대,국적_중앙값,목적_평균,목적_표준편차,목적_최소,목적_최대,계절_평균,계절_표준편차,앙상블예측,RandomForest_예측,XGBoost_예측,GradientBoosting_예측,Ridge_예측,Lasso_예측
중국,공용,2026,1,1,겨울,0,253,56.25,53.4375,50.625,37.25,124.49999999999999,150.95833333333331,0.1,202601,4,0.49999999999999994,0.8660254037844387,1.0,6.123233995736766e-17,,253,64009,,,0.05166475315729047,0.1089588377723971,0.49673202614379086,48,3.8918202981106265,180,46212.04861111112,273.81898148148144,44,0,1,중국_공용,12,겨울_공용,48,97248,46212.04861111112,72909.78306073407,56.25,205420.25,3584.458333333333,273.81898148148144,671.2705769271112,1.25,3532.0,9669.583333333334,26784.037687371412,148,86,125,108,6222,3064
중국,관광,2026,1,1,겨울,0,253,139181.5,132222.425,125263.35,61872.75,121039.5,116173.97916666667,0.1,202601,4,0.49999999999999994,0.8660254037844387,1.0,6.123233995736766e-17,,253,64009,,,0.05263118089703101,0.11111022409807733,1.249459585042122,48,3.8918202981106265,180,46212.04861111112,44945.81712962963,44,1,1,중국_관광,12,겨울_관광,48,97248,46212.04861111112,72909.78306073407,56.25,205420.25,3584.458333333333,44945.81712962963,54906.56830808382,3273.0,224785.0,9669.583333333334,26784.037687371412,133062,131438,144164,137773,108302,101841
중국,상용,2026,1,1,겨울,0,253,1511.5,1435.925,1360.3500000000001,957.75,1816.5,1779.6875,0.1,202601,4,0.49999999999999994,0.8660254037844387,1.0,6.123233995736766e-17,,253,64009,,,0.05259495102388785,0.11102949278289921,0.5775749674054759,48,3.8918202981106265,180,46212.04861111112,373.4101851851852,44,2,1,중국_상용,12,겨울_상용,48,97248,46212.04861111112,72909.78306073407,56.25,205420.25,3584.458333333333,373.4101851851852,624.3789467077137,24.75,2828.6666666666665,9669.583333333334,26784.037687371412,1658,1567,1727,1691,7996,4830
중국,유학연수,2026,1,1,겨울,0,253,4340.25,4123.2375,3906.225,2597.5,5831.5,10137.437499999998,0.1,202601,4,0.49999999999999994,0.8660254037844387,1.0,6.123233995736766e-17,,253,64009,,,0.05261881741776506,0.11108267376462838,0.6706753896478738,48,3.8918202981106265,180,46212.04861111112,1424.4648148148149,44,3,1,중국_유학연수,12,겨울_유학연수,48,97248,46212.04861111112,72909.78306073407,56.25,205420.25,3584.458333333333,1424.4648148148149,4236.256416933347,8.75,33336.0,9669.583333333334,26784.037687371412,5185,5121,4889,5259,11578,8367
일본,공용,2026,1,1,겨울,0,253,97.0,92.14999999999999,87.3,61.0,172.41666666666666,110.56249999999999,0.1,202601,4,0.49999999999999994,0.8660254037844387,1.0,6.123233995736766e-17,,253,64009,,,0.052066559312936224,0.10985277463193661,0.5806451612903226,48,3.8918202981106265,180,43674.144097222226,273.81898148148144,43,0,1,일본_공용,12,겨울_공용,48,97248,43674.144097222226,77578.9924823001,82.75,224785.0,1031.25,273.81898148148144,671.2705769271112,1.25,3532.0,9669.583333333334,26784.037687371412,186,126,153,142,6346,3026
일본,관광,2026,1,1,겨울,0,253,91966.5,87368.175,82769.85,49899.5,129409.74999999999,121731.47916666666,0.1,202601,4,0.49999999999999994,0.8660254037844387,1.0,6.123233995736766e-17,,253,64009,,,0.05263097654292829,0.11110976871688516,0.8430176050340177,48,3.8918202981106265,180,43674.144097222226,44945.81712962963,43,1,1,일본_관광,12,겨울_관광,48,97248,43674.144097222226,77578.9924823001,82.75,224785.0,1031.25,44945.81712962963,54906.56830808382,3273.0,224785.0,9669.583333333334,26784.037687371412,132006,130770,129975,137106,156548,152309
일본,상용,2026,1,1,겨울,0,253,1259.25,1196.2875,1133.325,968.75,1010.5833333333334,971.75,0.1,202601,4,0.49999999999999994,0.8660254037844387,1.0,6.123233995736766e-17,,253,64009,,,0.05258761993255596,0.11101315760474287,0.29956174271719516,48,3.8918202981106265,180,43674.144097222226,373.4101851851852,43,2,1,일본_상용,12,겨울_상용,48,97248,43674.144097222226,77578.9924823001,82.75,224785.0,1031.25,373.4101851851852,624.3789467077137,24.75,2828.6666666666665,9669.583333333334,26784.037687371412,1223,1211,1017,1067,6919,3568
일본,유학연수,2026,1,1,겨울,0,253,889.5,845.025,800.5500000000001,612.75,704.9166666666667,909.6458333333333,0.1,202601,4,0.49999999999999994,0.8660254037844387,1.0,6.123233995736766e-17,,253,64009,,,0.05256936851747883,0.1109724907990767,0.4509164969450102,48,3.8918202981106265,180,43674.144097222226,1424.4648148148149,43,3,1,일본_유학연수,12,겨울_유학연수,48,97248,43674.144097222226,77578.9924823001,82.75,224785.0,1031.25,1424.4648148148149,4236.256416933347,8.75,33336.0,9669.583333333334,26784.037687371412,863,839,737,720,6658,3273
대만,공용,2026,1,1,겨울,0,253,14.25,13.5375,12.825000000000001,9.25,9.666666666666668,7.520833333333334,0.1,202601,4,0.49999999999999994,0.8660254037844387,1.0,6.123233995736766e-17,,253,64009,,,0.049011177987962194,0.10307414104882451,0.4878048780487805,48,3.8918202981106265,180,19442.779513888887,273.81898148148144,5,0,1,대만_공용,12,겨울_공용,48,97248,19442.779513888887,33871.209868563164,5.0,85999.0,171.83333333333331,273.81898148148144,671.2705769271112,1.25,3532.0,9669.583333333334,26784.037687371412,64,14,10,10,5728,2707
대만,관광,2026,1,1,겨울,0,253,68918.0,65472.1,62026.200000000004,35317.0,60169.75,54321.20833333333,0.1,202601,4,0.49999999999999994,0.8660254037844387,1.0,6.123233995736766e-17,,253,64009,,,0.05263077508167479,0.11110931978228898,0.951384563112294,48,3.8918202981106265,180,19442.779513888887,44945.81712962963,5,1,1,대만_관광,12,겨울_관광,48,97248,19442.779513888887,33871.209868563164,5.0,85999.0,171.83333333333331,44945.81712962963,54906.56830808382,3273.0,224785.0,9669.583333333334,26784.037687371412,70587,69516,89310,68097,59183,53410
대만,상용,2026,1,1,겨울,0,253,87.5,83.125,78.75,74.25,103.33333333333333,120.77083333333333,0.1,202601,4,0.49999999999999994,0.8660254037844387,1.0,6.123233995736766e-17,,253,64009,,,0.05200594353640416,0.109717868338558,0.1760797342192691,48,3.8918202981106265,180,19442.779513888887,373.4101851851852,5,2,1,대만_상용,12,겨울_상용,48,97248,19442.779513888887,33871.209868563164,5.0,85999.0,171.83333333333331,373.4101851851852,624.3789467077137,24.75,2828.6666666666665,9669.583333333334,26784.037687371412,146,94,99,95,5835,2800
대만,유학연수,2026,1,1,겨울,0,253,190.0,180.5,171.0,142.5,205.33333333333331,270.16666666666663,0.1,202601,4,0.49999999999999994,0.8660254037844387,1.0,6.123233995736766e-17,,253,64009,,,0.05234159779614325,0.11046511627906977,0.3310104529616725,48,3.8918202981106265,180,19442.779513888887,1424.4648148148149,5,3,1,대만_유학연수,12,겨울_유학연수,48,97248,19442.779513888887,33871.209868563164,5.0,85999.0,171.83333333333331,1424.4648148148149,4236.256416933347,8.75,33336.0,9669.583333333334,26784.037687371412,247,194,201,200,5963,2893
미국,공용,2026,1,1,겨울,0,253,2750.75,2613.2125,2475.675,1999.75,2600.5,2331.270833333333,0.1,202601,4,0.49999999999999994,0.8660254037844387,1.0,6.123233995736766e-17,,253,64009,,,0.05261144608558023,0.1110662480947237,0.37535924028489315,48,3.8918202981106265,180,17662.763888888887,273.81898148148144,14,0,1,미국_공용,12,겨울_공용,48,97248,17662.763888888887,30507.139956446303,106.33333333333333,91502.0,1885.7083333333335,273.81898148148144,671.2705769271112,1.25,3532.0,9669.583333333334,26784.037687371412,2759,2707,2624,2754,8630,5205
미국,관광,2026,1,1,겨울,0,253,31070.0,29516.5,27963.0,18995.0,43735.166666666664,49749.3125,0.1,202601,4,0.49999999999999994,0.8660254037844387,1.0,6.123233995736766e-17,,253,64009,,,0.05262979588379775,0.11110713774853383,0.6356601389766267,48,3.8918202981106265,180,17662.763888888887,44945.81712962963,14,1,1,미국_관광,12,겨울_관광,48,97248,17662.763888888887,30507.139956446303,106.33333333333333,91502.0,1885.7083333333335,44945.81712962963,54906.56830808382,3273.0,224785.0,9669.583333333334,26784.037687371412,43510,43659,43345,42055,56960,51588
미국,상용,2026,1,1,겨울,0,253,283.0,268.84999999999997,254.70000000000002,229.25,217.58333333333334,191.3125,0.1,202601,4,0.49999999999999994,0.8660254037844387,1.0,6.123233995736766e-17,,253,64009,,,0.05243653881786191,0.11067657411028542,0.23344191096634093,48,3.8918202981106265,180,17662.763888888887,373.4101851851852,14,2,1,미국_상용,12,겨울_상용,48,97248,17662.763888888887,30507.139956446303,106.33333333333333,91502.0,1885.7083333333335,373.4101851851852,624.3789467077137,24.75,2828.6666666666665,9669.583333333334,26784.037687371412,297,252,225,213,6410,2975
미국,유학연수,2026,1,1,겨울,0,253,224.5,213.27499999999998,202.05,169.25,312.41666666666663,419.83333333333326,0.1,202601,4,0.49999999999999994,0.8660254037844387,1.0,6.123233995736766e-17,,253,64009,,,0.052385952630964995,0.11056390051711396,0.3245227606461087,48,3.8918202981106265,180,17662.763888888887,1424.4648148148149,14,3,1,미국_유학연수,12,겨울_유학연수,48,97248,17662.763888888887,30507.139956446303,106.33333333333333,91502.0,1885.7083333333335,1424.4648148148149,4236.256416933347,8.75,33336.0,9669.583333333334,26784.037687371412,328,255,331,324,6615,3150
홍콩,공용,2026,1,1,겨울,0,253,1.25,1.1875,1.125,0.5,2.0,1.5416666666666667,0.1,202601,4,0.49999999999999994,0.8660254037844387,1.0,6.123233995736766e-17,,253,64009,,,0.02857142857142857,0.058823529411764705,0.5,48,3.8918202981106265,180,7774.140625,273.81898148148144,60,0,1,홍콩_공용,12,겨울_공용,48,97248,7774.140625,13803.683275345851,1.25,42363.0,70.16666666666666,273.81898148148144,671.2705769271112,1.25,3532.0,9669.583333333334,26784.037687371412,52,1,4,6,5695,2681
홍콩,관광,2026,1,1,겨울,0,253,23844.75,22652.5125,21460.275,12886.0,26731.083333333332,22171.875,0.1,202601,4,0.49999999999999994,0.8660254037844387,1.0,6.123233995736766e-17,,253,64009,,,0.05262925561764425,0.1111059338273238,0.8503724683789866,48,3.8918202981106265,180,7774.140625,44945.81712962963,60,1,1,홍콩_관광,12,겨울_관광,48,97248,7774.140625,13803.683275345851,1.25,42363.0,70.16666666666666,44945.81712962963,54906.56830808382,3273.0,224785.0,9669.583333333334,26784.037687371412,25167,24901,27756,24588,36166,30944
홍콩,상용,2026,1,1,겨울,0,253,34.25,32.5375,30.825,30.0,41.833333333333336,42.3125,0.1,202601,4,0.49999999999999994,0.8660254037844387,1.0,6.123233995736766e-17,,253,64009,,,0.0510622437569884,0.10761979575805188,0.13709677419354838,48,3.8918202981106265,180,7774.140625,373.4101851851852,60,2,1,홍콩_상용,12,겨울_상용,48,97248,7774.140625,13803.683275345851,1.25,42363.0,70.16666666666666,373.4101851851852,624.3789467077137,24.75,2828.6666666666665,9669.583333333334,26784.037687371412,87,36,40,39,5746,2717
홍콩,유학연수,2026,1,1,겨울,0,253,96.0,91.19999999999999,86.4,65.25,105.5,136.58333333333331,0.1,202601,4,0.49999999999999994,0.8660254037844387,1.0,6.123233995736766e-17,,253,64009,,,0.0520607375271151,0.10983981693363837,0.4641509433962264,48,3.8918202981106265,180,7774.140625,1424.4648148148149,60,3,1,홍콩_유학연수,12,겨울_유학연수,48,97248,7774.140625,13803.683275345851,1.25,42363.0,70.16666666666666,1424.4648148148149,4236.256416933347,8.75,33336.0,9669.583333333334,26784.037687371412,154,103,106,102,5847,2784
태국,공용,2026,1,1,겨울,0,253,75.5,71.725,67.95,48.25,125.16666666666666,198.3125,0.1,202601,4,0.49999999999999994,0.8660254037844387,1.0,6.123233995736766e-17,,253,64009,,,0.05190787212100386,0.1094996374184191,0.5532994923857868,48,3.8918202981106265,180,5410.644097222222,273.81898148148144,52,0,1,태국_공용,12,겨울_공용,48,97248,5410.644097222222,10043.429966232909,50.666666666666664,36286.333333333336,176.875,273.81898148148144,671.2705769271112,1.25,3532.0,9669.583333333334,26784.037687371412,153,95,142,109,6056,2835
태국,관광,2026,1,1,겨울,0,253,13337.25,12670.387499999999,12003.525,9642.5,18715.833333333336,15998.375,0.1,202601,4,0.49999999999999994,0.8660254037844387,1.0,6.123233995736766e-17,,253,64009,,,0.05262742537074185,0.11110185534204814,0.3831337170114585,48,3.8918202981106265,180,5410.644097222222,44945.81712962963,52,1,1,태국_관광,12,겨울_관광,48,97248,5410.644097222222,10043.429966232909,50.666666666666664,36286.333333333336,176.875,44945.81712962963,54906.56830808382,3273.0,224785.0,9669.583333333334,26784.037687371412,16687,16525,15360,17220,30442,25115
태국,상용,2026,1,1,겨울,0,253,55.25,52.4875,49.725,38.75,61.91666666666667,58.979166666666664,0.1,202601,4,0.49999999999999994,0.8660254037844387,1.0,6.123233995736766e-17,,253,64009,,,0.05164758121056327,0.10892065056678163,0.41509433962264153,48,3.8918202981106265,180,5410.644097222222,373.4101851851852,52,2,1,태국_상용,12,겨울_상용,48,97248,5410.644097222222,10043.429966232909,50.666666666666664,36286.333333333336,176.875,373.4101851851852,624.3789467077137,24.75,2828.6666666666665,9669.583333333334,26784.037687371412,112,58,68,64,5999,2761
태국,유학연수,2026,1,1,겨울,0,253,114.75,109.01249999999999,103.275,75.0,109.75,133.22916666666666,0.1,202601,4,0.49999999999999994,0.8660254037844387,1.0,6.123233995736766e-17,,253,64009,,,0.05215316441313498,0.11004555262526966,0.5230263157894737,48,3.8918202981106265,180,5410.644097222222,1424.4648148148149,52,3,1,태국_유학연수,12,겨울_유학연수,48,97248,5410.644097222222,10043.429966232909,50.666666666666664,36286.333333333336,176.875,1424.4648148148149,4236.256416933347,8.75,33336.0,9669.583333333334,26784.037687371412,167,117,106,108,6072,2800
말레이시아,공용,2026,1,1,겨울,0,253,10.25,9.737499999999999,9.225,6.25,10.416666666666664,7.958333333333334,0.1,202601,4,0.49999999999999994,0.8660254037844387,1.0,6.123233995736766e-17,,253,64009,,,0.04772991850989533,0.10024449877750614,0.5517241379310345,48,3.8918202981106265,180,4232.541666666667,273.81898148148144,11,0,1,말레이시아_공용,12,겨울_공용,48,97248,4232.541666666667,7878.866471116315,5.25,26265.333333333332,82.66666666666666,273.81898148148144,671.2705769271112,1.25,3532.0,9669.583333333334,26784.037687371412,63,12,10,10,5728,2694
말레이시아,관광,2026,1,1,겨울,0,253,11801.25,11211.1875,10621.125,5971.5,16202.333333333332,12217.791666666664,0.1,202601,4,0.49999999999999994,0.8660254037844387,1.0,6.123233995736766e-17,,253,64009,,,0.052626884807268876,0.11110065076432446,0.976098786102972,48,3.8918202981106265,180,4232.541666666667,44945.81712962963,11,1,1,말레이시아_관광,12,겨울_관광,48,97248,4232.541666666667,7878.866471116315,5.25,26265.333333333332,82.66666666666666,44945.81712962963,54906.56830808382,3273.0,224785.0,9669.583333333334,26784.037687371412,14603,14607,13947,14112,27344,22179
말레이시아,상용,2026,1,1,겨울,0,253,67.5,64.125,60.75,45.5,75.16666666666666,65.04166666666666,0.1,202601,4,0.49999999999999994,0.8660254037844387,1.0,6.123233995736766e-17,,253,64009,,,0.05182341650671785,0.10931174089068826,0.4731182795698925,48,3.8918202981106265,180,4232.541666666667,373.4101851851852,11,2,1,말레이시아_상용,12,겨울_상용,48,97248,4232.541666666667,7878.866471116315,5.25,26265.333333333332,82.66666666666666,373.4101851851852,624.3789467077137,24.75,2828.6666666666665,9669.583333333334,26784.037687371412,122,70,81,71,5810,2761
말레이시아,유학연수,2026,1,1,겨울,0,253,118.25,112.33749999999999,106.425,80.0,74.91666666666666,140.0,0.1,202601,4,0.49999999999999994,0.8660254037844387,1.0,6.123233995736766e-17,,253,64009,,,0.052167199735303926,0.11007679776588321,0.4722222222222222,48,3.8918202981106265,180,4232.541666666667,1424.4648148148149,11,3,1,말레이시아_유학연수,12,겨울_유학연수,48,97248,4232.541666666667,7878.866471116315,5.25,26265.333333333332,82.66666666666666,1424.4648148148149,4236.256416933347,8.75,33336.0,9669.583333333334,26784.037687371412,145,97,89,86,5798,2712
싱가포르,공용,2026,1,1,겨울,0,253,6.25,5.9375,5.625,5.5,9.5,10.145833333333334,0.1,202601,4,0.49999999999999994,0.8660254037844387,1.0,6.123233995736766e-17,,253,64009,,,0.04504504504504504,0.09433962264150944,0.11538461538461539,48,3.8918202981106265,180,6122.14236111111,273.81898148148144,28,0,1,싱가포르_공용,12,겨울_공용,48,97248,6122.14236111111,12378.40829217557,6.25,54384.333333333336,146.91666666666669,273.81898148148144,671.2705769271112,1.25,3532.0,9669.583333333334,26784.037687371412,60,9,8,10,5731,2694
싱가포르,관광,2026,1,1,겨울,0,253,10223.0,9711.85,9200.7,6219.0,27090.333333333332,17802.5,0.1,202601,4,0.49999999999999994,0.8660254037844387,1.0,6.123233995736766e-17,,253,64009,,,0.05262616018985155,0.11109903604768676,0.6437299035369775,48,3.8918202981106265,180,6122.14236111111,44945.81712962963,28,1,1,싱가포르_관광,12,겨울_관광,48,97248,6122.14236111111,12378.40829217557,6.25,54384.333333333336,146.91666666666669,44945.81712962963,54906.56830808382,3273.0,224785.0,9669.583333333334,26784.037687371412,23458,23575,23510,21220,47462,42862
싱가포르,상용,2026,1,1,겨울,0,253,120.75,114.71249999999999,108.675,110.0,175.33333333333334,159.0,0.1,202601,4,0.49999999999999994,0.8660254037844387,1.0,6.123233995736766e-17,,253,64009,,,0.05217673112239394,0.11009801686801918,0.09684684684684684,48,3.8918202981106265,180,6122.14236111111,373.4101851851852,28,2,1,싱가포르_상용,12,겨울_상용,48,97248,6122.14236111111,12378.40829217557,6.25,54384.333333333336,146.91666666666669,373.4101851851852,624.3789467077137,24.75,2828.6666666666665,9669.583333333334,26784.037687371412,205,146,177,174,5944,2892
싱가포르,유학연수,2026,1,1,겨울,0,253,26.5,25.174999999999997,23.85,18.25,30.583333333333332,51.58333333333333,0.1,202601,4,0.49999999999999994,0.8660254037844387,1.0,6.123233995736766e-17,,253,64009,,,0.050620821394460475,0.10663983903420517,0.42857142857142855,48,3.8918202981106265,180,6122.14236111111,1424.4648148148149,28,3,1,싱가포르_유학연수,12,겨울_유학연수,48,97248,6122.14236111111,12378.40829217557,6.25,54384.333333333336,146.91666666666669,1424.4648148148149,4236.256416933347,8.75,33336.0,9669.583333333334,26784.037687371412,80,27,37,30,5812,2723
베트남,공용,2026,1,1,겨울,0,253,24.25,23.037499999999998,21.825,16.5,167.08333333333331,163.70833333333334,0.1,202601,4,0.49999999999999994,0.8660254037844387,1.0,6.123233995736766e-17,,253,64009,,,0.05044201768070732,0.10624315443592555,0.44285714285714284,48,3.8918202981106265,180,5660.895833333333,273.81898148148144,19,0,1,베트남_공용,12,겨울_공용,48,97248,5660.895833333333,7838.108668163646,24.25,29351.0,973.0,273.81898148148144,671.2705769271112,1.25,3532.0,9669.583333333334,26784.037687371412,176,116,160,135,6082,2992
베트남,관광,2026,1,1,겨울,0,253,8316.5,7900.674999999999,7484.85,5141.25,12409.583333333334,13043.770833333332,0.1,202601,4,0.49999999999999994,0.8660254037844387,1.0,6.123233995736766e-17,,253,64009,,,0.05262491813444627,0.11109626829284579,0.6174826194759103,48,3.8918202981106265,180,5660.895833333333,44945.81712962963,19,1,1,베트남_관광,12,겨울_관광,48,97248,5660.895833333333,7838.108668163646,24.25,29351.0,973.0,44945.81712962963,54906.56830808382,3273.0,224785.0,9669.583333333334,26784.037687371412,10830,10857,9388,10664,22713,17426
베트남,상용,2026,1,1,겨울,0,253,195.75,185.96249999999998,176.175,160.0,302.1666666666667,321.6875,0.1,202601,4,0.49999999999999994,0.8660254037844387,1.0,6.123233995736766e-17,,253,64009,,,0.052350070201243694,0.11048398476082961,0.2220496894409938,48,3.8918202981106265,180,5660.895833333333,373.4101851851852,19,2,1,베트남_상용,12,겨울_상용,48,97248,5660.895833333333,7838.108668163646,24.25,29351.0,973.0,373.4101851851852,624.3789467077137,24.75,2828.6666666666665,9669.583333333334,26784.037687371412,328,266,287,312,6191,3084
베트남,유학연수,2026,1,1,겨울,0,253,2372.75,2254.1124999999997,2135.475,1956.25,2850.4166666666665,3320.8958333333335,0.1,202601,4,0.49999999999999994,0.8660254037844387,1.0,6.123233995736766e-17,,253,64009,,,0.052608240165402075,0.1110591043658363,0.21279856942138203,48,3.8918202981106265,180,5660.895833333333,1424.4648148148149,19,3,1,베트남_유학연수,12,겨울_유학연수,48,97248,5660.895833333333,7838.108668163646,24.25,29351.0,973.0,1424.4648148148149,4236.256416933347,8.75,33336.0,9669.583333333334,26784.037687371412,2882,2824,2781,2876,8787,5652
필리핀,공용,2026,1,1,겨울,0,253,133.75,127.0625,120.375,88.0,141.25,121.70833333333331,0.1,202601,4,0.49999999999999994,0.8660254037844387,1.0,6.123233995736766e-17,,253,64009,,,0.05222059541239629,0.1101956745623069,0.5140449438202247,48,3.8918202981106265,180,4438.402777777778,273.81898148148144,59,0,1,필리핀_공용,12,겨울_공용,48,97248,4438.402777777778,7934.530390261756,50.5,26180.333333333332,262.5,273.81898148148144,671.2705769271112,1.25,3532.0,9669.583333333334,26784.037687371412,191,140,131,137,6061,2842
필리핀,관광,2026,1,1,겨울,0,253,11005.0,10454.75,9904.5,6307.25,16555.666666666664,12675.270833333332,0.1,202601,4,0.49999999999999994,0.8660254037844387,1.0,6.123233995736766e-17,,253,64009,,,0.05262654520240059,0.11109989399828378,0.7446994015772995,48,3.8918202981106265,180,4438.402777777778,44945.81712962963,59,1,1,필리핀_관광,12,겨울_관광,48,97248,4438.402777777778,7934.530390261756,50.5,26180.333333333332,262.5,44945.81712962963,54906.56830808382,3273.0,224785.0,9669.583333333334,26784.037687371412,14730,14853,13278,13954,28700,23398
필리핀,상용,2026,1,1,겨울,0,253,273.5,259.825,246.15,171.5,287.3333333333333,282.72916666666663,0.1,202601,4,0.49999999999999994,0.8660254037844387,1.0,6.123233995736766e-17,,253,64009,,,0.052429790089140275,0.11066154157394292,0.591304347826087,48,3.8918202981106265,180,4438.402777777778,373.4101851851852,59,2,1,필리핀_상용,12,겨울_상용,48,97248,4438.402777777778,7934.530390261756,50.5,26180.333333333332,262.5,373.4101851851852,624.3789467077137,24.75,2828.6666666666665,9669.583333333334,26784.037687371412,332,277,289,286,6216,2981
필리핀,유학연수,2026,1,1,겨울,0,253,150.0,142.5,135.0,104.25,81.08333333333334,85.14583333333333,0.1,202601,4,0.49999999999999994,0.8660254037844387,1.0,6.123233995736766e-17,,253,64009,,,0.05226480836236934,0.11029411764705882,0.4346793349168646,48,3.8918202981106265,180,4438.402777777778,1424.4648148148149,59,3,1,필리핀_유학연수,12,겨울_유학연수,48,97248,4438.402777777778,7934.530390261756,50.5,26180.333333333332,262.5,1424.4648148148149,4236.256416933347,8.75,33336.0,9669.583333333334,26784.037687371412,157,109,85,98,6002,2731
대양주,공용,2026,1,1,겨울,0,253,31.0,29.45,27.900000000000002,23.5,32.33333333333333,44.4375,0.1,202601,4,0.49999999999999994,0.8660254037844387,1.0,6.123233995736766e-17,,253,64009,,,0.05090311986863713,0.10726643598615909,0.30612244897959184,48,3.8918202981106265,180,4086.9861111111113,273.81898148148144,6,0,1,대양주_공용,12,겨울_공용,48,97248,4086.9861111111113,7438.677602550389,9.75,24126.0,78.625,273.81898148148144,671.2705769271112,1.25,3532.0,9669.583333333334,26784.037687371412,83,31,30,33,5760,2708
대양주,관광,2026,1,1,겨울,0,253,12876.5,12232.675,11588.85,7841.75,14764.416666666664,11686.354166666664,0.1,202601,4,0.49999999999999994,0.8660254037844387,1.0,6.123233995736766e-17,,253,64009,,,0.0526272767586192,0.11110152417848372,0.6419623218896433,48,3.8918202981106265,180,4086.9861111111113,44945.81712962963,6,1,1,대양주_관광,12,겨울_관광,48,97248,4086.9861111111113,7438.677602550389,9.75,24126.0,78.625,44945.81712962963,54906.56830808382,3273.0,224785.0,9669.583333333334,26784.037687371412,13874,13993,12383,13415,24143,18848
대양주,상용,2026,1,1,겨울,0,253,78.25,74.33749999999999,70.425,62.75,72.0,68.8125,0.1,202601,4,0.49999999999999994,0.8660254037844387,1.0,6.123233995736766e-17,,253,64009,,,0.051932968309275046,0.10955547777388874,0.24313725490196078,48,3.8918202981106265,180,4086.9861111111113,373.4101851851852,6,2,1,대양주_상용,12,겨울_상용,48,97248,4086.9861111111113,7438.677602550389,9.75,24126.0,78.625,373.4101851851852,624.3789467077137,24.75,2828.6666666666665,9669.583333333334,26784.037687371412,126,76,73,72,5811,2744
대양주,유학연수,2026,1,1,겨울,0,253,25.25,23.987499999999997,22.725,20.25,26.833333333333336,28.875,0.1,202601,4,0.49999999999999994,0.8660254037844387,1.0,6.123233995736766e-17,,253,64009,,,0.05052526263131578,0.10642781875658582,0.23529411764705882,48,3.8918202981106265,180,4086.9861111111113,1424.4648148148149,6,3,1,대양주_유학연수,12,겨울_유학연수,48,97248,4086.9861111111113,7438.677602550389,9.75,24126.0,78.625,1424.4648148148149,4236.256416933347,8.75,33336.0,9669.583333333334,26784.037687371412,77,26,25,27,5813,2712
오스트레일리아,공용,2026,1,1,겨울,0,253,22.5,21.375,20.25,16.25,24.5,34.104166666666664,0.1,202601,4,0.49999999999999994,0.8660254037844387,1.0,6.123233995736766e-17,,253,64009,,,0.05027932960893855,0.10588235294117647,0.36231884057971014,48,3.8918202981106265,180,3468.059027777778,273.81898148148144,32,0,1,오스트레일리아_공용,12,겨울_공용,48,97248,3468.059027777778,6322.503515646785,8.75,20359.666666666668,61.58333333333333,273.81898148148144,671.2705769271112,1.25,3532.0,9669.583333333334,26784.037687371412,74,23,26,23,5746,2698
오스트레일리아,관광,2026,1,1,겨울,0,253,11077.75,10523.8625,9969.975,6696.75,12529.749999999998,9908.75,0.1,202601,4,0.49999999999999994,0.8660254037844387,1.0,6.123233995736766e-17,,253,64009,,,0.052626578256960675,0.11109996765612186,0.654100257549177,48,3.8918202981106265,180,3468.059027777778,44945.81712962963,32,1,1,오스트레일리아_관광,12,겨울_관광,48,97248,3468.059027777778,6322.503515646785,8.75,20359.666666666668,61.58333333333333,44945.81712962963,54906.56830808382,3273.0,224785.0,9669.583333333334,26784.037687371412,11813,11731,11314,11886,21642,16331
오스트레일리아,상용,2026,1,1,겨울,0,253,64.0,60.8,57.6,51.75,58.416666666666664,55.229166666666664,0.1,202601,4,0.49999999999999994,0.8660254037844387,1.0,6.123233995736766e-17,,253,64009,,,0.05177993527508096,0.10921501706484639,0.23222748815165878,48,3.8918202981106265,180,3468.059027777778,373.4101851851852,32,2,1,오스트레일리아_상용,12,겨울_상용,48,97248,3468.059027777778,6322.503515646785,8.75,20359.666666666668,61.58333333333333,373.4101851851852,624.3789467077137,24.75,2828.6666666666665,9669.583333333334,26784.037687371412,114,64,69,56,5789,2726
오스트레일리아,유학연수,2026,1,1,겨울,0,253,20.75,19.7125,18.675,15.5,23.333333333333336,23.812499999999996,0.1,202601,4,0.49999999999999994,0.8660254037844387,1.0,6.123233995736766e-17,,253,64009,,,0.050090525045262596,0.10546378653113084,0.3181818181818182,48,3.8918202981106265,180,3468.059027777778,1424.4648148148149,32,3,1,오스트레일리아_유학연수,12,겨울_유학연수,48,97248,3468.059027777778,6322.503515646785,8.75,20359.666666666668,61.58333333333333,1424.4648148148149,4236.256416933347,8.75,33336.0,9669.583333333334,26784.037687371412,74,22,24,23,5804,2707
러시아(연방),공용,2026,1,1,겨울,0,253,14.25,13.5375,12.825000000000001,12.75,14.5,11.458333333333332,0.1,202601,4,0.49999999999999994,0.8660254037844387,1.0,6.123233995736766e-17,,253,64009,,,0.049011177987962194,0.10307414104882451,0.10909090909090909,48,3.8918202981106265,180,1874.1996527777776,273.81898148148144,9,0,1,러시아(연방)_공용,12,겨울_공용,48,97248,1874.1996527777776,3250.0297276663496,5.0,10342.25,94.875,273.81898148148144,671.2705769271112,1.25,3532.0,9669.583333333334,26784.037687371412,67,16,15,14,5718,2686
러시아(연방),관광,2026,1,1,겨울,0,253,3855.25,3662.4874999999997,3469.725,2513.75,4446.166666666666,5073.520833333333,0.1,202601,4,0.49999999999999994,0.8660254037844387,1.0,6.123233995736766e-17,,253,64009,,,0.05261721242395403,0.1110790973067587,0.5334526294860324,48,3.8918202981106265,180,1874.1996527777776,44945.81712962963,9,1,1,러시아(연방)_관광,12,겨울_관광,48,97248,1874.1996527777776,3250.0297276663496,5.0,10342.25,94.875,44945.81712962963,54906.56830808382,3273.0,224785.0,9669.583333333334,26784.037687371412,4231,4176,4063,4126,12762,7406
러시아(연방),상용,2026,1,1,겨울,0,253,103.25,98.08749999999999,92.925,83.25,90.24999999999999,79.10416666666667,0.1,202601,4,0.49999999999999994,0.8660254037844387,1.0,6.123233995736766e-17,,253,64009,,,0.052100416298725964,0.10992813414958746,0.23738872403560832,48,3.8918202981106265,180,1874.1996527777776,373.4101851851852,9,2,1,러시아(연방)_상용,12,겨울_상용,48,97248,1874.1996527777776,3250.0297276663496,5.0,10342.25,94.875,373.4101851851852,624.3789467077137,24.75,2828.6666666666665,9669.583333333334,26784.037687371412,151,103,92,92,5802,2754
러시아(연방),유학연수,2026,1,1,겨울,0,253,189.25,179.7875,170.32500000000002,118.75,160.25,204.58333333333331,0.1,202601,4,0.49999999999999994,0.8660254037844387,1.0,6.123233995736766e-17,,253,64009,,,0.052340454954020635,0.11046257113672833,0.5887265135699373,48,3.8918202981106265,180,1874.1996527777776,1424.4648148148149,9,3,1,러시아(연방)_유학연수,12,겨울_유학연수,48,97248,1874.1996527777776,3250.0297276663496,5.0,10342.25,94.875,1424.4648148148149,4236.256416933347,8.75,33336.0,9669.583333333334,26784.037687371412,229,182,158,172,5891,2807
캐나다,공용,2026,1,1,겨울,0,253,26.5,25.174999999999997,23.85,20.0,24.5,24.083333333333332,0.1,202601,4,0.49999999999999994,0.8660254037844387,1.0,6.123233995736766e-17,,253,64009,,,0.050620821394460475,0.10663983903420517,0.30952380952380953,48,3.8918202981106265,180,3146.125,273.81898148148144,48,0,1,캐나다_공용,12,겨울_공용,48,97248,3146.125,5707.001325929473,13.5,17405.333333333332,33.16666666666667,273.81898148148144,671.2705769271112,1.25,3532.0,9669.583333333334,26784.037687371412,77,26,24,23,5762,2694
캐나다,관광,2026,1,1,겨울,0,253,6368.5,6050.075,5731.650000000001,3904.25,7991.833333333332,8949.5,0.1,202601,4,0.49999999999999994,0.8660254037844387,1.0,6.123233995736766e-17,,253,64009,,,0.052622881058324376,0.11109172895606734,0.6310095384418412,48,3.8918202981106265,180,3146.125,44945.81712962963,48,1,1,캐나다_관광,12,겨울_관광,48,97248,3146.125,5707.001325929473,13.5,17405.333333333332,33.16666666666667,44945.81712962963,54906.56830808382,3273.0,224785.0,9669.583333333334,26784.037687371412,7226,7077,6657,7675,16726,11367
캐나다,상용,2026,1,1,겨울,0,253,30.75,29.2125,27.675,26.0,30.66666666666667,27.541666666666664,0.1,202601,4,0.49999999999999994,0.8660254037844387,1.0,6.123233995736766e-17,,253,64009,,,0.05088953247827891,0.10723626852659109,0.17592592592592593,48,3.8918202981106265,180,3146.125,373.4101851851852,48,2,1,캐나다_상용,12,겨울_상용,48,97248,3146.125,5707.001325929473,13.5,17405.333333333332,33.16666666666667,373.4101851851852,624.3789467077137,24.75,2828.6666666666665,9669.583333333334,26784.037687371412,82,31,32,30,5783,2700
캐나다,유학연수,2026,1,1,겨울,0,253,37.75,35.8625,33.975,29.0,40.16666666666667,43.708333333333336,0.1,202601,4,0.49999999999999994,0.8660254037844387,1.0,6.123233995736766e-17,,253,64009,,,0.05120379789759248,0.1079342387419585,0.2916666666666667,48,3.8918202981106265,180,3146.125,1424.4648148148149,48,3,1,캐나다_유학연수,12,겨울_유학연수,48,97248,3146.125,5707.001325929473,13.5,17405.333333333332,33.16666666666667,1424.4648148148149,4236.256416933347,8.75,33336.0,9669.583333333334,26784.037687371412,90,38,38,38,5836,2719
인도네시아,공용,2026,1,1,겨울,0,253,60.0,57.0,54.0,49.25,164.83333333333331,168.77083333333331,0.1,202601,4,0.49999999999999994,0.8660254037844387,1.0,6.123233995736766e-17,,253,64009,,,0.05172413793103448,0.10909090909090909,0.21393034825870647,48,3.8918202981106265,180,3109.793402777778,273.81898148148144,42,0,1,인도네시아_공용,12,겨울_공용,48,97248,3109.793402777778,5382.022766140716,60.0,19254.0,207.33333333333334,273.81898148148144,671.2705769271112,1.25,3532.0,9669.583333333334,26784.037687371412,179,119,178,135,6181,2925
인도네시아,관광,2026,1,1,겨울,0,253,9403.75,8933.5625,8463.375,5357.5,11821.749999999998,8854.145833333332,0.1,202601,4,0.49999999999999994,0.8660254037844387,1.0,6.123233995736766e-17,,253,64009,,,0.052625688163242465,0.11109798419847892,0.755108705794532,48,3.8918202981106265,180,3109.793402777778,44945.81712962963,42,1,1,인도네시아_관광,12,겨울_관광,48,97248,3109.793402777778,5382.022766140716,60.0,19254.0,207.33333333333334,44945.81712962963,54906.56830808382,3273.0,224785.0,9669.583333333334,26784.037687371412,10747,10723,9527,10780,21951,16472
인도네시아,상용,2026,1,1,겨울,0,253,80.0,76.0,72.0,43.0,116.0,104.58333333333331,0.1,202601,4,0.49999999999999994,0.8660254037844387,1.0,6.123233995736766e-17,,253,64009,,,0.05194805194805195,0.1095890410958904,0.8409090909090909,48,3.8918202981106265,180,3109.793402777778,373.4101851851852,42,2,1,인도네시아_상용,12,겨울_상용,48,97248,3109.793402777778,5382.022766140716,60.0,19254.0,207.33333333333334,373.4101851851852,624.3789467077137,24.75,2828.6666666666665,9669.583333333334,26784.037687371412,152,97,111,101,6122,2845
인도네시아,유학연수,2026,1,1,겨울,0,253,187.25,177.8875,168.525,147.25,141.5,258.6875,0.1,202601,4,0.49999999999999994,0.8660254037844387,1.0,6.123233995736766e-17,,253,64009,,,0.052337362867724196,0.11045568500221202,0.26981450252951095,48,3.8918202981106265,180,3109.793402777778,1424.4648148148149,42,3,1,인도네시아_유학연수,12,겨울_유학연수,48,97248,3109.793402777778,5382.022766140716,60.0,19254.0,207.33333333333334,1424.4648148148149,4236.256416933347,8.75,33336.0,9669.583333333334,26784.037687371412,223,176,157,153,6088,2775
중국,공용,2026,2,1,겨울,0,254,73.5,69.825,66.15,37.25,87.66666666666667,153.97916666666669,0.1,202602,4,0.8660254037844386,0.5000000000000001,1.0,6.123233995736766e-17,,254,64516,,,0.05188845746558415,0.10945644080416968,0.9477124183006536,48,3.8918202981106265,180,46212.04861111112,273.81898148148144,44,0,1,중국_공용,12,겨울_공용,96,97248,46212.04861111112,72909.78306073407,56.25,205420.25,3584.458333333333,273.81898148148144,671.2705769271112,1.25,3532.0,9669.583333333334,26784.037687371412,134,78,95,80,6142,2969
중국,관광,2026,2,1,겨울,0,254,122646.25,116513.9375,110381.625,64848.25,127005.08333333331,120990.47916666666,0.1,202602,4,0.8660254037844386,0.5000000000000001,1.0,6.123233995736766e-17,,254,64516,,,0.052631127232077,0.11111010451146637,0.8912670539751809,48,3.8918202981106265,180,46212.04861111112,44945.81712962963,44,1,1,중국_관광,12,겨울_관광,96,97248,46212.04861111112,72909.78306073407,56.25,205420.25,3584.458333333333,44945.81712962963,54906.56830808382,3273.0,224785.0,9669.583333333334,26784.037687371412,133926,133503,127360,139434,130622,125122
중국,상용,2026,2,1,겨울,0,254,2014.75,1914.0124999999998,1813.275,1115.5,1773.1666666666665,1854.625,0.1,202602,4,0.8660254037844386,0.5000000000000001,1.0,6.123233995736766e-17,,254,64516,,,0.05260409527352965,0.11104986840473462,0.8054187192118226,48,3.8918202981106265,180,46212.04861111112,373.4101851851852,44,2,1,중국_상용,12,겨울_상용,96,97248,46212.04861111112,72909.78306073407,56.25,205420.25,3584.458333333333,373.4101851851852,624.3789467077137,24.75,2828.6666666666665,9669.583333333334,26784.037687371412,2016,1995,1871,1885,7535,4333
중국,유학연수,2026,2,1,겨울,0,254,26888.75,25544.3125,24199.875,17621.25,12522.166666666668,10909.729166666666,0.1,202602,4,0.8660254037844386,0.5000000000000001,1.0,6.123233995736766e-17,,254,64516,,,0.05262951862499236,0.11110651990888759,0.5258976577905773,48,3.8918202981106265,180,46212.04861111112,1424.4648148148149,44,3,1,중국_유학연수,12,겨울_유학연수,96,97248,46212.04861111112,72909.78306073407,56.25,205420.25,3584.458333333333,1424.4648148148149,4236.256416933347,8.75,33336.0,9669.583333333334,26784.037687371412,19141,18967,20056,20516,8243,4417
일본,공용,2026,2,1,겨울,0,254,82.75,78.6125,74.47500000000001,49.5,88.5,113.33333333333333,0.1,202602,4,0.8660254037844386,0.5000000000000001,1.0,6.123233995736766e-17,,254,64516,,,0.05197048202229553,0.10963895329579318,0.6584158415841584,48,3.8918202981106265,180,43674.144097222226,273.81898148148144,43,0,1,일본_공용,12,겨울_공용,96,97248,43674.144097222226,77578.9924823001,82.75,224785.0,1031.25,273.81898148148144,671.2705769271112,1.25,3532.0,9669.583333333334,26784.037687371412,137,83,87,81,6193,2857
일본,관광,2026,2,1,겨울,0,254,120958.0,114910.09999999999,108862.2,66743.0,114154.25,126249.39583333331,0.1,202602,4,0.8660254037844386,0.5000000000000001,1.0,6.123233995736766e-17,,254,64516,,,0.052631120927395254,0.11111009046215804,0.8122827520076711,48,3.8918202981106265,180,43674.144097222226,44945.81712962963,43,1,1,일본_관광,12,겨울_관광,96,97248,43674.144097222226,77578.9924823001,82.75,224785.0,1031.25,44945.81712962963,54906.56830808382,3273.0,224785.0,9669.583333333334,26784.037687371412,120498,118789,127361,126716,106929,100604
일본,상용,2026,2,1,겨울,0,254,975.0,926.25,877.5,650.25,1015.25,998.8125,0.1,202602,4,0.8660254037844386,0.5000000000000001,1.0,6.123233995736766e-17,,254,64516,,,0.05257481801024535,0.1109846328969835,0.49865642994241843,48,3.8918202981106265,180,43674.144097222226,373.4101851851852,43,2,1,일본_상용,12,겨울_상용,96,97248,43674.144097222226,77578.9924823001,82.75,224785.0,1031.25,373.4101851851852,624.3789467077137,24.75,2828.6666666666665,9669.583333333334,26784.037687371412,1023,963,996,985,7106,3755
일본,유학연수,2026,2,1,겨울,0,254,2580.0,2451.0,2322.0,2146.25,1359.5833333333333,945.7916666666665,0.1,202602,4,0.8660254037844386,0.5000000000000001,1.0,6.123233995736766e-17,,254,64516,,,0.05261011419249592,0.11106328024106758,0.20200256141576434,48,3.8918202981106265,180,43674.144097222226,1424.4648148148149,43,3,1,일본_유학연수,12,겨울_유학연수,96,97248,43674.144097222226,77578.9924823001,82.75,224785.0,1031.25,1424.4648148148149,4236.256416933347,8.75,33336.0,9669.583333333334,26784.037687371412,1756,1702,1672,1805,6712,3280
대만,공용,2026,2,1,겨울,0,254,9.0,8.549999999999999,8.1,5.5,10.0,7.8125,0.1,202602,4,0.8660254037844386,0.5000000000000001,1.0,6.123233995736766e-17,,254,64516,,,0.04712041884816766,0.09890109890109894,0.5384615384615384,48,3.8918202981106265,180,19442.779513888887,273.81898148148144,5,0,1,대만_공용,12,겨울_공용,96,97248,19442.779513888887,33871.209868563164,5.0,85999.0,171.83333333333331,273.81898148148144,671.2705769271112,1.25,3532.0,9669.583333333334,26784.037687371412,62,12,10,7,5725,2693
대만,관광,2026,2,1,겨울,0,254,64843.0,61600.85,58358.700000000004,35354.25,63396.00000000001,56778.60416666666,0.1,202602,4,0.8660254037844386,0.5000000000000001,1.0,6.123233995736766e-17,,254,64516,,,0.05263072456427853,0.11110920720976968,0.8340699047524767,48,3.8918202981106265,180,19442.779513888887,44945.81712962963,5,1,1,대만_관광,12,겨울_관광,96,97248,19442.779513888887,33871.209868563164,5.0,85999.0,171.83333333333331,44945.81712962963,54906.56830808382,3273.0,224785.0,9669.583333333334,26784.037687371412,73236,72327,89387,70715,67596,62127
대만,상용,2026,2,1,겨울,0,254,110.75,105.21249999999999,99.675,94.25,99.91666666666666,122.14583333333333,0.1,202602,4,0.8660254037844386,0.5000000000000001,1.0,6.123233995736766e-17,,254,64516,,,0.05213604801694724,0.11000744971442765,0.1732283464566929,48,3.8918202981106265,180,19442.779513888887,373.4101851851852,5,2,1,대만_상용,12,겨울_상용,96,97248,19442.779513888887,33871.209868563164,5.0,85999.0,171.83333333333331,373.4101851851852,624.3789467077137,24.75,2828.6666666666665,9669.583333333334,26784.037687371412,158,112,96,94,5805,2757
대만,유학연수,2026,2,1,겨울,0,254,908.75,863.3125,817.875,675.25,437.66666666666663,289.625,0.1,202602,4,0.8660254037844386,0.5000000000000001,1.0,6.123233995736766e-17,,254,64516,,,0.05257068479282667,0.11097542359945047,0.34528650646950093,48,3.8918202981106265,180,19442.779513888887,1424.4648148148149,5,3,1,대만_유학연수,12,겨울_유학연수,96,97248,19442.779513888887,33871.209868563164,5.0,85999.0,171.83333333333331,1424.4648148148149,4236.256416933347,8.75,33336.0,9669.583333333334,26784.037687371412,578,545,485,491,5890,2790
미국,공용,2026,2,1,겨울,0,254,1936.75,1839.9125,1743.075,1433.25,2472.083333333333,2373.2291666666665,0.1,202602,4,0.8660254037844386,0.5000000000000001,1.0,6.123233995736766e-17,,254,64516,,,0.052602989006810534,0.11104740335134668,0.35105455813142755,48,3.8918202981106265,180,17662.763888888887,273.81898148148144,14,0,1,미국_공용,12,겨울_공용,96,97248,17662.763888888887,30507.139956446303,106.33333333333333,91502.0,1885.7083333333335,273.81898148148144,671.2705769271112,1.25,3532.0,9669.583333333334,26784.037687371412,2309,2256,2368,2158,8933,5524
미국,관광,2026,2,1,겨울,0,254,31495.5,29920.725,28345.95,19374.5,36088.083333333336,50759.395833333336,0.1,202602,4,0.8660254037844386,0.5000000000000001,1.0,6.123233995736766e-17,,254,64516,,,0.05262981997194351,0.11110719142623807,0.6255838559004929,48,3.8918202981106265,180,17662.763888888887,44945.81712962963,14,1,1,미국_관광,12,겨울_관광,96,97248,17662.763888888887,30507.139956446303,106.33333333333333,91502.0,1885.7083333333335,44945.81712962963,54906.56830808382,3273.0,224785.0,9669.583333333334,26784.037687371412,38335,38026,42533,37784,42214,36399
미국,상용,2026,2,1,겨울,0,254,172.5,163.875,155.25,116.0,212.66666666666669,196.02083333333331,0.1,202602,4,0.8660254037844386,0.5000000000000001,1.0,6.123233995736766e-17,,254,64516,,,0.052312357846853674,0.1104,0.4829059829059829,48,3.8918202981106265,180,17662.763888888887,373.4101851851852,14,2,1,미국_상용,12,겨울_상용,96,97248,17662.763888888887,30507.139956446303,106.33333333333333,91502.0,1885.7083333333335,373.4101851851852,624.3789467077137,24.75,2828.6666666666665,9669.583333333334,26784.037687371412,239,183,201,180,6471,3028
미국,유학연수,2026,2,1,겨울,0,254,1559.5,1481.5249999999999,1403.55,1246.5,715.6666666666667,445.91666666666663,0.1,202602,4,0.8660254037844386,0.5000000000000001,1.0,6.123233995736766e-17,,254,64516,,,0.05259607763781396,0.11103200313267599,0.2509018036072144,48,3.8918202981106265,180,17662.763888888887,1424.4648148148149,14,3,1,미국_유학연수,12,겨울_유학연수,96,97248,17662.763888888887,30507.139956446303,106.33333333333333,91502.0,1885.7083333333335,1424.4648148148149,4236.256416933347,8.75,33336.0,9669.583333333334,26784.037687371412,942,894,948,878,6439,2928
홍콩,공용,2026,2,1,겨울,0,254,2.0,1.9,1.8,0.75,2.0,1.6458333333333335,0.1,202602,4,0.8660254037844386,0.5000000000000001,1.0,6.123233995736766e-17,,254,64516,,,0.03448275862068969,0.07142857142857141,0.7142857142857143,48,3.8918202981106265,180,7774.140625,273.81898148148144,60,0,1,홍콩_공용,12,겨울_공용,96,97248,7774.140625,13803.683275345851,1.25,42363.0,70.16666666666666,273.81898148148144,671.2705769271112,1.25,3532.0,9669.583333333334,26784.037687371412,53,1,5,6,5691,2665
홍콩,관광,2026,2,1,겨울,0,254,19905.75,18910.462499999998,17915.175,12540.0,25177.333333333336,22785.6875,0.1,202602,4,0.8660254037844386,0.5000000000000001,1.0,6.123233995736766e-17,,254,64516,,,0.05262879589561105,0.11110490939053681,0.5873335459692209,48,3.8918202981106265,180,7774.140625,44945.81712962963,60,1,1,홍콩_관광,12,겨울_관광,96,97248,7774.140625,13803.683275345851,1.25,42363.0,70.16666666666666,44945.81712962963,54906.56830808382,3273.0,224785.0,9669.583333333334,26784.037687371412,22102,22285,20842,20954,35996,30844
홍콩,상용,2026,2,1,겨울,0,254,37.75,35.8625,33.975,29.0,38.416666666666664,43.04166666666667,0.1,202602,4,0.8660254037844386,0.5000000000000001,1.0,6.123233995736766e-17,,254,64516,,,0.05120379789759248,0.1079342387419585,0.2916666666666667,48,3.8918202981106265,180,7774.140625,373.4101851851852,60,2,1,홍콩_상용,12,겨울_상용,96,97248,7774.140625,13803.683275345851,1.25,42363.0,70.16666666666666,373.4101851851852,624.3789467077137,24.75,2828.6666666666665,9669.583333333334,26784.037687371412,89,38,40,37,5732,2691
홍콩,유학연수,2026,2,1,겨울,0,254,384.75,365.5125,346.27500000000003,290.0,199.41666666666666,144.47916666666666,0.1,202602,4,0.8660254037844386,0.5000000000000001,1.0,6.123233995736766e-17,,254,64516,,,0.05248797789979881,0.11079115974371885,0.32560137457044674,48,3.8918202981106265,180,7774.140625,1424.4648148148149,60,3,1,홍콩_유학연수,12,겨울_유학연수,96,97248,7774.140625,13803.683275345851,1.25,42363.0,70.16666666666666,1424.4648148148149,4236.256416933347,8.75,33336.0,9669.583333333334,26784.037687371412,290,251,211,207,5811,2730
태국,공용,2026,2,1,겨울,0,254,176.0,167.2,158.4,117.75,108.58333333333333,203.16666666666666,0.1,202602,4,0.8660254037844386,0.5000000000000001,1.0,6.123233995736766e-17,,254,64516,,,0.052318668252080924,0.11041405269761602,0.4905263157894737,48,3.8918202981106265,180,5410.644097222222,273.81898148148144,52,0,1,태국_공용,12,겨울_공용,96,97248,5410.644097222222,10043.429966232909,50.666666666666664,36286.333333333336,176.875,273.81898148148144,671.2705769271112,1.25,3532.0,9669.583333333334,26784.037687371412,181,136,124,106,5945,2708
태국,관광,2026,2,1,겨울,0,254,14161.5,13453.425,12745.35,10523.0,17105.5,16301.583333333332,0.1,202602,4,0.8660254037844386,0.5000000000000001,1.0,6.123233995736766e-17,,254,64516,,,0.052627667105803536,0.11110239401867983,0.34573356138350436,48,3.8918202981106265,180,5410.644097222222,44945.81712962963,52,1,1,태국_관광,12,겨울_관광,96,97248,5410.644097222222,10043.429966232909,50.666666666666664,36286.333333333336,176.875,44945.81712962963,54906.56830808382,3273.0,224785.0,9669.583333333334,26784.037687371412,15940,15769,15436,16365,26822,21361
태국,상용,2026,2,1,겨울,0,254,58.0,55.099999999999994,52.2,40.5,58.5,60.4375,0.1,202602,4,0.8660254037844386,0.5000000000000001,1.0,6.123233995736766e-17,,254,64516,,,0.05169340463458121,0.10902255639097738,0.42168674698795183,48,3.8918202981106265,180,5410.644097222222,373.4101851851852,52,2,1,태국_상용,12,겨울_상용,96,97248,5410.644097222222,10043.429966232909,50.666666666666664,36286.333333333336,176.875,373.4101851851852,624.3789467077137,24.75,2828.6666666666665,9669.583333333334,26784.037687371412,112,60,68,52,5982,2733
태국,유학연수,2026,2,1,겨울,0,254,357.25,339.3875,321.52500000000003,283.5,190.75,139.375,0.1,202602,4,0.8660254037844386,0.5000000000000001,1.0,6.123233995736766e-17,,254,64516,,,0.05247695640997396,0.11076660723974874,0.2592267135325132,48,3.8918202981106265,180,5410.644097222222,1424.4648148148149,52,3,1,태국_유학연수,12,겨울_유학연수,96,97248,5410.644097222222,10043.429966232909,50.666666666666664,36286.333333333336,176.875,1424.4648148148149,4236.256416933347,8.75,33336.0,9669.583333333334,26784.037687371412,285,244,205,202,6043,2754
말레이시아,공용,2026,2,1,겨울,0,254,9.25,8.7875,8.325000000000001,5.25,9.416666666666668,8.291666666666668,0.1,202602,4,0.8660254037844386,0.5000000000000001,1.0,6.123233995736766e-17,,254,64516,,,0.047254150702426605,0.09919571045576395,0.64,48,3.8918202981106265,180,4232.541666666667,273.81898148148144,11,0,1,말레이시아_공용,12,겨울_공용,96,97248,4232.541666666667,7878.866471116315,5.25,26265.333333333332,82.66666666666666,273.81898148148144,671.2705769271112,1.25,3532.0,9669.583333333334,26784.037687371412,61,11,8,7,5720,2675
말레이시아,관광,2026,2,1,겨울,0,254,15838.0,15046.099999999999,14254.2,10346.0,15793.5,12675.458333333332,0.1,202602,4,0.8660254037844386,0.5000000000000001,1.0,6.123233995736766e-17,,254,64516,,,0.05262808115849576,0.1111033166844379,0.5307818691408137,48,3.8918202981106265,180,4232.541666666667,44945.81712962963,11,1,1,말레이시아_관광,12,겨울_관광,96,97248,4232.541666666667,7878.866471116315,5.25,26265.333333333332,82.66666666666666,44945.81712962963,54906.56830808382,3273.0,224785.0,9669.583333333334,26784.037687371412,15684,15505,16083,15935,23784,18415
말레이시아,상용,2026,2,1,겨울,0,254,76.0,72.2,68.4,50.0,73.41666666666667,67.20833333333333,0.1,202602,4,0.8660254037844386,0.5000000000000001,1.0,6.123233995736766e-17,,254,64516,,,0.05191256830601089,0.10951008645533132,0.5098039215686274,48,3.8918202981106265,180,4232.541666666667,373.4101851851852,11,2,1,말레이시아_상용,12,겨울_상용,96,97248,4232.541666666667,7878.866471116315,5.25,26265.333333333332,82.66666666666666,373.4101851851852,624.3789467077137,24.75,2828.6666666666665,9669.583333333334,26784.037687371412,125,74,82,69,5793,2732
말레이시아,유학연수,2026,2,1,겨울,0,254,539.5,512.525,485.55,429.0,237.08333333333331,149.20833333333331,0.1,202602,4,0.8660254037844386,0.5000000000000001,1.0,6.123233995736766e-17,,254,64516,,,0.05252908816513319,0.11088274586373444,0.2569767441860465,48,3.8918202981106265,180,4232.541666666667,1424.4648148148149,11,3,1,말레이시아_유학연수,12,겨울_유학연수,96,97248,4232.541666666667,7878.866471116315,5.25,26265.333333333332,82.66666666666666,1424.4648148148149,4236.256416933347,8.75,33336.0,9669.583333333334,26784.037687371412,348,305,267,294,5797,2692
싱가포르,공용,2026,2,1,겨울,0,254,12.5,11.875,11.25,5.75,8.5,10.708333333333334,0.1,202602,4,0.8660254037844386,0.5000000000000001,1.0,6.123233995736766e-17,,254,64516,,,0.04854368932038835,0.10204081632653061,1.0,48,3.8918202981106265,180,6122.14236111111,273.81898148148144,28,0,1,싱가포르_공용,12,겨울_공용,96,97248,6122.14236111111,12378.40829217557,6.25,54384.333333333336,146.91666666666669,273.81898148148144,671.2705769271112,1.25,3532.0,9669.583333333334,26784.037687371412,62,12,8,5,5738,2686
싱가포르,관광,2026,2,1,겨울,0,254,9691.0,9206.449999999999,8721.9,6240.5,20502.166666666668,18090.041666666668,0.1,202602,4,0.8660254037844386,0.5000000000000001,1.0,6.123233995736766e-17,,254,64516,,,0.05262586275244516,0.11109837324742923,0.5528318513177922,48,3.8918202981106265,180,6122.14236111111,44945.81712962963,28,1,1,싱가포르_관광,12,겨울_관광,96,97248,6122.14236111111,12378.40829217557,6.25,54384.333333333336,146.91666666666669,44945.81712962963,54906.56830808382,3273.0,224785.0,9669.583333333334,26784.037687371412,17916,17717,17265,18009,35531,30595
싱가포르,상용,2026,2,1,겨울,0,254,132.5,125.875,119.25,113.25,145.66666666666666,160.60416666666669,0.1,202602,4,0.8660254037844386,0.5000000000000001,1.0,6.123233995736766e-17,,254,64516,,,0.052216748768472904,0.1101871101871102,0.16849015317286653,48,3.8918202981106265,180,6122.14236111111,373.4101851851852,28,2,1,싱가포르_상용,12,겨울_상용,96,97248,6122.14236111111,12378.40829217557,6.25,54384.333333333336,146.91666666666669,373.4101851851852,624.3789467077137,24.75,2828.6666666666665,9669.583333333334,26784.037687371412,190,141,141,133,5874,2808
싱가포르,유학연수,2026,2,1,겨울,0,254,206.5,196.17499999999998,185.85,157.5,88.83333333333333,55.66666666666667,0.1,202602,4,0.8660254037844386,0.5000000000000001,1.0,6.123233995736766e-17,,254,64516,,,0.052364650691010615,0.11051645705111054,0.30914826498422715,48,3.8918202981106265,180,6122.14236111111,1424.4648148148149,28,3,1,싱가포르_유학연수,12,겨울_유학연수,96,97248,6122.14236111111,12378.40829217557,6.25,54384.333333333336,146.91666666666669,1424.4648148148149,4236.256416933347,8.75,33336.0,9669.583333333334,26784.037687371412,162,117,91,100,5785,2681
베트남,공용,2026,2,1,겨울,0,254,49.5,47.025,44.550000000000004,27.5,84.5,165.54166666666666,0.1,202602,4,0.8660254037844386,0.5000000000000001,1.0,6.123233995736766e-17,,254,64516,,,0.05153565851119212,0.10867178924259045,0.7719298245614035,48,3.8918202981106265,180,5660.895833333333,273.81898148148144,19,0,1,베트남_공용,12,겨울_공용,96,97248,5660.895833333333,7838.108668163646,24.25,29351.0,973.0,273.81898148148144,671.2705769271112,1.25,3532.0,9669.583333333334,26784.037687371412,116,58,93,76,5910,2802
베트남,관광,2026,2,1,겨울,0,254,7941.5,7544.424999999999,7147.35,5249.75,9346.0,13268.083333333332,0.1,202602,4,0.8660254037844386,0.5000000000000001,1.0,6.123233995736766e-17,,254,64516,,,0.052624603650556566,0.11109556750858585,0.5126410512783888,48,3.8918202981106265,180,5660.895833333333,44945.81712962963,19,1,1,베트남_관광,12,겨울_관광,96,97248,5660.895833333333,7838.108668163646,24.25,29351.0,973.0,44945.81712962963,54906.56830808382,3273.0,224785.0,9669.583333333334,26784.037687371412,8838,8645,8347,9548,17239,11794
베트남,상용,2026,2,1,겨울,0,254,268.0,254.6,241.20000000000002,185.25,248.25,328.5833333333333,0.1,202602,4,0.8660254037844386,0.5000000000000001,1.0,6.123233995736766e-17,,254,64516,,,0.05242566510172146,0.11065235342691983,0.4442953020134228,48,3.8918202981106265,180,5660.895833333333,373.4101851851852,19,2,1,베트남_상용,12,겨울_상용,96,97248,5660.895833333333,7838.108668163646,24.25,29351.0,973.0,373.4101851851852,624.3789467077137,24.75,2828.6666666666665,9669.583333333334,26784.037687371412,311,262,254,251,6035,2909
베트남,유학연수,2026,2,1,겨울,0,254,10790.5,10250.975,9711.45,6777.0,5874.333333333333,3655.354166666667,0.1,202602,4,0.8660254037844386,0.5000000000000001,1.0,6.123233995736766e-17,,254,64516,,,0.052626445148373814,0.11109967104077748,0.5921363233992328,48,3.8918202981106265,180,5660.895833333333,1424.4648148148149,19,3,1,베트남_유학연수,12,겨울_유학연수,96,97248,5660.895833333333,7838.108668163646,24.25,29351.0,973.0,1424.4648148148149,4236.256416933347,8.75,33336.0,9669.583333333334,26784.037687371412,7551,7516,8079,7534,8460,5114
필리핀,공용,2026,2,1,겨울,0,254,87.25,82.8875,78.525,50.75,108.5,124.75,0.1,202602,4,0.8660254037844386,0.5000000000000001,1.0,6.123233995736766e-17,,254,64516,,,0.05200417225450749,0.10971392643822689,0.7053140096618358,48,3.8918202981106265,180,4438.402777777778,273.81898148148144,59,0,1,필리핀_공용,12,겨울_공용,96,97248,4438.402777777778,7934.530390261756,50.5,26180.333333333332,262.5,273.81898148148144,671.2705769271112,1.25,3532.0,9669.583333333334,26784.037687371412,148,95,98,93,6027,2797
필리핀,관광,2026,2,1,겨울,0,254,10673.75,10140.0625,9606.375,6211.5,14045.25,13047.124999999998,0.1,202602,4,0.8660254037844386,0.5000000000000001,1.0,6.123233995736766e-17,,254,64516,,,0.052626389000166404,0.11109954592175282,0.7182696177062374,48,3.8918202981106265,180,4438.402777777778,44945.81712962963,59,1,1,필리핀_관광,12,겨울_관광,96,97248,4438.402777777778,7934.530390261756,50.5,26180.333333333332,262.5,44945.81712962963,54906.56830808382,3273.0,224785.0,9669.583333333334,26784.037687371412,12842,12987,11442,12148,24175,18740
필리핀,상용,2026,2,1,겨울,0,254,251.5,238.92499999999998,226.35,147.0,245.33333333333331,291.4375,0.1,202602,4,0.8660254037844386,0.5000000000000001,1.0,6.123233995736766e-17,,254,64516,,,0.05241221214963017,0.11062238838794812,0.706081081081081,48,3.8918202981106265,180,4438.402777777778,373.4101851851852,59,2,1,필리핀_상용,12,겨울_상용,96,97248,4438.402777777778,7934.530390261756,50.5,26180.333333333332,262.5,373.4101851851852,624.3789467077137,24.75,2828.6666666666665,9669.583333333334,26784.037687371412,301,249,253,248,6145,2897
필리핀,유학연수,2026,2,1,겨울,0,254,200.75,190.71249999999998,180.675,134.25,132.58333333333334,90.6875,0.1,202602,4,0.8660254037844386,0.5000000000000001,1.0,6.123233995736766e-17,,254,64516,,,0.05235704505444363,0.11049951837071686,0.49168207024029575,48,3.8918202981106265,180,4438.402777777778,1424.4648148148149,59,3,1,필리핀_유학연수,12,겨울_유학연수,96,97248,4438.402777777778,7934.530390261756,50.5,26180.333333333332,262.5,1424.4648148148149,4236.256416933347,8.75,33336.0,9669.583333333334,26784.037687371412,205,161,122,129,6054,2772
대양주,공용,2026,2,1,겨울,0,254,32.75,31.112499999999997,29.475,26.75,27.333333333333332,44.9375,0.1,202602,4,0.8660254037844386,0.5000000000000001,1.0,6.123233995736766e-17,,254,64516,,,0.0509926041261192,0.10746513535684983,0.21621621621621623,48,3.8918202981106265,180,4086.9861111111113,273.81898148148144,6,0,1,대양주_공용,12,겨울_공용,96,97248,4086.9861111111113,7438.677602550389,9.75,24126.0,78.625,273.81898148148144,671.2705769271112,1.25,3532.0,9669.583333333334,26784.037687371412,82,32,33,24,5740,2676
대양주,관광,2026,2,1,겨울,0,254,7843.75,7451.5625,7059.375,4687.75,12969.5,11949.354166666668,0.1,202602,4,0.8660254037844386,0.5000000000000001,1.0,6.123233995736766e-17,,254,64516,,,0.05262451673501564,0.11109537382929377,0.6731005065315916,48,3.8918202981106265,180,4086.9861111111113,44945.81712962963,6,1,1,대양주_관광,12,겨울_관광,96,97248,4086.9861111111113,7438.677602550389,9.75,24126.0,78.625,44945.81712962963,54906.56830808382,3273.0,224785.0,9669.583333333334,26784.037687371412,10990,11049,9427,10622,24229,19036
대양주,상용,2026,2,1,겨울,0,254,77.0,73.14999999999999,69.3,61.75,70.91666666666667,70.08333333333333,0.1,202602,4,0.8660254037844386,0.5000000000000001,1.0,6.123233995736766e-17,,254,64516,,,0.05192178017532042,0.10953058321479378,0.24302788844621515,48,3.8918202981106265,180,4086.9861111111113,373.4101851851852,6,2,1,대양주_상용,12,겨울_상용,96,97248,4086.9861111111113,7438.677602550389,9.75,24126.0,78.625,373.4101851851852,624.3789467077137,24.75,2828.6666666666665,9669.583333333334,26784.037687371412,125,75,73,69,5802,2723
대양주,유학연수,2026,2,1,겨울,0,254,89.75,85.2625,80.775,67.0,47.83333333333333,30.770833333333336,0.1,202602,4,0.8660254037844386,0.5000000000000001,1.0,6.123233995736766e-17,,254,64516,,,0.05202144616722211,0.10975236930602254,0.33455882352941174,48,3.8918202981106265,180,4086.9861111111113,1424.4648148148149,6,3,1,대양주_유학연수,12,겨울_유학연수,96,97248,4086.9861111111113,7438.677602550389,9.75,24126.0,78.625,1424.4648148148149,4236.256416933347,8.75,33336.0,9669.583333333334,26784.037687371412,110,63,45,47,5802,2688
오스트레일리아,공용,2026,2,1,겨울,0,254,26.25,24.9375,23.625,22.25,20.833333333333332,34.4375,0.1,202602,4,0.8660254037844386,0.5000000000000001,1.0,6.123233995736766e-17,,254,64516,,,0.05060240963855422,0.1065989847715736,0.17204301075268819,48,3.8918202981106265,180,3468.059027777778,273.81898148148144,32,0,1,오스트레일리아_공용,12,겨울_공용,96,97248,3468.059027777778,6322.503515646785,8.75,20359.666666666668,61.58333333333333,273.81898148148144,671.2705769271112,1.25,3532.0,9669.583333333334,26784.037687371412,75,25,23,19,5724,2665
오스트레일리아,관광,2026,2,1,겨울,0,254,6737.75,6400.862499999999,6063.975,4016.25,11055.416666666666,10135.541666666666,0.1,202602,4,0.8660254037844386,0.5000000000000001,1.0,6.123233995736766e-17,,254,64516,,,0.05262335765568235,0.11109279098429913,0.677453481859481,48,3.8918202981106265,180,3468.059027777778,44945.81712962963,32,1,1,오스트레일리아_관광,12,겨울_관광,96,97248,3468.059027777778,6322.503515646785,8.75,20359.666666666668,61.58333333333333,44945.81712962963,54906.56830808382,3273.0,224785.0,9669.583333333334,26784.037687371412,9496,9402,8714,9561,21854,16634
오스트레일리아,상용,2026,2,1,겨울,0,254,62.5,59.375,56.25,49.5,57.16666666666667,56.31249999999999,0.1,202602,4,0.8660254037844386,0.5000000000000001,1.0,6.123233995736766e-17,,254,64516,,,0.051759834368530024,0.1091703056768559,0.25742574257425743,48,3.8918202981106265,180,3468.059027777778,373.4101851851852,32,2,1,오스트레일리아_상용,12,겨울_상용,96,97248,3468.059027777778,6322.503515646785,8.75,20359.666666666668,61.58333333333333,373.4101851851852,624.3789467077137,24.75,2828.6666666666665,9669.583333333334,26784.037687371412,112,63,68,53,5780,2705
오스트레일리아,유학연수,2026,2,1,겨울,0,254,72.25,68.6375,65.025,53.5,39.416666666666664,25.375,0.1,202602,4,0.8660254037844386,0.5000000000000001,1.0,6.123233995736766e-17,,254,64516,,,0.051875785316819197,0.10942824687618317,0.3440366972477064,48,3.8918202981106265,180,3468.059027777778,1424.4648148148149,32,3,1,오스트레일리아_유학연수,12,겨울_유학연수,96,97248,3468.059027777778,6322.503515646785,8.75,20359.666666666668,61.58333333333333,1424.4648148148149,4236.256416933347,8.75,33336.0,9669.583333333334,26784.037687371412,101,55,40,35,5790,2681
러시아(연방),공용,2026,2,1,겨울,0,254,6.0,5.699999999999999,5.4,2.0,10.166666666666666,11.791666666666666,0.1,202602,4,0.8660254037844386,0.5000000000000001,1.0,6.123233995736766e-17,,254,64516,,,0.04477611940298518,0.09374999999999994,1.3333333333333333,48,3.8918202981106265,180,1874.1996527777776,273.81898148148144,9,0,1,러시아(연방)_공용,12,겨울_공용,96,97248,1874.1996527777776,3250.0297276663496,5.0,10342.25,94.875,273.81898148148144,671.2705769271112,1.25,3532.0,9669.583333333334,26784.037687371412,60,9,11,7,5735,2690
러시아(연방),관광,2026,2,1,겨울,0,254,3273.0,3109.35,2945.7000000000003,2069.25,3881.75,5173.833333333333,0.1,202602,4,0.8660254037844386,0.5000000000000001,1.0,6.123233995736766e-17,,254,64516,,,0.05261465751442767,0.1110734041470118,0.5814515155174496,48,3.8918202981106265,180,1874.1996527777776,44945.81712962963,9,1,1,러시아(연방)_관광,12,겨울_관광,96,97248,1874.1996527777776,3250.0297276663496,5.0,10342.25,94.875,44945.81712962963,54906.56830808382,3273.0,224785.0,9669.583333333334,26784.037687371412,3815,3788,3748,3545,12081,6707
러시아(연방),상용,2026,2,1,겨울,0,254,83.0,78.85,74.7,69.5,85.5,80.22916666666666,0.1,202602,4,0.8660254037844386,0.5000000000000001,1.0,6.123233995736766e-17,,254,64516,,,0.05197244834063877,0.10964332892998675,0.19148936170212766,48,3.8918202981106265,180,1874.1996527777776,373.4101851851852,9,2,1,러시아(연방)_상용,12,겨울_상용,96,97248,1874.1996527777776,3250.0297276663496,5.0,10342.25,94.875,373.4101851851852,624.3789467077137,24.75,2828.6666666666665,9669.583333333334,26784.037687371412,133,81,88,84,5797,2739
러시아(연방),유학연수,2026,2,1,겨울,0,254,582.5,553.375,524.25,445.0,302.75,216.04166666666669,0.1,202602,4,0.8660254037844386,0.5000000000000001,1.0,6.123233995736766e-17,,254,64516,,,0.05253664036076663,0.11089957163255593,0.30829596412556054,48,3.8918202981106265,180,1874.1996527777776,1424.4648148148149,9,3,1,러시아(연방)_유학연수,12,겨울_유학연수,96,97248,1874.1996527777776,3250.0297276663496,5.0,10342.25,94.875,1424.4648148148149,4236.256416933347,8.75,33336.0,9669.583333333334,26784.037687371412,430,390,337,365,5871,2767
캐나다,공용,2026,2,1,겨울,0,254,35.75,33.9625,32.175000000000004,20.0,27.083333333333336,25.395833333333332,0.1,202602,4,0.8660254037844386,0.5000000000000001,1.0,6.123233995736766e-17,,254,64516,,,0.051126206649982166,0.10776186887716639,0.75,48,3.8918202981106265,180,3146.125,273.81898148148144,48,0,1,캐나다_공용,12,겨울_공용,96,97248,3146.125,5707.001325929473,13.5,17405.333333333332,33.16666666666667,273.81898148148144,671.2705769271112,1.25,3532.0,9669.583333333334,26784.037687371412,83,35,25,24,5762,2682
캐나다,관광,2026,2,1,겨울,0,254,6591.0,6261.45,5931.900000000001,4017.75,6962.416666666666,9163.9375,0.1,202602,4,0.8660254037844386,0.5000000000000001,1.0,6.123233995736766e-17,,254,64516,,,0.05262317463612487,0.11109238315157838,0.6403110419906688,48,3.8918202981106265,180,3146.125,44945.81712962963,48,1,1,캐나다_관광,12,겨울_관광,96,97248,3146.125,5707.001325929473,13.5,17405.333333333332,33.16666666666667,44945.81712962963,54906.56830808382,3273.0,224785.0,9669.583333333334,26784.037687371412,6815,6648,6772,7241,14598,9162
캐나다,상용,2026,2,1,겨울,0,254,24.75,23.5125,22.275000000000002,19.5,26.916666666666664,27.979166666666664,0.1,202602,4,0.8660254037844386,0.5000000000000001,1.0,6.123233995736766e-17,,254,64516,,,0.05048444671086184,0.10633727175080548,0.25609756097560976,48,3.8918202981106265,180,3146.125,373.4101851851852,48,2,1,캐나다_상용,12,겨울_상용,96,97248,3146.125,5707.001325929473,13.5,17405.333333333332,33.16666666666667,373.4101851851852,624.3789467077137,24.75,2828.6666666666665,9669.583333333334,26784.037687371412,76,26,26,24,5774,2679
캐나다,유학연수,2026,2,1,겨울,0,254,142.0,134.9,127.8,112.25,73.83333333333333,46.1875,0.1,202602,4,0.8660254037844386,0.5000000000000001,1.0,6.123233995736766e-17,,254,64516,,,0.05224429727740982,0.11024844720496896,0.26269315673289184,48,3.8918202981106265,180,3146.125,1424.4648148148149,48,3,1,캐나다_유학연수,12,겨울_유학연수,96,97248,3146.125,5707.001325929473,13.5,17405.333333333332,33.16666666666667,1424.4648148148149,4236.256416933347,8.75,33336.0,9669.583333333334,26784.037687371412,146,100,81,82,5818,2687
인도네시아,공용,2026,2,1,겨울,0,254,68.0,64.6,61.2,50.75,93.25,170.20833333333331,0.1,202602,4,0.8660254037844386,0.5000000000000001,1.0,6.123233995736766e-17,,254,64516,,,0.05182926829268302,0.10932475884244368,0.3333333333333333,48,3.8918202981106265,180,3109.793402777778,273.81898148148144,42,0,1,인도네시아_공용,12,겨울_공용,96,97248,3109.793402777778,5382.022766140716,60.0,19254.0,207.33333333333334,273.81898148148144,671.2705769271112,1.25,3532.0,9669.583333333334,26784.037687371412,132,76,115,80,6036,2764
인도네시아,관광,2026,2,1,겨울,0,254,8167.75,7759.362499999999,7350.975,5169.25,10820.166666666666,9104.020833333332,0.1,202602,4,0.8660254037844386,0.5000000000000001,1.0,6.123233995736766e-17,,254,64516,,,0.05262479684421968,0.111095998014139,0.5799526135099851,48,3.8918202981106265,180,3109.793402777778,44945.81712962963,42,1,1,인도네시아_관광,12,겨울_관광,96,97248,3109.793402777778,5382.022766140716,60.0,19254.0,207.33333333333334,44945.81712962963,54906.56830808382,3273.0,224785.0,9669.583333333334,26784.037687371412,9688,9547,9197,9939,20916,15423
인도네시아,상용,2026,2,1,겨울,0,254,106.25,100.9375,95.625,57.0,100.91666666666667,108.68749999999999,0.1,202602,4,0.8660254037844386,0.5000000000000001,1.0,6.123233995736766e-17,,254,64516,,,0.05211526670754139,0.10996119016817593,0.8491379310344828,48,3.8918202981106265,180,3109.793402777778,373.4101851851852,42,2,1,인도네시아_상용,12,겨울_상용,96,97248,3109.793402777778,5382.022766140716,60.0,19254.0,207.33333333333334,373.4101851851852,624.3789467077137,24.75,2828.6666666666665,9669.583333333334,26784.037687371412,157,109,96,88,6066,2776
인도네시아,유학연수,2026,2,1,겨울,0,254,899.75,854.7624999999999,809.775,757.0,406.91666666666663,270.5833333333333,0.1,202602,4,0.8660254037844386,0.5000000000000001,1.0,6.123233995736766e-17,,254,64516,,,0.05257007639385936,0.11097406802133764,0.1883245382585752,48,3.8918202981106265,180,3109.793402777778,1424.4648148148149,42,3,1,인도네시아_유학연수,12,겨울_유학연수,96,97248,3109.793402777778,5382.022766140716,60.0,19254.0,207.33333333333334,1424.4648148148149,4236.256416933347,8.75,33336.0,9669.583333333334,26784.037687371412,555,516,459,491,6086,2745
중국,공용,2026,3,1,봄,0,255,183.25,174.0875,164.925,116.75,104.33333333333334,159.52083333333334,0.1,202603,1,1.0,6.123233995736766e-17,1.0,6.123233995736766e-17,,255,65025,,,0.05233097736845859,0.11044146451710102,0.564755838641189,48,3.8918202981106265,180,46212.04861111112,273.81898148148144,44,0,2,중국_공용,12,봄_공용,144,97248,46212.04861111112,72909.78306073407,56.25,205420.25,3584.458333333333,273.81898148148144,671.2705769271112,1.25,3532.0,12963.6,36680.90228685676,204,135,108,104,8380,4303
중국,관광,2026,3,1,봄,0,255,165842.25,157550.13749999998,149258.025,84437.75,142556.6666666667,127774.1875,0.1,202603,1,1.0,6.123233995736766e-17,1.0,6.123233995736766e-17,,255,65025,,,0.05263124488707686,0.11111036669306935,0.9640656689020147,48,3.8918202981106265,180,46212.04861111112,44945.81712962963,44,1,2,중국_관광,12,봄_관광,144,97248,46212.04861111112,72909.78306073407,56.25,205420.25,3584.458333333333,44945.81712962963,54906.56830808382,3273.0,224785.0,12963.6,36680.90228685676,143916,143017,140201,151274,129770,122274
중국,상용,2026,3,1,봄,0,255,2579.0,2450.0499999999997,2321.1,1640.75,2035.0833333333333,1932.8124999999998,0.1,202603,1,1.0,6.123233995736766e-17,1.0,6.123233995736766e-17,,255,65025,,,0.05261010587299332,0.11106326170276909,0.5714938328003655,48,3.8918202981106265,180,46212.04861111112,373.4101851851852,44,2,2,중국_상용,12,봄_상용,144,97248,46212.04861111112,72909.78306073407,56.25,205420.25,3584.458333333333,373.4101851851852,624.3789467077137,24.75,2828.6666666666665,12963.6,36680.90228685676,2471,2431,2303,2326,9911,5797
중국,유학연수,2026,3,1,봄,0,255,22288.25,21173.837499999998,20059.425,14704.0,17839.083333333336,11541.749999999998,0.1,202603,1,1.0,6.123233995736766e-17,1.0,6.123233995736766e-17,,255,65025,,,0.052629093375569105,0.11110557228971972,0.5157599455967358,48,3.8918202981106265,180,46212.04861111112,1424.4648148148149,44,3,2,중국_유학연수,12,봄_유학연수,144,97248,46212.04861111112,72909.78306073407,56.25,205420.25,3584.458333333333,1424.4648148148149,4236.256416933347,8.75,33336.0,12963.6,36680.90228685676,19444,19158,17877,21383,23459,19196
일본,공용,2026,3,1,봄,0,255,116.25,110.4375,104.625,67.5,98.66666666666666,117.39583333333333,0.1,202603,1,1.0,6.123233995736766e-17,1.0,6.123233995736766e-17,,255,65025,,,0.05215928210880538,0.11005917159763313,0.7116788321167883,48,3.8918202981106265,180,43674.144097222226,273.81898148148144,43,0,2,일본_공용,12,봄_공용,144,97248,43674.144097222226,77578.9924823001,82.75,224785.0,1031.25,273.81898148148144,671.2705769271112,1.25,3532.0,12963.6,36680.90228685676,185,114,95,91,8482,4243
일본,관광,2026,3,1,봄,0,255,224785.0,213545.75,202306.5,130526.75,145903.16666666666,134104.25,0.1,202603,1,1.0,6.123233995736766e-17,1.0,6.123233995736766e-17,,255,65025,,,0.05263133248340235,0.1111105618921691,0.7221318838331313,48,3.8918202981106265,180,43674.144097222226,44945.81712962963,43,1,2,일본_관광,12,봄_관광,144,97248,43674.144097222226,77578.9924823001,82.75,224785.0,1031.25,44945.81712962963,54906.56830808382,3273.0,224785.0,12963.6,36680.90228685676,147019,146100,144077,157148,94295,84275
일본,상용,2026,3,1,봄,0,255,1037.5,985.625,933.75,757.5,1090.5833333333335,1022.1458333333333,0.1,202603,1,1.0,6.123233995736766e-17,1.0,6.123233995736766e-17,,255,65025,,,0.05257823387811985,0.11099224391548543,0.3691496374423204,48,3.8918202981106265,180,43674.144097222226,373.4101851851852,43,2,2,일본_상용,12,봄_상용,144,97248,43674.144097222226,77578.9924823001,82.75,224785.0,1031.25,373.4101851851852,624.3789467077137,24.75,2828.6666666666665,12963.6,36680.90228685676,1115,1037,1057,1036,9491,5240
일본,유학연수,2026,3,1,봄,0,255,896.5,851.675,806.85,631.5,1455.3333333333333,967.875,0.1,202603,1,1.0,6.123233995736766e-17,1.0,6.123233995736766e-17,,255,65025,,,0.05256985369572234,0.1109735718264529,0.4189723320158103,48,3.8918202981106265,180,43674.144097222226,1424.4648148148149,43,3,2,일본_유학연수,12,봄_유학연수,144,97248,43674.144097222226,77578.9924823001,82.75,224785.0,1031.25,1424.4648148148149,4236.256416933347,8.75,33336.0,12963.6,36680.90228685676,1360,1251,1307,1385,10319,6060
대만,공용,2026,3,1,봄,0,255,10.5,9.975,9.450000000000001,6.5,11.25,8.145833333333334,0.1,202603,1,1.0,6.123233995736766e-17,1.0,6.123233995736766e-17,,255,65025,,,0.04783599088838272,0.10047846889952142,0.5333333333333333,48,3.8918202981106265,180,19442.779513888887,273.81898148148144,5,0,2,대만_공용,12,봄_공용,144,97248,19442.779513888887,33871.209868563164,5.0,85999.0,171.83333333333331,273.81898148148144,671.2705769271112,1.25,3532.0,12963.6,36680.90228685676,85,12,10,9,8019,4085
대만,관광,2026,3,1,봄,0,255,78964.0,75015.8,71067.6,44311.25,70908.33333333334,59666.33333333334,0.1,202603,1,1.0,6.123233995736766e-17,1.0,6.123233995736766e-17,,255,65025,,,0.052630877350140194,0.11110954767647024,0.7820128745437209,48,3.8918202981106265,180,19442.779513888887,44945.81712962963,5,1,2,대만_관광,12,봄_관광,144,97248,19442.779513888887,33871.209868563164,5.0,85999.0,171.83333333333331,44945.81712962963,54906.56830808382,3273.0,224785.0,12963.6,36680.90228685676,85192,84368,93181,86557,73390,66785
대만,상용,2026,3,1,봄,0,255,118.0,112.1,106.2,108.75,105.41666666666666,122.91666666666666,0.1,202603,1,1.0,6.123233995736766e-17,1.0,6.123233995736766e-17,,255,65025,,,0.05216622458001774,0.11007462686567161,0.08428246013667426,48,3.8918202981106265,180,19442.779513888887,373.4101851851852,5,2,2,대만_상용,12,봄_상용,144,97248,19442.779513888887,33871.209868563164,5.0,85999.0,171.83333333333331,373.4101851851852,624.3789467077137,24.75,2828.6666666666665,12963.6,36680.90228685676,186,118,100,97,8101,4152
대만,유학연수,2026,3,1,봄,0,255,313.75,298.0625,282.375,188.75,470.83333333333337,300.0416666666667,0.1,202603,1,1.0,6.123233995736766e-17,1.0,6.123233995736766e-17,,255,65025,,,0.05245559038662487,0.11071901191001324,0.6587615283267457,48,3.8918202981106265,180,19442.779513888887,1424.4648148148149,5,3,2,대만_유학연수,12,봄_유학연수,144,97248,19442.779513888887,33871.209868563164,5.0,85999.0,171.83333333333331,1424.4648148148149,4236.256416933347,8.75,33336.0,12963.6,36680.90228685676,472,378,433,466,8654,4679
미국,공용,2026,3,1,봄,0,255,2482.75,2358.6124999999997,2234.475,2119.25,2390.083333333333,2403.520833333333,0.1,202603,1,1.0,6.123233995736766e-17,1.0,6.123233995736766e-17,,255,65025,,,0.05260927376846846,0.11106140753083801,0.17144204692842824,48,3.8918202981106265,180,17662.763888888887,273.81898148148144,14,0,2,미국_공용,12,봄_공용,144,97248,17662.763888888887,30507.139956446303,106.33333333333333,91502.0,1885.7083333333335,273.81898148148144,671.2705769271112,1.25,3532.0,12963.6,36680.90228685676,2508,2428,2435,2458,10707,6370
미국,관광,2026,3,1,봄,0,255,69832.75,66341.1125,62849.475,43394.0,44132.75,52962.625,0.1,202603,1,1.0,6.123233995736766e-17,1.0,6.123233995736766e-17,,255,65025,,,0.052630785611477125,0.11110934324680923,0.6092579790298421,48,3.8918202981106265,180,17662.763888888887,44945.81712962963,14,1,2,미국_관광,12,봄_관광,144,97248,17662.763888888887,30507.139956446303,106.33333333333333,91502.0,1885.7083333333335,44945.81712962963,54906.56830808382,3273.0,224785.0,12963.6,36680.90228685676,54240,53229,60940,57911,32353,24422
미국,상용,2026,3,1,봄,0,255,219.5,208.52499999999998,197.55,164.0,225.0,200.64583333333331,0.1,202603,1,1.0,6.123233995736766e-17,1.0,6.123233995736766e-17,,255,65025,,,0.0523803842023626,0.11055149836313265,0.33636363636363636,48,3.8918202981106265,180,17662.763888888887,373.4101851851852,14,2,2,미국_상용,12,봄_상용,144,97248,17662.763888888887,30507.139956446303,106.33333333333333,91502.0,1885.7083333333335,373.4101851851852,624.3789467077137,24.75,2828.6666666666665,12963.6,36680.90228685676,303,225,227,231,8751,4405
미국,유학연수,2026,3,1,봄,0,255,162.0,153.9,145.8,101.25,648.6666666666666,450.9791666666667,0.1,202603,1,1.0,6.123233995736766e-17,1.0,6.123233995736766e-17,,255,65025,,,0.052291801162039984,0.11035422343324242,0.5941320293398533,48,3.8918202981106265,180,17662.763888888887,1424.4648148148149,14,3,2,미국_유학연수,12,봄_유학연수,144,97248,17662.763888888887,30507.139956446303,106.33333333333333,91502.0,1885.7083333333335,1424.4648148148149,4236.256416933347,8.75,33336.0,12963.6,36680.90228685676,586,487,573,547,9565,5207
홍콩,공용,2026,3,1,봄,0,255,2.0,1.9,1.8,1.0,1.75,1.7291666666666665,0.1,202603,1,1.0,6.123233995736766e-17,1.0,6.123233995736766e-17,,255,65025,,,0.03448275862068969,0.07142857142857141,0.5,48,3.8918202981106265,180,7774.140625,273.81898148148144,60,0,2,홍콩_공용,12,봄_공용,144,97248,7774.140625,13803.683275345851,1.25,42363.0,70.16666666666666,273.81898148148144,671.2705769271112,1.25,3532.0,12963.6,36680.90228685676,75,1,5,6,7978,4052
홍콩,관광,2026,3,1,봄,0,255,29669.25,28185.7875,26702.325,18812.0,24473.25,23690.458333333336,0.1,202603,1,1.0,6.123233995736766e-17,1.0,6.123233995736766e-17,,255,65025,,,0.05262971170446443,0.11110695016444579,0.577114229522139,48,3.8918202981106265,180,7774.140625,44945.81712962963,60,1,2,홍콩_관광,12,봄_관광,144,97248,7774.140625,13803.683275345851,1.25,42363.0,70.16666666666666,44945.81712962963,54906.56830808382,3273.0,224785.0,12963.6,36680.90228685676,25042,24798,23240,26903,30007,23495
홍콩,상용,2026,3,1,봄,0,255,49.25,46.787499999999994,44.325,43.0,40.416666666666664,43.5625,0.1,202603,1,1.0,6.123233995736766e-17,1.0,6.123233995736766e-17,,255,65025,,,0.051530211875490575,0.10865968008825144,0.14204545454545456,48,3.8918202981106265,180,7774.140625,373.4101851851852,60,2,2,홍콩_상용,12,봄_상용,144,97248,7774.140625,13803.683275345851,1.25,42363.0,70.16666666666666,373.4101851851852,624.3789467077137,24.75,2828.6666666666665,12963.6,36680.90228685676,119,48,40,39,8017,4075
홍콩,유학연수,2026,3,1,봄,0,255,185.25,175.98749999999998,166.725,129.0,222.0,149.16666666666666,0.1,202603,1,1.0,6.123233995736766e-17,1.0,6.123233995736766e-17,,255,65025,,,0.052334204392965704,0.11044865106573264,0.4326923076923077,48,3.8918202981106265,180,7774.140625,1424.4648148148149,60,3,2,홍콩_유학연수,12,봄_유학연수,144,97248,7774.140625,13803.683275345851,1.25,42363.0,70.16666666666666,1424.4648148148149,4236.256416933347,8.75,33336.0,12963.6,36680.90228685676,280,199,209,238,8283,4310
태국,공용,2026,3,1,봄,0,255,232.0,220.39999999999998,208.8,162.75,161.16666666666666,208.9375,0.1,202603,1,1.0,6.123233995736766e-17,1.0,6.123233995736766e-17,,255,65025,,,0.05239385727190616,0.11058150619637744,0.42290076335877863,48,3.8918202981106265,180,5410.644097222222,273.81898148148144,52,0,2,태국_공용,12,봄_공용,144,97248,5410.644097222222,10043.429966232909,50.666666666666664,36286.333333333336,176.875,273.81898148148144,671.2705769271112,1.25,3532.0,12963.6,36680.90228685676,266,199,180,173,8295,4156
태국,관광,2026,3,1,봄,0,255,22705.0,21569.75,20434.5,16978.75,16734.583333333336,16778.770833333336,0.1,202603,1,1.0,6.123233995736766e-17,1.0,6.123233995736766e-17,,255,65025,,,0.05262913899609425,0.11110567394974431,0.33723994758462283,48,3.8918202981106265,180,5410.644097222222,44945.81712962963,52,1,2,태국_관광,12,봄_관광,144,97248,5410.644097222222,10043.429966232909,50.666666666666664,36286.333333333336,176.875,44945.81712962963,54906.56830808382,3273.0,224785.0,12963.6,36680.90228685676,19693,19403,19786,21077,22462,15718
태국,상용,2026,3,1,봄,0,255,72.0,68.39999999999999,64.8,49.0,61.75,62.354166666666664,0.1,202603,1,1.0,6.123233995736766e-17,1.0,6.123233995736766e-17,,255,65025,,,0.051873198847262374,0.10942249240121585,0.46,48,3.8918202981106265,180,5410.644097222222,373.4101851851852,52,2,2,태국_상용,12,봄_상용,144,97248,5410.644097222222,10043.429966232909,50.666666666666664,36286.333333333336,176.875,373.4101851851852,624.3789467077137,24.75,2828.6666666666665,12963.6,36680.90228685676,142,68,68,62,8272,4120
태국,유학연수,2026,3,1,봄,0,255,177.75,168.86249999999998,159.975,118.75,216.58333333333331,144.29166666666666,0.1,202603,1,1.0,6.123233995736766e-17,1.0,6.123233995736766e-17,,255,65025,,,0.05232173081168603,0.11042087280633643,0.49269311064718163,48,3.8918202981106265,180,5410.644097222222,1424.4648148148149,52,3,2,태국_유학연수,12,봄_유학연수,144,97248,5410.644097222222,10043.429966232909,50.666666666666664,36286.333333333336,176.875,1424.4648148148149,4236.256416933347,8.75,33336.0,12963.6,36680.90228685676,261,184,194,189,8509,4327
말레이시아,공용,2026,3,1,봄,0,255,5.25,4.9875,4.7250000000000005,3.5,8.25,8.4375,0.1,202603,1,1.0,6.123233995736766e-17,1.0,6.123233995736766e-17,,255,65025,,,0.04384133611691026,0.09170305676855885,0.3888888888888889,48,3.8918202981106265,180,4232.541666666667,273.81898148148144,11,0,2,말레이시아_공용,12,봄_공용,144,97248,4232.541666666667,7878.866471116315,5.25,26265.333333333332,82.66666666666666,273.81898148148144,671.2705769271112,1.25,3532.0,12963.6,36680.90228685676,81,8,7,5,8008,4062
말레이시아,관광,2026,3,1,봄,0,255,16627.5,15796.125,14964.75,11151.5,14755.583333333332,13131.791666666666,0.1,202603,1,1.0,6.123233995736766e-17,1.0,6.123233995736766e-17,,255,65025,,,0.05262824722853051,0.11110368675141573,0.49101098408428606,48,3.8918202981106265,180,4232.541666666667,44945.81712962963,11,1,2,말레이시아_관광,12,봄_관광,144,97248,4232.541666666667,7878.866471116315,5.25,26265.333333333332,82.66666666666666,44945.81712962963,54906.56830808382,3273.0,224785.0,12963.6,36680.90228685676,15195,15226,14786,14843,23513,17150
말레이시아,상용,2026,3,1,봄,0,255,81.0,76.95,72.9,58.25,74.83333333333333,69.10416666666667,0.1,202603,1,1.0,6.123233995736766e-17,1.0,6.123233995736766e-17,,255,65025,,,0.05195638229634377,0.10960757780784836,0.38396624472573837,48,3.8918202981106265,180,4232.541666666667,373.4101851851852,11,2,2,말레이시아_상용,12,봄_상용,144,97248,4232.541666666667,7878.866471116315,5.25,26265.333333333332,82.66666666666666,373.4101851851852,624.3789467077137,24.75,2828.6666666666665,12963.6,36680.90228685676,150,78,82,69,8082,4120
말레이시아,유학연수,2026,3,1,봄,0,255,175.0,166.25,157.5,113.0,277.5833333333333,154.375,0.1,202603,1,1.0,6.123233995736766e-17,1.0,6.123233995736766e-17,,255,65025,,,0.052316890881913304,0.11041009463722397,0.543859649122807,48,3.8918202981106265,180,4232.541666666667,1424.4648148148149,11,3,2,말레이시아_유학연수,12,봄_유학연수,144,97248,4232.541666666667,7878.866471116315,5.25,26265.333333333332,82.66666666666666,1424.4648148148149,4236.256416933347,8.75,33336.0,12963.6,36680.90228685676,299,210,258,271,8418,4427
싱가포르,공용,2026,3,1,봄,0,255,13.75,13.0625,12.375,5.75,10.833333333333332,11.375,0.1,202603,1,1.0,6.123233995736766e-17,1.0,6.123233995736766e-17,,255,65025,,,0.04888888888888889,0.102803738317757,1.1851851851851851,48,3.8918202981106265,180,6122.14236111111,273.81898148148144,28,0,2,싱가포르_공용,12,봄_공용,144,97248,6122.14236111111,12378.40829217557,6.25,54384.333333333336,146.91666666666669,273.81898148148144,671.2705769271112,1.25,3532.0,12963.6,36680.90228685676,86,15,10,7,8038,4084
싱가포르,관광,2026,3,1,봄,0,255,26570.5,25241.975,23913.45,17891.5,15494.833333333332,18813.291666666664,0.1,202603,1,1.0,6.123233995736766e-17,1.0,6.123233995736766e-17,,255,65025,,,0.052629493948316376,0.11110646491974514,0.485063574123236,48,3.8918202981106265,180,6122.14236111111,44945.81712962963,28,1,2,싱가포르_관광,12,봄_관광,144,97248,6122.14236111111,12378.40829217557,6.25,54384.333333333336,146.91666666666669,44945.81712962963,54906.56830808382,3273.0,224785.0,12963.6,36680.90228685676,20529,20450,20705,21378,16711,9895
싱가포르,상용,2026,3,1,봄,0,255,201.0,190.95,180.9,182.25,151.41666666666666,162.16666666666669,0.1,202603,1,1.0,6.123233995736766e-17,1.0,6.123233995736766e-17,,255,65025,,,0.052357384735608296,0.11050027487630562,0.10231923601637108,48,3.8918202981106265,180,6122.14236111111,373.4101851851852,28,2,2,싱가포르_상용,12,봄_상용,144,97248,6122.14236111111,12378.40829217557,6.25,54384.333333333336,146.91666666666669,373.4101851851852,624.3789467077137,24.75,2828.6666666666665,12963.6,36680.90228685676,247,183,142,151,8130,4160
싱가포르,유학연수,2026,3,1,봄,0,255,35.25,33.4875,31.725,24.25,89.41666666666666,56.58333333333333,0.1,202603,1,1.0,6.123233995736766e-17,1.0,6.123233995736766e-17,,255,65025,,,0.05110547299746294,0.1077158135981665,0.43564356435643564,48,3.8918202981106265,180,6122.14236111111,1424.4648148148149,28,3,2,싱가포르_유학연수,12,봄_유학연수,144,97248,6122.14236111111,12378.40829217557,6.25,54384.333333333336,146.91666666666669,1424.4648148148149,4236.256416933347,8.75,33336.0,12963.6,36680.90228685676,128,45,89,77,8199,4200
베트남,공용,2026,3,1,봄,0,255,94.25,89.5375,84.825,69.5,56.0,167.60416666666666,0.1,202603,1,1.0,6.123233995736766e-17,1.0,6.123233995736766e-17,,255,65025,,,0.05205025541902533,0.10981648703757643,0.35106382978723405,48,3.8918202981106265,180,5660.895833333333,273.81898148148144,19,0,2,베트남_공용,12,봄_공용,144,97248,5660.895833333333,7838.108668163646,24.25,29351.0,973.0,273.81898148148144,671.2705769271112,1.25,3532.0,12963.6,36680.90228685676,143,72,69,61,8109,4097
베트남,관광,2026,3,1,봄,0,255,15214.25,14453.537499999999,13692.825,10463.5,10490.75,13663.979166666666,0.1,202603,1,1.0,6.123233995736766e-17,1.0,6.123233995736766e-17,,255,65025,,,0.05262793776694699,0.11110299715382657,0.45398729036265467,48,3.8918202981106265,180,5660.895833333333,44945.81712962963,19,1,2,베트남_관광,12,봄_관광,144,97248,5660.895833333333,7838.108668163646,24.25,29351.0,973.0,44945.81712962963,54906.56830808382,3273.0,224785.0,12963.6,36680.90228685676,12550,12424,12708,13016,16566,9970
베트남,상용,2026,3,1,봄,0,255,335.5,318.72499999999997,301.95,259.25,266.41666666666663,334.9375,0.1,202603,1,1.0,6.123233995736766e-17,1.0,6.123233995736766e-17,,255,65025,,,0.05246696379701317,0.11074434725202183,0.2929875120076849,48,3.8918202981106265,180,5660.895833333333,373.4101851851852,19,2,2,베트남_상용,12,봄_상용,144,97248,5660.895833333333,7838.108668163646,24.25,29351.0,973.0,373.4101851851852,624.3789467077137,24.75,2828.6666666666665,12963.6,36680.90228685676,376,310,274,281,8312,4283
베트남,유학연수,2026,3,1,봄,0,255,7806.25,7415.9375,7025.625,5068.25,6989.833333333332,3883.520833333333,0.1,202603,1,1.0,6.123233995736766e-17,1.0,6.123233995736766e-17,,255,65025,,,0.05262448281382983,0.11109529824062049,0.5401193470434482,48,3.8918202981106265,180,5660.895833333333,1424.4648148148149,19,3,2,베트남_유학연수,12,봄_유학연수,144,97248,5660.895833333333,7838.108668163646,24.25,29351.0,973.0,1424.4648148148149,4236.256416933347,8.75,33336.0,12963.6,36680.90228685676,7646,7554,7360,7820,14853,10786
필리핀,공용,2026,3,1,봄,0,255,102.5,97.375,92.25,70.25,107.83333333333334,127.43749999999999,0.1,202603,1,1.0,6.123233995736766e-17,1.0,6.123233995736766e-17,,255,65025,,,0.052096569250317665,0.10991957104557641,0.45263157894736844,48,3.8918202981106265,180,4438.402777777778,273.81898148148144,59,0,2,필리핀_공용,12,봄_공용,144,97248,4438.402777777778,7934.530390261756,50.5,26180.333333333332,262.5,273.81898148148144,671.2705769271112,1.25,3532.0,12963.6,36680.90228685676,179,108,98,94,8302,4170
필리핀,관광,2026,3,1,봄,0,255,18233.5,17321.825,16410.15,11877.0,13304.083333333332,13576.833333333332,0.1,202603,1,1.0,6.123233995736766e-17,1.0,6.123233995736766e-17,,255,65025,,,0.05262854066816464,0.11110434064645064,0.5351490149856878,48,3.8918202981106265,180,4438.402777777778,44945.81712962963,59,1,2,필리핀_관광,12,봄_관광,144,97248,4438.402777777778,7934.530390261756,50.5,26180.333333333332,262.5,44945.81712962963,54906.56830808382,3273.0,224785.0,12963.6,36680.90228685676,14907,14860,14695,15112,19782,13084
필리핀,상용,2026,3,1,봄,0,255,403.5,383.325,363.15000000000003,244.25,309.5,304.70833333333337,0.1,202603,1,1.0,6.123233995736766e-17,1.0,6.123233995736766e-17,,255,65025,,,0.05249463344825346,0.11080598654400649,0.6493374108053007,48,3.8918202981106265,180,4438.402777777778,373.4101851851852,59,2,2,필리핀_상용,12,봄_상용,144,97248,4438.402777777778,7934.530390261756,50.5,26180.333333333332,262.5,373.4101851851852,624.3789467077137,24.75,2828.6666666666665,12963.6,36680.90228685676,439,377,315,340,8447,4295
필리핀,유학연수,2026,3,1,봄,0,255,82.25,78.1375,74.025,70.25,144.33333333333331,91.6875,0.1,202603,1,1.0,6.123233995736766e-17,1.0,6.123233995736766e-17,,255,65025,,,0.05196651397883427,0.10963012329223584,0.16842105263157894,48,3.8918202981106265,180,4438.402777777778,1424.4648148148149,59,3,2,필리핀_유학연수,12,봄_유학연수,144,97248,4438.402777777778,7934.530390261756,50.5,26180.333333333332,262.5,1424.4648148148149,4236.256416933347,8.75,33336.0,12963.6,36680.90228685676,190,110,129,127,8444,4267
대양주,공용,2026,3,1,봄,0,255,51.0,48.449999999999996,45.9,37.5,38.25,46.0625,0.1,202603,1,1.0,6.123233995736766e-17,1.0,6.123233995736766e-17,,255,65025,,,0.05156723963599605,0.10874200426439236,0.35064935064935066,48,3.8918202981106265,180,4086.9861111111113,273.81898148148144,6,0,2,대양주_공용,12,봄_공용,144,97248,4086.9861111111113,7438.677602550389,9.75,24126.0,78.625,273.81898148148144,671.2705769271112,1.25,3532.0,12963.6,36680.90228685676,119,48,47,34,8043,4077
대양주,관광,2026,3,1,봄,0,255,15365.75,14597.4625,13829.175000000001,9885.5,12028.666666666668,12406.041666666664,0.1,202603,1,1.0,6.123233995736766e-17,1.0,6.123233995736766e-17,,255,65025,,,0.05262797366503496,0.1111030771483368,0.5543164921863146,48,3.8918202981106265,180,4086.9861111111113,44945.81712962963,6,1,2,대양주_관광,12,봄_관광,144,97248,4086.9861111111113,7438.677602550389,9.75,24126.0,78.625,44945.81712962963,54906.56830808382,3273.0,224785.0,12963.6,36680.90228685676,13634,13489,13655,14117,19479,13015
대양주,상용,2026,3,1,봄,0,255,88.25,83.83749999999999,79.425,71.25,81.16666666666666,71.5,0.1,202603,1,1.0,6.123233995736766e-17,1.0,6.123233995736766e-17,,255,65025,,,0.05201119787829685,0.10972956170345045,0.23529411764705882,48,3.8918202981106265,180,4086.9861111111113,373.4101851851852,6,2,2,대양주_상용,12,봄_상용,144,97248,4086.9861111111113,7438.677602550389,9.75,24126.0,78.625,373.4101851851852,624.3789467077137,24.75,2828.6666666666665,12963.6,36680.90228685676,157,86,85,77,8106,4125
대양주,유학연수,2026,3,1,봄,0,255,15.25,14.487499999999999,13.725,10.75,43.416666666666664,31.14583333333333,0.1,202603,1,1.0,6.123233995736766e-17,1.0,6.123233995736766e-17,,255,65025,,,0.0492332526230832,0.10356536502546691,0.3829787234042553,48,3.8918202981106265,180,4086.9861111111113,1424.4648148148149,6,3,2,대양주_유학연수,12,봄_유학연수,144,97248,4086.9861111111113,7438.677602550389,9.75,24126.0,78.625,1424.4648148148149,4236.256416933347,8.75,33336.0,12963.6,36680.90228685676,97,18,44,37,8139,4125
오스트레일리아,공용,2026,3,1,봄,0,255,45.5,43.225,40.95,32.0,31.416666666666664,35.5625,0.1,202603,1,1.0,6.123233995736766e-17,1.0,6.123233995736766e-17,,255,65025,,,0.05144149236856978,0.10846245530393318,0.4090909090909091,48,3.8918202981106265,180,3468.059027777778,273.81898148148144,32,0,2,오스트레일리아_공용,12,봄_공용,144,97248,3468.059027777778,6322.503515646785,8.75,20359.666666666668,61.58333333333333,273.81898148148144,671.2705769271112,1.25,3532.0,12963.6,36680.90228685676,112,42,32,28,8028,4067
오스트레일리아,관광,2026,3,1,봄,0,255,13156.5,12498.675,11840.85,8513.75,10324.0,10522.4375,0.1,202603,1,1.0,6.123233995736766e-17,1.0,6.123233995736766e-17,,255,65025,,,0.05262736831157616,0.11110172819280768,0.5452596964091723,48,3.8918202981106265,180,3468.059027777778,44945.81712962963,32,1,2,오스트레일리아_관광,12,봄_관광,144,97248,3468.059027777778,6322.503515646785,8.75,20359.666666666668,61.58333333333333,44945.81712962963,54906.56830808382,3273.0,224785.0,12963.6,36680.90228685676,11734,11589,11561,12249,18274,11841
오스트레일리아,상용,2026,3,1,봄,0,255,73.0,69.35,65.7,59.25,66.5,57.458333333333336,0.1,202603,1,1.0,6.123233995736766e-17,1.0,6.123233995736766e-17,,255,65025,,,0.05188343994314152,0.10944527736131929,0.22821576763485477,48,3.8918202981106265,180,3468.059027777778,373.4101851851852,32,2,2,오스트레일리아_상용,12,봄_상용,144,97248,3468.059027777778,6322.503515646785,8.75,20359.666666666668,61.58333333333333,373.4101851851852,624.3789467077137,24.75,2828.6666666666665,12963.6,36680.90228685676,143,71,73,62,8082,4106
오스트레일리아,유학연수,2026,3,1,봄,0,255,10.75,10.2125,9.675,7.75,34.58333333333333,25.625,0.1,202603,1,1.0,6.123233995736766e-17,1.0,6.123233995736766e-17,,255,65025,,,0.04793756967670008,0.10070257611241211,0.34285714285714286,48,3.8918202981106265,180,3468.059027777778,1424.4648148148149,32,3,2,오스트레일리아_유학연수,12,봄_유학연수,144,97248,3468.059027777778,6322.503515646785,8.75,20359.666666666668,61.58333333333333,1424.4648148148149,4236.256416933347,8.75,33336.0,12963.6,36680.90228685676,93,16,37,29,8116,4107
러시아(연방),공용,2026,3,1,봄,0,255,9.5,9.025,8.55,7.25,9.916666666666666,11.979166666666666,0.1,202603,1,1.0,6.123233995736766e-17,1.0,6.123233995736766e-17,,255,65025,,,0.047381546134663305,0.09947643979057584,0.2727272727272727,48,3.8918202981106265,180,1874.1996527777776,273.81898148148144,9,0,2,러시아(연방)_공용,12,봄_공용,144,97248,1874.1996527777776,3250.0297276663496,5.0,10342.25,94.875,273.81898148148144,671.2705769271112,1.25,3532.0,12963.6,36680.90228685676,84,12,11,7,8001,4056
러시아(연방),관광,2026,3,1,봄,0,255,7526.25,7149.9375,6773.625,4537.75,4884.833333333333,5422.875,0.1,202603,1,1.0,6.123233995736766e-17,1.0,6.123233995736766e-17,,255,65025,,,0.052624218852423195,0.11109471003930106,0.6584412007711374,48,3.8918202981106265,180,1874.1996527777776,44945.81712962963,9,1,2,러시아(연방)_관광,12,봄_관광,144,97248,1874.1996527777776,3250.0297276663496,5.0,10342.25,94.875,44945.81712962963,54906.56830808382,3273.0,224785.0,12963.6,36680.90228685676,5692,5564,5926,5861,13218,6813
러시아(연방),상용,2026,3,1,봄,0,255,90.0,85.5,81.0,70.25,92.08333333333333,81.875,0.1,202603,1,1.0,6.123233995736766e-17,1.0,6.123233995736766e-17,,255,65025,,,0.05202312138728324,0.10975609756097561,0.2771929824561403,48,3.8918202981106265,180,1874.1996527777776,373.4101851851852,9,2,2,러시아(연방)_상용,12,봄_상용,144,97248,1874.1996527777776,3250.0297276663496,5.0,10342.25,94.875,373.4101851851852,624.3789467077137,24.75,2828.6666666666665,12963.6,36680.90228685676,162,89,92,84,8099,4138
러시아(연방),유학연수,2026,3,1,봄,0,255,224.0,212.79999999999998,201.6,169.25,331.9166666666667,220.60416666666666,0.1,202603,1,1.0,6.123233995736766e-17,1.0,6.123233995736766e-17,,255,65025,,,0.05238540692235743,0.11056268509378088,0.32158590308370044,48,3.8918202981106265,180,1874.1996527777776,1424.4648148148149,9,3,2,러시아(연방)_유학연수,12,봄_유학연수,144,97248,1874.1996527777776,3250.0297276663496,5.0,10342.25,94.875,1424.4648148148149,4236.256416933347,8.75,33336.0,12963.6,36680.90228685676,345,252,304,339,8462,4473
캐나다,공용,2026,3,1,봄,0,255,45.5,43.225,40.95,29.25,35.916666666666664,26.75,0.1,202603,1,1.0,6.123233995736766e-17,1.0,6.123233995736766e-17,,255,65025,,,0.05144149236856978,0.10846245530393318,0.5371900826446281,48,3.8918202981106265,180,3146.125,273.81898148148144,48,0,2,캐나다_공용,12,봄_공용,144,97248,3146.125,5707.001325929473,13.5,17405.333333333332,33.16666666666667,273.81898148148144,671.2705769271112,1.25,3532.0,12963.6,36680.90228685676,115,44,36,32,8059,4078
캐나다,관광,2026,3,1,봄,0,255,13382.75,12713.6125,12044.475,8185.5,8780.75,9597.041666666666,0.1,202603,1,1.0,6.123233995736766e-17,1.0,6.123233995736766e-17,,255,65025,,,0.052627439491372684,0.11110188680811671,0.6348561656385513,48,3.8918202981106265,180,3146.125,44945.81712962963,48,1,2,캐나다_관광,12,봄_관광,144,97248,3146.125,5707.001325929473,13.5,17405.333333333332,33.16666666666667,44945.81712962963,54906.56830808382,3273.0,224785.0,12963.6,36680.90228685676,11306,11073,11963,12042,15453,8920
캐나다,상용,2026,3,1,봄,0,255,31.5,29.924999999999997,28.35,27.75,29.0,28.291666666666664,0.1,202603,1,1.0,6.123233995736766e-17,1.0,6.123233995736766e-17,,255,65025,,,0.05092966855295079,0.10732538330494032,0.13043478260869565,48,3.8918202981106265,180,3146.125,373.4101851851852,48,2,2,캐나다_상용,12,봄_상용,144,97248,3146.125,5707.001325929473,13.5,17405.333333333332,33.16666666666667,373.4101851851852,624.3789467077137,24.75,2828.6666666666665,12963.6,36680.90228685676,103,31,30,26,8063,4067
캐나다,유학연수,2026,3,1,봄,0,255,16.75,15.9125,15.075000000000001,14.0,65.5,46.416666666666664,0.1,202603,1,1.0,6.123233995736766e-17,1.0,6.123233995736766e-17,,255,65025,,,0.049519586104951975,0.10419906687402791,0.18333333333333332,48,3.8918202981106265,180,3146.125,1424.4648148148149,48,3,2,캐나다_유학연수,12,봄_유학연수,144,97248,3146.125,5707.001325929473,13.5,17405.333333333332,33.16666666666667,1424.4648148148149,4236.256416933347,8.75,33336.0,12963.6,36680.90228685676,112,30,71,58,8179,4151
인도네시아,공용,2026,3,1,봄,0,255,77.5,73.625,69.75,69.25,68.5,170.89583333333331,0.1,202603,1,1.0,6.123233995736766e-17,1.0,6.123233995736766e-17,,255,65025,,,0.051926298157453935,0.10954063604240283,0.11743772241992882,48,3.8918202981106265,180,3109.793402777778,273.81898148148144,42,0,2,인도네시아_공용,12,봄_공용,144,97248,3109.793402777778,5382.022766140716,60.0,19254.0,207.33333333333334,273.81898148148144,671.2705769271112,1.25,3532.0,12963.6,36680.90228685676,149,75,97,66,8272,4098
인도네시아,관광,2026,3,1,봄,0,255,11517.5,10941.625,10365.75,6785.5,9696.333333333334,9498.354166666668,0.1,202603,1,1.0,6.123233995736766e-17,1.0,6.123233995736766e-17,,255,65025,,,0.05262676917101701,0.11110039308365688,0.6972666322846828,48,3.8918202981106265,180,3109.793402777778,44945.81712962963,42,1,2,인도네시아_관광,12,봄_관광,144,97248,3109.793402777778,5382.022766140716,60.0,19254.0,207.33333333333334,44945.81712962963,54906.56830808382,3273.0,224785.0,12963.6,36680.90228685676,11112,11064,10510,11297,18674,12075
인도네시아,상용,2026,3,1,봄,0,255,152.5,144.875,137.25,87.5,112.91666666666666,114.10416666666666,0.1,202603,1,1.0,6.123233995736766e-17,1.0,6.123233995736766e-17,,255,65025,,,0.05227077977720651,0.11030741410488246,0.7344632768361582,48,3.8918202981106265,180,3109.793402777778,373.4101851851852,42,2,2,인도네시아_상용,12,봄_상용,144,97248,3109.793402777778,5382.022766140716,60.0,19254.0,207.33333333333334,373.4101851851852,624.3789467077137,24.75,2828.6666666666665,12963.6,36680.90228685676,205,139,110,104,8345,4153
인도네시아,유학연수,2026,3,1,봄,0,255,245.5,233.225,220.95000000000002,184.5,444.16666666666663,275.6666666666667,0.1,202603,1,1.0,6.123233995736766e-17,1.0,6.123233995736766e-17,,255,65025,,,0.052406873732522175,0.11061049785987827,0.3288409703504043,48,3.8918202981106265,180,3109.793402777778,1424.4648148148149,42,3,2,인도네시아_유학연수,12,봄_유학연수,144,97248,3109.793402777778,5382.022766140716,60.0,19254.0,207.33333333333334,1424.4648148148149,4236.256416933347,8.75,33336.0,12963.6,36680.90228685676,447,352,410,433,8893,4679
중국,공용,2026,4,2,봄,0,256,256.0,243.2,230.4,163.0,170.91666666666669,167.27083333333331,0.1,202604,1,0.8660254037844387,-0.4999999999999998,1.2246467991473532e-16,-1.0,,256,65536,,,0.05241605241605247,0.11063094209161622,0.5670731707317073,48,3.8918202981106265,180,46212.04861111112,273.81898148148144,44,0,2,중국_공용,12,봄_공용,192,97248,46212.04861111112,72909.78306073407,56.25,205420.25,3584.458333333333,273.81898148148144,671.2705769271112,1.25,3532.0,12963.6,36680.90228685676,270,205,177,174,8220,4165
중국,관광,2026,4,2,봄,0,256,201924.0,191827.8,181731.6,107583.25,163470.8333333333,135635.91666666666,0.1,202604,1,0.8660254037844387,-0.4999999999999998,1.2246467991473532e-16,-1.0,,256,65536,,,0.05263130457991716,0.1111104997122145,0.8769011263265766,48,3.8918202981106265,180,46212.04861111112,44945.81712962963,44,1,2,중국_관광,12,봄_관광,192,97248,46212.04861111112,72909.78306073407,56.25,205420.25,3584.458333333333,44945.81712962963,54906.56830808382,3273.0,224785.0,12963.6,36680.90228685676,175318,177866,142257,181401,141583,133595
중국,상용,2026,4,2,봄,0,256,2520.5,2394.475,2268.4500000000003,1672.5,2371.4166666666665,2003.4791666666665,0.1,202604,1,0.8660254037844387,-0.4999999999999998,1.2246467991473532e-16,-1.0,,256,65536,,,0.05260960769784702,0.11106215162263972,0.5067224380041828,48,3.8918202981106265,180,46212.04861111112,373.4101851851852,44,2,2,중국_상용,12,봄_상용,192,97248,46212.04861111112,72909.78306073407,56.25,205420.25,3584.458333333333,373.4101851851852,624.3789467077137,24.75,2828.6666666666665,12963.6,36680.90228685676,2548,2468,2524,2498,10332,6259
중국,유학연수,2026,4,2,봄,0,256,6577.5,6248.625,5919.75,3985.5,18584.833333333336,11757.75,0.1,202604,1,0.8660254037844387,-0.4999999999999998,1.2246467991473532e-16,-1.0,,256,65536,,,0.05262315738944336,0.11109234471984124,0.6501944061206573,48,3.8918202981106265,180,46212.04861111112,1424.4648148148149,44,3,2,중국_유학연수,12,봄_유학연수,192,97248,46212.04861111112,72909.78306073407,56.25,205420.25,3584.458333333333,1424.4648148148149,4236.256416933347,8.75,33336.0,12963.6,36680.90228685676,15689,15846,11298,15604,35404,31857
일본,공용,2026,4,2,봄,0,256,110.75,105.21249999999999,99.675,69.25,103.25,120.85416666666666,0.1,202604,1,0.8660254037844387,-0.4999999999999998,1.2246467991473532e-16,-1.0,,256,65536,,,0.05213604801694724,0.11000744971442765,0.5907473309608541,48,3.8918202981106265,180,43674.144097222226,273.81898148148144,43,0,2,일본_공용,12,봄_공용,192,97248,43674.144097222226,77578.9924823001,82.75,224785.0,1031.25,273.81898148148144,671.2705769271112,1.25,3532.0,12963.6,36680.90228685676,183,114,99,92,8259,4043
일본,관광,2026,4,2,봄,0,256,150784.25,143245.0375,135705.825,87624.5,165509.0833333333,139367.5625,0.1,202604,1,0.8660254037844387,-0.4999999999999998,1.2246467991473532e-16,-1.0,,256,65536,,,0.05263121152653171,0.11111029235265056,0.7207918927709399,48,3.8918202981106265,180,43674.144097222226,44945.81712962963,43,1,2,일본_관광,12,봄_관광,192,97248,43674.144097222226,77578.9924823001,82.75,224785.0,1031.25,44945.81712962963,54906.56830808382,3273.0,224785.0,12963.6,36680.90228685676,169029,171164,136800,173140,180840,174917
일본,상용,2026,4,2,봄,0,256,949.75,902.2624999999999,854.775,762.0,987.4166666666667,1037.7916666666667,0.1,202604,1,0.8660254037844387,-0.4999999999999998,1.2246467991473532e-16,-1.0,,256,65536,,,0.052573310637826845,0.11098127428354418,0.2460681520314548,48,3.8918202981106265,180,43674.144097222226,373.4101851851852,43,2,2,일본_상용,12,봄_상용,192,97248,43674.144097222226,77578.9924823001,82.75,224785.0,1031.25,373.4101851851852,624.3789467077137,24.75,2828.6666666666665,12963.6,36680.90228685676,1023,945,968,962,9126,4895
일본,유학연수,2026,4,2,봄,0,256,263.75,250.5625,237.375,188.25,1246.75,974.1666666666667,0.1,202604,1,0.8660254037844387,-0.4999999999999998,1.2246467991473532e-16,-1.0,,256,65536,,,0.05242236024844721,0.11064499213424227,0.3989431968295905,48,3.8918202981106265,180,43674.144097222226,1424.4648148148149,43,3,2,일본_유학연수,12,봄_유학연수,192,97248,43674.144097222226,77578.9924823001,82.75,224785.0,1031.25,1424.4648148148149,4236.256416933347,8.75,33336.0,12963.6,36680.90228685676,1175,1083,1085,1129,10134,5911
대만,공용,2026,4,2,봄,0,256,9.5,9.025,8.55,6.75,9.666666666666668,8.375,0.1,202604,1,0.8660254037844387,-0.4999999999999998,1.2246467991473532e-16,-1.0,,256,65536,,,0.047381546134663305,0.09947643979057584,0.3548387096774194,48,3.8918202981106265,180,19442.779513888887,273.81898148148144,5,0,2,대만_공용,12,봄_공용,192,97248,19442.779513888887,33871.209868563164,5.0,85999.0,171.83333333333331,273.81898148148144,671.2705769271112,1.25,3532.0,12963.6,36680.90228685676,81,11,12,7,7781,3869
대만,관광,2026,4,2,봄,0,256,85999.0,81699.05,77399.1,48360.0,76602.0,62802.91666666667,0.1,202604,1,0.8660254037844387,-0.4999999999999998,1.2246467991473532e-16,-1.0,,256,65536,,,0.05263093474238996,0.11110967556889453,0.7782924257149356,48,3.8918202981106265,180,19442.779513888887,44945.81712962963,5,1,2,대만_관광,12,봄_관광,192,97248,19442.779513888887,33871.209868563164,5.0,85999.0,171.83333333333331,44945.81712962963,54906.56830808382,3273.0,224785.0,12963.6,36680.90228685676,89209,88561,92527,91848,78105,71485
대만,상용,2026,4,2,봄,0,256,124.0,117.8,111.60000000000001,106.75,117.58333333333331,124.35416666666667,0.1,202604,1,0.8660254037844387,-0.4999999999999998,1.2246467991473532e-16,-1.0,,256,65536,,,0.052188552188552215,0.11012433392539957,0.16009280742459397,48,3.8918202981106265,180,19442.779513888887,373.4101851851852,5,2,2,대만_상용,12,봄_상용,192,97248,19442.779513888887,33871.209868563164,5.0,85999.0,171.83333333333331,373.4101851851852,624.3789467077137,24.75,2828.6666666666665,12963.6,36680.90228685676,193,126,113,106,7889,3961
대만,유학연수,2026,4,2,봄,0,256,124.75,118.51249999999999,112.275,76.75,449.08333333333337,304.04166666666663,0.1,202604,1,0.8660254037844387,-0.4999999999999998,1.2246467991473532e-16,-1.0,,256,65536,,,0.05219119338981288,0.11013021408077682,0.617363344051447,48,3.8918202981106265,180,19442.779513888887,1424.4648148148149,5,3,2,대만_유학연수,12,봄_유학연수,192,97248,19442.779513888887,33871.209868563164,5.0,85999.0,171.83333333333331,1424.4648148148149,4236.256416933347,8.75,33336.0,12963.6,36680.90228685676,408,318,409,363,8512,4565
미국,공용,2026,4,2,봄,0,256,2877.75,2733.8624999999997,2589.975,1966.5,2432.4166666666665,2479.458333333333,0.1,202604,1,0.8660254037844387,-0.4999999999999998,1.2246467991473532e-16,-1.0,,256,65536,,,0.052612334258120945,0.11106822721176395,0.46315120711562896,48,3.8918202981106265,180,17662.763888888887,273.81898148148144,14,0,2,미국_공용,12,봄_공용,192,97248,17662.763888888887,30507.139956446303,106.33333333333333,91502.0,1885.7083333333335,273.81898148148144,671.2705769271112,1.25,3532.0,12963.6,36680.90228685676,2833,2791,2576,2755,10242,5910
미국,관광,2026,4,2,봄,0,256,85464.75,81191.5125,76918.27500000001,53889.25,62264.33333333333,55593.91666666667,0.1,202604,1,0.8660254037844387,-0.4999999999999998,1.2246467991473532e-16,-1.0,,256,65536,,,0.05263093071544009,0.11110966659527134,0.5859223143332978,48,3.8918202981106265,180,17662.763888888887,44945.81712962963,14,1,2,미국_관광,12,봄_관광,192,97248,17662.763888888887,30507.139956446303,106.33333333333333,91502.0,1885.7083333333335,44945.81712962963,54906.56830808382,3273.0,224785.0,12963.6,36680.90228685676,78460,77264,100505,76065,54413,46767
미국,상용,2026,4,2,봄,0,256,216.25,205.4375,194.625,167.75,202.75,204.6875,0.1,202604,1,0.8660254037844387,-0.4999999999999998,1.2246467991473532e-16,-1.0,,256,65536,,,0.052376627308507416,0.11054313099041534,0.2874074074074074,48,3.8918202981106265,180,17662.763888888887,373.4101851851852,14,2,2,미국_상용,12,봄_상용,192,97248,17662.763888888887,30507.139956446303,106.33333333333333,91502.0,1885.7083333333335,373.4101851851852,624.3789467077137,24.75,2828.6666666666665,12963.6,36680.90228685676,284,215,201,190,8479,4154
미국,유학연수,2026,4,2,봄,0,256,107.5,102.125,96.75,75.0,609.6666666666666,453.6875,0.1,202604,1,0.8660254037844387,-0.4999999999999998,1.2246467991473532e-16,-1.0,,256,65536,,,0.052121212121212124,0.10997442455242967,0.4276315789473684,48,3.8918202981106265,180,17662.763888888887,1424.4648148148149,14,3,2,미국_유학연수,12,봄_유학연수,192,97248,17662.763888888887,30507.139956446303,106.33333333333333,91502.0,1885.7083333333335,1424.4648148148149,4236.256416933347,8.75,33336.0,12963.6,36680.90228685676,521,415,559,504,9295,4959
홍콩,공용,2026,4,2,봄,0,256,2.0,1.9,1.8,1.0,2.0,1.8124999999999998,0.1,202604,1,0.8660254037844387,-0.4999999999999998,1.2246467991473532e-16,-1.0,,256,65536,,,0.03448275862068969,0.07142857142857141,0.5,48,3.8918202981106265,180,7774.140625,273.81898148148144,60,0,2,홍콩_공용,12,봄_공용,192,97248,7774.140625,13803.683275345851,1.25,42363.0,70.16666666666666,273.81898148148144,671.2705769271112,1.25,3532.0,12963.6,36680.90228685676,72,1,5,6,7747,3842
홍콩,관광,2026,4,2,봄,0,256,36039.0,34237.049999999996,32435.100000000002,20004.75,28537.999999999993,25026.64583333333,0.1,202604,1,0.8660254037844387,-0.4999999999999998,1.2246467991473532e-16,-1.0,,256,65536,,,0.052630041722586555,0.11110768557255643,0.8014820739037527,48,3.8918202981106265,180,7774.140625,44945.81712962963,60,1,2,홍콩_관광,12,봄_관광,192,97248,7774.140625,13803.683275345851,1.25,42363.0,70.16666666666666,44945.81712962963,54906.56830808382,3273.0,224785.0,12963.6,36680.90228685676,31776,31311,34337,32998,32416,25849
홍콩,상용,2026,4,2,봄,0,256,50.25,47.7375,45.225,36.75,45.75000000000001,44.6875,0.1,202604,1,0.8660254037844387,-0.4999999999999998,1.2246467991473532e-16,-1.0,,256,65536,,,0.05155167991792774,0.10870740941049212,0.3576158940397351,48,3.8918202981106265,180,7774.140625,373.4101851851852,60,2,2,홍콩_상용,12,봄_상용,192,97248,7774.140625,13803.683275345851,1.25,42363.0,70.16666666666666,373.4101851851852,624.3789467077137,24.75,2828.6666666666665,12963.6,36680.90228685676,120,50,54,44,7799,3878
홍콩,유학연수,2026,4,2,봄,0,256,66.0,62.699999999999996,59.4,44.25,212.0,150.97916666666666,0.1,202604,1,0.8660254037844387,-0.4999999999999998,1.2246467991473532e-16,-1.0,,256,65536,,,0.0518053375196233,0.10927152317880798,0.48066298342541436,48,3.8918202981106265,180,7774.140625,1424.4648148148149,60,3,2,홍콩_유학연수,12,봄_유학연수,192,97248,7774.140625,13803.683275345851,1.25,42363.0,70.16666666666666,1424.4648148148149,4236.256416933347,8.75,33336.0,12963.6,36680.90228685676,224,148,182,155,8116,4168
태국,공용,2026,4,2,봄,0,256,246.5,234.17499999999998,221.85,156.0,218.16666666666669,216.47916666666669,0.1,202604,1,0.8660254037844387,-0.4999999999999998,1.2246467991473532e-16,-1.0,,256,65536,,,0.05240778143935375,0.11061251963203951,0.5764331210191083,48,3.8918202981106265,180,5410.644097222222,273.81898148148144,52,0,2,태국_공용,12,봄_공용,192,97248,5410.644097222222,10043.429966232909,50.666666666666664,36286.333333333336,176.875,273.81898148148144,671.2705769271112,1.25,3532.0,12963.6,36680.90228685676,300,237,211,201,8160,4045
태국,관광,2026,4,2,봄,0,256,31830.5,30238.975,28647.45,22954.25,22898.999999999996,17518.458333333336,0.1,202604,1,0.8660254037844387,-0.4999999999999998,1.2246467991473532e-16,-1.0,,256,65536,,,0.052629838483662816,0.11110723267750958,0.3866762505309243,48,3.8918202981106265,180,5410.644097222222,44945.81712962963,52,1,2,태국_관광,12,봄_관광,192,97248,5410.644097222222,10043.429966232909,50.666666666666664,36286.333333333336,176.875,44945.81712962963,54906.56830808382,3273.0,224785.0,12963.6,36680.90228685676,26615,25788,27864,30180,27205,20414
태국,상용,2026,4,2,봄,0,256,83.25,79.08749999999999,74.925,60.0,71.08333333333333,64.29166666666667,0.1,202604,1,0.8660254037844387,-0.4999999999999998,1.2246467991473532e-16,-1.0,,256,65536,,,0.051974402996722444,0.10964767863022724,0.38114754098360654,48,3.8918202981106265,180,5410.644097222222,373.4101851851852,52,2,2,태국_상용,12,봄_상용,192,97248,5410.644097222222,10043.429966232909,50.666666666666664,36286.333333333336,176.875,373.4101851851852,624.3789467077137,24.75,2828.6666666666665,12963.6,36680.90228685676,148,78,73,70,8048,3918
태국,유학연수,2026,4,2,봄,0,256,53.25,50.5875,47.925000000000004,35.75,196.08333333333331,145.75,0.1,202604,1,0.8660254037844387,-0.4999999999999998,1.2246467991473532e-16,-1.0,,256,65536,,,0.05161133995638481,0.10884006131834431,0.47619047619047616,48,3.8918202981106265,180,5410.644097222222,1424.4648148148149,52,3,2,태국_유학연수,12,봄_유학연수,192,97248,5410.644097222222,10043.429966232909,50.666666666666664,36286.333333333336,176.875,1424.4648148148149,4236.256416933347,8.75,33336.0,12963.6,36680.90228685676,217,140,176,144,8325,4168
말레이시아,공용,2026,4,2,봄,0,256,9.0,8.549999999999999,8.1,4.75,7.833333333333334,8.791666666666668,0.1,202604,1,0.8660254037844387,-0.4999999999999998,1.2246467991473532e-16,-1.0,,256,65536,,,0.04712041884816766,0.09890109890109894,0.7391304347826086,48,3.8918202981106265,180,4232.541666666667,273.81898148148144,11,0,2,말레이시아_공용,12,봄_공용,192,97248,4232.541666666667,7878.866471116315,5.25,26265.333333333332,82.66666666666666,273.81898148148144,671.2705769271112,1.25,3532.0,12963.6,36680.90228685676,79,10,7,4,7781,3856
말레이시아,관광,2026,4,2,봄,0,256,20552.75,19525.1125,18497.475000000002,13543.0,17672.75,13715.937499999998,0.1,202604,1,0.8660254037844387,-0.4999999999999998,1.2246467991473532e-16,-1.0,,256,65536,,,0.05262888350151628,0.11110510460997447,0.5175538984051978,48,3.8918202981106265,180,4232.541666666667,44945.81712962963,11,1,2,말레이시아_관광,12,봄_관광,192,97248,4232.541666666667,7878.866471116315,5.25,26265.333333333332,82.66666666666666,44945.81712962963,54906.56830808382,3273.0,224785.0,12963.6,36680.90228685676,19241,19095,18275,20124,25841,19480
말레이시아,상용,2026,4,2,봄,0,256,94.75,90.0125,85.275,61.75,83.91666666666666,71.85416666666666,0.1,202604,1,0.8660254037844387,-0.4999999999999998,1.2246467991473532e-16,-1.0,,256,65536,,,0.052053289383326436,0.10982323964068379,0.5258964143426295,48,3.8918202981106265,180,4232.541666666667,373.4101851851852,11,2,2,말레이시아_상용,12,봄_상용,192,97248,4232.541666666667,7878.866471116315,5.25,26265.333333333332,82.66666666666666,373.4101851851852,624.3789467077137,24.75,2828.6666666666665,12963.6,36680.90228685676,162,94,88,83,7860,3919
말레이시아,유학연수,2026,4,2,봄,0,256,37.5,35.625,33.75,20.25,250.66666666666666,155.8125,0.1,202604,1,0.8660254037844387,-0.4999999999999998,1.2246467991473532e-16,-1.0,,256,65536,,,0.051194539249146756,0.1079136690647482,0.8117647058823529,48,3.8918202981106265,180,4232.541666666667,1424.4648148148149,11,3,2,말레이시아_유학연수,12,봄_유학연수,192,97248,4232.541666666667,7878.866471116315,5.25,26265.333333333332,82.66666666666666,1424.4648148148149,4236.256416933347,8.75,33336.0,12963.6,36680.90228685676,268,190,224,198,8237,4272
싱가포르,공용,2026,4,2,봄,0,256,10.25,9.737499999999999,9.225,7.75,12.166666666666668,11.583333333333332,0.1,202604,1,0.8660254037844387,-0.4999999999999998,1.2246467991473532e-16,-1.0,,256,65536,,,0.04772991850989533,0.10024449877750614,0.2857142857142857,48,3.8918202981106265,180,6122.14236111111,273.81898148148144,28,0,2,싱가포르_공용,12,봄_공용,192,97248,6122.14236111111,12378.40829217557,6.25,54384.333333333336,146.91666666666669,273.81898148148144,671.2705769271112,1.25,3532.0,12963.6,36680.90228685676,83,13,12,9,7791,3861
싱가포르,관광,2026,4,2,봄,0,256,24981.25,23732.1875,22483.125,15908.0,20414.25,19569.395833333332,0.1,202604,1,0.8660254037844387,-0.4999999999999998,1.2246467991473532e-16,-1.0,,256,65536,,,0.05262936131103334,0.11110616935282115,0.5703218304104595,48,3.8918202981106265,180,6122.14236111111,44945.81712962963,28,1,2,싱가포르_관광,12,봄_관광,192,97248,6122.14236111111,12378.40829217557,6.25,54384.333333333336,146.91666666666669,44945.81712962963,54906.56830808382,3273.0,224785.0,12963.6,36680.90228685676,21567,21079,22459,23346,26484,20003
싱가포르,상용,2026,4,2,봄,0,256,180.0,171.0,162.0,155.0,171.16666666666669,164.25,0.1,202604,1,0.8660254037844387,-0.4999999999999998,1.2246467991473532e-16,-1.0,,256,65536,,,0.05232558139534884,0.11042944785276074,0.16025641025641027,48,3.8918202981106265,180,6122.14236111111,373.4101851851852,28,2,2,싱가포르_상용,12,봄_상용,192,97248,6122.14236111111,12378.40829217557,6.25,54384.333333333336,146.91666666666669,373.4101851851852,624.3789467077137,24.75,2828.6666666666665,12963.6,36680.90228685676,246,179,165,164,7949,4003
싱가포르,유학연수,2026,4,2,봄,0,256,15.0,14.25,13.5,11.0,85.58333333333333,56.916666666666664,0.1,202604,1,0.8660254037844387,-0.4999999999999998,1.2246467991473532e-16,-1.0,,256,65536,,,0.04918032786885246,0.10344827586206896,0.3333333333333333,48,3.8918202981106265,180,6122.14236111111,1424.4648148148149,28,3,2,싱가포르_유학연수,12,봄_유학연수,192,97248,6122.14236111111,12378.40829217557,6.25,54384.333333333336,146.91666666666669,1424.4648148148149,4236.256416933347,8.75,33336.0,12963.6,36680.90228685676,117,35,86,73,7972,3995
베트남,공용,2026,4,2,봄,0,256,158.5,150.575,142.65,123.0,100.75,170.5625,0.1,202604,1,0.8660254037844387,-0.4999999999999998,1.2246467991473532e-16,-1.0,,256,65536,,,0.052284347682665426,0.1103376261747302,0.2862903225806452,48,3.8918202981106265,180,5660.895833333333,273.81898148148144,19,0,2,베트남_공용,12,봄_공용,192,97248,5660.895833333333,7838.108668163646,24.25,29351.0,973.0,273.81898148148144,671.2705769271112,1.25,3532.0,12963.6,36680.90228685676,193,128,120,99,7915,3925
베트남,관광,2026,4,2,봄,0,256,22941.25,21794.1875,20647.125,15752.25,15365.666666666664,14263.0625,0.1,202604,1,0.8660254037844387,-0.4999999999999998,1.2246467991473532e-16,-1.0,,256,65536,,,0.052629164121666766,0.11110572993915913,0.4563502769269833,48,3.8918202981106265,180,5660.895833333333,44945.81712962963,19,1,2,베트남_관광,12,봄_관광,192,97248,5660.895833333333,7838.108668163646,24.25,29351.0,973.0,44945.81712962963,54906.56830808382,3273.0,224785.0,12963.6,36680.90228685676,18450,18386,17704,19240,19927,13277
베트남,상용,2026,4,2,봄,0,256,342.25,325.1375,308.02500000000003,267.75,315.25,341.1458333333333,0.1,202604,1,0.8660254037844387,-0.4999999999999998,1.2246467991473532e-16,-1.0,,256,65536,,,0.05247020045226327,0.11075155731736902,0.2772093023255814,48,3.8918202981106265,180,5660.895833333333,373.4101851851852,19,2,2,베트남_상용,12,봄_상용,192,97248,5660.895833333333,7838.108668163646,24.25,29351.0,973.0,373.4101851851852,624.3789467077137,24.75,2828.6666666666665,12963.6,36680.90228685676,406,335,327,340,8165,4160
베트남,유학연수,2026,4,2,봄,0,256,1285.0,1220.75,1156.5,1071.0,6627.25,3901.354166666666,0.1,202604,1,0.8660254037844387,-0.4999999999999998,1.2246467991473532e-16,-1.0,,256,65536,,,0.05258850010231226,0.11101511879049676,0.19962686567164178,48,3.8918202981106265,180,5660.895833333333,1424.4648148148149,19,3,2,베트남_유학연수,12,봄_유학연수,192,97248,5660.895833333333,7838.108668163646,24.25,29351.0,973.0,1424.4648148148149,4236.256416933347,8.75,33336.0,12963.6,36680.90228685676,5425,5171,5332,5824,18465,14675
필리핀,공용,2026,4,2,봄,0,256,145.75,138.4625,131.175,95.25,111.83333333333331,131.64583333333331,0.1,202604,1,0.8660254037844387,-0.4999999999999998,1.2246467991473532e-16,-1.0,,256,65536,,,0.05225419019449669,0.11027047474938519,0.5246753246753246,48,3.8918202981106265,180,4438.402777777778,273.81898148148144,59,0,2,필리핀_공용,12,봄_공용,192,97248,4438.402777777778,7934.530390261756,50.5,26180.333333333332,262.5,273.81898148148144,671.2705769271112,1.25,3532.0,12963.6,36680.90228685676,199,135,110,101,8049,3937
필리핀,관광,2026,4,2,봄,0,256,22571.75,21443.1625,20314.575,12884.75,17159.666666666664,14384.083333333332,0.1,202604,1,0.8660254037844387,-0.4999999999999998,1.2246467991473532e-16,-1.0,,256,65536,,,0.05262912459276512,0.11110564185360243,0.751760665851813,48,3.8918202981106265,180,4438.402777777778,44945.81712962963,59,1,2,필리핀_관광,12,봄_관광,192,97248,4438.402777777778,7934.530390261756,50.5,26180.333333333332,262.5,44945.81712962963,54906.56830808382,3273.0,224785.0,12963.6,36680.90228685676,19552,19426,18039,20812,23409,16738
필리핀,상용,2026,4,2,봄,0,256,406.0,385.7,365.40000000000003,269.75,353.66666666666663,316.0625,0.1,202604,1,0.8660254037844387,-0.4999999999999998,1.2246467991473532e-16,-1.0,,256,65536,,,0.05249547452805796,0.11080786026200863,0.5032317636195752,48,3.8918202981106265,180,4438.402777777778,373.4101851851852,59,2,2,필리핀_상용,12,봄_상용,192,97248,4438.402777777778,7934.530390261756,50.5,26180.333333333332,262.5,373.4101851851852,624.3789467077137,24.75,2828.6666666666665,12963.6,36680.90228685676,458,392,352,380,8292,4163
필리핀,유학연수,2026,4,2,봄,0,256,50.5,47.974999999999994,45.45,42.5,111.16666666666666,92.35416666666666,0.1,202604,1,0.8660254037844387,-0.4999999999999998,1.2246467991473532e-16,-1.0,,256,65536,,,0.05155691679428292,0.10871905274488691,0.1839080459770115,48,3.8918202981106265,180,4438.402777777778,1424.4648148148149,59,3,2,필리핀_유학연수,12,봄_유학연수,192,97248,4438.402777777778,7934.530390261756,50.5,26180.333333333332,262.5,1424.4648148148149,4236.256416933347,8.75,33336.0,12963.6,36680.90228685676,151,74,97,88,8173,4016
대양주,공용,2026,4,2,봄,0,256,59.0,56.05,53.1,42.5,47.583333333333336,47.4375,0.1,202604,1,0.8660254037844387,-0.4999999999999998,1.2246467991473532e-16,-1.0,,256,65536,,,0.05170902716914992,0.10905730129390015,0.3793103448275862,48,3.8918202981106265,180,4086.9861111111113,273.81898148148144,6,0,2,대양주_공용,12,봄_공용,192,97248,4086.9861111111113,7438.677602550389,9.75,24126.0,78.625,273.81898148148144,671.2705769271112,1.25,3532.0,12963.6,36680.90228685676,125,57,52,43,7824,3880
대양주,관광,2026,4,2,봄,0,256,23192.25,22032.6375,20873.025,13445.0,15467.25,13218.312499999996,0.1,202604,1,0.8660254037844387,-0.4999999999999998,1.2246467991473532e-16,-1.0,,256,65536,,,0.052629190255126926,0.11110578817453741,0.7249181912836531,48,3.8918202981106265,180,4086.9861111111113,44945.81712962963,6,1,2,대양주_관광,12,봄_관광,192,97248,4086.9861111111113,7438.677602550389,9.75,24126.0,78.625,44945.81712962963,54906.56830808382,3273.0,224785.0,12963.6,36680.90228685676,18703,18860,16371,19196,19933,13330
대양주,상용,2026,4,2,봄,0,256,86.5,82.175,77.85000000000001,72.0,83.91666666666667,72.70833333333333,0.1,202604,1,0.8660254037844387,-0.4999999999999998,1.2246467991473532e-16,-1.0,,256,65536,,,0.05199879771565979,0.10970196575776779,0.19863013698630136,48,3.8918202981106265,180,4086.9861111111113,373.4101851851852,6,2,2,대양주_상용,12,봄_상용,192,97248,4086.9861111111113,7438.677602550389,9.75,24126.0,78.625,373.4101851851852,624.3789467077137,24.75,2828.6666666666665,12963.6,36680.90228685676,155,85,87,83,7879,3920
대양주,유학연수,2026,4,2,봄,0,256,9.75,9.2625,8.775,7.5,38.25,31.333333333333336,0.1,202604,1,0.8660254037844387,-0.4999999999999998,1.2246467991473532e-16,-1.0,,256,65536,,,0.047503045066991545,0.09974424552429663,0.2647058823529412,48,3.8918202981106265,180,4086.9861111111113,1424.4648148148149,6,3,2,대양주_유학연수,12,봄_유학연수,192,97248,4086.9861111111113,7438.677602550389,9.75,24126.0,78.625,1424.4648148148149,4236.256416933347,8.75,33336.0,12963.6,36680.90228685676,91,16,38,30,7898,3907
오스트레일리아,공용,2026,4,2,봄,0,256,42.5,40.375,38.25,31.5,38.08333333333333,36.47916666666667,0.1,202604,1,0.8660254037844387,-0.4999999999999998,1.2246467991473532e-16,-1.0,,256,65536,,,0.0513595166163142,0.10828025477707007,0.3384615384615385,48,3.8918202981106265,180,3468.059027777778,273.81898148148144,32,0,2,오스트레일리아_공용,12,봄_공용,192,97248,3468.059027777778,6322.503515646785,8.75,20359.666666666668,61.58333333333333,273.81898148148144,671.2705769271112,1.25,3532.0,12963.6,36680.90228685676,111,43,40,34,7809,3870
오스트레일리아,관광,2026,4,2,봄,0,256,20163.5,19155.325,18147.15,11589.25,13352.583333333332,11236.958333333332,0.1,202604,1,0.8660254037844387,-0.4999999999999998,1.2246467991473532e-16,-1.0,,256,65536,,,0.05262883146950155,0.11110498866275617,0.739781281680723,48,3.8918202981106265,180,3468.059027777778,44945.81712962963,32,1,2,오스트레일리아_관광,12,봄_관광,192,97248,3468.059027777778,6322.503515646785,8.75,20359.666666666668,61.58333333333333,44945.81712962963,54906.56830808382,3273.0,224785.0,12963.6,36680.90228685676,15705,15598,15211,16473,18560,12002
오스트레일리아,상용,2026,4,2,봄,0,256,66.5,63.175,59.85,57.0,67.33333333333331,58.25,0.1,202604,1,0.8660254037844387,-0.4999999999999998,1.2246467991473532e-16,-1.0,,256,65536,,,0.05181145305804446,0.10928512736236645,0.16379310344827586,48,3.8918202981106265,180,3468.059027777778,373.4101851851852,32,2,2,오스트레일리아_상용,12,봄_상용,192,97248,3468.059027777778,6322.503515646785,8.75,20359.666666666668,61.58333333333333,373.4101851851852,624.3789467077137,24.75,2828.6666666666665,12963.6,36680.90228685676,137,66,73,62,7855,3901
오스트레일리아,유학연수,2026,4,2,봄,0,256,8.75,8.3125,7.875,7.25,30.583333333333336,25.75,0.1,202604,1,0.8660254037844387,-0.4999999999999998,1.2246467991473532e-16,-1.0,,256,65536,,,0.04697986577181208,0.09859154929577464,0.18181818181818182,48,3.8918202981106265,180,3468.059027777778,1424.4648148148149,32,3,2,오스트레일리아_유학연수,12,봄_유학연수,192,97248,3468.059027777778,6322.503515646785,8.75,20359.666666666668,61.58333333333333,1424.4648148148149,4236.256416933347,8.75,33336.0,12963.6,36680.90228685676,89,15,29,27,7875,3888
러시아(연방),공용,2026,4,2,봄,0,256,5.0,4.75,4.5,4.25,6.833333333333333,12.041666666666668,0.1,202604,1,0.8660254037844387,-0.4999999999999998,1.2246467991473532e-16,-1.0,,256,65536,,,0.043478260869565216,0.09090909090909091,0.14285714285714285,48,3.8918202981106265,180,1874.1996527777776,273.81898148148144,9,0,2,러시아(연방)_공용,12,봄_공용,192,97248,1874.1996527777776,3250.0297276663496,5.0,10342.25,94.875,273.81898148148144,671.2705769271112,1.25,3532.0,12963.6,36680.90228685676,77,7,7,4,7763,3841
러시아(연방),관광,2026,4,2,봄,0,256,10342.25,9825.137499999999,9308.025,5679.5,7047.166666666666,5811.4375,0.1,202604,1,0.8660254037844387,-0.4999999999999998,1.2246467991473532e-16,-1.0,,256,65536,,,0.052626222663788406,0.11109917526271552,0.8208344335885925,48,3.8918202981106265,180,1874.1996527777776,44945.81712962963,9,1,2,러시아(연방)_관광,12,봄_관광,192,97248,1874.1996527777776,3250.0297276663496,5.0,10342.25,94.875,44945.81712962963,54906.56830808382,3273.0,224785.0,12963.6,36680.90228685676,8517,8428,8014,8928,14924,8529
러시아(연방),상용,2026,4,2,봄,0,256,97.75,92.8625,87.97500000000001,82.75,90.25,83.125,0.1,202604,1,0.8660254037844387,-0.4999999999999998,1.2246467991473532e-16,-1.0,,256,65536,,,0.05207084831535494,0.10986232087665064,0.1791044776119403,48,3.8918202981106265,180,1874.1996527777776,373.4101851851852,9,2,2,러시아(연방)_상용,12,봄_상용,192,97248,1874.1996527777776,3250.0297276663496,5.0,10342.25,94.875,373.4101851851852,624.3789467077137,24.75,2828.6666666666665,12963.6,36680.90228685676,167,99,93,87,7857,3917
러시아(연방),유학연수,2026,4,2,봄,0,256,45.5,43.225,40.95,32.5,284.0,221.6875,0.1,202604,1,0.8660254037844387,-0.4999999999999998,1.2246467991473532e-16,-1.0,,256,65536,,,0.05144149236856978,0.10846245530393318,0.3880597014925373,48,3.8918202981106265,180,1874.1996527777776,1424.4648148148149,9,3,2,러시아(연방)_유학연수,12,봄_유학연수,192,97248,1874.1996527777776,3250.0297276663496,5.0,10342.25,94.875,1424.4648148148149,4236.256416933347,8.75,33336.0,12963.6,36680.90228685676,279,194,274,227,8265,4302
캐나다,공용,2026,4,2,봄,0,256,27.5,26.125,24.75,20.25,36.25,27.354166666666664,0.1,202604,1,0.8660254037844387,-0.4999999999999998,1.2246467991473532e-16,-1.0,,256,65536,,,0.05069124423963134,0.10679611650485436,0.3411764705882353,48,3.8918202981106265,180,3146.125,273.81898148148144,48,0,2,캐나다_공용,12,봄_공용,192,97248,3146.125,5707.001325929473,13.5,17405.333333333332,33.16666666666667,273.81898148148144,671.2705769271112,1.25,3532.0,12963.6,36680.90228685676,100,29,38,30,7836,3878
캐나다,관광,2026,4,2,봄,0,256,16985.5,16136.224999999999,15286.95,10318.75,12319.75,10152.604166666668,0.1,202604,1,0.8660254037844387,-0.4999999999999998,1.2246467991473532e-16,-1.0,,256,65536,,,0.05262831744615332,0.11110384322293043,0.6460185566510817,48,3.8918202981106265,180,3146.125,44945.81712962963,48,1,2,캐나다_관광,12,봄_관광,192,97248,3146.125,5707.001325929473,13.5,17405.333333333332,33.16666666666667,44945.81712962963,54906.56830808382,3273.0,224785.0,12963.6,36680.90228685676,14150,14087,13903,14426,19162,12678
캐나다,상용,2026,4,2,봄,0,256,31.0,29.45,27.900000000000002,26.75,29.083333333333332,28.645833333333336,0.1,202604,1,0.8660254037844387,-0.4999999999999998,1.2246467991473532e-16,-1.0,,256,65536,,,0.05090311986863713,0.10726643598615909,0.15315315315315314,48,3.8918202981106265,180,3146.125,373.4101851851852,48,2,2,캐나다_상용,12,봄_상용,192,97248,3146.125,5707.001325929473,13.5,17405.333333333332,33.16666666666667,373.4101851851852,624.3789467077137,24.75,2828.6666666666665,12963.6,36680.90228685676,100,31,30,24,7833,3858
캐나다,유학연수,2026,4,2,봄,0,256,13.5,12.825,12.15,8.75,57.416666666666664,46.8125,0.1,202604,1,0.8660254037844387,-0.4999999999999998,1.2246467991473532e-16,-1.0,,256,65536,,,0.04882459312839065,0.10266159695817488,0.48717948717948717,48,3.8918202981106265,180,3146.125,1424.4648148148149,48,3,2,캐나다_유학연수,12,봄_유학연수,192,97248,3146.125,5707.001325929473,13.5,17405.333333333332,33.16666666666667,1424.4648148148149,4236.256416933347,8.75,33336.0,12963.6,36680.90228685676,101,22,67,49,7941,3934
인도네시아,공용,2026,4,2,봄,0,256,116.5,110.675,104.85000000000001,88.0,87.33333333333333,173.27083333333331,0.1,202604,1,0.8660254037844387,-0.4999999999999998,1.2246467991473532e-16,-1.0,,256,65536,,,0.05216028654578019,0.11006140765233813,0.3202247191011236,48,3.8918202981106265,180,3109.793402777778,273.81898148148144,42,0,2,인도네시아_공용,12,봄_공용,192,97248,3109.793402777778,5382.022766140716,60.0,19254.0,207.33333333333334,273.81898148148144,671.2705769271112,1.25,3532.0,12963.6,36680.90228685676,176,108,115,84,8053,3898
인도네시아,관광,2026,4,2,봄,0,256,15537.25,14760.387499999999,13983.525,10807.25,11740.833333333332,9892.520833333334,0.1,202604,1,0.8660254037844387,-0.4999999999999998,1.2246467991473532e-16,-1.0,,256,65536,,,0.05262801345740711,0.11110316582079123,0.43762866328961675,48,3.8918202981106265,180,3109.793402777778,44945.81712962963,42,1,2,인도네시아_관광,12,봄_관광,192,97248,3109.793402777778,5382.022766140716,60.0,19254.0,207.33333333333334,44945.81712962963,54906.56830808382,3273.0,224785.0,12963.6,36680.90228685676,13738,13662,14049,13772,19458,12817
인도네시아,상용,2026,4,2,봄,0,256,162.5,154.375,146.25,107.5,140.41666666666666,118.6875,0.1,202604,1,0.8660254037844387,-0.4999999999999998,1.2246467991473532e-16,-1.0,,256,65536,,,0.05229283990345937,0.11035653650254669,0.5069124423963134,48,3.8918202981106265,180,3109.793402777778,373.4101851851852,42,2,2,인도네시아_상용,12,봄_상용,192,97248,3109.793402777778,5382.022766140716,60.0,19254.0,207.33333333333334,373.4101851851852,624.3789467077137,24.75,2828.6666666666665,12963.6,36680.90228685676,226,160,133,135,8153,3983
인도네시아,유학연수,2026,4,2,봄,0,256,81.0,76.95,72.9,59.25,408.75,277.4791666666667,0.1,202604,1,0.8660254037844387,-0.4999999999999998,1.2246467991473532e-16,-1.0,,256,65536,,,0.05195638229634377,0.10960757780784836,0.36099585062240663,48,3.8918202981106265,180,3109.793402777778,1424.4648148148149,42,3,2,인도네시아_유학연수,12,봄_유학연수,192,97248,3109.793402777778,5382.022766140716,60.0,19254.0,207.33333333333334,1424.4648148148149,4236.256416933347,8.75,33336.0,12963.6,36680.90228685676,356,254,391,347,8708,4521
중국,공용,2026,5,2,봄,0,257,291.25,276.6875,262.125,194.25,243.5,175.35416666666669,0.1,202605,1,0.49999999999999994,-0.8660254037844387,1.2246467991473532e-16,-1.0,,257,66049,,,0.05244204366419086,0.11068883610451306,0.4967989756722151,48,3.8918202981106265,180,46212.04861111112,273.81898148148144,44,0,2,중국_공용,12,봄_공용,240,97248,46212.04861111112,72909.78306073407,56.25,205420.25,3584.458333333333,273.81898148148144,671.2705769271112,1.25,3532.0,12963.6,36680.90228685676,339,273,252,250,8132,4096
중국,관광,2026,5,2,봄,0,257,205420.25,195149.2375,184878.225,104331.5,191062.1666666667,144059.97916666666,0.1,202605,1,0.49999999999999994,-0.8660254037844387,1.2246467991473532e-16,-1.0,,257,66049,,,0.052631309249623705,0.11111051011815953,0.9689094960822371,48,3.8918202981106265,180,46212.04861111112,44945.81712962963,44,1,2,중국_관광,12,봄_관광,240,97248,46212.04861111112,72909.78306073407,56.25,205420.25,3584.458333333333,44945.81712962963,54906.56830808382,3273.0,224785.0,12963.6,36680.90228685676,186899,190504,140390,191492,187913,181127
중국,상용,2026,5,2,봄,0,257,2745.75,2608.4625,2471.175,1822.0,2615.0833333333335,2080.4583333333335,0.1,202605,1,0.49999999999999994,-0.8660254037844387,1.2246467991473532e-16,-1.0,,257,66049,,,0.05261140943776732,0.11106616643239245,0.5067196928140428,48,3.8918202981106265,180,46212.04861111112,373.4101851851852,44,2,2,중국_상용,12,봄_상용,240,97248,46212.04861111112,72909.78306073407,56.25,205420.25,3584.458333333333,373.4101851851852,624.3789467077137,24.75,2828.6666666666665,12963.6,36680.90228685676,2771,2708,2606,2722,10415,6362
중국,유학연수,2026,5,2,봄,0,257,11629.25,11047.7875,10466.325,6668.0,13498.333333333334,12171.1875,0.1,202605,1,0.49999999999999994,-0.8660254037844387,1.2246467991473532e-16,-1.0,,257,66049,,,0.05262681538585113,0.11110049606752434,0.7439271255060729,48,3.8918202981106265,180,46212.04861111112,1424.4648148148149,44,3,2,중국_유학연수,12,봄_유학연수,240,97248,46212.04861111112,72909.78306073407,56.25,205420.25,3584.458333333333,1424.4648148148149,4236.256416933347,8.75,33336.0,12963.6,36680.90228685676,12600,12618,11176,12601,22123,18107
일본,공용,2026,5,2,봄,0,257,135.0,128.25,121.5,96.5,120.66666666666667,124.06249999999997,0.1,202605,1,0.49999999999999994,-0.8660254037844387,1.2246467991473532e-16,-1.0,,257,66049,,,0.05222437137330754,0.11020408163265306,0.39487179487179486,48,3.8918202981106265,180,43674.144097222226,273.81898148148144,43,0,2,일본_공용,12,봄_공용,240,97248,43674.144097222226,77578.9924823001,82.75,224785.0,1031.25,273.81898148148144,671.2705769271112,1.25,3532.0,12963.6,36680.90228685676,200,133,112,116,8074,3875
일본,관광,2026,5,2,봄,0,257,184273.0,175059.35,165845.7,113101.5,186614.08333333334,145298.52083333334,0.1,202605,1,0.49999999999999994,-0.8660254037844387,1.2246467991473532e-16,-1.0,,257,66049,,,0.052631278299169366,0.11111044114836163,0.6292654892685838,48,3.8918202981106265,180,43674.144097222226,44945.81712962963,43,1,2,일본_관광,12,봄_관광,240,97248,43674.144097222226,77578.9924823001,82.75,224785.0,1031.25,44945.81712962963,54906.56830808382,3273.0,224785.0,12963.6,36680.90228685676,180478,183263,140047,185055,195561,189291
일본,상용,2026,5,2,봄,0,257,1359.75,1291.7625,1223.775,1063.25,1115.6666666666667,1062.5,0.1,202605,1,0.49999999999999994,-0.8660254037844387,1.2246467991473532e-16,-1.0,,257,66049,,,0.052590866458456176,0.1110203915004796,0.27859995301855767,48,3.8918202981106265,180,43674.144097222226,373.4101851851852,43,2,2,일본_상용,12,봄_상용,240,97248,43674.144097222226,77578.9924823001,82.75,224785.0,1031.25,373.4101851851852,624.3789467077137,24.75,2828.6666666666665,12963.6,36680.90228685676,1337,1301,1132,1193,8882,4657
일본,유학연수,2026,5,2,봄,0,257,931.75,885.1624999999999,838.575,798.5,697.3333333333334,985.2708333333334,0.1,202605,1,0.49999999999999994,-0.8660254037844387,1.2246467991473532e-16,-1.0,,257,66049,,,0.05257218625252151,0.11097876902003984,0.16666666666666666,48,3.8918202981106265,180,43674.144097222226,1424.4648148148149,43,3,2,일본_유학연수,12,봄_유학연수,240,97248,43674.144097222226,77578.9924823001,82.75,224785.0,1031.25,1424.4648148148149,4236.256416933347,8.75,33336.0,12963.6,36680.90228685676,888,852,735,714,8458,4197
대만,공용,2026,5,2,봄,0,257,8.75,8.3125,7.875,6.75,9.583333333333334,8.541666666666666,0.1,202605,1,0.49999999999999994,-0.8660254037844387,1.2246467991473532e-16,-1.0,,257,66049,,,0.04697986577181208,0.09859154929577464,0.25806451612903225,48,3.8918202981106265,180,19442.779513888887,273.81898148148144,5,0,2,대만_공용,12,봄_공용,240,97248,19442.779513888887,33871.209868563164,5.0,85999.0,171.83333333333331,273.81898148148144,671.2705769271112,1.25,3532.0,12963.6,36680.90228685676,78,10,8,10,7583,3688
대만,관광,2026,5,2,봄,0,257,82658.25,78525.3375,74392.425,45456.5,82540.41666666666,65903.0625,0.1,202605,1,0.49999999999999994,-0.8660254037844387,1.2246467991473532e-16,-1.0,,257,66049,,,0.05263090870626694,0.11110961755020685,0.8183853049551779,48,3.8918202981106265,180,19442.779513888887,44945.81712962963,5,1,2,대만_관광,12,봄_관광,240,97248,19442.779513888887,33871.209868563164,5.0,85999.0,171.83333333333331,44945.81712962963,54906.56830808382,3273.0,224785.0,12963.6,36680.90228685676,91919,90906,92959,96591,90485,84295
대만,상용,2026,5,2,봄,0,257,137.0,130.15,123.3,125.5,126.33333333333333,125.3125,0.1,202605,1,0.49999999999999994,-0.8660254037844387,1.2246467991473532e-16,-1.0,,257,66049,,,0.05223027068242466,0.1102172164119067,0.09090909090909091,48,3.8918202981106265,180,19442.779513888887,373.4101851851852,5,2,2,대만_상용,12,봄_상용,240,97248,19442.779513888887,33871.209868563164,5.0,85999.0,171.83333333333331,373.4101851851852,624.3789467077137,24.75,2828.6666666666665,12963.6,36680.90228685676,201,136,121,128,7699,3788
대만,유학연수,2026,5,2,봄,0,257,313.0,297.34999999999997,281.7,204.75,250.5,313.0625,0.1,202605,1,0.49999999999999994,-0.8660254037844387,1.2246467991473532e-16,-1.0,,257,66049,,,0.05245517010222905,0.1107180756986205,0.5261239368165249,48,3.8918202981106265,180,19442.779513888887,1424.4648148148149,5,3,2,대만_유학연수,12,봄_유학연수,240,97248,19442.779513888887,33871.209868563164,5.0,85999.0,171.83333333333331,1424.4648148148149,4236.256416933347,8.75,33336.0,12963.6,36680.90228685676,349,291,259,247,7813,3864
미국,공용,2026,5,2,봄,0,257,2802.25,2662.1375,2522.025,2200.75,2720.9166666666665,2529.583333333333,0.1,202605,1,0.49999999999999994,-0.8660254037844387,1.2246467991473532e-16,-1.0,,257,66049,,,0.05261181595017163,0.11106707226444443,0.2731917792664926,48,3.8918202981106265,180,17662.763888888887,273.81898148148144,14,0,2,미국_공용,12,봄_공용,240,97248,17662.763888888887,30507.139956446303,106.33333333333333,91502.0,1885.7083333333335,273.81898148148144,671.2705769271112,1.25,3532.0,12963.6,36680.90228685676,2868,2778,2815,2895,10638,6341
미국,관광,2026,5,2,봄,0,257,79897.5,75902.625,71907.75,54396.75,78398.33333333333,57718.97916666666,0.1,202605,1,0.49999999999999994,-0.8660254037844387,1.2246467991473532e-16,-1.0,,257,66049,,,0.05263088554729764,0.11110956594294853,0.46878317577473333,48,3.8918202981106265,180,17662.763888888887,44945.81712962963,14,1,2,미국_관광,12,봄_관광,240,97248,17662.763888888887,30507.139956446303,106.33333333333333,91502.0,1885.7083333333335,44945.81712962963,54906.56830808382,3273.0,224785.0,12963.6,36680.90228685676,89424,88472,101050,88934,87840,81271
미국,상용,2026,5,2,봄,0,257,246.25,233.9375,221.625,191.25,227.33333333333334,209.27083333333337,0.1,202605,1,0.49999999999999994,-0.8660254037844387,1.2246467991473532e-16,-1.0,,257,66049,,,0.05240755520085129,0.11061201572150477,0.28608582574772434,48,3.8918202981106265,180,17662.763888888887,373.4101851851852,14,2,2,미국_상용,12,봄_상용,240,97248,17662.763888888887,30507.139956446303,106.33333333333333,91502.0,1885.7083333333335,373.4101851851852,624.3789467077137,24.75,2828.6666666666665,12963.6,36680.90228685676,311,241,225,236,8307,3999
미국,유학연수,2026,5,2,봄,0,257,445.25,422.98749999999995,400.725,274.5,238.25,467.91666666666663,0.1,202605,1,0.49999999999999994,-0.8660254037844387,1.2246467991473532e-16,-1.0,,257,66049,,,0.05250744420531277,0.11083452610616709,0.6197822141560798,48,3.8918202981106265,180,17662.763888888887,1424.4648148148149,14,3,2,미국_유학연수,12,봄_유학연수,240,97248,17662.763888888887,30507.139956446303,106.33333333333333,91502.0,1885.7083333333335,1424.4648148148149,4236.256416933347,8.75,33336.0,12963.6,36680.90228685676,360,297,284,262,8174,3821
홍콩,공용,2026,5,2,봄,0,257,3.0,2.8499999999999996,2.7,1.75,2.333333333333333,1.9166666666666665,0.1,202605,1,0.49999999999999994,-0.8660254037844387,1.2246467991473532e-16,-1.0,,257,66049,,,0.03896103896103906,0.08108108108108103,0.45454545454545453,48,3.8918202981106265,180,7774.140625,273.81898148148144,60,0,2,홍콩_공용,12,봄_공용,240,97248,7774.140625,13803.683275345851,1.25,42363.0,70.16666666666666,273.81898148148144,671.2705769271112,1.25,3532.0,12963.6,36680.90228685676,71,3,5,6,7550,3662
홍콩,관광,2026,5,2,봄,0,257,31065.5,29512.225,27958.95,18371.25,32257.91666666667,26084.5,0.1,202605,1,0.49999999999999994,-0.8660254037844387,1.2246467991473532e-16,-1.0,,257,66049,,,0.052629795625520476,0.11110713717299206,0.6909469444406646,48,3.8918202981106265,180,7774.140625,44945.81712962963,60,1,2,홍콩_관광,12,봄_관광,240,97248,7774.140625,13803.683275345851,1.25,42363.0,70.16666666666666,44945.81712962963,54906.56830808382,3273.0,224785.0,12963.6,36680.90228685676,34306,34321,32459,34704,42435,36279
홍콩,상용,2026,5,2,봄,0,257,56.5,53.675,50.85,50.5,52.0,45.1875,0.1,202605,1,0.49999999999999994,-0.8660254037844387,1.2246467991473532e-16,-1.0,,257,66049,,,0.05166895290352086,0.10896817743490836,0.11650485436893204,48,3.8918202981106265,180,7774.140625,373.4101851851852,60,2,2,홍콩_상용,12,봄_상용,240,97248,7774.140625,13803.683275345851,1.25,42363.0,70.16666666666666,373.4101851851852,624.3789467077137,24.75,2828.6666666666665,12963.6,36680.90228685676,125,58,57,56,7605,3702
홍콩,유학연수,2026,5,2,봄,0,257,147.25,139.8875,132.525,107.0,132.83333333333331,154.33333333333331,0.1,202605,1,0.49999999999999994,-0.8660254037844387,1.2246467991473532e-16,-1.0,,257,66049,,,0.052258007275308396,0.11027897397491102,0.3726851851851852,48,3.8918202981106265,180,7774.140625,1424.4648148148149,60,3,2,홍콩_유학연수,12,봄_유학연수,240,97248,7774.140625,13803.683275345851,1.25,42363.0,70.16666666666666,1424.4648148148149,4236.256416933347,8.75,33336.0,12963.6,36680.90228685676,209,145,129,128,7714,3775
태국,공용,2026,5,2,봄,0,257,429.25,407.78749999999997,386.325,299.0,302.58333333333337,227.33333333333331,0.1,202605,1,0.49999999999999994,-0.8660254037844387,1.2246467991473532e-16,-1.0,,257,66049,,,0.052502828486683265,0.11082424320660947,0.43416666666666665,48,3.8918202981106265,180,5410.644097222222,273.81898148148144,52,0,2,태국_공용,12,봄_공용,240,97248,5410.644097222222,10043.429966232909,50.666666666666664,36286.333333333336,176.875,273.81898148148144,671.2705769271112,1.25,3532.0,12963.6,36680.90228685676,437,380,323,338,7990,3889
태국,관광,2026,5,2,봄,0,257,20551.25,19523.6875,18496.125,14677.75,25028.916666666668,18007.916666666664,0.1,202605,1,0.49999999999999994,-0.8660254037844387,1.2246467991473532e-16,-1.0,,257,66049,,,0.05262888330479041,0.11110510417159424,0.4001362513838031,48,3.8918202981106265,180,5410.644097222222,44945.81712962963,52,1,2,태국_관광,12,봄_관광,240,97248,5410.644097222222,10043.429966232909,50.666666666666664,36286.333333333336,176.875,44945.81712962963,54906.56830808382,3273.0,224785.0,12963.6,36680.90228685676,21863,21579,20700,22710,38596,32398
태국,상용,2026,5,2,봄,0,257,86.0,81.7,77.4,62.5,80.41666666666666,66.25,0.1,202605,1,0.49999999999999994,-0.8660254037844387,1.2246467991473532e-16,-1.0,,257,66049,,,0.05199516324062874,0.10969387755102032,0.3700787401574803,48,3.8918202981106265,180,5410.644097222222,373.4101851851852,52,2,2,태국_상용,12,봄_상용,240,97248,5410.644097222222,10043.429966232909,50.666666666666664,36286.333333333336,176.875,373.4101851851852,624.3789467077137,24.75,2828.6666666666665,12963.6,36680.90228685676,152,84,85,78,7867,3754
태국,유학연수,2026,5,2,봄,0,257,124.0,117.8,111.60000000000001,95.0,118.33333333333331,148.16666666666666,0.1,202605,1,0.49999999999999994,-0.8660254037844387,1.2246467991473532e-16,-1.0,,257,66049,,,0.052188552188552215,0.11012433392539957,0.3020833333333333,48,3.8918202981106265,180,5410.644097222222,1424.4648148148149,52,3,2,태국_유학연수,12,봄_유학연수,240,97248,5410.644097222222,10043.429966232909,50.666666666666664,36286.333333333336,176.875,1424.4648148148149,4236.256416933347,8.75,33336.0,12963.6,36680.90228685676,193,126,117,114,7931,3785
말레이시아,공용,2026,5,2,봄,0,257,8.75,8.3125,7.875,5.75,7.666666666666666,9.041666666666666,0.1,202605,1,0.49999999999999994,-0.8660254037844387,1.2246467991473532e-16,-1.0,,257,66049,,,0.04697986577181208,0.09859154929577464,0.4444444444444444,48,3.8918202981106265,180,4232.541666666667,273.81898148148144,11,0,2,말레이시아_공용,12,봄_공용,240,97248,4232.541666666667,7878.866471116315,5.25,26265.333333333332,82.66666666666666,273.81898148148144,671.2705769271112,1.25,3532.0,12963.6,36680.90228685676,77,9,7,7,7578,3670
말레이시아,관광,2026,5,2,봄,0,257,17693.75,16809.0625,15924.375,11532.75,18291.33333333333,14229.354166666666,0.1,202605,1,0.49999999999999994,-0.8660254037844387,1.2246467991473532e-16,-1.0,,257,66049,,,0.05262844799060087,0.11110413412557005,0.5341714533434486,48,3.8918202981106265,180,4232.541666666667,44945.81712962963,11,1,2,말레이시아_관광,12,봄_관광,240,97248,4232.541666666667,7878.866471116315,5.25,26265.333333333332,82.66666666666666,44945.81712962963,54906.56830808382,3273.0,224785.0,12963.6,36680.90228685676,17736,17712,16268,17933,28643,22445
말레이시아,상용,2026,5,2,봄,0,257,87.75,83.3625,78.97500000000001,63.0,87.83333333333333,73.91666666666667,0.1,202605,1,0.49999999999999994,-0.8660254037844387,1.2246467991473532e-16,-1.0,,257,66049,,,0.05200770484516228,0.10972178805876824,0.38671875,48,3.8918202981106265,180,4232.541666666667,373.4101851851852,11,2,2,말레이시아_상용,12,봄_상용,240,97248,4232.541666666667,7878.866471116315,5.25,26265.333333333332,82.66666666666666,373.4101851851852,624.3789467077137,24.75,2828.6666666666665,12963.6,36680.90228685676,155,87,89,84,7673,3749
말레이시아,유학연수,2026,5,2,봄,0,257,59.0,56.05,53.1,40.5,90.5,157.35416666666666,0.1,202605,1,0.49999999999999994,-0.8660254037844387,1.2246467991473532e-16,-1.0,,257,66049,,,0.05170902716914992,0.10905730129390015,0.4457831325301205,48,3.8918202981106265,180,4232.541666666667,1424.4648148148149,11,3,2,말레이시아_유학연수,12,봄_유학연수,240,97248,4232.541666666667,7878.866471116315,5.25,26265.333333333332,82.66666666666666,1424.4648148148149,4236.256416933347,8.75,33336.0,12963.6,36680.90228685676,140,67,97,80,7720,3763
싱가포르,공용,2026,5,2,봄,0,257,21.25,20.1875,19.125,14.25,15.083333333333332,12.166666666666668,0.1,202605,1,0.49999999999999994,-0.8660254037844387,1.2246467991473532e-16,-1.0,,257,66049,,,0.05014749262536873,0.10559006211180125,0.45901639344262296,48,3.8918202981106265,180,6122.14236111111,273.81898148148144,28,0,2,싱가포르_공용,12,봄_공용,240,97248,6122.14236111111,12378.40829217557,6.25,54384.333333333336,146.91666666666669,273.81898148148144,671.2705769271112,1.25,3532.0,12963.6,36680.90228685676,86,20,14,14,7596,3683
싱가포르,관광,2026,5,2,봄,0,257,26520.25,25194.2375,23868.225000000002,17538.75,26024.0,20317.854166666664,0.1,202605,1,0.49999999999999994,-0.8660254037844387,1.2246467991473532e-16,-1.0,,257,66049,,,0.05262948999786173,0.1111064561166103,0.5120654513319746,48,3.8918202981106265,180,6122.14236111111,44945.81712962963,28,1,2,싱가포르_관광,12,봄_관광,240,97248,6122.14236111111,12378.40829217557,6.25,54384.333333333336,146.91666666666669,44945.81712962963,54906.56830808382,3273.0,224785.0,12963.6,36680.90228685676,25857,25660,23307,27475,35517,29274
싱가포르,상용,2026,5,2,봄,0,257,183.25,174.0875,164.925,157.0,188.08333333333331,166.4375,0.1,202605,1,0.49999999999999994,-0.8660254037844387,1.2246467991473532e-16,-1.0,,257,66049,,,0.05233097736845859,0.11044146451710102,0.1661392405063291,48,3.8918202981106265,180,6122.14236111111,373.4101851851852,28,2,2,싱가포르_상용,12,봄_상용,240,97248,6122.14236111111,12378.40829217557,6.25,54384.333333333336,146.91666666666669,373.4101851851852,624.3789467077137,24.75,2828.6666666666665,12963.6,36680.90228685676,253,186,179,184,7782,3854
싱가포르,유학연수,2026,5,2,봄,0,257,53.75,51.0625,48.375,36.0,34.66666666666667,58.39583333333333,0.1,202605,1,0.49999999999999994,-0.8660254037844387,1.2246467991473532e-16,-1.0,,257,66049,,,0.05162064825930372,0.10886075949367088,0.4797297297297297,48,3.8918202981106265,180,6122.14236111111,1424.4648148148149,28,3,2,싱가포르_유학연수,12,봄_유학연수,240,97248,6122.14236111111,12378.40829217557,6.25,54384.333333333336,146.91666666666669,1424.4648148148149,4236.256416933347,8.75,33336.0,12963.6,36680.90228685676,115,50,44,35,7657,3693
베트남,공용,2026,5,2,봄,0,257,166.0,157.7,149.4,117.75,139.58333333333331,174.58333333333331,0.1,202605,1,0.49999999999999994,-0.8660254037844387,1.2246467991473532e-16,-1.0,,257,66049,,,0.052299936988027804,0.11037234042553187,0.4063157894736842,48,3.8918202981106265,180,5660.895833333333,273.81898148148144,19,0,2,베트남_공용,12,봄_공용,240,97248,5660.895833333333,7838.108668163646,24.25,29351.0,973.0,273.81898148148144,671.2705769271112,1.25,3532.0,12963.6,36680.90228685676,227,162,155,145,7787,3815
베트남,관광,2026,5,2,봄,0,257,15020.25,14269.2375,13518.225,9809.75,17725.25,14697.270833333336,0.1,202605,1,0.49999999999999994,-0.8660254037844387,1.2246467991473532e-16,-1.0,,257,66049,,,0.05262789074113173,0.11110289236254293,0.5311010880921438,48,3.8918202981106265,180,5660.895833333333,44945.81712962963,19,1,2,베트남_관광,12,봄_관광,240,97248,5660.895833333333,7838.108668163646,24.25,29351.0,973.0,44945.81712962963,54906.56830808382,3273.0,224785.0,12963.6,36680.90228685676,16593,16466,15081,17154,29444,23260
베트남,상용,2026,5,2,봄,0,257,356.75,338.91249999999997,321.075,280.75,344.8333333333333,347.4791666666667,0.1,202605,1,0.49999999999999994,-0.8660254037844387,1.2246467991473532e-16,-1.0,,257,66049,,,0.05247674033758699,0.11076612590235198,0.26974267968056787,48,3.8918202981106265,180,5660.895833333333,373.4101851851852,19,2,2,베트남_상용,12,봄_상용,240,97248,5660.895833333333,7838.108668163646,24.25,29351.0,973.0,373.4101851851852,624.3789467077137,24.75,2828.6666666666665,12963.6,36680.90228685676,418,351,336,350,8012,4025
베트남,유학연수,2026,5,2,봄,0,257,2213.0,2102.35,1991.7,1667.25,3768.083333333333,3946.833333333333,0.1,202605,1,0.49999999999999994,-0.8660254037844387,1.2246467991473532e-16,-1.0,,257,66049,,,0.05260655620795402,0.11105535203492746,0.32713921774314403,48,3.8918202981106265,180,5660.895833333333,1424.4648148148149,19,3,2,베트남_유학연수,12,봄_유학연수,240,97248,5660.895833333333,7838.108668163646,24.25,29351.0,973.0,1424.4648148148149,4236.256416933347,8.75,33336.0,12963.6,36680.90228685676,3433,3445,3194,2958,12304,8341
필리핀,공용,2026,5,2,봄,0,257,163.75,155.5625,147.375,119.25,137.33333333333331,135.35416666666669,0.1,202605,1,0.49999999999999994,-0.8660254037844387,1.2246467991473532e-16,-1.0,,257,66049,,,0.05229540918163673,0.11036225779275484,0.3700623700623701,48,3.8918202981106265,180,4438.402777777778,273.81898148148144,59,0,2,필리핀_공용,12,봄_공용,240,97248,4438.402777777778,7934.530390261756,50.5,26180.333333333332,262.5,273.81898148148144,671.2705769271112,1.25,3532.0,12963.6,36680.90228685676,223,159,138,138,7884,3790
필리핀,관광,2026,5,2,봄,0,257,16944.5,16097.275,15250.050000000001,10006.75,19249.916666666668,14962.229166666666,0.1,202605,1,0.49999999999999994,-0.8660254037844387,1.2246467991473532e-16,-1.0,,257,66049,,,0.05262830955490575,0.11110382563823466,0.693237740750918,48,3.8918202981106265,180,4438.402777777778,44945.81712962963,59,1,2,필리핀_관광,12,봄_관광,240,97248,4438.402777777778,7934.530390261756,50.5,26180.333333333332,262.5,44945.81712962963,54906.56830808382,3273.0,224785.0,12963.6,36680.90228685676,17780,17821,15795,17740,30908,24595
필리핀,상용,2026,5,2,봄,0,257,454.0,431.29999999999995,408.6,323.0,421.16666666666663,326.97916666666663,0.1,202605,1,0.49999999999999994,-0.8660254037844387,1.2246467991473532e-16,-1.0,,257,66049,,,0.052509831135785445,0.11083984374999994,0.404320987654321,48,3.8918202981106265,180,4438.402777777778,373.4101851851852,59,2,2,필리핀_상용,12,봄_상용,240,97248,4438.402777777778,7934.530390261756,50.5,26180.333333333332,262.5,373.4101851851852,624.3789467077137,24.75,2828.6666666666665,12963.6,36680.90228685676,513,451,434,412,8184,4074
필리핀,유학연수,2026,5,2,봄,0,257,61.5,58.425,55.35,38.25,64.75,94.29166666666666,0.1,202605,1,0.49999999999999994,-0.8660254037844387,1.2246467991473532e-16,-1.0,,257,66049,,,0.051745898190997106,0.10913930789707184,0.5923566878980892,48,3.8918202981106265,180,4438.402777777778,1424.4648148148149,59,3,2,필리핀_유학연수,12,봄_유학연수,240,97248,4438.402777777778,7934.530390261756,50.5,26180.333333333332,262.5,1424.4648148148149,4236.256416933347,8.75,33336.0,12963.6,36680.90228685676,134,63,70,66,7891,3748
대양주,공용,2026,5,2,봄,0,257,86.25,81.9375,77.625,63.0,65.41666666666667,49.375,0.1,202605,1,0.49999999999999994,-0.8660254037844387,1.2246467991473532e-16,-1.0,,257,66049,,,0.05199698568198945,0.10969793322734499,0.36328125,48,3.8918202981106265,180,4086.9861111111113,273.81898148148144,6,0,2,대양주_공용,12,봄_공용,240,97248,4086.9861111111113,7438.677602550389,9.75,24126.0,78.625,273.81898148148144,671.2705769271112,1.25,3532.0,12963.6,36680.90228685676,144,78,73,66,7641,3714
대양주,관광,2026,5,2,봄,0,257,16605.75,15775.4625,14945.175000000001,10456.75,18387.916666666664,13730.729166666664,0.1,202605,1,0.49999999999999994,-0.8660254037844387,1.2246467991473532e-16,-1.0,,257,66049,,,0.05262824286496421,0.11110367702773444,0.587984987210442,48,3.8918202981106265,180,4086.9861111111113,44945.81712962963,6,1,2,대양주_관광,12,봄_관광,240,97248,4086.9861111111113,7438.677602550389,9.75,24126.0,78.625,44945.81712962963,54906.56830808382,3273.0,224785.0,12963.6,36680.90228685676,17212,17117,15737,17630,29689,23528
대양주,상용,2026,5,2,봄,0,257,83.75,79.5625,75.375,68.75,86.16666666666667,73.95833333333333,0.1,202605,1,0.49999999999999994,-0.8660254037844387,1.2246467991473532e-16,-1.0,,257,66049,,,0.051978277734678044,0.10965630114566285,0.21505376344086022,48,3.8918202981106265,180,4086.9861111111113,373.4101851851852,6,2,2,대양주_상용,12,봄_상용,240,97248,4086.9861111111113,7438.677602550389,9.75,24126.0,78.625,373.4101851851852,624.3789467077137,24.75,2828.6666666666665,12963.6,36680.90228685676,153,83,88,87,7689,3747
대양주,유학연수,2026,5,2,봄,0,257,24.25,23.037499999999998,21.825,15.75,16.416666666666664,32.041666666666664,0.1,202605,1,0.49999999999999994,-0.8660254037844387,1.2246467991473532e-16,-1.0,,257,66049,,,0.05044201768070732,0.10624315443592555,0.5074626865671642,48,3.8918202981106265,180,4086.9861111111113,1424.4648148148149,6,3,2,대양주_유학연수,12,봄_유학연수,240,97248,4086.9861111111113,7438.677602550389,9.75,24126.0,78.625,1424.4648148148149,4236.256416933347,8.75,33336.0,12963.6,36680.90228685676,89,22,15,16,7657,3680
오스트레일리아,공용,2026,5,2,봄,0,257,56.25,53.4375,50.625,39.5,48.08333333333333,37.875,0.1,202605,1,0.49999999999999994,-0.8660254037844387,1.2246467991473532e-16,-1.0,,257,66049,,,0.05166475315729047,0.1089588377723971,0.41358024691358025,48,3.8918202981106265,180,3468.059027777778,273.81898148148144,32,0,2,오스트레일리아_공용,12,봄_공용,240,97248,3468.059027777778,6322.503515646785,8.75,20359.666666666668,61.58333333333333,273.81898148148144,671.2705769271112,1.25,3532.0,12963.6,36680.90228685676,121,55,46,46,7624,3701
오스트레일리아,관광,2026,5,2,봄,0,257,14178.75,13469.8125,12760.875,8902.75,15832.916666666668,11676.625,0.1,202605,1,0.49999999999999994,-0.8660254037844387,1.2246467991473532e-16,-1.0,,257,66049,,,0.052627671864633255,0.1111024046231451,0.5925593148954093,48,3.8918202981106265,180,3468.059027777778,44945.81712962963,32,1,2,오스트레일리아_관광,12,봄_관광,240,97248,3468.059027777778,6322.503515646785,8.75,20359.666666666668,61.58333333333333,44945.81712962963,54906.56830808382,3273.0,224785.0,12963.6,36680.90228685676,15041,14891,15064,15060,27091,20928
오스트레일리아,상용,2026,5,2,봄,0,257,70.0,66.5,63.0,58.25,69.83333333333333,59.22916666666668,0.1,202605,1,0.49999999999999994,-0.8660254037844387,1.2246467991473532e-16,-1.0,,257,66049,,,0.05185185185185185,0.109375,0.19831223628691982,48,3.8918202981106265,180,3468.059027777778,373.4101851851852,32,2,2,오스트레일리아_상용,12,봄_상용,240,97248,3468.059027777778,6322.503515646785,8.75,20359.666666666668,61.58333333333333,373.4101851851852,624.3789467077137,24.75,2828.6666666666665,12963.6,36680.90228685676,138,69,72,72,7662,3725
오스트레일리아,유학연수,2026,5,2,봄,0,257,18.75,17.8125,16.875,12.0,12.75,26.3125,0.1,202605,1,0.49999999999999994,-0.8660254037844387,1.2246467991473532e-16,-1.0,,257,66049,,,0.04983388704318937,0.1048951048951049,0.5192307692307693,48,3.8918202981106265,180,3468.059027777778,1424.4648148148149,32,3,2,오스트레일리아_유학연수,12,봄_유학연수,240,97248,3468.059027777778,6322.503515646785,8.75,20359.666666666668,61.58333333333333,1424.4648148148149,4236.256416933347,8.75,33336.0,12963.6,36680.90228685676,84,17,11,12,7646,3674
러시아(연방),공용,2026,5,2,봄,0,257,7.5,7.125,6.75,5.0,7.333333333333334,12.25,0.1,202605,1,0.49999999999999994,-0.8660254037844387,1.2246467991473532e-16,-1.0,,257,66049,,,0.046153846153846156,0.0967741935483871,0.4166666666666667,48,3.8918202981106265,180,1874.1996527777776,273.81898148148144,9,0,2,러시아(연방)_공용,12,봄_공용,240,97248,1874.1996527777776,3250.0297276663496,5.0,10342.25,94.875,273.81898148148144,671.2705769271112,1.25,3532.0,12963.6,36680.90228685676,76,8,8,7,7573,3666
러시아(연방),관광,2026,5,2,봄,0,257,8752.75,8315.1125,7877.475,5019.5,8873.75,6122.541666666667,0.1,202605,1,0.49999999999999994,-0.8660254037844387,1.2246467991473532e-16,-1.0,,257,66049,,,0.05262525007928894,0.11109700798695174,0.7436012349367593,48,3.8918202981106265,180,1874.1996527777776,44945.81712962963,9,1,2,러시아(연방)_관광,12,봄_관광,240,97248,1874.1996527777776,3250.0297276663496,5.0,10342.25,94.875,44945.81712962963,54906.56830808382,3273.0,224785.0,12963.6,36680.90228685676,9063,8858,8973,9544,19173,12955
러시아(연방),상용,2026,5,2,봄,0,257,88.75,84.3125,79.875,69.5,92.16666666666666,84.72916666666667,0.1,202605,1,0.49999999999999994,-0.8660254037844387,1.2246467991473532e-16,-1.0,,257,66049,,,0.05201465201465202,0.10973724884080371,0.2730496453900709,48,3.8918202981106265,180,1874.1996527777776,373.4101851851852,9,2,2,러시아(연방)_상용,12,봄_상용,240,97248,1874.1996527777776,3250.0297276663496,5.0,10342.25,94.875,373.4101851851852,624.3789467077137,24.75,2828.6666666666665,12963.6,36680.90228685676,157,89,92,87,7672,3750
러시아(연방),유학연수,2026,5,2,봄,0,257,146.5,139.17499999999998,131.85,101.0,138.66666666666666,225.47916666666669,0.1,202605,1,0.49999999999999994,-0.8660254037844387,1.2246467991473532e-16,-1.0,,257,66049,,,0.052256108435883845,0.1102747459540836,0.44607843137254904,48,3.8918202981106265,180,1874.1996527777776,1424.4648148148149,9,3,2,러시아(연방)_유학연수,12,봄_유학연수,240,97248,1874.1996527777776,3250.0297276663496,5.0,10342.25,94.875,1424.4648148148149,4236.256416933347,8.75,33336.0,12963.6,36680.90228685676,215,146,155,143,7729,3772
캐나다,공용,2026,5,2,봄,0,257,34.25,32.5375,30.825,26.0,35.75,28.041666666666664,0.1,202605,1,0.49999999999999994,-0.8660254037844387,1.2246467991473532e-16,-1.0,,257,66049,,,0.0510622437569884,0.10761979575805188,0.3055555555555556,48,3.8918202981106265,180,3146.125,273.81898148148144,48,0,2,캐나다_공용,12,봄_공용,240,97248,3146.125,5707.001325929473,13.5,17405.333333333332,33.16666666666667,273.81898148148144,671.2705769271112,1.25,3532.0,12963.6,36680.90228685676,103,35,35,33,7633,3692
캐나다,관광,2026,5,2,봄,0,257,16076.25,15272.4375,14468.625,10256.5,15481.5,10637.583333333332,0.1,202605,1,0.49999999999999994,-0.8660254037844387,1.2246467991473532e-16,-1.0,,257,66049,,,0.05262813299232737,0.11110343218984597,0.5673653424323666,48,3.8918202981106265,180,3146.125,44945.81712962963,48,1,2,캐나다_관광,12,봄_관광,240,97248,3146.125,5707.001325929473,13.5,17405.333333333332,33.16666666666667,44945.81712962963,54906.56830808382,3273.0,224785.0,12963.6,36680.90228685676,15424,15397,14280,15561,25393,19125
캐나다,상용,2026,5,2,봄,0,257,30.0,28.5,27.0,22.5,30.833333333333336,29.270833333333336,0.1,202605,1,0.49999999999999994,-0.8660254037844387,1.2246467991473532e-16,-1.0,,257,66049,,,0.05084745762711865,0.10714285714285714,0.3191489361702128,48,3.8918202981106265,180,3146.125,373.4101851851852,48,2,2,캐나다_상용,12,봄_상용,240,97248,3146.125,5707.001325929473,13.5,17405.333333333332,33.16666666666667,373.4101851851852,624.3789467077137,24.75,2828.6666666666665,12963.6,36680.90228685676,99,30,33,30,7644,3686
캐나다,유학연수,2026,5,2,봄,0,257,45.5,43.225,40.95,28.0,25.25,48.270833333333336,0.1,202605,1,0.49999999999999994,-0.8660254037844387,1.2246467991473532e-16,-1.0,,257,66049,,,0.05144149236856978,0.10846245530393318,0.603448275862069,48,3.8918202981106265,180,3146.125,1424.4648148148149,48,3,2,캐나다_유학연수,12,봄_유학연수,240,97248,3146.125,5707.001325929473,13.5,17405.333333333332,33.16666666666667,1424.4648148148149,4236.256416933347,8.75,33336.0,12963.6,36680.90228685676,105,40,32,25,7665,3672
인도네시아,공용,2026,5,2,봄,0,257,241.25,229.1875,217.125,211.25,145.08333333333331,175.77083333333331,0.1,202605,1,0.49999999999999994,-0.8660254037844387,1.2246467991473532e-16,-1.0,,257,66049,,,0.05240293239207168,0.11060171919770774,0.1413427561837456,48,3.8918202981106265,180,3109.793402777778,273.81898148148144,42,0,2,인도네시아_공용,12,봄_공용,240,97248,3109.793402777778,5382.022766140716,60.0,19254.0,207.33333333333334,273.81898148148144,671.2705769271112,1.25,3532.0,12963.6,36680.90228685676,250,189,156,159,7876,3736
인도네시아,관광,2026,5,2,봄,0,257,12304.75,11689.512499999999,11074.275,8487.5,13119.833333333332,10210.625,0.1,202605,1,0.49999999999999994,-0.8660254037844387,1.2246467991473532e-16,-1.0,,257,66049,,,0.05262707687109536,0.1111010787542522,0.44969664840666784,48,3.8918202981106265,180,3109.793402777778,44945.81712962963,42,1,2,인도네시아_관광,12,봄_관광,240,97248,3109.793402777778,5382.022766140716,60.0,19254.0,207.33333333333334,44945.81712962963,54906.56830808382,3273.0,224785.0,12963.6,36680.90228685676,12731,12545,12634,13044,23974,17553
인도네시아,상용,2026,5,2,봄,0,257,143.5,136.325,129.15,94.25,152.83333333333331,122.79166666666666,0.1,202605,1,0.49999999999999994,-0.8660254037844387,1.2246467991473532e-16,-1.0,,257,66049,,,0.052248316038594665,0.11025739531310022,0.5170603674540682,48,3.8918202981106265,180,3109.793402777778,373.4101851851852,42,2,2,인도네시아_상용,12,봄_상용,240,97248,3109.793402777778,5382.022766140716,60.0,19254.0,207.33333333333334,373.4101851851852,624.3789467077137,24.75,2828.6666666666665,12963.6,36680.90228685676,216,146,133,151,7992,3841
인도네시아,유학연수,2026,5,2,봄,0,257,122.25,116.13749999999999,110.025,86.75,149.58333333333334,280.4375,0.1,202605,1,0.49999999999999994,-0.8660254037844387,1.2246467991473532e-16,-1.0,,257,66049,,,0.052182264432824775,0.11011033551002021,0.4045584045584046,48,3.8918202981106265,180,3109.793402777778,1424.4648148148149,42,3,2,인도네시아_유학연수,12,봄_유학연수,240,97248,3109.793402777778,5382.022766140716,60.0,19254.0,207.33333333333334,1424.4648148148149,4236.256416933347,8.75,33336.0,12963.6,36680.90228685676,209,136,155,145,8002,3817
중국,공용,2026,6,2,여름,0,258,257.6666666666667,244.78333333333333,231.90000000000003,79.66666666666667,244.0,135.83333333333334,0.1,202606,2,1.2246467991473532e-16,-1.0,1.2246467991473532e-16,-1.0,,258,66564,,,0.05241744083542424,0.11063403463575203,2.206611570247934,48,3.8918202981106265,180,46212.04861111112,273.81898148148144,44,0,3,중국_공용,12,여름_공용,288,97248,46212.04861111112,72909.78306073407,56.25,205420.25,3584.458333333333,273.81898148148144,671.2705769271112,1.25,3532.0,11484.727777777778,33809.51398831366,312,251,237,244,7290,3657
중국,관광,2026,6,2,여름,0,258,155141.0,147383.94999999998,139626.9,44319.666666666664,145584.33333333334,92646.66666666664,0.1,202606,2,1.2246467991473532e-16,-1.0,1.2246467991473532e-16,-1.0,,258,66564,,,0.052631221844564306,0.11111031534528562,2.500443735804215,48,3.8918202981106265,180,46212.04861111112,44945.81712962963,44,1,3,중국_관광,12,여름_관광,288,97248,46212.04861111112,72909.78306073407,56.25,205420.25,3584.458333333333,44945.81712962963,54906.56830808382,3273.0,224785.0,11484.727777777778,33809.51398831366,145383,144947,137455,151196,147462,141383
중국,상용,2026,6,2,여름,0,258,2259.3333333333335,2146.366666666667,2033.4,1109.3333333333333,2230.3333333333335,1660.1666666666667,0.1,202606,2,1.2246467991473532e-16,-1.0,1.2246467991473532e-16,-1.0,,258,66564,,,0.0526070691234225,0.11105649495346706,1.035725007505254,48,3.8918202981106265,180,46212.04861111112,373.4101851851852,44,2,3,중국_상용,12,여름_상용,288,97248,46212.04861111112,72909.78306073407,56.25,205420.25,3584.458333333333,373.4101851851852,624.3789467077137,24.75,2828.6666666666665,11484.727777777778,33809.51398831366,2302,2253,2111,2236,9212,5566
중국,유학연수,2026,6,2,여름,0,258,6590.0,6260.5,5931.0,2998.6666666666665,6647.11111111111,9414.27777777778,0.1,202606,2,1.2246467991473532e-16,-1.0,1.2246467991473532e-16,-1.0,,258,66564,,,0.05262317336101573,0.11109238031018207,1.197244138237582,48,3.8918202981106265,180,46212.04861111112,1424.4648148148149,44,3,3,중국_유학연수,12,여름_유학연수,288,97248,46212.04861111112,72909.78306073407,56.25,205420.25,3584.458333333333,1424.4648148148149,4236.256416933347,8.75,33336.0,11484.727777777778,33809.51398831366,6737,6609,6734,7040,12594,8868
일본,공용,2026,6,2,여름,0,258,130.66666666666666,124.13333333333331,117.6,54.0,116.44444444444446,96.41666666666667,0.1,202606,2,1.2246467991473532e-16,-1.0,1.2246467991473532e-16,-1.0,,258,66564,,,0.052210974960042726,0.11017425519955028,1.3939393939393938,48,3.8918202981106265,180,43674.144097222226,273.81898148148144,43,0,3,일본_공용,12,여름_공용,288,97248,43674.144097222226,77578.9924823001,82.75,224785.0,1031.25,273.81898148148144,671.2705769271112,1.25,3532.0,11484.727777777778,33809.51398831366,189,131,112,110,7188,3391
일본,관광,2026,6,2,여름,0,258,149285.0,141820.75,134356.5,64800.666666666664,138964.77777777778,108871.80555555555,0.1,202606,2,1.2246467991473532e-16,-1.0,1.2246467991473532e-16,-1.0,,258,66564,,,0.0526312078365977,0.11111028413002623,1.303737043800314,48,3.8918202981106265,180,43674.144097222226,44945.81712962963,43,1,3,일본_관광,12,여름_관광,288,97248,43674.144097222226,77578.9924823001,82.75,224785.0,1031.25,44945.81712962963,54906.56830808382,3273.0,224785.0,11484.727777777778,33809.51398831366,140806,139945,138360,146558,137090,130594
일본,상용,2026,6,2,여름,0,258,1431.0,1359.45,1287.9,1118.3333333333333,1241.0,1026.9444444444446,0.1,202606,2,1.2246467991473532e-16,-1.0,1.2246467991473532e-16,-1.0,,258,66564,,,0.05259289205777497,0.1110249049577158,0.27933293627159034,48,3.8918202981106265,180,43674.144097222226,373.4101851851852,43,2,3,일본_상용,12,여름_상용,288,97248,43674.144097222226,77578.9924823001,82.75,224785.0,1031.25,373.4101851851852,624.3789467077137,24.75,2828.6666666666665,11484.727777777778,33809.51398831366,1419,1383,1255,1297,8166,4350
일본,유학연수,2026,6,2,여름,0,258,730.6666666666666,694.1333333333332,657.6,540.6666666666666,611.0,923.4444444444443,0.1,202606,2,1.2246467991473532e-16,-1.0,1.2246467991473532e-16,-1.0,,258,66564,,,0.05255586458233445,0.11094240307723444,0.3507692307692308,48,3.8918202981106265,180,43674.144097222226,1424.4648148148149,43,3,3,일본_유학연수,12,여름_유학연수,288,97248,43674.144097222226,77578.9924823001,82.75,224785.0,1031.25,1424.4648148148149,4236.256416933347,8.75,33336.0,11484.727777777778,33809.51398831366,743,691,655,658,7538,3685
대만,공용,2026,6,2,여름,0,258,5.0,4.75,4.5,4.0,7.4444444444444455,7.083333333333333,0.1,202606,2,1.2246467991473532e-16,-1.0,1.2246467991473532e-16,-1.0,,258,66564,,,0.043478260869565216,0.09090909090909091,0.2,48,3.8918202981106265,180,19442.779513888887,273.81898148148144,5,0,3,대만_공용,12,여름_공용,288,97248,19442.779513888887,33871.209868563164,5.0,85999.0,171.83333333333331,273.81898148148144,671.2705769271112,1.25,3532.0,11484.727777777778,33809.51398831366,67,8,7,7,6671,3182
대만,관광,2026,6,2,여름,0,258,80025.0,76023.75,72022.5,32311.333333333332,68358.88888888889,46981.8888888889,0.1,202606,2,1.2246467991473532e-16,-1.0,1.2246467991473532e-16,-1.0,,258,66564,,,0.05263088665204423,0.11110956840475678,1.4766394668702356,48,3.8918202981106265,180,19442.779513888887,44945.81712962963,5,1,3,대만_관광,12,여름_관광,288,97248,19442.779513888887,33871.209868563164,5.0,85999.0,171.83333333333331,44945.81712962963,54906.56830808382,3273.0,224785.0,11484.727777777778,33809.51398831366,78788,78107,93000,76447,68700,62491
대만,상용,2026,6,2,여름,0,258,174.0,165.29999999999998,156.6,156.33333333333334,152.88888888888886,142.47222222222223,0.1,202606,2,1.2246467991473532e-16,-1.0,1.2246467991473532e-16,-1.0,,258,66564,,,0.05231509320505122,0.11040609137055842,0.11228813559322028,48,3.8918202981106265,180,19442.779513888887,373.4101851851852,5,2,3,대만_상용,12,여름_상용,288,97248,19442.779513888887,33871.209868563164,5.0,85999.0,171.83333333333331,373.4101851851852,624.3789467077137,24.75,2828.6666666666665,11484.727777777778,33809.51398831366,225,170,142,157,6811,3305
대만,유학연수,2026,6,2,여름,0,258,215.66666666666666,204.88333333333333,194.1,120.0,187.33333333333334,266.9444444444444,0.1,202606,2,1.2246467991473532e-16,-1.0,1.2246467991473532e-16,-1.0,,258,66564,,,0.05237594106694729,0.1105416025969588,0.7906336088154269,48,3.8918202981106265,180,19442.779513888887,1424.4648148148149,5,3,3,대만_유학연수,12,여름_유학연수,288,97248,19442.779513888887,33871.209868563164,5.0,85999.0,171.83333333333331,1424.4648148148149,4236.256416933347,8.75,33336.0,11484.727777777778,33809.51398831366,267,212,196,194,6869,3326
미국,공용,2026,6,2,여름,0,258,2749.3333333333335,2611.866666666667,2474.4,1913.3333333333333,2590.3333333333335,2329.0833333333335,0.1,202606,2,1.2246467991473532e-16,-1.0,1.2246467991473532e-16,-1.0,,258,66564,,,0.05261143571556146,0.11106622498720747,0.43670555458819443,48,3.8918202981106265,180,17662.763888888887,273.81898148148144,14,0,3,미국_공용,12,여름_공용,288,97248,17662.763888888887,30507.139956446303,106.33333333333333,91502.0,1885.7083333333335,273.81898148148144,671.2705769271112,1.25,3532.0,11484.727777777778,33809.51398831366,2769,2707,2619,2762,9556,5661
미국,관광,2026,6,2,여름,0,258,91502.0,86926.9,82351.8,50929.333333333336,77486.22222222223,49386.833333333336,0.1,202606,2,1.2246467991473532e-16,-1.0,1.2246467991473532e-16,-1.0,,258,66564,,,0.052630973484922634,0.11110976190244894,0.796630691598327,48,3.8918202981106265,180,17662.763888888887,44945.81712962963,14,1,3,미국_관광,12,여름_관광,288,97248,17662.763888888887,30507.139956446303,106.33333333333333,91502.0,1885.7083333333335,44945.81712962963,54906.56830808382,3273.0,224785.0,11484.727777777778,33809.51398831366,91918,91521,91992,95048,78413,71796
미국,상용,2026,6,2,여름,0,258,214.66666666666666,203.9333333333333,193.2,146.0,220.0,199.27777777777774,0.1,202606,2,1.2246467991473532e-16,-1.0,1.2246467991473532e-16,-1.0,,258,66564,,,0.05237475601821739,0.1105389632681085,0.4671201814058956,48,3.8918202981106265,180,17662.763888888887,373.4101851851852,14,2,3,미국_상용,12,여름_상용,288,97248,17662.763888888887,30507.139956446303,106.33333333333333,91502.0,1885.7083333333335,373.4101851851852,624.3789467077137,24.75,2828.6666666666665,11484.727777777778,33809.51398831366,280,217,212,218,7411,3508
미국,유학연수,2026,6,2,여름,0,258,281.3333333333333,267.26666666666665,253.2,193.66666666666666,241.44444444444443,417.1388888888889,0.1,202606,2,1.2246467991473532e-16,-1.0,1.2246467991473532e-16,-1.0,,258,66564,,,0.05243538767395625,0.11067400996590608,0.4503424657534246,48,3.8918202981106265,180,17662.763888888887,1424.4648148148149,14,3,3,미국_유학연수,12,여름_유학연수,288,97248,17662.763888888887,30507.139956446303,106.33333333333333,91502.0,1885.7083333333335,1424.4648148148149,4236.256416933347,8.75,33336.0,11484.727777777778,33809.51398831366,329,268,268,258,7394,3454
홍콩,공용,2026,6,2,여름,0,258,1.6666666666666667,1.5833333333333333,1.5,1.6666666666666667,1.7777777777777777,1.5555555555555554,0.1,202606,2,1.2246467991473532e-16,-1.0,1.2246467991473532e-16,-1.0,,258,66564,,,0.032258064516129094,0.0666666666666667,0.0,48,3.8918202981106265,180,7774.140625,273.81898148148144,60,0,3,홍콩_공용,12,여름_공용,288,97248,7774.140625,13803.683275345851,1.25,42363.0,70.16666666666666,273.81898148148144,671.2705769271112,1.25,3532.0,11484.727777777778,33809.51398831366,61,0,5,6,6630,3148
홍콩,관광,2026,6,2,여름,0,258,28537.666666666668,27110.783333333333,25683.9,10552.0,26567.44444444444,19601.777777777777,0.1,202606,2,1.2246467991473532e-16,-1.0,1.2246467991473532e-16,-1.0,,258,66564,,,0.052629637666771034,0.1111067851798787,1.70431788748855,48,3.8918202981106265,180,7774.140625,44945.81712962963,60,1,3,홍콩_관광,12,여름_관광,288,97248,7774.140625,13803.683275345851,1.25,42363.0,70.16666666666666,44945.81712962963,54906.56830808382,3273.0,224785.0,11484.727777777778,33809.51398831366,27146,27167,27439,26629,33818,27940
홍콩,상용,2026,6,2,여름,0,258,74.33333333333333,70.61666666666666,66.89999999999999,59.666666666666664,61.22222222222223,46.638888888888886,0.1,202606,2,1.2246467991473532e-16,-1.0,1.2246467991473532e-16,-1.0,,258,66564,,,0.05189667209681176,0.10947471772214047,0.24175824175824173,48,3.8918202981106265,180,7774.140625,373.4101851851852,60,2,3,홍콩_상용,12,여름_상용,288,97248,7774.140625,13803.683275345851,1.25,42363.0,70.16666666666666,373.4101851851852,624.3789467077137,24.75,2828.6666666666665,11484.727777777778,33809.51398831366,129,70,70,67,6704,3205
홍콩,유학연수,2026,6,2,여름,0,258,160.66666666666666,152.63333333333333,144.6,115.33333333333333,114.77777777777776,136.69444444444443,0.1,202606,2,1.2246467991473532e-16,-1.0,1.2246467991473532e-16,-1.0,,258,66564,,,0.05228899978303319,0.11034798534798533,0.38968481375358166,48,3.8918202981106265,180,7774.140625,1424.4648148148149,60,3,3,홍콩_유학연수,12,여름_유학연수,288,97248,7774.140625,13803.683275345851,1.25,42363.0,70.16666666666666,1424.4648148148149,4236.256416933347,8.75,33336.0,11484.727777777778,33809.51398831366,197,143,120,122,6766,3232
태국,공용,2026,6,2,여름,0,258,360.3333333333333,342.3166666666666,324.3,190.0,321.77777777777777,195.4722222222222,0.1,202606,2,1.2246467991473532e-16,-1.0,1.2246467991473532e-16,-1.0,,258,66564,,,0.05247827564444889,0.11076954606004703,0.8917975567190226,48,3.8918202981106265,180,5410.644097222222,273.81898148148144,52,0,3,태국_공용,12,여름_공용,288,97248,5410.644097222222,10043.429966232909,50.666666666666664,36286.333333333336,176.875,273.81898148148144,671.2705769271112,1.25,3532.0,11484.727777777778,33809.51398831366,407,351,326,330,7178,3485
태국,관광,2026,6,2,여름,0,258,17358.0,16490.1,15622.2,12095.0,22484.0,17437.694444444445,0.1,202606,2,1.2246467991473532e-16,-1.0,1.2246467991473532e-16,-1.0,,258,66564,,,0.05262838743322165,0.11110399918070557,0.43510251322751325,48,3.8918202981106265,180,5410.644097222222,44945.81712962963,52,1,3,태국_관광,12,여름_관광,288,97248,5410.644097222222,10043.429966232909,50.666666666666664,36286.333333333336,176.875,44945.81712962963,54906.56830808382,3273.0,224785.0,11484.727777777778,33809.51398831366,19494,19350,19508,19186,35266,29480
태국,상용,2026,6,2,여름,0,258,68.33333333333333,64.91666666666666,61.5,38.333333333333336,76.22222222222223,60.916666666666664,0.1,202606,2,1.2246467991473532e-16,-1.0,1.2246467991473532e-16,-1.0,,258,66564,,,0.05183312262958289,0.10933333333333325,0.7627118644067794,48,3.8918202981106265,180,5410.644097222222,373.4101851851852,52,2,3,태국_상용,12,여름_상용,288,97248,5410.644097222222,10043.429966232909,50.666666666666664,36286.333333333336,176.875,373.4101851851852,624.3789467077137,24.75,2828.6666666666665,11484.727777777778,33809.51398831366,132,70,81,72,6972,3264
태국,유학연수,2026,6,2,여름,0,258,128.33333333333334,121.91666666666667,115.50000000000001,73.33333333333333,96.66666666666669,137.16666666666666,0.1,202606,2,1.2246467991473532e-16,-1.0,1.2246467991473532e-16,-1.0,,258,66564,,,0.05220338983050851,0.11015736766809722,0.7399103139013455,48,3.8918202981106265,180,5410.644097222222,1424.4648148148149,52,3,3,태국_유학연수,12,여름_유학연수,288,97248,5410.644097222222,10043.429966232909,50.666666666666664,36286.333333333336,176.875,1424.4648148148149,4236.256416933347,8.75,33336.0,11484.727777777778,33809.51398831366,174,117,99,98,6990,3246
말레이시아,공용,2026,6,2,여름,0,258,6.0,5.699999999999999,5.4,3.3333333333333335,6.333333333333333,6.861111111111112,0.1,202606,2,1.2246467991473532e-16,-1.0,1.2246467991473532e-16,-1.0,,258,66564,,,0.04477611940298518,0.09374999999999994,0.6153846153846153,48,3.8918202981106265,180,4232.541666666667,273.81898148148144,11,0,3,말레이시아_공용,12,여름_공용,288,97248,4232.541666666667,7878.866471116315,5.25,26265.333333333332,82.66666666666666,273.81898148148144,671.2705769271112,1.25,3532.0,11484.727777777778,33809.51398831366,66,7,6,7,6673,3170
말레이시아,관광,2026,6,2,여름,0,258,9996.0,9496.199999999999,8996.4,5528.0,14474.999999999995,11841.194444444443,0.1,202606,2,1.2246467991473532e-16,-1.0,1.2246467991473532e-16,-1.0,,258,66564,,,0.05262603714779105,0.1110987618645387,0.8081027310544402,48,3.8918202981106265,180,4232.541666666667,44945.81712962963,11,1,3,말레이시아_관광,12,여름_관광,288,97248,4232.541666666667,7878.866471116315,5.25,26265.333333333332,82.66666666666666,44945.81712962963,54906.56830808382,3273.0,224785.0,11484.727777777778,33809.51398831366,12804,12920,11015,12253,26464,20821
말레이시아,상용,2026,6,2,여름,0,258,80.66666666666667,76.63333333333334,72.60000000000001,41.666666666666664,78.55555555555556,63.083333333333336,0.1,202606,2,1.2246467991473532e-16,-1.0,1.2246467991473532e-16,-1.0,,258,66564,,,0.05195362816659508,0.10960144927536225,0.9140625000000002,48,3.8918202981106265,180,4232.541666666667,373.4101851851852,11,2,3,말레이시아_상용,12,여름_상용,288,97248,4232.541666666667,7878.866471116315,5.25,26265.333333333332,82.66666666666666,373.4101851851852,624.3789467077137,24.75,2828.6666666666665,11484.727777777778,33809.51398831366,137,78,81,73,6765,3246
말레이시아,유학연수,2026,6,2,여름,0,258,58.0,55.099999999999994,52.2,35.666666666666664,43.22222222222222,138.94444444444443,0.1,202606,2,1.2246467991473532e-16,-1.0,1.2246467991473532e-16,-1.0,,258,66564,,,0.05169340463458121,0.10902255639097738,0.6090909090909092,48,3.8918202981106265,180,4232.541666666667,1424.4648148148149,11,3,3,말레이시아_유학연수,12,여름_유학연수,288,97248,4232.541666666667,7878.866471116315,5.25,26265.333333333332,82.66666666666666,1424.4648148148149,4236.256416933347,8.75,33336.0,11484.727777777778,33809.51398831366,114,55,60,47,6732,3177
싱가포르,공용,2026,6,2,여름,0,258,9.666666666666666,9.183333333333332,8.7,5.333333333333333,12.777777777777779,9.944444444444445,0.1,202606,2,1.2246467991473532e-16,-1.0,1.2246467991473532e-16,-1.0,,258,66564,,,0.04746317512274969,0.09965635738831617,0.6842105263157895,48,3.8918202981106265,180,6122.14236111111,273.81898148148144,28,0,3,싱가포르_공용,12,여름_공용,288,97248,6122.14236111111,12378.40829217557,6.25,54384.333333333336,146.91666666666669,273.81898148148144,671.2705769271112,1.25,3532.0,11484.727777777778,33809.51398831366,72,12,12,12,6697,3188
싱가포르,관광,2026,6,2,여름,0,258,25180.0,23921.0,22662.0,14396.666666666666,23256.333333333332,17942.80555555556,0.1,202606,2,1.2246467991473532e-16,-1.0,1.2246467991473532e-16,-1.0,,258,66564,,,0.0526293788144804,0.11110620835723425,0.7489639524923021,48,3.8918202981106265,180,6122.14236111111,44945.81712962963,28,1,3,싱가포르_관광,12,여름_관광,288,97248,6122.14236111111,12378.40829217557,6.25,54384.333333333336,146.91666666666669,44945.81712962963,54906.56830808382,3273.0,224785.0,11484.727777777778,33809.51398831366,22261,21965,22214,23260,30798,24895
싱가포르,상용,2026,6,2,여름,0,258,185.66666666666666,176.38333333333333,167.1,144.0,197.2222222222222,188.9722222222222,0.1,202606,2,1.2246467991473532e-16,-1.0,1.2246467991473532e-16,-1.0,,258,66564,,,0.05233486798834914,0.1104501288915328,0.2873563218390804,48,3.8918202981106265,180,6122.14236111111,373.4101851851852,28,2,3,싱가포르_상용,12,여름_상용,288,97248,6122.14236111111,12378.40829217557,6.25,54384.333333333336,146.91666666666669,373.4101851851852,624.3789467077137,24.75,2828.6666666666665,11484.727777777778,33809.51398831366,250,190,197,186,6885,3361
싱가포르,유학연수,2026,6,2,여름,0,258,38.333333333333336,36.416666666666664,34.5,21.333333333333332,33.0,53.97222222222222,0.1,202606,2,1.2246467991473532e-16,-1.0,1.2246467991473532e-16,-1.0,,258,66564,,,0.051224944320712826,0.10798122065727707,0.7611940298507465,48,3.8918202981106265,180,6122.14236111111,1424.4648148148149,28,3,3,싱가포르_유학연수,12,여름_유학연수,288,97248,6122.14236111111,12378.40829217557,6.25,54384.333333333336,146.91666666666669,1424.4648148148149,4236.256416933347,8.75,33336.0,11484.727777777778,33809.51398831366,97,37,44,34,6763,3204
베트남,공용,2026,6,2,여름,0,258,239.66666666666666,227.6833333333333,215.7,94.66666666666667,186.77777777777774,161.94444444444443,0.1,202606,2,1.2246467991473532e-16,-1.0,1.2246467991473532e-16,-1.0,,258,66564,,,0.05240142846731295,0.11059836948161823,1.5156794425087108,48,3.8918202981106265,180,5660.895833333333,273.81898148148144,19,0,3,베트남_공용,12,여름_공용,288,97248,5660.895833333333,7838.108668163646,24.25,29351.0,973.0,273.81898148148144,671.2705769271112,1.25,3532.0,11484.727777777778,33809.51398831366,275,223,179,192,6939,3369
베트남,관광,2026,6,2,여름,0,258,18287.666666666668,17373.283333333333,16458.9,8718.0,17426.777777777777,12861.944444444443,0.1,202606,2,1.2246467991473532e-16,-1.0,1.2246467991473532e-16,-1.0,,258,66564,,,0.052628549666796906,0.11110436069882966,1.0975647054325803,48,3.8918202981106265,180,5660.895833333333,44945.81712962963,19,1,3,베트남_관광,12,여름_관광,288,97248,5660.895833333333,7838.108668163646,24.25,29351.0,973.0,44945.81712962963,54906.56830808382,3273.0,224785.0,11484.727777777778,33809.51398831366,17416,17365,16496,17657,25944,20027
베트남,상용,2026,6,2,여름,0,258,523.6666666666666,497.4833333333333,471.29999999999995,402.0,414.8888888888889,371.1944444444444,0.1,202606,2,1.2246467991473532e-16,-1.0,1.2246467991473532e-16,-1.0,,258,66564,,,0.052525995519743233,0.11087585574140732,0.30190239867659213,48,3.8918202981106265,180,5660.895833333333,373.4101851851852,19,2,3,베트남_상용,12,여름_상용,288,97248,5660.895833333333,7838.108668163646,24.25,29351.0,973.0,373.4101851851852,624.3789467077137,24.75,2828.6666666666665,11484.727777777778,33809.51398831366,537,489,456,440,7114,3528
베트남,유학연수,2026,6,2,여름,0,258,4220.0,4009.0,3798.0,2699.6666666666665,2448.0,3359.305555555556,0.1,202606,2,1.2246467991473532e-16,-1.0,1.2246467991473532e-16,-1.0,,258,66564,,,0.05261845386533666,0.1110818636483285,0.5629474203900272,48,3.8918202981106265,180,5660.895833333333,1424.4648148148149,19,3,3,베트남_유학연수,12,여름_유학연수,288,97248,5660.895833333333,7838.108668163646,24.25,29351.0,973.0,1424.4648148148149,4236.256416933347,8.75,33336.0,11484.727777777778,33809.51398831366,3074,2998,3130,3199,7676,3972
필리핀,공용,2026,6,2,여름,0,258,203.66666666666666,193.48333333333332,183.29999999999998,130.33333333333334,160.1111111111111,121.55555555555556,0.1,202606,2,1.2246467991473532e-16,-1.0,1.2246467991473532e-16,-1.0,,258,66564,,,0.05236095638015256,0.11050822933622721,0.5583756345177663,48,3.8918202981106265,180,4438.402777777778,273.81898148148144,59,0,3,필리핀_공용,12,여름_공용,288,97248,4438.402777777778,7934.530390261756,50.5,26180.333333333332,262.5,273.81898148148144,671.2705769271112,1.25,3532.0,11484.727777777778,33809.51398831366,240,187,133,169,6996,3306
필리핀,관광,2026,6,2,여름,0,258,15106.666666666666,14351.333333333332,13596.0,7880.666666666667,14753.77777777778,11772.11111111111,0.1,202606,2,1.2246467991473532e-16,-1.0,1.2246467991473532e-16,-1.0,,258,66564,,,0.05262791183779646,0.11110293937388145,0.9168111651511947,48,3.8918202981106265,180,4438.402777777778,44945.81712962963,59,1,3,필리핀_관광,12,여름_관광,288,97248,4438.402777777778,7934.530390261756,50.5,26180.333333333332,262.5,44945.81712962963,54906.56830808382,3273.0,224785.0,11484.727777777778,33809.51398831366,14664,14683,13168,14817,23601,17571
필리핀,상용,2026,6,2,여름,0,258,359.0,341.05,323.1,183.66666666666666,381.4444444444445,276.52777777777777,0.1,202606,2,1.2246467991473532e-16,-1.0,1.2246467991473532e-16,-1.0,,258,66564,,,0.05247770793743601,0.11076828139463121,0.9494584837545127,48,3.8918202981106265,180,4438.402777777778,373.4101851851852,59,2,3,필리핀_상용,12,여름_상용,288,97248,4438.402777777778,7934.530390261756,50.5,26180.333333333332,262.5,373.4101851851852,624.3789467077137,24.75,2828.6666666666665,11484.727777777778,33809.51398831366,432,367,369,390,7287,3583
필리핀,유학연수,2026,6,2,여름,0,258,65.0,61.75,58.5,38.333333333333336,55.77777777777778,84.19444444444446,0.1,202606,2,1.2246467991473532e-16,-1.0,1.2246467991473532e-16,-1.0,,258,66564,,,0.05179282868525897,0.1092436974789916,0.6779661016949151,48,3.8918202981106265,180,4438.402777777778,1424.4648148148149,59,3,3,필리핀_유학연수,12,여름_유학연수,288,97248,4438.402777777778,7934.530390261756,50.5,26180.333333333332,262.5,1424.4648148148149,4236.256416933347,8.75,33336.0,11484.727777777778,33809.51398831366,124,65,59,59,6967,3228
대양주,공용,2026,6,2,여름,0,258,45.0,42.75,40.5,24.0,61.666666666666664,44.944444444444436,0.1,202606,2,1.2246467991473532e-16,-1.0,1.2246467991473532e-16,-1.0,,258,66564,,,0.05142857142857143,0.10843373493975904,0.84,48,3.8918202981106265,180,4086.9861111111113,273.81898148148144,6,0,3,대양주_공용,12,여름_공용,288,97248,4086.9861111111113,7438.677602550389,9.75,24126.0,78.625,273.81898148148144,671.2705769271112,1.25,3532.0,11484.727777777778,33809.51398831366,112,47,68,63,6765,3243
대양주,관광,2026,6,2,여름,0,258,14411.333333333334,13690.766666666666,12970.2,7622.333333333333,15414.777777777776,11256.249999999998,0.1,202606,2,1.2246467991473532e-16,-1.0,1.2246467991473532e-16,-1.0,,258,66564,,,0.05262773491611754,0.1111025451256116,0.890555312636642,48,3.8918202981106265,180,4086.9861111111113,44945.81712962963,6,1,3,대양주_관광,12,여름_관광,288,97248,4086.9861111111113,7438.677602550389,9.75,24126.0,78.625,44945.81712962963,54906.56830808382,3273.0,224785.0,11484.727777777778,33809.51398831366,14969,14960,13247,15247,25262,19469
대양주,상용,2026,6,2,여름,0,258,79.0,75.05,71.10000000000001,62.333333333333336,85.33333333333333,78.16666666666667,0.1,202606,2,1.2246467991473532e-16,-1.0,1.2246467991473532e-16,-1.0,,258,66564,,,0.051939513477975055,0.10957004160887643,0.26315789473684204,48,3.8918202981106265,180,4086.9861111111113,373.4101851851852,6,2,3,대양주_상용,12,여름_상용,288,97248,4086.9861111111113,7438.677602550389,9.75,24126.0,78.625,373.4101851851852,624.3789467077137,24.75,2828.6666666666665,11484.727777777778,33809.51398831366,141,80,87,84,6782,3245
대양주,유학연수,2026,6,2,여름,0,258,18.666666666666668,17.733333333333334,16.8,12.0,16.222222222222218,28.694444444444446,0.1,202606,2,1.2246467991473532e-16,-1.0,1.2246467991473532e-16,-1.0,,258,66564,,,0.049822064056939515,0.10486891385767792,0.5128205128205129,48,3.8918202981106265,180,4086.9861111111113,1424.4648148148149,6,3,3,대양주_유학연수,12,여름_유학연수,288,97248,4086.9861111111113,7438.677602550389,9.75,24126.0,78.625,1424.4648148148149,4236.256416933347,8.75,33336.0,11484.727777777778,33809.51398831366,80,21,15,16,6752,3181
오스트레일리아,공용,2026,6,2,여름,0,258,34.333333333333336,32.61666666666667,30.900000000000002,17.666666666666668,42.888888888888886,34.19444444444445,0.1,202606,2,1.2246467991473532e-16,-1.0,1.2246467991473532e-16,-1.0,,258,66564,,,0.05106593951412995,0.10762800417972831,0.8928571428571429,48,3.8918202981106265,180,3468.059027777778,273.81898148148144,32,0,3,오스트레일리아_공용,12,여름_공용,288,97248,3468.059027777778,6322.503515646785,8.75,20359.666666666668,61.58333333333333,273.81898148148144,671.2705769271112,1.25,3532.0,11484.727777777778,33809.51398831366,97,36,39,42,6732,3214
오스트레일리아,관광,2026,6,2,여름,0,258,12180.0,11571.0,10962.0,6323.0,13161.777777777776,9520.861111111111,0.1,202606,2,1.2246467991473532e-16,-1.0,1.2246467991473532e-16,-1.0,,258,66564,,,0.052627030763912896,0.11110097601021618,0.9261543327008223,48,3.8918202981106265,180,3468.059027777778,44945.81712962963,32,1,3,오스트레일리아_관광,12,여름_관광,288,97248,3468.059027777778,6322.503515646785,8.75,20359.666666666668,61.58333333333333,44945.81712962963,54906.56830808382,3273.0,224785.0,11484.727777777778,33809.51398831366,12585,12437,12122,12929,23025,17234
오스트레일리아,상용,2026,6,2,여름,0,258,60.666666666666664,57.633333333333326,54.6,49.666666666666664,68.0,62.52777777777778,0.1,202606,2,1.2246467991473532e-16,-1.0,1.2246467991473532e-16,-1.0,,258,66564,,,0.051733939738487875,0.10911270983213422,0.21710526315789475,48,3.8918202981106265,180,3468.059027777778,373.4101851851852,32,2,3,오스트레일리아_상용,12,여름_상용,288,97248,3468.059027777778,6322.503515646785,8.75,20359.666666666668,61.58333333333333,373.4101851851852,624.3789467077137,24.75,2828.6666666666665,11484.727777777778,33809.51398831366,124,63,72,66,6755,3223
오스트레일리아,유학연수,2026,6,2,여름,0,258,17.0,16.15,15.3,10.0,13.888888888888891,23.472222222222218,0.1,202606,2,1.2246467991473532e-16,-1.0,1.2246467991473532e-16,-1.0,,258,66564,,,0.049562682215743524,0.10429447852760731,0.6363636363636364,48,3.8918202981106265,180,3468.059027777778,1424.4648148148149,32,3,3,오스트레일리아_유학연수,12,여름_유학연수,288,97248,3468.059027777778,6322.503515646785,8.75,20359.666666666668,61.58333333333333,1424.4648148148149,4236.256416933347,8.75,33336.0,11484.727777777778,33809.51398831366,77,18,13,14,6744,3177
러시아(연방),공용,2026,6,2,여름,0,258,6.333333333333333,6.016666666666666,5.7,7.0,5.666666666666667,11.75,0.1,202606,2,1.2246467991473532e-16,-1.0,1.2246467991473532e-16,-1.0,,258,66564,,,0.04513064133016637,0.09452736318407953,-0.08333333333333337,48,3.8918202981106265,180,1874.1996527777776,273.81898148148144,9,0,3,러시아(연방)_공용,12,여름_공용,288,97248,1874.1996527777776,3250.0297276663496,5.0,10342.25,94.875,273.81898148148144,671.2705769271112,1.25,3532.0,11484.727777777778,33809.51398831366,66,6,6,7,6650,3150
러시아(연방),관광,2026,6,2,여름,0,258,6785.0,6445.75,6106.5,3505.3333333333335,6955.222222222222,4698.61111111111,0.1,202606,2,1.2246467991473532e-16,-1.0,1.2246467991473532e-16,-1.0,,258,66564,,,0.052623414898980106,0.11109291854277528,0.9353550717748834,48,3.8918202981106265,180,1874.1996527777776,44945.81712962963,9,1,3,러시아(연방)_관광,12,여름_관광,288,97248,1874.1996527777776,3250.0297276663496,5.0,10342.25,94.875,44945.81712962963,54906.56830808382,3273.0,224785.0,11484.727777777778,33809.51398831366,6925,6736,6856,7356,16381,10567
러시아(연방),상용,2026,6,2,여름,0,258,60.666666666666664,57.633333333333326,54.6,61.333333333333336,73.44444444444444,78.19444444444444,0.1,202606,2,1.2246467991473532e-16,-1.0,1.2246467991473532e-16,-1.0,,258,66564,,,0.051733939738487875,0.10911270983213422,-0.010695187165775477,48,3.8918202981106265,180,1874.1996527777776,373.4101851851852,9,2,3,러시아(연방)_상용,12,여름_상용,288,97248,1874.1996527777776,3250.0297276663496,5.0,10342.25,94.875,373.4101851851852,624.3789467077137,24.75,2828.6666666666665,11484.727777777778,33809.51398831366,127,65,83,74,6743,3227
러시아(연방),유학연수,2026,6,2,여름,0,258,106.66666666666667,101.33333333333333,96.0,86.33333333333333,85.55555555555556,191.0,0.1,202606,2,1.2246467991473532e-16,-1.0,1.2246467991473532e-16,-1.0,,258,66564,,,0.0521172638436483,0.10996563573883167,0.23282442748091614,48,3.8918202981106265,180,1874.1996527777776,1424.4648148148149,9,3,3,러시아(연방)_유학연수,12,여름_유학연수,288,97248,1874.1996527777776,3250.0297276663496,5.0,10342.25,94.875,1424.4648148148149,4236.256416933347,8.75,33336.0,11484.727777777778,33809.51398831366,161,103,113,96,6753,3200
캐나다,공용,2026,6,2,여름,0,258,29.333333333333332,27.866666666666664,26.4,15.333333333333334,29.555555555555554,24.444444444444443,0.1,202606,2,1.2246467991473532e-16,-1.0,1.2246467991473532e-16,-1.0,,258,66564,,,0.05080831408775988,0.10705596107055962,0.8571428571428569,48,3.8918202981106265,180,3146.125,273.81898148148144,48,0,3,캐나다_공용,12,여름_공용,288,97248,3146.125,5707.001325929473,13.5,17405.333333333332,33.16666666666667,273.81898148148144,671.2705769271112,1.25,3532.0,11484.727777777778,33809.51398831366,89,30,30,27,6730,3192
캐나다,관광,2026,6,2,여름,0,258,10909.333333333334,10363.866666666667,9818.400000000001,5492.666666666667,12765.77777777778,8665.47222222222,0.1,202606,2,1.2246467991473532e-16,-1.0,1.2246467991473532e-16,-1.0,,258,66564,,,0.05262650106449356,0.1110997956426393,0.9859838602026576,48,3.8918202981106265,180,3146.125,44945.81712962963,48,1,3,캐나다_관광,12,여름_관광,288,97248,3146.125,5707.001325929473,13.5,17405.333333333332,33.16666666666667,44945.81712962963,54906.56830808382,3273.0,224785.0,11484.727777777778,33809.51398831366,11899,11745,11441,12184,23387,17619
캐나다,상용,2026,6,2,여름,0,258,27.0,25.65,24.3,19.666666666666668,28.111111111111114,28.472222222222218,0.1,202606,2,1.2246467991473532e-16,-1.0,1.2246467991473532e-16,-1.0,,258,66564,,,0.05065666041275803,0.10671936758893277,0.35483870967741926,48,3.8918202981106265,180,3146.125,373.4101851851852,48,2,3,캐나다_상용,12,여름_상용,288,97248,3146.125,5707.001325929473,13.5,17405.333333333332,33.16666666666667,373.4101851851852,624.3789467077137,24.75,2828.6666666666665,11484.727777777778,33809.51398831366,87,27,27,27,6733,3180
캐나다,유학연수,2026,6,2,여름,0,258,28.333333333333332,26.916666666666664,25.5,18.666666666666668,24.66666666666666,43.5,0.1,202606,2,1.2246467991473532e-16,-1.0,1.2246467991473532e-16,-1.0,,258,66564,,,0.05074626865671646,0.10691823899371064,0.4915254237288134,48,3.8918202981106265,180,3146.125,1424.4648148148149,48,3,3,캐나다_유학연수,12,여름_유학연수,288,97248,3146.125,5707.001325929473,13.5,17405.333333333332,33.16666666666667,1424.4648148148149,4236.256416933347,8.75,33336.0,11484.727777777778,33809.51398831366,87,27,25,24,6766,3179
인도네시아,공용,2026,6,2,여름,0,258,264.0,250.79999999999998,237.6,132.33333333333334,215.1111111111111,169.44444444444443,0.1,202606,2,1.2246467991473532e-16,-1.0,1.2246467991473532e-16,-1.0,,258,66564,,,0.0524225575853853,0.1106454316848282,0.9874999999999998,48,3.8918202981106265,180,3109.793402777778,273.81898148148144,42,0,3,인도네시아_공용,12,여름_공용,288,97248,3109.793402777778,5382.022766140716,60.0,19254.0,207.33333333333334,273.81898148148144,671.2705769271112,1.25,3532.0,11484.727777777778,33809.51398831366,297,244,226,207,7096,3362
인도네시아,관광,2026,6,2,여름,0,258,9708.333333333334,9222.916666666666,8737.5,5667.0,11501.11111111111,8596.111111111111,0.1,202606,2,1.2246467991473532e-16,-1.0,1.2246467991473532e-16,-1.0,,258,66564,,,0.052625872957077297,0.11109839598710694,0.713008703834392,48,3.8918202981106265,180,3109.793402777778,44945.81712962963,42,1,3,인도네시아_관광,12,여름_관광,288,97248,3109.793402777778,5382.022766140716,60.0,19254.0,207.33333333333334,44945.81712962963,54906.56830808382,3273.0,224785.0,11484.727777777778,33809.51398831366,10942,10869,10532,10853,22159,16185
인도네시아,상용,2026,6,2,여름,0,258,135.0,128.25,121.5,61.666666666666664,133.77777777777777,96.19444444444446,0.1,202606,2,1.2246467991473532e-16,-1.0,1.2246467991473532e-16,-1.0,,258,66564,,,0.05222437137330754,0.11020408163265306,1.170212765957447,48,3.8918202981106265,180,3109.793402777778,373.4101851851852,42,2,3,인도네시아_상용,12,여름_상용,288,97248,3109.793402777778,5382.022766140716,60.0,19254.0,207.33333333333334,373.4101851851852,624.3789467077137,24.75,2828.6666666666665,11484.727777777778,33809.51398831366,195,136,123,129,7073,3325
인도네시아,유학연수,2026,6,2,여름,0,258,141.66666666666666,134.58333333333331,127.5,89.33333333333333,105.22222222222223,252.1111111111111,0.1,202606,2,1.2246467991473532e-16,-1.0,1.2246467991473532e-16,-1.0,,258,66564,,,0.05224339274738791,0.11024643320363157,0.5793357933579335,48,3.8918202981106265,180,3109.793402777778,1424.4648148148149,42,3,3,인도네시아_유학연수,12,여름_유학연수,288,97248,3109.793402777778,5382.022766140716,60.0,19254.0,207.33333333333334,1424.4648148148149,4236.256416933347,8.75,33336.0,11484.727777777778,33809.51398831366,186,130,124,106,7007,3224
중국,공용,2026,7,3,여름,0,259,179.33333333333334,170.36666666666667,161.4,85.33333333333333,231.88888888888889,143.66666666666666,0.1,202607,2,-0.4999999999999997,-0.8660254037844388,-1.0,-1.8369701987210297e-16,,259,67081,56.25,,0.052324450496012455,0.11042692939244665,1.088803088803089,48,3.8918202981106265,180,46212.04861111112,273.81898148148144,44,0,3,중국_공용,12,여름_공용,336,97248,46212.04861111112,72909.78306073407,56.25,205420.25,3584.458333333333,273.81898148148144,671.2705769271112,1.25,3532.0,11484.727777777778,33809.51398831366,275,206,222,220,7460,3822
중국,관광,2026,7,3,여름,0,259,193689.0,184004.55,174320.1,62251.333333333336,162509.22222222222,103599.80555555555,0.1,202607,2,-0.4999999999999997,-0.8660254037844388,-1.0,-1.8369701987210297e-16,,259,67081,139181.5,,0.05263129291480617,0.11111047371775415,2.1113693194900325,48,3.8918202981106265,180,46212.04861111112,44945.81712962963,44,1,3,중국_관광,12,여름_관광,336,97248,46212.04861111112,72909.78306073407,56.25,205420.25,3584.458333333333,44945.81712962963,54906.56830808382,3273.0,224785.0,11484.727777777778,33809.51398831366,174408,176563,138492,182000,161867,155476
중국,상용,2026,7,3,여름,0,259,2355.3333333333335,2237.5666666666666,2119.8,1279.0,2314.111111111111,1749.861111111111,0.1,202607,2,-0.4999999999999997,-0.8660254037844388,-1.0,-1.8369701987210297e-16,,259,67081,1511.5,,0.05260806766234356,0.11105871997988179,0.8408854166666668,48,3.8918202981106265,180,46212.04861111112,373.4101851851852,44,2,3,중국_상용,12,여름_상용,336,97248,46212.04861111112,72909.78306073407,56.25,205420.25,3584.458333333333,373.4101851851852,624.3789467077137,24.75,2828.6666666666665,11484.727777777778,33809.51398831366,2408,2331,2460,2339,9576,5927
중국,유학연수,2026,7,3,여름,0,259,6479.333333333333,6155.366666666666,5831.4,3456.0,7198.555555555556,9666.222222222223,0.1,202607,2,-0.4999999999999997,-0.8660254037844388,-1.0,-1.8369701987210297e-16,,259,67081,4340.25,,0.05262302981737072,0.11109206044395677,0.8745540449329862,48,3.8918202981106265,180,46212.04861111112,1424.4648148148149,44,3,3,중국_유학연수,12,여름_유학연수,336,97248,46212.04861111112,72909.78306073407,56.25,205420.25,3584.458333333333,1424.4648148148149,4236.256416933347,8.75,33336.0,11484.727777777778,33809.51398831366,6903,6759,6655,7283,14213,10527
일본,공용,2026,7,3,여름,0,259,127.66666666666667,121.28333333333333,114.9,74.0,128.44444444444443,100.8888888888889,0.1,202607,2,-0.4999999999999997,-0.8660254037844388,-1.0,-1.8369701987210297e-16,,259,67081,97.0,,0.05220117214120218,0.11015243025596777,0.7155555555555556,48,3.8918202981106265,180,43674.144097222226,273.81898148148144,43,0,3,일본_공용,12,여름_공용,336,97248,43674.144097222226,77578.9924823001,82.75,224785.0,1031.25,273.81898148148144,671.2705769271112,1.25,3532.0,11484.727777777778,33809.51398831366,195,131,125,130,7363,3559
일본,관광,2026,7,3,여름,0,259,150852.66666666666,143310.03333333333,135767.4,71568.33333333333,150309.22222222222,115478.83333333333,0.1,202607,2,-0.4999999999999997,-0.8660254037844388,-1.0,-1.8369701987210297e-16,,259,67081,91966.5,,0.05263121169316807,0.11111029272398189,1.107797566928107,48,3.8918202981106265,180,43674.144097222226,44945.81712962963,43,1,3,일본_관광,12,여름_관광,336,97248,43674.144097222226,77578.9924823001,82.75,224785.0,1031.25,44945.81712962963,54906.56830808382,3273.0,224785.0,11484.727777777778,33809.51398831366,152303,151404,138036,162477,164362,158692
일본,상용,2026,7,3,여름,0,259,1475.0,1401.25,1327.5,1158.6666666666667,1417.0,1053.3055555555554,0.1,202607,2,-0.4999999999999997,-0.8660254037844388,-1.0,-1.8369701987210297e-16,,259,67081,1259.25,,0.05259404528436441,0.11102747459540835,0.27277953434895075,48,3.8918202981106265,180,43674.144097222226,373.4101851851852,43,2,3,일본_상용,12,여름_상용,336,97248,43674.144097222226,77578.9924823001,82.75,224785.0,1031.25,373.4101851851852,624.3789467077137,24.75,2828.6666666666665,11484.727777777778,33809.51398831366,1531,1470,1471,1445,8728,4914
일본,유학연수,2026,7,3,여름,0,259,644.3333333333334,612.1166666666667,579.9000000000001,427.0,750.2222222222222,941.5555555555555,0.1,202607,2,-0.4999999999999997,-0.8660254037844388,-1.0,-1.8369701987210297e-16,,259,67081,889.5,,0.05254573626552863,0.1109198370344866,0.5077881619937695,48,3.8918202981106265,180,43674.144097222226,1424.4648148148149,43,3,3,일본_유학연수,12,여름_유학연수,336,97248,43674.144097222226,77578.9924823001,82.75,224785.0,1031.25,1424.4648148148149,4236.256416933347,8.75,33336.0,11484.727777777778,33809.51398831366,760,688,707,717,8089,4241
대만,공용,2026,7,3,여름,0,259,14.333333333333334,13.616666666666667,12.9,9.333333333333334,9.222222222222223,7.5,0.1,202607,2,-0.4999999999999997,-0.8660254037844388,-1.0,-1.8369701987210297e-16,,259,67081,14.25,,0.049030786773090085,0.10311750599520385,0.48387096774193544,48,3.8918202981106265,180,19442.779513888887,273.81898148148144,5,0,3,대만_공용,12,여름_공용,336,97248,19442.779513888887,33871.209868563164,5.0,85999.0,171.83333333333331,273.81898148148144,671.2705769271112,1.25,3532.0,11484.727777777778,33809.51398831366,73,13,8,9,6834,3333
대만,관광,2026,7,3,여름,0,259,81719.33333333333,77633.36666666665,73547.4,34530.0,74110.55555555555,50914.33333333334,0.1,202607,2,-0.4999999999999997,-0.8660254037844388,-1.0,-1.8369701987210297e-16,,259,67081,68918.0,,0.052630901005611457,0.11110960039012861,1.3665788228934386,48,3.8918202981106265,180,19442.779513888887,44945.81712962963,5,1,3,대만_관광,12,여름_관광,336,97248,19442.779513888887,33871.209868563164,5.0,85999.0,171.83333333333331,44945.81712962963,54906.56830808382,3273.0,224785.0,11484.727777777778,33809.51398831366,88724,87534,96292,91471,83728,77977
대만,상용,2026,7,3,여름,0,259,246.33333333333334,234.01666666666665,221.70000000000002,232.33333333333334,191.0,143.63888888888889,0.1,202607,2,-0.4999999999999997,-0.8660254037844388,-1.0,-1.8369701987210297e-16,,259,67081,87.5,,0.052407630664491986,0.11061218380481959,0.06,48,3.8918202981106265,180,19442.779513888887,373.4101851851852,5,2,3,대만_상용,12,여름_상용,336,97248,19442.779513888887,33871.209868563164,5.0,85999.0,171.83333333333331,373.4101851851852,624.3789467077137,24.75,2828.6666666666665,11484.727777777778,33809.51398831366,283,229,191,208,6997,3481
대만,유학연수,2026,7,3,여름,0,259,202.0,191.89999999999998,181.8,107.66666666666667,222.88888888888889,274.8055555555556,0.1,202607,2,-0.4999999999999997,-0.8660254037844388,-1.0,-1.8369701987210297e-16,,259,67081,190.0,,0.05235873509590474,0.11050328227571109,0.8680981595092023,48,3.8918202981106265,180,19442.779513888887,1424.4648148148149,5,3,3,대만_유학연수,12,여름_유학연수,336,97248,19442.779513888887,33871.209868563164,5.0,85999.0,171.83333333333331,1424.4648148148149,4236.256416933347,8.75,33336.0,11484.727777777778,33809.51398831366,275,208,230,232,7119,3569
미국,공용,2026,7,3,여름,0,259,3532.0,3355.3999999999996,3178.8,2876.6666666666665,2969.6666666666665,2383.6944444444443,0.1,202607,2,-0.4999999999999997,-0.8660254037844388,-1.0,-1.8369701987210297e-16,,259,67081,2750.75,,0.05261589798593743,0.11107616831247243,0.22773080041700458,48,3.8918202981106265,180,17662.763888888887,273.81898148148144,14,0,3,미국_공용,12,여름_공용,336,97248,17662.763888888887,30507.139956446303,106.33333333333333,91502.0,1885.7083333333335,273.81898148148144,671.2705769271112,1.25,3532.0,11484.727777777778,33809.51398831366,3437,3364,3322,3478,10138,6232
미국,관광,2026,7,3,여름,0,259,73055.33333333333,69402.56666666667,65749.8,43172.0,78285.77777777777,51877.11111111112,0.1,202607,2,-0.4999999999999997,-0.8660254037844388,-1.0,-1.8369701987210297e-16,,259,67081,31070.0,,0.0526308206062416,0.11110942122884171,0.6921764374338899,48,3.8918202981106265,180,17662.763888888887,44945.81712962963,14,1,3,미국_관광,12,여름_관광,336,97248,17662.763888888887,30507.139956446303,106.33333333333333,91502.0,1885.7083333333335,44945.81712962963,54906.56830808382,3273.0,224785.0,11484.727777777778,33809.51398831366,88144,87575,92670,88424,95319,89612
미국,상용,2026,7,3,여름,0,259,227.0,215.64999999999998,204.3,179.0,226.66666666666666,203.27777777777774,0.1,202607,2,-0.4999999999999997,-0.8660254037844388,-1.0,-1.8369701987210297e-16,,259,67081,283.0,,0.05238864528040629,0.11056989771066726,0.26666666666666666,48,3.8918202981106265,180,17662.763888888887,373.4101851851852,14,2,3,미국_상용,12,여름_상용,336,97248,17662.763888888887,30507.139956446303,106.33333333333333,91502.0,1885.7083333333335,373.4101851851852,624.3789467077137,24.75,2828.6666666666665,11484.727777777778,33809.51398831366,296,228,232,239,7594,3683
미국,유학연수,2026,7,3,여름,0,259,202.66666666666666,192.5333333333333,182.4,155.0,276.6666666666667,421.1111111111111,0.1,202607,2,-0.4999999999999997,-0.8660254037844388,-1.0,-1.8369701987210297e-16,,259,67081,224.5,,0.05235962797106453,0.11050527081061423,0.30555555555555547,48,3.8918202981106265,180,17662.763888888887,1424.4648148148149,14,3,3,미국_유학연수,12,여름_유학연수,336,97248,17662.763888888887,30507.139956446303,106.33333333333333,91502.0,1885.7083333333335,1424.4648148148149,4236.256416933347,8.75,33336.0,11484.727777777778,33809.51398831366,312,234,306,272,7689,3744
홍콩,공용,2026,7,3,여름,0,259,2.0,1.9,1.8,2.6666666666666665,2.0,1.5,0.1,202607,2,-0.4999999999999997,-0.8660254037844388,-1.0,-1.8369701987210297e-16,,259,67081,1.25,,0.03448275862068969,0.07142857142857141,-0.1818181818181818,48,3.8918202981106265,180,7774.140625,273.81898148148144,60,0,3,홍콩_공용,12,여름_공용,336,97248,7774.140625,13803.683275345851,1.25,42363.0,70.16666666666666,273.81898148148144,671.2705769271112,1.25,3532.0,11484.727777777778,33809.51398831366,63,1,4,6,6784,3292
홍콩,관광,2026,7,3,여름,0,259,32601.0,30970.949999999997,29340.9,13357.0,28543.777777777777,21205.44444444444,0.1,202607,2,-0.4999999999999997,-0.8660254037844388,-1.0,-1.8369701987210297e-16,,259,67081,23844.75,,0.05262987961687924,0.11110732433823299,1.4406348255726906,48,3.8918202981106265,180,7774.140625,44945.81712962963,60,1,3,홍콩_관광,12,여름_관광,336,97248,7774.140625,13803.683275345851,1.25,42363.0,70.16666666666666,44945.81712962963,54906.56830808382,3273.0,224785.0,11484.727777777778,33809.51398831366,31054,30714,33838,31177,36612,30737
홍콩,상용,2026,7,3,여름,0,259,51.0,48.449999999999996,45.9,41.666666666666664,62.444444444444436,47.416666666666664,0.1,202607,2,-0.4999999999999997,-0.8660254037844388,-1.0,-1.8369701987210297e-16,,259,67081,34.25,,0.05156723963599605,0.10874200426439236,0.21875000000000006,48,3.8918202981106265,180,7774.140625,373.4101851851852,60,2,3,홍콩_상용,12,여름_상용,336,97248,7774.140625,13803.683275345851,1.25,42363.0,70.16666666666666,373.4101851851852,624.3789467077137,24.75,2828.6666666666665,11484.727777777778,33809.51398831366,120,56,69,67,6882,3374
홍콩,유학연수,2026,7,3,여름,0,259,127.33333333333333,120.96666666666665,114.6,66.33333333333333,139.11111111111111,141.77777777777777,0.1,202607,2,-0.4999999999999997,-0.8660254037844388,-1.0,-1.8369701987210297e-16,,259,67081,96.0,,0.052200054659743166,0.11014994232987314,0.905940594059406,48,3.8918202981106265,180,7774.140625,1424.4648148148149,60,3,3,홍콩_유학연수,12,여름_유학연수,336,97248,7774.140625,13803.683275345851,1.25,42363.0,70.16666666666666,1424.4648148148149,4236.256416933347,8.75,33336.0,11484.727777777778,33809.51398831366,200,135,144,150,7010,3467
태국,공용,2026,7,3,여름,0,259,308.3333333333333,292.91666666666663,277.5,167.66666666666666,355.3333333333333,207.19444444444443,0.1,202607,2,-0.4999999999999997,-0.8660254037844388,-1.0,-1.8369701987210297e-16,,259,67081,75.5,,0.052452509214630065,0.11071214841412322,0.83399209486166,48,3.8918202981106265,180,5410.644097222222,273.81898148148144,52,0,3,태국_공용,12,여름_공용,336,97248,5410.644097222222,10043.429966232909,50.666666666666664,36286.333333333336,176.875,273.81898148148144,671.2705769271112,1.25,3532.0,11484.727777777778,33809.51398831366,387,317,342,346,7438,3739
태국,관광,2026,7,3,여름,0,259,14778.0,14039.099999999999,13300.2,10245.333333333334,17217.44444444444,17815.416666666668,0.1,202607,2,-0.4999999999999997,-0.8660254037844388,-1.0,-1.8369701987210297e-16,,259,67081,13337.25,,0.052627830286109185,0.11110275764592663,0.4423696281596668,48,3.8918202981106265,180,5410.644097222222,44945.81712962963,52,1,3,태국_관광,12,여름_관광,336,97248,5410.644097222222,10043.429966232909,50.666666666666664,36286.333333333336,176.875,44945.81712962963,54906.56830808382,3273.0,224785.0,11484.727777777778,33809.51398831366,16417,16231,15221,17156,28519,22605
태국,상용,2026,7,3,여름,0,259,70.33333333333333,66.81666666666666,63.3,46.0,73.66666666666666,62.944444444444436,0.1,202607,2,-0.4999999999999997,-0.8660254037844388,-1.0,-1.8369701987210297e-16,,259,67081,55.25,,0.051855492750061426,0.1093831000518403,0.5177304964539006,48,3.8918202981106265,180,5410.644097222222,373.4101851851852,52,2,3,태국_상용,12,여름_상용,336,97248,5410.644097222222,10043.429966232909,50.666666666666664,36286.333333333336,176.875,373.4101851851852,624.3789467077137,24.75,2828.6666666666665,11484.727777777778,33809.51398831366,135,70,84,76,7122,3405
태국,유학연수,2026,7,3,여름,0,259,110.33333333333333,104.81666666666666,99.3,64.66666666666667,118.33333333333333,140.97222222222223,0.1,202607,2,-0.4999999999999997,-0.8660254037844388,-1.0,-1.8369701987210297e-16,,259,67081,114.75,,0.052134194361316735,0.11000332336324359,0.695431472081218,48,3.8918202981106265,180,5410.644097222222,1424.4648148148149,52,3,3,태국_유학연수,12,여름_유학연수,336,97248,5410.644097222222,10043.429966232909,50.666666666666664,36286.333333333336,176.875,1424.4648148148149,4236.256416933347,8.75,33336.0,11484.727777777778,33809.51398831366,182,118,124,124,7209,3458
말레이시아,공용,2026,7,3,여름,0,259,9.666666666666666,9.183333333333332,8.7,4.666666666666667,7.5555555555555545,7.277777777777778,0.1,202607,2,-0.4999999999999997,-0.8660254037844388,-1.0,-1.8369701987210297e-16,,259,67081,10.25,,0.04746317512274969,0.09965635738831617,0.8823529411764703,48,3.8918202981106265,180,4232.541666666667,273.81898148148144,11,0,3,말레이시아_공용,12,여름_공용,336,97248,4232.541666666667,7878.866471116315,5.25,26265.333333333332,82.66666666666666,273.81898148148144,671.2705769271112,1.25,3532.0,11484.727777777778,33809.51398831366,70,9,7,7,6837,3323
말레이시아,관광,2026,7,3,여름,0,259,7253.0,6890.349999999999,6527.7,4085.0,10874.22222222222,12105.194444444445,0.1,202607,2,-0.4999999999999997,-0.8660254037844388,-1.0,-1.8369701987210297e-16,,259,67081,11801.25,,0.052623941607957886,0.11109409223888372,0.775330396475771,48,3.8918202981106265,180,4232.541666666667,44945.81712962963,11,1,3,말레이시아_관광,12,여름_관광,336,97248,4232.541666666667,7878.866471116315,5.25,26265.333333333332,82.66666666666666,44945.81712962963,54906.56830808382,3273.0,224785.0,11484.727777777778,33809.51398831366,9429,9205,9340,9730,22849,17168
말레이시아,상용,2026,7,3,여름,0,259,73.66666666666667,69.98333333333333,66.30000000000001,49.0,77.33333333333334,65.13888888888889,0.1,202607,2,-0.4999999999999997,-0.8660254037844388,-1.0,-1.8369701987210297e-16,,259,67081,67.5,,0.051890115050481384,0.10946012877662198,0.4933333333333334,48,3.8918202981106265,180,4232.541666666667,373.4101851851852,11,2,3,말레이시아_상용,12,여름_상용,336,97248,4232.541666666667,7878.866471116315,5.25,26265.333333333332,82.66666666666666,373.4101851851852,624.3789467077137,24.75,2828.6666666666665,11484.727777777778,33809.51398831366,137,74,85,77,6922,3394
말레이시아,유학연수,2026,7,3,여름,0,259,102.33333333333333,97.21666666666665,92.1,72.66666666666667,69.22222222222221,141.41666666666666,0.1,202607,2,-0.4999999999999997,-0.8660254037844388,-1.0,-1.8369701987210297e-16,,259,67081,118.25,,0.052095706770745036,0.10991765127103474,0.4027149321266967,48,3.8918202981106265,180,4232.541666666667,1424.4648148148149,11,3,3,말레이시아_유학연수,12,여름_유학연수,336,97248,4232.541666666667,7878.866471116315,5.25,26265.333333333332,82.66666666666666,1424.4648148148149,4236.256416933347,8.75,33336.0,11484.727777777778,33809.51398831366,147,86,85,85,6913,3349
싱가포르,공용,2026,7,3,여름,0,259,20.666666666666668,19.633333333333333,18.6,17.666666666666668,16.333333333333332,10.194444444444443,0.1,202607,2,-0.4999999999999997,-0.8660254037844388,-1.0,-1.8369701987210297e-16,,259,67081,6.25,,0.05008077544426502,0.10544217687074828,0.1607142857142857,48,3.8918202981106265,180,6122.14236111111,273.81898148148144,28,0,3,싱가포르_공용,12,여름_공용,336,97248,6122.14236111111,12378.40829217557,6.25,54384.333333333336,146.91666666666669,273.81898148148144,671.2705769271112,1.25,3532.0,11484.727777777778,33809.51398831366,82,21,16,16,6842,3324
싱가포르,관광,2026,7,3,여름,0,259,10198.0,9688.1,9178.2,6102.0,19586.22222222222,18284.13888888889,0.1,202607,2,-0.4999999999999997,-0.8660254037844388,-1.0,-1.8369701987210297e-16,,259,67081,10223.0,,0.05262614690734946,0.11109900644936369,0.6711453383581845,48,3.8918202981106265,180,6122.14236111111,44945.81712962963,28,1,3,싱가포르_관광,12,여름_관광,336,97248,6122.14236111111,12378.40829217557,6.25,54384.333333333336,146.91666666666669,44945.81712962963,54906.56830808382,3273.0,224785.0,11484.727777777778,33809.51398831366,17335,17222,16849,16924,35437,30001
싱가포르,상용,2026,7,3,여름,0,259,161.33333333333334,153.26666666666668,145.20000000000002,129.33333333333334,183.88888888888889,191.63888888888889,0.1,202607,2,-0.4999999999999997,-0.8660254037844388,-1.0,-1.8369701987210297e-16,,259,67081,120.75,,0.052290406222990464,0.1103511171910624,0.2455242966751918,48,3.8918202981106265,180,6122.14236111111,373.4101851851852,28,2,3,싱가포르_상용,12,여름_상용,336,97248,6122.14236111111,12378.40829217557,6.25,54384.333333333336,146.91666666666669,373.4101851851852,624.3789467077137,24.75,2828.6666666666665,11484.727777777778,33809.51398831366,235,169,195,185,7044,3511
싱가포르,유학연수,2026,7,3,여름,0,259,41.0,38.949999999999996,36.9,21.333333333333332,41.888888888888886,55.611111111111114,0.1,202607,2,-0.4999999999999997,-0.8660254037844388,-1.0,-1.8369701987210297e-16,,259,67081,26.5,,0.051314142678348044,0.108179419525066,0.8805970149253732,48,3.8918202981106265,180,6122.14236111111,1424.4648148148149,28,3,3,싱가포르_유학연수,12,여름_유학연수,336,97248,6122.14236111111,12378.40829217557,6.25,54384.333333333336,146.91666666666669,1424.4648148148149,4236.256416933347,8.75,33336.0,11484.727777777778,33809.51398831366,104,42,46,38,6940,3371
베트남,공용,2026,7,3,여름,0,259,187.33333333333334,177.96666666666667,168.60000000000002,93.66666666666667,194.55555555555554,169.74999999999997,0.1,202607,2,-0.4999999999999997,-0.8660254037844388,-1.0,-1.8369701987210297e-16,,259,67081,24.25,,0.05233749301545916,0.1104559748427672,0.9894366197183099,48,3.8918202981106265,180,5660.895833333333,273.81898148148144,19,0,3,베트남_공용,12,여름_공용,336,97248,5660.895833333333,7838.108668163646,24.25,29351.0,973.0,273.81898148148144,671.2705769271112,1.25,3532.0,11484.727777777778,33809.51398831366,253,193,194,178,7137,3561
베트남,관광,2026,7,3,여름,0,259,19351.0,18383.45,17415.9,10382.666666666666,16886.888888888887,13609.305555555557,0.1,202607,2,-0.4999999999999997,-0.8660254037844388,-1.0,-1.8369701987210297e-16,,259,67081,8316.5,,0.05262871611606544,0.11110473161125105,0.8636961895284262,48,3.8918202981106265,180,5660.895833333333,44945.81712962963,19,1,3,베트남_관광,12,여름_관광,336,97248,5660.895833333333,7838.108668163646,24.25,29351.0,973.0,44945.81712962963,54906.56830808382,3273.0,224785.0,11484.727777777778,33809.51398831366,17979,17823,16946,18890,24996,19024
베트남,상용,2026,7,3,여름,0,259,523.6666666666666,497.4833333333333,471.29999999999995,419.0,472.5555555555556,379.9166666666667,0.1,202607,2,-0.4999999999999997,-0.8660254037844388,-1.0,-1.8369701987210297e-16,,259,67081,195.75,,0.052525995519743233,0.11087585574140732,0.24920634920634913,48,3.8918202981106265,180,5660.895833333333,373.4101851851852,19,2,3,베트남_상용,12,여름_상용,336,97248,5660.895833333333,7838.108668163646,24.25,29351.0,973.0,373.4101851851852,624.3789467077137,24.75,2828.6666666666665,11484.727777777778,33809.51398831366,571,515,491,492,7394,3802
베트남,유학연수,2026,7,3,여름,0,259,4830.666666666667,4589.133333333333,4347.6,3197.0,3648.444444444444,3495.444444444444,0.1,202607,2,-0.4999999999999997,-0.8660254037844388,-1.0,-1.8369701987210297e-16,,259,67081,2372.75,,0.05262011270551337,0.11108556010363486,0.5108401084010841,48,3.8918202981106265,180,5660.895833333333,1424.4648148148149,19,3,3,베트남_유학연수,12,여름_유학연수,336,97248,5660.895833333333,7838.108668163646,24.25,29351.0,973.0,1424.4648148148149,4236.256416933347,8.75,33336.0,11484.727777777778,33809.51398831366,4425,4365,4298,4492,9830,6161
필리핀,공용,2026,7,3,여름,0,259,161.33333333333334,153.26666666666668,145.20000000000002,109.33333333333333,172.66666666666666,125.88888888888887,0.1,202607,2,-0.4999999999999997,-0.8660254037844388,-1.0,-1.8369701987210297e-16,,259,67081,133.75,,0.052290406222990464,0.1103511171910624,0.47129909365558925,48,3.8918202981106265,180,4438.402777777778,273.81898148148144,59,0,3,필리핀_공용,12,여름_공용,336,97248,4438.402777777778,7934.530390261756,50.5,26180.333333333332,262.5,273.81898148148144,671.2705769271112,1.25,3532.0,11484.727777777778,33809.51398831366,226,163,159,167,7216,3519
필리핀,관광,2026,7,3,여름,0,259,11562.333333333334,10984.216666666667,10406.1,7732.333333333333,13070.666666666666,12091.27777777778,0.1,202607,2,-0.4999999999999997,-0.8660254037844388,-1.0,-1.8369701987210297e-16,,259,67081,11005.0,,0.05262678781938758,0.11110043463917263,0.4952586206896553,48,3.8918202981106265,180,4438.402777777778,44945.81712962963,59,1,3,필리핀_관광,12,여름_관광,336,97248,4438.402777777778,7934.530390261756,50.5,26180.333333333332,262.5,44945.81712962963,54906.56830808382,3273.0,224785.0,11484.727777777778,33809.51398831366,12301,12152,11617,12649,24135,18201
필리핀,상용,2026,7,3,여름,0,259,384.0,364.79999999999995,345.6,223.33333333333334,390.6666666666667,289.9166666666667,0.1,202607,2,-0.4999999999999997,-0.8660254037844388,-1.0,-1.8369701987210297e-16,,259,67081,273.5,,0.052487698195735503,0.11079053664166179,0.7161961367013372,48,3.8918202981106265,180,4438.402777777778,373.4101851851852,59,2,3,필리핀_상용,12,여름_상용,336,97248,4438.402777777778,7934.530390261756,50.5,26180.333333333332,262.5,373.4101851851852,624.3789467077137,24.75,2828.6666666666665,11484.727777777778,33809.51398831366,455,386,393,419,7462,3749
필리핀,유학연수,2026,7,3,여름,0,259,100.0,95.0,90.0,58.666666666666664,71.88888888888887,87.63888888888887,0.1,202607,2,-0.4999999999999997,-0.8660254037844388,-1.0,-1.8369701987210297e-16,,259,67081,150.0,,0.052083333333333336,0.10989010989010989,0.6927374301675978,48,3.8918202981106265,180,4438.402777777778,1424.4648148148149,59,3,3,필리핀_유학연수,12,여름_유학연수,336,97248,4438.402777777778,7934.530390261756,50.5,26180.333333333332,262.5,1424.4648148148149,4236.256416933347,8.75,33336.0,11484.727777777778,33809.51398831366,151,88,80,90,7143,3394
대양주,공용,2026,7,3,여름,0,259,63.0,59.849999999999994,56.7,52.666666666666664,63.99999999999999,45.805555555555564,0.1,202607,2,-0.4999999999999997,-0.8660254037844388,-1.0,-1.8369701987210297e-16,,259,67081,31.0,,0.05176663927691053,0.10918544194107446,0.19254658385093174,48,3.8918202981106265,180,4086.9861111111113,273.81898148148144,6,0,3,대양주_공용,12,여름_공용,336,97248,4086.9861111111113,7438.677602550389,9.75,24126.0,78.625,273.81898148148144,671.2705769271112,1.25,3532.0,11484.727777777778,33809.51398831366,127,64,73,67,6903,3372
대양주,관광,2026,7,3,여름,0,259,12317.333333333334,11701.466666666667,11085.6,6709.666666666667,13553.111111111111,11723.555555555555,0.1,202607,2,-0.4999999999999997,-0.8660254037844388,-1.0,-1.8369701987210297e-16,,259,67081,12876.5,,0.05262708147000349,0.11110108900233918,0.8356348102523345,48,3.8918202981106265,180,4086.9861111111113,44945.81712962963,6,1,3,대양주_관광,12,여름_관광,336,97248,4086.9861111111113,7438.677602550389,9.75,24126.0,78.625,44945.81712962963,54906.56830808382,3273.0,224785.0,11484.727777777778,33809.51398831366,13200,13099,12312,13453,24486,18722
대양주,상용,2026,7,3,여름,0,259,80.0,76.0,72.0,65.0,81.55555555555554,79.41666666666666,0.1,202607,2,-0.4999999999999997,-0.8660254037844388,-1.0,-1.8369701987210297e-16,,259,67081,78.25,,0.05194805194805195,0.1095890410958904,0.22727272727272727,48,3.8918202981106265,180,4086.9861111111113,373.4101851851852,6,2,3,대양주_상용,12,여름_상용,336,97248,4086.9861111111113,7438.677602550389,9.75,24126.0,78.625,373.4101851851852,624.3789467077137,24.75,2828.6666666666665,11484.727777777778,33809.51398831366,143,79,89,86,6938,3391
대양주,유학연수,2026,7,3,여름,0,259,29.333333333333332,27.866666666666664,26.4,18.333333333333332,22.777777777777775,29.611111111111114,0.1,202607,2,-0.4999999999999997,-0.8660254037844388,-1.0,-1.8369701987210297e-16,,259,67081,25.25,,0.05080831408775988,0.10705596107055962,0.5689655172413793,48,3.8918202981106265,180,4086.9861111111113,1424.4648148148149,6,3,3,대양주_유학연수,12,여름_유학연수,336,97248,4086.9861111111113,7438.677602550389,9.75,24126.0,78.625,1424.4648148148149,4236.256416933347,8.75,33336.0,11484.727777777778,33809.51398831366,89,28,23,23,6918,3336
오스트레일리아,공용,2026,7,3,여름,0,259,50.333333333333336,47.81666666666667,45.300000000000004,42.333333333333336,45.77777777777777,34.86111111111111,0.1,202607,2,-0.4999999999999997,-0.8660254037844388,-1.0,-1.8369701987210297e-16,,259,67081,22.5,,0.05155343120518946,0.10871130309575229,0.1846153846153846,48,3.8918202981106265,180,3468.059027777778,273.81898148148144,32,0,3,오스트레일리아_공용,12,여름_공용,336,97248,3468.059027777778,6322.503515646785,8.75,20359.666666666668,61.58333333333333,273.81898148148144,671.2705769271112,1.25,3532.0,11484.727777777778,33809.51398831366,110,50,44,43,6870,3343
오스트레일리아,관광,2026,7,3,여름,0,259,10300.666666666666,9785.633333333331,9270.6,5523.333333333333,11447.111111111111,9918.972222222223,0.1,202607,2,-0.4999999999999997,-0.8660254037844388,-1.0,-1.8369701987210297e-16,,259,67081,11077.75,,0.05262620104291923,0.11109912708342311,0.8647800639594521,48,3.8918202981106265,180,3468.059027777778,44945.81712962963,32,1,3,오스트레일리아_관광,12,여름_관광,336,97248,3468.059027777778,6322.503515646785,8.75,20359.666666666668,61.58333333333333,44945.81712962963,54906.56830808382,3273.0,224785.0,11484.727777777778,33809.51398831366,11341,11220,10451,11717,22227,16456
오스트레일리아,상용,2026,7,3,여름,0,259,64.0,60.8,57.6,51.333333333333336,65.44444444444444,63.58333333333332,0.1,202607,2,-0.4999999999999997,-0.8660254037844388,-1.0,-1.8369701987210297e-16,,259,67081,64.0,,0.05177993527508096,0.10921501706484639,0.2420382165605095,48,3.8918202981106265,180,3468.059027777778,373.4101851851852,32,2,3,오스트레일리아_상용,12,여름_상용,336,97248,3468.059027777778,6322.503515646785,8.75,20359.666666666668,61.58333333333333,373.4101851851852,624.3789467077137,24.75,2828.6666666666665,11484.727777777778,33809.51398831366,128,65,77,71,6912,3370
오스트레일리아,유학연수,2026,7,3,여름,0,259,23.0,21.849999999999998,20.7,13.666666666666666,18.444444444444443,24.25,0.1,202607,2,-0.4999999999999997,-0.8660254037844388,-1.0,-1.8369701987210297e-16,,259,67081,20.75,,0.050328227571116074,0.10599078341013829,0.6363636363636365,48,3.8918202981106265,180,3468.059027777778,1424.4648148148149,32,3,3,오스트레일리아_유학연수,12,여름_유학연수,336,97248,3468.059027777778,6322.503515646785,8.75,20359.666666666668,61.58333333333333,1424.4648148148149,4236.256416933347,8.75,33336.0,11484.727777777778,33809.51398831366,83,22,17,18,6908,3330
러시아(연방),공용,2026,7,3,여름,0,259,13.333333333333334,12.666666666666666,12.0,15.333333333333334,8.444444444444445,11.583333333333334,0.1,202607,2,-0.4999999999999997,-0.8660254037844388,-1.0,-1.8369701987210297e-16,,259,67081,14.25,,0.04878048780487814,0.10256410256410262,-0.12244897959183672,48,3.8918202981106265,180,1874.1996527777776,273.81898148148144,9,0,3,러시아(연방)_공용,12,여름_공용,336,97248,1874.1996527777776,3250.0297276663496,5.0,10342.25,94.875,273.81898148148144,671.2705769271112,1.25,3532.0,11484.727777777778,33809.51398831366,73,12,8,8,6809,3298
러시아(연방),관광,2026,7,3,여름,0,259,9183.333333333334,8724.166666666666,8265.0,4285.0,7526.333333333333,5106.805555555556,0.1,202607,2,-0.4999999999999997,-0.8660254037844388,-1.0,-1.8369701987210297e-16,,259,67081,3855.25,,0.0526255467899373,0.11109766916686836,1.1428682532275627,48,3.8918202981106265,180,1874.1996527777776,44945.81712962963,9,1,3,러시아(연방)_관광,12,여름_관광,336,97248,1874.1996527777776,3250.0297276663496,5.0,10342.25,94.875,44945.81712962963,54906.56830808382,3273.0,224785.0,11484.727777777778,33809.51398831366,8604,8511,8383,8799,16144,10258
러시아(연방),상용,2026,7,3,여름,0,259,59.333333333333336,56.36666666666667,53.400000000000006,56.0,64.44444444444444,78.47222222222221,0.1,202607,2,-0.4999999999999997,-0.8660254037844388,-1.0,-1.8369701987210297e-16,,259,67081,103.25,,0.05171411969785012,0.10906862745098032,0.05847953216374273,48,3.8918202981106265,180,1874.1996527777776,373.4101851851852,9,2,3,러시아(연방)_상용,12,여름_상용,336,97248,1874.1996527777776,3250.0297276663496,5.0,10342.25,94.875,373.4101851851852,624.3789467077137,24.75,2828.6666666666665,11484.727777777778,33809.51398831366,126,62,79,75,6895,3369
러시아(연방),유학연수,2026,7,3,여름,0,259,141.33333333333334,134.26666666666668,127.20000000000002,80.0,121.0,196.11111111111111,0.1,202607,2,-0.4999999999999997,-0.8660254037844388,-1.0,-1.8369701987210297e-16,,259,67081,189.25,,0.05224248398225723,0.11024440977639098,0.7572016460905351,48,3.8918202981106265,180,1874.1996527777776,1424.4648148148149,9,3,3,러시아(연방)_유학연수,12,여름_유학연수,336,97248,1874.1996527777776,3250.0297276663496,5.0,10342.25,94.875,1424.4648148148149,4236.256416933347,8.75,33336.0,11484.727777777778,33809.51398831366,198,136,141,135,6979,3416
캐나다,공용,2026,7,3,여름,0,259,27.333333333333332,25.966666666666665,24.599999999999998,17.333333333333332,29.777777777777782,25.27777777777777,0.1,202607,2,-0.4999999999999997,-0.8660254037844388,-1.0,-1.8369701987210297e-16,,259,67081,26.5,,0.05067985166872684,0.10677083333333338,0.5454545454545455,48,3.8918202981106265,180,3146.125,273.81898148148144,48,0,3,캐나다_공용,12,여름_공용,336,97248,3146.125,5707.001325929473,13.5,17405.333333333332,33.16666666666667,273.81898148148144,671.2705769271112,1.25,3532.0,11484.727777777778,33809.51398831366,89,27,29,29,6884,3337
캐나다,관광,2026,7,3,여름,0,259,13310.0,12644.5,11979.0,6830.0,12622.11111111111,9205.472222222223,0.1,202607,2,-0.4999999999999997,-0.8660254037844388,-1.0,-1.8369701987210297e-16,,259,67081,6368.5,,0.05262741686766043,0.11110183639398999,0.9486166007905138,48,3.8918202981106265,180,3146.125,44945.81712962963,48,1,3,캐나다_관광,12,여름_관광,336,97248,3146.125,5707.001325929473,13.5,17405.333333333332,33.16666666666667,44945.81712962963,54906.56830808382,3273.0,224785.0,11484.727777777778,33809.51398831366,12926,12767,12768,13280,22047,16179
캐나다,상용,2026,7,3,여름,0,259,25.666666666666668,24.383333333333333,23.1,21.333333333333332,26.666666666666668,28.833333333333332,0.1,202607,2,-0.4999999999999997,-0.8660254037844388,-1.0,-1.8369701987210297e-16,,259,67081,30.75,,0.050558108995403875,0.10650069156293221,0.19402985074626877,48,3.8918202981106265,180,3146.125,373.4101851851852,48,2,3,캐나다_상용,12,여름_상용,336,97248,3146.125,5707.001325929473,13.5,17405.333333333332,33.16666666666667,373.4101851851852,624.3789467077137,24.75,2828.6666666666665,11484.727777777778,33809.51398831366,87,26,26,25,6888,3325
캐나다,유학연수,2026,7,3,여름,0,259,34.666666666666664,32.93333333333333,31.2,24.666666666666668,32.55555555555555,44.333333333333336,0.1,202607,2,-0.4999999999999997,-0.8660254037844388,-1.0,-1.8369701987210297e-16,,259,67081,37.75,,0.05108055009823186,0.10766045548654238,0.38961038961038946,48,3.8918202981106265,180,3146.125,1424.4648148148149,48,3,3,캐나다_유학연수,12,여름_유학연수,336,97248,3146.125,5707.001325929473,13.5,17405.333333333332,33.16666666666667,1424.4648148148149,4236.256416933347,8.75,33336.0,11484.727777777778,33809.51398831366,96,34,32,35,6935,3338
인도네시아,공용,2026,7,3,여름,0,259,294.6666666666667,279.93333333333334,265.20000000000005,187.33333333333334,276.6666666666667,178.38888888888889,0.1,202607,2,-0.4999999999999997,-0.8660254037844388,-1.0,-1.8369701987210297e-16,,259,67081,60.0,,0.05244423350735648,0.11069371399949901,0.5699115044247788,48,3.8918202981106265,180,3109.793402777778,273.81898148148144,42,0,3,인도네시아_공용,12,여름_공용,336,97248,3109.793402777778,5382.022766140716,60.0,19254.0,207.33333333333334,273.81898148148144,671.2705769271112,1.25,3532.0,11484.727777777778,33809.51398831366,346,285,289,273,7343,3602
인도네시아,관광,2026,7,3,여름,0,259,8469.0,8045.549999999999,7622.1,5678.666666666667,9663.111111111111,8828.638888888889,0.1,202607,2,-0.4999999999999997,-0.8660254037844388,-1.0,-1.8369701987210297e-16,,259,67081,9403.75,,0.05262503805978969,0.11109653553016484,0.4912846998063266,48,3.8918202981106265,180,3109.793402777778,44945.81712962963,42,1,3,인도네시아_관광,12,여름_관광,336,97248,3109.793402777778,5382.022766140716,60.0,19254.0,207.33333333333334,44945.81712962963,54906.56830808382,3273.0,224785.0,11484.727777777778,33809.51398831366,9136,8900,8581,9868,20600,14608
인도네시아,상용,2026,7,3,여름,0,259,139.0,132.04999999999998,125.10000000000001,64.33333333333333,132.77777777777774,102.41666666666664,0.1,202607,2,-0.4999999999999997,-0.8660254037844388,-1.0,-1.8369701987210297e-16,,259,67081,80.0,,0.05223600150319442,0.11022997620935758,1.142857142857143,48,3.8918202981106265,180,3109.793402777778,373.4101851851852,42,2,3,인도네시아_상용,12,여름_상용,336,97248,3109.793402777778,5382.022766140716,60.0,19254.0,207.33333333333334,373.4101851851852,624.3789467077137,24.75,2828.6666666666665,11484.727777777778,33809.51398831366,199,138,127,127,7231,3473
인도네시아,유학연수,2026,7,3,여름,0,259,235.0,223.25,211.5,153.33333333333334,160.33333333333334,258.9166666666667,0.1,202607,2,-0.4999999999999997,-0.8660254037844388,-1.0,-1.8369701987210297e-16,,259,67081,187.25,,0.05239687848383501,0.11058823529411765,0.529157667386609,48,3.8918202981106265,180,3109.793402777778,1424.4648148148149,42,3,3,인도네시아_유학연수,12,여름_유학연수,336,97248,3109.793402777778,5382.022766140716,60.0,19254.0,207.33333333333334,1424.4648148148149,4236.256416933347,8.75,33336.0,11484.727777777778,33809.51398831366,256,198,162,188,7217,3423
중국,공용,2026,8,3,여름,0,260,218.0,207.1,196.20000000000002,102.0,218.33333333333334,153.33333333333334,0.1,202608,2,-0.8660254037844385,-0.5000000000000004,-1.0,-1.8369701987210297e-16,,260,67600,73.5,,0.05237866410379628,0.1105476673427991,1.1262135922330097,48,3.8918202981106265,180,46212.04861111112,273.81898148148144,44,0,3,중국_공용,12,여름_공용,384,97248,46212.04861111112,72909.78306073407,56.25,205420.25,3584.458333333333,273.81898148148144,671.2705769271112,1.25,3532.0,11484.727777777778,33809.51398831366,279,218,200,199,7425,3788
중국,관광,2026,8,3,여름,0,260,191823.0,182231.85,172640.7,60336.333333333336,180217.66666666666,114557.0277777778,0.1,202608,2,-0.8660254037844385,-0.5000000000000004,-1.0,-1.8369701987210297e-16,,260,67600,122646.25,,0.05263129013237731,0.11111046751740737,2.1791925397211234,48,3.8918202981106265,180,46212.04861111112,44945.81712962963,44,1,3,중국_관광,12,여름_관광,384,97248,46212.04861111112,72909.78306073407,56.25,205420.25,3584.458333333333,44945.81712962963,54906.56830808382,3273.0,224785.0,11484.727777777778,33809.51398831366,182247,184586,143695,188456,191999,186413
중국,상용,2026,8,3,여름,0,260,2442.3333333333335,2320.2166666666667,2198.1000000000004,1304.6666666666667,2352.3333333333335,1844.6666666666667,0.1,202608,2,-0.8660254037844385,-0.5000000000000004,-1.0,-1.8369701987210297e-16,,260,67600,2014.75,,0.05260890481284963,0.11106058539099317,0.8713300995659944,48,3.8918202981106265,180,46212.04861111112,373.4101851851852,44,2,3,중국_상용,12,여름_상용,384,97248,46212.04861111112,72909.78306073407,56.25,205420.25,3584.458333333333,373.4101851851852,624.3789467077137,24.75,2828.6666666666665,11484.727777777778,33809.51398831366,2460,2381,2463,2421,9626,5979
중국,유학연수,2026,8,3,여름,0,260,33336.0,31669.199999999997,30002.4,20996.333333333332,15468.444444444443,10694.52777777778,0.1,202608,2,-0.8660254037844385,-0.5000000000000004,-1.0,-1.8369701987210297e-16,,260,67600,26888.75,,0.05262991708293611,0.11110740782711287,0.5876778003556008,48,3.8918202981106265,180,46212.04861111112,1424.4648148148149,44,3,3,중국_유학연수,12,여름_유학연수,384,97248,46212.04861111112,72909.78306073407,56.25,205420.25,3584.458333333333,1424.4648148148149,4236.256416933347,8.75,33336.0,11484.727777777778,33809.51398831366,22714,22569,23948,23749,12803,8509
일본,공용,2026,8,3,여름,0,260,120.33333333333333,114.31666666666666,108.3,61.333333333333336,126.22222222222221,105.80555555555556,0.1,202608,2,-0.8660254037844385,-0.5000000000000004,-1.0,-1.8369701987210297e-16,,260,67600,82.75,,0.05217516982222864,0.11009454101860322,0.9465240641711229,48,3.8918202981106265,180,43674.144097222226,273.81898148148144,43,0,3,일본_공용,12,여름_공용,384,97248,43674.144097222226,77578.9924823001,82.75,224785.0,1031.25,273.81898148148144,671.2705769271112,1.25,3532.0,11484.727777777778,33809.51398831366,190,125,125,124,7383,3583
일본,관광,2026,8,3,여름,0,260,197238.33333333334,187376.41666666666,177514.5,92167.66666666667,165792.0,124234.72222222223,0.1,202608,2,-0.8660254037844385,-0.5000000000000004,-1.0,-1.8369701987210297e-16,,260,67600,120958.0,,0.05263129806197751,0.1111104851876785,1.139982495859041,48,3.8918202981106265,180,43674.144097222226,44945.81712962963,43,1,3,일본_관광,12,여름_관광,384,97248,43674.144097222226,77578.9924823001,82.75,224785.0,1031.25,44945.81712962963,54906.56830808382,3273.0,224785.0,11484.727777777778,33809.51398831366,179078,181099,144970,186912,160972,154167
일본,상용,2026,8,3,여름,0,260,1374.6666666666667,1305.9333333333334,1237.2,1002.3333333333334,1426.888888888889,1084.3333333333333,0.1,202608,2,-0.8660254037844385,-0.5000000000000004,-1.0,-1.8369701987210297e-16,,260,67600,975.0,,0.052591307896347694,0.11102137511441341,0.3710963455149502,48,3.8918202981106265,180,43674.144097222226,373.4101851851852,43,2,3,일본_상용,12,여름_상용,384,97248,43674.144097222226,77578.9924823001,82.75,224785.0,1031.25,373.4101851851852,624.3789467077137,24.75,2828.6666666666665,11484.727777777778,33809.51398831366,1473,1401,1464,1409,8796,4989
일본,유학연수,2026,8,3,여름,0,260,3099.3333333333335,2944.366666666667,2789.4,2514.6666666666665,1491.4444444444443,990.2777777777777,0.1,202608,2,-0.8660254037844385,-0.5000000000000004,-1.0,-1.8369701987210297e-16,,260,67600,2580.0,,0.05261370966829258,0.11107129204892968,0.2324102292301578,48,3.8918202981106265,180,43674.144097222226,1424.4648148148149,43,3,3,일본_유학연수,12,여름_유학연수,384,97248,43674.144097222226,77578.9924823001,82.75,224785.0,1031.25,1424.4648148148149,4236.256416933347,8.75,33336.0,11484.727777777778,33809.51398831366,2001,1929,1835,2117,7953,4052
대만,공용,2026,8,3,여름,0,260,8.0,7.6,7.2,3.6666666666666665,9.11111111111111,7.861111111111112,0.1,202608,2,-0.8660254037844385,-0.5000000000000004,-1.0,-1.8369701987210297e-16,,260,67600,9.0,,0.046511627906976785,0.09756097560975609,0.9285714285714288,48,3.8918202981106265,180,19442.779513888887,273.81898148148144,5,0,3,대만_공용,12,여름_공용,384,97248,19442.779513888887,33871.209868563164,5.0,85999.0,171.83333333333331,273.81898148148144,671.2705769271112,1.25,3532.0,11484.727777777778,33809.51398831366,72,10,9,9,6865,3367
대만,관광,2026,8,3,여름,0,260,82234.0,78122.3,74010.6,33381.0,81326.11111111111,54985.41666666666,0.1,202608,2,-0.8660254037844385,-0.5000000000000004,-1.0,-1.8369701987210297e-16,,260,67600,64843.0,,0.052630905248498165,0.11110960984494314,1.463453358097178,48,3.8918202981106265,180,19442.779513888887,44945.81712962963,5,1,3,대만_관광,12,여름_관광,384,97248,19442.779513888887,33871.209868563164,5.0,85999.0,171.83333333333331,44945.81712962963,54906.56830808382,3273.0,224785.0,11484.727777777778,33809.51398831366,92383,91041,95723,97184,95385,89925
대만,상용,2026,8,3,여름,0,260,169.66666666666666,161.1833333333333,152.7,152.33333333333334,196.66666666666666,145.08333333333334,0.1,202608,2,-0.8660254037844385,-0.5000000000000004,-1.0,-1.8369701987210297e-16,,260,67600,110.75,,0.05230705991162275,0.11038820212535244,0.11304347826086944,48,3.8918202981106265,180,19442.779513888887,373.4101851851852,5,2,3,대만_상용,12,여름_상용,384,97248,19442.779513888887,33871.209868563164,5.0,85999.0,171.83333333333331,373.4101851851852,624.3789467077137,24.75,2828.6666666666665,11484.727777777778,33809.51398831366,240,176,186,183,7079,3570
대만,유학연수,2026,8,3,여름,0,260,987.3333333333334,937.9666666666667,888.6,698.3333333333334,468.3333333333333,298.8888888888889,0.1,202608,2,-0.8660254037844385,-0.5000000000000004,-1.0,-1.8369701987210297e-16,,260,67600,908.75,,0.05257552628776315,0.11098621103117508,0.41325071496663485,48,3.8918202981106265,180,19442.779513888887,1424.4648148148149,5,3,3,대만_유학연수,12,여름_유학연수,384,97248,19442.779513888887,33871.209868563164,5.0,85999.0,171.83333333333331,1424.4648148148149,4236.256416933347,8.75,33336.0,11484.727777777778,33809.51398831366,634,584,508,573,7103,3540
미국,공용,2026,8,3,여름,0,260,2834.6666666666665,2692.933333333333,2551.2,2385.0,3038.6666666666665,2421.1666666666665,0.1,202608,2,-0.8660254037844385,-0.5000000000000004,-1.0,-1.8369701987210297e-16,,260,67600,1936.75,,0.052612041871860325,0.11106757568633599,0.1884604638167085,48,3.8918202981106265,180,17662.763888888887,273.81898148148144,14,0,3,미국_공용,12,여름_공용,384,97248,17662.763888888887,30507.139956446303,106.33333333333333,91502.0,1885.7083333333335,273.81898148148144,671.2705769271112,1.25,3532.0,11484.727777777778,33809.51398831366,3048,2956,3047,3051,10680,6807
미국,관광,2026,8,3,여름,0,260,56060.0,53257.0,50454.0,32586.0,73539.11111111111,53833.27777777778,0.1,202608,2,-0.8660254037844385,-0.5000000000000004,-1.0,-1.8369701987210297e-16,,260,67600,31495.5,,0.05263059070937699,0.11110890892874839,0.720348605272041,48,3.8918202981106265,180,17662.763888888887,44945.81712962963,14,1,3,미국_관광,12,여름_관광,384,97248,17662.763888888887,30507.139956446303,106.33333333333333,91502.0,1885.7083333333335,44945.81712962963,54906.56830808382,3273.0,224785.0,11484.727777777778,33809.51398831366,78382,78565,74418,78062,97888,92627
미국,상용,2026,8,3,여름,0,260,265.0,251.75,238.5,200.0,235.55555555555557,208.69444444444443,0.1,202608,2,-0.8660254037844385,-0.5000000000000004,-1.0,-1.8369701987210297e-16,,260,67600,172.5,,0.05242334322453017,0.11064718162839249,0.32338308457711445,48,3.8918202981106265,180,17662.763888888887,373.4101851851852,14,2,3,미국_상용,12,여름_상용,384,97248,17662.763888888887,30507.139956446303,106.33333333333333,91502.0,1885.7083333333335,373.4101851851852,624.3789467077137,24.75,2828.6666666666665,11484.727777777778,33809.51398831366,323,259,255,255,7591,3682
미국,유학연수,2026,8,3,여름,0,260,1834.6666666666667,1742.9333333333334,1651.2,1667.3333333333333,772.8888888888888,435.0555555555555,0.1,202608,2,-0.8660254037844385,-0.5000000000000004,-1.0,-1.8369701987210297e-16,,260,67600,1559.5,,0.05260139913605261,0.11104386071097125,0.1002997002997004,48,3.8918202981106265,180,17662.763888888887,1424.4648148148149,14,3,3,미국_유학연수,12,여름_유학연수,384,97248,17662.763888888887,30507.139956446303,106.33333333333333,91502.0,1885.7083333333335,1424.4648148148149,4236.256416933347,8.75,33336.0,11484.727777777778,33809.51398831366,1024,954,986,1022,7642,3665
홍콩,공용,2026,8,3,여름,0,260,1.6666666666666667,1.5833333333333333,1.5,1.6666666666666667,1.7777777777777777,1.5,0.1,202608,2,-0.8660254037844385,-0.5000000000000004,-1.0,-1.8369701987210297e-16,,260,67600,2.0,,0.032258064516129094,0.0666666666666667,0.0,48,3.8918202981106265,180,7774.140625,273.81898148148144,60,0,3,홍콩_공용,12,여름_공용,384,97248,7774.140625,13803.683275345851,1.25,42363.0,70.16666666666666,273.81898148148144,671.2705769271112,1.25,3532.0,11484.727777777778,33809.51398831366,63,0,6,6,6805,3317
홍콩,관광,2026,8,3,여름,0,260,34997.666666666664,33247.78333333333,31497.899999999998,14634.666666666666,32045.44444444445,22902.361111111113,0.1,202608,2,-0.8660254037844385,-0.5000000000000004,-1.0,-1.8369701987210297e-16,,260,67600,19905.75,,0.05262999598481543,0.11110758365106929,1.3913271232377526,48,3.8918202981106265,180,7774.140625,44945.81712962963,60,1,3,홍콩_관광,12,여름_관광,384,97248,7774.140625,13803.683275345851,1.25,42363.0,70.16666666666666,44945.81712962963,54906.56830808382,3273.0,224785.0,11484.727777777778,33809.51398831366,35611,35591,33213,36645,40708,34882
홍콩,상용,2026,8,3,여름,0,260,41.0,38.949999999999996,36.9,30.0,55.44444444444445,48.333333333333336,0.1,202608,2,-0.8660254037844385,-0.5000000000000004,-1.0,-1.8369701987210297e-16,,260,67600,37.75,,0.051314142678348044,0.108179419525066,0.3548387096774194,48,3.8918202981106265,180,7774.140625,373.4101851851852,60,2,3,홍콩_상용,12,여름_상용,384,97248,7774.140625,13803.683275345851,1.25,42363.0,70.16666666666666,373.4101851851852,624.3789467077137,24.75,2828.6666666666665,11484.727777777778,33809.51398831366,110,45,63,58,6896,3391
홍콩,유학연수,2026,8,3,여름,0,260,365.0,346.75,328.5,279.0,217.66666666666663,148.94444444444443,0.1,202608,2,-0.8660254037844385,-0.5000000000000004,-1.0,-1.8369701987210297e-16,,260,67600,384.75,,0.052480230050323505,0.11077389984825493,0.30714285714285716,48,3.8918202981106265,180,7774.140625,1424.4648148148149,60,3,3,홍콩_유학연수,12,여름_유학연수,384,97248,7774.140625,13803.683275345851,1.25,42363.0,70.16666666666666,1424.4648148148149,4236.256416933347,8.75,33336.0,11484.727777777778,33809.51398831366,316,263,224,234,7023,3480
태국,공용,2026,8,3,여름,0,260,285.0,270.75,256.5,155.0,317.8888888888889,218.0277777777778,0.1,202608,2,-0.8660254037844385,-0.5000000000000004,-1.0,-1.8369701987210297e-16,,260,67600,176.0,,0.05243790248390064,0.11067961165048544,0.8333333333333334,48,3.8918202981106265,180,5410.644097222222,273.81898148148144,52,0,3,태국_공용,12,여름_공용,384,97248,5410.644097222222,10043.429966232909,50.666666666666664,36286.333333333336,176.875,273.81898148148144,671.2705769271112,1.25,3532.0,11484.727777777778,33809.51398831366,364,291,323,330,7408,3712
태국,관광,2026,8,3,여름,0,260,10904.666666666666,10359.433333333332,9814.199999999999,7251.666666666667,14346.88888888889,18119.833333333332,0.1,202608,2,-0.8660254037844385,-0.5000000000000004,-1.0,-1.8369701987210297e-16,,260,67600,14161.5,,0.05262649889161653,0.11109979080066298,0.5036768085301957,48,3.8918202981106265,180,5410.644097222222,44945.81712962963,52,1,3,태국_관광,12,여름_관광,384,97248,5410.644097222222,10043.429966232909,50.666666666666664,36286.333333333336,176.875,44945.81712962963,54906.56830808382,3273.0,224785.0,11484.727777777778,33809.51398831366,13378,13319,12291,13433,25853,19954
태국,상용,2026,8,3,여름,0,260,64.66666666666667,61.43333333333334,58.2,42.666666666666664,67.77777777777777,64.77777777777779,0.1,202608,2,-0.8660254037844385,-0.5000000000000004,-1.0,-1.8369701987210297e-16,,260,67600,58.0,,0.05178857447944475,0.10923423423423426,0.5038167938931299,48,3.8918202981106265,180,5410.644097222222,373.4101851851852,52,2,3,태국_상용,12,여름_상용,384,97248,5410.644097222222,10043.429966232909,50.666666666666664,36286.333333333336,176.875,373.4101851851852,624.3789467077137,24.75,2828.6666666666665,11484.727777777778,33809.51398831366,130,65,77,69,7132,3418
태국,유학연수,2026,8,3,여름,0,260,446.6666666666667,424.3333333333333,402.0,360.0,228.44444444444443,148.19444444444446,0.1,202608,2,-0.8660254037844385,-0.5000000000000004,-1.0,-1.8369701987210297e-16,,260,67600,357.25,,0.052507836990595705,0.11083540115798185,0.2400738688827332,48,3.8918202981106265,180,5410.644097222222,1424.4648148148149,52,3,3,태국_유학연수,12,여름_유학연수,384,97248,5410.644097222222,10043.429966232909,50.666666666666664,36286.333333333336,176.875,1424.4648148148149,4236.256416933347,8.75,33336.0,11484.727777777778,33809.51398831366,349,297,245,268,7213,3459
말레이시아,공용,2026,8,3,여름,0,260,10.0,9.5,9.0,6.333333333333333,8.555555555555555,7.583333333333333,0.1,202608,2,-0.8660254037844385,-0.5000000000000004,-1.0,-1.8369701987210297e-16,,260,67600,9.25,,0.047619047619047616,0.1,0.5000000000000001,48,3.8918202981106265,180,4232.541666666667,273.81898148148144,11,0,3,말레이시아_공용,12,여름_공용,384,97248,4232.541666666667,7878.866471116315,5.25,26265.333333333332,82.66666666666666,273.81898148148144,671.2705769271112,1.25,3532.0,11484.727777777778,33809.51398831366,72,11,9,8,6847,3338
말레이시아,관광,2026,8,3,여름,0,260,8603.0,8172.849999999999,7742.7,5412.333333333333,8617.333333333334,12371.083333333334,0.1,202608,2,-0.8660254037844385,-0.5000000000000004,-1.0,-1.8369701987210297e-16,,260,67600,15838.0,,0.052625139927941,0.11109676252954016,0.589408866995074,48,3.8918202981106265,180,4232.541666666667,44945.81712962963,11,1,3,말레이시아_관광,12,여름_관광,384,97248,4232.541666666667,7878.866471116315,5.25,26265.333333333332,82.66666666666666,44945.81712962963,54906.56830808382,3273.0,224785.0,11484.727777777778,33809.51398831366,8786,8720,8171,8897,18064,12226
말레이시아,상용,2026,8,3,여름,0,260,71.66666666666667,68.08333333333333,64.5,41.666666666666664,75.33333333333334,67.63888888888889,0.1,202608,2,-0.8660254037844385,-0.5000000000000004,-1.0,-1.8369701987210297e-16,,260,67600,76.0,,0.05186972255729809,0.10941475826972018,0.7031250000000002,48,3.8918202981106265,180,4232.541666666667,373.4101851851852,11,2,3,말레이시아_상용,12,여름_상용,384,97248,4232.541666666667,7878.866471116315,5.25,26265.333333333332,82.66666666666666,373.4101851851852,624.3789467077137,24.75,2828.6666666666665,11484.727777777778,33809.51398831366,136,72,86,78,6942,3416
말레이시아,유학연수,2026,8,3,여름,0,260,675.0,641.25,607.5,511.0,278.4444444444444,155.08333333333331,0.1,202608,2,-0.8660254037844385,-0.5000000000000004,-1.0,-1.8369701987210297e-16,,260,67600,539.5,,0.05254963020630596,0.11092851273623665,0.3203125,48,3.8918202981106265,180,4232.541666666667,1424.4648148148149,11,3,3,말레이시아_유학연수,12,여름_유학연수,384,97248,4232.541666666667,7878.866471116315,5.25,26265.333333333332,82.66666666666666,1424.4648148148149,4236.256416933347,8.75,33336.0,11484.727777777778,33809.51398831366,420,362,336,373,6960,3388
싱가포르,공용,2026,8,3,여름,0,260,10.0,9.5,9.0,5.333333333333333,13.444444444444443,10.583333333333334,0.1,202608,2,-0.8660254037844385,-0.5000000000000004,-1.0,-1.8369701987210297e-16,,260,67600,12.5,,0.047619047619047616,0.1,0.736842105263158,48,3.8918202981106265,180,6122.14236111111,273.81898148148144,28,0,3,싱가포르_공용,12,여름_공용,384,97248,6122.14236111111,12378.40829217557,6.25,54384.333333333336,146.91666666666669,273.81898148148144,671.2705769271112,1.25,3532.0,11484.727777777778,33809.51398831366,74,12,13,12,6875,3359
싱가포르,관광,2026,8,3,여름,0,260,11554.333333333334,10976.616666666667,10398.900000000001,6441.0,15644.111111111111,18710.25,0.1,202608,2,-0.8660254037844385,-0.5000000000000004,-1.0,-1.8369701987210297e-16,,260,67600,9691.0,,0.05262678450240418,0.1111004272476978,0.7937493532029392,48,3.8918202981106265,180,6122.14236111111,44945.81712962963,28,1,3,싱가포르_관광,12,여름_관광,384,97248,6122.14236111111,12378.40829217557,6.25,54384.333333333336,146.91666666666669,44945.81712962963,54906.56830808382,3273.0,224785.0,11484.727777777778,33809.51398831366,14661,14618,13624,14622,27007,21303
싱가포르,상용,2026,8,3,여름,0,260,176.0,167.2,158.4,152.66666666666666,174.33333333333334,193.58333333333334,0.1,202608,2,-0.8660254037844385,-0.5000000000000004,-1.0,-1.8369701987210297e-16,,260,67600,132.5,,0.052318668252080924,0.11041405269761602,0.15184381778741873,48,3.8918202981106265,180,6122.14236111111,373.4101851851852,28,2,3,싱가포르_상용,12,여름_상용,384,97248,6122.14236111111,12378.40829217557,6.25,54384.333333333336,146.91666666666669,373.4101851851852,624.3789467077137,24.75,2828.6666666666665,11484.727777777778,33809.51398831366,238,174,183,183,7033,3502
싱가포르,유학연수,2026,8,3,여름,0,260,249.33333333333334,236.86666666666667,224.4,178.33333333333334,109.55555555555556,61.52777777777778,0.1,202608,2,-0.8660254037844385,-0.5000000000000004,-1.0,-1.8369701987210297e-16,,260,67600,206.5,,0.0524103139013453,0.11061816030760131,0.395910780669145,48,3.8918202981106265,180,6122.14236111111,1424.4648148148149,28,3,3,싱가포르_유학연수,12,여름_유학연수,384,97248,6122.14236111111,12378.40829217557,6.25,54384.333333333336,146.91666666666669,1424.4648148148149,4236.256416933347,8.75,33336.0,11484.727777777778,33809.51398831366,198,139,103,146,6944,3375
베트남,공용,2026,8,3,여름,0,260,211.66666666666666,201.08333333333331,190.5,115.0,212.88888888888889,177.80555555555554,0.1,202608,2,-0.8660254037844385,-0.5000000000000004,-1.0,-1.8369701987210297e-16,,260,67600,49.5,,0.05237113402061861,0.11053089643167967,0.8333333333333333,48,3.8918202981106265,180,5660.895833333333,273.81898148148144,19,0,3,베트남_공용,12,여름_공용,384,97248,5660.895833333333,7838.108668163646,24.25,29351.0,973.0,273.81898148148144,671.2705769271112,1.25,3532.0,11484.727777777778,33809.51398831366,269,209,202,195,7169,3597
베트남,관광,2026,8,3,여름,0,260,18194.0,17284.3,16374.6,10087.333333333334,18610.888888888887,14284.861111111111,0.1,202608,2,-0.8660254037844385,-0.5000000000000004,-1.0,-1.8369701987210297e-16,,260,67600,7941.5,,0.05262853407230426,0.11110432594836217,0.8035684784404427,48,3.8918202981106265,180,5660.895833333333,44945.81712962963,19,1,3,베트남_관광,12,여름_관광,384,97248,5660.895833333333,7838.108668163646,24.25,29351.0,973.0,44945.81712962963,54906.56830808382,3273.0,224785.0,11484.727777777778,33809.51398831366,18168,18160,16371,18442,28856,23018
베트남,상용,2026,8,3,여름,0,260,453.3333333333333,430.66666666666663,408.0,353.6666666666667,500.22222222222223,388.22222222222223,0.1,202608,2,-0.8660254037844385,-0.5000000000000004,-1.0,-1.8369701987210297e-16,,260,67600,268.0,,0.05250965250965256,0.11083944580277094,0.28101503759398483,48,3.8918202981106265,180,5660.895833333333,373.4101851851852,19,2,3,베트남_상용,12,여름_상용,384,97248,5660.895833333333,7838.108668163646,24.25,29351.0,973.0,373.4101851851852,624.3789467077137,24.75,2828.6666666666665,11484.727777777778,33809.51398831366,552,485,496,499,7516,3932
베트남,유학연수,2026,8,3,여름,0,260,5520.666666666667,5244.633333333333,4968.6,3898.3333333333335,4857.11111111111,3630.638888888889,0.1,202608,2,-0.8660254037844385,-0.5000000000000004,-1.0,-1.8369701987210297e-16,,260,67600,10790.5,,0.05262154553946465,0.11108875295127708,0.41605402632928706,48,3.8918202981106265,180,5660.895833333333,1424.4648148148149,19,3,3,베트남_유학연수,12,여름_유학연수,384,97248,5660.895833333333,7838.108668163646,24.25,29351.0,973.0,1424.4648148148149,4236.256416933347,8.75,33336.0,11484.727777777778,33809.51398831366,5265,5182,5187,5294,12357,8759
필리핀,공용,2026,8,3,여름,0,260,172.33333333333334,163.71666666666667,155.10000000000002,112.66666666666667,179.1111111111111,130.86111111111111,0.1,202608,2,-0.8660254037844385,-0.5000000000000004,-1.0,-1.8369701987210297e-16,,260,67600,87.25,,0.05231205099666098,0.11039931667734348,0.5249266862170088,48,3.8918202981106265,180,4438.402777777778,273.81898148148144,59,0,3,필리핀_공용,12,여름_공용,384,97248,4438.402777777778,7934.530390261756,50.5,26180.333333333332,262.5,273.81898148148144,671.2705769271112,1.25,3532.0,11484.727777777778,33809.51398831366,237,172,176,182,7233,3539
필리핀,관광,2026,8,3,여름,0,260,10283.666666666666,9769.483333333332,9255.3,7008.333333333333,12317.555555555557,12364.222222222224,0.1,202608,2,-0.8660254037844385,-0.5000000000000004,-1.0,-1.8369701987210297e-16,,260,67600,10673.75,,0.05262619215357832,0.11109910727468501,0.467281719611946,48,3.8918202981106265,180,4438.402777777778,44945.81712962963,59,1,3,필리핀_관광,12,여름_관광,384,97248,4438.402777777778,7934.530390261756,50.5,26180.333333333332,262.5,44945.81712962963,54906.56830808382,3273.0,224785.0,11484.727777777778,33809.51398831366,11708,11596,10890,11942,23550,17630
필리핀,상용,2026,8,3,여름,0,260,341.0,323.95,306.90000000000003,189.0,361.3333333333333,302.5833333333333,0.1,202608,2,-0.8660254037844385,-0.5000000000000004,-1.0,-1.8369701987210297e-16,,260,67600,251.5,,0.052469610709339934,0.11075024358557961,0.8,48,3.8918202981106265,180,4438.402777777778,373.4101851851852,59,2,3,필리핀_상용,12,여름_상용,384,97248,4438.402777777778,7934.530390261756,50.5,26180.333333333332,262.5,373.4101851851852,624.3789467077137,24.75,2828.6666666666665,11484.727777777778,33809.51398831366,408,340,363,357,7451,3741
필리핀,유학연수,2026,8,3,여름,0,260,321.0,304.95,288.90000000000003,225.66666666666666,162.0,95.58333333333333,0.1,202608,2,-0.8660254037844385,-0.5000000000000004,-1.0,-1.8369701987210297e-16,,260,67600,200.75,,0.05245955221441416,0.11072783718523616,0.4205882352941177,48,3.8918202981106265,180,4438.402777777778,1424.4648148148149,59,3,3,필리핀_유학연수,12,여름_유학연수,384,97248,4438.402777777778,7934.530390261756,50.5,26180.333333333332,262.5,1424.4648148148149,4236.256416933347,8.75,33336.0,11484.727777777778,33809.51398831366,263,206,162,199,7173,3424
대양주,공용,2026,8,3,여름,0,260,71.33333333333333,67.76666666666667,64.2,50.333333333333336,59.77777777777777,47.555555555555564,0.1,202608,2,-0.8660254037844385,-0.5000000000000004,-1.0,-1.8369701987210297e-16,,260,67600,32.75,,0.051866214251090594,0.10940695296523505,0.40909090909090895,48,3.8918202981106265,180,4086.9861111111113,273.81898148148144,6,0,3,대양주_공용,12,여름_공용,384,97248,4086.9861111111113,7438.677602550389,9.75,24126.0,78.625,273.81898148148144,671.2705769271112,1.25,3532.0,11484.727777777778,33809.51398831366,130,68,70,67,6911,3383
대양주,관광,2026,8,3,여름,0,260,10901.333333333334,10356.266666666666,9811.2,5840.333333333333,12543.333333333334,12145.305555555555,0.1,202608,2,-0.8660254037844385,-0.5000000000000004,-1.0,-1.8369701987210297e-16,,260,67600,7843.75,,0.05262649733842271,0.11109978733957045,0.8664117781328465,48,3.8918202981106265,180,4086.9861111111113,44945.81712962963,6,1,3,대양주_관광,12,여름_관광,384,97248,4086.9861111111113,7438.677602550389,9.75,24126.0,78.625,44945.81712962963,54906.56830808382,3273.0,224785.0,11484.727777777778,33809.51398831366,11888,11801,11346,11925,23059,17279
대양주,상용,2026,8,3,여름,0,260,74.66666666666667,70.93333333333334,67.2,62.0,77.8888888888889,80.47222222222224,0.1,202608,2,-0.8660254037844385,-0.5000000000000004,-1.0,-1.8369701987210297e-16,,260,67600,77.0,,0.05189990732159408,0.10948191593352886,0.20105820105820113,48,3.8918202981106265,180,4086.9861111111113,373.4101851851852,6,2,3,대양주_상용,12,여름_상용,384,97248,4086.9861111111113,7438.677602550389,9.75,24126.0,78.625,373.4101851851852,624.3789467077137,24.75,2828.6666666666665,11484.727777777778,33809.51398831366,138,74,86,79,6951,3408
대양주,유학연수,2026,8,3,여름,0,260,130.33333333333334,123.81666666666666,117.30000000000001,92.0,59.44444444444445,32.80555555555555,0.1,202608,2,-0.8660254037844385,-0.5000000000000004,-1.0,-1.8369701987210297e-16,,260,67600,89.75,,0.05220990786486858,0.11017187940264861,0.4121863799283155,48,3.8918202981106265,180,4086.9861111111113,1424.4648148148149,6,3,3,대양주_유학연수,12,여름_유학연수,384,97248,4086.9861111111113,7438.677602550389,9.75,24126.0,78.625,1424.4648148148149,4236.256416933347,8.75,33336.0,11484.727777777778,33809.51398831366,145,85,60,89,6936,3356
오스트레일리아,공용,2026,8,3,여름,0,260,55.666666666666664,52.883333333333326,50.1,39.0,46.77777777777777,36.25,0.1,202608,2,-0.8660254037844385,-0.5000000000000004,-1.0,-1.8369701987210297e-16,,260,67600,26.25,,0.05165480977420363,0.10893672537508146,0.41666666666666663,48,3.8918202981106265,180,3468.059027777778,273.81898148148144,32,0,3,오스트레일리아_공용,12,여름_공용,384,97248,3468.059027777778,6322.503515646785,8.75,20359.666666666668,61.58333333333333,273.81898148148144,671.2705769271112,1.25,3532.0,11484.727777777778,33809.51398831366,115,55,45,48,6890,3367
오스트레일리아,관광,2026,8,3,여름,0,260,9097.0,8642.15,8187.3,4831.666666666667,10525.888888888889,10274.416666666666,0.1,202608,2,-0.8660254037844385,-0.5000000000000004,-1.0,-1.8369701987210297e-16,,260,67600,6737.75,,0.052625489549527706,0.11109754161425446,0.8826044971720236,48,3.8918202981106265,180,3468.059027777778,44945.81712962963,32,1,3,오스트레일리아_관광,12,여름_관광,384,97248,3468.059027777778,6322.503515646785,8.75,20359.666666666668,61.58333333333333,44945.81712962963,54906.56830808382,3273.0,224785.0,11484.727777777778,33809.51398831366,9757,9603,9074,10179,20898,15111
오스트레일리아,상용,2026,8,3,여름,0,260,60.0,57.0,54.0,47.666666666666664,61.555555555555564,64.61111111111111,0.1,202608,2,-0.8660254037844385,-0.5000000000000004,-1.0,-1.8369701987210297e-16,,260,67600,62.5,,0.05172413793103448,0.10909090909090909,0.25342465753424664,48,3.8918202981106265,180,3468.059027777778,373.4101851851852,32,2,3,오스트레일리아_상용,12,여름_상용,384,97248,3468.059027777778,6322.503515646785,8.75,20359.666666666668,61.58333333333333,373.4101851851852,624.3789467077137,24.75,2828.6666666666665,11484.727777777778,33809.51398831366,126,62,73,70,6925,3386
오스트레일리아,유학연수,2026,8,3,여름,0,260,111.66666666666667,106.08333333333333,100.5,77.0,50.55555555555555,27.138888888888886,0.1,202608,2,-0.8660254037844385,-0.5000000000000004,-1.0,-1.8369701987210297e-16,,260,67600,72.25,,0.052140077821011765,0.110016420361248,0.44444444444444453,48,3.8918202981106265,180,3468.059027777778,1424.4648148148149,32,3,3,오스트레일리아_유학연수,12,여름_유학연수,384,97248,3468.059027777778,6322.503515646785,8.75,20359.666666666668,61.58333333333333,1424.4648148148149,4236.256416933347,8.75,33336.0,11484.727777777778,33809.51398831366,125,65,46,65,6923,3348
러시아(연방),공용,2026,8,3,여름,0,260,22.333333333333332,21.216666666666665,20.099999999999998,25.666666666666668,13.999999999999998,11.305555555555557,0.1,202608,2,-0.8660254037844385,-0.5000000000000004,-1.0,-1.8369701987210297e-16,,260,67600,6.0,,0.05026256564141038,0.10584518167456562,-0.12500000000000008,48,3.8918202981106265,180,1874.1996527777776,273.81898148148144,9,0,3,러시아(연방)_공용,12,여름_공용,384,97248,1874.1996527777776,3250.0297276663496,5.0,10342.25,94.875,273.81898148148144,671.2705769271112,1.25,3532.0,11484.727777777778,33809.51398831366,79,19,15,14,6830,3323
러시아(연방),관광,2026,8,3,여름,0,260,7221.666666666667,6860.583333333333,6499.5,3684.0,7730.0,5401.61111111111,0.1,202608,2,-0.8660254037844385,-0.5000000000000004,-1.0,-1.8369701987210297e-16,,260,67600,3273.0,,0.05262390847593495,0.1110940184088404,0.9600180913613751,48,3.8918202981106265,180,1874.1996527777776,44945.81712962963,9,1,3,러시아(연방)_관광,12,여름_관광,384,97248,1874.1996527777776,3250.0297276663496,5.0,10342.25,94.875,44945.81712962963,54906.56830808382,3273.0,224785.0,11484.727777777778,33809.51398831366,7645,7486,7381,7966,17818,12024
러시아(연방),상용,2026,8,3,여름,0,260,88.33333333333333,83.91666666666666,79.5,72.0,69.44444444444444,79.83333333333333,0.1,202608,2,-0.8660254037844385,-0.5000000000000004,-1.0,-1.8369701987210297e-16,,260,67600,83.0,,0.05201177625122676,0.10973084886128359,0.22374429223744285,48,3.8918202981106265,180,1874.1996527777776,373.4101851851852,9,2,3,러시아(연방)_상용,12,여름_상용,384,97248,1874.1996527777776,3250.0297276663496,5.0,10342.25,94.875,373.4101851851852,624.3789467077137,24.75,2828.6666666666665,11484.727777777778,33809.51398831366,141,80,79,77,6903,3379
러시아(연방),유학연수,2026,8,3,여름,0,260,835.0,793.25,751.5,615.0,361.0,214.44444444444443,0.1,202608,2,-0.8660254037844385,-0.5000000000000004,-1.0,-1.8369701987210297e-16,,260,67600,582.5,,0.05256531318854265,0.11096345514950166,0.35714285714285715,48,3.8918202981106265,180,1874.1996527777776,1424.4648148148149,9,3,3,러시아(연방)_유학연수,12,여름_유학연수,384,97248,1874.1996527777776,3250.0297276663496,5.0,10342.25,94.875,1424.4648148148149,4236.256416933347,8.75,33336.0,11484.727777777778,33809.51398831366,496,434,408,470,6990,3416
캐나다,공용,2026,8,3,여름,0,260,25.333333333333332,24.066666666666663,22.8,20.333333333333332,27.33333333333333,25.694444444444443,0.1,202608,2,-0.8660254037844385,-0.5000000000000004,-1.0,-1.8369701987210297e-16,,260,67600,35.75,,0.050531914893617136,0.10644257703081224,0.234375,48,3.8918202981106265,180,3146.125,273.81898148148144,48,0,3,캐나다_공용,12,여름_공용,384,97248,3146.125,5707.001325929473,13.5,17405.333333333332,33.16666666666667,273.81898148148144,671.2705769271112,1.25,3532.0,11484.727777777778,33809.51398831366,88,26,27,29,6892,3349
캐나다,관광,2026,8,3,여름,0,260,11712.0,11126.4,10540.800000000001,5741.333333333333,11977.111111111111,9703.02777777778,0.1,202608,2,-0.8660254037844385,-0.5000000000000004,-1.0,-1.8369701987210297e-16,,260,67600,6591.0,,0.05262684903930841,0.11110057105997066,1.0397631624775063,48,3.8918202981106265,180,3146.125,44945.81712962963,48,1,3,캐나다_관광,12,여름_관광,384,97248,3146.125,5707.001325929473,13.5,17405.333333333332,33.16666666666667,44945.81712962963,54906.56830808382,3273.0,224785.0,11484.727777777778,33809.51398831366,11869,11770,11037,12182,21874,16038
캐나다,상용,2026,8,3,여름,0,260,28.333333333333332,26.916666666666664,25.5,26.333333333333332,27.0,29.0,0.1,202608,2,-0.8660254037844385,-0.5000000000000004,-1.0,-1.8369701987210297e-16,,260,67600,24.75,,0.05074626865671646,0.10691823899371064,0.07317073170731708,48,3.8918202981106265,180,3146.125,373.4101851851852,48,2,3,캐나다_상용,12,여름_상용,384,97248,3146.125,5707.001325929473,13.5,17405.333333333332,33.16666666666667,373.4101851851852,624.3789467077137,24.75,2828.6666666666665,11484.727777777778,33809.51398831366,90,28,27,29,6901,3342
캐나다,유학연수,2026,8,3,여름,0,260,189.33333333333334,179.86666666666667,170.4,143.0,84.11111111111113,48.19444444444445,0.1,202608,2,-0.8660254037844385,-0.5000000000000004,-1.0,-1.8369701987210297e-16,,260,67600,142.0,,0.05234058238112791,0.1104628549202645,0.3217592592592593,48,3.8918202981106265,180,3146.125,1424.4648148148149,48,3,3,캐나다_유학연수,12,여름_유학연수,384,97248,3146.125,5707.001325929473,13.5,17405.333333333332,33.16666666666667,1424.4648148148149,4236.256416933347,8.75,33336.0,11484.727777777778,33809.51398831366,173,112,91,117,6949,3353
인도네시아,공용,2026,8,3,여름,0,260,214.33333333333334,203.61666666666667,192.9,113.0,257.6666666666667,186.83333333333334,0.1,202608,2,-0.8660254037844385,-0.5000000000000004,-1.0,-1.8369701987210297e-16,,260,67600,68.0,,0.05237435855665065,0.11053807804710333,0.888888888888889,48,3.8918202981106265,180,3109.793402777778,273.81898148148144,42,0,3,인도네시아_공용,12,여름_공용,384,97248,3109.793402777778,5382.022766140716,60.0,19254.0,207.33333333333334,273.81898148148144,671.2705769271112,1.25,3532.0,11484.727777777778,33809.51398831366,307,239,245,265,7385,3649
인도네시아,관광,2026,8,3,여름,0,260,6865.666666666667,6522.383333333333,6179.1,4847.666666666667,8347.666666666666,8996.805555555557,0.1,202608,2,-0.8660254037844385,-0.5000000000000004,-1.0,-1.8369701987210297e-16,,260,67600,8167.75,,0.052623510805997975,0.11109313225783832,0.41619689261652687,48,3.8918202981106265,180,3109.793402777778,44945.81712962963,42,1,3,인도네시아_관광,12,여름_관광,384,97248,3109.793402777778,5382.022766140716,60.0,19254.0,207.33333333333334,44945.81712962963,54906.56830808382,3273.0,224785.0,11484.727777777778,33809.51398831366,7827,7675,7635,8005,19143,13148
인도네시아,상용,2026,8,3,여름,0,260,133.66666666666666,126.98333333333332,120.3,75.0,135.88888888888889,107.30555555555554,0.1,202608,2,-0.8660254037844385,-0.5000000000000004,-1.0,-1.8369701987210297e-16,,260,67600,106.25,,0.05222034119025918,0.11019510854630388,0.7719298245614034,48,3.8918202981106265,180,3109.793402777778,373.4101851851852,42,2,3,인도네시아_상용,12,여름_상용,384,97248,3109.793402777778,5382.022766140716,60.0,19254.0,207.33333333333334,373.4101851851852,624.3789467077137,24.75,2828.6666666666665,11484.727777777778,33809.51398831366,201,138,129,140,7251,3498
인도네시아,유학연수,2026,8,3,여름,0,260,1255.0,1192.25,1129.5,825.3333333333334,543.8888888888889,294.72222222222223,0.1,202608,2,-0.8660254037844385,-0.5000000000000004,-1.0,-1.8369701987210297e-16,,260,67600,899.75,,0.052587471192122356,0.11101282618310482,0.5199677289229527,48,3.8918202981106265,180,3109.793402777778,1424.4648148148149,42,3,3,인도네시아_유학연수,12,여름_유학연수,384,97248,3109.793402777778,5382.022766140716,60.0,19254.0,207.33333333333334,1424.4648148148149,4236.256416933347,8.75,33336.0,11484.727777777778,33809.51398831366,717,663,597,675,7298,3487
중국,공용,2026,9,3,가을,0,261,231.33333333333334,219.76666666666665,208.20000000000002,106.66666666666667,209.55555555555554,163.7222222222222,0.1,202609,3,-1.0,-1.8369701987210297e-16,-1.0,-1.8369701987210297e-16,,261,68121,183.25,,0.052393175298203344,0.11057998725302737,1.1578947368421053,48,3.8918202981106265,180,46212.04861111112,273.81898148148144,44,0,0,중국_공용,12,가을_공용,432,97248,46212.04861111112,72909.78306073407,56.25,205420.25,3584.458333333333,273.81898148148144,671.2705769271112,1.25,3532.0,12899.6,36031.19634332136,289,224,192,206,8014,3995
중국,관광,2026,9,3,가을,0,261,179117.66666666666,170161.78333333333,161205.9,69723.66666666667,188209.88888888888,123673.19444444444,0.1,202609,3,-1.0,-1.8369701987210297e-16,-1.0,-1.8369701987210297e-16,,261,68121,165842.25,,0.0526312696460164,0.11111042186573071,1.5689426028091442,48,3.8918202981106265,180,46212.04861111112,44945.81712962963,44,1,0,중국_관광,12,가을_관광,432,97248,46212.04861111112,72909.78306073407,56.25,205420.25,3584.458333333333,44945.81712962963,54906.56830808382,3273.0,224785.0,12899.6,36031.19634332136,185890,189149,142108,188330,219190,214274
중국,상용,2026,9,3,가을,0,261,2473.3333333333335,2349.6666666666665,2226.0,1375.3333333333333,2423.6666666666665,1936.1666666666667,0.1,202609,3,-1.0,-1.8369701987210297e-16,-1.0,-1.8369701987210297e-16,,261,68121,2579.0,,0.05260918888258663,0.11106121838048204,0.7977718575926377,48,3.8918202981106265,180,46212.04861111112,373.4101851851852,44,2,0,중국_상용,12,가을_상용,432,97248,46212.04861111112,72909.78306073407,56.25,205420.25,3584.458333333333,373.4101851851852,624.3789467077137,24.75,2828.6666666666665,12899.6,36031.19634332136,2498,2411,2464,2477,10375,6351
중국,유학연수,2026,9,3,가을,0,261,19335.0,18368.25,17401.5,12176.666666666666,19716.777777777777,11291.055555555557,0.1,202609,3,-1.0,-1.8369701987210297e-16,-1.0,-1.8369701987210297e-16,,261,68121,22288.25,,0.052628713747158974,0.1111047263324235,0.5878247064298032,48,3.8918202981106265,180,46212.04861111112,1424.4648148148149,44,3,0,중국_유학연수,12,가을_유학연수,432,97248,46212.04861111112,72909.78306073407,56.25,205420.25,3584.458333333333,1424.4648148148149,4236.256416933347,8.75,33336.0,12899.6,36031.19634332136,19940,19687,20646,20161,30462,26570
일본,공용,2026,9,3,가을,0,261,176.0,167.2,158.4,90.66666666666667,141.33333333333334,112.91666666666667,0.1,202609,3,-1.0,-1.8369701987210297e-16,-1.0,-1.8369701987210297e-16,,261,68121,116.25,,0.052318668252080924,0.11041405269761602,0.9309090909090908,48,3.8918202981106265,180,43674.144097222226,273.81898148148144,43,0,0,일본_공용,12,가을_공용,432,97248,43674.144097222226,77578.9924823001,82.75,224785.0,1031.25,273.81898148148144,671.2705769271112,1.25,3532.0,12899.6,36031.19634332136,234,170,137,153,7980,3797
일본,관광,2026,9,3,가을,0,261,191218.33333333334,181657.41666666666,172096.5,89816.66666666667,179769.77777777775,132684.8611111111,0.1,202609,3,-1.0,-1.8369701987210297e-16,-1.0,-1.8369701987210297e-16,,261,68121,224785.0,,0.052631289219097675,0.1111104654822606,1.128972399639269,48,3.8918202981106265,180,43674.144097222226,44945.81712962963,43,1,0,일본_관광,12,가을_관광,432,97248,43674.144097222226,77578.9924823001,82.75,224785.0,1031.25,44945.81712962963,54906.56830808382,3273.0,224785.0,12899.6,36031.19634332136,184010,185878,148811,190501,199195,193319
일본,상용,2026,9,3,가을,0,261,1232.3333333333333,1170.7166666666665,1109.1,803.0,1360.6666666666667,1120.111111111111,0.1,202609,3,-1.0,-1.8369701987210297e-16,-1.0,-1.8369701987210297e-16,,261,68121,1037.5,,0.05258666059769865,0.1110110200282257,0.5339966832504145,48,3.8918202981106265,180,43674.144097222226,373.4101851851852,43,2,0,일본_상용,12,가을_상용,432,97248,43674.144097222226,77578.9924823001,82.75,224785.0,1031.25,373.4101851851852,624.3789467077137,24.75,2828.6666666666665,12899.6,36031.19634332136,1360,1272,1321,1347,9372,5185
일본,유학연수,2026,9,3,가을,0,261,1161.0,1102.95,1044.9,872.3333333333334,1634.8888888888887,1014.3333333333334,0.1,202609,3,-1.0,-1.8369701987210297e-16,-1.0,-1.8369701987210297e-16,,261,68121,896.5,,0.05258390325648802,0.11100487618319141,0.3305343511450381,48,3.8918202981106265,180,43674.144097222226,1424.4648148148149,43,3,0,일본_유학연수,12,가을_유학연수,432,97248,43674.144097222226,77578.9924823001,82.75,224785.0,1031.25,1424.4648148148149,4236.256416933347,8.75,33336.0,12899.6,36031.19634332136,1419,1319,1454,1382,9987,5785
대만,공용,2026,9,3,가을,0,261,8.0,7.6,7.2,4.666666666666667,10.111111111111112,8.13888888888889,0.1,202609,3,-1.0,-1.8369701987210297e-16,-1.0,-1.8369701987210297e-16,,261,68121,10.5,,0.046511627906976785,0.09756097560975609,0.588235294117647,48,3.8918202981106265,180,19442.779513888887,273.81898148148144,5,0,0,대만_공용,12,가을_공용,432,97248,19442.779513888887,33871.209868563164,5.0,85999.0,171.83333333333331,273.81898148148144,671.2705769271112,1.25,3532.0,12899.6,36031.19634332136,77,10,11,10,7466,3587
대만,관광,2026,9,3,가을,0,261,73386.33333333333,69717.01666666666,66047.7,31778.0,79113.22222222222,58452.777777777774,0.1,202609,3,-1.0,-1.8369701987210297e-16,-1.0,-1.8369701987210297e-16,,261,68121,78964.0,,0.052630824026596655,0.11110942885073183,1.3093027890535678,48,3.8918202981106265,180,19442.779513888887,44945.81712962963,5,1,0,대만_관광,12,가을_관광,432,97248,19442.779513888887,33871.209868563164,5.0,85999.0,171.83333333333331,44945.81712962963,54906.56830808382,3273.0,224785.0,12899.6,36031.19634332136,88960,87629,94933,91980,98739,93175
대만,상용,2026,9,3,가을,0,261,166.33333333333334,158.01666666666668,149.70000000000002,146.33333333333334,194.11111111111111,146.74999999999997,0.1,202609,3,-1.0,-1.8369701987210297e-16,-1.0,-1.8369701987210297e-16,,261,68121,118.0,,0.05230059742165389,0.11037381110373805,0.13574660633484162,48,3.8918202981106265,180,19442.779513888887,373.4101851851852,5,2,0,대만_상용,12,가을_상용,432,97248,19442.779513888887,33871.209868563164,5.0,85999.0,171.83333333333331,373.4101851851852,624.3789467077137,24.75,2828.6666666666665,12899.6,36031.19634332136,244,174,185,187,7684,3793
대만,유학연수,2026,9,3,가을,0,261,280.3333333333333,266.31666666666666,252.29999999999998,157.0,489.88888888888886,309.1666666666667,0.1,202609,3,-1.0,-1.8369701987210297e-16,-1.0,-1.8369701987210297e-16,,261,68121,313.75,,0.05243469044204745,0.11067245690222398,0.780590717299578,48,3.8918202981106265,180,19442.779513888887,1424.4648148148149,5,3,0,대만_유학연수,12,가을_유학연수,432,97248,19442.779513888887,33871.209868563164,5.0,85999.0,171.83333333333331,1424.4648148148149,4236.256416933347,8.75,33336.0,12899.6,36031.19634332136,447,350,467,459,8186,4269
미국,공용,2026,9,3,가을,0,261,2510.3333333333335,2384.8166666666666,2259.3,1971.0,2959.0,2466.111111111111,0.1,202609,3,-1.0,-1.8369701987210297e-16,-1.0,-1.8369701987210297e-16,,261,68121,2482.75,,0.052609518753187326,0.111061953428011,0.27349560513860727,48,3.8918202981106265,180,17662.763888888887,273.81898148148144,14,0,0,미국_공용,12,가을_공용,432,97248,17662.763888888887,30507.139956446303,106.33333333333333,91502.0,1885.7083333333335,273.81898148148144,671.2705769271112,1.25,3532.0,12899.6,36031.19634332136,2974,2887,2999,2897,11390,7146
미국,관광,2026,9,3,가을,0,261,69579.33333333333,66100.36666666665,62621.399999999994,43468.333333333336,66231.55555555555,56009.194444444445,0.1,202609,3,-1.0,-1.8369701987210297e-16,-1.0,-1.8369701987210297e-16,,261,68121,69832.75,,0.05263078272209211,0.11110933680812832,0.6006763388749154,48,3.8918202981106265,180,17662.763888888887,44945.81712962963,14,1,0,미국_관광,12,가을_관광,432,97248,17662.763888888887,30507.139956446303,106.33333333333333,91502.0,1885.7083333333335,44945.81712962963,54906.56830808382,3273.0,224785.0,12899.6,36031.19634332136,76360,75505,94257,72209,78634,72177
미국,상용,2026,9,3,가을,0,261,238.33333333333334,226.41666666666666,214.5,170.33333333333334,243.44444444444443,214.3611111111111,0.1,202609,3,-1.0,-1.8369701987210297e-16,-1.0,-1.8369701987210297e-16,,261,68121,219.5,,0.05240014657383665,0.11059551430781134,0.3968871595330739,48,3.8918202981106265,180,17662.763888888887,373.4101851851852,14,2,0,미국_상용,12,가을_상용,432,97248,17662.763888888887,30507.139956446303,106.33333333333333,91502.0,1885.7083333333335,373.4101851851852,624.3789467077137,24.75,2828.6666666666665,12899.6,36031.19634332136,312,237,245,259,8235,3945
미국,유학연수,2026,9,3,가을,0,261,140.0,133.0,126.0,94.66666666666667,725.7777777777778,438.8333333333333,0.1,202609,3,-1.0,-1.8369701987210297e-16,-1.0,-1.8369701987210297e-16,,261,68121,162.0,,0.05223880597014925,0.11023622047244094,0.47386759581881527,48,3.8918202981106265,180,17662.763888888887,1424.4648148148149,14,3,0,미국_유학연수,12,가을_유학연수,432,97248,17662.763888888887,30507.139956446303,106.33333333333333,91502.0,1885.7083333333335,1424.4648148148149,4236.256416933347,8.75,33336.0,12899.6,36031.19634332136,673,583,634,634,9184,4887
홍콩,공용,2026,9,3,가을,0,261,1.3333333333333333,1.2666666666666666,1.2,0.3333333333333333,1.6666666666666663,1.5833333333333333,0.1,202609,3,-1.0,-1.8369701987210297e-16,-1.0,-1.8369701987210297e-16,,261,68121,2.0,,0.029411764705882346,0.06060606060606059,0.75,48,3.8918202981106265,180,7774.140625,273.81898148148144,60,0,0,홍콩_공용,12,가을_공용,432,97248,7774.140625,13803.683275345851,1.25,42363.0,70.16666666666666,273.81898148148144,671.2705769271112,1.25,3532.0,12899.6,36031.19634332136,68,1,5,6,7430,3558
홍콩,관광,2026,9,3,가을,0,261,24085.0,22880.75,21676.5,10966.0,30561.22222222222,23995.611111111113,0.1,202609,3,-1.0,-1.8369701987210297e-16,-1.0,-1.8369701987210297e-16,,261,68121,29669.25,,0.052629278792050434,0.11110598546880406,1.1962250387526214,48,3.8918202981106265,180,7774.140625,44945.81712962963,60,1,0,홍콩_관광,12,가을_관광,432,97248,7774.140625,13803.683275345851,1.25,42363.0,70.16666666666666,44945.81712962963,54906.56830808382,3273.0,224785.0,12899.6,36031.19634332136,29749,29743,27903,29539,46958,41164
홍콩,상용,2026,9,3,가을,0,261,46.0,43.699999999999996,41.4,38.0,46.0,49.0,0.1,202609,3,-1.0,-1.8369701987210297e-16,-1.0,-1.8369701987210297e-16,,261,68121,49.25,,0.05145413870246095,0.10849056603773588,0.20512820512820512,48,3.8918202981106265,180,7774.140625,373.4101851851852,60,2,0,홍콩_상용,12,가을_상용,432,97248,7774.140625,13803.683275345851,1.25,42363.0,70.16666666666666,373.4101851851852,624.3789467077137,24.75,2828.6666666666665,12899.6,36031.19634332136,114,46,57,48,7480,3593
홍콩,유학연수,2026,9,3,가을,0,261,187.0,177.65,168.3,114.0,226.44444444444443,155.02777777777777,0.1,202609,3,-1.0,-1.8369701987210297e-16,-1.0,-1.8369701987210297e-16,,261,68121,185.25,,0.0523369717324377,0.11045481393975184,0.6347826086956522,48,3.8918202981106265,180,7774.140625,1424.4648148148149,60,3,0,홍콩_유학연수,12,가을_유학연수,432,97248,7774.140625,13803.683275345851,1.25,42363.0,70.16666666666666,1424.4648148148149,4236.256416933347,8.75,33336.0,12899.6,36031.19634332136,278,204,218,237,7755,3836
태국,공용,2026,9,3,가을,0,261,419.0,398.04999999999995,377.1,233.66666666666666,337.44444444444446,233.4722222222222,0.1,202609,3,-1.0,-1.8369701987210297e-16,-1.0,-1.8369701987210297e-16,,261,68121,232.0,,0.05249968675604573,0.11081724411531334,0.7897727272727273,48,3.8918202981106265,180,5410.644097222222,273.81898148148144,52,0,0,태국_공용,12,가을_공용,432,97248,5410.644097222222,10043.429966232909,50.666666666666664,36286.333333333336,176.875,273.81898148148144,671.2705769271112,1.25,3532.0,12899.6,36031.19634332136,451,391,349,363,7959,3876
태국,관광,2026,9,3,가을,0,261,14748.333333333334,14010.916666666666,13273.5,10260.333333333334,13477.0,18493.833333333332,0.1,202609,3,-1.0,-1.8369701987210297e-16,-1.0,-1.8369701987210297e-16,,261,68121,22705.0,,0.052627822746115,0.11110274084397408,0.4373700623700623,48,3.8918202981106265,180,5410.644097222222,44945.81712962963,52,1,0,태국_관광,12,가을_관광,432,97248,5410.644097222222,10043.429966232909,50.666666666666664,36286.333333333336,176.875,44945.81712962963,54906.56830808382,3273.0,224785.0,12899.6,36031.19634332136,14295,14209,13699,14571,22897,16441
태국,상용,2026,9,3,가을,0,261,80.33333333333333,76.31666666666666,72.3,50.666666666666664,71.77777777777779,67.24999999999999,0.1,202609,3,-1.0,-1.8369701987210297e-16,-1.0,-1.8369701987210297e-16,,261,68121,72.0,,0.051950851476611326,0.10959527057753522,0.5741935483870968,48,3.8918202981106265,180,5410.644097222222,373.4101851851852,52,2,0,태국_상용,12,가을_상용,432,97248,5410.644097222222,10043.429966232909,50.666666666666664,36286.333333333336,176.875,373.4101851851852,624.3789467077137,24.75,2828.6666666666665,12899.6,36031.19634332136,145,77,77,78,7738,3642
태국,유학연수,2026,9,3,가을,0,261,156.33333333333334,148.51666666666668,140.70000000000002,110.0,237.77777777777774,152.05555555555554,0.1,202609,3,-1.0,-1.8369701987210297e-16,-1.0,-1.8369701987210297e-16,,261,68121,177.75,,0.05227956749526248,0.11032698188661484,0.4174174174174175,48,3.8918202981106265,180,5410.644097222222,1424.4648148148149,52,3,0,태국_유학연수,12,가을_유학연수,432,97248,5410.644097222222,10043.429966232909,50.666666666666664,36286.333333333336,176.875,1424.4648148148149,4236.256416933347,8.75,33336.0,12899.6,36031.19634332136,274,196,225,236,8021,3897
말레이시아,공용,2026,9,3,가을,0,261,11.333333333333334,10.766666666666667,10.200000000000001,15.0,10.333333333333334,7.277777777777779,0.1,202609,3,-1.0,-1.8369701987210297e-16,-1.0,-1.8369701987210297e-16,,261,68121,5.25,,0.04815864022662887,0.10119047619047614,-0.22916666666666663,48,3.8918202981106265,180,4232.541666666667,273.81898148148144,11,0,0,말레이시아_공용,12,가을_공용,432,97248,4232.541666666667,7878.866471116315,5.25,26265.333333333332,82.66666666666666,273.81898148148144,671.2705769271112,1.25,3532.0,12899.6,36031.19634332136,79,13,10,10,7439,3550
말레이시아,관광,2026,9,3,가을,0,261,17209.0,16348.55,15488.1,8369.333333333334,11021.666666666666,13107.722222222224,0.1,202609,3,-1.0,-1.8369701987210297e-16,-1.0,-1.8369701987210297e-16,,261,68121,16627.5,,0.05262835980195178,0.11110393760773703,1.056071044562144,48,3.8918202981106265,180,4232.541666666667,44945.81712962963,11,1,0,말레이시아_관광,12,가을_관광,432,97248,4232.541666666667,7878.866471116315,5.25,26265.333333333332,82.66666666666666,44945.81712962963,54906.56830808382,3273.0,224785.0,12899.6,36031.19634332136,13236,13245,13499,13038,16916,10450
말레이시아,상용,2026,9,3,가을,0,261,84.33333333333333,80.11666666666666,75.89999999999999,44.666666666666664,76.55555555555556,70.94444444444444,0.1,202609,3,-1.0,-1.8369701987210297e-16,-1.0,-1.8369701987210297e-16,,261,68121,81.0,,0.051982740908157,0.10966623320329438,0.8686131386861313,48,3.8918202981106265,180,4232.541666666667,373.4101851851852,11,2,0,말레이시아_상용,12,가을_상용,432,97248,4232.541666666667,7878.866471116315,5.25,26265.333333333332,82.66666666666666,373.4101851851852,624.3789467077137,24.75,2828.6666666666665,12899.6,36031.19634332136,147,79,85,79,7545,3637
말레이시아,유학연수,2026,9,3,가을,0,261,151.0,143.45,135.9,86.0,309.4444444444444,160.49999999999997,0.1,202609,3,-1.0,-1.8369701987210297e-16,-1.0,-1.8369701987210297e-16,,261,68121,175.0,,0.05226722049151964,0.11029948867786701,0.7471264367816092,48,3.8918202981106265,180,4232.541666666667,1424.4648148148149,11,3,0,말레이시아_유학연수,12,가을_유학연수,432,97248,4232.541666666667,7878.866471116315,5.25,26265.333333333332,82.66666666666666,1424.4648148148149,4236.256416933347,8.75,33336.0,12899.6,36031.19634332136,308,222,278,294,7957,4025
싱가포르,공용,2026,9,3,가을,0,261,19.0,18.05,17.1,10.0,16.555555555555554,11.333333333333334,0.1,202609,3,-1.0,-1.8369701987210297e-16,-1.0,-1.8369701987210297e-16,,261,68121,13.75,,0.04986876640419943,0.10497237569060765,0.8181818181818182,48,3.8918202981106265,180,6122.14236111111,273.81898148148144,28,0,0,싱가포르_공용,12,가을_공용,432,97248,6122.14236111111,12378.40829217557,6.25,54384.333333333336,146.91666666666669,273.81898148148144,671.2705769271112,1.25,3532.0,12899.6,36031.19634332136,87,21,17,16,7483,3586
싱가포르,관광,2026,9,3,가을,0,261,21008.0,19957.6,18907.2,12939.666666666666,14253.444444444445,19382.61111111111,0.1,202609,3,-1.0,-1.8369701987210297e-16,-1.0,-1.8369701987210297e-16,,261,68121,26570.5,,0.052628941909753264,0.11110523476586874,0.6234866828087168,48,3.8918202981106265,180,6122.14236111111,44945.81712962963,28,1,0,싱가포르_관광,12,가을_관광,432,97248,6122.14236111111,12378.40829217557,6.25,54384.333333333336,146.91666666666669,44945.81712962963,54906.56830808382,3273.0,224785.0,12899.6,36031.19634332136,17344,17441,16721,17229,19868,13375
싱가포르,상용,2026,9,3,가을,0,261,186.0,176.7,167.4,163.33333333333334,174.44444444444443,195.4722222222222,0.1,202609,3,-1.0,-1.8369701987210297e-16,-1.0,-1.8369701987210297e-16,,261,68121,201.0,,0.0523353967360721,0.11045130641330163,0.13793103448275856,48,3.8918202981106265,180,6122.14236111111,373.4101851851852,28,2,0,싱가포르_상용,12,가을_상용,432,97248,6122.14236111111,12378.40829217557,6.25,54384.333333333336,146.91666666666669,373.4101851851852,624.3789467077137,24.75,2828.6666666666665,12899.6,36031.19634332136,251,183,186,188,7638,3727
싱가포르,유학연수,2026,9,3,가을,0,261,30.0,28.5,27.0,22.333333333333332,106.77777777777779,62.166666666666664,0.1,202609,3,-1.0,-1.8369701987210297e-16,-1.0,-1.8369701987210297e-16,,261,68121,35.25,,0.05084745762711865,0.10714285714285714,0.3285714285714286,48,3.8918202981106265,180,6122.14236111111,1424.4648148148149,28,3,0,싱가포르_유학연수,12,가을_유학연수,432,97248,6122.14236111111,12378.40829217557,6.25,54384.333333333336,146.91666666666669,1424.4648148148149,4236.256416933347,8.75,33336.0,12899.6,36031.19634332136,136,59,98,94,7679,3737
베트남,공용,2026,9,3,가을,0,261,356.0,338.2,320.40000000000003,238.66666666666666,251.66666666666666,187.58333333333334,0.1,202609,3,-1.0,-1.8369701987210297e-16,-1.0,-1.8369701987210297e-16,,261,68121,94.25,,0.05247641509433966,0.11076540136901046,0.4895688456189152,48,3.8918202981106265,180,5660.895833333333,273.81898148148144,19,0,0,베트남_공용,12,가을_공용,432,97248,5660.895833333333,7838.108668163646,24.25,29351.0,973.0,273.81898148148144,671.2705769271112,1.25,3532.0,12899.6,36031.19634332136,356,296,270,264,7744,3787
베트남,관광,2026,9,3,가을,0,261,18160.666666666668,17252.633333333335,16344.600000000002,10729.0,18568.55555555555,14904.166666666666,0.1,202609,3,-1.0,-1.8369701987210297e-16,-1.0,-1.8369701987210297e-16,,261,68121,15214.25,,0.05262852848385554,0.1111043134951709,0.6926063995029513,48,3.8918202981106265,180,5660.895833333333,44945.81712962963,19,1,0,베트남_관광,12,가을_관광,432,97248,5660.895833333333,7838.108668163646,24.25,29351.0,973.0,44945.81712962963,54906.56830808382,3273.0,224785.0,12899.6,36031.19634332136,18097,18007,16368,18653,29959,23762
베트남,상용,2026,9,3,가을,0,261,442.6666666666667,420.53333333333336,398.40000000000003,365.3333333333333,473.2222222222222,394.6666666666667,0.1,202609,3,-1.0,-1.8369701987210297e-16,-1.0,-1.8369701987210297e-16,,261,68121,335.5,,0.05250672149296218,0.11083291604072772,0.21110100090991823,48,3.8918202981106265,180,5660.895833333333,373.4101851851852,19,2,0,베트남_상용,12,가을_상용,432,97248,5660.895833333333,7838.108668163646,24.25,29351.0,973.0,373.4101851851852,624.3789467077137,24.75,2828.6666666666665,12899.6,36031.19634332136,540,469,481,482,8084,4118
베트남,유학연수,2026,9,3,가을,0,261,5289.0,5024.55,4760.1,3099.3333333333335,5213.444444444444,3813.111111111111,0.1,202609,3,-1.0,-1.8369701987210297e-16,-1.0,-1.8369701987210297e-16,,261,68121,7806.25,,0.0526211061475858,0.11108777383377783,0.7062681432104074,48,3.8918202981106265,180,5660.895833333333,1424.4648148148149,19,3,0,베트남_유학연수,12,가을_유학연수,432,97248,5660.895833333333,7838.108668163646,24.25,29351.0,973.0,1424.4648148148149,4236.256416933347,8.75,33336.0,12899.6,36031.19634332136,5244,5142,5057,5340,13438,9471
필리핀,공용,2026,9,3,가을,0,261,155.66666666666666,147.88333333333333,140.1,108.66666666666667,163.1111111111111,134.7777777777778,0.1,202609,3,-1.0,-1.8369701987210297e-16,-1.0,-1.8369701987210297e-16,,261,68121,102.5,,0.05227807007724168,0.11032364753130165,0.42857142857142844,48,3.8918202981106265,180,4438.402777777778,273.81898148148144,59,0,0,필리핀_공용,12,가을_공용,432,97248,4438.402777777778,7934.530390261756,50.5,26180.333333333332,262.5,273.81898148148144,671.2705769271112,1.25,3532.0,12899.6,36031.19634332136,228,158,167,168,7821,3745
필리핀,관광,2026,9,3,가을,0,261,13977.333333333334,13278.466666666667,12579.6,8503.0,11941.11111111111,12820.416666666666,0.1,202609,3,-1.0,-1.8369701987210297e-16,-1.0,-1.8369701987210297e-16,,261,68121,18233.5,,0.052627615566890246,0.11110227917057482,0.64373628096582,48,3.8918202981106265,180,4438.402777777778,44945.81712962963,59,1,0,필리핀_관광,12,가을_관광,432,97248,4438.402777777778,7934.530390261756,50.5,26180.333333333332,262.5,44945.81712962963,54906.56830808382,3273.0,224785.0,12899.6,36031.19634332136,13229,13294,12974,12658,21417,14964
필리핀,상용,2026,9,3,가을,0,261,375.3333333333333,356.5666666666666,337.8,202.66666666666666,366.77777777777777,316.97222222222223,0.1,202609,3,-1.0,-1.8369701987210297e-16,-1.0,-1.8369701987210297e-16,,261,68121,403.5,,0.052484385196233926,0.1107831562377016,0.8477905073649754,48,3.8918202981106265,180,4438.402777777778,373.4101851851852,59,2,0,필리핀_상용,12,가을_상용,432,97248,4438.402777777778,7934.530390261756,50.5,26180.333333333332,262.5,373.4101851851852,624.3789467077137,24.75,2828.6666666666665,12899.6,36031.19634332136,443,372,367,392,8055,3963
필리핀,유학연수,2026,9,3,가을,0,261,91.33333333333333,86.76666666666665,82.2,61.666666666666664,170.77777777777774,98.05555555555556,0.1,202609,3,-1.0,-1.8369701987210297e-16,-1.0,-1.8369701987210297e-16,,261,68121,82.25,,0.052031902772502976,0.10977564102564093,0.4734042553191489,48,3.8918202981106265,180,4438.402777777778,1424.4648148148149,59,3,0,필리핀_유학연수,12,가을_유학연수,432,97248,4438.402777777778,7934.530390261756,50.5,26180.333333333332,262.5,1424.4648148148149,4236.256416933347,8.75,33336.0,12899.6,36031.19634332136,194,117,157,144,7944,3822
대양주,공용,2026,9,3,가을,0,261,82.0,77.89999999999999,73.8,45.0,72.1111111111111,50.638888888888886,0.1,202609,3,-1.0,-1.8369701987210297e-16,-1.0,-1.8369701987210297e-16,,261,68121,51.0,,0.051964512040557784,0.1096256684491979,0.8043478260869565,48,3.8918202981106265,180,4086.9861111111113,273.81898148148144,6,0,0,대양주_공용,12,가을_공용,432,97248,4086.9861111111113,7438.677602550389,9.75,24126.0,78.625,273.81898148148144,671.2705769271112,1.25,3532.0,12899.6,36031.19634332136,144,77,76,77,7543,3632
대양주,관광,2026,9,3,가을,0,261,18722.333333333332,17786.216666666664,16850.1,10879.0,13980.333333333334,12798.916666666664,0.1,202609,3,-1.0,-1.8369701987210297e-16,-1.0,-1.8369701987210297e-16,,261,68121,15365.75,,0.05262861999207308,0.11110451741033724,0.7208946078431372,48,3.8918202981106265,180,4086.9861111111113,44945.81712962963,6,1,0,대양주_관광,12,가을_관광,432,97248,4086.9861111111113,7438.677602550389,9.75,24126.0,78.625,44945.81712962963,54906.56830808382,3273.0,224785.0,12899.6,36031.19634332136,15624,15644,15491,15389,21442,15051
대양주,상용,2026,9,3,가을,0,261,92.0,87.39999999999999,82.8,69.66666666666667,82.22222222222223,82.33333333333334,0.1,202609,3,-1.0,-1.8369701987210297e-16,-1.0,-1.8369701987210297e-16,,261,68121,88.25,,0.052036199095022724,0.10978520286396184,0.31603773584905653,48,3.8918202981106265,180,4086.9861111111113,373.4101851851852,6,2,0,대양주_상용,12,가을_상용,432,97248,4086.9861111111113,7438.677602550389,9.75,24126.0,78.625,373.4101851851852,624.3789467077137,24.75,2828.6666666666665,12899.6,36031.19634332136,156,89,91,91,7557,3631
대양주,유학연수,2026,9,3,가을,0,261,17.0,16.15,15.3,13.0,58.888888888888886,33.138888888888886,0.1,202609,3,-1.0,-1.8369701987210297e-16,-1.0,-1.8369701987210297e-16,,261,68121,15.25,,0.049562682215743524,0.10429447852760731,0.2857142857142857,48,3.8918202981106265,180,4086.9861111111113,1424.4648148148149,6,3,0,대양주_유학연수,12,가을_유학연수,432,97248,4086.9861111111113,7438.677602550389,9.75,24126.0,78.625,1424.4648148148149,4236.256416933347,8.75,33336.0,12899.6,36031.19634332136,100,24,60,56,7610,3653
오스트레일리아,공용,2026,9,3,가을,0,261,69.66666666666667,66.18333333333334,62.7,37.0,58.555555555555564,38.97222222222223,0.1,202609,3,-1.0,-1.8369701987210297e-16,-1.0,-1.8369701987210297e-16,,261,68121,45.5,,0.05184817663110892,0.10936682365253797,0.8596491228070177,48,3.8918202981106265,180,3468.059027777778,273.81898148148144,32,0,0,오스트레일리아_공용,12,가을_공용,432,97248,3468.059027777778,6322.503515646785,8.75,20359.666666666668,61.58333333333333,273.81898148148144,671.2705769271112,1.25,3532.0,12899.6,36031.19634332136,133,67,61,65,7520,3614
오스트레일리아,관광,2026,9,3,가을,0,261,15898.0,15103.099999999999,14308.2,9125.666666666666,11765.22222222222,10838.77777777778,0.1,202609,3,-1.0,-1.8369701987210297e-16,-1.0,-1.8369701987210297e-16,,261,68121,13156.5,,0.05262809435848555,0.11110334609901316,0.742037983929876,48,3.8918202981106265,180,3468.059027777778,44945.81712962963,32,1,0,오스트레일리아_관광,12,가을_관광,432,97248,3468.059027777778,6322.503515646785,8.75,20359.666666666668,61.58333333333333,44945.81712962963,54906.56830808382,3273.0,224785.0,12899.6,36031.19634332136,13733,13631,13324,14205,19535,13166
오스트레일리아,상용,2026,9,3,가을,0,261,72.66666666666667,69.03333333333333,65.4,53.0,65.55555555555556,66.25,0.1,202609,3,-1.0,-1.8369701987210297e-16,-1.0,-1.8369701987210297e-16,,261,68121,73.0,,0.05188005711565931,0.10943775100401604,0.3641975308641976,48,3.8918202981106265,180,3468.059027777778,373.4101851851852,32,2,0,오스트레일리아_상용,12,가을_상용,432,97248,3468.059027777778,6322.503515646785,8.75,20359.666666666668,61.58333333333333,373.4101851851852,624.3789467077137,24.75,2828.6666666666665,12899.6,36031.19634332136,138,71,77,72,7533,3612
오스트레일리아,유학연수,2026,9,3,가을,0,261,9.666666666666666,9.183333333333332,8.7,8.666666666666666,48.11111111111111,27.222222222222218,0.1,202609,3,-1.0,-1.8369701987210297e-16,-1.0,-1.8369701987210297e-16,,261,68121,10.75,,0.04746317512274969,0.09965635738831617,0.10344827586206898,48,3.8918202981106265,180,3468.059027777778,1424.4648148148149,32,3,0,오스트레일리아_유학연수,12,가을_유학연수,432,97248,3468.059027777778,6322.503515646785,8.75,20359.666666666668,61.58333333333333,1424.4648148148149,4236.256416933347,8.75,33336.0,12899.6,36031.19634332136,91,17,46,42,7582,3630
러시아(연방),공용,2026,9,3,가을,0,261,16.333333333333332,15.516666666666664,14.7,14.666666666666666,17.333333333333332,11.444444444444443,0.1,202609,3,-1.0,-1.8369701987210297e-16,-1.0,-1.8369701987210297e-16,,261,68121,9.5,,0.049445005045408774,0.10403397027600847,0.10638297872340423,48,3.8918202981106265,180,1874.1996527777776,273.81898148148144,9,0,0,러시아(연방)_공용,12,가을_공용,432,97248,1874.1996527777776,3250.0297276663496,5.0,10342.25,94.875,273.81898148148144,671.2705769271112,1.25,3532.0,12899.6,36031.19634332136,85,19,18,16,7452,3563
러시아(연방),관광,2026,9,3,가을,0,261,7829.0,7437.549999999999,7046.1,4020.0,8078.0,5719.027777777778,0.1,202609,3,-1.0,-1.8369701987210297e-16,-1.0,-1.8369701987210297e-16,,261,68121,7526.25,,0.052624503431448436,0.11109534418413242,0.9472767968167123,48,3.8918202981106265,180,1874.1996527777776,44945.81712962963,9,1,0,러시아(연방)_관광,12,가을_관광,432,97248,1874.1996527777776,3250.0297276663496,5.0,10342.25,94.875,44945.81712962963,54906.56830808382,3273.0,224785.0,12899.6,36031.19634332136,8151,8015,8040,8262,18955,12786
러시아(연방),상용,2026,9,3,가을,0,261,86.0,81.7,77.4,75.66666666666667,77.8888888888889,80.69444444444444,0.1,202609,3,-1.0,-1.8369701987210297e-16,-1.0,-1.8369701987210297e-16,,261,68121,90.0,,0.05199516324062874,0.10969387755102032,0.13478260869565212,48,3.8918202981106265,180,1874.1996527777776,373.4101851851852,9,2,0,러시아(연방)_상용,12,가을_상용,432,97248,1874.1996527777776,3250.0297276663496,5.0,10342.25,94.875,373.4101851851852,624.3789467077137,24.75,2828.6666666666665,12899.6,36031.19634332136,150,82,87,86,7526,3621
러시아(연방),유학연수,2026,9,3,가을,0,261,216.66666666666666,205.83333333333331,195.0,177.33333333333334,397.6666666666667,217.72222222222226,0.1,202609,3,-1.0,-1.8369701987210297e-16,-1.0,-1.8369701987210297e-16,,261,68121,224.0,,0.052377115229653555,0.11054421768707479,0.22056074766355127,48,3.8918202981106265,180,1874.1996527777776,1424.4648148148149,9,3,0,러시아(연방)_유학연수,12,가을_유학연수,432,97248,1874.1996527777776,3250.0297276663496,5.0,10342.25,94.875,1424.4648148148149,4236.256416933347,8.75,33336.0,12899.6,36031.19634332136,361,256,373,415,8054,4125
캐나다,공용,2026,9,3,가을,0,261,26.0,24.7,23.400000000000002,17.0,26.222222222222225,26.444444444444443,0.1,202609,3,-1.0,-1.8369701987210297e-16,-1.0,-1.8369701987210297e-16,,261,68121,45.5,,0.05058365758754867,0.10655737704918024,0.5,48,3.8918202981106265,180,3146.125,273.81898148148144,48,0,0,캐나다_공용,12,가을_공용,432,97248,3146.125,5707.001325929473,13.5,17405.333333333332,33.16666666666667,273.81898148148144,671.2705769271112,1.25,3532.0,12899.6,36031.19634332136,94,27,26,28,7503,3578
캐나다,관광,2026,9,3,가을,0,261,13713.333333333334,13027.666666666666,12342.0,7802.333333333333,12911.77777777778,10195.611111111111,0.1,202609,3,-1.0,-1.8369701987210297e-16,-1.0,-1.8369701987210297e-16,,261,68121,13382.75,,0.05262753927237383,0.11110210915768727,0.7574967962409228,48,3.8918202981106265,180,3146.125,44945.81712962963,48,1,0,캐나다_관광,12,가을_관광,432,97248,3146.125,5707.001325929473,13.5,17405.333333333332,33.16666666666667,44945.81712962963,54906.56830808382,3273.0,224785.0,12899.6,36031.19634332136,13340,13239,12906,13495,23374,17145
캐나다,상용,2026,9,3,가을,0,261,31.333333333333332,29.766666666666666,28.2,29.666666666666668,28.444444444444446,29.138888888888886,0.1,202609,3,-1.0,-1.8369701987210297e-16,-1.0,-1.8369701987210297e-16,,261,68121,31.5,,0.05092091007583965,0.10730593607305934,0.054347826086956444,48,3.8918202981106265,180,3146.125,373.4101851851852,48,2,0,캐나다_상용,12,가을_상용,432,97248,3146.125,5707.001325929473,13.5,17405.333333333332,33.16666666666667,373.4101851851852,624.3789467077137,24.75,2828.6666666666665,12899.6,36031.19634332136,98,31,27,31,7508,3568
캐나다,유학연수,2026,9,3,가을,0,261,21.666666666666668,20.583333333333332,19.5,18.333333333333332,81.88888888888887,48.47222222222223,0.1,202609,3,-1.0,-1.8369701987210297e-16,-1.0,-1.8369701987210297e-16,,261,68121,16.75,,0.05019305019305031,0.10569105691056917,0.1724137931034484,48,3.8918202981106265,180,3146.125,1424.4648148148149,48,3,0,캐나다_유학연수,12,가을_유학연수,432,97248,3146.125,5707.001325929473,13.5,17405.333333333332,33.16666666666667,1424.4648148148149,4236.256416933347,8.75,33336.0,12899.6,36031.19634332136,112,33,83,77,7652,3680
인도네시아,공용,2026,9,3,가을,0,261,285.3333333333333,271.06666666666666,256.8,152.66666666666666,264.77777777777777,197.8888888888889,0.1,202609,3,-1.0,-1.8369701987210297e-16,-1.0,-1.8369701987210297e-16,,261,68121,77.5,,0.052438127909825966,0.11068011378329443,0.8633405639913232,48,3.8918202981106265,180,3109.793402777778,273.81898148148144,42,0,0,인도네시아_공용,12,가을_공용,432,97248,3109.793402777778,5382.022766140716,60.0,19254.0,207.33333333333334,273.81898148148144,671.2705769271112,1.25,3532.0,12899.6,36031.19634332136,344,277,267,275,7953,3833
인도네시아,관광,2026,9,3,가을,0,261,9199.666666666666,8739.683333333332,8279.699999999999,5406.333333333333,8178.111111111112,9312.916666666666,0.1,202609,3,-1.0,-1.8369701987210297e-16,-1.0,-1.8369701987210297e-16,,261,68121,11517.5,,0.05262555749836496,0.11109769302917233,0.701516459129577,48,3.8918202981106265,180,3109.793402777778,44945.81712962963,42,1,0,인도네시아_관광,12,가을_관광,432,97248,3109.793402777778,5382.022766140716,60.0,19254.0,207.33333333333334,44945.81712962963,54906.56830808382,3273.0,224785.0,12899.6,36031.19634332136,8986,8946,8464,8975,17989,11512
인도네시아,상용,2026,9,3,가을,0,261,153.66666666666666,145.98333333333332,138.29999999999998,84.33333333333333,142.11111111111111,113.08333333333333,0.1,202609,3,-1.0,-1.8369701987210297e-16,-1.0,-1.8369701987210297e-16,,261,68121,152.5,,0.052273500396870426,0.11031347212251742,0.8125,48,3.8918202981106265,180,3109.793402777778,373.4101851851852,42,2,0,인도네시아_상용,12,가을_상용,432,97248,3109.793402777778,5382.022766140716,60.0,19254.0,207.33333333333334,373.4101851851852,624.3789467077137,24.75,2828.6666666666665,12899.6,36031.19634332136,221,154,141,149,7860,3724
인도네시아,유학연수,2026,9,3,가을,0,261,276.3333333333333,262.51666666666665,248.7,201.0,588.7777777777778,301.0,0.1,202609,3,-1.0,-1.8369701987210297e-16,-1.0,-1.8369701987210297e-16,,261,68121,245.5,,0.05243185124280563,0.11066613269256438,0.37293729372937284,48,3.8918202981106265,180,3109.793402777778,1424.4648148148149,42,3,0,인도네시아_유학연수,12,가을_유학연수,432,97248,3109.793402777778,5382.022766140716,60.0,19254.0,207.33333333333334,1424.4648148148149,4236.256416933347,8.75,33336.0,12899.6,36031.19634332136,526,426,523,543,8602,4451
중국,공용,2026,10,4,가을,0,262,328.0,311.59999999999997,295.2,135.66666666666666,259.1111111111111,179.75,0.1,202610,3,-0.8660254037844386,0.5000000000000001,-2.4492935982947064e-16,1.0,,262,68644,256.0,,0.052463211772233,0.1107359891964889,1.4073170731707318,48,3.8918202981106265,180,46212.04861111112,273.81898148148144,44,0,0,중국_공용,12,가을_공용,480,97248,46212.04861111112,72909.78306073407,56.25,205420.25,3584.458333333333,273.81898148148144,671.2705769271112,1.25,3532.0,12899.6,36031.19634332136,371,309,276,283,7916,3921
중국,관광,2026,10,4,가을,0,262,171282.33333333334,162718.21666666667,154154.1,64708.666666666664,180741.0,132554.33333333334,0.1,202610,3,-0.8660254037844386,0.5000000000000001,-2.4492935982947064e-16,1.0,,262,68644,201924.0,,0.0526312554970715,0.11111039033631281,1.6469512540630202,48,3.8918202981106265,180,46212.04861111112,44945.81712962963,44,1,0,중국_관광,12,가을_관광,480,97248,46212.04861111112,72909.78306073407,56.25,205420.25,3584.458333333333,44945.81712962963,54906.56830808382,3273.0,224785.0,12899.6,36031.19634332136,177781,179909,145863,180048,211777,206864
중국,상용,2026,10,4,가을,0,262,2828.6666666666665,2687.233333333333,2545.7999999999997,1669.0,2581.4444444444443,2032.8055555555554,0.1,202610,3,-0.8660254037844386,0.5000000000000001,-2.4492935982947064e-16,1.0,,262,68644,2520.5,,0.05261200044638985,0.11106748337783368,0.6944111776447105,48,3.8918202981106265,180,46212.04861111112,373.4101851851852,44,2,0,중국_상용,12,가을_상용,480,97248,46212.04861111112,72909.78306073407,56.25,205420.25,3584.458333333333,373.4101851851852,624.3789467077137,24.75,2828.6666666666665,12899.6,36031.19634332136,2834,2778,2671,2760,10267,6261
중국,유학연수,2026,10,4,가을,0,262,9183.0,8723.85,8264.7,5101.666666666667,20618.0,11631.166666666664,0.1,202610,3,-0.8660254037844386,0.5000000000000001,-2.4492935982947064e-16,1.0,,262,68644,6577.5,,0.05262554657100118,0.11109766867899866,0.7998432192317741,48,3.8918202981106265,180,46212.04861111112,1424.4648148148149,44,3,0,중국_유학연수,12,가을_유학연수,480,97248,46212.04861111112,72909.78306073407,56.25,205420.25,3584.458333333333,1424.4648148148149,4236.256416933347,8.75,33336.0,12899.6,36031.19634332136,17596,17470,16347,17385,37513,34050
일본,공용,2026,10,4,가을,0,262,131.0,124.44999999999999,117.9,71.66666666666667,142.44444444444443,117.8611111111111,0.1,202610,3,-0.8660254037844386,0.5000000000000001,-2.4492935982947064e-16,1.0,,262,68644,110.75,,0.052212036667995315,0.11017661900756934,0.8165137614678898,48,3.8918202981106265,180,43674.144097222226,273.81898148148144,43,0,0,일본_공용,12,가을_공용,480,97248,43674.144097222226,77578.9924823001,82.75,224785.0,1031.25,273.81898148148144,671.2705769271112,1.25,3532.0,12899.6,36031.19634332136,209,140,136,147,7880,3725
일본,관광,2026,10,4,가을,0,262,210661.66666666666,200128.5833333333,189595.5,104772.0,199706.1111111111,141509.0,0.1,202610,3,-0.8660254037844386,0.5000000000000001,-2.4492935982947064e-16,1.0,,262,68644,150784.25,,0.052631315959867725,0.11111052507122578,1.0106579621340102,48,3.8918202981106265,180,43674.144097222226,44945.81712962963,43,1,0,일본_관광,12,가을_관광,480,97248,43674.144097222226,77578.9924823001,82.75,224785.0,1031.25,44945.81712962963,54906.56830808382,3273.0,224785.0,12899.6,36031.19634332136,197982,201111,151601,203595,214104,208076
일본,상용,2026,10,4,가을,0,262,1379.3333333333333,1310.3666666666666,1241.3999999999999,1052.6666666666667,1328.7777777777776,1147.3333333333333,0.1,202610,3,-0.8660254037844386,0.5000000000000001,-2.4492935982947064e-16,1.0,,262,68644,949.75,,0.05259144404056839,0.11102167847177512,0.3100284720025307,48,3.8918202981106265,180,43674.144097222226,373.4101851851852,43,2,0,일본_상용,12,가을_상용,480,97248,43674.144097222226,77578.9924823001,82.75,224785.0,1031.25,373.4101851851852,624.3789467077137,24.75,2828.6666666666665,12899.6,36031.19634332136,1450,1383,1404,1363,9073,4904
일본,유학연수,2026,10,4,가을,0,262,386.3333333333333,367.01666666666665,347.7,257.3333333333333,1548.888888888889,1025.0833333333333,0.1,202610,3,-0.8660254037844386,0.5000000000000001,-2.4492935982947064e-16,1.0,,262,68644,263.75,,0.05248856482949141,0.11079246725934422,0.49935483870967745,48,3.8918202981106265,180,43674.144097222226,1424.4648148148149,43,3,0,일본_유학연수,12,가을_유학연수,480,97248,43674.144097222226,77578.9924823001,82.75,224785.0,1031.25,1424.4648148148149,4236.256416933347,8.75,33336.0,12899.6,36031.19634332136,1382,1291,1323,1331,10171,6019
대만,공용,2026,10,4,가을,0,262,10.333333333333334,9.816666666666666,9.3,6.333333333333333,8.777777777777779,8.472222222222221,0.1,202610,3,-0.8660254037844386,0.5000000000000001,-2.4492935982947064e-16,1.0,,262,68644,9.5,,0.04776579352850547,0.10032362459546924,0.5454545454545456,48,3.8918202981106265,180,19442.779513888887,273.81898148148144,5,0,0,대만_공용,12,가을_공용,480,97248,19442.779513888887,33871.209868563164,5.0,85999.0,171.83333333333331,273.81898148148144,671.2705769271112,1.25,3532.0,12899.6,36031.19634332136,76,12,9,8,7331,3479
대만,관광,2026,10,4,가을,0,262,79694.33333333333,75709.61666666665,71724.9,35587.666666666664,78438.22222222222,62128.333333333336,0.1,202610,3,-0.8660254037844386,0.5000000000000001,-2.4492935982947064e-16,1.0,,262,68644,85999.0,,0.05263088377961975,0.11110956200386939,1.2393458591686493,48,3.8918202981106265,180,19442.779513888887,44945.81712962963,5,1,0,대만_관광,12,가을_관광,480,97248,19442.779513888887,33871.209868563164,5.0,85999.0,171.83333333333331,44945.81712962963,54906.56830808382,3273.0,224785.0,12899.6,36031.19634332136,89401,88407,95015,91491,92742,86888
대만,상용,2026,10,4,가을,0,262,129.0,122.55,116.10000000000001,131.0,155.0,146.58333333333331,0.1,202610,3,-0.8660254037844386,0.5000000000000001,-2.4492935982947064e-16,1.0,,262,68644,124.0,,0.05220558478348849,0.11016225448334749,-0.015151515151515152,48,3.8918202981106265,180,19442.779513888887,373.4101851851852,5,2,0,대만_상용,12,가을_상용,480,97248,19442.779513888887,33871.209868563164,5.0,85999.0,171.83333333333331,373.4101851851852,624.3789467077137,24.75,2828.6666666666665,12899.6,36031.19634332136,208,139,146,155,7505,3640
대만,유학연수,2026,10,4,가을,0,262,146.66666666666666,139.33333333333331,132.0,96.66666666666667,471.4444444444445,313.3333333333333,0.1,202610,3,-0.8660254037844386,0.5000000000000001,-2.4492935982947064e-16,1.0,,262,68644,124.75,,0.05225653206650839,0.11027568922305757,0.5119453924914674,48,3.8918202981106265,180,19442.779513888887,1424.4648148148149,5,3,0,대만_유학연수,12,가을_유학연수,480,97248,19442.779513888887,33871.209868563164,5.0,85999.0,171.83333333333331,1424.4648148148149,4236.256416933347,8.75,33336.0,12899.6,36031.19634332136,407,315,425,397,8092,4206
미국,공용,2026,10,4,가을,0,262,2262.0,2148.9,2035.8,1734.3333333333333,2535.6666666666665,2510.083333333333,0.1,202610,3,-0.8660254037844386,0.5000000000000001,-2.4492935982947064e-16,1.0,,262,68644,2877.75,,0.05260709800455831,0.11105655930871959,0.30407222435651177,48,3.8918202981106265,180,17662.763888888887,273.81898148148144,14,0,0,미국_공용,12,가을_공용,480,97248,17662.763888888887,30507.139956446303,106.33333333333333,91502.0,1885.7083333333335,273.81898148148144,671.2705769271112,1.25,3532.0,12899.6,36031.19634332136,2408,2309,2421,2405,10667,6437
미국,관광,2026,10,4,가을,0,262,89861.33333333333,85368.26666666666,80875.2,53775.666666666664,71833.55555555555,59016.333333333336,0.1,202610,3,-0.8660254037844386,0.5000000000000001,-2.4492935982947064e-16,1.0,,262,68644,85464.75,,0.05263096243066395,0.11110973726922546,0.6710283270315502,48,3.8918202981106265,180,17662.763888888887,44945.81712962963,14,1,0,미국_관광,12,가을_관광,480,97248,17662.763888888887,30507.139956446303,106.33333333333333,91502.0,1885.7083333333335,44945.81712962963,54906.56830808382,3273.0,224785.0,12899.6,36031.19634332136,89408,87796,103638,91813,75391,68426
미국,상용,2026,10,4,가을,0,262,264.6666666666667,251.43333333333334,238.20000000000002,211.66666666666666,256.0,218.77777777777774,0.1,202610,3,-0.8660254037844386,0.5000000000000001,-2.4492935982947064e-16,1.0,,262,68644,216.25,,0.05242308200184873,0.11064659977703456,0.249216300940439,48,3.8918202981106265,180,17662.763888888887,373.4101851851852,14,2,0,미국_상용,12,가을_상용,480,97248,17662.763888888887,30507.139956446303,106.33333333333333,91502.0,1885.7083333333335,373.4101851851852,624.3789467077137,24.75,2828.6666666666665,12899.6,36031.19634332136,337,266,262,280,8108,3844
미국,유학연수,2026,10,4,가을,0,262,106.33333333333333,101.01666666666665,95.7,55.333333333333336,693.6666666666666,443.0833333333333,0.1,202610,3,-0.8660254037844386,0.5000000000000001,-2.4492935982947064e-16,1.0,,262,68644,107.5,,0.0521156673746121,0.10996208204067555,0.9053254437869821,48,3.8918202981106265,180,17662.763888888887,1424.4648148148149,14,3,0,미국_유학연수,12,가을_유학연수,480,97248,17662.763888888887,30507.139956446303,106.33333333333333,91502.0,1885.7083333333335,1424.4648148148149,4236.256416933347,8.75,33336.0,12899.6,36031.19634332136,647,568,594,571,9021,4748
홍콩,공용,2026,10,4,가을,0,262,2.3333333333333335,2.216666666666667,2.1,1.3333333333333333,1.7777777777777777,1.6666666666666667,0.1,202610,3,-0.8660254037844386,0.5000000000000001,-2.4492935982947064e-16,1.0,,262,68644,2.0,,0.03626943005181348,0.07526881720430109,0.4285714285714287,48,3.8918202981106265,180,7774.140625,273.81898148148144,60,0,0,홍콩_공용,12,가을_공용,480,97248,7774.140625,13803.683275345851,1.25,42363.0,70.16666666666666,273.81898148148144,671.2705769271112,1.25,3532.0,12899.6,36031.19634332136,67,1,6,6,7292,3447
홍콩,관광,2026,10,4,가을,0,262,34611.333333333336,32880.76666666667,31150.200000000004,17282.333333333332,31231.333333333325,25439.69444444444,0.1,202610,3,-0.8660254037844386,0.5000000000000001,-2.4492935982947064e-16,1.0,,262,68644,36039.0,,0.05262997831625021,0.11110754427865799,1.0026422372227581,48,3.8918202981106265,180,7774.140625,44945.81712962963,60,1,0,홍콩_관광,12,가을_관광,480,97248,7774.140625,13803.683275345851,1.25,42363.0,70.16666666666666,44945.81712962963,54906.56830808382,3273.0,224785.0,12899.6,36031.19634332136,34181,33991,34944,34443,40985,34819
홍콩,상용,2026,10,4,가을,0,262,50.666666666666664,48.133333333333326,45.6,52.666666666666664,45.88888888888889,48.833333333333336,0.1,202610,3,-0.8660254037844386,0.5000000000000001,-2.4492935982947064e-16,1.0,,262,68644,50.25,,0.051560379918588986,0.10872675250357645,-0.037267080745341616,48,3.8918202981106265,180,7774.140625,373.4101851851852,60,2,0,홍콩_상용,12,가을_상용,480,97248,7774.140625,13803.683275345851,1.25,42363.0,70.16666666666666,373.4101851851852,624.3789467077137,24.75,2828.6666666666665,12899.6,36031.19634332136,115,50,57,48,7342,3482
홍콩,유학연수,2026,10,4,가을,0,262,76.33333333333333,72.51666666666667,68.7,51.666666666666664,209.44444444444443,157.08333333333331,0.1,202610,3,-0.8660254037844386,0.5000000000000001,-2.4492935982947064e-16,1.0,,262,68644,66.0,,0.051915665381999494,0.10951697752271629,0.46835443037974683,48,3.8918202981106265,180,7774.140625,1424.4648148148149,60,3,0,홍콩_유학연수,12,가을_유학연수,480,97248,7774.140625,13803.683275345851,1.25,42363.0,70.16666666666666,1424.4648148148149,4236.256416933347,8.75,33336.0,12899.6,36031.19634332136,212,141,179,148,7655,3767
태국,공용,2026,10,4,가을,0,262,305.6666666666667,290.3833333333333,275.1,172.33333333333334,336.5555555555556,244.58333333333334,0.1,202610,3,-0.8660254037844386,0.5000000000000001,-2.4492935982947064e-16,1.0,,262,68644,246.5,,0.05245095235371513,0.11070868042979594,0.7692307692307693,48,3.8918202981106265,180,5410.644097222222,273.81898148148144,52,0,0,태국_공용,12,가을_공용,480,97248,5410.644097222222,10043.429966232909,50.666666666666664,36286.333333333336,176.875,273.81898148148144,671.2705769271112,1.25,3532.0,12899.6,36031.19634332136,385,310,334,346,7905,3853
태국,관광,2026,10,4,가을,0,262,36286.333333333336,34472.01666666667,32657.700000000004,24590.666666666668,20646.44444444444,19468.472222222223,0.1,202610,3,-0.8660254037844386,0.5000000000000001,-2.4492935982947064e-16,1.0,,262,68644,31830.5,,0.052630052200247406,0.111107708920849,0.47559471365638767,48,3.8918202981106265,180,5410.644097222222,44945.81712962963,52,1,0,태국_관광,12,가을_관광,480,97248,5410.644097222222,10043.429966232909,50.666666666666664,36286.333333333336,176.875,44945.81712962963,54906.56830808382,3273.0,224785.0,12899.6,36031.19634332136,27829,27126,29594,31077,21805,14874
태국,상용,2026,10,4,가을,0,262,118.33333333333333,112.41666666666666,106.5,83.33333333333333,87.77777777777777,70.16666666666667,0.1,202610,3,-0.8660254037844386,0.5000000000000001,-2.4492935982947064e-16,1.0,,262,68644,83.25,,0.05216752387950041,0.11007751937984492,0.41501976284584985,48,3.8918202981106265,180,5410.644097222222,373.4101851851852,52,2,0,태국_상용,12,가을_상용,480,97248,5410.644097222222,10043.429966232909,50.666666666666664,36286.333333333336,176.875,373.4101851851852,624.3789467077137,24.75,2828.6666666666665,12899.6,36031.19634332136,172,109,95,100,7609,3538
태국,유학연수,2026,10,4,가을,0,262,50.666666666666664,48.133333333333326,45.6,36.0,217.88888888888883,153.27777777777774,0.1,202610,3,-0.8660254037844386,0.5000000000000001,-2.4492935982947064e-16,1.0,,262,68644,53.25,,0.051560379918588986,0.10872675250357645,0.39639639639639634,48,3.8918202981106265,180,5410.644097222222,1424.4648148148149,52,3,0,태국_유학연수,12,가을_유학연수,480,97248,5410.644097222222,10043.429966232909,50.666666666666664,36286.333333333336,176.875,1424.4648148148149,4236.256416933347,8.75,33336.0,12899.6,36031.19634332136,222,151,189,142,7915,3820
말레이시아,공용,2026,10,4,가을,0,262,9.666666666666666,9.183333333333332,8.7,6.0,10.333333333333334,7.583333333333333,0.1,202610,3,-0.8660254037844386,0.5000000000000001,-2.4492935982947064e-16,1.0,,262,68644,9.0,,0.04746317512274969,0.09965635738831617,0.5238095238095237,48,3.8918202981106265,180,4232.541666666667,273.81898148148144,11,0,0,말레이시아_공용,12,가을_공용,480,97248,4232.541666666667,7878.866471116315,5.25,26265.333333333332,82.66666666666666,273.81898148148144,671.2705769271112,1.25,3532.0,12899.6,36031.19634332136,77,12,11,10,7328,3464
말레이시아,관광,2026,10,4,가을,0,262,25447.666666666668,24175.283333333333,22902.9,14011.0,17086.555555555555,14060.77777777778,0.1,202610,3,-0.8660254037844386,0.5000000000000001,-2.4492935982947064e-16,1.0,,262,68644,20552.75,,0.052629401955222026,0.1111062599237102,0.8162051574840614,48,3.8918202981106265,180,4232.541666666667,44945.81712962963,11,1,0,말레이시아_관광,12,가을_관광,480,97248,4232.541666666667,7878.866471116315,5.25,26265.333333333332,82.66666666666666,44945.81712962963,54906.56830808382,3273.0,224785.0,12899.6,36031.19634332136,19669,19566,19653,20196,22502,16040
말레이시아,상용,2026,10,4,가을,0,262,91.33333333333333,86.76666666666665,82.2,65.66666666666667,82.44444444444444,73.08333333333333,0.1,202610,3,-0.8660254037844386,0.5000000000000001,-2.4492935982947064e-16,1.0,,262,68644,94.75,,0.052031902772502976,0.10977564102564093,0.38499999999999984,48,3.8918202981106265,180,4232.541666666667,373.4101851851852,11,2,0,말레이시아_상용,12,가을_상용,480,97248,4232.541666666667,7878.866471116315,5.25,26265.333333333332,82.66666666666666,373.4101851851852,624.3789467077137,24.75,2828.6666666666665,12899.6,36031.19634332136,154,89,91,90,7412,3532
말레이시아,유학연수,2026,10,4,가을,0,262,36.666666666666664,34.83333333333333,33.0,26.333333333333332,287.5555555555555,161.36111111111111,0.1,202610,3,-0.8660254037844386,0.5000000000000001,-2.4492935982947064e-16,1.0,,262,68644,37.5,,0.051162790697674494,0.1078431372549019,0.3780487804878048,48,3.8918202981106265,180,4232.541666666667,1424.4648148148149,11,3,0,말레이시아_유학연수,12,가을_유학연수,480,97248,4232.541666666667,7878.866471116315,5.25,26265.333333333332,82.66666666666666,1424.4648148148149,4236.256416933347,8.75,33336.0,12899.6,36031.19634332136,268,194,250,198,7846,3943
싱가포르,공용,2026,10,4,가을,0,262,14.666666666666666,13.933333333333332,13.2,12.0,14.555555555555555,11.555555555555557,0.1,202610,3,-0.8660254037844386,0.5000000000000001,-2.4492935982947064e-16,1.0,,262,68644,10.25,,0.049107142857142926,0.10328638497652584,0.2051282051282051,48,3.8918202981106265,180,6122.14236111111,273.81898148148144,28,0,0,싱가포르_공용,12,가을_공용,480,97248,6122.14236111111,12378.40829217557,6.25,54384.333333333336,146.91666666666669,273.81898148148144,671.2705769271112,1.25,3532.0,12899.6,36031.19634332136,81,16,14,14,7338,3468
싱가포르,관광,2026,10,4,가을,0,262,31706.0,30120.699999999997,28535.4,18728.0,21422.777777777774,20464.11111111111,0.1,202610,3,-0.8660254037844386,0.5000000000000001,-2.4492935982947064e-16,1.0,,262,68644,24981.25,,0.05262983164960819,0.11110721744859192,0.6929360884190293,48,3.8918202981106265,180,6122.14236111111,44945.81712962963,28,1,0,싱가포르_관광,12,가을_관광,480,97248,6122.14236111111,12378.40829217557,6.25,54384.333333333336,146.91666666666669,44945.81712962963,54906.56830808382,3273.0,224785.0,12899.6,36031.19634332136,24125,23423,27168,26215,25188,18626
싱가포르,상용,2026,10,4,가을,0,262,273.0,259.34999999999997,245.70000000000002,244.66666666666666,211.66666666666666,197.83333333333334,0.1,202610,3,-0.8660254037844386,0.5000000000000001,-2.4492935982947064e-16,1.0,,262,68644,180.0,,0.05242942193201473,0.11066072152411828,0.11533242876526463,48,3.8918202981106265,180,6122.14236111111,373.4101851851852,28,2,0,싱가포르_상용,12,가을_상용,480,97248,6122.14236111111,12378.40829217557,6.25,54384.333333333336,146.91666666666669,373.4101851851852,624.3789467077137,24.75,2828.6666666666665,12899.6,36031.19634332136,303,244,226,218,7517,3629
싱가포르,유학연수,2026,10,4,가을,0,262,20.0,19.0,18.0,14.0,99.77777777777777,62.666666666666664,0.1,202610,3,-0.8660254037844386,0.5000000000000001,-2.4492935982947064e-16,1.0,,262,68644,15.0,,0.05,0.10526315789473684,0.4,48,3.8918202981106265,180,6122.14236111111,1424.4648148148149,28,3,0,싱가포르_유학연수,12,가을_유학연수,480,97248,6122.14236111111,12378.40829217557,6.25,54384.333333333336,146.91666666666669,1424.4648148148149,4236.256416933347,8.75,33336.0,12899.6,36031.19634332136,123,48,87,76,7543,3627
베트남,공용,2026,10,4,가을,0,262,501.0,475.95,450.90000000000003,351.6666666666667,356.22222222222223,200.02777777777774,0.1,202610,3,-0.8660254037844386,0.5000000000000001,-2.4492935982947064e-16,1.0,,262,68644,158.5,,0.05252122864031872,0.11086523567160868,0.4234404536862003,48,3.8918202981106265,180,5660.895833333333,273.81898148148144,19,0,0,베트남_공용,12,가을_공용,480,97248,5660.895833333333,7838.108668163646,24.25,29351.0,973.0,273.81898148148144,671.2705769271112,1.25,3532.0,12899.6,36031.19634332136,476,425,367,369,7711,3779
베트남,관광,2026,10,4,가을,0,262,29351.0,27883.449999999997,26415.9,18266.666666666668,21901.888888888887,15827.86111111111,0.1,202610,3,-0.8660254037844386,0.5000000000000001,-2.4492935982947064e-16,1.0,,262,68644,22941.25,,0.0526296914588598,0.11110690504941906,0.6067733518238052,48,3.8918202981106265,180,5660.895833333333,44945.81712962963,19,1,0,베트남_관광,12,가을_관광,480,97248,5660.895833333333,7838.108668163646,24.25,29351.0,973.0,44945.81712962963,54906.56830808382,3273.0,224785.0,12899.6,36031.19634332136,23364,22835,23292,25739,28776,22332
베트남,상용,2026,10,4,가을,0,262,661.0,627.9499999999999,594.9,517.6666666666666,519.0,406.6111111111111,0.1,202610,3,-0.8660254037844386,0.5000000000000001,-2.4492935982947064e-16,1.0,,262,68644,342.25,,0.0525478972891328,0.11092465178721266,0.27634961439588696,48,3.8918202981106265,180,5660.895833333333,373.4101851851852,19,2,0,베트남_상용,12,가을_상용,480,97248,5660.895833333333,7838.108668163646,24.25,29351.0,973.0,373.4101851851852,624.3789467077137,24.75,2828.6666666666665,12899.6,36031.19634332136,654,602,530,555,7888,3941
베트남,유학연수,2026,10,4,가을,0,262,1386.0,1316.7,1247.4,1000.3333333333334,4065.222222222222,3845.25,0.1,202610,3,-0.8660254037844386,0.5000000000000001,-2.4492935982947064e-16,1.0,,262,68644,1285.0,,0.0525916369431585,0.11102210829862215,0.38515312916111843,48,3.8918202981106265,180,5660.895833333333,1424.4648148148149,19,3,0,베트남_유학연수,12,가을_유학연수,480,97248,5660.895833333333,7838.108668163646,24.25,29351.0,973.0,1424.4648148148149,4236.256416933347,8.75,33336.0,12899.6,36031.19634332136,3633,3696,3110,2984,13303,9440
필리핀,공용,2026,10,4,가을,0,262,186.0,176.7,167.4,137.0,171.33333333333334,138.86111111111111,0.1,202610,3,-0.8660254037844386,0.5000000000000001,-2.4492935982947064e-16,1.0,,262,68644,145.75,,0.0523353967360721,0.11045130641330163,0.35507246376811596,48,3.8918202981106265,180,4438.402777777778,273.81898148148144,59,0,0,필리핀_공용,12,가을_공용,480,97248,4438.402777777778,7934.530390261756,50.5,26180.333333333332,262.5,273.81898148148144,671.2705769271112,1.25,3532.0,12899.6,36031.19634332136,246,182,173,176,7687,3637
필리핀,관광,2026,10,4,가을,0,262,25573.666666666668,24294.983333333334,23016.300000000003,14642.333333333334,16611.555555555555,13731.36111111111,0.1,202610,3,-0.8660254037844386,0.5000000000000001,-2.4492935982947064e-16,1.0,,262,68644,22571.75,,0.052629412680696916,0.11110628382419592,0.7465058046892784,48,3.8918202981106265,180,4438.402777777778,44945.81712962963,59,1,0,필리핀_관광,12,가을_관광,480,97248,4438.402777777778,7934.530390261756,50.5,26180.333333333332,262.5,44945.81712962963,54906.56830808382,3273.0,224785.0,12899.6,36031.19634332136,19328,19036,19621,20628,22028,15364
필리핀,상용,2026,10,4,가을,0,262,587.3333333333334,557.9666666666667,528.6,355.0,434.5555555555555,336.3333333333333,0.1,202610,3,-0.8660254037844386,0.5000000000000001,-2.4492935982947064e-16,1.0,,262,68644,406.0,,0.05253742023972808,0.11090130916414907,0.652621722846442,48,3.8918202981106265,180,4438.402777777778,373.4101851851852,59,2,0,필리핀_상용,12,가을_상용,480,97248,4438.402777777778,7934.530390261756,50.5,26180.333333333332,262.5,373.4101851851852,624.3789467077137,24.75,2828.6666666666665,12899.6,36031.19634332136,568,519,460,446,7897,3825
필리핀,유학연수,2026,10,4,가을,0,262,51.333333333333336,48.766666666666666,46.2,32.666666666666664,154.55555555555557,99.61111111111113,0.1,202610,3,-0.8660254037844386,0.5000000000000001,-2.4492935982947064e-16,1.0,,262,68644,50.5,,0.05157401205626263,0.10875706214689264,0.5544554455445546,48,3.8918202981106265,180,4438.402777777778,1424.4648148148149,59,3,0,필리핀_유학연수,12,가을_유학연수,480,97248,4438.402777777778,7934.530390261756,50.5,26180.333333333332,262.5,1424.4648148148149,4236.256416933347,8.75,33336.0,12899.6,36031.19634332136,169,94,127,116,7811,3715
대양주,공용,2026,10,4,가을,0,262,73.33333333333333,69.66666666666666,66.0,47.333333333333336,75.55555555555556,52.805555555555564,0.1,202610,3,-0.8660254037844386,0.5000000000000001,-2.4492935982947064e-16,1.0,,262,68644,59.0,,0.05188679245283026,0.10945273631840789,0.5379310344827585,48,3.8918202981106265,180,4086.9861111111113,273.81898148148144,6,0,0,대양주_공용,12,가을_공용,480,97248,4086.9861111111113,7438.677602550389,9.75,24126.0,78.625,273.81898148148144,671.2705769271112,1.25,3532.0,12899.6,36031.19634332136,140,74,84,76,7420,3537
대양주,관광,2026,10,4,가을,0,262,20169.333333333332,19160.866666666665,18152.399999999998,10527.0,16597.666666666668,13602.444444444443,0.1,202610,3,-0.8660254037844386,0.5000000000000001,-2.4492935982947064e-16,1.0,,262,68644,23192.25,,0.05262883226408008,0.11110499043338078,0.9158751266464031,48,3.8918202981106265,180,4086.9861111111113,44945.81712962963,6,1,0,대양주_관광,12,가을_관광,480,97248,4086.9861111111113,7438.677602550389,9.75,24126.0,78.625,44945.81712962963,54906.56830808382,3273.0,224785.0,12899.6,36031.19634332136,18273,18254,17423,18433,25609,19340
대양주,상용,2026,10,4,가을,0,262,96.0,91.19999999999999,86.4,89.33333333333333,87.55555555555554,82.8888888888889,0.1,202610,3,-0.8660254037844386,0.5000000000000001,-2.4492935982947064e-16,1.0,,262,68644,86.5,,0.0520607375271151,0.10983981693363837,0.07380073800738013,48,3.8918202981106265,180,4086.9861111111113,373.4101851851852,6,2,0,대양주_상용,12,가을_상용,480,97248,4086.9861111111113,7438.677602550389,9.75,24126.0,78.625,373.4101851851852,624.3789467077137,24.75,2828.6666666666665,12899.6,36031.19634332136,162,97,94,97,7430,3531
대양주,유학연수,2026,10,4,가을,0,262,12.666666666666666,12.033333333333331,11.4,8.0,53.333333333333336,33.52777777777777,0.1,202610,3,-0.8660254037844386,0.5000000000000001,-2.4492935982947064e-16,1.0,,262,68644,9.75,,0.04859335038363182,0.10215053763440853,0.5185185185185185,48,3.8918202981106265,180,4086.9861111111113,1424.4648148148149,6,3,0,대양주_유학연수,12,가을_유학연수,480,97248,4086.9861111111113,7438.677602550389,9.75,24126.0,78.625,1424.4648148148149,4236.256416933347,8.75,33336.0,12899.6,36031.19634332136,94,20,45,52,7478,3546
오스트레일리아,공용,2026,10,4,가을,0,262,54.333333333333336,51.61666666666667,48.900000000000006,33.666666666666664,59.88888888888889,40.69444444444444,0.1,202610,3,-0.8660254037844386,0.5000000000000001,-2.4492935982947064e-16,1.0,,262,68644,42.5,,0.05163129553373459,0.10888443553774207,0.5961538461538464,48,3.8918202981106265,180,3468.059027777778,273.81898148148144,32,0,0,오스트레일리아_공용,12,가을_공용,480,97248,3468.059027777778,6322.503515646785,8.75,20359.666666666668,61.58333333333333,273.81898148148144,671.2705769271112,1.25,3532.0,12899.6,36031.19634332136,125,58,61,67,7397,3518
오스트레일리아,관광,2026,10,4,가을,0,262,16839.666666666668,15997.683333333334,15155.7,8668.333333333334,13944.88888888889,11519.72222222222,0.1,202610,3,-0.8660254037844386,0.5000000000000001,-2.4492935982947064e-16,1.0,,262,68644,20163.5,,0.052628289202965674,0.11110378028638603,0.942556136573362,48,3.8918202981106265,180,3468.059027777778,44945.81712962963,32,1,0,오스트레일리아_관광,12,가을_관광,480,97248,3468.059027777778,6322.503515646785,8.75,20359.666666666668,61.58333333333333,44945.81712962963,54906.56830808382,3273.0,224785.0,12899.6,36031.19634332136,15142,15245,14391,14626,23209,16958
오스트레일리아,상용,2026,10,4,가을,0,262,76.0,72.2,68.4,68.0,69.55555555555556,66.91666666666667,0.1,202610,3,-0.8660254037844386,0.5000000000000001,-2.4492935982947064e-16,1.0,,262,68644,66.5,,0.05191256830601089,0.10951008645533132,0.11594202898550725,48,3.8918202981106265,180,3468.059027777778,373.4101851851852,32,2,0,오스트레일리아_상용,12,가을_상용,480,97248,3468.059027777778,6322.503515646785,8.75,20359.666666666668,61.58333333333333,373.4101851851852,624.3789467077137,24.75,2828.6666666666665,12899.6,36031.19634332136,140,73,78,80,7403,3509
오스트레일리아,유학연수,2026,10,4,가을,0,262,10.666666666666666,10.133333333333333,9.6,6.666666666666667,44.0,27.555555555555554,0.1,202610,3,-0.8660254037844386,0.5000000000000001,-2.4492935982947064e-16,1.0,,262,68644,8.75,,0.047904191616766456,0.10062893081761004,0.5217391304347825,48,3.8918202981106265,180,3468.059027777778,1424.4648148148149,32,3,0,오스트레일리아_유학연수,12,가을_유학연수,480,97248,3468.059027777778,6322.503515646785,8.75,20359.666666666668,61.58333333333333,1424.4648148148149,4236.256416933347,8.75,33336.0,12899.6,36031.19634332136,88,17,37,40,7454,3526
러시아(연방),공용,2026,10,4,가을,0,262,11.333333333333334,10.766666666666667,10.200000000000001,17.333333333333332,16.666666666666668,10.944444444444445,0.1,202610,3,-0.8660254037844386,0.5000000000000001,-2.4492935982947064e-16,1.0,,262,68644,5.0,,0.04815864022662887,0.10119047619047614,-0.3272727272727272,48,3.8918202981106265,180,1874.1996527777776,273.81898148148144,9,0,0,러시아(연방)_공용,12,가을_공용,480,97248,1874.1996527777776,3250.0297276663496,5.0,10342.25,94.875,273.81898148148144,671.2705769271112,1.25,3532.0,12899.6,36031.19634332136,81,15,17,16,7315,3453
러시아(연방),관광,2026,10,4,가을,0,262,8786.333333333334,8347.016666666666,7907.700000000001,4122.666666666667,7945.666666666667,6107.666666666667,0.1,202610,3,-0.8660254037844386,0.5000000000000001,-2.4492935982947064e-16,1.0,,262,68644,10342.25,,0.05262527426674211,0.11109706188543415,1.1309514186403686,48,3.8918202981106265,180,1874.1996527777776,44945.81712962963,9,1,0,러시아(연방)_관광,12,가을_관광,480,97248,1874.1996527777776,3250.0297276663496,5.0,10342.25,94.875,44945.81712962963,54906.56830808382,3273.0,224785.0,12899.6,36031.19634332136,8726,8627,8467,8839,18049,11864
러시아(연방),상용,2026,10,4,가을,0,262,92.0,87.39999999999999,82.8,91.0,88.77777777777779,80.77777777777777,0.1,202610,3,-0.8660254037844386,0.5000000000000001,-2.4492935982947064e-16,1.0,,262,68644,97.75,,0.052036199095022724,0.10978520286396184,0.010869565217391304,48,3.8918202981106265,180,1874.1996527777776,373.4101851851852,9,2,0,러시아(연방)_상용,12,가을_상용,480,97248,1874.1996527777776,3250.0297276663496,5.0,10342.25,94.875,373.4101851851852,624.3789467077137,24.75,2828.6666666666665,12899.6,36031.19634332136,158,91,97,99,7411,3533
러시아(연방),유학연수,2026,10,4,가을,0,262,65.0,61.75,58.5,58.666666666666664,372.22222222222223,218.25,0.1,202610,3,-0.8660254037844386,0.5000000000000001,-2.4492935982947064e-16,1.0,,262,68644,45.5,,0.05179282868525897,0.1092436974789916,0.10614525139664809,48,3.8918202981106265,180,1874.1996527777776,1424.4648148148149,9,3,0,러시아(연방)_유학연수,12,가을_유학연수,480,97248,1874.1996527777776,3250.0297276663496,5.0,10342.25,94.875,1424.4648148148149,4236.256416933347,8.75,33336.0,12899.6,36031.19634332136,308,216,337,295,7962,4064
캐나다,공용,2026,10,4,가을,0,262,41.0,38.949999999999996,36.9,29.666666666666668,30.77777777777777,27.38888888888889,0.1,202610,3,-0.8660254037844386,0.5000000000000001,-2.4492935982947064e-16,1.0,,262,68644,27.5,,0.051314142678348044,0.108179419525066,0.36956521739130427,48,3.8918202981106265,180,3146.125,273.81898148148144,48,0,0,캐나다_공용,12,가을_공용,480,97248,3146.125,5707.001325929473,13.5,17405.333333333332,33.16666666666667,273.81898148148144,671.2705769271112,1.25,3532.0,12899.6,36031.19634332136,103,40,32,33,7367,3467
캐나다,관광,2026,10,4,가을,0,262,17405.333333333332,16535.066666666666,15664.8,9526.333333333334,14276.888888888889,10852.194444444443,0.1,202610,3,-0.8660254037844386,0.5000000000000001,-2.4492935982947064e-16,1.0,,262,68644,16985.5,,0.052628396111933096,0.11110401852017343,0.8269890140647957,48,3.8918202981106265,180,3146.125,44945.81712962963,48,1,0,캐나다_관광,12,가을_관광,480,97248,3146.125,5707.001325929473,13.5,17405.333333333332,33.16666666666667,44945.81712962963,54906.56830808382,3273.0,224785.0,12899.6,36031.19634332136,15354,15473,14508,14814,23353,17072
캐나다,상용,2026,10,4,가을,0,262,33.0,31.349999999999998,29.7,36.0,30.888888888888886,28.88888888888889,0.1,202610,3,-0.8660254037844386,0.5000000000000001,-2.4492935982947064e-16,1.0,,262,68644,31.0,,0.051004636785162365,0.10749185667752445,-0.08108108108108109,48,3.8918202981106265,180,3146.125,373.4101851851852,48,2,0,캐나다_상용,12,가을_상용,480,97248,3146.125,5707.001325929473,13.5,17405.333333333332,33.16666666666667,373.4101851851852,624.3789467077137,24.75,2828.6666666666665,12899.6,36031.19634332136,98,33,33,33,7379,3465
캐나다,유학연수,2026,10,4,가을,0,262,15.333333333333334,14.566666666666666,13.8,11.333333333333334,75.44444444444444,48.80555555555555,0.1,202610,3,-0.8660254037844386,0.5000000000000001,-2.4492935982947064e-16,1.0,,262,68644,13.5,,0.049250535331905834,0.10360360360360359,0.3243243243243243,48,3.8918202981106265,180,3146.125,1424.4648148148149,48,3,0,캐나다_유학연수,12,가을_유학연수,480,97248,3146.125,5707.001325929473,13.5,17405.333333333332,33.16666666666667,1424.4648148148149,4236.256416933347,8.75,33336.0,12899.6,36031.19634332136,104,30,73,60,7517,3572
인도네시아,공용,2026,10,4,가을,0,262,408.3333333333333,387.91666666666663,367.5,277.0,302.6666666666667,208.83333333333334,0.1,202610,3,-0.8660254037844386,0.5000000000000001,-2.4492935982947064e-16,1.0,,262,68644,116.5,,0.052496250267838065,0.11080958842152867,0.47242206235011985,48,3.8918202981106265,180,3109.793402777778,273.81898148148144,42,0,0,인도네시아_공용,12,가을_공용,480,97248,3109.793402777778,5382.022766140716,60.0,19254.0,207.33333333333334,273.81898148148144,671.2705769271112,1.25,3532.0,12899.6,36031.19634332136,430,374,317,339,7804,3708
인도네시아,관광,2026,10,4,가을,0,262,16258.666666666666,15445.733333333332,14632.8,9763.0,10774.666666666666,9854.22222222222,0.1,202610,3,-0.8660254037844386,0.5000000000000001,-2.4492935982947064e-16,1.0,,262,68644,15537.25,,0.0526281716522588,0.11110351833882293,0.6652669670899903,48,3.8918202981106265,180,3109.793402777778,44945.81712962963,42,1,0,인도네시아_관광,12,가을_관광,480,97248,3109.793402777778,5382.022766140716,60.0,19254.0,207.33333333333334,44945.81712962963,54906.56830808382,3273.0,224785.0,12899.6,36031.19634332136,12747,12634,13551,12756,18019,11418
인도네시아,상용,2026,10,4,가을,0,262,174.0,165.29999999999998,156.6,93.33333333333333,153.7777777777778,119.80555555555554,0.1,202610,3,-0.8660254037844386,0.5000000000000001,-2.4492935982947064e-16,1.0,,262,68644,162.5,,0.05231509320505122,0.11040609137055842,0.8551236749116609,48,3.8918202981106265,180,3109.793402777778,373.4101851851852,42,2,0,인도네시아_상용,12,가을_상용,480,97248,3109.793402777778,5382.022766140716,60.0,19254.0,207.33333333333334,373.4101851851852,624.3789467077137,24.75,2828.6666666666665,12899.6,36031.19634332136,233,170,144,158,7738,3628
인도네시아,유학연수,2026,10,4,가을,0,262,104.33333333333333,99.11666666666666,93.89999999999999,74.33333333333333,545.2222222222223,303.5,0.1,202610,3,-0.8660254037844386,0.5000000000000001,-2.4492935982947064e-16,1.0,,262,68644,81.0,,0.052105876477443004,0.10994028802247985,0.39823008849557523,48,3.8918202981106265,180,3109.793402777778,1424.4648148148149,42,3,0,인도네시아_유학연수,12,가을_유학연수,480,97248,3109.793402777778,5382.022766140716,60.0,19254.0,207.33333333333334,1424.4648148148149,4236.256416933347,8.75,33336.0,12899.6,36031.19634332136,434,331,468,451,8495,4374
중국,공용,2026,11,4,가을,0,263,243.33333333333334,231.16666666666666,219.0,114.0,267.55555555555554,190.52777777777774,0.1,202611,3,-0.5000000000000004,0.8660254037844384,-2.4492935982947064e-16,1.0,,263,69169,291.25,,0.05240488155061028,0.11060606060606065,1.1246376811594203,48,3.8918202981106265,180,46212.04861111112,273.81898148148144,44,0,0,중국_공용,12,가을_공용,528,97248,46212.04861111112,72909.78306073407,56.25,205420.25,3584.458333333333,273.81898148148144,671.2705769271112,1.25,3532.0,12899.6,36031.19634332136,325,247,258,277,8192,4177
중국,관광,2026,11,4,가을,0,263,139099.33333333334,132144.36666666667,125189.40000000001,61443.333333333336,163166.4444444444,139025.66666666666,0.1,202611,3,-0.5000000000000004,0.8660254037844384,-2.4492935982947064e-16,1.0,,263,69169,205420.25,,0.05263118066190244,0.11111022357411857,1.2638431534234238,48,3.8918202981106265,180,46212.04861111112,44945.81712962963,44,1,0,중국_관광,12,가을_관광,528,97248,46212.04861111112,72909.78306073407,56.25,205420.25,3584.458333333333,44945.81712962963,54906.56830808382,3273.0,224785.0,12899.6,36031.19634332136,167381,168369,145251,170498,201577,197036
중국,상용,2026,11,4,가을,0,263,2732.3333333333335,2595.7166666666667,2459.1000000000004,1586.0,2678.111111111111,2128.3333333333335,0.1,202611,3,-0.5000000000000004,0.8660254037844384,-2.4492935982947064e-16,1.0,,263,69169,2745.75,,0.05261131043689792,0.11106594582876024,0.7223272421760135,48,3.8918202981106265,180,46212.04861111112,373.4101851851852,44,2,0,중국_상용,12,가을_상용,528,97248,46212.04861111112,72909.78306073407,56.25,205420.25,3584.458333333333,373.4101851851852,624.3789467077137,24.75,2828.6666666666665,12899.6,36031.19634332136,2794,2712,2846,2710,10716,6694
중국,유학연수,2026,11,4,가을,0,263,8744.0,8306.8,7869.6,3996.0,12420.666666666666,12026.83333333333,0.1,202611,3,-0.5000000000000004,0.8660254037844384,-2.4492935982947064e-16,1.0,,263,69169,11629.25,,0.05262524374684041,0.11109699387594334,1.1878909181886415,48,3.8918202981106265,180,46212.04861111112,1424.4648148148149,44,3,0,중국_유학연수,12,가을_유학연수,528,97248,46212.04861111112,72909.78306073407,56.25,205420.25,3584.458333333333,1424.4648148148149,4236.256416933347,8.75,33336.0,12899.6,36031.19634332136,11131,11105,9857,11079,23101,19215
일본,공용,2026,11,4,가을,0,263,443.3333333333333,421.16666666666663,399.0,219.66666666666666,250.1111111111111,136.5,0.1,202611,3,-0.5000000000000004,0.8660254037844384,-2.4492935982947064e-16,1.0,,263,69169,135.0,,0.05250690880379002,0.11083333333333328,1.013595166163142,48,3.8918202981106265,180,43674.144097222226,273.81898148148144,43,0,0,일본_공용,12,가을_공용,528,97248,43674.144097222226,77578.9924823001,82.75,224785.0,1031.25,273.81898148148144,671.2705769271112,1.25,3532.0,12899.6,36031.19634332136,362,303,262,263,8068,3880
일본,관광,2026,11,4,가을,0,263,222208.33333333334,211097.91666666666,199987.5,110682.66666666667,208029.4444444444,150802.80555555553,0.1,202611,3,-0.5000000000000004,0.8660254037844384,-2.4492935982947064e-16,1.0,,263,69169,184273.0,,0.05263132962548767,0.11111055552360932,1.0076072651490282,48,3.8918202981106265,180,43674.144097222226,44945.81712962963,43,1,0,일본_관광,12,가을_관광,528,97248,43674.144097222226,77578.9924823001,82.75,224785.0,1031.25,44945.81712962963,54906.56830808382,3273.0,224785.0,12899.6,36031.19634332136,210691,215027,151042,217041,222522,216442
일본,상용,2026,11,4,가을,0,263,1152.6666666666667,1095.0333333333333,1037.4,897.0,1254.777777777778,1168.638888888889,0.1,202611,3,-0.5000000000000004,0.8660254037844384,-2.4492935982947064e-16,1.0,,263,69169,1359.75,,0.05258355889419431,0.11100410888546479,0.28470675575352644,48,3.8918202981106265,180,43674.144097222226,373.4101851851852,43,2,0,일본_상용,12,가을_상용,528,97248,43674.144097222226,77578.9924823001,82.75,224785.0,1031.25,373.4101851851852,624.3789467077137,24.75,2828.6666666666665,12899.6,36031.19634332136,1279,1184,1274,1275,9328,5141
일본,유학연수,2026,11,4,가을,0,263,698.0,663.1,628.2,542.0,748.4444444444445,1038.0833333333333,0.1,202611,3,-0.5000000000000004,0.8660254037844384,-2.4492935982947064e-16,1.0,,263,69169,931.75,,0.052552326456858874,0.11093452002542904,0.287292817679558,48,3.8918202981106265,180,43674.144097222226,1424.4648148148149,43,3,0,일본_유학연수,12,가을_유학연수,528,97248,43674.144097222226,77578.9924823001,82.75,224785.0,1031.25,1424.4648148148149,4236.256416933347,8.75,33336.0,12899.6,36031.19634332136,789,715,765,707,8730,4502
대만,공용,2026,11,4,가을,0,263,10.333333333333334,9.816666666666666,9.3,7.666666666666667,9.555555555555555,8.694444444444445,0.1,202611,3,-0.5000000000000004,0.8660254037844384,-2.4492935982947064e-16,1.0,,263,69169,8.75,,0.04776579352850547,0.10032362459546924,0.3076923076923077,48,3.8918202981106265,180,19442.779513888887,273.81898148148144,5,0,0,대만_공용,12,가을_공용,528,97248,19442.779513888887,33871.209868563164,5.0,85999.0,171.83333333333331,273.81898148148144,671.2705769271112,1.25,3532.0,12899.6,36031.19634332136,79,12,7,10,7532,3656
대만,관광,2026,11,4,가을,0,263,73532.0,69855.4,66178.8,34109.666666666664,75537.55555555556,65413.52777777778,0.1,202611,3,-0.5000000000000004,0.8660254037844384,-2.4492935982947064e-16,1.0,,263,69169,82658.25,,0.05263082552207108,0.11110943218323412,1.1557186412852287,48,3.8918202981106265,180,19442.779513888887,44945.81712962963,5,1,0,대만_관광,12,가을_관광,528,97248,19442.779513888887,33871.209868563164,5.0,85999.0,171.83333333333331,44945.81712962963,54906.56830808382,3273.0,224785.0,12899.6,36031.19634332136,85251,84052,94979,86234,90921,85100
대만,상용,2026,11,4,가을,0,263,136.33333333333334,129.51666666666668,122.70000000000002,136.0,143.88888888888889,146.61111111111111,0.1,202611,3,-0.5000000000000004,0.8660254037844384,-2.4492935982947064e-16,1.0,,263,69169,137.0,,0.05222832333035369,0.11021288062516835,0.0024330900243309693,48,3.8918202981106265,180,19442.779513888887,373.4101851851852,5,2,0,대만_상용,12,가을_상용,528,97248,19442.779513888887,33871.209868563164,5.0,85999.0,171.83333333333331,373.4101851851852,624.3789467077137,24.75,2828.6666666666665,12899.6,36031.19634332136,211,141,145,152,7687,3796
대만,유학연수,2026,11,4,가을,0,263,261.0,247.95,234.9,171.0,229.33333333333334,320.8333333333333,0.1,202611,3,-0.5000000000000004,0.8660254037844384,-2.4492935982947064e-16,1.0,,263,69169,313.0,,0.05242016469170521,0.11064010173802456,0.5232558139534884,48,3.8918202981106265,180,19442.779513888887,1424.4648148148149,5,3,0,대만_유학연수,12,가을_유학연수,528,97248,19442.779513888887,33871.209868563164,5.0,85999.0,171.83333333333331,1424.4648148148149,4236.256416933347,8.75,33336.0,12899.6,36031.19634332136,316,251,246,236,7784,3856
미국,공용,2026,11,4,가을,0,263,2681.3333333333335,2547.266666666667,2413.2000000000003,2127.6666666666665,2484.555555555555,2556.222222222222,0.1,202611,3,-0.5000000000000004,0.8660254037844384,-2.4492935982947064e-16,1.0,,263,69169,2802.25,,0.05261092507325238,0.11106508712340865,0.26010021922956483,48,3.8918202981106265,180,17662.763888888887,273.81898148148144,14,0,0,미국_공용,12,가을_공용,528,97248,17662.763888888887,30507.139956446303,106.33333333333333,91502.0,1885.7083333333335,273.81898148148144,671.2705769271112,1.25,3532.0,12899.6,36031.19634332136,2729,2678,2622,2595,10476,6202
미국,관광,2026,11,4,가을,0,263,69613.33333333333,66132.66666666666,62652.0,43701.0,76351.33333333333,61175.69444444444,0.1,202611,3,-0.5000000000000004,0.8660254037844384,-2.4492935982947064e-16,1.0,,263,69169,79897.5,,0.0526307831109723,0.11110933767470557,0.5929324363492136,48,3.8918202981106265,180,17662.763888888887,44945.81712962963,14,1,0,미국_관광,12,가을_관광,528,97248,17662.763888888887,30507.139956446303,106.33333333333333,91502.0,1885.7083333333335,44945.81712962963,54906.56830808382,3273.0,224785.0,12899.6,36031.19634332136,84662,83731,94074,83998,97209,91261
미국,상용,2026,11,4,가을,0,263,226.0,214.7,203.4,172.66666666666666,243.0,223.22222222222226,0.1,202611,3,-0.5000000000000004,0.8660254037844384,-2.4492935982947064e-16,1.0,,263,69169,246.25,,0.05238757533611503,0.11056751467710368,0.307101727447217,48,3.8918202981106265,180,17662.763888888887,373.4101851851852,14,2,0,미국_상용,12,가을_상용,528,97248,17662.763888888887,30507.139956446303,106.33333333333333,91502.0,1885.7083333333335,373.4101851851852,624.3789467077137,24.75,2828.6666666666665,12899.6,36031.19634332136,307,231,245,251,8318,4030
미국,유학연수,2026,11,4,가을,0,263,452.6666666666667,430.0333333333333,407.40000000000003,220.33333333333334,233.0,462.4444444444445,0.1,202611,3,-0.5000000000000004,0.8660254037844384,-2.4492935982947064e-16,1.0,,263,69169,445.25,,0.052509473358595744,0.11083904668625526,1.0496987951807228,48,3.8918202981106265,180,17662.763888888887,1424.4648148148149,14,3,0,미국_유학연수,12,가을_유학연수,528,97248,17662.763888888887,30507.139956446303,106.33333333333333,91502.0,1885.7083333333335,1424.4648148148149,4236.256416933347,8.75,33336.0,12899.6,36031.19634332136,358,297,292,246,8156,3820
홍콩,공용,2026,11,4,가을,0,263,2.6666666666666665,2.533333333333333,2.4,2.0,2.111111111111111,1.722222222222222,0.1,202611,3,-0.5000000000000004,0.8660254037844384,-2.4492935982947064e-16,1.0,,263,69169,3.0,,0.037735849056603765,0.07843137254901959,0.22222222222222218,48,3.8918202981106265,180,7774.140625,273.81898148148144,60,0,0,홍콩_공용,12,가을_공용,528,97248,7774.140625,13803.683275345851,1.25,42363.0,70.16666666666666,273.81898148148144,671.2705769271112,1.25,3532.0,12899.6,36031.19634332136,71,3,6,6,7493,3624
홍콩,관광,2026,11,4,가을,0,263,32745.666666666668,31108.38333333333,29471.100000000002,17321.0,30480.666666666668,26725.083333333332,0.1,202611,3,-0.5000000000000004,0.8660254037844384,-2.4492935982947064e-16,1.0,,263,69169,31065.5,,0.0526298871240886,0.11110734106720137,0.8904668437054998,48,3.8918202981106265,180,7774.140625,44945.81712962963,60,1,0,홍콩_관광,12,가을_관광,528,97248,7774.140625,13803.683275345851,1.25,42363.0,70.16666666666666,44945.81712962963,54906.56830808382,3273.0,224785.0,12899.6,36031.19634332136,32485,32016,35075,33143,40421,34235
홍콩,상용,2026,11,4,가을,0,263,57.333333333333336,54.46666666666667,51.6,46.333333333333336,51.333333333333336,49.75,0.1,202611,3,-0.5000000000000004,0.8660254037844384,-2.4492935982947064e-16,1.0,,263,69169,56.5,,0.05168269230769231,0.10899873257287708,0.2323943661971831,48,3.8918202981106265,180,7774.140625,373.4101851851852,60,2,0,홍콩_상용,12,가을_상용,528,97248,7774.140625,13803.683275345851,1.25,42363.0,70.16666666666666,373.4101851851852,624.3789467077137,24.75,2828.6666666666665,12899.6,36031.19634332136,124,57,61,53,7558,3673
홍콩,유학연수,2026,11,4,가을,0,263,125.0,118.75,112.5,89.0,129.44444444444446,160.08333333333331,0.1,202611,3,-0.5000000000000004,0.8660254037844384,-2.4492935982947064e-16,1.0,,263,69169,147.25,,0.05219206680584551,0.11013215859030837,0.4,48,3.8918202981106265,180,7774.140625,1424.4648148148149,60,3,0,홍콩_유학연수,12,가을_유학연수,528,97248,7774.140625,13803.683275345851,1.25,42363.0,70.16666666666666,1424.4648148148149,4236.256416933347,8.75,33336.0,12899.6,36031.19634332136,197,129,138,122,7684,3765
태국,공용,2026,11,4,가을,0,263,295.3333333333333,280.56666666666666,265.8,158.66666666666666,340.0,255.97222222222226,0.1,202611,3,-0.5000000000000004,0.8660254037844384,-2.4492935982947064e-16,1.0,,263,69169,429.25,,0.052444654907067546,0.11069465267366305,0.8559498956158664,48,3.8918202981106265,180,5410.644097222222,273.81898148148144,52,0,0,태국_공용,12,가을_공용,528,97248,5410.644097222222,10043.429966232909,50.666666666666664,36286.333333333336,176.875,273.81898148148144,671.2705769271112,1.25,3532.0,12899.6,36031.19634332136,380,299,340,346,8139,4064
태국,관광,2026,11,4,가을,0,263,25264.333333333332,24001.116666666665,22737.899999999998,17505.0,25433.0,20115.083333333332,0.1,202611,3,-0.5000000000000004,0.8660254037844384,-2.4492935982947064e-16,1.0,,263,69169,20551.25,,0.05262938615830412,0.1111062247220989,0.4432385087017784,48,3.8918202981106265,180,5410.644097222222,44945.81712962963,52,1,0,태국_관광,12,가을_관광,528,97248,5410.644097222222,10043.429966232909,50.666666666666664,36286.333333333336,176.875,44945.81712962963,54906.56830808382,3273.0,224785.0,12899.6,36031.19634332136,23498,23047,23055,25027,37374,31077
태국,상용,2026,11,4,가을,0,263,82.0,77.89999999999999,73.8,57.666666666666664,93.55555555555554,72.19444444444444,0.1,202611,3,-0.5000000000000004,0.8660254037844384,-2.4492935982947064e-16,1.0,,263,69169,86.0,,0.051964512040557784,0.1096256684491979,0.41477272727272735,48,3.8918202981106265,180,5410.644097222222,373.4101851851852,52,2,0,태국_상용,12,가을_상용,528,97248,5410.644097222222,10043.429966232909,50.666666666666664,36286.333333333336,176.875,373.4101851851852,624.3789467077137,24.75,2828.6666666666665,12899.6,36031.19634332136,155,83,96,90,7850,3756
태국,유학연수,2026,11,4,가을,0,263,116.0,110.19999999999999,104.4,102.66666666666667,107.66666666666667,154.38888888888889,0.1,202611,3,-0.5000000000000004,0.8660254037844384,-2.4492935982947064e-16,1.0,,263,69169,124.0,,0.05215827338129507,0.11005692599620487,0.12861736334405138,48,3.8918202981106265,180,5410.644097222222,1424.4648148148149,52,3,0,태국_유학연수,12,가을_유학연수,528,97248,5410.644097222222,10043.429966232909,50.666666666666664,36286.333333333336,176.875,1424.4648148148149,4236.256416933347,8.75,33336.0,12899.6,36031.19634332136,184,117,111,110,7872,3744
말레이시아,공용,2026,11,4,가을,0,263,14.666666666666666,13.933333333333332,13.2,7.0,11.888888888888891,8.222222222222221,0.1,202611,3,-0.5000000000000004,0.8660254037844384,-2.4492935982947064e-16,1.0,,263,69169,8.75,,0.049107142857142926,0.10328638497652584,0.9583333333333333,48,3.8918202981106265,180,4232.541666666667,273.81898148148144,11,0,0,말레이시아_공용,12,가을_공용,528,97248,4232.541666666667,7878.866471116315,5.25,26265.333333333332,82.66666666666666,273.81898148148144,671.2705769271112,1.25,3532.0,12899.6,36031.19634332136,82,15,11,12,7543,3652
말레이시아,관광,2026,11,4,가을,0,263,22679.333333333332,21545.366666666665,20411.399999999998,13462.333333333334,21778.666666666668,14828.86111111111,0.1,202611,3,-0.5000000000000004,0.8660254037844384,-2.4492935982947064e-16,1.0,,263,69169,17693.75,,0.05262913623487953,0.1111056677966988,0.6846001485516215,48,3.8918202981106265,180,4232.541666666667,44945.81712962963,11,1,0,말레이시아_관광,12,가을_관광,528,97248,4232.541666666667,7878.866471116315,5.25,26265.333333333332,82.66666666666666,44945.81712962963,54906.56830808382,3273.0,224785.0,12899.6,36031.19634332136,21644,21562,20701,21835,32989,26846
말레이시아,상용,2026,11,4,가을,0,263,94.0,89.3,84.60000000000001,74.0,89.88888888888887,74.75,0.1,202611,3,-0.5000000000000004,0.8660254037844384,-2.4492935982947064e-16,1.0,,263,69169,87.75,,0.05204872646733115,0.10981308411214942,0.26666666666666666,48,3.8918202981106265,180,4232.541666666667,373.4101851851852,11,2,0,말레이시아_상용,12,가을_상용,528,97248,4232.541666666667,7878.866471116315,5.25,26265.333333333332,82.66666666666666,373.4101851851852,624.3789467077137,24.75,2828.6666666666665,12899.6,36031.19634332136,163,96,96,97,7626,3721
말레이시아,유학연수,2026,11,4,가을,0,263,60.333333333333336,57.31666666666666,54.300000000000004,41.333333333333336,82.66666666666667,162.94444444444443,0.1,202611,3,-0.5000000000000004,0.8660254037844384,-2.4492935982947064e-16,1.0,,263,69169,59.0,,0.05172906544727076,0.10910186859553944,0.44881889763779526,48,3.8918202981106265,180,4232.541666666667,1424.4648148148149,11,3,0,말레이시아_유학연수,12,가을_유학연수,528,97248,4232.541666666667,7878.866471116315,5.25,26265.333333333332,82.66666666666666,1424.4648148148149,4236.256416933347,8.75,33336.0,12899.6,36031.19634332136,137,65,97,71,7657,3718
싱가포르,공용,2026,11,4,가을,0,263,17.666666666666668,16.783333333333335,15.900000000000002,11.666666666666666,17.11111111111111,12.055555555555555,0.1,202611,3,-0.5000000000000004,0.8660254037844384,-2.4492935982947064e-16,1.0,,263,69169,21.25,,0.04967197750702902,0.1045364891518737,0.47368421052631593,48,3.8918202981106265,180,6122.14236111111,273.81898148148144,28,0,0,싱가포르_공용,12,가을_공용,528,97248,6122.14236111111,12378.40829217557,6.25,54384.333333333336,146.91666666666669,273.81898148148144,671.2705769271112,1.25,3532.0,12899.6,36031.19634332136,87,20,17,16,7553,3658
싱가포르,관광,2026,11,4,가을,0,263,38632.666666666664,36701.03333333333,34769.4,25322.0,30448.888888888887,21573.333333333332,0.1,202611,3,-0.5000000000000004,0.8660254037844384,-2.4492935982947064e-16,1.0,,263,69169,26520.25,,0.05263014492385067,0.11110791554502285,0.5256354565678104,48,3.8918202981106265,180,6122.14236111111,44945.81712962963,28,1,0,싱가포르_관광,12,가을_관광,528,97248,6122.14236111111,12378.40829217557,6.25,54384.333333333336,146.91666666666669,44945.81712962963,54906.56830808382,3273.0,224785.0,12899.6,36031.19634332136,33726,33396,33876,35184,37394,30987
싱가포르,상용,2026,11,4,가을,0,263,235.33333333333334,223.56666666666666,211.8,256.6666666666667,231.44444444444443,196.05555555555557,0.1,202611,3,-0.5000000000000004,0.8660254037844384,-2.4492935982947064e-16,1.0,,263,69169,183.25,,0.052397209440403804,0.11058897243107768,-0.0827943078913325,48,3.8918202981106265,180,6122.14236111111,373.4101851851852,28,2,0,싱가포르_상용,12,가을_상용,528,97248,6122.14236111111,12378.40829217557,6.25,54384.333333333336,146.91666666666669,373.4101851851852,624.3789467077137,24.75,2828.6666666666665,12899.6,36031.19634332136,305,235,244,243,7783,3874
싱가포르,유학연수,2026,11,4,가을,0,263,38.0,36.1,34.2,29.0,29.33333333333333,63.416666666666664,0.1,202611,3,-0.5000000000000004,0.8660254037844384,-2.4492935982947064e-16,1.0,,263,69169,53.75,,0.0512129380053908,0.10795454545454536,0.3,48,3.8918202981106265,180,6122.14236111111,1424.4648148148149,28,3,0,싱가포르_유학연수,12,가을_유학연수,528,97248,6122.14236111111,12378.40829217557,6.25,54384.333333333336,146.91666666666669,1424.4648148148149,4236.256416933347,8.75,33336.0,12899.6,36031.19634332136,104,36,40,33,7606,3661
베트남,공용,2026,11,4,가을,0,263,391.3333333333333,371.76666666666665,352.2,265.6666666666667,416.1111111111111,210.5,0.1,202611,3,-0.5000000000000004,0.8660254037844384,-2.4492935982947064e-16,1.0,,263,69169,166.0,,0.05249038719484932,0.11079652699131746,0.47124999999999984,48,3.8918202981106265,180,5660.895833333333,273.81898148148144,19,0,0,베트남_공용,12,가을_공용,528,97248,5660.895833333333,7838.108668163646,24.25,29351.0,973.0,273.81898148148144,671.2705769271112,1.25,3532.0,12899.6,36031.19634332136,473,400,424,410,8102,4153
베트남,관광,2026,11,4,가을,0,263,22679.0,21545.05,20411.100000000002,14683.666666666666,23396.88888888889,16494.138888888887,0.1,202611,3,-0.5000000000000004,0.8660254037844384,-2.4492935982947064e-16,1.0,,263,69169,15020.25,,0.0526291361989785,0.11110566771669733,0.5444681527216598,48,3.8918202981106265,180,5660.895833333333,44945.81712962963,19,1,0,베트남_관광,12,가을_관광,528,97248,5660.895833333333,7838.108668163646,24.25,29351.0,973.0,44945.81712962963,54906.56830808382,3273.0,224785.0,12899.6,36031.19634332136,21645,21340,20499,22799,35559,29409
베트남,상용,2026,11,4,가을,0,263,568.3333333333334,539.9166666666666,511.50000000000006,453.3333333333333,557.3333333333334,416.1944444444444,0.1,202611,3,-0.5000000000000004,0.8660254037844384,-2.4492935982947064e-16,1.0,,263,69169,356.75,,0.05253427823139746,0.1108943089430894,0.2531181217901689,48,3.8918202981106265,180,5660.895833333333,373.4101851851852,19,2,0,베트남_상용,12,가을_상용,528,97248,5660.895833333333,7838.108668163646,24.25,29351.0,973.0,373.4101851851852,624.3789467077137,24.75,2828.6666666666665,12899.6,36031.19634332136,633,566,555,555,8227,4261
베트남,유학연수,2026,11,4,가을,0,263,2125.6666666666665,2019.383333333333,1913.1,1187.6666666666667,2933.555555555556,3923.4166666666665,0.1,202611,3,-0.5000000000000004,0.8660254037844384,-2.4492935982947064e-16,1.0,,263,69169,2213.0,,0.05260552865380343,0.11105306236177138,0.7891194615816038,48,3.8918202981106265,180,5660.895833333333,1424.4648148148149,19,3,0,베트남_유학연수,12,가을_유학연수,528,97248,5660.895833333333,7838.108668163646,24.25,29351.0,973.0,1424.4648148148149,4236.256416933347,8.75,33336.0,12899.6,36031.19634332136,2912,2867,2826,2706,10948,6971
필리핀,공용,2026,11,4,가을,0,263,231.66666666666666,220.08333333333331,208.5,159.0,191.1111111111111,144.91666666666666,0.1,202611,3,-0.5000000000000004,0.8660254037844384,-2.4492935982947064e-16,1.0,,263,69169,163.75,,0.05239351677346405,0.11058074781225134,0.4541666666666666,48,3.8918202981106265,180,4438.402777777778,273.81898148148144,59,0,0,필리핀_공용,12,가을_공용,528,97248,4438.402777777778,7934.530390261756,50.5,26180.333333333332,262.5,273.81898148148144,671.2705769271112,1.25,3532.0,12899.6,36031.19634332136,282,220,187,198,7900,3824
필리핀,관광,2026,11,4,가을,0,263,23143.0,21985.85,20828.7,13121.0,20898.0,14566.527777777776,0.1,202611,3,-0.5000000000000004,0.8660254037844384,-2.4492935982947064e-16,1.0,,263,69169,16944.5,,0.05262918517204609,0.11110577684748216,0.7637555250723975,48,3.8918202981106265,180,4438.402777777778,44945.81712962963,59,1,0,필리핀_관광,12,가을_관광,528,97248,4438.402777777778,7934.530390261756,50.5,26180.333333333332,262.5,44945.81712962963,54906.56830808382,3273.0,224785.0,12899.6,36031.19634332136,21456,21358,20395,21911,31186,24791
필리핀,상용,2026,11,4,가을,0,263,499.6666666666667,474.68333333333334,449.70000000000005,305.6666666666667,487.4444444444444,352.5,0.1,202611,3,-0.5000000000000004,0.8660254037844384,-2.4492935982947064e-16,1.0,,263,69169,454.0,,0.0525209347955573,0.11086458102211368,0.6326086956521739,48,3.8918202981106265,180,4438.402777777778,373.4101851851852,59,2,0,필리핀_상용,12,가을_상용,528,97248,4438.402777777778,7934.530390261756,50.5,26180.333333333332,262.5,373.4101851851852,624.3789467077137,24.75,2828.6666666666665,12899.6,36031.19634332136,572,509,481,486,8262,4172
필리핀,유학연수,2026,11,4,가을,0,263,61.0,57.949999999999996,54.9,36.333333333333336,67.8888888888889,101.66666666666667,0.1,202611,3,-0.5000000000000004,0.8660254037844384,-2.4492935982947064e-16,1.0,,263,69169,61.5,,0.05173876166242586,0.10912343470483009,0.6607142857142856,48,3.8918202981106265,180,4438.402777777778,1424.4648148148149,59,3,0,필리핀_유학연수,12,가을_유학연수,528,97248,4438.402777777778,7934.530390261756,50.5,26180.333333333332,262.5,1424.4648148148149,4236.256416933347,8.75,33336.0,12899.6,36031.19634332136,135,63,75,72,7851,3726
대양주,공용,2026,11,4,가을,0,263,62.333333333333336,59.21666666666667,56.1,38.333333333333336,72.55555555555554,54.805555555555564,0.1,202611,3,-0.5000000000000004,0.8660254037844384,-2.4492935982947064e-16,1.0,,263,69169,86.25,,0.051757542208690846,0.10916520723876241,0.6101694915254237,48,3.8918202981106265,180,4086.9861111111113,273.81898148148144,6,0,0,대양주_공용,12,가을_공용,528,97248,4086.9861111111113,7438.677602550389,9.75,24126.0,78.625,273.81898148148144,671.2705769271112,1.25,3532.0,12899.6,36031.19634332136,136,65,76,77,7631,3723
대양주,관광,2026,11,4,가을,0,263,17538.666666666668,16661.733333333334,15784.800000000001,10260.333333333334,18810.11111111111,14208.972222222224,0.1,202611,3,-0.5000000000000004,0.8660254037844384,-2.4492935982947064e-16,1.0,,263,69169,16605.75,,0.05262842030719256,0.11110407243640909,0.7092970374220374,48,3.8918202981106265,180,4086.9861111111113,44945.81712962963,6,1,0,대양주_관광,12,가을_관광,528,97248,4086.9861111111113,7438.677602550389,9.75,24126.0,78.625,44945.81712962963,54906.56830808382,3273.0,224785.0,12899.6,36031.19634332136,17811,17899,15788,17547,31106,25007
대양주,상용,2026,11,4,가을,0,263,82.66666666666667,78.53333333333333,74.4,90.66666666666667,90.22222222222221,82.22222222222223,0.1,202611,3,-0.5000000000000004,0.8660254037844384,-2.4492935982947064e-16,1.0,,263,69169,83.75,,0.05196982397317695,0.10963748894783376,-0.08727272727272727,48,3.8918202981106265,180,4086.9861111111113,373.4101851851852,6,2,0,대양주_상용,12,가을_상용,528,97248,4086.9861111111113,7438.677602550389,9.75,24126.0,78.625,373.4101851851852,624.3789467077137,24.75,2828.6666666666665,12899.6,36031.19634332136,154,83,94,95,7646,3724
대양주,유학연수,2026,11,4,가을,0,263,31.333333333333332,29.766666666666666,28.2,20.666666666666668,20.333333333333332,34.416666666666664,0.1,202611,3,-0.5000000000000004,0.8660254037844384,-2.4492935982947064e-16,1.0,,263,69169,24.25,,0.05092091007583965,0.10730593607305934,0.49230769230769217,48,3.8918202981106265,180,4086.9861111111113,1424.4648148148149,6,3,0,대양주_유학연수,12,가을_유학연수,528,97248,4086.9861111111113,7438.677602550389,9.75,24126.0,78.625,1424.4648148148149,4236.256416933347,8.75,33336.0,12899.6,36031.19634332136,93,26,20,20,7609,3651
오스트레일리아,공용,2026,11,4,가을,0,263,48.666666666666664,46.23333333333333,43.8,30.666666666666668,57.55555555555555,42.19444444444444,0.1,202611,3,-0.5000000000000004,0.8660254037844384,-2.4492935982947064e-16,1.0,,263,69169,56.25,,0.05151729004940023,0.1086309523809524,0.5684210526315788,48,3.8918202981106265,180,3468.059027777778,273.81898148148144,32,0,0,오스트레일리아_공용,12,가을_공용,528,97248,3468.059027777778,6322.503515646785,8.75,20359.666666666668,61.58333333333333,273.81898148148144,671.2705769271112,1.25,3532.0,12899.6,36031.19634332136,122,52,64,59,7603,3699
오스트레일리아,관광,2026,11,4,가을,0,263,14803.333333333334,14063.166666666666,13323.0,8635.666666666666,15847.0,12033.694444444445,0.1,202611,3,-0.5000000000000004,0.8660254037844384,-2.4492935982947064e-16,1.0,,263,69169,14178.75,,0.05262783670083555,0.1111027719403583,0.7141258201466617,48,3.8918202981106265,180,3468.059027777778,44945.81712962963,32,1,0,오스트레일리아_관광,12,가을_관광,528,97248,3468.059027777778,6322.503515646785,8.75,20359.666666666668,61.58333333333333,44945.81712962963,54906.56830808382,3273.0,224785.0,12899.6,36031.19634332136,15559,15347,15308,15986,27783,21665
오스트레일리아,상용,2026,11,4,가을,0,263,66.33333333333333,63.01666666666666,59.699999999999996,75.33333333333333,71.66666666666667,66.16666666666666,0.1,202611,3,-0.5000000000000004,0.8660254037844384,-2.4492935982947064e-16,1.0,,263,69169,70.0,,0.051809424629002926,0.10928061504667765,-0.11790393013100438,48,3.8918202981106265,180,3468.059027777778,373.4101851851852,32,2,0,오스트레일리아_상용,12,가을_상용,528,97248,3468.059027777778,6322.503515646785,8.75,20359.666666666668,61.58333333333333,373.4101851851852,624.3789467077137,24.75,2828.6666666666665,12899.6,36031.19634332136,137,67,76,77,7615,3697
오스트레일리아,유학연수,2026,11,4,가을,0,263,27.666666666666668,26.283333333333335,24.900000000000002,19.0,16.0,28.277777777777782,0.1,202611,3,-0.5000000000000004,0.8660254037844384,-2.4492935982947064e-16,1.0,,263,69169,18.75,,0.0507025045815516,0.10682110682110678,0.4333333333333334,48,3.8918202981106265,180,3468.059027777778,1424.4648148148149,32,3,0,오스트레일리아_유학연수,12,가을_유학연수,528,97248,3468.059027777778,6322.503515646785,8.75,20359.666666666668,61.58333333333333,1424.4648148148149,4236.256416933347,8.75,33336.0,12899.6,36031.19634332136,89,22,15,16,7594,3640
러시아(연방),공용,2026,11,4,가을,0,263,13.333333333333334,12.666666666666666,12.0,16.333333333333332,13.666666666666666,10.694444444444445,0.1,202611,3,-0.5000000000000004,0.8660254037844384,-2.4492935982947064e-16,1.0,,263,69169,7.5,,0.04878048780487814,0.10256410256410262,-0.173076923076923,48,3.8918202981106265,180,1874.1996527777776,273.81898148148144,9,0,0,러시아(연방)_공용,12,가을_공용,528,97248,1874.1996527777776,3250.0297276663496,5.0,10342.25,94.875,273.81898148148144,671.2705769271112,1.25,3532.0,12899.6,36031.19634332136,83,16,14,12,7517,3630
러시아(연방),관광,2026,11,4,가을,0,263,6483.0,6158.849999999999,5834.7,3692.0,7699.444444444445,6340.25,0.1,202611,3,-0.5000000000000004,0.8660254037844384,-2.4492935982947064e-16,1.0,,263,69169,8752.75,,0.05262303465181791,0.11109207121682065,0.7557541294340644,48,3.8918202981106265,180,1874.1996527777776,44945.81712962963,9,1,0,러시아(연방)_관광,12,가을_관광,528,97248,1874.1996527777776,3250.0297276663496,5.0,10342.25,94.875,44945.81712962963,54906.56830808382,3273.0,224785.0,12899.6,36031.19634332136,7247,7076,6652,7654,19256,13124
러시아(연방),상용,2026,11,4,가을,0,263,87.66666666666667,83.28333333333333,78.9,97.66666666666667,88.55555555555556,79.94444444444446,0.1,202611,3,-0.5000000000000004,0.8660254037844384,-2.4492935982947064e-16,1.0,,263,69169,88.75,,0.0520071188451652,0.10972048393825613,-0.10135135135135134,48,3.8918202981106265,180,1874.1996527777776,373.4101851851852,9,2,0,러시아(연방)_상용,12,가을_상용,528,97248,1874.1996527777776,3250.0297276663496,5.0,10342.25,94.875,373.4101851851852,624.3789467077137,24.75,2828.6666666666665,12899.6,36031.19634332136,157,87,94,100,7616,3714
러시아(연방),유학연수,2026,11,4,가을,0,263,166.0,157.7,149.4,134.0,149.2222222222222,220.91666666666666,0.1,202611,3,-0.5000000000000004,0.8660254037844384,-2.4492935982947064e-16,1.0,,263,69169,146.5,,0.052299936988027804,0.11037234042553187,0.23703703703703705,48,3.8918202981106265,180,1874.1996527777776,1424.4648148148149,9,3,0,러시아(연방)_유학연수,12,가을_유학연수,528,97248,1874.1996527777776,3250.0297276663496,5.0,10342.25,94.875,1424.4648148148149,4236.256416933347,8.75,33336.0,12899.6,36031.19634332136,229,163,163,151,7695,3756
캐나다,공용,2026,11,4,가을,0,263,33.333333333333336,31.666666666666668,30.000000000000004,18.666666666666668,33.44444444444445,28.611111111111114,0.1,202611,3,-0.5000000000000004,0.8660254037844384,-2.4492935982947064e-16,1.0,,263,69169,34.25,,0.051020408163265335,0.10752688172043005,0.7457627118644068,48,3.8918202981106265,180,3146.125,273.81898148148144,48,0,0,캐나다_공용,12,가을_공용,528,97248,3146.125,5707.001325929473,13.5,17405.333333333332,33.16666666666667,273.81898148148144,671.2705769271112,1.25,3532.0,12899.6,36031.19634332136,102,34,37,35,7591,3667
캐나다,관광,2026,11,4,가을,0,263,12747.0,12109.65,11472.300000000001,7950.0,14621.888888888889,11251.944444444443,0.1,202611,3,-0.5000000000000004,0.8660254037844384,-2.4492935982947064e-16,1.0,,263,69169,16076.25,,0.05262723305520351,0.11110142679089702,0.6033203370645202,48,3.8918202981106265,180,3146.125,44945.81712962963,48,1,0,캐나다_관광,12,가을_관광,528,97248,3146.125,5707.001325929473,13.5,17405.333333333332,33.16666666666667,44945.81712962963,54906.56830808382,3273.0,224785.0,12899.6,36031.19634332136,13960,13980,12945,13544,27341,21244
캐나다,상용,2026,11,4,가을,0,263,31.666666666666668,30.083333333333332,28.5,38.0,32.0,28.36111111111111,0.1,202611,3,-0.5000000000000004,0.8660254037844384,-2.4492935982947064e-16,1.0,,263,69169,30.0,,0.050938337801608655,0.10734463276836162,-0.16239316239316237,48,3.8918202981106265,180,3146.125,373.4101851851852,48,2,0,캐나다_상용,12,가을_상용,528,97248,3146.125,5707.001325929473,13.5,17405.333333333332,33.16666666666667,373.4101851851852,624.3789467077137,24.75,2828.6666666666665,12899.6,36031.19634332136,100,32,32,33,7586,3648
캐나다,유학연수,2026,11,4,가을,0,263,49.666666666666664,47.18333333333333,44.699999999999996,29.333333333333332,28.88888888888889,50.5,0.1,202611,3,-0.5000000000000004,0.8660254037844384,-2.4492935982947064e-16,1.0,,263,69169,45.5,,0.051539259771705315,0.10867979576951135,0.6703296703296703,48,3.8918202981106265,180,3146.125,1424.4648148148149,48,3,0,캐나다_유학연수,12,가을_유학연수,528,97248,3146.125,5707.001325929473,13.5,17405.333333333332,33.16666666666667,1424.4648148148149,4236.256416933347,8.75,33336.0,12899.6,36031.19634332136,108,42,33,33,7623,3648
인도네시아,공용,2026,11,4,가을,0,263,365.0,346.75,328.5,290.0,352.88888888888886,215.08333333333334,0.1,202611,3,-0.5000000000000004,0.8660254037844384,-2.4492935982947064e-16,1.0,,263,69169,241.25,,0.052480230050323505,0.11077389984825493,0.25773195876288657,48,3.8918202981106265,180,3109.793402777778,273.81898148148144,42,0,0,인도네시아_공용,12,가을_공용,528,97248,3109.793402777778,5382.022766140716,60.0,19254.0,207.33333333333334,273.81898148148144,671.2705769271112,1.25,3532.0,12899.6,36031.19634332136,428,357,358,367,8140,4025
인도네시아,관광,2026,11,4,가을,0,263,14440.333333333334,13718.316666666666,12996.300000000001,9167.0,13299.555555555557,10293.666666666666,0.1,202611,3,-0.5000000000000004,0.8660254037844384,-2.4492935982947064e-16,1.0,,263,69169,12304.75,,0.05262774263538405,0.11110256232704736,0.5751890634089588,48,3.8918202981106265,180,3109.793402777778,44945.81712962963,42,1,0,인도네시아_관광,12,가을_관광,528,97248,3109.793402777778,5382.022766140716,60.0,19254.0,207.33333333333334,44945.81712962963,54906.56830808382,3273.0,224785.0,12899.6,36031.19634332136,13708,13537,13354,14159,23820,17386
인도네시아,상용,2026,11,4,가을,0,263,200.33333333333334,190.31666666666666,180.3,106.0,176.0,127.66666666666667,0.1,202611,3,-0.5000000000000004,0.8660254037844384,-2.4492935982947064e-16,1.0,,263,69169,143.5,,0.05235647704503884,0.11049825335539619,0.8816199376947041,48,3.8918202981106265,180,3109.793402777778,373.4101851851852,42,2,0,인도네시아_상용,12,가을_상용,528,97248,3109.793402777778,5382.022766140716,60.0,19254.0,207.33333333333334,373.4101851851852,624.3789467077137,24.75,2828.6666666666665,12899.6,36031.19634332136,261,195,180,184,7963,3828
인도네시아,유학연수,2026,11,4,가을,0,263,133.0,126.35,119.7,85.66666666666667,171.2222222222222,307.4444444444445,0.1,202611,3,-0.5000000000000004,0.8660254037844384,-2.4492935982947064e-16,1.0,,263,69169,122.25,,0.0522182960345505,0.11019055509527752,0.5461538461538461,48,3.8918202981106265,180,3109.793402777778,1424.4648148148149,42,3,0,인도네시아_유학연수,12,가을_유학연수,528,97248,3109.793402777778,5382.022766140716,60.0,19254.0,207.33333333333334,1424.4648148148149,4236.256416933347,8.75,33336.0,12899.6,36031.19634332136,217,143,180,151,7991,3824
중국,공용,2026,12,4,겨울,0,264,176.0,167.2,158.4,103.0,249.1111111111111,196.6111111111111,0.1,202612,4,-2.4492935982947064e-16,1.0,-2.4492935982947064e-16,1.0,,264,69696,257.6666666666667,,0.052318668252080924,0.11041405269761602,0.7019230769230769,48,3.8918202981106265,180,46212.04861111112,273.81898148148144,44,0,1,중국_공용,12,겨울_공용,576,97248,46212.04861111112,72909.78306073407,56.25,205420.25,3584.458333333333,273.81898148148144,671.2705769271112,1.25,3532.0,9669.583333333334,26784.037687371412,271,209,249,238,6220,3070
중국,관광,2026,12,4,겨울,0,264,158199.66666666666,150289.68333333332,142379.69999999998,75743.66666666667,156193.77777777778,145897.0,0.1,202612,4,-2.4492935982947064e-16,1.0,-2.4492935982947064e-16,1.0,,264,69696,155141.0,,0.05263122874882134,0.11111033073068664,1.08860469824058,48,3.8918202981106265,180,46212.04861111112,44945.81712962963,44,1,1,중국_관광,12,겨울_관광,576,97248,46212.04861111112,72909.78306073407,56.25,205420.25,3584.458333333333,44945.81712962963,54906.56830808382,3273.0,224785.0,9669.583333333334,26784.037687371412,162667,163963,144382,164810,167423,162291
중국,상용,2026,12,4,겨울,0,264,2296.6666666666665,2181.833333333333,2067.0,1298.0,2619.222222222222,2211.555555555555,0.1,202612,4,-2.4492935982947064e-16,1.0,-2.4492935982947064e-16,1.0,,264,69696,2259.3333333333335,,0.05260746735893724,0.11105738233397801,0.7687965101360019,48,3.8918202981106265,180,46212.04861111112,373.4101851851852,44,2,1,중국_상용,12,겨울_상용,576,97248,46212.04861111112,72909.78306073407,56.25,205420.25,3584.458333333333,373.4101851851852,624.3789467077137,24.75,2828.6666666666665,9669.583333333334,26784.037687371412,2423,2326,2450,2499,8873,5726
중국,유학연수,2026,12,4,겨울,0,264,8167.333333333333,7758.966666666666,7350.599999999999,4186.666666666667,8698.111111111111,12358.555555555553,0.1,202612,4,-2.4492935982947064e-16,1.0,-2.4492935982947064e-16,1.0,,264,69696,6590.0,,0.05262479649826676,0.11109599724323053,0.9505691315768524,48,3.8918202981106265,180,46212.04861111112,1424.4648148148149,44,3,1,중국_유학연수,12,겨울_유학연수,576,97248,46212.04861111112,72909.78306073407,56.25,205420.25,3584.458333333333,1424.4648148148149,4236.256416933347,8.75,33336.0,9669.583333333334,26784.037687371412,8606,8549,8388,8681,14110,10893
일본,공용,2026,12,4,겨울,0,264,112.0,106.39999999999999,100.8,62.333333333333336,228.77777777777774,140.63888888888889,0.1,202612,4,-2.4492935982947064e-16,1.0,-2.4492935982947064e-16,1.0,,264,69696,130.66666666666666,,0.05214152700186228,0.11001964636542243,0.7842105263157894,48,3.8918202981106265,180,43674.144097222226,273.81898148148144,43,0,1,일본_공용,12,겨울_공용,576,97248,43674.144097222226,77578.9924823001,82.75,224785.0,1031.25,273.81898148148144,671.2705769271112,1.25,3532.0,9669.583333333334,26784.037687371412,241,183,213,199,6283,2971
일본,관광,2026,12,4,겨울,0,264,172658.66666666666,164025.7333333333,155392.8,91027.0,201842.8888888889,157605.4444444444,0.1,202612,4,-2.4492935982947064e-16,1.0,-2.4492935982947064e-16,1.0,,264,69696,149285.0,,0.052631258075411386,0.11111039608186858,0.8967753511739976,48,3.8918202981106265,180,43674.144097222226,44945.81712962963,43,1,1,일본_관광,12,겨울_관광,576,97248,43674.144097222226,77578.9924823001,82.75,224785.0,1031.25,44945.81712962963,54906.56830808382,3273.0,224785.0,9669.583333333334,26784.037687371412,199849,205579,144145,195543,239452,235785
일본,상용,2026,12,4,겨울,0,264,1025.0,973.75,922.5,734.0,1185.6666666666667,1192.888888888889,0.1,202612,4,-2.4492935982947064e-16,1.0,-2.4492935982947064e-16,1.0,,264,69696,1431.0,,0.05257758399589638,0.11099079588521928,0.39591836734693875,48,3.8918202981106265,180,43674.144097222226,373.4101851851852,43,2,1,일본_상용,12,겨울_상용,576,97248,43674.144097222226,77578.9924823001,82.75,224785.0,1031.25,373.4101851851852,624.3789467077137,24.75,2828.6666666666665,9669.583333333334,26784.037687371412,1158,1089,1186,1128,7313,3991
일본,유학연수,2026,12,4,겨울,0,264,754.0,716.3,678.6,565.0,612.7777777777778,1053.8333333333333,0.1,202612,4,-2.4492935982947064e-16,1.0,-2.4492935982947064e-16,1.0,,264,69696,730.6666666666666,,0.0525582043775269,0.11094761624484988,0.3339222614840989,48,3.8918202981106265,180,43674.144097222226,1424.4648148148149,43,3,1,일본_유학연수,12,겨울_유학연수,576,97248,43674.144097222226,77578.9924823001,82.75,224785.0,1031.25,1424.4648148148149,4236.256416933347,8.75,33336.0,9669.583333333334,26784.037687371412,749,706,665,686,6445,3070
대만,공용,2026,12,4,겨울,0,264,8.0,7.6,7.2,6.0,9.555555555555555,8.861111111111112,0.1,202612,4,-2.4492935982947064e-16,1.0,-2.4492935982947064e-16,1.0,,264,69696,5.0,,0.046511627906976785,0.09756097560975609,0.2857142857142857,48,3.8918202981106265,180,19442.779513888887,273.81898148148144,5,0,1,대만_공용,12,겨울_공용,576,97248,19442.779513888887,33871.209868563164,5.0,85999.0,171.83333333333331,273.81898148148144,671.2705769271112,1.25,3532.0,9669.583333333334,26784.037687371412,59,10,8,10,5560,2547
대만,관광,2026,12,4,겨울,0,264,75216.66666666667,71455.83333333333,67695.0,36053.0,76147.66666666667,68677.16666666667,0.1,202612,4,-2.4492935982947064e-16,1.0,-2.4492935982947064e-16,1.0,,264,69696,80025.0,,0.05263084239669185,0.11110946978649656,1.0862502542482573,48,3.8918202981106265,180,19442.779513888887,44945.81712962963,5,1,1,대만_관광,12,겨울_관광,576,97248,19442.779513888887,33871.209868563164,5.0,85999.0,171.83333333333331,44945.81712962963,54906.56830808382,3273.0,224785.0,9669.583333333334,26784.037687371412,85397,84476,92625,86421,87974,82928
대만,상용,2026,12,4,겨울,0,264,125.0,118.75,112.5,109.33333333333333,130.11111111111111,147.91666666666666,0.1,202612,4,-2.4492935982947064e-16,1.0,-2.4492935982947064e-16,1.0,,264,69696,174.0,,0.05219206680584551,0.11013215859030837,0.14199395770392753,48,3.8918202981106265,180,19442.779513888887,373.4101851851852,5,2,1,대만_상용,12,겨울_상용,576,97248,19442.779513888887,33871.209868563164,5.0,85999.0,171.83333333333331,373.4101851851852,624.3789467077137,24.75,2828.6666666666665,9669.583333333334,26784.037687371412,181,130,139,137,5701,2673
대만,유학연수,2026,12,4,겨울,0,264,280.3333333333333,266.31666666666666,252.29999999999998,159.0,229.33333333333334,330.9444444444444,0.1,202612,4,-2.4492935982947064e-16,1.0,-2.4492935982947064e-16,1.0,,264,69696,215.66666666666666,,0.05243469044204745,0.11067245690222398,0.7583333333333332,48,3.8918202981106265,180,19442.779513888887,1424.4648148148149,5,3,1,대만_유학연수,12,겨울_유학연수,576,97248,19442.779513888887,33871.209868563164,5.0,85999.0,171.83333333333331,1424.4648148148149,4236.256416933347,8.75,33336.0,9669.583333333334,26784.037687371412,307,263,244,245,5791,2724
미국,공용,2026,12,4,겨울,0,264,3164.3333333333335,3006.116666666667,2847.9,2359.3333333333335,2702.555555555555,2623.305555555555,0.1,202612,4,-2.4492935982947064e-16,1.0,-2.4492935982947064e-16,1.0,,264,69696,2749.3333333333335,,0.05261407660715969,0.1110721097031603,0.341053523513628,48,3.8918202981106265,180,17662.763888888887,273.81898148148144,14,0,1,미국_공용,12,겨울_공용,576,97248,17662.763888888887,30507.139956446303,106.33333333333333,91502.0,1885.7083333333335,273.81898148148144,671.2705769271112,1.25,3532.0,9669.583333333334,26784.037687371412,3102,3066,2921,3070,8550,5129
미국,관광,2026,12,4,겨울,0,264,59015.0,56064.25,53113.5,36808.333333333336,72829.88888888889,63026.25,0.1,202612,4,-2.4492935982947064e-16,1.0,-2.4492935982947064e-16,1.0,,264,69696,91502.0,,0.05263064019156251,0.11110901919438194,0.6032890209004962,48,3.8918202981106265,180,17662.763888888887,44945.81712962963,14,1,1,미국_관광,12,겨울_관광,576,97248,17662.763888888887,30507.139956446303,106.33333333333333,91502.0,1885.7083333333335,44945.81712962963,54906.56830808382,3273.0,224785.0,9669.583333333334,26784.037687371412,79425,78412,88891,78721,96636,91836
미국,상용,2026,12,4,겨울,0,264,220.33333333333334,209.31666666666666,198.3,170.33333333333334,237.0,227.3888888888889,0.1,202612,4,-2.4492935982947064e-16,1.0,-2.4492935982947064e-16,1.0,,264,69696,214.66666666666666,,0.05238132974086701,0.11055360428165244,0.29182879377431903,48,3.8918202981106265,180,17662.763888888887,373.4101851851852,14,2,1,미국_상용,12,겨울_상용,576,97248,17662.763888888887,30507.139956446303,106.33333333333333,91502.0,1885.7083333333335,373.4101851851852,624.3789467077137,24.75,2828.6666666666665,9669.583333333334,26784.037687371412,286,229,240,252,6334,2909
미국,유학연수,2026,12,4,겨울,0,264,471.6666666666667,448.0833333333333,424.5,257.6666666666667,343.5555555555555,480.27777777777777,0.1,202612,4,-2.4492935982947064e-16,1.0,-2.4492935982947064e-16,1.0,,264,69696,281.3333333333333,,0.052514381146780566,0.11084998041519785,0.8273195876288659,48,3.8918202981106265,180,17662.763888888887,1424.4648148148149,14,3,1,미국_유학연수,12,겨울_유학연수,576,97248,17662.763888888887,30507.139956446303,106.33333333333333,91502.0,1885.7083333333335,1424.4648148148149,4236.256416933347,8.75,33336.0,9669.583333333334,26784.037687371412,450,409,364,368,6353,2885
홍콩,공용,2026,12,4,겨울,0,264,3.3333333333333335,3.1666666666666665,3.0,2.6666666666666665,2.7777777777777772,1.7777777777777777,0.1,202612,4,-2.4492935982947064e-16,1.0,-2.4492935982947064e-16,1.0,,264,69696,1.6666666666666667,,0.04000000000000008,0.08333333333333337,0.1818181818181819,48,3.8918202981106265,180,7774.140625,273.81898148148144,60,0,1,홍콩_공용,12,겨울_공용,576,97248,7774.140625,13803.683275345851,1.25,42363.0,70.16666666666666,273.81898148148144,671.2705769271112,1.25,3532.0,9669.583333333334,26784.037687371412,52,3,6,6,5520,2514
홍콩,관광,2026,12,4,겨울,0,264,42363.0,40244.85,38126.700000000004,22980.0,36573.33333333333,28340.333333333332,0.1,202612,4,-2.4492935982947064e-16,1.0,-2.4492935982947064e-16,1.0,,264,69696,28537.666666666668,,0.05263027119566369,0.11110819692769286,0.8434358818154127,48,3.8918202981106265,180,7774.140625,44945.81712962963,60,1,1,홍콩_관광,12,겨울_관광,576,97248,7774.140625,13803.683275345851,1.25,42363.0,70.16666666666666,44945.81712962963,54906.56830808382,3273.0,224785.0,9669.583333333334,26784.037687371412,41196,41002,43057,41366,42471,37033
홍콩,상용,2026,12,4,겨울,0,264,49.666666666666664,47.18333333333333,44.699999999999996,45.666666666666664,52.55555555555555,50.083333333333336,0.1,202612,4,-2.4492935982947064e-16,1.0,-2.4492935982947064e-16,1.0,,264,69696,74.33333333333333,,0.051539259771705315,0.10867979576951135,0.08571428571428572,48,3.8918202981106265,180,7774.140625,373.4101851851852,60,2,1,홍콩_상용,12,겨울_상용,576,97248,7774.140625,13803.683275345851,1.25,42363.0,70.16666666666666,373.4101851851852,624.3789467077137,24.75,2828.6666666666665,9669.583333333334,26784.037687371412,103,52,65,62,5592,2570
홍콩,유학연수,2026,12,4,겨울,0,264,149.33333333333334,141.86666666666667,134.4,97.33333333333333,116.8888888888889,164.41666666666666,0.1,202612,4,-2.4492935982947064e-16,1.0,-2.4492935982947064e-16,1.0,,264,69696,160.66666666666666,,0.052263182454503045,0.11029049729197442,0.5288135593220341,48,3.8918202981106265,180,7774.140625,1424.4648148148149,60,3,1,홍콩_유학연수,12,겨울_유학연수,576,97248,7774.140625,13803.683275345851,1.25,42363.0,70.16666666666666,1424.4648148148149,4236.256416933347,8.75,33336.0,9669.583333333334,26784.037687371412,187,142,129,129,5674,2616
태국,공용,2026,12,4,겨울,0,264,95.0,90.25,85.5,61.666666666666664,232.0,258.75,0.1,202612,4,-2.4492935982947064e-16,1.0,-2.4492935982947064e-16,1.0,,264,69696,360.3333333333333,,0.052054794520547946,0.10982658959537572,0.5319148936170214,48,3.8918202981106265,180,5410.644097222222,273.81898148148144,52,0,1,태국_공용,12,겨울_공용,576,97248,5410.644097222222,10043.429966232909,50.666666666666664,36286.333333333336,176.875,273.81898148148144,671.2705769271112,1.25,3532.0,9669.583333333334,26784.037687371412,245,187,238,198,6092,2883
태국,관광,2026,12,4,겨울,0,264,31685.666666666668,30101.38333333333,28517.100000000002,22495.666666666668,31078.777777777777,20880.916666666668,0.1,202612,4,-2.4492935982947064e-16,1.0,-2.4492935982947064e-16,1.0,,264,69696,17358.0,,0.05262983052836912,0.11110721495003753,0.4085049636983257,48,3.8918202981106265,180,5410.644097222222,44945.81712962963,52,1,1,태국_관광,12,겨울_관광,576,97248,5410.644097222222,10043.429966232909,50.666666666666664,36286.333333333336,176.875,44945.81712962963,54906.56830808382,3273.0,224785.0,9669.583333333334,26784.037687371412,32498,32443,31409,32817,41041,35612
태국,상용,2026,12,4,겨울,0,264,77.0,73.14999999999999,69.3,54.333333333333336,92.44444444444446,74.08333333333333,0.1,202612,4,-2.4492935982947064e-16,1.0,-2.4492935982947064e-16,1.0,,264,69696,68.33333333333333,,0.05192178017532042,0.10953058321479378,0.4096385542168674,48,3.8918202981106265,180,5410.644097222222,373.4101851851852,52,2,1,태국_상용,12,겨울_상용,576,97248,5410.644097222222,10043.429966232909,50.666666666666664,36286.333333333336,176.875,373.4101851851852,624.3789467077137,24.75,2828.6666666666665,9669.583333333334,26784.037687371412,134,81,95,90,5876,2646
태국,유학연수,2026,12,4,겨울,0,264,121.33333333333333,115.26666666666665,109.2,91.33333333333333,96.0,156.88888888888889,0.1,202612,4,-2.4492935982947064e-16,1.0,-2.4492935982947064e-16,1.0,,264,69696,128.33333333333334,,0.052178899082568904,0.11010284331518444,0.3249097472924188,48,3.8918202981106265,180,5410.644097222222,1424.4648148148149,52,3,1,태국_유학연수,12,겨울_유학연수,576,97248,5410.644097222222,10043.429966232909,50.666666666666664,36286.333333333336,176.875,1424.4648148148149,4236.256416933347,8.75,33336.0,9669.583333333334,26784.037687371412,164,115,104,110,5877,2611
말레이시아,공용,2026,12,4,겨울,0,264,10.333333333333334,9.816666666666666,9.3,6.333333333333333,11.555555555555555,8.555555555555555,0.1,202612,4,-2.4492935982947064e-16,1.0,-2.4492935982947064e-16,1.0,,264,69696,6.0,,0.04776579352850547,0.10032362459546924,0.5454545454545456,48,3.8918202981106265,180,4232.541666666667,273.81898148148144,11,0,1,말레이시아_공용,12,겨울_공용,576,97248,4232.541666666667,7878.866471116315,5.25,26265.333333333332,82.66666666666666,273.81898148148144,671.2705769271112,1.25,3532.0,9669.583333333334,26784.037687371412,61,12,11,11,5563,2536
말레이시아,관광,2026,12,4,겨울,0,264,26265.333333333332,24952.066666666666,23638.8,16732.666666666668,24797.44444444444,15623.25,0.1,202612,4,-2.4492935982947064e-16,1.0,-2.4492935982947064e-16,1.0,,264,69696,9996.0,,0.052629469724496114,0.11110641093974284,0.5696699268938864,48,3.8918202981106265,180,4232.541666666667,44945.81712962963,11,1,1,말레이시아_관광,12,겨울_관광,576,97248,4232.541666666667,7878.866471116315,5.25,26265.333333333332,82.66666666666666,44945.81712962963,54906.56830808382,3273.0,224785.0,9669.583333333334,26784.037687371412,23679,23211,22782,25779,33329,28018
말레이시아,상용,2026,12,4,겨울,0,264,97.66666666666667,92.78333333333333,87.9,58.0,94.33333333333333,78.05555555555554,0.1,202612,4,-2.4492935982947064e-16,1.0,-2.4492935982947064e-16,1.0,,264,69696,80.66666666666667,,0.05207037497778575,0.10986126734158229,0.6723163841807911,48,3.8918202981106265,180,4232.541666666667,373.4101851851852,11,2,1,말레이시아_상용,12,겨울_상용,576,97248,4232.541666666667,7878.866471116315,5.25,26265.333333333332,82.66666666666666,373.4101851851852,624.3789467077137,24.75,2828.6666666666665,9669.583333333334,26784.037687371412,148,100,96,94,5666,2623
말레이시아,유학연수,2026,12,4,겨울,0,264,68.33333333333333,64.91666666666666,61.5,43.333333333333336,55.111111111111114,165.02777777777777,0.1,202612,4,-2.4492935982947064e-16,1.0,-2.4492935982947064e-16,1.0,,264,69696,58.0,,0.05183312262958289,0.10933333333333325,0.56390977443609,48,3.8918202981106265,180,4232.541666666667,1424.4648148148149,11,3,1,말레이시아_유학연수,12,겨울_유학연수,576,97248,4232.541666666667,7878.866471116315,5.25,26265.333333333332,82.66666666666666,1424.4648148148149,4236.256416933347,8.75,33336.0,9669.583333333334,26784.037687371412,115,66,72,62,5629,2552
싱가포르,공용,2026,12,4,겨울,0,264,8.333333333333334,7.916666666666667,7.500000000000001,3.3333333333333335,13.555555555555555,12.472222222222221,0.1,202612,4,-2.4492935982947064e-16,1.0,-2.4492935982947064e-16,1.0,,264,69696,9.666666666666666,,0.04672897196261685,0.09803921568627448,1.1538461538461537,48,3.8918202981106265,180,6122.14236111111,273.81898148148144,28,0,1,싱가포르_공용,12,겨울_공용,576,97248,6122.14236111111,12378.40829217557,6.25,54384.333333333336,146.91666666666669,273.81898148148144,671.2705769271112,1.25,3532.0,9669.583333333334,26784.037687371412,61,11,12,12,5595,2561
싱가포르,관광,2026,12,4,겨울,0,264,54384.333333333336,51665.11666666667,48945.9,35549.666666666664,41574.333333333336,23142.888888888887,0.1,202612,4,-2.4492935982947064e-16,1.0,-2.4492935982947064e-16,1.0,,264,69696,25180.0,,0.05263056026080278,0.11110884107743972,0.5297978472039907,48,3.8918202981106265,180,6122.14236111111,44945.81712962963,28,1,1,싱가포르_관광,12,겨울_관광,576,97248,6122.14236111111,12378.40829217557,6.25,54384.333333333336,146.91666666666669,44945.81712962963,54906.56830808382,3273.0,224785.0,9669.583333333334,26784.037687371412,45444,45492,43886,46208,44712,39066
싱가포르,상용,2026,12,4,겨울,0,264,218.0,207.1,196.20000000000002,211.0,242.1111111111111,196.6388888888889,0.1,202612,4,-2.4492935982947064e-16,1.0,-2.4492935982947064e-16,1.0,,264,69696,185.66666666666666,,0.05237866410379628,0.1105476673427991,0.0330188679245283,48,3.8918202981106265,180,6122.14236111111,373.4101851851852,28,2,1,싱가포르_상용,12,겨울_상용,576,97248,6122.14236111111,12378.40829217557,6.25,54384.333333333336,146.91666666666669,373.4101851851852,624.3789467077137,24.75,2828.6666666666665,9669.583333333334,26784.037687371412,282,228,246,249,5843,2798
싱가포르,유학연수,2026,12,4,겨울,0,264,43.0,40.85,38.7,28.333333333333332,33.666666666666664,64.63888888888889,0.1,202612,4,-2.4492935982947064e-16,1.0,-2.4492935982947064e-16,1.0,,264,69696,38.333333333333336,,0.05137395459976102,0.10831234256926944,0.5000000000000001,48,3.8918202981106265,180,6122.14236111111,1424.4648148148149,28,3,1,싱가포르_유학연수,12,겨울_유학연수,576,97248,6122.14236111111,12378.40829217557,6.25,54384.333333333336,146.91666666666669,1424.4648148148149,4236.256416933347,8.75,33336.0,9669.583333333334,26784.037687371412,91,43,45,37,5641,2559
베트남,공용,2026,12,4,겨울,0,264,214.66666666666666,203.9333333333333,193.2,169.66666666666666,369.0,214.25,0.1,202612,4,-2.4492935982947064e-16,1.0,-2.4492935982947064e-16,1.0,,264,69696,239.66666666666666,,0.05237475601821739,0.1105389632681085,0.263671875,48,3.8918202981106265,180,5660.895833333333,273.81898148148144,19,0,1,베트남_공용,12,겨울_공용,576,97248,5660.895833333333,7838.108668163646,24.25,29351.0,973.0,273.81898148148144,671.2705769271112,1.25,3532.0,9669.583333333334,26784.037687371412,337,261,344,366,6166,3086
베트남,관광,2026,12,4,겨울,0,264,15381.333333333334,14612.266666666666,13843.2,10188.333333333334,22470.44444444444,16926.888888888887,0.1,202612,4,-2.4492935982947064e-16,1.0,-2.4492935982947064e-16,1.0,,264,69696,18287.666666666668,,0.05262797731741483,0.11110308528722014,0.5096506150222454,48,3.8918202981106265,180,5660.895833333333,44945.81712962963,19,1,1,베트남_관광,12,겨울_관광,576,97248,5660.895833333333,7838.108668163646,24.25,29351.0,973.0,44945.81712962963,54906.56830808382,3273.0,224785.0,9669.583333333334,26784.037687371412,19059,18828,19559,18741,37123,32102
베트남,상용,2026,12,4,겨울,0,264,371.0,352.45,333.90000000000003,298.3333333333333,533.4444444444445,422.25,0.1,202612,4,-2.4492935982947064e-16,1.0,-2.4492935982947064e-16,1.0,,264,69696,523.6666666666666,,0.05248267081623995,0.11077933711555676,0.24276169265033415,48,3.8918202981106265,180,5660.895833333333,373.4101851851852,19,2,1,베트남_상용,12,겨울_상용,576,97248,5660.895833333333,7838.108668163646,24.25,29351.0,973.0,373.4101851851852,624.3789467077137,24.75,2828.6666666666665,9669.583333333334,26784.037687371412,519,453,529,499,6358,3263
베트남,유학연수,2026,12,4,겨울,0,264,5409.0,5138.55,4868.1,3229.3333333333335,2973.555555555556,4105.055555555556,0.1,202612,4,-2.4492935982947064e-16,1.0,-2.4492935982947064e-16,1.0,,264,69696,4220.0,,0.052621338444027166,0.11108829147070293,0.6747497678258176,48,3.8918202981106265,180,5660.895833333333,1424.4648148148149,19,3,1,베트남_유학연수,12,겨울_유학연수,576,97248,5660.895833333333,7838.108668163646,24.25,29351.0,973.0,1424.4648148148149,4236.256416933347,8.75,33336.0,9669.583333333334,26784.037687371412,3739,3595,4031,4171,6907,3663
필리핀,공용,2026,12,4,겨울,0,264,132.33333333333334,125.71666666666667,119.10000000000001,90.66666666666667,183.33333333333334,148.3888888888889,0.1,202612,4,-2.4492935982947064e-16,1.0,-2.4492935982947064e-16,1.0,,264,69696,203.66666666666666,,0.052216230435354526,0.11018595614765474,0.4545454545454546,48,3.8918202981106265,180,4438.402777777778,273.81898148148144,59,0,1,필리핀_공용,12,겨울_공용,576,97248,4438.402777777778,7934.530390261756,50.5,26180.333333333332,262.5,273.81898148148144,671.2705769271112,1.25,3532.0,9669.583333333334,26784.037687371412,212,154,186,185,5984,2775
필리핀,관광,2026,12,4,겨울,0,264,26180.333333333332,24871.316666666666,23562.3,15422.666666666666,24965.666666666668,15463.0,0.1,202612,4,-2.4492935982947064e-16,1.0,-2.4492935982947064e-16,1.0,,264,69696,15106.666666666666,,0.052629462876732425,0.11110639568028811,0.6974779019256121,48,3.8918202981106265,180,4438.402777777778,44945.81712962963,59,1,1,필리핀_관광,12,겨울_관광,576,97248,4438.402777777778,7934.530390261756,50.5,26180.333333333332,262.5,44945.81712962963,54906.56830808382,3273.0,224785.0,9669.583333333334,26784.037687371412,23426,23227,21661,24562,34319,28854
필리핀,상용,2026,12,4,겨울,0,264,280.6666666666667,266.6333333333333,252.60000000000002,157.33333333333334,455.88888888888886,362.7777777777778,0.1,202612,4,-2.4492935982947064e-16,1.0,-2.4492935982947064e-16,1.0,,264,69696,359.0,,0.05243492340266544,0.11067297581493163,0.7789473684210526,48,3.8918202981106265,180,4438.402777777778,373.4101851851852,59,2,1,필리핀_상용,12,겨울_상용,576,97248,4438.402777777778,7934.530390261756,50.5,26180.333333333332,262.5,373.4101851851852,624.3789467077137,24.75,2828.6666666666665,9669.583333333334,26784.037687371412,455,387,449,450,6374,3154
필리핀,유학연수,2026,12,4,겨울,0,264,61.666666666666664,58.58333333333333,55.5,38.0,58.0,103.6388888888889,0.1,202612,4,-2.4492935982947064e-16,1.0,-2.4492935982947064e-16,1.0,,264,69696,65.0,,0.05174825174825179,0.10914454277286131,0.6068376068376068,48,3.8918202981106265,180,4438.402777777778,1424.4648148148149,59,3,1,필리핀_유학연수,12,겨울_유학연수,576,97248,4438.402777777778,7934.530390261756,50.5,26180.333333333332,262.5,1424.4648148148149,4236.256416933347,8.75,33336.0,9669.583333333334,26784.037687371412,114,63,71,64,5858,2596
대양주,공용,2026,12,4,겨울,0,264,23.666666666666668,22.483333333333334,21.3,14.0,53.111111111111114,55.61111111111111,0.1,202612,4,-2.4492935982947064e-16,1.0,-2.4492935982947064e-16,1.0,,264,69696,45.0,,0.0503903477643719,0.10612855007473844,0.6444444444444445,48,3.8918202981106265,180,4086.9861111111113,273.81898148148144,6,0,1,대양주_공용,12,겨울_공용,576,97248,4086.9861111111113,7438.677602550389,9.75,24126.0,78.625,273.81898148148144,671.2705769271112,1.25,3532.0,9669.583333333334,26784.037687371412,84,27,60,57,5646,2601
대양주,관광,2026,12,4,겨울,0,264,24126.0,22919.7,21713.4,14756.333333333334,20611.333333333332,14989.777777777776,0.1,202612,4,-2.4492935982947064e-16,1.0,-2.4492935982947064e-16,1.0,,264,69696,14411.333333333334,,0.052629282700790085,0.11110599417897793,0.6349159739790387,48,3.8918202981106265,180,4086.9861111111113,44945.81712962963,6,1,1,대양주_관광,12,겨울_관광,576,97248,4086.9861111111113,7438.677602550389,9.75,24126.0,78.625,44945.81712962963,54906.56830808382,3273.0,224785.0,9669.583333333334,26784.037687371412,21278,20747,22233,23087,27556,22120
대양주,상용,2026,12,4,겨울,0,264,66.33333333333333,63.01666666666666,59.699999999999996,57.666666666666664,81.66666666666667,82.94444444444444,0.1,202612,4,-2.4492935982947064e-16,1.0,-2.4492935982947064e-16,1.0,,264,69696,79.0,,0.051809424629002926,0.10928061504667765,0.14772727272727268,48,3.8918202981106265,180,4086.9861111111113,373.4101851851852,6,2,1,대양주_상용,12,겨울_상용,576,97248,4086.9861111111113,7438.677602550389,9.75,24126.0,78.625,373.4101851851852,624.3789467077137,24.75,2828.6666666666665,9669.583333333334,26784.037687371412,123,70,90,83,5672,2612
대양주,유학연수,2026,12,4,겨울,0,264,36.333333333333336,34.516666666666666,32.7,21.333333333333332,26.777777777777782,35.666666666666664,0.1,202612,4,-2.4492935982947064e-16,1.0,-2.4492935982947064e-16,1.0,,264,69696,18.666666666666668,,0.05114969497888325,0.10781404549950542,0.6716417910447763,48,3.8918202981106265,180,4086.9861111111113,1424.4648148148149,6,3,1,대양주_유학연수,12,겨울_유학연수,576,97248,4086.9861111111113,7438.677602550389,9.75,24126.0,78.625,1424.4648148148149,4236.256416933347,8.75,33336.0,9669.583333333334,26784.037687371412,82,35,25,23,5648,2553
오스트레일리아,공용,2026,12,4,겨울,0,264,18.0,17.099999999999998,16.2,11.0,40.333333333333336,42.77777777777778,0.1,202612,4,-2.4492935982947064e-16,1.0,-2.4492935982947064e-16,1.0,,264,69696,34.333333333333336,,0.04972375690607747,0.10465116279069772,0.5833333333333334,48,3.8918202981106265,180,3468.059027777778,273.81898148148144,32,0,1,오스트레일리아_공용,12,겨울_공용,576,97248,3468.059027777778,6322.503515646785,8.75,20359.666666666668,61.58333333333333,273.81898148148144,671.2705769271112,1.25,3532.0,9669.583333333334,26784.037687371412,74,21,39,38,5617,2577
오스트레일리아,관광,2026,12,4,겨울,0,264,20359.666666666668,19341.683333333334,18323.7,12366.666666666666,17334.222222222223,12699.777777777776,0.1,202612,4,-2.4492935982947064e-16,1.0,-2.4492935982947064e-16,1.0,,264,69696,12180.0,,0.052628857940254764,0.11110504764971144,0.6462819718082098,48,3.8918202981106265,180,3468.059027777778,44945.81712962963,32,1,1,오스트레일리아_관광,12,겨울_관광,576,97248,3468.059027777778,6322.503515646785,8.75,20359.666666666668,61.58333333333333,44945.81712962963,54906.56830808382,3273.0,224785.0,9669.583333333334,26784.037687371412,18683,18545,17671,19575,24400,18974
오스트레일리아,상용,2026,12,4,겨울,0,264,51.333333333333336,48.766666666666666,46.2,46.333333333333336,64.55555555555556,66.58333333333333,0.1,202612,4,-2.4492935982947064e-16,1.0,-2.4492935982947064e-16,1.0,,264,69696,60.666666666666664,,0.05157401205626263,0.10875706214689264,0.1056338028169014,48,3.8918202981106265,180,3468.059027777778,373.4101851851852,32,2,1,오스트레일리아_상용,12,겨울_상용,576,97248,3468.059027777778,6322.503515646785,8.75,20359.666666666668,61.58333333333333,373.4101851851852,624.3789467077137,24.75,2828.6666666666665,9669.583333333334,26784.037687371412,109,57,76,68,5642,2587
오스트레일리아,유학연수,2026,12,4,겨울,0,264,32.333333333333336,30.71666666666667,29.1,17.333333333333332,23.555555555555557,29.527777777777775,0.1,202612,4,-2.4492935982947064e-16,1.0,-2.4492935982947064e-16,1.0,,264,69696,17.0,,0.0509721492380452,0.10741971207087489,0.8181818181818185,48,3.8918202981106265,180,3468.059027777778,1424.4648148148149,32,3,1,오스트레일리아_유학연수,12,겨울_유학연수,576,97248,3468.059027777778,6322.503515646785,8.75,20359.666666666668,61.58333333333333,1424.4648148148149,4236.256416933347,8.75,33336.0,9669.583333333334,26784.037687371412,79,31,24,23,5640,2549
러시아(연방),공용,2026,12,4,겨울,0,264,12.333333333333334,11.716666666666667,11.100000000000001,9.0,12.333333333333334,10.972222222222223,0.1,202612,4,-2.4492935982947064e-16,1.0,-2.4492935982947064e-16,1.0,,264,69696,6.333333333333333,,0.048492791612057703,0.1019283746556473,0.33333333333333337,48,3.8918202981106265,180,1874.1996527777776,273.81898148148144,9,0,1,러시아(연방)_공용,12,겨울_공용,576,97248,1874.1996527777776,3250.0297276663496,5.0,10342.25,94.875,273.81898148148144,671.2705769271112,1.25,3532.0,9669.583333333334,26784.037687371412,62,14,13,12,5554,2529
러시아(연방),관광,2026,12,4,겨울,0,264,5903.0,5607.849999999999,5312.7,3781.6666666666665,7057.444444444445,6517.027777777777,0.1,202612,4,-2.4492935982947064e-16,1.0,-2.4492935982947064e-16,1.0,,264,69696,6785.0,,0.052622195280672614,0.1110902008017013,0.5608036658442017,48,3.8918202981106265,180,1874.1996527777776,44945.81712962963,9,1,1,러시아(연방)_관광,12,겨울_관광,576,97248,1874.1996527777776,3250.0297276663496,5.0,10342.25,94.875,44945.81712962963,54906.56830808382,3273.0,224785.0,9669.583333333334,26784.037687371412,6630,6485,6496,6844,16301,11013
러시아(연방),상용,2026,12,4,겨울,0,264,67.33333333333333,63.96666666666666,60.599999999999994,66.33333333333333,82.33333333333333,80.02777777777779,0.1,202612,4,-2.4492935982947064e-16,1.0,-2.4492935982947064e-16,1.0,,264,69696,60.666666666666664,,0.05182144689584403,0.10930735930735934,0.014851485148514853,48,3.8918202981106265,180,1874.1996527777776,373.4101851851852,9,2,1,러시아(연방)_상용,12,겨울_상용,576,97248,1874.1996527777776,3250.0297276663496,5.0,10342.25,94.875,373.4101851851852,624.3789467077137,24.75,2828.6666666666665,9669.583333333334,26784.037687371412,124,71,91,81,5645,2606
러시아(연방),유학연수,2026,12,4,겨울,0,264,160.66666666666666,152.63333333333333,144.6,118.0,130.55555555555557,224.47222222222217,0.1,202612,4,-2.4492935982947064e-16,1.0,-2.4492935982947064e-16,1.0,,264,69696,106.66666666666667,,0.05228899978303319,0.11034798534798533,0.3585434173669467,48,3.8918202981106265,180,1874.1996527777776,1424.4648148148149,9,3,1,러시아(연방)_유학연수,12,겨울_유학연수,576,97248,1874.1996527777776,3250.0297276663496,5.0,10342.25,94.875,1424.4648148148149,4236.256416933347,8.75,33336.0,9669.583333333334,26784.037687371412,197,151,148,138,5689,2612
캐나다,공용,2026,12,4,겨울,0,264,24.666666666666668,23.433333333333334,22.200000000000003,14.333333333333334,33.0,29.472222222222218,0.1,202612,4,-2.4492935982947064e-16,1.0,-2.4492935982947064e-16,1.0,,264,69696,29.333333333333332,,0.050477489768076436,0.10632183908045968,0.6739130434782609,48,3.8918202981106265,180,3146.125,273.81898148148144,48,0,1,캐나다_공용,12,겨울_공용,576,97248,3146.125,5707.001325929473,13.5,17405.333333333332,33.16666666666667,273.81898148148144,671.2705769271112,1.25,3532.0,9669.583333333334,26784.037687371412,78,26,37,35,5621,2560
캐나다,관광,2026,12,4,겨울,0,264,10436.666666666666,9914.833333333332,9393.0,6406.0,13529.666666666666,11587.833333333334,0.1,202612,4,-2.4492935982947064e-16,1.0,-2.4492935982947064e-16,1.0,,264,69696,10909.333333333334,,0.052626271115219836,0.11109928323043071,0.6291035846209874,48,3.8918202981106265,180,3146.125,44945.81712962963,48,1,1,캐나다_관광,12,겨울_관광,576,97248,3146.125,5707.001325929473,13.5,17405.333333333332,33.16666666666667,44945.81712962963,54906.56830808382,3273.0,224785.0,9669.583333333334,26784.037687371412,12358,12329,10592,12594,24392,19171
캐나다,상용,2026,12,4,겨울,0,264,27.333333333333332,25.966666666666665,24.599999999999998,21.666666666666668,30.666666666666668,28.833333333333332,0.1,202612,4,-2.4492935982947064e-16,1.0,-2.4492935982947064e-16,1.0,,264,69696,27.0,,0.05067985166872684,0.10677083333333338,0.2499999999999999,48,3.8918202981106265,180,3146.125,373.4101851851852,48,2,1,캐나다_상용,12,겨울_상용,576,97248,3146.125,5707.001325929473,13.5,17405.333333333332,33.16666666666667,373.4101851851852,624.3789467077137,24.75,2828.6666666666665,9669.583333333334,26784.037687371412,78,27,32,32,5622,2546
캐나다,유학연수,2026,12,4,겨울,0,264,53.0,50.349999999999994,47.7,31.0,39.333333333333336,52.333333333333336,0.1,202612,4,-2.4492935982947064e-16,1.0,-2.4492935982947064e-16,1.0,,264,69696,28.333333333333332,,0.05160662122687451,0.10882956878850096,0.6875,48,3.8918202981106265,180,3146.125,1424.4648148148149,48,3,1,캐나다_유학연수,12,겨울_유학연수,576,97248,3146.125,5707.001325929473,13.5,17405.333333333332,33.16666666666667,1424.4648148148149,4236.256416933347,8.75,33336.0,9669.583333333334,26784.037687371412,98,51,46,39,5666,2554
인도네시아,공용,2026,12,4,겨울,0,264,195.33333333333334,185.56666666666666,175.8,147.66666666666666,322.88888888888886,219.05555555555557,0.1,202612,4,-2.4492935982947064e-16,1.0,-2.4492935982947064e-16,1.0,,264,69696,264.0,,0.05234947293192789,0.11048265460030164,0.3206278026905831,48,3.8918202981106265,180,3109.793402777778,273.81898148148144,42,0,1,인도네시아_공용,12,겨울_공용,576,97248,3109.793402777778,5382.022766140716,60.0,19254.0,207.33333333333334,273.81898148148144,671.2705769271112,1.25,3532.0,9669.583333333334,26784.037687371412,321,253,310,324,6229,2983
인도네시아,관광,2026,12,4,겨울,0,264,19254.0,18291.3,17328.600000000002,11774.666666666666,16651.0,10916.944444444443,0.1,202612,4,-2.4492935982947064e-16,1.0,-2.4492935982947064e-16,1.0,,264,69696,9708.333333333334,,0.052628701694155504,0.11110469947373267,0.6351515837744502,48,3.8918202981106265,180,3109.793402777778,44945.81712962963,42,1,1,인도네시아_관광,12,겨울_관광,576,97248,3109.793402777778,5382.022766140716,60.0,19254.0,207.33333333333334,44945.81712962963,54906.56830808382,3273.0,224785.0,9669.583333333334,26784.037687371412,17923,17661,17178,19238,24333,18716
인도네시아,상용,2026,12,4,겨울,0,264,153.33333333333334,145.66666666666666,138.0,82.66666666666667,175.8888888888889,133.55555555555557,0.1,202612,4,-2.4492935982947064e-16,1.0,-2.4492935982947064e-16,1.0,,264,69696,135.0,,0.05227272727272741,0.11031175059952045,0.8446215139442231,48,3.8918202981106265,180,3109.793402777778,373.4101851851852,42,2,1,인도네시아_상용,12,겨울_상용,576,97248,3109.793402777778,5382.022766140716,60.0,19254.0,207.33333333333334,373.4101851851852,624.3789467077137,24.75,2828.6666666666665,9669.583333333334,26784.037687371412,216,161,182,172,6020,2750
인도네시아,유학연수,2026,12,4,겨울,0,264,138.33333333333334,131.41666666666666,124.50000000000001,116.0,125.22222222222223,309.3055555555556,0.1,202612,4,-2.4492935982947064e-16,1.0,-2.4492935982947064e-16,1.0,,264,69696,141.66666666666666,,0.05223410950283212,0.11022576361221774,0.19088319088319097,48,3.8918202981106265,180,3109.793402777778,1424.4648148148149,42,3,1,인도네시아_유학연수,12,겨울_유학연수,576,97248,3109.793402777778,5382.022766140716,60.0,19254.0,207.33333333333334,1424.4648148148149,4236.256416933347,8.75,33336.0,9669.583333333334,26784.037687371412,187,136,149,136,5924,2618
