국적,목적,날짜,입국자수
루마니아,공용,2021-09-01,2.0
루마니아,공용,2021-10-01,2.0
루마니아,공용,2021-11-01,0.0
루마니아,공용,2021-12-01,3.0
루마니아,공용,2022-01-01,3.0
루마니아,공용,2022-02-01,1.0
루마니아,공용,2022-03-01,3.0
루마니아,공용,2022-04-01,3.0
루마니아,공용,2022-05-01,5.0
루마니아,공용,2022-06-01,1.0
루마니아,공용,2022-07-01,4.0
루마니아,공용,2022-08-01,2.0
루마니아,공용,2022-09-01,7.0
루마니아,공용,2022-10-01,2.0
루마니아,공용,2022-11-01,3.0
루마니아,공용,2022-12-01,7.0
루마니아,공용,2023-01-01,14.0
루마니아,공용,2023-02-01,3.0
루마니아,공용,2023-03-01,5.0
루마니아,공용,2023-04-01,7.0
루마니아,공용,2023-05-01,7.0
루마니아,공용,2023-06-01,0.0
루마니아,공용,2023-07-01,3.0
루마니아,공용,2023-08-01,3.0
루마니아,공용,2023-09-01,6.0
루마니아,공용,2023-10-01,10.0
루마니아,공용,2023-11-01,6.0
루마니아,공용,2023-12-01,2.0
루마니아,공용,2024-01-01,3.0
루마니아,공용,2024-02-01,1.0
루마니아,공용,2024-03-01,10.0
루마니아,공용,2024-04-01,47.0
루마니아,공용,2024-05-01,8.0
루마니아,공용,2024-06-01,6.0
루마니아,공용,2024-07-01,2.0
루마니아,공용,2024-08-01,2.0
루마니아,공용,2024-09-01,51.0
루마니아,공용,2024-10-01,2.0
루마니아,공용,2024-11-01,19.0
루마니아,공용,2024-12-01,9.0
루마니아,공용,2025-01-01,5.0
루마니아,공용,2025-02-01,11.0
루마니아,공용,2025-03-01,9.0
루마니아,공용,2025-04-01,13.0
루마니아,공용,2025-05-01,9.0
루마니아,관광,2005-01-01,117.0
루마니아,관광,2005-02-01,70.0
루마니아,관광,2005-03-01,141.0
루마니아,관광,2005-04-01,117.0
루마니아,관광,2005-05-01,127.0
루마니아,관광,2005-06-01,114.0
루마니아,관광,2005-07-01,170.0
루마니아,관광,2005-08-01,148.0
루마니아,관광,2005-09-01,138.0
루마니아,관광,2005-10-01,202.0
루마니아,관광,2005-11-01,142.0
루마니아,관광,2005-12-01,168.0
루마니아,관광,2006-01-01,120.0
루마니아,관광,2006-02-01,137.0
루마니아,관광,2006-03-01,147.0
루마니아,관광,2006-04-01,166.0
루마니아,관광,2006-05-01,189.0
루마니아,관광,2006-06-01,150.0
루마니아,관광,2006-07-01,128.0
루마니아,관광,2006-08-01,188.0
루마니아,관광,2006-09-01,303.0
루마니아,관광,2006-10-01,213.0
루마니아,관광,2006-11-01,142.0
루마니아,관광,2006-12-01,97.0
루마니아,관광,2007-01-01,107.0
루마니아,관광,2007-02-01,96.0
루마니아,관광,2007-03-01,145.0
루마니아,관광,2007-04-01,159.0
루마니아,관광,2007-05-01,185.0
루마니아,관광,2007-06-01,199.0
루마니아,관광,2007-07-01,189.0
루마니아,관광,2007-08-01,188.0
루마니아,관광,2007-09-01,219.0
루마니아,관광,2007-10-01,337.0
루마니아,관광,2007-11-01,230.0
루마니아,관광,2007-12-01,137.0
루마니아,관광,2008-01-01,128.0
루마니아,관광,2008-02-01,108.0
루마니아,관광,2008-03-01,189.0
루마니아,관광,2008-04-01,191.0
루마니아,관광,2008-05-01,201.0
루마니아,관광,2008-06-01,160.0
루마니아,관광,2008-07-01,223.0
루마니아,관광,2008-08-01,208.0
루마니아,관광,2008-09-01,219.0
루마니아,관광,2008-10-01,213.0
루마니아,관광,2008-11-01,238.0
루마니아,관광,2008-12-01,132.0
루마니아,관광,2009-01-01,173.0
루마니아,관광,2009-02-01,155.0
루마니아,관광,2009-03-01,158.0
루마니아,관광,2009-04-01,167.0
루마니아,관광,2009-05-01,161.0
루마니아,관광,2009-06-01,223.0
루마니아,관광,2009-07-01,162.0
루마니아,관광,2009-08-01,137.0
루마니아,관광,2009-09-01,194.0
루마니아,관광,2009-10-01,247.0
루마니아,관광,2009-11-01,183.0
루마니아,관광,2009-12-01,145.0
루마니아,관광,2010-01-01,142.0
루마니아,관광,2010-02-01,173.0
루마니아,관광,2010-03-01,178.0
루마니아,관광,2010-04-01,210.0
루마니아,관광,2010-05-01,179.0
루마니아,관광,2010-06-01,205.0
루마니아,관광,2010-07-01,244.0
루마니아,관광,2010-08-01,240.0
루마니아,관광,2010-09-01,287.0
루마니아,관광,2010-10-01,346.0
루마니아,관광,2010-11-01,273.0
루마니아,관광,2010-12-01,171.0
루마니아,관광,2011-01-01,154.0
루마니아,관광,2011-02-01,223.0
루마니아,관광,2011-03-01,277.0
루마니아,관광,2011-04-01,219.0
루마니아,관광,2011-05-01,266.0
루마니아,관광,2011-06-01,211.0
루마니아,관광,2011-07-01,246.0
루마니아,관광,2011-08-01,263.0
루마니아,관광,2011-09-01,257.0
루마니아,관광,2011-10-01,365.0
루마니아,관광,2011-11-01,276.0
루마니아,관광,2011-12-01,203.0
루마니아,관광,2012-01-01,251.0
루마니아,관광,2012-02-01,265.0
루마니아,관광,2012-03-01,260.0
루마니아,관광,2012-04-01,360.0
루마니아,관광,2012-05-01,336.0
루마니아,관광,2012-06-01,307.0
루마니아,관광,2012-07-01,364.0
루마니아,관광,2012-08-01,304.0
루마니아,관광,2012-09-01,361.0
루마니아,관광,2012-10-01,342.0
루마니아,관광,2012-11-01,381.0
루마니아,관광,2012-12-01,214.0
루마니아,관광,2013-01-01,252.0
루마니아,관광,2013-02-01,241.0
루마니아,관광,2013-03-01,304.0
루마니아,관광,2013-04-01,333.0
루마니아,관광,2013-05-01,297.0
루마니아,관광,2013-06-01,341.0
루마니아,관광,2013-07-01,314.0
루마니아,관광,2013-08-01,367.0
루마니아,관광,2013-09-01,321.0
루마니아,관광,2013-10-01,448.0
루마니아,관광,2013-11-01,362.0
루마니아,관광,2013-12-01,317.0
루마니아,관광,2014-01-01,276.0
루마니아,관광,2014-02-01,226.0
루마니아,관광,2014-03-01,420.0
루마니아,관광,2014-04-01,361.0
루마니아,관광,2014-05-01,435.0
루마니아,관광,2014-06-01,331.0
루마니아,관광,2014-07-01,334.0
루마니아,관광,2014-08-01,395.0
루마니아,관광,2014-09-01,478.0
루마니아,관광,2014-10-01,495.0
루마니아,관광,2014-11-01,394.0
루마니아,관광,2014-12-01,348.0
루마니아,관광,2015-01-01,253.0
루마니아,관광,2015-02-01,289.0
루마니아,관광,2015-03-01,396.0
루마니아,관광,2015-04-01,402.0
루마니아,관광,2015-05-01,444.0
루마니아,관광,2015-06-01,458.0
루마니아,관광,2015-07-01,362.0
루마니아,관광,2015-08-01,347.0
루마니아,관광,2015-09-01,506.0
루마니아,관광,2015-10-01,543.0
루마니아,관광,2015-11-01,423.0
루마니아,관광,2015-12-01,351.0
루마니아,관광,2016-01-01,347.0
루마니아,관광,2016-02-01,298.0
루마니아,관광,2016-03-01,470.0
루마니아,관광,2016-04-01,453.0
루마니아,관광,2016-05-01,589.0
루마니아,관광,2016-06-01,447.0
루마니아,관광,2016-07-01,397.0
루마니아,관광,2016-08-01,479.0
루마니아,관광,2016-09-01,507.0
루마니아,관광,2016-10-01,563.0
루마니아,관광,2016-11-01,402.0
루마니아,관광,2016-12-01,299.0
루마니아,관광,2017-01-01,301.0
루마니아,관광,2017-02-01,304.0
루마니아,관광,2017-03-01,511.0
루마니아,관광,2017-04-01,575.0
루마니아,관광,2017-05-01,375.0
루마니아,관광,2017-06-01,355.0
루마니아,관광,2017-07-01,390.0
루마니아,관광,2017-08-01,387.0
루마니아,관광,2017-09-01,578.0
루마니아,관광,2017-10-01,544.0
루마니아,관광,2017-11-01,468.0
루마니아,관광,2017-12-01,330.0
루마니아,관광,2018-01-01,290.0
루마니아,관광,2018-02-01,335.0
루마니아,관광,2018-03-01,475.0
루마니아,관광,2018-04-01,565.0
루마니아,관광,2018-05-01,488.0
루마니아,관광,2018-06-01,447.0
루마니아,관광,2018-07-01,406.0
루마니아,관광,2018-08-01,460.0
루마니아,관광,2018-09-01,578.0
루마니아,관광,2018-10-01,592.0
루마니아,관광,2018-11-01,447.0
루마니아,관광,2018-12-01,354.0
루마니아,관광,2019-01-01,412.0
루마니아,관광,2019-02-01,334.0
루마니아,관광,2019-03-01,494.0
루마니아,관광,2019-04-01,721.0
루마니아,관광,2019-05-01,542.0
루마니아,관광,2019-06-01,524.0
루마니아,관광,2019-07-01,503.0
루마니아,관광,2019-08-01,638.0
루마니아,관광,2019-09-01,675.0
루마니아,관광,2019-10-01,655.0
루마니아,관광,2019-11-01,607.0
루마니아,관광,2019-12-01,349.0
루마니아,관광,2020-01-01,372.0
루마니아,관광,2020-02-01,228.0
루마니아,관광,2020-03-01,86.0
루마니아,관광,2020-04-01,40.0
루마니아,관광,2020-05-01,34.0
루마니아,관광,2020-06-01,61.0
루마니아,관광,2020-07-01,62.0
루마니아,관광,2020-08-01,74.0
루마니아,관광,2020-09-01,63.0
루마니아,관광,2020-10-01,69.0
루마니아,관광,2020-11-01,78.0
루마니아,관광,2020-12-01,45.0
루마니아,관광,2021-01-01,44.0
루마니아,관광,2021-02-01,56.0
루마니아,관광,2021-03-01,76.0
루마니아,관광,2021-04-01,80.0
루마니아,관광,2021-05-01,58.0
루마니아,관광,2021-06-01,35.0
루마니아,관광,2021-07-01,76.0
루마니아,관광,2021-08-01,76.0
루마니아,관광,2021-09-01,142.0
루마니아,관광,2021-10-01,182.0
루마니아,관광,2021-11-01,163.0
루마니아,관광,2021-12-01,145.0
루마니아,관광,2022-01-01,197.0
루마니아,관광,2022-02-01,190.0
루마니아,관광,2022-03-01,204.0
루마니아,관광,2022-04-01,209.0
루마니아,관광,2022-05-01,224.0
루마니아,관광,2022-06-01,225.0
루마니아,관광,2022-07-01,293.0
루마니아,관광,2022-08-01,338.0
루마니아,관광,2022-09-01,409.0
루마니아,관광,2022-10-01,685.0
루마니아,관광,2022-11-01,376.0
루마니아,관광,2022-12-01,327.0
루마니아,관광,2023-01-01,210.0
루마니아,관광,2023-02-01,282.0
루마니아,관광,2023-03-01,669.0
루마니아,관광,2023-04-01,933.0
루마니아,관광,2023-05-01,641.0
루마니아,관광,2023-06-01,513.0
루마니아,관광,2023-07-01,598.0
루마니아,관광,2023-08-01,637.0
루마니아,관광,2023-09-01,969.0
루마니아,관광,2023-10-01,1165.0
루마니아,관광,2023-11-01,740.0
루마니아,관광,2023-12-01,355.0
루마니아,관광,2024-01-01,364.0
루마니아,관광,2024-02-01,354.0
루마니아,관광,2024-03-01,1198.0
루마니아,관광,2024-04-01,1501.0
루마니아,관광,2024-05-01,1060.0
루마니아,관광,2024-06-01,681.0
루마니아,관광,2024-07-01,743.0
루마니아,관광,2024-08-01,892.0
루마니아,관광,2024-09-01,1134.0
루마니아,관광,2024-10-01,1417.0
루마니아,관광,2024-11-01,686.0
루마니아,관광,2024-12-01,521.0
루마니아,관광,2025-01-01,343.0
루마니아,관광,2025-02-01,436.0
루마니아,관광,2025-03-01,1442.0
루마니아,관광,2025-04-01,2070.0
루마니아,관광,2025-05-01,1077.0
루마니아,상용,2005-01-01,7.0
루마니아,상용,2005-02-01,5.0
루마니아,상용,2005-03-01,6.0
루마니아,상용,2005-04-01,13.0
루마니아,상용,2005-05-01,11.0
루마니아,상용,2005-06-01,3.0
루마니아,상용,2005-07-01,8.0
루마니아,상용,2005-08-01,5.0
루마니아,상용,2005-09-01,9.0
루마니아,상용,2005-10-01,11.0
루마니아,상용,2005-11-01,7.0
루마니아,상용,2005-12-01,3.0
루마니아,상용,2006-01-01,16.0
루마니아,상용,2006-02-01,10.0
루마니아,상용,2006-03-01,5.0
루마니아,상용,2006-04-01,10.0
루마니아,상용,2006-05-01,8.0
루마니아,상용,2006-06-01,10.0
루마니아,상용,2006-07-01,13.0
루마니아,상용,2006-08-01,21.0
루마니아,상용,2006-09-01,17.0
루마니아,상용,2006-10-01,12.0
루마니아,상용,2006-11-01,14.0
루마니아,상용,2006-12-01,9.0
루마니아,상용,2007-01-01,19.0
루마니아,상용,2007-02-01,18.0
루마니아,상용,2007-03-01,10.0
루마니아,상용,2007-04-01,10.0
루마니아,상용,2007-05-01,9.0
루마니아,상용,2007-06-01,9.0
루마니아,상용,2007-07-01,9.0
루마니아,상용,2007-08-01,20.0
루마니아,상용,2007-09-01,19.0
루마니아,상용,2007-10-01,4.0
루마니아,상용,2007-11-01,7.0
루마니아,상용,2007-12-01,5.0
루마니아,상용,2008-01-01,21.0
루마니아,상용,2008-02-01,11.0
루마니아,상용,2008-03-01,12.0
루마니아,상용,2008-04-01,6.0
루마니아,상용,2008-05-01,12.0
루마니아,상용,2008-06-01,9.0
루마니아,상용,2008-07-01,10.0
루마니아,상용,2008-08-01,21.0
루마니아,상용,2008-09-01,16.0
루마니아,상용,2008-10-01,11.0
루마니아,상용,2008-11-01,7.0
루마니아,상용,2008-12-01,11.0
루마니아,상용,2009-01-01,20.0
루마니아,상용,2009-02-01,10.0
루마니아,상용,2009-03-01,19.0
루마니아,상용,2009-04-01,17.0
루마니아,상용,2009-05-01,13.0
루마니아,상용,2009-06-01,18.0
루마니아,상용,2009-07-01,15.0
루마니아,상용,2009-08-01,13.0
루마니아,상용,2009-09-01,11.0
루마니아,상용,2009-10-01,14.0
루마니아,상용,2009-11-01,12.0
루마니아,상용,2009-12-01,8.0
루마니아,상용,2010-01-01,12.0
루마니아,상용,2010-02-01,9.0
루마니아,상용,2010-03-01,14.0
루마니아,상용,2010-04-01,15.0
루마니아,상용,2010-05-01,11.0
루마니아,상용,2010-06-01,12.0
루마니아,상용,2010-07-01,18.0
루마니아,상용,2010-08-01,21.0
루마니아,상용,2010-09-01,18.0
루마니아,상용,2010-10-01,12.0
루마니아,상용,2010-11-01,12.0
루마니아,상용,2010-12-01,21.0
루마니아,상용,2011-01-01,18.0
루마니아,상용,2011-02-01,19.0
루마니아,상용,2011-03-01,14.0
루마니아,상용,2011-04-01,5.0
루마니아,상용,2011-05-01,10.0
루마니아,상용,2011-06-01,15.0
루마니아,상용,2011-07-01,10.0
루마니아,상용,2011-08-01,8.0
루마니아,상용,2011-09-01,17.0
루마니아,상용,2011-10-01,18.0
루마니아,상용,2011-11-01,11.0
루마니아,상용,2011-12-01,10.0
루마니아,상용,2012-01-01,32.0
루마니아,상용,2012-02-01,4.0
루마니아,상용,2012-03-01,18.0
루마니아,상용,2012-04-01,23.0
루마니아,상용,2012-05-01,12.0
루마니아,상용,2012-06-01,12.0
루마니아,상용,2012-07-01,13.0
루마니아,상용,2012-08-01,21.0
루마니아,상용,2012-09-01,14.0
루마니아,상용,2012-10-01,17.0
루마니아,상용,2012-11-01,8.0
루마니아,상용,2012-12-01,10.0
루마니아,상용,2013-01-01,31.0
루마니아,상용,2013-02-01,16.0
루마니아,상용,2013-03-01,21.0
루마니아,상용,2013-04-01,17.0
루마니아,상용,2013-05-01,16.0
루마니아,상용,2013-06-01,30.0
루마니아,상용,2013-07-01,24.0
루마니아,상용,2013-08-01,32.0
루마니아,상용,2013-09-01,24.0
루마니아,상용,2013-10-01,21.0
루마니아,상용,2013-11-01,17.0
루마니아,상용,2013-12-01,11.0
루마니아,상용,2014-01-01,33.0
루마니아,상용,2014-02-01,18.0
루마니아,상용,2014-03-01,27.0
루마니아,상용,2014-04-01,27.0
루마니아,상용,2014-05-01,28.0
루마니아,상용,2014-06-01,26.0
루마니아,상용,2014-07-01,12.0
루마니아,상용,2014-08-01,36.0
루마니아,상용,2014-09-01,24.0
루마니아,상용,2014-10-01,16.0
루마니아,상용,2014-11-01,10.0
루마니아,상용,2014-12-01,13.0
루마니아,상용,2015-01-01,27.0
루마니아,상용,2015-02-01,16.0
루마니아,상용,2015-03-01,18.0
루마니아,상용,2015-04-01,18.0
루마니아,상용,2015-05-01,26.0
루마니아,상용,2015-06-01,19.0
루마니아,상용,2015-07-01,17.0
루마니아,상용,2015-08-01,27.0
루마니아,상용,2015-09-01,21.0
루마니아,상용,2015-10-01,20.0
루마니아,상용,2015-11-01,18.0
루마니아,상용,2015-12-01,13.0
루마니아,상용,2016-01-01,25.0
루마니아,상용,2016-02-01,12.0
루마니아,상용,2016-03-01,25.0
루마니아,상용,2016-04-01,12.0
루마니아,상용,2016-05-01,23.0
루마니아,상용,2016-06-01,21.0
루마니아,상용,2016-07-01,12.0
루마니아,상용,2016-08-01,22.0
루마니아,상용,2016-09-01,18.0
루마니아,상용,2016-10-01,19.0
루마니아,상용,2016-11-01,17.0
루마니아,상용,2016-12-01,16.0
루마니아,상용,2017-01-01,38.0
루마니아,상용,2017-02-01,14.0
루마니아,상용,2017-03-01,14.0
루마니아,상용,2017-04-01,16.0
루마니아,상용,2017-05-01,26.0
루마니아,상용,2017-06-01,23.0
루마니아,상용,2017-07-01,13.0
루마니아,상용,2017-08-01,18.0
루마니아,상용,2017-09-01,10.0
루마니아,상용,2017-10-01,16.0
루마니아,상용,2017-11-01,10.0
루마니아,상용,2017-12-01,4.0
루마니아,상용,2018-01-01,19.0
루마니아,상용,2018-02-01,6.0
루마니아,상용,2018-03-01,10.0
루마니아,상용,2018-04-01,10.0
루마니아,상용,2018-05-01,16.0
루마니아,상용,2018-06-01,1.0
루마니아,상용,2018-07-01,8.0
루마니아,상용,2018-08-01,8.0
루마니아,상용,2018-09-01,16.0
루마니아,상용,2018-10-01,6.0
루마니아,상용,2018-11-01,2.0
루마니아,상용,2018-12-01,6.0
루마니아,상용,2019-01-01,8.0
루마니아,상용,2019-02-01,4.0
루마니아,상용,2019-03-01,5.0
루마니아,상용,2019-04-01,6.0
루마니아,상용,2019-05-01,4.0
루마니아,상용,2019-06-01,9.0
루마니아,상용,2019-07-01,8.0
루마니아,상용,2019-08-01,10.0
루마니아,상용,2019-09-01,12.0
루마니아,상용,2019-10-01,5.0
루마니아,상용,2019-11-01,5.0
루마니아,상용,2019-12-01,8.0
루마니아,상용,2020-01-01,17.0
루마니아,상용,2020-02-01,5.0
루마니아,상용,2020-03-01,3.0
루마니아,상용,2020-04-01,0.0
루마니아,상용,2020-05-01,1.0
루마니아,상용,2020-06-01,2.0
루마니아,상용,2020-07-01,3.0
루마니아,상용,2020-08-01,7.0
루마니아,상용,2020-09-01,3.0
루마니아,상용,2020-10-01,3.0
루마니아,상용,2020-11-01,1.0
루마니아,상용,2020-12-01,2.0
루마니아,상용,2021-01-01,4.0
루마니아,상용,2021-02-01,3.0
루마니아,상용,2021-03-01,9.0
루마니아,상용,2021-04-01,5.0
루마니아,상용,2021-05-01,4.0
루마니아,상용,2021-06-01,7.0
루마니아,상용,2021-07-01,5.0
루마니아,상용,2021-08-01,9.0
루마니아,상용,2021-09-01,5.0
루마니아,상용,2021-10-01,3.0
루마니아,상용,2021-11-01,1.0
루마니아,상용,2021-12-01,3.0
루마니아,상용,2022-01-01,2.0
루마니아,상용,2022-02-01,1.0
루마니아,상용,2022-03-01,4.0
루마니아,상용,2022-04-01,7.0
루마니아,상용,2022-05-01,6.0
루마니아,상용,2022-06-01,11.0
루마니아,상용,2022-07-01,6.0
루마니아,상용,2022-08-01,8.0
루마니아,상용,2022-09-01,6.0
루마니아,상용,2022-10-01,9.0
루마니아,상용,2022-11-01,5.0
루마니아,상용,2022-12-01,9.0
루마니아,상용,2023-01-01,12.0
루마니아,상용,2023-02-01,7.0
루마니아,상용,2023-03-01,10.0
루마니아,상용,2023-04-01,12.0
루마니아,상용,2023-05-01,11.0
루마니아,상용,2023-06-01,6.0
루마니아,상용,2023-07-01,9.0
루마니아,상용,2023-08-01,11.0
루마니아,상용,2023-09-01,12.0
루마니아,상용,2023-10-01,15.0
루마니아,상용,2023-11-01,6.0
루마니아,상용,2023-12-01,6.0
루마니아,상용,2024-01-01,10.0
루마니아,상용,2024-02-01,15.0
루마니아,상용,2024-03-01,11.0
루마니아,상용,2024-04-01,9.0
루마니아,상용,2024-05-01,16.0
루마니아,상용,2024-06-01,7.0
루마니아,상용,2024-07-01,4.0
루마니아,상용,2024-08-01,7.0
루마니아,상용,2024-09-01,11.0
루마니아,상용,2024-10-01,11.0
루마니아,상용,2024-11-01,8.0
루마니아,상용,2024-12-01,14.0
루마니아,상용,2025-01-01,16.0
루마니아,상용,2025-02-01,8.0
루마니아,상용,2025-03-01,9.0
루마니아,상용,2025-04-01,7.0
루마니아,상용,2025-05-01,9.0
루마니아,유학연수,2005-01-01,1.0
루마니아,유학연수,2005-02-01,5.0
루마니아,유학연수,2005-03-01,1.0
루마니아,유학연수,2005-04-01,0.0
루마니아,유학연수,2005-05-01,0.0
루마니아,유학연수,2005-06-01,1.0
루마니아,유학연수,2005-07-01,1.0
루마니아,유학연수,2005-08-01,5.0
루마니아,유학연수,2005-09-01,3.0
루마니아,유학연수,2005-10-01,2.0
루마니아,유학연수,2005-11-01,0.0
루마니아,유학연수,2005-12-01,0.0
루마니아,유학연수,2006-01-01,1.0
루마니아,유학연수,2006-02-01,3.0
루마니아,유학연수,2006-03-01,2.0
루마니아,유학연수,2006-04-01,0.0
루마니아,유학연수,2006-05-01,0.0
루마니아,유학연수,2006-06-01,1.0
루마니아,유학연수,2006-07-01,0.0
루마니아,유학연수,2006-08-01,3.0
루마니아,유학연수,2006-09-01,1.0
루마니아,유학연수,2006-10-01,0.0
루마니아,유학연수,2006-11-01,0.0
루마니아,유학연수,2006-12-01,1.0
루마니아,유학연수,2007-01-01,2.0
루마니아,유학연수,2007-02-01,3.0
루마니아,유학연수,2007-03-01,0.0
루마니아,유학연수,2007-04-01,0.0
루마니아,유학연수,2007-05-01,1.0
루마니아,유학연수,2007-06-01,1.0
루마니아,유학연수,2007-07-01,2.0
루마니아,유학연수,2007-08-01,13.0
루마니아,유학연수,2007-09-01,2.0
루마니아,유학연수,2007-10-01,1.0
루마니아,유학연수,2007-11-01,1.0
루마니아,유학연수,2007-12-01,1.0
루마니아,유학연수,2008-01-01,2.0
루마니아,유학연수,2008-02-01,10.0
루마니아,유학연수,2008-03-01,5.0
루마니아,유학연수,2008-04-01,1.0
루마니아,유학연수,2008-05-01,1.0
루마니아,유학연수,2008-06-01,1.0
루마니아,유학연수,2008-07-01,16.0
루마니아,유학연수,2008-08-01,10.0
루마니아,유학연수,2008-09-01,1.0
루마니아,유학연수,2008-10-01,4.0
루마니아,유학연수,2008-11-01,0.0
루마니아,유학연수,2008-12-01,7.0
루마니아,유학연수,2009-01-01,8.0
루마니아,유학연수,2009-02-01,7.0
루마니아,유학연수,2009-03-01,3.0
루마니아,유학연수,2009-04-01,1.0
루마니아,유학연수,2009-05-01,5.0
루마니아,유학연수,2009-06-01,1.0
루마니아,유학연수,2009-07-01,1.0
루마니아,유학연수,2009-08-01,6.0
루마니아,유학연수,2009-09-01,2.0
루마니아,유학연수,2009-10-01,1.0
루마니아,유학연수,2009-11-01,0.0
루마니아,유학연수,2009-12-01,1.0
루마니아,유학연수,2010-01-01,9.0
루마니아,유학연수,2010-02-01,2.0
루마니아,유학연수,2010-03-01,5.0
루마니아,유학연수,2010-04-01,1.0
루마니아,유학연수,2010-05-01,1.0
루마니아,유학연수,2010-06-01,0.0
루마니아,유학연수,2010-07-01,0.0
루마니아,유학연수,2010-08-01,22.0
루마니아,유학연수,2010-09-01,4.0
루마니아,유학연수,2010-10-01,0.0
루마니아,유학연수,2010-11-01,1.0
루마니아,유학연수,2010-12-01,0.0
루마니아,유학연수,2011-01-01,4.0
루마니아,유학연수,2011-02-01,7.0
루마니아,유학연수,2011-03-01,1.0
루마니아,유학연수,2011-04-01,0.0
루마니아,유학연수,2011-05-01,1.0
루마니아,유학연수,2011-06-01,3.0
루마니아,유학연수,2011-07-01,4.0
루마니아,유학연수,2011-08-01,8.0
루마니아,유학연수,2011-09-01,1.0
루마니아,유학연수,2011-10-01,3.0
루마니아,유학연수,2011-11-01,3.0
루마니아,유학연수,2011-12-01,0.0
루마니아,유학연수,2012-01-01,8.0
루마니아,유학연수,2012-02-01,11.0
루마니아,유학연수,2012-03-01,1.0
루마니아,유학연수,2012-04-01,0.0
루마니아,유학연수,2012-05-01,0.0
루마니아,유학연수,2012-06-01,1.0
루마니아,유학연수,2012-07-01,1.0
루마니아,유학연수,2012-08-01,21.0
루마니아,유학연수,2012-09-01,2.0
루마니아,유학연수,2012-10-01,1.0
루마니아,유학연수,2012-11-01,1.0
루마니아,유학연수,2012-12-01,3.0
루마니아,유학연수,2013-01-01,3.0
루마니아,유학연수,2013-02-01,21.0
루마니아,유학연수,2013-03-01,4.0
루마니아,유학연수,2013-04-01,1.0
루마니아,유학연수,2013-05-01,3.0
루마니아,유학연수,2013-06-01,0.0
루마니아,유학연수,2013-07-01,1.0
루마니아,유학연수,2013-08-01,15.0
루마니아,유학연수,2013-09-01,0.0
루마니아,유학연수,2013-10-01,2.0
루마니아,유학연수,2013-11-01,0.0
루마니아,유학연수,2013-12-01,2.0
루마니아,유학연수,2014-01-01,3.0
루마니아,유학연수,2014-02-01,18.0
루마니아,유학연수,2014-03-01,2.0
루마니아,유학연수,2014-04-01,0.0
루마니아,유학연수,2014-05-01,2.0
루마니아,유학연수,2014-06-01,4.0
루마니아,유학연수,2014-07-01,3.0
루마니아,유학연수,2014-08-01,25.0
루마니아,유학연수,2014-09-01,4.0
루마니아,유학연수,2014-10-01,4.0
루마니아,유학연수,2014-11-01,3.0
루마니아,유학연수,2014-12-01,1.0
루마니아,유학연수,2015-01-01,7.0
루마니아,유학연수,2015-02-01,17.0
루마니아,유학연수,2015-03-01,2.0
루마니아,유학연수,2015-04-01,3.0
루마니아,유학연수,2015-05-01,4.0
루마니아,유학연수,2015-06-01,2.0
루마니아,유학연수,2015-07-01,9.0
루마니아,유학연수,2015-08-01,35.0
루마니아,유학연수,2015-09-01,0.0
루마니아,유학연수,2015-10-01,2.0
루마니아,유학연수,2015-11-01,3.0
루마니아,유학연수,2015-12-01,3.0
루마니아,유학연수,2016-01-01,12.0
루마니아,유학연수,2016-02-01,23.0
루마니아,유학연수,2016-03-01,5.0
루마니아,유학연수,2016-04-01,0.0
루마니아,유학연수,2016-05-01,3.0
루마니아,유학연수,2016-06-01,3.0
루마니아,유학연수,2016-07-01,7.0
루마니아,유학연수,2016-08-01,24.0
루마니아,유학연수,2016-09-01,4.0
루마니아,유학연수,2016-10-01,4.0
루마니아,유학연수,2016-11-01,4.0
루마니아,유학연수,2016-12-01,2.0
루마니아,유학연수,2017-01-01,13.0
루마니아,유학연수,2017-02-01,18.0
루마니아,유학연수,2017-03-01,3.0
루마니아,유학연수,2017-04-01,5.0
루마니아,유학연수,2017-05-01,7.0
루마니아,유학연수,2017-06-01,3.0
루마니아,유학연수,2017-07-01,6.0
루마니아,유학연수,2017-08-01,24.0
루마니아,유학연수,2017-09-01,8.0
루마니아,유학연수,2017-10-01,7.0
루마니아,유학연수,2017-11-01,6.0
루마니아,유학연수,2017-12-01,6.0
루마니아,유학연수,2018-01-01,10.0
루마니아,유학연수,2018-02-01,23.0
루마니아,유학연수,2018-03-01,5.0
루마니아,유학연수,2018-04-01,6.0
루마니아,유학연수,2018-05-01,1.0
루마니아,유학연수,2018-06-01,4.0
루마니아,유학연수,2018-07-01,13.0
루마니아,유학연수,2018-08-01,21.0
루마니아,유학연수,2018-09-01,9.0
루마니아,유학연수,2018-10-01,4.0
루마니아,유학연수,2018-11-01,3.0
루마니아,유학연수,2018-12-01,4.0
루마니아,유학연수,2019-01-01,3.0
루마니아,유학연수,2019-02-01,30.0
루마니아,유학연수,2019-03-01,2.0
루마니아,유학연수,2019-04-01,1.0
루마니아,유학연수,2019-05-01,8.0
루마니아,유학연수,2019-06-01,5.0
루마니아,유학연수,2019-07-01,6.0
루마니아,유학연수,2019-08-01,32.0
루마니아,유학연수,2019-09-01,4.0
루마니아,유학연수,2019-10-01,1.0
루마니아,유학연수,2019-11-01,4.0
루마니아,유학연수,2019-12-01,3.0
루마니아,유학연수,2020-01-01,10.0
루마니아,유학연수,2020-02-01,18.0
루마니아,유학연수,2020-03-01,6.0
루마니아,유학연수,2020-04-01,0.0
루마니아,유학연수,2020-05-01,0.0
루마니아,유학연수,2020-06-01,0.0
루마니아,유학연수,2020-07-01,1.0
루마니아,유학연수,2020-08-01,9.0
루마니아,유학연수,2020-09-01,1.0
루마니아,유학연수,2020-10-01,1.0
루마니아,유학연수,2020-11-01,2.0
루마니아,유학연수,2020-12-01,1.0
루마니아,유학연수,2021-01-01,2.0
루마니아,유학연수,2021-02-01,14.0
루마니아,유학연수,2021-03-01,2.0
루마니아,유학연수,2021-04-01,1.0
루마니아,유학연수,2021-05-01,3.0
루마니아,유학연수,2021-06-01,0.0
루마니아,유학연수,2021-07-01,2.0
루마니아,유학연수,2021-08-01,27.0
루마니아,유학연수,2021-09-01,4.0
루마니아,유학연수,2021-10-01,1.0
루마니아,유학연수,2021-11-01,2.0
루마니아,유학연수,2021-12-01,3.0
루마니아,유학연수,2022-01-01,4.0
루마니아,유학연수,2022-02-01,22.0
루마니아,유학연수,2022-03-01,1.0
루마니아,유학연수,2022-04-01,0.0
루마니아,유학연수,2022-05-01,0.0
루마니아,유학연수,2022-06-01,0.0
루마니아,유학연수,2022-07-01,7.0
루마니아,유학연수,2022-08-01,36.0
루마니아,유학연수,2022-09-01,5.0
루마니아,유학연수,2022-10-01,1.0
루마니아,유학연수,2022-11-01,2.0
루마니아,유학연수,2022-12-01,2.0
루마니아,유학연수,2023-01-01,13.0
루마니아,유학연수,2023-02-01,32.0
루마니아,유학연수,2023-03-01,3.0
루마니아,유학연수,2023-04-01,2.0
루마니아,유학연수,2023-05-01,6.0
루마니아,유학연수,2023-06-01,4.0
루마니아,유학연수,2023-07-01,8.0
루마니아,유학연수,2023-08-01,31.0
루마니아,유학연수,2023-09-01,8.0
루마니아,유학연수,2023-10-01,2.0
루마니아,유학연수,2023-11-01,7.0
루마니아,유학연수,2023-12-01,5.0
루마니아,유학연수,2024-01-01,11.0
루마니아,유학연수,2024-02-01,31.0
루마니아,유학연수,2024-03-01,3.0
루마니아,유학연수,2024-04-01,3.0
루마니아,유학연수,2024-05-01,5.0
루마니아,유학연수,2024-06-01,5.0
루마니아,유학연수,2024-07-01,10.0
루마니아,유학연수,2024-08-01,47.0
루마니아,유학연수,2024-09-01,9.0
루마니아,유학연수,2024-10-01,5.0
루마니아,유학연수,2024-11-01,5.0
루마니아,유학연수,2024-12-01,9.0
루마니아,유학연수,2025-01-01,15.0
루마니아,유학연수,2025-02-01,31.0
루마니아,유학연수,2025-03-01,13.0
루마니아,유학연수,2025-04-01,8.0
루마니아,유학연수,2025-05-01,17.0
말레이시아,공용,2005-01-01,0.0
말레이시아,공용,2005-02-01,3.0
말레이시아,공용,2005-03-01,5.0
말레이시아,공용,2005-04-01,3.0
말레이시아,공용,2005-05-01,4.0
말레이시아,공용,2005-06-01,8.0
말레이시아,공용,2005-07-01,6.0
말레이시아,공용,2005-08-01,2.0
말레이시아,공용,2005-09-01,2.0
말레이시아,공용,2005-10-01,0.0
말레이시아,공용,2005-11-01,9.0
말레이시아,공용,2005-12-01,3.0
말레이시아,공용,2006-01-01,5.0
말레이시아,공용,2006-02-01,7.0
말레이시아,공용,2006-03-01,1.0
말레이시아,공용,2006-04-01,5.0
말레이시아,공용,2006-05-01,4.0
말레이시아,공용,2006-06-01,2.0
말레이시아,공용,2006-07-01,5.0
말레이시아,공용,2006-08-01,2.0
말레이시아,공용,2006-09-01,2.0
말레이시아,공용,2006-10-01,6.0
말레이시아,공용,2006-11-01,7.0
말레이시아,공용,2006-12-01,0.0
말레이시아,공용,2007-01-01,8.0
말레이시아,공용,2007-02-01,6.0
말레이시아,공용,2007-03-01,3.0
말레이시아,공용,2007-04-01,4.0
말레이시아,공용,2007-05-01,2.0
말레이시아,공용,2007-06-01,1.0
말레이시아,공용,2007-07-01,5.0
말레이시아,공용,2007-08-01,5.0
말레이시아,공용,2007-09-01,2.0
말레이시아,공용,2007-10-01,2.0
말레이시아,공용,2007-11-01,4.0
말레이시아,공용,2007-12-01,3.0
말레이시아,공용,2008-01-01,6.0
말레이시아,공용,2008-02-01,1.0
말레이시아,공용,2008-03-01,3.0
말레이시아,공용,2008-04-01,3.0
말레이시아,공용,2008-05-01,3.0
말레이시아,공용,2008-06-01,6.0
말레이시아,공용,2008-07-01,3.0
말레이시아,공용,2008-08-01,8.0
말레이시아,공용,2008-09-01,0.0
말레이시아,공용,2008-10-01,4.0
말레이시아,공용,2008-11-01,4.0
말레이시아,공용,2008-12-01,10.0
말레이시아,공용,2009-01-01,1.0
말레이시아,공용,2009-02-01,1.0
말레이시아,공용,2009-03-01,2.0
말레이시아,공용,2009-04-01,2.0
말레이시아,공용,2009-05-01,2.0
말레이시아,공용,2009-06-01,1.0
말레이시아,공용,2009-07-01,10.0
말레이시아,공용,2009-08-01,8.0
말레이시아,공용,2009-09-01,1.0
말레이시아,공용,2009-10-01,3.0
말레이시아,공용,2009-11-01,4.0
말레이시아,공용,2009-12-01,2.0
말레이시아,공용,2010-01-01,0.0
말레이시아,공용,2010-02-01,3.0
말레이시아,공용,2010-03-01,2.0
말레이시아,공용,2010-04-01,3.0
말레이시아,공용,2010-05-01,5.0
말레이시아,공용,2010-06-01,6.0
말레이시아,공용,2010-07-01,8.0
말레이시아,공용,2010-08-01,2.0
말레이시아,공용,2010-09-01,1.0
말레이시아,공용,2010-10-01,3.0
말레이시아,공용,2010-11-01,4.0
말레이시아,공용,2010-12-01,7.0
말레이시아,공용,2011-01-01,3.0
말레이시아,공용,2011-02-01,4.0
말레이시아,공용,2011-03-01,1.0
말레이시아,공용,2011-04-01,1.0
말레이시아,공용,2011-05-01,2.0
말레이시아,공용,2011-06-01,1.0
말레이시아,공용,2011-07-01,1.0
말레이시아,공용,2011-08-01,6.0
말레이시아,공용,2011-09-01,4.0
말레이시아,공용,2011-10-01,1.0
말레이시아,공용,2011-11-01,1.0
말레이시아,공용,2011-12-01,1.0
말레이시아,공용,2012-01-01,5.0
말레이시아,공용,2012-02-01,4.0
말레이시아,공용,2012-03-01,9.0
말레이시아,공용,2012-04-01,2.0
말레이시아,공용,2012-05-01,4.0
말레이시아,공용,2012-06-01,0.0
말레이시아,공용,2012-07-01,5.0
말레이시아,공용,2012-08-01,1.0
말레이시아,공용,2012-09-01,6.0
말레이시아,공용,2012-10-01,4.0
말레이시아,공용,2012-11-01,10.0
말레이시아,공용,2012-12-01,1.0
말레이시아,공용,2013-01-01,5.0
말레이시아,공용,2013-02-01,3.0
말레이시아,공용,2013-03-01,6.0
말레이시아,공용,2013-04-01,1.0
말레이시아,공용,2013-05-01,6.0
말레이시아,공용,2013-06-01,8.0
말레이시아,공용,2013-07-01,3.0
말레이시아,공용,2013-08-01,1.0
말레이시아,공용,2013-09-01,7.0
말레이시아,공용,2013-10-01,12.0
말레이시아,공용,2013-11-01,11.0
말레이시아,공용,2013-12-01,3.0
말레이시아,공용,2014-01-01,5.0
말레이시아,공용,2014-02-01,2.0
말레이시아,공용,2014-03-01,6.0
말레이시아,공용,2014-04-01,2.0
말레이시아,공용,2014-05-01,6.0
말레이시아,공용,2014-06-01,4.0
말레이시아,공용,2014-07-01,2.0
말레이시아,공용,2014-08-01,7.0
말레이시아,공용,2014-09-01,5.0
말레이시아,공용,2014-10-01,12.0
말레이시아,공용,2014-11-01,4.0
말레이시아,공용,2014-12-01,11.0
말레이시아,공용,2015-01-01,2.0
말레이시아,공용,2015-02-01,6.0
말레이시아,공용,2015-03-01,6.0
말레이시아,공용,2015-04-01,7.0
말레이시아,공용,2015-05-01,7.0
말레이시아,공용,2015-06-01,4.0
말레이시아,공용,2015-07-01,0.0
말레이시아,공용,2015-08-01,13.0
말레이시아,공용,2015-09-01,4.0
말레이시아,공용,2015-10-01,5.0
말레이시아,공용,2015-11-01,9.0
말레이시아,공용,2015-12-01,2.0
말레이시아,공용,2016-01-01,5.0
말레이시아,공용,2016-02-01,4.0
말레이시아,공용,2016-03-01,2.0
말레이시아,공용,2016-04-01,5.0
말레이시아,공용,2016-05-01,7.0
말레이시아,공용,2016-06-01,4.0
말레이시아,공용,2016-07-01,13.0
말레이시아,공용,2016-08-01,7.0
말레이시아,공용,2016-09-01,6.0
말레이시아,공용,2016-10-01,4.0
말레이시아,공용,2016-11-01,7.0
말레이시아,공용,2016-12-01,6.0
말레이시아,공용,2017-01-01,7.0
말레이시아,공용,2017-02-01,2.0
말레이시아,공용,2017-03-01,4.0
말레이시아,공용,2017-04-01,4.0
말레이시아,공용,2017-05-01,6.0
말레이시아,공용,2017-06-01,4.0
말레이시아,공용,2017-07-01,5.0
말레이시아,공용,2017-08-01,5.0
말레이시아,공용,2017-09-01,3.0
말레이시아,공용,2017-10-01,2.0
말레이시아,공용,2017-11-01,4.0
말레이시아,공용,2017-12-01,3.0
말레이시아,공용,2018-01-01,5.0
말레이시아,공용,2018-02-01,3.0
말레이시아,공용,2018-03-01,6.0
말레이시아,공용,2018-04-01,3.0
말레이시아,공용,2018-05-01,2.0
말레이시아,공용,2018-06-01,4.0
말레이시아,공용,2018-07-01,9.0
말레이시아,공용,2018-08-01,7.0
말레이시아,공용,2018-09-01,5.0
말레이시아,공용,2018-10-01,5.0
말레이시아,공용,2018-11-01,3.0
말레이시아,공용,2018-12-01,3.0
말레이시아,공용,2019-01-01,7.0
말레이시아,공용,2019-02-01,2.0
말레이시아,공용,2019-03-01,7.0
말레이시아,공용,2019-04-01,4.0
말레이시아,공용,2019-05-01,1.0
말레이시아,공용,2019-06-01,5.0
말레이시아,공용,2019-07-01,8.0
말레이시아,공용,2019-08-01,13.0
말레이시아,공용,2019-09-01,5.0
말레이시아,공용,2019-10-01,13.0
말레이시아,공용,2019-11-01,8.0
말레이시아,공용,2019-12-01,3.0
말레이시아,공용,2020-01-01,1.0
말레이시아,공용,2020-02-01,8.0
말레이시아,공용,2020-03-01,1.0
말레이시아,공용,2020-04-01,0.0
말레이시아,공용,2020-05-01,0.0
말레이시아,공용,2020-06-01,2.0
말레이시아,공용,2020-07-01,0.0
말레이시아,공용,2020-08-01,0.0
말레이시아,공용,2020-09-01,2.0
말레이시아,공용,2020-10-01,0.0
말레이시아,공용,2020-11-01,0.0
말레이시아,공용,2020-12-01,0.0
말레이시아,공용,2021-01-01,1.0
말레이시아,공용,2021-02-01,0.0
말레이시아,공용,2021-03-01,5.0
말레이시아,공용,2021-04-01,1.0
말레이시아,공용,2021-05-01,2.0
말레이시아,공용,2021-06-01,2.0
말레이시아,공용,2021-07-01,0.0
말레이시아,공용,2021-08-01,1.0
말레이시아,공용,2021-09-01,32.0
말레이시아,공용,2021-10-01,5.0
말레이시아,공용,2021-11-01,5.0
말레이시아,공용,2021-12-01,4.0
말레이시아,공용,2022-01-01,1.0
말레이시아,공용,2022-02-01,1.0
말레이시아,공용,2022-03-01,0.0
말레이시아,공용,2022-04-01,0.0
말레이시아,공용,2022-05-01,1.0
말레이시아,공용,2022-06-01,1.0
말레이시아,공용,2022-07-01,3.0
말레이시아,공용,2022-08-01,10.0
말레이시아,공용,2022-09-01,1.0
말레이시아,공용,2022-10-01,2.0
말레이시아,공용,2022-11-01,4.0
말레이시아,공용,2022-12-01,3.0
말레이시아,공용,2023-01-01,8.0
말레이시아,공용,2023-02-01,9.0
말레이시아,공용,2023-03-01,6.0
말레이시아,공용,2023-04-01,8.0
말레이시아,공용,2023-05-01,7.0
말레이시아,공용,2023-06-01,7.0
말레이시아,공용,2023-07-01,11.0
말레이시아,공용,2023-08-01,8.0
말레이시아,공용,2023-09-01,12.0
말레이시아,공용,2023-10-01,11.0
말레이시아,공용,2023-11-01,12.0
말레이시아,공용,2023-12-01,12.0
말레이시아,공용,2024-01-01,15.0
말레이시아,공용,2024-02-01,11.0
말레이시아,공용,2024-03-01,3.0
말레이시아,공용,2024-04-01,10.0
말레이시아,공용,2024-05-01,13.0
말레이시아,공용,2024-06-01,10.0
말레이시아,공용,2024-07-01,15.0
말레이시아,공용,2024-08-01,12.0
말레이시아,공용,2024-09-01,21.0
말레이시아,공용,2024-10-01,16.0
말레이시아,공용,2024-11-01,28.0
말레이시아,공용,2024-12-01,16.0
말레이시아,공용,2025-01-01,17.0
말레이시아,공용,2025-02-01,16.0
말레이시아,공용,2025-03-01,12.0
말레이시아,공용,2025-04-01,18.0
말레이시아,공용,2025-05-01,14.0
말레이시아,관광,2005-01-01,3083.0
말레이시아,관광,2005-02-01,5947.0
말레이시아,관광,2005-03-01,5414.0
말레이시아,관광,2005-04-01,7830.0
말레이시아,관광,2005-05-01,5882.0
말레이시아,관광,2005-06-01,4268.0
말레이시아,관광,2005-07-01,2878.0
말레이시아,관광,2005-08-01,3292.0
말레이시아,관광,2005-09-01,5380.0
말레이시아,관광,2005-10-01,11375.0
말레이시아,관광,2005-11-01,10420.0
말레이시아,관광,2005-12-01,14742.0
말레이시아,관광,2006-01-01,5275.0
말레이시아,관광,2006-02-01,4428.0
말레이시아,관광,2006-03-01,7846.0
말레이시아,관광,2006-04-01,9029.0
말레이시아,관광,2006-05-01,5118.0
말레이시아,관광,2006-06-01,3583.0
말레이시아,관광,2006-07-01,2590.0
말레이시아,관광,2006-08-01,3383.0
말레이시아,관광,2006-09-01,4301.0
말레이시아,관광,2006-10-01,9445.0
말레이시아,관광,2006-11-01,5976.0
말레이시아,관광,2006-12-01,11965.0
말레이시아,관광,2007-01-01,2982.0
말레이시아,관광,2007-02-01,5158.0
말레이시아,관광,2007-03-01,4013.0
말레이시아,관광,2007-04-01,8019.0
말레이시아,관광,2007-05-01,5656.0
말레이시아,관광,2007-06-01,4639.0
말레이시아,관광,2007-07-01,2751.0
말레이시아,관광,2007-08-01,3053.0
말레이시아,관광,2007-09-01,3193.0
말레이시아,관광,2007-10-01,6995.0
말레이시아,관광,2007-11-01,5936.0
말레이시아,관광,2007-12-01,11767.0
말레이시아,관광,2008-01-01,4051.0
말레이시아,관광,2008-02-01,5221.0
말레이시아,관광,2008-03-01,4697.0
말레이시아,관광,2008-04-01,6698.0
말레이시아,관광,2008-05-01,6443.0
말레이시아,관광,2008-06-01,3248.0
말레이시아,관광,2008-07-01,3137.0
말레이시아,관광,2008-08-01,2926.0
말레이시아,관광,2008-09-01,4845.0
말레이시아,관광,2008-10-01,5906.0
말레이시아,관광,2008-11-01,6008.0
말레이시아,관광,2008-12-01,12066.0
말레이시아,관광,2009-01-01,5227.0
말레이시아,관광,2009-02-01,2718.0
말레이시아,관광,2009-03-01,4674.0
말레이시아,관광,2009-04-01,7256.0
말레이시아,관광,2009-05-01,4148.0
말레이시아,관광,2009-06-01,4257.0
말레이시아,관광,2009-07-01,2402.0
말레이시아,관광,2009-08-01,2579.0
말레이시아,관광,2009-09-01,4348.0
말레이시아,관광,2009-10-01,5516.0
말레이시아,관광,2009-11-01,7282.0
말레이시아,관광,2009-12-01,13550.0
말레이시아,관광,2010-01-01,3292.0
말레이시아,관광,2010-02-01,5914.0
말레이시아,관광,2010-03-01,6794.0
말레이시아,관광,2010-04-01,10350.0
말레이시아,관광,2010-05-01,6017.0
말레이시아,관광,2010-06-01,5802.0
말레이시아,관광,2010-07-01,3552.0
말레이시아,관광,2010-08-01,3214.0
말레이시아,관광,2010-09-01,7044.0
말레이시아,관광,2010-10-01,8311.0
말레이시아,관광,2010-11-01,14924.0
말레이시아,관광,2010-12-01,20776.0
말레이시아,관광,2011-01-01,6559.0
말레이시아,관광,2011-02-01,9440.0
말레이시아,관광,2011-03-01,11031.0
말레이시아,관광,2011-04-01,13054.0
말레이시아,관광,2011-05-01,10265.0
말레이시아,관광,2011-06-01,8244.0
말레이시아,관광,2011-07-01,6148.0
말레이시아,관광,2011-08-01,7450.0
말레이시아,관광,2011-09-01,10281.0
말레이시아,관광,2011-10-01,14250.0
말레이시아,관광,2011-11-01,13923.0
말레이시아,관광,2011-12-01,22588.0
말레이시아,관광,2012-01-01,9983.0
말레이시아,관광,2012-02-01,8286.0
말레이시아,관광,2012-03-01,12407.0
말레이시아,관광,2012-04-01,18532.0
말레이시아,관광,2012-05-01,14797.0
말레이시아,관광,2012-06-01,9579.0
말레이시아,관광,2012-07-01,6052.0
말레이시아,관광,2012-08-01,7740.0
말레이시아,관광,2012-09-01,11409.0
말레이시아,관광,2012-10-01,16242.0
말레이시아,관광,2012-11-01,18561.0
말레이시아,관광,2012-12-01,24763.0
말레이시아,관광,2013-01-01,8003.0
말레이시아,관광,2013-02-01,11392.0
말레이시아,관광,2013-03-01,13455.0
말레이시아,관광,2013-04-01,18749.0
말레이시아,관광,2013-05-01,14112.0
말레이시아,관광,2013-06-01,10576.0
말레이시아,관광,2013-07-01,6676.0
말레이시아,관광,2013-08-01,10680.0
말레이시아,관광,2013-09-01,14708.0
말레이시아,관광,2013-10-01,21527.0
말레이시아,관광,2013-11-01,24389.0
말레이시아,관광,2013-12-01,28344.0
말레이시아,관광,2014-01-01,11114.0
말레이시아,관광,2014-02-01,11640.0
말레이시아,관광,2014-03-01,18616.0
말레이시아,관광,2014-04-01,23863.0
말레이시아,관광,2014-05-01,19397.0
말레이시아,관광,2014-06-01,13847.0
말레이시아,관광,2014-07-01,9124.0
말레이시아,관광,2014-08-01,8811.0
말레이시아,관광,2014-09-01,18781.0
말레이시아,관광,2014-10-01,26535.0
말레이시아,관광,2014-11-01,24964.0
말레이시아,관광,2014-12-01,34804.0
말레이시아,관광,2015-01-01,10609.0
말레이시아,관광,2015-02-01,12095.0
말레이시아,관광,2015-03-01,19682.0
말레이시아,관광,2015-04-01,26343.0
말레이시아,관광,2015-05-01,17606.0
말레이시아,관광,2015-06-01,8493.0
말레이시아,관광,2015-07-01,4266.0
말레이시아,관광,2015-08-01,7089.0
말레이시아,관광,2015-09-01,15574.0
말레이시아,관광,2015-10-01,21499.0
말레이시아,관광,2015-11-01,26152.0
말레이시아,관광,2015-12-01,30297.0
말레이시아,관광,2016-01-01,11822.0
말레이시아,관광,2016-02-01,16854.0
말레이시아,관광,2016-03-01,26377.0
말레이시아,관광,2016-04-01,29495.0
말레이시아,관광,2016-05-01,25083.0
말레이시아,관광,2016-06-01,13094.0
말레이시아,관광,2016-07-01,13393.0
말레이시아,관광,2016-08-01,10370.0
말레이시아,관광,2016-09-01,26086.0
말레이시아,관광,2016-10-01,33697.0
말레이시아,관광,2016-11-01,32024.0
말레이시아,관광,2016-12-01,41744.0
말레이시아,관광,2017-01-01,18216.0
말레이시아,관광,2017-02-01,16921.0
말레이시아,관광,2017-03-01,28491.0
말레이시아,관광,2017-04-01,32399.0
말레이시아,관광,2017-05-01,21735.0
말레이시아,관광,2017-06-01,16128.0
말레이시아,관광,2017-07-01,10525.0
말레이시아,관광,2017-08-01,12604.0
말레이시아,관광,2017-09-01,18430.0
말레이시아,관광,2017-10-01,30203.0
말레이시아,관광,2017-11-01,30987.0
말레이시아,관광,2017-12-01,42919.0
말레이시아,관광,2018-01-01,19558.0
말레이시아,관광,2018-02-01,19515.0
말레이시아,관광,2018-03-01,35257.0
말레이시아,관광,2018-04-01,39134.0
말레이시아,관광,2018-05-01,22640.0
말레이시아,관광,2018-06-01,24876.0
말레이시아,관광,2018-07-01,12957.0
말레이시아,관광,2018-08-01,15810.0
말레이시아,관광,2018-09-01,25355.0
말레이시아,관광,2018-10-01,37755.0
말레이시아,관광,2018-11-01,42807.0
말레이시아,관광,2018-12-01,52698.0
말레이시아,관광,2019-01-01,19043.0
말레이시아,관광,2019-02-01,24047.0
말레이시아,관광,2019-03-01,37653.0
말레이시아,관광,2019-04-01,40894.0
말레이시아,관광,2019-05-01,28485.0
말레이시아,관광,2019-06-01,22652.0
말레이시아,관광,2019-07-01,14055.0
말레이시아,관광,2019-08-01,16892.0
말레이시아,관광,2019-09-01,25123.0
말레이시아,관광,2019-10-01,42624.0
말레이시아,관광,2019-11-01,46613.0
말레이시아,관광,2019-12-01,55329.0
말레이시아,관광,2020-01-01,24541.0
말레이시아,관광,2020-02-01,15459.0
말레이시아,관광,2020-03-01,289.0
말레이시아,관광,2020-04-01,29.0
말레이시아,관광,2020-05-01,2.0
말레이시아,관광,2020-06-01,24.0
말레이시아,관광,2020-07-01,12.0
말레이시아,관광,2020-08-01,21.0
말레이시아,관광,2020-09-01,12.0
말레이시아,관광,2020-10-01,59.0
말레이시아,관광,2020-11-01,28.0
말레이시아,관광,2020-12-01,45.0
말레이시아,관광,2021-01-01,12.0
말레이시아,관광,2021-02-01,42.0
말레이시아,관광,2021-03-01,32.0
말레이시아,관광,2021-04-01,6.0
말레이시아,관광,2021-05-01,10.0
말레이시아,관광,2021-06-01,41.0
말레이시아,관광,2021-07-01,45.0
말레이시아,관광,2021-08-01,42.0
말레이시아,관광,2021-09-01,23.0
말레이시아,관광,2021-10-01,56.0
말레이시아,관광,2021-11-01,220.0
말레이시아,관광,2021-12-01,169.0
말레이시아,관광,2022-01-01,131.0
말레이시아,관광,2022-02-01,76.0
말레이시아,관광,2022-03-01,103.0
말레이시아,관광,2022-04-01,803.0
말레이시아,관광,2022-05-01,1858.0
말레이시아,관광,2022-06-01,2689.0
말레이시아,관광,2022-07-01,2915.0
말레이시아,관광,2022-08-01,3318.0
말레이시아,관광,2022-09-01,5252.0
말레이시아,관광,2022-10-01,11160.0
말레이시아,관광,2022-11-01,11788.0
말레이시아,관광,2022-12-01,19231.0
말레이시아,관광,2023-01-01,9354.0
말레이시아,관광,2023-02-01,14448.0
말레이시아,관광,2023-03-01,21693.0
말레이시아,관광,2023-04-01,23955.0
말레이시아,관광,2023-05-01,19642.0
말레이시아,관광,2023-06-01,13854.0
말레이시아,관광,2023-07-01,9295.0
말레이시아,관광,2023-08-01,12877.0
말레이시아,관광,2023-09-01,19833.0
말레이시아,관광,2023-10-01,30817.0
말레이시아,관광,2023-11-01,28379.0
말레이시아,관광,2023-12-01,30798.0
말레이시아,관광,2024-01-01,14389.0
말레이시아,관광,2024-02-01,26818.0
말레이시아,관광,2024-03-01,22778.0
말레이시아,관광,2024-04-01,29408.0
말레이시아,관광,2024-05-01,24621.0
말레이시아,관광,2024-06-01,13445.0
말레이시아,관광,2024-07-01,9549.0
말레이시아,관광,2024-08-01,9614.0
말레이시아,관광,2024-09-01,26542.0
말레이시아,관광,2024-10-01,34366.0
말레이시아,관광,2024-11-01,27871.0
말레이시아,관광,2024-12-01,28767.0
말레이시아,관광,2025-01-01,23331.0
말레이시아,관광,2025-02-01,22010.0
말레이시아,관광,2025-03-01,21936.0
말레이시아,관광,2025-04-01,28045.0
말레이시아,관광,2025-05-01,24654.0
말레이시아,상용,2005-01-01,30.0
말레이시아,상용,2005-02-01,51.0
말레이시아,상용,2005-03-01,35.0
말레이시아,상용,2005-04-01,32.0
말레이시아,상용,2005-05-01,40.0
말레이시아,상용,2005-06-01,27.0
말레이시아,상용,2005-07-01,31.0
말레이시아,상용,2005-08-01,32.0
말레이시아,상용,2005-09-01,31.0
말레이시아,상용,2005-10-01,39.0
말레이시아,상용,2005-11-01,46.0
말레이시아,상용,2005-12-01,34.0
말레이시아,상용,2006-01-01,30.0
말레이시아,상용,2006-02-01,48.0
말레이시아,상용,2006-03-01,43.0
말레이시아,상용,2006-04-01,33.0
말레이시아,상용,2006-05-01,50.0
말레이시아,상용,2006-06-01,31.0
말레이시아,상용,2006-07-01,30.0
말레이시아,상용,2006-08-01,39.0
말레이시아,상용,2006-09-01,23.0
말레이시아,상용,2006-10-01,22.0
말레이시아,상용,2006-11-01,26.0
말레이시아,상용,2006-12-01,24.0
말레이시아,상용,2007-01-01,29.0
말레이시아,상용,2007-02-01,45.0
말레이시아,상용,2007-03-01,44.0
말레이시아,상용,2007-04-01,34.0
말레이시아,상용,2007-05-01,37.0
말레이시아,상용,2007-06-01,23.0
말레이시아,상용,2007-07-01,37.0
말레이시아,상용,2007-08-01,44.0
말레이시아,상용,2007-09-01,32.0
말레이시아,상용,2007-10-01,41.0
말레이시아,상용,2007-11-01,47.0
말레이시아,상용,2007-12-01,40.0
말레이시아,상용,2008-01-01,37.0
말레이시아,상용,2008-02-01,55.0
말레이시아,상용,2008-03-01,34.0
말레이시아,상용,2008-04-01,68.0
말레이시아,상용,2008-05-01,44.0
말레이시아,상용,2008-06-01,59.0
말레이시아,상용,2008-07-01,34.0
말레이시아,상용,2008-08-01,48.0
말레이시아,상용,2008-09-01,44.0
말레이시아,상용,2008-10-01,43.0
말레이시아,상용,2008-11-01,39.0
말레이시아,상용,2008-12-01,26.0
말레이시아,상용,2009-01-01,24.0
말레이시아,상용,2009-02-01,42.0
말레이시아,상용,2009-03-01,38.0
말레이시아,상용,2009-04-01,49.0
말레이시아,상용,2009-05-01,36.0
말레이시아,상용,2009-06-01,47.0
말레이시아,상용,2009-07-01,52.0
말레이시아,상용,2009-08-01,54.0
말레이시아,상용,2009-09-01,46.0
말레이시아,상용,2009-10-01,63.0
말레이시아,상용,2009-11-01,72.0
말레이시아,상용,2009-12-01,57.0
말레이시아,상용,2010-01-01,61.0
말레이시아,상용,2010-02-01,58.0
말레이시아,상용,2010-03-01,60.0
말레이시아,상용,2010-04-01,56.0
말레이시아,상용,2010-05-01,54.0
말레이시아,상용,2010-06-01,56.0
말레이시아,상용,2010-07-01,73.0
말레이시아,상용,2010-08-01,83.0
말레이시아,상용,2010-09-01,104.0
말레이시아,상용,2010-10-01,78.0
말레이시아,상용,2010-11-01,72.0
말레이시아,상용,2010-12-01,69.0
말레이시아,상용,2011-01-01,69.0
말레이시아,상용,2011-02-01,95.0
말레이시아,상용,2011-03-01,76.0
말레이시아,상용,2011-04-01,71.0
말레이시아,상용,2011-05-01,91.0
말레이시아,상용,2011-06-01,114.0
말레이시아,상용,2011-07-01,90.0
말레이시아,상용,2011-08-01,111.0
말레이시아,상용,2011-09-01,93.0
말레이시아,상용,2011-10-01,68.0
말레이시아,상용,2011-11-01,108.0
말레이시아,상용,2011-12-01,58.0
말레이시아,상용,2012-01-01,77.0
말레이시아,상용,2012-02-01,75.0
말레이시아,상용,2012-03-01,71.0
말레이시아,상용,2012-04-01,59.0
말레이시아,상용,2012-05-01,64.0
말레이시아,상용,2012-06-01,99.0
말레이시아,상용,2012-07-01,58.0
말레이시아,상용,2012-08-01,73.0
말레이시아,상용,2012-09-01,56.0
말레이시아,상용,2012-10-01,84.0
말레이시아,상용,2012-11-01,81.0
말레이시아,상용,2012-12-01,65.0
말레이시아,상용,2013-01-01,84.0
말레이시아,상용,2013-02-01,105.0
말레이시아,상용,2013-03-01,83.0
말레이시아,상용,2013-04-01,107.0
말레이시아,상용,2013-05-01,126.0
말레이시아,상용,2013-06-01,147.0
말레이시아,상용,2013-07-01,114.0
말레이시아,상용,2013-08-01,176.0
말레이시아,상용,2013-09-01,148.0
말레이시아,상용,2013-10-01,147.0
말레이시아,상용,2013-11-01,136.0
말레이시아,상용,2013-12-01,149.0
말레이시아,상용,2014-01-01,163.0
말레이시아,상용,2014-02-01,202.0
말레이시아,상용,2014-03-01,168.0
말레이시아,상용,2014-04-01,167.0
말레이시아,상용,2014-05-01,222.0
말레이시아,상용,2014-06-01,175.0
말레이시아,상용,2014-07-01,141.0
말레이시아,상용,2014-08-01,258.0
말레이시아,상용,2014-09-01,258.0
말레이시아,상용,2014-10-01,203.0
말레이시아,상용,2014-11-01,157.0
말레이시아,상용,2014-12-01,163.0
말레이시아,상용,2015-01-01,201.0
말레이시아,상용,2015-02-01,230.0
말레이시아,상용,2015-03-01,209.0
말레이시아,상용,2015-04-01,166.0
말레이시아,상용,2015-05-01,202.0
말레이시아,상용,2015-06-01,187.0
말레이시아,상용,2015-07-01,162.0
말레이시아,상용,2015-08-01,262.0
말레이시아,상용,2015-09-01,189.0
말레이시아,상용,2015-10-01,257.0
말레이시아,상용,2015-11-01,220.0
말레이시아,상용,2015-12-01,177.0
말레이시아,상용,2016-01-01,184.0
말레이시아,상용,2016-02-01,243.0
말레이시아,상용,2016-03-01,183.0
말레이시아,상용,2016-04-01,170.0
말레이시아,상용,2016-05-01,227.0
말레이시아,상용,2016-06-01,148.0
말레이시아,상용,2016-07-01,192.0
말레이시아,상용,2016-08-01,171.0
말레이시아,상용,2016-09-01,222.0
말레이시아,상용,2016-10-01,161.0
말레이시아,상용,2016-11-01,152.0
말레이시아,상용,2016-12-01,163.0
말레이시아,상용,2017-01-01,201.0
말레이시아,상용,2017-02-01,224.0
말레이시아,상용,2017-03-01,146.0
말레이시아,상용,2017-04-01,135.0
말레이시아,상용,2017-05-01,133.0
말레이시아,상용,2017-06-01,81.0
말레이시아,상용,2017-07-01,111.0
말레이시아,상용,2017-08-01,127.0
말레이시아,상용,2017-09-01,70.0
말레이시아,상용,2017-10-01,101.0
말레이시아,상용,2017-11-01,76.0
말레이시아,상용,2017-12-01,72.0
말레이시아,상용,2018-01-01,98.0
말레이시아,상용,2018-02-01,116.0
말레이시아,상용,2018-03-01,91.0
말레이시아,상용,2018-04-01,121.0
말레이시아,상용,2018-05-01,124.0
말레이시아,상용,2018-06-01,121.0
말레이시아,상용,2018-07-01,85.0
말레이시아,상용,2018-08-01,149.0
말레이시아,상용,2018-09-01,106.0
말레이시아,상용,2018-10-01,142.0
말레이시아,상용,2018-11-01,120.0
말레이시아,상용,2018-12-01,89.0
말레이시아,상용,2019-01-01,95.0
말레이시아,상용,2019-02-01,136.0
말레이시아,상용,2019-03-01,107.0
말레이시아,상용,2019-04-01,120.0
말레이시아,상용,2019-05-01,116.0
말레이시아,상용,2019-06-01,121.0
말레이시아,상용,2019-07-01,124.0
말레이시아,상용,2019-08-01,115.0
말레이시아,상용,2019-09-01,166.0
말레이시아,상용,2019-10-01,160.0
말레이시아,상용,2019-11-01,124.0
말레이시아,상용,2019-12-01,119.0
말레이시아,상용,2020-01-01,101.0
말레이시아,상용,2020-02-01,68.0
말레이시아,상용,2020-03-01,4.0
말레이시아,상용,2020-04-01,1.0
말레이시아,상용,2020-05-01,8.0
말레이시아,상용,2020-06-01,5.0
말레이시아,상용,2020-07-01,6.0
말레이시아,상용,2020-08-01,10.0
말레이시아,상용,2020-09-01,11.0
말레이시아,상용,2020-10-01,6.0
말레이시아,상용,2020-11-01,14.0
말레이시아,상용,2020-12-01,18.0
말레이시아,상용,2021-01-01,13.0
말레이시아,상용,2021-02-01,15.0
말레이시아,상용,2021-03-01,22.0
말레이시아,상용,2021-04-01,15.0
말레이시아,상용,2021-05-01,19.0
말레이시아,상용,2021-06-01,13.0
말레이시아,상용,2021-07-01,17.0
말레이시아,상용,2021-08-01,15.0
말레이시아,상용,2021-09-01,9.0
말레이시아,상용,2021-10-01,29.0
말레이시아,상용,2021-11-01,43.0
말레이시아,상용,2021-12-01,14.0
말레이시아,상용,2022-01-01,24.0
말레이시아,상용,2022-02-01,38.0
말레이시아,상용,2022-03-01,48.0
말레이시아,상용,2022-04-01,36.0
말레이시아,상용,2022-05-01,33.0
말레이시아,상용,2022-06-01,40.0
말레이시아,상용,2022-07-01,57.0
말레이시아,상용,2022-08-01,48.0
말레이시아,상용,2022-09-01,68.0
말레이시아,상용,2022-10-01,71.0
말레이시아,상용,2022-11-01,82.0
말레이시아,상용,2022-12-01,70.0
말레이시아,상용,2023-01-01,67.0
말레이시아,상용,2023-02-01,55.0
말레이시아,상용,2023-03-01,79.0
말레이시아,상용,2023-04-01,81.0
말레이시아,상용,2023-05-01,95.0
말레이시아,상용,2023-06-01,72.0
말레이시아,상용,2023-07-01,73.0
말레이시아,상용,2023-08-01,62.0
말레이시아,상용,2023-09-01,57.0
말레이시아,상용,2023-10-01,97.0
말레이시아,상용,2023-11-01,97.0
말레이시아,상용,2023-12-01,90.0
말레이시아,상용,2024-01-01,78.0
말레이시아,상용,2024-02-01,92.0
말레이시아,상용,2024-03-01,84.0
말레이시아,상용,2024-04-01,115.0
말레이시아,상용,2024-05-01,105.0
말레이시아,상용,2024-06-01,130.0
말레이시아,상용,2024-07-01,91.0
말레이시아,상용,2024-08-01,105.0
말레이시아,상용,2024-09-01,128.0
말레이시아,상용,2024-10-01,106.0
말레이시아,상용,2024-11-01,103.0
말레이시아,상용,2024-12-01,133.0
말레이시아,상용,2025-01-01,101.0
말레이시아,상용,2025-02-01,119.0
말레이시아,상용,2025-03-01,113.0
말레이시아,상용,2025-04-01,147.0
말레이시아,상용,2025-05-01,118.0
말레이시아,유학연수,2005-01-01,8.0
말레이시아,유학연수,2005-02-01,96.0
말레이시아,유학연수,2005-03-01,19.0
말레이시아,유학연수,2005-04-01,4.0
말레이시아,유학연수,2005-05-01,11.0
말레이시아,유학연수,2005-06-01,2.0
말레이시아,유학연수,2005-07-01,17.0
말레이시아,유학연수,2005-08-01,155.0
말레이시아,유학연수,2005-09-01,115.0
말레이시아,유학연수,2005-10-01,5.0
말레이시아,유학연수,2005-11-01,7.0
말레이시아,유학연수,2005-12-01,6.0
말레이시아,유학연수,2006-01-01,9.0
말레이시아,유학연수,2006-02-01,138.0
말레이시아,유학연수,2006-03-01,34.0
말레이시아,유학연수,2006-04-01,4.0
말레이시아,유학연수,2006-05-01,7.0
말레이시아,유학연수,2006-06-01,6.0
말레이시아,유학연수,2006-07-01,20.0
말레이시아,유학연수,2006-08-01,119.0
말레이시아,유학연수,2006-09-01,84.0
말레이시아,유학연수,2006-10-01,4.0
말레이시아,유학연수,2006-11-01,4.0
말레이시아,유학연수,2006-12-01,6.0
말레이시아,유학연수,2007-01-01,12.0
말레이시아,유학연수,2007-02-01,160.0
말레이시아,유학연수,2007-03-01,109.0
말레이시아,유학연수,2007-04-01,5.0
말레이시아,유학연수,2007-05-01,19.0
말레이시아,유학연수,2007-06-01,20.0
말레이시아,유학연수,2007-07-01,33.0
말레이시아,유학연수,2007-08-01,135.0
말레이시아,유학연수,2007-09-01,54.0
말레이시아,유학연수,2007-10-01,8.0
말레이시아,유학연수,2007-11-01,3.0
말레이시아,유학연수,2007-12-01,11.0
말레이시아,유학연수,2008-01-01,19.0
말레이시아,유학연수,2008-02-01,322.0
말레이시아,유학연수,2008-03-01,44.0
말레이시아,유학연수,2008-04-01,4.0
말레이시아,유학연수,2008-05-01,23.0
말레이시아,유학연수,2008-06-01,26.0
말레이시아,유학연수,2008-07-01,29.0
말레이시아,유학연수,2008-08-01,214.0
말레이시아,유학연수,2008-09-01,45.0
말레이시아,유학연수,2008-10-01,12.0
말레이시아,유학연수,2008-11-01,8.0
말레이시아,유학연수,2008-12-01,8.0
말레이시아,유학연수,2009-01-01,44.0
말레이시아,유학연수,2009-02-01,317.0
말레이시아,유학연수,2009-03-01,48.0
말레이시아,유학연수,2009-04-01,4.0
말레이시아,유학연수,2009-05-01,11.0
말레이시아,유학연수,2009-06-01,19.0
말레이시아,유학연수,2009-07-01,24.0
말레이시아,유학연수,2009-08-01,229.0
말레이시아,유학연수,2009-09-01,48.0
말레이시아,유학연수,2009-10-01,13.0
말레이시아,유학연수,2009-11-01,14.0
말레이시아,유학연수,2009-12-01,12.0
말레이시아,유학연수,2010-01-01,49.0
말레이시아,유학연수,2010-02-01,358.0
말레이시아,유학연수,2010-03-01,50.0
말레이시아,유학연수,2010-04-01,9.0
말레이시아,유학연수,2010-05-01,11.0
말레이시아,유학연수,2010-06-01,17.0
말레이시아,유학연수,2010-07-01,38.0
말레이시아,유학연수,2010-08-01,300.0
말레이시아,유학연수,2010-09-01,80.0
말레이시아,유학연수,2010-10-01,25.0
말레이시아,유학연수,2010-11-01,19.0
말레이시아,유학연수,2010-12-01,31.0
말레이시아,유학연수,2011-01-01,48.0
말레이시아,유학연수,2011-02-01,396.0
말레이시아,유학연수,2011-03-01,65.0
말레이시아,유학연수,2011-04-01,22.0
말레이시아,유학연수,2011-05-01,29.0
말레이시아,유학연수,2011-06-01,47.0
말레이시아,유학연수,2011-07-01,41.0
말레이시아,유학연수,2011-08-01,166.0
말레이시아,유학연수,2011-09-01,214.0
말레이시아,유학연수,2011-10-01,18.0
말레이시아,유학연수,2011-11-01,28.0
말레이시아,유학연수,2011-12-01,31.0
말레이시아,유학연수,2012-01-01,49.0
말레이시아,유학연수,2012-02-01,454.0
말레이시아,유학연수,2012-03-01,93.0
말레이시아,유학연수,2012-04-01,22.0
말레이시아,유학연수,2012-05-01,19.0
말레이시아,유학연수,2012-06-01,67.0
말레이시아,유학연수,2012-07-01,52.0
말레이시아,유학연수,2012-08-01,302.0
말레이시아,유학연수,2012-09-01,161.0
말레이시아,유학연수,2012-10-01,45.0
말레이시아,유학연수,2012-11-01,26.0
말레이시아,유학연수,2012-12-01,34.0
말레이시아,유학연수,2013-01-01,46.0
말레이시아,유학연수,2013-02-01,302.0
말레이시아,유학연수,2013-03-01,234.0
말레이시아,유학연수,2013-04-01,24.0
말레이시아,유학연수,2013-05-01,43.0
말레이시아,유학연수,2013-06-01,47.0
말레이시아,유학연수,2013-07-01,35.0
말레이시아,유학연수,2013-08-01,342.0
말레이시아,유학연수,2013-09-01,178.0
말레이시아,유학연수,2013-10-01,16.0
말레이시아,유학연수,2013-11-01,21.0
말레이시아,유학연수,2013-12-01,40.0
말레이시아,유학연수,2014-01-01,63.0
말레이시아,유학연수,2014-02-01,461.0
말레이시아,유학연수,2014-03-01,147.0
말레이시아,유학연수,2014-04-01,25.0
말레이시아,유학연수,2014-05-01,40.0
말레이시아,유학연수,2014-06-01,65.0
말레이시아,유학연수,2014-07-01,35.0
말레이시아,유학연수,2014-08-01,562.0
말레이시아,유학연수,2014-09-01,131.0
말레이시아,유학연수,2014-10-01,22.0
말레이시아,유학연수,2014-11-01,37.0
말레이시아,유학연수,2014-12-01,76.0
말레이시아,유학연수,2015-01-01,85.0
말레이시아,유학연수,2015-02-01,570.0
말레이시아,유학연수,2015-03-01,167.0
말레이시아,유학연수,2015-04-01,26.0
말레이시아,유학연수,2015-05-01,38.0
말레이시아,유학연수,2015-06-01,51.0
말레이시아,유학연수,2015-07-01,69.0
말레이시아,유학연수,2015-08-01,628.0
말레이시아,유학연수,2015-09-01,129.0
말레이시아,유학연수,2015-10-01,42.0
말레이시아,유학연수,2015-11-01,43.0
말레이시아,유학연수,2015-12-01,70.0
말레이시아,유학연수,2016-01-01,85.0
말레이시아,유학연수,2016-02-01,696.0
말레이시아,유학연수,2016-03-01,121.0
말레이시아,유학연수,2016-04-01,28.0
말레이시아,유학연수,2016-05-01,55.0
말레이시아,유학연수,2016-06-01,76.0
말레이시아,유학연수,2016-07-01,101.0
말레이시아,유학연수,2016-08-01,764.0
말레이시아,유학연수,2016-09-01,186.0
말레이시아,유학연수,2016-10-01,44.0
말레이시아,유학연수,2016-11-01,45.0
말레이시아,유학연수,2016-12-01,60.0
말레이시아,유학연수,2017-01-01,94.0
말레이시아,유학연수,2017-02-01,689.0
말레이시아,유학연수,2017-03-01,188.0
말레이시아,유학연수,2017-04-01,37.0
말레이시아,유학연수,2017-05-01,68.0
말레이시아,유학연수,2017-06-01,73.0
말레이시아,유학연수,2017-07-01,122.0
말레이시아,유학연수,2017-08-01,721.0
말레이시아,유학연수,2017-09-01,196.0
말레이시아,유학연수,2017-10-01,94.0
말레이시아,유학연수,2017-11-01,62.0
말레이시아,유학연수,2017-12-01,74.0
말레이시아,유학연수,2018-01-01,109.0
말레이시아,유학연수,2018-02-01,687.0
말레이시아,유학연수,2018-03-01,240.0
말레이시아,유학연수,2018-04-01,37.0
말레이시아,유학연수,2018-05-01,70.0
말레이시아,유학연수,2018-06-01,97.0
말레이시아,유학연수,2018-07-01,125.0
말레이시아,유학연수,2018-08-01,584.0
말레이시아,유학연수,2018-09-01,360.0
말레이시아,유학연수,2018-10-01,29.0
말레이시아,유학연수,2018-11-01,68.0
말레이시아,유학연수,2018-12-01,114.0
말레이시아,유학연수,2019-01-01,99.0
말레이시아,유학연수,2019-02-01,604.0
말레이시아,유학연수,2019-03-01,286.0
말레이시아,유학연수,2019-04-01,27.0
말레이시아,유학연수,2019-05-01,57.0
말레이시아,유학연수,2019-06-01,139.0
말레이시아,유학연수,2019-07-01,128.0
말레이시아,유학연수,2019-08-01,690.0
말레이시아,유학연수,2019-09-01,251.0
말레이시아,유학연수,2019-10-01,49.0
말레이시아,유학연수,2019-11-01,70.0
말레이시아,유학연수,2019-12-01,89.0
말레이시아,유학연수,2020-01-01,139.0
말레이시아,유학연수,2020-02-01,430.0
말레이시아,유학연수,2020-03-01,102.0
말레이시아,유학연수,2020-04-01,61.0
말레이시아,유학연수,2020-05-01,8.0
말레이시아,유학연수,2020-06-01,6.0
말레이시아,유학연수,2020-07-01,7.0
말레이시아,유학연수,2020-08-01,95.0
말레이시아,유학연수,2020-09-01,43.0
말레이시아,유학연수,2020-10-01,18.0
말레이시아,유학연수,2020-11-01,12.0
말레이시아,유학연수,2020-12-01,3.0
말레이시아,유학연수,2021-01-01,12.0
말레이시아,유학연수,2021-02-01,171.0
말레이시아,유학연수,2021-03-01,34.0
말레이시아,유학연수,2021-04-01,8.0
말레이시아,유학연수,2021-05-01,20.0
말레이시아,유학연수,2021-06-01,12.0
말레이시아,유학연수,2021-07-01,38.0
말레이시아,유학연수,2021-08-01,247.0
말레이시아,유학연수,2021-09-01,32.0
말레이시아,유학연수,2021-10-01,12.0
말레이시아,유학연수,2021-11-01,31.0
말레이시아,유학연수,2021-12-01,9.0
말레이시아,유학연수,2022-01-01,28.0
말레이시아,유학연수,2022-02-01,529.0
말레이시아,유학연수,2022-03-01,74.0
말레이시아,유학연수,2022-04-01,16.0
말레이시아,유학연수,2022-05-01,31.0
말레이시아,유학연수,2022-06-01,38.0
말레이시아,유학연수,2022-07-01,52.0
말레이시아,유학연수,2022-08-01,598.0
말레이시아,유학연수,2022-09-01,95.0
말레이시아,유학연수,2022-10-01,11.0
말레이시아,유학연수,2022-11-01,35.0
말레이시아,유학연수,2022-12-01,54.0
말레이시아,유학연수,2023-01-01,128.0
말레이시아,유학연수,2023-02-01,464.0
말레이시아,유학연수,2023-03-01,167.0
말레이시아,유학연수,2023-04-01,20.0
말레이시아,유학연수,2023-05-01,53.0
말레이시아,유학연수,2023-06-01,57.0
말레이시아,유학연수,2023-07-01,128.0
말레이시아,유학연수,2023-08-01,688.0
말레이시아,유학연수,2023-09-01,131.0
말레이시아,유학연수,2023-10-01,56.0
말레이시아,유학연수,2023-11-01,58.0
말레이시아,유학연수,2023-12-01,67.0
말레이시아,유학연수,2024-01-01,152.0
말레이시아,유학연수,2024-02-01,552.0
말레이시아,유학연수,2024-03-01,177.0
말레이시아,유학연수,2024-04-01,37.0
말레이시아,유학연수,2024-05-01,58.0
말레이시아,유학연수,2024-06-01,79.0
말레이시아,유학연수,2024-07-01,127.0
말레이시아,유학연수,2024-08-01,739.0
말레이시아,유학연수,2024-09-01,227.0
말레이시아,유학연수,2024-10-01,43.0
말레이시아,유학연수,2024-11-01,88.0
말레이시아,유학연수,2024-12-01,84.0
말레이시아,유학연수,2025-01-01,165.0
말레이시아,유학연수,2025-02-01,613.0
말레이시아,유학연수,2025-03-01,282.0
말레이시아,유학연수,2025-04-01,77.0
말레이시아,유학연수,2025-05-01,94.0
멕시코,공용,2005-01-01,1.0
멕시코,공용,2005-02-01,3.0
멕시코,공용,2005-03-01,0.0
멕시코,공용,2005-04-01,2.0
멕시코,공용,2005-05-01,2.0
멕시코,공용,2005-06-01,1.0
멕시코,공용,2005-07-01,0.0
멕시코,공용,2005-08-01,0.0
멕시코,공용,2005-09-01,2.0
멕시코,공용,2005-10-01,0.0
멕시코,공용,2005-11-01,25.0
멕시코,공용,2005-12-01,1.0
멕시코,공용,2006-01-01,1.0
멕시코,공용,2006-02-01,1.0
멕시코,공용,2006-03-01,0.0
멕시코,공용,2006-04-01,0.0
멕시코,공용,2006-05-01,0.0
멕시코,공용,2006-06-01,1.0
멕시코,공용,2006-07-01,1.0
멕시코,공용,2006-08-01,4.0
멕시코,공용,2006-09-01,4.0
멕시코,공용,2006-10-01,2.0
멕시코,공용,2006-11-01,3.0
멕시코,공용,2006-12-01,0.0
멕시코,공용,2007-01-01,2.0
멕시코,공용,2007-02-01,0.0
멕시코,공용,2007-03-01,1.0
멕시코,공용,2007-04-01,0.0
멕시코,공용,2007-05-01,2.0
멕시코,공용,2007-06-01,1.0
멕시코,공용,2007-07-01,3.0
멕시코,공용,2007-08-01,1.0
멕시코,공용,2007-09-01,1.0
멕시코,공용,2007-10-01,1.0
멕시코,공용,2007-11-01,2.0
멕시코,공용,2007-12-01,0.0
멕시코,공용,2008-01-01,0.0
멕시코,공용,2008-02-01,1.0
멕시코,공용,2008-03-01,0.0
멕시코,공용,2008-04-01,1.0
멕시코,공용,2008-05-01,0.0
멕시코,공용,2008-06-01,0.0
멕시코,공용,2008-07-01,0.0
멕시코,공용,2008-08-01,2.0
멕시코,공용,2008-09-01,0.0
멕시코,공용,2008-10-01,0.0
멕시코,공용,2008-11-01,2.0
멕시코,공용,2008-12-01,0.0
멕시코,공용,2009-01-01,1.0
멕시코,공용,2009-02-01,0.0
멕시코,공용,2009-03-01,0.0
멕시코,공용,2009-04-01,4.0
멕시코,공용,2009-05-01,2.0
멕시코,공용,2009-06-01,0.0
멕시코,공용,2009-07-01,1.0
멕시코,공용,2009-08-01,3.0
멕시코,공용,2009-09-01,3.0
멕시코,공용,2009-10-01,1.0
멕시코,공용,2009-11-01,3.0
멕시코,공용,2009-12-01,0.0
멕시코,공용,2010-01-01,1.0
멕시코,공용,2010-02-01,1.0
멕시코,공용,2010-03-01,1.0
멕시코,공용,2010-04-01,2.0
멕시코,공용,2010-05-01,0.0
멕시코,공용,2010-06-01,3.0
멕시코,공용,2010-07-01,1.0
멕시코,공용,2010-08-01,5.0
멕시코,공용,2010-09-01,0.0
멕시코,공용,2010-10-01,1.0
멕시코,공용,2010-11-01,11.0
멕시코,공용,2010-12-01,2.0
멕시코,공용,2011-01-01,0.0
멕시코,공용,2011-02-01,0.0
멕시코,공용,2011-03-01,2.0
멕시코,공용,2011-04-01,0.0
멕시코,공용,2011-05-01,4.0
멕시코,공용,2011-06-01,0.0
멕시코,공용,2011-07-01,2.0
멕시코,공용,2011-08-01,2.0
멕시코,공용,2011-09-01,0.0
멕시코,공용,2011-10-01,0.0
멕시코,공용,2011-11-01,1.0
멕시코,공용,2011-12-01,0.0
멕시코,공용,2012-01-01,1.0
멕시코,공용,2012-02-01,0.0
멕시코,공용,2012-03-01,3.0
멕시코,공용,2012-04-01,0.0
멕시코,공용,2012-05-01,0.0
멕시코,공용,2012-06-01,1.0
멕시코,공용,2012-07-01,1.0
멕시코,공용,2012-08-01,4.0
멕시코,공용,2012-09-01,1.0
멕시코,공용,2012-10-01,3.0
멕시코,공용,2012-11-01,3.0
멕시코,공용,2012-12-01,1.0
멕시코,공용,2013-01-01,2.0
멕시코,공용,2013-02-01,1.0
멕시코,공용,2013-03-01,3.0
멕시코,공용,2013-04-01,2.0
멕시코,공용,2013-05-01,6.0
멕시코,공용,2013-06-01,3.0
멕시코,공용,2013-07-01,6.0
멕시코,공용,2013-08-01,4.0
멕시코,공용,2013-09-01,3.0
멕시코,공용,2013-10-01,3.0
멕시코,공용,2013-11-01,1.0
멕시코,공용,2013-12-01,3.0
멕시코,공용,2014-01-01,5.0
멕시코,공용,2014-02-01,4.0
멕시코,공용,2014-03-01,1.0
멕시코,공용,2014-04-01,5.0
멕시코,공용,2014-05-01,10.0
멕시코,공용,2014-06-01,0.0
멕시코,공용,2014-07-01,2.0
멕시코,공용,2014-08-01,9.0
멕시코,공용,2014-09-01,5.0
멕시코,공용,2014-10-01,11.0
멕시코,공용,2014-11-01,2.0
멕시코,공용,2014-12-01,1.0
멕시코,공용,2015-01-01,6.0
멕시코,공용,2015-02-01,3.0
멕시코,공용,2015-03-01,2.0
멕시코,공용,2015-04-01,4.0
멕시코,공용,2015-05-01,5.0
멕시코,공용,2015-06-01,3.0
멕시코,공용,2015-07-01,2.0
멕시코,공용,2015-08-01,2.0
멕시코,공용,2015-09-01,4.0
멕시코,공용,2015-10-01,5.0
멕시코,공용,2015-11-01,6.0
멕시코,공용,2015-12-01,0.0
멕시코,공용,2016-01-01,3.0
멕시코,공용,2016-02-01,4.0
멕시코,공용,2016-03-01,1.0
멕시코,공용,2016-04-01,1.0
멕시코,공용,2016-05-01,3.0
멕시코,공용,2016-06-01,1.0
멕시코,공용,2016-07-01,4.0
멕시코,공용,2016-08-01,1.0
멕시코,공용,2016-09-01,2.0
멕시코,공용,2016-10-01,0.0
멕시코,공용,2016-11-01,2.0
멕시코,공용,2016-12-01,2.0
멕시코,공용,2017-01-01,6.0
멕시코,공용,2017-02-01,1.0
멕시코,공용,2017-03-01,5.0
멕시코,공용,2017-04-01,5.0
멕시코,공용,2017-05-01,3.0
멕시코,공용,2017-06-01,6.0
멕시코,공용,2017-07-01,6.0
멕시코,공용,2017-08-01,10.0
멕시코,공용,2017-09-01,3.0
멕시코,공용,2017-10-01,3.0
멕시코,공용,2017-11-01,8.0
멕시코,공용,2017-12-01,1.0
멕시코,공용,2018-01-01,11.0
멕시코,공용,2018-02-01,3.0
멕시코,공용,2018-03-01,4.0
멕시코,공용,2018-04-01,1.0
멕시코,공용,2018-05-01,8.0
멕시코,공용,2018-06-01,5.0
멕시코,공용,2018-07-01,4.0
멕시코,공용,2018-08-01,4.0
멕시코,공용,2018-09-01,11.0
멕시코,공용,2018-10-01,4.0
멕시코,공용,2018-11-01,4.0
멕시코,공용,2018-12-01,4.0
멕시코,공용,2019-01-01,7.0
멕시코,공용,2019-02-01,7.0
멕시코,공용,2019-03-01,1.0
멕시코,공용,2019-04-01,7.0
멕시코,공용,2019-05-01,13.0
멕시코,공용,2019-06-01,3.0
멕시코,공용,2019-07-01,4.0
멕시코,공용,2019-08-01,12.0
멕시코,공용,2019-09-01,12.0
멕시코,공용,2019-10-01,9.0
멕시코,공용,2019-11-01,7.0
멕시코,공용,2019-12-01,1.0
멕시코,공용,2020-01-01,15.0
멕시코,공용,2020-02-01,4.0
멕시코,공용,2020-03-01,2.0
멕시코,공용,2020-04-01,3.0
멕시코,공용,2020-05-01,0.0
멕시코,공용,2020-06-01,2.0
멕시코,공용,2020-07-01,0.0
멕시코,공용,2020-08-01,4.0
멕시코,공용,2020-09-01,2.0
멕시코,공용,2020-10-01,2.0
멕시코,공용,2020-11-01,2.0
멕시코,공용,2020-12-01,5.0
멕시코,공용,2021-01-01,3.0
멕시코,공용,2021-02-01,1.0
멕시코,공용,2021-03-01,4.0
멕시코,공용,2021-04-01,3.0
멕시코,공용,2021-05-01,3.0
멕시코,공용,2021-06-01,3.0
멕시코,공용,2021-07-01,3.0
멕시코,공용,2021-08-01,19.0
멕시코,공용,2021-09-01,4.0
멕시코,공용,2021-10-01,5.0
멕시코,공용,2021-11-01,7.0
멕시코,공용,2021-12-01,2.0
멕시코,공용,2022-01-01,7.0
멕시코,공용,2022-02-01,14.0
멕시코,공용,2022-03-01,2.0
멕시코,공용,2022-04-01,6.0
멕시코,공용,2022-05-01,3.0
멕시코,공용,2022-06-01,3.0
멕시코,공용,2022-07-01,5.0
멕시코,공용,2022-08-01,7.0
멕시코,공용,2022-09-01,6.0
멕시코,공용,2022-10-01,6.0
멕시코,공용,2022-11-01,6.0
멕시코,공용,2022-12-01,6.0
멕시코,공용,2023-01-01,12.0
멕시코,공용,2023-02-01,2.0
멕시코,공용,2023-03-01,10.0
멕시코,공용,2023-04-01,7.0
멕시코,공용,2023-05-01,6.0
멕시코,공용,2023-06-01,3.0
멕시코,공용,2023-07-01,11.0
멕시코,공용,2023-08-01,3.0
멕시코,공용,2023-09-01,9.0
멕시코,공용,2023-10-01,5.0
멕시코,공용,2023-11-01,10.0
멕시코,공용,2023-12-01,6.0
멕시코,공용,2024-01-01,4.0
멕시코,공용,2024-02-01,1.0
멕시코,공용,2024-03-01,10.0
멕시코,공용,2024-04-01,14.0
멕시코,공용,2024-05-01,11.0
멕시코,공용,2024-06-01,9.0
멕시코,공용,2024-07-01,3.0
멕시코,공용,2024-08-01,4.0
멕시코,공용,2024-09-01,9.0
멕시코,공용,2024-10-01,8.0
멕시코,공용,2024-11-01,11.0
멕시코,공용,2024-12-01,10.0
멕시코,공용,2025-01-01,12.0
멕시코,공용,2025-02-01,5.0
멕시코,공용,2025-03-01,7.0
멕시코,공용,2025-04-01,19.0
멕시코,공용,2025-05-01,6.0
멕시코,관광,2005-01-01,245.0
멕시코,관광,2005-02-01,186.0
멕시코,관광,2005-03-01,342.0
멕시코,관광,2005-04-01,436.0
멕시코,관광,2005-05-01,356.0
멕시코,관광,2005-06-01,570.0
멕시코,관광,2005-07-01,447.0
멕시코,관광,2005-08-01,616.0
멕시코,관광,2005-09-01,379.0
멕시코,관광,2005-10-01,450.0
멕시코,관광,2005-11-01,441.0
멕시코,관광,2005-12-01,281.0
멕시코,관광,2006-01-01,227.0
멕시코,관광,2006-02-01,263.0
멕시코,관광,2006-03-01,418.0
멕시코,관광,2006-04-01,451.0
멕시코,관광,2006-05-01,352.0
멕시코,관광,2006-06-01,441.0
멕시코,관광,2006-07-01,465.0
멕시코,관광,2006-08-01,491.0
멕시코,관광,2006-09-01,509.0
멕시코,관광,2006-10-01,591.0
멕시코,관광,2006-11-01,423.0
멕시코,관광,2006-12-01,277.0
멕시코,관광,2007-01-01,262.0
멕시코,관광,2007-02-01,209.0
멕시코,관광,2007-03-01,478.0
멕시코,관광,2007-04-01,482.0
멕시코,관광,2007-05-01,481.0
멕시코,관광,2007-06-01,528.0
멕시코,관광,2007-07-01,547.0
멕시코,관광,2007-08-01,401.0
멕시코,관광,2007-09-01,436.0
멕시코,관광,2007-10-01,688.0
멕시코,관광,2007-11-01,497.0
멕시코,관광,2007-12-01,286.0
멕시코,관광,2008-01-01,328.0
멕시코,관광,2008-02-01,211.0
멕시코,관광,2008-03-01,410.0
멕시코,관광,2008-04-01,397.0
멕시코,관광,2008-05-01,514.0
멕시코,관광,2008-06-01,443.0
멕시코,관광,2008-07-01,726.0
멕시코,관광,2008-08-01,348.0
멕시코,관광,2008-09-01,389.0
멕시코,관광,2008-10-01,501.0
멕시코,관광,2008-11-01,350.0
멕시코,관광,2008-12-01,266.0
멕시코,관광,2009-01-01,273.0
멕시코,관광,2009-02-01,208.0
멕시코,관광,2009-03-01,332.0
멕시코,관광,2009-04-01,328.0
멕시코,관광,2009-05-01,237.0
멕시코,관광,2009-06-01,228.0
멕시코,관광,2009-07-01,368.0
멕시코,관광,2009-08-01,346.0
멕시코,관광,2009-09-01,426.0
멕시코,관광,2009-10-01,533.0
멕시코,관광,2009-11-01,457.0
멕시코,관광,2009-12-01,264.0
멕시코,관광,2010-01-01,252.0
멕시코,관광,2010-02-01,287.0
멕시코,관광,2010-03-01,372.0
멕시코,관광,2010-04-01,427.0
멕시코,관광,2010-05-01,490.0
멕시코,관광,2010-06-01,498.0
멕시코,관광,2010-07-01,600.0
멕시코,관광,2010-08-01,573.0
멕시코,관광,2010-09-01,613.0
멕시코,관광,2010-10-01,807.0
멕시코,관광,2010-11-01,578.0
멕시코,관광,2010-12-01,317.0
멕시코,관광,2011-01-01,299.0
멕시코,관광,2011-02-01,296.0
멕시코,관광,2011-03-01,451.0
멕시코,관광,2011-04-01,540.0
멕시코,관광,2011-05-01,563.0
멕시코,관광,2011-06-01,451.0
멕시코,관광,2011-07-01,559.0
멕시코,관광,2011-08-01,499.0
멕시코,관광,2011-09-01,500.0
멕시코,관광,2011-10-01,619.0
멕시코,관광,2011-11-01,581.0
멕시코,관광,2011-12-01,322.0
멕시코,관광,2012-01-01,309.0
멕시코,관광,2012-02-01,336.0
멕시코,관광,2012-03-01,456.0
멕시코,관광,2012-04-01,689.0
멕시코,관광,2012-05-01,592.0
멕시코,관광,2012-06-01,602.0
멕시코,관광,2012-07-01,673.0
멕시코,관광,2012-08-01,528.0
멕시코,관광,2012-09-01,700.0
멕시코,관광,2012-10-01,935.0
멕시코,관광,2012-11-01,545.0
멕시코,관광,2012-12-01,429.0
멕시코,관광,2013-01-01,471.0
멕시코,관광,2013-02-01,336.0
멕시코,관광,2013-03-01,628.0
멕시코,관광,2013-04-01,512.0
멕시코,관광,2013-05-01,510.0
멕시코,관광,2013-06-01,714.0
멕시코,관광,2013-07-01,676.0
멕시코,관광,2013-08-01,600.0
멕시코,관광,2013-09-01,635.0
멕시코,관광,2013-10-01,818.0
멕시코,관광,2013-11-01,526.0
멕시코,관광,2013-12-01,551.0
멕시코,관광,2014-01-01,331.0
멕시코,관광,2014-02-01,408.0
멕시코,관광,2014-03-01,646.0
멕시코,관광,2014-04-01,907.0
멕시코,관광,2014-05-01,826.0
멕시코,관광,2014-06-01,803.0
멕시코,관광,2014-07-01,914.0
멕시코,관광,2014-08-01,693.0
멕시코,관광,2014-09-01,820.0
멕시코,관광,2014-10-01,1003.0
멕시코,관광,2014-11-01,775.0
멕시코,관광,2014-12-01,576.0
멕시코,관광,2015-01-01,536.0
멕시코,관광,2015-02-01,445.0
멕시코,관광,2015-03-01,860.0
멕시코,관광,2015-04-01,1209.0
멕시코,관광,2015-05-01,954.0
멕시코,관광,2015-06-01,962.0
멕시코,관광,2015-07-01,1205.0
멕시코,관광,2015-08-01,1088.0
멕시코,관광,2015-09-01,775.0
멕시코,관광,2015-10-01,1174.0
멕시코,관광,2015-11-01,908.0
멕시코,관광,2015-12-01,588.0
멕시코,관광,2016-01-01,547.0
멕시코,관광,2016-02-01,408.0
멕시코,관광,2016-03-01,899.0
멕시코,관광,2016-04-01,915.0
멕시코,관광,2016-05-01,872.0
멕시코,관광,2016-06-01,1265.0
멕시코,관광,2016-07-01,1026.0
멕시코,관광,2016-08-01,708.0
멕시코,관광,2016-09-01,987.0
멕시코,관광,2016-10-01,1120.0
멕시코,관광,2016-11-01,927.0
멕시코,관광,2016-12-01,675.0
멕시코,관광,2017-01-01,558.0
멕시코,관광,2017-02-01,580.0
멕시코,관광,2017-03-01,974.0
멕시코,관광,2017-04-01,1486.0
멕시코,관광,2017-05-01,1004.0
멕시코,관광,2017-06-01,930.0
멕시코,관광,2017-07-01,2053.0
멕시코,관광,2017-08-01,1253.0
멕시코,관광,2017-09-01,1546.0
멕시코,관광,2017-10-01,1536.0
멕시코,관광,2017-11-01,1419.0
멕시코,관광,2017-12-01,1197.0
멕시코,관광,2018-01-01,921.0
멕시코,관광,2018-02-01,828.0
멕시코,관광,2018-03-01,1798.0
멕시코,관광,2018-04-01,1833.0
멕시코,관광,2018-05-01,1544.0
멕시코,관광,2018-06-01,1521.0
멕시코,관광,2018-07-01,2418.0
멕시코,관광,2018-08-01,1409.0
멕시코,관광,2018-09-01,1511.0
멕시코,관광,2018-10-01,2117.0
멕시코,관광,2018-11-01,1659.0
멕시코,관광,2018-12-01,1385.0
멕시코,관광,2019-01-01,1282.0
멕시코,관광,2019-02-01,818.0
멕시코,관광,2019-03-01,1663.0
멕시코,관광,2019-04-01,2722.0
멕시코,관광,2019-05-01,1934.0
멕시코,관광,2019-06-01,1821.0
멕시코,관광,2019-07-01,2669.0
멕시코,관광,2019-08-01,1862.0
멕시코,관광,2019-09-01,2506.0
멕시코,관광,2019-10-01,2355.0
멕시코,관광,2019-11-01,1835.0
멕시코,관광,2019-12-01,1852.0
멕시코,관광,2020-01-01,1478.0
멕시코,관광,2020-02-01,878.0
멕시코,관광,2020-03-01,150.0
멕시코,관광,2020-04-01,12.0
멕시코,관광,2020-05-01,20.0
멕시코,관광,2020-06-01,21.0
멕시코,관광,2020-07-01,28.0
멕시코,관광,2020-08-01,43.0
멕시코,관광,2020-09-01,38.0
멕시코,관광,2020-10-01,44.0
멕시코,관광,2020-11-01,41.0
멕시코,관광,2020-12-01,44.0
멕시코,관광,2021-01-01,36.0
멕시코,관광,2021-02-01,25.0
멕시코,관광,2021-03-01,45.0
멕시코,관광,2021-04-01,40.0
멕시코,관광,2021-05-01,48.0
멕시코,관광,2021-06-01,65.0
멕시코,관광,2021-07-01,52.0
멕시코,관광,2021-08-01,41.0
멕시코,관광,2021-09-01,66.0
멕시코,관광,2021-10-01,68.0
멕시코,관광,2021-11-01,96.0
멕시코,관광,2021-12-01,54.0
멕시코,관광,2022-01-01,37.0
멕시코,관광,2022-02-01,39.0
멕시코,관광,2022-03-01,67.0
멕시코,관광,2022-04-01,316.0
멕시코,관광,2022-05-01,367.0
멕시코,관광,2022-06-01,403.0
멕시코,관광,2022-07-01,497.0
멕시코,관광,2022-08-01,498.0
멕시코,관광,2022-09-01,858.0
멕시코,관광,2022-10-01,1030.0
멕시코,관광,2022-11-01,849.0
멕시코,관광,2022-12-01,717.0
멕시코,관광,2023-01-01,537.0
멕시코,관광,2023-02-01,472.0
멕시코,관광,2023-03-01,1111.0
멕시코,관광,2023-04-01,2207.0
멕시코,관광,2023-05-01,1402.0
멕시코,관광,2023-06-01,1320.0
멕시코,관광,2023-07-01,2555.0
멕시코,관광,2023-08-01,1638.0
멕시코,관광,2023-09-01,1889.0
멕시코,관광,2023-10-01,2315.0
멕시코,관광,2023-11-01,1678.0
멕시코,관광,2023-12-01,1293.0
멕시코,관광,2024-01-01,960.0
멕시코,관광,2024-02-01,938.0
멕시코,관광,2024-03-01,2752.0
멕시코,관광,2024-04-01,2566.0
멕시코,관광,2024-05-01,2082.0
멕시코,관광,2024-06-01,2239.0
멕시코,관광,2024-07-01,3597.0
멕시코,관광,2024-08-01,7087.0
멕시코,관광,2024-09-01,7449.0
멕시코,관광,2024-10-01,9516.0
멕시코,관광,2024-11-01,7246.0
멕시코,관광,2024-12-01,4705.0
멕시코,관광,2025-01-01,3474.0
멕시코,관광,2025-02-01,3631.0
멕시코,관광,2025-03-01,5700.0
멕시코,관광,2025-04-01,9139.0
멕시코,관광,2025-05-01,5637.0
멕시코,상용,2005-01-01,17.0
멕시코,상용,2005-02-01,7.0
멕시코,상용,2005-03-01,20.0
멕시코,상용,2005-04-01,10.0
멕시코,상용,2005-05-01,10.0
멕시코,상용,2005-06-01,24.0
멕시코,상용,2005-07-01,13.0
멕시코,상용,2005-08-01,10.0
멕시코,상용,2005-09-01,21.0
멕시코,상용,2005-10-01,21.0
멕시코,상용,2005-11-01,15.0
멕시코,상용,2005-12-01,1.0
멕시코,상용,2006-01-01,34.0
멕시코,상용,2006-02-01,8.0
멕시코,상용,2006-03-01,35.0
멕시코,상용,2006-04-01,9.0
멕시코,상용,2006-05-01,9.0
멕시코,상용,2006-06-01,9.0
멕시코,상용,2006-07-01,13.0
멕시코,상용,2006-08-01,7.0
멕시코,상용,2006-09-01,5.0
멕시코,상용,2006-10-01,3.0
멕시코,상용,2006-11-01,8.0
멕시코,상용,2006-12-01,1.0
멕시코,상용,2007-01-01,7.0
멕시코,상용,2007-02-01,1.0
멕시코,상용,2007-03-01,7.0
멕시코,상용,2007-04-01,5.0
멕시코,상용,2007-05-01,2.0
멕시코,상용,2007-06-01,7.0
멕시코,상용,2007-07-01,7.0
멕시코,상용,2007-08-01,9.0
멕시코,상용,2007-09-01,8.0
멕시코,상용,2007-10-01,10.0
멕시코,상용,2007-11-01,21.0
멕시코,상용,2007-12-01,8.0
멕시코,상용,2008-01-01,12.0
멕시코,상용,2008-02-01,9.0
멕시코,상용,2008-03-01,12.0
멕시코,상용,2008-04-01,19.0
멕시코,상용,2008-05-01,5.0
멕시코,상용,2008-06-01,9.0
멕시코,상용,2008-07-01,6.0
멕시코,상용,2008-08-01,10.0
멕시코,상용,2008-09-01,5.0
멕시코,상용,2008-10-01,22.0
멕시코,상용,2008-11-01,7.0
멕시코,상용,2008-12-01,14.0
멕시코,상용,2009-01-01,21.0
멕시코,상용,2009-02-01,6.0
멕시코,상용,2009-03-01,16.0
멕시코,상용,2009-04-01,14.0
멕시코,상용,2009-05-01,14.0
멕시코,상용,2009-06-01,11.0
멕시코,상용,2009-07-01,7.0
멕시코,상용,2009-08-01,11.0
멕시코,상용,2009-09-01,11.0
멕시코,상용,2009-10-01,9.0
멕시코,상용,2009-11-01,10.0
멕시코,상용,2009-12-01,9.0
멕시코,상용,2010-01-01,29.0
멕시코,상용,2010-02-01,8.0
멕시코,상용,2010-03-01,8.0
멕시코,상용,2010-04-01,8.0
멕시코,상용,2010-05-01,11.0
멕시코,상용,2010-06-01,12.0
멕시코,상용,2010-07-01,16.0
멕시코,상용,2010-08-01,16.0
멕시코,상용,2010-09-01,24.0
멕시코,상용,2010-10-01,16.0
멕시코,상용,2010-11-01,19.0
멕시코,상용,2010-12-01,31.0
멕시코,상용,2011-01-01,30.0
멕시코,상용,2011-02-01,12.0
멕시코,상용,2011-03-01,20.0
멕시코,상용,2011-04-01,8.0
멕시코,상용,2011-05-01,15.0
멕시코,상용,2011-06-01,18.0
멕시코,상용,2011-07-01,22.0
멕시코,상용,2011-08-01,16.0
멕시코,상용,2011-09-01,27.0
멕시코,상용,2011-10-01,16.0
멕시코,상용,2011-11-01,9.0
멕시코,상용,2011-12-01,15.0
멕시코,상용,2012-01-01,27.0
멕시코,상용,2012-02-01,5.0
멕시코,상용,2012-03-01,20.0
멕시코,상용,2012-04-01,14.0
멕시코,상용,2012-05-01,13.0
멕시코,상용,2012-06-01,16.0
멕시코,상용,2012-07-01,17.0
멕시코,상용,2012-08-01,22.0
멕시코,상용,2012-09-01,8.0
멕시코,상용,2012-10-01,20.0
멕시코,상용,2012-11-01,14.0
멕시코,상용,2012-12-01,12.0
멕시코,상용,2013-01-01,19.0
멕시코,상용,2013-02-01,5.0
멕시코,상용,2013-03-01,18.0
멕시코,상용,2013-04-01,12.0
멕시코,상용,2013-05-01,14.0
멕시코,상용,2013-06-01,11.0
멕시코,상용,2013-07-01,14.0
멕시코,상용,2013-08-01,6.0
멕시코,상용,2013-09-01,12.0
멕시코,상용,2013-10-01,10.0
멕시코,상용,2013-11-01,9.0
멕시코,상용,2013-12-01,7.0
멕시코,상용,2014-01-01,10.0
멕시코,상용,2014-02-01,8.0
멕시코,상용,2014-03-01,10.0
멕시코,상용,2014-04-01,9.0
멕시코,상용,2014-05-01,15.0
멕시코,상용,2014-06-01,14.0
멕시코,상용,2014-07-01,11.0
멕시코,상용,2014-08-01,9.0
멕시코,상용,2014-09-01,17.0
멕시코,상용,2014-10-01,9.0
멕시코,상용,2014-11-01,5.0
멕시코,상용,2014-12-01,6.0
멕시코,상용,2015-01-01,10.0
멕시코,상용,2015-02-01,10.0
멕시코,상용,2015-03-01,11.0
멕시코,상용,2015-04-01,11.0
멕시코,상용,2015-05-01,15.0
멕시코,상용,2015-06-01,12.0
멕시코,상용,2015-07-01,9.0
멕시코,상용,2015-08-01,11.0
멕시코,상용,2015-09-01,7.0
멕시코,상용,2015-10-01,5.0
멕시코,상용,2015-11-01,5.0
멕시코,상용,2015-12-01,4.0
멕시코,상용,2016-01-01,8.0
멕시코,상용,2016-02-01,9.0
멕시코,상용,2016-03-01,3.0
멕시코,상용,2016-04-01,6.0
멕시코,상용,2016-05-01,9.0
멕시코,상용,2016-06-01,6.0
멕시코,상용,2016-07-01,3.0
멕시코,상용,2016-08-01,8.0
멕시코,상용,2016-09-01,6.0
멕시코,상용,2016-10-01,9.0
멕시코,상용,2016-11-01,8.0
멕시코,상용,2016-12-01,1.0
멕시코,상용,2017-01-01,9.0
멕시코,상용,2017-02-01,8.0
멕시코,상용,2017-03-01,8.0
멕시코,상용,2017-04-01,10.0
멕시코,상용,2017-05-01,4.0
멕시코,상용,2017-06-01,6.0
멕시코,상용,2017-07-01,6.0
멕시코,상용,2017-08-01,4.0
멕시코,상용,2017-09-01,11.0
멕시코,상용,2017-10-01,7.0
멕시코,상용,2017-11-01,6.0
멕시코,상용,2017-12-01,8.0
멕시코,상용,2018-01-01,7.0
멕시코,상용,2018-02-01,3.0
멕시코,상용,2018-03-01,8.0
멕시코,상용,2018-04-01,8.0
멕시코,상용,2018-05-01,5.0
멕시코,상용,2018-06-01,5.0
멕시코,상용,2018-07-01,2.0
멕시코,상용,2018-08-01,7.0
멕시코,상용,2018-09-01,8.0
멕시코,상용,2018-10-01,11.0
멕시코,상용,2018-11-01,9.0
멕시코,상용,2018-12-01,2.0
멕시코,상용,2019-01-01,11.0
멕시코,상용,2019-02-01,1.0
멕시코,상용,2019-03-01,7.0
멕시코,상용,2019-04-01,7.0
멕시코,상용,2019-05-01,3.0
멕시코,상용,2019-06-01,7.0
멕시코,상용,2019-07-01,8.0
멕시코,상용,2019-08-01,11.0
멕시코,상용,2019-09-01,3.0
멕시코,상용,2019-10-01,5.0
멕시코,상용,2019-11-01,5.0
멕시코,상용,2019-12-01,6.0
멕시코,상용,2020-01-01,7.0
멕시코,상용,2020-02-01,1.0
멕시코,상용,2020-03-01,1.0
멕시코,상용,2020-04-01,0.0
멕시코,상용,2020-05-01,1.0
멕시코,상용,2020-06-01,1.0
멕시코,상용,2020-07-01,0.0
멕시코,상용,2020-08-01,0.0
멕시코,상용,2020-09-01,0.0
멕시코,상용,2020-10-01,0.0
멕시코,상용,2020-11-01,1.0
멕시코,상용,2020-12-01,1.0
멕시코,상용,2021-01-01,1.0
멕시코,상용,2021-02-01,0.0
멕시코,상용,2021-03-01,1.0
멕시코,상용,2021-04-01,0.0
멕시코,상용,2021-05-01,1.0
멕시코,상용,2021-06-01,1.0
멕시코,상용,2021-07-01,1.0
멕시코,상용,2021-08-01,0.0
멕시코,상용,2021-09-01,0.0
멕시코,상용,2021-10-01,0.0
멕시코,상용,2021-11-01,2.0
멕시코,상용,2021-12-01,0.0
멕시코,상용,2022-01-01,2.0
멕시코,상용,2022-02-01,2.0
멕시코,상용,2022-03-01,1.0
멕시코,상용,2022-04-01,2.0
멕시코,상용,2022-05-01,1.0
멕시코,상용,2022-06-01,2.0
멕시코,상용,2022-07-01,4.0
멕시코,상용,2022-08-01,2.0
멕시코,상용,2022-09-01,4.0
멕시코,상용,2022-10-01,7.0
멕시코,상용,2022-11-01,8.0
멕시코,상용,2022-12-01,5.0
멕시코,상용,2023-01-01,3.0
멕시코,상용,2023-02-01,4.0
멕시코,상용,2023-03-01,15.0
멕시코,상용,2023-04-01,6.0
멕시코,상용,2023-05-01,6.0
멕시코,상용,2023-06-01,6.0
멕시코,상용,2023-07-01,4.0
멕시코,상용,2023-08-01,8.0
멕시코,상용,2023-09-01,7.0
멕시코,상용,2023-10-01,11.0
멕시코,상용,2023-11-01,5.0
멕시코,상용,2023-12-01,3.0
멕시코,상용,2024-01-01,6.0
멕시코,상용,2024-02-01,1.0
멕시코,상용,2024-03-01,6.0
멕시코,상용,2024-04-01,6.0
멕시코,상용,2024-05-01,4.0
멕시코,상용,2024-06-01,5.0
멕시코,상용,2024-07-01,4.0
멕시코,상용,2024-08-01,6.0
멕시코,상용,2024-09-01,8.0
멕시코,상용,2024-10-01,4.0
멕시코,상용,2024-11-01,4.0
멕시코,상용,2024-12-01,6.0
멕시코,상용,2025-01-01,10.0
멕시코,상용,2025-02-01,4.0
멕시코,상용,2025-03-01,9.0
멕시코,상용,2025-04-01,8.0
멕시코,상용,2025-05-01,9.0
멕시코,유학연수,2005-01-01,2.0
멕시코,유학연수,2005-02-01,10.0
멕시코,유학연수,2005-03-01,1.0
멕시코,유학연수,2005-04-01,4.0
멕시코,유학연수,2005-05-01,3.0
멕시코,유학연수,2005-06-01,11.0
멕시코,유학연수,2005-07-01,2.0
멕시코,유학연수,2005-08-01,16.0
멕시코,유학연수,2005-09-01,1.0
멕시코,유학연수,2005-10-01,0.0
멕시코,유학연수,2005-11-01,1.0
멕시코,유학연수,2005-12-01,6.0
멕시코,유학연수,2006-01-01,5.0
멕시코,유학연수,2006-02-01,15.0
멕시코,유학연수,2006-03-01,3.0
멕시코,유학연수,2006-04-01,5.0
멕시코,유학연수,2006-05-01,6.0
멕시코,유학연수,2006-06-01,1.0
멕시코,유학연수,2006-07-01,3.0
멕시코,유학연수,2006-08-01,15.0
멕시코,유학연수,2006-09-01,28.0
멕시코,유학연수,2006-10-01,2.0
멕시코,유학연수,2006-11-01,3.0
멕시코,유학연수,2006-12-01,5.0
멕시코,유학연수,2007-01-01,4.0
멕시코,유학연수,2007-02-01,8.0
멕시코,유학연수,2007-03-01,3.0
멕시코,유학연수,2007-04-01,4.0
멕시코,유학연수,2007-05-01,5.0
멕시코,유학연수,2007-06-01,3.0
멕시코,유학연수,2007-07-01,3.0
멕시코,유학연수,2007-08-01,50.0
멕시코,유학연수,2007-09-01,8.0
멕시코,유학연수,2007-10-01,1.0
멕시코,유학연수,2007-11-01,2.0
멕시코,유학연수,2007-12-01,7.0
멕시코,유학연수,2008-01-01,8.0
멕시코,유학연수,2008-02-01,20.0
멕시코,유학연수,2008-03-01,6.0
멕시코,유학연수,2008-04-01,5.0
멕시코,유학연수,2008-05-01,12.0
멕시코,유학연수,2008-06-01,9.0
멕시코,유학연수,2008-07-01,36.0
멕시코,유학연수,2008-08-01,29.0
멕시코,유학연수,2008-09-01,5.0
멕시코,유학연수,2008-10-01,5.0
멕시코,유학연수,2008-11-01,2.0
멕시코,유학연수,2008-12-01,7.0
멕시코,유학연수,2009-01-01,13.0
멕시코,유학연수,2009-02-01,16.0
멕시코,유학연수,2009-03-01,2.0
멕시코,유학연수,2009-04-01,2.0
멕시코,유학연수,2009-05-01,3.0
멕시코,유학연수,2009-06-01,9.0
멕시코,유학연수,2009-07-01,5.0
멕시코,유학연수,2009-08-01,41.0
멕시코,유학연수,2009-09-01,2.0
멕시코,유학연수,2009-10-01,3.0
멕시코,유학연수,2009-11-01,6.0
멕시코,유학연수,2009-12-01,4.0
멕시코,유학연수,2010-01-01,4.0
멕시코,유학연수,2010-02-01,26.0
멕시코,유학연수,2010-03-01,8.0
멕시코,유학연수,2010-04-01,5.0
멕시코,유학연수,2010-05-01,9.0
멕시코,유학연수,2010-06-01,6.0
멕시코,유학연수,2010-07-01,21.0
멕시코,유학연수,2010-08-01,57.0
멕시코,유학연수,2010-09-01,15.0
멕시코,유학연수,2010-10-01,19.0
멕시코,유학연수,2010-11-01,11.0
멕시코,유학연수,2010-12-01,6.0
멕시코,유학연수,2011-01-01,17.0
멕시코,유학연수,2011-02-01,61.0
멕시코,유학연수,2011-03-01,9.0
멕시코,유학연수,2011-04-01,3.0
멕시코,유학연수,2011-05-01,9.0
멕시코,유학연수,2011-06-01,7.0
멕시코,유학연수,2011-07-01,22.0
멕시코,유학연수,2011-08-01,56.0
멕시코,유학연수,2011-09-01,25.0
멕시코,유학연수,2011-10-01,3.0
멕시코,유학연수,2011-11-01,15.0
멕시코,유학연수,2011-12-01,14.0
멕시코,유학연수,2012-01-01,30.0
멕시코,유학연수,2012-02-01,51.0
멕시코,유학연수,2012-03-01,13.0
멕시코,유학연수,2012-04-01,9.0
멕시코,유학연수,2012-05-01,7.0
멕시코,유학연수,2012-06-01,14.0
멕시코,유학연수,2012-07-01,17.0
멕시코,유학연수,2012-08-01,63.0
멕시코,유학연수,2012-09-01,12.0
멕시코,유학연수,2012-10-01,13.0
멕시코,유학연수,2012-11-01,21.0
멕시코,유학연수,2012-12-01,13.0
멕시코,유학연수,2013-01-01,18.0
멕시코,유학연수,2013-02-01,94.0
멕시코,유학연수,2013-03-01,11.0
멕시코,유학연수,2013-04-01,15.0
멕시코,유학연수,2013-05-01,19.0
멕시코,유학연수,2013-06-01,23.0
멕시코,유학연수,2013-07-01,26.0
멕시코,유학연수,2013-08-01,95.0
멕시코,유학연수,2013-09-01,11.0
멕시코,유학연수,2013-10-01,7.0
멕시코,유학연수,2013-11-01,12.0
멕시코,유학연수,2013-12-01,11.0
멕시코,유학연수,2014-01-01,34.0
멕시코,유학연수,2014-02-01,87.0
멕시코,유학연수,2014-03-01,15.0
멕시코,유학연수,2014-04-01,5.0
멕시코,유학연수,2014-05-01,18.0
멕시코,유학연수,2014-06-01,26.0
멕시코,유학연수,2014-07-01,43.0
멕시코,유학연수,2014-08-01,140.0
멕시코,유학연수,2014-09-01,17.0
멕시코,유학연수,2014-10-01,8.0
멕시코,유학연수,2014-11-01,36.0
멕시코,유학연수,2014-12-01,30.0
멕시코,유학연수,2015-01-01,44.0
멕시코,유학연수,2015-02-01,157.0
멕시코,유학연수,2015-03-01,19.0
멕시코,유학연수,2015-04-01,25.0
멕시코,유학연수,2015-05-01,37.0
멕시코,유학연수,2015-06-01,49.0
멕시코,유학연수,2015-07-01,64.0
멕시코,유학연수,2015-08-01,189.0
멕시코,유학연수,2015-09-01,22.0
멕시코,유학연수,2015-10-01,22.0
멕시코,유학연수,2015-11-01,59.0
멕시코,유학연수,2015-12-01,54.0
멕시코,유학연수,2016-01-01,58.0
멕시코,유학연수,2016-02-01,172.0
멕시코,유학연수,2016-03-01,20.0
멕시코,유학연수,2016-04-01,12.0
멕시코,유학연수,2016-05-01,65.0
멕시코,유학연수,2016-06-01,47.0
멕시코,유학연수,2016-07-01,78.0
멕시코,유학연수,2016-08-01,190.0
멕시코,유학연수,2016-09-01,7.0
멕시코,유학연수,2016-10-01,12.0
멕시코,유학연수,2016-11-01,61.0
멕시코,유학연수,2016-12-01,39.0
멕시코,유학연수,2017-01-01,49.0
멕시코,유학연수,2017-02-01,186.0
멕시코,유학연수,2017-03-01,24.0
멕시코,유학연수,2017-04-01,21.0
멕시코,유학연수,2017-05-01,87.0
멕시코,유학연수,2017-06-01,35.0
멕시코,유학연수,2017-07-01,72.0
멕시코,유학연수,2017-08-01,194.0
멕시코,유학연수,2017-09-01,20.0
멕시코,유학연수,2017-10-01,34.0
멕시코,유학연수,2017-11-01,45.0
멕시코,유학연수,2017-12-01,36.0
멕시코,유학연수,2018-01-01,58.0
멕시코,유학연수,2018-02-01,137.0
멕시코,유학연수,2018-03-01,33.0
멕시코,유학연수,2018-04-01,13.0
멕시코,유학연수,2018-05-01,35.0
멕시코,유학연수,2018-06-01,40.0
멕시코,유학연수,2018-07-01,57.0
멕시코,유학연수,2018-08-01,194.0
멕시코,유학연수,2018-09-01,19.0
멕시코,유학연수,2018-10-01,12.0
멕시코,유학연수,2018-11-01,45.0
멕시코,유학연수,2018-12-01,57.0
멕시코,유학연수,2019-01-01,38.0
멕시코,유학연수,2019-02-01,207.0
멕시코,유학연수,2019-03-01,18.0
멕시코,유학연수,2019-04-01,15.0
멕시코,유학연수,2019-05-01,68.0
멕시코,유학연수,2019-06-01,47.0
멕시코,유학연수,2019-07-01,81.0
멕시코,유학연수,2019-08-01,235.0
멕시코,유학연수,2019-09-01,27.0
멕시코,유학연수,2019-10-01,24.0
멕시코,유학연수,2019-11-01,84.0
멕시코,유학연수,2019-12-01,62.0
멕시코,유학연수,2020-01-01,65.0
멕시코,유학연수,2020-02-01,135.0
멕시코,유학연수,2020-03-01,26.0
멕시코,유학연수,2020-04-01,1.0
멕시코,유학연수,2020-05-01,0.0
멕시코,유학연수,2020-06-01,1.0
멕시코,유학연수,2020-07-01,2.0
멕시코,유학연수,2020-08-01,36.0
멕시코,유학연수,2020-09-01,2.0
멕시코,유학연수,2020-10-01,0.0
멕시코,유학연수,2020-11-01,6.0
멕시코,유학연수,2020-12-01,2.0
멕시코,유학연수,2021-01-01,18.0
멕시코,유학연수,2021-02-01,78.0
멕시코,유학연수,2021-03-01,3.0
멕시코,유학연수,2021-04-01,1.0
멕시코,유학연수,2021-05-01,7.0
멕시코,유학연수,2021-06-01,1.0
멕시코,유학연수,2021-07-01,18.0
멕시코,유학연수,2021-08-01,161.0
멕시코,유학연수,2021-09-01,23.0
멕시코,유학연수,2021-10-01,3.0
멕시코,유학연수,2021-11-01,9.0
멕시코,유학연수,2021-12-01,5.0
멕시코,유학연수,2022-01-01,30.0
멕시코,유학연수,2022-02-01,203.0
멕시코,유학연수,2022-03-01,16.0
멕시코,유학연수,2022-04-01,3.0
멕시코,유학연수,2022-05-01,7.0
멕시코,유학연수,2022-06-01,12.0
멕시코,유학연수,2022-07-01,31.0
멕시코,유학연수,2022-08-01,313.0
멕시코,유학연수,2022-09-01,15.0
멕시코,유학연수,2022-10-01,4.0
멕시코,유학연수,2022-11-01,18.0
멕시코,유학연수,2022-12-01,71.0
멕시코,유학연수,2023-01-01,77.0
멕시코,유학연수,2023-02-01,183.0
멕시코,유학연수,2023-03-01,23.0
멕시코,유학연수,2023-04-01,8.0
멕시코,유학연수,2023-05-01,40.0
멕시코,유학연수,2023-06-01,58.0
멕시코,유학연수,2023-07-01,63.0
멕시코,유학연수,2023-08-01,234.0
멕시코,유학연수,2023-09-01,27.0
멕시코,유학연수,2023-10-01,9.0
멕시코,유학연수,2023-11-01,40.0
멕시코,유학연수,2023-12-01,56.0
멕시코,유학연수,2024-01-01,69.0
멕시코,유학연수,2024-02-01,200.0
멕시코,유학연수,2024-03-01,24.0
멕시코,유학연수,2024-04-01,13.0
멕시코,유학연수,2024-05-01,47.0
멕시코,유학연수,2024-06-01,65.0
멕시코,유학연수,2024-07-01,45.0
멕시코,유학연수,2024-08-01,296.0
멕시코,유학연수,2024-09-01,47.0
멕시코,유학연수,2024-10-01,13.0
멕시코,유학연수,2024-11-01,41.0
멕시코,유학연수,2024-12-01,69.0
멕시코,유학연수,2025-01-01,94.0
멕시코,유학연수,2025-02-01,231.0
멕시코,유학연수,2025-03-01,35.0
멕시코,유학연수,2025-04-01,19.0
멕시코,유학연수,2025-05-01,66.0
몽골,공용,2005-01-01,2.0
몽골,공용,2005-02-01,1.0
몽골,공용,2005-03-01,2.0
몽골,공용,2005-04-01,1.0
몽골,공용,2005-05-01,2.0
몽골,공용,2005-06-01,1.0
몽골,공용,2005-07-01,2.0
몽골,공용,2005-08-01,8.0
몽골,공용,2005-09-01,1.0
몽골,공용,2005-10-01,2.0
몽골,공용,2005-11-01,2.0
몽골,공용,2005-12-01,5.0
몽골,공용,2006-01-01,2.0
몽골,공용,2006-02-01,2.0
몽골,공용,2006-03-01,1.0
몽골,공용,2006-04-01,2.0
몽골,공용,2006-05-01,2.0
몽골,공용,2006-06-01,4.0
몽골,공용,2006-07-01,3.0
몽골,공용,2006-08-01,6.0
몽골,공용,2006-09-01,4.0
몽골,공용,2006-10-01,4.0
몽골,공용,2006-11-01,5.0
몽골,공용,2006-12-01,2.0
몽골,공용,2007-01-01,3.0
몽골,공용,2007-02-01,1.0
몽골,공용,2007-03-01,1.0
몽골,공용,2007-04-01,4.0
몽골,공용,2007-05-01,3.0
몽골,공용,2007-06-01,1.0
몽골,공용,2007-07-01,3.0
몽골,공용,2007-08-01,5.0
몽골,공용,2007-09-01,5.0
몽골,공용,2007-10-01,4.0
몽골,공용,2007-11-01,2.0
몽골,공용,2007-12-01,2.0
몽골,공용,2008-01-01,0.0
몽골,공용,2008-02-01,3.0
몽골,공용,2008-03-01,4.0
몽골,공용,2008-04-01,2.0
몽골,공용,2008-05-01,4.0
몽골,공용,2008-06-01,2.0
몽골,공용,2008-07-01,10.0
몽골,공용,2008-08-01,3.0
몽골,공용,2008-09-01,4.0
몽골,공용,2008-10-01,2.0
몽골,공용,2008-11-01,1.0
몽골,공용,2008-12-01,1.0
몽골,공용,2009-01-01,3.0
몽골,공용,2009-02-01,4.0
몽골,공용,2009-03-01,5.0
몽골,공용,2009-04-01,1.0
몽골,공용,2009-05-01,2.0
몽골,공용,2009-06-01,3.0
몽골,공용,2009-07-01,1.0
몽골,공용,2009-08-01,6.0
몽골,공용,2009-09-01,5.0
몽골,공용,2009-10-01,6.0
몽골,공용,2009-11-01,10.0
몽골,공용,2009-12-01,5.0
몽골,공용,2010-01-01,6.0
몽골,공용,2010-02-01,5.0
몽골,공용,2010-03-01,3.0
몽골,공용,2010-04-01,4.0
몽골,공용,2010-05-01,3.0
몽골,공용,2010-06-01,10.0
몽골,공용,2010-07-01,10.0
몽골,공용,2010-08-01,5.0
몽골,공용,2010-09-01,2.0
몽골,공용,2010-10-01,10.0
몽골,공용,2010-11-01,9.0
몽골,공용,2010-12-01,3.0
몽골,공용,2011-01-01,10.0
몽골,공용,2011-02-01,3.0
몽골,공용,2011-03-01,18.0
몽골,공용,2011-04-01,4.0
몽골,공용,2011-05-01,7.0
몽골,공용,2011-06-01,5.0
몽골,공용,2011-07-01,11.0
몽골,공용,2011-08-01,7.0
몽골,공용,2011-09-01,11.0
몽골,공용,2011-10-01,19.0
몽골,공용,2011-11-01,7.0
몽골,공용,2011-12-01,16.0
몽골,공용,2012-01-01,27.0
몽골,공용,2012-02-01,13.0
몽골,공용,2012-03-01,21.0
몽골,공용,2012-04-01,15.0
몽골,공용,2012-05-01,17.0
몽골,공용,2012-06-01,10.0
몽골,공용,2012-07-01,15.0
몽골,공용,2012-08-01,12.0
몽골,공용,2012-09-01,10.0
몽골,공용,2012-10-01,31.0
몽골,공용,2012-11-01,20.0
몽골,공용,2012-12-01,24.0
몽골,공용,2013-01-01,22.0
몽골,공용,2013-02-01,15.0
몽골,공용,2013-03-01,31.0
몽골,공용,2013-04-01,13.0
몽골,공용,2013-05-01,23.0
몽골,공용,2013-06-01,23.0
몽골,공용,2013-07-01,33.0
몽골,공용,2013-08-01,17.0
몽골,공용,2013-09-01,29.0
몽골,공용,2013-10-01,96.0
몽골,공용,2013-11-01,233.0
몽골,공용,2013-12-01,226.0
몽골,공용,2014-01-01,192.0
몽골,공용,2014-02-01,185.0
몽골,공용,2014-03-01,242.0
몽골,공용,2014-04-01,205.0
몽골,공용,2014-05-01,220.0
몽골,공용,2014-06-01,216.0
몽골,공용,2014-07-01,165.0
몽골,공용,2014-08-01,237.0
몽골,공용,2014-09-01,337.0
몽골,공용,2014-10-01,327.0
몽골,공용,2014-11-01,346.0
몽골,공용,2014-12-01,292.0
몽골,공용,2015-01-01,238.0
몽골,공용,2015-02-01,195.0
몽골,공용,2015-03-01,231.0
몽골,공용,2015-04-01,221.0
몽골,공용,2015-05-01,290.0
몽골,공용,2015-06-01,145.0
몽골,공용,2015-07-01,192.0
몽골,공용,2015-08-01,225.0
몽골,공용,2015-09-01,222.0
몽골,공용,2015-10-01,344.0
몽골,공용,2015-11-01,380.0
몽골,공용,2015-12-01,289.0
몽골,공용,2016-01-01,183.0
몽골,공용,2016-02-01,280.0
몽골,공용,2016-03-01,301.0
몽골,공용,2016-04-01,280.0
몽골,공용,2016-05-01,291.0
몽골,공용,2016-06-01,224.0
몽골,공용,2016-07-01,214.0
몽골,공용,2016-08-01,220.0
몽골,공용,2016-09-01,219.0
몽골,공용,2016-10-01,288.0
몽골,공용,2016-11-01,293.0
몽골,공용,2016-12-01,324.0
몽골,공용,2017-01-01,231.0
몽골,공용,2017-02-01,244.0
몽골,공용,2017-03-01,300.0
몽골,공용,2017-04-01,274.0
몽골,공용,2017-05-01,275.0
몽골,공용,2017-06-01,233.0
몽골,공용,2017-07-01,194.0
몽골,공용,2017-08-01,207.0
몽골,공용,2017-09-01,310.0
몽골,공용,2017-10-01,295.0
몽골,공용,2017-11-01,391.0
몽골,공용,2017-12-01,285.0
몽골,공용,2018-01-01,313.0
몽골,공용,2018-02-01,314.0
몽골,공용,2018-03-01,345.0
몽골,공용,2018-04-01,347.0
몽골,공용,2018-05-01,346.0
몽골,공용,2018-06-01,318.0
몽골,공용,2018-07-01,299.0
몽골,공용,2018-08-01,249.0
몽골,공용,2018-09-01,284.0
몽골,공용,2018-10-01,327.0
몽골,공용,2018-11-01,423.0
몽골,공용,2018-12-01,287.0
몽골,공용,2019-01-01,304.0
몽골,공용,2019-02-01,314.0
몽골,공용,2019-03-01,383.0
몽골,공용,2019-04-01,299.0
몽골,공용,2019-05-01,283.0
몽골,공용,2019-06-01,284.0
몽골,공용,2019-07-01,233.0
몽골,공용,2019-08-01,228.0
몽골,공용,2019-09-01,315.0
몽골,공용,2019-10-01,421.0
몽골,공용,2019-11-01,425.0
몽골,공용,2019-12-01,299.0
몽골,공용,2020-01-01,359.0
몽골,공용,2020-02-01,264.0
몽골,공용,2020-03-01,9.0
몽골,공용,2020-04-01,5.0
몽골,공용,2020-05-01,2.0
몽골,공용,2020-06-01,1.0
몽골,공용,2020-07-01,7.0
몽골,공용,2020-08-01,4.0
몽골,공용,2020-09-01,2.0
몽골,공용,2020-10-01,5.0
몽골,공용,2020-11-01,1.0
몽골,공용,2020-12-01,0.0
몽골,공용,2021-01-01,6.0
몽골,공용,2021-02-01,5.0
몽골,공용,2021-03-01,0.0
몽골,공용,2021-04-01,1.0
몽골,공용,2021-05-01,2.0
몽골,공용,2021-06-01,7.0
몽골,공용,2021-07-01,24.0
몽골,공용,2021-08-01,21.0
몽골,공용,2021-09-01,34.0
몽골,공용,2021-10-01,24.0
몽골,공용,2021-11-01,30.0
몽골,공용,2021-12-01,19.0
몽골,공용,2022-01-01,42.0
몽골,공용,2022-02-01,46.0
몽골,공용,2022-03-01,65.0
몽골,공용,2022-04-01,117.0
몽골,공용,2022-05-01,151.0
몽골,공용,2022-06-01,161.0
몽골,공용,2022-07-01,132.0
몽골,공용,2022-08-01,133.0
몽골,공용,2022-09-01,185.0
몽골,공용,2022-10-01,270.0
몽골,공용,2022-11-01,246.0
몽골,공용,2022-12-01,178.0
몽골,공용,2023-01-01,179.0
몽골,공용,2023-02-01,164.0
몽골,공용,2023-03-01,240.0
몽골,공용,2023-04-01,190.0
몽골,공용,2023-05-01,235.0
몽골,공용,2023-06-01,192.0
몽골,공용,2023-07-01,130.0
몽골,공용,2023-08-01,175.0
몽골,공용,2023-09-01,258.0
몽골,공용,2023-10-01,313.0
몽골,공용,2023-11-01,282.0
몽골,공용,2023-12-01,252.0
몽골,공용,2024-01-01,232.0
몽골,공용,2024-02-01,165.0
몽골,공용,2024-03-01,280.0
몽골,공용,2024-04-01,262.0
몽골,공용,2024-05-01,257.0
몽골,공용,2024-06-01,189.0
몽골,공용,2024-07-01,184.0
몽골,공용,2024-08-01,171.0
몽골,공용,2024-09-01,271.0
몽골,공용,2024-10-01,312.0
몽골,공용,2024-11-01,328.0
몽골,공용,2024-12-01,256.0
몽골,공용,2025-01-01,204.0
몽골,공용,2025-02-01,213.0
몽골,공용,2025-03-01,279.0
몽골,공용,2025-04-01,276.0
몽골,공용,2025-05-01,198.0
몽골,관광,2005-01-01,1003.0
몽골,관광,2005-02-01,990.0
몽골,관광,2005-03-01,840.0
몽골,관광,2005-04-01,996.0
몽골,관광,2005-05-01,983.0
몽골,관광,2005-06-01,951.0
몽골,관광,2005-07-01,888.0
몽골,관광,2005-08-01,1018.0
몽골,관광,2005-09-01,1065.0
몽골,관광,2005-10-01,1034.0
몽골,관광,2005-11-01,1410.0
몽골,관광,2005-12-01,1237.0
몽골,관광,2006-01-01,1167.0
몽골,관광,2006-02-01,1101.0
몽골,관광,2006-03-01,1193.0
몽골,관광,2006-04-01,1149.0
몽골,관광,2006-05-01,1208.0
몽골,관광,2006-06-01,1663.0
몽골,관광,2006-07-01,1275.0
몽골,관광,2006-08-01,1500.0
몽골,관광,2006-09-01,1448.0
몽골,관광,2006-10-01,1590.0
몽골,관광,2006-11-01,1757.0
몽골,관광,2006-12-01,1548.0
몽골,관광,2007-01-01,1534.0
몽골,관광,2007-02-01,1463.0
몽골,관광,2007-03-01,1600.0
몽골,관광,2007-04-01,1837.0
몽골,관광,2007-05-01,1874.0
몽골,관광,2007-06-01,2321.0
몽골,관광,2007-07-01,1709.0
몽골,관광,2007-08-01,1451.0
몽골,관광,2007-09-01,1556.0
몽골,관광,2007-10-01,2116.0
몽골,관광,2007-11-01,2136.0
몽골,관광,2007-12-01,1921.0
몽골,관광,2008-01-01,1720.0
몽골,관광,2008-02-01,1870.0
몽골,관광,2008-03-01,1989.0
몽골,관광,2008-04-01,2141.0
몽골,관광,2008-05-01,1942.0
몽골,관광,2008-06-01,2381.0
몽골,관광,2008-07-01,2197.0
몽골,관광,2008-08-01,1867.0
몽골,관광,2008-09-01,2101.0
몽골,관광,2008-10-01,2294.0
몽골,관광,2008-11-01,2008.0
몽골,관광,2008-12-01,1954.0
몽골,관광,2009-01-01,1868.0
몽골,관광,2009-02-01,1690.0
몽골,관광,2009-03-01,1581.0
몽골,관광,2009-04-01,1584.0
몽골,관광,2009-05-01,1650.0
몽골,관광,2009-06-01,2076.0
몽골,관광,2009-07-01,1897.0
몽골,관광,2009-08-01,1740.0
몽골,관광,2009-09-01,1859.0
몽골,관광,2009-10-01,2568.0
몽골,관광,2009-11-01,2606.0
몽골,관광,2009-12-01,2636.0
몽골,관광,2010-01-01,2335.0
몽골,관광,2010-02-01,2326.0
몽골,관광,2010-03-01,2139.0
몽골,관광,2010-04-01,1885.0
몽골,관광,2010-05-01,2128.0
몽골,관광,2010-06-01,2638.0
몽골,관광,2010-07-01,2206.0
몽골,관광,2010-08-01,2286.0
몽골,관광,2010-09-01,2581.0
몽골,관광,2010-10-01,2483.0
몽골,관광,2010-11-01,2722.0
몽골,관광,2010-12-01,2403.0
몽골,관광,2011-01-01,2723.0
몽골,관광,2011-02-01,2236.0
몽골,관광,2011-03-01,2540.0
몽골,관광,2011-04-01,2439.0
몽골,관광,2011-05-01,3149.0
몽골,관광,2011-06-01,2889.0
몽골,관광,2011-07-01,2443.0
몽골,관광,2011-08-01,2441.0
몽골,관광,2011-09-01,2965.0
몽골,관광,2011-10-01,3302.0
몽골,관광,2011-11-01,3574.0
몽골,관광,2011-12-01,3074.0
몽골,관광,2012-01-01,3569.0
몽골,관광,2012-02-01,3403.0
몽골,관광,2012-03-01,3561.0
몽골,관광,2012-04-01,3186.0
몽골,관광,2012-05-01,3905.0
몽골,관광,2012-06-01,3757.0
몽골,관광,2012-07-01,3229.0
몽골,관광,2012-08-01,3218.0
몽골,관광,2012-09-01,3414.0
몽골,관광,2012-10-01,4195.0
몽골,관광,2012-11-01,4336.0
몽골,관광,2012-12-01,3734.0
몽골,관광,2013-01-01,4571.0
몽골,관광,2013-02-01,4394.0
몽골,관광,2013-03-01,3918.0
몽골,관광,2013-04-01,3692.0
몽골,관광,2013-05-01,3981.0
몽골,관광,2013-06-01,4547.0
몽골,관광,2013-07-01,3720.0
몽골,관광,2013-08-01,3831.0
몽골,관광,2013-09-01,3342.0
몽골,관광,2013-10-01,3946.0
몽골,관광,2013-11-01,4005.0
몽골,관광,2013-12-01,3869.0
몽골,관광,2014-01-01,4493.0
몽골,관광,2014-02-01,3855.0
몽골,관광,2014-03-01,4136.0
몽골,관광,2014-04-01,3776.0
몽골,관광,2014-05-01,3758.0
몽골,관광,2014-06-01,4509.0
몽골,관광,2014-07-01,2890.0
몽골,관광,2014-08-01,2696.0
몽골,관광,2014-09-01,3379.0
몽골,관광,2014-10-01,4071.0
몽골,관광,2014-11-01,4135.0
몽골,관광,2014-12-01,4735.0
몽골,관광,2015-01-01,5090.0
몽골,관광,2015-02-01,4129.0
몽골,관광,2015-03-01,4290.0
몽골,관광,2015-04-01,5016.0
몽골,관광,2015-05-01,6580.0
몽골,관광,2015-06-01,6932.0
몽골,관광,2015-07-01,4728.0
몽골,관광,2015-08-01,4225.0
몽골,관광,2015-09-01,4855.0
몽골,관광,2015-10-01,6376.0
몽골,관광,2015-11-01,6657.0
몽골,관광,2015-12-01,5032.0
몽골,관광,2016-01-01,5357.0
몽골,관광,2016-02-01,4444.0
몽골,관광,2016-03-01,4633.0
몽골,관광,2016-04-01,4233.0
몽골,관광,2016-05-01,5047.0
몽골,관광,2016-06-01,6639.0
몽골,관광,2016-07-01,5581.0
몽골,관광,2016-08-01,4507.0
몽골,관광,2016-09-01,4550.0
몽골,관광,2016-10-01,5762.0
몽골,관광,2016-11-01,5542.0
몽골,관광,2016-12-01,6414.0
몽골,관광,2017-01-01,7132.0
몽골,관광,2017-02-01,6061.0
몽골,관광,2017-03-01,6446.0
몽골,관광,2017-04-01,5773.0
몽골,관광,2017-05-01,5297.0
몽골,관광,2017-06-01,8454.0
몽골,관광,2017-07-01,6903.0
몽골,관광,2017-08-01,4887.0
몽골,관광,2017-09-01,6607.0
몽골,관광,2017-10-01,8541.0
몽골,관광,2017-11-01,10241.0
몽골,관광,2017-12-01,7918.0
몽골,관광,2018-01-01,9316.0
몽골,관광,2018-02-01,7050.0
몽골,관광,2018-03-01,8692.0
몽골,관광,2018-04-01,6634.0
몽골,관광,2018-05-01,6521.0
몽골,관광,2018-06-01,7718.0
몽골,관광,2018-07-01,7420.0
몽골,관광,2018-08-01,7134.0
몽골,관광,2018-09-01,8307.0
몽골,관광,2018-10-01,9179.0
몽골,관광,2018-11-01,8046.0
몽골,관광,2018-12-01,6731.0
몽골,관광,2019-01-01,8358.0
몽골,관광,2019-02-01,6670.0
몽골,관광,2019-03-01,6691.0
몽골,관광,2019-04-01,6389.0
몽골,관광,2019-05-01,6742.0
몽골,관광,2019-06-01,7647.0
몽골,관광,2019-07-01,6941.0
몽골,관광,2019-08-01,5984.0
몽골,관광,2019-09-01,8120.0
몽골,관광,2019-10-01,9834.0
몽골,관광,2019-11-01,9020.0
몽골,관광,2019-12-01,8531.0
몽골,관광,2020-01-01,10081.0
몽골,관광,2020-02-01,5210.0
몽골,관광,2020-03-01,191.0
몽골,관광,2020-04-01,60.0
몽골,관광,2020-05-01,0.0
몽골,관광,2020-06-01,11.0
몽골,관광,2020-07-01,12.0
몽골,관광,2020-08-01,20.0
몽골,관광,2020-09-01,53.0
몽골,관광,2020-10-01,23.0
몽골,관광,2020-11-01,58.0
몽골,관광,2020-12-01,46.0
몽골,관광,2021-01-01,39.0
몽골,관광,2021-02-01,47.0
몽골,관광,2021-03-01,54.0
몽골,관광,2021-04-01,67.0
몽골,관광,2021-05-01,101.0
몽골,관광,2021-06-01,120.0
몽골,관광,2021-07-01,135.0
몽골,관광,2021-08-01,146.0
몽골,관광,2021-09-01,186.0
몽골,관광,2021-10-01,144.0
몽골,관광,2021-11-01,67.0
몽골,관광,2021-12-01,304.0
몽골,관광,2022-01-01,162.0
몽골,관광,2022-02-01,152.0
몽골,관광,2022-03-01,264.0
몽골,관광,2022-04-01,418.0
몽골,관광,2022-05-01,453.0
몽골,관광,2022-06-01,2813.0
몽골,관광,2022-07-01,4079.0
몽골,관광,2022-08-01,4824.0
몽골,관광,2022-09-01,6278.0
몽골,관광,2022-10-01,7109.0
몽골,관광,2022-11-01,8903.0
몽골,관광,2022-12-01,10516.0
몽골,관광,2023-01-01,11179.0
몽골,관광,2023-02-01,8365.0
몽골,관광,2023-03-01,10051.0
몽골,관광,2023-04-01,9056.0
몽골,관광,2023-05-01,8808.0
몽골,관광,2023-06-01,11615.0
몽골,관광,2023-07-01,8958.0
몽골,관광,2023-08-01,7691.0
몽골,관광,2023-09-01,8601.0
몽골,관광,2023-10-01,8820.0
몽골,관광,2023-11-01,9498.0
몽골,관광,2023-12-01,9083.0
몽골,관광,2024-01-01,10304.0
몽골,관광,2024-02-01,6533.0
몽골,관광,2024-03-01,8126.0
몽골,관광,2024-04-01,8193.0
몽골,관광,2024-05-01,9035.0
몽골,관광,2024-06-01,10557.0
몽골,관광,2024-07-01,9235.0
몽골,관광,2024-08-01,7042.0
몽골,관광,2024-09-01,9683.0
몽골,관광,2024-10-01,11129.0
몽골,관광,2024-11-01,9256.0
몽골,관광,2024-12-01,10241.0
몽골,관광,2025-01-01,12622.0
몽골,관광,2025-02-01,8132.0
몽골,관광,2025-03-01,10600.0
몽골,관광,2025-04-01,11644.0
몽골,관광,2025-05-01,9858.0
몽골,상용,2005-01-01,239.0
몽골,상용,2005-02-01,263.0
몽골,상용,2005-03-01,358.0
몽골,상용,2005-04-01,339.0
몽골,상용,2005-05-01,357.0
몽골,상용,2005-06-01,218.0
몽골,상용,2005-07-01,144.0
몽골,상용,2005-08-01,193.0
몽골,상용,2005-09-01,205.0
몽골,상용,2005-10-01,239.0
몽골,상용,2005-11-01,318.0
몽골,상용,2005-12-01,265.0
몽골,상용,2006-01-01,225.0
몽골,상용,2006-02-01,289.0
몽골,상용,2006-03-01,365.0
몽골,상용,2006-04-01,331.0
몽골,상용,2006-05-01,379.0
몽골,상용,2006-06-01,391.0
몽골,상용,2006-07-01,336.0
몽골,상용,2006-08-01,460.0
몽골,상용,2006-09-01,449.0
몽골,상용,2006-10-01,504.0
몽골,상용,2006-11-01,521.0
몽골,상용,2006-12-01,455.0
몽골,상용,2007-01-01,452.0
몽골,상용,2007-02-01,447.0
몽골,상용,2007-03-01,687.0
몽골,상용,2007-04-01,714.0
몽골,상용,2007-05-01,851.0
몽골,상용,2007-06-01,830.0
몽골,상용,2007-07-01,550.0
몽골,상용,2007-08-01,491.0
몽골,상용,2007-09-01,522.0
몽골,상용,2007-10-01,625.0
몽골,상용,2007-11-01,502.0
몽골,상용,2007-12-01,555.0
몽골,상용,2008-01-01,481.0
몽골,상용,2008-02-01,515.0
몽골,상용,2008-03-01,658.0
몽골,상용,2008-04-01,538.0
몽골,상용,2008-05-01,499.0
몽골,상용,2008-06-01,497.0
몽골,상용,2008-07-01,434.0
몽골,상용,2008-08-01,391.0
몽골,상용,2008-09-01,510.0
몽골,상용,2008-10-01,426.0
몽골,상용,2008-11-01,382.0
몽골,상용,2008-12-01,365.0
몽골,상용,2009-01-01,281.0
몽골,상용,2009-02-01,233.0
몽골,상용,2009-03-01,230.0
몽골,상용,2009-04-01,271.0
몽골,상용,2009-05-01,250.0
몽골,상용,2009-06-01,222.0
몽골,상용,2009-07-01,259.0
몽골,상용,2009-08-01,255.0
몽골,상용,2009-09-01,239.0
몽골,상용,2009-10-01,240.0
몽골,상용,2009-11-01,216.0
몽골,상용,2009-12-01,167.0
몽골,상용,2010-01-01,234.0
몽골,상용,2010-02-01,199.0
몽골,상용,2010-03-01,253.0
몽골,상용,2010-04-01,250.0
몽골,상용,2010-05-01,228.0
몽골,상용,2010-06-01,214.0
몽골,상용,2010-07-01,186.0
몽골,상용,2010-08-01,203.0
몽골,상용,2010-09-01,228.0
몽골,상용,2010-10-01,218.0
몽골,상용,2010-11-01,221.0
몽골,상용,2010-12-01,225.0
몽골,상용,2011-01-01,211.0
몽골,상용,2011-02-01,256.0
몽골,상용,2011-03-01,275.0
몽골,상용,2011-04-01,251.0
몽골,상용,2011-05-01,258.0
몽골,상용,2011-06-01,244.0
몽골,상용,2011-07-01,191.0
몽골,상용,2011-08-01,247.0
몽골,상용,2011-09-01,328.0
몽골,상용,2011-10-01,319.0
몽골,상용,2011-11-01,310.0
몽골,상용,2011-12-01,312.0
몽골,상용,2012-01-01,388.0
몽골,상용,2012-02-01,287.0
몽골,상용,2012-03-01,407.0
몽골,상용,2012-04-01,398.0
몽골,상용,2012-05-01,456.0
몽골,상용,2012-06-01,465.0
몽골,상용,2012-07-01,325.0
몽골,상용,2012-08-01,420.0
몽골,상용,2012-09-01,355.0
몽골,상용,2012-10-01,431.0
몽골,상용,2012-11-01,390.0
몽골,상용,2012-12-01,293.0
몽골,상용,2013-01-01,354.0
몽골,상용,2013-02-01,350.0
몽골,상용,2013-03-01,435.0
몽골,상용,2013-04-01,346.0
몽골,상용,2013-05-01,341.0
몽골,상용,2013-06-01,329.0
몽골,상용,2013-07-01,239.0
몽골,상용,2013-08-01,307.0
몽골,상용,2013-09-01,255.0
몽골,상용,2013-10-01,274.0
몽골,상용,2013-11-01,262.0
몽골,상용,2013-12-01,226.0
몽골,상용,2014-01-01,259.0
몽골,상용,2014-02-01,264.0
몽골,상용,2014-03-01,250.0
몽골,상용,2014-04-01,224.0
몽골,상용,2014-05-01,215.0
몽골,상용,2014-06-01,174.0
몽골,상용,2014-07-01,99.0
몽골,상용,2014-08-01,123.0
몽골,상용,2014-09-01,154.0
몽골,상용,2014-10-01,146.0
몽골,상용,2014-11-01,143.0
몽골,상용,2014-12-01,158.0
몽골,상용,2015-01-01,143.0
몽골,상용,2015-02-01,94.0
몽골,상용,2015-03-01,152.0
몽골,상용,2015-04-01,113.0
몽골,상용,2015-05-01,114.0
몽골,상용,2015-06-01,90.0
몽골,상용,2015-07-01,74.0
몽골,상용,2015-08-01,101.0
몽골,상용,2015-09-01,116.0
몽골,상용,2015-10-01,102.0
몽골,상용,2015-11-01,111.0
몽골,상용,2015-12-01,104.0
몽골,상용,2016-01-01,113.0
몽골,상용,2016-02-01,103.0
몽골,상용,2016-03-01,117.0
몽골,상용,2016-04-01,82.0
몽골,상용,2016-05-01,111.0
몽골,상용,2016-06-01,106.0
몽골,상용,2016-07-01,83.0
몽골,상용,2016-08-01,110.0
몽골,상용,2016-09-01,107.0
몽골,상용,2016-10-01,123.0
몽골,상용,2016-11-01,88.0
몽골,상용,2016-12-01,101.0
몽골,상용,2017-01-01,111.0
몽골,상용,2017-02-01,82.0
몽골,상용,2017-03-01,107.0
몽골,상용,2017-04-01,106.0
몽골,상용,2017-05-01,89.0
몽골,상용,2017-06-01,91.0
몽골,상용,2017-07-01,71.0
몽골,상용,2017-08-01,112.0
몽골,상용,2017-09-01,114.0
몽골,상용,2017-10-01,134.0
몽골,상용,2017-11-01,118.0
몽골,상용,2017-12-01,100.0
몽골,상용,2018-01-01,101.0
몽골,상용,2018-02-01,84.0
몽골,상용,2018-03-01,101.0
몽골,상용,2018-04-01,72.0
몽골,상용,2018-05-01,97.0
몽골,상용,2018-06-01,59.0
몽골,상용,2018-07-01,72.0
몽골,상용,2018-08-01,100.0
몽골,상용,2018-09-01,89.0
몽골,상용,2018-10-01,119.0
몽골,상용,2018-11-01,106.0
몽골,상용,2018-12-01,82.0
몽골,상용,2019-01-01,77.0
몽골,상용,2019-02-01,109.0
몽골,상용,2019-03-01,119.0
몽골,상용,2019-04-01,83.0
몽골,상용,2019-05-01,95.0
몽골,상용,2019-06-01,74.0
몽골,상용,2019-07-01,78.0
몽골,상용,2019-08-01,106.0
몽골,상용,2019-09-01,122.0
몽골,상용,2019-10-01,84.0
몽골,상용,2019-11-01,73.0
몽골,상용,2019-12-01,65.0
몽골,상용,2020-01-01,83.0
몽골,상용,2020-02-01,42.0
몽골,상용,2020-03-01,5.0
몽골,상용,2020-04-01,2.0
몽골,상용,2020-05-01,1.0
몽골,상용,2020-06-01,3.0
몽골,상용,2020-07-01,2.0
몽골,상용,2020-08-01,2.0
몽골,상용,2020-09-01,1.0
몽골,상용,2020-10-01,1.0
몽골,상용,2020-11-01,0.0
몽골,상용,2020-12-01,1.0
몽골,상용,2021-01-01,0.0
몽골,상용,2021-02-01,0.0
몽골,상용,2021-03-01,1.0
몽골,상용,2021-04-01,1.0
몽골,상용,2021-05-01,1.0
몽골,상용,2021-06-01,4.0
몽골,상용,2021-07-01,5.0
몽골,상용,2021-08-01,8.0
몽골,상용,2021-09-01,5.0
몽골,상용,2021-10-01,5.0
몽골,상용,2021-11-01,4.0
몽골,상용,2021-12-01,8.0
몽골,상용,2022-01-01,6.0
몽골,상용,2022-02-01,7.0
몽골,상용,2022-03-01,13.0
몽골,상용,2022-04-01,19.0
몽골,상용,2022-05-01,23.0
몽골,상용,2022-06-01,42.0
몽골,상용,2022-07-01,43.0
몽골,상용,2022-08-01,71.0
몽골,상용,2022-09-01,60.0
몽골,상용,2022-10-01,30.0
몽골,상용,2022-11-01,37.0
몽골,상용,2022-12-01,32.0
몽골,상용,2023-01-01,45.0
몽골,상용,2023-02-01,41.0
몽골,상용,2023-03-01,47.0
몽골,상용,2023-04-01,38.0
몽골,상용,2023-05-01,41.0
몽골,상용,2023-06-01,51.0
몽골,상용,2023-07-01,43.0
몽골,상용,2023-08-01,83.0
몽골,상용,2023-09-01,57.0
몽골,상용,2023-10-01,62.0
몽골,상용,2023-11-01,56.0
몽골,상용,2023-12-01,36.0
몽골,상용,2024-01-01,67.0
몽골,상용,2024-02-01,71.0
몽골,상용,2024-03-01,61.0
몽골,상용,2024-04-01,51.0
몽골,상용,2024-05-01,52.0
몽골,상용,2024-06-01,77.0
몽골,상용,2024-07-01,70.0
몽골,상용,2024-08-01,102.0
몽골,상용,2024-09-01,83.0
몽골,상용,2024-10-01,68.0
몽골,상용,2024-11-01,69.0
몽골,상용,2024-12-01,65.0
몽골,상용,2025-01-01,76.0
몽골,상용,2025-02-01,50.0
몽골,상용,2025-03-01,86.0
몽골,상용,2025-04-01,53.0
몽골,상용,2025-05-01,62.0
몽골,유학연수,2005-01-01,38.0
몽골,유학연수,2005-02-01,146.0
몽골,유학연수,2005-03-01,71.0
몽골,유학연수,2005-04-01,25.0
몽골,유학연수,2005-05-01,31.0
몽골,유학연수,2005-06-01,28.0
몽골,유학연수,2005-07-01,40.0
몽골,유학연수,2005-08-01,196.0
몽골,유학연수,2005-09-01,100.0
몽골,유학연수,2005-10-01,48.0
몽골,유학연수,2005-11-01,24.0
몽골,유학연수,2005-12-01,40.0
몽골,유학연수,2006-01-01,69.0
몽골,유학연수,2006-02-01,185.0
몽골,유학연수,2006-03-01,115.0
몽골,유학연수,2006-04-01,30.0
몽골,유학연수,2006-05-01,38.0
몽골,유학연수,2006-06-01,36.0
몽골,유학연수,2006-07-01,156.0
몽골,유학연수,2006-08-01,282.0
몽골,유학연수,2006-09-01,99.0
몽골,유학연수,2006-10-01,48.0
몽골,유학연수,2006-11-01,46.0
몽골,유학연수,2006-12-01,62.0
몽골,유학연수,2007-01-01,119.0
몽골,유학연수,2007-02-01,240.0
몽골,유학연수,2007-03-01,169.0
몽골,유학연수,2007-04-01,50.0
몽골,유학연수,2007-05-01,49.0
몽골,유학연수,2007-06-01,97.0
몽골,유학연수,2007-07-01,123.0
몽골,유학연수,2007-08-01,407.0
몽골,유학연수,2007-09-01,258.0
몽골,유학연수,2007-10-01,75.0
몽골,유학연수,2007-11-01,69.0
몽골,유학연수,2007-12-01,99.0
몽골,유학연수,2008-01-01,128.0
몽골,유학연수,2008-02-01,405.0
몽골,유학연수,2008-03-01,228.0
몽골,유학연수,2008-04-01,80.0
몽골,유학연수,2008-05-01,68.0
몽골,유학연수,2008-06-01,158.0
몽골,유학연수,2008-07-01,128.0
몽골,유학연수,2008-08-01,688.0
몽골,유학연수,2008-09-01,330.0
몽골,유학연수,2008-10-01,93.0
몽골,유학연수,2008-11-01,115.0
몽골,유학연수,2008-12-01,138.0
몽골,유학연수,2009-01-01,195.0
몽골,유학연수,2009-02-01,469.0
몽골,유학연수,2009-03-01,257.0
몽골,유학연수,2009-04-01,68.0
몽골,유학연수,2009-05-01,57.0
몽골,유학연수,2009-06-01,164.0
몽골,유학연수,2009-07-01,181.0
몽골,유학연수,2009-08-01,876.0
몽골,유학연수,2009-09-01,455.0
몽골,유학연수,2009-10-01,142.0
몽골,유학연수,2009-11-01,85.0
몽골,유학연수,2009-12-01,152.0
몽골,유학연수,2010-01-01,197.0
몽골,유학연수,2010-02-01,491.0
몽골,유학연수,2010-03-01,404.0
몽골,유학연수,2010-04-01,75.0
몽골,유학연수,2010-05-01,98.0
몽골,유학연수,2010-06-01,198.0
몽골,유학연수,2010-07-01,281.0
몽골,유학연수,2010-08-01,906.0
몽골,유학연수,2010-09-01,521.0
몽골,유학연수,2010-10-01,144.0
몽골,유학연수,2010-11-01,97.0
몽골,유학연수,2010-12-01,220.0
몽골,유학연수,2011-01-01,182.0
몽골,유학연수,2011-02-01,607.0
몽골,유학연수,2011-03-01,374.0
몽골,유학연수,2011-04-01,116.0
몽골,유학연수,2011-05-01,103.0
몽골,유학연수,2011-06-01,165.0
몽골,유학연수,2011-07-01,326.0
몽골,유학연수,2011-08-01,843.0
몽골,유학연수,2011-09-01,727.0
몽골,유학연수,2011-10-01,196.0
몽골,유학연수,2011-11-01,116.0
몽골,유학연수,2011-12-01,235.0
몽골,유학연수,2012-01-01,326.0
몽골,유학연수,2012-02-01,474.0
몽골,유학연수,2012-03-01,517.0
몽골,유학연수,2012-04-01,122.0
몽골,유학연수,2012-05-01,103.0
몽골,유학연수,2012-06-01,249.0
몽골,유학연수,2012-07-01,336.0
몽골,유학연수,2012-08-01,991.0
몽골,유학연수,2012-09-01,725.0
몽골,유학연수,2012-10-01,204.0
몽골,유학연수,2012-11-01,146.0
몽골,유학연수,2012-12-01,239.0
몽골,유학연수,2013-01-01,321.0
몽골,유학연수,2013-02-01,618.0
몽골,유학연수,2013-03-01,581.0
몽골,유학연수,2013-04-01,136.0
몽골,유학연수,2013-05-01,128.0
몽골,유학연수,2013-06-01,264.0
몽골,유학연수,2013-07-01,310.0
몽골,유학연수,2013-08-01,988.0
몽골,유학연수,2013-09-01,593.0
몽골,유학연수,2013-10-01,134.0
몽골,유학연수,2013-11-01,107.0
몽골,유학연수,2013-12-01,144.0
몽골,유학연수,2014-01-01,152.0
몽골,유학연수,2014-02-01,558.0
몽골,유학연수,2014-03-01,407.0
몽골,유학연수,2014-04-01,98.0
몽골,유학연수,2014-05-01,105.0
몽골,유학연수,2014-06-01,178.0
몽골,유학연수,2014-07-01,191.0
몽골,유학연수,2014-08-01,864.0
몽골,유학연수,2014-09-01,471.0
몽골,유학연수,2014-10-01,95.0
몽골,유학연수,2014-11-01,82.0
몽골,유학연수,2014-12-01,156.0
몽골,유학연수,2015-01-01,291.0
몽골,유학연수,2015-02-01,500.0
몽골,유학연수,2015-03-01,408.0
몽골,유학연수,2015-04-01,75.0
몽골,유학연수,2015-05-01,103.0
몽골,유학연수,2015-06-01,198.0
몽골,유학연수,2015-07-01,252.0
몽골,유학연수,2015-08-01,866.0
몽골,유학연수,2015-09-01,581.0
몽골,유학연수,2015-10-01,226.0
몽골,유학연수,2015-11-01,187.0
몽골,유학연수,2015-12-01,269.0
몽골,유학연수,2016-01-01,361.0
몽골,유학연수,2016-02-01,825.0
몽골,유학연수,2016-03-01,481.0
몽골,유학연수,2016-04-01,166.0
몽골,유학연수,2016-05-01,221.0
몽골,유학연수,2016-06-01,402.0
몽골,유학연수,2016-07-01,379.0
몽골,유학연수,2016-08-01,1099.0
몽골,유학연수,2016-09-01,927.0
몽골,유학연수,2016-10-01,165.0
몽골,유학연수,2016-11-01,218.0
몽골,유학연수,2016-12-01,597.0
몽골,유학연수,2017-01-01,404.0
몽골,유학연수,2017-02-01,526.0
몽골,유학연수,2017-03-01,1053.0
몽골,유학연수,2017-04-01,149.0
몽골,유학연수,2017-05-01,238.0
몽골,유학연수,2017-06-01,523.0
몽골,유학연수,2017-07-01,417.0
몽골,유학연수,2017-08-01,1185.0
몽골,유학연수,2017-09-01,1421.0
몽골,유학연수,2017-10-01,356.0
몽골,유학연수,2017-11-01,288.0
몽골,유학연수,2017-12-01,745.0
몽골,유학연수,2018-01-01,441.0
몽골,유학연수,2018-02-01,846.0
몽골,유학연수,2018-03-01,924.0
몽골,유학연수,2018-04-01,155.0
몽골,유학연수,2018-05-01,351.0
몽골,유학연수,2018-06-01,516.0
몽골,유학연수,2018-07-01,580.0
몽골,유학연수,2018-08-01,1503.0
몽골,유학연수,2018-09-01,1321.0
몽골,유학연수,2018-10-01,314.0
몽골,유학연수,2018-11-01,399.0
몽골,유학연수,2018-12-01,552.0
몽골,유학연수,2019-01-01,484.0
몽골,유학연수,2019-02-01,1152.0
몽골,유학연수,2019-03-01,967.0
몽골,유학연수,2019-04-01,248.0
몽골,유학연수,2019-05-01,390.0
몽골,유학연수,2019-06-01,584.0
몽골,유학연수,2019-07-01,740.0
몽골,유학연수,2019-08-01,1762.0
몽골,유학연수,2019-09-01,1155.0
몽골,유학연수,2019-10-01,271.0
몽골,유학연수,2019-11-01,408.0
몽골,유학연수,2019-12-01,535.0
몽골,유학연수,2020-01-01,840.0
몽골,유학연수,2020-02-01,427.0
몽골,유학연수,2020-03-01,357.0
몽골,유학연수,2020-04-01,359.0
몽골,유학연수,2020-05-01,30.0
몽골,유학연수,2020-06-01,73.0
몽골,유학연수,2020-07-01,46.0
몽골,유학연수,2020-08-01,482.0
몽골,유학연수,2020-09-01,144.0
몽골,유학연수,2020-10-01,38.0
몽골,유학연수,2020-11-01,93.0
몽골,유학연수,2020-12-01,59.0
몽골,유학연수,2021-01-01,54.0
몽골,유학연수,2021-02-01,245.0
몽골,유학연수,2021-03-01,98.0
몽골,유학연수,2021-04-01,70.0
몽골,유학연수,2021-05-01,108.0
몽골,유학연수,2021-06-01,98.0
몽골,유학연수,2021-07-01,93.0
몽골,유학연수,2021-08-01,669.0
몽골,유학연수,2021-09-01,665.0
몽골,유학연수,2021-10-01,149.0
몽골,유학연수,2021-11-01,171.0
몽골,유학연수,2021-12-01,576.0
몽골,유학연수,2022-01-01,182.0
몽골,유학연수,2022-02-01,624.0
몽골,유학연수,2022-03-01,613.0
몽골,유학연수,2022-04-01,156.0
몽골,유학연수,2022-05-01,269.0
몽골,유학연수,2022-06-01,504.0
몽골,유학연수,2022-07-01,872.0
몽골,유학연수,2022-08-01,2053.0
몽골,유학연수,2022-09-01,1678.0
몽골,유학연수,2022-10-01,196.0
몽골,유학연수,2022-11-01,413.0
몽골,유학연수,2022-12-01,885.0
몽골,유학연수,2023-01-01,594.0
몽골,유학연수,2023-02-01,975.0
몽골,유학연수,2023-03-01,1541.0
몽골,유학연수,2023-04-01,188.0
몽골,유학연수,2023-05-01,403.0
몽골,유학연수,2023-06-01,745.0
몽골,유학연수,2023-07-01,1094.0
몽골,유학연수,2023-08-01,2270.0
몽골,유학연수,2023-09-01,2172.0
몽골,유학연수,2023-10-01,391.0
몽골,유학연수,2023-11-01,470.0
몽골,유학연수,2023-12-01,1113.0
몽골,유학연수,2024-01-01,1036.0
몽골,유학연수,2024-02-01,2152.0
몽골,유학연수,2024-03-01,1373.0
몽골,유학연수,2024-04-01,325.0
몽골,유학연수,2024-05-01,738.0
몽골,유학연수,2024-06-01,1100.0
몽골,유학연수,2024-07-01,1665.0
몽골,유학연수,2024-08-01,3856.0
몽골,유학연수,2024-09-01,3022.0
몽골,유학연수,2024-10-01,373.0
몽골,유학연수,2024-11-01,908.0
몽골,유학연수,2024-12-01,1268.0
몽골,유학연수,2025-01-01,1692.0
몽골,유학연수,2025-02-01,1851.0
몽골,유학연수,2025-03-01,2983.0
몽골,유학연수,2025-04-01,381.0
몽골,유학연수,2025-05-01,807.0
미국,공용,2005-01-01,2433.0
미국,공용,2005-02-01,1903.0
미국,공용,2005-03-01,1660.0
미국,공용,2005-04-01,3022.0
미국,공용,2005-05-01,2352.0
미국,공용,2005-06-01,2309.0
미국,공용,2005-07-01,3352.0
미국,공용,2005-08-01,3171.0
미국,공용,2005-09-01,1938.0
미국,공용,2005-10-01,2033.0
미국,공용,2005-11-01,3096.0
미국,공용,2005-12-01,2210.0
미국,공용,2006-01-01,2326.0
미국,공용,2006-02-01,1732.0
미국,공용,2006-03-01,1554.0
미국,공용,2006-04-01,2835.0
미국,공용,2006-05-01,2128.0
미국,공용,2006-06-01,2004.0
미국,공용,2006-07-01,3070.0
미국,공용,2006-08-01,2871.0
미국,공용,2006-09-01,1929.0
미국,공용,2006-10-01,1966.0
미국,공용,2006-11-01,2198.0
미국,공용,2006-12-01,1687.0
미국,공용,2007-01-01,2407.0
미국,공용,2007-02-01,1603.0
미국,공용,2007-03-01,1675.0
미국,공용,2007-04-01,2713.0
미국,공용,2007-05-01,2215.0
미국,공용,2007-06-01,1953.0
미국,공용,2007-07-01,3098.0
미국,공용,2007-08-01,2956.0
미국,공용,2007-09-01,1991.0
미국,공용,2007-10-01,1783.0
미국,공용,2007-11-01,2275.0
미국,공용,2007-12-01,1843.0
미국,공용,2008-01-01,2476.0
미국,공용,2008-02-01,1660.0
미국,공용,2008-03-01,1692.0
미국,공용,2008-04-01,2654.0
미국,공용,2008-05-01,2346.0
미국,공용,2008-06-01,2272.0
미국,공용,2008-07-01,2806.0
미국,공용,2008-08-01,3220.0
미국,공용,2008-09-01,1896.0
미국,공용,2008-10-01,1656.0
미국,공용,2008-11-01,1910.0
미국,공용,2008-12-01,1982.0
미국,공용,2009-01-01,2239.0
미국,공용,2009-02-01,1775.0
미국,공용,2009-03-01,1448.0
미국,공용,2009-04-01,2497.0
미국,공용,2009-05-01,2079.0
미국,공용,2009-06-01,1750.0
미국,공용,2009-07-01,2549.0
미국,공용,2009-08-01,2537.0
미국,공용,2009-09-01,1643.0
미국,공용,2009-10-01,1838.0
미국,공용,2009-11-01,2306.0
미국,공용,2009-12-01,1869.0
미국,공용,2010-01-01,2145.0
미국,공용,2010-02-01,1315.0
미국,공용,2010-03-01,1533.0
미국,공용,2010-04-01,2424.0
미국,공용,2010-05-01,2205.0
미국,공용,2010-06-01,2314.0
미국,공용,2010-07-01,1846.0
미국,공용,2010-08-01,1877.0
미국,공용,2010-09-01,1283.0
미국,공용,2010-10-01,1228.0
미국,공용,2010-11-01,1523.0
미국,공용,2010-12-01,1124.0
미국,공용,2011-01-01,1460.0
미국,공용,2011-02-01,879.0
미국,공용,2011-03-01,790.0
미국,공용,2011-04-01,1686.0
미국,공용,2011-05-01,1450.0
미국,공용,2011-06-01,1215.0
미국,공용,2011-07-01,1647.0
미국,공용,2011-08-01,1790.0
미국,공용,2011-09-01,1226.0
미국,공용,2011-10-01,1173.0
미국,공용,2011-11-01,1263.0
미국,공용,2011-12-01,1246.0
미국,공용,2012-01-01,1308.0
미국,공용,2012-02-01,876.0
미국,공용,2012-03-01,1301.0
미국,공용,2012-04-01,1401.0
미국,공용,2012-05-01,1238.0
미국,공용,2012-06-01,1004.0
미국,공용,2012-07-01,1602.0
미국,공용,2012-08-01,1645.0
미국,공용,2012-09-01,1175.0
미국,공용,2012-10-01,1044.0
미국,공용,2012-11-01,1204.0
미국,공용,2012-12-01,1136.0
미국,공용,2013-01-01,1534.0
미국,공용,2013-02-01,888.0
미국,공용,2013-03-01,932.0
미국,공용,2013-04-01,1529.0
미국,공용,2013-05-01,1162.0
미국,공용,2013-06-01,1076.0
미국,공용,2013-07-01,1764.0
미국,공용,2013-08-01,1564.0
미국,공용,2013-09-01,1230.0
미국,공용,2013-10-01,885.0
미국,공용,2013-11-01,1149.0
미국,공용,2013-12-01,1593.0
미국,공용,2014-01-01,1639.0
미국,공용,2014-02-01,1084.0
미국,공용,2014-03-01,1090.0
미국,공용,2014-04-01,1997.0
미국,공용,2014-05-01,1411.0
미국,공용,2014-06-01,1319.0
미국,공용,2014-07-01,1868.0
미국,공용,2014-08-01,1911.0
미국,공용,2014-09-01,1333.0
미국,공용,2014-10-01,1301.0
미국,공용,2014-11-01,1564.0
미국,공용,2014-12-01,1426.0
미국,공용,2015-01-01,1796.0
미국,공용,2015-02-01,1197.0
미국,공용,2015-03-01,1187.0
미국,공용,2015-04-01,2272.0
미국,공용,2015-05-01,1802.0
미국,공용,2015-06-01,1430.0
미국,공용,2015-07-01,2267.0
미국,공용,2015-08-01,2151.0
미국,공용,2015-09-01,1468.0
미국,공용,2015-10-01,1327.0
미국,공용,2015-11-01,1891.0
미국,공용,2015-12-01,1581.0
미국,공용,2016-01-01,2090.0
미국,공용,2016-02-01,1246.0
미국,공용,2016-03-01,1238.0
미국,공용,2016-04-01,2571.0
미국,공용,2016-05-01,2210.0
미국,공용,2016-06-01,1774.0
미국,공용,2016-07-01,2540.0
미국,공용,2016-08-01,2234.0
미국,공용,2016-09-01,1616.0
미국,공용,2016-10-01,1598.0
미국,공용,2016-11-01,2329.0
미국,공용,2016-12-01,2269.0
미국,공용,2017-01-01,2278.0
미국,공용,2017-02-01,1630.0
미국,공용,2017-03-01,1396.0
미국,공용,2017-04-01,3281.0
미국,공용,2017-05-01,2229.0
미국,공용,2017-06-01,1752.0
미국,공용,2017-07-01,2897.0
미국,공용,2017-08-01,2632.0
미국,공용,2017-09-01,1938.0
미국,공용,2017-10-01,1933.0
미국,공용,2017-11-01,2919.0
미국,공용,2017-12-01,2456.0
미국,공용,2018-01-01,2480.0
미국,공용,2018-02-01,1959.0
미국,공용,2018-03-01,1663.0
미국,공용,2018-04-01,2873.0
미국,공용,2018-05-01,2362.0
미국,공용,2018-06-01,2178.0
미국,공용,2018-07-01,2707.0
미국,공용,2018-08-01,2534.0
미국,공용,2018-09-01,2067.0
미국,공용,2018-10-01,1721.0
미국,공용,2018-11-01,2679.0
미국,공용,2018-12-01,2804.0
미국,공용,2019-01-01,2578.0
미국,공용,2019-02-01,1970.0
미국,공용,2019-03-01,2221.0
미국,공용,2019-04-01,3763.0
미국,공용,2019-05-01,3153.0
미국,공용,2019-06-01,3470.0
미국,공용,2019-07-01,3486.0
미국,공용,2019-08-01,3224.0
미국,공용,2019-09-01,2736.0
미국,공용,2019-10-01,2240.0
미국,공용,2019-11-01,2519.0
미국,공용,2019-12-01,3436.0
미국,공용,2020-01-01,3712.0
미국,공용,2020-02-01,2200.0
미국,공용,2020-03-01,598.0
미국,공용,2020-04-01,227.0
미국,공용,2020-05-01,186.0
미국,공용,2020-06-01,394.0
미국,공용,2020-07-01,1092.0
미국,공용,2020-08-01,879.0
미국,공용,2020-09-01,639.0
미국,공용,2020-10-01,563.0
미국,공용,2020-11-01,632.0
미국,공용,2020-12-01,619.0
미국,공용,2021-01-01,814.0
미국,공용,2021-02-01,544.0
미국,공용,2021-03-01,679.0
미국,공용,2021-04-01,684.0
미국,공용,2021-05-01,920.0
미국,공용,2021-06-01,1191.0
미국,공용,2021-07-01,2082.0
미국,공용,2021-08-01,2120.0
미국,공용,2021-09-01,1320.0
미국,공용,2021-10-01,1438.0
미국,공용,2021-11-01,1244.0
미국,공용,2021-12-01,1422.0
미국,공용,2022-01-01,1447.0
미국,공용,2022-02-01,834.0
미국,공용,2022-03-01,1036.0
미국,공용,2022-04-01,1321.0
미국,공용,2022-05-01,2068.0
미국,공용,2022-06-01,1653.0
미국,공용,2022-07-01,2691.0
미국,공용,2022-08-01,2290.0
미국,공용,2022-09-01,1731.0
미국,공용,2022-10-01,1431.0
미국,공용,2022-11-01,2201.0
미국,공용,2022-12-01,2407.0
미국,공용,2023-01-01,2860.0
미국,공용,2023-02-01,1936.0
미국,공용,2023-03-01,2652.0
미국,공용,2023-04-01,3261.0
미국,공용,2023-05-01,2489.0
미국,공용,2023-06-01,2896.0
미국,공용,2023-07-01,3857.0
미국,공용,2023-08-01,2745.0
미국,공용,2023-09-01,2862.0
미국,공용,2023-10-01,2334.0
미국,공용,2023-11-01,2938.0
미국,공용,2023-12-01,3249.0
미국,공용,2024-01-01,2878.0
미국,공용,2024-02-01,2419.0
미국,공용,2024-03-01,4110.0
미국,공용,2024-04-01,2600.0
미국,공용,2024-05-01,3326.0
미국,공용,2024-06-01,3699.0
미국,공용,2024-07-01,4048.0
미국,공용,2024-08-01,3469.0
미국,공용,2024-09-01,2938.0
미국,공용,2024-10-01,3021.0
미국,공용,2024-11-01,2905.0
미국,공용,2024-12-01,3837.0
미국,공용,2025-01-01,3818.0
미국,공용,2025-02-01,2558.0
미국,공용,2025-03-01,2133.0
미국,공용,2025-04-01,4329.0
미국,공용,2025-05-01,3326.0
미국,관광,2005-01-01,22521.0
미국,관광,2005-02-01,20419.0
미국,관광,2005-03-01,31232.0
미국,관광,2005-04-01,37362.0
미국,관광,2005-05-01,37171.0
미국,관광,2005-06-01,43337.0
미국,관광,2005-07-01,37292.0
미국,관광,2005-08-01,30358.0
미국,관광,2005-09-01,32554.0
미국,관광,2005-10-01,40192.0
미국,관광,2005-11-01,28834.0
미국,관광,2005-12-01,29498.0
미국,관광,2006-01-01,22689.0
미국,관광,2006-02-01,22434.0
미국,관광,2006-03-01,31524.0
미국,관광,2006-04-01,36344.0
미국,관광,2006-05-01,41944.0
미국,관광,2006-06-01,45001.0
미국,관광,2006-07-01,38804.0
미국,관광,2006-08-01,33119.0
미국,관광,2006-09-01,34373.0
미국,관광,2006-10-01,41606.0
미국,관광,2006-11-01,30299.0
미국,관광,2006-12-01,30796.0
미국,관광,2007-01-01,25127.0
미국,관광,2007-02-01,22373.0
미국,관광,2007-03-01,34503.0
미국,관광,2007-04-01,38823.0
미국,관광,2007-05-01,40818.0
미국,관광,2007-06-01,46974.0
미국,관광,2007-07-01,40191.0
미국,관광,2007-08-01,32697.0
미국,관광,2007-09-01,33295.0
미국,관광,2007-10-01,42244.0
미국,관광,2007-11-01,30842.0
미국,관광,2007-12-01,32073.0
미국,관광,2008-01-01,25867.0
미국,관광,2008-02-01,25180.0
미국,관광,2008-03-01,34758.0
미국,관광,2008-04-01,40801.0
미국,관광,2008-05-01,42928.0
미국,관광,2008-06-01,45397.0
미국,관광,2008-07-01,40974.0
미국,관광,2008-08-01,31256.0
미국,관광,2008-09-01,36001.0
미국,관광,2008-10-01,43558.0
미국,관광,2008-11-01,31514.0
미국,관광,2008-12-01,34965.0
미국,관광,2009-01-01,27884.0
미국,관광,2009-02-01,26714.0
미국,관광,2009-03-01,36687.0
미국,관광,2009-04-01,39550.0
미국,관광,2009-05-01,41995.0
미국,관광,2009-06-01,47003.0
미국,관광,2009-07-01,41932.0
미국,관광,2009-08-01,36249.0
미국,관광,2009-09-01,35395.0
미국,관광,2009-10-01,44461.0
미국,관광,2009-11-01,32141.0
미국,관광,2009-12-01,33741.0
미국,관광,2010-01-01,26943.0
미국,관광,2010-02-01,26268.0
미국,관광,2010-03-01,40143.0
미국,관광,2010-04-01,45939.0
미국,관광,2010-05-01,44951.0
미국,관광,2010-06-01,50711.0
미국,관광,2010-07-01,44732.0
미국,관광,2010-08-01,35671.0
미국,관광,2010-09-01,40747.0
미국,관광,2010-10-01,49798.0
미국,관광,2010-11-01,36582.0
미국,관광,2010-12-01,33401.0
미국,관광,2011-01-01,27866.0
미국,관광,2011-02-01,26837.0
미국,관광,2011-03-01,40121.0
미국,관광,2011-04-01,45489.0
미국,관광,2011-05-01,47110.0
미국,관광,2011-06-01,48633.0
미국,관광,2011-07-01,45717.0
미국,관광,2011-08-01,37783.0
미국,관광,2011-09-01,41587.0
미국,관광,2011-10-01,50836.0
미국,관광,2011-11-01,38839.0
미국,관광,2011-12-01,35774.0
미국,관광,2012-01-01,29961.0
미국,관광,2012-02-01,32504.0
미국,관광,2012-03-01,42005.0
미국,관광,2012-04-01,50988.0
미국,관광,2012-05-01,51105.0
미국,관광,2012-06-01,53498.0
미국,관광,2012-07-01,47718.0
미국,관광,2012-08-01,38228.0
미국,관광,2012-09-01,45164.0
미국,관광,2012-10-01,54335.0
미국,관광,2012-11-01,39742.0
미국,관광,2012-12-01,36906.0
미국,관광,2013-01-01,32468.0
미국,관광,2013-02-01,29924.0
미국,관광,2013-03-01,46779.0
미국,관광,2013-04-01,49297.0
미국,관광,2013-05-01,50073.0
미국,관광,2013-06-01,55298.0
미국,관광,2013-07-01,47032.0
미국,관광,2013-08-01,37702.0
미국,관광,2013-09-01,45473.0
미국,관광,2013-10-01,56652.0
미국,관광,2013-11-01,40680.0
미국,관광,2013-12-01,38544.0
미국,관광,2014-01-01,32773.0
미국,관광,2014-02-01,32037.0
미국,관광,2014-03-01,48065.0
미국,관광,2014-04-01,54859.0
미국,관광,2014-05-01,51402.0
미국,관광,2014-06-01,59597.0
미국,관광,2014-07-01,51695.0
미국,관광,2014-08-01,42524.0
미국,관광,2014-09-01,53490.0
미국,관광,2014-10-01,60234.0
미국,관광,2014-11-01,45092.0
미국,관광,2014-12-01,41762.0
미국,관광,2015-01-01,33727.0
미국,관광,2015-02-01,31724.0
미국,관광,2015-03-01,51156.0
미국,관광,2015-04-01,62410.0
미국,관광,2015-05-01,55214.0
미국,관광,2015-06-01,49148.0
미국,관광,2015-07-01,46563.0
미국,관광,2015-08-01,41599.0
미국,관광,2015-09-01,48750.0
미국,관광,2015-10-01,61045.0
미국,관광,2015-11-01,47883.0
미국,관광,2015-12-01,43975.0
미국,관광,2016-01-01,36829.0
미국,관광,2016-02-01,32972.0
미국,관광,2016-03-01,53173.0
미국,관광,2016-04-01,64733.0
미국,관광,2016-05-01,63675.0
미국,관광,2016-06-01,72286.0
미국,관광,2016-07-01,60376.0
미국,관광,2016-08-01,48543.0
미국,관광,2016-09-01,57952.0
미국,관광,2016-10-01,66931.0
미국,관광,2016-11-01,52025.0
미국,관광,2016-12-01,50162.0
미국,관광,2017-01-01,37630.0
미국,관광,2017-02-01,35860.0
미국,관광,2017-03-01,56367.0
미국,관광,2017-04-01,65961.0
미국,관광,2017-05-01,58444.0
미국,관광,2017-06-01,70021.0
미국,관광,2017-07-01,63853.0
미국,관광,2017-08-01,49516.0
미국,관광,2017-09-01,54948.0
미국,관광,2017-10-01,60233.0
미국,관광,2017-11-01,52491.0
미국,관광,2017-12-01,49662.0
미국,관광,2018-01-01,40407.0
미국,관광,2018-02-01,46981.0
미국,관광,2018-03-01,62903.0
미국,관광,2018-04-01,71177.0
미국,관광,2018-05-01,66792.0
미국,관광,2018-06-01,78313.0
미국,관광,2018-07-01,72143.0
미국,관광,2018-08-01,55367.0
미국,관광,2018-09-01,60776.0
미국,관광,2018-10-01,80509.0
미국,관광,2018-11-01,60601.0
미국,관광,2018-12-01,52998.0
미국,관광,2019-01-01,42989.0
미국,관광,2019-02-01,38475.0
미국,관광,2019-03-01,65448.0
미국,관광,2019-04-01,83521.0
미국,관광,2019-05-01,76044.0
미국,관광,2019-06-01,86508.0
미국,관광,2019-07-01,77224.0
미국,관광,2019-08-01,62072.0
미국,관광,2019-09-01,70634.0
미국,관광,2019-10-01,82230.0
미국,관광,2019-11-01,65116.0
미국,관광,2019-12-01,58743.0
미국,관광,2020-01-01,43866.0
미국,관광,2020-02-01,26407.0
미국,관광,2020-03-01,3995.0
미국,관광,2020-04-01,1793.0
미국,관광,2020-05-01,2996.0
미국,관광,2020-06-01,3786.0
미국,관광,2020-07-01,3823.0
미국,관광,2020-08-01,3829.0
미국,관광,2020-09-01,3562.0
미국,관광,2020-10-01,3743.0
미국,관광,2020-11-01,4164.0
미국,관광,2020-12-01,3538.0
미국,관광,2021-01-01,2242.0
미국,관광,2021-02-01,1957.0
미국,관광,2021-03-01,2839.0
미국,관광,2021-04-01,3587.0
미국,관광,2021-05-01,6687.0
미국,관광,2021-06-01,7804.0
미국,관광,2021-07-01,8246.0
미국,관광,2021-08-01,5800.0
미국,관광,2021-09-01,7718.0
미국,관광,2021-10-01,9185.0
미국,관광,2021-11-01,8907.0
미국,관광,2021-12-01,5750.0
미국,관광,2022-01-01,3127.0
미국,관광,2022-02-01,3847.0
미국,관광,2022-03-01,5733.0
미국,관광,2022-04-01,19169.0
미국,관광,2022-05-01,28486.0
미국,관광,2022-06-01,41871.0
미국,관광,2022-07-01,37516.0
미국,관광,2022-08-01,31417.0
미국,관광,2022-09-01,45126.0
미국,관광,2022-10-01,58193.0
미국,관광,2022-11-01,48323.0
미국,관광,2022-12-01,46403.0
미국,관광,2023-01-01,29312.0
미국,관광,2023-02-01,29488.0
미국,관광,2023-03-01,68109.0
미국,관광,2023-04-01,90404.0
미국,관광,2023-05-01,82657.0
미국,관광,2023-06-01,103113.0
미국,관광,2023-07-01,83754.0
미국,관광,2023-08-01,60541.0
미국,관광,2023-09-01,77561.0
미국,관광,2023-10-01,93949.0
미국,관광,2023-11-01,73873.0
미국,관광,2023-12-01,58272.0
미국,관광,2024-01-01,41299.0
미국,관광,2024-02-01,42206.0
미국,관광,2024-03-01,96895.0
미국,관광,2024-04-01,102397.0
미국,관광,2024-05-01,99757.0
미국,관광,2024-06-01,129522.0
미국,관광,2024-07-01,97896.0
미국,관광,2024-08-01,76222.0
미국,관광,2024-09-01,86051.0
미국,관광,2024-10-01,117442.0
미국,관광,2024-11-01,86644.0
미국,관광,2024-12-01,72370.0
미국,관광,2025-01-01,50542.0
미국,관광,2025-02-01,50441.0
미국,관광,2025-03-01,108594.0
미국,관광,2025-04-01,129889.0
미국,관광,2025-05-01,108690.0
미국,상용,2005-01-01,2534.0
미국,상용,2005-02-01,1946.0
미국,상용,2005-03-01,2553.0
미국,상용,2005-04-01,2676.0
미국,상용,2005-05-01,2596.0
미국,상용,2005-06-01,2468.0
미국,상용,2005-07-01,2020.0
미국,상용,2005-08-01,2271.0
미국,상용,2005-09-01,2466.0
미국,상용,2005-10-01,2902.0
미국,상용,2005-11-01,2652.0
미국,상용,2005-12-01,1735.0
미국,상용,2006-01-01,2123.0
미국,상용,2006-02-01,2410.0
미국,상용,2006-03-01,2879.0
미국,상용,2006-04-01,2686.0
미국,상용,2006-05-01,2587.0
미국,상용,2006-06-01,2433.0
미국,상용,2006-07-01,1966.0
미국,상용,2006-08-01,2315.0
미국,상용,2006-09-01,2454.0
미국,상용,2006-10-01,2994.0
미국,상용,2006-11-01,2434.0
미국,상용,2006-12-01,1819.0
미국,상용,2007-01-01,2489.0
미국,상용,2007-02-01,2072.0
미국,상용,2007-03-01,2846.0
미국,상용,2007-04-01,2766.0
미국,상용,2007-05-01,2753.0
미국,상용,2007-06-01,2560.0
미국,상용,2007-07-01,2386.0
미국,상용,2007-08-01,2429.0
미국,상용,2007-09-01,2495.0
미국,상용,2007-10-01,3235.0
미국,상용,2007-11-01,2440.0
미국,상용,2007-12-01,1838.0
미국,상용,2008-01-01,2604.0
미국,상용,2008-02-01,2186.0
미국,상용,2008-03-01,2815.0
미국,상용,2008-04-01,2722.0
미국,상용,2008-05-01,2576.0
미국,상용,2008-06-01,2658.0
미국,상용,2008-07-01,2140.0
미국,상용,2008-08-01,2310.0
미국,상용,2008-09-01,2540.0
미국,상용,2008-10-01,2714.0
미국,상용,2008-11-01,2336.0
미국,상용,2008-12-01,1466.0
미국,상용,2009-01-01,1440.0
미국,상용,2009-02-01,1455.0
미국,상용,2009-03-01,1592.0
미국,상용,2009-04-01,1363.0
미국,상용,2009-05-01,1218.0
미국,상용,2009-06-01,1153.0
미국,상용,2009-07-01,1136.0
미국,상용,2009-08-01,1149.0
미국,상용,2009-09-01,1147.0
미국,상용,2009-10-01,1430.0
미국,상용,2009-11-01,1396.0
미국,상용,2009-12-01,903.0
미국,상용,2010-01-01,1195.0
미국,상용,2010-02-01,997.0
미국,상용,2010-03-01,1250.0
미국,상용,2010-04-01,1121.0
미국,상용,2010-05-01,1000.0
미국,상용,2010-06-01,1004.0
미국,상용,2010-07-01,947.0
미국,상용,2010-08-01,1183.0
미국,상용,2010-09-01,1119.0
미국,상용,2010-10-01,1327.0
미국,상용,2010-11-01,1047.0
미국,상용,2010-12-01,779.0
미국,상용,2011-01-01,1042.0
미국,상용,2011-02-01,866.0
미국,상용,2011-03-01,1034.0
미국,상용,2011-04-01,888.0
미국,상용,2011-05-01,993.0
미국,상용,2011-06-01,929.0
미국,상용,2011-07-01,859.0
미국,상용,2011-08-01,936.0
미국,상용,2011-09-01,901.0
미국,상용,2011-10-01,1113.0
미국,상용,2011-11-01,786.0
미국,상용,2011-12-01,695.0
미국,상용,2012-01-01,694.0
미국,상용,2012-02-01,494.0
미국,상용,2012-03-01,598.0
미국,상용,2012-04-01,606.0
미국,상용,2012-05-01,514.0
미국,상용,2012-06-01,503.0
미국,상용,2012-07-01,481.0
미국,상용,2012-08-01,540.0
미국,상용,2012-09-01,484.0
미국,상용,2012-10-01,707.0
미국,상용,2012-11-01,556.0
미국,상용,2012-12-01,525.0
미국,상용,2013-01-01,689.0
미국,상용,2013-02-01,542.0
미국,상용,2013-03-01,719.0
미국,상용,2013-04-01,765.0
미국,상용,2013-05-01,880.0
미국,상용,2013-06-01,880.0
미국,상용,2013-07-01,958.0
미국,상용,2013-08-01,1010.0
미국,상용,2013-09-01,1185.0
미국,상용,2013-10-01,974.0
미국,상용,2013-11-01,1095.0
미국,상용,2013-12-01,1112.0
미국,상용,2014-01-01,1072.0
미국,상용,2014-02-01,865.0
미국,상용,2014-03-01,1005.0
미국,상용,2014-04-01,979.0
미국,상용,2014-05-01,1185.0
미국,상용,2014-06-01,827.0
미국,상용,2014-07-01,953.0
미국,상용,2014-08-01,865.0
미국,상용,2014-09-01,938.0
미국,상용,2014-10-01,799.0
미국,상용,2014-11-01,772.0
미국,상용,2014-12-01,695.0
미국,상용,2015-01-01,755.0
미국,상용,2015-02-01,636.0
미국,상용,2015-03-01,752.0
미국,상용,2015-04-01,581.0
미국,상용,2015-05-01,629.0
미국,상용,2015-06-01,514.0
미국,상용,2015-07-01,514.0
미국,상용,2015-08-01,601.0
미국,상용,2015-09-01,582.0
미국,상용,2015-10-01,532.0
미국,상용,2015-11-01,542.0
미국,상용,2015-12-01,471.0
미국,상용,2016-01-01,566.0
미국,상용,2016-02-01,423.0
미국,상용,2016-03-01,467.0
미국,상용,2016-04-01,487.0
미국,상용,2016-05-01,518.0
미국,상용,2016-06-01,430.0
미국,상용,2016-07-01,407.0
미국,상용,2016-08-01,430.0
미국,상용,2016-09-01,458.0
미국,상용,2016-10-01,351.0
미국,상용,2016-11-01,346.0
미국,상용,2016-12-01,354.0
미국,상용,2017-01-01,447.0
미국,상용,2017-02-01,353.0
미국,상용,2017-03-01,426.0
미국,상용,2017-04-01,399.0
미국,상용,2017-05-01,459.0
미국,상용,2017-06-01,381.0
미국,상용,2017-07-01,378.0
미국,상용,2017-08-01,384.0
미국,상용,2017-09-01,325.0
미국,상용,2017-10-01,446.0
미국,상용,2017-11-01,316.0
미국,상용,2017-12-01,265.0
미국,상용,2018-01-01,422.0
미국,상용,2018-02-01,252.0
미국,상용,2018-03-01,344.0
미국,상용,2018-04-01,332.0
미국,상용,2018-05-01,336.0
미국,상용,2018-06-01,326.0
미국,상용,2018-07-01,307.0
미국,상용,2018-08-01,352.0
미국,상용,2018-09-01,348.0
미국,상용,2018-10-01,382.0
미국,상용,2018-11-01,336.0
미국,상용,2018-12-01,304.0
미국,상용,2019-01-01,418.0
미국,상용,2019-02-01,386.0
미국,상용,2019-03-01,400.0
미국,상용,2019-04-01,352.0
미국,상용,2019-05-01,368.0
미국,상용,2019-06-01,367.0
미국,상용,2019-07-01,359.0
미국,상용,2019-08-01,450.0
미국,상용,2019-09-01,421.0
미국,상용,2019-10-01,421.0
미국,상용,2019-11-01,349.0
미국,상용,2019-12-01,365.0
미국,상용,2020-01-01,495.0
미국,상용,2020-02-01,219.0
미국,상용,2020-03-01,47.0
미국,상용,2020-04-01,32.0
미국,상용,2020-05-01,33.0
미국,상용,2020-06-01,44.0
미국,상용,2020-07-01,53.0
미국,상용,2020-08-01,66.0
미국,상용,2020-09-01,70.0
미국,상용,2020-10-01,64.0
미국,상용,2020-11-01,57.0
미국,상용,2020-12-01,53.0
미국,상용,2021-01-01,85.0
미국,상용,2021-02-01,35.0
미국,상용,2021-03-01,35.0
미국,상용,2021-04-01,50.0
미국,상용,2021-05-01,50.0
미국,상용,2021-06-01,59.0
미국,상용,2021-07-01,94.0
미국,상용,2021-08-01,90.0
미국,상용,2021-09-01,77.0
미국,상용,2021-10-01,67.0
미국,상용,2021-11-01,71.0
미국,상용,2021-12-01,69.0
미국,상용,2022-01-01,159.0
미국,상용,2022-02-01,50.0
미국,상용,2022-03-01,62.0
미국,상용,2022-04-01,113.0
미국,상용,2022-05-01,160.0
미국,상용,2022-06-01,136.0
미국,상용,2022-07-01,191.0
미국,상용,2022-08-01,210.0
미국,상용,2022-09-01,200.0
미국,상용,2022-10-01,209.0
미국,상용,2022-11-01,206.0
미국,상용,2022-12-01,202.0
미국,상용,2023-01-01,333.0
미국,상용,2023-02-01,153.0
미국,상용,2023-03-01,269.0
미국,상용,2023-04-01,254.0
미국,상용,2023-05-01,280.0
미국,상용,2023-06-01,243.0
미국,상용,2023-07-01,252.0
미국,상용,2023-08-01,300.0
미국,상용,2023-09-01,234.0
미국,상용,2023-10-01,359.0
미국,상용,2023-11-01,241.0
미국,상용,2023-12-01,240.0
미국,상용,2024-01-01,340.0
미국,상용,2024-02-01,226.0
미국,상용,2024-03-01,290.0
미국,상용,2024-04-01,254.0
미국,상용,2024-05-01,275.0
미국,상용,2024-06-01,265.0
미국,상용,2024-07-01,238.0
미국,상용,2024-08-01,285.0
미국,상용,2024-09-01,281.0
미국,상용,2024-10-01,226.0
미국,상용,2024-11-01,231.0
미국,상용,2024-12-01,219.0
미국,상용,2025-01-01,300.0
미국,상용,2025-02-01,261.0
미국,상용,2025-03-01,257.0
미국,상용,2025-04-01,244.0
미국,상용,2025-05-01,270.0
미국,유학연수,2005-01-01,125.0
미국,유학연수,2005-02-01,265.0
미국,유학연수,2005-03-01,67.0
미국,유학연수,2005-04-01,28.0
미국,유학연수,2005-05-01,52.0
미국,유학연수,2005-06-01,98.0
미국,유학연수,2005-07-01,127.0
미국,유학연수,2005-08-01,385.0
미국,유학연수,2005-09-01,83.0
미국,유학연수,2005-10-01,36.0
미국,유학연수,2005-11-01,51.0
미국,유학연수,2005-12-01,68.0
미국,유학연수,2006-01-01,144.0
미국,유학연수,2006-02-01,283.0
미국,유학연수,2006-03-01,49.0
미국,유학연수,2006-04-01,47.0
미국,유학연수,2006-05-01,81.0
미국,유학연수,2006-06-01,97.0
미국,유학연수,2006-07-01,124.0
미국,유학연수,2006-08-01,358.0
미국,유학연수,2006-09-01,55.0
미국,유학연수,2006-10-01,101.0
미국,유학연수,2006-11-01,39.0
미국,유학연수,2006-12-01,63.0
미국,유학연수,2007-01-01,122.0
미국,유학연수,2007-02-01,293.0
미국,유학연수,2007-03-01,52.0
미국,유학연수,2007-04-01,40.0
미국,유학연수,2007-05-01,63.0
미국,유학연수,2007-06-01,121.0
미국,유학연수,2007-07-01,140.0
미국,유학연수,2007-08-01,404.0
미국,유학연수,2007-09-01,83.0
미국,유학연수,2007-10-01,64.0
미국,유학연수,2007-11-01,76.0
미국,유학연수,2007-12-01,102.0
미국,유학연수,2008-01-01,131.0
미국,유학연수,2008-02-01,346.0
미국,유학연수,2008-03-01,71.0
미국,유학연수,2008-04-01,58.0
미국,유학연수,2008-05-01,66.0
미국,유학연수,2008-06-01,104.0
미국,유학연수,2008-07-01,103.0
미국,유학연수,2008-08-01,502.0
미국,유학연수,2008-09-01,54.0
미국,유학연수,2008-10-01,75.0
미국,유학연수,2008-11-01,61.0
미국,유학연수,2008-12-01,59.0
미국,유학연수,2009-01-01,150.0
미국,유학연수,2009-02-01,320.0
미국,유학연수,2009-03-01,71.0
미국,유학연수,2009-04-01,60.0
미국,유학연수,2009-05-01,64.0
미국,유학연수,2009-06-01,104.0
미국,유학연수,2009-07-01,118.0
미국,유학연수,2009-08-01,490.0
미국,유학연수,2009-09-01,49.0
미국,유학연수,2009-10-01,86.0
미국,유학연수,2009-11-01,95.0
미국,유학연수,2009-12-01,73.0
미국,유학연수,2010-01-01,135.0
미국,유학연수,2010-02-01,391.0
미국,유학연수,2010-03-01,61.0
미국,유학연수,2010-04-01,48.0
미국,유학연수,2010-05-01,77.0
미국,유학연수,2010-06-01,68.0
미국,유학연수,2010-07-01,113.0
미국,유학연수,2010-08-01,562.0
미국,유학연수,2010-09-01,125.0
미국,유학연수,2010-10-01,69.0
미국,유학연수,2010-11-01,52.0
미국,유학연수,2010-12-01,71.0
미국,유학연수,2011-01-01,173.0
미국,유학연수,2011-02-01,449.0
미국,유학연수,2011-03-01,69.0
미국,유학연수,2011-04-01,62.0
미국,유학연수,2011-05-01,109.0
미국,유학연수,2011-06-01,89.0
미국,유학연수,2011-07-01,125.0
미국,유학연수,2011-08-01,632.0
미국,유학연수,2011-09-01,69.0
미국,유학연수,2011-10-01,55.0
미국,유학연수,2011-11-01,80.0
미국,유학연수,2011-12-01,71.0
미국,유학연수,2012-01-01,140.0
미국,유학연수,2012-02-01,426.0
미국,유학연수,2012-03-01,78.0
미국,유학연수,2012-04-01,71.0
미국,유학연수,2012-05-01,84.0
미국,유학연수,2012-06-01,76.0
미국,유학연수,2012-07-01,122.0
미국,유학연수,2012-08-01,724.0
미국,유학연수,2012-09-01,42.0
미국,유학연수,2012-10-01,124.0
미국,유학연수,2012-11-01,92.0
미국,유학연수,2012-12-01,93.0
미국,유학연수,2013-01-01,163.0
미국,유학연수,2013-02-01,564.0
미국,유학연수,2013-03-01,113.0
미국,유학연수,2013-04-01,104.0
미국,유학연수,2013-05-01,128.0
미국,유학연수,2013-06-01,124.0
미국,유학연수,2013-07-01,152.0
미국,유학연수,2013-08-01,735.0
미국,유학연수,2013-09-01,115.0
미국,유학연수,2013-10-01,77.0
미국,유학연수,2013-11-01,91.0
미국,유학연수,2013-12-01,90.0
미국,유학연수,2014-01-01,188.0
미국,유학연수,2014-02-01,598.0
미국,유학연수,2014-03-01,98.0
미국,유학연수,2014-04-01,93.0
미국,유학연수,2014-05-01,138.0
미국,유학연수,2014-06-01,117.0
미국,유학연수,2014-07-01,132.0
미국,유학연수,2014-08-01,926.0
미국,유학연수,2014-09-01,95.0
미국,유학연수,2014-10-01,70.0
미국,유학연수,2014-11-01,136.0
미국,유학연수,2014-12-01,148.0
미국,유학연수,2015-01-01,198.0
미국,유학연수,2015-02-01,719.0
미국,유학연수,2015-03-01,127.0
미국,유학연수,2015-04-01,99.0
미국,유학연수,2015-05-01,166.0
미국,유학연수,2015-06-01,156.0
미국,유학연수,2015-07-01,138.0
미국,유학연수,2015-08-01,938.0
미국,유학연수,2015-09-01,174.0
미국,유학연수,2015-10-01,85.0
미국,유학연수,2015-11-01,170.0
미국,유학연수,2015-12-01,134.0
미국,유학연수,2016-01-01,218.0
미국,유학연수,2016-02-01,820.0
미국,유학연수,2016-03-01,96.0
미국,유학연수,2016-04-01,78.0
미국,유학연수,2016-05-01,222.0
미국,유학연수,2016-06-01,189.0
미국,유학연수,2016-07-01,164.0
미국,유학연수,2016-08-01,1014.0
미국,유학연수,2016-09-01,107.0
미국,유학연수,2016-10-01,105.0
미국,유학연수,2016-11-01,195.0
미국,유학연수,2016-12-01,188.0
미국,유학연수,2017-01-01,220.0
미국,유학연수,2017-02-01,885.0
미국,유학연수,2017-03-01,119.0
미국,유학연수,2017-04-01,113.0
미국,유학연수,2017-05-01,263.0
미국,유학연수,2017-06-01,185.0
미국,유학연수,2017-07-01,171.0
미국,유학연수,2017-08-01,1259.0
미국,유학연수,2017-09-01,128.0
미국,유학연수,2017-10-01,169.0
미국,유학연수,2017-11-01,224.0
미국,유학연수,2017-12-01,216.0
미국,유학연수,2018-01-01,224.0
미국,유학연수,2018-02-01,934.0
미국,유학연수,2018-03-01,114.0
미국,유학연수,2018-04-01,108.0
미국,유학연수,2018-05-01,250.0
미국,유학연수,2018-06-01,245.0
미국,유학연수,2018-07-01,175.0
미국,유학연수,2018-08-01,1298.0
미국,유학연수,2018-09-01,175.0
미국,유학연수,2018-10-01,98.0
미국,유학연수,2018-11-01,291.0
미국,유학연수,2018-12-01,227.0
미국,유학연수,2019-01-01,229.0
미국,유학연수,2019-02-01,1144.0
미국,유학연수,2019-03-01,190.0
미국,유학연수,2019-04-01,113.0
미국,유학연수,2019-05-01,308.0
미국,유학연수,2019-06-01,350.0
미국,유학연수,2019-07-01,190.0
미국,유학연수,2019-08-01,1552.0
미국,유학연수,2019-09-01,186.0
미국,유학연수,2019-10-01,157.0
미국,유학연수,2019-11-01,402.0
미국,유학연수,2019-12-01,355.0
미국,유학연수,2020-01-01,286.0
미국,유학연수,2020-02-01,848.0
미국,유학연수,2020-03-01,79.0
미국,유학연수,2020-04-01,7.0
미국,유학연수,2020-05-01,9.0
미국,유학연수,2020-06-01,8.0
미국,유학연수,2020-07-01,28.0
미국,유학연수,2020-08-01,257.0
미국,유학연수,2020-09-01,22.0
미국,유학연수,2020-10-01,9.0
미국,유학연수,2020-11-01,43.0
미국,유학연수,2020-12-01,11.0
미국,유학연수,2021-01-01,82.0
미국,유학연수,2021-02-01,464.0
미국,유학연수,2021-03-01,29.0
미국,유학연수,2021-04-01,9.0
미국,유학연수,2021-05-01,60.0
미국,유학연수,2021-06-01,175.0
미국,유학연수,2021-07-01,118.0
미국,유학연수,2021-08-01,1553.0
미국,유학연수,2021-09-01,59.0
미국,유학연수,2021-10-01,14.0
미국,유학연수,2021-11-01,41.0
미국,유학연수,2021-12-01,37.0
미국,유학연수,2022-01-01,115.0
미국,유학연수,2022-02-01,1406.0
미국,유학연수,2022-03-01,50.0
미국,유학연수,2022-04-01,17.0
미국,유학연수,2022-05-01,111.0
미국,유학연수,2022-06-01,102.0
미국,유학연수,2022-07-01,106.0
미국,유학연수,2022-08-01,1747.0
미국,유학연수,2022-09-01,95.0
미국,유학연수,2022-10-01,40.0
미국,유학연수,2022-11-01,231.0
미국,유학연수,2022-12-01,334.0
미국,유학연수,2023-01-01,240.0
미국,유학연수,2023-02-01,1610.0
미국,유학연수,2023-03-01,136.0
미국,유학연수,2023-04-01,117.0
미국,유학연수,2023-05-01,369.0
미국,유학연수,2023-06-01,304.0
미국,유학연수,2023-07-01,241.0
미국,유학연수,2023-08-01,1702.0
미국,유학연수,2023-09-01,130.0
미국,유학연수,2023-10-01,112.0
미국,유학연수,2023-11-01,389.0
미국,유학연수,2023-12-01,402.0
미국,유학연수,2024-01-01,240.0
미국,유학연수,2024-02-01,1506.0
미국,유학연수,2024-03-01,190.0
미국,유학연수,2024-04-01,157.0
미국,유학연수,2024-05-01,558.0
미국,유학연수,2024-06-01,438.0
미국,유학연수,2024-07-01,261.0
미국,유학연수,2024-08-01,2055.0
미국,유학연수,2024-09-01,195.0
미국,유학연수,2024-10-01,167.0
미국,유학연수,2024-11-01,738.0
미국,유학연수,2024-12-01,679.0
미국,유학연수,2025-01-01,303.0
미국,유학연수,2025-02-01,1716.0
미국,유학연수,2025-03-01,272.0
미국,유학연수,2025-04-01,139.0
미국,유학연수,2025-05-01,743.0
미상,공용,2005-01-01,12.0
미상,공용,2005-02-01,13.0
미상,공용,2005-03-01,46.0
미상,공용,2005-04-01,30.0
미상,공용,2005-05-01,34.0
미상,공용,2005-06-01,26.0
미상,공용,2005-07-01,12.0
미상,공용,2005-08-01,19.0
미상,공용,2005-09-01,24.0
미상,공용,2005-10-01,26.0
미상,공용,2005-11-01,33.0
미상,공용,2005-12-01,12.0
미상,공용,2006-01-01,10.0
미상,공용,2006-02-01,8.0
미상,공용,2006-03-01,28.0
미상,공용,2006-04-01,22.0
미상,공용,2006-05-01,30.0
미상,공용,2006-06-01,18.0
미상,공용,2006-07-01,22.0
미상,공용,2006-08-01,62.0
미상,공용,2006-09-01,34.0
미상,공용,2006-10-01,37.0
미상,공용,2006-11-01,94.0
미상,공용,2006-12-01,26.0
미상,공용,2007-01-01,1.0
미상,공용,2007-02-01,0.0
미상,공용,2007-03-01,0.0
미상,공용,2007-04-01,0.0
미상,공용,2007-05-01,1.0
미상,공용,2007-06-01,0.0
미상,공용,2007-07-01,0.0
미상,공용,2007-08-01,0.0
미상,공용,2007-09-01,0.0
미상,공용,2007-10-01,0.0
미상,공용,2007-11-01,0.0
미상,공용,2007-12-01,0.0
미상,공용,2008-01-01,0.0
미상,공용,2008-02-01,0.0
미상,공용,2008-03-01,0.0
미상,공용,2008-04-01,0.0
미상,공용,2008-05-01,2.0
미상,공용,2008-06-01,1.0
미상,공용,2008-07-01,0.0
미상,공용,2008-08-01,0.0
미상,공용,2008-09-01,0.0
미상,공용,2008-10-01,0.0
미상,공용,2008-11-01,0.0
미상,공용,2008-12-01,0.0
미상,공용,2009-01-01,0.0
미상,공용,2009-02-01,0.0
미상,공용,2009-03-01,0.0
미상,공용,2009-04-01,1.0
미상,공용,2009-05-01,1.0
미상,공용,2009-06-01,1.0
미상,공용,2009-07-01,0.0
미상,공용,2009-08-01,1.0
미상,공용,2009-09-01,0.0
미상,공용,2009-10-01,3.0
미상,공용,2009-11-01,0.0
미상,공용,2009-12-01,0.0
미상,공용,2010-01-01,0.0
미상,공용,2010-02-01,0.0
미상,공용,2010-03-01,0.0
미상,공용,2010-04-01,0.0
미상,공용,2010-05-01,0.0
미상,공용,2010-06-01,0.0
미상,공용,2010-07-01,0.0
미상,공용,2010-08-01,0.0
미상,공용,2010-09-01,0.0
미상,공용,2010-10-01,0.0
미상,공용,2010-11-01,0.0
미상,공용,2010-12-01,0.0
미상,공용,2011-01-01,0.0
미상,공용,2011-02-01,0.0
미상,공용,2011-03-01,0.0
미상,공용,2011-04-01,0.0
미상,공용,2011-05-01,0.0
미상,공용,2011-06-01,0.0
미상,공용,2011-07-01,0.0
미상,공용,2011-08-01,0.0
미상,공용,2011-09-01,0.0
미상,공용,2011-10-01,3.0
미상,공용,2011-11-01,0.0
미상,공용,2011-12-01,0.0
미상,공용,2012-01-01,0.0
미상,공용,2012-02-01,0.0
미상,공용,2012-03-01,0.0
미상,공용,2012-04-01,1.0
미상,공용,2012-05-01,0.0
미상,공용,2012-06-01,0.0
미상,공용,2012-07-01,0.0
미상,공용,2012-08-01,1.0
미상,공용,2012-09-01,0.0
미상,공용,2012-10-01,0.0
미상,공용,2012-11-01,0.0
미상,공용,2012-12-01,0.0
미상,공용,2013-01-01,0.0
미상,공용,2013-02-01,0.0
미상,공용,2013-03-01,0.0
미상,공용,2013-04-01,0.0
미상,공용,2013-05-01,0.0
미상,공용,2013-06-01,0.0
미상,공용,2013-07-01,0.0
미상,공용,2013-08-01,0.0
미상,공용,2013-09-01,0.0
미상,공용,2013-10-01,1.0
미상,공용,2013-11-01,0.0
미상,공용,2013-12-01,0.0
미상,공용,2014-01-01,0.0
미상,공용,2014-02-01,2.0
미상,공용,2014-03-01,0.0
미상,공용,2014-04-01,0.0
미상,공용,2014-05-01,0.0
미상,공용,2014-06-01,0.0
미상,공용,2014-07-01,0.0
미상,공용,2014-08-01,0.0
미상,공용,2014-09-01,0.0
미상,공용,2014-10-01,0.0
미상,공용,2014-11-01,1.0
미상,공용,2014-12-01,0.0
미상,공용,2015-01-01,0.0
미상,공용,2015-02-01,1.0
미상,공용,2015-03-01,1.0
미상,공용,2015-04-01,3.0
미상,공용,2015-05-01,0.0
미상,공용,2015-06-01,0.0
미상,공용,2015-07-01,0.0
미상,공용,2015-08-01,0.0
미상,공용,2015-09-01,0.0
미상,공용,2015-10-01,0.0
미상,공용,2015-11-01,0.0
미상,공용,2015-12-01,0.0
미상,공용,2016-01-01,0.0
미상,공용,2016-02-01,0.0
미상,공용,2016-03-01,0.0
미상,공용,2016-04-01,0.0
미상,공용,2016-05-01,0.0
미상,공용,2016-06-01,0.0
미상,공용,2016-07-01,0.0
미상,공용,2016-08-01,0.0
미상,공용,2016-09-01,0.0
미상,공용,2016-10-01,0.0
미상,공용,2016-11-01,0.0
미상,공용,2016-12-01,0.0
미상,공용,2017-01-01,0.0
미상,공용,2017-02-01,0.0
미상,공용,2017-03-01,0.0
미상,공용,2017-04-01,0.0
미상,공용,2017-05-01,0.0
미상,공용,2017-06-01,0.0
미상,공용,2017-07-01,0.0
미상,공용,2017-08-01,0.0
미상,공용,2017-09-01,0.0
미상,공용,2017-10-01,0.0
미상,공용,2017-11-01,0.0
미상,공용,2017-12-01,0.0
미상,공용,2018-01-01,0.0
미상,공용,2018-02-01,0.0
미상,공용,2018-03-01,0.0
미상,공용,2018-04-01,0.0
미상,공용,2018-05-01,0.0
미상,공용,2018-06-01,0.0
미상,공용,2018-07-01,0.0
미상,공용,2018-08-01,0.0
미상,공용,2018-09-01,0.0
미상,공용,2018-10-01,0.0
미상,공용,2018-11-01,0.0
미상,공용,2018-12-01,0.0
미상,공용,2019-01-01,0.0
미상,공용,2019-02-01,0.0
미상,공용,2019-03-01,0.0
미상,공용,2019-04-01,0.0
미상,공용,2019-05-01,0.0
미상,공용,2019-06-01,0.0
미상,공용,2019-07-01,0.0
미상,공용,2019-08-01,0.0
미상,공용,2019-09-01,0.0
미상,공용,2019-10-01,0.0
미상,공용,2019-11-01,0.0
미상,공용,2019-12-01,0.0
미상,공용,2020-01-01,0.0
미상,공용,2020-02-01,0.0
미상,공용,2020-03-01,0.0
미상,공용,2020-04-01,0.0
미상,공용,2020-05-01,0.0
미상,공용,2020-06-01,0.0
미상,공용,2020-07-01,0.0
미상,공용,2020-08-01,0.0
미상,공용,2020-09-01,0.0
미상,공용,2020-10-01,0.0
미상,공용,2020-11-01,0.0
미상,공용,2020-12-01,0.0
미상,공용,2021-01-01,0.0
미상,공용,2021-02-01,0.0
미상,공용,2021-03-01,0.0
미상,공용,2021-04-01,0.0
미상,공용,2021-05-01,0.0
미상,공용,2021-06-01,0.0
미상,공용,2021-07-01,0.0
미상,공용,2021-08-01,0.0
미상,공용,2021-09-01,0.0
미상,공용,2021-10-01,0.0
미상,공용,2021-11-01,0.0
미상,공용,2021-12-01,0.0
미상,공용,2022-01-01,0.0
미상,공용,2022-02-01,0.0
미상,공용,2022-03-01,0.0
미상,공용,2022-04-01,0.0
미상,공용,2022-05-01,0.0
미상,공용,2022-06-01,0.0
미상,공용,2022-07-01,0.0
미상,공용,2022-08-01,0.0
미상,공용,2022-09-01,0.0
미상,공용,2022-10-01,0.0
미상,공용,2022-11-01,0.0
미상,공용,2022-12-01,0.0
미상,공용,2023-01-01,0.0
미상,공용,2023-02-01,0.0
미상,공용,2023-03-01,0.0
미상,공용,2023-04-01,0.0
미상,공용,2023-05-01,0.0
미상,공용,2023-06-01,0.0
미상,공용,2023-07-01,0.0
미상,공용,2023-08-01,0.0
미상,공용,2023-09-01,0.0
미상,공용,2023-10-01,0.0
미상,공용,2023-11-01,0.0
미상,공용,2023-12-01,0.0
미상,공용,2024-01-01,0.0
미상,공용,2024-02-01,0.0
미상,공용,2024-03-01,0.0
미상,공용,2024-04-01,0.0
미상,공용,2024-05-01,0.0
미상,공용,2024-06-01,0.0
미상,공용,2024-07-01,1.0
미상,공용,2024-08-01,0.0
미상,공용,2024-09-01,0.0
미상,공용,2024-10-01,0.0
미상,공용,2024-11-01,0.0
미상,공용,2024-12-01,0.0
미상,공용,2025-01-01,0.0
미상,공용,2025-02-01,0.0
미상,공용,2025-03-01,0.0
미상,공용,2025-04-01,0.0
미상,공용,2025-05-01,0.0
미상,관광,2005-01-01,8.0
미상,관광,2005-02-01,13.0
미상,관광,2005-03-01,13.0
미상,관광,2005-04-01,14.0
미상,관광,2005-05-01,11.0
미상,관광,2005-06-01,12.0
미상,관광,2005-07-01,12.0
미상,관광,2005-08-01,11.0
미상,관광,2005-09-01,16.0
미상,관광,2005-10-01,11.0
미상,관광,2005-11-01,16.0
미상,관광,2005-12-01,20.0
미상,관광,2006-01-01,9.0
미상,관광,2006-02-01,8.0
미상,관광,2006-03-01,10.0
미상,관광,2006-04-01,28.0
미상,관광,2006-05-01,15.0
미상,관광,2006-06-01,17.0
미상,관광,2006-07-01,7.0
미상,관광,2006-08-01,19.0
미상,관광,2006-09-01,21.0
미상,관광,2006-10-01,12.0
미상,관광,2006-11-01,21.0
미상,관광,2006-12-01,27.0
미상,관광,2007-01-01,10.0
미상,관광,2007-02-01,9.0
미상,관광,2007-03-01,8.0
미상,관광,2007-04-01,16.0
미상,관광,2007-05-01,4.0
미상,관광,2007-06-01,9.0
미상,관광,2007-07-01,10.0
미상,관광,2007-08-01,13.0
미상,관광,2007-09-01,3.0
미상,관광,2007-10-01,9.0
미상,관광,2007-11-01,11.0
미상,관광,2007-12-01,10.0
미상,관광,2008-01-01,7.0
미상,관광,2008-02-01,11.0
미상,관광,2008-03-01,7.0
미상,관광,2008-04-01,12.0
미상,관광,2008-05-01,7.0
미상,관광,2008-06-01,4.0
미상,관광,2008-07-01,8.0
미상,관광,2008-08-01,12.0
미상,관광,2008-09-01,9.0
미상,관광,2008-10-01,15.0
미상,관광,2008-11-01,25.0
미상,관광,2008-12-01,28.0
미상,관광,2009-01-01,20.0
미상,관광,2009-02-01,19.0
미상,관광,2009-03-01,24.0
미상,관광,2009-04-01,26.0
미상,관광,2009-05-01,5.0
미상,관광,2009-06-01,3.0
미상,관광,2009-07-01,8.0
미상,관광,2009-08-01,6.0
미상,관광,2009-09-01,9.0
미상,관광,2009-10-01,14.0
미상,관광,2009-11-01,16.0
미상,관광,2009-12-01,21.0
미상,관광,2010-01-01,10.0
미상,관광,2010-02-01,6.0
미상,관광,2010-03-01,20.0
미상,관광,2010-04-01,14.0
미상,관광,2010-05-01,19.0
미상,관광,2010-06-01,8.0
미상,관광,2010-07-01,15.0
미상,관광,2010-08-01,8.0
미상,관광,2010-09-01,10.0
미상,관광,2010-10-01,21.0
미상,관광,2010-11-01,11.0
미상,관광,2010-12-01,21.0
미상,관광,2011-01-01,3.0
미상,관광,2011-02-01,9.0
미상,관광,2011-03-01,8.0
미상,관광,2011-04-01,16.0
미상,관광,2011-05-01,11.0
미상,관광,2011-06-01,3.0
미상,관광,2011-07-01,14.0
미상,관광,2011-08-01,10.0
미상,관광,2011-09-01,9.0
미상,관광,2011-10-01,16.0
미상,관광,2011-11-01,20.0
미상,관광,2011-12-01,14.0
미상,관광,2012-01-01,6.0
미상,관광,2012-02-01,7.0
미상,관광,2012-03-01,13.0
미상,관광,2012-04-01,12.0
미상,관광,2012-05-01,6.0
미상,관광,2012-06-01,10.0
미상,관광,2012-07-01,4.0
미상,관광,2012-08-01,3.0
미상,관광,2012-09-01,9.0
미상,관광,2012-10-01,16.0
미상,관광,2012-11-01,9.0
미상,관광,2012-12-01,3.0
미상,관광,2013-01-01,7.0
미상,관광,2013-02-01,11.0
미상,관광,2013-03-01,14.0
미상,관광,2013-04-01,19.0
미상,관광,2013-05-01,6.0
미상,관광,2013-06-01,7.0
미상,관광,2013-07-01,9.0
미상,관광,2013-08-01,5.0
미상,관광,2013-09-01,11.0
미상,관광,2013-10-01,10.0
미상,관광,2013-11-01,14.0
미상,관광,2013-12-01,19.0
미상,관광,2014-01-01,7.0
미상,관광,2014-02-01,12.0
미상,관광,2014-03-01,20.0
미상,관광,2014-04-01,28.0
미상,관광,2014-05-01,19.0
미상,관광,2014-06-01,11.0
미상,관광,2014-07-01,16.0
미상,관광,2014-08-01,15.0
미상,관광,2014-09-01,13.0
미상,관광,2014-10-01,34.0
미상,관광,2014-11-01,24.0
미상,관광,2014-12-01,35.0
미상,관광,2015-01-01,8.0
미상,관광,2015-02-01,19.0
미상,관광,2015-03-01,31.0
미상,관광,2015-04-01,35.0
미상,관광,2015-05-01,14.0
미상,관광,2015-06-01,26.0
미상,관광,2015-07-01,21.0
미상,관광,2015-08-01,15.0
미상,관광,2015-09-01,26.0
미상,관광,2015-10-01,22.0
미상,관광,2015-11-01,22.0
미상,관광,2015-12-01,55.0
미상,관광,2016-01-01,22.0
미상,관광,2016-02-01,22.0
미상,관광,2016-03-01,34.0
미상,관광,2016-04-01,30.0
미상,관광,2016-05-01,29.0
미상,관광,2016-06-01,50.0
미상,관광,2016-07-01,42.0
미상,관광,2016-08-01,32.0
미상,관광,2016-09-01,33.0
미상,관광,2016-10-01,35.0
미상,관광,2016-11-01,21.0
미상,관광,2016-12-01,33.0
미상,관광,2017-01-01,32.0
미상,관광,2017-02-01,28.0
미상,관광,2017-03-01,34.0
미상,관광,2017-04-01,59.0
미상,관광,2017-05-01,44.0
미상,관광,2017-06-01,40.0
미상,관광,2017-07-01,39.0
미상,관광,2017-08-01,28.0
미상,관광,2017-09-01,34.0
미상,관광,2017-10-01,31.0
미상,관광,2017-11-01,34.0
미상,관광,2017-12-01,36.0
미상,관광,2018-01-01,38.0
미상,관광,2018-02-01,28.0
미상,관광,2018-03-01,35.0
미상,관광,2018-04-01,47.0
미상,관광,2018-05-01,38.0
미상,관광,2018-06-01,52.0
미상,관광,2018-07-01,40.0
미상,관광,2018-08-01,42.0
미상,관광,2018-09-01,42.0
미상,관광,2018-10-01,46.0
미상,관광,2018-11-01,46.0
미상,관광,2018-12-01,51.0
미상,관광,2019-01-01,33.0
미상,관광,2019-02-01,24.0
미상,관광,2019-03-01,38.0
미상,관광,2019-04-01,48.0
미상,관광,2019-05-01,44.0
미상,관광,2019-06-01,33.0
미상,관광,2019-07-01,40.0
미상,관광,2019-08-01,36.0
미상,관광,2019-09-01,33.0
미상,관광,2019-10-01,25.0
미상,관광,2019-11-01,23.0
미상,관광,2019-12-01,36.0
미상,관광,2020-01-01,43.0
미상,관광,2020-02-01,26.0
미상,관광,2020-03-01,7.0
미상,관광,2020-04-01,0.0
미상,관광,2020-05-01,1.0
미상,관광,2020-06-01,3.0
미상,관광,2020-07-01,4.0
미상,관광,2020-08-01,2.0
미상,관광,2020-09-01,3.0
미상,관광,2020-10-01,1.0
미상,관광,2020-11-01,1.0
미상,관광,2020-12-01,0.0
미상,관광,2021-01-01,2.0
미상,관광,2021-02-01,6.0
미상,관광,2021-03-01,3.0
미상,관광,2021-04-01,1.0
미상,관광,2021-05-01,2.0
미상,관광,2021-06-01,2.0
미상,관광,2021-07-01,2.0
미상,관광,2021-08-01,3.0
미상,관광,2021-09-01,5.0
미상,관광,2021-10-01,6.0
미상,관광,2021-11-01,0.0
미상,관광,2021-12-01,4.0
미상,관광,2022-01-01,1.0
미상,관광,2022-02-01,18.0
미상,관광,2022-03-01,5.0
미상,관광,2022-04-01,8.0
미상,관광,2022-05-01,12.0
미상,관광,2022-06-01,4.0
미상,관광,2022-07-01,27.0
미상,관광,2022-08-01,34.0
미상,관광,2022-09-01,11.0
미상,관광,2022-10-01,14.0
미상,관광,2022-11-01,12.0
미상,관광,2022-12-01,23.0
미상,관광,2023-01-01,1.0
미상,관광,2023-02-01,8.0
미상,관광,2023-03-01,8.0
미상,관광,2023-04-01,8.0
미상,관광,2023-05-01,8.0
미상,관광,2023-06-01,10.0
미상,관광,2023-07-01,15.0
미상,관광,2023-08-01,7.0
미상,관광,2023-09-01,7.0
미상,관광,2023-10-01,18.0
미상,관광,2023-11-01,16.0
미상,관광,2023-12-01,12.0
미상,관광,2024-01-01,16.0
미상,관광,2024-02-01,6.0
미상,관광,2024-03-01,9.0
미상,관광,2024-04-01,8.0
미상,관광,2024-05-01,18.0
미상,관광,2024-06-01,9.0
미상,관광,2024-07-01,7.0
미상,관광,2024-08-01,8.0
미상,관광,2024-09-01,22.0
미상,관광,2024-10-01,15.0
미상,관광,2024-11-01,15.0
미상,관광,2024-12-01,10.0
미상,관광,2025-01-01,9.0
미상,관광,2025-02-01,8.0
미상,관광,2025-03-01,16.0
미상,관광,2025-04-01,16.0
미상,관광,2025-05-01,12.0
미상,상용,2005-01-01,1.0
미상,상용,2005-02-01,0.0
미상,상용,2005-03-01,2.0
미상,상용,2005-04-01,1.0
미상,상용,2005-05-01,0.0
미상,상용,2005-06-01,0.0
미상,상용,2005-07-01,0.0
미상,상용,2005-08-01,0.0
미상,상용,2005-09-01,1.0
미상,상용,2005-10-01,0.0
미상,상용,2005-11-01,0.0
미상,상용,2005-12-01,0.0
미상,상용,2006-01-01,1.0
미상,상용,2006-02-01,0.0
미상,상용,2006-03-01,0.0
미상,상용,2006-04-01,0.0
미상,상용,2006-05-01,0.0
미상,상용,2006-06-01,1.0
미상,상용,2006-07-01,0.0
미상,상용,2006-08-01,1.0
미상,상용,2006-09-01,1.0
미상,상용,2006-10-01,0.0
미상,상용,2006-11-01,1.0
미상,상용,2006-12-01,0.0
미상,상용,2007-01-01,0.0
미상,상용,2007-02-01,0.0
미상,상용,2007-03-01,0.0
미상,상용,2007-04-01,0.0
미상,상용,2007-05-01,1.0
미상,상용,2007-06-01,0.0
미상,상용,2007-07-01,0.0
미상,상용,2007-08-01,0.0
미상,상용,2007-09-01,1.0
미상,상용,2007-10-01,1.0
미상,상용,2007-11-01,0.0
미상,상용,2007-12-01,0.0
미상,상용,2008-01-01,0.0
미상,상용,2008-02-01,1.0
미상,상용,2008-03-01,0.0
미상,상용,2008-04-01,0.0
미상,상용,2008-05-01,0.0
미상,상용,2008-06-01,1.0
미상,상용,2008-07-01,1.0
미상,상용,2008-08-01,0.0
미상,상용,2008-09-01,0.0
미상,상용,2008-10-01,0.0
미상,상용,2008-11-01,3.0
미상,상용,2008-12-01,0.0
미상,상용,2009-01-01,0.0
미상,상용,2009-02-01,1.0
미상,상용,2009-03-01,2.0
미상,상용,2009-04-01,1.0
미상,상용,2009-05-01,3.0
미상,상용,2009-06-01,1.0
미상,상용,2009-07-01,0.0
미상,상용,2009-08-01,2.0
미상,상용,2009-09-01,2.0
미상,상용,2009-10-01,1.0
미상,상용,2009-11-01,1.0
미상,상용,2009-12-01,0.0
미상,상용,2010-01-01,3.0
미상,상용,2010-02-01,0.0
미상,상용,2010-03-01,1.0
미상,상용,2010-04-01,1.0
미상,상용,2010-05-01,2.0
미상,상용,2010-06-01,1.0
미상,상용,2010-07-01,1.0
미상,상용,2010-08-01,0.0
미상,상용,2010-09-01,3.0
미상,상용,2010-10-01,1.0
미상,상용,2010-11-01,0.0
미상,상용,2010-12-01,0.0
미상,상용,2011-01-01,0.0
미상,상용,2011-02-01,0.0
미상,상용,2011-03-01,1.0
미상,상용,2011-04-01,0.0
미상,상용,2011-05-01,0.0
미상,상용,2011-06-01,0.0
미상,상용,2011-07-01,0.0
미상,상용,2011-08-01,0.0
미상,상용,2011-09-01,3.0
미상,상용,2011-10-01,3.0
미상,상용,2011-11-01,1.0
미상,상용,2011-12-01,0.0
미상,상용,2012-01-01,1.0
미상,상용,2012-02-01,0.0
미상,상용,2012-03-01,3.0
미상,상용,2012-04-01,2.0
미상,상용,2012-05-01,0.0
미상,상용,2012-06-01,5.0
미상,상용,2012-07-01,0.0
미상,상용,2012-08-01,4.0
미상,상용,2012-09-01,1.0
미상,상용,2012-10-01,10.0
미상,상용,2012-11-01,1.0
미상,상용,2012-12-01,5.0
미상,상용,2013-01-01,3.0
미상,상용,2013-02-01,2.0
미상,상용,2013-03-01,3.0
미상,상용,2013-04-01,5.0
미상,상용,2013-05-01,2.0
미상,상용,2013-06-01,7.0
미상,상용,2013-07-01,4.0
미상,상용,2013-08-01,1.0
미상,상용,2013-09-01,0.0
미상,상용,2013-10-01,3.0
미상,상용,2013-11-01,5.0
미상,상용,2013-12-01,6.0
미상,상용,2014-01-01,2.0
미상,상용,2014-02-01,6.0
미상,상용,2014-03-01,5.0
미상,상용,2014-04-01,4.0
미상,상용,2014-05-01,7.0
미상,상용,2014-06-01,11.0
미상,상용,2014-07-01,7.0
미상,상용,2014-08-01,6.0
미상,상용,2014-09-01,5.0
미상,상용,2014-10-01,6.0
미상,상용,2014-11-01,3.0
미상,상용,2014-12-01,2.0
미상,상용,2015-01-01,2.0
미상,상용,2015-02-01,1.0
미상,상용,2015-03-01,3.0
미상,상용,2015-04-01,3.0
미상,상용,2015-05-01,4.0
미상,상용,2015-06-01,1.0
미상,상용,2015-07-01,6.0
미상,상용,2015-08-01,2.0
미상,상용,2015-09-01,4.0
미상,상용,2015-10-01,2.0
미상,상용,2015-11-01,1.0
미상,상용,2015-12-01,2.0
미상,상용,2016-01-01,1.0
미상,상용,2016-02-01,1.0
미상,상용,2016-03-01,1.0
미상,상용,2016-04-01,2.0
미상,상용,2016-05-01,2.0
미상,상용,2016-06-01,1.0
미상,상용,2016-07-01,1.0
미상,상용,2016-08-01,0.0
미상,상용,2016-09-01,2.0
미상,상용,2016-10-01,2.0
미상,상용,2016-11-01,1.0
미상,상용,2016-12-01,0.0
미상,상용,2017-01-01,1.0
미상,상용,2017-02-01,1.0
미상,상용,2017-03-01,0.0
미상,상용,2017-04-01,0.0
미상,상용,2017-05-01,1.0
미상,상용,2017-06-01,3.0
미상,상용,2017-07-01,1.0
미상,상용,2017-08-01,0.0
미상,상용,2017-09-01,3.0
미상,상용,2017-10-01,2.0
미상,상용,2017-11-01,3.0
미상,상용,2017-12-01,5.0
미상,상용,2018-01-01,4.0
미상,상용,2018-02-01,7.0
미상,상용,2018-03-01,2.0
미상,상용,2018-04-01,2.0
미상,상용,2018-05-01,1.0
미상,상용,2018-06-01,2.0
미상,상용,2018-07-01,2.0
미상,상용,2018-08-01,0.0
미상,상용,2018-09-01,0.0
미상,상용,2018-10-01,1.0
미상,상용,2018-11-01,2.0
미상,상용,2018-12-01,4.0
미상,상용,2019-01-01,4.0
미상,상용,2019-02-01,1.0
미상,상용,2019-03-01,2.0
미상,상용,2019-04-01,2.0
미상,상용,2019-05-01,3.0
미상,상용,2019-06-01,2.0
미상,상용,2019-07-01,0.0
미상,상용,2019-08-01,1.0
미상,상용,2019-09-01,3.0
미상,상용,2019-10-01,2.0
미상,상용,2019-11-01,2.0
미상,상용,2019-12-01,1.0
미상,상용,2020-01-01,0.0
미상,상용,2020-02-01,2.0
미상,상용,2020-03-01,0.0
미상,상용,2020-04-01,0.0
미상,상용,2020-05-01,0.0
미상,상용,2020-06-01,0.0
미상,상용,2020-07-01,0.0
미상,상용,2020-08-01,0.0
미상,상용,2020-09-01,0.0
미상,상용,2020-10-01,0.0
미상,상용,2020-11-01,0.0
미상,상용,2020-12-01,0.0
미상,상용,2021-01-01,0.0
미상,상용,2021-02-01,0.0
미상,상용,2021-03-01,0.0
미상,상용,2021-04-01,0.0
미상,상용,2021-05-01,0.0
미상,상용,2021-06-01,0.0
미상,상용,2021-07-01,0.0
미상,상용,2021-08-01,0.0
미상,상용,2021-09-01,0.0
미상,상용,2021-10-01,0.0
미상,상용,2021-11-01,0.0
미상,상용,2021-12-01,1.0
미상,상용,2022-01-01,0.0
미상,상용,2022-02-01,0.0
미상,상용,2022-03-01,0.0
미상,상용,2022-04-01,0.0
미상,상용,2022-05-01,0.0
미상,상용,2022-06-01,0.0
미상,상용,2022-07-01,1.0
미상,상용,2022-08-01,1.0
미상,상용,2022-09-01,1.0
미상,상용,2022-10-01,0.0
미상,상용,2022-11-01,0.0
미상,상용,2022-12-01,0.0
미상,상용,2023-01-01,0.0
미상,상용,2023-02-01,0.0
미상,상용,2023-03-01,0.0
미상,상용,2023-04-01,1.0
미상,상용,2023-05-01,0.0
미상,상용,2023-06-01,1.0
미상,상용,2023-07-01,0.0
미상,상용,2023-08-01,0.0
미상,상용,2023-09-01,1.0
미상,상용,2023-10-01,1.0
미상,상용,2023-11-01,0.0
미상,상용,2023-12-01,1.0
미상,상용,2024-01-01,1.0
미상,상용,2024-02-01,0.0
미상,상용,2024-03-01,0.0
미상,상용,2024-04-01,1.0
미상,상용,2024-05-01,1.0
미상,상용,2024-06-01,0.0
미상,상용,2024-07-01,0.0
미상,상용,2024-08-01,0.0
미상,상용,2024-09-01,1.0
미상,상용,2024-10-01,0.0
미상,상용,2024-11-01,1.0
미상,상용,2024-12-01,2.0
미상,상용,2025-01-01,1.0
미상,상용,2025-02-01,0.0
미상,상용,2025-03-01,1.0
미상,상용,2025-04-01,0.0
미상,상용,2025-05-01,0.0
미상,유학연수,2005-01-01,0.0
미상,유학연수,2005-02-01,0.0
미상,유학연수,2005-03-01,1.0
미상,유학연수,2005-04-01,1.0
미상,유학연수,2005-05-01,0.0
미상,유학연수,2005-06-01,0.0
미상,유학연수,2005-07-01,0.0
미상,유학연수,2005-08-01,0.0
미상,유학연수,2005-09-01,0.0
미상,유학연수,2005-10-01,0.0
미상,유학연수,2005-11-01,0.0
미상,유학연수,2005-12-01,0.0
미상,유학연수,2006-01-01,0.0
미상,유학연수,2006-02-01,0.0
미상,유학연수,2006-03-01,0.0
미상,유학연수,2006-04-01,0.0
미상,유학연수,2006-05-01,0.0
미상,유학연수,2006-06-01,0.0
미상,유학연수,2006-07-01,0.0
미상,유학연수,2006-08-01,0.0
미상,유학연수,2006-09-01,0.0
미상,유학연수,2006-10-01,0.0
미상,유학연수,2006-11-01,0.0
미상,유학연수,2006-12-01,0.0
미상,유학연수,2007-01-01,0.0
미상,유학연수,2007-02-01,1.0
미상,유학연수,2007-03-01,0.0
미상,유학연수,2007-04-01,0.0
미상,유학연수,2007-05-01,0.0
미상,유학연수,2007-06-01,0.0
미상,유학연수,2007-07-01,0.0
미상,유학연수,2007-08-01,0.0
미상,유학연수,2007-09-01,0.0
미상,유학연수,2007-10-01,0.0
미상,유학연수,2007-11-01,0.0
미상,유학연수,2007-12-01,0.0
미상,유학연수,2008-01-01,0.0
미상,유학연수,2008-02-01,0.0
미상,유학연수,2008-03-01,0.0
미상,유학연수,2008-04-01,0.0
미상,유학연수,2008-05-01,0.0
미상,유학연수,2008-06-01,0.0
미상,유학연수,2008-07-01,0.0
미상,유학연수,2008-08-01,0.0
미상,유학연수,2008-09-01,0.0
미상,유학연수,2008-10-01,0.0
미상,유학연수,2008-11-01,0.0
미상,유학연수,2008-12-01,0.0
미상,유학연수,2009-01-01,0.0
미상,유학연수,2009-02-01,0.0
미상,유학연수,2009-03-01,1.0
미상,유학연수,2009-04-01,0.0
미상,유학연수,2009-05-01,0.0
미상,유학연수,2009-06-01,0.0
미상,유학연수,2009-07-01,0.0
미상,유학연수,2009-08-01,0.0
미상,유학연수,2009-09-01,0.0
미상,유학연수,2009-10-01,0.0
미상,유학연수,2009-11-01,0.0
미상,유학연수,2009-12-01,0.0
미상,유학연수,2010-01-01,0.0
미상,유학연수,2010-02-01,1.0
미상,유학연수,2010-03-01,0.0
미상,유학연수,2010-04-01,0.0
미상,유학연수,2010-05-01,0.0
미상,유학연수,2010-06-01,0.0
미상,유학연수,2010-07-01,0.0
미상,유학연수,2010-08-01,0.0
미상,유학연수,2010-09-01,0.0
미상,유학연수,2010-10-01,0.0
미상,유학연수,2010-11-01,0.0
미상,유학연수,2010-12-01,0.0
미상,유학연수,2011-01-01,0.0
미상,유학연수,2011-02-01,0.0
미상,유학연수,2011-03-01,0.0
미상,유학연수,2011-04-01,0.0
미상,유학연수,2011-05-01,0.0
미상,유학연수,2011-06-01,0.0
미상,유학연수,2011-07-01,0.0
미상,유학연수,2011-08-01,0.0
미상,유학연수,2011-09-01,0.0
미상,유학연수,2011-10-01,0.0
미상,유학연수,2011-11-01,0.0
미상,유학연수,2011-12-01,0.0
미상,유학연수,2012-01-01,0.0
미상,유학연수,2012-02-01,0.0
미상,유학연수,2012-03-01,1.0
미상,유학연수,2012-04-01,0.0
미상,유학연수,2012-05-01,0.0
미상,유학연수,2012-06-01,0.0
미상,유학연수,2012-07-01,0.0
미상,유학연수,2012-08-01,0.0
미상,유학연수,2012-09-01,0.0
미상,유학연수,2012-10-01,0.0
미상,유학연수,2012-11-01,0.0
미상,유학연수,2012-12-01,0.0
미상,유학연수,2013-01-01,0.0
미상,유학연수,2013-02-01,0.0
미상,유학연수,2013-03-01,0.0
미상,유학연수,2013-04-01,0.0
미상,유학연수,2013-05-01,0.0
미상,유학연수,2013-06-01,0.0
미상,유학연수,2013-07-01,0.0
미상,유학연수,2013-08-01,0.0
미상,유학연수,2013-09-01,1.0
미상,유학연수,2013-10-01,0.0
미상,유학연수,2013-11-01,0.0
미상,유학연수,2013-12-01,0.0
미상,유학연수,2014-01-01,0.0
미상,유학연수,2014-02-01,1.0
미상,유학연수,2014-03-01,0.0
미상,유학연수,2014-04-01,0.0
미상,유학연수,2014-05-01,1.0
미상,유학연수,2014-06-01,0.0
미상,유학연수,2014-07-01,0.0
미상,유학연수,2014-08-01,4.0
미상,유학연수,2014-09-01,1.0
미상,유학연수,2014-10-01,0.0
미상,유학연수,2014-11-01,0.0
미상,유학연수,2014-12-01,0.0
미상,유학연수,2015-01-01,0.0
미상,유학연수,2015-02-01,3.0
미상,유학연수,2015-03-01,0.0
미상,유학연수,2015-04-01,0.0
미상,유학연수,2015-05-01,0.0
미상,유학연수,2015-06-01,1.0
미상,유학연수,2015-07-01,0.0
미상,유학연수,2015-08-01,1.0
미상,유학연수,2015-09-01,2.0
미상,유학연수,2015-10-01,1.0
미상,유학연수,2015-11-01,0.0
미상,유학연수,2015-12-01,2.0
미상,유학연수,2016-01-01,1.0
미상,유학연수,2016-02-01,5.0
미상,유학연수,2016-03-01,1.0
미상,유학연수,2016-04-01,0.0
미상,유학연수,2016-05-01,1.0
미상,유학연수,2016-06-01,1.0
미상,유학연수,2016-07-01,0.0
미상,유학연수,2016-08-01,3.0
미상,유학연수,2016-09-01,0.0
미상,유학연수,2016-10-01,1.0
미상,유학연수,2016-11-01,0.0
미상,유학연수,2016-12-01,0.0
미상,유학연수,2017-01-01,0.0
미상,유학연수,2017-02-01,2.0
미상,유학연수,2017-03-01,2.0
미상,유학연수,2017-04-01,1.0
미상,유학연수,2017-05-01,0.0
미상,유학연수,2017-06-01,0.0
미상,유학연수,2017-07-01,0.0
미상,유학연수,2017-08-01,2.0
미상,유학연수,2017-09-01,3.0
미상,유학연수,2017-10-01,0.0
미상,유학연수,2017-11-01,0.0
미상,유학연수,2017-12-01,0.0
미상,유학연수,2018-01-01,0.0
미상,유학연수,2018-02-01,2.0
미상,유학연수,2018-03-01,4.0
미상,유학연수,2018-04-01,0.0
미상,유학연수,2018-05-01,0.0
미상,유학연수,2018-06-01,0.0
미상,유학연수,2018-07-01,0.0
미상,유학연수,2018-08-01,7.0
미상,유학연수,2018-09-01,1.0
미상,유학연수,2018-10-01,0.0
미상,유학연수,2018-11-01,0.0
미상,유학연수,2018-12-01,0.0
미상,유학연수,2019-01-01,1.0
미상,유학연수,2019-02-01,3.0
미상,유학연수,2019-03-01,0.0
미상,유학연수,2019-04-01,0.0
미상,유학연수,2019-05-01,0.0
미상,유학연수,2019-06-01,0.0
미상,유학연수,2019-07-01,1.0
미상,유학연수,2019-08-01,8.0
미상,유학연수,2019-09-01,5.0
미상,유학연수,2019-10-01,0.0
미상,유학연수,2019-11-01,0.0
미상,유학연수,2019-12-01,0.0
미상,유학연수,2020-01-01,1.0
미상,유학연수,2020-02-01,1.0
미상,유학연수,2020-03-01,0.0
미상,유학연수,2020-04-01,0.0
미상,유학연수,2020-05-01,0.0
미상,유학연수,2020-06-01,0.0
미상,유학연수,2020-07-01,0.0
미상,유학연수,2020-08-01,1.0
미상,유학연수,2020-09-01,0.0
미상,유학연수,2020-10-01,0.0
미상,유학연수,2020-11-01,0.0
미상,유학연수,2020-12-01,0.0
미상,유학연수,2021-01-01,0.0
미상,유학연수,2021-02-01,0.0
미상,유학연수,2021-03-01,0.0
미상,유학연수,2021-04-01,0.0
미상,유학연수,2021-05-01,0.0
미상,유학연수,2021-06-01,0.0
미상,유학연수,2021-07-01,0.0
미상,유학연수,2021-08-01,3.0
미상,유학연수,2021-09-01,0.0
미상,유학연수,2021-10-01,0.0
미상,유학연수,2021-11-01,0.0
미상,유학연수,2021-12-01,0.0
미상,유학연수,2022-01-01,0.0
미상,유학연수,2022-02-01,2.0
미상,유학연수,2022-03-01,0.0
미상,유학연수,2022-04-01,0.0
미상,유학연수,2022-05-01,0.0
미상,유학연수,2022-06-01,0.0
미상,유학연수,2022-07-01,1.0
미상,유학연수,2022-08-01,0.0
미상,유학연수,2022-09-01,0.0
미상,유학연수,2022-10-01,1.0
미상,유학연수,2022-11-01,0.0
미상,유학연수,2022-12-01,0.0
미상,유학연수,2023-01-01,0.0
미상,유학연수,2023-02-01,4.0
미상,유학연수,2023-03-01,0.0
미상,유학연수,2023-04-01,0.0
미상,유학연수,2023-05-01,0.0
미상,유학연수,2023-06-01,0.0
미상,유학연수,2023-07-01,2.0
미상,유학연수,2023-08-01,2.0
미상,유학연수,2023-09-01,2.0
미상,유학연수,2023-10-01,0.0
미상,유학연수,2023-11-01,1.0
미상,유학연수,2023-12-01,0.0
미상,유학연수,2024-01-01,2.0
미상,유학연수,2024-02-01,2.0
미상,유학연수,2024-03-01,0.0
미상,유학연수,2024-04-01,0.0
미상,유학연수,2024-05-01,0.0
미상,유학연수,2024-06-01,0.0
미상,유학연수,2024-07-01,0.0
미상,유학연수,2024-08-01,1.0
미상,유학연수,2024-09-01,2.0
미상,유학연수,2024-10-01,0.0
미상,유학연수,2024-11-01,0.0
미상,유학연수,2024-12-01,0.0
미상,유학연수,2025-01-01,1.0
미상,유학연수,2025-02-01,1.0
미상,유학연수,2025-03-01,0.0
미상,유학연수,2025-04-01,1.0
미상,유학연수,2025-05-01,0.0
미얀마,공용,2005-01-01,21.0
미얀마,공용,2005-02-01,24.0
미얀마,공용,2005-03-01,5.0
미얀마,공용,2005-04-01,21.0
미얀마,공용,2005-05-01,23.0
미얀마,공용,2005-06-01,37.0
미얀마,공용,2005-07-01,21.0
미얀마,공용,2005-08-01,28.0
미얀마,공용,2005-09-01,27.0
미얀마,공용,2005-10-01,28.0
미얀마,공용,2005-11-01,17.0
미얀마,공용,2005-12-01,2.0
미얀마,공용,2006-01-01,1.0
미얀마,공용,2006-02-01,11.0
미얀마,공용,2006-03-01,5.0
미얀마,공용,2006-04-01,14.0
미얀마,공용,2006-05-01,28.0
미얀마,공용,2006-06-01,11.0
미얀마,공용,2006-07-01,5.0
미얀마,공용,2006-08-01,13.0
미얀마,공용,2006-09-01,11.0
미얀마,공용,2006-10-01,21.0
미얀마,공용,2006-11-01,25.0
미얀마,공용,2006-12-01,6.0
미얀마,공용,2007-01-01,3.0
미얀마,공용,2007-02-01,0.0
미얀마,공용,2007-03-01,15.0
미얀마,공용,2007-04-01,5.0
미얀마,공용,2007-05-01,20.0
미얀마,공용,2007-06-01,10.0
미얀마,공용,2007-07-01,19.0
미얀마,공용,2007-08-01,67.0
미얀마,공용,2007-09-01,56.0
미얀마,공용,2007-10-01,51.0
미얀마,공용,2007-11-01,30.0
미얀마,공용,2007-12-01,18.0
미얀마,공용,2008-01-01,5.0
미얀마,공용,2008-02-01,10.0
미얀마,공용,2008-03-01,26.0
미얀마,공용,2008-04-01,12.0
미얀마,공용,2008-05-01,97.0
미얀마,공용,2008-06-01,15.0
미얀마,공용,2008-07-01,9.0
미얀마,공용,2008-08-01,13.0
미얀마,공용,2008-09-01,73.0
미얀마,공용,2008-10-01,24.0
미얀마,공용,2008-11-01,38.0
미얀마,공용,2008-12-01,6.0
미얀마,공용,2009-01-01,0.0
미얀마,공용,2009-02-01,8.0
미얀마,공용,2009-03-01,13.0
미얀마,공용,2009-04-01,10.0
미얀마,공용,2009-05-01,85.0
미얀마,공용,2009-06-01,92.0
미얀마,공용,2009-07-01,18.0
미얀마,공용,2009-08-01,23.0
미얀마,공용,2009-09-01,43.0
미얀마,공용,2009-10-01,74.0
미얀마,공용,2009-11-01,48.0
미얀마,공용,2009-12-01,42.0
미얀마,공용,2010-01-01,54.0
미얀마,공용,2010-02-01,3.0
미얀마,공용,2010-03-01,45.0
미얀마,공용,2010-04-01,16.0
미얀마,공용,2010-05-01,52.0
미얀마,공용,2010-06-01,77.0
미얀마,공용,2010-07-01,18.0
미얀마,공용,2010-08-01,33.0
미얀마,공용,2010-09-01,40.0
미얀마,공용,2010-10-01,52.0
미얀마,공용,2010-11-01,39.0
미얀마,공용,2010-12-01,29.0
미얀마,공용,2011-01-01,24.0
미얀마,공용,2011-02-01,13.0
미얀마,공용,2011-03-01,31.0
미얀마,공용,2011-04-01,2.0
미얀마,공용,2011-05-01,1.0
미얀마,공용,2011-06-01,2.0
미얀마,공용,2011-07-01,0.0
미얀마,공용,2011-08-01,0.0
미얀마,공용,2011-09-01,3.0
미얀마,공용,2011-10-01,7.0
미얀마,공용,2011-11-01,8.0
미얀마,공용,2011-12-01,0.0
미얀마,공용,2012-01-01,1.0
미얀마,공용,2012-02-01,1.0
미얀마,공용,2012-03-01,11.0
미얀마,공용,2012-04-01,3.0
미얀마,공용,2012-05-01,0.0
미얀마,공용,2012-06-01,5.0
미얀마,공용,2012-07-01,1.0
미얀마,공용,2012-08-01,0.0
미얀마,공용,2012-09-01,3.0
미얀마,공용,2012-10-01,39.0
미얀마,공용,2012-11-01,7.0
미얀마,공용,2012-12-01,9.0
미얀마,공용,2013-01-01,2.0
미얀마,공용,2013-02-01,4.0
미얀마,공용,2013-03-01,12.0
미얀마,공용,2013-04-01,6.0
미얀마,공용,2013-05-01,13.0
미얀마,공용,2013-06-01,18.0
미얀마,공용,2013-07-01,5.0
미얀마,공용,2013-08-01,11.0
미얀마,공용,2013-09-01,12.0
미얀마,공용,2013-10-01,23.0
미얀마,공용,2013-11-01,49.0
미얀마,공용,2013-12-01,29.0
미얀마,공용,2014-01-01,10.0
미얀마,공용,2014-02-01,17.0
미얀마,공용,2014-03-01,33.0
미얀마,공용,2014-04-01,40.0
미얀마,공용,2014-05-01,65.0
미얀마,공용,2014-06-01,57.0
미얀마,공용,2014-07-01,37.0
미얀마,공용,2014-08-01,58.0
미얀마,공용,2014-09-01,157.0
미얀마,공용,2014-10-01,137.0
미얀마,공용,2014-11-01,119.0
미얀마,공용,2014-12-01,83.0
미얀마,공용,2015-01-01,10.0
미얀마,공용,2015-02-01,12.0
미얀마,공용,2015-03-01,62.0
미얀마,공용,2015-04-01,54.0
미얀마,공용,2015-05-01,83.0
미얀마,공용,2015-06-01,59.0
미얀마,공용,2015-07-01,55.0
미얀마,공용,2015-08-01,80.0
미얀마,공용,2015-09-01,114.0
미얀마,공용,2015-10-01,129.0
미얀마,공용,2015-11-01,117.0
미얀마,공용,2015-12-01,41.0
미얀마,공용,2016-01-01,44.0
미얀마,공용,2016-02-01,48.0
미얀마,공용,2016-03-01,46.0
미얀마,공용,2016-04-01,42.0
미얀마,공용,2016-05-01,107.0
미얀마,공용,2016-06-01,112.0
미얀마,공용,2016-07-01,149.0
미얀마,공용,2016-08-01,65.0
미얀마,공용,2016-09-01,182.0
미얀마,공용,2016-10-01,147.0
미얀마,공용,2016-11-01,119.0
미얀마,공용,2016-12-01,75.0
미얀마,공용,2017-01-01,28.0
미얀마,공용,2017-02-01,37.0
미얀마,공용,2017-03-01,40.0
미얀마,공용,2017-04-01,62.0
미얀마,공용,2017-05-01,74.0
미얀마,공용,2017-06-01,81.0
미얀마,공용,2017-07-01,101.0
미얀마,공용,2017-08-01,52.0
미얀마,공용,2017-09-01,154.0
미얀마,공용,2017-10-01,108.0
미얀마,공용,2017-11-01,106.0
미얀마,공용,2017-12-01,49.0
미얀마,공용,2018-01-01,21.0
미얀마,공용,2018-02-01,12.0
미얀마,공용,2018-03-01,91.0
미얀마,공용,2018-04-01,65.0
미얀마,공용,2018-05-01,121.0
미얀마,공용,2018-06-01,80.0
미얀마,공용,2018-07-01,76.0
미얀마,공용,2018-08-01,66.0
미얀마,공용,2018-09-01,133.0
미얀마,공용,2018-10-01,194.0
미얀마,공용,2018-11-01,109.0
미얀마,공용,2018-12-01,21.0
미얀마,공용,2019-01-01,31.0
미얀마,공용,2019-02-01,25.0
미얀마,공용,2019-03-01,52.0
미얀마,공용,2019-04-01,62.0
미얀마,공용,2019-05-01,83.0
미얀마,공용,2019-06-01,154.0
미얀마,공용,2019-07-01,114.0
미얀마,공용,2019-08-01,80.0
미얀마,공용,2019-09-01,255.0
미얀마,공용,2019-10-01,214.0
미얀마,공용,2019-11-01,180.0
미얀마,공용,2019-12-01,40.0
미얀마,공용,2020-01-01,47.0
미얀마,공용,2020-02-01,19.0
미얀마,공용,2020-03-01,0.0
미얀마,공용,2020-04-01,0.0
미얀마,공용,2020-05-01,0.0
미얀마,공용,2020-06-01,1.0
미얀마,공용,2020-07-01,0.0
미얀마,공용,2020-08-01,0.0
미얀마,공용,2020-09-01,0.0
미얀마,공용,2020-10-01,0.0
미얀마,공용,2020-11-01,0.0
미얀마,공용,2020-12-01,3.0
미얀마,공용,2021-01-01,0.0
미얀마,공용,2021-02-01,0.0
미얀마,공용,2021-03-01,1.0
미얀마,공용,2021-04-01,0.0
미얀마,공용,2021-05-01,0.0
미얀마,공용,2021-06-01,0.0
미얀마,공용,2021-07-01,3.0
미얀마,공용,2021-08-01,0.0
미얀마,공용,2021-09-01,3.0
미얀마,공용,2021-10-01,0.0
미얀마,공용,2021-11-01,0.0
미얀마,공용,2021-12-01,0.0
미얀마,공용,2022-01-01,1.0
미얀마,공용,2022-02-01,0.0
미얀마,공용,2022-03-01,0.0
미얀마,공용,2022-04-01,0.0
미얀마,공용,2022-05-01,0.0
미얀마,공용,2022-06-01,5.0
미얀마,공용,2022-07-01,5.0
미얀마,공용,2022-08-01,11.0
미얀마,공용,2022-09-01,27.0
미얀마,공용,2022-10-01,29.0
미얀마,공용,2022-11-01,49.0
미얀마,공용,2022-12-01,6.0
미얀마,공용,2023-01-01,3.0
미얀마,공용,2023-02-01,9.0
미얀마,공용,2023-03-01,13.0
미얀마,공용,2023-04-01,22.0
미얀마,공용,2023-05-01,25.0
미얀마,공용,2023-06-01,19.0
미얀마,공용,2023-07-01,32.0
미얀마,공용,2023-08-01,22.0
미얀마,공용,2023-09-01,64.0
미얀마,공용,2023-10-01,56.0
미얀마,공용,2023-11-01,57.0
미얀마,공용,2023-12-01,26.0
미얀마,공용,2024-01-01,2.0
미얀마,공용,2024-02-01,13.0
미얀마,공용,2024-03-01,13.0
미얀마,공용,2024-04-01,15.0
미얀마,공용,2024-05-01,34.0
미얀마,공용,2024-06-01,26.0
미얀마,공용,2024-07-01,16.0
미얀마,공용,2024-08-01,33.0
미얀마,공용,2024-09-01,29.0
미얀마,공용,2024-10-01,33.0
미얀마,공용,2024-11-01,19.0
미얀마,공용,2024-12-01,23.0
미얀마,공용,2025-01-01,5.0
미얀마,공용,2025-02-01,8.0
미얀마,공용,2025-03-01,11.0
미얀마,공용,2025-04-01,23.0
미얀마,공용,2025-05-01,22.0
미얀마,관광,2005-01-01,266.0
미얀마,관광,2005-02-01,265.0
미얀마,관광,2005-03-01,273.0
미얀마,관광,2005-04-01,327.0
미얀마,관광,2005-05-01,343.0
미얀마,관광,2005-06-01,321.0
미얀마,관광,2005-07-01,308.0
미얀마,관광,2005-08-01,307.0
미얀마,관광,2005-09-01,320.0
미얀마,관광,2005-10-01,390.0
미얀마,관광,2005-11-01,326.0
미얀마,관광,2005-12-01,313.0
미얀마,관광,2006-01-01,270.0
미얀마,관광,2006-02-01,239.0
미얀마,관광,2006-03-01,342.0
미얀마,관광,2006-04-01,307.0
미얀마,관광,2006-05-01,418.0
미얀마,관광,2006-06-01,426.0
미얀마,관광,2006-07-01,253.0
미얀마,관광,2006-08-01,496.0
미얀마,관광,2006-09-01,574.0
미얀마,관광,2006-10-01,456.0
미얀마,관광,2006-11-01,393.0
미얀마,관광,2006-12-01,359.0
미얀마,관광,2007-01-01,276.0
미얀마,관광,2007-02-01,398.0
미얀마,관광,2007-03-01,503.0
미얀마,관광,2007-04-01,398.0
미얀마,관광,2007-05-01,402.0
미얀마,관광,2007-06-01,400.0
미얀마,관광,2007-07-01,466.0
미얀마,관광,2007-08-01,441.0
미얀마,관광,2007-09-01,607.0
미얀마,관광,2007-10-01,560.0
미얀마,관광,2007-11-01,454.0
미얀마,관광,2007-12-01,625.0
미얀마,관광,2008-01-01,330.0
미얀마,관광,2008-02-01,454.0
미얀마,관광,2008-03-01,662.0
미얀마,관광,2008-04-01,642.0
미얀마,관광,2008-05-01,463.0
미얀마,관광,2008-06-01,565.0
미얀마,관광,2008-07-01,581.0
미얀마,관광,2008-08-01,616.0
미얀마,관광,2008-09-01,555.0
미얀마,관광,2008-10-01,604.0
미얀마,관광,2008-11-01,471.0
미얀마,관광,2008-12-01,650.0
미얀마,관광,2009-01-01,566.0
미얀마,관광,2009-02-01,559.0
미얀마,관광,2009-03-01,637.0
미얀마,관광,2009-04-01,718.0
미얀마,관광,2009-05-01,798.0
미얀마,관광,2009-06-01,473.0
미얀마,관광,2009-07-01,634.0
미얀마,관광,2009-08-01,589.0
미얀마,관광,2009-09-01,759.0
미얀마,관광,2009-10-01,694.0
미얀마,관광,2009-11-01,648.0
미얀마,관광,2009-12-01,615.0
미얀마,관광,2010-01-01,630.0
미얀마,관광,2010-02-01,584.0
미얀마,관광,2010-03-01,990.0
미얀마,관광,2010-04-01,858.0
미얀마,관광,2010-05-01,814.0
미얀마,관광,2010-06-01,777.0
미얀마,관광,2010-07-01,640.0
미얀마,관광,2010-08-01,630.0
미얀마,관광,2010-09-01,805.0
미얀마,관광,2010-10-01,697.0
미얀마,관광,2010-11-01,811.0
미얀마,관광,2010-12-01,682.0
미얀마,관광,2011-01-01,774.0
미얀마,관광,2011-02-01,588.0
미얀마,관광,2011-03-01,1021.0
미얀마,관광,2011-04-01,1219.0
미얀마,관광,2011-05-01,1125.0
미얀마,관광,2011-06-01,957.0
미얀마,관광,2011-07-01,932.0
미얀마,관광,2011-08-01,883.0
미얀마,관광,2011-09-01,921.0
미얀마,관광,2011-10-01,1163.0
미얀마,관광,2011-11-01,853.0
미얀마,관광,2011-12-01,900.0
미얀마,관광,2012-01-01,882.0
미얀마,관광,2012-02-01,980.0
미얀마,관광,2012-03-01,1089.0
미얀마,관광,2012-04-01,1401.0
미얀마,관광,2012-05-01,1208.0
미얀마,관광,2012-06-01,968.0
미얀마,관광,2012-07-01,996.0
미얀마,관광,2012-08-01,898.0
미얀마,관광,2012-09-01,1053.0
미얀마,관광,2012-10-01,1147.0
미얀마,관광,2012-11-01,1102.0
미얀마,관광,2012-12-01,1062.0
미얀마,관광,2013-01-01,1009.0
미얀마,관광,2013-02-01,879.0
미얀마,관광,2013-03-01,1224.0
미얀마,관광,2013-04-01,1225.0
미얀마,관광,2013-05-01,1243.0
미얀마,관광,2013-06-01,1194.0
미얀마,관광,2013-07-01,1130.0
미얀마,관광,2013-08-01,1113.0
미얀마,관광,2013-09-01,1108.0
미얀마,관광,2013-10-01,1645.0
미얀마,관광,2013-11-01,1204.0
미얀마,관광,2013-12-01,1174.0
미얀마,관광,2014-01-01,1030.0
미얀마,관광,2014-02-01,1030.0
미얀마,관광,2014-03-01,1146.0
미얀마,관광,2014-04-01,2098.0
미얀마,관광,2014-05-01,1235.0
미얀마,관광,2014-06-01,1261.0
미얀마,관광,2014-07-01,1441.0
미얀마,관광,2014-08-01,1045.0
미얀마,관광,2014-09-01,1077.0
미얀마,관광,2014-10-01,1281.0
미얀마,관광,2014-11-01,1269.0
미얀마,관광,2014-12-01,1350.0
미얀마,관광,2015-01-01,1123.0
미얀마,관광,2015-02-01,1154.0
미얀마,관광,2015-03-01,1321.0
미얀마,관광,2015-04-01,2089.0
미얀마,관광,2015-05-01,1368.0
미얀마,관광,2015-06-01,1147.0
미얀마,관광,2015-07-01,1046.0
미얀마,관광,2015-08-01,1078.0
미얀마,관광,2015-09-01,1305.0
미얀마,관광,2015-10-01,1494.0
미얀마,관광,2015-11-01,1237.0
미얀마,관광,2015-12-01,1238.0
미얀마,관광,2016-01-01,1068.0
미얀마,관광,2016-02-01,1067.0
미얀마,관광,2016-03-01,1249.0
미얀마,관광,2016-04-01,1963.0
미얀마,관광,2016-05-01,1242.0
미얀마,관광,2016-06-01,1468.0
미얀마,관광,2016-07-01,1218.0
미얀마,관광,2016-08-01,1088.0
미얀마,관광,2016-09-01,1405.0
미얀마,관광,2016-10-01,1627.0
미얀마,관광,2016-11-01,1424.0
미얀마,관광,2016-12-01,1556.0
미얀마,관광,2017-01-01,1014.0
미얀마,관광,2017-02-01,1172.0
미얀마,관광,2017-03-01,1534.0
미얀마,관광,2017-04-01,2041.0
미얀마,관광,2017-05-01,1400.0
미얀마,관광,2017-06-01,1393.0
미얀마,관광,2017-07-01,1436.0
미얀마,관광,2017-08-01,1353.0
미얀마,관광,2017-09-01,1522.0
미얀마,관광,2017-10-01,1395.0
미얀마,관광,2017-11-01,1335.0
미얀마,관광,2017-12-01,1841.0
미얀마,관광,2018-01-01,1179.0
미얀마,관광,2018-02-01,1294.0
미얀마,관광,2018-03-01,1513.0
미얀마,관광,2018-04-01,2598.0
미얀마,관광,2018-05-01,1669.0
미얀마,관광,2018-06-01,1459.0
미얀마,관광,2018-07-01,1821.0
미얀마,관광,2018-08-01,1293.0
미얀마,관광,2018-09-01,1583.0
미얀마,관광,2018-10-01,1698.0
미얀마,관광,2018-11-01,1421.0
미얀마,관광,2018-12-01,1405.0
미얀마,관광,2019-01-01,1304.0
미얀마,관광,2019-02-01,1107.0
미얀마,관광,2019-03-01,2026.0
미얀마,관광,2019-04-01,2716.0
미얀마,관광,2019-05-01,1990.0
미얀마,관광,2019-06-01,1621.0
미얀마,관광,2019-07-01,1657.0
미얀마,관광,2019-08-01,1373.0
미얀마,관광,2019-09-01,1832.0
미얀마,관광,2019-10-01,1935.0
미얀마,관광,2019-11-01,1752.0
미얀마,관광,2019-12-01,1964.0
미얀마,관광,2020-01-01,1273.0
미얀마,관광,2020-02-01,1271.0
미얀마,관광,2020-03-01,741.0
미얀마,관광,2020-04-01,41.0
미얀마,관광,2020-05-01,178.0
미얀마,관광,2020-06-01,308.0
미얀마,관광,2020-07-01,951.0
미얀마,관광,2020-08-01,818.0
미얀마,관광,2020-09-01,1430.0
미얀마,관광,2020-10-01,1358.0
미얀마,관광,2020-11-01,1252.0
미얀마,관광,2020-12-01,1619.0
미얀마,관광,2021-01-01,1462.0
미얀마,관광,2021-02-01,836.0
미얀마,관광,2021-03-01,959.0
미얀마,관광,2021-04-01,782.0
미얀마,관광,2021-05-01,970.0
미얀마,관광,2021-06-01,1394.0
미얀마,관광,2021-07-01,1082.0
미얀마,관광,2021-08-01,780.0
미얀마,관광,2021-09-01,997.0
미얀마,관광,2021-10-01,1616.0
미얀마,관광,2021-11-01,1795.0
미얀마,관광,2021-12-01,1975.0
미얀마,관광,2022-01-01,1460.0
미얀마,관광,2022-02-01,1023.0
미얀마,관광,2022-03-01,1213.0
미얀마,관광,2022-04-01,1211.0
미얀마,관광,2022-05-01,1330.0
미얀마,관광,2022-06-01,1121.0
미얀마,관광,2022-07-01,1620.0
미얀마,관광,2022-08-01,1297.0
미얀마,관광,2022-09-01,1298.0
미얀마,관광,2022-10-01,1961.0
미얀마,관광,2022-11-01,1623.0
미얀마,관광,2022-12-01,1675.0
미얀마,관광,2023-01-01,850.0
미얀마,관광,2023-02-01,668.0
미얀마,관광,2023-03-01,984.0
미얀마,관광,2023-04-01,995.0
미얀마,관광,2023-05-01,837.0
미얀마,관광,2023-06-01,863.0
미얀마,관광,2023-07-01,825.0
미얀마,관광,2023-08-01,738.0
미얀마,관광,2023-09-01,1000.0
미얀마,관광,2023-10-01,1079.0
미얀마,관광,2023-11-01,989.0
미얀마,관광,2023-12-01,880.0
미얀마,관광,2024-01-01,746.0
미얀마,관광,2024-02-01,794.0
미얀마,관광,2024-03-01,974.0
미얀마,관광,2024-04-01,1302.0
미얀마,관광,2024-05-01,1059.0
미얀마,관광,2024-06-01,887.0
미얀마,관광,2024-07-01,876.0
미얀마,관광,2024-08-01,855.0
미얀마,관광,2024-09-01,1278.0
미얀마,관광,2024-10-01,1755.0
미얀마,관광,2024-11-01,1607.0
미얀마,관광,2024-12-01,1620.0
미얀마,관광,2025-01-01,1096.0
미얀마,관광,2025-02-01,1170.0
미얀마,관광,2025-03-01,1594.0
미얀마,관광,2025-04-01,1924.0
미얀마,관광,2025-05-01,1466.0
미얀마,상용,2005-01-01,27.0
미얀마,상용,2005-02-01,14.0
미얀마,상용,2005-03-01,36.0
미얀마,상용,2005-04-01,23.0
미얀마,상용,2005-05-01,44.0
미얀마,상용,2005-06-01,38.0
미얀마,상용,2005-07-01,25.0
미얀마,상용,2005-08-01,31.0
미얀마,상용,2005-09-01,28.0
미얀마,상용,2005-10-01,45.0
미얀마,상용,2005-11-01,44.0
미얀마,상용,2005-12-01,16.0
미얀마,상용,2006-01-01,14.0
미얀마,상용,2006-02-01,7.0
미얀마,상용,2006-03-01,51.0
미얀마,상용,2006-04-01,37.0
미얀마,상용,2006-05-01,27.0
미얀마,상용,2006-06-01,19.0
미얀마,상용,2006-07-01,16.0
미얀마,상용,2006-08-01,29.0
미얀마,상용,2006-09-01,44.0
미얀마,상용,2006-10-01,51.0
미얀마,상용,2006-11-01,31.0
미얀마,상용,2006-12-01,19.0
미얀마,상용,2007-01-01,20.0
미얀마,상용,2007-02-01,23.0
미얀마,상용,2007-03-01,49.0
미얀마,상용,2007-04-01,55.0
미얀마,상용,2007-05-01,28.0
미얀마,상용,2007-06-01,29.0
미얀마,상용,2007-07-01,41.0
미얀마,상용,2007-08-01,53.0
미얀마,상용,2007-09-01,31.0
미얀마,상용,2007-10-01,44.0
미얀마,상용,2007-11-01,25.0
미얀마,상용,2007-12-01,28.0
미얀마,상용,2008-01-01,17.0
미얀마,상용,2008-02-01,36.0
미얀마,상용,2008-03-01,42.0
미얀마,상용,2008-04-01,38.0
미얀마,상용,2008-05-01,38.0
미얀마,상용,2008-06-01,26.0
미얀마,상용,2008-07-01,22.0
미얀마,상용,2008-08-01,50.0
미얀마,상용,2008-09-01,60.0
미얀마,상용,2008-10-01,44.0
미얀마,상용,2008-11-01,24.0
미얀마,상용,2008-12-01,22.0
미얀마,상용,2009-01-01,17.0
미얀마,상용,2009-02-01,15.0
미얀마,상용,2009-03-01,24.0
미얀마,상용,2009-04-01,28.0
미얀마,상용,2009-05-01,54.0
미얀마,상용,2009-06-01,42.0
미얀마,상용,2009-07-01,22.0
미얀마,상용,2009-08-01,27.0
미얀마,상용,2009-09-01,72.0
미얀마,상용,2009-10-01,55.0
미얀마,상용,2009-11-01,80.0
미얀마,상용,2009-12-01,25.0
미얀마,상용,2010-01-01,18.0
미얀마,상용,2010-02-01,19.0
미얀마,상용,2010-03-01,64.0
미얀마,상용,2010-04-01,53.0
미얀마,상용,2010-05-01,62.0
미얀마,상용,2010-06-01,40.0
미얀마,상용,2010-07-01,36.0
미얀마,상용,2010-08-01,75.0
미얀마,상용,2010-09-01,44.0
미얀마,상용,2010-10-01,53.0
미얀마,상용,2010-11-01,26.0
미얀마,상용,2010-12-01,41.0
미얀마,상용,2011-01-01,45.0
미얀마,상용,2011-02-01,43.0
미얀마,상용,2011-03-01,36.0
미얀마,상용,2011-04-01,32.0
미얀마,상용,2011-05-01,40.0
미얀마,상용,2011-06-01,33.0
미얀마,상용,2011-07-01,29.0
미얀마,상용,2011-08-01,29.0
미얀마,상용,2011-09-01,51.0
미얀마,상용,2011-10-01,62.0
미얀마,상용,2011-11-01,61.0
미얀마,상용,2011-12-01,46.0
미얀마,상용,2012-01-01,18.0
미얀마,상용,2012-02-01,20.0
미얀마,상용,2012-03-01,11.0
미얀마,상용,2012-04-01,21.0
미얀마,상용,2012-05-01,22.0
미얀마,상용,2012-06-01,17.0
미얀마,상용,2012-07-01,41.0
미얀마,상용,2012-08-01,42.0
미얀마,상용,2012-09-01,38.0
미얀마,상용,2012-10-01,29.0
미얀마,상용,2012-11-01,27.0
미얀마,상용,2012-12-01,31.0
미얀마,상용,2013-01-01,18.0
미얀마,상용,2013-02-01,18.0
미얀마,상용,2013-03-01,27.0
미얀마,상용,2013-04-01,23.0
미얀마,상용,2013-05-01,12.0
미얀마,상용,2013-06-01,22.0
미얀마,상용,2013-07-01,18.0
미얀마,상용,2013-08-01,22.0
미얀마,상용,2013-09-01,22.0
미얀마,상용,2013-10-01,23.0
미얀마,상용,2013-11-01,20.0
미얀마,상용,2013-12-01,24.0
미얀마,상용,2014-01-01,28.0
미얀마,상용,2014-02-01,16.0
미얀마,상용,2014-03-01,22.0
미얀마,상용,2014-04-01,28.0
미얀마,상용,2014-05-01,20.0
미얀마,상용,2014-06-01,21.0
미얀마,상용,2014-07-01,26.0
미얀마,상용,2014-08-01,27.0
미얀마,상용,2014-09-01,27.0
미얀마,상용,2014-10-01,27.0
미얀마,상용,2014-11-01,26.0
미얀마,상용,2014-12-01,20.0
미얀마,상용,2015-01-01,25.0
미얀마,상용,2015-02-01,19.0
미얀마,상용,2015-03-01,23.0
미얀마,상용,2015-04-01,16.0
미얀마,상용,2015-05-01,22.0
미얀마,상용,2015-06-01,16.0
미얀마,상용,2015-07-01,22.0
미얀마,상용,2015-08-01,18.0
미얀마,상용,2015-09-01,24.0
미얀마,상용,2015-10-01,20.0
미얀마,상용,2015-11-01,31.0
미얀마,상용,2015-12-01,17.0
미얀마,상용,2016-01-01,29.0
미얀마,상용,2016-02-01,11.0
미얀마,상용,2016-03-01,22.0
미얀마,상용,2016-04-01,23.0
미얀마,상용,2016-05-01,15.0
미얀마,상용,2016-06-01,21.0
미얀마,상용,2016-07-01,20.0
미얀마,상용,2016-08-01,18.0
미얀마,상용,2016-09-01,19.0
미얀마,상용,2016-10-01,20.0
미얀마,상용,2016-11-01,12.0
미얀마,상용,2016-12-01,14.0
미얀마,상용,2017-01-01,13.0
미얀마,상용,2017-02-01,8.0
미얀마,상용,2017-03-01,17.0
미얀마,상용,2017-04-01,16.0
미얀마,상용,2017-05-01,13.0
미얀마,상용,2017-06-01,17.0
미얀마,상용,2017-07-01,16.0
미얀마,상용,2017-08-01,6.0
미얀마,상용,2017-09-01,13.0
미얀마,상용,2017-10-01,11.0
미얀마,상용,2017-11-01,12.0
미얀마,상용,2017-12-01,13.0
미얀마,상용,2018-01-01,6.0
미얀마,상용,2018-02-01,9.0
미얀마,상용,2018-03-01,20.0
미얀마,상용,2018-04-01,5.0
미얀마,상용,2018-05-01,10.0
미얀마,상용,2018-06-01,11.0
미얀마,상용,2018-07-01,12.0
미얀마,상용,2018-08-01,9.0
미얀마,상용,2018-09-01,13.0
미얀마,상용,2018-10-01,11.0
미얀마,상용,2018-11-01,15.0
미얀마,상용,2018-12-01,8.0
미얀마,상용,2019-01-01,10.0
미얀마,상용,2019-02-01,13.0
미얀마,상용,2019-03-01,17.0
미얀마,상용,2019-04-01,13.0
미얀마,상용,2019-05-01,17.0
미얀마,상용,2019-06-01,15.0
미얀마,상용,2019-07-01,12.0
미얀마,상용,2019-08-01,9.0
미얀마,상용,2019-09-01,19.0
미얀마,상용,2019-10-01,18.0
미얀마,상용,2019-11-01,15.0
미얀마,상용,2019-12-01,8.0
미얀마,상용,2020-01-01,9.0
미얀마,상용,2020-02-01,7.0
미얀마,상용,2020-03-01,0.0
미얀마,상용,2020-04-01,1.0
미얀마,상용,2020-05-01,1.0
미얀마,상용,2020-06-01,0.0
미얀마,상용,2020-07-01,0.0
미얀마,상용,2020-08-01,0.0
미얀마,상용,2020-09-01,0.0
미얀마,상용,2020-10-01,0.0
미얀마,상용,2020-11-01,1.0
미얀마,상용,2020-12-01,0.0
미얀마,상용,2021-01-01,0.0
미얀마,상용,2021-02-01,3.0
미얀마,상용,2021-03-01,1.0
미얀마,상용,2021-04-01,0.0
미얀마,상용,2021-05-01,1.0
미얀마,상용,2021-06-01,1.0
미얀마,상용,2021-07-01,0.0
미얀마,상용,2021-08-01,0.0
미얀마,상용,2021-09-01,1.0
미얀마,상용,2021-10-01,3.0
미얀마,상용,2021-11-01,1.0
미얀마,상용,2021-12-01,1.0
미얀마,상용,2022-01-01,1.0
미얀마,상용,2022-02-01,2.0
미얀마,상용,2022-03-01,4.0
미얀마,상용,2022-04-01,8.0
미얀마,상용,2022-05-01,10.0
미얀마,상용,2022-06-01,26.0
미얀마,상용,2022-07-01,47.0
미얀마,상용,2022-08-01,19.0
미얀마,상용,2022-09-01,41.0
미얀마,상용,2022-10-01,55.0
미얀마,상용,2022-11-01,25.0
미얀마,상용,2022-12-01,17.0
미얀마,상용,2023-01-01,40.0
미얀마,상용,2023-02-01,38.0
미얀마,상용,2023-03-01,49.0
미얀마,상용,2023-04-01,60.0
미얀마,상용,2023-05-01,42.0
미얀마,상용,2023-06-01,39.0
미얀마,상용,2023-07-01,54.0
미얀마,상용,2023-08-01,30.0
미얀마,상용,2023-09-01,55.0
미얀마,상용,2023-10-01,39.0
미얀마,상용,2023-11-01,39.0
미얀마,상용,2023-12-01,21.0
미얀마,상용,2024-01-01,16.0
미얀마,상용,2024-02-01,22.0
미얀마,상용,2024-03-01,33.0
미얀마,상용,2024-04-01,30.0
미얀마,상용,2024-05-01,18.0
미얀마,상용,2024-06-01,26.0
미얀마,상용,2024-07-01,24.0
미얀마,상용,2024-08-01,30.0
미얀마,상용,2024-09-01,20.0
미얀마,상용,2024-10-01,36.0
미얀마,상용,2024-11-01,27.0
미얀마,상용,2024-12-01,23.0
미얀마,상용,2025-01-01,18.0
미얀마,상용,2025-02-01,25.0
미얀마,상용,2025-03-01,39.0
미얀마,상용,2025-04-01,27.0
미얀마,상용,2025-05-01,42.0
미얀마,유학연수,2005-01-01,3.0
미얀마,유학연수,2005-02-01,18.0
미얀마,유학연수,2005-03-01,32.0
미얀마,유학연수,2005-04-01,5.0
미얀마,유학연수,2005-05-01,1.0
미얀마,유학연수,2005-06-01,0.0
미얀마,유학연수,2005-07-01,0.0
미얀마,유학연수,2005-08-01,22.0
미얀마,유학연수,2005-09-01,9.0
미얀마,유학연수,2005-10-01,5.0
미얀마,유학연수,2005-11-01,1.0
미얀마,유학연수,2005-12-01,7.0
미얀마,유학연수,2006-01-01,7.0
미얀마,유학연수,2006-02-01,24.0
미얀마,유학연수,2006-03-01,8.0
미얀마,유학연수,2006-04-01,2.0
미얀마,유학연수,2006-05-01,4.0
미얀마,유학연수,2006-06-01,5.0
미얀마,유학연수,2006-07-01,7.0
미얀마,유학연수,2006-08-01,23.0
미얀마,유학연수,2006-09-01,3.0
미얀마,유학연수,2006-10-01,2.0
미얀마,유학연수,2006-11-01,4.0
미얀마,유학연수,2006-12-01,2.0
미얀마,유학연수,2007-01-01,4.0
미얀마,유학연수,2007-02-01,21.0
미얀마,유학연수,2007-03-01,16.0
미얀마,유학연수,2007-04-01,2.0
미얀마,유학연수,2007-05-01,5.0
미얀마,유학연수,2007-06-01,10.0
미얀마,유학연수,2007-07-01,2.0
미얀마,유학연수,2007-08-01,17.0
미얀마,유학연수,2007-09-01,4.0
미얀마,유학연수,2007-10-01,1.0
미얀마,유학연수,2007-11-01,5.0
미얀마,유학연수,2007-12-01,1.0
미얀마,유학연수,2008-01-01,8.0
미얀마,유학연수,2008-02-01,22.0
미얀마,유학연수,2008-03-01,12.0
미얀마,유학연수,2008-04-01,4.0
미얀마,유학연수,2008-05-01,10.0
미얀마,유학연수,2008-06-01,12.0
미얀마,유학연수,2008-07-01,4.0
미얀마,유학연수,2008-08-01,37.0
미얀마,유학연수,2008-09-01,25.0
미얀마,유학연수,2008-10-01,1.0
미얀마,유학연수,2008-11-01,3.0
미얀마,유학연수,2008-12-01,2.0
미얀마,유학연수,2009-01-01,3.0
미얀마,유학연수,2009-02-01,29.0
미얀마,유학연수,2009-03-01,25.0
미얀마,유학연수,2009-04-01,5.0
미얀마,유학연수,2009-05-01,1.0
미얀마,유학연수,2009-06-01,1.0
미얀마,유학연수,2009-07-01,10.0
미얀마,유학연수,2009-08-01,25.0
미얀마,유학연수,2009-09-01,12.0
미얀마,유학연수,2009-10-01,8.0
미얀마,유학연수,2009-11-01,3.0
미얀마,유학연수,2009-12-01,6.0
미얀마,유학연수,2010-01-01,10.0
미얀마,유학연수,2010-02-01,35.0
미얀마,유학연수,2010-03-01,13.0
미얀마,유학연수,2010-04-01,3.0
미얀마,유학연수,2010-05-01,4.0
미얀마,유학연수,2010-06-01,9.0
미얀마,유학연수,2010-07-01,20.0
미얀마,유학연수,2010-08-01,42.0
미얀마,유학연수,2010-09-01,20.0
미얀마,유학연수,2010-10-01,5.0
미얀마,유학연수,2010-11-01,8.0
미얀마,유학연수,2010-12-01,6.0
미얀마,유학연수,2011-01-01,12.0
미얀마,유학연수,2011-02-01,65.0
미얀마,유학연수,2011-03-01,19.0
미얀마,유학연수,2011-04-01,4.0
미얀마,유학연수,2011-05-01,3.0
미얀마,유학연수,2011-06-01,5.0
미얀마,유학연수,2011-07-01,19.0
미얀마,유학연수,2011-08-01,40.0
미얀마,유학연수,2011-09-01,21.0
미얀마,유학연수,2011-10-01,5.0
미얀마,유학연수,2011-11-01,3.0
미얀마,유학연수,2011-12-01,7.0
미얀마,유학연수,2012-01-01,25.0
미얀마,유학연수,2012-02-01,64.0
미얀마,유학연수,2012-03-01,27.0
미얀마,유학연수,2012-04-01,6.0
미얀마,유학연수,2012-05-01,7.0
미얀마,유학연수,2012-06-01,7.0
미얀마,유학연수,2012-07-01,16.0
미얀마,유학연수,2012-08-01,58.0
미얀마,유학연수,2012-09-01,21.0
미얀마,유학연수,2012-10-01,12.0
미얀마,유학연수,2012-11-01,7.0
미얀마,유학연수,2012-12-01,8.0
미얀마,유학연수,2013-01-01,20.0
미얀마,유학연수,2013-02-01,60.0
미얀마,유학연수,2013-03-01,37.0
미얀마,유학연수,2013-04-01,11.0
미얀마,유학연수,2013-05-01,10.0
미얀마,유학연수,2013-06-01,16.0
미얀마,유학연수,2013-07-01,20.0
미얀마,유학연수,2013-08-01,72.0
미얀마,유학연수,2013-09-01,27.0
미얀마,유학연수,2013-10-01,5.0
미얀마,유학연수,2013-11-01,11.0
미얀마,유학연수,2013-12-01,11.0
미얀마,유학연수,2014-01-01,16.0
미얀마,유학연수,2014-02-01,72.0
미얀마,유학연수,2014-03-01,51.0
미얀마,유학연수,2014-04-01,6.0
미얀마,유학연수,2014-05-01,9.0
미얀마,유학연수,2014-06-01,17.0
미얀마,유학연수,2014-07-01,17.0
미얀마,유학연수,2014-08-01,100.0
미얀마,유학연수,2014-09-01,28.0
미얀마,유학연수,2014-10-01,10.0
미얀마,유학연수,2014-11-01,10.0
미얀마,유학연수,2014-12-01,18.0
미얀마,유학연수,2015-01-01,25.0
미얀마,유학연수,2015-02-01,93.0
미얀마,유학연수,2015-03-01,43.0
미얀마,유학연수,2015-04-01,9.0
미얀마,유학연수,2015-05-01,17.0
미얀마,유학연수,2015-06-01,17.0
미얀마,유학연수,2015-07-01,26.0
미얀마,유학연수,2015-08-01,114.0
미얀마,유학연수,2015-09-01,34.0
미얀마,유학연수,2015-10-01,14.0
미얀마,유학연수,2015-11-01,25.0
미얀마,유학연수,2015-12-01,33.0
미얀마,유학연수,2016-01-01,32.0
미얀마,유학연수,2016-02-01,141.0
미얀마,유학연수,2016-03-01,36.0
미얀마,유학연수,2016-04-01,9.0
미얀마,유학연수,2016-05-01,21.0
미얀마,유학연수,2016-06-01,26.0
미얀마,유학연수,2016-07-01,31.0
미얀마,유학연수,2016-08-01,139.0
미얀마,유학연수,2016-09-01,46.0
미얀마,유학연수,2016-10-01,12.0
미얀마,유학연수,2016-11-01,20.0
미얀마,유학연수,2016-12-01,31.0
미얀마,유학연수,2017-01-01,46.0
미얀마,유학연수,2017-02-01,132.0
미얀마,유학연수,2017-03-01,72.0
미얀마,유학연수,2017-04-01,16.0
미얀마,유학연수,2017-05-01,19.0
미얀마,유학연수,2017-06-01,27.0
미얀마,유학연수,2017-07-01,43.0
미얀마,유학연수,2017-08-01,188.0
미얀마,유학연수,2017-09-01,59.0
미얀마,유학연수,2017-10-01,32.0
미얀마,유학연수,2017-11-01,32.0
미얀마,유학연수,2017-12-01,46.0
미얀마,유학연수,2018-01-01,45.0
미얀마,유학연수,2018-02-01,190.0
미얀마,유학연수,2018-03-01,96.0
미얀마,유학연수,2018-04-01,20.0
미얀마,유학연수,2018-05-01,21.0
미얀마,유학연수,2018-06-01,39.0
미얀마,유학연수,2018-07-01,60.0
미얀마,유학연수,2018-08-01,185.0
미얀마,유학연수,2018-09-01,71.0
미얀마,유학연수,2018-10-01,14.0
미얀마,유학연수,2018-11-01,34.0
미얀마,유학연수,2018-12-01,45.0
미얀마,유학연수,2019-01-01,67.0
미얀마,유학연수,2019-02-01,231.0
미얀마,유학연수,2019-03-01,102.0
미얀마,유학연수,2019-04-01,17.0
미얀마,유학연수,2019-05-01,33.0
미얀마,유학연수,2019-06-01,71.0
미얀마,유학연수,2019-07-01,72.0
미얀마,유학연수,2019-08-01,212.0
미얀마,유학연수,2019-09-01,93.0
미얀마,유학연수,2019-10-01,22.0
미얀마,유학연수,2019-11-01,39.0
미얀마,유학연수,2019-12-01,70.0
미얀마,유학연수,2020-01-01,98.0
미얀마,유학연수,2020-02-01,186.0
미얀마,유학연수,2020-03-01,109.0
미얀마,유학연수,2020-04-01,33.0
미얀마,유학연수,2020-05-01,6.0
미얀마,유학연수,2020-06-01,8.0
미얀마,유학연수,2020-07-01,6.0
미얀마,유학연수,2020-08-01,91.0
미얀마,유학연수,2020-09-01,40.0
미얀마,유학연수,2020-10-01,6.0
미얀마,유학연수,2020-11-01,10.0
미얀마,유학연수,2020-12-01,23.0
미얀마,유학연수,2021-01-01,52.0
미얀마,유학연수,2021-02-01,76.0
미얀마,유학연수,2021-03-01,30.0
미얀마,유학연수,2021-04-01,6.0
미얀마,유학연수,2021-05-01,17.0
미얀마,유학연수,2021-06-01,36.0
미얀마,유학연수,2021-07-01,11.0
미얀마,유학연수,2021-08-01,91.0
미얀마,유학연수,2021-09-01,193.0
미얀마,유학연수,2021-10-01,38.0
미얀마,유학연수,2021-11-01,83.0
미얀마,유학연수,2021-12-01,123.0
미얀마,유학연수,2022-01-01,36.0
미얀마,유학연수,2022-02-01,149.0
미얀마,유학연수,2022-03-01,199.0
미얀마,유학연수,2022-04-01,33.0
미얀마,유학연수,2022-05-01,64.0
미얀마,유학연수,2022-06-01,169.0
미얀마,유학연수,2022-07-01,94.0
미얀마,유학연수,2022-08-01,365.0
미얀마,유학연수,2022-09-01,331.0
미얀마,유학연수,2022-10-01,44.0
미얀마,유학연수,2022-11-01,75.0
미얀마,유학연수,2022-12-01,292.0
미얀마,유학연수,2023-01-01,123.0
미얀마,유학연수,2023-02-01,348.0
미얀마,유학연수,2023-03-01,442.0
미얀마,유학연수,2023-04-01,35.0
미얀마,유학연수,2023-05-01,230.0
미얀마,유학연수,2023-06-01,261.0
미얀마,유학연수,2023-07-01,113.0
미얀마,유학연수,2023-08-01,465.0
미얀마,유학연수,2023-09-01,610.0
미얀마,유학연수,2023-10-01,56.0
미얀마,유학연수,2023-11-01,362.0
미얀마,유학연수,2023-12-01,408.0
미얀마,유학연수,2024-01-01,155.0
미얀마,유학연수,2024-02-01,591.0
미얀마,유학연수,2024-03-01,551.0
미얀마,유학연수,2024-04-01,71.0
미얀마,유학연수,2024-05-01,463.0
미얀마,유학연수,2024-06-01,424.0
미얀마,유학연수,2024-07-01,214.0
미얀마,유학연수,2024-08-01,704.0
미얀마,유학연수,2024-09-01,727.0
미얀마,유학연수,2024-10-01,41.0
미얀마,유학연수,2024-11-01,90.0
미얀마,유학연수,2024-12-01,619.0
미얀마,유학연수,2025-01-01,353.0
미얀마,유학연수,2025-02-01,488.0
미얀마,유학연수,2025-03-01,822.0
미얀마,유학연수,2025-04-01,74.0
미얀마,유학연수,2025-05-01,208.0
방글라데시,공용,2005-01-01,0.0
방글라데시,공용,2005-02-01,2.0
방글라데시,공용,2005-03-01,11.0
방글라데시,공용,2005-04-01,5.0
방글라데시,공용,2005-05-01,2.0
방글라데시,공용,2005-06-01,3.0
방글라데시,공용,2005-07-01,0.0
방글라데시,공용,2005-08-01,9.0
방글라데시,공용,2005-09-01,6.0
방글라데시,공용,2005-10-01,3.0
방글라데시,공용,2005-11-01,4.0
방글라데시,공용,2005-12-01,2.0
방글라데시,공용,2006-01-01,2.0
방글라데시,공용,2006-02-01,7.0
방글라데시,공용,2006-03-01,1.0
방글라데시,공용,2006-04-01,3.0
방글라데시,공용,2006-05-01,3.0
방글라데시,공용,2006-06-01,3.0
방글라데시,공용,2006-07-01,5.0
방글라데시,공용,2006-08-01,0.0
방글라데시,공용,2006-09-01,20.0
방글라데시,공용,2006-10-01,0.0
방글라데시,공용,2006-11-01,5.0
방글라데시,공용,2006-12-01,3.0
방글라데시,공용,2007-01-01,0.0
방글라데시,공용,2007-02-01,4.0
방글라데시,공용,2007-03-01,7.0
방글라데시,공용,2007-04-01,10.0
방글라데시,공용,2007-05-01,10.0
방글라데시,공용,2007-06-01,28.0
방글라데시,공용,2007-07-01,4.0
방글라데시,공용,2007-08-01,3.0
방글라데시,공용,2007-09-01,12.0
방글라데시,공용,2007-10-01,38.0
방글라데시,공용,2007-11-01,22.0
방글라데시,공용,2007-12-01,12.0
방글라데시,공용,2008-01-01,1.0
방글라데시,공용,2008-02-01,6.0
방글라데시,공용,2008-03-01,11.0
방글라데시,공용,2008-04-01,12.0
방글라데시,공용,2008-05-01,47.0
방글라데시,공용,2008-06-01,65.0
방글라데시,공용,2008-07-01,43.0
방글라데시,공용,2008-08-01,25.0
방글라데시,공용,2008-09-01,38.0
방글라데시,공용,2008-10-01,65.0
방글라데시,공용,2008-11-01,37.0
방글라데시,공용,2008-12-01,10.0
방글라데시,공용,2009-01-01,4.0
방글라데시,공용,2009-02-01,22.0
방글라데시,공용,2009-03-01,9.0
방글라데시,공용,2009-04-01,35.0
방글라데시,공용,2009-05-01,22.0
방글라데시,공용,2009-06-01,56.0
방글라데시,공용,2009-07-01,13.0
방글라데시,공용,2009-08-01,48.0
방글라데시,공용,2009-09-01,31.0
방글라데시,공용,2009-10-01,33.0
방글라데시,공용,2009-11-01,34.0
방글라데시,공용,2009-12-01,15.0
방글라데시,공용,2010-01-01,9.0
방글라데시,공용,2010-02-01,12.0
방글라데시,공용,2010-03-01,21.0
방글라데시,공용,2010-04-01,31.0
방글라데시,공용,2010-05-01,36.0
방글라데시,공용,2010-06-01,29.0
방글라데시,공용,2010-07-01,30.0
방글라데시,공용,2010-08-01,34.0
방글라데시,공용,2010-09-01,33.0
방글라데시,공용,2010-10-01,65.0
방글라데시,공용,2010-11-01,26.0
방글라데시,공용,2010-12-01,2.0
방글라데시,공용,2011-01-01,9.0
방글라데시,공용,2011-02-01,13.0
방글라데시,공용,2011-03-01,47.0
방글라데시,공용,2011-04-01,24.0
방글라데시,공용,2011-05-01,42.0
방글라데시,공용,2011-06-01,63.0
방글라데시,공용,2011-07-01,28.0
방글라데시,공용,2011-08-01,35.0
방글라데시,공용,2011-09-01,29.0
방글라데시,공용,2011-10-01,57.0
방글라데시,공용,2011-11-01,36.0
방글라데시,공용,2011-12-01,20.0
방글라데시,공용,2012-01-01,10.0
방글라데시,공용,2012-02-01,12.0
방글라데시,공용,2012-03-01,39.0
방글라데시,공용,2012-04-01,36.0
방글라데시,공용,2012-05-01,44.0
방글라데시,공용,2012-06-01,69.0
방글라데시,공용,2012-07-01,41.0
방글라데시,공용,2012-08-01,40.0
방글라데시,공용,2012-09-01,21.0
방글라데시,공용,2012-10-01,62.0
방글라데시,공용,2012-11-01,39.0
방글라데시,공용,2012-12-01,5.0
방글라데시,공용,2013-01-01,16.0
방글라데시,공용,2013-02-01,4.0
방글라데시,공용,2013-03-01,63.0
방글라데시,공용,2013-04-01,38.0
방글라데시,공용,2013-05-01,29.0
방글라데시,공용,2013-06-01,43.0
방글라데시,공용,2013-07-01,32.0
방글라데시,공용,2013-08-01,38.0
방글라데시,공용,2013-09-01,72.0
방글라데시,공용,2013-10-01,33.0
방글라데시,공용,2013-11-01,87.0
방글라데시,공용,2013-12-01,24.0
방글라데시,공용,2014-01-01,8.0
방글라데시,공용,2014-02-01,13.0
방글라데시,공용,2014-03-01,28.0
방글라데시,공용,2014-04-01,39.0
방글라데시,공용,2014-05-01,61.0
방글라데시,공용,2014-06-01,47.0
방글라데시,공용,2014-07-01,23.0
방글라데시,공용,2014-08-01,58.0
방글라데시,공용,2014-09-01,78.0
방글라데시,공용,2014-10-01,86.0
방글라데시,공용,2014-11-01,62.0
방글라데시,공용,2014-12-01,27.0
방글라데시,공용,2015-01-01,11.0
방글라데시,공용,2015-02-01,8.0
방글라데시,공용,2015-03-01,26.0
방글라데시,공용,2015-04-01,75.0
방글라데시,공용,2015-05-01,92.0
방글라데시,공용,2015-06-01,39.0
방글라데시,공용,2015-07-01,36.0
방글라데시,공용,2015-08-01,47.0
방글라데시,공용,2015-09-01,60.0
방글라데시,공용,2015-10-01,101.0
방글라데시,공용,2015-11-01,127.0
방글라데시,공용,2015-12-01,44.0
방글라데시,공용,2016-01-01,14.0
방글라데시,공용,2016-02-01,27.0
방글라데시,공용,2016-03-01,23.0
방글라데시,공용,2016-04-01,69.0
방글라데시,공용,2016-05-01,78.0
방글라데시,공용,2016-06-01,48.0
방글라데시,공용,2016-07-01,53.0
방글라데시,공용,2016-08-01,64.0
방글라데시,공용,2016-09-01,51.0
방글라데시,공용,2016-10-01,98.0
방글라데시,공용,2016-11-01,66.0
방글라데시,공용,2016-12-01,51.0
방글라데시,공용,2017-01-01,11.0
방글라데시,공용,2017-02-01,18.0
방글라데시,공용,2017-03-01,33.0
방글라데시,공용,2017-04-01,90.0
방글라데시,공용,2017-05-01,59.0
방글라데시,공용,2017-06-01,43.0
방글라데시,공용,2017-07-01,43.0
방글라데시,공용,2017-08-01,28.0
방글라데시,공용,2017-09-01,153.0
방글라데시,공용,2017-10-01,73.0
방글라데시,공용,2017-11-01,79.0
방글라데시,공용,2017-12-01,38.0
방글라데시,공용,2018-01-01,53.0
방글라데시,공용,2018-02-01,58.0
방글라데시,공용,2018-03-01,47.0
방글라데시,공용,2018-04-01,86.0
방글라데시,공용,2018-05-01,83.0
방글라데시,공용,2018-06-01,108.0
방글라데시,공용,2018-07-01,98.0
방글라데시,공용,2018-08-01,72.0
방글라데시,공용,2018-09-01,116.0
방글라데시,공용,2018-10-01,121.0
방글라데시,공용,2018-11-01,110.0
방글라데시,공용,2018-12-01,30.0
방글라데시,공용,2019-01-01,27.0
방글라데시,공용,2019-02-01,38.0
방글라데시,공용,2019-03-01,107.0
방글라데시,공용,2019-04-01,125.0
방글라데시,공용,2019-05-01,106.0
방글라데시,공용,2019-06-01,93.0
방글라데시,공용,2019-07-01,119.0
방글라데시,공용,2019-08-01,89.0
방글라데시,공용,2019-09-01,102.0
방글라데시,공용,2019-10-01,197.0
방글라데시,공용,2019-11-01,112.0
방글라데시,공용,2019-12-01,94.0
방글라데시,공용,2020-01-01,19.0
방글라데시,공용,2020-02-01,25.0
방글라데시,공용,2020-03-01,1.0
방글라데시,공용,2020-04-01,0.0
방글라데시,공용,2020-05-01,0.0
방글라데시,공용,2020-06-01,1.0
방글라데시,공용,2020-07-01,1.0
방글라데시,공용,2020-08-01,0.0
방글라데시,공용,2020-09-01,0.0
방글라데시,공용,2020-10-01,0.0
방글라데시,공용,2020-11-01,0.0
방글라데시,공용,2020-12-01,0.0
방글라데시,공용,2021-01-01,0.0
방글라데시,공용,2021-02-01,0.0
방글라데시,공용,2021-03-01,3.0
방글라데시,공용,2021-04-01,0.0
방글라데시,공용,2021-05-01,0.0
방글라데시,공용,2021-06-01,1.0
방글라데시,공용,2021-07-01,0.0
방글라데시,공용,2021-08-01,1.0
방글라데시,공용,2021-09-01,1.0
방글라데시,공용,2021-10-01,14.0
방글라데시,공용,2021-11-01,4.0
방글라데시,공용,2021-12-01,0.0
방글라데시,공용,2022-01-01,32.0
방글라데시,공용,2022-02-01,8.0
방글라데시,공용,2022-03-01,6.0
방글라데시,공용,2022-04-01,7.0
방글라데시,공용,2022-05-01,33.0
방글라데시,공용,2022-06-01,23.0
방글라데시,공용,2022-07-01,20.0
방글라데시,공용,2022-08-01,29.0
방글라데시,공용,2022-09-01,83.0
방글라데시,공용,2022-10-01,64.0
방글라데시,공용,2022-11-01,79.0
방글라데시,공용,2022-12-01,14.0
방글라데시,공용,2023-01-01,7.0
방글라데시,공용,2023-02-01,22.0
방글라데시,공용,2023-03-01,24.0
방글라데시,공용,2023-04-01,22.0
방글라데시,공용,2023-05-01,47.0
방글라데시,공용,2023-06-01,44.0
방글라데시,공용,2023-07-01,136.0
방글라데시,공용,2023-08-01,62.0
방글라데시,공용,2023-09-01,63.0
방글라데시,공용,2023-10-01,118.0
방글라데시,공용,2023-11-01,73.0
방글라데시,공용,2023-12-01,41.0
방글라데시,공용,2024-01-01,19.0
방글라데시,공용,2024-02-01,25.0
방글라데시,공용,2024-03-01,17.0
방글라데시,공용,2024-04-01,51.0
방글라데시,공용,2024-05-01,65.0
방글라데시,공용,2024-06-01,65.0
방글라데시,공용,2024-07-01,33.0
방글라데시,공용,2024-08-01,63.0
방글라데시,공용,2024-09-01,70.0
방글라데시,공용,2024-10-01,36.0
방글라데시,공용,2024-11-01,46.0
방글라데시,공용,2024-12-01,39.0
방글라데시,공용,2025-01-01,19.0
방글라데시,공용,2025-02-01,31.0
방글라데시,공용,2025-03-01,22.0
방글라데시,공용,2025-04-01,68.0
방글라데시,공용,2025-05-01,41.0
방글라데시,관광,2005-01-01,190.0
방글라데시,관광,2005-02-01,208.0
방글라데시,관광,2005-03-01,341.0
방글라데시,관광,2005-04-01,262.0
방글라데시,관광,2005-05-01,253.0
방글라데시,관광,2005-06-01,262.0
방글라데시,관광,2005-07-01,306.0
방글라데시,관광,2005-08-01,230.0
방글라데시,관광,2005-09-01,351.0
방글라데시,관광,2005-10-01,294.0
방글라데시,관광,2005-11-01,210.0
방글라데시,관광,2005-12-01,263.0
방글라데시,관광,2006-01-01,170.0
방글라데시,관광,2006-02-01,212.0
방글라데시,관광,2006-03-01,259.0
방글라데시,관광,2006-04-01,281.0
방글라데시,관광,2006-05-01,317.0
방글라데시,관광,2006-06-01,299.0
방글라데시,관광,2006-07-01,330.0
방글라데시,관광,2006-08-01,381.0
방글라데시,관광,2006-09-01,348.0
방글라데시,관광,2006-10-01,378.0
방글라데시,관광,2006-11-01,343.0
방글라데시,관광,2006-12-01,230.0
방글라데시,관광,2007-01-01,182.0
방글라데시,관광,2007-02-01,168.0
방글라데시,관광,2007-03-01,291.0
방글라데시,관광,2007-04-01,225.0
방글라데시,관광,2007-05-01,301.0
방글라데시,관광,2007-06-01,249.0
방글라데시,관광,2007-07-01,319.0
방글라데시,관광,2007-08-01,268.0
방글라데시,관광,2007-09-01,253.0
방글라데시,관광,2007-10-01,307.0
방글라데시,관광,2007-11-01,262.0
방글라데시,관광,2007-12-01,169.0
방글라데시,관광,2008-01-01,167.0
방글라데시,관광,2008-02-01,162.0
방글라데시,관광,2008-03-01,279.0
방글라데시,관광,2008-04-01,220.0
방글라데시,관광,2008-05-01,281.0
방글라데시,관광,2008-06-01,195.0
방글라데시,관광,2008-07-01,237.0
방글라데시,관광,2008-08-01,142.0
방글라데시,관광,2008-09-01,128.0
방글라데시,관광,2008-10-01,211.0
방글라데시,관광,2008-11-01,173.0
방글라데시,관광,2008-12-01,94.0
방글라데시,관광,2009-01-01,84.0
방글라데시,관광,2009-02-01,80.0
방글라데시,관광,2009-03-01,123.0
방글라데시,관광,2009-04-01,105.0
방글라데시,관광,2009-05-01,130.0
방글라데시,관광,2009-06-01,122.0
방글라데시,관광,2009-07-01,125.0
방글라데시,관광,2009-08-01,147.0
방글라데시,관광,2009-09-01,110.0
방글라데시,관광,2009-10-01,182.0
방글라데시,관광,2009-11-01,164.0
방글라데시,관광,2009-12-01,102.0
방글라데시,관광,2010-01-01,86.0
방글라데시,관광,2010-02-01,78.0
방글라데시,관광,2010-03-01,113.0
방글라데시,관광,2010-04-01,166.0
방글라데시,관광,2010-05-01,231.0
방글라데시,관광,2010-06-01,139.0
방글라데시,관광,2010-07-01,155.0
방글라데시,관광,2010-08-01,111.0
방글라데시,관광,2010-09-01,163.0
방글라데시,관광,2010-10-01,179.0
방글라데시,관광,2010-11-01,110.0
방글라데시,관광,2010-12-01,98.0
방글라데시,관광,2011-01-01,60.0
방글라데시,관광,2011-02-01,86.0
방글라데시,관광,2011-03-01,77.0
방글라데시,관광,2011-04-01,223.0
방글라데시,관광,2011-05-01,141.0
방글라데시,관광,2011-06-01,176.0
방글라데시,관광,2011-07-01,171.0
방글라데시,관광,2011-08-01,199.0
방글라데시,관광,2011-09-01,150.0
방글라데시,관광,2011-10-01,175.0
방글라데시,관광,2011-11-01,117.0
방글라데시,관광,2011-12-01,106.0
방글라데시,관광,2012-01-01,71.0
방글라데시,관광,2012-02-01,95.0
방글라데시,관광,2012-03-01,130.0
방글라데시,관광,2012-04-01,176.0
방글라데시,관광,2012-05-01,159.0
방글라데시,관광,2012-06-01,330.0
방글라데시,관광,2012-07-01,158.0
방글라데시,관광,2012-08-01,160.0
방글라데시,관광,2012-09-01,202.0
방글라데시,관광,2012-10-01,228.0
방글라데시,관광,2012-11-01,156.0
방글라데시,관광,2012-12-01,95.0
방글라데시,관광,2013-01-01,118.0
방글라데시,관광,2013-02-01,76.0
방글라데시,관광,2013-03-01,155.0
방글라데시,관광,2013-04-01,145.0
방글라데시,관광,2013-05-01,162.0
방글라데시,관광,2013-06-01,174.0
방글라데시,관광,2013-07-01,175.0
방글라데시,관광,2013-08-01,211.0
방글라데시,관광,2013-09-01,206.0
방글라데시,관광,2013-10-01,202.0
방글라데시,관광,2013-11-01,167.0
방글라데시,관광,2013-12-01,139.0
방글라데시,관광,2014-01-01,108.0
방글라데시,관광,2014-02-01,113.0
방글라데시,관광,2014-03-01,143.0
방글라데시,관광,2014-04-01,132.0
방글라데시,관광,2014-05-01,179.0
방글라데시,관광,2014-06-01,178.0
방글라데시,관광,2014-07-01,107.0
방글라데시,관광,2014-08-01,244.0
방글라데시,관광,2014-09-01,410.0
방글라데시,관광,2014-10-01,220.0
방글라데시,관광,2014-11-01,149.0
방글라데시,관광,2014-12-01,95.0
방글라데시,관광,2015-01-01,96.0
방글라데시,관광,2015-02-01,130.0
방글라데시,관광,2015-03-01,160.0
방글라데시,관광,2015-04-01,231.0
방글라데시,관광,2015-05-01,262.0
방글라데시,관광,2015-06-01,154.0
방글라데시,관광,2015-07-01,160.0
방글라데시,관광,2015-08-01,170.0
방글라데시,관광,2015-09-01,238.0
방글라데시,관광,2015-10-01,244.0
방글라데시,관광,2015-11-01,248.0
방글라데시,관광,2015-12-01,146.0
방글라데시,관광,2016-01-01,157.0
방글라데시,관광,2016-02-01,92.0
방글라데시,관광,2016-03-01,157.0
방글라데시,관광,2016-04-01,201.0
방글라데시,관광,2016-05-01,865.0
방글라데시,관광,2016-06-01,245.0
방글라데시,관광,2016-07-01,205.0
방글라데시,관광,2016-08-01,318.0
방글라데시,관광,2016-09-01,312.0
방글라데시,관광,2016-10-01,265.0
방글라데시,관광,2016-11-01,241.0
방글라데시,관광,2016-12-01,145.0
방글라데시,관광,2017-01-01,116.0
방글라데시,관광,2017-02-01,166.0
방글라데시,관광,2017-03-01,214.0
방글라데시,관광,2017-04-01,228.0
방글라데시,관광,2017-05-01,327.0
방글라데시,관광,2017-06-01,213.0
방글라데시,관광,2017-07-01,282.0
방글라데시,관광,2017-08-01,271.0
방글라데시,관광,2017-09-01,333.0
방글라데시,관광,2017-10-01,323.0
방글라데시,관광,2017-11-01,206.0
방글라데시,관광,2017-12-01,187.0
방글라데시,관광,2018-01-01,214.0
방글라데시,관광,2018-02-01,217.0
방글라데시,관광,2018-03-01,207.0
방글라데시,관광,2018-04-01,311.0
방글라데시,관광,2018-05-01,320.0
방글라데시,관광,2018-06-01,251.0
방글라데시,관광,2018-07-01,309.0
방글라데시,관광,2018-08-01,320.0
방글라데시,관광,2018-09-01,250.0
방글라데시,관광,2018-10-01,288.0
방글라데시,관광,2018-11-01,285.0
방글라데시,관광,2018-12-01,175.0
방글라데시,관광,2019-01-01,149.0
방글라데시,관광,2019-02-01,228.0
방글라데시,관광,2019-03-01,206.0
방글라데시,관광,2019-04-01,275.0
방글라데시,관광,2019-05-01,242.0
방글라데시,관광,2019-06-01,237.0
방글라데시,관광,2019-07-01,221.0
방글라데시,관광,2019-08-01,381.0
방글라데시,관광,2019-09-01,302.0
방글라데시,관광,2019-10-01,337.0
방글라데시,관광,2019-11-01,270.0
방글라데시,관광,2019-12-01,289.0
방글라데시,관광,2020-01-01,189.0
방글라데시,관광,2020-02-01,115.0
방글라데시,관광,2020-03-01,77.0
방글라데시,관광,2020-04-01,2.0
방글라데시,관광,2020-05-01,0.0
방글라데시,관광,2020-06-01,17.0
방글라데시,관광,2020-07-01,65.0
방글라데시,관광,2020-08-01,30.0
방글라데시,관광,2020-09-01,25.0
방글라데시,관광,2020-10-01,32.0
방글라데시,관광,2020-11-01,12.0
방글라데시,관광,2020-12-01,20.0
방글라데시,관광,2021-01-01,23.0
방글라데시,관광,2021-02-01,10.0
방글라데시,관광,2021-03-01,44.0
방글라데시,관광,2021-04-01,37.0
방글라데시,관광,2021-05-01,43.0
방글라데시,관광,2021-06-01,27.0
방글라데시,관광,2021-07-01,36.0
방글라데시,관광,2021-08-01,13.0
방글라데시,관광,2021-09-01,60.0
방글라데시,관광,2021-10-01,77.0
방글라데시,관광,2021-11-01,112.0
방글라데시,관광,2021-12-01,146.0
방글라데시,관광,2022-01-01,147.0
방글라데시,관광,2022-02-01,20.0
방글라데시,관광,2022-03-01,87.0
방글라데시,관광,2022-04-01,59.0
방글라데시,관광,2022-05-01,102.0
방글라데시,관광,2022-06-01,108.0
방글라데시,관광,2022-07-01,214.0
방글라데시,관광,2022-08-01,217.0
방글라데시,관광,2022-09-01,269.0
방글라데시,관광,2022-10-01,237.0
방글라데시,관광,2022-11-01,354.0
방글라데시,관광,2022-12-01,214.0
방글라데시,관광,2023-01-01,111.0
방글라데시,관광,2023-02-01,89.0
방글라데시,관광,2023-03-01,120.0
방글라데시,관광,2023-04-01,172.0
방글라데시,관광,2023-05-01,200.0
방글라데시,관광,2023-06-01,192.0
방글라데시,관광,2023-07-01,720.0
방글라데시,관광,2023-08-01,341.0
방글라데시,관광,2023-09-01,258.0
방글라데시,관광,2023-10-01,375.0
방글라데시,관광,2023-11-01,355.0
방글라데시,관광,2023-12-01,252.0
방글라데시,관광,2024-01-01,183.0
방글라데시,관광,2024-02-01,139.0
방글라데시,관광,2024-03-01,114.0
방글라데시,관광,2024-04-01,247.0
방글라데시,관광,2024-05-01,287.0
방글라데시,관광,2024-06-01,248.0
방글라데시,관광,2024-07-01,196.0
방글라데시,관광,2024-08-01,233.0
방글라데시,관광,2024-09-01,327.0
방글라데시,관광,2024-10-01,351.0
방글라데시,관광,2024-11-01,357.0
방글라데시,관광,2024-12-01,239.0
방글라데시,관광,2025-01-01,227.0
방글라데시,관광,2025-02-01,194.0
방글라데시,관광,2025-03-01,226.0
방글라데시,관광,2025-04-01,515.0
방글라데시,관광,2025-05-01,298.0
방글라데시,상용,2005-01-01,39.0
방글라데시,상용,2005-02-01,31.0
방글라데시,상용,2005-03-01,63.0
방글라데시,상용,2005-04-01,66.0
방글라데시,상용,2005-05-01,67.0
방글라데시,상용,2005-06-01,54.0
방글라데시,상용,2005-07-01,48.0
방글라데시,상용,2005-08-01,41.0
방글라데시,상용,2005-09-01,64.0
방글라데시,상용,2005-10-01,46.0
방글라데시,상용,2005-11-01,39.0
방글라데시,상용,2005-12-01,58.0
방글라데시,상용,2006-01-01,28.0
방글라데시,상용,2006-02-01,51.0
방글라데시,상용,2006-03-01,51.0
방글라데시,상용,2006-04-01,52.0
방글라데시,상용,2006-05-01,57.0
방글라데시,상용,2006-06-01,38.0
방글라데시,상용,2006-07-01,45.0
방글라데시,상용,2006-08-01,41.0
방글라데시,상용,2006-09-01,57.0
방글라데시,상용,2006-10-01,42.0
방글라데시,상용,2006-11-01,38.0
방글라데시,상용,2006-12-01,44.0
방글라데시,상용,2007-01-01,36.0
방글라데시,상용,2007-02-01,26.0
방글라데시,상용,2007-03-01,50.0
방글라데시,상용,2007-04-01,55.0
방글라데시,상용,2007-05-01,53.0
방글라데시,상용,2007-06-01,41.0
방글라데시,상용,2007-07-01,55.0
방글라데시,상용,2007-08-01,46.0
방글라데시,상용,2007-09-01,41.0
방글라데시,상용,2007-10-01,61.0
방글라데시,상용,2007-11-01,55.0
방글라데시,상용,2007-12-01,34.0
방글라데시,상용,2008-01-01,41.0
방글라데시,상용,2008-02-01,53.0
방글라데시,상용,2008-03-01,50.0
방글라데시,상용,2008-04-01,51.0
방글라데시,상용,2008-05-01,76.0
방글라데시,상용,2008-06-01,61.0
방글라데시,상용,2008-07-01,73.0
방글라데시,상용,2008-08-01,82.0
방글라데시,상용,2008-09-01,43.0
방글라데시,상용,2008-10-01,144.0
방글라데시,상용,2008-11-01,101.0
방글라데시,상용,2008-12-01,73.0
방글라데시,상용,2009-01-01,88.0
방글라데시,상용,2009-02-01,75.0
방글라데시,상용,2009-03-01,92.0
방글라데시,상용,2009-04-01,106.0
방글라데시,상용,2009-05-01,89.0
방글라데시,상용,2009-06-01,115.0
방글라데시,상용,2009-07-01,88.0
방글라데시,상용,2009-08-01,104.0
방글라데시,상용,2009-09-01,66.0
방글라데시,상용,2009-10-01,161.0
방글라데시,상용,2009-11-01,104.0
방글라데시,상용,2009-12-01,106.0
방글라데시,상용,2010-01-01,84.0
방글라데시,상용,2010-02-01,102.0
방글라데시,상용,2010-03-01,127.0
방글라데시,상용,2010-04-01,109.0
방글라데시,상용,2010-05-01,117.0
방글라데시,상용,2010-06-01,106.0
방글라데시,상용,2010-07-01,109.0
방글라데시,상용,2010-08-01,74.0
방글라데시,상용,2010-09-01,105.0
방글라데시,상용,2010-10-01,129.0
방글라데시,상용,2010-11-01,113.0
방글라데시,상용,2010-12-01,118.0
방글라데시,상용,2011-01-01,115.0
방글라데시,상용,2011-02-01,95.0
방글라데시,상용,2011-03-01,128.0
방글라데시,상용,2011-04-01,136.0
방글라데시,상용,2011-05-01,103.0
방글라데시,상용,2011-06-01,104.0
방글라데시,상용,2011-07-01,112.0
방글라데시,상용,2011-08-01,72.0
방글라데시,상용,2011-09-01,100.0
방글라데시,상용,2011-10-01,119.0
방글라데시,상용,2011-11-01,126.0
방글라데시,상용,2011-12-01,99.0
방글라데시,상용,2012-01-01,75.0
방글라데시,상용,2012-02-01,87.0
방글라데시,상용,2012-03-01,101.0
방글라데시,상용,2012-04-01,111.0
방글라데시,상용,2012-05-01,109.0
방글라데시,상용,2012-06-01,97.0
방글라데시,상용,2012-07-01,122.0
방글라데시,상용,2012-08-01,74.0
방글라데시,상용,2012-09-01,109.0
방글라데시,상용,2012-10-01,111.0
방글라데시,상용,2012-11-01,137.0
방글라데시,상용,2012-12-01,82.0
방글라데시,상용,2013-01-01,106.0
방글라데시,상용,2013-02-01,87.0
방글라데시,상용,2013-03-01,118.0
방글라데시,상용,2013-04-01,120.0
방글라데시,상용,2013-05-01,114.0
방글라데시,상용,2013-06-01,120.0
방글라데시,상용,2013-07-01,96.0
방글라데시,상용,2013-08-01,88.0
방글라데시,상용,2013-09-01,112.0
방글라데시,상용,2013-10-01,105.0
방글라데시,상용,2013-11-01,129.0
방글라데시,상용,2013-12-01,92.0
방글라데시,상용,2014-01-01,101.0
방글라데시,상용,2014-02-01,112.0
방글라데시,상용,2014-03-01,141.0
방글라데시,상용,2014-04-01,138.0
방글라데시,상용,2014-05-01,124.0
방글라데시,상용,2014-06-01,146.0
방글라데시,상용,2014-07-01,85.0
방글라데시,상용,2014-08-01,129.0
방글라데시,상용,2014-09-01,128.0
방글라데시,상용,2014-10-01,118.0
방글라데시,상용,2014-11-01,144.0
방글라데시,상용,2014-12-01,101.0
방글라데시,상용,2015-01-01,80.0
방글라데시,상용,2015-02-01,77.0
방글라데시,상용,2015-03-01,153.0
방글라데시,상용,2015-04-01,116.0
방글라데시,상용,2015-05-01,131.0
방글라데시,상용,2015-06-01,109.0
방글라데시,상용,2015-07-01,110.0
방글라데시,상용,2015-08-01,93.0
방글라데시,상용,2015-09-01,125.0
방글라데시,상용,2015-10-01,194.0
방글라데시,상용,2015-11-01,205.0
방글라데시,상용,2015-12-01,108.0
방글라데시,상용,2016-01-01,131.0
방글라데시,상용,2016-02-01,111.0
방글라데시,상용,2016-03-01,155.0
방글라데시,상용,2016-04-01,153.0
방글라데시,상용,2016-05-01,167.0
방글라데시,상용,2016-06-01,89.0
방글라데시,상용,2016-07-01,142.0
방글라데시,상용,2016-08-01,127.0
방글라데시,상용,2016-09-01,161.0
방글라데시,상용,2016-10-01,199.0
방글라데시,상용,2016-11-01,175.0
방글라데시,상용,2016-12-01,131.0
방글라데시,상용,2017-01-01,119.0
방글라데시,상용,2017-02-01,135.0
방글라데시,상용,2017-03-01,178.0
방글라데시,상용,2017-04-01,198.0
방글라데시,상용,2017-05-01,166.0
방글라데시,상용,2017-06-01,112.0
방글라데시,상용,2017-07-01,159.0
방글라데시,상용,2017-08-01,124.0
방글라데시,상용,2017-09-01,149.0
방글라데시,상용,2017-10-01,194.0
방글라데시,상용,2017-11-01,143.0
방글라데시,상용,2017-12-01,181.0
방글라데시,상용,2018-01-01,121.0
방글라데시,상용,2018-02-01,100.0
방글라데시,상용,2018-03-01,150.0
방글라데시,상용,2018-04-01,161.0
방글라데시,상용,2018-05-01,132.0
방글라데시,상용,2018-06-01,122.0
방글라데시,상용,2018-07-01,127.0
방글라데시,상용,2018-08-01,102.0
방글라데시,상용,2018-09-01,139.0
방글라데시,상용,2018-10-01,184.0
방글라데시,상용,2018-11-01,187.0
방글라데시,상용,2018-12-01,136.0
방글라데시,상용,2019-01-01,126.0
방글라데시,상용,2019-02-01,83.0
방글라데시,상용,2019-03-01,148.0
방글라데시,상용,2019-04-01,137.0
방글라데시,상용,2019-05-01,102.0
방글라데시,상용,2019-06-01,144.0
방글라데시,상용,2019-07-01,135.0
방글라데시,상용,2019-08-01,142.0
방글라데시,상용,2019-09-01,167.0
방글라데시,상용,2019-10-01,179.0
방글라데시,상용,2019-11-01,163.0
방글라데시,상용,2019-12-01,148.0
방글라데시,상용,2020-01-01,110.0
방글라데시,상용,2020-02-01,85.0
방글라데시,상용,2020-03-01,8.0
방글라데시,상용,2020-04-01,0.0
방글라데시,상용,2020-05-01,2.0
방글라데시,상용,2020-06-01,4.0
방글라데시,상용,2020-07-01,4.0
방글라데시,상용,2020-08-01,1.0
방글라데시,상용,2020-09-01,2.0
방글라데시,상용,2020-10-01,0.0
방글라데시,상용,2020-11-01,0.0
방글라데시,상용,2020-12-01,0.0
방글라데시,상용,2021-01-01,1.0
방글라데시,상용,2021-02-01,0.0
방글라데시,상용,2021-03-01,1.0
방글라데시,상용,2021-04-01,1.0
방글라데시,상용,2021-05-01,1.0
방글라데시,상용,2021-06-01,4.0
방글라데시,상용,2021-07-01,0.0
방글라데시,상용,2021-08-01,3.0
방글라데시,상용,2021-09-01,5.0
방글라데시,상용,2021-10-01,7.0
방글라데시,상용,2021-11-01,14.0
방글라데시,상용,2021-12-01,12.0
방글라데시,상용,2022-01-01,9.0
방글라데시,상용,2022-02-01,10.0
방글라데시,상용,2022-03-01,9.0
방글라데시,상용,2022-04-01,27.0
방글라데시,상용,2022-05-01,45.0
방글라데시,상용,2022-06-01,47.0
방글라데시,상용,2022-07-01,56.0
방글라데시,상용,2022-08-01,57.0
방글라데시,상용,2022-09-01,68.0
방글라데시,상용,2022-10-01,74.0
방글라데시,상용,2022-11-01,80.0
방글라데시,상용,2022-12-01,29.0
방글라데시,상용,2023-01-01,38.0
방글라데시,상용,2023-02-01,51.0
방글라데시,상용,2023-03-01,51.0
방글라데시,상용,2023-04-01,57.0
방글라데시,상용,2023-05-01,82.0
방글라데시,상용,2023-06-01,59.0
방글라데시,상용,2023-07-01,56.0
방글라데시,상용,2023-08-01,68.0
방글라데시,상용,2023-09-01,70.0
방글라데시,상용,2023-10-01,141.0
방글라데시,상용,2023-11-01,100.0
방글라데시,상용,2023-12-01,62.0
방글라데시,상용,2024-01-01,68.0
방글라데시,상용,2024-02-01,56.0
방글라데시,상용,2024-03-01,52.0
방글라데시,상용,2024-04-01,95.0
방글라데시,상용,2024-05-01,98.0
방글라데시,상용,2024-06-01,83.0
방글라데시,상용,2024-07-01,72.0
방글라데시,상용,2024-08-01,79.0
방글라데시,상용,2024-09-01,82.0
방글라데시,상용,2024-10-01,115.0
방글라데시,상용,2024-11-01,106.0
방글라데시,상용,2024-12-01,80.0
방글라데시,상용,2025-01-01,69.0
방글라데시,상용,2025-02-01,72.0
방글라데시,상용,2025-03-01,57.0
방글라데시,상용,2025-04-01,73.0
방글라데시,상용,2025-05-01,82.0
방글라데시,유학연수,2005-01-01,3.0
방글라데시,유학연수,2005-02-01,47.0
방글라데시,유학연수,2005-03-01,27.0
방글라데시,유학연수,2005-04-01,5.0
방글라데시,유학연수,2005-05-01,2.0
방글라데시,유학연수,2005-06-01,4.0
방글라데시,유학연수,2005-07-01,10.0
방글라데시,유학연수,2005-08-01,36.0
방글라데시,유학연수,2005-09-01,22.0
방글라데시,유학연수,2005-10-01,8.0
방글라데시,유학연수,2005-11-01,2.0
방글라데시,유학연수,2005-12-01,4.0
방글라데시,유학연수,2006-01-01,23.0
방글라데시,유학연수,2006-02-01,41.0
방글라데시,유학연수,2006-03-01,35.0
방글라데시,유학연수,2006-04-01,6.0
방글라데시,유학연수,2006-05-01,7.0
방글라데시,유학연수,2006-06-01,7.0
방글라데시,유학연수,2006-07-01,14.0
방글라데시,유학연수,2006-08-01,40.0
방글라데시,유학연수,2006-09-01,36.0
방글라데시,유학연수,2006-10-01,14.0
방글라데시,유학연수,2006-11-01,10.0
방글라데시,유학연수,2006-12-01,6.0
방글라데시,유학연수,2007-01-01,26.0
방글라데시,유학연수,2007-02-01,68.0
방글라데시,유학연수,2007-03-01,37.0
방글라데시,유학연수,2007-04-01,9.0
방글라데시,유학연수,2007-05-01,5.0
방글라데시,유학연수,2007-06-01,14.0
방글라데시,유학연수,2007-07-01,12.0
방글라데시,유학연수,2007-08-01,82.0
방글라데시,유학연수,2007-09-01,28.0
방글라데시,유학연수,2007-10-01,13.0
방글라데시,유학연수,2007-11-01,15.0
방글라데시,유학연수,2007-12-01,12.0
방글라데시,유학연수,2008-01-01,43.0
방글라데시,유학연수,2008-02-01,103.0
방글라데시,유학연수,2008-03-01,16.0
방글라데시,유학연수,2008-04-01,8.0
방글라데시,유학연수,2008-05-01,12.0
방글라데시,유학연수,2008-06-01,11.0
방글라데시,유학연수,2008-07-01,30.0
방글라데시,유학연수,2008-08-01,76.0
방글라데시,유학연수,2008-09-01,35.0
방글라데시,유학연수,2008-10-01,21.0
방글라데시,유학연수,2008-11-01,7.0
방글라데시,유학연수,2008-12-01,15.0
방글라데시,유학연수,2009-01-01,30.0
방글라데시,유학연수,2009-02-01,109.0
방글라데시,유학연수,2009-03-01,38.0
방글라데시,유학연수,2009-04-01,5.0
방글라데시,유학연수,2009-05-01,6.0
방글라데시,유학연수,2009-06-01,11.0
방글라데시,유학연수,2009-07-01,24.0
방글라데시,유학연수,2009-08-01,107.0
방글라데시,유학연수,2009-09-01,42.0
방글라데시,유학연수,2009-10-01,16.0
방글라데시,유학연수,2009-11-01,19.0
방글라데시,유학연수,2009-12-01,16.0
방글라데시,유학연수,2010-01-01,42.0
방글라데시,유학연수,2010-02-01,100.0
방글라데시,유학연수,2010-03-01,61.0
방글라데시,유학연수,2010-04-01,11.0
방글라데시,유학연수,2010-05-01,16.0
방글라데시,유학연수,2010-06-01,16.0
방글라데시,유학연수,2010-07-01,35.0
방글라데시,유학연수,2010-08-01,94.0
방글라데시,유학연수,2010-09-01,38.0
방글라데시,유학연수,2010-10-01,17.0
방글라데시,유학연수,2010-11-01,21.0
방글라데시,유학연수,2010-12-01,18.0
방글라데시,유학연수,2011-01-01,42.0
방글라데시,유학연수,2011-02-01,121.0
방글라데시,유학연수,2011-03-01,51.0
방글라데시,유학연수,2011-04-01,10.0
방글라데시,유학연수,2011-05-01,10.0
방글라데시,유학연수,2011-06-01,18.0
방글라데시,유학연수,2011-07-01,29.0
방글라데시,유학연수,2011-08-01,85.0
방글라데시,유학연수,2011-09-01,79.0
방글라데시,유학연수,2011-10-01,18.0
방글라데시,유학연수,2011-11-01,11.0
방글라데시,유학연수,2011-12-01,16.0
방글라데시,유학연수,2012-01-01,31.0
방글라데시,유학연수,2012-02-01,111.0
방글라데시,유학연수,2012-03-01,35.0
방글라데시,유학연수,2012-04-01,15.0
방글라데시,유학연수,2012-05-01,16.0
방글라데시,유학연수,2012-06-01,16.0
방글라데시,유학연수,2012-07-01,18.0
방글라데시,유학연수,2012-08-01,76.0
방글라데시,유학연수,2012-09-01,43.0
방글라데시,유학연수,2012-10-01,24.0
방글라데시,유학연수,2012-11-01,12.0
방글라데시,유학연수,2012-12-01,25.0
방글라데시,유학연수,2013-01-01,39.0
방글라데시,유학연수,2013-02-01,94.0
방글라데시,유학연수,2013-03-01,48.0
방글라데시,유학연수,2013-04-01,9.0
방글라데시,유학연수,2013-05-01,8.0
방글라데시,유학연수,2013-06-01,13.0
방글라데시,유학연수,2013-07-01,25.0
방글라데시,유학연수,2013-08-01,110.0
방글라데시,유학연수,2013-09-01,30.0
방글라데시,유학연수,2013-10-01,8.0
방글라데시,유학연수,2013-11-01,9.0
방글라데시,유학연수,2013-12-01,7.0
방글라데시,유학연수,2014-01-01,31.0
방글라데시,유학연수,2014-02-01,124.0
방글라데시,유학연수,2014-03-01,57.0
방글라데시,유학연수,2014-04-01,8.0
방글라데시,유학연수,2014-05-01,10.0
방글라데시,유학연수,2014-06-01,33.0
방글라데시,유학연수,2014-07-01,20.0
방글라데시,유학연수,2014-08-01,137.0
방글라데시,유학연수,2014-09-01,65.0
방글라데시,유학연수,2014-10-01,14.0
방글라데시,유학연수,2014-11-01,26.0
방글라데시,유학연수,2014-12-01,17.0
방글라데시,유학연수,2015-01-01,42.0
방글라데시,유학연수,2015-02-01,116.0
방글라데시,유학연수,2015-03-01,63.0
방글라데시,유학연수,2015-04-01,10.0
방글라데시,유학연수,2015-05-01,13.0
방글라데시,유학연수,2015-06-01,17.0
방글라데시,유학연수,2015-07-01,38.0
방글라데시,유학연수,2015-08-01,158.0
방글라데시,유학연수,2015-09-01,59.0
방글라데시,유학연수,2015-10-01,40.0
방글라데시,유학연수,2015-11-01,24.0
방글라데시,유학연수,2015-12-01,16.0
방글라데시,유학연수,2016-01-01,92.0
방글라데시,유학연수,2016-02-01,212.0
방글라데시,유학연수,2016-03-01,58.0
방글라데시,유학연수,2016-04-01,13.0
방글라데시,유학연수,2016-05-01,17.0
방글라데시,유학연수,2016-06-01,21.0
방글라데시,유학연수,2016-07-01,50.0
방글라데시,유학연수,2016-08-01,164.0
방글라데시,유학연수,2016-09-01,70.0
방글라데시,유학연수,2016-10-01,26.0
방글라데시,유학연수,2016-11-01,16.0
방글라데시,유학연수,2016-12-01,17.0
방글라데시,유학연수,2017-01-01,45.0
방글라데시,유학연수,2017-02-01,200.0
방글라데시,유학연수,2017-03-01,110.0
방글라데시,유학연수,2017-04-01,35.0
방글라데시,유학연수,2017-05-01,13.0
방글라데시,유학연수,2017-06-01,28.0
방글라데시,유학연수,2017-07-01,65.0
방글라데시,유학연수,2017-08-01,185.0
방글라데시,유학연수,2017-09-01,104.0
방글라데시,유학연수,2017-10-01,52.0
방글라데시,유학연수,2017-11-01,23.0
방글라데시,유학연수,2017-12-01,29.0
방글라데시,유학연수,2018-01-01,105.0
방글라데시,유학연수,2018-02-01,220.0
방글라데시,유학연수,2018-03-01,140.0
방글라데시,유학연수,2018-04-01,16.0
방글라데시,유학연수,2018-05-01,24.0
방글라데시,유학연수,2018-06-01,47.0
방글라데시,유학연수,2018-07-01,68.0
방글라데시,유학연수,2018-08-01,200.0
방글라데시,유학연수,2018-09-01,128.0
방글라데시,유학연수,2018-10-01,43.0
방글라데시,유학연수,2018-11-01,42.0
방글라데시,유학연수,2018-12-01,55.0
방글라데시,유학연수,2019-01-01,97.0
방글라데시,유학연수,2019-02-01,265.0
방글라데시,유학연수,2019-03-01,230.0
방글라데시,유학연수,2019-04-01,49.0
방글라데시,유학연수,2019-05-01,30.0
방글라데시,유학연수,2019-06-01,41.0
방글라데시,유학연수,2019-07-01,72.0
방글라데시,유학연수,2019-08-01,271.0
방글라데시,유학연수,2019-09-01,185.0
방글라데시,유학연수,2019-10-01,46.0
방글라데시,유학연수,2019-11-01,66.0
방글라데시,유학연수,2019-12-01,52.0
방글라데시,유학연수,2020-01-01,95.0
방글라데시,유학연수,2020-02-01,149.0
방글라데시,유학연수,2020-03-01,133.0
방글라데시,유학연수,2020-04-01,0.0
방글라데시,유학연수,2020-05-01,21.0
방글라데시,유학연수,2020-06-01,48.0
방글라데시,유학연수,2020-07-01,23.0
방글라데시,유학연수,2020-08-01,39.0
방글라데시,유학연수,2020-09-01,4.0
방글라데시,유학연수,2020-10-01,1.0
방글라데시,유학연수,2020-11-01,2.0
방글라데시,유학연수,2020-12-01,1.0
방글라데시,유학연수,2021-01-01,4.0
방글라데시,유학연수,2021-02-01,6.0
방글라데시,유학연수,2021-03-01,181.0
방글라데시,유학연수,2021-04-01,61.0
방글라데시,유학연수,2021-05-01,25.0
방글라데시,유학연수,2021-06-01,6.0
방글라데시,유학연수,2021-07-01,3.0
방글라데시,유학연수,2021-08-01,20.0
방글라데시,유학연수,2021-09-01,17.0
방글라데시,유학연수,2021-10-01,1.0
방글라데시,유학연수,2021-11-01,17.0
방글라데시,유학연수,2021-12-01,56.0
방글라데시,유학연수,2022-01-01,55.0
방글라데시,유학연수,2022-02-01,170.0
방글라데시,유학연수,2022-03-01,203.0
방글라데시,유학연수,2022-04-01,36.0
방글라데시,유학연수,2022-05-01,21.0
방글라데시,유학연수,2022-06-01,10.0
방글라데시,유학연수,2022-07-01,62.0
방글라데시,유학연수,2022-08-01,301.0
방글라데시,유학연수,2022-09-01,150.0
방글라데시,유학연수,2022-10-01,18.0
방글라데시,유학연수,2022-11-01,21.0
방글라데시,유학연수,2022-12-01,20.0
방글라데시,유학연수,2023-01-01,106.0
방글라데시,유학연수,2023-02-01,297.0
방글라데시,유학연수,2023-03-01,326.0
방글라데시,유학연수,2023-04-01,18.0
방글라데시,유학연수,2023-05-01,47.0
방글라데시,유학연수,2023-06-01,36.0
방글라데시,유학연수,2023-07-01,141.0
방글라데시,유학연수,2023-08-01,364.0
방글라데시,유학연수,2023-09-01,291.0
방글라데시,유학연수,2023-10-01,51.0
방글라데시,유학연수,2023-11-01,40.0
방글라데시,유학연수,2023-12-01,60.0
방글라데시,유학연수,2024-01-01,175.0
방글라데시,유학연수,2024-02-01,524.0
방글라데시,유학연수,2024-03-01,355.0
방글라데시,유학연수,2024-04-01,39.0
방글라데시,유학연수,2024-05-01,54.0
방글라데시,유학연수,2024-06-01,59.0
방글라데시,유학연수,2024-07-01,143.0
방글라데시,유학연수,2024-08-01,565.0
방글라데시,유학연수,2024-09-01,463.0
방글라데시,유학연수,2024-10-01,46.0
방글라데시,유학연수,2024-11-01,78.0
방글라데시,유학연수,2024-12-01,90.0
방글라데시,유학연수,2025-01-01,187.0
방글라데시,유학연수,2025-02-01,556.0
방글라데시,유학연수,2025-03-01,455.0
방글라데시,유학연수,2025-04-01,72.0
방글라데시,유학연수,2025-05-01,42.0
베네수엘라,공용,2005-01-01,0.0
베네수엘라,공용,2005-02-01,0.0
베네수엘라,공용,2005-03-01,0.0
베네수엘라,공용,2005-04-01,0.0
베네수엘라,공용,2005-05-01,1.0
베네수엘라,공용,2005-06-01,1.0
베네수엘라,공용,2005-07-01,15.0
베네수엘라,공용,2005-08-01,11.0
베네수엘라,공용,2005-09-01,13.0
베네수엘라,공용,2005-10-01,5.0
베네수엘라,공용,2005-11-01,0.0
베네수엘라,공용,2005-12-01,2.0
베네수엘라,공용,2006-01-01,1.0
베네수엘라,공용,2006-02-01,0.0
베네수엘라,공용,2006-03-01,5.0
베네수엘라,공용,2006-04-01,1.0
베네수엘라,공용,2006-05-01,0.0
베네수엘라,공용,2006-06-01,0.0
베네수엘라,공용,2006-07-01,1.0
베네수엘라,공용,2006-08-01,6.0
베네수엘라,공용,2006-09-01,4.0
베네수엘라,공용,2006-10-01,4.0
베네수엘라,공용,2006-11-01,1.0
베네수엘라,공용,2006-12-01,2.0
베네수엘라,공용,2007-01-01,1.0
베네수엘라,공용,2007-02-01,1.0
베네수엘라,공용,2007-03-01,0.0
베네수엘라,공용,2007-04-01,0.0
베네수엘라,공용,2007-05-01,1.0
베네수엘라,공용,2007-06-01,1.0
베네수엘라,공용,2007-07-01,1.0
베네수엘라,공용,2007-08-01,4.0
베네수엘라,공용,2007-09-01,0.0
베네수엘라,공용,2007-10-01,3.0
베네수엘라,공용,2007-11-01,1.0
베네수엘라,공용,2007-12-01,2.0
베네수엘라,공용,2008-01-01,4.0
베네수엘라,공용,2008-02-01,1.0
베네수엘라,공용,2008-03-01,0.0
베네수엘라,공용,2008-04-01,0.0
베네수엘라,공용,2008-05-01,1.0
베네수엘라,공용,2008-06-01,2.0
베네수엘라,공용,2008-07-01,1.0
베네수엘라,공용,2008-08-01,5.0
베네수엘라,공용,2008-09-01,2.0
베네수엘라,공용,2008-10-01,1.0
베네수엘라,공용,2008-11-01,1.0
베네수엘라,공용,2008-12-01,1.0
베네수엘라,공용,2009-01-01,7.0
베네수엘라,공용,2009-02-01,1.0
베네수엘라,공용,2009-03-01,0.0
베네수엘라,공용,2009-04-01,3.0
베네수엘라,공용,2009-05-01,0.0
베네수엘라,공용,2009-06-01,1.0
베네수엘라,공용,2009-07-01,5.0
베네수엘라,공용,2009-08-01,5.0
베네수엘라,공용,2009-09-01,0.0
베네수엘라,공용,2009-10-01,0.0
베네수엘라,공용,2009-11-01,0.0
베네수엘라,공용,2009-12-01,1.0
베네수엘라,공용,2010-01-01,0.0
베네수엘라,공용,2010-02-01,1.0
베네수엘라,공용,2010-03-01,3.0
베네수엘라,공용,2010-04-01,0.0
베네수엘라,공용,2010-05-01,0.0
베네수엘라,공용,2010-06-01,0.0
베네수엘라,공용,2010-07-01,0.0
베네수엘라,공용,2010-08-01,0.0
베네수엘라,공용,2010-09-01,1.0
베네수엘라,공용,2010-10-01,0.0
베네수엘라,공용,2010-11-01,0.0
베네수엘라,공용,2010-12-01,0.0
베네수엘라,공용,2011-01-01,0.0
베네수엘라,공용,2011-02-01,0.0
베네수엘라,공용,2011-03-01,0.0
베네수엘라,공용,2011-04-01,0.0
베네수엘라,공용,2011-05-01,0.0
베네수엘라,공용,2011-06-01,1.0
베네수엘라,공용,2011-07-01,0.0
베네수엘라,공용,2011-08-01,0.0
베네수엘라,공용,2011-09-01,0.0
베네수엘라,공용,2011-10-01,0.0
베네수엘라,공용,2011-11-01,4.0
베네수엘라,공용,2011-12-01,0.0
베네수엘라,공용,2012-01-01,0.0
베네수엘라,공용,2012-02-01,0.0
베네수엘라,공용,2012-03-01,4.0
베네수엘라,공용,2012-04-01,1.0
베네수엘라,공용,2012-05-01,1.0
베네수엘라,공용,2012-06-01,0.0
베네수엘라,공용,2012-07-01,0.0
베네수엘라,공용,2012-08-01,2.0
베네수엘라,공용,2012-09-01,1.0
베네수엘라,공용,2012-10-01,0.0
베네수엘라,공용,2012-11-01,1.0
베네수엘라,공용,2012-12-01,2.0
베네수엘라,공용,2013-01-01,0.0
베네수엘라,공용,2013-02-01,3.0
베네수엘라,공용,2013-03-01,1.0
베네수엘라,공용,2013-04-01,2.0
베네수엘라,공용,2013-05-01,0.0
베네수엘라,공용,2013-06-01,0.0
베네수엘라,공용,2013-07-01,3.0
베네수엘라,공용,2013-08-01,0.0
베네수엘라,공용,2013-09-01,5.0
베네수엘라,공용,2013-10-01,0.0
베네수엘라,공용,2013-11-01,0.0
베네수엘라,공용,2013-12-01,0.0
베네수엘라,공용,2014-01-01,0.0
베네수엘라,공용,2014-02-01,5.0
베네수엘라,공용,2014-03-01,2.0
베네수엘라,공용,2014-04-01,1.0
베네수엘라,공용,2014-05-01,1.0
베네수엘라,공용,2014-06-01,2.0
베네수엘라,공용,2014-07-01,3.0
베네수엘라,공용,2014-08-01,5.0
베네수엘라,공용,2014-09-01,2.0
베네수엘라,공용,2014-10-01,1.0
베네수엘라,공용,2014-11-01,2.0
베네수엘라,공용,2014-12-01,0.0
베네수엘라,공용,2015-01-01,3.0
베네수엘라,공용,2015-02-01,0.0
베네수엘라,공용,2015-03-01,2.0
베네수엘라,공용,2015-04-01,0.0
베네수엘라,공용,2015-05-01,0.0
베네수엘라,공용,2015-06-01,0.0
베네수엘라,공용,2015-07-01,0.0
베네수엘라,공용,2015-08-01,3.0
베네수엘라,공용,2015-09-01,1.0
베네수엘라,공용,2015-10-01,0.0
베네수엘라,공용,2015-11-01,1.0
베네수엘라,공용,2015-12-01,0.0
베네수엘라,공용,2016-01-01,0.0
베네수엘라,공용,2016-02-01,0.0
베네수엘라,공용,2016-03-01,0.0
베네수엘라,공용,2016-04-01,1.0
베네수엘라,공용,2016-05-01,0.0
베네수엘라,공용,2016-06-01,1.0
베네수엘라,공용,2016-07-01,0.0
베네수엘라,공용,2016-08-01,1.0
베네수엘라,공용,2016-09-01,0.0
베네수엘라,공용,2016-10-01,0.0
베네수엘라,공용,2016-11-01,0.0
베네수엘라,공용,2016-12-01,0.0
베네수엘라,공용,2017-01-01,1.0
베네수엘라,공용,2017-02-01,1.0
베네수엘라,공용,2017-03-01,1.0
베네수엘라,공용,2017-04-01,0.0
베네수엘라,공용,2017-05-01,0.0
베네수엘라,공용,2017-06-01,2.0
베네수엘라,공용,2017-07-01,1.0
베네수엘라,공용,2017-08-01,5.0
베네수엘라,공용,2017-09-01,2.0
베네수엘라,공용,2017-10-01,3.0
베네수엘라,공용,2017-11-01,1.0
베네수엘라,공용,2017-12-01,2.0
베네수엘라,공용,2018-01-01,2.0
베네수엘라,공용,2018-02-01,0.0
베네수엘라,공용,2018-03-01,2.0
베네수엘라,공용,2018-04-01,0.0
베네수엘라,공용,2018-05-01,2.0
베네수엘라,공용,2018-06-01,0.0
베네수엘라,공용,2018-07-01,2.0
베네수엘라,공용,2018-08-01,0.0
베네수엘라,공용,2018-09-01,0.0
베네수엘라,공용,2018-10-01,0.0
베네수엘라,공용,2018-11-01,3.0
베네수엘라,공용,2018-12-01,1.0
베네수엘라,공용,2019-01-01,3.0
베네수엘라,공용,2019-02-01,1.0
베네수엘라,공용,2019-03-01,1.0
베네수엘라,공용,2019-04-01,4.0
베네수엘라,공용,2019-05-01,0.0
베네수엘라,공용,2019-06-01,3.0
베네수엘라,공용,2019-07-01,1.0
베네수엘라,공용,2019-08-01,3.0
베네수엘라,공용,2019-09-01,4.0
베네수엘라,공용,2019-10-01,0.0
베네수엘라,공용,2019-11-01,1.0
베네수엘라,공용,2019-12-01,0.0
베네수엘라,공용,2020-01-01,4.0
베네수엘라,공용,2020-02-01,0.0
베네수엘라,공용,2020-03-01,0.0
베네수엘라,공용,2020-04-01,0.0
베네수엘라,공용,2020-05-01,0.0
베네수엘라,공용,2020-06-01,0.0
베네수엘라,공용,2020-07-01,0.0
베네수엘라,공용,2020-08-01,5.0
베네수엘라,공용,2020-09-01,0.0
베네수엘라,공용,2020-10-01,0.0
베네수엘라,공용,2020-11-01,0.0
베네수엘라,공용,2020-12-01,0.0
베네수엘라,공용,2021-01-01,0.0
베네수엘라,공용,2021-02-01,1.0
베네수엘라,공용,2021-03-01,0.0
베네수엘라,공용,2021-04-01,0.0
베네수엘라,공용,2021-05-01,1.0
베네수엘라,공용,2021-06-01,0.0
베네수엘라,공용,2021-07-01,0.0
베네수엘라,공용,2021-08-01,5.0
베네수엘라,공용,2021-09-01,0.0
베네수엘라,공용,2021-10-01,0.0
베네수엘라,공용,2021-11-01,0.0
베네수엘라,공용,2021-12-01,0.0
베네수엘라,공용,2022-01-01,4.0
베네수엘라,공용,2022-02-01,0.0
베네수엘라,공용,2022-03-01,1.0
베네수엘라,공용,2022-04-01,0.0
베네수엘라,공용,2022-05-01,0.0
베네수엘라,공용,2022-06-01,0.0
베네수엘라,공용,2022-07-01,0.0
베네수엘라,공용,2022-08-01,1.0
베네수엘라,공용,2022-09-01,2.0
베네수엘라,공용,2022-10-01,0.0
베네수엘라,공용,2022-11-01,0.0
베네수엘라,공용,2022-12-01,0.0
베네수엘라,공용,2023-01-01,0.0
베네수엘라,공용,2023-02-01,3.0
베네수엘라,공용,2023-03-01,0.0
베네수엘라,공용,2023-04-01,0.0
베네수엘라,공용,2023-05-01,0.0
베네수엘라,공용,2023-06-01,0.0
베네수엘라,공용,2023-07-01,1.0
베네수엘라,공용,2023-08-01,1.0
베네수엘라,공용,2023-09-01,3.0
베네수엘라,공용,2023-10-01,3.0
베네수엘라,공용,2023-11-01,1.0
베네수엘라,공용,2023-12-01,0.0
베네수엘라,공용,2024-01-01,2.0
베네수엘라,공용,2024-02-01,0.0
베네수엘라,공용,2024-03-01,0.0
베네수엘라,공용,2024-04-01,4.0
베네수엘라,공용,2024-05-01,1.0
베네수엘라,공용,2024-06-01,1.0
베네수엘라,공용,2024-07-01,0.0
베네수엘라,공용,2024-08-01,4.0
베네수엘라,공용,2024-09-01,0.0
베네수엘라,공용,2024-10-01,0.0
베네수엘라,공용,2024-11-01,3.0
베네수엘라,공용,2024-12-01,0.0
베네수엘라,공용,2025-01-01,1.0
베네수엘라,공용,2025-02-01,0.0
베네수엘라,공용,2025-03-01,4.0
베네수엘라,공용,2025-04-01,1.0
베네수엘라,공용,2025-05-01,3.0
베네수엘라,관광,2005-01-01,14.0
베네수엘라,관광,2005-02-01,29.0
베네수엘라,관광,2005-03-01,35.0
베네수엘라,관광,2005-04-01,43.0
베네수엘라,관광,2005-05-01,57.0
베네수엘라,관광,2005-06-01,63.0
베네수엘라,관광,2005-07-01,44.0
베네수엘라,관광,2005-08-01,45.0
베네수엘라,관광,2005-09-01,111.0
베네수엘라,관광,2005-10-01,80.0
베네수엘라,관광,2005-11-01,46.0
베네수엘라,관광,2005-12-01,24.0
베네수엘라,관광,2006-01-01,22.0
베네수엘라,관광,2006-02-01,21.0
베네수엘라,관광,2006-03-01,53.0
베네수엘라,관광,2006-04-01,83.0
베네수엘라,관광,2006-05-01,95.0
베네수엘라,관광,2006-06-01,48.0
베네수엘라,관광,2006-07-01,66.0
베네수엘라,관광,2006-08-01,61.0
베네수엘라,관광,2006-09-01,65.0
베네수엘라,관광,2006-10-01,45.0
베네수엘라,관광,2006-11-01,62.0
베네수엘라,관광,2006-12-01,18.0
베네수엘라,관광,2007-01-01,28.0
베네수엘라,관광,2007-02-01,34.0
베네수엘라,관광,2007-03-01,73.0
베네수엘라,관광,2007-04-01,46.0
베네수엘라,관광,2007-05-01,106.0
베네수엘라,관광,2007-06-01,61.0
베네수엘라,관광,2007-07-01,74.0
베네수엘라,관광,2007-08-01,72.0
베네수엘라,관광,2007-09-01,74.0
베네수엘라,관광,2007-10-01,97.0
베네수엘라,관광,2007-11-01,64.0
베네수엘라,관광,2007-12-01,22.0
베네수엘라,관광,2008-01-01,35.0
베네수엘라,관광,2008-02-01,38.0
베네수엘라,관광,2008-03-01,36.0
베네수엘라,관광,2008-04-01,113.0
베네수엘라,관광,2008-05-01,77.0
베네수엘라,관광,2008-06-01,55.0
베네수엘라,관광,2008-07-01,129.0
베네수엘라,관광,2008-08-01,73.0
베네수엘라,관광,2008-09-01,109.0
베네수엘라,관광,2008-10-01,74.0
베네수엘라,관광,2008-11-01,46.0
베네수엘라,관광,2008-12-01,317.0
베네수엘라,관광,2009-01-01,44.0
베네수엘라,관광,2009-02-01,28.0
베네수엘라,관광,2009-03-01,75.0
베네수엘라,관광,2009-04-01,76.0
베네수엘라,관광,2009-05-01,60.0
베네수엘라,관광,2009-06-01,60.0
베네수엘라,관광,2009-07-01,71.0
베네수엘라,관광,2009-08-01,65.0
베네수엘라,관광,2009-09-01,66.0
베네수엘라,관광,2009-10-01,93.0
베네수엘라,관광,2009-11-01,79.0
베네수엘라,관광,2009-12-01,57.0
베네수엘라,관광,2010-01-01,32.0
베네수엘라,관광,2010-02-01,79.0
베네수엘라,관광,2010-03-01,54.0
베네수엘라,관광,2010-04-01,65.0
베네수엘라,관광,2010-05-01,113.0
베네수엘라,관광,2010-06-01,88.0
베네수엘라,관광,2010-07-01,119.0
베네수엘라,관광,2010-08-01,170.0
베네수엘라,관광,2010-09-01,47.0
베네수엘라,관광,2010-10-01,112.0
베네수엘라,관광,2010-11-01,63.0
베네수엘라,관광,2010-12-01,55.0
베네수엘라,관광,2011-01-01,28.0
베네수엘라,관광,2011-02-01,50.0
베네수엘라,관광,2011-03-01,50.0
베네수엘라,관광,2011-04-01,70.0
베네수엘라,관광,2011-05-01,98.0
베네수엘라,관광,2011-06-01,76.0
베네수엘라,관광,2011-07-01,61.0
베네수엘라,관광,2011-08-01,67.0
베네수엘라,관광,2011-09-01,106.0
베네수엘라,관광,2011-10-01,333.0
베네수엘라,관광,2011-11-01,98.0
베네수엘라,관광,2011-12-01,43.0
베네수엘라,관광,2012-01-01,80.0
베네수엘라,관광,2012-02-01,40.0
베네수엘라,관광,2012-03-01,87.0
베네수엘라,관광,2012-04-01,134.0
베네수엘라,관광,2012-05-01,94.0
베네수엘라,관광,2012-06-01,104.0
베네수엘라,관광,2012-07-01,134.0
베네수엘라,관광,2012-08-01,135.0
베네수엘라,관광,2012-09-01,132.0
베네수엘라,관광,2012-10-01,108.0
베네수엘라,관광,2012-11-01,108.0
베네수엘라,관광,2012-12-01,49.0
베네수엘라,관광,2013-01-01,127.0
베네수엘라,관광,2013-02-01,100.0
베네수엘라,관광,2013-03-01,141.0
베네수엘라,관광,2013-04-01,98.0
베네수엘라,관광,2013-05-01,103.0
베네수엘라,관광,2013-06-01,104.0
베네수엘라,관광,2013-07-01,106.0
베네수엘라,관광,2013-08-01,111.0
베네수엘라,관광,2013-09-01,120.0
베네수엘라,관광,2013-10-01,510.0
베네수엘라,관광,2013-11-01,71.0
베네수엘라,관광,2013-12-01,60.0
베네수엘라,관광,2014-01-01,40.0
베네수엘라,관광,2014-02-01,73.0
베네수엘라,관광,2014-03-01,104.0
베네수엘라,관광,2014-04-01,102.0
베네수엘라,관광,2014-05-01,102.0
베네수엘라,관광,2014-06-01,112.0
베네수엘라,관광,2014-07-01,109.0
베네수엘라,관광,2014-08-01,91.0
베네수엘라,관광,2014-09-01,133.0
베네수엘라,관광,2014-10-01,106.0
베네수엘라,관광,2014-11-01,94.0
베네수엘라,관광,2014-12-01,68.0
베네수엘라,관광,2015-01-01,47.0
베네수엘라,관광,2015-02-01,73.0
베네수엘라,관광,2015-03-01,202.0
베네수엘라,관광,2015-04-01,97.0
베네수엘라,관광,2015-05-01,130.0
베네수엘라,관광,2015-06-01,236.0
베네수엘라,관광,2015-07-01,79.0
베네수엘라,관광,2015-08-01,79.0
베네수엘라,관광,2015-09-01,220.0
베네수엘라,관광,2015-10-01,95.0
베네수엘라,관광,2015-11-01,95.0
베네수엘라,관광,2015-12-01,63.0
베네수엘라,관광,2016-01-01,59.0
베네수엘라,관광,2016-02-01,49.0
베네수엘라,관광,2016-03-01,75.0
베네수엘라,관광,2016-04-01,92.0
베네수엘라,관광,2016-05-01,82.0
베네수엘라,관광,2016-06-01,104.0
베네수엘라,관광,2016-07-01,93.0
베네수엘라,관광,2016-08-01,91.0
베네수엘라,관광,2016-09-01,90.0
베네수엘라,관광,2016-10-01,113.0
베네수엘라,관광,2016-11-01,67.0
베네수엘라,관광,2016-12-01,58.0
베네수엘라,관광,2017-01-01,73.0
베네수엘라,관광,2017-02-01,35.0
베네수엘라,관광,2017-03-01,87.0
베네수엘라,관광,2017-04-01,59.0
베네수엘라,관광,2017-05-01,149.0
베네수엘라,관광,2017-06-01,141.0
베네수엘라,관광,2017-07-01,102.0
베네수엘라,관광,2017-08-01,72.0
베네수엘라,관광,2017-09-01,76.0
베네수엘라,관광,2017-10-01,92.0
베네수엘라,관광,2017-11-01,69.0
베네수엘라,관광,2017-12-01,55.0
베네수엘라,관광,2018-01-01,60.0
베네수엘라,관광,2018-02-01,77.0
베네수엘라,관광,2018-03-01,84.0
베네수엘라,관광,2018-04-01,115.0
베네수엘라,관광,2018-05-01,91.0
베네수엘라,관광,2018-06-01,82.0
베네수엘라,관광,2018-07-01,88.0
베네수엘라,관광,2018-08-01,86.0
베네수엘라,관광,2018-09-01,126.0
베네수엘라,관광,2018-10-01,85.0
베네수엘라,관광,2018-11-01,80.0
베네수엘라,관광,2018-12-01,88.0
베네수엘라,관광,2019-01-01,53.0
베네수엘라,관광,2019-02-01,65.0
베네수엘라,관광,2019-03-01,87.0
베네수엘라,관광,2019-04-01,96.0
베네수엘라,관광,2019-05-01,105.0
베네수엘라,관광,2019-06-01,113.0
베네수엘라,관광,2019-07-01,109.0
베네수엘라,관광,2019-08-01,110.0
베네수엘라,관광,2019-09-01,90.0
베네수엘라,관광,2019-10-01,114.0
베네수엘라,관광,2019-11-01,99.0
베네수엘라,관광,2019-12-01,60.0
베네수엘라,관광,2020-01-01,56.0
베네수엘라,관광,2020-02-01,80.0
베네수엘라,관광,2020-03-01,10.0
베네수엘라,관광,2020-04-01,1.0
베네수엘라,관광,2020-05-01,0.0
베네수엘라,관광,2020-06-01,2.0
베네수엘라,관광,2020-07-01,5.0
베네수엘라,관광,2020-08-01,0.0
베네수엘라,관광,2020-09-01,1.0
베네수엘라,관광,2020-10-01,1.0
베네수엘라,관광,2020-11-01,8.0
베네수엘라,관광,2020-12-01,4.0
베네수엘라,관광,2021-01-01,4.0
베네수엘라,관광,2021-02-01,11.0
베네수엘라,관광,2021-03-01,5.0
베네수엘라,관광,2021-04-01,1.0
베네수엘라,관광,2021-05-01,2.0
베네수엘라,관광,2021-06-01,16.0
베네수엘라,관광,2021-07-01,7.0
베네수엘라,관광,2021-08-01,5.0
베네수엘라,관광,2021-09-01,6.0
베네수엘라,관광,2021-10-01,10.0
베네수엘라,관광,2021-11-01,18.0
베네수엘라,관광,2021-12-01,15.0
베네수엘라,관광,2022-01-01,8.0
베네수엘라,관광,2022-02-01,9.0
베네수엘라,관광,2022-03-01,13.0
베네수엘라,관광,2022-04-01,24.0
베네수엘라,관광,2022-05-01,21.0
베네수엘라,관광,2022-06-01,20.0
베네수엘라,관광,2022-07-01,28.0
베네수엘라,관광,2022-08-01,25.0
베네수엘라,관광,2022-09-01,50.0
베네수엘라,관광,2022-10-01,74.0
베네수엘라,관광,2022-11-01,39.0
베네수엘라,관광,2022-12-01,59.0
베네수엘라,관광,2023-01-01,25.0
베네수엘라,관광,2023-02-01,29.0
베네수엘라,관광,2023-03-01,57.0
베네수엘라,관광,2023-04-01,68.0
베네수엘라,관광,2023-05-01,75.0
베네수엘라,관광,2023-06-01,65.0
베네수엘라,관광,2023-07-01,107.0
베네수엘라,관광,2023-08-01,83.0
베네수엘라,관광,2023-09-01,104.0
베네수엘라,관광,2023-10-01,94.0
베네수엘라,관광,2023-11-01,93.0
베네수엘라,관광,2023-12-01,55.0
베네수엘라,관광,2024-01-01,64.0
베네수엘라,관광,2024-02-01,73.0
베네수엘라,관광,2024-03-01,127.0
베네수엘라,관광,2024-04-01,146.0
베네수엘라,관광,2024-05-01,128.0
베네수엘라,관광,2024-06-01,100.0
베네수엘라,관광,2024-07-01,93.0
베네수엘라,관광,2024-08-01,96.0
베네수엘라,관광,2024-09-01,167.0
베네수엘라,관광,2024-10-01,175.0
베네수엘라,관광,2024-11-01,103.0
베네수엘라,관광,2024-12-01,63.0
베네수엘라,관광,2025-01-01,67.0
베네수엘라,관광,2025-02-01,55.0
베네수엘라,관광,2025-03-01,152.0
베네수엘라,관광,2025-04-01,186.0
베네수엘라,관광,2025-05-01,160.0
베네수엘라,상용,2005-01-01,3.0
베네수엘라,상용,2005-02-01,0.0
베네수엘라,상용,2005-03-01,1.0
베네수엘라,상용,2005-04-01,4.0
베네수엘라,상용,2005-05-01,8.0
베네수엘라,상용,2005-06-01,1.0
베네수엘라,상용,2005-07-01,2.0
베네수엘라,상용,2005-08-01,4.0
베네수엘라,상용,2005-09-01,8.0
베네수엘라,상용,2005-10-01,3.0
베네수엘라,상용,2005-11-01,2.0
베네수엘라,상용,2005-12-01,6.0
베네수엘라,상용,2006-01-01,8.0
베네수엘라,상용,2006-02-01,7.0
베네수엘라,상용,2006-03-01,8.0
베네수엘라,상용,2006-04-01,9.0
베네수엘라,상용,2006-05-01,16.0
베네수엘라,상용,2006-06-01,6.0
베네수엘라,상용,2006-07-01,5.0
베네수엘라,상용,2006-08-01,7.0
베네수엘라,상용,2006-09-01,2.0
베네수엘라,상용,2006-10-01,2.0
베네수엘라,상용,2006-11-01,3.0
베네수엘라,상용,2006-12-01,3.0
베네수엘라,상용,2007-01-01,6.0
베네수엘라,상용,2007-02-01,5.0
베네수엘라,상용,2007-03-01,8.0
베네수엘라,상용,2007-04-01,4.0
베네수엘라,상용,2007-05-01,4.0
베네수엘라,상용,2007-06-01,5.0
베네수엘라,상용,2007-07-01,6.0
베네수엘라,상용,2007-08-01,11.0
베네수엘라,상용,2007-09-01,4.0
베네수엘라,상용,2007-10-01,8.0
베네수엘라,상용,2007-11-01,3.0
베네수엘라,상용,2007-12-01,4.0
베네수엘라,상용,2008-01-01,9.0
베네수엘라,상용,2008-02-01,5.0
베네수엘라,상용,2008-03-01,9.0
베네수엘라,상용,2008-04-01,8.0
베네수엘라,상용,2008-05-01,3.0
베네수엘라,상용,2008-06-01,5.0
베네수엘라,상용,2008-07-01,5.0
베네수엘라,상용,2008-08-01,5.0
베네수엘라,상용,2008-09-01,4.0
베네수엘라,상용,2008-10-01,5.0
베네수엘라,상용,2008-11-01,4.0
베네수엘라,상용,2008-12-01,1.0
베네수엘라,상용,2009-01-01,3.0
베네수엘라,상용,2009-02-01,2.0
베네수엘라,상용,2009-03-01,2.0
베네수엘라,상용,2009-04-01,0.0
베네수엘라,상용,2009-05-01,1.0
베네수엘라,상용,2009-06-01,3.0
베네수엘라,상용,2009-07-01,3.0
베네수엘라,상용,2009-08-01,6.0
베네수엘라,상용,2009-09-01,2.0
베네수엘라,상용,2009-10-01,6.0
베네수엘라,상용,2009-11-01,1.0
베네수엘라,상용,2009-12-01,2.0
베네수엘라,상용,2010-01-01,9.0
베네수엘라,상용,2010-02-01,1.0
베네수엘라,상용,2010-03-01,5.0
베네수엘라,상용,2010-04-01,1.0
베네수엘라,상용,2010-05-01,3.0
베네수엘라,상용,2010-06-01,2.0
베네수엘라,상용,2010-07-01,1.0
베네수엘라,상용,2010-08-01,4.0
베네수엘라,상용,2010-09-01,3.0
베네수엘라,상용,2010-10-01,4.0
베네수엘라,상용,2010-11-01,1.0
베네수엘라,상용,2010-12-01,1.0
베네수엘라,상용,2011-01-01,6.0
베네수엘라,상용,2011-02-01,2.0
베네수엘라,상용,2011-03-01,11.0
베네수엘라,상용,2011-04-01,3.0
베네수엘라,상용,2011-05-01,7.0
베네수엘라,상용,2011-06-01,3.0
베네수엘라,상용,2011-07-01,5.0
베네수엘라,상용,2011-08-01,10.0
베네수엘라,상용,2011-09-01,3.0
베네수엘라,상용,2011-10-01,6.0
베네수엘라,상용,2011-11-01,5.0
베네수엘라,상용,2011-12-01,1.0
베네수엘라,상용,2012-01-01,9.0
베네수엘라,상용,2012-02-01,6.0
베네수엘라,상용,2012-03-01,3.0
베네수엘라,상용,2012-04-01,5.0
베네수엘라,상용,2012-05-01,9.0
베네수엘라,상용,2012-06-01,3.0
베네수엘라,상용,2012-07-01,4.0
베네수엘라,상용,2012-08-01,7.0
베네수엘라,상용,2012-09-01,2.0
베네수엘라,상용,2012-10-01,8.0
베네수엘라,상용,2012-11-01,2.0
베네수엘라,상용,2012-12-01,1.0
베네수엘라,상용,2013-01-01,8.0
베네수엘라,상용,2013-02-01,3.0
베네수엘라,상용,2013-03-01,7.0
베네수엘라,상용,2013-04-01,6.0
베네수엘라,상용,2013-05-01,6.0
베네수엘라,상용,2013-06-01,8.0
베네수엘라,상용,2013-07-01,5.0
베네수엘라,상용,2013-08-01,9.0
베네수엘라,상용,2013-09-01,8.0
베네수엘라,상용,2013-10-01,5.0
베네수엘라,상용,2013-11-01,5.0
베네수엘라,상용,2013-12-01,3.0
베네수엘라,상용,2014-01-01,9.0
베네수엘라,상용,2014-02-01,7.0
베네수엘라,상용,2014-03-01,7.0
베네수엘라,상용,2014-04-01,7.0
베네수엘라,상용,2014-05-01,9.0
베네수엘라,상용,2014-06-01,4.0
베네수엘라,상용,2014-07-01,4.0
베네수엘라,상용,2014-08-01,8.0
베네수엘라,상용,2014-09-01,8.0
베네수엘라,상용,2014-10-01,9.0
베네수엘라,상용,2014-11-01,4.0
베네수엘라,상용,2014-12-01,5.0
베네수엘라,상용,2015-01-01,9.0
베네수엘라,상용,2015-02-01,4.0
베네수엘라,상용,2015-03-01,4.0
베네수엘라,상용,2015-04-01,6.0
베네수엘라,상용,2015-05-01,8.0
베네수엘라,상용,2015-06-01,2.0
베네수엘라,상용,2015-07-01,2.0
베네수엘라,상용,2015-08-01,6.0
베네수엘라,상용,2015-09-01,7.0
베네수엘라,상용,2015-10-01,2.0
베네수엘라,상용,2015-11-01,1.0
베네수엘라,상용,2015-12-01,1.0
베네수엘라,상용,2016-01-01,8.0
베네수엘라,상용,2016-02-01,0.0
베네수엘라,상용,2016-03-01,3.0
베네수엘라,상용,2016-04-01,3.0
베네수엘라,상용,2016-05-01,5.0
베네수엘라,상용,2016-06-01,2.0
베네수엘라,상용,2016-07-01,6.0
베네수엘라,상용,2016-08-01,3.0
베네수엘라,상용,2016-09-01,1.0
베네수엘라,상용,2016-10-01,4.0
베네수엘라,상용,2016-11-01,3.0
베네수엘라,상용,2016-12-01,0.0
베네수엘라,상용,2017-01-01,5.0
베네수엘라,상용,2017-02-01,1.0
베네수엘라,상용,2017-03-01,3.0
베네수엘라,상용,2017-04-01,0.0
베네수엘라,상용,2017-05-01,3.0
베네수엘라,상용,2017-06-01,0.0
베네수엘라,상용,2017-07-01,0.0
베네수엘라,상용,2017-08-01,1.0
베네수엘라,상용,2017-09-01,1.0
베네수엘라,상용,2017-10-01,0.0
베네수엘라,상용,2017-11-01,0.0
베네수엘라,상용,2017-12-01,0.0
베네수엘라,상용,2018-01-01,3.0
베네수엘라,상용,2018-02-01,0.0
베네수엘라,상용,2018-03-01,1.0
베네수엘라,상용,2018-04-01,0.0
베네수엘라,상용,2018-05-01,1.0
베네수엘라,상용,2018-06-01,0.0
베네수엘라,상용,2018-07-01,3.0
베네수엘라,상용,2018-08-01,2.0
베네수엘라,상용,2018-09-01,2.0
베네수엘라,상용,2018-10-01,1.0
베네수엘라,상용,2018-11-01,3.0
베네수엘라,상용,2018-12-01,0.0
베네수엘라,상용,2019-01-01,3.0
베네수엘라,상용,2019-02-01,3.0
베네수엘라,상용,2019-03-01,1.0
베네수엘라,상용,2019-04-01,1.0
베네수엘라,상용,2019-05-01,1.0
베네수엘라,상용,2019-06-01,0.0
베네수엘라,상용,2019-07-01,3.0
베네수엘라,상용,2019-08-01,1.0
베네수엘라,상용,2019-09-01,0.0
베네수엘라,상용,2019-10-01,1.0
베네수엘라,상용,2019-11-01,0.0
베네수엘라,상용,2019-12-01,1.0
베네수엘라,상용,2020-01-01,1.0
베네수엘라,상용,2020-02-01,0.0
베네수엘라,상용,2020-03-01,0.0
베네수엘라,상용,2020-04-01,0.0
베네수엘라,상용,2020-05-01,0.0
베네수엘라,상용,2020-06-01,0.0
베네수엘라,상용,2020-07-01,0.0
베네수엘라,상용,2020-08-01,0.0
베네수엘라,상용,2020-09-01,0.0
베네수엘라,상용,2020-10-01,0.0
베네수엘라,상용,2020-11-01,0.0
베네수엘라,상용,2020-12-01,1.0
베네수엘라,상용,2021-01-01,1.0
베네수엘라,상용,2021-02-01,0.0
베네수엘라,상용,2021-03-01,1.0
베네수엘라,상용,2021-04-01,0.0
베네수엘라,상용,2021-05-01,1.0
베네수엘라,상용,2021-06-01,0.0
베네수엘라,상용,2021-07-01,0.0
베네수엘라,상용,2021-08-01,1.0
베네수엘라,상용,2021-09-01,1.0
베네수엘라,상용,2021-10-01,0.0
베네수엘라,상용,2021-11-01,0.0
베네수엘라,상용,2021-12-01,0.0
베네수엘라,상용,2022-01-01,0.0
베네수엘라,상용,2022-02-01,2.0
베네수엘라,상용,2022-03-01,0.0
베네수엘라,상용,2022-04-01,0.0
베네수엘라,상용,2022-05-01,0.0
베네수엘라,상용,2022-06-01,2.0
베네수엘라,상용,2022-07-01,2.0
베네수엘라,상용,2022-08-01,2.0
베네수엘라,상용,2022-09-01,2.0
베네수엘라,상용,2022-10-01,0.0
베네수엘라,상용,2022-11-01,2.0
베네수엘라,상용,2022-12-01,1.0
베네수엘라,상용,2023-01-01,4.0
베네수엘라,상용,2023-02-01,3.0
베네수엘라,상용,2023-03-01,2.0
베네수엘라,상용,2023-04-01,2.0
베네수엘라,상용,2023-05-01,1.0
베네수엘라,상용,2023-06-01,0.0
베네수엘라,상용,2023-07-01,3.0
베네수엘라,상용,2023-08-01,2.0
베네수엘라,상용,2023-09-01,1.0
베네수엘라,상용,2023-10-01,0.0
베네수엘라,상용,2023-11-01,0.0
베네수엘라,상용,2023-12-01,1.0
베네수엘라,상용,2024-01-01,3.0
베네수엘라,상용,2024-02-01,4.0
베네수엘라,상용,2024-03-01,1.0
베네수엘라,상용,2024-04-01,3.0
베네수엘라,상용,2024-05-01,2.0
베네수엘라,상용,2024-06-01,2.0
베네수엘라,상용,2024-07-01,0.0
베네수엘라,상용,2024-08-01,5.0
베네수엘라,상용,2024-09-01,4.0
베네수엘라,상용,2024-10-01,2.0
베네수엘라,상용,2024-11-01,0.0
베네수엘라,상용,2024-12-01,1.0
베네수엘라,상용,2025-01-01,6.0
베네수엘라,상용,2025-02-01,0.0
베네수엘라,상용,2025-03-01,1.0
베네수엘라,상용,2025-04-01,3.0
베네수엘라,상용,2025-05-01,0.0
베네수엘라,유학연수,2005-01-01,0.0
베네수엘라,유학연수,2005-02-01,1.0
베네수엘라,유학연수,2005-03-01,1.0
베네수엘라,유학연수,2005-04-01,1.0
베네수엘라,유학연수,2005-05-01,0.0
베네수엘라,유학연수,2005-06-01,1.0
베네수엘라,유학연수,2005-07-01,0.0
베네수엘라,유학연수,2005-08-01,1.0
베네수엘라,유학연수,2005-09-01,2.0
베네수엘라,유학연수,2005-10-01,0.0
베네수엘라,유학연수,2005-11-01,0.0
베네수엘라,유학연수,2005-12-01,2.0
베네수엘라,유학연수,2006-01-01,3.0
베네수엘라,유학연수,2006-02-01,1.0
베네수엘라,유학연수,2006-03-01,0.0
베네수엘라,유학연수,2006-04-01,0.0
베네수엘라,유학연수,2006-05-01,0.0
베네수엘라,유학연수,2006-06-01,1.0
베네수엘라,유학연수,2006-07-01,3.0
베네수엘라,유학연수,2006-08-01,0.0
베네수엘라,유학연수,2006-09-01,0.0
베네수엘라,유학연수,2006-10-01,0.0
베네수엘라,유학연수,2006-11-01,1.0
베네수엘라,유학연수,2006-12-01,0.0
베네수엘라,유학연수,2007-01-01,1.0
베네수엘라,유학연수,2007-02-01,0.0
베네수엘라,유학연수,2007-03-01,1.0
베네수엘라,유학연수,2007-04-01,0.0
베네수엘라,유학연수,2007-05-01,1.0
베네수엘라,유학연수,2007-06-01,0.0
베네수엘라,유학연수,2007-07-01,0.0
베네수엘라,유학연수,2007-08-01,3.0
베네수엘라,유학연수,2007-09-01,0.0
베네수엘라,유학연수,2007-10-01,0.0
베네수엘라,유학연수,2007-11-01,0.0
베네수엘라,유학연수,2007-12-01,1.0
베네수엘라,유학연수,2008-01-01,0.0
베네수엘라,유학연수,2008-02-01,3.0
베네수엘라,유학연수,2008-03-01,1.0
베네수엘라,유학연수,2008-04-01,0.0
베네수엘라,유학연수,2008-05-01,1.0
베네수엘라,유학연수,2008-06-01,1.0
베네수엘라,유학연수,2008-07-01,0.0
베네수엘라,유학연수,2008-08-01,0.0
베네수엘라,유학연수,2008-09-01,1.0
베네수엘라,유학연수,2008-10-01,0.0
베네수엘라,유학연수,2008-11-01,0.0
베네수엘라,유학연수,2008-12-01,0.0
베네수엘라,유학연수,2009-01-01,3.0
베네수엘라,유학연수,2009-02-01,0.0
베네수엘라,유학연수,2009-03-01,2.0
베네수엘라,유학연수,2009-04-01,0.0
베네수엘라,유학연수,2009-05-01,1.0
베네수엘라,유학연수,2009-06-01,0.0
베네수엘라,유학연수,2009-07-01,1.0
베네수엘라,유학연수,2009-08-01,3.0
베네수엘라,유학연수,2009-09-01,0.0
베네수엘라,유학연수,2009-10-01,1.0
베네수엘라,유학연수,2009-11-01,1.0
베네수엘라,유학연수,2009-12-01,0.0
베네수엘라,유학연수,2010-01-01,0.0
베네수엘라,유학연수,2010-02-01,0.0
베네수엘라,유학연수,2010-03-01,1.0
베네수엘라,유학연수,2010-04-01,0.0
베네수엘라,유학연수,2010-05-01,0.0
베네수엘라,유학연수,2010-06-01,1.0
베네수엘라,유학연수,2010-07-01,0.0
베네수엘라,유학연수,2010-08-01,1.0
베네수엘라,유학연수,2010-09-01,1.0
베네수엘라,유학연수,2010-10-01,0.0
베네수엘라,유학연수,2010-11-01,1.0
베네수엘라,유학연수,2010-12-01,0.0
베네수엘라,유학연수,2011-01-01,1.0
베네수엘라,유학연수,2011-02-01,4.0
베네수엘라,유학연수,2011-03-01,2.0
베네수엘라,유학연수,2011-04-01,0.0
베네수엘라,유학연수,2011-05-01,1.0
베네수엘라,유학연수,2011-06-01,0.0
베네수엘라,유학연수,2011-07-01,0.0
베네수엘라,유학연수,2011-08-01,3.0
베네수엘라,유학연수,2011-09-01,4.0
베네수엘라,유학연수,2011-10-01,0.0
베네수엘라,유학연수,2011-11-01,0.0
베네수엘라,유학연수,2011-12-01,0.0
베네수엘라,유학연수,2012-01-01,3.0
베네수엘라,유학연수,2012-02-01,3.0
베네수엘라,유학연수,2012-03-01,2.0
베네수엘라,유학연수,2012-04-01,0.0
베네수엘라,유학연수,2012-05-01,0.0
베네수엘라,유학연수,2012-06-01,0.0
베네수엘라,유학연수,2012-07-01,0.0
베네수엘라,유학연수,2012-08-01,3.0
베네수엘라,유학연수,2012-09-01,3.0
베네수엘라,유학연수,2012-10-01,0.0
베네수엘라,유학연수,2012-11-01,1.0
베네수엘라,유학연수,2012-12-01,0.0
베네수엘라,유학연수,2013-01-01,0.0
베네수엘라,유학연수,2013-02-01,10.0
베네수엘라,유학연수,2013-03-01,0.0
베네수엘라,유학연수,2013-04-01,1.0
베네수엘라,유학연수,2013-05-01,1.0
베네수엘라,유학연수,2013-06-01,4.0
베네수엘라,유학연수,2013-07-01,1.0
베네수엘라,유학연수,2013-08-01,3.0
베네수엘라,유학연수,2013-09-01,0.0
베네수엘라,유학연수,2013-10-01,0.0
베네수엘라,유학연수,2013-11-01,1.0
베네수엘라,유학연수,2013-12-01,1.0
베네수엘라,유학연수,2014-01-01,2.0
베네수엘라,유학연수,2014-02-01,4.0
베네수엘라,유학연수,2014-03-01,2.0
베네수엘라,유학연수,2014-04-01,1.0
베네수엘라,유학연수,2014-05-01,2.0
베네수엘라,유학연수,2014-06-01,0.0
베네수엘라,유학연수,2014-07-01,0.0
베네수엘라,유학연수,2014-08-01,8.0
베네수엘라,유학연수,2014-09-01,2.0
베네수엘라,유학연수,2014-10-01,0.0
베네수엘라,유학연수,2014-11-01,0.0
베네수엘라,유학연수,2014-12-01,0.0
베네수엘라,유학연수,2015-01-01,3.0
베네수엘라,유학연수,2015-02-01,2.0
베네수엘라,유학연수,2015-03-01,1.0
베네수엘라,유학연수,2015-04-01,0.0
베네수엘라,유학연수,2015-05-01,1.0
베네수엘라,유학연수,2015-06-01,0.0
베네수엘라,유학연수,2015-07-01,0.0
베네수엘라,유학연수,2015-08-01,4.0
베네수엘라,유학연수,2015-09-01,0.0
베네수엘라,유학연수,2015-10-01,0.0
베네수엘라,유학연수,2015-11-01,1.0
베네수엘라,유학연수,2015-12-01,1.0
베네수엘라,유학연수,2016-01-01,5.0
베네수엘라,유학연수,2016-02-01,6.0
베네수엘라,유학연수,2016-03-01,1.0
베네수엘라,유학연수,2016-04-01,0.0
베네수엘라,유학연수,2016-05-01,2.0
베네수엘라,유학연수,2016-06-01,2.0
베네수엘라,유학연수,2016-07-01,3.0
베네수엘라,유학연수,2016-08-01,9.0
베네수엘라,유학연수,2016-09-01,5.0
베네수엘라,유학연수,2016-10-01,1.0
베네수엘라,유학연수,2016-11-01,2.0
베네수엘라,유학연수,2016-12-01,3.0
베네수엘라,유학연수,2017-01-01,4.0
베네수엘라,유학연수,2017-02-01,2.0
베네수엘라,유학연수,2017-03-01,2.0
베네수엘라,유학연수,2017-04-01,1.0
베네수엘라,유학연수,2017-05-01,1.0
베네수엘라,유학연수,2017-06-01,1.0
베네수엘라,유학연수,2017-07-01,3.0
베네수엘라,유학연수,2017-08-01,5.0
베네수엘라,유학연수,2017-09-01,1.0
베네수엘라,유학연수,2017-10-01,1.0
베네수엘라,유학연수,2017-11-01,1.0
베네수엘라,유학연수,2017-12-01,1.0
베네수엘라,유학연수,2018-01-01,3.0
베네수엘라,유학연수,2018-02-01,8.0
베네수엘라,유학연수,2018-03-01,3.0
베네수엘라,유학연수,2018-04-01,3.0
베네수엘라,유학연수,2018-05-01,3.0
베네수엘라,유학연수,2018-06-01,1.0
베네수엘라,유학연수,2018-07-01,4.0
베네수엘라,유학연수,2018-08-01,10.0
베네수엘라,유학연수,2018-09-01,0.0
베네수엘라,유학연수,2018-10-01,1.0
베네수엘라,유학연수,2018-11-01,2.0
베네수엘라,유학연수,2018-12-01,2.0
베네수엘라,유학연수,2019-01-01,9.0
베네수엘라,유학연수,2019-02-01,6.0
베네수엘라,유학연수,2019-03-01,3.0
베네수엘라,유학연수,2019-04-01,3.0
베네수엘라,유학연수,2019-05-01,0.0
베네수엘라,유학연수,2019-06-01,2.0
베네수엘라,유학연수,2019-07-01,3.0
베네수엘라,유학연수,2019-08-01,8.0
베네수엘라,유학연수,2019-09-01,4.0
베네수엘라,유학연수,2019-10-01,4.0
베네수엘라,유학연수,2019-11-01,5.0
베네수엘라,유학연수,2019-12-01,1.0
베네수엘라,유학연수,2020-01-01,6.0
베네수엘라,유학연수,2020-02-01,7.0
베네수엘라,유학연수,2020-03-01,1.0
베네수엘라,유학연수,2020-04-01,0.0
베네수엘라,유학연수,2020-05-01,0.0
베네수엘라,유학연수,2020-06-01,0.0
베네수엘라,유학연수,2020-07-01,0.0
베네수엘라,유학연수,2020-08-01,1.0
베네수엘라,유학연수,2020-09-01,0.0
베네수엘라,유학연수,2020-10-01,0.0
베네수엘라,유학연수,2020-11-01,0.0
베네수엘라,유학연수,2020-12-01,0.0
베네수엘라,유학연수,2021-01-01,1.0
베네수엘라,유학연수,2021-02-01,4.0
베네수엘라,유학연수,2021-03-01,0.0
베네수엘라,유학연수,2021-04-01,0.0
베네수엘라,유학연수,2021-05-01,1.0
베네수엘라,유학연수,2021-06-01,0.0
베네수엘라,유학연수,2021-07-01,0.0
베네수엘라,유학연수,2021-08-01,2.0
베네수엘라,유학연수,2021-09-01,0.0
베네수엘라,유학연수,2021-10-01,0.0
베네수엘라,유학연수,2021-11-01,0.0
베네수엘라,유학연수,2021-12-01,0.0
베네수엘라,유학연수,2022-01-01,0.0
베네수엘라,유학연수,2022-02-01,5.0
베네수엘라,유학연수,2022-03-01,2.0
베네수엘라,유학연수,2022-04-01,0.0
베네수엘라,유학연수,2022-05-01,0.0
베네수엘라,유학연수,2022-06-01,1.0
베네수엘라,유학연수,2022-07-01,0.0
베네수엘라,유학연수,2022-08-01,9.0
베네수엘라,유학연수,2022-09-01,0.0
베네수엘라,유학연수,2022-10-01,1.0
베네수엘라,유학연수,2022-11-01,2.0
베네수엘라,유학연수,2022-12-01,1.0
베네수엘라,유학연수,2023-01-01,2.0
베네수엘라,유학연수,2023-02-01,8.0
베네수엘라,유학연수,2023-03-01,1.0
베네수엘라,유학연수,2023-04-01,1.0
베네수엘라,유학연수,2023-05-01,2.0
베네수엘라,유학연수,2023-06-01,2.0
베네수엘라,유학연수,2023-07-01,1.0
베네수엘라,유학연수,2023-08-01,6.0
베네수엘라,유학연수,2023-09-01,1.0
베네수엘라,유학연수,2023-10-01,0.0
베네수엘라,유학연수,2023-11-01,3.0
베네수엘라,유학연수,2023-12-01,1.0
베네수엘라,유학연수,2024-01-01,3.0
베네수엘라,유학연수,2024-02-01,5.0
베네수엘라,유학연수,2024-03-01,0.0
베네수엘라,유학연수,2024-04-01,0.0
베네수엘라,유학연수,2024-05-01,1.0
베네수엘라,유학연수,2024-06-01,2.0
베네수엘라,유학연수,2024-07-01,3.0
베네수엘라,유학연수,2024-08-01,11.0
베네수엘라,유학연수,2024-09-01,2.0
베네수엘라,유학연수,2024-10-01,1.0
베네수엘라,유학연수,2024-11-01,3.0
베네수엘라,유학연수,2024-12-01,2.0
베네수엘라,유학연수,2025-01-01,4.0
베네수엘라,유학연수,2025-02-01,8.0
베네수엘라,유학연수,2025-03-01,3.0
베네수엘라,유학연수,2025-04-01,1.0
베네수엘라,유학연수,2025-05-01,2.0
베트남,공용,2005-01-01,2.0
베트남,공용,2005-02-01,4.0
베트남,공용,2005-03-01,1.0
베트남,공용,2005-04-01,0.0
베트남,공용,2005-05-01,4.0
베트남,공용,2005-06-01,9.0
베트남,공용,2005-07-01,6.0
베트남,공용,2005-08-01,2.0
베트남,공용,2005-09-01,4.0
베트남,공용,2005-10-01,2.0
베트남,공용,2005-11-01,48.0
베트남,공용,2005-12-01,3.0
베트남,공용,2006-01-01,3.0
베트남,공용,2006-02-01,10.0
베트남,공용,2006-03-01,9.0
베트남,공용,2006-04-01,3.0
베트남,공용,2006-05-01,4.0
베트남,공용,2006-06-01,3.0
베트남,공용,2006-07-01,10.0
베트남,공용,2006-08-01,20.0
베트남,공용,2006-09-01,7.0
베트남,공용,2006-10-01,13.0
베트남,공용,2006-11-01,5.0
베트남,공용,2006-12-01,2.0
베트남,공용,2007-01-01,3.0
베트남,공용,2007-02-01,3.0
베트남,공용,2007-03-01,9.0
베트남,공용,2007-04-01,10.0
베트남,공용,2007-05-01,3.0
베트남,공용,2007-06-01,13.0
베트남,공용,2007-07-01,3.0
베트남,공용,2007-08-01,10.0
베트남,공용,2007-09-01,7.0
베트남,공용,2007-10-01,9.0
베트남,공용,2007-11-01,2.0
베트남,공용,2007-12-01,4.0
베트남,공용,2008-01-01,2.0
베트남,공용,2008-02-01,8.0
베트남,공용,2008-03-01,0.0
베트남,공용,2008-04-01,4.0
베트남,공용,2008-05-01,5.0
베트남,공용,2008-06-01,4.0
베트남,공용,2008-07-01,5.0
베트남,공용,2008-08-01,7.0
베트남,공용,2008-09-01,6.0
베트남,공용,2008-10-01,5.0
베트남,공용,2008-11-01,4.0
베트남,공용,2008-12-01,6.0
베트남,공용,2009-01-01,3.0
베트남,공용,2009-02-01,7.0
베트남,공용,2009-03-01,8.0
베트남,공용,2009-04-01,6.0
베트남,공용,2009-05-01,7.0
베트남,공용,2009-06-01,4.0
베트남,공용,2009-07-01,6.0
베트남,공용,2009-08-01,11.0
베트남,공용,2009-09-01,19.0
베트남,공용,2009-10-01,22.0
베트남,공용,2009-11-01,53.0
베트남,공용,2009-12-01,24.0
베트남,공용,2010-01-01,21.0
베트남,공용,2010-02-01,9.0
베트남,공용,2010-03-01,18.0
베트남,공용,2010-04-01,20.0
베트남,공용,2010-05-01,9.0
베트남,공용,2010-06-01,31.0
베트남,공용,2010-07-01,11.0
베트남,공용,2010-08-01,43.0
베트남,공용,2010-09-01,22.0
베트남,공용,2010-10-01,29.0
베트남,공용,2010-11-01,43.0
베트남,공용,2010-12-01,13.0
베트남,공용,2011-01-01,2.0
베트남,공용,2011-02-01,5.0
베트남,공용,2011-03-01,10.0
베트남,공용,2011-04-01,16.0
베트남,공용,2011-05-01,18.0
베트남,공용,2011-06-01,20.0
베트남,공용,2011-07-01,47.0
베트남,공용,2011-08-01,20.0
베트남,공용,2011-09-01,27.0
베트남,공용,2011-10-01,29.0
베트남,공용,2011-11-01,125.0
베트남,공용,2011-12-01,33.0
베트남,공용,2012-01-01,9.0
베트남,공용,2012-02-01,15.0
베트남,공용,2012-03-01,81.0
베트남,공용,2012-04-01,24.0
베트남,공용,2012-05-01,41.0
베트남,공용,2012-06-01,24.0
베트남,공용,2012-07-01,24.0
베트남,공용,2012-08-01,37.0
베트남,공용,2012-09-01,32.0
베트남,공용,2012-10-01,87.0
베트남,공용,2012-11-01,54.0
베트남,공용,2012-12-01,67.0
베트남,공용,2013-01-01,3.0
베트남,공용,2013-02-01,14.0
베트남,공용,2013-03-01,33.0
베트남,공용,2013-04-01,27.0
베트남,공용,2013-05-01,28.0
베트남,공용,2013-06-01,47.0
베트남,공용,2013-07-01,98.0
베트남,공용,2013-08-01,53.0
베트남,공용,2013-09-01,33.0
베트남,공용,2013-10-01,106.0
베트남,공용,2013-11-01,336.0
베트남,공용,2013-12-01,205.0
베트남,공용,2014-01-01,47.0
베트남,공용,2014-02-01,57.0
베트남,공용,2014-03-01,159.0
베트남,공용,2014-04-01,262.0
베트남,공용,2014-05-01,226.0
베트남,공용,2014-06-01,232.0
베트남,공용,2014-07-01,132.0
베트남,공용,2014-08-01,201.0
베트남,공용,2014-09-01,391.0
베트남,공용,2014-10-01,511.0
베트남,공용,2014-11-01,378.0
베트남,공용,2014-12-01,295.0
베트남,공용,2015-01-01,143.0
베트남,공용,2015-02-01,67.0
베트남,공용,2015-03-01,191.0
베트남,공용,2015-04-01,212.0
베트남,공용,2015-05-01,314.0
베트남,공용,2015-06-01,135.0
베트남,공용,2015-07-01,136.0
베트남,공용,2015-08-01,187.0
베트남,공용,2015-09-01,345.0
베트남,공용,2015-10-01,497.0
베트남,공용,2015-11-01,466.0
베트남,공용,2015-12-01,250.0
베트남,공용,2016-01-01,38.0
베트남,공용,2016-02-01,52.0
베트남,공용,2016-03-01,131.0
베트남,공용,2016-04-01,222.0
베트남,공용,2016-05-01,197.0
베트남,공용,2016-06-01,267.0
베트남,공용,2016-07-01,275.0
베트남,공용,2016-08-01,329.0
베트남,공용,2016-09-01,379.0
베트남,공용,2016-10-01,638.0
베트남,공용,2016-11-01,359.0
베트남,공용,2016-12-01,263.0
베트남,공용,2017-01-01,65.0
베트남,공용,2017-02-01,73.0
베트남,공용,2017-03-01,161.0
베트남,공용,2017-04-01,275.0
베트남,공용,2017-05-01,228.0
베트남,공용,2017-06-01,313.0
베트남,공용,2017-07-01,413.0
베트남,공용,2017-08-01,279.0
베트남,공용,2017-09-01,500.0
베트남,공용,2017-10-01,507.0
베트남,공용,2017-11-01,438.0
베트남,공용,2017-12-01,266.0
베트남,공용,2018-01-01,116.0
베트남,공용,2018-02-01,51.0
베트남,공용,2018-03-01,192.0
베트남,공용,2018-04-01,319.0
베트남,공용,2018-05-01,412.0
베트남,공용,2018-06-01,344.0
베트남,공용,2018-07-01,319.0
베트남,공용,2018-08-01,249.0
베트남,공용,2018-09-01,466.0
베트남,공용,2018-10-01,641.0
베트남,공용,2018-11-01,577.0
베트남,공용,2018-12-01,352.0
베트남,공용,2019-01-01,110.0
베트남,공용,2019-02-01,98.0
베트남,공용,2019-03-01,186.0
베트남,공용,2019-04-01,283.0
베트남,공용,2019-05-01,368.0
베트남,공용,2019-06-01,542.0
베트남,공용,2019-07-01,348.0
베트남,공용,2019-08-01,245.0
베트남,공용,2019-09-01,530.0
베트남,공용,2019-10-01,630.0
베트남,공용,2019-11-01,632.0
베트남,공용,2019-12-01,295.0
베트남,공용,2020-01-01,54.0
베트남,공용,2020-02-01,49.0
베트남,공용,2020-03-01,5.0
베트남,공용,2020-04-01,7.0
베트남,공용,2020-05-01,1.0
베트남,공용,2020-06-01,0.0
베트남,공용,2020-07-01,1.0
베트남,공용,2020-08-01,3.0
베트남,공용,2020-09-01,1.0
베트남,공용,2020-10-01,1.0
베트남,공용,2020-11-01,5.0
베트남,공용,2020-12-01,3.0
베트남,공용,2021-01-01,1.0
베트남,공용,2021-02-01,2.0
베트남,공용,2021-03-01,5.0
베트남,공용,2021-04-01,0.0
베트남,공용,2021-05-01,1.0
베트남,공용,2021-06-01,0.0
베트남,공용,2021-07-01,2.0
베트남,공용,2021-08-01,3.0
베트남,공용,2021-09-01,3.0
베트남,공용,2021-10-01,7.0
베트남,공용,2021-11-01,15.0
베트남,공용,2021-12-01,75.0
베트남,공용,2022-01-01,2.0
베트남,공용,2022-02-01,3.0
베트남,공용,2022-03-01,0.0
베트남,공용,2022-04-01,29.0
베트남,공용,2022-05-01,51.0
베트남,공용,2022-06-01,84.0
베트남,공용,2022-07-01,80.0
베트남,공용,2022-08-01,136.0
베트남,공용,2022-09-01,341.0
베트남,공용,2022-10-01,340.0
베트남,공용,2022-11-01,334.0
베트남,공용,2022-12-01,231.0
베트남,공용,2023-01-01,22.0
베트남,공용,2023-02-01,61.0
베트남,공용,2023-03-01,105.0
베트남,공용,2023-04-01,239.0
베트남,공용,2023-05-01,230.0
베트남,공용,2023-06-01,200.0
베트남,공용,2023-07-01,199.0
베트남,공용,2023-08-01,206.0
베트남,공용,2023-09-01,372.0
베트남,공용,2023-10-01,708.0
베트남,공용,2023-11-01,448.0
베트남,공용,2023-12-01,203.0
베트남,공용,2024-01-01,41.0
베트남,공용,2024-02-01,44.0
베트남,공용,2024-03-01,168.0
베트남,공용,2024-04-01,224.0
베트남,공용,2024-05-01,189.0
베트남,공용,2024-06-01,435.0
베트남,공용,2024-07-01,283.0
베트남,공용,2024-08-01,293.0
베트남,공용,2024-09-01,355.0
베트남,공용,2024-10-01,455.0
베트남,공용,2024-11-01,392.0
베트남,공용,2024-12-01,210.0
베트남,공용,2025-01-01,32.0
베트남,공용,2025-02-01,90.0
베트남,공용,2025-03-01,104.0
베트남,공용,2025-04-01,142.0
베트남,공용,2025-05-01,194.0
베트남,관광,2005-01-01,520.0
베트남,관광,2005-02-01,508.0
베트남,관광,2005-03-01,711.0
베트남,관광,2005-04-01,784.0
베트남,관광,2005-05-01,922.0
베트남,관광,2005-06-01,935.0
베트남,관광,2005-07-01,801.0
베트남,관광,2005-08-01,1050.0
베트남,관광,2005-09-01,1067.0
베트남,관광,2005-10-01,1174.0
베트남,관광,2005-11-01,1144.0
베트남,관광,2005-12-01,798.0
베트남,관광,2006-01-01,530.0
베트남,관광,2006-02-01,675.0
베트남,관광,2006-03-01,730.0
베트남,관광,2006-04-01,752.0
베트남,관광,2006-05-01,773.0
베트남,관광,2006-06-01,1021.0
베트남,관광,2006-07-01,1091.0
베트남,관광,2006-08-01,1359.0
베트남,관광,2006-09-01,1196.0
베트남,관광,2006-10-01,1382.0
베트남,관광,2006-11-01,1241.0
베트남,관광,2006-12-01,862.0
베트남,관광,2007-01-01,704.0
베트남,관광,2007-02-01,766.0
베트남,관광,2007-03-01,1145.0
베트남,관광,2007-04-01,1301.0
베트남,관광,2007-05-01,1536.0
베트남,관광,2007-06-01,1567.0
베트남,관광,2007-07-01,1549.0
베트남,관광,2007-08-01,1832.0
베트남,관광,2007-09-01,1758.0
베트남,관광,2007-10-01,1943.0
베트남,관광,2007-11-01,1746.0
베트남,관광,2007-12-01,1575.0
베트남,관광,2008-01-01,947.0
베트남,관광,2008-02-01,1320.0
베트남,관광,2008-03-01,1793.0
베트남,관광,2008-04-01,2117.0
베트남,관광,2008-05-01,2012.0
베트남,관광,2008-06-01,2163.0
베트남,관광,2008-07-01,2156.0
베트남,관광,2008-08-01,1717.0
베트남,관광,2008-09-01,2128.0
베트남,관광,2008-10-01,2412.0
베트남,관광,2008-11-01,2105.0
베트남,관광,2008-12-01,1779.0
베트남,관광,2009-01-01,1434.0
베트남,관광,2009-02-01,1618.0
베트남,관광,2009-03-01,2538.0
베트남,관광,2009-04-01,3576.0
베트남,관광,2009-05-01,2937.0
베트남,관광,2009-06-01,2915.0
베트남,관광,2009-07-01,2829.0
베트남,관광,2009-08-01,2969.0
베트남,관광,2009-09-01,2448.0
베트남,관광,2009-10-01,3128.0
베트남,관광,2009-11-01,2423.0
베트남,관광,2009-12-01,2314.0
베트남,관광,2010-01-01,1384.0
베트남,관광,2010-02-01,2465.0
베트남,관광,2010-03-01,2343.0
베트남,관광,2010-04-01,3996.0
베트남,관광,2010-05-01,3803.0
베트남,관광,2010-06-01,3817.0
베트남,관광,2010-07-01,3631.0
베트남,관광,2010-08-01,3797.0
베트남,관광,2010-09-01,3362.0
베트남,관광,2010-10-01,4737.0
베트남,관광,2010-11-01,3557.0
베트남,관광,2010-12-01,2968.0
베트남,관광,2011-01-01,1198.0
베트남,관광,2011-02-01,1931.0
베트남,관광,2011-03-01,2945.0
베트남,관광,2011-04-01,4022.0
베트남,관광,2011-05-01,2971.0
베트남,관광,2011-06-01,4470.0
베트남,관광,2011-07-01,5283.0
베트남,관광,2011-08-01,4595.0
베트남,관광,2011-09-01,4460.0
베트남,관광,2011-10-01,5139.0
베트남,관광,2011-11-01,4167.0
베트남,관광,2011-12-01,3308.0
베트남,관광,2012-01-01,2993.0
베트남,관광,2012-02-01,2515.0
베트남,관광,2012-03-01,4095.0
베트남,관광,2012-04-01,6115.0
베트남,관광,2012-05-01,4398.0
베트남,관광,2012-06-01,6090.0
베트남,관광,2012-07-01,5814.0
베트남,관광,2012-08-01,4874.0
베트남,관광,2012-09-01,4493.0
베트남,관광,2012-10-01,5368.0
베트남,관광,2012-11-01,3468.0
베트남,관광,2012-12-01,3418.0
베트남,관광,2013-01-01,1818.0
베트남,관광,2013-02-01,3450.0
베트남,관광,2013-03-01,4111.0
베트남,관광,2013-04-01,6357.0
베트남,관광,2013-05-01,3958.0
베트남,관광,2013-06-01,5241.0
베트남,관광,2013-07-01,6618.0
베트남,관광,2013-08-01,5633.0
베트남,관광,2013-09-01,5776.0
베트남,관광,2013-10-01,6780.0
베트남,관광,2013-11-01,4152.0
베트남,관광,2013-12-01,3469.0
베트남,관광,2014-01-01,2318.0
베트남,관광,2014-02-01,4725.0
베트남,관광,2014-03-01,5415.0
베트남,관광,2014-04-01,8952.0
베트남,관광,2014-05-01,8013.0
베트남,관광,2014-06-01,7830.0
베트남,관광,2014-07-01,6917.0
베트남,관광,2014-08-01,5228.0
베트남,관광,2014-09-01,5251.0
베트남,관광,2014-10-01,9067.0
베트남,관광,2014-11-01,6269.0
베트남,관광,2014-12-01,4813.0
베트남,관광,2015-01-01,3254.0
베트남,관광,2015-02-01,4371.0
베트남,관광,2015-03-01,8708.0
베트남,관광,2015-04-01,13759.0
베트남,관광,2015-05-01,8596.0
베트남,관광,2015-06-01,5114.0
베트남,관광,2015-07-01,3654.0
베트남,관광,2015-08-01,5973.0
베트남,관광,2015-09-01,8104.0
베트남,관광,2015-10-01,12238.0
베트남,관광,2015-11-01,10909.0
베트남,관광,2015-12-01,6775.0
베트남,관광,2016-01-01,4237.0
베트남,관광,2016-02-01,8555.0
베트남,관광,2016-03-01,10982.0
베트남,관광,2016-04-01,17410.0
베트남,관광,2016-05-01,11357.0
베트남,관광,2016-06-01,18083.0
베트남,관광,2016-07-01,17517.0
베트남,관광,2016-08-01,12869.0
베트남,관광,2016-09-01,16007.0
베트남,관광,2016-10-01,22355.0
베트남,관광,2016-11-01,16928.0
베트남,관광,2016-12-01,11113.0
베트남,관광,2017-01-01,8207.0
베트남,관광,2017-02-01,7225.0
베트남,관광,2017-03-01,16221.0
베트남,관광,2017-04-01,24126.0
베트남,관광,2017-05-01,17001.0
베트남,관광,2017-06-01,23271.0
베트남,관광,2017-07-01,23099.0
베트남,관광,2017-08-01,18689.0
베트남,관광,2017-09-01,19674.0
베트남,관광,2017-10-01,29146.0
베트남,관광,2017-11-01,20383.0
베트남,관광,2017-12-01,13633.0
베트남,관광,2018-01-01,7641.0
베트남,관광,2018-02-01,11936.0
베트남,관광,2018-03-01,20998.0
베트남,관광,2018-04-01,41296.0
베트남,관광,2018-05-01,24089.0
베트남,관광,2018-06-01,37230.0
베트남,관광,2018-07-01,35691.0
베트남,관광,2018-08-01,25161.0
베트남,관광,2018-09-01,25872.0
베트남,관광,2018-10-01,44406.0
베트남,관광,2018-11-01,30792.0
베트남,관광,2018-12-01,17814.0
베트남,관광,2019-01-01,10739.0
베트남,관광,2019-02-01,20071.0
베트남,관광,2019-03-01,32117.0
베트남,관광,2019-04-01,51939.0
베트남,관광,2019-05-01,32528.0
베트남,관광,2019-06-01,45005.0
베트남,관광,2019-07-01,39404.0
베트남,관광,2019-08-01,28562.0
베트남,관광,2019-09-01,28210.0
베트남,관광,2019-10-01,53659.0
베트남,관광,2019-11-01,31444.0
베트남,관광,2019-12-01,18158.0
베트남,관광,2020-01-01,18058.0
베트남,관광,2020-02-01,9197.0
베트남,관광,2020-03-01,941.0
베트남,관광,2020-04-01,420.0
베트남,관광,2020-05-01,70.0
베트남,관광,2020-06-01,61.0
베트남,관광,2020-07-01,157.0
베트남,관광,2020-08-01,59.0
베트남,관광,2020-09-01,97.0
베트남,관광,2020-10-01,92.0
베트남,관광,2020-11-01,102.0
베트남,관광,2020-12-01,91.0
베트남,관광,2021-01-01,80.0
베트남,관광,2021-02-01,50.0
베트남,관광,2021-03-01,112.0
베트남,관광,2021-04-01,97.0
베트남,관광,2021-05-01,173.0
베트남,관광,2021-06-01,445.0
베트남,관광,2021-07-01,493.0
베트남,관광,2021-08-01,507.0
베트남,관광,2021-09-01,304.0
베트남,관광,2021-10-01,303.0
베트남,관광,2021-11-01,492.0
베트남,관광,2021-12-01,976.0
베트남,관광,2022-01-01,615.0
베트남,관광,2022-02-01,279.0
베트남,관광,2022-03-01,357.0
베트남,관광,2022-04-01,472.0
베트남,관광,2022-05-01,722.0
베트남,관광,2022-06-01,4534.0
베트남,관광,2022-07-01,7224.0
베트남,관광,2022-08-01,9221.0
베트남,관광,2022-09-01,10195.0
베트남,관광,2022-10-01,21853.0
베트남,관광,2022-11-01,17191.0
베트남,관광,2022-12-01,12203.0
베트남,관광,2023-01-01,9424.0
베트남,관광,2023-02-01,6377.0
베트남,관광,2023-03-01,18313.0
베트남,관광,2023-04-01,28227.0
베트남,관광,2023-05-01,16793.0
베트남,관광,2023-06-01,21175.0
베트남,관광,2023-07-01,23431.0
베트남,관광,2023-08-01,20534.0
베트남,관광,2023-09-01,21688.0
베트남,관광,2023-10-01,32644.0
베트남,관광,2023-11-01,26368.0
베트남,관광,2023-12-01,17386.0
베트남,관광,2024-01-01,10446.0
베트남,관광,2024-02-01,14293.0
베트남,관광,2024-03-01,23072.0
베트남,관광,2024-04-01,34213.0
베트남,관광,2024-05-01,21551.0
베트남,관광,2024-06-01,29154.0
베트남,관광,2024-07-01,27398.0
베트남,관광,2024-08-01,24827.0
베트남,관광,2024-09-01,22599.0
베트남,관광,2024-10-01,33556.0
베트남,관광,2024-11-01,24478.0
베트남,관광,2024-12-01,16555.0
베트남,관광,2025-01-01,12781.0
베트남,관광,2025-02-01,10817.0
베트남,관광,2025-03-01,19115.0
베트남,관광,2025-04-01,28853.0
베트남,관광,2025-05-01,21015.0
베트남,상용,2005-01-01,198.0
베트남,상용,2005-02-01,112.0
베트남,상용,2005-03-01,238.0
베트남,상용,2005-04-01,207.0
베트남,상용,2005-05-01,310.0
베트남,상용,2005-06-01,249.0
베트남,상용,2005-07-01,207.0
베트남,상용,2005-08-01,232.0
베트남,상용,2005-09-01,263.0
베트남,상용,2005-10-01,299.0
베트남,상용,2005-11-01,309.0
베트남,상용,2005-12-01,217.0
베트남,상용,2006-01-01,123.0
베트남,상용,2006-02-01,156.0
베트남,상용,2006-03-01,316.0
베트남,상용,2006-04-01,267.0
베트남,상용,2006-05-01,336.0
베트남,상용,2006-06-01,376.0
베트남,상용,2006-07-01,288.0
베트남,상용,2006-08-01,272.0
베트남,상용,2006-09-01,387.0
베트남,상용,2006-10-01,359.0
베트남,상용,2006-11-01,329.0
베트남,상용,2006-12-01,316.0
베트남,상용,2007-01-01,208.0
베트남,상용,2007-02-01,181.0
베트남,상용,2007-03-01,287.0
베트남,상용,2007-04-01,321.0
베트남,상용,2007-05-01,443.0
베트남,상용,2007-06-01,355.0
베트남,상용,2007-07-01,281.0
베트남,상용,2007-08-01,292.0
베트남,상용,2007-09-01,470.0
베트남,상용,2007-10-01,487.0
베트남,상용,2007-11-01,672.0
베트남,상용,2007-12-01,344.0
베트남,상용,2008-01-01,259.0
베트남,상용,2008-02-01,285.0
베트남,상용,2008-03-01,438.0
베트남,상용,2008-04-01,373.0
베트남,상용,2008-05-01,528.0
베트남,상용,2008-06-01,372.0
베트남,상용,2008-07-01,387.0
베트남,상용,2008-08-01,344.0
베트남,상용,2008-09-01,428.0
베트남,상용,2008-10-01,505.0
베트남,상용,2008-11-01,437.0
베트남,상용,2008-12-01,257.0
베트남,상용,2009-01-01,164.0
베트남,상용,2009-02-01,277.0
베트남,상용,2009-03-01,400.0
베트남,상용,2009-04-01,521.0
베트남,상용,2009-05-01,560.0
베트남,상용,2009-06-01,419.0
베트남,상용,2009-07-01,327.0
베트남,상용,2009-08-01,342.0
베트남,상용,2009-09-01,490.0
베트남,상용,2009-10-01,691.0
베트남,상용,2009-11-01,588.0
베트남,상용,2009-12-01,373.0
베트남,상용,2010-01-01,284.0
베트남,상용,2010-02-01,235.0
베트남,상용,2010-03-01,607.0
베트남,상용,2010-04-01,547.0
베트남,상용,2010-05-01,527.0
베트남,상용,2010-06-01,547.0
베트남,상용,2010-07-01,414.0
베트남,상용,2010-08-01,400.0
베트남,상용,2010-09-01,594.0
베트남,상용,2010-10-01,628.0
베트남,상용,2010-11-01,686.0
베트남,상용,2010-12-01,494.0
베트남,상용,2011-01-01,240.0
베트남,상용,2011-02-01,229.0
베트남,상용,2011-03-01,338.0
베트남,상용,2011-04-01,506.0
베트남,상용,2011-05-01,387.0
베트남,상용,2011-06-01,465.0
베트남,상용,2011-07-01,473.0
베트남,상용,2011-08-01,423.0
베트남,상용,2011-09-01,416.0
베트남,상용,2011-10-01,520.0
베트남,상용,2011-11-01,615.0
베트남,상용,2011-12-01,328.0
베트남,상용,2012-01-01,180.0
베트남,상용,2012-02-01,294.0
베트남,상용,2012-03-01,333.0
베트남,상용,2012-04-01,517.0
베트남,상용,2012-05-01,486.0
베트남,상용,2012-06-01,501.0
베트남,상용,2012-07-01,404.0
베트남,상용,2012-08-01,444.0
베트남,상용,2012-09-01,448.0
베트남,상용,2012-10-01,602.0
베트남,상용,2012-11-01,672.0
베트남,상용,2012-12-01,513.0
베트남,상용,2013-01-01,366.0
베트남,상용,2013-02-01,272.0
베트남,상용,2013-03-01,488.0
베트남,상용,2013-04-01,539.0
베트남,상용,2013-05-01,621.0
베트남,상용,2013-06-01,553.0
베트남,상용,2013-07-01,425.0
베트남,상용,2013-08-01,486.0
베트남,상용,2013-09-01,594.0
베트남,상용,2013-10-01,631.0
베트남,상용,2013-11-01,676.0
베트남,상용,2013-12-01,558.0
베트남,상용,2014-01-01,289.0
베트남,상용,2014-02-01,476.0
베트남,상용,2014-03-01,553.0
베트남,상용,2014-04-01,627.0
베트남,상용,2014-05-01,555.0
베트남,상용,2014-06-01,468.0
베트남,상용,2014-07-01,447.0
베트남,상용,2014-08-01,438.0
베트남,상용,2014-09-01,459.0
베트남,상용,2014-10-01,703.0
베트남,상용,2014-11-01,683.0
베트남,상용,2014-12-01,405.0
베트남,상용,2015-01-01,395.0
베트남,상용,2015-02-01,216.0
베트남,상용,2015-03-01,419.0
베트남,상용,2015-04-01,630.0
베트남,상용,2015-05-01,692.0
베트남,상용,2015-06-01,379.0
베트남,상용,2015-07-01,298.0
베트남,상용,2015-08-01,342.0
베트남,상용,2015-09-01,377.0
베트남,상용,2015-10-01,591.0
베트남,상용,2015-11-01,450.0
베트남,상용,2015-12-01,370.0
베트남,상용,2016-01-01,259.0
베트남,상용,2016-02-01,178.0
베트남,상용,2016-03-01,525.0
베트남,상용,2016-04-01,630.0
베트남,상용,2016-05-01,487.0
베트남,상용,2016-06-01,482.0
베트남,상용,2016-07-01,554.0
베트남,상용,2016-08-01,517.0
베트남,상용,2016-09-01,505.0
베트남,상용,2016-10-01,621.0
베트남,상용,2016-11-01,538.0
베트남,상용,2016-12-01,478.0
베트남,상용,2017-01-01,249.0
베트남,상용,2017-02-01,274.0
베트남,상용,2017-03-01,612.0
베트남,상용,2017-04-01,690.0
베트남,상용,2017-05-01,613.0
베트남,상용,2017-06-01,597.0
베트남,상용,2017-07-01,643.0
베트남,상용,2017-08-01,679.0
베트남,상용,2017-09-01,902.0
베트남,상용,2017-10-01,1059.0
베트남,상용,2017-11-01,1361.0
베트남,상용,2017-12-01,1586.0
베트남,상용,2018-01-01,1454.0
베트남,상용,2018-02-01,833.0
베트남,상용,2018-03-01,1363.0
베트남,상용,2018-04-01,1451.0
베트남,상용,2018-05-01,1207.0
베트남,상용,2018-06-01,1224.0
베트남,상용,2018-07-01,1326.0
베트남,상용,2018-08-01,1253.0
베트남,상용,2018-09-01,1313.0
베트남,상용,2018-10-01,1561.0
베트남,상용,2018-11-01,1375.0
베트남,상용,2018-12-01,1184.0
베트남,상용,2019-01-01,763.0
베트남,상용,2019-02-01,806.0
베트남,상용,2019-03-01,1047.0
베트남,상용,2019-04-01,1271.0
베트남,상용,2019-05-01,1073.0
베트남,상용,2019-06-01,1098.0
베트남,상용,2019-07-01,1049.0
베트남,상용,2019-08-01,1020.0
베트남,상용,2019-09-01,1064.0
베트남,상용,2019-10-01,1226.0
베트남,상용,2019-11-01,1334.0
베트남,상용,2019-12-01,1136.0
베트남,상용,2020-01-01,747.0
베트남,상용,2020-02-01,626.0
베트남,상용,2020-03-01,15.0
베트남,상용,2020-04-01,5.0
베트남,상용,2020-05-01,1.0
베트남,상용,2020-06-01,5.0
베트남,상용,2020-07-01,4.0
베트남,상용,2020-08-01,3.0
베트남,상용,2020-09-01,5.0
베트남,상용,2020-10-01,9.0
베트남,상용,2020-11-01,32.0
베트남,상용,2020-12-01,0.0
베트남,상용,2021-01-01,1.0
베트남,상용,2021-02-01,5.0
베트남,상용,2021-03-01,5.0
베트남,상용,2021-04-01,19.0
베트남,상용,2021-05-01,12.0
베트남,상용,2021-06-01,3.0
베트남,상용,2021-07-01,5.0
베트남,상용,2021-08-01,9.0
베트남,상용,2021-09-01,3.0
베트남,상용,2021-10-01,10.0
베트남,상용,2021-11-01,14.0
베트남,상용,2021-12-01,11.0
베트남,상용,2022-01-01,27.0
베트남,상용,2022-02-01,33.0
베트남,상용,2022-03-01,66.0
베트남,상용,2022-04-01,108.0
베트남,상용,2022-05-01,241.0
베트남,상용,2022-06-01,626.0
베트남,상용,2022-07-01,708.0
베트남,상용,2022-08-01,628.0
베트남,상용,2022-09-01,698.0
베트남,상용,2022-10-01,864.0
베트남,상용,2022-11-01,801.0
베트남,상용,2022-12-01,491.0
베트남,상용,2023-01-01,278.0
베트남,상용,2023-02-01,456.0
베트남,상용,2023-03-01,557.0
베트남,상용,2023-04-01,589.0
베트남,상용,2023-05-01,565.0
베트남,상용,2023-06-01,577.0
베트남,상용,2023-07-01,544.0
베트남,상용,2023-08-01,424.0
베트남,상용,2023-09-01,395.0
베트남,상용,2023-10-01,679.0
베트남,상용,2023-11-01,545.0
베트남,상용,2023-12-01,393.0
베트남,상용,2024-01-01,334.0
베트남,상용,2024-02-01,247.0
베트남,상용,2024-03-01,409.0
베트남,상용,2024-04-01,355.0
베트남,상용,2024-05-01,305.0
베트남,상용,2024-06-01,368.0
베트남,상용,2024-07-01,319.0
베트남,상용,2024-08-01,308.0
베트남,상용,2024-09-01,235.0
베트남,상용,2024-10-01,440.0
베트남,상용,2024-11-01,359.0
베트남,상용,2024-12-01,229.0
베트남,상용,2025-01-01,144.0
베트남,상용,2025-02-01,336.0
베트남,상용,2025-03-01,310.0
베트남,상용,2025-04-01,317.0
베트남,상용,2025-05-01,316.0
베트남,유학연수,2005-01-01,45.0
베트남,유학연수,2005-02-01,315.0
베트남,유학연수,2005-03-01,151.0
베트남,유학연수,2005-04-01,35.0
베트남,유학연수,2005-05-01,22.0
베트남,유학연수,2005-06-01,44.0
베트남,유학연수,2005-07-01,58.0
베트남,유학연수,2005-08-01,261.0
베트남,유학연수,2005-09-01,111.0
베트남,유학연수,2005-10-01,46.0
베트남,유학연수,2005-11-01,59.0
베트남,유학연수,2005-12-01,54.0
베트남,유학연수,2006-01-01,101.0
베트남,유학연수,2006-02-01,453.0
베트남,유학연수,2006-03-01,190.0
베트남,유학연수,2006-04-01,68.0
베트남,유학연수,2006-05-01,82.0
베트남,유학연수,2006-06-01,81.0
베트남,유학연수,2006-07-01,126.0
베트남,유학연수,2006-08-01,323.0
베트남,유학연수,2006-09-01,271.0
베트남,유학연수,2006-10-01,117.0
베트남,유학연수,2006-11-01,128.0
베트남,유학연수,2006-12-01,164.0
베트남,유학연수,2007-01-01,160.0
베트남,유학연수,2007-02-01,527.0
베트남,유학연수,2007-03-01,602.0
베트남,유학연수,2007-04-01,124.0
베트남,유학연수,2007-05-01,56.0
베트남,유학연수,2007-06-01,107.0
베트남,유학연수,2007-07-01,126.0
베트남,유학연수,2007-08-01,387.0
베트남,유학연수,2007-09-01,150.0
베트남,유학연수,2007-10-01,92.0
베트남,유학연수,2007-11-01,85.0
베트남,유학연수,2007-12-01,88.0
베트남,유학연수,2008-01-01,98.0
베트남,유학연수,2008-02-01,728.0
베트남,유학연수,2008-03-01,216.0
베트남,유학연수,2008-04-01,60.0
베트남,유학연수,2008-05-01,67.0
베트남,유학연수,2008-06-01,80.0
베트남,유학연수,2008-07-01,138.0
베트남,유학연수,2008-08-01,461.0
베트남,유학연수,2008-09-01,178.0
베트남,유학연수,2008-10-01,84.0
베트남,유학연수,2008-11-01,65.0
베트남,유학연수,2008-12-01,81.0
베트남,유학연수,2009-01-01,103.0
베트남,유학연수,2009-02-01,854.0
베트남,유학연수,2009-03-01,200.0
베트남,유학연수,2009-04-01,50.0
베트남,유학연수,2009-05-01,63.0
베트남,유학연수,2009-06-01,64.0
베트남,유학연수,2009-07-01,143.0
베트남,유학연수,2009-08-01,570.0
베트남,유학연수,2009-09-01,162.0
베트남,유학연수,2009-10-01,135.0
베트남,유학연수,2009-11-01,82.0
베트남,유학연수,2009-12-01,69.0
베트남,유학연수,2010-01-01,150.0
베트남,유학연수,2010-02-01,755.0
베트남,유학연수,2010-03-01,378.0
베트남,유학연수,2010-04-01,70.0
베트남,유학연수,2010-05-01,104.0
베트남,유학연수,2010-06-01,106.0
베트남,유학연수,2010-07-01,166.0
베트남,유학연수,2010-08-01,671.0
베트남,유학연수,2010-09-01,245.0
베트남,유학연수,2010-10-01,114.0
베트남,유학연수,2010-11-01,102.0
베트남,유학연수,2010-12-01,93.0
베트남,유학연수,2011-01-01,105.0
베트남,유학연수,2011-02-01,995.0
베트남,유학연수,2011-03-01,307.0
베트남,유학연수,2011-04-01,88.0
베트남,유학연수,2011-05-01,94.0
베트남,유학연수,2011-06-01,93.0
베트남,유학연수,2011-07-01,183.0
베트남,유학연수,2011-08-01,622.0
베트남,유학연수,2011-09-01,323.0
베트남,유학연수,2011-10-01,125.0
베트남,유학연수,2011-11-01,99.0
베트남,유학연수,2011-12-01,100.0
베트남,유학연수,2012-01-01,211.0
베트남,유학연수,2012-02-01,920.0
베트남,유학연수,2012-03-01,323.0
베트남,유학연수,2012-04-01,67.0
베트남,유학연수,2012-05-01,108.0
베트남,유학연수,2012-06-01,177.0
베트남,유학연수,2012-07-01,237.0
베트남,유학연수,2012-08-01,558.0
베트남,유학연수,2012-09-01,391.0
베트남,유학연수,2012-10-01,192.0
베트남,유학연수,2012-11-01,130.0
베트남,유학연수,2012-12-01,154.0
베트남,유학연수,2013-01-01,120.0
베트남,유학연수,2013-02-01,902.0
베트남,유학연수,2013-03-01,595.0
베트남,유학연수,2013-04-01,115.0
베트남,유학연수,2013-05-01,138.0
베트남,유학연수,2013-06-01,178.0
베트남,유학연수,2013-07-01,319.0
베트남,유학연수,2013-08-01,606.0
베트남,유학연수,2013-09-01,457.0
베트남,유학연수,2013-10-01,141.0
베트남,유학연수,2013-11-01,160.0
베트남,유학연수,2013-12-01,153.0
베트남,유학연수,2014-01-01,161.0
베트남,유학연수,2014-02-01,1078.0
베트남,유학연수,2014-03-01,630.0
베트남,유학연수,2014-04-01,144.0
베트남,유학연수,2014-05-01,159.0
베트남,유학연수,2014-06-01,279.0
베트남,유학연수,2014-07-01,270.0
베트남,유학연수,2014-08-01,757.0
베트남,유학연수,2014-09-01,714.0
베트남,유학연수,2014-10-01,228.0
베트남,유학연수,2014-11-01,206.0
베트남,유학연수,2014-12-01,501.0
베트남,유학연수,2015-01-01,323.0
베트남,유학연수,2015-02-01,1015.0
베트남,유학연수,2015-03-01,1199.0
베트남,유학연수,2015-04-01,223.0
베트남,유학연수,2015-05-01,272.0
베트남,유학연수,2015-06-01,421.0
베트남,유학연수,2015-07-01,458.0
베트남,유학연수,2015-08-01,1156.0
베트남,유학연수,2015-09-01,729.0
베트남,유학연수,2015-10-01,363.0
베트남,유학연수,2015-11-01,455.0
베트남,유학연수,2015-12-01,627.0
베트남,유학연수,2016-01-01,654.0
베트남,유학연수,2016-02-01,2499.0
베트남,유학연수,2016-03-01,1659.0
베트남,유학연수,2016-04-01,502.0
베트남,유학연수,2016-05-01,706.0
베트남,유학연수,2016-06-01,984.0
베트남,유학연수,2016-07-01,1008.0
베트남,유학연수,2016-08-01,1794.0
베트남,유학연수,2016-09-01,2200.0
베트남,유학연수,2016-10-01,516.0
베트남,유학연수,2016-11-01,670.0
베트남,유학연수,2016-12-01,2371.0
베트남,유학연수,2017-01-01,711.0
베트남,유학연수,2017-02-01,3456.0
베트남,유학연수,2017-03-01,2970.0
베트남,유학연수,2017-04-01,839.0
베트남,유학연수,2017-05-01,1658.0
베트남,유학연수,2017-06-01,2122.0
베트남,유학연수,2017-07-01,1566.0
베트남,유학연수,2017-08-01,2305.0
베트남,유학연수,2017-09-01,3002.0
베트남,유학연수,2017-10-01,1720.0
베트남,유학연수,2017-11-01,1561.0
베트남,유학연수,2017-12-01,2914.0
베트남,유학연수,2018-01-01,1471.0
베트남,유학연수,2018-02-01,4582.0
베트남,유학연수,2018-03-01,6696.0
베트남,유학연수,2018-04-01,1551.0
베트남,유학연수,2018-05-01,1858.0
베트남,유학연수,2018-06-01,3463.0
베트남,유학연수,2018-07-01,2563.0
베트남,유학연수,2018-08-01,3348.0
베트남,유학연수,2018-09-01,3736.0
베트남,유학연수,2018-10-01,2081.0
베트남,유학연수,2018-11-01,2187.0
베트남,유학연수,2018-12-01,3953.0
베트남,유학연수,2019-01-01,1667.0
베트남,유학연수,2019-02-01,9324.0
베트남,유학연수,2019-03-01,5394.0
베트남,유학연수,2019-04-01,1284.0
베트남,유학연수,2019-05-01,2338.0
베트남,유학연수,2019-06-01,3490.0
베트남,유학연수,2019-07-01,3062.0
베트남,유학연수,2019-08-01,4152.0
베트남,유학연수,2019-09-01,5577.0
베트남,유학연수,2019-10-01,1604.0
베트남,유학연수,2019-11-01,3116.0
베트남,유학연수,2019-12-01,4005.0
베트남,유학연수,2020-01-01,3122.0
베트남,유학연수,2020-02-01,9647.0
베트남,유학연수,2020-03-01,2200.0
베트남,유학연수,2020-04-01,5334.0
베트남,유학연수,2020-05-01,720.0
베트남,유학연수,2020-06-01,582.0
베트남,유학연수,2020-07-01,394.0
베트남,유학연수,2020-08-01,1430.0
베트남,유학연수,2020-09-01,789.0
베트남,유학연수,2020-10-01,263.0
베트남,유학연수,2020-11-01,373.0
베트남,유학연수,2020-12-01,1053.0
베트남,유학연수,2021-01-01,482.0
베트남,유학연수,2021-02-01,1250.0
베트남,유학연수,2021-03-01,1407.0
베트남,유학연수,2021-04-01,596.0
베트남,유학연수,2021-05-01,985.0
베트남,유학연수,2021-06-01,756.0
베트남,유학연수,2021-07-01,271.0
베트남,유학연수,2021-08-01,837.0
베트남,유학연수,2021-09-01,913.0
베트남,유학연수,2021-10-01,348.0
베트남,유학연수,2021-11-01,498.0
베트남,유학연수,2021-12-01,1612.0
베트남,유학연수,2022-01-01,503.0
베트남,유학연수,2022-02-01,2797.0
베트남,유학연수,2022-03-01,2865.0
베트남,유학연수,2022-04-01,990.0
베트남,유학연수,2022-05-01,1152.0
베트남,유학연수,2022-06-01,2721.0
베트남,유학연수,2022-07-01,5003.0
베트남,유학연수,2022-08-01,5951.0
베트남,유학연수,2022-09-01,3785.0
베트남,유학연수,2022-10-01,1328.0
베트남,유학연수,2022-11-01,1414.0
베트남,유학연수,2022-12-01,2688.0
베트남,유학연수,2023-01-01,4206.0
베트남,유학연수,2023-02-01,11159.0
베트남,유학연수,2023-03-01,6428.0
베트남,유학연수,2023-04-01,1414.0
베트남,유학연수,2023-05-01,2059.0
베트남,유학연수,2023-06-01,4622.0
베트남,유학연수,2023-07-01,4317.0
베트남,유학연수,2023-08-01,4907.0
베트남,유학연수,2023-09-01,4600.0
베트남,유학연수,2023-10-01,1325.0
베트남,유학연수,2023-11-01,1651.0
베트남,유학연수,2023-12-01,5388.0
베트남,유학연수,2024-01-01,2634.0
베트남,유학연수,2024-02-01,11902.0
베트남,유학연수,2024-03-01,9573.0
베트남,유학연수,2024-04-01,1284.0
베트남,유학연수,2024-05-01,2473.0
베트남,유학연수,2024-06-01,5317.0
베트남,유학연수,2024-07-01,5172.0
베트남,유학연수,2024-08-01,5704.0
베트남,유학연수,2024-09-01,7482.0
베트남,유학연수,2024-10-01,1505.0
베트남,유학연수,2024-11-01,3312.0
베트남,유학연수,2024-12-01,8151.0
베트남,유학연수,2025-01-01,2148.0
베트남,유학연수,2025-02-01,17304.0
베트남,유학연수,2025-03-01,12359.0
베트남,유학연수,2025-04-01,1452.0
베트남,유학연수,2025-05-01,3168.0
벨기에,공용,2005-01-01,1.0
벨기에,공용,2005-02-01,1.0
벨기에,공용,2005-03-01,1.0
벨기에,공용,2005-04-01,0.0
벨기에,공용,2005-05-01,0.0
벨기에,공용,2005-06-01,0.0
벨기에,공용,2005-07-01,1.0
벨기에,공용,2005-08-01,0.0
벨기에,공용,2005-09-01,2.0
벨기에,공용,2005-10-01,1.0
벨기에,공용,2005-11-01,2.0
벨기에,공용,2005-12-01,0.0
벨기에,공용,2006-01-01,0.0
벨기에,공용,2006-02-01,0.0
벨기에,공용,2006-03-01,1.0
벨기에,공용,2006-04-01,0.0
벨기에,공용,2006-05-01,1.0
벨기에,공용,2006-06-01,2.0
벨기에,공용,2006-07-01,1.0
벨기에,공용,2006-08-01,0.0
벨기에,공용,2006-09-01,2.0
벨기에,공용,2006-10-01,0.0
벨기에,공용,2006-11-01,1.0
벨기에,공용,2006-12-01,0.0
벨기에,공용,2007-01-01,0.0
벨기에,공용,2007-02-01,1.0
벨기에,공용,2007-03-01,0.0
벨기에,공용,2007-04-01,0.0
벨기에,공용,2007-05-01,0.0
벨기에,공용,2007-06-01,0.0
벨기에,공용,2007-07-01,1.0
벨기에,공용,2007-08-01,0.0
벨기에,공용,2007-09-01,0.0
벨기에,공용,2007-10-01,0.0
벨기에,공용,2007-11-01,0.0
벨기에,공용,2007-12-01,0.0
벨기에,공용,2008-01-01,0.0
벨기에,공용,2008-02-01,1.0
벨기에,공용,2008-03-01,0.0
벨기에,공용,2008-04-01,1.0
벨기에,공용,2008-05-01,1.0
벨기에,공용,2008-06-01,0.0
벨기에,공용,2008-07-01,0.0
벨기에,공용,2008-08-01,5.0
벨기에,공용,2008-09-01,1.0
벨기에,공용,2008-10-01,1.0
벨기에,공용,2008-11-01,0.0
벨기에,공용,2008-12-01,2.0
벨기에,공용,2009-01-01,0.0
벨기에,공용,2009-02-01,0.0
벨기에,공용,2009-03-01,1.0
벨기에,공용,2009-04-01,0.0
벨기에,공용,2009-05-01,0.0
벨기에,공용,2009-06-01,2.0
벨기에,공용,2009-07-01,0.0
벨기에,공용,2009-08-01,0.0
벨기에,공용,2009-09-01,1.0
벨기에,공용,2009-10-01,0.0
벨기에,공용,2009-11-01,1.0
벨기에,공용,2009-12-01,0.0
벨기에,공용,2010-01-01,1.0
벨기에,공용,2010-02-01,1.0
벨기에,공용,2010-03-01,1.0
벨기에,공용,2010-04-01,1.0
벨기에,공용,2010-05-01,2.0
벨기에,공용,2010-06-01,0.0
벨기에,공용,2010-07-01,1.0
벨기에,공용,2010-08-01,0.0
벨기에,공용,2010-09-01,1.0
벨기에,공용,2010-10-01,0.0
벨기에,공용,2010-11-01,1.0
벨기에,공용,2010-12-01,1.0
벨기에,공용,2011-01-01,0.0
벨기에,공용,2011-02-01,0.0
벨기에,공용,2011-03-01,0.0
벨기에,공용,2011-04-01,1.0
벨기에,공용,2011-05-01,0.0
벨기에,공용,2011-06-01,0.0
벨기에,공용,2011-07-01,1.0
벨기에,공용,2011-08-01,2.0
벨기에,공용,2011-09-01,0.0
벨기에,공용,2011-10-01,1.0
벨기에,공용,2011-11-01,0.0
벨기에,공용,2011-12-01,1.0
벨기에,공용,2012-01-01,0.0
벨기에,공용,2012-02-01,0.0
벨기에,공용,2012-03-01,4.0
벨기에,공용,2012-04-01,0.0
벨기에,공용,2012-05-01,3.0
벨기에,공용,2012-06-01,4.0
벨기에,공용,2012-07-01,0.0
벨기에,공용,2012-08-01,2.0
벨기에,공용,2012-09-01,0.0
벨기에,공용,2012-10-01,2.0
벨기에,공용,2012-11-01,1.0
벨기에,공용,2012-12-01,0.0
벨기에,공용,2013-01-01,1.0
벨기에,공용,2013-02-01,0.0
벨기에,공용,2013-03-01,1.0
벨기에,공용,2013-04-01,1.0
벨기에,공용,2013-05-01,1.0
벨기에,공용,2013-06-01,3.0
벨기에,공용,2013-07-01,1.0
벨기에,공용,2013-08-01,2.0
벨기에,공용,2013-09-01,0.0
벨기에,공용,2013-10-01,1.0
벨기에,공용,2013-11-01,1.0
벨기에,공용,2013-12-01,3.0
벨기에,공용,2014-01-01,2.0
벨기에,공용,2014-02-01,2.0
벨기에,공용,2014-03-01,3.0
벨기에,공용,2014-04-01,1.0
벨기에,공용,2014-05-01,3.0
벨기에,공용,2014-06-01,1.0
벨기에,공용,2014-07-01,1.0
벨기에,공용,2014-08-01,1.0
벨기에,공용,2014-09-01,1.0
벨기에,공용,2014-10-01,1.0
벨기에,공용,2014-11-01,2.0
벨기에,공용,2014-12-01,0.0
벨기에,공용,2015-01-01,0.0
벨기에,공용,2015-02-01,0.0
벨기에,공용,2015-03-01,3.0
벨기에,공용,2015-04-01,1.0
벨기에,공용,2015-05-01,3.0
벨기에,공용,2015-06-01,2.0
벨기에,공용,2015-07-01,2.0
벨기에,공용,2015-08-01,2.0
벨기에,공용,2015-09-01,1.0
벨기에,공용,2015-10-01,11.0
벨기에,공용,2015-11-01,3.0
벨기에,공용,2015-12-01,1.0
벨기에,공용,2016-01-01,5.0
벨기에,공용,2016-02-01,2.0
벨기에,공용,2016-03-01,1.0
벨기에,공용,2016-04-01,6.0
벨기에,공용,2016-05-01,3.0
벨기에,공용,2016-06-01,2.0
벨기에,공용,2016-07-01,12.0
벨기에,공용,2016-08-01,3.0
벨기에,공용,2016-09-01,0.0
벨기에,공용,2016-10-01,3.0
벨기에,공용,2016-11-01,5.0
벨기에,공용,2016-12-01,7.0
벨기에,공용,2017-01-01,5.0
벨기에,공용,2017-02-01,2.0
벨기에,공용,2017-03-01,1.0
벨기에,공용,2017-04-01,1.0
벨기에,공용,2017-05-01,3.0
벨기에,공용,2017-06-01,4.0
벨기에,공용,2017-07-01,2.0
벨기에,공용,2017-08-01,6.0
벨기에,공용,2017-09-01,5.0
벨기에,공용,2017-10-01,4.0
벨기에,공용,2017-11-01,7.0
벨기에,공용,2017-12-01,1.0
벨기에,공용,2018-01-01,2.0
벨기에,공용,2018-02-01,3.0
벨기에,공용,2018-03-01,1.0
벨기에,공용,2018-04-01,3.0
벨기에,공용,2018-05-01,9.0
벨기에,공용,2018-06-01,4.0
벨기에,공용,2018-07-01,3.0
벨기에,공용,2018-08-01,4.0
벨기에,공용,2018-09-01,5.0
벨기에,공용,2018-10-01,2.0
벨기에,공용,2018-11-01,6.0
벨기에,공용,2018-12-01,2.0
벨기에,공용,2019-01-01,4.0
벨기에,공용,2019-02-01,2.0
벨기에,공용,2019-03-01,20.0
벨기에,공용,2019-04-01,5.0
벨기에,공용,2019-05-01,4.0
벨기에,공용,2019-06-01,1.0
벨기에,공용,2019-07-01,1.0
벨기에,공용,2019-08-01,4.0
벨기에,공용,2019-09-01,9.0
벨기에,공용,2019-10-01,3.0
벨기에,공용,2019-11-01,3.0
벨기에,공용,2019-12-01,3.0
벨기에,공용,2020-01-01,3.0
벨기에,공용,2020-02-01,3.0
벨기에,공용,2020-03-01,2.0
벨기에,공용,2020-04-01,0.0
벨기에,공용,2020-05-01,0.0
벨기에,공용,2020-06-01,3.0
벨기에,공용,2020-07-01,0.0
벨기에,공용,2020-08-01,0.0
벨기에,공용,2020-09-01,2.0
벨기에,공용,2020-10-01,1.0
벨기에,공용,2020-11-01,0.0
벨기에,공용,2020-12-01,0.0
벨기에,공용,2021-01-01,1.0
벨기에,공용,2021-02-01,2.0
벨기에,공용,2021-03-01,0.0
벨기에,공용,2021-04-01,0.0
벨기에,공용,2021-05-01,0.0
벨기에,공용,2021-06-01,0.0
벨기에,공용,2021-07-01,1.0
벨기에,공용,2021-08-01,1.0
벨기에,공용,2021-09-01,4.0
벨기에,공용,2021-10-01,0.0
벨기에,공용,2021-11-01,3.0
벨기에,공용,2021-12-01,0.0
벨기에,공용,2022-01-01,3.0
벨기에,공용,2022-02-01,0.0
벨기에,공용,2022-03-01,0.0
벨기에,공용,2022-04-01,4.0
벨기에,공용,2022-05-01,3.0
벨기에,공용,2022-06-01,1.0
벨기에,공용,2022-07-01,0.0
벨기에,공용,2022-08-01,2.0
벨기에,공용,2022-09-01,3.0
벨기에,공용,2022-10-01,2.0
벨기에,공용,2022-11-01,3.0
벨기에,공용,2022-12-01,2.0
벨기에,공용,2023-01-01,2.0
벨기에,공용,2023-02-01,2.0
벨기에,공용,2023-03-01,6.0
벨기에,공용,2023-04-01,4.0
벨기에,공용,2023-05-01,7.0
벨기에,공용,2023-06-01,6.0
벨기에,공용,2023-07-01,8.0
벨기에,공용,2023-08-01,4.0
벨기에,공용,2023-09-01,6.0
벨기에,공용,2023-10-01,10.0
벨기에,공용,2023-11-01,5.0
벨기에,공용,2023-12-01,5.0
벨기에,공용,2024-01-01,3.0
벨기에,공용,2024-02-01,6.0
벨기에,공용,2024-03-01,7.0
벨기에,공용,2024-04-01,2.0
벨기에,공용,2024-05-01,6.0
벨기에,공용,2024-06-01,2.0
벨기에,공용,2024-07-01,9.0
벨기에,공용,2024-08-01,16.0
벨기에,공용,2024-09-01,9.0
벨기에,공용,2024-10-01,3.0
벨기에,공용,2024-11-01,11.0
벨기에,공용,2024-12-01,3.0
벨기에,공용,2025-01-01,8.0
벨기에,공용,2025-02-01,2.0
벨기에,공용,2025-03-01,2.0
벨기에,공용,2025-04-01,4.0
벨기에,공용,2025-05-01,6.0
벨기에,관광,2005-01-01,346.0
벨기에,관광,2005-02-01,252.0
벨기에,관광,2005-03-01,425.0
벨기에,관광,2005-04-01,466.0
벨기에,관광,2005-05-01,487.0
벨기에,관광,2005-06-01,432.0
벨기에,관광,2005-07-01,506.0
벨기에,관광,2005-08-01,341.0
벨기에,관광,2005-09-01,464.0
벨기에,관광,2005-10-01,561.0
벨기에,관광,2005-11-01,464.0
벨기에,관광,2005-12-01,321.0
벨기에,관광,2006-01-01,246.0
벨기에,관광,2006-02-01,325.0
벨기에,관광,2006-03-01,466.0
벨기에,관광,2006-04-01,483.0
벨기에,관광,2006-05-01,474.0
벨기에,관광,2006-06-01,395.0
벨기에,관광,2006-07-01,348.0
벨기에,관광,2006-08-01,439.0
벨기에,관광,2006-09-01,514.0
벨기에,관광,2006-10-01,605.0
벨기에,관광,2006-11-01,475.0
벨기에,관광,2006-12-01,294.0
벨기에,관광,2007-01-01,262.0
벨기에,관광,2007-02-01,275.0
벨기에,관광,2007-03-01,415.0
벨기에,관광,2007-04-01,436.0
벨기에,관광,2007-05-01,433.0
벨기에,관광,2007-06-01,434.0
벨기에,관광,2007-07-01,481.0
벨기에,관광,2007-08-01,432.0
벨기에,관광,2007-09-01,518.0
벨기에,관광,2007-10-01,572.0
벨기에,관광,2007-11-01,504.0
벨기에,관광,2007-12-01,322.0
벨기에,관광,2008-01-01,343.0
벨기에,관광,2008-02-01,353.0
벨기에,관광,2008-03-01,401.0
벨기에,관광,2008-04-01,487.0
벨기에,관광,2008-05-01,475.0
벨기에,관광,2008-06-01,420.0
벨기에,관광,2008-07-01,584.0
벨기에,관광,2008-08-01,381.0
벨기에,관광,2008-09-01,515.0
벨기에,관광,2008-10-01,779.0
벨기에,관광,2008-11-01,501.0
벨기에,관광,2008-12-01,284.0
벨기에,관광,2009-01-01,281.0
벨기에,관광,2009-02-01,345.0
벨기에,관광,2009-03-01,533.0
벨기에,관광,2009-04-01,471.0
벨기에,관광,2009-05-01,526.0
벨기에,관광,2009-06-01,513.0
벨기에,관광,2009-07-01,487.0
벨기에,관광,2009-08-01,383.0
벨기에,관광,2009-09-01,459.0
벨기에,관광,2009-10-01,619.0
벨기에,관광,2009-11-01,478.0
벨기에,관광,2009-12-01,337.0
벨기에,관광,2010-01-01,322.0
벨기에,관광,2010-02-01,324.0
벨기에,관광,2010-03-01,495.0
벨기에,관광,2010-04-01,484.0
벨기에,관광,2010-05-01,467.0
벨기에,관광,2010-06-01,529.0
벨기에,관광,2010-07-01,552.0
벨기에,관광,2010-08-01,534.0
벨기에,관광,2010-09-01,619.0
벨기에,관광,2010-10-01,777.0
벨기에,관광,2010-11-01,502.0
벨기에,관광,2010-12-01,332.0
벨기에,관광,2011-01-01,334.0
벨기에,관광,2011-02-01,348.0
벨기에,관광,2011-03-01,566.0
벨기에,관광,2011-04-01,484.0
벨기에,관광,2011-05-01,589.0
벨기에,관광,2011-06-01,473.0
벨기에,관광,2011-07-01,577.0
벨기에,관광,2011-08-01,583.0
벨기에,관광,2011-09-01,517.0
벨기에,관광,2011-10-01,713.0
벨기에,관광,2011-11-01,551.0
벨기에,관광,2011-12-01,363.0
벨기에,관광,2012-01-01,400.0
벨기에,관광,2012-02-01,440.0
벨기에,관광,2012-03-01,577.0
벨기에,관광,2012-04-01,598.0
벨기에,관광,2012-05-01,592.0
벨기에,관광,2012-06-01,673.0
벨기에,관광,2012-07-01,665.0
벨기에,관광,2012-08-01,492.0
벨기에,관광,2012-09-01,652.0
벨기에,관광,2012-10-01,892.0
벨기에,관광,2012-11-01,567.0
벨기에,관광,2012-12-01,406.0
벨기에,관광,2013-01-01,481.0
벨기에,관광,2013-02-01,392.0
벨기에,관광,2013-03-01,638.0
벨기에,관광,2013-04-01,698.0
벨기에,관광,2013-05-01,634.0
벨기에,관광,2013-06-01,668.0
벨기에,관광,2013-07-01,612.0
벨기에,관광,2013-08-01,528.0
벨기에,관광,2013-09-01,741.0
벨기에,관광,2013-10-01,877.0
벨기에,관광,2013-11-01,587.0
벨기에,관광,2013-12-01,388.0
벨기에,관광,2014-01-01,426.0
벨기에,관광,2014-02-01,426.0
벨기에,관광,2014-03-01,670.0
벨기에,관광,2014-04-01,736.0
벨기에,관광,2014-05-01,623.0
벨기에,관광,2014-06-01,659.0
벨기에,관광,2014-07-01,688.0
벨기에,관광,2014-08-01,646.0
벨기에,관광,2014-09-01,777.0
벨기에,관광,2014-10-01,945.0
벨기에,관광,2014-11-01,700.0
벨기에,관광,2014-12-01,435.0
벨기에,관광,2015-01-01,390.0
벨기에,관광,2015-02-01,450.0
벨기에,관광,2015-03-01,679.0
벨기에,관광,2015-04-01,999.0
벨기에,관광,2015-05-01,832.0
벨기에,관광,2015-06-01,572.0
벨기에,관광,2015-07-01,716.0
벨기에,관광,2015-08-01,635.0
벨기에,관광,2015-09-01,802.0
벨기에,관광,2015-10-01,951.0
벨기에,관광,2015-11-01,783.0
벨기에,관광,2015-12-01,453.0
벨기에,관광,2016-01-01,510.0
벨기에,관광,2016-02-01,401.0
벨기에,관광,2016-03-01,783.0
벨기에,관광,2016-04-01,757.0
벨기에,관광,2016-05-01,832.0
벨기에,관광,2016-06-01,747.0
벨기에,관광,2016-07-01,893.0
벨기에,관광,2016-08-01,708.0
벨기에,관광,2016-09-01,876.0
벨기에,관광,2016-10-01,1130.0
벨기에,관광,2016-11-01,666.0
벨기에,관광,2016-12-01,547.0
벨기에,관광,2017-01-01,485.0
벨기에,관광,2017-02-01,512.0
벨기에,관광,2017-03-01,942.0
벨기에,관광,2017-04-01,910.0
벨기에,관광,2017-05-01,787.0
벨기에,관광,2017-06-01,900.0
벨기에,관광,2017-07-01,837.0
벨기에,관광,2017-08-01,741.0
벨기에,관광,2017-09-01,930.0
벨기에,관광,2017-10-01,895.0
벨기에,관광,2017-11-01,766.0
