국적,목적,날짜,입국자수
이탈리아,유학연수,2010-06-01,9.0
이탈리아,유학연수,2010-07-01,3.0
이탈리아,유학연수,2010-08-01,40.0
이탈리아,유학연수,2010-09-01,12.0
이탈리아,유학연수,2010-10-01,3.0
이탈리아,유학연수,2010-11-01,19.0
이탈리아,유학연수,2010-12-01,14.0
이탈리아,유학연수,2011-01-01,14.0
이탈리아,유학연수,2011-02-01,19.0
이탈리아,유학연수,2011-03-01,4.0
이탈리아,유학연수,2011-04-01,2.0
이탈리아,유학연수,2011-05-01,10.0
이탈리아,유학연수,2011-06-01,7.0
이탈리아,유학연수,2011-07-01,9.0
이탈리아,유학연수,2011-08-01,34.0
이탈리아,유학연수,2011-09-01,16.0
이탈리아,유학연수,2011-10-01,4.0
이탈리아,유학연수,2011-11-01,19.0
이탈리아,유학연수,2011-12-01,7.0
이탈리아,유학연수,2012-01-01,16.0
이탈리아,유학연수,2012-02-01,15.0
이탈리아,유학연수,2012-03-01,5.0
이탈리아,유학연수,2012-04-01,6.0
이탈리아,유학연수,2012-05-01,12.0
이탈리아,유학연수,2012-06-01,11.0
이탈리아,유학연수,2012-07-01,11.0
이탈리아,유학연수,2012-08-01,61.0
이탈리아,유학연수,2012-09-01,10.0
이탈리아,유학연수,2012-10-01,11.0
이탈리아,유학연수,2012-11-01,11.0
이탈리아,유학연수,2012-12-01,12.0
이탈리아,유학연수,2013-01-01,6.0
이탈리아,유학연수,2013-02-01,35.0
이탈리아,유학연수,2013-03-01,7.0
이탈리아,유학연수,2013-04-01,6.0
이탈리아,유학연수,2013-05-01,14.0
이탈리아,유학연수,2013-06-01,4.0
이탈리아,유학연수,2013-07-01,12.0
이탈리아,유학연수,2013-08-01,66.0
이탈리아,유학연수,2013-09-01,15.0
이탈리아,유학연수,2013-10-01,7.0
이탈리아,유학연수,2013-11-01,21.0
이탈리아,유학연수,2013-12-01,11.0
이탈리아,유학연수,2014-01-01,15.0
이탈리아,유학연수,2014-02-01,40.0
이탈리아,유학연수,2014-03-01,14.0
이탈리아,유학연수,2014-04-01,4.0
이탈리아,유학연수,2014-05-01,13.0
이탈리아,유학연수,2014-06-01,10.0
이탈리아,유학연수,2014-07-01,12.0
이탈리아,유학연수,2014-08-01,85.0
이탈리아,유학연수,2014-09-01,9.0
이탈리아,유학연수,2014-10-01,6.0
이탈리아,유학연수,2014-11-01,16.0
이탈리아,유학연수,2014-12-01,8.0
이탈리아,유학연수,2015-01-01,21.0
이탈리아,유학연수,2015-02-01,50.0
이탈리아,유학연수,2015-03-01,16.0
이탈리아,유학연수,2015-04-01,12.0
이탈리아,유학연수,2015-05-01,11.0
이탈리아,유학연수,2015-06-01,9.0
이탈리아,유학연수,2015-07-01,13.0
이탈리아,유학연수,2015-08-01,106.0
이탈리아,유학연수,2015-09-01,19.0
이탈리아,유학연수,2015-10-01,12.0
이탈리아,유학연수,2015-11-01,36.0
이탈리아,유학연수,2015-12-01,31.0
이탈리아,유학연수,2016-01-01,27.0
이탈리아,유학연수,2016-02-01,71.0
이탈리아,유학연수,2016-03-01,14.0
이탈리아,유학연수,2016-04-01,10.0
이탈리아,유학연수,2016-05-01,21.0
이탈리아,유학연수,2016-06-01,14.0
이탈리아,유학연수,2016-07-01,26.0
이탈리아,유학연수,2016-08-01,124.0
이탈리아,유학연수,2016-09-01,16.0
이탈리아,유학연수,2016-10-01,13.0
이탈리아,유학연수,2016-11-01,46.0
이탈리아,유학연수,2016-12-01,25.0
이탈리아,유학연수,2017-01-01,25.0
이탈리아,유학연수,2017-02-01,97.0
이탈리아,유학연수,2017-03-01,17.0
이탈리아,유학연수,2017-04-01,8.0
이탈리아,유학연수,2017-05-01,44.0
이탈리아,유학연수,2017-06-01,24.0
이탈리아,유학연수,2017-07-01,25.0
이탈리아,유학연수,2017-08-01,173.0
이탈리아,유학연수,2017-09-01,10.0
이탈리아,유학연수,2017-10-01,34.0
이탈리아,유학연수,2017-11-01,52.0
이탈리아,유학연수,2017-12-01,44.0
이탈리아,유학연수,2018-01-01,29.0
이탈리아,유학연수,2018-02-01,83.0
이탈리아,유학연수,2018-03-01,26.0
이탈리아,유학연수,2018-04-01,17.0
이탈리아,유학연수,2018-05-01,29.0
이탈리아,유학연수,2018-06-01,27.0
이탈리아,유학연수,2018-07-01,22.0
이탈리아,유학연수,2018-08-01,172.0
이탈리아,유학연수,2018-09-01,35.0
이탈리아,유학연수,2018-10-01,18.0
이탈리아,유학연수,2018-11-01,50.0
이탈리아,유학연수,2018-12-01,55.0
이탈리아,유학연수,2019-01-01,40.0
이탈리아,유학연수,2019-02-01,125.0
이탈리아,유학연수,2019-03-01,33.0
이탈리아,유학연수,2019-04-01,12.0
이탈리아,유학연수,2019-05-01,54.0
이탈리아,유학연수,2019-06-01,68.0
이탈리아,유학연수,2019-07-01,36.0
이탈리아,유학연수,2019-08-01,212.0
이탈리아,유학연수,2019-09-01,26.0
이탈리아,유학연수,2019-10-01,45.0
이탈리아,유학연수,2019-11-01,103.0
이탈리아,유학연수,2019-12-01,39.0
이탈리아,유학연수,2020-01-01,55.0
이탈리아,유학연수,2020-02-01,77.0
이탈리아,유학연수,2020-03-01,18.0
이탈리아,유학연수,2020-04-01,2.0
이탈리아,유학연수,2020-05-01,0.0
이탈리아,유학연수,2020-06-01,1.0
이탈리아,유학연수,2020-07-01,3.0
이탈리아,유학연수,2020-08-01,66.0
이탈리아,유학연수,2020-09-01,6.0
이탈리아,유학연수,2020-10-01,4.0
이탈리아,유학연수,2020-11-01,24.0
이탈리아,유학연수,2020-12-01,0.0
이탈리아,유학연수,2021-01-01,16.0
이탈리아,유학연수,2021-02-01,126.0
이탈리아,유학연수,2021-03-01,7.0
이탈리아,유학연수,2021-04-01,1.0
이탈리아,유학연수,2021-05-01,19.0
이탈리아,유학연수,2021-06-01,8.0
이탈리아,유학연수,2021-07-01,14.0
이탈리아,유학연수,2021-08-01,198.0
이탈리아,유학연수,2021-09-01,14.0
이탈리아,유학연수,2021-10-01,3.0
이탈리아,유학연수,2021-11-01,34.0
이탈리아,유학연수,2021-12-01,6.0
이탈리아,유학연수,2022-01-01,22.0
이탈리아,유학연수,2022-02-01,211.0
이탈리아,유학연수,2022-03-01,32.0
이탈리아,유학연수,2022-04-01,5.0
이탈리아,유학연수,2022-05-01,32.0
이탈리아,유학연수,2022-06-01,25.0
이탈리아,유학연수,2022-07-01,21.0
이탈리아,유학연수,2022-08-01,265.0
이탈리아,유학연수,2022-09-01,35.0
이탈리아,유학연수,2022-10-01,7.0
이탈리아,유학연수,2022-11-01,58.0
이탈리아,유학연수,2022-12-01,43.0
이탈리아,유학연수,2023-01-01,61.0
이탈리아,유학연수,2023-02-01,188.0
이탈리아,유학연수,2023-03-01,35.0
이탈리아,유학연수,2023-04-01,18.0
이탈리아,유학연수,2023-05-01,45.0
이탈리아,유학연수,2023-06-01,45.0
이탈리아,유학연수,2023-07-01,35.0
이탈리아,유학연수,2023-08-01,286.0
이탈리아,유학연수,2023-09-01,55.0
이탈리아,유학연수,2023-10-01,14.0
이탈리아,유학연수,2023-11-01,80.0
이탈리아,유학연수,2023-12-01,50.0
이탈리아,유학연수,2024-01-01,73.0
이탈리아,유학연수,2024-02-01,226.0
이탈리아,유학연수,2024-03-01,42.0
이탈리아,유학연수,2024-04-01,17.0
이탈리아,유학연수,2024-05-01,62.0
이탈리아,유학연수,2024-06-01,68.0
이탈리아,유학연수,2024-07-01,54.0
이탈리아,유학연수,2024-08-01,370.0
이탈리아,유학연수,2024-09-01,55.0
이탈리아,유학연수,2024-10-01,22.0
이탈리아,유학연수,2024-11-01,92.0
이탈리아,유학연수,2024-12-01,126.0
이탈리아,유학연수,2025-01-01,101.0
이탈리아,유학연수,2025-02-01,223.0
이탈리아,유학연수,2025-03-01,52.0
이탈리아,유학연수,2025-04-01,20.0
이탈리아,유학연수,2025-05-01,98.0
인도,공용,2005-01-01,6.0
인도,공용,2005-02-01,2.0
인도,공용,2005-03-01,8.0
인도,공용,2005-04-01,8.0
인도,공용,2005-05-01,28.0
인도,공용,2005-06-01,13.0
인도,공용,2005-07-01,12.0
인도,공용,2005-08-01,20.0
인도,공용,2005-09-01,25.0
인도,공용,2005-10-01,31.0
인도,공용,2005-11-01,17.0
인도,공용,2005-12-01,10.0
인도,공용,2006-01-01,13.0
인도,공용,2006-02-01,14.0
인도,공용,2006-03-01,16.0
인도,공용,2006-04-01,19.0
인도,공용,2006-05-01,19.0
인도,공용,2006-06-01,28.0
인도,공용,2006-07-01,17.0
인도,공용,2006-08-01,11.0
인도,공용,2006-09-01,31.0
인도,공용,2006-10-01,46.0
인도,공용,2006-11-01,20.0
인도,공용,2006-12-01,7.0
인도,공용,2007-01-01,25.0
인도,공용,2007-02-01,11.0
인도,공용,2007-03-01,6.0
인도,공용,2007-04-01,26.0
인도,공용,2007-05-01,23.0
인도,공용,2007-06-01,24.0
인도,공용,2007-07-01,29.0
인도,공용,2007-08-01,73.0
인도,공용,2007-09-01,15.0
인도,공용,2007-10-01,128.0
인도,공용,2007-11-01,20.0
인도,공용,2007-12-01,7.0
인도,공용,2008-01-01,7.0
인도,공용,2008-02-01,7.0
인도,공용,2008-03-01,11.0
인도,공용,2008-04-01,20.0
인도,공용,2008-05-01,145.0
인도,공용,2008-06-01,30.0
인도,공용,2008-07-01,22.0
인도,공용,2008-08-01,16.0
인도,공용,2008-09-01,28.0
인도,공용,2008-10-01,33.0
인도,공용,2008-11-01,22.0
인도,공용,2008-12-01,6.0
인도,공용,2009-01-01,6.0
인도,공용,2009-02-01,15.0
인도,공용,2009-03-01,25.0
인도,공용,2009-04-01,18.0
인도,공용,2009-05-01,31.0
인도,공용,2009-06-01,24.0
인도,공용,2009-07-01,12.0
인도,공용,2009-08-01,16.0
인도,공용,2009-09-01,18.0
인도,공용,2009-10-01,4.0
인도,공용,2009-11-01,3.0
인도,공용,2009-12-01,6.0
인도,공용,2010-01-01,7.0
인도,공용,2010-02-01,5.0
인도,공용,2010-03-01,10.0
인도,공용,2010-04-01,17.0
인도,공용,2010-05-01,24.0
인도,공용,2010-06-01,11.0
인도,공용,2010-07-01,5.0
인도,공용,2010-08-01,21.0
인도,공용,2010-09-01,17.0
인도,공용,2010-10-01,15.0
인도,공용,2010-11-01,76.0
인도,공용,2010-12-01,6.0
인도,공용,2011-01-01,6.0
인도,공용,2011-02-01,12.0
인도,공용,2011-03-01,1.0
인도,공용,2011-04-01,13.0
인도,공용,2011-05-01,8.0
인도,공용,2011-06-01,6.0
인도,공용,2011-07-01,14.0
인도,공용,2011-08-01,13.0
인도,공용,2011-09-01,19.0
인도,공용,2011-10-01,5.0
인도,공용,2011-11-01,7.0
인도,공용,2011-12-01,9.0
인도,공용,2012-01-01,7.0
인도,공용,2012-02-01,17.0
인도,공용,2012-03-01,135.0
인도,공용,2012-04-01,17.0
인도,공용,2012-05-01,16.0
인도,공용,2012-06-01,7.0
인도,공용,2012-07-01,9.0
인도,공용,2012-08-01,7.0
인도,공용,2012-09-01,14.0
인도,공용,2012-10-01,27.0
인도,공용,2012-11-01,20.0
인도,공용,2012-12-01,17.0
인도,공용,2013-01-01,7.0
인도,공용,2013-02-01,4.0
인도,공용,2013-03-01,22.0
인도,공용,2013-04-01,6.0
인도,공용,2013-05-01,14.0
인도,공용,2013-06-01,20.0
인도,공용,2013-07-01,17.0
인도,공용,2013-08-01,17.0
인도,공용,2013-09-01,15.0
인도,공용,2013-10-01,61.0
인도,공용,2013-11-01,35.0
인도,공용,2013-12-01,33.0
인도,공용,2014-01-01,18.0
인도,공용,2014-02-01,15.0
인도,공용,2014-03-01,27.0
인도,공용,2014-04-01,16.0
인도,공용,2014-05-01,32.0
인도,공용,2014-06-01,25.0
인도,공용,2014-07-01,27.0
인도,공용,2014-08-01,61.0
인도,공용,2014-09-01,109.0
인도,공용,2014-10-01,58.0
인도,공용,2014-11-01,80.0
인도,공용,2014-12-01,41.0
인도,공용,2015-01-01,22.0
인도,공용,2015-02-01,16.0
인도,공용,2015-03-01,38.0
인도,공용,2015-04-01,54.0
인도,공용,2015-05-01,128.0
인도,공용,2015-06-01,150.0
인도,공용,2015-07-01,43.0
인도,공용,2015-08-01,65.0
인도,공용,2015-09-01,84.0
인도,공용,2015-10-01,202.0
인도,공용,2015-11-01,87.0
인도,공용,2015-12-01,20.0
인도,공용,2016-01-01,30.0
인도,공용,2016-02-01,22.0
인도,공용,2016-03-01,32.0
인도,공용,2016-04-01,36.0
인도,공용,2016-05-01,76.0
인도,공용,2016-06-01,39.0
인도,공용,2016-07-01,108.0
인도,공용,2016-08-01,45.0
인도,공용,2016-09-01,128.0
인도,공용,2016-10-01,65.0
인도,공용,2016-11-01,43.0
인도,공용,2016-12-01,35.0
인도,공용,2017-01-01,32.0
인도,공용,2017-02-01,62.0
인도,공용,2017-03-01,35.0
인도,공용,2017-04-01,40.0
인도,공용,2017-05-01,54.0
인도,공용,2017-06-01,125.0
인도,공용,2017-07-01,38.0
인도,공용,2017-08-01,112.0
인도,공용,2017-09-01,99.0
인도,공용,2017-10-01,74.0
인도,공용,2017-11-01,57.0
인도,공용,2017-12-01,55.0
인도,공용,2018-01-01,34.0
인도,공용,2018-02-01,26.0
인도,공용,2018-03-01,55.0
인도,공용,2018-04-01,84.0
인도,공용,2018-05-01,70.0
인도,공용,2018-06-01,105.0
인도,공용,2018-07-01,55.0
인도,공용,2018-08-01,158.0
인도,공용,2018-09-01,68.0
인도,공용,2018-10-01,78.0
인도,공용,2018-11-01,51.0
인도,공용,2018-12-01,26.0
인도,공용,2019-01-01,46.0
인도,공용,2019-02-01,102.0
인도,공용,2019-03-01,52.0
인도,공용,2019-04-01,53.0
인도,공용,2019-05-01,99.0
인도,공용,2019-06-01,194.0
인도,공용,2019-07-01,51.0
인도,공용,2019-08-01,114.0
인도,공용,2019-09-01,146.0
인도,공용,2019-10-01,85.0
인도,공용,2019-11-01,115.0
인도,공용,2019-12-01,88.0
인도,공용,2020-01-01,56.0
인도,공용,2020-02-01,19.0
인도,공용,2020-03-01,5.0
인도,공용,2020-04-01,4.0
인도,공용,2020-05-01,0.0
인도,공용,2020-06-01,11.0
인도,공용,2020-07-01,3.0
인도,공용,2020-08-01,4.0
인도,공용,2020-09-01,0.0
인도,공용,2020-10-01,3.0
인도,공용,2020-11-01,5.0
인도,공용,2020-12-01,4.0
인도,공용,2021-01-01,3.0
인도,공용,2021-02-01,2.0
인도,공용,2021-03-01,0.0
인도,공용,2021-04-01,0.0
인도,공용,2021-05-01,7.0
인도,공용,2021-06-01,3.0
인도,공용,2021-07-01,4.0
인도,공용,2021-08-01,10.0
인도,공용,2021-09-01,5.0
인도,공용,2021-10-01,9.0
인도,공용,2021-11-01,8.0
인도,공용,2021-12-01,13.0
인도,공용,2022-01-01,21.0
인도,공용,2022-02-01,6.0
인도,공용,2022-03-01,2.0
인도,공용,2022-04-01,13.0
인도,공용,2022-05-01,31.0
인도,공용,2022-06-01,25.0
인도,공용,2022-07-01,37.0
인도,공용,2022-08-01,18.0
인도,공용,2022-09-01,50.0
인도,공용,2022-10-01,35.0
인도,공용,2022-11-01,52.0
인도,공용,2022-12-01,29.0
인도,공용,2023-01-01,36.0
인도,공용,2023-02-01,18.0
인도,공용,2023-03-01,17.0
인도,공용,2023-04-01,26.0
인도,공용,2023-05-01,62.0
인도,공용,2023-06-01,69.0
인도,공용,2023-07-01,72.0
인도,공용,2023-08-01,44.0
인도,공용,2023-09-01,57.0
인도,공용,2023-10-01,76.0
인도,공용,2023-11-01,42.0
인도,공용,2023-12-01,24.0
인도,공용,2024-01-01,49.0
인도,공용,2024-02-01,33.0
인도,공용,2024-03-01,47.0
인도,공용,2024-04-01,51.0
인도,공용,2024-05-01,75.0
인도,공용,2024-06-01,81.0
인도,공용,2024-07-01,32.0
인도,공용,2024-08-01,72.0
인도,공용,2024-09-01,61.0
인도,공용,2024-10-01,78.0
인도,공용,2024-11-01,61.0
인도,공용,2024-12-01,21.0
인도,공용,2025-01-01,63.0
인도,공용,2025-02-01,35.0
인도,공용,2025-03-01,36.0
인도,공용,2025-04-01,48.0
인도,공용,2025-05-01,39.0
인도,관광,2005-01-01,1537.0
인도,관광,2005-02-01,940.0
인도,관광,2005-03-01,1002.0
인도,관광,2005-04-01,1109.0
인도,관광,2005-05-01,1317.0
인도,관광,2005-06-01,1123.0
인도,관광,2005-07-01,1028.0
인도,관광,2005-08-01,977.0
인도,관광,2005-09-01,1096.0
인도,관광,2005-10-01,1140.0
인도,관광,2005-11-01,1389.0
인도,관광,2005-12-01,1310.0
인도,관광,2006-01-01,1464.0
인도,관광,2006-02-01,870.0
인도,관광,2006-03-01,1064.0
인도,관광,2006-04-01,1203.0
인도,관광,2006-05-01,1342.0
인도,관광,2006-06-01,1096.0
인도,관광,2006-07-01,1072.0
인도,관광,2006-08-01,1116.0
인도,관광,2006-09-01,1294.0
인도,관광,2006-10-01,1518.0
인도,관광,2006-11-01,1157.0
인도,관광,2006-12-01,2014.0
인도,관광,2007-01-01,2244.0
인도,관광,2007-02-01,1115.0
인도,관광,2007-03-01,1466.0
인도,관광,2007-04-01,1727.0
인도,관광,2007-05-01,1705.0
인도,관광,2007-06-01,1717.0
인도,관광,2007-07-01,1448.0
인도,관광,2007-08-01,1278.0
인도,관광,2007-09-01,1607.0
인도,관광,2007-10-01,1822.0
인도,관광,2007-11-01,1167.0
인도,관광,2007-12-01,1884.0
인도,관광,2008-01-01,1850.0
인도,관광,2008-02-01,1119.0
인도,관광,2008-03-01,1437.0
인도,관광,2008-04-01,1709.0
인도,관광,2008-05-01,2000.0
인도,관광,2008-06-01,1907.0
인도,관광,2008-07-01,1951.0
인도,관광,2008-08-01,1639.0
인도,관광,2008-09-01,1753.0
인도,관광,2008-10-01,1981.0
인도,관광,2008-11-01,1600.0
인도,관광,2008-12-01,1851.0
인도,관광,2009-01-01,1816.0
인도,관광,2009-02-01,1241.0
인도,관광,2009-03-01,1553.0
인도,관광,2009-04-01,1666.0
인도,관광,2009-05-01,1600.0
인도,관광,2009-06-01,1745.0
인도,관광,2009-07-01,1520.0
인도,관광,2009-08-01,1486.0
인도,관광,2009-09-01,2393.0
인도,관광,2009-10-01,1829.0
인도,관광,2009-11-01,1846.0
인도,관광,2009-12-01,1770.0
인도,관광,2010-01-01,1646.0
인도,관광,2010-02-01,951.0
인도,관광,2010-03-01,1188.0
인도,관광,2010-04-01,1420.0
인도,관광,2010-05-01,1729.0
인도,관광,2010-06-01,2663.0
인도,관광,2010-07-01,1489.0
인도,관광,2010-08-01,1513.0
인도,관광,2010-09-01,1422.0
인도,관광,2010-10-01,2276.0
인도,관광,2010-11-01,1343.0
인도,관광,2010-12-01,1294.0
인도,관광,2011-01-01,1215.0
인도,관광,2011-02-01,1014.0
인도,관광,2011-03-01,1319.0
인도,관광,2011-04-01,1764.0
인도,관광,2011-05-01,2270.0
인도,관광,2011-06-01,1576.0
인도,관광,2011-07-01,1672.0
인도,관광,2011-08-01,1759.0
인도,관광,2011-09-01,1727.0
인도,관광,2011-10-01,2442.0
인도,관광,2011-11-01,1472.0
인도,관광,2011-12-01,1714.0
인도,관광,2012-01-01,1861.0
인도,관광,2012-02-01,1644.0
인도,관광,2012-03-01,1634.0
인도,관광,2012-04-01,2339.0
인도,관광,2012-05-01,2343.0
인도,관광,2012-06-01,2842.0
인도,관광,2012-07-01,2076.0
인도,관광,2012-08-01,1840.0
인도,관광,2012-09-01,2011.0
인도,관광,2012-10-01,2471.0
인도,관광,2012-11-01,1794.0
인도,관광,2012-12-01,1785.0
인도,관광,2013-01-01,2020.0
인도,관광,2013-02-01,1409.0
인도,관광,2013-03-01,1833.0
인도,관광,2013-04-01,1795.0
인도,관광,2013-05-01,2150.0
인도,관광,2013-06-01,2228.0
인도,관광,2013-07-01,1980.0
인도,관광,2013-08-01,1840.0
인도,관광,2013-09-01,2247.0
인도,관광,2013-10-01,2605.0
인도,관광,2013-11-01,1857.0
인도,관광,2013-12-01,1864.0
인도,관광,2014-01-01,1967.0
인도,관광,2014-02-01,1415.0
인도,관광,2014-03-01,1879.0
인도,관광,2014-04-01,2307.0
인도,관광,2014-05-01,2509.0
인도,관광,2014-06-01,2204.0
인도,관광,2014-07-01,2316.0
인도,관광,2014-08-01,2045.0
인도,관광,2014-09-01,2926.0
인도,관광,2014-10-01,2746.0
인도,관광,2014-11-01,2106.0
인도,관광,2014-12-01,1953.0
인도,관광,2015-01-01,1824.0
인도,관광,2015-02-01,1442.0
인도,관광,2015-03-01,1945.0
인도,관광,2015-04-01,2413.0
인도,관광,2015-05-01,2983.0
인도,관광,2015-06-01,2151.0
인도,관광,2015-07-01,2054.0
인도,관광,2015-08-01,2372.0
인도,관광,2015-09-01,2405.0
인도,관광,2015-10-01,3290.0
인도,관광,2015-11-01,2577.0
인도,관광,2015-12-01,2052.0
인도,관광,2016-01-01,2076.0
인도,관광,2016-02-01,1691.0
인도,관광,2016-03-01,2306.0
인도,관광,2016-04-01,2458.0
인도,관광,2016-05-01,4430.0
인도,관광,2016-06-01,3039.0
인도,관광,2016-07-01,2652.0
인도,관광,2016-08-01,2403.0
인도,관광,2016-09-01,2969.0
인도,관광,2016-10-01,3190.0
인도,관광,2016-11-01,3155.0
인도,관광,2016-12-01,2568.0
인도,관광,2017-01-01,2174.0
인도,관광,2017-02-01,1919.0
인도,관광,2017-03-01,2506.0
인도,관광,2017-04-01,2846.0
인도,관광,2017-05-01,3212.0
인도,관광,2017-06-01,3087.0
인도,관광,2017-07-01,2651.0
인도,관광,2017-08-01,2597.0
인도,관광,2017-09-01,2970.0
인도,관광,2017-10-01,2984.0
인도,관광,2017-11-01,2766.0
인도,관광,2017-12-01,2593.0
인도,관광,2018-01-01,2150.0
인도,관광,2018-02-01,1968.0
인도,관광,2018-03-01,2694.0
인도,관광,2018-04-01,3281.0
인도,관광,2018-05-01,3562.0
인도,관광,2018-06-01,3501.0
인도,관광,2018-07-01,3231.0
인도,관광,2018-08-01,3092.0
인도,관광,2018-09-01,3680.0
인도,관광,2018-10-01,4147.0
인도,관광,2018-11-01,3618.0
인도,관광,2018-12-01,3090.0
인도,관광,2019-01-01,2318.0
인도,관광,2019-02-01,2372.0
인도,관광,2019-03-01,3051.0
인도,관광,2019-04-01,4088.0
인도,관광,2019-05-01,4483.0
인도,관광,2019-06-01,4892.0
인도,관광,2019-07-01,3509.0
인도,관광,2019-08-01,3870.0
인도,관광,2019-09-01,4111.0
인도,관광,2019-10-01,4403.0
인도,관광,2019-11-01,4149.0
인도,관광,2019-12-01,3697.0
인도,관광,2020-01-01,2391.0
인도,관광,2020-02-01,2061.0
인도,관광,2020-03-01,555.0
인도,관광,2020-04-01,46.0
인도,관광,2020-05-01,95.0
인도,관광,2020-06-01,865.0
인도,관광,2020-07-01,1256.0
인도,관광,2020-08-01,414.0
인도,관광,2020-09-01,600.0
인도,관광,2020-10-01,510.0
인도,관광,2020-11-01,438.0
인도,관광,2020-12-01,647.0
인도,관광,2021-01-01,769.0
인도,관광,2021-02-01,678.0
인도,관광,2021-03-01,708.0
인도,관광,2021-04-01,592.0
인도,관광,2021-05-01,437.0
인도,관광,2021-06-01,459.0
인도,관광,2021-07-01,898.0
인도,관광,2021-08-01,1138.0
인도,관광,2021-09-01,904.0
인도,관광,2021-10-01,1005.0
인도,관광,2021-11-01,850.0
인도,관광,2021-12-01,805.0
인도,관광,2022-01-01,977.0
인도,관광,2022-02-01,885.0
인도,관광,2022-03-01,972.0
인도,관광,2022-04-01,848.0
인도,관광,2022-05-01,1168.0
인도,관광,2022-06-01,1782.0
인도,관광,2022-07-01,2695.0
인도,관광,2022-08-01,2895.0
인도,관광,2022-09-01,3109.0
인도,관광,2022-10-01,3852.0
인도,관광,2022-11-01,3113.0
인도,관광,2022-12-01,2526.0
인도,관광,2023-01-01,1394.0
인도,관광,2023-02-01,1217.0
인도,관광,2023-03-01,2708.0
인도,관광,2023-04-01,3761.0
인도,관광,2023-05-01,4262.0
인도,관광,2023-06-01,3841.0
인도,관광,2023-07-01,3938.0
인도,관광,2023-08-01,3498.0
인도,관광,2023-09-01,4077.0
인도,관광,2023-10-01,8571.0
인도,관광,2023-11-01,3819.0
인도,관광,2023-12-01,3058.0
인도,관광,2024-01-01,2037.0
인도,관광,2024-02-01,1886.0
인도,관광,2024-03-01,4422.0
인도,관광,2024-04-01,5441.0
인도,관광,2024-05-01,5514.0
인도,관광,2024-06-01,4917.0
인도,관광,2024-07-01,3431.0
인도,관광,2024-08-01,3874.0
인도,관광,2024-09-01,5307.0
인도,관광,2024-10-01,5739.0
인도,관광,2024-11-01,4207.0
인도,관광,2024-12-01,3655.0
인도,관광,2025-01-01,2862.0
인도,관광,2025-02-01,2651.0
인도,관광,2025-03-01,5336.0
인도,관광,2025-04-01,8687.0
인도,관광,2025-05-01,7762.0
인도,상용,2005-01-01,1237.0
인도,상용,2005-02-01,967.0
인도,상용,2005-03-01,1431.0
인도,상용,2005-04-01,1356.0
인도,상용,2005-05-01,1674.0
인도,상용,2005-06-01,1426.0
인도,상용,2005-07-01,1289.0
인도,상용,2005-08-01,1557.0
인도,상용,2005-09-01,1444.0
인도,상용,2005-10-01,1488.0
인도,상용,2005-11-01,1587.0
인도,상용,2005-12-01,1568.0
인도,상용,2006-01-01,1233.0
인도,상용,2006-02-01,1353.0
인도,상용,2006-03-01,1595.0
인도,상용,2006-04-01,1760.0
인도,상용,2006-05-01,1618.0
인도,상용,2006-06-01,1393.0
인도,상용,2006-07-01,1425.0
인도,상용,2006-08-01,1514.0
인도,상용,2006-09-01,1702.0
인도,상용,2006-10-01,1429.0
인도,상용,2006-11-01,1657.0
인도,상용,2006-12-01,1097.0
인도,상용,2007-01-01,1292.0
인도,상용,2007-02-01,1191.0
인도,상용,2007-03-01,1465.0
인도,상용,2007-04-01,1506.0
인도,상용,2007-05-01,1551.0
인도,상용,2007-06-01,1413.0
인도,상용,2007-07-01,1465.0
인도,상용,2007-08-01,1370.0
인도,상용,2007-09-01,1496.0
인도,상용,2007-10-01,2113.0
인도,상용,2007-11-01,1542.0
인도,상용,2007-12-01,1248.0
인도,상용,2008-01-01,1418.0
인도,상용,2008-02-01,1376.0
인도,상용,2008-03-01,1639.0
인도,상용,2008-04-01,1528.0
인도,상용,2008-05-01,1465.0
인도,상용,2008-06-01,1590.0
인도,상용,2008-07-01,1385.0
인도,상용,2008-08-01,1487.0
인도,상용,2008-09-01,1509.0
인도,상용,2008-10-01,1371.0
인도,상용,2008-11-01,1680.0
인도,상용,2008-12-01,1015.0
인도,상용,2009-01-01,948.0
인도,상용,2009-02-01,1120.0
인도,상용,2009-03-01,1375.0
인도,상용,2009-04-01,1151.0
인도,상용,2009-05-01,1276.0
인도,상용,2009-06-01,1335.0
인도,상용,2009-07-01,1288.0
인도,상용,2009-08-01,1248.0
인도,상용,2009-09-01,1373.0
인도,상용,2009-10-01,1563.0
인도,상용,2009-11-01,1624.0
인도,상용,2009-12-01,1193.0
인도,상용,2010-01-01,1387.0
인도,상용,2010-02-01,1540.0
인도,상용,2010-03-01,2018.0
인도,상용,2010-04-01,2174.0
인도,상용,2010-05-01,2061.0
인도,상용,2010-06-01,1929.0
인도,상용,2010-07-01,1894.0
인도,상용,2010-08-01,2130.0
인도,상용,2010-09-01,2115.0
인도,상용,2010-10-01,2612.0
인도,상용,2010-11-01,2386.0
인도,상용,2010-12-01,1712.0
인도,상용,2011-01-01,1745.0
인도,상용,2011-02-01,1885.0
인도,상용,2011-03-01,1997.0
인도,상용,2011-04-01,1945.0
인도,상용,2011-05-01,2403.0
인도,상용,2011-06-01,2155.0
인도,상용,2011-07-01,2136.0
인도,상용,2011-08-01,2033.0
인도,상용,2011-09-01,2058.0
인도,상용,2011-10-01,2262.0
인도,상용,2011-11-01,2454.0
인도,상용,2011-12-01,1581.0
인도,상용,2012-01-01,1470.0
인도,상용,2012-02-01,1772.0
인도,상용,2012-03-01,1887.0
인도,상용,2012-04-01,2026.0
인도,상용,2012-05-01,2072.0
인도,상용,2012-06-01,1866.0
인도,상용,2012-07-01,1947.0
인도,상용,2012-08-01,1755.0
인도,상용,2012-09-01,2134.0
인도,상용,2012-10-01,2478.0
인도,상용,2012-11-01,2231.0
인도,상용,2012-12-01,1751.0
인도,상용,2013-01-01,1962.0
인도,상용,2013-02-01,1752.0
인도,상용,2013-03-01,2293.0
인도,상용,2013-04-01,2272.0
인도,상용,2013-05-01,2494.0
인도,상용,2013-06-01,2603.0
인도,상용,2013-07-01,2361.0
인도,상용,2013-08-01,2216.0
인도,상용,2013-09-01,2725.0
인도,상용,2013-10-01,2718.0
인도,상용,2013-11-01,2590.0
인도,상용,2013-12-01,2112.0
인도,상용,2014-01-01,2083.0
인도,상용,2014-02-01,2453.0
인도,상용,2014-03-01,2899.0
인도,상용,2014-04-01,2579.0
인도,상용,2014-05-01,2770.0
인도,상용,2014-06-01,2955.0
인도,상용,2014-07-01,2344.0
인도,상용,2014-08-01,2556.0
인도,상용,2014-09-01,2751.0
인도,상용,2014-10-01,2684.0
인도,상용,2014-11-01,3164.0
인도,상용,2014-12-01,2019.0
인도,상용,2015-01-01,2270.0
인도,상용,2015-02-01,1892.0
인도,상용,2015-03-01,2712.0
인도,상용,2015-04-01,2517.0
인도,상용,2015-05-01,2928.0
인도,상용,2015-06-01,1671.0
인도,상용,2015-07-01,1834.0
인도,상용,2015-08-01,2485.0
인도,상용,2015-09-01,2477.0
인도,상용,2015-10-01,2785.0
인도,상용,2015-11-01,2446.0
인도,상용,2015-12-01,1684.0
인도,상용,2016-01-01,2234.0
인도,상용,2016-02-01,1906.0
인도,상용,2016-03-01,2527.0
인도,상용,2016-04-01,2577.0
인도,상용,2016-05-01,2517.0
인도,상용,2016-06-01,2347.0
인도,상용,2016-07-01,2395.0
인도,상용,2016-08-01,2404.0
인도,상용,2016-09-01,2438.0
인도,상용,2016-10-01,2762.0
인도,상용,2016-11-01,2809.0
인도,상용,2016-12-01,1945.0
인도,상용,2017-01-01,2285.0
인도,상용,2017-02-01,2315.0
인도,상용,2017-03-01,2727.0
인도,상용,2017-04-01,2595.0
인도,상용,2017-05-01,2771.0
인도,상용,2017-06-01,2207.0
인도,상용,2017-07-01,2452.0
인도,상용,2017-08-01,2445.0
인도,상용,2017-09-01,2797.0
인도,상용,2017-10-01,2569.0
인도,상용,2017-11-01,2851.0
인도,상용,2017-12-01,2047.0
인도,상용,2018-01-01,2374.0
인도,상용,2018-02-01,1973.0
인도,상용,2018-03-01,2807.0
인도,상용,2018-04-01,3003.0
인도,상용,2018-05-01,3029.0
인도,상용,2018-06-01,2577.0
인도,상용,2018-07-01,2803.0
인도,상용,2018-08-01,2722.0
인도,상용,2018-09-01,2967.0
인도,상용,2018-10-01,3492.0
인도,상용,2018-11-01,2928.0
인도,상용,2018-12-01,2215.0
인도,상용,2019-01-01,2656.0
인도,상용,2019-02-01,2303.0
인도,상용,2019-03-01,3283.0
인도,상용,2019-04-01,3039.0
인도,상용,2019-05-01,2896.0
인도,상용,2019-06-01,3084.0
인도,상용,2019-07-01,2828.0
인도,상용,2019-08-01,2850.0
인도,상용,2019-09-01,3152.0
인도,상용,2019-10-01,2692.0
인도,상용,2019-11-01,3386.0
인도,상용,2019-12-01,2183.0
인도,상용,2020-01-01,2094.0
인도,상용,2020-02-01,972.0
인도,상용,2020-03-01,42.0
인도,상용,2020-04-01,7.0
인도,상용,2020-05-01,15.0
인도,상용,2020-06-01,36.0
인도,상용,2020-07-01,28.0
인도,상용,2020-08-01,30.0
인도,상용,2020-09-01,24.0
인도,상용,2020-10-01,51.0
인도,상용,2020-11-01,53.0
인도,상용,2020-12-01,64.0
인도,상용,2021-01-01,68.0
인도,상용,2021-02-01,71.0
인도,상용,2021-03-01,123.0
인도,상용,2021-04-01,94.0
인도,상용,2021-05-01,24.0
인도,상용,2021-06-01,78.0
인도,상용,2021-07-01,58.0
인도,상용,2021-08-01,93.0
인도,상용,2021-09-01,101.0
인도,상용,2021-10-01,127.0
인도,상용,2021-11-01,202.0
인도,상용,2021-12-01,161.0
인도,상용,2022-01-01,133.0
인도,상용,2022-02-01,146.0
인도,상용,2022-03-01,198.0
인도,상용,2022-04-01,431.0
인도,상용,2022-05-01,726.0
인도,상용,2022-06-01,1057.0
인도,상용,2022-07-01,1439.0
인도,상용,2022-08-01,1357.0
인도,상용,2022-09-01,1514.0
인도,상용,2022-10-01,1642.0
인도,상용,2022-11-01,2097.0
인도,상용,2022-12-01,1156.0
인도,상용,2023-01-01,1056.0
인도,상용,2023-02-01,1188.0
인도,상용,2023-03-01,1611.0
인도,상용,2023-04-01,1679.0
인도,상용,2023-05-01,1949.0
인도,상용,2023-06-01,1705.0
인도,상용,2023-07-01,1757.0
인도,상용,2023-08-01,1773.0
인도,상용,2023-09-01,1809.0
인도,상용,2023-10-01,2291.0
인도,상용,2023-11-01,2048.0
인도,상용,2023-12-01,1344.0
인도,상용,2024-01-01,1526.0
인도,상용,2024-02-01,1460.0
인도,상용,2024-03-01,2198.0
인도,상용,2024-04-01,2318.0
인도,상용,2024-05-01,2474.0
인도,상용,2024-06-01,1982.0
인도,상용,2024-07-01,1857.0
인도,상용,2024-08-01,2124.0
인도,상용,2024-09-01,2200.0
인도,상용,2024-10-01,2101.0
인도,상용,2024-11-01,2279.0
인도,상용,2024-12-01,1442.0
인도,상용,2025-01-01,1198.0
인도,상용,2025-02-01,1946.0
인도,상용,2025-03-01,2133.0
인도,상용,2025-04-01,1989.0
인도,상용,2025-05-01,2207.0
인도,유학연수,2005-01-01,22.0
인도,유학연수,2005-02-01,72.0
인도,유학연수,2005-03-01,42.0
인도,유학연수,2005-04-01,14.0
인도,유학연수,2005-05-01,16.0
인도,유학연수,2005-06-01,14.0
인도,유학연수,2005-07-01,24.0
인도,유학연수,2005-08-01,78.0
인도,유학연수,2005-09-01,28.0
인도,유학연수,2005-10-01,8.0
인도,유학연수,2005-11-01,14.0
인도,유학연수,2005-12-01,18.0
인도,유학연수,2006-01-01,36.0
인도,유학연수,2006-02-01,95.0
인도,유학연수,2006-03-01,32.0
인도,유학연수,2006-04-01,9.0
인도,유학연수,2006-05-01,12.0
인도,유학연수,2006-06-01,47.0
인도,유학연수,2006-07-01,30.0
인도,유학연수,2006-08-01,100.0
인도,유학연수,2006-09-01,33.0
인도,유학연수,2006-10-01,8.0
인도,유학연수,2006-11-01,23.0
인도,유학연수,2006-12-01,16.0
인도,유학연수,2007-01-01,37.0
인도,유학연수,2007-02-01,89.0
인도,유학연수,2007-03-01,54.0
인도,유학연수,2007-04-01,11.0
인도,유학연수,2007-05-01,24.0
인도,유학연수,2007-06-01,17.0
인도,유학연수,2007-07-01,30.0
인도,유학연수,2007-08-01,123.0
인도,유학연수,2007-09-01,41.0
인도,유학연수,2007-10-01,23.0
인도,유학연수,2007-11-01,27.0
인도,유학연수,2007-12-01,23.0
인도,유학연수,2008-01-01,42.0
인도,유학연수,2008-02-01,122.0
인도,유학연수,2008-03-01,52.0
인도,유학연수,2008-04-01,35.0
인도,유학연수,2008-05-01,26.0
인도,유학연수,2008-06-01,19.0
인도,유학연수,2008-07-01,35.0
인도,유학연수,2008-08-01,129.0
인도,유학연수,2008-09-01,40.0
인도,유학연수,2008-10-01,30.0
인도,유학연수,2008-11-01,23.0
인도,유학연수,2008-12-01,22.0
인도,유학연수,2009-01-01,50.0
인도,유학연수,2009-02-01,128.0
인도,유학연수,2009-03-01,60.0
인도,유학연수,2009-04-01,16.0
인도,유학연수,2009-05-01,24.0
인도,유학연수,2009-06-01,23.0
인도,유학연수,2009-07-01,70.0
인도,유학연수,2009-08-01,152.0
인도,유학연수,2009-09-01,45.0
인도,유학연수,2009-10-01,29.0
인도,유학연수,2009-11-01,29.0
인도,유학연수,2009-12-01,34.0
인도,유학연수,2010-01-01,68.0
인도,유학연수,2010-02-01,140.0
인도,유학연수,2010-03-01,69.0
인도,유학연수,2010-04-01,22.0
인도,유학연수,2010-05-01,21.0
인도,유학연수,2010-06-01,36.0
인도,유학연수,2010-07-01,54.0
인도,유학연수,2010-08-01,198.0
인도,유학연수,2010-09-01,64.0
인도,유학연수,2010-10-01,25.0
인도,유학연수,2010-11-01,46.0
인도,유학연수,2010-12-01,30.0
인도,유학연수,2011-01-01,79.0
인도,유학연수,2011-02-01,187.0
인도,유학연수,2011-03-01,77.0
인도,유학연수,2011-04-01,20.0
인도,유학연수,2011-05-01,47.0
인도,유학연수,2011-06-01,50.0
인도,유학연수,2011-07-01,68.0
인도,유학연수,2011-08-01,140.0
인도,유학연수,2011-09-01,77.0
인도,유학연수,2011-10-01,40.0
인도,유학연수,2011-11-01,44.0
인도,유학연수,2011-12-01,32.0
인도,유학연수,2012-01-01,96.0
인도,유학연수,2012-02-01,163.0
인도,유학연수,2012-03-01,63.0
인도,유학연수,2012-04-01,28.0
인도,유학연수,2012-05-01,33.0
인도,유학연수,2012-06-01,38.0
인도,유학연수,2012-07-01,61.0
인도,유학연수,2012-08-01,159.0
인도,유학연수,2012-09-01,67.0
인도,유학연수,2012-10-01,42.0
인도,유학연수,2012-11-01,33.0
인도,유학연수,2012-12-01,47.0
인도,유학연수,2013-01-01,89.0
인도,유학연수,2013-02-01,202.0
인도,유학연수,2013-03-01,88.0
인도,유학연수,2013-04-01,19.0
인도,유학연수,2013-05-01,45.0
인도,유학연수,2013-06-01,42.0
인도,유학연수,2013-07-01,59.0
인도,유학연수,2013-08-01,211.0
인도,유학연수,2013-09-01,97.0
인도,유학연수,2013-10-01,23.0
인도,유학연수,2013-11-01,58.0
인도,유학연수,2013-12-01,56.0
인도,유학연수,2014-01-01,95.0
인도,유학연수,2014-02-01,249.0
인도,유학연수,2014-03-01,114.0
인도,유학연수,2014-04-01,30.0
인도,유학연수,2014-05-01,62.0
인도,유학연수,2014-06-01,67.0
인도,유학연수,2014-07-01,67.0
인도,유학연수,2014-08-01,296.0
인도,유학연수,2014-09-01,96.0
인도,유학연수,2014-10-01,48.0
인도,유학연수,2014-11-01,57.0
인도,유학연수,2014-12-01,50.0
인도,유학연수,2015-01-01,84.0
인도,유학연수,2015-02-01,314.0
인도,유학연수,2015-03-01,109.0
인도,유학연수,2015-04-01,52.0
인도,유학연수,2015-05-01,44.0
인도,유학연수,2015-06-01,53.0
인도,유학연수,2015-07-01,90.0
인도,유학연수,2015-08-01,236.0
인도,유학연수,2015-09-01,92.0
인도,유학연수,2015-10-01,36.0
인도,유학연수,2015-11-01,57.0
인도,유학연수,2015-12-01,36.0
인도,유학연수,2016-01-01,137.0
인도,유학연수,2016-02-01,353.0
인도,유학연수,2016-03-01,115.0
인도,유학연수,2016-04-01,47.0
인도,유학연수,2016-05-01,62.0
인도,유학연수,2016-06-01,53.0
인도,유학연수,2016-07-01,105.0
인도,유학연수,2016-08-01,247.0
인도,유학연수,2016-09-01,126.0
인도,유학연수,2016-10-01,54.0
인도,유학연수,2016-11-01,64.0
인도,유학연수,2016-12-01,69.0
인도,유학연수,2017-01-01,134.0
인도,유학연수,2017-02-01,344.0
인도,유학연수,2017-03-01,160.0
인도,유학연수,2017-04-01,61.0
인도,유학연수,2017-05-01,65.0
인도,유학연수,2017-06-01,110.0
인도,유학연수,2017-07-01,145.0
인도,유학연수,2017-08-01,291.0
인도,유학연수,2017-09-01,214.0
인도,유학연수,2017-10-01,121.0
인도,유학연수,2017-11-01,68.0
인도,유학연수,2017-12-01,99.0
인도,유학연수,2018-01-01,174.0
인도,유학연수,2018-02-01,354.0
인도,유학연수,2018-03-01,213.0
인도,유학연수,2018-04-01,61.0
인도,유학연수,2018-05-01,75.0
인도,유학연수,2018-06-01,102.0
인도,유학연수,2018-07-01,150.0
인도,유학연수,2018-08-01,319.0
인도,유학연수,2018-09-01,186.0
인도,유학연수,2018-10-01,84.0
인도,유학연수,2018-11-01,79.0
인도,유학연수,2018-12-01,65.0
인도,유학연수,2019-01-01,177.0
인도,유학연수,2019-02-01,360.0
인도,유학연수,2019-03-01,197.0
인도,유학연수,2019-04-01,75.0
인도,유학연수,2019-05-01,92.0
인도,유학연수,2019-06-01,121.0
인도,유학연수,2019-07-01,142.0
인도,유학연수,2019-08-01,341.0
인도,유학연수,2019-09-01,186.0
인도,유학연수,2019-10-01,84.0
인도,유학연수,2019-11-01,100.0
인도,유학연수,2019-12-01,100.0
인도,유학연수,2020-01-01,166.0
인도,유학연수,2020-02-01,284.0
인도,유학연수,2020-03-01,92.0
인도,유학연수,2020-04-01,2.0
인도,유학연수,2020-05-01,3.0
인도,유학연수,2020-06-01,61.0
인도,유학연수,2020-07-01,31.0
인도,유학연수,2020-08-01,48.0
인도,유학연수,2020-09-01,66.0
인도,유학연수,2020-10-01,40.0
인도,유학연수,2020-11-01,13.0
인도,유학연수,2020-12-01,13.0
인도,유학연수,2021-01-01,27.0
인도,유학연수,2021-02-01,169.0
인도,유학연수,2021-03-01,112.0
인도,유학연수,2021-04-01,42.0
인도,유학연수,2021-05-01,7.0
인도,유학연수,2021-06-01,12.0
인도,유학연수,2021-07-01,7.0
인도,유학연수,2021-08-01,39.0
인도,유학연수,2021-09-01,36.0
인도,유학연수,2021-10-01,20.0
인도,유학연수,2021-11-01,85.0
인도,유학연수,2021-12-01,47.0
인도,유학연수,2022-01-01,56.0
인도,유학연수,2022-02-01,284.0
인도,유학연수,2022-03-01,135.0
인도,유학연수,2022-04-01,34.0
인도,유학연수,2022-05-01,67.0
인도,유학연수,2022-06-01,76.0
인도,유학연수,2022-07-01,87.0
인도,유학연수,2022-08-01,397.0
인도,유학연수,2022-09-01,179.0
인도,유학연수,2022-10-01,50.0
인도,유학연수,2022-11-01,78.0
인도,유학연수,2022-12-01,75.0
인도,유학연수,2023-01-01,159.0
인도,유학연수,2023-02-01,428.0
인도,유학연수,2023-03-01,206.0
인도,유학연수,2023-04-01,35.0
인도,유학연수,2023-05-01,70.0
인도,유학연수,2023-06-01,98.0
인도,유학연수,2023-07-01,141.0
인도,유학연수,2023-08-01,444.0
인도,유학연수,2023-09-01,148.0
인도,유학연수,2023-10-01,81.0
인도,유학연수,2023-11-01,92.0
인도,유학연수,2023-12-01,103.0
인도,유학연수,2024-01-01,178.0
인도,유학연수,2024-02-01,560.0
인도,유학연수,2024-03-01,216.0
인도,유학연수,2024-04-01,58.0
인도,유학연수,2024-05-01,80.0
인도,유학연수,2024-06-01,142.0
인도,유학연수,2024-07-01,164.0
인도,유학연수,2024-08-01,521.0
인도,유학연수,2024-09-01,231.0
인도,유학연수,2024-10-01,78.0
인도,유학연수,2024-11-01,146.0
인도,유학연수,2024-12-01,105.0
인도,유학연수,2025-01-01,199.0
인도,유학연수,2025-02-01,548.0
인도,유학연수,2025-03-01,331.0
인도,유학연수,2025-04-01,54.0
인도,유학연수,2025-05-01,112.0
인도네시아,공용,2005-01-01,12.0
인도네시아,공용,2005-02-01,6.0
인도네시아,공용,2005-03-01,7.0
인도네시아,공용,2005-04-01,9.0
인도네시아,공용,2005-05-01,6.0
인도네시아,공용,2005-06-01,5.0
인도네시아,공용,2005-07-01,18.0
인도네시아,공용,2005-08-01,8.0
인도네시아,공용,2005-09-01,23.0
인도네시아,공용,2005-10-01,3.0
인도네시아,공용,2005-11-01,48.0
인도네시아,공용,2005-12-01,13.0
인도네시아,공용,2006-01-01,6.0
인도네시아,공용,2006-02-01,9.0
인도네시아,공용,2006-03-01,10.0
인도네시아,공용,2006-04-01,12.0
인도네시아,공용,2006-05-01,20.0
인도네시아,공용,2006-06-01,16.0
인도네시아,공용,2006-07-01,8.0
인도네시아,공용,2006-08-01,9.0
인도네시아,공용,2006-09-01,11.0
인도네시아,공용,2006-10-01,7.0
인도네시아,공용,2006-11-01,17.0
인도네시아,공용,2006-12-01,18.0
인도네시아,공용,2007-01-01,2.0
인도네시아,공용,2007-02-01,13.0
인도네시아,공용,2007-03-01,4.0
인도네시아,공용,2007-04-01,37.0
인도네시아,공용,2007-05-01,27.0
인도네시아,공용,2007-06-01,42.0
인도네시아,공용,2007-07-01,81.0
인도네시아,공용,2007-08-01,11.0
인도네시아,공용,2007-09-01,3.0
인도네시아,공용,2007-10-01,11.0
인도네시아,공용,2007-11-01,21.0
인도네시아,공용,2007-12-01,23.0
인도네시아,공용,2008-01-01,9.0
인도네시아,공용,2008-02-01,20.0
인도네시아,공용,2008-03-01,6.0
인도네시아,공용,2008-04-01,13.0
인도네시아,공용,2008-05-01,10.0
인도네시아,공용,2008-06-01,12.0
인도네시아,공용,2008-07-01,22.0
인도네시아,공용,2008-08-01,9.0
인도네시아,공용,2008-09-01,13.0
인도네시아,공용,2008-10-01,17.0
인도네시아,공용,2008-11-01,10.0
인도네시아,공용,2008-12-01,5.0
인도네시아,공용,2009-01-01,10.0
인도네시아,공용,2009-02-01,14.0
인도네시아,공용,2009-03-01,8.0
인도네시아,공용,2009-04-01,17.0
인도네시아,공용,2009-05-01,73.0
인도네시아,공용,2009-06-01,17.0
인도네시아,공용,2009-07-01,11.0
인도네시아,공용,2009-08-01,11.0
인도네시아,공용,2009-09-01,7.0
인도네시아,공용,2009-10-01,10.0
인도네시아,공용,2009-11-01,38.0
인도네시아,공용,2009-12-01,23.0
인도네시아,공용,2010-01-01,3.0
인도네시아,공용,2010-02-01,7.0
인도네시아,공용,2010-03-01,14.0
인도네시아,공용,2010-04-01,17.0
인도네시아,공용,2010-05-01,14.0
인도네시아,공용,2010-06-01,10.0
인도네시아,공용,2010-07-01,20.0
인도네시아,공용,2010-08-01,14.0
인도네시아,공용,2010-09-01,16.0
인도네시아,공용,2010-10-01,29.0
인도네시아,공용,2010-11-01,16.0
인도네시아,공용,2010-12-01,10.0
인도네시아,공용,2011-01-01,9.0
인도네시아,공용,2011-02-01,8.0
인도네시아,공용,2011-03-01,11.0
인도네시아,공용,2011-04-01,7.0
인도네시아,공용,2011-05-01,9.0
인도네시아,공용,2011-06-01,8.0
인도네시아,공용,2011-07-01,22.0
인도네시아,공용,2011-08-01,7.0
인도네시아,공용,2011-09-01,10.0
인도네시아,공용,2011-10-01,25.0
인도네시아,공용,2011-11-01,36.0
인도네시아,공용,2011-12-01,19.0
인도네시아,공용,2012-01-01,10.0
인도네시아,공용,2012-02-01,14.0
인도네시아,공용,2012-03-01,140.0
인도네시아,공용,2012-04-01,21.0
인도네시아,공용,2012-05-01,25.0
인도네시아,공용,2012-06-01,17.0
인도네시아,공용,2012-07-01,16.0
인도네시아,공용,2012-08-01,19.0
인도네시아,공용,2012-09-01,27.0
인도네시아,공용,2012-10-01,25.0
인도네시아,공용,2012-11-01,32.0
인도네시아,공용,2012-12-01,9.0
인도네시아,공용,2013-01-01,15.0
인도네시아,공용,2013-02-01,22.0
인도네시아,공용,2013-03-01,22.0
인도네시아,공용,2013-04-01,12.0
인도네시아,공용,2013-05-01,21.0
인도네시아,공용,2013-06-01,23.0
인도네시아,공용,2013-07-01,11.0
인도네시아,공용,2013-08-01,18.0
인도네시아,공용,2013-09-01,35.0
인도네시아,공용,2013-10-01,44.0
인도네시아,공용,2013-11-01,73.0
인도네시아,공용,2013-12-01,52.0
인도네시아,공용,2014-01-01,19.0
인도네시아,공용,2014-02-01,40.0
인도네시아,공용,2014-03-01,39.0
인도네시아,공용,2014-04-01,32.0
인도네시아,공용,2014-05-01,45.0
인도네시아,공용,2014-06-01,55.0
인도네시아,공용,2014-07-01,14.0
인도네시아,공용,2014-08-01,66.0
인도네시아,공용,2014-09-01,102.0
인도네시아,공용,2014-10-01,94.0
인도네시아,공용,2014-11-01,122.0
인도네시아,공용,2014-12-01,60.0
인도네시아,공용,2015-01-01,15.0
인도네시아,공용,2015-02-01,15.0
인도네시아,공용,2015-03-01,37.0
인도네시아,공용,2015-04-01,56.0
인도네시아,공용,2015-05-01,76.0
인도네시아,공용,2015-06-01,55.0
인도네시아,공용,2015-07-01,30.0
인도네시아,공용,2015-08-01,75.0
인도네시아,공용,2015-09-01,84.0
인도네시아,공용,2015-10-01,136.0
인도네시아,공용,2015-11-01,117.0
인도네시아,공용,2015-12-01,65.0
인도네시아,공용,2016-01-01,17.0
인도네시아,공용,2016-02-01,40.0
인도네시아,공용,2016-03-01,53.0
인도네시아,공용,2016-04-01,62.0
인도네시아,공용,2016-05-01,55.0
인도네시아,공용,2016-06-01,81.0
인도네시아,공용,2016-07-01,67.0
인도네시아,공용,2016-08-01,68.0
인도네시아,공용,2016-09-01,93.0
인도네시아,공용,2016-10-01,114.0
인도네시아,공용,2016-11-01,92.0
인도네시아,공용,2016-12-01,67.0
인도네시아,공용,2017-01-01,45.0
인도네시아,공용,2017-02-01,37.0
인도네시아,공용,2017-03-01,52.0
인도네시아,공용,2017-04-01,47.0
인도네시아,공용,2017-05-01,74.0
인도네시아,공용,2017-06-01,64.0
인도네시아,공용,2017-07-01,94.0
인도네시아,공용,2017-08-01,96.0
인도네시아,공용,2017-09-01,61.0
인도네시아,공용,2017-10-01,169.0
인도네시아,공용,2017-11-01,122.0
인도네시아,공용,2017-12-01,68.0
인도네시아,공용,2018-01-01,18.0
인도네시아,공용,2018-02-01,40.0
인도네시아,공용,2018-03-01,61.0
인도네시아,공용,2018-04-01,95.0
인도네시아,공용,2018-05-01,84.0
인도네시아,공용,2018-06-01,55.0
인도네시아,공용,2018-07-01,63.0
인도네시아,공용,2018-08-01,72.0
인도네시아,공용,2018-09-01,139.0
인도네시아,공용,2018-10-01,131.0
인도네시아,공용,2018-11-01,222.0
인도네시아,공용,2018-12-01,209.0
인도네시아,공용,2019-01-01,38.0
인도네시아,공용,2019-02-01,72.0
인도네시아,공용,2019-03-01,135.0
인도네시아,공용,2019-04-01,207.0
인도네시아,공용,2019-05-01,152.0
인도네시아,공용,2019-06-01,346.0
인도네시아,공용,2019-07-01,255.0
인도네시아,공용,2019-08-01,262.0
인도네시아,공용,2019-09-01,317.0
인도네시아,공용,2019-10-01,285.0
인도네시아,공용,2019-11-01,407.0
인도네시아,공용,2019-12-01,216.0
인도네시아,공용,2020-01-01,46.0
인도네시아,공용,2020-02-01,80.0
인도네시아,공용,2020-03-01,7.0
인도네시아,공용,2020-04-01,5.0
인도네시아,공용,2020-05-01,5.0
인도네시아,공용,2020-06-01,0.0
인도네시아,공용,2020-07-01,2.0
인도네시아,공용,2020-08-01,1.0
인도네시아,공용,2020-09-01,17.0
인도네시아,공용,2020-10-01,0.0
인도네시아,공용,2020-11-01,26.0
인도네시아,공용,2020-12-01,32.0
인도네시아,공용,2021-01-01,7.0
인도네시아,공용,2021-02-01,0.0
인도네시아,공용,2021-03-01,9.0
인도네시아,공용,2021-04-01,22.0
인도네시아,공용,2021-05-01,31.0
인도네시아,공용,2021-06-01,16.0
인도네시아,공용,2021-07-01,7.0
인도네시아,공용,2021-08-01,2.0
인도네시아,공용,2021-09-01,6.0
인도네시아,공용,2021-10-01,15.0
인도네시아,공용,2021-11-01,36.0
인도네시아,공용,2021-12-01,21.0
인도네시아,공용,2022-01-01,1.0
인도네시아,공용,2022-02-01,8.0
인도네시아,공용,2022-03-01,6.0
인도네시아,공용,2022-04-01,43.0
인도네시아,공용,2022-05-01,83.0
인도네시아,공용,2022-06-01,165.0
인도네시아,공용,2022-07-01,251.0
인도네시아,공용,2022-08-01,82.0
인도네시아,공용,2022-09-01,134.0
인도네시아,공용,2022-10-01,272.0
인도네시아,공용,2022-11-01,331.0
인도네시아,공용,2022-12-01,149.0
인도네시아,공용,2023-01-01,86.0
인도네시아,공용,2023-02-01,109.0
인도네시아,공용,2023-03-01,161.0
인도네시아,공용,2023-04-01,117.0
인도네시아,공용,2023-05-01,374.0
인도네시아,공용,2023-06-01,216.0
인도네시아,공용,2023-07-01,304.0
인도네시아,공용,2023-08-01,255.0
인도네시아,공용,2023-09-01,318.0
인도네시아,공용,2023-10-01,544.0
인도네시아,공용,2023-11-01,503.0
인도네시아,공용,2023-12-01,273.0
인도네시아,공용,2024-01-01,103.0
인도네시아,공용,2024-02-01,86.0
인도네시아,공용,2024-03-01,101.0
인도네시아,공용,2024-04-01,170.0
인도네시아,공용,2024-05-01,357.0
인도네시아,공용,2024-06-01,411.0
인도네시아,공용,2024-07-01,329.0
인도네시아,공용,2024-08-01,306.0
인도네시아,공용,2024-09-01,404.0
인도네시아,공용,2024-10-01,409.0
인도네시아,공용,2024-11-01,261.0
인도네시아,공용,2024-12-01,164.0
인도네시아,공용,2025-01-01,50.0
인도네시아,공용,2025-02-01,69.0
인도네시아,공용,2025-03-01,42.0
인도네시아,공용,2025-04-01,136.0
인도네시아,공용,2025-05-01,151.0
인도네시아,관광,2005-01-01,1356.0
인도네시아,관광,2005-02-01,1009.0
인도네시아,관광,2005-03-01,1306.0
인도네시아,관광,2005-04-01,2297.0
인도네시아,관광,2005-05-01,1972.0
인도네시아,관광,2005-06-01,2147.0
인도네시아,관광,2005-07-01,1581.0
인도네시아,관광,2005-08-01,1172.0
인도네시아,관광,2005-09-01,1759.0
인도네시아,관광,2005-10-01,2571.0
인도네시아,관광,2005-11-01,3384.0
인도네시아,관광,2005-12-01,3395.0
인도네시아,관광,2006-01-01,1157.0
인도네시아,관광,2006-02-01,829.0
인도네시아,관광,2006-03-01,1146.0
인도네시아,관광,2006-04-01,2009.0
인도네시아,관광,2006-05-01,1712.0
인도네시아,관광,2006-06-01,1969.0
인도네시아,관광,2006-07-01,1829.0
인도네시아,관광,2006-08-01,1685.0
인도네시아,관광,2006-09-01,1390.0
인도네시아,관광,2006-10-01,5133.0
인도네시아,관광,2006-11-01,2110.0
인도네시아,관광,2006-12-01,3928.0
인도네시아,관광,2007-01-01,1069.0
인도네시아,관광,2007-02-01,1248.0
인도네시아,관광,2007-03-01,1503.0
인도네시아,관광,2007-04-01,1976.0
인도네시아,관광,2007-05-01,1988.0
인도네시아,관광,2007-06-01,2211.0
인도네시아,관광,2007-07-01,1915.0
인도네시아,관광,2007-08-01,1630.0
인도네시아,관광,2007-09-01,1432.0
인도네시아,관광,2007-10-01,5488.0
인도네시아,관광,2007-11-01,1860.0
인도네시아,관광,2007-12-01,4286.0
인도네시아,관광,2008-01-01,1153.0
인도네시아,관광,2008-02-01,1095.0
인도네시아,관광,2008-03-01,2277.0
인도네시아,관광,2008-04-01,2597.0
인도네시아,관광,2008-05-01,2619.0
인도네시아,관광,2008-06-01,2582.0
인도네시아,관광,2008-07-01,2041.0
인도네시아,관광,2008-08-01,1533.0
인도네시아,관광,2008-09-01,4540.0
인도네시아,관광,2008-10-01,3500.0
인도네시아,관광,2008-11-01,1986.0
인도네시아,관광,2008-12-01,3358.0
인도네시아,관광,2009-01-01,2541.0
인도네시아,관광,2009-02-01,1393.0
인도네시아,관광,2009-03-01,1928.0
인도네시아,관광,2009-04-01,1912.0
인도네시아,관광,2009-05-01,2428.0
인도네시아,관광,2009-06-01,2713.0
인도네시아,관광,2009-07-01,2299.0
인도네시아,관광,2009-08-01,1781.0
인도네시아,관광,2009-09-01,6356.0
인도네시아,관광,2009-10-01,2965.0
인도네시아,관광,2009-11-01,2725.0
인도네시아,관광,2009-12-01,6713.0
인도네시아,관광,2010-01-01,1840.0
인도네시아,관광,2010-02-01,2142.0
인도네시아,관광,2010-03-01,2052.0
인도네시아,관광,2010-04-01,3002.0
인도네시아,관광,2010-05-01,3196.0
인도네시아,관광,2010-06-01,4797.0
인도네시아,관광,2010-07-01,2644.0
인도네시아,관광,2010-08-01,2046.0
인도네시아,관광,2010-09-01,8142.0
인도네시아,관광,2010-10-01,3903.0
인도네시아,관광,2010-11-01,3772.0
인도네시아,관광,2010-12-01,7565.0
인도네시아,관광,2011-01-01,2217.0
인도네시아,관광,2011-02-01,2310.0
인도네시아,관광,2011-03-01,2998.0
인도네시아,관광,2011-04-01,3942.0
인도네시아,관광,2011-05-01,4419.0
인도네시아,관광,2011-06-01,5963.0
인도네시아,관광,2011-07-01,3881.0
인도네시아,관광,2011-08-01,10842.0
인도네시아,관광,2011-09-01,5390.0
인도네시아,관광,2011-10-01,5229.0
인도네시아,관광,2011-11-01,4664.0
인도네시아,관광,2011-12-01,12489.0
인도네시아,관광,2012-01-01,4689.0
인도네시아,관광,2012-02-01,4285.0
인도네시아,관광,2012-03-01,5135.0
인도네시아,관광,2012-04-01,8153.0
인도네시아,관광,2012-05-01,7988.0
인도네시아,관광,2012-06-01,8730.0
인도네시아,관광,2012-07-01,5673.0
인도네시아,관광,2012-08-01,12024.0
인도네시아,관광,2012-09-01,5869.0
인도네시아,관광,2012-10-01,7214.0
인도네시아,관광,2012-11-01,6285.0
인도네시아,관광,2012-12-01,14221.0
인도네시아,관광,2013-01-01,6569.0
인도네시아,관광,2013-02-01,4357.0
인도네시아,관광,2013-03-01,8166.0
인도네시아,관광,2013-04-01,7746.0
인도네시아,관광,2013-05-01,6933.0
인도네시아,관광,2013-06-01,8477.0
인도네시아,관광,2013-07-01,5054.0
인도네시아,관광,2013-08-01,11243.0
인도네시아,관광,2013-09-01,6464.0
인도네시아,관광,2013-10-01,8762.0
인도네시아,관광,2013-11-01,8442.0
인도네시아,관광,2013-12-01,14418.0
인도네시아,관광,2014-01-01,6711.0
인도네시아,관광,2014-02-01,5871.0
인도네시아,관광,2014-03-01,8207.0
인도네시아,관광,2014-04-01,11048.0
인도네시아,관광,2014-05-01,11969.0
인도네시아,관광,2014-06-01,10425.0
인도네시아,관광,2014-07-01,10265.0
인도네시아,관광,2014-08-01,3385.0
인도네시아,관광,2014-09-01,3380.0
인도네시아,관광,2014-10-01,10735.0
인도네시아,관광,2014-11-01,10143.0
인도네시아,관광,2014-12-01,16615.0
인도네시아,관광,2015-01-01,7582.0
인도네시아,관광,2015-02-01,6780.0
인도네시아,관광,2015-03-01,9565.0
인도네시아,관광,2015-04-01,11736.0
인도네시아,관광,2015-05-01,10179.0
인도네시아,관광,2015-06-01,5607.0
인도네시아,관광,2015-07-01,4765.0
인도네시아,관광,2015-08-01,4001.0
인도네시아,관광,2015-09-01,5768.0
인도네시아,관광,2015-10-01,9600.0
인도네시아,관광,2015-11-01,8763.0
인도네시아,관광,2015-12-01,13474.0
인도네시아,관광,2016-01-01,7977.0
인도네시아,관광,2016-02-01,7617.0
인도네시아,관광,2016-03-01,11062.0
인도네시아,관광,2016-04-01,14367.0
인도네시아,관광,2016-05-01,12526.0
인도네시아,관광,2016-06-01,11008.0
인도네시아,관광,2016-07-01,13236.0
인도네시아,관광,2016-08-01,6892.0
인도네시아,관광,2016-09-01,8486.0
인도네시아,관광,2016-10-01,14089.0
인도네시아,관광,2016-11-01,12913.0
인도네시아,관광,2016-12-01,19313.0
인도네시아,관광,2017-01-01,10102.0
인도네시아,관광,2017-02-01,11393.0
인도네시아,관광,2017-03-01,14177.0
인도네시아,관광,2017-04-01,17291.0
인도네시아,관광,2017-05-01,10460.0
인도네시아,관광,2017-06-01,13097.0
인도네시아,관광,2017-07-01,8372.0
인도네시아,관광,2017-08-01,6709.0
인도네시아,관광,2017-09-01,10807.0
인도네시아,관광,2017-10-01,13035.0
인도네시아,관광,2017-11-01,13727.0
인도네시아,관광,2017-12-01,17020.0
인도네시아,관광,2018-01-01,12566.0
인도네시아,관광,2018-02-01,10181.0
인도네시아,관광,2018-03-01,14635.0
인도네시아,관광,2018-04-01,20021.0
인도네시아,관광,2018-05-01,11610.0
인도네시아,관광,2018-06-01,16930.0
인도네시아,관광,2018-07-01,10766.0
인도네시아,관광,2018-08-01,7967.0
인도네시아,관광,2018-09-01,11174.0
인도네시아,관광,2018-10-01,16918.0
인도네시아,관광,2018-11-01,17925.0
인도네시아,관광,2018-12-01,21276.0
인도네시아,관광,2019-01-01,14183.0
인도네시아,관광,2019-02-01,12172.0
인도네시아,관광,2019-03-01,18857.0
인도네시아,관광,2019-04-01,22596.0
인도네시아,관광,2019-05-01,11464.0
인도네시아,관광,2019-06-01,19928.0
인도네시아,관광,2019-07-01,11279.0
인도네시아,관광,2019-08-01,8337.0
인도네시아,관광,2019-09-01,11858.0
인도네시아,관광,2019-10-01,20527.0
인도네시아,관광,2019-11-01,18189.0
인도네시아,관광,2019-12-01,23216.0
인도네시아,관광,2020-01-01,14336.0
인도네시아,관광,2020-02-01,12155.0
인도네시아,관광,2020-03-01,1030.0
인도네시아,관광,2020-04-01,572.0
인도네시아,관광,2020-05-01,581.0
인도네시아,관광,2020-06-01,707.0
인도네시아,관광,2020-07-01,1347.0
인도네시아,관광,2020-08-01,557.0
인도네시아,관광,2020-09-01,1078.0
인도네시아,관광,2020-10-01,1250.0
인도네시아,관광,2020-11-01,1258.0
인도네시아,관광,2020-12-01,1690.0
인도네시아,관광,2021-01-01,976.0
인도네시아,관광,2021-02-01,1034.0
인도네시아,관광,2021-03-01,1201.0
인도네시아,관광,2021-04-01,1280.0
인도네시아,관광,2021-05-01,1514.0
인도네시아,관광,2021-06-01,1356.0
인도네시아,관광,2021-07-01,1771.0
인도네시아,관광,2021-08-01,1470.0
인도네시아,관광,2021-09-01,872.0
인도네시아,관광,2021-10-01,1167.0
인도네시아,관광,2021-11-01,1369.0
인도네시아,관광,2021-12-01,1794.0
인도네시아,관광,2022-01-01,1294.0
인도네시아,관광,2022-02-01,1026.0
인도네시아,관광,2022-03-01,1214.0
인도네시아,관광,2022-04-01,1314.0
인도네시아,관광,2022-05-01,2160.0
인도네시아,관광,2022-06-01,3035.0
인도네시아,관광,2022-07-01,4007.0
인도네시아,관광,2022-08-01,3735.0
인도네시아,관광,2022-09-01,4842.0
인도네시아,관광,2022-10-01,10146.0
인도네시아,관광,2022-11-01,9730.0
인도네시아,관광,2022-12-01,14585.0
인도네시아,관광,2023-01-01,8320.0
인도네시아,관광,2023-02-01,8754.0
인도네시아,관광,2023-03-01,12504.0
인도네시아,관광,2023-04-01,16958.0
인도네시아,관광,2023-05-01,14032.0
인도네시아,관광,2023-06-01,12610.0
인도네시아,관광,2023-07-01,11258.0
인도네시아,관광,2023-08-01,9338.0
인도네시아,관광,2023-09-01,10505.0
인도네시아,관광,2023-10-01,17976.0
인도네시아,관광,2023-11-01,16402.0
인도네시아,관광,2023-12-01,18945.0
인도네시아,관광,2024-01-01,10840.0
인도네시아,관광,2024-02-01,9863.0
인도네시아,관광,2024-03-01,12223.0
인도네시아,관광,2024-04-01,23677.0
인도네시아,관광,2024-05-01,16244.0
인도네시아,관광,2024-06-01,13480.0
인도네시아,관광,2024-07-01,10142.0
인도네시아,관광,2024-08-01,7524.0
인도네시아,관광,2024-09-01,12252.0
인도네시아,관광,2024-10-01,20654.0
인도네시아,관광,2024-11-01,17189.0
인도네시아,관광,2024-12-01,24232.0
인도네시아,관광,2025-01-01,17161.0
인도네시아,관광,2025-02-01,13028.0
인도네시아,관광,2025-03-01,20129.0
인도네시아,관광,2025-04-01,20200.0
인도네시아,관광,2025-05-01,16783.0
인도네시아,상용,2005-01-01,263.0
인도네시아,상용,2005-02-01,190.0
인도네시아,상용,2005-03-01,246.0
인도네시아,상용,2005-04-01,294.0
인도네시아,상용,2005-05-01,296.0
인도네시아,상용,2005-06-01,272.0
인도네시아,상용,2005-07-01,223.0
인도네시아,상용,2005-08-01,305.0
인도네시아,상용,2005-09-01,343.0
인도네시아,상용,2005-10-01,346.0
인도네시아,상용,2005-11-01,477.0
인도네시아,상용,2005-12-01,285.0
인도네시아,상용,2006-01-01,234.0
인도네시아,상용,2006-02-01,222.0
인도네시아,상용,2006-03-01,243.0
인도네시아,상용,2006-04-01,326.0
인도네시아,상용,2006-05-01,259.0
인도네시아,상용,2006-06-01,294.0
인도네시아,상용,2006-07-01,245.0
인도네시아,상용,2006-08-01,234.0
인도네시아,상용,2006-09-01,258.0
인도네시아,상용,2006-10-01,226.0
인도네시아,상용,2006-11-01,281.0
인도네시아,상용,2006-12-01,261.0
인도네시아,상용,2007-01-01,260.0
인도네시아,상용,2007-02-01,249.0
인도네시아,상용,2007-03-01,281.0
인도네시아,상용,2007-04-01,358.0
인도네시아,상용,2007-05-01,464.0
인도네시아,상용,2007-06-01,336.0
인도네시아,상용,2007-07-01,459.0
인도네시아,상용,2007-08-01,371.0
인도네시아,상용,2007-09-01,292.0
인도네시아,상용,2007-10-01,405.0
인도네시아,상용,2007-11-01,435.0
인도네시아,상용,2007-12-01,246.0
인도네시아,상용,2008-01-01,200.0
인도네시아,상용,2008-02-01,278.0
인도네시아,상용,2008-03-01,373.0
인도네시아,상용,2008-04-01,445.0
인도네시아,상용,2008-05-01,475.0
인도네시아,상용,2008-06-01,364.0
인도네시아,상용,2008-07-01,300.0
인도네시아,상용,2008-08-01,343.0
인도네시아,상용,2008-09-01,336.0
인도네시아,상용,2008-10-01,451.0
인도네시아,상용,2008-11-01,425.0
인도네시아,상용,2008-12-01,267.0
인도네시아,상용,2009-01-01,163.0
인도네시아,상용,2009-02-01,253.0
인도네시아,상용,2009-03-01,296.0
인도네시아,상용,2009-04-01,296.0
인도네시아,상용,2009-05-01,334.0
인도네시아,상용,2009-06-01,349.0
인도네시아,상용,2009-07-01,279.0
인도네시아,상용,2009-08-01,369.0
인도네시아,상용,2009-09-01,377.0
인도네시아,상용,2009-10-01,500.0
인도네시아,상용,2009-11-01,521.0
인도네시아,상용,2009-12-01,286.0
인도네시아,상용,2010-01-01,327.0
인도네시아,상용,2010-02-01,235.0
인도네시아,상용,2010-03-01,585.0
인도네시아,상용,2010-04-01,529.0
인도네시아,상용,2010-05-01,619.0
인도네시아,상용,2010-06-01,530.0
인도네시아,상용,2010-07-01,377.0
인도네시아,상용,2010-08-01,337.0
인도네시아,상용,2010-09-01,397.0
인도네시아,상용,2010-10-01,658.0
인도네시아,상용,2010-11-01,636.0
인도네시아,상용,2010-12-01,364.0
인도네시아,상용,2011-01-01,316.0
인도네시아,상용,2011-02-01,397.0
인도네시아,상용,2011-03-01,564.0
인도네시아,상용,2011-04-01,476.0
인도네시아,상용,2011-05-01,542.0
인도네시아,상용,2011-06-01,437.0
인도네시아,상용,2011-07-01,548.0
인도네시아,상용,2011-08-01,281.0
인도네시아,상용,2011-09-01,537.0
인도네시아,상용,2011-10-01,702.0
인도네시아,상용,2011-11-01,679.0
인도네시아,상용,2011-12-01,372.0
인도네시아,상용,2012-01-01,418.0
인도네시아,상용,2012-02-01,586.0
인도네시아,상용,2012-03-01,560.0
인도네시아,상용,2012-04-01,576.0
인도네시아,상용,2012-05-01,652.0
인도네시아,상용,2012-06-01,633.0
인도네시아,상용,2012-07-01,509.0
인도네시아,상용,2012-08-01,299.0
인도네시아,상용,2012-09-01,463.0
인도네시아,상용,2012-10-01,532.0
인도네시아,상용,2012-11-01,383.0
인도네시아,상용,2012-12-01,217.0
인도네시아,상용,2013-01-01,224.0
인도네시아,상용,2013-02-01,297.0
인도네시아,상용,2013-03-01,307.0
인도네시아,상용,2013-04-01,369.0
인도네시아,상용,2013-05-01,342.0
인도네시아,상용,2013-06-01,486.0
인도네시아,상용,2013-07-01,429.0
인도네시아,상용,2013-08-01,359.0
인도네시아,상용,2013-09-01,559.0
인도네시아,상용,2013-10-01,506.0
인도네시아,상용,2013-11-01,534.0
인도네시아,상용,2013-12-01,382.0
인도네시아,상용,2014-01-01,286.0
인도네시아,상용,2014-02-01,362.0
인도네시아,상용,2014-03-01,532.0
인도네시아,상용,2014-04-01,431.0
인도네시아,상용,2014-05-01,491.0
인도네시아,상용,2014-06-01,379.0
인도네시아,상용,2014-07-01,210.0
인도네시아,상용,2014-08-01,311.0
인도네시아,상용,2014-09-01,403.0
인도네시아,상용,2014-10-01,259.0
인도네시아,상용,2014-11-01,197.0
인도네시아,상용,2014-12-01,217.0
인도네시아,상용,2015-01-01,163.0
인도네시아,상용,2015-02-01,176.0
인도네시아,상용,2015-03-01,274.0
인도네시아,상용,2015-04-01,264.0
인도네시아,상용,2015-05-01,268.0
인도네시아,상용,2015-06-01,128.0
인도네시아,상용,2015-07-01,102.0
인도네시아,상용,2015-08-01,206.0
인도네시아,상용,2015-09-01,159.0
인도네시아,상용,2015-10-01,234.0
인도네시아,상용,2015-11-01,249.0
인도네시아,상용,2015-12-01,297.0
인도네시아,상용,2016-01-01,269.0
인도네시아,상용,2016-02-01,311.0
인도네시아,상용,2016-03-01,284.0
인도네시아,상용,2016-04-01,350.0
인도네시아,상용,2016-05-01,389.0
인도네시아,상용,2016-06-01,273.0
인도네시아,상용,2016-07-01,310.0
인도네시아,상용,2016-08-01,356.0
인도네시아,상용,2016-09-01,365.0
인도네시아,상용,2016-10-01,534.0
인도네시아,상용,2016-11-01,487.0
인도네시아,상용,2016-12-01,314.0
인도네시아,상용,2017-01-01,268.0
인도네시아,상용,2017-02-01,297.0
인도네시아,상용,2017-03-01,409.0
인도네시아,상용,2017-04-01,317.0
인도네시아,상용,2017-05-01,333.0
인도네시아,상용,2017-06-01,252.0
인도네시아,상용,2017-07-01,277.0
인도네시아,상용,2017-08-01,193.0
인도네시아,상용,2017-09-01,354.0
인도네시아,상용,2017-10-01,283.0
인도네시아,상용,2017-11-01,311.0
인도네시아,상용,2017-12-01,232.0
인도네시아,상용,2018-01-01,197.0
인도네시아,상용,2018-02-01,178.0
인도네시아,상용,2018-03-01,302.0
인도네시아,상용,2018-04-01,287.0
인도네시아,상용,2018-05-01,263.0
인도네시아,상용,2018-06-01,158.0
인도네시아,상용,2018-07-01,244.0
인도네시아,상용,2018-08-01,168.0
인도네시아,상용,2018-09-01,282.0
인도네시아,상용,2018-10-01,278.0
인도네시아,상용,2018-11-01,191.0
인도네시아,상용,2018-12-01,185.0
인도네시아,상용,2019-01-01,136.0
인도네시아,상용,2019-02-01,147.0
인도네시아,상용,2019-03-01,242.0
인도네시아,상용,2019-04-01,225.0
인도네시아,상용,2019-05-01,154.0
인도네시아,상용,2019-06-01,182.0
인도네시아,상용,2019-07-01,146.0
인도네시아,상용,2019-08-01,103.0
인도네시아,상용,2019-09-01,149.0
인도네시아,상용,2019-10-01,137.0
인도네시아,상용,2019-11-01,142.0
인도네시아,상용,2019-12-01,126.0
인도네시아,상용,2020-01-01,98.0
인도네시아,상용,2020-02-01,47.0
인도네시아,상용,2020-03-01,6.0
인도네시아,상용,2020-04-01,2.0
인도네시아,상용,2020-05-01,3.0
인도네시아,상용,2020-06-01,0.0
인도네시아,상용,2020-07-01,6.0
인도네시아,상용,2020-08-01,8.0
인도네시아,상용,2020-09-01,10.0
인도네시아,상용,2020-10-01,1.0
인도네시아,상용,2020-11-01,4.0
인도네시아,상용,2020-12-01,6.0
인도네시아,상용,2021-01-01,3.0
인도네시아,상용,2021-02-01,1.0
인도네시아,상용,2021-03-01,4.0
인도네시아,상용,2021-04-01,4.0
인도네시아,상용,2021-05-01,4.0
인도네시아,상용,2021-06-01,4.0
인도네시아,상용,2021-07-01,8.0
인도네시아,상용,2021-08-01,3.0
인도네시아,상용,2021-09-01,8.0
인도네시아,상용,2021-10-01,14.0
인도네시아,상용,2021-11-01,5.0
인도네시아,상용,2021-12-01,6.0
인도네시아,상용,2022-01-01,1.0
인도네시아,상용,2022-02-01,8.0
인도네시아,상용,2022-03-01,13.0
인도네시아,상용,2022-04-01,18.0
인도네시아,상용,2022-05-01,25.0
인도네시아,상용,2022-06-01,24.0
인도네시아,상용,2022-07-01,44.0
인도네시아,상용,2022-08-01,63.0
인도네시아,상용,2022-09-01,67.0
인도네시아,상용,2022-10-01,92.0
인도네시아,상용,2022-11-01,97.0
인도네시아,상용,2022-12-01,95.0
인도네시아,상용,2023-01-01,64.0
인도네시아,상용,2023-02-01,87.0
인도네시아,상용,2023-03-01,158.0
인도네시아,상용,2023-04-01,154.0
인도네시아,상용,2023-05-01,115.0
인도네시아,상용,2023-06-01,157.0
인도네시아,상용,2023-07-01,141.0
인도네시아,상용,2023-08-01,159.0
인도네시아,상용,2023-09-01,178.0
인도네시아,상용,2023-10-01,174.0
인도네시아,상용,2023-11-01,216.0
인도네시아,상용,2023-12-01,147.0
인도네시아,상용,2024-01-01,104.0
인도네시아,상용,2024-02-01,132.0
인도네시아,상용,2024-03-01,175.0
인도네시아,상용,2024-04-01,254.0
인도네시아,상용,2024-05-01,233.0
인도네시아,상용,2024-06-01,224.0
인도네시아,상용,2024-07-01,232.0
인도네시아,상용,2024-08-01,179.0
인도네시아,상용,2024-09-01,216.0
인도네시아,상용,2024-10-01,256.0
인도네시아,상용,2024-11-01,288.0
인도네시아,상용,2024-12-01,218.0
인도네시아,상용,2025-01-01,151.0
인도네시아,상용,2025-02-01,198.0
인도네시아,상용,2025-03-01,264.0
인도네시아,상용,2025-04-01,224.0
인도네시아,상용,2025-05-01,201.0
인도네시아,유학연수,2005-01-01,16.0
인도네시아,유학연수,2005-02-01,53.0
인도네시아,유학연수,2005-03-01,19.0
인도네시아,유학연수,2005-04-01,4.0
인도네시아,유학연수,2005-05-01,10.0
인도네시아,유학연수,2005-06-01,5.0
인도네시아,유학연수,2005-07-01,12.0
인도네시아,유학연수,2005-08-01,40.0
인도네시아,유학연수,2005-09-01,23.0
인도네시아,유학연수,2005-10-01,6.0
인도네시아,유학연수,2005-11-01,6.0
인도네시아,유학연수,2005-12-01,9.0
인도네시아,유학연수,2006-01-01,19.0
인도네시아,유학연수,2006-02-01,59.0
인도네시아,유학연수,2006-03-01,37.0
인도네시아,유학연수,2006-04-01,11.0
인도네시아,유학연수,2006-05-01,5.0
인도네시아,유학연수,2006-06-01,7.0
인도네시아,유학연수,2006-07-01,16.0
인도네시아,유학연수,2006-08-01,48.0
인도네시아,유학연수,2006-09-01,31.0
인도네시아,유학연수,2006-10-01,13.0
인도네시아,유학연수,2006-11-01,9.0
인도네시아,유학연수,2006-12-01,17.0
인도네시아,유학연수,2007-01-01,25.0
인도네시아,유학연수,2007-02-01,75.0
인도네시아,유학연수,2007-03-01,37.0
인도네시아,유학연수,2007-04-01,16.0
인도네시아,유학연수,2007-05-01,8.0
인도네시아,유학연수,2007-06-01,11.0
인도네시아,유학연수,2007-07-01,41.0
인도네시아,유학연수,2007-08-01,65.0
인도네시아,유학연수,2007-09-01,46.0
인도네시아,유학연수,2007-10-01,14.0
인도네시아,유학연수,2007-11-01,16.0
인도네시아,유학연수,2007-12-01,20.0
인도네시아,유학연수,2008-01-01,54.0
인도네시아,유학연수,2008-02-01,94.0
인도네시아,유학연수,2008-03-01,59.0
인도네시아,유학연수,2008-04-01,13.0
인도네시아,유학연수,2008-05-01,18.0
인도네시아,유학연수,2008-06-01,17.0
인도네시아,유학연수,2008-07-01,36.0
인도네시아,유학연수,2008-08-01,133.0
인도네시아,유학연수,2008-09-01,38.0
인도네시아,유학연수,2008-10-01,23.0
인도네시아,유학연수,2008-11-01,14.0
인도네시아,유학연수,2008-12-01,15.0
인도네시아,유학연수,2009-01-01,42.0
인도네시아,유학연수,2009-02-01,149.0
인도네시아,유학연수,2009-03-01,42.0
인도네시아,유학연수,2009-04-01,13.0
인도네시아,유학연수,2009-05-01,18.0
인도네시아,유학연수,2009-06-01,21.0
인도네시아,유학연수,2009-07-01,34.0
인도네시아,유학연수,2009-08-01,160.0
인도네시아,유학연수,2009-09-01,38.0
인도네시아,유학연수,2009-10-01,21.0
인도네시아,유학연수,2009-11-01,16.0
인도네시아,유학연수,2009-12-01,21.0
인도네시아,유학연수,2010-01-01,65.0
인도네시아,유학연수,2010-02-01,164.0
인도네시아,유학연수,2010-03-01,75.0
인도네시아,유학연수,2010-04-01,11.0
인도네시아,유학연수,2010-05-01,19.0
인도네시아,유학연수,2010-06-01,30.0
인도네시아,유학연수,2010-07-01,51.0
인도네시아,유학연수,2010-08-01,236.0
인도네시아,유학연수,2010-09-01,66.0
인도네시아,유학연수,2010-10-01,22.0
인도네시아,유학연수,2010-11-01,20.0
인도네시아,유학연수,2010-12-01,30.0
인도네시아,유학연수,2011-01-01,66.0
인도네시아,유학연수,2011-02-01,265.0
인도네시아,유학연수,2011-03-01,61.0
인도네시아,유학연수,2011-04-01,27.0
인도네시아,유학연수,2011-05-01,20.0
인도네시아,유학연수,2011-06-01,32.0
인도네시아,유학연수,2011-07-01,91.0
인도네시아,유학연수,2011-08-01,226.0
인도네시아,유학연수,2011-09-01,132.0
인도네시아,유학연수,2011-10-01,41.0
인도네시아,유학연수,2011-11-01,29.0
인도네시아,유학연수,2011-12-01,37.0
인도네시아,유학연수,2012-01-01,91.0
인도네시아,유학연수,2012-02-01,362.0
인도네시아,유학연수,2012-03-01,74.0
인도네시아,유학연수,2012-04-01,30.0
인도네시아,유학연수,2012-05-01,35.0
인도네시아,유학연수,2012-06-01,56.0
인도네시아,유학연수,2012-07-01,69.0
인도네시아,유학연수,2012-08-01,371.0
인도네시아,유학연수,2012-09-01,126.0
인도네시아,유학연수,2012-10-01,42.0
인도네시아,유학연수,2012-11-01,53.0
인도네시아,유학연수,2012-12-01,35.0
인도네시아,유학연수,2013-01-01,74.0
인도네시아,유학연수,2013-02-01,388.0
인도네시아,유학연수,2013-03-01,142.0
인도네시아,유학연수,2013-04-01,30.0
인도네시아,유학연수,2013-05-01,44.0
인도네시아,유학연수,2013-06-01,45.0
인도네시아,유학연수,2013-07-01,77.0
인도네시아,유학연수,2013-08-01,374.0
인도네시아,유학연수,2013-09-01,168.0
인도네시아,유학연수,2013-10-01,58.0
인도네시아,유학연수,2013-11-01,57.0
인도네시아,유학연수,2013-12-01,42.0
인도네시아,유학연수,2014-01-01,96.0
인도네시아,유학연수,2014-02-01,436.0
인도네시아,유학연수,2014-03-01,161.0
인도네시아,유학연수,2014-04-01,35.0
인도네시아,유학연수,2014-05-01,43.0
인도네시아,유학연수,2014-06-01,66.0
인도네시아,유학연수,2014-07-01,96.0
인도네시아,유학연수,2014-08-01,470.0
인도네시아,유학연수,2014-09-01,156.0
인도네시아,유학연수,2014-10-01,70.0
인도네시아,유학연수,2014-11-01,70.0
인도네시아,유학연수,2014-12-01,57.0
인도네시아,유학연수,2015-01-01,111.0
인도네시아,유학연수,2015-02-01,520.0
인도네시아,유학연수,2015-03-01,173.0
인도네시아,유학연수,2015-04-01,36.0
인도네시아,유학연수,2015-05-01,72.0
인도네시아,유학연수,2015-06-01,102.0
인도네시아,유학연수,2015-07-01,106.0
인도네시아,유학연수,2015-08-01,634.0
인도네시아,유학연수,2015-09-01,174.0
인도네시아,유학연수,2015-10-01,71.0
인도네시아,유학연수,2015-11-01,66.0
인도네시아,유학연수,2015-12-01,87.0
인도네시아,유학연수,2016-01-01,155.0
인도네시아,유학연수,2016-02-01,652.0
인도네시아,유학연수,2016-03-01,121.0
인도네시아,유학연수,2016-04-01,56.0
인도네시아,유학연수,2016-05-01,75.0
인도네시아,유학연수,2016-06-01,117.0
인도네시아,유학연수,2016-07-01,191.0
인도네시아,유학연수,2016-08-01,627.0
인도네시아,유학연수,2016-09-01,175.0
인도네시아,유학연수,2016-10-01,84.0
인도네시아,유학연수,2016-11-01,77.0
인도네시아,유학연수,2016-12-01,82.0
인도네시아,유학연수,2017-01-01,114.0
인도네시아,유학연수,2017-02-01,595.0
인도네시아,유학연수,2017-03-01,164.0
인도네시아,유학연수,2017-04-01,61.0
인도네시아,유학연수,2017-05-01,76.0
인도네시아,유학연수,2017-06-01,105.0
인도네시아,유학연수,2017-07-01,216.0
인도네시아,유학연수,2017-08-01,654.0
인도네시아,유학연수,2017-09-01,174.0
인도네시아,유학연수,2017-10-01,137.0
인도네시아,유학연수,2017-11-01,86.0
인도네시아,유학연수,2017-12-01,122.0
인도네시아,유학연수,2018-01-01,157.0
인도네시아,유학연수,2018-02-01,663.0
인도네시아,유학연수,2018-03-01,204.0
인도네시아,유학연수,2018-04-01,48.0
인도네시아,유학연수,2018-05-01,75.0
인도네시아,유학연수,2018-06-01,135.0
인도네시아,유학연수,2018-07-01,192.0
인도네시아,유학연수,2018-08-01,715.0
인도네시아,유학연수,2018-09-01,233.0
인도네시아,유학연수,2018-10-01,73.0
인도네시아,유학연수,2018-11-01,96.0
인도네시아,유학연수,2018-12-01,141.0
인도네시아,유학연수,2019-01-01,187.0
인도네시아,유학연수,2019-02-01,697.0
인도네시아,유학연수,2019-03-01,277.0
인도네시아,유학연수,2019-04-01,54.0
인도네시아,유학연수,2019-05-01,75.0
인도네시아,유학연수,2019-06-01,223.0
인도네시아,유학연수,2019-07-01,230.0
인도네시아,유학연수,2019-08-01,814.0
인도네시아,유학연수,2019-09-01,279.0
인도네시아,유학연수,2019-10-01,84.0
인도네시아,유학연수,2019-11-01,109.0
인도네시아,유학연수,2019-12-01,117.0
인도네시아,유학연수,2020-01-01,231.0
인도네시아,유학연수,2020-02-01,374.0
인도네시아,유학연수,2020-03-01,373.0
인도네시아,유학연수,2020-04-01,83.0
인도네시아,유학연수,2020-05-01,9.0
인도네시아,유학연수,2020-06-01,9.0
인도네시아,유학연수,2020-07-01,21.0
인도네시아,유학연수,2020-08-01,282.0
인도네시아,유학연수,2020-09-01,64.0
인도네시아,유학연수,2020-10-01,24.0
인도네시아,유학연수,2020-11-01,23.0
인도네시아,유학연수,2020-12-01,12.0
인도네시아,유학연수,2021-01-01,74.0
인도네시아,유학연수,2021-02-01,436.0
인도네시아,유학연수,2021-03-01,83.0
인도네시아,유학연수,2021-04-01,28.0
인도네시아,유학연수,2021-05-01,34.0
인도네시아,유학연수,2021-06-01,32.0
인도네시아,유학연수,2021-07-01,39.0
인도네시아,유학연수,2021-08-01,156.0
인도네시아,유학연수,2021-09-01,101.0
인도네시아,유학연수,2021-10-01,4.0
인도네시아,유학연수,2021-11-01,15.0
인도네시아,유학연수,2021-12-01,120.0
인도네시아,유학연수,2022-01-01,70.0
인도네시아,유학연수,2022-02-01,711.0
인도네시아,유학연수,2022-03-01,163.0
인도네시아,유학연수,2022-04-01,48.0
인도네시아,유학연수,2022-05-01,57.0
인도네시아,유학연수,2022-06-01,128.0
인도네시아,유학연수,2022-07-01,157.0
인도네시아,유학연수,2022-08-01,1095.0
인도네시아,유학연수,2022-09-01,242.0
인도네시아,유학연수,2022-10-01,74.0
인도네시아,유학연수,2022-11-01,81.0
인도네시아,유학연수,2022-12-01,110.0
인도네시아,유학연수,2023-01-01,190.0
인도네시아,유학연수,2023-02-01,901.0
인도네시아,유학연수,2023-03-01,202.0
인도네시아,유학연수,2023-04-01,59.0
인도네시아,유학연수,2023-05-01,124.0
인도네시아,유학연수,2023-06-01,108.0
인도네시아,유학연수,2023-07-01,264.0
인도네시아,유학연수,2023-08-01,1225.0
인도네시아,유학연수,2023-09-01,260.0
인도네시아,유학연수,2023-10-01,145.0
인도네시아,유학연수,2023-11-01,161.0
인도네시아,유학연수,2023-12-01,118.0
인도네시아,유학연수,2024-01-01,255.0
인도네시아,유학연수,2024-02-01,980.0
인도네시아,유학연수,2024-03-01,290.0
인도네시아,유학연수,2024-04-01,102.0
인도네시아,유학연수,2024-05-01,132.0
인도네시아,유학연수,2024-06-01,189.0
인도네시아,유학연수,2024-07-01,284.0
인도네시아,유학연수,2024-08-01,1445.0
인도네시아,유학연수,2024-09-01,327.0
인도네시아,유학연수,2024-10-01,94.0
인도네시아,유학연수,2024-11-01,157.0
인도네시아,유학연수,2024-12-01,187.0
인도네시아,유학연수,2025-01-01,234.0
인도네시아,유학연수,2025-02-01,1007.0
인도네시아,유학연수,2025-03-01,327.0
인도네시아,유학연수,2025-04-01,115.0
인도네시아,유학연수,2025-05-01,176.0
일본,공용,2005-01-01,159.0
일본,공용,2005-02-01,109.0
일본,공용,2005-03-01,151.0
일본,공용,2005-04-01,108.0
일본,공용,2005-05-01,112.0
일본,공용,2005-06-01,175.0
일본,공용,2005-07-01,88.0
일본,공용,2005-08-01,109.0
일본,공용,2005-09-01,148.0
일본,공용,2005-10-01,183.0
일본,공용,2005-11-01,312.0
일본,공용,2005-12-01,131.0
일본,공용,2006-01-01,112.0
일본,공용,2006-02-01,98.0
일본,공용,2006-03-01,161.0
일본,공용,2006-04-01,99.0
일본,공용,2006-05-01,83.0
일본,공용,2006-06-01,137.0
일본,공용,2006-07-01,54.0
일본,공용,2006-08-01,180.0
일본,공용,2006-09-01,135.0
일본,공용,2006-10-01,146.0
일본,공용,2006-11-01,128.0
일본,공용,2006-12-01,108.0
일본,공용,2007-01-01,97.0
일본,공용,2007-02-01,44.0
일본,공용,2007-03-01,127.0
일본,공용,2007-04-01,125.0
일본,공용,2007-05-01,68.0
일본,공용,2007-06-01,84.0
일본,공용,2007-07-01,79.0
일본,공용,2007-08-01,139.0
일본,공용,2007-09-01,146.0
일본,공용,2007-10-01,110.0
일본,공용,2007-11-01,364.0
일본,공용,2007-12-01,67.0
일본,공용,2008-01-01,107.0
일본,공용,2008-02-01,174.0
일본,공용,2008-03-01,121.0
일본,공용,2008-04-01,96.0
일본,공용,2008-05-01,64.0
일본,공용,2008-06-01,108.0
일본,공용,2008-07-01,90.0
일본,공용,2008-08-01,114.0
일본,공용,2008-09-01,113.0
일본,공용,2008-10-01,101.0
일본,공용,2008-11-01,287.0
일본,공용,2008-12-01,103.0
일본,공용,2009-01-01,109.0
일본,공용,2009-02-01,84.0
일본,공용,2009-03-01,151.0
일본,공용,2009-04-01,99.0
일본,공용,2009-05-01,73.0
일본,공용,2009-06-01,75.0
일본,공용,2009-07-01,61.0
일본,공용,2009-08-01,110.0
일본,공용,2009-09-01,64.0
일본,공용,2009-10-01,70.0
일본,공용,2009-11-01,364.0
일본,공용,2009-12-01,63.0
일본,공용,2010-01-01,89.0
일본,공용,2010-02-01,63.0
일본,공용,2010-03-01,124.0
일본,공용,2010-04-01,74.0
일본,공용,2010-05-01,150.0
일본,공용,2010-06-01,81.0
일본,공용,2010-07-01,76.0
일본,공용,2010-08-01,103.0
일본,공용,2010-09-01,147.0
일본,공용,2010-10-01,85.0
일본,공용,2010-11-01,153.0
일본,공용,2010-12-01,61.0
일본,공용,2011-01-01,115.0
일본,공용,2011-02-01,70.0
일본,공용,2011-03-01,102.0
일본,공용,2011-04-01,52.0
일본,공용,2011-05-01,58.0
일본,공용,2011-06-01,72.0
일본,공용,2011-07-01,69.0
일본,공용,2011-08-01,92.0
일본,공용,2011-09-01,72.0
일본,공용,2011-10-01,111.0
일본,공용,2011-11-01,347.0
일본,공용,2011-12-01,111.0
일본,공용,2012-01-01,141.0
일본,공용,2012-02-01,117.0
일본,공용,2012-03-01,171.0
일본,공용,2012-04-01,127.0
일본,공용,2012-05-01,125.0
일본,공용,2012-06-01,103.0
일본,공용,2012-07-01,86.0
일본,공용,2012-08-01,132.0
일본,공용,2012-09-01,125.0
일본,공용,2012-10-01,463.0
일본,공용,2012-11-01,181.0
일본,공용,2012-12-01,68.0
일본,공용,2013-01-01,127.0
일본,공용,2013-02-01,94.0
일본,공용,2013-03-01,146.0
일본,공용,2013-04-01,110.0
일본,공용,2013-05-01,64.0
일본,공용,2013-06-01,90.0
일본,공용,2013-07-01,89.0
일본,공용,2013-08-01,100.0
일본,공용,2013-09-01,171.0
일본,공용,2013-10-01,513.0
일본,공용,2013-11-01,134.0
일본,공용,2013-12-01,115.0
일본,공용,2014-01-01,81.0
일본,공용,2014-02-01,90.0
일본,공용,2014-03-01,183.0
일본,공용,2014-04-01,149.0
일본,공용,2014-05-01,92.0
일본,공용,2014-06-01,146.0
일본,공용,2014-07-01,108.0
일본,공용,2014-08-01,163.0
일본,공용,2014-09-01,216.0
일본,공용,2014-10-01,481.0
일본,공용,2014-11-01,189.0
일본,공용,2014-12-01,128.0
일본,공용,2015-01-01,110.0
일본,공용,2015-02-01,96.0
일본,공용,2015-03-01,186.0
일본,공용,2015-04-01,200.0
일본,공용,2015-05-01,132.0
일본,공용,2015-06-01,149.0
일본,공용,2015-07-01,118.0
일본,공용,2015-08-01,131.0
일본,공용,2015-09-01,147.0
일본,공용,2015-10-01,280.0
일본,공용,2015-11-01,533.0
일본,공용,2015-12-01,88.0
일본,공용,2016-01-01,139.0
일본,공용,2016-02-01,80.0
일본,공용,2016-03-01,156.0
일본,공용,2016-04-01,153.0
일본,공용,2016-05-01,89.0
일본,공용,2016-06-01,167.0
일본,공용,2016-07-01,139.0
일본,공용,2016-08-01,183.0
일본,공용,2016-09-01,159.0
일본,공용,2016-10-01,291.0
일본,공용,2016-11-01,150.0
일본,공용,2016-12-01,115.0
일본,공용,2017-01-01,91.0
일본,공용,2017-02-01,103.0
일본,공용,2017-03-01,121.0
일본,공용,2017-04-01,118.0
일본,공용,2017-05-01,109.0
일본,공용,2017-06-01,106.0
일본,공용,2017-07-01,118.0
일본,공용,2017-08-01,198.0
일본,공용,2017-09-01,220.0
일본,공용,2017-10-01,229.0
일본,공용,2017-11-01,170.0
일본,공용,2017-12-01,132.0
일본,공용,2018-01-01,138.0
일본,공용,2018-02-01,144.0
일본,공용,2018-03-01,214.0
일본,공용,2018-04-01,117.0
일본,공용,2018-05-01,115.0
일본,공용,2018-06-01,116.0
일본,공용,2018-07-01,203.0
일본,공용,2018-08-01,136.0
일본,공용,2018-09-01,208.0
일본,공용,2018-10-01,557.0
일본,공용,2018-11-01,159.0
일본,공용,2018-12-01,161.0
일본,공용,2019-01-01,127.0
일본,공용,2019-02-01,119.0
일본,공용,2019-03-01,126.0
일본,공용,2019-04-01,126.0
일본,공용,2019-05-01,91.0
일본,공용,2019-06-01,136.0
일본,공용,2019-07-01,149.0
일본,공용,2019-08-01,165.0
일본,공용,2019-09-01,211.0
일본,공용,2019-10-01,438.0
일본,공용,2019-11-01,187.0
일본,공용,2019-12-01,166.0
일본,공용,2020-01-01,141.0
일본,공용,2020-02-01,64.0
일본,공용,2020-03-01,16.0
일본,공용,2020-04-01,2.0
일본,공용,2020-05-01,3.0
일본,공용,2020-06-01,4.0
일본,공용,2020-07-01,30.0
일본,공용,2020-08-01,11.0
일본,공용,2020-09-01,10.0
일본,공용,2020-10-01,4.0
일본,공용,2020-11-01,4.0
일본,공용,2020-12-01,8.0
일본,공용,2021-01-01,14.0
일본,공용,2021-02-01,2.0
일본,공용,2021-03-01,12.0
일본,공용,2021-04-01,2.0
일본,공용,2021-05-01,5.0
일본,공용,2021-06-01,5.0
일본,공용,2021-07-01,12.0
일본,공용,2021-08-01,10.0
일본,공용,2021-09-01,12.0
일본,공용,2021-10-01,11.0
일본,공용,2021-11-01,8.0
일본,공용,2021-12-01,7.0
일본,공용,2022-01-01,17.0
일본,공용,2022-02-01,5.0
일본,공용,2022-03-01,13.0
일본,공용,2022-04-01,8.0
일본,공용,2022-05-01,19.0
일본,공용,2022-06-01,25.0
일본,공용,2022-07-01,41.0
일본,공용,2022-08-01,49.0
일본,공용,2022-09-01,64.0
일본,공용,2022-10-01,60.0
일본,공용,2022-11-01,72.0
일본,공용,2022-12-01,36.0
일본,공용,2023-01-01,80.0
일본,공용,2023-02-01,72.0
일본,공용,2023-03-01,87.0
일본,공용,2023-04-01,135.0
일본,공용,2023-05-01,204.0
일본,공용,2023-06-01,132.0
일본,공용,2023-07-01,169.0
일본,공용,2023-08-01,125.0
일본,공용,2023-09-01,196.0
일본,공용,2023-10-01,144.0
일본,공용,2023-11-01,579.0
일본,공용,2023-12-01,144.0
일본,공용,2024-01-01,133.0
일본,공용,2024-02-01,119.0
일본,공용,2024-03-01,158.0
일본,공용,2024-04-01,132.0
일본,공용,2024-05-01,158.0
일본,공용,2024-06-01,235.0
일본,공용,2024-07-01,173.0
일본,공용,2024-08-01,187.0
일본,공용,2024-09-01,268.0
일본,공용,2024-10-01,189.0
일본,공용,2024-11-01,679.0
일본,공용,2024-12-01,156.0
일본,공용,2025-01-01,158.0
일본,공용,2025-02-01,135.0
일본,공용,2025-03-01,207.0
일본,공용,2025-04-01,168.0
일본,공용,2025-05-01,159.0
일본,관광,2005-01-01,189569.0
일본,관광,2005-02-01,191921.0
일본,관광,2005-03-01,244309.0
일본,관광,2005-04-01,180976.0
일본,관광,2005-05-01,160274.0
일본,관광,2005-06-01,162648.0
일본,관광,2005-07-01,172843.0
일본,관광,2005-08-01,206261.0
일본,관광,2005-09-01,206278.0
일본,관광,2005-10-01,222820.0
일본,관광,2005-11-01,211077.0
일본,관광,2005-12-01,193690.0
일본,관광,2006-01-01,145788.0
일본,관광,2006-02-01,169209.0
일본,관광,2006-03-01,216870.0
일본,관광,2006-04-01,169768.0
일본,관광,2006-05-01,190152.0
일본,관광,2006-06-01,186070.0
일본,관광,2006-07-01,167402.0
일본,관광,2006-08-01,208900.0
일본,관광,2006-09-01,207951.0
일본,관광,2006-10-01,204618.0
일본,관광,2006-11-01,208047.0
일본,관광,2006-12-01,181670.0
일본,관광,2007-01-01,163785.0
일본,관광,2007-02-01,173347.0
일본,관광,2007-03-01,204858.0
일본,관광,2007-04-01,164970.0
일본,관광,2007-05-01,170462.0
일본,관광,2007-06-01,169551.0
일본,관광,2007-07-01,157325.0
일본,관광,2007-08-01,189251.0
일본,관광,2007-09-01,185466.0
일본,관광,2007-10-01,218795.0
일본,관광,2007-11-01,196578.0
일본,관광,2007-12-01,164145.0
일본,관광,2008-01-01,146620.0
일본,관광,2008-02-01,164204.0
일본,관광,2008-03-01,204603.0
일본,관광,2008-04-01,172810.0
일본,관광,2008-05-01,184776.0
일본,관광,2008-06-01,176903.0
일본,관광,2008-07-01,171591.0
일본,관광,2008-08-01,184099.0
일본,관광,2008-09-01,195929.0
일본,관광,2008-10-01,224798.0
일본,관광,2008-11-01,224451.0
일본,관광,2008-12-01,251576.0
일본,관광,2009-01-01,230303.0
일본,관광,2009-02-01,288576.0
일본,관광,2009-03-01,320645.0
일본,관광,2009-04-01,269353.0
일본,관광,2009-05-01,203787.0
일본,관광,2009-06-01,176347.0
일본,관광,2009-07-01,222574.0
일본,관광,2009-08-01,238691.0
일본,관광,2009-09-01,282990.0
일본,관광,2009-10-01,264219.0
일본,관광,2009-11-01,249622.0
일본,관광,2009-12-01,231841.0
일본,관광,2010-01-01,202825.0
일본,관광,2010-02-01,224475.0
일본,관광,2010-03-01,299820.0
일본,관광,2010-04-01,233697.0
일본,관광,2010-05-01,233311.0
일본,관광,2010-06-01,226786.0
일본,관광,2010-07-01,221590.0
일본,관광,2010-08-01,254178.0
일본,관광,2010-09-01,259846.0
일본,관광,2010-10-01,295488.0
일본,관광,2010-11-01,268947.0
일본,관광,2010-12-01,224684.0
일본,관광,2011-01-01,189601.0
일본,관광,2011-02-01,213970.0
일본,관광,2011-03-01,262003.0
일본,관광,2011-04-01,213645.0
일본,관광,2011-05-01,229017.0
일본,관광,2011-06-01,249397.0
일본,관광,2011-07-01,269455.0
일본,관광,2011-08-01,315693.0
일본,관광,2011-09-01,312686.0
일본,관광,2011-10-01,332700.0
일본,관광,2011-11-01,325057.0
일본,관광,2011-12-01,293435.0
일본,관광,2012-01-01,235585.0
일본,관광,2012-02-01,287950.0
일본,관광,2012-03-01,353455.0
일본,관광,2012-04-01,291877.0
일본,관광,2012-05-01,306488.0
일본,관광,2012-06-01,296274.0
일본,관광,2012-07-01,291787.0
일본,관광,2012-08-01,334318.0
일본,관광,2012-09-01,301543.0
일본,관광,2012-10-01,259529.0
일본,관광,2012-11-01,243495.0
일본,관광,2012-12-01,220917.0
일본,관광,2013-01-01,198320.0
일본,관광,2013-02-01,209621.0
일본,관광,2013-03-01,280541.0
일본,관광,2013-04-01,194611.0
일본,관광,2013-05-01,205412.0
일본,관광,2013-06-01,191995.0
일본,관광,2013-07-01,200452.0
일본,관광,2013-08-01,258870.0
일본,관광,2013-09-01,234591.0
일본,관광,2013-10-01,235183.0
일본,관광,2013-11-01,215737.0
일본,관광,2013-12-01,208626.0
일본,관광,2014-01-01,164038.0
일본,관광,2014-02-01,181307.0
일본,관광,2014-03-01,239575.0
일본,관광,2014-04-01,169382.0
일본,관광,2014-05-01,184996.0
일본,관광,2014-06-01,164438.0
일본,관광,2014-07-01,164741.0
일본,관광,2014-08-01,198068.0
일본,관광,2014-09-01,186840.0
일본,관광,2014-10-01,182575.0
일본,관광,2014-11-01,172285.0
일본,관광,2014-12-01,164921.0
일본,관광,2015-01-01,131909.0
일본,관광,2015-02-01,134366.0
일본,관광,2015-03-01,211846.0
일본,관광,2015-04-01,147108.0
일본,관광,2015-05-01,176044.0
일본,관광,2015-06-01,93726.0
일본,관광,2015-07-01,74890.0
일본,관광,2015-08-01,137125.0
일본,관광,2015-09-01,150080.0
일본,관광,2015-10-01,172411.0
일본,관광,2015-11-01,158383.0
일본,관광,2015-12-01,154643.0
일본,관광,2016-01-01,129290.0
일본,관광,2016-02-01,136324.0
일본,관광,2016-03-01,217623.0
일본,관광,2016-04-01,169211.0
일본,관광,2016-05-01,171675.0
일본,관광,2016-06-01,173883.0
일본,관광,2016-07-01,179569.0
일본,관광,2016-08-01,215859.0
일본,관광,2016-09-01,200876.0
일본,관광,2016-10-01,220409.0
일본,관광,2016-11-01,206968.0
일본,관광,2016-12-01,191412.0
일본,관광,2017-01-01,146111.0
일본,관광,2017-02-01,177671.0
일본,관광,2017-03-01,267416.0
일본,관광,2017-04-01,159263.0
일본,관광,2017-05-01,151502.0
일본,관광,2017-06-01,161395.0
일본,관광,2017-07-01,163712.0
일본,관광,2017-08-01,216683.0
일본,관광,2017-09-01,213446.0
일본,관광,2017-10-01,171182.0
일본,관광,2017-11-01,207088.0
일본,관광,2017-12-01,187745.0
일본,관광,2018-01-01,159174.0
일본,관광,2018-02-01,159831.0
일본,관광,2018-03-01,287578.0
일본,관광,2018-04-01,207727.0
일본,관광,2018-05-01,220375.0
일본,관광,2018-06-01,228667.0
일본,관광,2018-07-01,224273.0
일본,관광,2018-08-01,306108.0
일본,관광,2018-09-01,240457.0
일본,관광,2018-10-01,283494.0
일본,관광,2018-11-01,293965.0
일본,관광,2018-12-01,252461.0
일본,관광,2019-01-01,198805.0
일본,관광,2019-02-01,204697.0
일본,관광,2019-03-01,367157.0
일본,관광,2019-04-01,283101.0
일본,관광,2019-05-01,279174.0
일본,관광,2019-06-01,275286.0
일본,관광,2019-07-01,267816.0
일본,관광,2019-08-01,318985.0
일본,관광,2019-09-01,242475.0
일본,관광,2019-10-01,241484.0
일본,관광,2019-11-01,251663.0
일본,관광,2019-12-01,248793.0
일본,관광,2020-01-01,194840.0
일본,관광,2020-02-01,205007.0
일본,관광,2020-03-01,6478.0
일본,관광,2020-04-01,58.0
일본,관광,2020-05-01,45.0
일본,관광,2020-06-01,73.0
일본,관광,2020-07-01,44.0
일본,관광,2020-08-01,25.0
일본,관광,2020-09-01,29.0
일본,관광,2020-10-01,37.0
일본,관광,2020-11-01,32.0
일본,관광,2020-12-01,33.0
일본,관광,2021-01-01,16.0
일본,관광,2021-02-01,31.0
일본,관광,2021-03-01,31.0
일본,관광,2021-04-01,40.0
일본,관광,2021-05-01,36.0
일본,관광,2021-06-01,44.0
일본,관광,2021-07-01,54.0
일본,관광,2021-08-01,97.0
일본,관광,2021-09-01,72.0
일본,관광,2021-10-01,176.0
일본,관광,2021-11-01,273.0
일본,관광,2021-12-01,177.0
일본,관광,2022-01-01,103.0
일본,관광,2022-02-01,91.0
일본,관광,2022-03-01,112.0
일본,관광,2022-04-01,535.0
일본,관광,2022-05-01,668.0
일본,관광,2022-06-01,2042.0
일본,관광,2022-07-01,7737.0
일본,관광,2022-08-01,20324.0
일본,관광,2022-09-01,23413.0
일본,관광,2022-10-01,63905.0
일본,관광,2022-11-01,59089.0
일본,관광,2022-12-01,81012.0
일본,관광,2023-01-01,61766.0
일본,관광,2023-02-01,89217.0
일본,관광,2023-03-01,187833.0
일본,관광,2023-04-01,124741.0
일본,관광,2023-05-01,178728.0
일본,관광,2023-06-01,192316.0
일본,관광,2023-07-01,206914.0
일본,관광,2023-08-01,256082.0
일본,관광,2023-09-01,245965.0
일본,관광,2023-10-01,250235.0
일본,관광,2023-11-01,272686.0
일본,관광,2023-12-01,191892.0
일본,관광,2024-01-01,137713.0
일본,관광,2024-02-01,177633.0
일본,관광,2024-03-01,334131.0
일본,관광,2024-04-01,225182.0
일본,관광,2024-05-01,272974.0
일본,관광,2024-06-01,253497.0
일본,관광,2024-07-01,237907.0
일본,관광,2024-08-01,315309.0
일본,관광,2024-09-01,304277.0
일본,관광,2024-10-01,317845.0
일본,관광,2024-11-01,334850.0
일본,관광,2024-12-01,245072.0
일본,관광,2025-01-01,168284.0
일본,관광,2025-02-01,216891.0
일본,관광,2025-03-01,377064.0
일본,관광,2025-04-01,252679.0
일본,관광,2025-05-01,284722.0
일본,상용,2005-01-01,3862.0
일본,상용,2005-02-01,3761.0
일본,상용,2005-03-01,3747.0
일본,상용,2005-04-01,3803.0
일본,상용,2005-05-01,3626.0
일본,상용,2005-06-01,3690.0
일본,상용,2005-07-01,3687.0
일본,상용,2005-08-01,4038.0
일본,상용,2005-09-01,4111.0
일본,상용,2005-10-01,3923.0
일본,상용,2005-11-01,4002.0
일본,상용,2005-12-01,3563.0
일본,상용,2006-01-01,4177.0
일본,상용,2006-02-01,3764.0
일본,상용,2006-03-01,3465.0
일본,상용,2006-04-01,2961.0
일본,상용,2006-05-01,2930.0
일본,상용,2006-06-01,2568.0
일본,상용,2006-07-01,2085.0
일본,상용,2006-08-01,2356.0
일본,상용,2006-09-01,1737.0
일본,상용,2006-10-01,2484.0
일본,상용,2006-11-01,1949.0
일본,상용,2006-12-01,1864.0
일본,상용,2007-01-01,2321.0
일본,상용,2007-02-01,2039.0
일본,상용,2007-03-01,1818.0
일본,상용,2007-04-01,1795.0
일본,상용,2007-05-01,1876.0
일본,상용,2007-06-01,1582.0
일본,상용,2007-07-01,1784.0
일본,상용,2007-08-01,2066.0
일본,상용,2007-09-01,2187.0
일본,상용,2007-10-01,1766.0
일본,상용,2007-11-01,1782.0
일본,상용,2007-12-01,1619.0
일본,상용,2008-01-01,2139.0
일본,상용,2008-02-01,2072.0
일본,상용,2008-03-01,1694.0
일본,상용,2008-04-01,1585.0
일본,상용,2008-05-01,1851.0
일본,상용,2008-06-01,1768.0
일본,상용,2008-07-01,1555.0
일본,상용,2008-08-01,1978.0
일본,상용,2008-09-01,1814.0
일본,상용,2008-10-01,1620.0
일본,상용,2008-11-01,1606.0
일본,상용,2008-12-01,1327.0
일본,상용,2009-01-01,2353.0
일본,상용,2009-02-01,1210.0
일본,상용,2009-03-01,1567.0
일본,상용,2009-04-01,1268.0
일본,상용,2009-05-01,1304.0
일본,상용,2009-06-01,1117.0
일본,상용,2009-07-01,1172.0
일본,상용,2009-08-01,1594.0
일본,상용,2009-09-01,1143.0
일본,상용,2009-10-01,1565.0
일본,상용,2009-11-01,1305.0
일본,상용,2009-12-01,1204.0
일본,상용,2010-01-01,1750.0
일본,상용,2010-02-01,1455.0
일본,상용,2010-03-01,1483.0
일본,상용,2010-04-01,1282.0
일본,상용,2010-05-01,1480.0
일본,상용,2010-06-01,1236.0
일본,상용,2010-07-01,1279.0
일본,상용,2010-08-01,1616.0
일본,상용,2010-09-01,1791.0
일본,상용,2010-10-01,1270.0
일본,상용,2010-11-01,1370.0
일본,상용,2010-12-01,1325.0
일본,상용,2011-01-01,1697.0
일본,상용,2011-02-01,1828.0
일본,상용,2011-03-01,1364.0
일본,상용,2011-04-01,1271.0
일본,상용,2011-05-01,1614.0
일본,상용,2011-06-01,1482.0
일본,상용,2011-07-01,1422.0
일본,상용,2011-08-01,1773.0
일본,상용,2011-09-01,1836.0
일본,상용,2011-10-01,1513.0
일본,상용,2011-11-01,1513.0
일본,상용,2011-12-01,1444.0
일본,상용,2012-01-01,2456.0
일본,상용,2012-02-01,1288.0
일본,상용,2012-03-01,1718.0
일본,상용,2012-04-01,1510.0
일본,상용,2012-05-01,1914.0
일본,상용,2012-06-01,1492.0
일본,상용,2012-07-01,1573.0
일본,상용,2012-08-01,1940.0
일본,상용,2012-09-01,1349.0
일본,상용,2012-10-01,2317.0
일본,상용,2012-11-01,1633.0
일본,상용,2012-12-01,1607.0
일본,상용,2013-01-01,2285.0
일본,상용,2013-02-01,1902.0
일본,상용,2013-03-01,1957.0
일본,상용,2013-04-01,1612.0
일본,상용,2013-05-01,3997.0
일본,상용,2013-06-01,2121.0
일본,상용,2013-07-01,1921.0
일본,상용,2013-08-01,2470.0
일본,상용,2013-09-01,3054.0
일본,상용,2013-10-01,2028.0
일본,상용,2013-11-01,2085.0
일본,상용,2013-12-01,1860.0
일본,상용,2014-01-01,2564.0
일본,상용,2014-02-01,2585.0
일본,상용,2014-03-01,2315.0
일본,상용,2014-04-01,1819.0
일본,상용,2014-05-01,3780.0
일본,상용,2014-06-01,2230.0
일본,상용,2014-07-01,1837.0
일본,상용,2014-08-01,2506.0
일본,상용,2014-09-01,2476.0
일본,상용,2014-10-01,2074.0
일본,상용,2014-11-01,2155.0
일본,상용,2014-12-01,1658.0
일본,상용,2015-01-01,2606.0
일본,상용,2015-02-01,2464.0
일본,상용,2015-03-01,1958.0
일본,상용,2015-04-01,1774.0
일본,상용,2015-05-01,2428.0
일본,상용,2015-06-01,1770.0
일본,상용,2015-07-01,1820.0
일본,상용,2015-08-01,2491.0
일본,상용,2015-09-01,2261.0
일본,상용,2015-10-01,2064.0
일본,상용,2015-11-01,2030.0
일본,상용,2015-12-01,1734.0
일본,상용,2016-01-01,2617.0
일본,상용,2016-02-01,2323.0
일본,상용,2016-03-01,2022.0
일본,상용,2016-04-01,1779.0
일본,상용,2016-05-01,2246.0
일본,상용,2016-06-01,1960.0
일본,상용,2016-07-01,1981.0
일본,상용,2016-08-01,2273.0
일본,상용,2016-09-01,2357.0
일본,상용,2016-10-01,1963.0
일본,상용,2016-11-01,1931.0
일본,상용,2016-12-01,1768.0
일본,상용,2017-01-01,2948.0
일본,상용,2017-02-01,1677.0
일본,상용,2017-03-01,2042.0
일본,상용,2017-04-01,1604.0
일본,상용,2017-05-01,2395.0
일본,상용,2017-06-01,1739.0
일본,상용,2017-07-01,1955.0
일본,상용,2017-08-01,2261.0
일본,상용,2017-09-01,1535.0
일본,상용,2017-10-01,2613.0
일본,상용,2017-11-01,1897.0
일본,상용,2017-12-01,1706.0
일본,상용,2018-01-01,2357.0
일본,상용,2018-02-01,1966.0
일본,상용,2018-03-01,1896.0
일본,상용,2018-04-01,1707.0
일본,상용,2018-05-01,2214.0
일본,상용,2018-06-01,1752.0
일본,상용,2018-07-01,1833.0
일본,상용,2018-08-01,2076.0
일본,상용,2018-09-01,2182.0
일본,상용,2018-10-01,1877.0
일본,상용,2018-11-01,1810.0
일본,상용,2018-12-01,1698.0
일본,상용,2019-01-01,2233.0
일본,상용,2019-02-01,2125.0
일본,상용,2019-03-01,2108.0
일본,상용,2019-04-01,1584.0
일본,상용,2019-05-01,2019.0
일본,상용,2019-06-01,1901.0
일본,상용,2019-07-01,1855.0
일본,상용,2019-08-01,2195.0
일본,상용,2019-09-01,2362.0
일본,상용,2019-10-01,1897.0
일본,상용,2019-11-01,1876.0
일본,상용,2019-12-01,1738.0
일본,상용,2020-01-01,2804.0
일본,상용,2020-02-01,1162.0
일본,상용,2020-03-01,282.0
일본,상용,2020-04-01,53.0
일본,상용,2020-05-01,105.0
일본,상용,2020-06-01,69.0
일본,상용,2020-07-01,107.0
일본,상용,2020-08-01,124.0
일본,상용,2020-09-01,104.0
일본,상용,2020-10-01,143.0
일본,상용,2020-11-01,244.0
일본,상용,2020-12-01,256.0
일본,상용,2021-01-01,328.0
일본,상용,2021-02-01,148.0
일본,상용,2021-03-01,172.0
일본,상용,2021-04-01,207.0
일본,상용,2021-05-01,218.0
일본,상용,2021-06-01,184.0
일본,상용,2021-07-01,127.0
일본,상용,2021-08-01,188.0
일본,상용,2021-09-01,149.0
일본,상용,2021-10-01,260.0
일본,상용,2021-11-01,386.0
일본,상용,2021-12-01,171.0
일본,상용,2022-01-01,336.0
일본,상용,2022-02-01,216.0
일본,상용,2022-03-01,244.0
일본,상용,2022-04-01,622.0
일본,상용,2022-05-01,1314.0
일본,상용,2022-06-01,1861.0
일본,상용,2022-07-01,2131.0
일본,상용,2022-08-01,1550.0
일본,상용,2022-09-01,1504.0
일본,상용,2022-10-01,1492.0
일본,상용,2022-11-01,1386.0
일본,상용,2022-12-01,1155.0
일본,상용,2023-01-01,1859.0
일본,상용,2023-02-01,1084.0
일본,상용,2023-03-01,1541.0
일본,상용,2023-04-01,1317.0
일본,상용,2023-05-01,1538.0
일본,상용,2023-06-01,1310.0
일본,상용,2023-07-01,1218.0
일본,상용,2023-08-01,1269.0
일본,상용,2023-09-01,756.0
일본,상용,2023-10-01,1406.0
일본,상용,2023-11-01,919.0
일본,상용,2023-12-01,876.0
일본,상용,2024-01-01,1352.0
일본,상용,2024-02-01,1153.0
일본,상용,2024-03-01,1073.0
일본,상용,2024-04-01,902.0
일본,상용,2024-05-01,1183.0
일본,상용,2024-06-01,1122.0
일본,상용,2024-07-01,1076.0
일본,상용,2024-08-01,1305.0
일본,상용,2024-09-01,1437.0
일본,상용,2024-10-01,1240.0
일본,상용,2024-11-01,1153.0
일본,상용,2024-12-01,1044.0
일본,상용,2025-01-01,1490.0
일본,상용,2025-02-01,1447.0
일본,상용,2025-03-01,1292.0
일본,상용,2025-04-01,958.0
일본,상용,2025-05-01,1404.0
일본,유학연수,2005-01-01,521.0
일본,유학연수,2005-02-01,852.0
일본,유학연수,2005-03-01,493.0
일본,유학연수,2005-04-01,230.0
일본,유학연수,2005-05-01,201.0
일본,유학연수,2005-06-01,318.0
일본,유학연수,2005-07-01,390.0
일본,유학연수,2005-08-01,1006.0
일본,유학연수,2005-09-01,443.0
일본,유학연수,2005-10-01,213.0
일본,유학연수,2005-11-01,208.0
일본,유학연수,2005-12-01,200.0
일본,유학연수,2006-01-01,541.0
일본,유학연수,2006-02-01,916.0
일본,유학연수,2006-03-01,471.0
일본,유학연수,2006-04-01,259.0
일본,유학연수,2006-05-01,197.0
일본,유학연수,2006-06-01,349.0
일본,유학연수,2006-07-01,269.0
일본,유학연수,2006-08-01,987.0
일본,유학연수,2006-09-01,333.0
일본,유학연수,2006-10-01,343.0
일본,유학연수,2006-11-01,170.0
일본,유학연수,2006-12-01,201.0
일본,유학연수,2007-01-01,545.0
일본,유학연수,2007-02-01,957.0
일본,유학연수,2007-03-01,506.0
일본,유학연수,2007-04-01,220.0
일본,유학연수,2007-05-01,192.0
일본,유학연수,2007-06-01,363.0
일본,유학연수,2007-07-01,305.0
일본,유학연수,2007-08-01,1156.0
일본,유학연수,2007-09-01,524.0
일본,유학연수,2007-10-01,226.0
일본,유학연수,2007-11-01,217.0
일본,유학연수,2007-12-01,179.0
일본,유학연수,2008-01-01,473.0
일본,유학연수,2008-02-01,981.0
일본,유학연수,2008-03-01,489.0
일본,유학연수,2008-04-01,164.0
일본,유학연수,2008-05-01,207.0
일본,유학연수,2008-06-01,303.0
일본,유학연수,2008-07-01,262.0
일본,유학연수,2008-08-01,1242.0
일본,유학연수,2008-09-01,373.0
일본,유학연수,2008-10-01,196.0
일본,유학연수,2008-11-01,238.0
일본,유학연수,2008-12-01,174.0
일본,유학연수,2009-01-01,508.0
일본,유학연수,2009-02-01,1117.0
일본,유학연수,2009-03-01,472.0
일본,유학연수,2009-04-01,177.0
일본,유학연수,2009-05-01,207.0
일본,유학연수,2009-06-01,310.0
일본,유학연수,2009-07-01,281.0
일본,유학연수,2009-08-01,1267.0
일본,유학연수,2009-09-01,421.0
일본,유학연수,2009-10-01,264.0
일본,유학연수,2009-11-01,219.0
일본,유학연수,2009-12-01,229.0
일본,유학연수,2010-01-01,549.0
일본,유학연수,2010-02-01,1172.0
일본,유학연수,2010-03-01,519.0
일본,유학연수,2010-04-01,154.0
일본,유학연수,2010-05-01,216.0
일본,유학연수,2010-06-01,358.0
일본,유학연수,2010-07-01,323.0
일본,유학연수,2010-08-01,1238.0
일본,유학연수,2010-09-01,576.0
일본,유학연수,2010-10-01,199.0
일본,유학연수,2010-11-01,231.0
일본,유학연수,2010-12-01,231.0
일본,유학연수,2011-01-01,557.0
일본,유학연수,2011-02-01,1310.0
일본,유학연수,2011-03-01,525.0
일본,유학연수,2011-04-01,224.0
일본,유학연수,2011-05-01,274.0
일본,유학연수,2011-06-01,428.0
일본,유학연수,2011-07-01,375.0
일본,유학연수,2011-08-01,1411.0
일본,유학연수,2011-09-01,653.0
일본,유학연수,2011-10-01,277.0
일본,유학연수,2011-11-01,286.0
일본,유학연수,2011-12-01,383.0
일본,유학연수,2012-01-01,757.0
일본,유학연수,2012-02-01,1105.0
일본,유학연수,2012-03-01,946.0
일본,유학연수,2012-04-01,247.0
일본,유학연수,2012-05-01,377.0
일본,유학연수,2012-06-01,627.0
일본,유학연수,2012-07-01,427.0
일본,유학연수,2012-08-01,1456.0
일본,유학연수,2012-09-01,916.0
일본,유학연수,2012-10-01,409.0
일본,유학연수,2012-11-01,358.0
일본,유학연수,2012-12-01,450.0
일본,유학연수,2013-01-01,941.0
일본,유학연수,2013-02-01,1467.0
일본,유학연수,2013-03-01,976.0
일본,유학연수,2013-04-01,299.0
일본,유학연수,2013-05-01,416.0
일본,유학연수,2013-06-01,633.0
일본,유학연수,2013-07-01,417.0
일본,유학연수,2013-08-01,1760.0
일본,유학연수,2013-09-01,902.0
일본,유학연수,2013-10-01,292.0
일본,유학연수,2013-11-01,446.0
일본,유학연수,2013-12-01,427.0
일본,유학연수,2014-01-01,720.0
일본,유학연수,2014-02-01,1629.0
일본,유학연수,2014-03-01,851.0
일본,유학연수,2014-04-01,243.0
일본,유학연수,2014-05-01,391.0
일본,유학연수,2014-06-01,574.0
일본,유학연수,2014-07-01,385.0
일본,유학연수,2014-08-01,1778.0
일본,유학연수,2014-09-01,629.0
일본,유학연수,2014-10-01,294.0
일본,유학연수,2014-11-01,383.0
일본,유학연수,2014-12-01,392.0
일본,유학연수,2015-01-01,695.0
일본,유학연수,2015-02-01,1674.0
일본,유학연수,2015-03-01,824.0
일본,유학연수,2015-04-01,260.0
일본,유학연수,2015-05-01,336.0
일본,유학연수,2015-06-01,504.0
일본,유학연수,2015-07-01,370.0
일본,유학연수,2015-08-01,1788.0
일본,유학연수,2015-09-01,694.0
일본,유학연수,2015-10-01,251.0
일본,유학연수,2015-11-01,393.0
일본,유학연수,2015-12-01,411.0
일본,유학연수,2016-01-01,762.0
일본,유학연수,2016-02-01,1892.0
일본,유학연수,2016-03-01,598.0
일본,유학연수,2016-04-01,204.0
일본,유학연수,2016-05-01,499.0
일본,유학연수,2016-06-01,473.0
일본,유학연수,2016-07-01,471.0
일본,유학연수,2016-08-01,1974.0
일본,유학연수,2016-09-01,739.0
일본,유학연수,2016-10-01,315.0
일본,유학연수,2016-11-01,431.0
일본,유학연수,2016-12-01,432.0
일본,유학연수,2017-01-01,776.0
일본,유학연수,2017-02-01,1934.0
일본,유학연수,2017-03-01,805.0
일본,유학연수,2017-04-01,339.0
일본,유학연수,2017-05-01,670.0
일본,유학연수,2017-06-01,635.0
일본,유학연수,2017-07-01,521.0
일본,유학연수,2017-08-01,2189.0
일본,유학연수,2017-09-01,675.0
일본,유학연수,2017-10-01,612.0
일본,유학연수,2017-11-01,486.0
일본,유학연수,2017-12-01,480.0
일본,유학연수,2018-01-01,842.0
일본,유학연수,2018-02-01,1898.0
일본,유학연수,2018-03-01,890.0
일본,유학연수,2018-04-01,300.0
일본,유학연수,2018-05-01,568.0
일본,유학연수,2018-06-01,709.0
일본,유학연수,2018-07-01,567.0
일본,유학연수,2018-08-01,2220.0
일본,유학연수,2018-09-01,1049.0
일본,유학연수,2018-10-01,404.0
일본,유학연수,2018-11-01,514.0
일본,유학연수,2018-12-01,608.0
일본,유학연수,2019-01-01,785.0
일본,유학연수,2019-02-01,2084.0
일본,유학연수,2019-03-01,1231.0
일본,유학연수,2019-04-01,333.0
일본,유학연수,2019-05-01,715.0
일본,유학연수,2019-06-01,771.0
일본,유학연수,2019-07-01,694.0
일본,유학연수,2019-08-01,2957.0
일본,유학연수,2019-09-01,1137.0
일본,유학연수,2019-10-01,556.0
일본,유학연수,2019-11-01,813.0
일본,유학연수,2019-12-01,769.0
일본,유학연수,2020-01-01,1035.0
일본,유학연수,2020-02-01,1536.0
일본,유학연수,2020-03-01,868.0
일본,유학연수,2020-04-01,49.0
일본,유학연수,2020-05-01,41.0
일본,유학연수,2020-06-01,35.0
일본,유학연수,2020-07-01,29.0
일본,유학연수,2020-08-01,544.0
일본,유학연수,2020-09-01,93.0
일본,유학연수,2020-10-01,56.0
일본,유학연수,2020-11-01,261.0
일본,유학연수,2020-12-01,57.0
일본,유학연수,2021-01-01,137.0
일본,유학연수,2021-02-01,1020.0
일본,유학연수,2021-03-01,195.0
일본,유학연수,2021-04-01,73.0
일본,유학연수,2021-05-01,567.0
일본,유학연수,2021-06-01,117.0
일본,유학연수,2021-07-01,134.0
일본,유학연수,2021-08-01,1448.0
일본,유학연수,2021-09-01,313.0
일본,유학연수,2021-10-01,69.0
일본,유학연수,2021-11-01,370.0
일본,유학연수,2021-12-01,175.0
일본,유학연수,2022-01-01,140.0
일본,유학연수,2022-02-01,2088.0
일본,유학연수,2022-03-01,424.0
일본,유학연수,2022-04-01,124.0
일본,유학연수,2022-05-01,751.0
일본,유학연수,2022-06-01,734.0
일본,유학연수,2022-07-01,351.0
일본,유학연수,2022-08-01,2910.0
일본,유학연수,2022-09-01,1143.0
일본,유학연수,2022-10-01,248.0
일본,유학연수,2022-11-01,562.0
일본,유학연수,2022-12-01,820.0
일본,유학연수,2023-01-01,978.0
일본,유학연수,2023-02-01,2702.0
일본,유학연수,2023-03-01,972.0
일본,유학연수,2023-04-01,256.0
일본,유학연수,2023-05-01,905.0
일본,유학연수,2023-06-01,771.0
일본,유학연수,2023-07-01,796.0
일본,유학연수,2023-08-01,3186.0
일본,유학연수,2023-09-01,1161.0
일본,유학연수,2023-10-01,455.0
일본,유학연수,2023-11-01,694.0
일본,유학연수,2023-12-01,700.0
일본,유학연수,2024-01-01,1196.0
일본,유학연수,2024-02-01,2775.0
일본,유학연수,2024-03-01,935.0
일본,유학연수,2024-04-01,300.0
일본,유학연수,2024-05-01,971.0
일본,유학연수,2024-06-01,687.0
일본,유학연수,2024-07-01,786.0
일본,유학연수,2024-08-01,3202.0
일본,유학연수,2024-09-01,1179.0
일본,유학연수,2024-10-01,456.0
일본,유학연수,2024-11-01,838.0
일본,유학연수,2024-12-01,742.0
일본,유학연수,2025-01-01,1244.0
일본,유학연수,2025-02-01,2755.0
일본,유학연수,2025-03-01,1255.0
일본,유학연수,2025-04-01,375.0
일본,유학연수,2025-05-01,1100.0
중국,공용,2005-01-01,53.0
중국,공용,2005-02-01,49.0
중국,공용,2005-03-01,65.0
중국,공용,2005-04-01,109.0
중국,공용,2005-05-01,175.0
중국,공용,2005-06-01,172.0
중국,공용,2005-07-01,134.0
중국,공용,2005-08-01,188.0
중국,공용,2005-09-01,246.0
중국,공용,2005-10-01,337.0
중국,공용,2005-11-01,426.0
중국,공용,2005-12-01,162.0
중국,공용,2006-01-01,54.0
중국,공용,2006-02-01,60.0
중국,공용,2006-03-01,142.0
중국,공용,2006-04-01,164.0
중국,공용,2006-05-01,136.0
중국,공용,2006-06-01,198.0
중국,공용,2006-07-01,172.0
중국,공용,2006-08-01,180.0
중국,공용,2006-09-01,415.0
중국,공용,2006-10-01,462.0
중국,공용,2006-11-01,334.0
중국,공용,2006-12-01,145.0
중국,공용,2007-01-01,100.0
중국,공용,2007-02-01,69.0
중국,공용,2007-03-01,98.0
중국,공용,2007-04-01,336.0
중국,공용,2007-05-01,236.0
중국,공용,2007-06-01,270.0
중국,공용,2007-07-01,282.0
중국,공용,2007-08-01,180.0
중국,공용,2007-09-01,279.0
중국,공용,2007-10-01,416.0
중국,공용,2007-11-01,352.0
중국,공용,2007-12-01,154.0
중국,공용,2008-01-01,56.0
중국,공용,2008-02-01,52.0
중국,공용,2008-03-01,157.0
중국,공용,2008-04-01,143.0
중국,공용,2008-05-01,175.0
중국,공용,2008-06-01,53.0
중국,공용,2008-07-01,72.0
중국,공용,2008-08-01,147.0
중국,공용,2008-09-01,156.0
중국,공용,2008-10-01,294.0
중국,공용,2008-11-01,342.0
중국,공용,2008-12-01,204.0
중국,공용,2009-01-01,33.0
중국,공용,2009-02-01,108.0
중국,공용,2009-03-01,77.0
중국,공용,2009-04-01,252.0
중국,공용,2009-05-01,136.0
중국,공용,2009-06-01,213.0
중국,공용,2009-07-01,160.0
중국,공용,2009-08-01,188.0
중국,공용,2009-09-01,266.0
중국,공용,2009-10-01,293.0
중국,공용,2009-11-01,514.0
중국,공용,2009-12-01,319.0
중국,공용,2010-01-01,55.0
중국,공용,2010-02-01,68.0
중국,공용,2010-03-01,174.0
중국,공용,2010-04-01,212.0
중국,공용,2010-05-01,360.0
중국,공용,2010-06-01,293.0
중국,공용,2010-07-01,239.0
중국,공용,2010-08-01,232.0
중국,공용,2010-09-01,293.0
중국,공용,2010-10-01,374.0
중국,공용,2010-11-01,601.0
중국,공용,2010-12-01,205.0
중국,공용,2011-01-01,63.0
중국,공용,2011-02-01,95.0
중국,공용,2011-03-01,144.0
중국,공용,2011-04-01,254.0
중국,공용,2011-05-01,312.0
중국,공용,2011-06-01,316.0
중국,공용,2011-07-01,273.0
중국,공용,2011-08-01,224.0
중국,공용,2011-09-01,385.0
중국,공용,2011-10-01,553.0
중국,공용,2011-11-01,428.0
중국,공용,2011-12-01,256.0
중국,공용,2012-01-01,46.0
중국,공용,2012-02-01,132.0
중국,공용,2012-03-01,279.0
중국,공용,2012-04-01,289.0
중국,공용,2012-05-01,422.0
중국,공용,2012-06-01,683.0
중국,공용,2012-07-01,707.0
중국,공용,2012-08-01,233.0
중국,공용,2012-09-01,338.0
중국,공용,2012-10-01,584.0
중국,공용,2012-11-01,334.0
중국,공용,2012-12-01,271.0
중국,공용,2013-01-01,112.0
중국,공용,2013-02-01,56.0
중국,공용,2013-03-01,147.0
중국,공용,2013-04-01,179.0
중국,공용,2013-05-01,358.0
중국,공용,2013-06-01,397.0
중국,공용,2013-07-01,221.0
중국,공용,2013-08-01,204.0
중국,공용,2013-09-01,394.0
중국,공용,2013-10-01,533.0
중국,공용,2013-11-01,314.0
중국,공용,2013-12-01,247.0
중국,공용,2014-01-01,86.0
중국,공용,2014-02-01,73.0
중국,공용,2014-03-01,157.0
중국,공용,2014-04-01,166.0
중국,공용,2014-05-01,266.0
중국,공용,2014-06-01,309.0
중국,공용,2014-07-01,314.0
중국,공용,2014-08-01,173.0
중국,공용,2014-09-01,491.0
중국,공용,2014-10-01,449.0
중국,공용,2014-11-01,424.0
중국,공용,2014-12-01,266.0
중국,공용,2015-01-01,165.0
중국,공용,2015-02-01,139.0
중국,공용,2015-03-01,318.0
중국,공용,2015-04-01,404.0
중국,공용,2015-05-01,514.0
중국,공용,2015-06-01,259.0
중국,공용,2015-07-01,173.0
중국,공용,2015-08-01,250.0
중국,공용,2015-09-01,459.0
중국,공용,2015-10-01,801.0
중국,공용,2015-11-01,679.0
중국,공용,2015-12-01,393.0
중국,공용,2016-01-01,140.0
중국,공용,2016-02-01,100.0
중국,공용,2016-03-01,260.0
중국,공용,2016-04-01,552.0
중국,공용,2016-05-01,604.0
중국,공용,2016-06-01,539.0
중국,공용,2016-07-01,354.0
중국,공용,2016-08-01,270.0
중국,공용,2016-09-01,318.0
중국,공용,2016-10-01,400.0
중국,공용,2016-11-01,356.0
중국,공용,2016-12-01,205.0
중국,공용,2017-01-01,68.0
중국,공용,2017-02-01,116.0
중국,공용,2017-03-01,187.0
중국,공용,2017-04-01,129.0
중국,공용,2017-05-01,96.0
중국,공용,2017-06-01,155.0
중국,공용,2017-07-01,143.0
중국,공용,2017-08-01,230.0
중국,공용,2017-09-01,286.0
중국,공용,2017-10-01,259.0
중국,공용,2017-11-01,240.0
중국,공용,2017-12-01,89.0
중국,공용,2018-01-01,119.0
중국,공용,2018-02-01,284.0
중국,공용,2018-03-01,259.0
중국,공용,2018-04-01,240.0
중국,공용,2018-05-01,323.0
중국,공용,2018-06-01,285.0
중국,공용,2018-07-01,289.0
중국,공용,2018-08-01,295.0
중국,공용,2018-09-01,549.0
중국,공용,2018-10-01,484.0
중국,공용,2018-11-01,525.0
중국,공용,2018-12-01,362.0
중국,공용,2019-01-01,138.0
중국,공용,2019-02-01,143.0
중국,공용,2019-03-01,414.0
중국,공용,2019-04-01,362.0
중국,공용,2019-05-01,534.0
중국,공용,2019-06-01,399.0
중국,공용,2019-07-01,356.0
중국,공용,2019-08-01,388.0
중국,공용,2019-09-01,447.0
중국,공용,2019-10-01,547.0
중국,공용,2019-11-01,545.0
중국,공용,2019-12-01,682.0
중국,공용,2020-01-01,99.0
중국,공용,2020-02-01,11.0
중국,공용,2020-03-01,2.0
중국,공용,2020-04-01,0.0
중국,공용,2020-05-01,2.0
중국,공용,2020-06-01,0.0
중국,공용,2020-07-01,2.0
중국,공용,2020-08-01,6.0
중국,공용,2020-09-01,28.0
중국,공용,2020-10-01,2.0
중국,공용,2020-11-01,5.0
중국,공용,2020-12-01,7.0
중국,공용,2021-01-01,4.0
중국,공용,2021-02-01,4.0
중국,공용,2021-03-01,3.0
중국,공용,2021-04-01,5.0
중국,공용,2021-05-01,1.0
중국,공용,2021-06-01,6.0
중국,공용,2021-07-01,16.0
중국,공용,2021-08-01,31.0
중국,공용,2021-09-01,8.0
중국,공용,2021-10-01,3.0
중국,공용,2021-11-01,6.0
중국,공용,2021-12-01,5.0
중국,공용,2022-01-01,8.0
중국,공용,2022-02-01,3.0
중국,공용,2022-03-01,5.0
중국,공용,2022-04-01,3.0
중국,공용,2022-05-01,22.0
중국,공용,2022-06-01,14.0
중국,공용,2022-07-01,19.0
중국,공용,2022-08-01,10.0
중국,공용,2022-09-01,76.0
중국,공용,2022-10-01,25.0
중국,공용,2022-11-01,15.0
중국,공용,2022-12-01,64.0
중국,공용,2023-01-01,44.0
중국,공용,2023-02-01,27.0
중국,공용,2023-03-01,222.0
중국,공용,2023-04-01,214.0
중국,공용,2023-05-01,280.0
중국,공용,2023-06-01,219.0
중국,공용,2023-07-01,221.0
중국,공용,2023-08-01,265.0
중국,공용,2023-09-01,236.0
중국,공용,2023-10-01,379.0
중국,공용,2023-11-01,321.0
중국,공용,2023-12-01,240.0
중국,공용,2024-01-01,93.0
중국,공용,2024-02-01,115.0
중국,공용,2024-03-01,237.0
중국,공용,2024-04-01,430.0
중국,공용,2024-05-01,474.0
중국,공용,2024-06-01,540.0
중국,공용,2024-07-01,298.0
중국,공용,2024-08-01,379.0
중국,공용,2024-09-01,382.0
중국,공용,2024-10-01,580.0
중국,공용,2024-11-01,394.0
중국,공용,2024-12-01,224.0
중국,공용,2025-01-01,80.0
중국,공용,2025-02-01,149.0
중국,공용,2025-03-01,269.0
중국,공용,2025-04-01,377.0
중국,공용,2025-05-01,389.0
중국,관광,2005-01-01,16731.0
중국,관광,2005-02-01,25401.0
중국,관광,2005-03-01,14750.0
중국,관광,2005-04-01,23127.0
중국,관광,2005-05-01,27125.0
중국,관광,2005-06-01,23489.0
중국,관광,2005-07-01,32229.0
중국,관광,2005-08-01,33926.0
중국,관광,2005-09-01,28961.0
중국,관광,2005-10-01,38219.0
중국,관광,2005-11-01,28097.0
중국,관광,2005-12-01,22305.0
중국,관광,2006-01-01,23586.0
중국,관광,2006-02-01,19535.0
중국,관광,2006-03-01,22920.0
중국,관광,2006-04-01,31621.0
중국,관광,2006-05-01,34728.0
중국,관광,2006-06-01,27891.0
중국,관광,2006-07-01,42012.0
중국,관광,2006-08-01,47203.0
중국,관광,2006-09-01,41054.0
중국,관광,2006-10-01,42642.0
중국,관광,2006-11-01,34376.0
중국,관광,2006-12-01,24513.0
중국,관광,2007-01-01,20004.0
중국,관광,2007-02-01,36069.0
중국,관광,2007-03-01,24111.0
중국,관광,2007-04-01,36173.0
중국,관광,2007-05-01,37560.0
중국,관광,2007-06-01,30084.0
중국,관광,2007-07-01,42703.0
중국,관광,2007-08-01,49423.0
중국,관광,2007-09-01,36307.0
중국,관광,2007-10-01,44792.0
중국,관광,2007-11-01,36258.0
중국,관광,2007-12-01,26983.0
중국,관광,2008-01-01,23117.0
중국,관광,2008-02-01,29973.0
중국,관광,2008-03-01,25359.0
중국,관광,2008-04-01,37244.0
중국,관광,2008-05-01,35149.0
중국,관광,2008-06-01,24240.0
중국,관광,2008-07-01,47594.0
중국,관광,2008-08-01,43548.0
중국,관광,2008-09-01,43506.0
중국,관광,2008-10-01,42360.0
중국,관광,2008-11-01,33510.0
중국,관광,2008-12-01,31993.0
중국,관광,2009-01-01,43607.0
중국,관광,2009-02-01,25690.0
중국,관광,2009-03-01,33711.0
중국,관광,2009-04-01,52243.0
중국,관광,2009-05-01,34034.0
중국,관광,2009-06-01,27818.0
중국,관광,2009-07-01,53215.0
중국,관광,2009-08-01,78128.0
중국,관광,2009-09-01,58165.0
중국,관광,2009-10-01,76685.0
중국,관광,2009-11-01,50270.0
중국,관광,2009-12-01,47668.0
중국,관광,2010-01-01,40433.0
중국,관광,2010-02-01,60605.0
중국,관광,2010-03-01,50330.0
중국,관광,2010-04-01,84252.0
중국,관광,2010-05-01,89056.0
중국,관광,2010-06-01,87080.0
중국,관광,2010-07-01,122432.0
중국,관광,2010-08-01,142180.0
중국,관광,2010-09-01,93545.0
중국,관광,2010-10-01,107237.0
중국,관광,2010-11-01,75686.0
중국,관광,2010-12-01,58987.0
중국,관광,2011-01-01,55070.0
중국,관광,2011-02-01,53863.0
중국,관광,2011-03-01,72003.0
중국,관광,2011-04-01,86397.0
중국,관광,2011-05-01,85668.0
중국,관광,2011-06-01,108060.0
중국,관광,2011-07-01,170524.0
중국,관광,2011-08-01,178937.0
중국,관광,2011-09-01,144704.0
중국,관광,2011-10-01,141824.0
중국,관광,2011-11-01,113856.0
중국,관광,2011-12-01,101605.0
중국,관광,2012-01-01,106606.0
중국,관광,2012-02-01,74895.0
중국,관광,2012-03-01,110965.0
중국,관광,2012-04-01,166843.0
중국,관광,2012-05-01,154841.0
중국,관광,2012-06-01,179074.0
중국,관광,2012-07-01,258907.0
중국,관광,2012-08-01,268988.0
중국,관광,2012-09-01,203857.0
중국,관광,2012-10-01,204866.0
중국,관광,2012-11-01,155503.0
중국,관광,2012-12-01,148320.0
중국,관광,2013-01-01,148118.0
중국,관광,2013-02-01,169395.0
중국,관광,2013-03-01,182850.0
중국,관광,2013-04-01,250549.0
중국,관광,2013-05-01,196306.0
중국,관광,2013-06-01,280319.0
중국,관광,2013-07-01,417991.0
중국,관광,2013-08-01,472005.0
중국,관광,2013-09-01,353359.0
중국,관광,2013-10-01,249850.0
중국,관광,2013-11-01,208175.0
중국,관광,2013-12-01,210950.0
중국,관광,2014-01-01,230706.0
중국,관광,2014-02-01,219533.0
중국,관광,2014-03-01,313400.0
중국,관광,2014-04-01,429419.0
중국,관광,2014-05-01,410971.0
중국,관광,2014-06-01,429991.0
중국,관광,2014-07-01,540683.0
중국,관광,2014-08-01,588181.0
중국,관광,2014-09-01,423133.0
중국,관광,2014-10-01,459708.0
중국,관광,2014-11-01,381118.0
중국,관광,2014-12-01,345957.0
중국,관광,2015-01-01,327225.0
중국,관광,2015-02-01,413096.0
중국,관광,2015-03-01,386386.0
중국,관광,2015-04-01,536428.0
중국,관광,2015-05-01,517154.0
중국,관광,2015-06-01,223101.0
중국,관광,2015-07-01,172075.0
중국,관광,2015-08-01,372990.0
중국,관광,2015-09-01,453670.0
중국,관광,2015-10-01,518651.0
중국,관광,2015-11-01,409635.0
중국,관광,2015-12-01,381722.0
중국,관광,2016-01-01,456636.0
중국,관광,2016-02-01,424232.0
중국,관광,2016-03-01,500018.0
중국,관광,2016-04-01,601460.0
중국,관광,2016-05-01,614636.0
중국,관광,2016-06-01,671493.0
중국,관광,2016-07-01,823016.0
중국,관광,2016-08-01,747818.0
중국,관광,2016-09-01,611538.0
중국,관광,2016-10-01,588561.0
중국,관광,2016-11-01,452082.0
중국,관광,2016-12-01,456882.0
중국,관광,2017-01-01,489256.0
중국,관광,2017-02-01,458952.0
중국,관광,2017-03-01,263788.0
중국,관광,2017-04-01,158784.0
중국,관광,2017-05-01,172527.0
중국,관광,2017-06-01,181507.0
중국,관광,2017-07-01,207099.0
중국,관광,2017-08-01,226153.0
중국,관광,2017-09-01,229172.0
중국,관광,2017-10-01,244541.0
중국,관광,2017-11-01,223743.0
중국,관광,2017-12-01,260983.0
중국,관광,2018-01-01,236825.0
중국,관광,2018-02-01,237075.0
중국,관광,2018-03-01,281020.0
중국,관광,2018-04-01,283533.0
중국,관광,2018-05-01,284317.0
중국,관광,2018-06-01,303405.0
중국,관광,2018-07-01,332657.0
중국,관광,2018-08-01,360982.0
중국,관광,2018-09-01,326438.0
중국,관광,2018-10-01,382922.0
중국,관광,2018-11-01,327664.0
중국,관광,2018-12-01,345135.0
중국,관광,2019-01-01,320113.0
중국,관광,2019-02-01,324291.0
중국,관광,2019-03-01,369165.0
중국,관광,2019-04-01,410542.0
중국,관광,2019-05-01,413949.0
중국,관광,2019-06-01,395196.0
중국,관광,2019-07-01,439699.0
중국,관광,2019-08-01,451570.0
중국,관광,2019-09-01,432018.0
중국,관광,2019-10-01,476460.0
중국,관광,2019-11-01,426849.0
중국,관광,2019-12-01,433577.0
중국,관광,2020-01-01,393336.0
중국,관광,2020-02-01,49520.0
중국,관광,2020-03-01,5040.0
중국,관광,2020-04-01,522.0
중국,관광,2020-05-01,179.0
중국,관광,2020-06-01,246.0
중국,관광,2020-07-01,258.0
중국,관광,2020-08-01,212.0
중국,관광,2020-09-01,481.0
중국,관광,2020-10-01,367.0
중국,관광,2020-11-01,382.0
중국,관광,2020-12-01,411.0
중국,관광,2021-01-01,455.0
중국,관광,2021-02-01,420.0
중국,관광,2021-03-01,1360.0
중국,관광,2021-04-01,1590.0
중국,관광,2021-05-01,1233.0
중국,관광,2021-06-01,1243.0
중국,관광,2021-07-01,1031.0
중국,관광,2021-08-01,1011.0
중국,관광,2021-09-01,1264.0
중국,관광,2021-10-01,1366.0
중국,관광,2021-11-01,1700.0
중국,관광,2021-12-01,2151.0
중국,관광,2022-01-01,1641.0
중국,관광,2022-02-01,1194.0
중국,관광,2022-03-01,1480.0
중국,관광,2022-04-01,1857.0
중국,관광,2022-05-01,1703.0
중국,관광,2022-06-01,3234.0
중국,관광,2022-07-01,5960.0
중국,관광,2022-08-01,5986.0
중국,관광,2022-09-01,8107.0
중국,관광,2022-10-01,9311.0
중국,관광,2022-11-01,10331.0
중국,관광,2022-12-01,15719.0
중국,관광,2023-01-01,12343.0
중국,관광,2023-02-01,8813.0
중국,관광,2023-03-01,29883.0
중국,관광,2023-04-01,75815.0
중국,관광,2023-05-01,87807.0
중국,관광,2023-06-01,128482.0
중국,관광,2023-07-01,179763.0
중국,관광,2023-08-01,174012.0
중국,관광,2023-09-01,199800.0
중국,관광,2023-10-01,183449.0
중국,관광,2023-11-01,172299.0
중국,관광,2023-12-01,209361.0
중국,관광,2024-01-01,233052.0
중국,관광,2024-02-01,248966.0
중국,관광,2024-03-01,305028.0
중국,관광,2024-04-01,351071.0
중국,관광,2024-05-01,326583.0
중국,관광,2024-06-01,333707.0
중국,관광,2024-07-01,395344.0
중국,관광,2024-08-01,395471.0
중국,관광,2024-09-01,329446.0
중국,관광,2024-10-01,321087.0
중국,관광,2024-11-01,234668.0
중국,관광,2024-12-01,249519.0
중국,관광,2025-01-01,309690.0
중국,관광,2025-02-01,231612.0
중국,관광,2025-03-01,326978.0
중국,관광,2025-04-01,378953.0
중국,관광,2025-05-01,405588.0
중국,상용,2005-01-01,6764.0
중국,상용,2005-02-01,5618.0
중국,상용,2005-03-01,8872.0
중국,상용,2005-04-01,8783.0
중국,상용,2005-05-01,9447.0
중국,상용,2005-06-01,9283.0
중국,상용,2005-07-01,8894.0
중국,상용,2005-08-01,10013.0
중국,상용,2005-09-01,10181.0
중국,상용,2005-10-01,11917.0
중국,상용,2005-11-01,12539.0
중국,상용,2005-12-01,11733.0
중국,상용,2006-01-01,9098.0
중국,상용,2006-02-01,10663.0
중국,상용,2006-03-01,14854.0
중국,상용,2006-04-01,15125.0
중국,상용,2006-05-01,14914.0
중국,상용,2006-06-01,14861.0
중국,상용,2006-07-01,14978.0
중국,상용,2006-08-01,14927.0
중국,상용,2006-09-01,16513.0
중국,상용,2006-10-01,12548.0
중국,상용,2006-11-01,13193.0
중국,상용,2006-12-01,12944.0
중국,상용,2007-01-01,12049.0
중국,상용,2007-02-01,9322.0
중국,상용,2007-03-01,12809.0
중국,상용,2007-04-01,15252.0
중국,상용,2007-05-01,13956.0
중국,상용,2007-06-01,14442.0
중국,상용,2007-07-01,13686.0
중국,상용,2007-08-01,14059.0
중국,상용,2007-09-01,13599.0
중국,상용,2007-10-01,16087.0
중국,상용,2007-11-01,16832.0
중국,상용,2007-12-01,16089.0
중국,상용,2008-01-01,15575.0
중국,상용,2008-02-01,11027.0
중국,상용,2008-03-01,17169.0
중국,상용,2008-04-01,16367.0
중국,상용,2008-05-01,14979.0
중국,상용,2008-06-01,12810.0
중국,상용,2008-07-01,12577.0
중국,상용,2008-08-01,12939.0
중국,상용,2008-09-01,14197.0
중국,상용,2008-10-01,15320.0
중국,상용,2008-11-01,14866.0
중국,상용,2008-12-01,14327.0
중국,상용,2009-01-01,9752.0
중국,상용,2009-02-01,11465.0
중국,상용,2009-03-01,13827.0
중국,상용,2009-04-01,12151.0
중국,상용,2009-05-01,13012.0
중국,상용,2009-06-01,12813.0
중국,상용,2009-07-01,12643.0
중국,상용,2009-08-01,12366.0
중국,상용,2009-09-01,13515.0
중국,상용,2009-10-01,12975.0
중국,상용,2009-11-01,14244.0
중국,상용,2009-12-01,13904.0
중국,상용,2010-01-01,11930.0
중국,상용,2010-02-01,7907.0
중국,상용,2010-03-01,13549.0
중국,상용,2010-04-01,13306.0
중국,상용,2010-05-01,12325.0
중국,상용,2010-06-01,12375.0
중국,상용,2010-07-01,10608.0
중국,상용,2010-08-01,11049.0
중국,상용,2010-09-01,10013.0
중국,상용,2010-10-01,11371.0
중국,상용,2010-11-01,11912.0
중국,상용,2010-12-01,9746.0
중국,상용,2011-01-01,8251.0
중국,상용,2011-02-01,6206.0
중국,상용,2011-03-01,8884.0
중국,상용,2011-04-01,8779.0
중국,상용,2011-05-01,9336.0
중국,상용,2011-06-01,8805.0
중국,상용,2011-07-01,8182.0
중국,상용,2011-08-01,8171.0
중국,상용,2011-09-01,7817.0
중국,상용,2011-10-01,8786.0
중국,상용,2011-11-01,8465.0
중국,상용,2011-12-01,7113.0
중국,상용,2012-01-01,4301.0
중국,상용,2012-02-01,6007.0
중국,상용,2012-03-01,7140.0
중국,상용,2012-04-01,7139.0
중국,상용,2012-05-01,6946.0
중국,상용,2012-06-01,5991.0
중국,상용,2012-07-01,6041.0
중국,상용,2012-08-01,5263.0
중국,상용,2012-09-01,5627.0
중국,상용,2012-10-01,6574.0
중국,상용,2012-11-01,5930.0
중국,상용,2012-12-01,5347.0
중국,상용,2013-01-01,4978.0
중국,상용,2013-02-01,3173.0
중국,상용,2013-03-01,5310.0
중국,상용,2013-04-01,7389.0
중국,상용,2013-05-01,12477.0
중국,상용,2013-06-01,18387.0
중국,상용,2013-07-01,25012.0
중국,상용,2013-08-01,16547.0
중국,상용,2013-09-01,13010.0
중국,상용,2013-10-01,8314.0
중국,상용,2013-11-01,5597.0
중국,상용,2013-12-01,5817.0
중국,상용,2014-01-01,3562.0
중국,상용,2014-02-01,4234.0
중국,상용,2014-03-01,6514.0
중국,상용,2014-04-01,5081.0
중국,상용,2014-05-01,7908.0
중국,상용,2014-06-01,8510.0
중국,상용,2014-07-01,22925.0
중국,상용,2014-08-01,8340.0
중국,상용,2014-09-01,15585.0
중국,상용,2014-10-01,8797.0
중국,상용,2014-11-01,5601.0
중국,상용,2014-12-01,4902.0
중국,상용,2015-01-01,4310.0
중국,상용,2015-02-01,3015.0
중국,상용,2015-03-01,5170.0
중국,상용,2015-04-01,4922.0
중국,상용,2015-05-01,5155.0
중국,상용,2015-06-01,2356.0
중국,상용,2015-07-01,3200.0
중국,상용,2015-08-01,4440.0
중국,상용,2015-09-01,4491.0
중국,상용,2015-10-01,5031.0
중국,상용,2015-11-01,5030.0
중국,상용,2015-12-01,4302.0
중국,상용,2016-01-01,3723.0
중국,상용,2016-02-01,3160.0
중국,상용,2016-03-01,4505.0
중국,상용,2016-04-01,4605.0
중국,상용,2016-05-01,5247.0
중국,상용,2016-06-01,4492.0
중국,상용,2016-07-01,4103.0
중국,상용,2016-08-01,4352.0
중국,상용,2016-09-01,3861.0
중국,상용,2016-10-01,4535.0
중국,상용,2016-11-01,4795.0
중국,상용,2016-12-01,3785.0
중국,상용,2017-01-01,2813.0
중국,상용,2017-02-01,3724.0
중국,상용,2017-03-01,3868.0
중국,상용,2017-04-01,3546.0
중국,상용,2017-05-01,3926.0
중국,상용,2017-06-01,3513.0
중국,상용,2017-07-01,3508.0
중국,상용,2017-08-01,3566.0
중국,상용,2017-09-01,3600.0
중국,상용,2017-10-01,3615.0
중국,상용,2017-11-01,3746.0
중국,상용,2017-12-01,3436.0
중국,상용,2018-01-01,3363.0
중국,상용,2018-02-01,2356.0
중국,상용,2018-03-01,3331.0
중국,상용,2018-04-01,3682.0
중국,상용,2018-05-01,3847.0
중국,상용,2018-06-01,3397.0
중국,상용,2018-07-01,3687.0
중국,상용,2018-08-01,3538.0
중국,상용,2018-09-01,3834.0
중국,상용,2018-10-01,4008.0
중국,상용,2018-11-01,3931.0
중국,상용,2018-12-01,3283.0
중국,상용,2019-01-01,2993.0
중국,상용,2019-02-01,2694.0
중국,상용,2019-03-01,3933.0
중국,상용,2019-04-01,3575.0
중국,상용,2019-05-01,4034.0
중국,상용,2019-06-01,3743.0
중국,상용,2019-07-01,3587.0
중국,상용,2019-08-01,3625.0
중국,상용,2019-09-01,3873.0
중국,상용,2019-10-01,3967.0
중국,상용,2019-11-01,4020.0
중국,상용,2019-12-01,3951.0
중국,상용,2020-01-01,2813.0
중국,상용,2020-02-01,715.0
중국,상용,2020-03-01,115.0
중국,상용,2020-04-01,71.0
중국,상용,2020-05-01,70.0
중국,상용,2020-06-01,140.0
중국,상용,2020-07-01,236.0
중국,상용,2020-08-01,264.0
중국,상용,2020-09-01,260.0
중국,상용,2020-10-01,243.0
중국,상용,2020-11-01,327.0
중국,상용,2020-12-01,213.0
중국,상용,2021-01-01,162.0
중국,상용,2021-02-01,221.0
중국,상용,2021-03-01,316.0
중국,상용,2021-04-01,378.0
중국,상용,2021-05-01,305.0
중국,상용,2021-06-01,324.0
중국,상용,2021-07-01,277.0
중국,상용,2021-08-01,270.0
중국,상용,2021-09-01,354.0
중국,상용,2021-10-01,322.0
중국,상용,2021-11-01,382.0
중국,상용,2021-12-01,283.0
중국,상용,2022-01-01,170.0
중국,상용,2022-02-01,381.0
중국,상용,2022-03-01,303.0
중국,상용,2022-04-01,318.0
중국,상용,2022-05-01,419.0
중국,상용,2022-06-01,532.0
중국,상용,2022-07-01,759.0
중국,상용,2022-08-01,795.0
중국,상용,2022-09-01,966.0
중국,상용,2022-10-01,1273.0
중국,상용,2022-11-01,1377.0
중국,상용,2022-12-01,1026.0
중국,상용,2023-01-01,845.0
중국,상용,2023-02-01,1340.0
중국,상용,2023-03-01,2409.0
중국,상용,2023-04-01,2380.0
중국,상용,2023-05-01,2858.0
중국,상용,2023-06-01,2472.0
중국,상용,2023-07-01,2801.0
중국,상용,2023-08-01,2849.0
중국,상용,2023-09-01,2806.0
중국,상용,2023-10-01,3412.0
중국,상용,2023-11-01,2999.0
중국,상용,2023-12-01,2585.0
중국,상용,2024-01-01,2654.0
중국,상용,2024-02-01,2520.0
중국,상용,2024-03-01,3535.0
중국,상용,2024-04-01,3614.0
중국,상용,2024-05-01,3706.0
중국,상용,2024-06-01,3774.0
중국,상용,2024-07-01,3506.0
중국,상용,2024-08-01,3683.0
중국,상용,2024-09-01,3648.0
중국,상용,2024-10-01,3801.0
중국,상용,2024-11-01,3821.0
중국,상용,2024-12-01,3279.0
중국,상용,2025-01-01,2377.0
중국,상용,2025-02-01,3818.0
중국,상용,2025-03-01,4069.0
중국,상용,2025-04-01,3770.0
중국,상용,2025-05-01,4000.0
중국,유학연수,2005-01-01,780.0
중국,유학연수,2005-02-01,4812.0
중국,유학연수,2005-03-01,2863.0
중국,유학연수,2005-04-01,724.0
중국,유학연수,2005-05-01,483.0
중국,유학연수,2005-06-01,671.0
중국,유학연수,2005-07-01,1052.0
중국,유학연수,2005-08-01,4383.0
중국,유학연수,2005-09-01,3350.0
중국,유학연수,2005-10-01,1001.0
중국,유학연수,2005-11-01,764.0
중국,유학연수,2005-12-01,799.0
중국,유학연수,2006-01-01,854.0
중국,유학연수,2006-02-01,8085.0
중국,유학연수,2006-03-01,4430.0
중국,유학연수,2006-04-01,834.0
중국,유학연수,2006-05-01,740.0
중국,유학연수,2006-06-01,1182.0
중국,유학연수,2006-07-01,1748.0
중국,유학연수,2006-08-01,6488.0
중국,유학연수,2006-09-01,5830.0
중국,유학연수,2006-10-01,2697.0
중국,유학연수,2006-11-01,1051.0
중국,유학연수,2006-12-01,1893.0
중국,유학연수,2007-01-01,2028.0
중국,유학연수,2007-02-01,9924.0
중국,유학연수,2007-03-01,10515.0
중국,유학연수,2007-04-01,1971.0
중국,유학연수,2007-05-01,1440.0
중국,유학연수,2007-06-01,2717.0
중국,유학연수,2007-07-01,2896.0
중국,유학연수,2007-08-01,10732.0
중국,유학연수,2007-09-01,9038.0
중국,유학연수,2007-10-01,3872.0
중국,유학연수,2007-11-01,2190.0
중국,유학연수,2007-12-01,3027.0
중국,유학연수,2008-01-01,2367.0
중국,유학연수,2008-02-01,19297.0
중국,유학연수,2008-03-01,9855.0
중국,유학연수,2008-04-01,1926.0
중국,유학연수,2008-05-01,2140.0
중국,유학연수,2008-06-01,3075.0
중국,유학연수,2008-07-01,3039.0
중국,유학연수,2008-08-01,17240.0
중국,유학연수,2008-09-01,9326.0
중국,유학연수,2008-10-01,2737.0
중국,유학연수,2008-11-01,1953.0
중국,유학연수,2008-12-01,2867.0
중국,유학연수,2009-01-01,2901.0
중국,유학연수,2009-02-01,28943.0
중국,유학연수,2009-03-01,9097.0
중국,유학연수,2009-04-01,2136.0
중국,유학연수,2009-05-01,3120.0
중국,유학연수,2009-06-01,3449.0
중국,유학연수,2009-07-01,4029.0
중국,유학연수,2009-08-01,24520.0
중국,유학연수,2009-09-01,9501.0
중국,유학연수,2009-10-01,3883.0
중국,유학연수,2009-11-01,2280.0
중국,유학연수,2009-12-01,2826.0
중국,유학연수,2010-01-01,2751.0
중국,유학연수,2010-02-01,29546.0
중국,유학연수,2010-03-01,14924.0
중국,유학연수,2010-04-01,2199.0
중국,유학연수,2010-05-01,2931.0
중국,유학연수,2010-06-01,3293.0
중국,유학연수,2010-07-01,4309.0
중국,유학연수,2010-08-01,26427.0
중국,유학연수,2010-09-01,11374.0
중국,유학연수,2010-10-01,3102.0
중국,유학연수,2010-11-01,2184.0
중국,유학연수,2010-12-01,3416.0
중국,유학연수,2011-01-01,2432.0
중국,유학연수,2011-02-01,34987.0
중국,유학연수,2011-03-01,12804.0
중국,유학연수,2011-04-01,2782.0
중국,유학연수,2011-05-01,3993.0
중국,유학연수,2011-06-01,4125.0
중국,유학연수,2011-07-01,4730.0
중국,유학연수,2011-08-01,25773.0
중국,유학연수,2011-09-01,11980.0
중국,유학연수,2011-10-01,3878.0
중국,유학연수,2011-11-01,2788.0
중국,유학연수,2011-12-01,3722.0
중국,유학연수,2012-01-01,5590.0
중국,유학연수,2012-02-01,28401.0
중국,유학연수,2012-03-01,12386.0
중국,유학연수,2012-04-01,2556.0
중국,유학연수,2012-05-01,3226.0
중국,유학연수,2012-06-01,3756.0
중국,유학연수,2012-07-01,4484.0
중국,유학연수,2012-08-01,21549.0
중국,유학연수,2012-09-01,11443.0
중국,유학연수,2012-10-01,4612.0
중국,유학연수,2012-11-01,2379.0
중국,유학연수,2012-12-01,3474.0
중국,유학연수,2013-01-01,2570.0
중국,유학연수,2013-02-01,24116.0
중국,유학연수,2013-03-01,17532.0
중국,유학연수,2013-04-01,2851.0
중국,유학연수,2013-05-01,3668.0
중국,유학연수,2013-06-01,4269.0
중국,유학연수,2013-07-01,3908.0
중국,유학연수,2013-08-01,20794.0
중국,유학연수,2013-09-01,12676.0
중국,유학연수,2013-10-01,2951.0
중국,유학연수,2013-11-01,2867.0
중국,유학연수,2013-12-01,4231.0
중국,유학연수,2014-01-01,2460.0
중국,유학연수,2014-02-01,25981.0
중국,유학연수,2014-03-01,14757.0
중국,유학연수,2014-04-01,2590.0
중국,유학연수,2014-05-01,4082.0
중국,유학연수,2014-06-01,5480.0
중국,유학연수,2014-07-01,4087.0
중국,유학연수,2014-08-01,23091.0
중국,유학연수,2014-09-01,12683.0
중국,유학연수,2014-10-01,3290.0
중국,유학연수,2014-11-01,3668.0
중국,유학연수,2014-12-01,5387.0
중국,유학연수,2015-01-01,3778.0
중국,유학연수,2015-02-01,24083.0
중국,유학연수,2015-03-01,21416.0
중국,유학연수,2015-04-01,3729.0
중국,유학연수,2015-05-01,6496.0
중국,유학연수,2015-06-01,8181.0
중국,유학연수,2015-07-01,5282.0
중국,유학연수,2015-08-01,30124.0
중국,유학연수,2015-09-01,14981.0
중국,유학연수,2015-10-01,5523.0
중국,유학연수,2015-11-01,6414.0
중국,유학연수,2015-12-01,8853.0
중국,유학연수,2016-01-01,4383.0
중국,유학연수,2016-02-01,38075.0
중국,유학연수,2016-03-01,16604.0
중국,유학연수,2016-04-01,5382.0
중국,유학연수,2016-05-01,9356.0
중국,유학연수,2016-06-01,10378.0
중국,유학연수,2016-07-01,7122.0
중국,유학연수,2016-08-01,35523.0
중국,유학연수,2016-09-01,18238.0
중국,유학연수,2016-10-01,6518.0
중국,유학연수,2016-11-01,7445.0
중국,유학연수,2016-12-01,11603.0
중국,유학연수,2017-01-01,5117.0
중국,유학연수,2017-02-01,42620.0
중국,유학연수,2017-03-01,19633.0
중국,유학연수,2017-04-01,6586.0
중국,유학연수,2017-05-01,14264.0
중국,유학연수,2017-06-01,12669.0
중국,유학연수,2017-07-01,8545.0
중국,유학연수,2017-08-01,40388.0
중국,유학연수,2017-09-01,15852.0
중국,유학연수,2017-10-01,17634.0
중국,유학연수,2017-11-01,8583.0
중국,유학연수,2017-12-01,10767.0
중국,유학연수,2018-01-01,7190.0
중국,유학연수,2018-02-01,34899.0
중국,유학연수,2018-03-01,30621.0
중국,유학연수,2018-04-01,9833.0
중국,유학연수,2018-05-01,13759.0
중국,유학연수,2018-06-01,11871.0
중국,유학연수,2018-07-01,9919.0
중국,유학연수,2018-08-01,39061.0
중국,유학연수,2018-09-01,25601.0
중국,유학연수,2018-10-01,10656.0
중국,유학연수,2018-11-01,9743.0
중국,유학연수,2018-12-01,10777.0
중국,유학연수,2019-01-01,8793.0
중국,유학연수,2019-02-01,38731.0
중국,유학연수,2019-03-01,32532.0
중국,유학연수,2019-04-01,9959.0
중국,유학연수,2019-05-01,14003.0
중국,유학연수,2019-06-01,14680.0
중국,유학연수,2019-07-01,10847.0
중국,유학연수,2019-08-01,44291.0
중국,유학연수,2019-09-01,25545.0
중국,유학연수,2019-10-01,12722.0
중국,유학연수,2019-11-01,12822.0
중국,유학연수,2019-12-01,13284.0
중국,유학연수,2020-01-01,10433.0
중국,유학연수,2020-02-01,20753.0
중국,유학연수,2020-03-01,7388.0
중국,유학연수,2020-04-01,1112.0
중국,유학연수,2020-05-01,1189.0
중국,유학연수,2020-06-01,751.0
중국,유학연수,2020-07-01,617.0
중국,유학연수,2020-08-01,6766.0
중국,유학연수,2020-09-01,5717.0
중국,유학연수,2020-10-01,1287.0
중국,유학연수,2020-11-01,1285.0
중국,유학연수,2020-12-01,768.0
중국,유학연수,2021-01-01,271.0
중국,유학연수,2021-02-01,4583.0
중국,유학연수,2021-03-01,5487.0
중국,유학연수,2021-04-01,1467.0
중국,유학연수,2021-05-01,1093.0
중국,유학연수,2021-06-01,984.0
중국,유학연수,2021-07-01,1063.0
중국,유학연수,2021-08-01,9031.0
중국,유학연수,2021-09-01,7217.0
중국,유학연수,2021-10-01,1639.0
중국,유학연수,2021-11-01,1035.0
중국,유학연수,2021-12-01,848.0
중국,유학연수,2022-01-01,264.0
중국,유학연수,2022-02-01,7881.0
중국,유학연수,2022-03-01,5366.0
중국,유학연수,2022-04-01,1034.0
중국,유학연수,2022-05-01,1024.0
중국,유학연수,2022-06-01,1239.0
중국,유학연수,2022-07-01,1614.0
중국,유학연수,2022-08-01,14610.0
중국,유학연수,2022-09-01,9975.0
중국,유학연수,2022-10-01,1072.0
중국,유학연수,2022-11-01,1266.0
중국,유학연수,2022-12-01,2093.0
중국,유학연수,2023-01-01,2691.0
중국,유학연수,2023-02-01,22250.0
중국,유학연수,2023-03-01,16283.0
중국,유학연수,2023-04-01,3291.0
중국,유학연수,2023-05-01,8354.0
중국,유학연수,2023-06-01,6773.0
중국,유학연수,2023-07-01,7691.0
중국,유학연수,2023-08-01,39348.0
중국,유학연수,2023-09-01,19338.0
중국,유학연수,2023-10-01,12594.0
중국,유학연수,2023-11-01,9687.0
중국,유학연수,2023-12-01,9619.0
중국,유학연수,2024-01-01,7164.0
중국,유학연수,2024-02-01,35771.0
중국,유학연수,2024-03-01,31680.0
중국,유학연수,2024-04-01,10150.0
중국,유학연수,2024-05-01,16201.0
중국,유학연수,2024-06-01,11758.0
중국,유학연수,2024-07-01,10133.0
중국,유학연수,2024-08-01,46050.0
중국,유학연수,2024-09-01,28692.0
중국,유학연수,2024-10-01,13883.0
중국,유학연수,2024-11-01,15279.0
중국,유학연수,2024-12-01,12790.0
중국,유학연수,2025-01-01,7242.0
중국,유학연수,2025-02-01,41653.0
중국,유학연수,2025-03-01,35824.0
중국,유학연수,2025-04-01,11835.0
중국,유학연수,2025-05-01,20938.0
중동,공용,2005-01-01,15.0
중동,공용,2005-02-01,5.0
중동,공용,2005-03-01,31.0
중동,공용,2005-04-01,31.0
중동,공용,2005-05-01,41.0
중동,공용,2005-06-01,26.0
중동,공용,2005-07-01,11.0
중동,공용,2005-08-01,44.0
중동,공용,2005-09-01,67.0
중동,공용,2005-10-01,27.0
중동,공용,2005-11-01,37.0
중동,공용,2005-12-01,20.0
중동,공용,2006-01-01,7.0
중동,공용,2006-02-01,49.0
중동,공용,2006-03-01,56.0
중동,공용,2006-04-01,36.0
중동,공용,2006-05-01,11.0
중동,공용,2006-06-01,16.0
중동,공용,2006-07-01,25.0
중동,공용,2006-08-01,38.0
중동,공용,2006-09-01,18.0
중동,공용,2006-10-01,34.0
중동,공용,2006-11-01,41.0
중동,공용,2006-12-01,28.0
중동,공용,2007-01-01,32.0
중동,공용,2007-02-01,36.0
중동,공용,2007-03-01,17.0
중동,공용,2007-04-01,27.0
중동,공용,2007-05-01,27.0
중동,공용,2007-06-01,57.0
중동,공용,2007-07-01,18.0
중동,공용,2007-08-01,28.0
중동,공용,2007-09-01,16.0
중동,공용,2007-10-01,37.0
중동,공용,2007-11-01,47.0
중동,공용,2007-12-01,22.0
중동,공용,2008-01-01,14.0
중동,공용,2008-02-01,29.0
중동,공용,2008-03-01,24.0
중동,공용,2008-04-01,27.0
중동,공용,2008-05-01,46.0
중동,공용,2008-06-01,36.0
중동,공용,2008-07-01,102.0
중동,공용,2008-08-01,28.0
중동,공용,2008-09-01,15.0
중동,공용,2008-10-01,52.0
중동,공용,2008-11-01,159.0
중동,공용,2008-12-01,18.0
중동,공용,2009-01-01,17.0
중동,공용,2009-02-01,85.0
중동,공용,2009-03-01,30.0
중동,공용,2009-04-01,37.0
중동,공용,2009-05-01,61.0
중동,공용,2009-06-01,44.0
중동,공용,2009-07-01,60.0
중동,공용,2009-08-01,20.0
중동,공용,2009-09-01,7.0
중동,공용,2009-10-01,66.0
중동,공용,2009-11-01,25.0
중동,공용,2009-12-01,14.0
중동,공용,2010-01-01,27.0
중동,공용,2010-02-01,57.0
중동,공용,2010-03-01,13.0
중동,공용,2010-04-01,60.0
중동,공용,2010-05-01,40.0
중동,공용,2010-06-01,48.0
중동,공용,2010-07-01,21.0
중동,공용,2010-08-01,9.0
중동,공용,2010-09-01,11.0
중동,공용,2010-10-01,41.0
중동,공용,2010-11-01,58.0
중동,공용,2010-12-01,34.0
중동,공용,2011-01-01,14.0
중동,공용,2011-02-01,12.0
중동,공용,2011-03-01,2.0
중동,공용,2011-04-01,13.0
중동,공용,2011-05-01,58.0
중동,공용,2011-06-01,23.0
중동,공용,2011-07-01,20.0
중동,공용,2011-08-01,11.0
중동,공용,2011-09-01,21.0
중동,공용,2011-10-01,127.0
중동,공용,2011-11-01,46.0
중동,공용,2011-12-01,16.0
중동,공용,2012-01-01,28.0
중동,공용,2012-02-01,28.0
중동,공용,2012-03-01,232.0
중동,공용,2012-04-01,63.0
중동,공용,2012-05-01,96.0
중동,공용,2012-06-01,69.0
중동,공용,2012-07-01,40.0
중동,공용,2012-08-01,43.0
중동,공용,2012-09-01,122.0
중동,공용,2012-10-01,108.0
중동,공용,2012-11-01,70.0
중동,공용,2012-12-01,24.0
중동,공용,2013-01-01,24.0
중동,공용,2013-02-01,17.0
중동,공용,2013-03-01,81.0
중동,공용,2013-04-01,46.0
중동,공용,2013-05-01,92.0
중동,공용,2013-06-01,68.0
중동,공용,2013-07-01,23.0
중동,공용,2013-08-01,79.0
중동,공용,2013-09-01,115.0
중동,공용,2013-10-01,118.0
중동,공용,2013-11-01,71.0
중동,공용,2013-12-01,82.0
중동,공용,2014-01-01,38.0
중동,공용,2014-02-01,70.0
중동,공용,2014-03-01,85.0
중동,공용,2014-04-01,94.0
중동,공용,2014-05-01,108.0
중동,공용,2014-06-01,168.0
중동,공용,2014-07-01,57.0
중동,공용,2014-08-01,90.0
중동,공용,2014-09-01,239.0
중동,공용,2014-10-01,166.0
중동,공용,2014-11-01,117.0
중동,공용,2014-12-01,71.0
중동,공용,2015-01-01,26.0
중동,공용,2015-02-01,59.0
중동,공용,2015-03-01,112.0
중동,공용,2015-04-01,216.0
중동,공용,2015-05-01,173.0
중동,공용,2015-06-01,76.0
중동,공용,2015-07-01,107.0
중동,공용,2015-08-01,108.0
중동,공용,2015-09-01,239.0
중동,공용,2015-10-01,177.0
중동,공용,2015-11-01,131.0
중동,공용,2015-12-01,27.0
중동,공용,2016-01-01,31.0
중동,공용,2016-02-01,41.0
중동,공용,2016-03-01,47.0
중동,공용,2016-04-01,81.0
중동,공용,2016-05-01,123.0
중동,공용,2016-06-01,95.0
중동,공용,2016-07-01,159.0
중동,공용,2016-08-01,85.0
중동,공용,2016-09-01,121.0
중동,공용,2016-10-01,76.0
중동,공용,2016-11-01,104.0
중동,공용,2016-12-01,50.0
중동,공용,2017-01-01,121.0
중동,공용,2017-02-01,70.0
중동,공용,2017-03-01,81.0
중동,공용,2017-04-01,102.0
중동,공용,2017-05-01,114.0
중동,공용,2017-06-01,189.0
중동,공용,2017-07-01,142.0
중동,공용,2017-08-01,123.0
중동,공용,2017-09-01,158.0
중동,공용,2017-10-01,156.0
중동,공용,2017-11-01,126.0
중동,공용,2017-12-01,151.0
중동,공용,2018-01-01,87.0
중동,공용,2018-02-01,80.0
중동,공용,2018-03-01,69.0
중동,공용,2018-04-01,136.0
중동,공용,2018-05-01,132.0
중동,공용,2018-06-01,123.0
중동,공용,2018-07-01,128.0
중동,공용,2018-08-01,163.0
중동,공용,2018-09-01,141.0
중동,공용,2018-10-01,115.0
중동,공용,2018-11-01,141.0
중동,공용,2018-12-01,75.0
중동,공용,2019-01-01,75.0
중동,공용,2019-02-01,93.0
중동,공용,2019-03-01,129.0
중동,공용,2019-04-01,210.0
중동,공용,2019-05-01,108.0
중동,공용,2019-06-01,206.0
중동,공용,2019-07-01,74.0
중동,공용,2019-08-01,115.0
중동,공용,2019-09-01,121.0
중동,공용,2019-10-01,124.0
중동,공용,2019-11-01,91.0
중동,공용,2019-12-01,79.0
중동,공용,2020-01-01,31.0
중동,공용,2020-02-01,17.0
중동,공용,2020-03-01,5.0
중동,공용,2020-04-01,2.0
중동,공용,2020-05-01,6.0
중동,공용,2020-06-01,9.0
중동,공용,2020-07-01,17.0
중동,공용,2020-08-01,13.0
중동,공용,2020-09-01,8.0
중동,공용,2020-10-01,15.0
중동,공용,2020-11-01,34.0
중동,공용,2020-12-01,7.0
중동,공용,2021-01-01,12.0
중동,공용,2021-02-01,14.0
중동,공용,2021-03-01,12.0
중동,공용,2021-04-01,10.0
중동,공용,2021-05-01,22.0
중동,공용,2021-06-01,27.0
중동,공용,2021-07-01,42.0
중동,공용,2021-08-01,141.0
중동,공용,2021-09-01,52.0
중동,공용,2021-10-01,210.0
중동,공용,2021-11-01,102.0
중동,공용,2021-12-01,81.0
중동,공용,2022-01-01,30.0
중동,공용,2022-02-01,46.0
중동,공용,2022-03-01,147.0
중동,공용,2022-04-01,44.0
중동,공용,2022-05-01,65.0
중동,공용,2022-06-01,39.0
중동,공용,2022-07-01,73.0
중동,공용,2022-08-01,71.0
중동,공용,2022-09-01,50.0
중동,공용,2022-10-01,54.0
중동,공용,2022-11-01,119.0
중동,공용,2022-12-01,20.0
중동,공용,2023-01-01,45.0
중동,공용,2023-02-01,38.0
중동,공용,2023-03-01,51.0
중동,공용,2023-04-01,58.0
중동,공용,2023-05-01,73.0
중동,공용,2023-06-01,117.0
중동,공용,2023-07-01,87.0
중동,공용,2023-08-01,77.0
중동,공용,2023-09-01,102.0
중동,공용,2023-10-01,155.0
중동,공용,2023-11-01,85.0
중동,공용,2023-12-01,36.0
중동,공용,2024-01-01,84.0
중동,공용,2024-02-01,75.0
중동,공용,2024-03-01,73.0
중동,공용,2024-04-01,79.0
중동,공용,2024-05-01,76.0
중동,공용,2024-06-01,89.0
중동,공용,2024-07-01,56.0
중동,공용,2024-08-01,61.0
중동,공용,2024-09-01,124.0
중동,공용,2024-10-01,77.0
중동,공용,2024-11-01,103.0
중동,공용,2024-12-01,94.0
중동,공용,2025-01-01,66.0
중동,공용,2025-02-01,45.0
중동,공용,2025-03-01,78.0
중동,공용,2025-04-01,59.0
중동,공용,2025-05-01,100.0
중동,관광,2005-01-01,1420.0
중동,관광,2005-02-01,1428.0
중동,관광,2005-03-01,1800.0
중동,관광,2005-04-01,1821.0
중동,관광,2005-05-01,2240.0
중동,관광,2005-06-01,2088.0
중동,관광,2005-07-01,1852.0
중동,관광,2005-08-01,2352.0
중동,관광,2005-09-01,2129.0
중동,관광,2005-10-01,2231.0
중동,관광,2005-11-01,2223.0
중동,관광,2005-12-01,1568.0
중동,관광,2006-01-01,1284.0
중동,관광,2006-02-01,1552.0
중동,관광,2006-03-01,1796.0
중동,관광,2006-04-01,1914.0
중동,관광,2006-05-01,2340.0
중동,관광,2006-06-01,1983.0
중동,관광,2006-07-01,1868.0
중동,관광,2006-08-01,2357.0
중동,관광,2006-09-01,2274.0
중동,관광,2006-10-01,2527.0
중동,관광,2006-11-01,2219.0
중동,관광,2006-12-01,1651.0
중동,관광,2007-01-01,1546.0
중동,관광,2007-02-01,1605.0
중동,관광,2007-03-01,2181.0
중동,관광,2007-04-01,2280.0
중동,관광,2007-05-01,2488.0
중동,관광,2007-06-01,2927.0
중동,관광,2007-07-01,2243.0
중동,관광,2007-08-01,2561.0
중동,관광,2007-09-01,2369.0
중동,관광,2007-10-01,3649.0
중동,관광,2007-11-01,2435.0
중동,관광,2007-12-01,1707.0
중동,관광,2008-01-01,1704.0
중동,관광,2008-02-01,1587.0
중동,관광,2008-03-01,2421.0
중동,관광,2008-04-01,2298.0
중동,관광,2008-05-01,2819.0
중동,관광,2008-06-01,2939.0
중동,관광,2008-07-01,3290.0
중동,관광,2008-08-01,2368.0
중동,관광,2008-09-01,2561.0
중동,관광,2008-10-01,3657.0
중동,관광,2008-11-01,2531.0
중동,관광,2008-12-01,2195.0
중동,관광,2009-01-01,1744.0
중동,관광,2009-02-01,1868.0
중동,관광,2009-03-01,2278.0
중동,관광,2009-04-01,2224.0
중동,관광,2009-05-01,2357.0
중동,관광,2009-06-01,2843.0
중동,관광,2009-07-01,2740.0
중동,관광,2009-08-01,3021.0
중동,관광,2009-09-01,2766.0
중동,관광,2009-10-01,3791.0
중동,관광,2009-11-01,3259.0
중동,관광,2009-12-01,2501.0
중동,관광,2010-01-01,2224.0
중동,관광,2010-02-01,2119.0
중동,관광,2010-03-01,3388.0
중동,관광,2010-04-01,4003.0
중동,관광,2010-05-01,3709.0
중동,관광,2010-06-01,3750.0
중동,관광,2010-07-01,4386.0
중동,관광,2010-08-01,3681.0
중동,관광,2010-09-01,3492.0
중동,관광,2010-10-01,4512.0
중동,관광,2010-11-01,3892.0
중동,관광,2010-12-01,2666.0
중동,관광,2011-01-01,2374.0
중동,관광,2011-02-01,2385.0
중동,관광,2011-03-01,3103.0
중동,관광,2011-04-01,3653.0
중동,관광,2011-05-01,4397.0
중동,관광,2011-06-01,4036.0
중동,관광,2011-07-01,4689.0
중동,관광,2011-08-01,3835.0
중동,관광,2011-09-01,4264.0
중동,관광,2011-10-01,5617.0
중동,관광,2011-11-01,4248.0
중동,관광,2011-12-01,3213.0
중동,관광,2012-01-01,3088.0
중동,관광,2012-02-01,3581.0
중동,관광,2012-03-01,4407.0
중동,관광,2012-04-01,4477.0
중동,관광,2012-05-01,5046.0
중동,관광,2012-06-01,6248.0
중동,관광,2012-07-01,5419.0
중동,관광,2012-08-01,4690.0
중동,관광,2012-09-01,5001.0
중동,관광,2012-10-01,6534.0
중동,관광,2012-11-01,5267.0
중동,관광,2012-12-01,4121.0
중동,관광,2013-01-01,3806.0
중동,관광,2013-02-01,3514.0
중동,관광,2013-03-01,5629.0
중동,관광,2013-04-01,4999.0
중동,관광,2013-05-01,5354.0
중동,관광,2013-06-01,7913.0
중동,관광,2013-07-01,5066.0
중동,관광,2013-08-01,6191.0
중동,관광,2013-09-01,5617.0
중동,관광,2013-10-01,7501.0
중동,관광,2013-11-01,5793.0
중동,관광,2013-12-01,4756.0
중동,관광,2014-01-01,4334.0
중동,관광,2014-02-01,4475.0
중동,관광,2014-03-01,6873.0
중동,관광,2014-04-01,6711.0
중동,관광,2014-05-01,6820.0
중동,관광,2014-06-01,7268.0
중동,관광,2014-07-01,6365.0
중동,관광,2014-08-01,8216.0
중동,관광,2014-09-01,11429.0
중동,관광,2014-10-01,9889.0
중동,관광,2014-11-01,6757.0
중동,관광,2014-12-01,6570.0
중동,관광,2015-01-01,6021.0
중동,관광,2015-02-01,5265.0
중동,관광,2015-03-01,9502.0
중동,관광,2015-04-01,9268.0
중동,관광,2015-05-01,9017.0
중동,관광,2015-06-01,6410.0
중동,관광,2015-07-01,8332.0
중동,관광,2015-08-01,9342.0
중동,관광,2015-09-01,9163.0
중동,관광,2015-10-01,10099.0
중동,관광,2015-11-01,8817.0
중동,관광,2015-12-01,7272.0
중동,관광,2016-01-01,7178.0
중동,관광,2016-02-01,6687.0
중동,관광,2016-03-01,10765.0
중동,관광,2016-04-01,9963.0
중동,관광,2016-05-01,10033.0
중동,관광,2016-06-01,8585.0
중동,관광,2016-07-01,12276.0
중동,관광,2016-08-01,11125.0
중동,관광,2016-09-01,10346.0
중동,관광,2016-10-01,10914.0
중동,관광,2016-11-01,10673.0
중동,관광,2016-12-01,8223.0
중동,관광,2017-01-01,7744.0
중동,관광,2017-02-01,8014.0
중동,관광,2017-03-01,11109.0
중동,관광,2017-04-01,10607.0
중동,관광,2017-05-01,9984.0
중동,관광,2017-06-01,10363.0
중동,관광,2017-07-01,13991.0
중동,관광,2017-08-01,12549.0
중동,관광,2017-09-01,11759.0
중동,관광,2017-10-01,12419.0
중동,관광,2017-11-01,11094.0
중동,관광,2017-12-01,9368.0
중동,관광,2018-01-01,9014.0
중동,관광,2018-02-01,8353.0
중동,관광,2018-03-01,14668.0
중동,관광,2018-04-01,14518.0
중동,관광,2018-05-01,12270.0
중동,관광,2018-06-01,12574.0
중동,관광,2018-07-01,14456.0
중동,관광,2018-08-01,13597.0
중동,관광,2018-09-01,11362.0
중동,관광,2018-10-01,13716.0
중동,관광,2018-11-01,10947.0
중동,관광,2018-12-01,8692.0
중동,관광,2019-01-01,7748.0
중동,관광,2019-02-01,7267.0
중동,관광,2019-03-01,13177.0
중동,관광,2019-04-01,14656.0
중동,관광,2019-05-01,10761.0
중동,관광,2019-06-01,15108.0
중동,관광,2019-07-01,15876.0
중동,관광,2019-08-01,14471.0
중동,관광,2019-09-01,13099.0
중동,관광,2019-10-01,15321.0
중동,관광,2019-11-01,12746.0
중동,관광,2019-12-01,10050.0
중동,관광,2020-01-01,8929.0
중동,관광,2020-02-01,5980.0
중동,관광,2020-03-01,492.0
중동,관광,2020-04-01,9.0
중동,관광,2020-05-01,19.0
중동,관광,2020-06-01,58.0
중동,관광,2020-07-01,122.0
중동,관광,2020-08-01,77.0
중동,관광,2020-09-01,73.0
중동,관광,2020-10-01,80.0
중동,관광,2020-11-01,75.0
중동,관광,2020-12-01,101.0
중동,관광,2021-01-01,74.0
중동,관광,2021-02-01,79.0
중동,관광,2021-03-01,143.0
중동,관광,2021-04-01,117.0
중동,관광,2021-05-01,172.0
중동,관광,2021-06-01,207.0
중동,관광,2021-07-01,311.0
중동,관광,2021-08-01,277.0
중동,관광,2021-09-01,272.0
중동,관광,2021-10-01,513.0
중동,관광,2021-11-01,385.0
중동,관광,2021-12-01,321.0
중동,관광,2022-01-01,266.0
중동,관광,2022-02-01,272.0
중동,관광,2022-03-01,468.0
중동,관광,2022-04-01,1828.0
중동,관광,2022-05-01,4720.0
중동,관광,2022-06-01,7090.0
중동,관광,2022-07-01,7016.0
중동,관광,2022-08-01,5842.0
중동,관광,2022-09-01,6263.0
중동,관광,2022-10-01,7983.0
중동,관광,2022-11-01,8727.0
중동,관광,2022-12-01,5939.0
중동,관광,2023-01-01,4004.0
중동,관광,2023-02-01,4072.0
중동,관광,2023-03-01,8378.0
중동,관광,2023-04-01,9841.0
중동,관광,2023-05-01,10353.0
중동,관광,2023-06-01,10312.0
중동,관광,2023-07-01,12414.0
중동,관광,2023-08-01,10336.0
중동,관광,2023-09-01,10894.0
중동,관광,2023-10-01,11118.0
중동,관광,2023-11-01,9314.0
중동,관광,2023-12-01,6918.0
중동,관광,2024-01-01,6770.0
중동,관광,2024-02-01,6142.0
중동,관광,2024-03-01,9295.0
중동,관광,2024-04-01,15973.0
중동,관광,2024-05-01,12633.0
중동,관광,2024-06-01,14414.0
중동,관광,2024-07-01,15032.0
중동,관광,2024-08-01,12951.0
중동,관광,2024-09-01,12212.0
중동,관광,2024-10-01,15542.0
중동,관광,2024-11-01,12010.0
중동,관광,2024-12-01,7455.0
중동,관광,2025-01-01,6563.0
중동,관광,2025-02-01,6304.0
중동,관광,2025-03-01,14115.0
중동,관광,2025-04-01,20329.0
중동,관광,2025-05-01,15027.0
중동,상용,2005-01-01,675.0
중동,상용,2005-02-01,575.0
중동,상용,2005-03-01,848.0
중동,상용,2005-04-01,708.0
중동,상용,2005-05-01,914.0
중동,상용,2005-06-01,602.0
중동,상용,2005-07-01,719.0
중동,상용,2005-08-01,687.0
중동,상용,2005-09-01,687.0
중동,상용,2005-10-01,722.0
중동,상용,2005-11-01,661.0
중동,상용,2005-12-01,583.0
중동,상용,2006-01-01,494.0
중동,상용,2006-02-01,602.0
중동,상용,2006-03-01,845.0
중동,상용,2006-04-01,871.0
중동,상용,2006-05-01,991.0
중동,상용,2006-06-01,849.0
중동,상용,2006-07-01,865.0
중동,상용,2006-08-01,1073.0
중동,상용,2006-09-01,1277.0
중동,상용,2006-10-01,1213.0
중동,상용,2006-11-01,1299.0
중동,상용,2006-12-01,1067.0
중동,상용,2007-01-01,1166.0
중동,상용,2007-02-01,1244.0
중동,상용,2007-03-01,1500.0
중동,상용,2007-04-01,1516.0
중동,상용,2007-05-01,1469.0
중동,상용,2007-06-01,1580.0
중동,상용,2007-07-01,1844.0
중동,상용,2007-08-01,1589.0
중동,상용,2007-09-01,1653.0
중동,상용,2007-10-01,1941.0
중동,상용,2007-11-01,1718.0
중동,상용,2007-12-01,1419.0
중동,상용,2008-01-01,1467.0
중동,상용,2008-02-01,1412.0
중동,상용,2008-03-01,1856.0
중동,상용,2008-04-01,1820.0
중동,상용,2008-05-01,1731.0
중동,상용,2008-06-01,1570.0
중동,상용,2008-07-01,1872.0
중동,상용,2008-08-01,1645.0
중동,상용,2008-09-01,1359.0
중동,상용,2008-10-01,1755.0
중동,상용,2008-11-01,1540.0
중동,상용,2008-12-01,1190.0
중동,상용,2009-01-01,1166.0
중동,상용,2009-02-01,1364.0
중동,상용,2009-03-01,1475.0
중동,상용,2009-04-01,1274.0
중동,상용,2009-05-01,1370.0
중동,상용,2009-06-01,1283.0
중동,상용,2009-07-01,1200.0
중동,상용,2009-08-01,1382.0
중동,상용,2009-09-01,1216.0
중동,상용,2009-10-01,1729.0
중동,상용,2009-11-01,1430.0
중동,상용,2009-12-01,1250.0
중동,상용,2010-01-01,1395.0
중동,상용,2010-02-01,1192.0
중동,상용,2010-03-01,1610.0
중동,상용,2010-04-01,1595.0
중동,상용,2010-05-01,1716.0
중동,상용,2010-06-01,1602.0
중동,상용,2010-07-01,1372.0
중동,상용,2010-08-01,1423.0
중동,상용,2010-09-01,1409.0
중동,상용,2010-10-01,1926.0
중동,상용,2010-11-01,1638.0
중동,상용,2010-12-01,1426.0
중동,상용,2011-01-01,1552.0
중동,상용,2011-02-01,1644.0
중동,상용,2011-03-01,1948.0
중동,상용,2011-04-01,1924.0
중동,상용,2011-05-01,2198.0
중동,상용,2011-06-01,1859.0
중동,상용,2011-07-01,1919.0
중동,상용,2011-08-01,1761.0
중동,상용,2011-09-01,2288.0
중동,상용,2011-10-01,2262.0
중동,상용,2011-11-01,2239.0
중동,상용,2011-12-01,1736.0
중동,상용,2012-01-01,1467.0
중동,상용,2012-02-01,1751.0
중동,상용,2012-03-01,2167.0
중동,상용,2012-04-01,2082.0
중동,상용,2012-05-01,2388.0
중동,상용,2012-06-01,2046.0
중동,상용,2012-07-01,1840.0
중동,상용,2012-08-01,1570.0
중동,상용,2012-09-01,2075.0
중동,상용,2012-10-01,2182.0
중동,상용,2012-11-01,2178.0
중동,상용,2012-12-01,1777.0
중동,상용,2013-01-01,1492.0
중동,상용,2013-02-01,1481.0
중동,상용,2013-03-01,1812.0
중동,상용,2013-04-01,1749.0
중동,상용,2013-05-01,1774.0
중동,상용,2013-06-01,1762.0
중동,상용,2013-07-01,1442.0
중동,상용,2013-08-01,1320.0
중동,상용,2013-09-01,1714.0
중동,상용,2013-10-01,1845.0
중동,상용,2013-11-01,1786.0
중동,상용,2013-12-01,1339.0
중동,상용,2014-01-01,1184.0
중동,상용,2014-02-01,1355.0
중동,상용,2014-03-01,1734.0
중동,상용,2014-04-01,1746.0
중동,상용,2014-05-01,1781.0
중동,상용,2014-06-01,1666.0
중동,상용,2014-07-01,1232.0
중동,상용,2014-08-01,1669.0
중동,상용,2014-09-01,1837.0
중동,상용,2014-10-01,2156.0
중동,상용,2014-11-01,1753.0
중동,상용,2014-12-01,1442.0
중동,상용,2015-01-01,1320.0
중동,상용,2015-02-01,1393.0
중동,상용,2015-03-01,2067.0
중동,상용,2015-04-01,1636.0
중동,상용,2015-05-01,1633.0
중동,상용,2015-06-01,1122.0
중동,상용,2015-07-01,1055.0
중동,상용,2015-08-01,1348.0
중동,상용,2015-09-01,1196.0
중동,상용,2015-10-01,1456.0
중동,상용,2015-11-01,1200.0
중동,상용,2015-12-01,895.0
중동,상용,2016-01-01,808.0
중동,상용,2016-02-01,887.0
중동,상용,2016-03-01,1031.0
중동,상용,2016-04-01,1063.0
중동,상용,2016-05-01,1113.0
중동,상용,2016-06-01,758.0
중동,상용,2016-07-01,893.0
중동,상용,2016-08-01,1042.0
중동,상용,2016-09-01,934.0
중동,상용,2016-10-01,1280.0
중동,상용,2016-11-01,1310.0
중동,상용,2016-12-01,832.0
중동,상용,2017-01-01,881.0
중동,상용,2017-02-01,1024.0
중동,상용,2017-03-01,1496.0
중동,상용,2017-04-01,1318.0
중동,상용,2017-05-01,1293.0
중동,상용,2017-06-01,950.0
중동,상용,2017-07-01,1230.0
중동,상용,2017-08-01,1129.0
중동,상용,2017-09-01,987.0
중동,상용,2017-10-01,1317.0
중동,상용,2017-11-01,1211.0
중동,상용,2017-12-01,858.0
중동,상용,2018-01-01,854.0
중동,상용,2018-02-01,733.0
중동,상용,2018-03-01,955.0
중동,상용,2018-04-01,1181.0
중동,상용,2018-05-01,1041.0
중동,상용,2018-06-01,895.0
중동,상용,2018-07-01,1161.0
중동,상용,2018-08-01,948.0
중동,상용,2018-09-01,1298.0
중동,상용,2018-10-01,1528.0
중동,상용,2018-11-01,1282.0
중동,상용,2018-12-01,982.0
중동,상용,2019-01-01,931.0
중동,상용,2019-02-01,1174.0
중동,상용,2019-03-01,1494.0
중동,상용,2019-04-01,1210.0
중동,상용,2019-05-01,1195.0
중동,상용,2019-06-01,1353.0
중동,상용,2019-07-01,1091.0
중동,상용,2019-08-01,971.0
중동,상용,2019-09-01,1467.0
중동,상용,2019-10-01,1668.0
중동,상용,2019-11-01,1267.0
중동,상용,2019-12-01,988.0
중동,상용,2020-01-01,897.0
중동,상용,2020-02-01,1158.0
중동,상용,2020-03-01,92.0
중동,상용,2020-04-01,15.0
중동,상용,2020-05-01,12.0
중동,상용,2020-06-01,23.0
중동,상용,2020-07-01,42.0
중동,상용,2020-08-01,91.0
중동,상용,2020-09-01,97.0
중동,상용,2020-10-01,135.0
중동,상용,2020-11-01,105.0
중동,상용,2020-12-01,119.0
중동,상용,2021-01-01,103.0
중동,상용,2021-02-01,123.0
중동,상용,2021-03-01,201.0
중동,상용,2021-04-01,292.0
중동,상용,2021-05-01,290.0
중동,상용,2021-06-01,317.0
중동,상용,2021-07-01,323.0
중동,상용,2021-08-01,354.0
중동,상용,2021-09-01,313.0
중동,상용,2021-10-01,694.0
중동,상용,2021-11-01,638.0
중동,상용,2021-12-01,455.0
중동,상용,2022-01-01,360.0
중동,상용,2022-02-01,432.0
중동,상용,2022-03-01,442.0
중동,상용,2022-04-01,463.0
중동,상용,2022-05-01,461.0
중동,상용,2022-06-01,496.0
중동,상용,2022-07-01,674.0
중동,상용,2022-08-01,835.0
중동,상용,2022-09-01,1081.0
중동,상용,2022-10-01,813.0
중동,상용,2022-11-01,959.0
중동,상용,2022-12-01,692.0
중동,상용,2023-01-01,668.0
중동,상용,2023-02-01,857.0
중동,상용,2023-03-01,970.0
중동,상용,2023-04-01,755.0
중동,상용,2023-05-01,1060.0
중동,상용,2023-06-01,1010.0
중동,상용,2023-07-01,1173.0
중동,상용,2023-08-01,1019.0
중동,상용,2023-09-01,1126.0
중동,상용,2023-10-01,1252.0
중동,상용,2023-11-01,1124.0
중동,상용,2023-12-01,890.0
중동,상용,2024-01-01,1064.0
중동,상용,2024-02-01,1103.0
중동,상용,2024-03-01,994.0
중동,상용,2024-04-01,1088.0
중동,상용,2024-05-01,1251.0
중동,상용,2024-06-01,1177.0
중동,상용,2024-07-01,1083.0
중동,상용,2024-08-01,918.0
중동,상용,2024-09-01,1094.0
중동,상용,2024-10-01,1446.0
중동,상용,2024-11-01,1146.0
중동,상용,2024-12-01,1062.0
중동,상용,2025-01-01,941.0
중동,상용,2025-02-01,1050.0
중동,상용,2025-03-01,800.0
중동,상용,2025-04-01,1218.0
중동,상용,2025-05-01,1123.0
중동,유학연수,2005-01-01,28.0
중동,유학연수,2005-02-01,91.0
중동,유학연수,2005-03-01,64.0
중동,유학연수,2005-04-01,18.0
중동,유학연수,2005-05-01,13.0
중동,유학연수,2005-06-01,22.0
중동,유학연수,2005-07-01,53.0
중동,유학연수,2005-08-01,148.0
중동,유학연수,2005-09-01,48.0
중동,유학연수,2005-10-01,25.0
중동,유학연수,2005-11-01,33.0
중동,유학연수,2005-12-01,22.0
중동,유학연수,2006-01-01,54.0
중동,유학연수,2006-02-01,112.0
중동,유학연수,2006-03-01,113.0
중동,유학연수,2006-04-01,27.0
중동,유학연수,2006-05-01,15.0
중동,유학연수,2006-06-01,28.0
중동,유학연수,2006-07-01,48.0
중동,유학연수,2006-08-01,166.0
중동,유학연수,2006-09-01,76.0
중동,유학연수,2006-10-01,30.0
중동,유학연수,2006-11-01,41.0
중동,유학연수,2006-12-01,48.0
중동,유학연수,2007-01-01,75.0
중동,유학연수,2007-02-01,199.0
중동,유학연수,2007-03-01,132.0
중동,유학연수,2007-04-01,27.0
중동,유학연수,2007-05-01,49.0
중동,유학연수,2007-06-01,37.0
중동,유학연수,2007-07-01,46.0
중동,유학연수,2007-08-01,262.0
중동,유학연수,2007-09-01,143.0
중동,유학연수,2007-10-01,71.0
중동,유학연수,2007-11-01,61.0
중동,유학연수,2007-12-01,44.0
중동,유학연수,2008-01-01,97.0
중동,유학연수,2008-02-01,203.0
중동,유학연수,2008-03-01,166.0
중동,유학연수,2008-04-01,68.0
중동,유학연수,2008-05-01,67.0
중동,유학연수,2008-06-01,86.0
중동,유학연수,2008-07-01,121.0
중동,유학연수,2008-08-01,359.0
중동,유학연수,2008-09-01,116.0
중동,유학연수,2008-10-01,95.0
중동,유학연수,2008-11-01,33.0
중동,유학연수,2008-12-01,52.0
중동,유학연수,2009-01-01,102.0
중동,유학연수,2009-02-01,270.0
중동,유학연수,2009-03-01,121.0
중동,유학연수,2009-04-01,37.0
중동,유학연수,2009-05-01,46.0
중동,유학연수,2009-06-01,64.0
중동,유학연수,2009-07-01,87.0
중동,유학연수,2009-08-01,400.0
중동,유학연수,2009-09-01,124.0
중동,유학연수,2009-10-01,58.0
중동,유학연수,2009-11-01,49.0
중동,유학연수,2009-12-01,59.0
중동,유학연수,2010-01-01,119.0
중동,유학연수,2010-02-01,282.0
중동,유학연수,2010-03-01,156.0
중동,유학연수,2010-04-01,33.0
중동,유학연수,2010-05-01,46.0
중동,유학연수,2010-06-01,73.0
중동,유학연수,2010-07-01,99.0
중동,유학연수,2010-08-01,548.0
중동,유학연수,2010-09-01,185.0
중동,유학연수,2010-10-01,48.0
중동,유학연수,2010-11-01,70.0
중동,유학연수,2010-12-01,44.0
중동,유학연수,2011-01-01,177.0
중동,유학연수,2011-02-01,372.0
중동,유학연수,2011-03-01,179.0
중동,유학연수,2011-04-01,41.0
중동,유학연수,2011-05-01,44.0
중동,유학연수,2011-06-01,80.0
중동,유학연수,2011-07-01,125.0
중동,유학연수,2011-08-01,562.0
중동,유학연수,2011-09-01,310.0
중동,유학연수,2011-10-01,57.0
중동,유학연수,2011-11-01,61.0
중동,유학연수,2011-12-01,85.0
중동,유학연수,2012-01-01,154.0
중동,유학연수,2012-02-01,456.0
중동,유학연수,2012-03-01,214.0
중동,유학연수,2012-04-01,54.0
중동,유학연수,2012-05-01,94.0
중동,유학연수,2012-06-01,102.0
중동,유학연수,2012-07-01,104.0
중동,유학연수,2012-08-01,699.0
중동,유학연수,2012-09-01,358.0
중동,유학연수,2012-10-01,85.0
중동,유학연수,2012-11-01,90.0
중동,유학연수,2012-12-01,103.0
중동,유학연수,2013-01-01,203.0
중동,유학연수,2013-02-01,615.0
중동,유학연수,2013-03-01,414.0
중동,유학연수,2013-04-01,87.0
중동,유학연수,2013-05-01,159.0
중동,유학연수,2013-06-01,217.0
중동,유학연수,2013-07-01,146.0
중동,유학연수,2013-08-01,1033.0
중동,유학연수,2013-09-01,548.0
중동,유학연수,2013-10-01,129.0
중동,유학연수,2013-11-01,113.0
중동,유학연수,2013-12-01,211.0
중동,유학연수,2014-01-01,274.0
중동,유학연수,2014-02-01,762.0
중동,유학연수,2014-03-01,696.0
중동,유학연수,2014-04-01,138.0
중동,유학연수,2014-05-01,227.0
중동,유학연수,2014-06-01,338.0
중동,유학연수,2014-07-01,177.0
중동,유학연수,2014-08-01,1447.0
중동,유학연수,2014-09-01,644.0
중동,유학연수,2014-10-01,170.0
중동,유학연수,2014-11-01,220.0
중동,유학연수,2014-12-01,244.0
중동,유학연수,2015-01-01,247.0
중동,유학연수,2015-02-01,1201.0
중동,유학연수,2015-03-01,584.0
중동,유학연수,2015-04-01,188.0
중동,유학연수,2015-05-01,160.0
중동,유학연수,2015-06-01,244.0
중동,유학연수,2015-07-01,297.0
중동,유학연수,2015-08-01,1696.0
중동,유학연수,2015-09-01,558.0
중동,유학연수,2015-10-01,253.0
중동,유학연수,2015-11-01,200.0
중동,유학연수,2015-12-01,223.0
중동,유학연수,2016-01-01,362.0
중동,유학연수,2016-02-01,1263.0
중동,유학연수,2016-03-01,532.0
중동,유학연수,2016-04-01,137.0
중동,유학연수,2016-05-01,226.0
중동,유학연수,2016-06-01,286.0
중동,유학연수,2016-07-01,385.0
중동,유학연수,2016-08-01,1840.0
중동,유학연수,2016-09-01,733.0
중동,유학연수,2016-10-01,188.0
중동,유학연수,2016-11-01,183.0
중동,유학연수,2016-12-01,313.0
중동,유학연수,2017-01-01,438.0
중동,유학연수,2017-02-01,1436.0
중동,유학연수,2017-03-01,824.0
중동,유학연수,2017-04-01,188.0
중동,유학연수,2017-05-01,311.0
중동,유학연수,2017-06-01,433.0
중동,유학연수,2017-07-01,552.0
중동,유학연수,2017-08-01,2349.0
중동,유학연수,2017-09-01,1127.0
중동,유학연수,2017-10-01,349.0
중동,유학연수,2017-11-01,459.0
중동,유학연수,2017-12-01,429.0
중동,유학연수,2018-01-01,574.0
중동,유학연수,2018-02-01,1945.0
중동,유학연수,2018-03-01,1201.0
중동,유학연수,2018-04-01,293.0
중동,유학연수,2018-05-01,387.0
중동,유학연수,2018-06-01,472.0
중동,유학연수,2018-07-01,528.0
중동,유학연수,2018-08-01,2396.0
중동,유학연수,2018-09-01,1551.0
중동,유학연수,2018-10-01,359.0
중동,유학연수,2018-11-01,398.0
중동,유학연수,2018-12-01,449.0
중동,유학연수,2019-01-01,703.0
중동,유학연수,2019-02-01,2249.0
중동,유학연수,2019-03-01,1291.0
중동,유학연수,2019-04-01,213.0
중동,유학연수,2019-05-01,327.0
중동,유학연수,2019-06-01,494.0
중동,유학연수,2019-07-01,592.0
중동,유학연수,2019-08-01,2707.0
중동,유학연수,2019-09-01,1972.0
중동,유학연수,2019-10-01,323.0
중동,유학연수,2019-11-01,485.0
중동,유학연수,2019-12-01,436.0
중동,유학연수,2020-01-01,1007.0
중동,유학연수,2020-02-01,1696.0
중동,유학연수,2020-03-01,445.0
중동,유학연수,2020-04-01,13.0
중동,유학연수,2020-05-01,16.0
중동,유학연수,2020-06-01,56.0
중동,유학연수,2020-07-01,119.0
중동,유학연수,2020-08-01,229.0
중동,유학연수,2020-09-01,212.0
중동,유학연수,2020-10-01,24.0
중동,유학연수,2020-11-01,68.0
중동,유학연수,2020-12-01,44.0
중동,유학연수,2021-01-01,90.0
중동,유학연수,2021-02-01,512.0
중동,유학연수,2021-03-01,597.0
중동,유학연수,2021-04-01,658.0
중동,유학연수,2021-05-01,280.0
중동,유학연수,2021-06-01,179.0
중동,유학연수,2021-07-01,223.0
중동,유학연수,2021-08-01,1383.0
중동,유학연수,2021-09-01,446.0
중동,유학연수,2021-10-01,67.0
중동,유학연수,2021-11-01,95.0
중동,유학연수,2021-12-01,98.0
중동,유학연수,2022-01-01,390.0
중동,유학연수,2022-02-01,1251.0
중동,유학연수,2022-03-01,271.0
중동,유학연수,2022-04-01,160.0
중동,유학연수,2022-05-01,257.0
중동,유학연수,2022-06-01,447.0
중동,유학연수,2022-07-01,685.0
중동,유학연수,2022-08-01,3317.0
중동,유학연수,2022-09-01,2102.0
중동,유학연수,2022-10-01,363.0
중동,유학연수,2022-11-01,339.0
중동,유학연수,2022-12-01,480.0
중동,유학연수,2023-01-01,1092.0
중동,유학연수,2023-02-01,2362.0
중동,유학연수,2023-03-01,1378.0
중동,유학연수,2023-04-01,216.0
중동,유학연수,2023-05-01,343.0
중동,유학연수,2023-06-01,462.0
중동,유학연수,2023-07-01,891.0
중동,유학연수,2023-08-01,2853.0
중동,유학연수,2023-09-01,2340.0
중동,유학연수,2023-10-01,436.0
중동,유학연수,2023-11-01,446.0
중동,유학연수,2023-12-01,690.0
중동,유학연수,2024-01-01,1359.0
중동,유학연수,2024-02-01,3081.0
중동,유학연수,2024-03-01,2103.0
중동,유학연수,2024-04-01,347.0
중동,유학연수,2024-05-01,465.0
중동,유학연수,2024-06-01,699.0
중동,유학연수,2024-07-01,1074.0
중동,유학연수,2024-08-01,4071.0
중동,유학연수,2024-09-01,3800.0
중동,유학연수,2024-10-01,351.0
중동,유학연수,2024-11-01,605.0
중동,유학연수,2024-12-01,847.0
중동,유학연수,2025-01-01,1581.0
중동,유학연수,2025-02-01,3738.0
중동,유학연수,2025-03-01,3329.0
중동,유학연수,2025-04-01,444.0
중동,유학연수,2025-05-01,625.0
칠레,공용,2005-01-01,0.0
칠레,공용,2005-02-01,0.0
칠레,공용,2005-03-01,0.0
칠레,공용,2005-04-01,1.0
칠레,공용,2005-05-01,0.0
칠레,공용,2005-06-01,0.0
칠레,공용,2005-07-01,1.0
칠레,공용,2005-08-01,0.0
칠레,공용,2005-09-01,0.0
칠레,공용,2005-10-01,0.0
칠레,공용,2005-11-01,2.0
칠레,공용,2005-12-01,0.0
칠레,공용,2006-01-01,1.0
칠레,공용,2006-02-01,0.0
칠레,공용,2006-03-01,0.0
칠레,공용,2006-04-01,1.0
칠레,공용,2006-05-01,0.0
칠레,공용,2006-06-01,0.0
칠레,공용,2006-07-01,1.0
칠레,공용,2006-08-01,2.0
칠레,공용,2006-09-01,0.0
칠레,공용,2006-10-01,0.0
칠레,공용,2006-11-01,1.0
칠레,공용,2006-12-01,0.0
칠레,공용,2007-01-01,0.0
칠레,공용,2007-02-01,0.0
칠레,공용,2007-03-01,0.0
칠레,공용,2007-04-01,0.0
칠레,공용,2007-05-01,0.0
칠레,공용,2007-06-01,0.0
칠레,공용,2007-07-01,2.0
칠레,공용,2007-08-01,0.0
칠레,공용,2007-09-01,0.0
칠레,공용,2007-10-01,0.0
칠레,공용,2007-11-01,0.0
칠레,공용,2007-12-01,0.0
칠레,공용,2008-01-01,0.0
칠레,공용,2008-02-01,0.0
칠레,공용,2008-03-01,1.0
칠레,공용,2008-04-01,0.0
칠레,공용,2008-05-01,0.0
칠레,공용,2008-06-01,0.0
칠레,공용,2008-07-01,1.0
칠레,공용,2008-08-01,0.0
칠레,공용,2008-09-01,0.0
칠레,공용,2008-10-01,0.0
칠레,공용,2008-11-01,0.0
칠레,공용,2008-12-01,0.0
칠레,공용,2009-01-01,0.0
칠레,공용,2009-02-01,0.0
칠레,공용,2009-03-01,0.0
칠레,공용,2009-04-01,0.0
칠레,공용,2009-05-01,0.0
칠레,공용,2009-06-01,0.0
칠레,공용,2009-07-01,0.0
칠레,공용,2009-08-01,0.0
칠레,공용,2009-09-01,0.0
칠레,공용,2009-10-01,0.0
칠레,공용,2009-11-01,2.0
칠레,공용,2009-12-01,0.0
칠레,공용,2010-01-01,0.0
칠레,공용,2010-02-01,0.0
칠레,공용,2010-03-01,0.0
칠레,공용,2010-04-01,0.0
칠레,공용,2010-05-01,0.0
칠레,공용,2010-06-01,0.0
칠레,공용,2010-07-01,0.0
칠레,공용,2010-08-01,0.0
칠레,공용,2010-09-01,1.0
칠레,공용,2010-10-01,2.0
칠레,공용,2010-11-01,0.0
칠레,공용,2010-12-01,0.0
칠레,공용,2011-01-01,0.0
칠레,공용,2011-02-01,0.0
칠레,공용,2011-03-01,0.0
칠레,공용,2011-04-01,0.0
칠레,공용,2011-05-01,2.0
칠레,공용,2011-06-01,0.0
칠레,공용,2011-07-01,0.0
칠레,공용,2011-08-01,0.0
칠레,공용,2011-09-01,0.0
칠레,공용,2011-10-01,0.0
칠레,공용,2011-11-01,1.0
칠레,공용,2011-12-01,2.0
칠레,공용,2012-01-01,0.0
칠레,공용,2012-02-01,0.0
칠레,공용,2012-03-01,22.0
칠레,공용,2012-04-01,0.0
칠레,공용,2012-05-01,1.0
칠레,공용,2012-06-01,0.0
칠레,공용,2012-07-01,0.0
칠레,공용,2012-08-01,1.0
칠레,공용,2012-09-01,0.0
칠레,공용,2012-10-01,0.0
칠레,공용,2012-11-01,1.0
칠레,공용,2012-12-01,0.0
칠레,공용,2013-01-01,0.0
칠레,공용,2013-02-01,0.0
칠레,공용,2013-03-01,0.0
칠레,공용,2013-04-01,0.0
칠레,공용,2013-05-01,0.0
칠레,공용,2013-06-01,1.0
칠레,공용,2013-07-01,0.0
칠레,공용,2013-08-01,0.0
칠레,공용,2013-09-01,0.0
칠레,공용,2013-10-01,5.0
칠레,공용,2013-11-01,7.0
칠레,공용,2013-12-01,0.0
칠레,공용,2014-01-01,0.0
칠레,공용,2014-02-01,0.0
칠레,공용,2014-03-01,0.0
칠레,공용,2014-04-01,0.0
칠레,공용,2014-05-01,0.0
칠레,공용,2014-06-01,0.0
칠레,공용,2014-07-01,0.0
칠레,공용,2014-08-01,0.0
칠레,공용,2014-09-01,3.0
칠레,공용,2014-10-01,1.0
칠레,공용,2014-11-01,1.0
칠레,공용,2014-12-01,0.0
칠레,공용,2015-01-01,0.0
칠레,공용,2015-02-01,0.0
칠레,공용,2015-03-01,0.0
칠레,공용,2015-04-01,2.0
칠레,공용,2015-05-01,2.0
칠레,공용,2015-06-01,0.0
칠레,공용,2015-07-01,0.0
칠레,공용,2015-08-01,0.0
칠레,공용,2015-09-01,17.0
칠레,공용,2015-10-01,1.0
칠레,공용,2015-11-01,0.0
칠레,공용,2015-12-01,0.0
칠레,공용,2016-01-01,4.0
칠레,공용,2016-02-01,0.0
칠레,공용,2016-03-01,0.0
칠레,공용,2016-04-01,0.0
칠레,공용,2016-05-01,0.0
칠레,공용,2016-06-01,1.0
칠레,공용,2016-07-01,1.0
칠레,공용,2016-08-01,0.0
칠레,공용,2016-09-01,2.0
칠레,공용,2016-10-01,0.0
칠레,공용,2016-11-01,0.0
칠레,공용,2016-12-01,0.0
칠레,공용,2017-01-01,0.0
칠레,공용,2017-02-01,0.0
칠레,공용,2017-03-01,0.0
칠레,공용,2017-04-01,2.0
칠레,공용,2017-05-01,0.0
칠레,공용,2017-06-01,1.0
칠레,공용,2017-07-01,0.0
칠레,공용,2017-08-01,0.0
칠레,공용,2017-09-01,1.0
칠레,공용,2017-10-01,2.0
칠레,공용,2017-11-01,1.0
칠레,공용,2017-12-01,0.0
칠레,공용,2018-01-01,0.0
칠레,공용,2018-02-01,1.0
칠레,공용,2018-03-01,0.0
칠레,공용,2018-04-01,0.0
칠레,공용,2018-05-01,3.0
칠레,공용,2018-06-01,0.0
칠레,공용,2018-07-01,0.0
칠레,공용,2018-08-01,0.0
칠레,공용,2018-09-01,0.0
칠레,공용,2018-10-01,2.0
칠레,공용,2018-11-01,0.0
칠레,공용,2018-12-01,2.0
칠레,공용,2019-01-01,0.0
칠레,공용,2019-02-01,0.0
칠레,공용,2019-03-01,0.0
칠레,공용,2019-04-01,12.0
칠레,공용,2019-05-01,2.0
칠레,공용,2019-06-01,3.0
칠레,공용,2019-07-01,1.0
칠레,공용,2019-08-01,0.0
칠레,공용,2019-09-01,0.0
칠레,공용,2019-10-01,7.0
칠레,공용,2019-11-01,0.0
칠레,공용,2019-12-01,2.0
칠레,공용,2020-01-01,0.0
칠레,공용,2020-02-01,0.0
칠레,공용,2020-03-01,0.0
칠레,공용,2020-04-01,0.0
칠레,공용,2020-05-01,0.0
칠레,공용,2020-06-01,0.0
칠레,공용,2020-07-01,0.0
칠레,공용,2020-08-01,0.0
칠레,공용,2020-09-01,1.0
칠레,공용,2020-10-01,0.0
칠레,공용,2020-11-01,0.0
칠레,공용,2020-12-01,0.0
칠레,공용,2021-01-01,1.0
칠레,공용,2021-02-01,0.0
칠레,공용,2021-03-01,0.0
칠레,공용,2021-04-01,0.0
칠레,공용,2021-05-01,0.0
칠레,공용,2021-06-01,2.0
칠레,공용,2021-07-01,0.0
칠레,공용,2021-08-01,0.0
칠레,공용,2021-09-01,0.0
칠레,공용,2021-10-01,10.0
칠레,공용,2021-11-01,5.0
칠레,공용,2021-12-01,0.0
칠레,공용,2022-01-01,0.0
칠레,공용,2022-02-01,0.0
칠레,공용,2022-03-01,1.0
칠레,공용,2022-04-01,0.0
칠레,공용,2022-05-01,0.0
칠레,공용,2022-06-01,0.0
칠레,공용,2022-07-01,0.0
칠레,공용,2022-08-01,1.0
칠레,공용,2022-09-01,1.0
칠레,공용,2022-10-01,0.0
칠레,공용,2022-11-01,0.0
칠레,공용,2022-12-01,0.0
칠레,공용,2023-01-01,0.0
칠레,공용,2023-02-01,0.0
칠레,공용,2023-03-01,0.0
칠레,공용,2023-04-01,0.0
칠레,공용,2023-05-01,1.0
칠레,공용,2023-06-01,0.0
칠레,공용,2023-07-01,3.0
칠레,공용,2023-08-01,1.0
칠레,공용,2023-09-01,8.0
칠레,공용,2023-10-01,9.0
칠레,공용,2023-11-01,2.0
칠레,공용,2023-12-01,0.0
칠레,공용,2024-01-01,0.0
칠레,공용,2024-02-01,4.0
칠레,공용,2024-03-01,2.0
칠레,공용,2024-04-01,5.0
칠레,공용,2024-05-01,0.0
칠레,공용,2024-06-01,8.0
칠레,공용,2024-07-01,1.0
칠레,공용,2024-08-01,0.0
칠레,공용,2024-09-01,1.0
칠레,공용,2024-10-01,5.0
칠레,공용,2024-11-01,5.0
칠레,공용,2024-12-01,2.0
칠레,공용,2025-01-01,0.0
칠레,공용,2025-02-01,6.0
칠레,공용,2025-03-01,1.0
칠레,공용,2025-04-01,0.0
칠레,공용,2025-05-01,1.0
칠레,관광,2005-01-01,73.0
칠레,관광,2005-02-01,75.0
칠레,관광,2005-03-01,77.0
칠레,관광,2005-04-01,99.0
칠레,관광,2005-05-01,171.0
칠레,관광,2005-06-01,146.0
칠레,관광,2005-07-01,78.0
칠레,관광,2005-08-01,63.0
칠레,관광,2005-09-01,164.0
칠레,관광,2005-10-01,172.0
칠레,관광,2005-11-01,121.0
칠레,관광,2005-12-01,77.0
칠레,관광,2006-01-01,73.0
칠레,관광,2006-02-01,41.0
칠레,관광,2006-03-01,91.0
칠레,관광,2006-04-01,66.0
칠레,관광,2006-05-01,135.0
칠레,관광,2006-06-01,105.0
칠레,관광,2006-07-01,94.0
칠레,관광,2006-08-01,146.0
칠레,관광,2006-09-01,89.0
칠레,관광,2006-10-01,180.0
칠레,관광,2006-11-01,139.0
칠레,관광,2006-12-01,76.0
칠레,관광,2007-01-01,79.0
칠레,관광,2007-02-01,59.0
칠레,관광,2007-03-01,114.0
칠레,관광,2007-04-01,142.0
칠레,관광,2007-05-01,139.0
칠레,관광,2007-06-01,115.0
칠레,관광,2007-07-01,86.0
칠레,관광,2007-08-01,77.0
칠레,관광,2007-09-01,133.0
칠레,관광,2007-10-01,185.0
칠레,관광,2007-11-01,104.0
칠레,관광,2007-12-01,57.0
칠레,관광,2008-01-01,109.0
칠레,관광,2008-02-01,56.0
칠레,관광,2008-03-01,102.0
칠레,관광,2008-04-01,162.0
칠레,관광,2008-05-01,202.0
칠레,관광,2008-06-01,128.0
칠레,관광,2008-07-01,109.0
칠레,관광,2008-08-01,81.0
칠레,관광,2008-09-01,135.0
칠레,관광,2008-10-01,138.0
칠레,관광,2008-11-01,120.0
칠레,관광,2008-12-01,57.0
칠레,관광,2009-01-01,60.0
칠레,관광,2009-02-01,81.0
칠레,관광,2009-03-01,94.0
칠레,관광,2009-04-01,98.0
칠레,관광,2009-05-01,139.0
칠레,관광,2009-06-01,112.0
칠레,관광,2009-07-01,78.0
칠레,관광,2009-08-01,119.0
칠레,관광,2009-09-01,156.0
칠레,관광,2009-10-01,168.0
칠레,관광,2009-11-01,162.0
칠레,관광,2009-12-01,68.0
칠레,관광,2010-01-01,74.0
칠레,관광,2010-02-01,78.0
칠레,관광,2010-03-01,93.0
칠레,관광,2010-04-01,112.0
칠레,관광,2010-05-01,174.0
칠레,관광,2010-06-01,161.0
칠레,관광,2010-07-01,80.0
칠레,관광,2010-08-01,140.0
칠레,관광,2010-09-01,170.0
칠레,관광,2010-10-01,179.0
칠레,관광,2010-11-01,195.0
칠레,관광,2010-12-01,66.0
칠레,관광,2011-01-01,122.0
칠레,관광,2011-02-01,75.0
칠레,관광,2011-03-01,87.0
칠레,관광,2011-04-01,214.0
칠레,관광,2011-05-01,181.0
칠레,관광,2011-06-01,149.0
칠레,관광,2011-07-01,111.0
칠레,관광,2011-08-01,193.0
칠레,관광,2011-09-01,155.0
칠레,관광,2011-10-01,226.0
칠레,관광,2011-11-01,357.0
칠레,관광,2011-12-01,123.0
칠레,관광,2012-01-01,106.0
칠레,관광,2012-02-01,115.0
칠레,관광,2012-03-01,217.0
칠레,관광,2012-04-01,258.0
칠레,관광,2012-05-01,254.0
칠레,관광,2012-06-01,237.0
칠레,관광,2012-07-01,136.0
칠레,관광,2012-08-01,145.0
칠레,관광,2012-09-01,276.0
칠레,관광,2012-10-01,232.0
칠레,관광,2012-11-01,310.0
칠레,관광,2012-12-01,108.0
칠레,관광,2013-01-01,123.0
칠레,관광,2013-02-01,87.0
칠레,관광,2013-03-01,179.0
칠레,관광,2013-04-01,256.0
칠레,관광,2013-05-01,225.0
칠레,관광,2013-06-01,171.0
칠레,관광,2013-07-01,161.0
칠레,관광,2013-08-01,146.0
칠레,관광,2013-09-01,228.0
칠레,관광,2013-10-01,289.0
칠레,관광,2013-11-01,215.0
칠레,관광,2013-12-01,94.0
칠레,관광,2014-01-01,109.0
칠레,관광,2014-02-01,134.0
칠레,관광,2014-03-01,147.0
칠레,관광,2014-04-01,203.0
칠레,관광,2014-05-01,216.0
칠레,관광,2014-06-01,200.0
칠레,관광,2014-07-01,176.0
칠레,관광,2014-08-01,194.0
칠레,관광,2014-09-01,339.0
칠레,관광,2014-10-01,265.0
칠레,관광,2014-11-01,220.0
칠레,관광,2014-12-01,124.0
칠레,관광,2015-01-01,149.0
칠레,관광,2015-02-01,138.0
칠레,관광,2015-03-01,214.0
칠레,관광,2015-04-01,289.0
칠레,관광,2015-05-01,283.0
칠레,관광,2015-06-01,308.0
칠레,관광,2015-07-01,159.0
칠레,관광,2015-08-01,220.0
칠레,관광,2015-09-01,329.0
칠레,관광,2015-10-01,274.0
칠레,관광,2015-11-01,311.0
칠레,관광,2015-12-01,152.0
칠레,관광,2016-01-01,175.0
칠레,관광,2016-02-01,169.0
칠레,관광,2016-03-01,184.0
칠레,관광,2016-04-01,277.0
칠레,관광,2016-05-01,397.0
칠레,관광,2016-06-01,243.0
칠레,관광,2016-07-01,235.0
칠레,관광,2016-08-01,253.0
칠레,관광,2016-09-01,282.0
칠레,관광,2016-10-01,299.0
칠레,관광,2016-11-01,310.0
칠레,관광,2016-12-01,173.0
칠레,관광,2017-01-01,176.0
칠레,관광,2017-02-01,234.0
칠레,관광,2017-03-01,278.0
칠레,관광,2017-04-01,302.0
칠레,관광,2017-05-01,389.0
칠레,관광,2017-06-01,267.0
칠레,관광,2017-07-01,324.0
칠레,관광,2017-08-01,219.0
칠레,관광,2017-09-01,285.0
칠레,관광,2017-10-01,326.0
칠레,관광,2017-11-01,248.0
칠레,관광,2017-12-01,209.0
칠레,관광,2018-01-01,254.0
칠레,관광,2018-02-01,365.0
칠레,관광,2018-03-01,376.0
칠레,관광,2018-04-01,387.0
칠레,관광,2018-05-01,432.0
칠레,관광,2018-06-01,313.0
칠레,관광,2018-07-01,327.0
칠레,관광,2018-08-01,347.0
칠레,관광,2018-09-01,505.0
칠레,관광,2018-10-01,519.0
칠레,관광,2018-11-01,314.0
칠레,관광,2018-12-01,274.0
칠레,관광,2019-01-01,360.0
칠레,관광,2019-02-01,341.0
칠레,관광,2019-03-01,396.0
칠레,관광,2019-04-01,624.0
칠레,관광,2019-05-01,528.0
칠레,관광,2019-06-01,332.0
칠레,관광,2019-07-01,327.0
칠레,관광,2019-08-01,298.0
칠레,관광,2019-09-01,564.0
칠레,관광,2019-10-01,530.0
칠레,관광,2019-11-01,355.0
칠레,관광,2019-12-01,217.0
칠레,관광,2020-01-01,331.0
칠레,관광,2020-02-01,413.0
칠레,관광,2020-03-01,41.0
칠레,관광,2020-04-01,4.0
칠레,관광,2020-05-01,0.0
칠레,관광,2020-06-01,1.0
칠레,관광,2020-07-01,2.0
칠레,관광,2020-08-01,4.0
칠레,관광,2020-09-01,1.0
칠레,관광,2020-10-01,0.0
칠레,관광,2020-11-01,1.0
칠레,관광,2020-12-01,4.0
칠레,관광,2021-01-01,0.0
칠레,관광,2021-02-01,2.0
칠레,관광,2021-03-01,3.0
칠레,관광,2021-04-01,0.0
칠레,관광,2021-05-01,0.0
칠레,관광,2021-06-01,1.0
칠레,관광,2021-07-01,1.0
칠레,관광,2021-08-01,0.0
칠레,관광,2021-09-01,2.0
칠레,관광,2021-10-01,3.0
칠레,관광,2021-11-01,4.0
칠레,관광,2021-12-01,7.0
칠레,관광,2022-01-01,7.0
칠레,관광,2022-02-01,3.0
칠레,관광,2022-03-01,5.0
칠레,관광,2022-04-01,65.0
칠레,관광,2022-05-01,73.0
칠레,관광,2022-06-01,121.0
칠레,관광,2022-07-01,138.0
칠레,관광,2022-08-01,124.0
칠레,관광,2022-09-01,223.0
칠레,관광,2022-10-01,319.0
칠레,관광,2022-11-01,255.0
칠레,관광,2022-12-01,191.0
칠레,관광,2023-01-01,201.0
칠레,관광,2023-02-01,242.0
칠레,관광,2023-03-01,382.0
칠레,관광,2023-04-01,489.0
칠레,관광,2023-05-01,367.0
칠레,관광,2023-06-01,327.0
칠레,관광,2023-07-01,1386.0
칠레,관광,2023-08-01,359.0
칠레,관광,2023-09-01,495.0
칠레,관광,2023-10-01,541.0
칠레,관광,2023-11-01,361.0
칠레,관광,2023-12-01,173.0
칠레,관광,2024-01-01,355.0
칠레,관광,2024-02-01,484.0
칠레,관광,2024-03-01,513.0
칠레,관광,2024-04-01,712.0
칠레,관광,2024-05-01,701.0
칠레,관광,2024-06-01,396.0
칠레,관광,2024-07-01,396.0
칠레,관광,2024-08-01,449.0
칠레,관광,2024-09-01,718.0
칠레,관광,2024-10-01,703.0
칠레,관광,2024-11-01,580.0
칠레,관광,2024-12-01,245.0
칠레,관광,2025-01-01,402.0
칠레,관광,2025-02-01,654.0
칠레,관광,2025-03-01,612.0
칠레,관광,2025-04-01,760.0
칠레,관광,2025-05-01,789.0
칠레,상용,2005-01-01,2.0
칠레,상용,2005-02-01,2.0
칠레,상용,2005-03-01,0.0
칠레,상용,2005-04-01,1.0
칠레,상용,2005-05-01,0.0
칠레,상용,2005-06-01,1.0
칠레,상용,2005-07-01,0.0
칠레,상용,2005-08-01,1.0
칠레,상용,2005-09-01,0.0
칠레,상용,2005-10-01,6.0
칠레,상용,2005-11-01,6.0
칠레,상용,2005-12-01,0.0
칠레,상용,2006-01-01,1.0
칠레,상용,2006-02-01,2.0
칠레,상용,2006-03-01,2.0
칠레,상용,2006-04-01,3.0
칠레,상용,2006-05-01,2.0
칠레,상용,2006-06-01,2.0
칠레,상용,2006-07-01,4.0
칠레,상용,2006-08-01,0.0
칠레,상용,2006-09-01,1.0
칠레,상용,2006-10-01,1.0
칠레,상용,2006-11-01,0.0
칠레,상용,2006-12-01,0.0
칠레,상용,2007-01-01,7.0
칠레,상용,2007-02-01,1.0
칠레,상용,2007-03-01,2.0
칠레,상용,2007-04-01,2.0
칠레,상용,2007-05-01,1.0
칠레,상용,2007-06-01,0.0
칠레,상용,2007-07-01,5.0
칠레,상용,2007-08-01,4.0
칠레,상용,2007-09-01,1.0
칠레,상용,2007-10-01,5.0
칠레,상용,2007-11-01,4.0
칠레,상용,2007-12-01,1.0
칠레,상용,2008-01-01,3.0
칠레,상용,2008-02-01,3.0
칠레,상용,2008-03-01,3.0
칠레,상용,2008-04-01,1.0
칠레,상용,2008-05-01,3.0
칠레,상용,2008-06-01,3.0
칠레,상용,2008-07-01,5.0
칠레,상용,2008-08-01,0.0
칠레,상용,2008-09-01,3.0
칠레,상용,2008-10-01,2.0
칠레,상용,2008-11-01,4.0
칠레,상용,2008-12-01,1.0
칠레,상용,2009-01-01,2.0
칠레,상용,2009-02-01,3.0
칠레,상용,2009-03-01,6.0
칠레,상용,2009-04-01,2.0
칠레,상용,2009-05-01,4.0
칠레,상용,2009-06-01,6.0
칠레,상용,2009-07-01,4.0
칠레,상용,2009-08-01,4.0
칠레,상용,2009-09-01,1.0
칠레,상용,2009-10-01,10.0
칠레,상용,2009-11-01,13.0
칠레,상용,2009-12-01,3.0
칠레,상용,2010-01-01,1.0
칠레,상용,2010-02-01,2.0
칠레,상용,2010-03-01,4.0
칠레,상용,2010-04-01,4.0
칠레,상용,2010-05-01,7.0
칠레,상용,2010-06-01,8.0
칠레,상용,2010-07-01,2.0
칠레,상용,2010-08-01,6.0
칠레,상용,2010-09-01,10.0
칠레,상용,2010-10-01,13.0
칠레,상용,2010-11-01,9.0
칠레,상용,2010-12-01,5.0
칠레,상용,2011-01-01,8.0
칠레,상용,2011-02-01,2.0
칠레,상용,2011-03-01,7.0
칠레,상용,2011-04-01,19.0
칠레,상용,2011-05-01,7.0
칠레,상용,2011-06-01,9.0
칠레,상용,2011-07-01,3.0
칠레,상용,2011-08-01,6.0
칠레,상용,2011-09-01,11.0
칠레,상용,2011-10-01,10.0
칠레,상용,2011-11-01,6.0
칠레,상용,2011-12-01,5.0
칠레,상용,2012-01-01,5.0
칠레,상용,2012-02-01,2.0
칠레,상용,2012-03-01,4.0
칠레,상용,2012-04-01,4.0
칠레,상용,2012-05-01,5.0
칠레,상용,2012-06-01,1.0
칠레,상용,2012-07-01,2.0
칠레,상용,2012-08-01,0.0
칠레,상용,2012-09-01,4.0
칠레,상용,2012-10-01,2.0
칠레,상용,2012-11-01,1.0
칠레,상용,2012-12-01,4.0
칠레,상용,2013-01-01,3.0
칠레,상용,2013-02-01,3.0
칠레,상용,2013-03-01,3.0
칠레,상용,2013-04-01,4.0
칠레,상용,2013-05-01,3.0
칠레,상용,2013-06-01,5.0
칠레,상용,2013-07-01,7.0
칠레,상용,2013-08-01,6.0
칠레,상용,2013-09-01,3.0
칠레,상용,2013-10-01,6.0
칠레,상용,2013-11-01,7.0
칠레,상용,2013-12-01,2.0
칠레,상용,2014-01-01,11.0
칠레,상용,2014-02-01,9.0
칠레,상용,2014-03-01,11.0
칠레,상용,2014-04-01,4.0
칠레,상용,2014-05-01,9.0
칠레,상용,2014-06-01,7.0
칠레,상용,2014-07-01,7.0
칠레,상용,2014-08-01,11.0
칠레,상용,2014-09-01,10.0
칠레,상용,2014-10-01,5.0
칠레,상용,2014-11-01,13.0
칠레,상용,2014-12-01,6.0
칠레,상용,2015-01-01,10.0
칠레,상용,2015-02-01,3.0
칠레,상용,2015-03-01,8.0
칠레,상용,2015-04-01,6.0
칠레,상용,2015-05-01,9.0
칠레,상용,2015-06-01,5.0
칠레,상용,2015-07-01,2.0
칠레,상용,2015-08-01,6.0
칠레,상용,2015-09-01,6.0
칠레,상용,2015-10-01,7.0
칠레,상용,2015-11-01,8.0
칠레,상용,2015-12-01,6.0
칠레,상용,2016-01-01,5.0
칠레,상용,2016-02-01,7.0
칠레,상용,2016-03-01,6.0
칠레,상용,2016-04-01,13.0
칠레,상용,2016-05-01,5.0
칠레,상용,2016-06-01,7.0
칠레,상용,2016-07-01,9.0
칠레,상용,2016-08-01,8.0
칠레,상용,2016-09-01,10.0
칠레,상용,2016-10-01,6.0
칠레,상용,2016-11-01,7.0
칠레,상용,2016-12-01,5.0
칠레,상용,2017-01-01,10.0
칠레,상용,2017-02-01,9.0
칠레,상용,2017-03-01,9.0
칠레,상용,2017-04-01,7.0
칠레,상용,2017-05-01,12.0
칠레,상용,2017-06-01,7.0
칠레,상용,2017-07-01,3.0
칠레,상용,2017-08-01,6.0
칠레,상용,2017-09-01,4.0
칠레,상용,2017-10-01,5.0
칠레,상용,2017-11-01,3.0
칠레,상용,2017-12-01,3.0
칠레,상용,2018-01-01,6.0
칠레,상용,2018-02-01,2.0
칠레,상용,2018-03-01,0.0
칠레,상용,2018-04-01,8.0
칠레,상용,2018-05-01,2.0
칠레,상용,2018-06-01,4.0
칠레,상용,2018-07-01,0.0
칠레,상용,2018-08-01,3.0
칠레,상용,2018-09-01,2.0
칠레,상용,2018-10-01,1.0
칠레,상용,2018-11-01,1.0
칠레,상용,2018-12-01,2.0
칠레,상용,2019-01-01,1.0
칠레,상용,2019-02-01,2.0
칠레,상용,2019-03-01,1.0
칠레,상용,2019-04-01,5.0
칠레,상용,2019-05-01,2.0
칠레,상용,2019-06-01,2.0
칠레,상용,2019-07-01,3.0
칠레,상용,2019-08-01,3.0
칠레,상용,2019-09-01,2.0
칠레,상용,2019-10-01,6.0
칠레,상용,2019-11-01,1.0
칠레,상용,2019-12-01,2.0
칠레,상용,2020-01-01,2.0
칠레,상용,2020-02-01,1.0
칠레,상용,2020-03-01,0.0
칠레,상용,2020-04-01,0.0
칠레,상용,2020-05-01,0.0
칠레,상용,2020-06-01,0.0
칠레,상용,2020-07-01,0.0
칠레,상용,2020-08-01,0.0
칠레,상용,2020-09-01,3.0
칠레,상용,2020-10-01,0.0
칠레,상용,2020-11-01,0.0
칠레,상용,2020-12-01,0.0
칠레,상용,2021-01-01,0.0
칠레,상용,2021-02-01,0.0
칠레,상용,2021-03-01,0.0
칠레,상용,2021-04-01,0.0
칠레,상용,2021-05-01,0.0
칠레,상용,2021-06-01,1.0
칠레,상용,2021-07-01,0.0
칠레,상용,2021-08-01,0.0
칠레,상용,2021-09-01,0.0
칠레,상용,2021-10-01,1.0
칠레,상용,2021-11-01,0.0
칠레,상용,2021-12-01,2.0
칠레,상용,2022-01-01,2.0
칠레,상용,2022-02-01,1.0
칠레,상용,2022-03-01,2.0
칠레,상용,2022-04-01,4.0
칠레,상용,2022-05-01,4.0
칠레,상용,2022-06-01,15.0
칠레,상용,2022-07-01,2.0
칠레,상용,2022-08-01,9.0
칠레,상용,2022-09-01,7.0
칠레,상용,2022-10-01,10.0
칠레,상용,2022-11-01,8.0
칠레,상용,2022-12-01,7.0
칠레,상용,2023-01-01,6.0
칠레,상용,2023-02-01,7.0
칠레,상용,2023-03-01,9.0
칠레,상용,2023-04-01,10.0
칠레,상용,2023-05-01,11.0
칠레,상용,2023-06-01,6.0
칠레,상용,2023-07-01,9.0
칠레,상용,2023-08-01,9.0
칠레,상용,2023-09-01,6.0
칠레,상용,2023-10-01,18.0
칠레,상용,2023-11-01,13.0
칠레,상용,2023-12-01,2.0
칠레,상용,2024-01-01,5.0
칠레,상용,2024-02-01,3.0
칠레,상용,2024-03-01,6.0
칠레,상용,2024-04-01,3.0
칠레,상용,2024-05-01,7.0
칠레,상용,2024-06-01,5.0
칠레,상용,2024-07-01,5.0
칠레,상용,2024-08-01,9.0
칠레,상용,2024-09-01,3.0
칠레,상용,2024-10-01,6.0
칠레,상용,2024-11-01,5.0
칠레,상용,2024-12-01,5.0
칠레,상용,2025-01-01,3.0
칠레,상용,2025-02-01,4.0
칠레,상용,2025-03-01,5.0
칠레,상용,2025-04-01,3.0
칠레,상용,2025-05-01,4.0
칠레,유학연수,2005-01-01,1.0
칠레,유학연수,2005-02-01,1.0
칠레,유학연수,2005-03-01,1.0
칠레,유학연수,2005-04-01,1.0
칠레,유학연수,2005-05-01,0.0
칠레,유학연수,2005-06-01,0.0
칠레,유학연수,2005-07-01,0.0
칠레,유학연수,2005-08-01,3.0
칠레,유학연수,2005-09-01,1.0
칠레,유학연수,2005-10-01,0.0
칠레,유학연수,2005-11-01,0.0
칠레,유학연수,2005-12-01,0.0
칠레,유학연수,2006-01-01,0.0
칠레,유학연수,2006-02-01,4.0
칠레,유학연수,2006-03-01,2.0
칠레,유학연수,2006-04-01,1.0
칠레,유학연수,2006-05-01,2.0
칠레,유학연수,2006-06-01,0.0
칠레,유학연수,2006-07-01,0.0
칠레,유학연수,2006-08-01,4.0
칠레,유학연수,2006-09-01,0.0
칠레,유학연수,2006-10-01,2.0
칠레,유학연수,2006-11-01,2.0
칠레,유학연수,2006-12-01,0.0
칠레,유학연수,2007-01-01,2.0
칠레,유학연수,2007-02-01,3.0
칠레,유학연수,2007-03-01,3.0
칠레,유학연수,2007-04-01,1.0
칠레,유학연수,2007-05-01,1.0
칠레,유학연수,2007-06-01,2.0
칠레,유학연수,2007-07-01,2.0
칠레,유학연수,2007-08-01,5.0
칠레,유학연수,2007-09-01,2.0
칠레,유학연수,2007-10-01,0.0
칠레,유학연수,2007-11-01,3.0
칠레,유학연수,2007-12-01,1.0
칠레,유학연수,2008-01-01,3.0
칠레,유학연수,2008-02-01,4.0
칠레,유학연수,2008-03-01,3.0
칠레,유학연수,2008-04-01,2.0
칠레,유학연수,2008-05-01,0.0
칠레,유학연수,2008-06-01,1.0
칠레,유학연수,2008-07-01,2.0
칠레,유학연수,2008-08-01,3.0
칠레,유학연수,2008-09-01,1.0
칠레,유학연수,2008-10-01,3.0
칠레,유학연수,2008-11-01,0.0
칠레,유학연수,2008-12-01,2.0
칠레,유학연수,2009-01-01,6.0
칠레,유학연수,2009-02-01,4.0
칠레,유학연수,2009-03-01,1.0
칠레,유학연수,2009-04-01,0.0
칠레,유학연수,2009-05-01,4.0
칠레,유학연수,2009-06-01,1.0
칠레,유학연수,2009-07-01,1.0
칠레,유학연수,2009-08-01,9.0
칠레,유학연수,2009-09-01,1.0
칠레,유학연수,2009-10-01,2.0
칠레,유학연수,2009-11-01,4.0
칠레,유학연수,2009-12-01,2.0
칠레,유학연수,2010-01-01,4.0
칠레,유학연수,2010-02-01,4.0
칠레,유학연수,2010-03-01,6.0
칠레,유학연수,2010-04-01,2.0
칠레,유학연수,2010-05-01,2.0
칠레,유학연수,2010-06-01,2.0
칠레,유학연수,2010-07-01,2.0
칠레,유학연수,2010-08-01,18.0
칠레,유학연수,2010-09-01,4.0
칠레,유학연수,2010-10-01,3.0
칠레,유학연수,2010-11-01,4.0
칠레,유학연수,2010-12-01,1.0
칠레,유학연수,2011-01-01,7.0
칠레,유학연수,2011-02-01,7.0
칠레,유학연수,2011-03-01,1.0
칠레,유학연수,2011-04-01,0.0
칠레,유학연수,2011-05-01,4.0
칠레,유학연수,2011-06-01,0.0
칠레,유학연수,2011-07-01,3.0
칠레,유학연수,2011-08-01,11.0
칠레,유학연수,2011-09-01,2.0
칠레,유학연수,2011-10-01,2.0
칠레,유학연수,2011-11-01,2.0
칠레,유학연수,2011-12-01,2.0
칠레,유학연수,2012-01-01,3.0
칠레,유학연수,2012-02-01,9.0
칠레,유학연수,2012-03-01,2.0
칠레,유학연수,2012-04-01,4.0
칠레,유학연수,2012-05-01,0.0
칠레,유학연수,2012-06-01,0.0
칠레,유학연수,2012-07-01,4.0
칠레,유학연수,2012-08-01,8.0
칠레,유학연수,2012-09-01,4.0
칠레,유학연수,2012-10-01,3.0
칠레,유학연수,2012-11-01,1.0
칠레,유학연수,2012-12-01,4.0
칠레,유학연수,2013-01-01,7.0
칠레,유학연수,2013-02-01,10.0
칠레,유학연수,2013-03-01,2.0
칠레,유학연수,2013-04-01,1.0
칠레,유학연수,2013-05-01,3.0
칠레,유학연수,2013-06-01,2.0
칠레,유학연수,2013-07-01,3.0
칠레,유학연수,2013-08-01,8.0
칠레,유학연수,2013-09-01,5.0
칠레,유학연수,2013-10-01,0.0
칠레,유학연수,2013-11-01,3.0
칠레,유학연수,2013-12-01,0.0
칠레,유학연수,2014-01-01,13.0
칠레,유학연수,2014-02-01,14.0
칠레,유학연수,2014-03-01,6.0
칠레,유학연수,2014-04-01,2.0
칠레,유학연수,2014-05-01,10.0
칠레,유학연수,2014-06-01,1.0
칠레,유학연수,2014-07-01,1.0
칠레,유학연수,2014-08-01,15.0
칠레,유학연수,2014-09-01,6.0
칠레,유학연수,2014-10-01,0.0
칠레,유학연수,2014-11-01,1.0
칠레,유학연수,2014-12-01,2.0
칠레,유학연수,2015-01-01,5.0
칠레,유학연수,2015-02-01,18.0
칠레,유학연수,2015-03-01,6.0
칠레,유학연수,2015-04-01,2.0
칠레,유학연수,2015-05-01,4.0
칠레,유학연수,2015-06-01,2.0
칠레,유학연수,2015-07-01,4.0
칠레,유학연수,2015-08-01,17.0
칠레,유학연수,2015-09-01,7.0
칠레,유학연수,2015-10-01,1.0
칠레,유학연수,2015-11-01,2.0
칠레,유학연수,2015-12-01,3.0
칠레,유학연수,2016-01-01,8.0
칠레,유학연수,2016-02-01,20.0
칠레,유학연수,2016-03-01,1.0
칠레,유학연수,2016-04-01,1.0
칠레,유학연수,2016-05-01,6.0
칠레,유학연수,2016-06-01,3.0
칠레,유학연수,2016-07-01,11.0
칠레,유학연수,2016-08-01,21.0
칠레,유학연수,2016-09-01,5.0
칠레,유학연수,2016-10-01,2.0
칠레,유학연수,2016-11-01,9.0
칠레,유학연수,2016-12-01,3.0
칠레,유학연수,2017-01-01,9.0
칠레,유학연수,2017-02-01,19.0
칠레,유학연수,2017-03-01,5.0
칠레,유학연수,2017-04-01,3.0
칠레,유학연수,2017-05-01,3.0
칠레,유학연수,2017-06-01,5.0
칠레,유학연수,2017-07-01,9.0
칠레,유학연수,2017-08-01,20.0
칠레,유학연수,2017-09-01,5.0
칠레,유학연수,2017-10-01,4.0
칠레,유학연수,2017-11-01,2.0
칠레,유학연수,2017-12-01,2.0
칠레,유학연수,2018-01-01,8.0
칠레,유학연수,2018-02-01,18.0
칠레,유학연수,2018-03-01,4.0
칠레,유학연수,2018-04-01,0.0
칠레,유학연수,2018-05-01,3.0
칠레,유학연수,2018-06-01,5.0
칠레,유학연수,2018-07-01,5.0
칠레,유학연수,2018-08-01,31.0
칠레,유학연수,2018-09-01,6.0
칠레,유학연수,2018-10-01,1.0
칠레,유학연수,2018-11-01,4.0
칠레,유학연수,2018-12-01,8.0
칠레,유학연수,2019-01-01,11.0
칠레,유학연수,2019-02-01,26.0
칠레,유학연수,2019-03-01,3.0
칠레,유학연수,2019-04-01,0.0
칠레,유학연수,2019-05-01,8.0
칠레,유학연수,2019-06-01,5.0
칠레,유학연수,2019-07-01,3.0
칠레,유학연수,2019-08-01,23.0
칠레,유학연수,2019-09-01,9.0
칠레,유학연수,2019-10-01,2.0
칠레,유학연수,2019-11-01,2.0
칠레,유학연수,2019-12-01,5.0
칠레,유학연수,2020-01-01,9.0
칠레,유학연수,2020-02-01,16.0
칠레,유학연수,2020-03-01,2.0
칠레,유학연수,2020-04-01,0.0
칠레,유학연수,2020-05-01,0.0
칠레,유학연수,2020-06-01,0.0
칠레,유학연수,2020-07-01,0.0
칠레,유학연수,2020-08-01,4.0
칠레,유학연수,2020-09-01,1.0
칠레,유학연수,2020-10-01,0.0
칠레,유학연수,2020-11-01,0.0
칠레,유학연수,2020-12-01,0.0
칠레,유학연수,2021-01-01,4.0
칠레,유학연수,2021-02-01,23.0
칠레,유학연수,2021-03-01,3.0
칠레,유학연수,2021-04-01,0.0
칠레,유학연수,2021-05-01,1.0
칠레,유학연수,2021-06-01,3.0
칠레,유학연수,2021-07-01,4.0
칠레,유학연수,2021-08-01,24.0
칠레,유학연수,2021-09-01,3.0
칠레,유학연수,2021-10-01,1.0
칠레,유학연수,2021-11-01,11.0
칠레,유학연수,2021-12-01,3.0
칠레,유학연수,2022-01-01,6.0
칠레,유학연수,2022-02-01,50.0
칠레,유학연수,2022-03-01,4.0
칠레,유학연수,2022-04-01,1.0
칠레,유학연수,2022-05-01,10.0
칠레,유학연수,2022-06-01,3.0
칠레,유학연수,2022-07-01,5.0
칠레,유학연수,2022-08-01,43.0
칠레,유학연수,2022-09-01,6.0
칠레,유학연수,2022-10-01,0.0
칠레,유학연수,2022-11-01,3.0
칠레,유학연수,2022-12-01,7.0
칠레,유학연수,2023-01-01,9.0
칠레,유학연수,2023-02-01,31.0
칠레,유학연수,2023-03-01,13.0
칠레,유학연수,2023-04-01,3.0
칠레,유학연수,2023-05-01,9.0
칠레,유학연수,2023-06-01,4.0
칠레,유학연수,2023-07-01,12.0
칠레,유학연수,2023-08-01,31.0
칠레,유학연수,2023-09-01,4.0
칠레,유학연수,2023-10-01,0.0
칠레,유학연수,2023-11-01,3.0
칠레,유학연수,2023-12-01,5.0
칠레,유학연수,2024-01-01,11.0
칠레,유학연수,2024-02-01,34.0
칠레,유학연수,2024-03-01,5.0
칠레,유학연수,2024-04-01,1.0
칠레,유학연수,2024-05-01,6.0
칠레,유학연수,2024-06-01,3.0
칠레,유학연수,2024-07-01,7.0
칠레,유학연수,2024-08-01,45.0
칠레,유학연수,2024-09-01,6.0
칠레,유학연수,2024-10-01,2.0
칠레,유학연수,2024-11-01,4.0
칠레,유학연수,2024-12-01,5.0
칠레,유학연수,2025-01-01,17.0
칠레,유학연수,2025-02-01,40.0
칠레,유학연수,2025-03-01,6.0
칠레,유학연수,2025-04-01,1.0
칠레,유학연수,2025-05-01,5.0
카자흐스탄,공용,2005-01-01,0.0
카자흐스탄,공용,2005-02-01,0.0
카자흐스탄,공용,2005-03-01,10.0
카자흐스탄,공용,2005-04-01,18.0
카자흐스탄,공용,2005-05-01,11.0
카자흐스탄,공용,2005-06-01,1.0
카자흐스탄,공용,2005-07-01,1.0
카자흐스탄,공용,2005-08-01,12.0
카자흐스탄,공용,2005-09-01,6.0
카자흐스탄,공용,2005-10-01,8.0
카자흐스탄,공용,2005-11-01,2.0
카자흐스탄,공용,2005-12-01,8.0
카자흐스탄,공용,2006-01-01,4.0
카자흐스탄,공용,2006-02-01,31.0
카자흐스탄,공용,2006-03-01,27.0
카자흐스탄,공용,2006-04-01,18.0
카자흐스탄,공용,2006-05-01,3.0
카자흐스탄,공용,2006-06-01,0.0
카자흐스탄,공용,2006-07-01,1.0
카자흐스탄,공용,2006-08-01,3.0
카자흐스탄,공용,2006-09-01,7.0
카자흐스탄,공용,2006-10-01,12.0
카자흐스탄,공용,2006-11-01,2.0
카자흐스탄,공용,2006-12-01,8.0
카자흐스탄,공용,2007-01-01,0.0
카자흐스탄,공용,2007-02-01,5.0
카자흐스탄,공용,2007-03-01,6.0
카자흐스탄,공용,2007-04-01,1.0
카자흐스탄,공용,2007-05-01,3.0
카자흐스탄,공용,2007-06-01,13.0
카자흐스탄,공용,2007-07-01,1.0
카자흐스탄,공용,2007-08-01,3.0
카자흐스탄,공용,2007-09-01,1.0
카자흐스탄,공용,2007-10-01,5.0
카자흐스탄,공용,2007-11-01,3.0
카자흐스탄,공용,2007-12-01,1.0
카자흐스탄,공용,2008-01-01,1.0
카자흐스탄,공용,2008-02-01,3.0
카자흐스탄,공용,2008-03-01,0.0
카자흐스탄,공용,2008-04-01,0.0
카자흐스탄,공용,2008-05-01,0.0
카자흐스탄,공용,2008-06-01,3.0
카자흐스탄,공용,2008-07-01,18.0
카자흐스탄,공용,2008-08-01,2.0
카자흐스탄,공용,2008-09-01,3.0
카자흐스탄,공용,2008-10-01,1.0
카자흐스탄,공용,2008-11-01,5.0
카자흐스탄,공용,2008-12-01,0.0
카자흐스탄,공용,2009-01-01,1.0
카자흐스탄,공용,2009-02-01,0.0
카자흐스탄,공용,2009-03-01,0.0
카자흐스탄,공용,2009-04-01,0.0
카자흐스탄,공용,2009-05-01,2.0
카자흐스탄,공용,2009-06-01,4.0
카자흐스탄,공용,2009-07-01,0.0
카자흐스탄,공용,2009-08-01,1.0
카자흐스탄,공용,2009-09-01,1.0
카자흐스탄,공용,2009-10-01,5.0
카자흐스탄,공용,2009-11-01,7.0
카자흐스탄,공용,2009-12-01,0.0
카자흐스탄,공용,2010-01-01,4.0
카자흐스탄,공용,2010-02-01,0.0
카자흐스탄,공용,2010-03-01,1.0
카자흐스탄,공용,2010-04-01,28.0
카자흐스탄,공용,2010-05-01,8.0
카자흐스탄,공용,2010-06-01,0.0
카자흐스탄,공용,2010-07-01,4.0
카자흐스탄,공용,2010-08-01,1.0
카자흐스탄,공용,2010-09-01,3.0
카자흐스탄,공용,2010-10-01,0.0
카자흐스탄,공용,2010-11-01,3.0
카자흐스탄,공용,2010-12-01,4.0
카자흐스탄,공용,2011-01-01,5.0
카자흐스탄,공용,2011-02-01,0.0
카자흐스탄,공용,2011-03-01,0.0
카자흐스탄,공용,2011-04-01,0.0
카자흐스탄,공용,2011-05-01,1.0
카자흐스탄,공용,2011-06-01,2.0
카자흐스탄,공용,2011-07-01,1.0
카자흐스탄,공용,2011-08-01,1.0
카자흐스탄,공용,2011-09-01,0.0
카자흐스탄,공용,2011-10-01,0.0
카자흐스탄,공용,2011-11-01,1.0
카자흐스탄,공용,2011-12-01,1.0
카자흐스탄,공용,2012-01-01,0.0
카자흐스탄,공용,2012-02-01,8.0
카자흐스탄,공용,2012-03-01,21.0
카자흐스탄,공용,2012-04-01,0.0
카자흐스탄,공용,2012-05-01,1.0
카자흐스탄,공용,2012-06-01,0.0
카자흐스탄,공용,2012-07-01,5.0
카자흐스탄,공용,2012-08-01,4.0
카자흐스탄,공용,2012-09-01,1.0
카자흐스탄,공용,2012-10-01,8.0
카자흐스탄,공용,2012-11-01,5.0
카자흐스탄,공용,2012-12-01,0.0
카자흐스탄,공용,2013-01-01,8.0
카자흐스탄,공용,2013-02-01,0.0
카자흐스탄,공용,2013-03-01,5.0
카자흐스탄,공용,2013-04-01,0.0
카자흐스탄,공용,2013-05-01,3.0
카자흐스탄,공용,2013-06-01,1.0
카자흐스탄,공용,2013-07-01,3.0
카자흐스탄,공용,2013-08-01,10.0
카자흐스탄,공용,2013-09-01,6.0
카자흐스탄,공용,2013-10-01,14.0
카자흐스탄,공용,2013-11-01,6.0
카자흐스탄,공용,2013-12-01,27.0
카자흐스탄,공용,2014-01-01,3.0
카자흐스탄,공용,2014-02-01,0.0
카자흐스탄,공용,2014-03-01,2.0
카자흐스탄,공용,2014-04-01,2.0
카자흐스탄,공용,2014-05-01,6.0
카자흐스탄,공용,2014-06-01,11.0
카자흐스탄,공용,2014-07-01,9.0
카자흐스탄,공용,2014-08-01,2.0
카자흐스탄,공용,2014-09-01,11.0
카자흐스탄,공용,2014-10-01,11.0
카자흐스탄,공용,2014-11-01,7.0
카자흐스탄,공용,2014-12-01,4.0
카자흐스탄,공용,2015-01-01,0.0
카자흐스탄,공용,2015-02-01,0.0
카자흐스탄,공용,2015-03-01,4.0
카자흐스탄,공용,2015-04-01,1.0
카자흐스탄,공용,2015-05-01,1.0
카자흐스탄,공용,2015-06-01,2.0
카자흐스탄,공용,2015-07-01,10.0
카자흐스탄,공용,2015-08-01,1.0
카자흐스탄,공용,2015-09-01,6.0
카자흐스탄,공용,2015-10-01,4.0
카자흐스탄,공용,2015-11-01,2.0
카자흐스탄,공용,2015-12-01,0.0
카자흐스탄,공용,2016-01-01,1.0
카자흐스탄,공용,2016-02-01,3.0
카자흐스탄,공용,2016-03-01,4.0
카자흐스탄,공용,2016-04-01,0.0
카자흐스탄,공용,2016-05-01,0.0
카자흐스탄,공용,2016-06-01,0.0
카자흐스탄,공용,2016-07-01,4.0
카자흐스탄,공용,2016-08-01,12.0
카자흐스탄,공용,2016-09-01,0.0
카자흐스탄,공용,2016-10-01,3.0
카자흐스탄,공용,2016-11-01,23.0
카자흐스탄,공용,2016-12-01,3.0
카자흐스탄,공용,2017-01-01,0.0
카자흐스탄,공용,2017-02-01,0.0
카자흐스탄,공용,2017-03-01,0.0
카자흐스탄,공용,2017-04-01,2.0
카자흐스탄,공용,2017-05-01,3.0
카자흐스탄,공용,2017-06-01,18.0
카자흐스탄,공용,2017-07-01,3.0
카자흐스탄,공용,2017-08-01,0.0
카자흐스탄,공용,2017-09-01,4.0
카자흐스탄,공용,2017-10-01,10.0
카자흐스탄,공용,2017-11-01,4.0
카자흐스탄,공용,2017-12-01,1.0
카자흐스탄,공용,2018-01-01,1.0
카자흐스탄,공용,2018-02-01,2.0
카자흐스탄,공용,2018-03-01,5.0
카자흐스탄,공용,2018-04-01,6.0
카자흐스탄,공용,2018-05-01,1.0
카자흐스탄,공용,2018-06-01,1.0
카자흐스탄,공용,2018-07-01,2.0
카자흐스탄,공용,2018-08-01,10.0
카자흐스탄,공용,2018-09-01,3.0
카자흐스탄,공용,2018-10-01,1.0
카자흐스탄,공용,2018-11-01,4.0
카자흐스탄,공용,2018-12-01,1.0
카자흐스탄,공용,2019-01-01,7.0
카자흐스탄,공용,2019-02-01,3.0
카자흐스탄,공용,2019-03-01,3.0
카자흐스탄,공용,2019-04-01,11.0
카자흐스탄,공용,2019-05-01,9.0
카자흐스탄,공용,2019-06-01,2.0
카자흐스탄,공용,2019-07-01,4.0
카자흐스탄,공용,2019-08-01,20.0
카자흐스탄,공용,2019-09-01,2.0
카자흐스탄,공용,2019-10-01,10.0
카자흐스탄,공용,2019-11-01,5.0
카자흐스탄,공용,2019-12-01,2.0
카자흐스탄,공용,2020-01-01,5.0
카자흐스탄,공용,2020-02-01,2.0
카자흐스탄,공용,2020-03-01,1.0
카자흐스탄,공용,2020-04-01,0.0
카자흐스탄,공용,2020-05-01,0.0
카자흐스탄,공용,2020-06-01,3.0
카자흐스탄,공용,2020-07-01,0.0
카자흐스탄,공용,2020-08-01,0.0
카자흐스탄,공용,2020-09-01,0.0
카자흐스탄,공용,2020-10-01,0.0
카자흐스탄,공용,2020-11-01,2.0
카자흐스탄,공용,2020-12-01,0.0
카자흐스탄,공용,2021-01-01,2.0
카자흐스탄,공용,2021-02-01,1.0
카자흐스탄,공용,2021-03-01,4.0
카자흐스탄,공용,2021-04-01,0.0
카자흐스탄,공용,2021-05-01,0.0
카자흐스탄,공용,2021-06-01,2.0
카자흐스탄,공용,2021-07-01,1.0
카자흐스탄,공용,2021-08-01,87.0
카자흐스탄,공용,2021-09-01,0.0
카자흐스탄,공용,2021-10-01,27.0
카자흐스탄,공용,2021-11-01,8.0
카자흐스탄,공용,2021-12-01,0.0
카자흐스탄,공용,2022-01-01,2.0
카자흐스탄,공용,2022-02-01,0.0
카자흐스탄,공용,2022-03-01,1.0
카자흐스탄,공용,2022-04-01,8.0
카자흐스탄,공용,2022-05-01,10.0
카자흐스탄,공용,2022-06-01,4.0
카자흐스탄,공용,2022-07-01,2.0
카자흐스탄,공용,2022-08-01,9.0
카자흐스탄,공용,2022-09-01,5.0
카자흐스탄,공용,2022-10-01,10.0
카자흐스탄,공용,2022-11-01,7.0
카자흐스탄,공용,2022-12-01,4.0
카자흐스탄,공용,2023-01-01,4.0
카자흐스탄,공용,2023-02-01,2.0
카자흐스탄,공용,2023-03-01,10.0
카자흐스탄,공용,2023-04-01,13.0
카자흐스탄,공용,2023-05-01,3.0
카자흐스탄,공용,2023-06-01,3.0
카자흐스탄,공용,2023-07-01,5.0
카자흐스탄,공용,2023-08-01,11.0
카자흐스탄,공용,2023-09-01,26.0
카자흐스탄,공용,2023-10-01,20.0
카자흐스탄,공용,2023-11-01,17.0
카자흐스탄,공용,2023-12-01,1.0
카자흐스탄,공용,2024-01-01,4.0
카자흐스탄,공용,2024-02-01,16.0
카자흐스탄,공용,2024-03-01,3.0
카자흐스탄,공용,2024-04-01,4.0
카자흐스탄,공용,2024-05-01,10.0
카자흐스탄,공용,2024-06-01,12.0
카자흐스탄,공용,2024-07-01,1.0
카자흐스탄,공용,2024-08-01,12.0
카자흐스탄,공용,2024-09-01,9.0
카자흐스탄,공용,2024-10-01,10.0
카자흐스탄,공용,2024-11-01,18.0
카자흐스탄,공용,2024-12-01,11.0
카자흐스탄,공용,2025-01-01,9.0
카자흐스탄,공용,2025-02-01,4.0
카자흐스탄,공용,2025-03-01,9.0
카자흐스탄,공용,2025-04-01,5.0
카자흐스탄,공용,2025-05-01,12.0
카자흐스탄,관광,2005-01-01,86.0
카자흐스탄,관광,2005-02-01,80.0
카자흐스탄,관광,2005-03-01,70.0
카자흐스탄,관광,2005-04-01,214.0
카자흐스탄,관광,2005-05-01,185.0
카자흐스탄,관광,2005-06-01,224.0
카자흐스탄,관광,2005-07-01,117.0
카자흐스탄,관광,2005-08-01,241.0
카자흐스탄,관광,2005-09-01,156.0
카자흐스탄,관광,2005-10-01,126.0
카자흐스탄,관광,2005-11-01,124.0
카자흐스탄,관광,2005-12-01,105.0
카자흐스탄,관광,2006-01-01,129.0
카자흐스탄,관광,2006-02-01,69.0
카자흐스탄,관광,2006-03-01,109.0
카자흐스탄,관광,2006-04-01,102.0
카자흐스탄,관광,2006-05-01,231.0
카자흐스탄,관광,2006-06-01,204.0
카자흐스탄,관광,2006-07-01,161.0
카자흐스탄,관광,2006-08-01,209.0
카자흐스탄,관광,2006-09-01,217.0
카자흐스탄,관광,2006-10-01,229.0
카자흐스탄,관광,2006-11-01,153.0
카자흐스탄,관광,2006-12-01,146.0
카자흐스탄,관광,2007-01-01,126.0
카자흐스탄,관광,2007-02-01,119.0
카자흐스탄,관광,2007-03-01,169.0
카자흐스탄,관광,2007-04-01,317.0
카자흐스탄,관광,2007-05-01,300.0
카자흐스탄,관광,2007-06-01,355.0
카자흐스탄,관광,2007-07-01,285.0
카자흐스탄,관광,2007-08-01,258.0
카자흐스탄,관광,2007-09-01,175.0
카자흐스탄,관광,2007-10-01,305.0
카자흐스탄,관광,2007-11-01,199.0
카자흐스탄,관광,2007-12-01,139.0
카자흐스탄,관광,2008-01-01,175.0
카자흐스탄,관광,2008-02-01,182.0
카자흐스탄,관광,2008-03-01,291.0
카자흐스탄,관광,2008-04-01,235.0
카자흐스탄,관광,2008-05-01,256.0
카자흐스탄,관광,2008-06-01,375.0
카자흐스탄,관광,2008-07-01,387.0
카자흐스탄,관광,2008-08-01,308.0
카자흐스탄,관광,2008-09-01,188.0
카자흐스탄,관광,2008-10-01,483.0
카자흐스탄,관광,2008-11-01,290.0
카자흐스탄,관광,2008-12-01,277.0
카자흐스탄,관광,2009-01-01,237.0
카자흐스탄,관광,2009-02-01,188.0
카자흐스탄,관광,2009-03-01,187.0
카자흐스탄,관광,2009-04-01,224.0
카자흐스탄,관광,2009-05-01,234.0
카자흐스탄,관광,2009-06-01,345.0
카자흐스탄,관광,2009-07-01,298.0
카자흐스탄,관광,2009-08-01,375.0
카자흐스탄,관광,2009-09-01,226.0
카자흐스탄,관광,2009-10-01,290.0
카자흐스탄,관광,2009-11-01,378.0
카자흐스탄,관광,2009-12-01,193.0
카자흐스탄,관광,2010-01-01,239.0
카자흐스탄,관광,2010-02-01,168.0
카자흐스탄,관광,2010-03-01,251.0
카자흐스탄,관광,2010-04-01,543.0
카자흐스탄,관광,2010-05-01,326.0
카자흐스탄,관광,2010-06-01,378.0
카자흐스탄,관광,2010-07-01,430.0
카자흐스탄,관광,2010-08-01,490.0
카자흐스탄,관광,2010-09-01,347.0
카자흐스탄,관광,2010-10-01,341.0
카자흐스탄,관광,2010-11-01,507.0
카자흐스탄,관광,2010-12-01,265.0
카자흐스탄,관광,2011-01-01,254.0
카자흐스탄,관광,2011-02-01,164.0
카자흐스탄,관광,2011-03-01,254.0
카자흐스탄,관광,2011-04-01,309.0
카자흐스탄,관광,2011-05-01,284.0
카자흐스탄,관광,2011-06-01,430.0
카자흐스탄,관광,2011-07-01,530.0
카자흐스탄,관광,2011-08-01,369.0
카자흐스탄,관광,2011-09-01,313.0
카자흐스탄,관광,2011-10-01,469.0
카자흐스탄,관광,2011-11-01,516.0
카자흐스탄,관광,2011-12-01,261.0
카자흐스탄,관광,2012-01-01,283.0
카자흐스탄,관광,2012-02-01,309.0
카자흐스탄,관광,2012-03-01,459.0
카자흐스탄,관광,2012-04-01,457.0
카자흐스탄,관광,2012-05-01,578.0
카자흐스탄,관광,2012-06-01,719.0
카자흐스탄,관광,2012-07-01,645.0
카자흐스탄,관광,2012-08-01,599.0
카자흐스탄,관광,2012-09-01,407.0
카자흐스탄,관광,2012-10-01,791.0
카자흐스탄,관광,2012-11-01,477.0
카자흐스탄,관광,2012-12-01,383.0
카자흐스탄,관광,2013-01-01,362.0
카자흐스탄,관광,2013-02-01,355.0
카자흐스탄,관광,2013-03-01,669.0
카자흐스탄,관광,2013-04-01,468.0
카자흐스탄,관광,2013-05-01,628.0
카자흐스탄,관광,2013-06-01,762.0
카자흐스탄,관광,2013-07-01,906.0
카자흐스탄,관광,2013-08-01,583.0
카자흐스탄,관광,2013-09-01,674.0
카자흐스탄,관광,2013-10-01,808.0
카자흐스탄,관광,2013-11-01,853.0
카자흐스탄,관광,2013-12-01,559.0
카자흐스탄,관광,2014-01-01,674.0
카자흐스탄,관광,2014-02-01,734.0
카자흐스탄,관광,2014-03-01,997.0
카자흐스탄,관광,2014-04-01,788.0
카자흐스탄,관광,2014-05-01,1201.0
카자흐스탄,관광,2014-06-01,1207.0
카자흐스탄,관광,2014-07-01,1398.0
카자흐스탄,관광,2014-08-01,1286.0
카자흐스탄,관광,2014-09-01,1799.0
카자흐스탄,관광,2014-10-01,1739.0
카자흐스탄,관광,2014-11-01,1372.0
카자흐스탄,관광,2014-12-01,2017.0
카자흐스탄,관광,2015-01-01,1916.0
카자흐스탄,관광,2015-02-01,1641.0
카자흐스탄,관광,2015-03-01,2580.0
카자흐스탄,관광,2015-04-01,2191.0
카자흐스탄,관광,2015-05-01,2201.0
카자흐스탄,관광,2015-06-01,1657.0
카자흐스탄,관광,2015-07-01,1634.0
카자흐스탄,관광,2015-08-01,2149.0
카자흐스탄,관광,2015-09-01,1681.0
카자흐스탄,관광,2015-10-01,2245.0
카자흐스탄,관광,2015-11-01,2152.0
카자흐스탄,관광,2015-12-01,1805.0
카자흐스탄,관광,2016-01-01,1980.0
카자흐스탄,관광,2016-02-01,2005.0
카자흐스탄,관광,2016-03-01,2582.0
카자흐스탄,관광,2016-04-01,2155.0
카자흐스탄,관광,2016-05-01,1962.0
카자흐스탄,관광,2016-06-01,2165.0
카자흐스탄,관광,2016-07-01,2186.0
카자흐스탄,관광,2016-08-01,2075.0
카자흐스탄,관광,2016-09-01,1787.0
카자흐스탄,관광,2016-10-01,2364.0
카자흐스탄,관광,2016-11-01,2385.0
카자흐스탄,관광,2016-12-01,2111.0
카자흐스탄,관광,2017-01-01,2405.0
카자흐스탄,관광,2017-02-01,2478.0
카자흐스탄,관광,2017-03-01,2744.0
카자흐스탄,관광,2017-04-01,2719.0
카자흐스탄,관광,2017-05-01,2414.0
카자흐스탄,관광,2017-06-01,2641.0
카자흐스탄,관광,2017-07-01,3075.0
카자흐스탄,관광,2017-08-01,2334.0
카자흐스탄,관광,2017-09-01,2429.0
카자흐스탄,관광,2017-10-01,3115.0
카자흐스탄,관광,2017-11-01,3005.0
카자흐스탄,관광,2017-12-01,2746.0
카자흐스탄,관광,2018-01-01,2908.0
카자흐스탄,관광,2018-02-01,3338.0
카자흐스탄,관광,2018-03-01,4181.0
카자흐스탄,관광,2018-04-01,3638.0
카자흐스탄,관광,2018-05-01,3530.0
카자흐스탄,관광,2018-06-01,3342.0
카자흐스탄,관광,2018-07-01,3256.0
카자흐스탄,관광,2018-08-01,2738.0
카자흐스탄,관광,2018-09-01,2599.0
카자흐스탄,관광,2018-10-01,3287.0
카자흐스탄,관광,2018-11-01,2337.0
카자흐스탄,관광,2018-12-01,2073.0
카자흐스탄,관광,2019-01-01,2185.0
카자흐스탄,관광,2019-02-01,1924.0
카자흐스탄,관광,2019-03-01,3202.0
카자흐스탄,관광,2019-04-01,3129.0
카자흐스탄,관광,2019-05-01,3349.0
카자흐스탄,관광,2019-06-01,3472.0
카자흐스탄,관광,2019-07-01,3612.0
카자흐스탄,관광,2019-08-01,2810.0
카자흐스탄,관광,2019-09-01,2956.0
카자흐스탄,관광,2019-10-01,3348.0
카자흐스탄,관광,2019-11-01,2541.0
카자흐스탄,관광,2019-12-01,2415.0
카자흐스탄,관광,2020-01-01,2815.0
카자흐스탄,관광,2020-02-01,1773.0
카자흐스탄,관광,2020-03-01,144.0
카자흐스탄,관광,2020-04-01,4.0
카자흐스탄,관광,2020-05-01,8.0
카자흐스탄,관광,2020-06-01,34.0
카자흐스탄,관광,2020-07-01,27.0
카자흐스탄,관광,2020-08-01,24.0
카자흐스탄,관광,2020-09-01,17.0
카자흐스탄,관광,2020-10-01,32.0
카자흐스탄,관광,2020-11-01,35.0
카자흐스탄,관광,2020-12-01,25.0
카자흐스탄,관광,2021-01-01,17.0
카자흐스탄,관광,2021-02-01,23.0
카자흐스탄,관광,2021-03-01,40.0
카자흐스탄,관광,2021-04-01,47.0
카자흐스탄,관광,2021-05-01,65.0
카자흐스탄,관광,2021-06-01,42.0
카자흐스탄,관광,2021-07-01,71.0
카자흐스탄,관광,2021-08-01,47.0
카자흐스탄,관광,2021-09-01,53.0
카자흐스탄,관광,2021-10-01,66.0
카자흐스탄,관광,2021-11-01,51.0
카자흐스탄,관광,2021-12-01,73.0
카자흐스탄,관광,2022-01-01,33.0
카자흐스탄,관광,2022-02-01,58.0
카자흐스탄,관광,2022-03-01,69.0
카자흐스탄,관광,2022-04-01,408.0
카자흐스탄,관광,2022-05-01,2044.0
카자흐스탄,관광,2022-06-01,3594.0
카자흐스탄,관광,2022-07-01,3049.0
카자흐스탄,관광,2022-08-01,1751.0
카자흐스탄,관광,2022-09-01,1531.0
카자흐스탄,관광,2022-10-01,1737.0
카자흐스탄,관광,2022-11-01,2488.0
카자흐스탄,관광,2022-12-01,2258.0
카자흐스탄,관광,2023-01-01,1384.0
카자흐스탄,관광,2023-02-01,1340.0
카자흐스탄,관광,2023-03-01,2585.0
카자흐스탄,관광,2023-04-01,2439.0
카자흐스탄,관광,2023-05-01,2747.0
카자흐스탄,관광,2023-06-01,2757.0
카자흐스탄,관광,2023-07-01,3543.0
카자흐스탄,관광,2023-08-01,3147.0
카자흐스탄,관광,2023-09-01,2744.0
카자흐스탄,관광,2023-10-01,3196.0
카자흐스탄,관광,2023-11-01,2506.0
카자흐스탄,관광,2023-12-01,2199.0
카자흐스탄,관광,2024-01-01,2453.0
카자흐스탄,관광,2024-02-01,1910.0
카자흐스탄,관광,2024-03-01,3992.0
카자흐스탄,관광,2024-04-01,3189.0
카자흐스탄,관광,2024-05-01,3356.0
카자흐스탄,관광,2024-06-01,2925.0
카자흐스탄,관광,2024-07-01,3651.0
카자흐스탄,관광,2024-08-01,3285.0
카자흐스탄,관광,2024-09-01,2838.0
카자흐스탄,관광,2024-10-01,3643.0
카자흐스탄,관광,2024-11-01,2800.0
카자흐스탄,관광,2024-12-01,2099.0
카자흐스탄,관광,2025-01-01,2268.0
카자흐스탄,관광,2025-02-01,2162.0
카자흐스탄,관광,2025-03-01,4586.0
카자흐스탄,관광,2025-04-01,4628.0
카자흐스탄,관광,2025-05-01,3799.0
카자흐스탄,상용,2005-01-01,19.0
카자흐스탄,상용,2005-02-01,56.0
카자흐스탄,상용,2005-03-01,63.0
카자흐스탄,상용,2005-04-01,55.0
카자흐스탄,상용,2005-05-01,106.0
카자흐스탄,상용,2005-06-01,43.0
카자흐스탄,상용,2005-07-01,34.0
카자흐스탄,상용,2005-08-01,36.0
카자흐스탄,상용,2005-09-01,70.0
카자흐스탄,상용,2005-10-01,75.0
카자흐스탄,상용,2005-11-01,67.0
카자흐스탄,상용,2005-12-01,51.0
카자흐스탄,상용,2006-01-01,45.0
카자흐스탄,상용,2006-02-01,47.0
카자흐스탄,상용,2006-03-01,66.0
카자흐스탄,상용,2006-04-01,58.0
카자흐스탄,상용,2006-05-01,63.0
카자흐스탄,상용,2006-06-01,17.0
카자흐스탄,상용,2006-07-01,16.0
카자흐스탄,상용,2006-08-01,34.0
카자흐스탄,상용,2006-09-01,72.0
카자흐스탄,상용,2006-10-01,49.0
카자흐스탄,상용,2006-11-01,60.0
카자흐스탄,상용,2006-12-01,30.0
카자흐스탄,상용,2007-01-01,43.0
카자흐스탄,상용,2007-02-01,52.0
카자흐스탄,상용,2007-03-01,45.0
카자흐스탄,상용,2007-04-01,32.0
카자흐스탄,상용,2007-05-01,15.0
카자흐스탄,상용,2007-06-01,74.0
카자흐스탄,상용,2007-07-01,78.0
카자흐스탄,상용,2007-08-01,52.0
카자흐스탄,상용,2007-09-01,68.0
카자흐스탄,상용,2007-10-01,77.0
카자흐스탄,상용,2007-11-01,67.0
카자흐스탄,상용,2007-12-01,74.0
카자흐스탄,상용,2008-01-01,54.0
카자흐스탄,상용,2008-02-01,68.0
카자흐스탄,상용,2008-03-01,62.0
카자흐스탄,상용,2008-04-01,67.0
카자흐스탄,상용,2008-05-01,54.0
카자흐스탄,상용,2008-06-01,63.0
카자흐스탄,상용,2008-07-01,53.0
카자흐스탄,상용,2008-08-01,48.0
카자흐스탄,상용,2008-09-01,57.0
카자흐스탄,상용,2008-10-01,92.0
카자흐스탄,상용,2008-11-01,26.0
카자흐스탄,상용,2008-12-01,38.0
카자흐스탄,상용,2009-01-01,39.0
카자흐스탄,상용,2009-02-01,29.0
카자흐스탄,상용,2009-03-01,52.0
카자흐스탄,상용,2009-04-01,52.0
카자흐스탄,상용,2009-05-01,38.0
카자흐스탄,상용,2009-06-01,60.0
카자흐스탄,상용,2009-07-01,64.0
카자흐스탄,상용,2009-08-01,51.0
카자흐스탄,상용,2009-09-01,47.0
카자흐스탄,상용,2009-10-01,81.0
카자흐스탄,상용,2009-11-01,84.0
카자흐스탄,상용,2009-12-01,51.0
카자흐스탄,상용,2010-01-01,48.0
카자흐스탄,상용,2010-02-01,80.0
카자흐스탄,상용,2010-03-01,80.0
카자흐스탄,상용,2010-04-01,101.0
카자흐스탄,상용,2010-05-01,79.0
카자흐스탄,상용,2010-06-01,78.0
카자흐스탄,상용,2010-07-01,58.0
카자흐스탄,상용,2010-08-01,69.0
카자흐스탄,상용,2010-09-01,91.0
카자흐스탄,상용,2010-10-01,60.0
카자흐스탄,상용,2010-11-01,61.0
카자흐스탄,상용,2010-12-01,61.0
카자흐스탄,상용,2011-01-01,102.0
카자흐스탄,상용,2011-02-01,121.0
카자흐스탄,상용,2011-03-01,145.0
카자흐스탄,상용,2011-04-01,190.0
카자흐스탄,상용,2011-05-01,161.0
카자흐스탄,상용,2011-06-01,122.0
카자흐스탄,상용,2011-07-01,169.0
카자흐스탄,상용,2011-08-01,141.0
카자흐스탄,상용,2011-09-01,168.0
카자흐스탄,상용,2011-10-01,114.0
카자흐스탄,상용,2011-11-01,107.0
카자흐스탄,상용,2011-12-01,92.0
카자흐스탄,상용,2012-01-01,60.0
카자흐스탄,상용,2012-02-01,110.0
카자흐스탄,상용,2012-03-01,171.0
카자흐스탄,상용,2012-04-01,104.0
카자흐스탄,상용,2012-05-01,144.0
카자흐스탄,상용,2012-06-01,102.0
카자흐스탄,상용,2012-07-01,112.0
카자흐스탄,상용,2012-08-01,87.0
카자흐스탄,상용,2012-09-01,105.0
카자흐스탄,상용,2012-10-01,133.0
카자흐스탄,상용,2012-11-01,124.0
카자흐스탄,상용,2012-12-01,96.0
카자흐스탄,상용,2013-01-01,109.0
카자흐스탄,상용,2013-02-01,103.0
카자흐스탄,상용,2013-03-01,166.0
카자흐스탄,상용,2013-04-01,155.0
카자흐스탄,상용,2013-05-01,127.0
카자흐스탄,상용,2013-06-01,156.0
카자흐스탄,상용,2013-07-01,92.0
카자흐스탄,상용,2013-08-01,105.0
카자흐스탄,상용,2013-09-01,151.0
카자흐스탄,상용,2013-10-01,212.0
카자흐스탄,상용,2013-11-01,137.0
카자흐스탄,상용,2013-12-01,66.0
카자흐스탄,상용,2014-01-01,66.0
카자흐스탄,상용,2014-02-01,75.0
카자흐스탄,상용,2014-03-01,110.0
카자흐스탄,상용,2014-04-01,150.0
카자흐스탄,상용,2014-05-01,130.0
카자흐스탄,상용,2014-06-01,102.0
카자흐스탄,상용,2014-07-01,61.0
카자흐스탄,상용,2014-08-01,64.0
카자흐스탄,상용,2014-09-01,96.0
카자흐스탄,상용,2014-10-01,162.0
카자흐스탄,상용,2014-11-01,77.0
카자흐스탄,상용,2014-12-01,26.0
카자흐스탄,상용,2015-01-01,18.0
카자흐스탄,상용,2015-02-01,6.0
카자흐스탄,상용,2015-03-01,18.0
카자흐스탄,상용,2015-04-01,13.0
카자흐스탄,상용,2015-05-01,24.0
카자흐스탄,상용,2015-06-01,10.0
카자흐스탄,상용,2015-07-01,13.0
카자흐스탄,상용,2015-08-01,10.0
카자흐스탄,상용,2015-09-01,14.0
카자흐스탄,상용,2015-10-01,12.0
카자흐스탄,상용,2015-11-01,9.0
카자흐스탄,상용,2015-12-01,6.0
카자흐스탄,상용,2016-01-01,9.0
카자흐스탄,상용,2016-02-01,5.0
카자흐스탄,상용,2016-03-01,4.0
카자흐스탄,상용,2016-04-01,14.0
카자흐스탄,상용,2016-05-01,5.0
카자흐스탄,상용,2016-06-01,6.0
카자흐스탄,상용,2016-07-01,3.0
카자흐스탄,상용,2016-08-01,8.0
카자흐스탄,상용,2016-09-01,6.0
카자흐스탄,상용,2016-10-01,8.0
카자흐스탄,상용,2016-11-01,9.0
카자흐스탄,상용,2016-12-01,7.0
카자흐스탄,상용,2017-01-01,10.0
카자흐스탄,상용,2017-02-01,2.0
카자흐스탄,상용,2017-03-01,11.0
카자흐스탄,상용,2017-04-01,9.0
카자흐스탄,상용,2017-05-01,9.0
카자흐스탄,상용,2017-06-01,11.0
카자흐스탄,상용,2017-07-01,4.0
카자흐스탄,상용,2017-08-01,13.0
카자흐스탄,상용,2017-09-01,3.0
카자흐스탄,상용,2017-10-01,8.0
카자흐스탄,상용,2017-11-01,3.0
카자흐스탄,상용,2017-12-01,4.0
카자흐스탄,상용,2018-01-01,11.0
카자흐스탄,상용,2018-02-01,4.0
카자흐스탄,상용,2018-03-01,7.0
카자흐스탄,상용,2018-04-01,4.0
카자흐스탄,상용,2018-05-01,12.0
카자흐스탄,상용,2018-06-01,14.0
카자흐스탄,상용,2018-07-01,10.0
카자흐스탄,상용,2018-08-01,11.0
카자흐스탄,상용,2018-09-01,11.0
카자흐스탄,상용,2018-10-01,11.0
카자흐스탄,상용,2018-11-01,15.0
카자흐스탄,상용,2018-12-01,8.0
카자흐스탄,상용,2019-01-01,24.0
카자흐스탄,상용,2019-02-01,21.0
카자흐스탄,상용,2019-03-01,11.0
카자흐스탄,상용,2019-04-01,20.0
카자흐스탄,상용,2019-05-01,15.0
카자흐스탄,상용,2019-06-01,13.0
카자흐스탄,상용,2019-07-01,11.0
카자흐스탄,상용,2019-08-01,14.0
카자흐스탄,상용,2019-09-01,17.0
카자흐스탄,상용,2019-10-01,10.0
카자흐스탄,상용,2019-11-01,8.0
카자흐스탄,상용,2019-12-01,8.0
카자흐스탄,상용,2020-01-01,21.0
카자흐스탄,상용,2020-02-01,13.0
카자흐스탄,상용,2020-03-01,4.0
카자흐스탄,상용,2020-04-01,0.0
카자흐스탄,상용,2020-05-01,1.0
카자흐스탄,상용,2020-06-01,1.0
카자흐스탄,상용,2020-07-01,0.0
카자흐스탄,상용,2020-08-01,3.0
카자흐스탄,상용,2020-09-01,0.0
카자흐스탄,상용,2020-10-01,2.0
카자흐스탄,상용,2020-11-01,0.0
카자흐스탄,상용,2020-12-01,1.0
카자흐스탄,상용,2021-01-01,0.0
카자흐스탄,상용,2021-02-01,1.0
카자흐스탄,상용,2021-03-01,6.0
카자흐스탄,상용,2021-04-01,1.0
카자흐스탄,상용,2021-05-01,2.0
카자흐스탄,상용,2021-06-01,2.0
카자흐스탄,상용,2021-07-01,4.0
카자흐스탄,상용,2021-08-01,1.0
카자흐스탄,상용,2021-09-01,0.0
카자흐스탄,상용,2021-10-01,0.0
카자흐스탄,상용,2021-11-01,1.0
카자흐스탄,상용,2021-12-01,0.0
카자흐스탄,상용,2022-01-01,2.0
카자흐스탄,상용,2022-02-01,2.0
카자흐스탄,상용,2022-03-01,3.0
카자흐스탄,상용,2022-04-01,3.0
카자흐스탄,상용,2022-05-01,5.0
카자흐스탄,상용,2022-06-01,11.0
카자흐스탄,상용,2022-07-01,5.0
카자흐스탄,상용,2022-08-01,11.0
카자흐스탄,상용,2022-09-01,11.0
카자흐스탄,상용,2022-10-01,25.0
카자흐스탄,상용,2022-11-01,10.0
카자흐스탄,상용,2022-12-01,19.0
카자흐스탄,상용,2023-01-01,11.0
카자흐스탄,상용,2023-02-01,12.0
카자흐스탄,상용,2023-03-01,20.0
카자흐스탄,상용,2023-04-01,10.0
카자흐스탄,상용,2023-05-01,14.0
카자흐스탄,상용,2023-06-01,17.0
카자흐스탄,상용,2023-07-01,11.0
카자흐스탄,상용,2023-08-01,21.0
카자흐스탄,상용,2023-09-01,12.0
카자흐스탄,상용,2023-10-01,16.0
카자흐스탄,상용,2023-11-01,18.0
카자흐스탄,상용,2023-12-01,13.0
카자흐스탄,상용,2024-01-01,14.0
카자흐스탄,상용,2024-02-01,24.0
카자흐스탄,상용,2024-03-01,24.0
카자흐스탄,상용,2024-04-01,20.0
카자흐스탄,상용,2024-05-01,20.0
카자흐스탄,상용,2024-06-01,16.0
카자흐스탄,상용,2024-07-01,20.0
카자흐스탄,상용,2024-08-01,18.0
카자흐스탄,상용,2024-09-01,17.0
카자흐스탄,상용,2024-10-01,15.0
카자흐스탄,상용,2024-11-01,17.0
카자흐스탄,상용,2024-12-01,17.0
카자흐스탄,상용,2025-01-01,22.0
카자흐스탄,상용,2025-02-01,14.0
카자흐스탄,상용,2025-03-01,9.0
카자흐스탄,상용,2025-04-01,17.0
카자흐스탄,상용,2025-05-01,21.0
카자흐스탄,유학연수,2005-01-01,4.0
카자흐스탄,유학연수,2005-02-01,28.0
카자흐스탄,유학연수,2005-03-01,14.0
카자흐스탄,유학연수,2005-04-01,8.0
카자흐스탄,유학연수,2005-05-01,6.0
카자흐스탄,유학연수,2005-06-01,5.0
카자흐스탄,유학연수,2005-07-01,12.0
카자흐스탄,유학연수,2005-08-01,18.0
카자흐스탄,유학연수,2005-09-01,21.0
카자흐스탄,유학연수,2005-10-01,9.0
카자흐스탄,유학연수,2005-11-01,9.0
카자흐스탄,유학연수,2005-12-01,4.0
카자흐스탄,유학연수,2006-01-01,5.0
카자흐스탄,유학연수,2006-02-01,27.0
카자흐스탄,유학연수,2006-03-01,48.0
카자흐스탄,유학연수,2006-04-01,1.0
카자흐스탄,유학연수,2006-05-01,5.0
카자흐스탄,유학연수,2006-06-01,4.0
카자흐스탄,유학연수,2006-07-01,8.0
카자흐스탄,유학연수,2006-08-01,34.0
카자흐스탄,유학연수,2006-09-01,32.0
카자흐스탄,유학연수,2006-10-01,4.0
카자흐스탄,유학연수,2006-11-01,2.0
카자흐스탄,유학연수,2006-12-01,4.0
카자흐스탄,유학연수,2007-01-01,18.0
카자흐스탄,유학연수,2007-02-01,31.0
카자흐스탄,유학연수,2007-03-01,16.0
카자흐스탄,유학연수,2007-04-01,9.0
카자흐스탄,유학연수,2007-05-01,1.0
카자흐스탄,유학연수,2007-06-01,1.0
카자흐스탄,유학연수,2007-07-01,6.0
카자흐스탄,유학연수,2007-08-01,57.0
카자흐스탄,유학연수,2007-09-01,21.0
카자흐스탄,유학연수,2007-10-01,6.0
카자흐스탄,유학연수,2007-11-01,3.0
카자흐스탄,유학연수,2007-12-01,2.0
카자흐스탄,유학연수,2008-01-01,13.0
카자흐스탄,유학연수,2008-02-01,40.0
카자흐스탄,유학연수,2008-03-01,15.0
카자흐스탄,유학연수,2008-04-01,4.0
카자흐스탄,유학연수,2008-05-01,8.0
카자흐스탄,유학연수,2008-06-01,7.0
카자흐스탄,유학연수,2008-07-01,9.0
카자흐스탄,유학연수,2008-08-01,82.0
카자흐스탄,유학연수,2008-09-01,23.0
카자흐스탄,유학연수,2008-10-01,3.0
카자흐스탄,유학연수,2008-11-01,11.0
카자흐스탄,유학연수,2008-12-01,11.0
카자흐스탄,유학연수,2009-01-01,22.0
카자흐스탄,유학연수,2009-02-01,95.0
카자흐스탄,유학연수,2009-03-01,20.0
카자흐스탄,유학연수,2009-04-01,5.0
카자흐스탄,유학연수,2009-05-01,7.0
카자흐스탄,유학연수,2009-06-01,14.0
카자흐스탄,유학연수,2009-07-01,19.0
카자흐스탄,유학연수,2009-08-01,118.0
카자흐스탄,유학연수,2009-09-01,14.0
카자흐스탄,유학연수,2009-10-01,6.0
카자흐스탄,유학연수,2009-11-01,7.0
카자흐스탄,유학연수,2009-12-01,11.0
카자흐스탄,유학연수,2010-01-01,22.0
카자흐스탄,유학연수,2010-02-01,101.0
카자흐스탄,유학연수,2010-03-01,35.0
카자흐스탄,유학연수,2010-04-01,5.0
카자흐스탄,유학연수,2010-05-01,5.0
카자흐스탄,유학연수,2010-06-01,10.0
카자흐스탄,유학연수,2010-07-01,19.0
카자흐스탄,유학연수,2010-08-01,171.0
카자흐스탄,유학연수,2010-09-01,45.0
카자흐스탄,유학연수,2010-10-01,4.0
카자흐스탄,유학연수,2010-11-01,5.0
카자흐스탄,유학연수,2010-12-01,4.0
카자흐스탄,유학연수,2011-01-01,36.0
카자흐스탄,유학연수,2011-02-01,109.0
카자흐스탄,유학연수,2011-03-01,25.0
카자흐스탄,유학연수,2011-04-01,3.0
카자흐스탄,유학연수,2011-05-01,6.0
카자흐스탄,유학연수,2011-06-01,15.0
카자흐스탄,유학연수,2011-07-01,12.0
카자흐스탄,유학연수,2011-08-01,185.0
카자흐스탄,유학연수,2011-09-01,54.0
카자흐스탄,유학연수,2011-10-01,6.0
카자흐스탄,유학연수,2011-11-01,9.0
카자흐스탄,유학연수,2011-12-01,9.0
카자흐스탄,유학연수,2012-01-01,12.0
카자흐스탄,유학연수,2012-02-01,117.0
카자흐스탄,유학연수,2012-03-01,49.0
카자흐스탄,유학연수,2012-04-01,10.0
카자흐스탄,유학연수,2012-05-01,18.0
카자흐스탄,유학연수,2012-06-01,16.0
카자흐스탄,유학연수,2012-07-01,9.0
카자흐스탄,유학연수,2012-08-01,254.0
카자흐스탄,유학연수,2012-09-01,50.0
카자흐스탄,유학연수,2012-10-01,12.0
카자흐스탄,유학연수,2012-11-01,9.0
카자흐스탄,유학연수,2012-12-01,12.0
카자흐스탄,유학연수,2013-01-01,38.0
카자흐스탄,유학연수,2013-02-01,188.0
카자흐스탄,유학연수,2013-03-01,81.0
카자흐스탄,유학연수,2013-04-01,6.0
카자흐스탄,유학연수,2013-05-01,12.0
카자흐스탄,유학연수,2013-06-01,54.0
카자흐스탄,유학연수,2013-07-01,34.0
카자흐스탄,유학연수,2013-08-01,299.0
카자흐스탄,유학연수,2013-09-01,77.0
카자흐스탄,유학연수,2013-10-01,8.0
카자흐스탄,유학연수,2013-11-01,17.0
카자흐스탄,유학연수,2013-12-01,21.0
카자흐스탄,유학연수,2014-01-01,63.0
카자흐스탄,유학연수,2014-02-01,183.0
카자흐스탄,유학연수,2014-03-01,136.0
카자흐스탄,유학연수,2014-04-01,7.0
카자흐스탄,유학연수,2014-05-01,29.0
카자흐스탄,유학연수,2014-06-01,78.0
카자흐스탄,유학연수,2014-07-01,27.0
카자흐스탄,유학연수,2014-08-01,391.0
카자흐스탄,유학연수,2014-09-01,84.0
카자흐스탄,유학연수,2014-10-01,7.0
카자흐스탄,유학연수,2014-11-01,22.0
카자흐스탄,유학연수,2014-12-01,48.0
카자흐스탄,유학연수,2015-01-01,44.0
카자흐스탄,유학연수,2015-02-01,360.0
카자흐스탄,유학연수,2015-03-01,80.0
카자흐스탄,유학연수,2015-04-01,16.0
카자흐스탄,유학연수,2015-05-01,23.0
카자흐스탄,유학연수,2015-06-01,68.0
카자흐스탄,유학연수,2015-07-01,50.0
카자흐스탄,유학연수,2015-08-01,469.0
카자흐스탄,유학연수,2015-09-01,97.0
카자흐스탄,유학연수,2015-10-01,18.0
카자흐스탄,유학연수,2015-11-01,24.0
카자흐스탄,유학연수,2015-12-01,44.0
카자흐스탄,유학연수,2016-01-01,80.0
카자흐스탄,유학연수,2016-02-01,320.0
카자흐스탄,유학연수,2016-03-01,106.0
카자흐스탄,유학연수,2016-04-01,9.0
카자흐스탄,유학연수,2016-05-01,16.0
카자흐스탄,유학연수,2016-06-01,54.0
카자흐스탄,유학연수,2016-07-01,52.0
카자흐스탄,유학연수,2016-08-01,510.0
카자흐스탄,유학연수,2016-09-01,104.0
카자흐스탄,유학연수,2016-10-01,12.0
카자흐스탄,유학연수,2016-11-01,18.0
카자흐스탄,유학연수,2016-12-01,36.0
카자흐스탄,유학연수,2017-01-01,69.0
카자흐스탄,유학연수,2017-02-01,372.0
카자흐스탄,유학연수,2017-03-01,123.0
카자흐스탄,유학연수,2017-04-01,17.0
카자흐스탄,유학연수,2017-05-01,37.0
카자흐스탄,유학연수,2017-06-01,49.0
카자흐스탄,유학연수,2017-07-01,132.0
카자흐스탄,유학연수,2017-08-01,531.0
카자흐스탄,유학연수,2017-09-01,116.0
카자흐스탄,유학연수,2017-10-01,29.0
카자흐스탄,유학연수,2017-11-01,28.0
카자흐스탄,유학연수,2017-12-01,47.0
카자흐스탄,유학연수,2018-01-01,95.0
카자흐스탄,유학연수,2018-02-01,426.0
카자흐스탄,유학연수,2018-03-01,127.0
카자흐스탄,유학연수,2018-04-01,22.0
카자흐스탄,유학연수,2018-05-01,33.0
카자흐스탄,유학연수,2018-06-01,107.0
카자흐스탄,유학연수,2018-07-01,79.0
카자흐스탄,유학연수,2018-08-01,545.0
카자흐스탄,유학연수,2018-09-01,159.0
카자흐스탄,유학연수,2018-10-01,24.0
카자흐스탄,유학연수,2018-11-01,33.0
카자흐스탄,유학연수,2018-12-01,55.0
카자흐스탄,유학연수,2019-01-01,92.0
카자흐스탄,유학연수,2019-02-01,404.0
카자흐스탄,유학연수,2019-03-01,178.0
카자흐스탄,유학연수,2019-04-01,17.0
카자흐스탄,유학연수,2019-05-01,38.0
카자흐스탄,유학연수,2019-06-01,98.0
카자흐스탄,유학연수,2019-07-01,81.0
카자흐스탄,유학연수,2019-08-01,611.0
카자흐스탄,유학연수,2019-09-01,179.0
카자흐스탄,유학연수,2019-10-01,30.0
카자흐스탄,유학연수,2019-11-01,37.0
카자흐스탄,유학연수,2019-12-01,57.0
카자흐스탄,유학연수,2020-01-01,130.0
카자흐스탄,유학연수,2020-02-01,171.0
카자흐스탄,유학연수,2020-03-01,95.0
카자흐스탄,유학연수,2020-04-01,4.0
카자흐스탄,유학연수,2020-05-01,2.0
카자흐스탄,유학연수,2020-06-01,11.0
카자흐스탄,유학연수,2020-07-01,7.0
카자흐스탄,유학연수,2020-08-01,30.0
카자흐스탄,유학연수,2020-09-01,22.0
카자흐스탄,유학연수,2020-10-01,4.0
카자흐스탄,유학연수,2020-11-01,5.0
카자흐스탄,유학연수,2020-12-01,13.0
카자흐스탄,유학연수,2021-01-01,45.0
카자흐스탄,유학연수,2021-02-01,208.0
카자흐스탄,유학연수,2021-03-01,56.0
카자흐스탄,유학연수,2021-04-01,27.0
카자흐스탄,유학연수,2021-05-01,20.0
카자흐스탄,유학연수,2021-06-01,25.0
카자흐스탄,유학연수,2021-07-01,12.0
카자흐스탄,유학연수,2021-08-01,269.0
카자흐스탄,유학연수,2021-09-01,134.0
카자흐스탄,유학연수,2021-10-01,2.0
카자흐스탄,유학연수,2021-11-01,6.0
카자흐스탄,유학연수,2021-12-01,4.0
카자흐스탄,유학연수,2022-01-01,31.0
카자흐스탄,유학연수,2022-02-01,143.0
카자흐스탄,유학연수,2022-03-01,19.0
카자흐스탄,유학연수,2022-04-01,26.0
카자흐스탄,유학연수,2022-05-01,49.0
카자흐스탄,유학연수,2022-06-01,70.0
카자흐스탄,유학연수,2022-07-01,61.0
카자흐스탄,유학연수,2022-08-01,575.0
카자흐스탄,유학연수,2022-09-01,139.0
카자흐스탄,유학연수,2022-10-01,14.0
카자흐스탄,유학연수,2022-11-01,38.0
카자흐스탄,유학연수,2022-12-01,50.0
카자흐스탄,유학연수,2023-01-01,108.0
카자흐스탄,유학연수,2023-02-01,372.0
카자흐스탄,유학연수,2023-03-01,135.0
카자흐스탄,유학연수,2023-04-01,14.0
카자흐스탄,유학연수,2023-05-01,43.0
카자흐스탄,유학연수,2023-06-01,77.0
카자흐스탄,유학연수,2023-07-01,113.0
카자흐스탄,유학연수,2023-08-01,639.0
카자흐스탄,유학연수,2023-09-01,246.0
카자흐스탄,유학연수,2023-10-01,35.0
카자흐스탄,유학연수,2023-11-01,46.0
카자흐스탄,유학연수,2023-12-01,100.0
카자흐스탄,유학연수,2024-01-01,151.0
카자흐스탄,유학연수,2024-02-01,497.0
카자흐스탄,유학연수,2024-03-01,228.0
카자흐스탄,유학연수,2024-04-01,29.0
카자흐스탄,유학연수,2024-05-01,40.0
카자흐스탄,유학연수,2024-06-01,77.0
카자흐스탄,유학연수,2024-07-01,106.0
카자흐스탄,유학연수,2024-08-01,868.0
카자흐스탄,유학연수,2024-09-01,285.0
카자흐스탄,유학연수,2024-10-01,24.0
카자흐스탄,유학연수,2024-11-01,76.0
카자흐스탄,유학연수,2024-12-01,104.0
카자흐스탄,유학연수,2025-01-01,160.0
카자흐스탄,유학연수,2025-02-01,620.0
카자흐스탄,유학연수,2025-03-01,340.0
카자흐스탄,유학연수,2025-04-01,73.0
카자흐스탄,유학연수,2025-05-01,110.0
캐나다,공용,2005-01-01,8.0
캐나다,공용,2005-02-01,8.0
캐나다,공용,2005-03-01,6.0
캐나다,공용,2005-04-01,4.0
캐나다,공용,2005-05-01,4.0
캐나다,공용,2005-06-01,4.0
캐나다,공용,2005-07-01,12.0
캐나다,공용,2005-08-01,12.0
캐나다,공용,2005-09-01,4.0
캐나다,공용,2005-10-01,17.0
캐나다,공용,2005-11-01,53.0
캐나다,공용,2005-12-01,2.0
캐나다,공용,2006-01-01,8.0
캐나다,공용,2006-02-01,9.0
캐나다,공용,2006-03-01,3.0
캐나다,공용,2006-04-01,3.0
캐나다,공용,2006-05-01,5.0
캐나다,공용,2006-06-01,11.0
캐나다,공용,2006-07-01,15.0
캐나다,공용,2006-08-01,8.0
캐나다,공용,2006-09-01,4.0
캐나다,공용,2006-10-01,15.0
캐나다,공용,2006-11-01,6.0
캐나다,공용,2006-12-01,11.0
캐나다,공용,2007-01-01,1.0
캐나다,공용,2007-02-01,3.0
캐나다,공용,2007-03-01,7.0
캐나다,공용,2007-04-01,10.0
캐나다,공용,2007-05-01,5.0
캐나다,공용,2007-06-01,6.0
캐나다,공용,2007-07-01,20.0
캐나다,공용,2007-08-01,11.0
캐나다,공용,2007-09-01,4.0
캐나다,공용,2007-10-01,3.0
캐나다,공용,2007-11-01,5.0
캐나다,공용,2007-12-01,5.0
캐나다,공용,2008-01-01,4.0
캐나다,공용,2008-02-01,9.0
캐나다,공용,2008-03-01,16.0
캐나다,공용,2008-04-01,4.0
캐나다,공용,2008-05-01,11.0
캐나다,공용,2008-06-01,3.0
캐나다,공용,2008-07-01,5.0
캐나다,공용,2008-08-01,6.0
캐나다,공용,2008-09-01,5.0
캐나다,공용,2008-10-01,0.0
캐나다,공용,2008-11-01,5.0
캐나다,공용,2008-12-01,12.0
캐나다,공용,2009-01-01,5.0
캐나다,공용,2009-02-01,0.0
캐나다,공용,2009-03-01,16.0
캐나다,공용,2009-04-01,4.0
캐나다,공용,2009-05-01,3.0
캐나다,공용,2009-06-01,8.0
캐나다,공용,2009-07-01,3.0
캐나다,공용,2009-08-01,3.0
캐나다,공용,2009-09-01,5.0
캐나다,공용,2009-10-01,7.0
캐나다,공용,2009-11-01,4.0
캐나다,공용,2009-12-01,9.0
캐나다,공용,2010-01-01,4.0
캐나다,공용,2010-02-01,1.0
캐나다,공용,2010-03-01,6.0
캐나다,공용,2010-04-01,5.0
캐나다,공용,2010-05-01,7.0
캐나다,공용,2010-06-01,5.0
캐나다,공용,2010-07-01,6.0
캐나다,공용,2010-08-01,9.0
캐나다,공용,2010-09-01,3.0
캐나다,공용,2010-10-01,0.0
캐나다,공용,2010-11-01,3.0
캐나다,공용,2010-12-01,6.0
캐나다,공용,2011-01-01,4.0
캐나다,공용,2011-02-01,7.0
캐나다,공용,2011-03-01,2.0
캐나다,공용,2011-04-01,2.0
캐나다,공용,2011-05-01,4.0
캐나다,공용,2011-06-01,3.0
캐나다,공용,2011-07-01,7.0
캐나다,공용,2011-08-01,8.0
캐나다,공용,2011-09-01,3.0
캐나다,공용,2011-10-01,4.0
캐나다,공용,2011-11-01,16.0
캐나다,공용,2011-12-01,4.0
캐나다,공용,2012-01-01,5.0
캐나다,공용,2012-02-01,8.0
캐나다,공용,2012-03-01,30.0
캐나다,공용,2012-04-01,4.0
캐나다,공용,2012-05-01,7.0
캐나다,공용,2012-06-01,5.0
캐나다,공용,2012-07-01,12.0
캐나다,공용,2012-08-01,12.0
캐나다,공용,2012-09-01,16.0
캐나다,공용,2012-10-01,3.0
캐나다,공용,2012-11-01,6.0
캐나다,공용,2012-12-01,7.0
캐나다,공용,2013-01-01,5.0
캐나다,공용,2013-02-01,11.0
캐나다,공용,2013-03-01,11.0
캐나다,공용,2013-04-01,3.0
캐나다,공용,2013-05-01,9.0
캐나다,공용,2013-06-01,4.0
캐나다,공용,2013-07-01,6.0
캐나다,공용,2013-08-01,7.0
캐나다,공용,2013-09-01,12.0
캐나다,공용,2013-10-01,10.0
캐나다,공용,2013-11-01,8.0
캐나다,공용,2013-12-01,13.0
캐나다,공용,2014-01-01,7.0
캐나다,공용,2014-02-01,6.0
캐나다,공용,2014-03-01,9.0
캐나다,공용,2014-04-01,8.0
캐나다,공용,2014-05-01,4.0
캐나다,공용,2014-06-01,5.0
캐나다,공용,2014-07-01,5.0
캐나다,공용,2014-08-01,17.0
캐나다,공용,2014-09-01,7.0
캐나다,공용,2014-10-01,11.0
캐나다,공용,2014-11-01,9.0
캐나다,공용,2014-12-01,14.0
캐나다,공용,2015-01-01,12.0
캐나다,공용,2015-02-01,9.0
캐나다,공용,2015-03-01,6.0
캐나다,공용,2015-04-01,9.0
캐나다,공용,2015-05-01,9.0
캐나다,공용,2015-06-01,5.0
캐나다,공용,2015-07-01,15.0
캐나다,공용,2015-08-01,11.0
캐나다,공용,2015-09-01,6.0
캐나다,공용,2015-10-01,14.0
캐나다,공용,2015-11-01,9.0
캐나다,공용,2015-12-01,5.0
캐나다,공용,2016-01-01,18.0
캐나다,공용,2016-02-01,6.0
캐나다,공용,2016-03-01,5.0
캐나다,공용,2016-04-01,19.0
캐나다,공용,2016-05-01,12.0
캐나다,공용,2016-06-01,18.0
캐나다,공용,2016-07-01,10.0
캐나다,공용,2016-08-01,69.0
캐나다,공용,2016-09-01,24.0
캐나다,공용,2016-10-01,14.0
캐나다,공용,2016-11-01,11.0
캐나다,공용,2016-12-01,17.0
캐나다,공용,2017-01-01,19.0
캐나다,공용,2017-02-01,9.0
캐나다,공용,2017-03-01,14.0
캐나다,공용,2017-04-01,15.0
캐나다,공용,2017-05-01,16.0
캐나다,공용,2017-06-01,22.0
캐나다,공용,2017-07-01,43.0
캐나다,공용,2017-08-01,16.0
캐나다,공용,2017-09-01,18.0
캐나다,공용,2017-10-01,19.0
캐나다,공용,2017-11-01,13.0
캐나다,공용,2017-12-01,17.0
캐나다,공용,2018-01-01,26.0
캐나다,공용,2018-02-01,11.0
캐나다,공용,2018-03-01,16.0
캐나다,공용,2018-04-01,32.0
캐나다,공용,2018-05-01,19.0
캐나다,공용,2018-06-01,23.0
캐나다,공용,2018-07-01,25.0
캐나다,공용,2018-08-01,22.0
캐나다,공용,2018-09-01,21.0
캐나다,공용,2018-10-01,28.0
캐나다,공용,2018-11-01,41.0
캐나다,공용,2018-12-01,36.0
캐나다,공용,2019-01-01,30.0
캐나다,공용,2019-02-01,27.0
캐나다,공용,2019-03-01,38.0
캐나다,공용,2019-04-01,43.0
캐나다,공용,2019-05-01,27.0
캐나다,공용,2019-06-01,26.0
캐나다,공용,2019-07-01,37.0
캐나다,공용,2019-08-01,34.0
캐나다,공용,2019-09-01,39.0
캐나다,공용,2019-10-01,33.0
캐나다,공용,2019-11-01,30.0
캐나다,공용,2019-12-01,30.0
캐나다,공용,2020-01-01,33.0
캐나다,공용,2020-02-01,22.0
캐나다,공용,2020-03-01,9.0
캐나다,공용,2020-04-01,0.0
캐나다,공용,2020-05-01,1.0
캐나다,공용,2020-06-01,1.0
캐나다,공용,2020-07-01,1.0
캐나다,공용,2020-08-01,3.0
캐나다,공용,2020-09-01,1.0
캐나다,공용,2020-10-01,1.0
캐나다,공용,2020-11-01,4.0
캐나다,공용,2020-12-01,4.0
캐나다,공용,2021-01-01,9.0
캐나다,공용,2021-02-01,2.0
캐나다,공용,2021-03-01,4.0
캐나다,공용,2021-04-01,1.0
캐나다,공용,2021-05-01,6.0
캐나다,공용,2021-06-01,4.0
캐나다,공용,2021-07-01,3.0
캐나다,공용,2021-08-01,16.0
캐나다,공용,2021-09-01,4.0
캐나다,공용,2021-10-01,6.0
캐나다,공용,2021-11-01,12.0
캐나다,공용,2021-12-01,2.0
캐나다,공용,2022-01-01,13.0
캐나다,공용,2022-02-01,6.0
캐나다,공용,2022-03-01,4.0
캐나다,공용,2022-04-01,24.0
캐나다,공용,2022-05-01,11.0
캐나다,공용,2022-06-01,9.0
캐나다,공용,2022-07-01,14.0
캐나다,공용,2022-08-01,12.0
캐나다,공용,2022-09-01,13.0
캐나다,공용,2022-10-01,13.0
캐나다,공용,2022-11-01,13.0
캐나다,공용,2022-12-01,11.0
캐나다,공용,2023-01-01,24.0
캐나다,공용,2023-02-01,28.0
캐나다,공용,2023-03-01,59.0
캐나다,공용,2023-04-01,31.0
캐나다,공용,2023-05-01,59.0
캐나다,공용,2023-06-01,33.0
캐나다,공용,2023-07-01,35.0
캐나다,공용,2023-08-01,33.0
캐나다,공용,2023-09-01,34.0
캐나다,공용,2023-10-01,70.0
캐나다,공용,2023-11-01,31.0
캐나다,공용,2023-12-01,30.0
캐나다,공용,2024-01-01,34.0
캐나다,공용,2024-02-01,44.0
캐나다,공용,2024-03-01,50.0
캐나다,공용,2024-04-01,25.0
캐나다,공용,2024-05-01,28.0
캐나다,공용,2024-06-01,46.0
캐나다,공용,2024-07-01,33.0
캐나다,공용,2024-08-01,31.0
캐나다,공용,2024-09-01,31.0
캐나다,공용,2024-10-01,40.0
캐나다,공용,2024-11-01,56.0
캐나다,공용,2024-12-01,33.0
캐나다,공용,2025-01-01,35.0
캐나다,공용,2025-02-01,65.0
캐나다,공용,2025-03-01,69.0
캐나다,공용,2025-04-01,30.0
캐나다,공용,2025-05-01,39.0
캐나다,관광,2005-01-01,3657.0
캐나다,관광,2005-02-01,4028.0
캐나다,관광,2005-03-01,5419.0
캐나다,관광,2005-04-01,5946.0
캐나다,관광,2005-05-01,5339.0
캐나다,관광,2005-06-01,4421.0
캐나다,관광,2005-07-01,5507.0
캐나다,관광,2005-08-01,4560.0
캐나다,관광,2005-09-01,4725.0
캐나다,관광,2005-10-01,6508.0
캐나다,관광,2005-11-01,5218.0
캐나다,관광,2005-12-01,5025.0
캐나다,관광,2006-01-01,4236.0
캐나다,관광,2006-02-01,3952.0
캐나다,관광,2006-03-01,5643.0
캐나다,관광,2006-04-01,5906.0
캐나다,관광,2006-05-01,6334.0
캐나다,관광,2006-06-01,5160.0
캐나다,관광,2006-07-01,5915.0
캐나다,관광,2006-08-01,5383.0
캐나다,관광,2006-09-01,5289.0
캐나다,관광,2006-10-01,6683.0
캐나다,관광,2006-11-01,5742.0
캐나다,관광,2006-12-01,4680.0
캐나다,관광,2007-01-01,4173.0
캐나다,관광,2007-02-01,4226.0
캐나다,관광,2007-03-01,5851.0
캐나다,관광,2007-04-01,6202.0
캐나다,관광,2007-05-01,6227.0
캐나다,관광,2007-06-01,5154.0
캐나다,관광,2007-07-01,6403.0
캐나다,관광,2007-08-01,5005.0
캐나다,관광,2007-09-01,5439.0
캐나다,관광,2007-10-01,6484.0
캐나다,관광,2007-11-01,5179.0
캐나다,관광,2007-12-01,5316.0
캐나다,관광,2008-01-01,4135.0
캐나다,관광,2008-02-01,4293.0
캐나다,관광,2008-03-01,6079.0
캐나다,관광,2008-04-01,6354.0
캐나다,관광,2008-05-01,7138.0
캐나다,관광,2008-06-01,5570.0
캐나다,관광,2008-07-01,7518.0
캐나다,관광,2008-08-01,5136.0
캐나다,관광,2008-09-01,5801.0
캐나다,관광,2008-10-01,6709.0
캐나다,관광,2008-11-01,5536.0
캐나다,관광,2008-12-01,5812.0
캐나다,관광,2009-01-01,4826.0
캐나다,관광,2009-02-01,4525.0
캐나다,관광,2009-03-01,6982.0
캐나다,관광,2009-04-01,7285.0
캐나다,관광,2009-05-01,6943.0
캐나다,관광,2009-06-01,5787.0
캐나다,관광,2009-07-01,6911.0
캐나다,관광,2009-08-01,6264.0
캐나다,관광,2009-09-01,6057.0
캐나다,관광,2009-10-01,8474.0
캐나다,관광,2009-11-01,6143.0
캐나다,관광,2009-12-01,6057.0
캐나다,관광,2010-01-01,4912.0
캐나다,관광,2010-02-01,5033.0
캐나다,관광,2010-03-01,7205.0
캐나다,관광,2010-04-01,8127.0
캐나다,관광,2010-05-01,7899.0
캐나다,관광,2010-06-01,6579.0
캐나다,관광,2010-07-01,7983.0
캐나다,관광,2010-08-01,6454.0
캐나다,관광,2010-09-01,7360.0
캐나다,관광,2010-10-01,8929.0
캐나다,관광,2010-11-01,7207.0
캐나다,관광,2010-12-01,5612.0
캐나다,관광,2011-01-01,4694.0
캐나다,관광,2011-02-01,4614.0
캐나다,관광,2011-03-01,7073.0
캐나다,관광,2011-04-01,8360.0
캐나다,관광,2011-05-01,8421.0
캐나다,관광,2011-06-01,6675.0
캐나다,관광,2011-07-01,7420.0
캐나다,관광,2011-08-01,6454.0
캐나다,관광,2011-09-01,6858.0
캐나다,관광,2011-10-01,9576.0
캐나다,관광,2011-11-01,7392.0
캐나다,관광,2011-12-01,6496.0
캐나다,관광,2012-01-01,5363.0
캐나다,관광,2012-02-01,6190.0
캐나다,관광,2012-03-01,7948.0
캐나다,관광,2012-04-01,9858.0
캐나다,관광,2012-05-01,8958.0
캐나다,관광,2012-06-01,7142.0
캐나다,관광,2012-07-01,8209.0
캐나다,관광,2012-08-01,6552.0
캐나다,관광,2012-09-01,7637.0
캐나다,관광,2012-10-01,9106.0
캐나다,관광,2012-11-01,7204.0
캐나다,관광,2012-12-01,6693.0
캐나다,관광,2013-01-01,5549.0
캐나다,관광,2013-02-01,5545.0
캐나다,관광,2013-03-01,8578.0
캐나다,관광,2013-04-01,8673.0
캐나다,관광,2013-05-01,8631.0
캐나다,관광,2013-06-01,8114.0
캐나다,관광,2013-07-01,7976.0
캐나다,관광,2013-08-01,7156.0
캐나다,관광,2013-09-01,7832.0
캐나다,관광,2013-10-01,9737.0
캐나다,관광,2013-11-01,7178.0
캐나다,관광,2013-12-01,6873.0
캐나다,관광,2014-01-01,5649.0
캐나다,관광,2014-02-01,5433.0
캐나다,관광,2014-03-01,8753.0
캐나다,관광,2014-04-01,10081.0
캐나다,관광,2014-05-01,9492.0
캐나다,관광,2014-06-01,8560.0
캐나다,관광,2014-07-01,9116.0
캐나다,관광,2014-08-01,7609.0
캐나다,관광,2014-09-01,9896.0
캐나다,관광,2014-10-01,11479.0
캐나다,관광,2014-11-01,9555.0
캐나다,관광,2014-12-01,8157.0
캐나다,관광,2015-01-01,6155.0
캐나다,관광,2015-02-01,6705.0
캐나다,관광,2015-03-01,10804.0
캐나다,관광,2015-04-01,12496.0
캐나다,관광,2015-05-01,11028.0
캐나다,관광,2015-06-01,6125.0
캐나다,관광,2015-07-01,6365.0
캐나다,관광,2015-08-01,7067.0
캐나다,관광,2015-09-01,8551.0
캐나다,관광,2015-10-01,10826.0
캐나다,관광,2015-11-01,9372.0
캐나다,관광,2015-12-01,8145.0
캐나다,관광,2016-01-01,6528.0
캐나다,관광,2016-02-01,6728.0
캐나다,관광,2016-03-01,11302.0
캐나다,관광,2016-04-01,12333.0
캐나다,관광,2016-05-01,12124.0
캐나다,관광,2016-06-01,10375.0
캐나다,관광,2016-07-01,11504.0
캐나다,관광,2016-08-01,10049.0
캐나다,관광,2016-09-01,11669.0
캐나다,관광,2016-10-01,14663.0
캐나다,관광,2016-11-01,11801.0
캐나다,관광,2016-12-01,9592.0
캐나다,관광,2017-01-01,7766.0
캐나다,관광,2017-02-01,7591.0
캐나다,관광,2017-03-01,12425.0
캐나다,관광,2017-04-01,13914.0
캐나다,관광,2017-05-01,12377.0
캐나다,관광,2017-06-01,9834.0
캐나다,관광,2017-07-01,10568.0
캐나다,관광,2017-08-01,9734.0
캐나다,관광,2017-09-01,10158.0
캐나다,관광,2017-10-01,12450.0
캐나다,관광,2017-11-01,9726.0
캐나다,관광,2017-12-01,8994.0
캐나다,관광,2018-01-01,7850.0
캐나다,관광,2018-02-01,12033.0
캐나다,관광,2018-03-01,14737.0
캐나다,관광,2018-04-01,14674.0
캐나다,관광,2018-05-01,14336.0
캐나다,관광,2018-06-01,10665.0
캐나다,관광,2018-07-01,11051.0
캐나다,관광,2018-08-01,9819.0
캐나다,관광,2018-09-01,11153.0
캐나다,관광,2018-10-01,15712.0
캐나다,관광,2018-11-01,11415.0
캐나다,관광,2018-12-01,9909.0
캐나다,관광,2019-01-01,8034.0
캐나다,관광,2019-02-01,8888.0
캐나다,관광,2019-03-01,14313.0
캐나다,관광,2019-04-01,17275.0
캐나다,관광,2019-05-01,15237.0
캐나다,관광,2019-06-01,12012.0
캐나다,관광,2019-07-01,11868.0
캐나다,관광,2019-08-01,11304.0
캐나다,관광,2019-09-01,13449.0
캐나다,관광,2019-10-01,15841.0
캐나다,관광,2019-11-01,13236.0
캐나다,관광,2019-12-01,11377.0
캐나다,관광,2020-01-01,8793.0
캐나다,관광,2020-02-01,5834.0
캐나다,관광,2020-03-01,1022.0
캐나다,관광,2020-04-01,135.0
캐나다,관광,2020-05-01,58.0
캐나다,관광,2020-06-01,114.0
캐나다,관광,2020-07-01,97.0
캐나다,관광,2020-08-01,90.0
캐나다,관광,2020-09-01,76.0
캐나다,관광,2020-10-01,71.0
캐나다,관광,2020-11-01,77.0
캐나다,관광,2020-12-01,61.0
캐나다,관광,2021-01-01,51.0
캐나다,관광,2021-02-01,40.0
캐나다,관광,2021-03-01,42.0
캐나다,관광,2021-04-01,52.0
캐나다,관광,2021-05-01,85.0
캐나다,관광,2021-06-01,99.0
캐나다,관광,2021-07-01,196.0
캐나다,관광,2021-08-01,267.0
캐나다,관광,2021-09-01,353.0
캐나다,관광,2021-10-01,495.0
캐나다,관광,2021-11-01,476.0
캐나다,관광,2021-12-01,401.0
캐나다,관광,2022-01-01,171.0
캐나다,관광,2022-02-01,205.0
캐나다,관광,2022-03-01,293.0
캐나다,관광,2022-04-01,3012.0
캐나다,관광,2022-05-01,4345.0
캐나다,관광,2022-06-01,4482.0
캐나다,관광,2022-07-01,5744.0
캐나다,관광,2022-08-01,4613.0
캐나다,관광,2022-09-01,8043.0
캐나다,관광,2022-10-01,9772.0
캐나다,관광,2022-11-01,7796.0
캐나다,관광,2022-12-01,8052.0
캐나다,관광,2023-01-01,5837.0
캐나다,관광,2023-02-01,6009.0
캐나다,관광,2023-03-01,13541.0
캐나다,관광,2023-04-01,17503.0
캐나다,관광,2023-05-01,15931.0
캐나다,관광,2023-06-01,11897.0
캐나다,관광,2023-07-01,14550.0
캐나다,관광,2023-08-01,12344.0
캐나다,관광,2023-09-01,15011.0
캐나다,관광,2023-10-01,18312.0
캐나다,관광,2023-11-01,15578.0
캐나다,관광,2023-12-01,10765.0
캐나다,관광,2024-01-01,9558.0
캐나다,관광,2024-02-01,9817.0
캐나다,관광,2024-03-01,18866.0
캐나다,관광,2024-04-01,20708.0
캐나다,관광,2024-05-01,20665.0
캐나다,관광,2024-06-01,16349.0
캐나다,관광,2024-07-01,19636.0
캐나다,관광,2024-08-01,18179.0
캐나다,관광,2024-09-01,18086.0
캐나다,관광,2024-10-01,24132.0
캐나다,관광,2024-11-01,14867.0
캐나다,관광,2024-12-01,12493.0
캐나다,관광,2025-01-01,9908.0
캐나다,관광,2025-02-01,10333.0
캐나다,관광,2025-03-01,20831.0
캐나다,관광,2025-04-01,26719.0
캐나다,관광,2025-05-01,23364.0
캐나다,상용,2005-01-01,149.0
캐나다,상용,2005-02-01,104.0
캐나다,상용,2005-03-01,126.0
캐나다,상용,2005-04-01,135.0
캐나다,상용,2005-05-01,127.0
캐나다,상용,2005-06-01,114.0
캐나다,상용,2005-07-01,101.0
캐나다,상용,2005-08-01,133.0
캐나다,상용,2005-09-01,144.0
캐나다,상용,2005-10-01,138.0
캐나다,상용,2005-11-01,116.0
캐나다,상용,2005-12-01,108.0
캐나다,상용,2006-01-01,136.0
캐나다,상용,2006-02-01,151.0
캐나다,상용,2006-03-01,120.0
캐나다,상용,2006-04-01,135.0
캐나다,상용,2006-05-01,122.0
캐나다,상용,2006-06-01,79.0
캐나다,상용,2006-07-01,97.0
캐나다,상용,2006-08-01,86.0
캐나다,상용,2006-09-01,103.0
캐나다,상용,2006-10-01,118.0
캐나다,상용,2006-11-01,90.0
캐나다,상용,2006-12-01,93.0
캐나다,상용,2007-01-01,133.0
캐나다,상용,2007-02-01,89.0
캐나다,상용,2007-03-01,112.0
캐나다,상용,2007-04-01,115.0
캐나다,상용,2007-05-01,116.0
캐나다,상용,2007-06-01,119.0
캐나다,상용,2007-07-01,95.0
캐나다,상용,2007-08-01,108.0
캐나다,상용,2007-09-01,117.0
캐나다,상용,2007-10-01,133.0
캐나다,상용,2007-11-01,110.0
캐나다,상용,2007-12-01,93.0
캐나다,상용,2008-01-01,133.0
캐나다,상용,2008-02-01,120.0
캐나다,상용,2008-03-01,128.0
캐나다,상용,2008-04-01,117.0
캐나다,상용,2008-05-01,129.0
캐나다,상용,2008-06-01,126.0
캐나다,상용,2008-07-01,122.0
캐나다,상용,2008-08-01,163.0
캐나다,상용,2008-09-01,113.0
캐나다,상용,2008-10-01,120.0
캐나다,상용,2008-11-01,103.0
캐나다,상용,2008-12-01,83.0
캐나다,상용,2009-01-01,125.0
캐나다,상용,2009-02-01,103.0
캐나다,상용,2009-03-01,114.0
캐나다,상용,2009-04-01,106.0
캐나다,상용,2009-05-01,102.0
캐나다,상용,2009-06-01,80.0
캐나다,상용,2009-07-01,61.0
캐나다,상용,2009-08-01,72.0
캐나다,상용,2009-09-01,64.0
캐나다,상용,2009-10-01,77.0
캐나다,상용,2009-11-01,70.0
캐나다,상용,2009-12-01,66.0
캐나다,상용,2010-01-01,96.0
캐나다,상용,2010-02-01,68.0
캐나다,상용,2010-03-01,117.0
캐나다,상용,2010-04-01,116.0
캐나다,상용,2010-05-01,108.0
캐나다,상용,2010-06-01,111.0
캐나다,상용,2010-07-01,92.0
캐나다,상용,2010-08-01,128.0
캐나다,상용,2010-09-01,110.0
캐나다,상용,2010-10-01,118.0
캐나다,상용,2010-11-01,133.0
캐나다,상용,2010-12-01,89.0
캐나다,상용,2011-01-01,108.0
캐나다,상용,2011-02-01,98.0
캐나다,상용,2011-03-01,104.0
캐나다,상용,2011-04-01,71.0
캐나다,상용,2011-05-01,97.0
캐나다,상용,2011-06-01,104.0
캐나다,상용,2011-07-01,79.0
캐나다,상용,2011-08-01,93.0
캐나다,상용,2011-09-01,88.0
캐나다,상용,2011-10-01,79.0
캐나다,상용,2011-11-01,77.0
캐나다,상용,2011-12-01,63.0
캐나다,상용,2012-01-01,88.0
캐나다,상용,2012-02-01,84.0
캐나다,상용,2012-03-01,73.0
캐나다,상용,2012-04-01,75.0
캐나다,상용,2012-05-01,74.0
캐나다,상용,2012-06-01,66.0
캐나다,상용,2012-07-01,77.0
캐나다,상용,2012-08-01,75.0
캐나다,상용,2012-09-01,63.0
캐나다,상용,2012-10-01,69.0
캐나다,상용,2012-11-01,61.0
캐나다,상용,2012-12-01,63.0
캐나다,상용,2013-01-01,105.0
캐나다,상용,2013-02-01,90.0
캐나다,상용,2013-03-01,101.0
캐나다,상용,2013-04-01,109.0
캐나다,상용,2013-05-01,142.0
캐나다,상용,2013-06-01,124.0
캐나다,상용,2013-07-01,142.0
캐나다,상용,2013-08-01,151.0
캐나다,상용,2013-09-01,145.0
캐나다,상용,2013-10-01,101.0
캐나다,상용,2013-11-01,119.0
캐나다,상용,2013-12-01,88.0
캐나다,상용,2014-01-01,131.0
캐나다,상용,2014-02-01,106.0
캐나다,상용,2014-03-01,119.0
캐나다,상용,2014-04-01,126.0
캐나다,상용,2014-05-01,218.0
캐나다,상용,2014-06-01,115.0
캐나다,상용,2014-07-01,142.0
캐나다,상용,2014-08-01,129.0
캐나다,상용,2014-09-01,189.0
캐나다,상용,2014-10-01,108.0
캐나다,상용,2014-11-01,128.0
캐나다,상용,2014-12-01,95.0
캐나다,상용,2015-01-01,159.0
캐나다,상용,2015-02-01,135.0
캐나다,상용,2015-03-01,120.0
캐나다,상용,2015-04-01,119.0
캐나다,상용,2015-05-01,137.0
캐나다,상용,2015-06-01,113.0
캐나다,상용,2015-07-01,109.0
캐나다,상용,2015-08-01,125.0
캐나다,상용,2015-09-01,102.0
캐나다,상용,2015-10-01,80.0
캐나다,상용,2015-11-01,90.0
캐나다,상용,2015-12-01,63.0
캐나다,상용,2016-01-01,100.0
캐나다,상용,2016-02-01,79.0
캐나다,상용,2016-03-01,68.0
캐나다,상용,2016-04-01,65.0
캐나다,상용,2016-05-01,60.0
캐나다,상용,2016-06-01,63.0
캐나다,상용,2016-07-01,51.0
캐나다,상용,2016-08-01,58.0
캐나다,상용,2016-09-01,46.0
캐나다,상용,2016-10-01,66.0
캐나다,상용,2016-11-01,58.0
캐나다,상용,2016-12-01,56.0
캐나다,상용,2017-01-01,68.0
캐나다,상용,2017-02-01,46.0
캐나다,상용,2017-03-01,60.0
캐나다,상용,2017-04-01,34.0
캐나다,상용,2017-05-01,70.0
캐나다,상용,2017-06-01,35.0
캐나다,상용,2017-07-01,39.0
캐나다,상용,2017-08-01,48.0
캐나다,상용,2017-09-01,28.0
캐나다,상용,2017-10-01,34.0
캐나다,상용,2017-11-01,39.0
캐나다,상용,2017-12-01,29.0
캐나다,상용,2018-01-01,42.0
캐나다,상용,2018-02-01,35.0
캐나다,상용,2018-03-01,45.0
캐나다,상용,2018-04-01,39.0
캐나다,상용,2018-05-01,64.0
캐나다,상용,2018-06-01,47.0
캐나다,상용,2018-07-01,38.0
캐나다,상용,2018-08-01,37.0
캐나다,상용,2018-09-01,45.0
캐나다,상용,2018-10-01,38.0
캐나다,상용,2018-11-01,46.0
캐나다,상용,2018-12-01,34.0
캐나다,상용,2019-01-01,57.0
캐나다,상용,2019-02-01,45.0
캐나다,상용,2019-03-01,42.0
캐나다,상용,2019-04-01,44.0
캐나다,상용,2019-05-01,47.0
캐나다,상용,2019-06-01,38.0
캐나다,상용,2019-07-01,36.0
캐나다,상용,2019-08-01,43.0
캐나다,상용,2019-09-01,50.0
캐나다,상용,2019-10-01,37.0
캐나다,상용,2019-11-01,45.0
캐나다,상용,2019-12-01,38.0
캐나다,상용,2020-01-01,52.0
캐나다,상용,2020-02-01,16.0
캐나다,상용,2020-03-01,3.0
캐나다,상용,2020-04-01,3.0
캐나다,상용,2020-05-01,7.0
캐나다,상용,2020-06-01,14.0
캐나다,상용,2020-07-01,19.0
캐나다,상용,2020-08-01,19.0
캐나다,상용,2020-09-01,35.0
캐나다,상용,2020-10-01,14.0
캐나다,상용,2020-11-01,16.0
캐나다,상용,2020-12-01,13.0
캐나다,상용,2021-01-01,18.0
캐나다,상용,2021-02-01,6.0
캐나다,상용,2021-03-01,16.0
캐나다,상용,2021-04-01,17.0
캐나다,상용,2021-05-01,8.0
캐나다,상용,2021-06-01,10.0
캐나다,상용,2021-07-01,18.0
캐나다,상용,2021-08-01,25.0
캐나다,상용,2021-09-01,36.0
캐나다,상용,2021-10-01,43.0
캐나다,상용,2021-11-01,49.0
캐나다,상용,2021-12-01,19.0
캐나다,상용,2022-01-01,15.0
캐나다,상용,2022-02-01,16.0
캐나다,상용,2022-03-01,26.0
캐나다,상용,2022-04-01,22.0
캐나다,상용,2022-05-01,17.0
캐나다,상용,2022-06-01,21.0
캐나다,상용,2022-07-01,19.0
캐나다,상용,2022-08-01,19.0
캐나다,상용,2022-09-01,23.0
캐나다,상용,2022-10-01,29.0
캐나다,상용,2022-11-01,35.0
캐나다,상용,2022-12-01,21.0
캐나다,상용,2023-01-01,31.0
캐나다,상용,2023-02-01,33.0
캐나다,상용,2023-03-01,40.0
캐나다,상용,2023-04-01,31.0
캐나다,상용,2023-05-01,31.0
캐나다,상용,2023-06-01,28.0
캐나다,상용,2023-07-01,27.0
캐나다,상용,2023-08-01,35.0
캐나다,상용,2023-09-01,30.0
캐나다,상용,2023-10-01,36.0
캐나다,상용,2023-11-01,30.0
캐나다,상용,2023-12-01,25.0
캐나다,상용,2024-01-01,40.0
캐나다,상용,2024-02-01,23.0
캐나다,상용,2024-03-01,29.0
캐나다,상용,2024-04-01,37.0
캐나다,상용,2024-05-01,34.0
캐나다,상용,2024-06-01,32.0
캐나다,상용,2024-07-01,31.0
캐나다,상용,2024-08-01,31.0
캐나다,상용,2024-09-01,41.0
캐나다,상용,2024-10-01,34.0
캐나다,상용,2024-11-01,30.0
캐나다,상용,2024-12-01,36.0
캐나다,상용,2025-01-01,37.0
캐나다,상용,2025-02-01,27.0
캐나다,상용,2025-03-01,31.0
캐나다,상용,2025-04-01,34.0
캐나다,상용,2025-05-01,38.0
캐나다,유학연수,2005-01-01,9.0
캐나다,유학연수,2005-02-01,21.0
캐나다,유학연수,2005-03-01,4.0
캐나다,유학연수,2005-04-01,6.0
캐나다,유학연수,2005-05-01,9.0
캐나다,유학연수,2005-06-01,3.0
캐나다,유학연수,2005-07-01,6.0
캐나다,유학연수,2005-08-01,24.0
캐나다,유학연수,2005-09-01,7.0
캐나다,유학연수,2005-10-01,2.0
캐나다,유학연수,2005-11-01,2.0
캐나다,유학연수,2005-12-01,5.0
캐나다,유학연수,2006-01-01,13.0
캐나다,유학연수,2006-02-01,23.0
캐나다,유학연수,2006-03-01,3.0
캐나다,유학연수,2006-04-01,3.0
캐나다,유학연수,2006-05-01,10.0
캐나다,유학연수,2006-06-01,9.0
캐나다,유학연수,2006-07-01,9.0
캐나다,유학연수,2006-08-01,35.0
캐나다,유학연수,2006-09-01,8.0
캐나다,유학연수,2006-10-01,8.0
캐나다,유학연수,2006-11-01,3.0
캐나다,유학연수,2006-12-01,4.0
캐나다,유학연수,2007-01-01,14.0
캐나다,유학연수,2007-02-01,27.0
캐나다,유학연수,2007-03-01,7.0
캐나다,유학연수,2007-04-01,5.0
캐나다,유학연수,2007-05-01,7.0
캐나다,유학연수,2007-06-01,8.0
캐나다,유학연수,2007-07-01,10.0
캐나다,유학연수,2007-08-01,32.0
캐나다,유학연수,2007-09-01,15.0
캐나다,유학연수,2007-10-01,5.0
캐나다,유학연수,2007-11-01,3.0
캐나다,유학연수,2007-12-01,13.0
캐나다,유학연수,2008-01-01,14.0
캐나다,유학연수,2008-02-01,29.0
캐나다,유학연수,2008-03-01,10.0
캐나다,유학연수,2008-04-01,5.0
캐나다,유학연수,2008-05-01,13.0
캐나다,유학연수,2008-06-01,10.0
캐나다,유학연수,2008-07-01,5.0
캐나다,유학연수,2008-08-01,51.0
캐나다,유학연수,2008-09-01,13.0
캐나다,유학연수,2008-10-01,1.0
캐나다,유학연수,2008-11-01,9.0
캐나다,유학연수,2008-12-01,2.0
캐나다,유학연수,2009-01-01,20.0
캐나다,유학연수,2009-02-01,47.0
캐나다,유학연수,2009-03-01,5.0
캐나다,유학연수,2009-04-01,11.0
캐나다,유학연수,2009-05-01,16.0
캐나다,유학연수,2009-06-01,15.0
캐나다,유학연수,2009-07-01,12.0
캐나다,유학연수,2009-08-01,46.0
캐나다,유학연수,2009-09-01,8.0
캐나다,유학연수,2009-10-01,4.0
캐나다,유학연수,2009-11-01,11.0
캐나다,유학연수,2009-12-01,7.0
캐나다,유학연수,2010-01-01,21.0
캐나다,유학연수,2010-02-01,31.0
캐나다,유학연수,2010-03-01,8.0
캐나다,유학연수,2010-04-01,2.0
캐나다,유학연수,2010-05-01,12.0
캐나다,유학연수,2010-06-01,7.0
캐나다,유학연수,2010-07-01,21.0
캐나다,유학연수,2010-08-01,83.0
캐나다,유학연수,2010-09-01,21.0
캐나다,유학연수,2010-10-01,7.0
캐나다,유학연수,2010-11-01,14.0
캐나다,유학연수,2010-12-01,14.0
캐나다,유학연수,2011-01-01,33.0
캐나다,유학연수,2011-02-01,50.0
캐나다,유학연수,2011-03-01,14.0
캐나다,유학연수,2011-04-01,2.0
캐나다,유학연수,2011-05-01,19.0
캐나다,유학연수,2011-06-01,10.0
캐나다,유학연수,2011-07-01,15.0
캐나다,유학연수,2011-08-01,104.0
캐나다,유학연수,2011-09-01,11.0
캐나다,유학연수,2011-10-01,12.0
캐나다,유학연수,2011-11-01,15.0
캐나다,유학연수,2011-12-01,19.0
캐나다,유학연수,2012-01-01,36.0
캐나다,유학연수,2012-02-01,67.0
캐나다,유학연수,2012-03-01,16.0
캐나다,유학연수,2012-04-01,8.0
캐나다,유학연수,2012-05-01,20.0
캐나다,유학연수,2012-06-01,18.0
캐나다,유학연수,2012-07-01,25.0
캐나다,유학연수,2012-08-01,83.0
캐나다,유학연수,2012-09-01,14.0
캐나다,유학연수,2012-10-01,6.0
캐나다,유학연수,2012-11-01,12.0
캐나다,유학연수,2012-12-01,20.0
캐나다,유학연수,2013-01-01,24.0
캐나다,유학연수,2013-02-01,85.0
캐나다,유학연수,2013-03-01,16.0
캐나다,유학연수,2013-04-01,21.0
캐나다,유학연수,2013-05-01,31.0
캐나다,유학연수,2013-06-01,22.0
캐나다,유학연수,2013-07-01,28.0
캐나다,유학연수,2013-08-01,128.0
캐나다,유학연수,2013-09-01,18.0
캐나다,유학연수,2013-10-01,18.0
캐나다,유학연수,2013-11-01,27.0
캐나다,유학연수,2013-12-01,32.0
캐나다,유학연수,2014-01-01,28.0
캐나다,유학연수,2014-02-01,86.0
캐나다,유학연수,2014-03-01,18.0
캐나다,유학연수,2014-04-01,17.0
캐나다,유학연수,2014-05-01,26.0
캐나다,유학연수,2014-06-01,14.0
캐나다,유학연수,2014-07-01,19.0
캐나다,유학연수,2014-08-01,133.0
캐나다,유학연수,2014-09-01,22.0
캐나다,유학연수,2014-10-01,16.0
캐나다,유학연수,2014-11-01,23.0
캐나다,유학연수,2014-12-01,27.0
캐나다,유학연수,2015-01-01,35.0
캐나다,유학연수,2015-02-01,116.0
캐나다,유학연수,2015-03-01,18.0
캐나다,유학연수,2015-04-01,23.0
캐나다,유학연수,2015-05-01,29.0
캐나다,유학연수,2015-06-01,22.0
캐나다,유학연수,2015-07-01,29.0
캐나다,유학연수,2015-08-01,143.0
캐나다,유학연수,2015-09-01,13.0
캐나다,유학연수,2015-10-01,14.0
캐나다,유학연수,2015-11-01,32.0
캐나다,유학연수,2015-12-01,38.0
캐나다,유학연수,2016-01-01,30.0
캐나다,유학연수,2016-02-01,111.0
캐나다,유학연수,2016-03-01,12.0
캐나다,유학연수,2016-04-01,13.0
캐나다,유학연수,2016-05-01,44.0
캐나다,유학연수,2016-06-01,26.0
캐나다,유학연수,2016-07-01,36.0
캐나다,유학연수,2016-08-01,153.0
캐나다,유학연수,2016-09-01,17.0
캐나다,유학연수,2016-10-01,23.0
캐나다,유학연수,2016-11-01,52.0
캐나다,유학연수,2016-12-01,46.0
캐나다,유학연수,2017-01-01,43.0
캐나다,유학연수,2017-02-01,124.0
캐나다,유학연수,2017-03-01,23.0
캐나다,유학연수,2017-04-01,25.0
캐나다,유학연수,2017-05-01,58.0
캐나다,유학연수,2017-06-01,36.0
캐나다,유학연수,2017-07-01,31.0
캐나다,유학연수,2017-08-01,203.0
캐나다,유학연수,2017-09-01,21.0
캐나다,유학연수,2017-10-01,54.0
캐나다,유학연수,2017-11-01,61.0
캐나다,유학연수,2017-12-01,42.0
캐나다,유학연수,2018-01-01,43.0
캐나다,유학연수,2018-02-01,113.0
캐나다,유학연수,2018-03-01,19.0
캐나다,유학연수,2018-04-01,26.0
캐나다,유학연수,2018-05-01,50.0
캐나다,유학연수,2018-06-01,38.0
캐나다,유학연수,2018-07-01,31.0
캐나다,유학연수,2018-08-01,153.0
캐나다,유학연수,2018-09-01,36.0
캐나다,유학연수,2018-10-01,17.0
캐나다,유학연수,2018-11-01,35.0
캐나다,유학연수,2018-12-01,34.0
캐나다,유학연수,2019-01-01,43.0
캐나다,유학연수,2019-02-01,116.0
캐나다,유학연수,2019-03-01,37.0
캐나다,유학연수,2019-04-01,15.0
캐나다,유학연수,2019-05-01,49.0
캐나다,유학연수,2019-06-01,46.0
캐나다,유학연수,2019-07-01,51.0
캐나다,유학연수,2019-08-01,175.0
캐나다,유학연수,2019-09-01,31.0
캐나다,유학연수,2019-10-01,26.0
캐나다,유학연수,2019-11-01,59.0
캐나다,유학연수,2019-12-01,49.0
캐나다,유학연수,2020-01-01,41.0
캐나다,유학연수,2020-02-01,109.0
캐나다,유학연수,2020-03-01,21.0
캐나다,유학연수,2020-04-01,0.0
캐나다,유학연수,2020-05-01,1.0
캐나다,유학연수,2020-06-01,2.0
캐나다,유학연수,2020-07-01,4.0
캐나다,유학연수,2020-08-01,41.0
캐나다,유학연수,2020-09-01,5.0
캐나다,유학연수,2020-10-01,7.0
캐나다,유학연수,2020-11-01,5.0
캐나다,유학연수,2020-12-01,6.0
캐나다,유학연수,2021-01-01,9.0
캐나다,유학연수,2021-02-01,31.0
캐나다,유학연수,2021-03-01,10.0
캐나다,유학연수,2021-04-01,2.0
캐나다,유학연수,2021-05-01,8.0
캐나다,유학연수,2021-06-01,15.0
캐나다,유학연수,2021-07-01,8.0
캐나다,유학연수,2021-08-01,54.0
캐나다,유학연수,2021-09-01,15.0
캐나다,유학연수,2021-10-01,4.0
캐나다,유학연수,2021-11-01,15.0
캐나다,유학연수,2021-12-01,8.0
캐나다,유학연수,2022-01-01,25.0
캐나다,유학연수,2022-02-01,120.0
캐나다,유학연수,2022-03-01,15.0
캐나다,유학연수,2022-04-01,6.0
캐나다,유학연수,2022-05-01,6.0
캐나다,유학연수,2022-06-01,15.0
캐나다,유학연수,2022-07-01,26.0
캐나다,유학연수,2022-08-01,193.0
캐나다,유학연수,2022-09-01,18.0
캐나다,유학연수,2022-10-01,5.0
캐나다,유학연수,2022-11-01,30.0
캐나다,유학연수,2022-12-01,35.0
캐나다,유학연수,2023-01-01,47.0
캐나다,유학연수,2023-02-01,153.0
캐나다,유학연수,2023-03-01,13.0
캐나다,유학연수,2023-04-01,7.0
캐나다,유학연수,2023-05-01,43.0
캐나다,유학연수,2023-06-01,26.0
캐나다,유학연수,2023-07-01,40.0
캐나다,유학연수,2023-08-01,182.0
캐나다,유학연수,2023-09-01,22.0
캐나다,유학연수,2023-10-01,25.0
캐나다,유학연수,2023-11-01,43.0
캐나다,유학연수,2023-12-01,50.0
캐나다,유학연수,2024-01-01,35.0
캐나다,유학연수,2024-02-01,145.0
캐나다,유학연수,2024-03-01,18.0
캐나다,유학연수,2024-04-01,20.0
캐나다,유학연수,2024-05-01,55.0
캐나다,유학연수,2024-06-01,44.0
캐나다,유학연수,2024-07-01,38.0
캐나다,유학연수,2024-08-01,193.0
캐나다,유학연수,2024-09-01,25.0
캐나다,유학연수,2024-10-01,16.0
캐나다,유학연수,2024-11-01,76.0
캐나다,유학연수,2024-12-01,74.0
캐나다,유학연수,2025-01-01,44.0
캐나다,유학연수,2025-02-01,150.0
캐나다,유학연수,2025-03-01,21.0
캐나다,유학연수,2025-04-01,21.0
캐나다,유학연수,2025-05-01,78.0
콜롬비아,공용,2005-01-01,2.0
콜롬비아,공용,2005-02-01,3.0
콜롬비아,공용,2005-03-01,0.0
콜롬비아,공용,2005-04-01,1.0
콜롬비아,공용,2005-05-01,1.0
콜롬비아,공용,2005-06-01,2.0
콜롬비아,공용,2005-07-01,1.0
콜롬비아,공용,2005-08-01,1.0
콜롬비아,공용,2005-09-01,2.0
콜롬비아,공용,2005-10-01,1.0
콜롬비아,공용,2005-11-01,0.0
콜롬비아,공용,2005-12-01,0.0
콜롬비아,공용,2006-01-01,3.0
콜롬비아,공용,2006-02-01,0.0
콜롬비아,공용,2006-03-01,3.0
콜롬비아,공용,2006-04-01,1.0
콜롬비아,공용,2006-05-01,1.0
콜롬비아,공용,2006-06-01,2.0
콜롬비아,공용,2006-07-01,2.0
콜롬비아,공용,2006-08-01,2.0
콜롬비아,공용,2006-09-01,1.0
콜롬비아,공용,2006-10-01,0.0
콜롬비아,공용,2006-11-01,0.0
콜롬비아,공용,2006-12-01,0.0
콜롬비아,공용,2007-01-01,1.0
콜롬비아,공용,2007-02-01,0.0
콜롬비아,공용,2007-03-01,0.0
콜롬비아,공용,2007-04-01,1.0
콜롬비아,공용,2007-05-01,0.0
콜롬비아,공용,2007-06-01,0.0
콜롬비아,공용,2007-07-01,1.0
콜롬비아,공용,2007-08-01,0.0
콜롬비아,공용,2007-09-01,0.0
콜롬비아,공용,2007-10-01,0.0
콜롬비아,공용,2007-11-01,1.0
콜롬비아,공용,2007-12-01,2.0
콜롬비아,공용,2008-01-01,1.0
콜롬비아,공용,2008-02-01,1.0
콜롬비아,공용,2008-03-01,0.0
콜롬비아,공용,2008-04-01,2.0
콜롬비아,공용,2008-05-01,2.0
콜롬비아,공용,2008-06-01,0.0
콜롬비아,공용,2008-07-01,5.0
콜롬비아,공용,2008-08-01,0.0
콜롬비아,공용,2008-09-01,0.0
콜롬비아,공용,2008-10-01,1.0
콜롬비아,공용,2008-11-01,0.0
콜롬비아,공용,2008-12-01,0.0
콜롬비아,공용,2009-01-01,1.0
콜롬비아,공용,2009-02-01,0.0
콜롬비아,공용,2009-03-01,1.0
콜롬비아,공용,2009-04-01,0.0
콜롬비아,공용,2009-05-01,0.0
콜롬비아,공용,2009-06-01,1.0
콜롬비아,공용,2009-07-01,2.0
콜롬비아,공용,2009-08-01,2.0
콜롬비아,공용,2009-09-01,0.0
콜롬비아,공용,2009-10-01,4.0
콜롬비아,공용,2009-11-01,1.0
콜롬비아,공용,2009-12-01,0.0
콜롬비아,공용,2010-01-01,0.0
콜롬비아,공용,2010-02-01,0.0
콜롬비아,공용,2010-03-01,0.0
콜롬비아,공용,2010-04-01,3.0
콜롬비아,공용,2010-05-01,0.0
콜롬비아,공용,2010-06-01,1.0
콜롬비아,공용,2010-07-01,1.0
콜롬비아,공용,2010-08-01,0.0
콜롬비아,공용,2010-09-01,2.0
콜롬비아,공용,2010-10-01,0.0
콜롬비아,공용,2010-11-01,1.0
콜롬비아,공용,2010-12-01,0.0
콜롬비아,공용,2011-01-01,0.0
콜롬비아,공용,2011-02-01,0.0
콜롬비아,공용,2011-03-01,0.0
콜롬비아,공용,2011-04-01,0.0
콜롬비아,공용,2011-05-01,3.0
콜롬비아,공용,2011-06-01,0.0
콜롬비아,공용,2011-07-01,1.0
콜롬비아,공용,2011-08-01,0.0
콜롬비아,공용,2011-09-01,0.0
콜롬비아,공용,2011-10-01,1.0
콜롬비아,공용,2011-11-01,1.0
콜롬비아,공용,2011-12-01,0.0
콜롬비아,공용,2012-01-01,2.0
콜롬비아,공용,2012-02-01,1.0
콜롬비아,공용,2012-03-01,0.0
콜롬비아,공용,2012-04-01,2.0
콜롬비아,공용,2012-05-01,2.0
콜롬비아,공용,2012-06-01,1.0
콜롬비아,공용,2012-07-01,1.0
콜롬비아,공용,2012-08-01,2.0
콜롬비아,공용,2012-09-01,2.0
콜롬비아,공용,2012-10-01,4.0
콜롬비아,공용,2012-11-01,0.0
콜롬비아,공용,2012-12-01,0.0
콜롬비아,공용,2013-01-01,3.0
콜롬비아,공용,2013-02-01,0.0
콜롬비아,공용,2013-03-01,2.0
콜롬비아,공용,2013-04-01,2.0
콜롬비아,공용,2013-05-01,2.0
콜롬비아,공용,2013-06-01,1.0
콜롬비아,공용,2013-07-01,8.0
콜롬비아,공용,2013-08-01,22.0
콜롬비아,공용,2013-09-01,2.0
콜롬비아,공용,2013-10-01,6.0
콜롬비아,공용,2013-11-01,1.0
콜롬비아,공용,2013-12-01,1.0
콜롬비아,공용,2014-01-01,1.0
콜롬비아,공용,2014-02-01,8.0
콜롬비아,공용,2014-03-01,25.0
콜롬비아,공용,2014-04-01,5.0
콜롬비아,공용,2014-05-01,6.0
콜롬비아,공용,2014-06-01,8.0
콜롬비아,공용,2014-07-01,2.0
콜롬비아,공용,2014-08-01,9.0
콜롬비아,공용,2014-09-01,1.0
콜롬비아,공용,2014-10-01,0.0
콜롬비아,공용,2014-11-01,0.0
콜롬비아,공용,2014-12-01,2.0
콜롬비아,공용,2015-01-01,0.0
콜롬비아,공용,2015-02-01,2.0
콜롬비아,공용,2015-03-01,7.0
콜롬비아,공용,2015-04-01,0.0
콜롬비아,공용,2015-05-01,4.0
콜롬비아,공용,2015-06-01,1.0
콜롬비아,공용,2015-07-01,1.0
콜롬비아,공용,2015-08-01,0.0
콜롬비아,공용,2015-09-01,2.0
콜롬비아,공용,2015-10-01,5.0
콜롬비아,공용,2015-11-01,1.0
콜롬비아,공용,2015-12-01,3.0
콜롬비아,공용,2016-01-01,2.0
콜롬비아,공용,2016-02-01,4.0
콜롬비아,공용,2016-03-01,0.0
콜롬비아,공용,2016-04-01,2.0
콜롬비아,공용,2016-05-01,1.0
콜롬비아,공용,2016-06-01,2.0
콜롬비아,공용,2016-07-01,0.0
콜롬비아,공용,2016-08-01,7.0
콜롬비아,공용,2016-09-01,4.0
콜롬비아,공용,2016-10-01,3.0
콜롬비아,공용,2016-11-01,7.0
콜롬비아,공용,2016-12-01,0.0
콜롬비아,공용,2017-01-01,8.0
콜롬비아,공용,2017-02-01,0.0
콜롬비아,공용,2017-03-01,4.0
콜롬비아,공용,2017-04-01,6.0
콜롬비아,공용,2017-05-01,6.0
콜롬비아,공용,2017-06-01,0.0
콜롬비아,공용,2017-07-01,6.0
콜롬비아,공용,2017-08-01,1.0
콜롬비아,공용,2017-09-01,3.0
콜롬비아,공용,2017-10-01,7.0
콜롬비아,공용,2017-11-01,3.0
콜롬비아,공용,2017-12-01,2.0
콜롬비아,공용,2018-01-01,2.0
콜롬비아,공용,2018-02-01,0.0
콜롬비아,공용,2018-03-01,2.0
콜롬비아,공용,2018-04-01,0.0
콜롬비아,공용,2018-05-01,4.0
콜롬비아,공용,2018-06-01,5.0
콜롬비아,공용,2018-07-01,2.0
콜롬비아,공용,2018-08-01,4.0
콜롬비아,공용,2018-09-01,3.0
콜롬비아,공용,2018-10-01,5.0
콜롬비아,공용,2018-11-01,4.0
콜롬비아,공용,2018-12-01,1.0
콜롬비아,공용,2019-01-01,7.0
콜롬비아,공용,2019-02-01,2.0
콜롬비아,공용,2019-03-01,1.0
콜롬비아,공용,2019-04-01,1.0
콜롬비아,공용,2019-05-01,6.0
콜롬비아,공용,2019-06-01,7.0
콜롬비아,공용,2019-07-01,5.0
콜롬비아,공용,2019-08-01,2.0
콜롬비아,공용,2019-09-01,17.0
콜롬비아,공용,2019-10-01,15.0
콜롬비아,공용,2019-11-01,16.0
콜롬비아,공용,2019-12-01,11.0
콜롬비아,공용,2020-01-01,8.0
콜롬비아,공용,2020-02-01,2.0
콜롬비아,공용,2020-03-01,4.0
콜롬비아,공용,2020-04-01,0.0
콜롬비아,공용,2020-05-01,0.0
콜롬비아,공용,2020-06-01,35.0
콜롬비아,공용,2020-07-01,6.0
콜롬비아,공용,2020-08-01,21.0
콜롬비아,공용,2020-09-01,2.0
콜롬비아,공용,2020-10-01,0.0
콜롬비아,공용,2020-11-01,2.0
콜롬비아,공용,2020-12-01,0.0
콜롬비아,공용,2021-01-01,1.0
콜롬비아,공용,2021-02-01,0.0
콜롬비아,공용,2021-03-01,3.0
콜롬비아,공용,2021-04-01,0.0
콜롬비아,공용,2021-05-01,2.0
콜롬비아,공용,2021-06-01,3.0
콜롬비아,공용,2021-07-01,1.0
콜롬비아,공용,2021-08-01,73.0
콜롬비아,공용,2021-09-01,2.0
콜롬비아,공용,2021-10-01,26.0
콜롬비아,공용,2021-11-01,17.0
콜롬비아,공용,2021-12-01,4.0
콜롬비아,공용,2022-01-01,6.0
콜롬비아,공용,2022-02-01,0.0
콜롬비아,공용,2022-03-01,0.0
콜롬비아,공용,2022-04-01,7.0
콜롬비아,공용,2022-05-01,18.0
콜롬비아,공용,2022-06-01,4.0
콜롬비아,공용,2022-07-01,2.0
콜롬비아,공용,2022-08-01,5.0
콜롬비아,공용,2022-09-01,2.0
콜롬비아,공용,2022-10-01,2.0
콜롬비아,공용,2022-11-01,4.0
콜롬비아,공용,2022-12-01,1.0
콜롬비아,공용,2023-01-01,3.0
콜롬비아,공용,2023-02-01,4.0
콜롬비아,공용,2023-03-01,8.0
콜롬비아,공용,2023-04-01,3.0
콜롬비아,공용,2023-05-01,7.0
콜롬비아,공용,2023-06-01,10.0
콜롬비아,공용,2023-07-01,8.0
콜롬비아,공용,2023-08-01,14.0
콜롬비아,공용,2023-09-01,8.0
콜롬비아,공용,2023-10-01,16.0
콜롬비아,공용,2023-11-01,3.0
콜롬비아,공용,2023-12-01,0.0
콜롬비아,공용,2024-01-01,11.0
콜롬비아,공용,2024-02-01,3.0
콜롬비아,공용,2024-03-01,9.0
콜롬비아,공용,2024-04-01,4.0
콜롬비아,공용,2024-05-01,10.0
콜롬비아,공용,2024-06-01,4.0
콜롬비아,공용,2024-07-01,8.0
콜롬비아,공용,2024-08-01,5.0
콜롬비아,공용,2024-09-01,7.0
콜롬비아,공용,2024-10-01,11.0
콜롬비아,공용,2024-11-01,3.0
콜롬비아,공용,2024-12-01,2.0
콜롬비아,공용,2025-01-01,9.0
콜롬비아,공용,2025-02-01,7.0
콜롬비아,공용,2025-03-01,9.0
콜롬비아,공용,2025-04-01,8.0
콜롬비아,공용,2025-05-01,8.0
콜롬비아,관광,2005-01-01,46.0
콜롬비아,관광,2005-02-01,45.0
콜롬비아,관광,2005-03-01,89.0
콜롬비아,관광,2005-04-01,155.0
콜롬비아,관광,2005-05-01,147.0
콜롬비아,관광,2005-06-01,110.0
콜롬비아,관광,2005-07-01,126.0
콜롬비아,관광,2005-08-01,68.0
콜롬비아,관광,2005-09-01,88.0
콜롬비아,관광,2005-10-01,149.0
콜롬비아,관광,2005-11-01,98.0
콜롬비아,관광,2005-12-01,56.0
콜롬비아,관광,2006-01-01,43.0
콜롬비아,관광,2006-02-01,57.0
콜롬비아,관광,2006-03-01,77.0
콜롬비아,관광,2006-04-01,101.0
콜롬비아,관광,2006-05-01,131.0
콜롬비아,관광,2006-06-01,89.0
콜롬비아,관광,2006-07-01,72.0
콜롬비아,관광,2006-08-01,149.0
콜롬비아,관광,2006-09-01,115.0
콜롬비아,관광,2006-10-01,114.0
콜롬비아,관광,2006-11-01,79.0
콜롬비아,관광,2006-12-01,51.0
콜롬비아,관광,2007-01-01,39.0
콜롬비아,관광,2007-02-01,35.0
콜롬비아,관광,2007-03-01,87.0
콜롬비아,관광,2007-04-01,111.0
콜롬비아,관광,2007-05-01,118.0
콜롬비아,관광,2007-06-01,174.0
콜롬비아,관광,2007-07-01,98.0
콜롬비아,관광,2007-08-01,107.0
콜롬비아,관광,2007-09-01,132.0
콜롬비아,관광,2007-10-01,158.0
콜롬비아,관광,2007-11-01,71.0
콜롬비아,관광,2007-12-01,57.0
콜롬비아,관광,2008-01-01,49.0
콜롬비아,관광,2008-02-01,44.0
콜롬비아,관광,2008-03-01,108.0
콜롬비아,관광,2008-04-01,135.0
콜롬비아,관광,2008-05-01,126.0
콜롬비아,관광,2008-06-01,136.0
콜롬비아,관광,2008-07-01,123.0
콜롬비아,관광,2008-08-01,103.0
콜롬비아,관광,2008-09-01,156.0
콜롬비아,관광,2008-10-01,163.0
콜롬비아,관광,2008-11-01,150.0
콜롬비아,관광,2008-12-01,68.0
콜롬비아,관광,2009-01-01,74.0
콜롬비아,관광,2009-02-01,63.0
콜롬비아,관광,2009-03-01,99.0
콜롬비아,관광,2009-04-01,135.0
콜롬비아,관광,2009-05-01,105.0
콜롬비아,관광,2009-06-01,123.0
콜롬비아,관광,2009-07-01,122.0
콜롬비아,관광,2009-08-01,110.0
콜롬비아,관광,2009-09-01,161.0
콜롬비아,관광,2009-10-01,205.0
콜롬비아,관광,2009-11-01,181.0
콜롬비아,관광,2009-12-01,83.0
콜롬비아,관광,2010-01-01,55.0
콜롬비아,관광,2010-02-01,61.0
콜롬비아,관광,2010-03-01,99.0
콜롬비아,관광,2010-04-01,177.0
콜롬비아,관광,2010-05-01,158.0
콜롬비아,관광,2010-06-01,184.0
콜롬비아,관광,2010-07-01,163.0
콜롬비아,관광,2010-08-01,100.0
콜롬비아,관광,2010-09-01,201.0
콜롬비아,관광,2010-10-01,181.0
콜롬비아,관광,2010-11-01,122.0
콜롬비아,관광,2010-12-01,96.0
콜롬비아,관광,2011-01-01,71.0
콜롬비아,관광,2011-02-01,84.0
콜롬비아,관광,2011-03-01,133.0
콜롬비아,관광,2011-04-01,196.0
콜롬비아,관광,2011-05-01,231.0
콜롬비아,관광,2011-06-01,176.0
콜롬비아,관광,2011-07-01,151.0
콜롬비아,관광,2011-08-01,192.0
콜롬비아,관광,2011-09-01,237.0
콜롬비아,관광,2011-10-01,345.0
콜롬비아,관광,2011-11-01,164.0
콜롬비아,관광,2011-12-01,107.0
콜롬비아,관광,2012-01-01,113.0
콜롬비아,관광,2012-02-01,101.0
콜롬비아,관광,2012-03-01,119.0
콜롬비아,관광,2012-04-01,179.0
콜롬비아,관광,2012-05-01,295.0
콜롬비아,관광,2012-06-01,272.0
콜롬비아,관광,2012-07-01,177.0
콜롬비아,관광,2012-08-01,224.0
콜롬비아,관광,2012-09-01,314.0
콜롬비아,관광,2012-10-01,261.0
콜롬비아,관광,2012-11-01,182.0
콜롬비아,관광,2012-12-01,145.0
콜롬비아,관광,2013-01-01,99.0
콜롬비아,관광,2013-02-01,116.0
콜롬비아,관광,2013-03-01,174.0
콜롬비아,관광,2013-04-01,146.0
콜롬비아,관광,2013-05-01,322.0
콜롬비아,관광,2013-06-01,283.0
콜롬비아,관광,2013-07-01,256.0
콜롬비아,관광,2013-08-01,201.0
콜롬비아,관광,2013-09-01,299.0
콜롬비아,관광,2013-10-01,391.0
콜롬비아,관광,2013-11-01,302.0
콜롬비아,관광,2013-12-01,135.0
콜롬비아,관광,2014-01-01,91.0
콜롬비아,관광,2014-02-01,91.0
콜롬비아,관광,2014-03-01,212.0
콜롬비아,관광,2014-04-01,289.0
콜롬비아,관광,2014-05-01,260.0
콜롬비아,관광,2014-06-01,403.0
콜롬비아,관광,2014-07-01,212.0
콜롬비아,관광,2014-08-01,296.0
콜롬비아,관광,2014-09-01,364.0
콜롬비아,관광,2014-10-01,400.0
콜롬비아,관광,2014-11-01,321.0
콜롬비아,관광,2014-12-01,149.0
콜롬비아,관광,2015-01-01,124.0
콜롬비아,관광,2015-02-01,163.0
콜롬비아,관광,2015-03-01,351.0
콜롬비아,관광,2015-04-01,323.0
콜롬비아,관광,2015-05-01,299.0
콜롬비아,관광,2015-06-01,271.0
콜롬비아,관광,2015-07-01,236.0
콜롬비아,관광,2015-08-01,227.0
콜롬비아,관광,2015-09-01,375.0
콜롬비아,관광,2015-10-01,370.0
콜롬비아,관광,2015-11-01,294.0
콜롬비아,관광,2015-12-01,204.0
콜롬비아,관광,2016-01-01,152.0
콜롬비아,관광,2016-02-01,156.0
콜롬비아,관광,2016-03-01,262.0
콜롬비아,관광,2016-04-01,292.0
콜롬비아,관광,2016-05-01,371.0
콜롬비아,관광,2016-06-01,335.0
콜롬비아,관광,2016-07-01,230.0
콜롬비아,관광,2016-08-01,261.0
콜롬비아,관광,2016-09-01,247.0
콜롬비아,관광,2016-10-01,462.0
콜롬비아,관광,2016-11-01,307.0
콜롬비아,관광,2016-12-01,272.0
콜롬비아,관광,2017-01-01,175.0
콜롬비아,관광,2017-02-01,176.0
콜롬비아,관광,2017-03-01,266.0
콜롬비아,관광,2017-04-01,486.0
콜롬비아,관광,2017-05-01,416.0
콜롬비아,관광,2017-06-01,426.0
콜롬비아,관광,2017-07-01,397.0
콜롬비아,관광,2017-08-01,286.0
콜롬비아,관광,2017-09-01,409.0
콜롬비아,관광,2017-10-01,397.0
콜롬비아,관광,2017-11-01,505.0
콜롬비아,관광,2017-12-01,249.0
콜롬비아,관광,2018-01-01,219.0
콜롬비아,관광,2018-02-01,217.0
콜롬비아,관광,2018-03-01,356.0
콜롬비아,관광,2018-04-01,431.0
콜롬비아,관광,2018-05-01,432.0
콜롬비아,관광,2018-06-01,529.0
콜롬비아,관광,2018-07-01,491.0
콜롬비아,관광,2018-08-01,346.0
콜롬비아,관광,2018-09-01,541.0
콜롬비아,관광,2018-10-01,582.0
콜롬비아,관광,2018-11-01,493.0
콜롬비아,관광,2018-12-01,295.0
콜롬비아,관광,2019-01-01,233.0
콜롬비아,관광,2019-02-01,221.0
콜롬비아,관광,2019-03-01,500.0
콜롬비아,관광,2019-04-01,604.0
콜롬비아,관광,2019-05-01,539.0
콜롬비아,관광,2019-06-01,595.0
콜롬비아,관광,2019-07-01,601.0
콜롬비아,관광,2019-08-01,553.0
콜롬비아,관광,2019-09-01,735.0
콜롬비아,관광,2019-10-01,647.0
콜롬비아,관광,2019-11-01,530.0
콜롬비아,관광,2019-12-01,438.0
콜롬비아,관광,2020-01-01,293.0
콜롬비아,관광,2020-02-01,216.0
콜롬비아,관광,2020-03-01,34.0
콜롬비아,관광,2020-04-01,2.0
콜롬비아,관광,2020-05-01,0.0
콜롬비아,관광,2020-06-01,0.0
콜롬비아,관광,2020-07-01,0.0
콜롬비아,관광,2020-08-01,0.0
콜롬비아,관광,2020-09-01,0.0
콜롬비아,관광,2020-10-01,0.0
콜롬비아,관광,2020-11-01,2.0
콜롬비아,관광,2020-12-01,0.0
콜롬비아,관광,2021-01-01,0.0
콜롬비아,관광,2021-02-01,0.0
콜롬비아,관광,2021-03-01,0.0
콜롬비아,관광,2021-04-01,0.0
콜롬비아,관광,2021-05-01,1.0
콜롬비아,관광,2021-06-01,5.0
콜롬비아,관광,2021-07-01,2.0
콜롬비아,관광,2021-08-01,1.0
콜롬비아,관광,2021-09-01,7.0
콜롬비아,관광,2021-10-01,3.0
콜롬비아,관광,2021-11-01,14.0
콜롬비아,관광,2021-12-01,8.0
콜롬비아,관광,2022-01-01,2.0
콜롬비아,관광,2022-02-01,2.0
콜롬비아,관광,2022-03-01,3.0
콜롬비아,관광,2022-04-01,100.0
콜롬비아,관광,2022-05-01,138.0
콜롬비아,관광,2022-06-01,169.0
콜롬비아,관광,2022-07-01,141.0
콜롬비아,관광,2022-08-01,173.0
콜롬비아,관광,2022-09-01,307.0
콜롬비아,관광,2022-10-01,444.0
콜롬비아,관광,2022-11-01,264.0
콜롬비아,관광,2022-12-01,269.0
콜롬비아,관광,2023-01-01,172.0
콜롬비아,관광,2023-02-01,150.0
콜롬비아,관광,2023-03-01,414.0
콜롬비아,관광,2023-04-01,443.0
콜롬비아,관광,2023-05-01,446.0
콜롬비아,관광,2023-06-01,451.0
콜롬비아,관광,2023-07-01,639.0
콜롬비아,관광,2023-08-01,389.0
콜롬비아,관광,2023-09-01,610.0
콜롬비아,관광,2023-10-01,676.0
콜롬비아,관광,2023-11-01,451.0
콜롬비아,관광,2023-12-01,331.0
콜롬비아,관광,2024-01-01,251.0
콜롬비아,관광,2024-02-01,279.0
콜롬비아,관광,2024-03-01,681.0
콜롬비아,관광,2024-04-01,878.0
콜롬비아,관광,2024-05-01,969.0
콜롬비아,관광,2024-06-01,729.0
콜롬비아,관광,2024-07-01,756.0
콜롬비아,관광,2024-08-01,646.0
콜롬비아,관광,2024-09-01,1027.0
콜롬비아,관광,2024-10-01,1365.0
콜롬비아,관광,2024-11-01,898.0
콜롬비아,관광,2024-12-01,605.0
콜롬비아,관광,2025-01-01,385.0
콜롬비아,관광,2025-02-01,311.0
콜롬비아,관광,2025-03-01,971.0
콜롬비아,관광,2025-04-01,1555.0
콜롬비아,관광,2025-05-01,1155.0
콜롬비아,상용,2005-01-01,1.0
콜롬비아,상용,2005-02-01,3.0
콜롬비아,상용,2005-03-01,3.0
콜롬비아,상용,2005-04-01,2.0
콜롬비아,상용,2005-05-01,0.0
콜롬비아,상용,2005-06-01,0.0
콜롬비아,상용,2005-07-01,3.0
콜롬비아,상용,2005-08-01,1.0
콜롬비아,상용,2005-09-01,1.0
콜롬비아,상용,2005-10-01,0.0
콜롬비아,상용,2005-11-01,1.0
콜롬비아,상용,2005-12-01,0.0
콜롬비아,상용,2006-01-01,2.0
콜롬비아,상용,2006-02-01,0.0
콜롬비아,상용,2006-03-01,1.0
콜롬비아,상용,2006-04-01,0.0
콜롬비아,상용,2006-05-01,1.0
콜롬비아,상용,2006-06-01,0.0
콜롬비아,상용,2006-07-01,3.0
콜롬비아,상용,2006-08-01,0.0
콜롬비아,상용,2006-09-01,1.0
콜롬비아,상용,2006-10-01,0.0
콜롬비아,상용,2006-11-01,0.0
콜롬비아,상용,2006-12-01,1.0
콜롬비아,상용,2007-01-01,2.0
콜롬비아,상용,2007-02-01,1.0
콜롬비아,상용,2007-03-01,1.0
콜롬비아,상용,2007-04-01,3.0
콜롬비아,상용,2007-05-01,0.0
콜롬비아,상용,2007-06-01,0.0
콜롬비아,상용,2007-07-01,1.0
콜롬비아,상용,2007-08-01,0.0
콜롬비아,상용,2007-09-01,2.0
콜롬비아,상용,2007-10-01,0.0
콜롬비아,상용,2007-11-01,2.0
콜롬비아,상용,2007-12-01,0.0
콜롬비아,상용,2008-01-01,1.0
콜롬비아,상용,2008-02-01,0.0
콜롬비아,상용,2008-03-01,0.0
콜롬비아,상용,2008-04-01,2.0
콜롬비아,상용,2008-05-01,1.0
콜롬비아,상용,2008-06-01,2.0
콜롬비아,상용,2008-07-01,2.0
콜롬비아,상용,2008-08-01,3.0
콜롬비아,상용,2008-09-01,1.0
콜롬비아,상용,2008-10-01,4.0
콜롬비아,상용,2008-11-01,1.0
콜롬비아,상용,2008-12-01,1.0
콜롬비아,상용,2009-01-01,0.0
콜롬비아,상용,2009-02-01,3.0
콜롬비아,상용,2009-03-01,1.0
콜롬비아,상용,2009-04-01,3.0
콜롬비아,상용,2009-05-01,2.0
콜롬비아,상용,2009-06-01,2.0
콜롬비아,상용,2009-07-01,0.0
콜롬비아,상용,2009-08-01,0.0
콜롬비아,상용,2009-09-01,0.0
콜롬비아,상용,2009-10-01,1.0
콜롬비아,상용,2009-11-01,1.0
콜롬비아,상용,2009-12-01,0.0
콜롬비아,상용,2010-01-01,1.0
콜롬비아,상용,2010-02-01,0.0
콜롬비아,상용,2010-03-01,1.0
콜롬비아,상용,2010-04-01,1.0
콜롬비아,상용,2010-05-01,1.0
콜롬비아,상용,2010-06-01,3.0
콜롬비아,상용,2010-07-01,1.0
콜롬비아,상용,2010-08-01,2.0
콜롬비아,상용,2010-09-01,2.0
콜롬비아,상용,2010-10-01,2.0
콜롬비아,상용,2010-11-01,3.0
콜롬비아,상용,2010-12-01,2.0
콜롬비아,상용,2011-01-01,4.0
콜롬비아,상용,2011-02-01,3.0
콜롬비아,상용,2011-03-01,2.0
콜롬비아,상용,2011-04-01,2.0
콜롬비아,상용,2011-05-01,2.0
콜롬비아,상용,2011-06-01,1.0
콜롬비아,상용,2011-07-01,0.0
콜롬비아,상용,2011-08-01,1.0
콜롬비아,상용,2011-09-01,1.0
콜롬비아,상용,2011-10-01,2.0
콜롬비아,상용,2011-11-01,2.0
콜롬비아,상용,2011-12-01,0.0
콜롬비아,상용,2012-01-01,1.0
콜롬비아,상용,2012-02-01,0.0
콜롬비아,상용,2012-03-01,1.0
콜롬비아,상용,2012-04-01,0.0
콜롬비아,상용,2012-05-01,2.0
콜롬비아,상용,2012-06-01,0.0
콜롬비아,상용,2012-07-01,0.0
콜롬비아,상용,2012-08-01,1.0
콜롬비아,상용,2012-09-01,1.0
콜롬비아,상용,2012-10-01,2.0
콜롬비아,상용,2012-11-01,1.0
콜롬비아,상용,2012-12-01,1.0
콜롬비아,상용,2013-01-01,3.0
콜롬비아,상용,2013-02-01,2.0
콜롬비아,상용,2013-03-01,5.0
콜롬비아,상용,2013-04-01,3.0
콜롬비아,상용,2013-05-01,3.0
콜롬비아,상용,2013-06-01,4.0
콜롬비아,상용,2013-07-01,3.0
콜롬비아,상용,2013-08-01,6.0
콜롬비아,상용,2013-09-01,1.0
콜롬비아,상용,2013-10-01,0.0
콜롬비아,상용,2013-11-01,0.0
콜롬비아,상용,2013-12-01,0.0
콜롬비아,상용,2014-01-01,2.0
콜롬비아,상용,2014-02-01,1.0
콜롬비아,상용,2014-03-01,0.0
콜롬비아,상용,2014-04-01,0.0
콜롬비아,상용,2014-05-01,4.0
콜롬비아,상용,2014-06-01,1.0
콜롬비아,상용,2014-07-01,3.0
콜롬비아,상용,2014-08-01,1.0
콜롬비아,상용,2014-09-01,2.0
콜롬비아,상용,2014-10-01,1.0
콜롬비아,상용,2014-11-01,0.0
콜롬비아,상용,2014-12-01,0.0
콜롬비아,상용,2015-01-01,2.0
콜롬비아,상용,2015-02-01,1.0
콜롬비아,상용,2015-03-01,0.0
콜롬비아,상용,2015-04-01,1.0
콜롬비아,상용,2015-05-01,1.0
콜롬비아,상용,2015-06-01,3.0
콜롬비아,상용,2015-07-01,0.0
콜롬비아,상용,2015-08-01,1.0
콜롬비아,상용,2015-09-01,1.0
콜롬비아,상용,2015-10-01,4.0
콜롬비아,상용,2015-11-01,3.0
콜롬비아,상용,2015-12-01,3.0
콜롬비아,상용,2016-01-01,5.0
콜롬비아,상용,2016-02-01,6.0
콜롬비아,상용,2016-03-01,3.0
콜롬비아,상용,2016-04-01,2.0
콜롬비아,상용,2016-05-01,6.0
콜롬비아,상용,2016-06-01,2.0
콜롬비아,상용,2016-07-01,2.0
콜롬비아,상용,2016-08-01,4.0
콜롬비아,상용,2016-09-01,7.0
콜롬비아,상용,2016-10-01,2.0
콜롬비아,상용,2016-11-01,3.0
콜롬비아,상용,2016-12-01,5.0
콜롬비아,상용,2017-01-01,6.0
콜롬비아,상용,2017-02-01,5.0
콜롬비아,상용,2017-03-01,3.0
콜롬비아,상용,2017-04-01,3.0
콜롬비아,상용,2017-05-01,3.0
콜롬비아,상용,2017-06-01,2.0
콜롬비아,상용,2017-07-01,0.0
콜롬비아,상용,2017-08-01,0.0
콜롬비아,상용,2017-09-01,0.0
콜롬비아,상용,2017-10-01,0.0
콜롬비아,상용,2017-11-01,0.0
콜롬비아,상용,2017-12-01,0.0
콜롬비아,상용,2018-01-01,0.0
콜롬비아,상용,2018-02-01,0.0
콜롬비아,상용,2018-03-01,0.0
콜롬비아,상용,2018-04-01,1.0
콜롬비아,상용,2018-05-01,0.0
콜롬비아,상용,2018-06-01,0.0
콜롬비아,상용,2018-07-01,0.0
콜롬비아,상용,2018-08-01,0.0
콜롬비아,상용,2018-09-01,1.0
콜롬비아,상용,2018-10-01,0.0
콜롬비아,상용,2018-11-01,0.0
콜롬비아,상용,2018-12-01,1.0
콜롬비아,상용,2019-01-01,2.0
콜롬비아,상용,2019-02-01,1.0
콜롬비아,상용,2019-03-01,2.0
콜롬비아,상용,2019-04-01,3.0
콜롬비아,상용,2019-05-01,0.0
콜롬비아,상용,2019-06-01,0.0
콜롬비아,상용,2019-07-01,4.0
콜롬비아,상용,2019-08-01,0.0
콜롬비아,상용,2019-09-01,2.0
콜롬비아,상용,2019-10-01,1.0
콜롬비아,상용,2019-11-01,0.0
콜롬비아,상용,2019-12-01,0.0
콜롬비아,상용,2020-01-01,1.0
콜롬비아,상용,2020-02-01,0.0
콜롬비아,상용,2020-03-01,1.0
콜롬비아,상용,2020-04-01,0.0
콜롬비아,상용,2020-05-01,0.0
콜롬비아,상용,2020-06-01,0.0
콜롬비아,상용,2020-07-01,0.0
콜롬비아,상용,2020-08-01,0.0
콜롬비아,상용,2020-09-01,0.0
콜롬비아,상용,2020-10-01,1.0
콜롬비아,상용,2020-11-01,1.0
콜롬비아,상용,2020-12-01,0.0
콜롬비아,상용,2021-01-01,0.0
콜롬비아,상용,2021-02-01,0.0
콜롬비아,상용,2021-03-01,0.0
콜롬비아,상용,2021-04-01,0.0
콜롬비아,상용,2021-05-01,0.0
콜롬비아,상용,2021-06-01,0.0
콜롬비아,상용,2021-07-01,2.0
콜롬비아,상용,2021-08-01,2.0
콜롬비아,상용,2021-09-01,0.0
콜롬비아,상용,2021-10-01,1.0
콜롬비아,상용,2021-11-01,13.0
콜롬비아,상용,2021-12-01,0.0
콜롬비아,상용,2022-01-01,1.0
콜롬비아,상용,2022-02-01,3.0
콜롬비아,상용,2022-03-01,3.0
콜롬비아,상용,2022-04-01,1.0
콜롬비아,상용,2022-05-01,0.0
콜롬비아,상용,2022-06-01,0.0
콜롬비아,상용,2022-07-01,2.0
콜롬비아,상용,2022-08-01,0.0
콜롬비아,상용,2022-09-01,0.0
콜롬비아,상용,2022-10-01,0.0
콜롬비아,상용,2022-11-01,2.0
콜롬비아,상용,2022-12-01,2.0
콜롬비아,상용,2023-01-01,1.0
콜롬비아,상용,2023-02-01,1.0
콜롬비아,상용,2023-03-01,1.0
콜롬비아,상용,2023-04-01,3.0
콜롬비아,상용,2023-05-01,0.0
콜롬비아,상용,2023-06-01,2.0
콜롬비아,상용,2023-07-01,1.0
콜롬비아,상용,2023-08-01,0.0
콜롬비아,상용,2023-09-01,2.0
콜롬비아,상용,2023-10-01,2.0
콜롬비아,상용,2023-11-01,2.0
콜롬비아,상용,2023-12-01,0.0
콜롬비아,상용,2024-01-01,2.0
콜롬비아,상용,2024-02-01,0.0
콜롬비아,상용,2024-03-01,0.0
콜롬비아,상용,2024-04-01,1.0
콜롬비아,상용,2024-05-01,1.0
콜롬비아,상용,2024-06-01,2.0
콜롬비아,상용,2024-07-01,0.0
콜롬비아,상용,2024-08-01,2.0
콜롬비아,상용,2024-09-01,2.0
콜롬비아,상용,2024-10-01,2.0
콜롬비아,상용,2024-11-01,2.0
콜롬비아,상용,2024-12-01,0.0
콜롬비아,상용,2025-01-01,2.0
콜롬비아,상용,2025-02-01,1.0
콜롬비아,상용,2025-03-01,0.0
콜롬비아,상용,2025-04-01,0.0
콜롬비아,상용,2025-05-01,1.0
콜롬비아,유학연수,2005-01-01,0.0
콜롬비아,유학연수,2005-02-01,1.0
콜롬비아,유학연수,2005-03-01,2.0
콜롬비아,유학연수,2005-04-01,0.0
콜롬비아,유학연수,2005-05-01,0.0
콜롬비아,유학연수,2005-06-01,0.0
콜롬비아,유학연수,2005-07-01,0.0
콜롬비아,유학연수,2005-08-01,5.0
콜롬비아,유학연수,2005-09-01,2.0
콜롬비아,유학연수,2005-10-01,2.0
콜롬비아,유학연수,2005-11-01,1.0
콜롬비아,유학연수,2005-12-01,2.0
콜롬비아,유학연수,2006-01-01,1.0
콜롬비아,유학연수,2006-02-01,0.0
콜롬비아,유학연수,2006-03-01,2.0
콜롬비아,유학연수,2006-04-01,1.0
콜롬비아,유학연수,2006-05-01,2.0
콜롬비아,유학연수,2006-06-01,0.0
콜롬비아,유학연수,2006-07-01,1.0
콜롬비아,유학연수,2006-08-01,2.0
콜롬비아,유학연수,2006-09-01,3.0
콜롬비아,유학연수,2006-10-01,0.0
콜롬비아,유학연수,2006-11-01,1.0
콜롬비아,유학연수,2006-12-01,0.0
콜롬비아,유학연수,2007-01-01,1.0
콜롬비아,유학연수,2007-02-01,3.0
콜롬비아,유학연수,2007-03-01,1.0
콜롬비아,유학연수,2007-04-01,4.0
콜롬비아,유학연수,2007-05-01,1.0
콜롬비아,유학연수,2007-06-01,0.0
콜롬비아,유학연수,2007-07-01,1.0
콜롬비아,유학연수,2007-08-01,2.0
콜롬비아,유학연수,2007-09-01,1.0
콜롬비아,유학연수,2007-10-01,1.0
콜롬비아,유학연수,2007-11-01,1.0
콜롬비아,유학연수,2007-12-01,1.0
콜롬비아,유학연수,2008-01-01,0.0
콜롬비아,유학연수,2008-02-01,4.0
콜롬비아,유학연수,2008-03-01,2.0
콜롬비아,유학연수,2008-04-01,1.0
콜롬비아,유학연수,2008-05-01,0.0
콜롬비아,유학연수,2008-06-01,3.0
콜롬비아,유학연수,2008-07-01,2.0
콜롬비아,유학연수,2008-08-01,6.0
콜롬비아,유학연수,2008-09-01,2.0
콜롬비아,유학연수,2008-10-01,1.0
콜롬비아,유학연수,2008-11-01,2.0
콜롬비아,유학연수,2008-12-01,2.0
콜롬비아,유학연수,2009-01-01,5.0
콜롬비아,유학연수,2009-02-01,7.0
콜롬비아,유학연수,2009-03-01,2.0
콜롬비아,유학연수,2009-04-01,1.0
콜롬비아,유학연수,2009-05-01,2.0
콜롬비아,유학연수,2009-06-01,4.0
콜롬비아,유학연수,2009-07-01,3.0
콜롬비아,유학연수,2009-08-01,15.0
콜롬비아,유학연수,2009-09-01,4.0
콜롬비아,유학연수,2009-10-01,0.0
콜롬비아,유학연수,2009-11-01,1.0
콜롬비아,유학연수,2009-12-01,4.0
콜롬비아,유학연수,2010-01-01,3.0
콜롬비아,유학연수,2010-02-01,8.0
콜롬비아,유학연수,2010-03-01,4.0
콜롬비아,유학연수,2010-04-01,2.0
콜롬비아,유학연수,2010-05-01,3.0
콜롬비아,유학연수,2010-06-01,5.0
콜롬비아,유학연수,2010-07-01,3.0
콜롬비아,유학연수,2010-08-01,14.0
콜롬비아,유학연수,2010-09-01,12.0
콜롬비아,유학연수,2010-10-01,1.0
콜롬비아,유학연수,2010-11-01,6.0
콜롬비아,유학연수,2010-12-01,4.0
콜롬비아,유학연수,2011-01-01,7.0
콜롬비아,유학연수,2011-02-01,12.0
콜롬비아,유학연수,2011-03-01,7.0
콜롬비아,유학연수,2011-04-01,5.0
콜롬비아,유학연수,2011-05-01,5.0
콜롬비아,유학연수,2011-06-01,1.0
콜롬비아,유학연수,2011-07-01,5.0
콜롬비아,유학연수,2011-08-01,11.0
콜롬비아,유학연수,2011-09-01,5.0
콜롬비아,유학연수,2011-10-01,3.0
콜롬비아,유학연수,2011-11-01,2.0
콜롬비아,유학연수,2011-12-01,3.0
콜롬비아,유학연수,2012-01-01,11.0
콜롬비아,유학연수,2012-02-01,32.0
콜롬비아,유학연수,2012-03-01,9.0
콜롬비아,유학연수,2012-04-01,6.0
콜롬비아,유학연수,2012-05-01,6.0
콜롬비아,유학연수,2012-06-01,9.0
콜롬비아,유학연수,2012-07-01,6.0
콜롬비아,유학연수,2012-08-01,24.0
콜롬비아,유학연수,2012-09-01,2.0
콜롬비아,유학연수,2012-10-01,6.0
콜롬비아,유학연수,2012-11-01,5.0
콜롬비아,유학연수,2012-12-01,3.0
콜롬비아,유학연수,2013-01-01,9.0
콜롬비아,유학연수,2013-02-01,25.0
콜롬비아,유학연수,2013-03-01,10.0
콜롬비아,유학연수,2013-04-01,3.0
콜롬비아,유학연수,2013-05-01,11.0
콜롬비아,유학연수,2013-06-01,4.0
콜롬비아,유학연수,2013-07-01,8.0
콜롬비아,유학연수,2013-08-01,28.0
콜롬비아,유학연수,2013-09-01,7.0
콜롬비아,유학연수,2013-10-01,6.0
콜롬비아,유학연수,2013-11-01,2.0
콜롬비아,유학연수,2013-12-01,8.0
콜롬비아,유학연수,2014-01-01,17.0
콜롬비아,유학연수,2014-02-01,27.0
콜롬비아,유학연수,2014-03-01,20.0
콜롬비아,유학연수,2014-04-01,1.0
콜롬비아,유학연수,2014-05-01,10.0
콜롬비아,유학연수,2014-06-01,10.0
콜롬비아,유학연수,2014-07-01,8.0
콜롬비아,유학연수,2014-08-01,42.0
콜롬비아,유학연수,2014-09-01,5.0
콜롬비아,유학연수,2014-10-01,3.0
콜롬비아,유학연수,2014-11-01,7.0
콜롬비아,유학연수,2014-12-01,3.0
콜롬비아,유학연수,2015-01-01,22.0
콜롬비아,유학연수,2015-02-01,46.0
콜롬비아,유학연수,2015-03-01,14.0
콜롬비아,유학연수,2015-04-01,3.0
콜롬비아,유학연수,2015-05-01,10.0
콜롬비아,유학연수,2015-06-01,4.0
콜롬비아,유학연수,2015-07-01,14.0
콜롬비아,유학연수,2015-08-01,51.0
콜롬비아,유학연수,2015-09-01,9.0
콜롬비아,유학연수,2015-10-01,8.0
콜롬비아,유학연수,2015-11-01,11.0
콜롬비아,유학연수,2015-12-01,7.0
콜롬비아,유학연수,2016-01-01,19.0
콜롬비아,유학연수,2016-02-01,46.0
콜롬비아,유학연수,2016-03-01,11.0
콜롬비아,유학연수,2016-04-01,4.0
콜롬비아,유학연수,2016-05-01,7.0
콜롬비아,유학연수,2016-06-01,14.0
콜롬비아,유학연수,2016-07-01,12.0
콜롬비아,유학연수,2016-08-01,39.0
콜롬비아,유학연수,2016-09-01,9.0
콜롬비아,유학연수,2016-10-01,6.0
콜롬비아,유학연수,2016-11-01,12.0
콜롬비아,유학연수,2016-12-01,9.0
콜롬비아,유학연수,2017-01-01,13.0
콜롬비아,유학연수,2017-02-01,50.0
콜롬비아,유학연수,2017-03-01,12.0
콜롬비아,유학연수,2017-04-01,4.0
콜롬비아,유학연수,2017-05-01,10.0
콜롬비아,유학연수,2017-06-01,11.0
콜롬비아,유학연수,2017-07-01,21.0
콜롬비아,유학연수,2017-08-01,42.0
콜롬비아,유학연수,2017-09-01,7.0
콜롬비아,유학연수,2017-10-01,10.0
콜롬비아,유학연수,2017-11-01,5.0
콜롬비아,유학연수,2017-12-01,8.0
콜롬비아,유학연수,2018-01-01,16.0
콜롬비아,유학연수,2018-02-01,47.0
콜롬비아,유학연수,2018-03-01,13.0
콜롬비아,유학연수,2018-04-01,3.0
콜롬비아,유학연수,2018-05-01,7.0
콜롬비아,유학연수,2018-06-01,12.0
콜롬비아,유학연수,2018-07-01,20.0
콜롬비아,유학연수,2018-08-01,56.0
콜롬비아,유학연수,2018-09-01,12.0
콜롬비아,유학연수,2018-10-01,10.0
콜롬비아,유학연수,2018-11-01,20.0
콜롬비아,유학연수,2018-12-01,18.0
콜롬비아,유학연수,2019-01-01,19.0
콜롬비아,유학연수,2019-02-01,52.0
콜롬비아,유학연수,2019-03-01,17.0
콜롬비아,유학연수,2019-04-01,5.0
콜롬비아,유학연수,2019-05-01,14.0
콜롬비아,유학연수,2019-06-01,11.0
콜롬비아,유학연수,2019-07-01,16.0
콜롬비아,유학연수,2019-08-01,51.0
콜롬비아,유학연수,2019-09-01,12.0
콜롬비아,유학연수,2019-10-01,5.0
콜롬비아,유학연수,2019-11-01,18.0
콜롬비아,유학연수,2019-12-01,13.0
콜롬비아,유학연수,2020-01-01,24.0
콜롬비아,유학연수,2020-02-01,39.0
콜롬비아,유학연수,2020-03-01,10.0
콜롬비아,유학연수,2020-04-01,0.0
콜롬비아,유학연수,2020-05-01,0.0
콜롬비아,유학연수,2020-06-01,1.0
콜롬비아,유학연수,2020-07-01,0.0
콜롬비아,유학연수,2020-08-01,12.0
콜롬비아,유학연수,2020-09-01,1.0
콜롬비아,유학연수,2020-10-01,3.0
콜롬비아,유학연수,2020-11-01,7.0
콜롬비아,유학연수,2020-12-01,0.0
콜롬비아,유학연수,2021-01-01,6.0
콜롬비아,유학연수,2021-02-01,26.0
콜롬비아,유학연수,2021-03-01,4.0
콜롬비아,유학연수,2021-04-01,4.0
콜롬비아,유학연수,2021-05-01,6.0
콜롬비아,유학연수,2021-06-01,4.0
콜롬비아,유학연수,2021-07-01,5.0
콜롬비아,유학연수,2021-08-01,55.0
콜롬비아,유학연수,2021-09-01,4.0
콜롬비아,유학연수,2021-10-01,1.0
콜롬비아,유학연수,2021-11-01,4.0
콜롬비아,유학연수,2021-12-01,2.0
콜롬비아,유학연수,2022-01-01,13.0
콜롬비아,유학연수,2022-02-01,49.0
콜롬비아,유학연수,2022-03-01,10.0
콜롬비아,유학연수,2022-04-01,2.0
콜롬비아,유학연수,2022-05-01,13.0
콜롬비아,유학연수,2022-06-01,4.0
콜롬비아,유학연수,2022-07-01,11.0
콜롬비아,유학연수,2022-08-01,65.0
콜롬비아,유학연수,2022-09-01,11.0
콜롬비아,유학연수,2022-10-01,4.0
콜롬비아,유학연수,2022-11-01,3.0
콜롬비아,유학연수,2022-12-01,11.0
콜롬비아,유학연수,2023-01-01,25.0
콜롬비아,유학연수,2023-02-01,65.0
콜롬비아,유학연수,2023-03-01,10.0
콜롬비아,유학연수,2023-04-01,4.0
콜롬비아,유학연수,2023-05-01,10.0
콜롬비아,유학연수,2023-06-01,12.0
콜롬비아,유학연수,2023-07-01,15.0
콜롬비아,유학연수,2023-08-01,68.0
콜롬비아,유학연수,2023-09-01,13.0
콜롬비아,유학연수,2023-10-01,5.0
콜롬비아,유학연수,2023-11-01,8.0
콜롬비아,유학연수,2023-12-01,8.0
콜롬비아,유학연수,2024-01-01,25.0
콜롬비아,유학연수,2024-02-01,71.0
콜롬비아,유학연수,2024-03-01,7.0
콜롬비아,유학연수,2024-04-01,7.0
콜롬비아,유학연수,2024-05-01,19.0
콜롬비아,유학연수,2024-06-01,21.0
콜롬비아,유학연수,2024-07-01,20.0
콜롬비아,유학연수,2024-08-01,80.0
콜롬비아,유학연수,2024-09-01,11.0
콜롬비아,유학연수,2024-10-01,10.0
콜롬비아,유학연수,2024-11-01,19.0
콜롬비아,유학연수,2024-12-01,13.0
콜롬비아,유학연수,2025-01-01,27.0
콜롬비아,유학연수,2025-02-01,58.0
콜롬비아,유학연수,2025-03-01,22.0
콜롬비아,유학연수,2025-04-01,2.0
콜롬비아,유학연수,2025-05-01,18.0
쿠바,공용,2005-01-01,0.0
쿠바,공용,2005-02-01,0.0
쿠바,공용,2005-03-01,1.0
쿠바,공용,2005-04-01,0.0
쿠바,공용,2005-05-01,0.0
쿠바,공용,2005-06-01,0.0
쿠바,공용,2005-07-01,0.0
쿠바,공용,2005-08-01,0.0
쿠바,공용,2005-09-01,0.0
쿠바,공용,2005-10-01,0.0
쿠바,공용,2005-11-01,0.0
쿠바,공용,2005-12-01,0.0
쿠바,공용,2006-01-01,0.0
쿠바,공용,2006-02-01,0.0
쿠바,공용,2006-03-01,0.0
쿠바,공용,2006-04-01,2.0
쿠바,공용,2006-05-01,0.0
쿠바,공용,2006-06-01,0.0
쿠바,공용,2006-07-01,0.0
쿠바,공용,2006-08-01,1.0
쿠바,공용,2006-09-01,0.0
쿠바,공용,2006-10-01,0.0
쿠바,공용,2006-11-01,0.0
쿠바,공용,2006-12-01,0.0
쿠바,공용,2007-01-01,0.0
쿠바,공용,2007-02-01,0.0
쿠바,공용,2007-03-01,0.0
쿠바,공용,2007-04-01,0.0
쿠바,공용,2007-05-01,0.0
쿠바,공용,2007-06-01,0.0
쿠바,공용,2007-07-01,1.0
쿠바,공용,2007-08-01,0.0
쿠바,공용,2007-09-01,0.0
쿠바,공용,2007-10-01,0.0
쿠바,공용,2007-11-01,0.0
쿠바,공용,2007-12-01,0.0
쿠바,공용,2008-01-01,1.0
쿠바,공용,2008-02-01,0.0
쿠바,공용,2008-03-01,0.0
쿠바,공용,2008-04-01,2.0
쿠바,공용,2008-05-01,0.0
쿠바,공용,2008-06-01,0.0
쿠바,공용,2008-07-01,1.0
쿠바,공용,2008-08-01,0.0
쿠바,공용,2008-09-01,1.0
쿠바,공용,2008-10-01,0.0
쿠바,공용,2008-11-01,0.0
쿠바,공용,2008-12-01,0.0
쿠바,공용,2009-01-01,0.0
쿠바,공용,2009-02-01,0.0
쿠바,공용,2009-03-01,0.0
쿠바,공용,2009-04-01,0.0
쿠바,공용,2009-05-01,0.0
쿠바,공용,2009-06-01,0.0
쿠바,공용,2009-07-01,0.0
쿠바,공용,2009-08-01,0.0
쿠바,공용,2009-09-01,0.0
쿠바,공용,2009-10-01,0.0
쿠바,공용,2009-11-01,0.0
쿠바,공용,2009-12-01,0.0
쿠바,공용,2010-01-01,0.0
쿠바,공용,2010-02-01,0.0
쿠바,공용,2010-03-01,0.0
쿠바,공용,2010-04-01,1.0
쿠바,공용,2010-05-01,0.0
쿠바,공용,2010-06-01,0.0
쿠바,공용,2010-07-01,0.0
쿠바,공용,2010-08-01,0.0
쿠바,공용,2010-09-01,0.0
쿠바,공용,2010-10-01,1.0
쿠바,공용,2010-11-01,0.0
쿠바,공용,2010-12-01,0.0
쿠바,공용,2011-01-01,0.0
쿠바,공용,2011-02-01,0.0
쿠바,공용,2011-03-01,0.0
쿠바,공용,2011-04-01,1.0
쿠바,공용,2011-05-01,0.0
쿠바,공용,2011-06-01,3.0
쿠바,공용,2011-07-01,0.0
쿠바,공용,2011-08-01,0.0
쿠바,공용,2011-09-01,0.0
쿠바,공용,2011-10-01,1.0
쿠바,공용,2011-11-01,1.0
쿠바,공용,2011-12-01,0.0
쿠바,공용,2012-01-01,0.0
쿠바,공용,2012-02-01,0.0
쿠바,공용,2012-03-01,0.0
쿠바,공용,2012-04-01,0.0
쿠바,공용,2012-05-01,0.0
쿠바,공용,2012-06-01,0.0
쿠바,공용,2012-07-01,0.0
쿠바,공용,2012-08-01,0.0
쿠바,공용,2012-09-01,0.0
쿠바,공용,2012-10-01,0.0
쿠바,공용,2012-11-01,0.0
쿠바,공용,2012-12-01,0.0
쿠바,공용,2013-01-01,0.0
쿠바,공용,2013-02-01,0.0
쿠바,공용,2013-03-01,0.0
쿠바,공용,2013-04-01,0.0
쿠바,공용,2013-05-01,0.0
쿠바,공용,2013-06-01,0.0
쿠바,공용,2013-07-01,0.0
쿠바,공용,2013-08-01,0.0
쿠바,공용,2013-09-01,0.0
쿠바,공용,2013-10-01,0.0
쿠바,공용,2013-11-01,0.0
쿠바,공용,2013-12-01,0.0
쿠바,공용,2014-01-01,0.0
쿠바,공용,2014-02-01,0.0
쿠바,공용,2014-03-01,0.0
쿠바,공용,2014-04-01,0.0
쿠바,공용,2014-05-01,1.0
쿠바,공용,2014-06-01,0.0
쿠바,공용,2014-07-01,0.0
쿠바,공용,2014-08-01,0.0
쿠바,공용,2014-09-01,2.0
쿠바,공용,2014-10-01,0.0
쿠바,공용,2014-11-01,0.0
쿠바,공용,2014-12-01,0.0
쿠바,공용,2015-01-01,0.0
쿠바,공용,2015-02-01,0.0
쿠바,공용,2015-03-01,0.0
쿠바,공용,2015-04-01,0.0
쿠바,공용,2015-05-01,0.0
쿠바,공용,2015-06-01,0.0
쿠바,공용,2015-07-01,1.0
쿠바,공용,2015-08-01,0.0
쿠바,공용,2015-09-01,0.0
쿠바,공용,2015-10-01,0.0
쿠바,공용,2015-11-01,0.0
쿠바,공용,2015-12-01,0.0
쿠바,공용,2016-01-01,0.0
쿠바,공용,2016-02-01,0.0
쿠바,공용,2016-03-01,0.0
쿠바,공용,2016-04-01,0.0
쿠바,공용,2016-05-01,0.0
쿠바,공용,2016-06-01,0.0
쿠바,공용,2016-07-01,0.0
쿠바,공용,2016-08-01,0.0
쿠바,공용,2016-09-01,0.0
쿠바,공용,2016-10-01,0.0
쿠바,공용,2016-11-01,0.0
쿠바,공용,2016-12-01,0.0
쿠바,공용,2017-01-01,0.0
쿠바,공용,2017-02-01,0.0
쿠바,공용,2017-03-01,0.0
쿠바,공용,2017-04-01,0.0
쿠바,공용,2017-05-01,0.0
쿠바,공용,2017-06-01,1.0
쿠바,공용,2017-07-01,0.0
쿠바,공용,2017-08-01,0.0
쿠바,공용,2017-09-01,2.0
쿠바,공용,2017-10-01,0.0
쿠바,공용,2017-11-01,0.0
쿠바,공용,2017-12-01,2.0
쿠바,공용,2018-01-01,0.0
쿠바,공용,2018-02-01,1.0
쿠바,공용,2018-03-01,11.0
쿠바,공용,2018-04-01,0.0
쿠바,공용,2018-05-01,0.0
쿠바,공용,2018-06-01,2.0
쿠바,공용,2018-07-01,0.0
쿠바,공용,2018-08-01,0.0
쿠바,공용,2018-09-01,1.0
쿠바,공용,2018-10-01,1.0
쿠바,공용,2018-11-01,1.0
쿠바,공용,2018-12-01,0.0
쿠바,공용,2019-01-01,0.0
쿠바,공용,2019-02-01,1.0
쿠바,공용,2019-03-01,0.0
쿠바,공용,2019-04-01,0.0
쿠바,공용,2019-05-01,0.0
쿠바,공용,2019-06-01,0.0
쿠바,공용,2019-07-01,1.0
쿠바,공용,2019-08-01,3.0
쿠바,공용,2019-09-01,8.0
쿠바,공용,2019-10-01,1.0
쿠바,공용,2019-11-01,1.0
쿠바,공용,2019-12-01,1.0
쿠바,공용,2020-01-01,0.0
쿠바,공용,2020-02-01,0.0
쿠바,공용,2020-03-01,0.0
쿠바,공용,2020-04-01,0.0
쿠바,공용,2020-05-01,0.0
쿠바,공용,2020-06-01,0.0
쿠바,공용,2020-07-01,0.0
쿠바,공용,2020-08-01,0.0
쿠바,공용,2020-09-01,0.0
쿠바,공용,2020-10-01,0.0
쿠바,공용,2020-11-01,0.0
쿠바,공용,2020-12-01,0.0
쿠바,공용,2021-01-01,0.0
쿠바,공용,2021-02-01,1.0
쿠바,공용,2021-03-01,0.0
쿠바,공용,2021-04-01,0.0
쿠바,공용,2021-05-01,0.0
쿠바,공용,2021-06-01,0.0
쿠바,공용,2021-07-01,4.0
쿠바,공용,2021-08-01,0.0
쿠바,공용,2021-09-01,0.0
쿠바,공용,2021-10-01,0.0
쿠바,공용,2021-11-01,0.0
쿠바,공용,2021-12-01,0.0
쿠바,공용,2022-01-01,1.0
쿠바,공용,2022-02-01,0.0
쿠바,공용,2022-03-01,0.0
쿠바,공용,2022-04-01,0.0
쿠바,공용,2022-05-01,1.0
쿠바,공용,2022-06-01,0.0
쿠바,공용,2022-07-01,0.0
쿠바,공용,2022-08-01,0.0
쿠바,공용,2022-09-01,3.0
쿠바,공용,2022-10-01,0.0
쿠바,공용,2022-11-01,0.0
쿠바,공용,2022-12-01,2.0
쿠바,공용,2023-01-01,0.0
쿠바,공용,2023-02-01,0.0
쿠바,공용,2023-03-01,1.0
쿠바,공용,2023-04-01,0.0
쿠바,공용,2023-05-01,4.0
쿠바,공용,2023-06-01,2.0
쿠바,공용,2023-07-01,1.0
쿠바,공용,2023-08-01,0.0
쿠바,공용,2023-09-01,0.0
쿠바,공용,2023-10-01,0.0
쿠바,공용,2023-11-01,0.0
쿠바,공용,2023-12-01,0.0
쿠바,공용,2024-01-01,2.0
쿠바,공용,2024-02-01,0.0
쿠바,공용,2024-03-01,0.0
쿠바,공용,2024-04-01,0.0
쿠바,공용,2024-05-01,1.0
쿠바,공용,2024-06-01,1.0
쿠바,공용,2024-07-01,0.0
쿠바,공용,2024-08-01,1.0
쿠바,공용,2024-09-01,0.0
쿠바,공용,2024-10-01,0.0
쿠바,공용,2024-11-01,0.0
쿠바,공용,2024-12-01,0.0
쿠바,공용,2025-01-01,0.0
쿠바,공용,2025-02-01,0.0
쿠바,공용,2025-03-01,0.0
쿠바,공용,2025-04-01,0.0
쿠바,공용,2025-05-01,0.0
쿠바,관광,2005-01-01,0.0
쿠바,관광,2005-02-01,2.0
쿠바,관광,2005-03-01,3.0
쿠바,관광,2005-04-01,2.0
쿠바,관광,2005-05-01,9.0
쿠바,관광,2005-06-01,2.0
쿠바,관광,2005-07-01,4.0
쿠바,관광,2005-08-01,5.0
쿠바,관광,2005-09-01,2.0
쿠바,관광,2005-10-01,6.0
쿠바,관광,2005-11-01,4.0
쿠바,관광,2005-12-01,0.0
쿠바,관광,2006-01-01,0.0
쿠바,관광,2006-02-01,0.0
쿠바,관광,2006-03-01,10.0
쿠바,관광,2006-04-01,21.0
쿠바,관광,2006-05-01,2.0
쿠바,관광,2006-06-01,0.0
쿠바,관광,2006-07-01,24.0
쿠바,관광,2006-08-01,11.0
쿠바,관광,2006-09-01,1.0
쿠바,관광,2006-10-01,2.0
쿠바,관광,2006-11-01,0.0
쿠바,관광,2006-12-01,0.0
쿠바,관광,2007-01-01,0.0
쿠바,관광,2007-02-01,1.0
쿠바,관광,2007-03-01,1.0
쿠바,관광,2007-04-01,10.0
쿠바,관광,2007-05-01,7.0
쿠바,관광,2007-06-01,2.0
쿠바,관광,2007-07-01,3.0
쿠바,관광,2007-08-01,2.0
쿠바,관광,2007-09-01,4.0
쿠바,관광,2007-10-01,8.0
쿠바,관광,2007-11-01,18.0
쿠바,관광,2007-12-01,1.0
쿠바,관광,2008-01-01,2.0
쿠바,관광,2008-02-01,0.0
쿠바,관광,2008-03-01,0.0
쿠바,관광,2008-04-01,2.0
쿠바,관광,2008-05-01,9.0
쿠바,관광,2008-06-01,3.0
쿠바,관광,2008-07-01,69.0
쿠바,관광,2008-08-01,5.0
쿠바,관광,2008-09-01,5.0
쿠바,관광,2008-10-01,5.0
쿠바,관광,2008-11-01,2.0
쿠바,관광,2008-12-01,2.0
쿠바,관광,2009-01-01,1.0
쿠바,관광,2009-02-01,0.0
쿠바,관광,2009-03-01,2.0
쿠바,관광,2009-04-01,1.0
쿠바,관광,2009-05-01,4.0
쿠바,관광,2009-06-01,4.0
쿠바,관광,2009-07-01,2.0
쿠바,관광,2009-08-01,6.0
쿠바,관광,2009-09-01,1.0
쿠바,관광,2009-10-01,4.0
쿠바,관광,2009-11-01,16.0
쿠바,관광,2009-12-01,1.0
쿠바,관광,2010-01-01,2.0
쿠바,관광,2010-02-01,0.0
쿠바,관광,2010-03-01,6.0
쿠바,관광,2010-04-01,2.0
쿠바,관광,2010-05-01,6.0
쿠바,관광,2010-06-01,2.0
쿠바,관광,2010-07-01,6.0
쿠바,관광,2010-08-01,7.0
쿠바,관광,2010-09-01,8.0
쿠바,관광,2010-10-01,9.0
쿠바,관광,2010-11-01,3.0
쿠바,관광,2010-12-01,2.0
쿠바,관광,2011-01-01,1.0
쿠바,관광,2011-02-01,1.0
쿠바,관광,2011-03-01,5.0
쿠바,관광,2011-04-01,2.0
쿠바,관광,2011-05-01,21.0
쿠바,관광,2011-06-01,20.0
쿠바,관광,2011-07-01,7.0
쿠바,관광,2011-08-01,61.0
쿠바,관광,2011-09-01,4.0
쿠바,관광,2011-10-01,6.0
쿠바,관광,2011-11-01,0.0
쿠바,관광,2011-12-01,7.0
쿠바,관광,2012-01-01,0.0
쿠바,관광,2012-02-01,2.0
쿠바,관광,2012-03-01,4.0
쿠바,관광,2012-04-01,9.0
쿠바,관광,2012-05-01,10.0
쿠바,관광,2012-06-01,19.0
쿠바,관광,2012-07-01,0.0
쿠바,관광,2012-08-01,4.0
쿠바,관광,2012-09-01,7.0
쿠바,관광,2012-10-01,2.0
쿠바,관광,2012-11-01,4.0
쿠바,관광,2012-12-01,0.0
쿠바,관광,2013-01-01,3.0
쿠바,관광,2013-02-01,4.0
쿠바,관광,2013-03-01,0.0
쿠바,관광,2013-04-01,1.0
쿠바,관광,2013-05-01,8.0
쿠바,관광,2013-06-01,2.0
쿠바,관광,2013-07-01,43.0
쿠바,관광,2013-08-01,25.0
쿠바,관광,2013-09-01,6.0
쿠바,관광,2013-10-01,13.0
쿠바,관광,2013-11-01,3.0
쿠바,관광,2013-12-01,0.0
쿠바,관광,2014-01-01,5.0
쿠바,관광,2014-02-01,2.0
쿠바,관광,2014-03-01,3.0
쿠바,관광,2014-04-01,8.0
쿠바,관광,2014-05-01,8.0
쿠바,관광,2014-06-01,3.0
쿠바,관광,2014-07-01,13.0
쿠바,관광,2014-08-01,5.0
쿠바,관광,2014-09-01,15.0
쿠바,관광,2014-10-01,16.0
쿠바,관광,2014-11-01,9.0
쿠바,관광,2014-12-01,4.0
쿠바,관광,2015-01-01,3.0
쿠바,관광,2015-02-01,3.0
쿠바,관광,2015-03-01,6.0
쿠바,관광,2015-04-01,2.0
쿠바,관광,2015-05-01,18.0
쿠바,관광,2015-06-01,17.0
쿠바,관광,2015-07-01,24.0
쿠바,관광,2015-08-01,8.0
쿠바,관광,2015-09-01,22.0
쿠바,관광,2015-10-01,8.0
쿠바,관광,2015-11-01,66.0
쿠바,관광,2015-12-01,2.0
쿠바,관광,2016-01-01,6.0
쿠바,관광,2016-02-01,8.0
쿠바,관광,2016-03-01,6.0
쿠바,관광,2016-04-01,3.0
쿠바,관광,2016-05-01,23.0
쿠바,관광,2016-06-01,4.0
쿠바,관광,2016-07-01,16.0
쿠바,관광,2016-08-01,27.0
쿠바,관광,2016-09-01,35.0
쿠바,관광,2016-10-01,6.0
쿠바,관광,2016-11-01,8.0
쿠바,관광,2016-12-01,3.0
쿠바,관광,2017-01-01,1.0
쿠바,관광,2017-02-01,57.0
쿠바,관광,2017-03-01,5.0
쿠바,관광,2017-04-01,0.0
쿠바,관광,2017-05-01,21.0
쿠바,관광,2017-06-01,15.0
쿠바,관광,2017-07-01,15.0
쿠바,관광,2017-08-01,3.0
쿠바,관광,2017-09-01,16.0
쿠바,관광,2017-10-01,7.0
쿠바,관광,2017-11-01,6.0
쿠바,관광,2017-12-01,1.0
쿠바,관광,2018-01-01,4.0
쿠바,관광,2018-02-01,0.0
쿠바,관광,2018-03-01,3.0
쿠바,관광,2018-04-01,18.0
쿠바,관광,2018-05-01,4.0
쿠바,관광,2018-06-01,4.0
쿠바,관광,2018-07-01,7.0
쿠바,관광,2018-08-01,13.0
쿠바,관광,2018-09-01,13.0
쿠바,관광,2018-10-01,8.0
쿠바,관광,2018-11-01,1.0
쿠바,관광,2018-12-01,10.0
쿠바,관광,2019-01-01,0.0
쿠바,관광,2019-02-01,5.0
쿠바,관광,2019-03-01,1.0
쿠바,관광,2019-04-01,27.0
쿠바,관광,2019-05-01,9.0
쿠바,관광,2019-06-01,31.0
쿠바,관광,2019-07-01,53.0
쿠바,관광,2019-08-01,7.0
쿠바,관광,2019-09-01,15.0
쿠바,관광,2019-10-01,7.0
쿠바,관광,2019-11-01,56.0
쿠바,관광,2019-12-01,3.0
쿠바,관광,2020-01-01,1.0
쿠바,관광,2020-02-01,8.0
쿠바,관광,2020-03-01,1.0
쿠바,관광,2020-04-01,0.0
쿠바,관광,2020-05-01,0.0
쿠바,관광,2020-06-01,0.0
쿠바,관광,2020-07-01,0.0
쿠바,관광,2020-08-01,0.0
쿠바,관광,2020-09-01,0.0
쿠바,관광,2020-10-01,0.0
쿠바,관광,2020-11-01,0.0
쿠바,관광,2020-12-01,0.0
쿠바,관광,2021-01-01,0.0
쿠바,관광,2021-02-01,0.0
쿠바,관광,2021-03-01,3.0
쿠바,관광,2021-04-01,0.0
쿠바,관광,2021-05-01,0.0
쿠바,관광,2021-06-01,0.0
쿠바,관광,2021-07-01,0.0
쿠바,관광,2021-08-01,1.0
쿠바,관광,2021-09-01,0.0
쿠바,관광,2021-10-01,0.0
쿠바,관광,2021-11-01,1.0
쿠바,관광,2021-12-01,3.0
쿠바,관광,2022-01-01,0.0
쿠바,관광,2022-02-01,0.0
쿠바,관광,2022-03-01,0.0
쿠바,관광,2022-04-01,0.0
쿠바,관광,2022-05-01,2.0
쿠바,관광,2022-06-01,0.0
쿠바,관광,2022-07-01,18.0
쿠바,관광,2022-08-01,4.0
쿠바,관광,2022-09-01,0.0
쿠바,관광,2022-10-01,7.0
쿠바,관광,2022-11-01,4.0
쿠바,관광,2022-12-01,2.0
쿠바,관광,2023-01-01,0.0
쿠바,관광,2023-02-01,0.0
쿠바,관광,2023-03-01,0.0
쿠바,관광,2023-04-01,0.0
쿠바,관광,2023-05-01,17.0
쿠바,관광,2023-06-01,0.0
쿠바,관광,2023-07-01,9.0
쿠바,관광,2023-08-01,3.0
쿠바,관광,2023-09-01,4.0
쿠바,관광,2023-10-01,1.0
쿠바,관광,2023-11-01,2.0
쿠바,관광,2023-12-01,0.0
쿠바,관광,2024-01-01,2.0
쿠바,관광,2024-02-01,11.0
쿠바,관광,2024-03-01,3.0
쿠바,관광,2024-04-01,6.0
쿠바,관광,2024-05-01,11.0
쿠바,관광,2024-06-01,18.0
쿠바,관광,2024-07-01,4.0
쿠바,관광,2024-08-01,41.0
쿠바,관광,2024-09-01,6.0
쿠바,관광,2024-10-01,50.0
쿠바,관광,2024-11-01,5.0
쿠바,관광,2024-12-01,7.0
쿠바,관광,2025-01-01,0.0
쿠바,관광,2025-02-01,1.0
쿠바,관광,2025-03-01,8.0
쿠바,관광,2025-04-01,6.0
쿠바,관광,2025-05-01,8.0
쿠바,상용,2005-01-01,5.0
쿠바,상용,2005-02-01,1.0
쿠바,상용,2005-03-01,4.0
쿠바,상용,2005-04-01,4.0
쿠바,상용,2005-05-01,4.0
쿠바,상용,2005-06-01,11.0
쿠바,상용,2005-07-01,0.0
쿠바,상용,2005-08-01,0.0
쿠바,상용,2005-09-01,0.0
쿠바,상용,2005-10-01,3.0
쿠바,상용,2005-11-01,4.0
쿠바,상용,2005-12-01,7.0
쿠바,상용,2006-01-01,1.0
쿠바,상용,2006-02-01,4.0
쿠바,상용,2006-03-01,1.0
쿠바,상용,2006-04-01,4.0
쿠바,상용,2006-05-01,6.0
쿠바,상용,2006-06-01,4.0
쿠바,상용,2006-07-01,1.0
쿠바,상용,2006-08-01,2.0
쿠바,상용,2006-09-01,0.0
쿠바,상용,2006-10-01,0.0
쿠바,상용,2006-11-01,1.0
쿠바,상용,2006-12-01,0.0
쿠바,상용,2007-01-01,0.0
쿠바,상용,2007-02-01,24.0
쿠바,상용,2007-03-01,2.0
쿠바,상용,2007-04-01,2.0
쿠바,상용,2007-05-01,7.0
쿠바,상용,2007-06-01,9.0
쿠바,상용,2007-07-01,9.0
쿠바,상용,2007-08-01,1.0
쿠바,상용,2007-09-01,6.0
쿠바,상용,2007-10-01,2.0
쿠바,상용,2007-11-01,5.0
쿠바,상용,2007-12-01,3.0
쿠바,상용,2008-01-01,0.0
쿠바,상용,2008-02-01,1.0
쿠바,상용,2008-03-01,2.0
쿠바,상용,2008-04-01,2.0
쿠바,상용,2008-05-01,0.0
쿠바,상용,2008-06-01,1.0
쿠바,상용,2008-07-01,14.0
쿠바,상용,2008-08-01,3.0
쿠바,상용,2008-09-01,4.0
쿠바,상용,2008-10-01,1.0
쿠바,상용,2008-11-01,4.0
쿠바,상용,2008-12-01,2.0
쿠바,상용,2009-01-01,12.0
쿠바,상용,2009-02-01,0.0
쿠바,상용,2009-03-01,15.0
쿠바,상용,2009-04-01,6.0
쿠바,상용,2009-05-01,5.0
쿠바,상용,2009-06-01,4.0
쿠바,상용,2009-07-01,0.0
쿠바,상용,2009-08-01,7.0
쿠바,상용,2009-09-01,1.0
쿠바,상용,2009-10-01,1.0
쿠바,상용,2009-11-01,1.0
쿠바,상용,2009-12-01,9.0
쿠바,상용,2010-01-01,0.0
쿠바,상용,2010-02-01,0.0
쿠바,상용,2010-03-01,0.0
쿠바,상용,2010-04-01,0.0
쿠바,상용,2010-05-01,0.0
쿠바,상용,2010-06-01,0.0
쿠바,상용,2010-07-01,4.0
쿠바,상용,2010-08-01,0.0
쿠바,상용,2010-09-01,0.0
쿠바,상용,2010-10-01,6.0
쿠바,상용,2010-11-01,0.0
쿠바,상용,2010-12-01,4.0
쿠바,상용,2011-01-01,2.0
쿠바,상용,2011-02-01,5.0
쿠바,상용,2011-03-01,0.0
쿠바,상용,2011-04-01,0.0
쿠바,상용,2011-05-01,0.0
쿠바,상용,2011-06-01,3.0
쿠바,상용,2011-07-01,2.0
쿠바,상용,2011-08-01,0.0
쿠바,상용,2011-09-01,0.0
쿠바,상용,2011-10-01,4.0
쿠바,상용,2011-11-01,2.0
쿠바,상용,2011-12-01,4.0
쿠바,상용,2012-01-01,0.0
쿠바,상용,2012-02-01,0.0
쿠바,상용,2012-03-01,0.0
쿠바,상용,2012-04-01,1.0
쿠바,상용,2012-05-01,0.0
쿠바,상용,2012-06-01,0.0
쿠바,상용,2012-07-01,0.0
쿠바,상용,2012-08-01,1.0
쿠바,상용,2012-09-01,0.0
쿠바,상용,2012-10-01,0.0
쿠바,상용,2012-11-01,3.0
쿠바,상용,2012-12-01,0.0
쿠바,상용,2013-01-01,0.0
쿠바,상용,2013-02-01,0.0
쿠바,상용,2013-03-01,0.0
쿠바,상용,2013-04-01,0.0
쿠바,상용,2013-05-01,0.0
쿠바,상용,2013-06-01,1.0
쿠바,상용,2013-07-01,0.0
쿠바,상용,2013-08-01,0.0
쿠바,상용,2013-09-01,0.0
쿠바,상용,2013-10-01,6.0
쿠바,상용,2013-11-01,1.0
쿠바,상용,2013-12-01,1.0
쿠바,상용,2014-01-01,0.0
쿠바,상용,2014-02-01,0.0
쿠바,상용,2014-03-01,1.0
쿠바,상용,2014-04-01,0.0
쿠바,상용,2014-05-01,3.0
쿠바,상용,2014-06-01,6.0
쿠바,상용,2014-07-01,0.0
쿠바,상용,2014-08-01,0.0
쿠바,상용,2014-09-01,0.0
쿠바,상용,2014-10-01,1.0
쿠바,상용,2014-11-01,1.0
쿠바,상용,2014-12-01,0.0
쿠바,상용,2015-01-01,0.0
쿠바,상용,2015-02-01,0.0
쿠바,상용,2015-03-01,0.0
쿠바,상용,2015-04-01,0.0
쿠바,상용,2015-05-01,2.0
쿠바,상용,2015-06-01,8.0
쿠바,상용,2015-07-01,0.0
쿠바,상용,2015-08-01,1.0
쿠바,상용,2015-09-01,6.0
쿠바,상용,2015-10-01,0.0
쿠바,상용,2015-11-01,2.0
쿠바,상용,2015-12-01,0.0
쿠바,상용,2016-01-01,1.0
쿠바,상용,2016-02-01,0.0
쿠바,상용,2016-03-01,0.0
쿠바,상용,2016-04-01,4.0
쿠바,상용,2016-05-01,8.0
쿠바,상용,2016-06-01,7.0
쿠바,상용,2016-07-01,0.0
쿠바,상용,2016-08-01,1.0
쿠바,상용,2016-09-01,1.0
쿠바,상용,2016-10-01,3.0
쿠바,상용,2016-11-01,1.0
쿠바,상용,2016-12-01,0.0
쿠바,상용,2017-01-01,0.0
쿠바,상용,2017-02-01,0.0
쿠바,상용,2017-03-01,0.0
쿠바,상용,2017-04-01,2.0
쿠바,상용,2017-05-01,3.0
쿠바,상용,2017-06-01,0.0
쿠바,상용,2017-07-01,2.0
쿠바,상용,2017-08-01,0.0
쿠바,상용,2017-09-01,1.0
쿠바,상용,2017-10-01,15.0
쿠바,상용,2017-11-01,0.0
쿠바,상용,2017-12-01,2.0
쿠바,상용,2018-01-01,0.0
쿠바,상용,2018-02-01,4.0
쿠바,상용,2018-03-01,3.0
쿠바,상용,2018-04-01,0.0
쿠바,상용,2018-05-01,0.0
쿠바,상용,2018-06-01,1.0
쿠바,상용,2018-07-01,0.0
쿠바,상용,2018-08-01,2.0
쿠바,상용,2018-09-01,0.0
쿠바,상용,2018-10-01,2.0
쿠바,상용,2018-11-01,0.0
쿠바,상용,2018-12-01,0.0
쿠바,상용,2019-01-01,2.0
쿠바,상용,2019-02-01,0.0
쿠바,상용,2019-03-01,1.0
쿠바,상용,2019-04-01,0.0
쿠바,상용,2019-05-01,1.0
쿠바,상용,2019-06-01,0.0
쿠바,상용,2019-07-01,0.0
쿠바,상용,2019-08-01,0.0
쿠바,상용,2019-09-01,0.0
쿠바,상용,2019-10-01,0.0
쿠바,상용,2019-11-01,0.0
쿠바,상용,2019-12-01,0.0
쿠바,상용,2020-01-01,0.0
쿠바,상용,2020-02-01,0.0
쿠바,상용,2020-03-01,0.0
쿠바,상용,2020-04-01,0.0
쿠바,상용,2020-05-01,0.0
쿠바,상용,2020-06-01,0.0
쿠바,상용,2020-07-01,0.0
쿠바,상용,2020-08-01,0.0
쿠바,상용,2020-09-01,0.0
쿠바,상용,2020-10-01,0.0
쿠바,상용,2020-11-01,0.0
쿠바,상용,2020-12-01,0.0
쿠바,상용,2021-01-01,0.0
쿠바,상용,2021-02-01,0.0
쿠바,상용,2021-03-01,0.0
쿠바,상용,2021-04-01,0.0
쿠바,상용,2021-05-01,0.0
쿠바,상용,2021-06-01,0.0
쿠바,상용,2021-07-01,0.0
쿠바,상용,2021-08-01,0.0
쿠바,상용,2021-09-01,0.0
쿠바,상용,2021-10-01,0.0
쿠바,상용,2021-11-01,0.0
쿠바,상용,2021-12-01,0.0
쿠바,상용,2022-01-01,0.0
쿠바,상용,2022-02-01,0.0
쿠바,상용,2022-03-01,0.0
쿠바,상용,2022-04-01,0.0
쿠바,상용,2022-05-01,0.0
쿠바,상용,2022-06-01,2.0
쿠바,상용,2022-07-01,0.0
쿠바,상용,2022-08-01,0.0
쿠바,상용,2022-09-01,1.0
쿠바,상용,2022-10-01,3.0
쿠바,상용,2022-11-01,0.0
쿠바,상용,2022-12-01,1.0
쿠바,상용,2023-01-01,0.0
쿠바,상용,2023-02-01,0.0
쿠바,상용,2023-03-01,0.0
쿠바,상용,2023-04-01,0.0
쿠바,상용,2023-05-01,0.0
쿠바,상용,2023-06-01,0.0
쿠바,상용,2023-07-01,0.0
쿠바,상용,2023-08-01,5.0
쿠바,상용,2023-09-01,0.0
쿠바,상용,2023-10-01,0.0
쿠바,상용,2023-11-01,0.0
쿠바,상용,2023-12-01,0.0
쿠바,상용,2024-01-01,0.0
쿠바,상용,2024-02-01,0.0
쿠바,상용,2024-03-01,0.0
쿠바,상용,2024-04-01,0.0
쿠바,상용,2024-05-01,0.0
쿠바,상용,2024-06-01,0.0
쿠바,상용,2024-07-01,0.0
쿠바,상용,2024-08-01,0.0
쿠바,상용,2024-09-01,0.0
쿠바,상용,2024-10-01,0.0
쿠바,상용,2024-11-01,0.0
쿠바,상용,2024-12-01,0.0
쿠바,상용,2025-01-01,0.0
쿠바,상용,2025-02-01,0.0
쿠바,상용,2025-03-01,0.0
쿠바,상용,2025-04-01,0.0
쿠바,상용,2025-05-01,0.0
쿠바,유학연수,2005-01-01,0.0
쿠바,유학연수,2005-02-01,0.0
쿠바,유학연수,2005-03-01,0.0
쿠바,유학연수,2005-04-01,0.0
쿠바,유학연수,2005-05-01,0.0
쿠바,유학연수,2005-06-01,0.0
쿠바,유학연수,2005-07-01,0.0
쿠바,유학연수,2005-08-01,0.0
쿠바,유학연수,2005-09-01,0.0
쿠바,유학연수,2005-10-01,0.0
쿠바,유학연수,2005-11-01,0.0
쿠바,유학연수,2005-12-01,0.0
쿠바,유학연수,2006-01-01,0.0
쿠바,유학연수,2006-02-01,0.0
쿠바,유학연수,2006-03-01,0.0
쿠바,유학연수,2006-04-01,0.0
쿠바,유학연수,2006-05-01,0.0
쿠바,유학연수,2006-06-01,0.0
쿠바,유학연수,2006-07-01,0.0
쿠바,유학연수,2006-08-01,0.0
쿠바,유학연수,2006-09-01,0.0
쿠바,유학연수,2006-10-01,0.0
쿠바,유학연수,2006-11-01,0.0
쿠바,유학연수,2006-12-01,1.0
쿠바,유학연수,2007-01-01,0.0
쿠바,유학연수,2007-02-01,0.0
쿠바,유학연수,2007-03-01,0.0
쿠바,유학연수,2007-04-01,0.0
쿠바,유학연수,2007-05-01,0.0
쿠바,유학연수,2007-06-01,0.0
쿠바,유학연수,2007-07-01,0.0
쿠바,유학연수,2007-08-01,0.0
쿠바,유학연수,2007-09-01,0.0
쿠바,유학연수,2007-10-01,0.0
쿠바,유학연수,2007-11-01,0.0
쿠바,유학연수,2007-12-01,0.0
쿠바,유학연수,2008-01-01,0.0
쿠바,유학연수,2008-02-01,0.0
쿠바,유학연수,2008-03-01,0.0
쿠바,유학연수,2008-04-01,0.0
쿠바,유학연수,2008-05-01,0.0
쿠바,유학연수,2008-06-01,0.0
쿠바,유학연수,2008-07-01,0.0
쿠바,유학연수,2008-08-01,0.0
쿠바,유학연수,2008-09-01,0.0
쿠바,유학연수,2008-10-01,0.0
쿠바,유학연수,2008-11-01,0.0
쿠바,유학연수,2008-12-01,0.0
쿠바,유학연수,2009-01-01,0.0
쿠바,유학연수,2009-02-01,0.0
쿠바,유학연수,2009-03-01,0.0
쿠바,유학연수,2009-04-01,0.0
쿠바,유학연수,2009-05-01,0.0
쿠바,유학연수,2009-06-01,0.0
쿠바,유학연수,2009-07-01,1.0
쿠바,유학연수,2009-08-01,0.0
쿠바,유학연수,2009-09-01,0.0
쿠바,유학연수,2009-10-01,0.0
쿠바,유학연수,2009-11-01,0.0
쿠바,유학연수,2009-12-01,0.0
쿠바,유학연수,2010-01-01,0.0
쿠바,유학연수,2010-02-01,0.0
쿠바,유학연수,2010-03-01,0.0
쿠바,유학연수,2010-04-01,0.0
쿠바,유학연수,2010-05-01,0.0
쿠바,유학연수,2010-06-01,0.0
쿠바,유학연수,2010-07-01,0.0
쿠바,유학연수,2010-08-01,0.0
쿠바,유학연수,2010-09-01,0.0
쿠바,유학연수,2010-10-01,0.0
쿠바,유학연수,2010-11-01,0.0
쿠바,유학연수,2010-12-01,0.0
쿠바,유학연수,2011-01-01,0.0
쿠바,유학연수,2011-02-01,0.0
쿠바,유학연수,2011-03-01,1.0
쿠바,유학연수,2011-04-01,0.0
쿠바,유학연수,2011-05-01,0.0
쿠바,유학연수,2011-06-01,0.0
쿠바,유학연수,2011-07-01,0.0
쿠바,유학연수,2011-08-01,0.0
쿠바,유학연수,2011-09-01,0.0
쿠바,유학연수,2011-10-01,0.0
쿠바,유학연수,2011-11-01,0.0
쿠바,유학연수,2011-12-01,0.0
쿠바,유학연수,2012-01-01,1.0
쿠바,유학연수,2012-02-01,1.0
쿠바,유학연수,2012-03-01,0.0
쿠바,유학연수,2012-04-01,0.0
쿠바,유학연수,2012-05-01,0.0
쿠바,유학연수,2012-06-01,0.0
쿠바,유학연수,2012-07-01,0.0
쿠바,유학연수,2012-08-01,0.0
쿠바,유학연수,2012-09-01,0.0
쿠바,유학연수,2012-10-01,0.0
쿠바,유학연수,2012-11-01,0.0
쿠바,유학연수,2012-12-01,0.0
쿠바,유학연수,2013-01-01,0.0
쿠바,유학연수,2013-02-01,1.0
쿠바,유학연수,2013-03-01,0.0
쿠바,유학연수,2013-04-01,0.0
쿠바,유학연수,2013-05-01,0.0
쿠바,유학연수,2013-06-01,0.0
쿠바,유학연수,2013-07-01,0.0
쿠바,유학연수,2013-08-01,1.0
쿠바,유학연수,2013-09-01,0.0
쿠바,유학연수,2013-10-01,0.0
쿠바,유학연수,2013-11-01,0.0
쿠바,유학연수,2013-12-01,0.0
쿠바,유학연수,2014-01-01,0.0
쿠바,유학연수,2014-02-01,1.0
쿠바,유학연수,2014-03-01,0.0
쿠바,유학연수,2014-04-01,0.0
쿠바,유학연수,2014-05-01,0.0
쿠바,유학연수,2014-06-01,0.0
쿠바,유학연수,2014-07-01,0.0
쿠바,유학연수,2014-08-01,0.0
쿠바,유학연수,2014-09-01,0.0
쿠바,유학연수,2014-10-01,0.0
쿠바,유학연수,2014-11-01,0.0
쿠바,유학연수,2014-12-01,0.0
쿠바,유학연수,2015-01-01,0.0
쿠바,유학연수,2015-02-01,3.0
쿠바,유학연수,2015-03-01,0.0
쿠바,유학연수,2015-04-01,0.0
쿠바,유학연수,2015-05-01,0.0
쿠바,유학연수,2015-06-01,0.0
쿠바,유학연수,2015-07-01,0.0
쿠바,유학연수,2015-08-01,0.0
쿠바,유학연수,2015-09-01,0.0
쿠바,유학연수,2015-10-01,0.0
쿠바,유학연수,2015-11-01,1.0
쿠바,유학연수,2015-12-01,0.0
쿠바,유학연수,2016-01-01,1.0
쿠바,유학연수,2016-02-01,0.0
쿠바,유학연수,2016-03-01,0.0
쿠바,유학연수,2016-04-01,0.0
쿠바,유학연수,2016-05-01,0.0
쿠바,유학연수,2016-06-01,0.0
쿠바,유학연수,2016-07-01,0.0
쿠바,유학연수,2016-08-01,3.0
쿠바,유학연수,2016-09-01,0.0
쿠바,유학연수,2016-10-01,0.0
쿠바,유학연수,2016-11-01,6.0
쿠바,유학연수,2016-12-01,0.0
쿠바,유학연수,2017-01-01,0.0
쿠바,유학연수,2017-02-01,1.0
쿠바,유학연수,2017-03-01,0.0
쿠바,유학연수,2017-04-01,0.0
쿠바,유학연수,2017-05-01,0.0
쿠바,유학연수,2017-06-01,0.0
쿠바,유학연수,2017-07-01,0.0
쿠바,유학연수,2017-08-01,2.0
쿠바,유학연수,2017-09-01,0.0
쿠바,유학연수,2017-10-01,0.0
쿠바,유학연수,2017-11-01,0.0
쿠바,유학연수,2017-12-01,0.0
쿠바,유학연수,2018-01-01,0.0
쿠바,유학연수,2018-02-01,0.0
쿠바,유학연수,2018-03-01,2.0
쿠바,유학연수,2018-04-01,0.0
쿠바,유학연수,2018-05-01,0.0
쿠바,유학연수,2018-06-01,1.0
쿠바,유학연수,2018-07-01,1.0
쿠바,유학연수,2018-08-01,1.0
쿠바,유학연수,2018-09-01,1.0
쿠바,유학연수,2018-10-01,0.0
쿠바,유학연수,2018-11-01,0.0
쿠바,유학연수,2018-12-01,0.0
쿠바,유학연수,2019-01-01,0.0
쿠바,유학연수,2019-02-01,1.0
쿠바,유학연수,2019-03-01,6.0
쿠바,유학연수,2019-04-01,0.0
쿠바,유학연수,2019-05-01,0.0
쿠바,유학연수,2019-06-01,0.0
쿠바,유학연수,2019-07-01,6.0
쿠바,유학연수,2019-08-01,3.0
쿠바,유학연수,2019-09-01,3.0
쿠바,유학연수,2019-10-01,0.0
쿠바,유학연수,2019-11-01,0.0
쿠바,유학연수,2019-12-01,3.0
쿠바,유학연수,2020-01-01,3.0
쿠바,유학연수,2020-02-01,3.0
쿠바,유학연수,2020-03-01,1.0
쿠바,유학연수,2020-04-01,0.0
쿠바,유학연수,2020-05-01,0.0
쿠바,유학연수,2020-06-01,0.0
쿠바,유학연수,2020-07-01,0.0
쿠바,유학연수,2020-08-01,0.0
쿠바,유학연수,2020-09-01,0.0
쿠바,유학연수,2020-10-01,0.0
쿠바,유학연수,2020-11-01,0.0
쿠바,유학연수,2020-12-01,0.0
쿠바,유학연수,2021-01-01,0.0
쿠바,유학연수,2021-02-01,0.0
쿠바,유학연수,2021-03-01,0.0
쿠바,유학연수,2021-04-01,0.0
쿠바,유학연수,2021-05-01,0.0
쿠바,유학연수,2021-06-01,0.0
쿠바,유학연수,2021-07-01,0.0
쿠바,유학연수,2021-08-01,3.0
쿠바,유학연수,2021-09-01,0.0
쿠바,유학연수,2021-10-01,0.0
쿠바,유학연수,2021-11-01,0.0
쿠바,유학연수,2021-12-01,0.0
쿠바,유학연수,2022-01-01,0.0
쿠바,유학연수,2022-02-01,0.0
쿠바,유학연수,2022-03-01,0.0
쿠바,유학연수,2022-04-01,0.0
쿠바,유학연수,2022-05-01,0.0
쿠바,유학연수,2022-06-01,0.0
쿠바,유학연수,2022-07-01,0.0
쿠바,유학연수,2022-08-01,2.0
쿠바,유학연수,2022-09-01,0.0
쿠바,유학연수,2022-10-01,0.0
쿠바,유학연수,2022-11-01,0.0
쿠바,유학연수,2022-12-01,0.0
쿠바,유학연수,2023-01-01,0.0
쿠바,유학연수,2023-02-01,0.0
쿠바,유학연수,2023-03-01,0.0
쿠바,유학연수,2023-04-01,0.0
쿠바,유학연수,2023-05-01,0.0
쿠바,유학연수,2023-06-01,1.0
쿠바,유학연수,2023-07-01,0.0
쿠바,유학연수,2023-08-01,1.0
쿠바,유학연수,2023-09-01,1.0
쿠바,유학연수,2023-10-01,0.0
쿠바,유학연수,2023-11-01,0.0
쿠바,유학연수,2023-12-01,1.0
쿠바,유학연수,2024-01-01,0.0
쿠바,유학연수,2024-02-01,2.0
쿠바,유학연수,2024-03-01,1.0
쿠바,유학연수,2024-04-01,0.0
쿠바,유학연수,2024-05-01,0.0
쿠바,유학연수,2024-06-01,1.0
쿠바,유학연수,2024-07-01,0.0
쿠바,유학연수,2024-08-01,2.0
쿠바,유학연수,2024-09-01,1.0
쿠바,유학연수,2024-10-01,0.0
쿠바,유학연수,2024-11-01,0.0
쿠바,유학연수,2024-12-01,0.0
쿠바,유학연수,2025-01-01,1.0
쿠바,유학연수,2025-02-01,4.0
쿠바,유학연수,2025-03-01,1.0
쿠바,유학연수,2025-04-01,0.0
쿠바,유학연수,2025-05-01,0.0
키리바시,공용,2005-01-01,0.0
키리바시,공용,2005-02-01,0.0
키리바시,공용,2005-03-01,0.0
키리바시,공용,2005-04-01,0.0
키리바시,공용,2005-05-01,0.0
키리바시,공용,2005-06-01,0.0
키리바시,공용,2005-07-01,0.0
키리바시,공용,2005-08-01,0.0
키리바시,공용,2005-09-01,0.0
키리바시,공용,2005-10-01,0.0
키리바시,공용,2005-11-01,0.0
키리바시,공용,2005-12-01,0.0
키리바시,공용,2006-01-01,0.0
키리바시,공용,2006-02-01,0.0
키리바시,공용,2006-03-01,0.0
키리바시,공용,2006-04-01,0.0
키리바시,공용,2006-05-01,0.0
키리바시,공용,2006-06-01,0.0
키리바시,공용,2006-07-01,0.0
키리바시,공용,2006-08-01,0.0
