국적,목적,날짜,입국자수
그리스,공용,2005-01-01,0.0
그리스,공용,2005-02-01,0.0
그리스,공용,2005-03-01,0.0
그리스,공용,2005-04-01,0.0
그리스,공용,2005-05-01,0.0
그리스,공용,2005-06-01,0.0
그리스,공용,2005-07-01,0.0
그리스,공용,2005-08-01,2.0
그리스,공용,2005-09-01,0.0
그리스,공용,2005-10-01,2.0
그리스,공용,2005-11-01,0.0
그리스,공용,2005-12-01,0.0
그리스,공용,2006-01-01,0.0
그리스,공용,2006-02-01,0.0
그리스,공용,2006-03-01,0.0
그리스,공용,2006-04-01,0.0
그리스,공용,2006-05-01,1.0
그리스,공용,2006-06-01,0.0
그리스,공용,2006-07-01,0.0
그리스,공용,2006-08-01,0.0
그리스,공용,2006-09-01,0.0
그리스,공용,2006-10-01,0.0
그리스,공용,2006-11-01,1.0
그리스,공용,2006-12-01,0.0
그리스,공용,2007-01-01,0.0
그리스,공용,2007-02-01,0.0
그리스,공용,2007-03-01,0.0
그리스,공용,2007-04-01,0.0
그리스,공용,2007-05-01,0.0
그리스,공용,2007-06-01,0.0
그리스,공용,2007-07-01,0.0
그리스,공용,2007-08-01,0.0
그리스,공용,2007-09-01,1.0
그리스,공용,2007-10-01,0.0
그리스,공용,2007-11-01,0.0
그리스,공용,2007-12-01,0.0
그리스,공용,2008-01-01,0.0
그리스,공용,2008-02-01,0.0
그리스,공용,2008-03-01,1.0
그리스,공용,2008-04-01,0.0
그리스,공용,2008-05-01,0.0
그리스,공용,2008-06-01,0.0
그리스,공용,2008-07-01,0.0
그리스,공용,2008-08-01,0.0
그리스,공용,2008-09-01,2.0
그리스,공용,2008-10-01,0.0
그리스,공용,2008-11-01,0.0
그리스,공용,2008-12-01,0.0
그리스,공용,2009-01-01,0.0
그리스,공용,2009-02-01,0.0
그리스,공용,2009-03-01,1.0
그리스,공용,2009-04-01,0.0
그리스,공용,2009-05-01,0.0
그리스,공용,2009-06-01,0.0
그리스,공용,2009-07-01,0.0
그리스,공용,2009-08-01,0.0
그리스,공용,2009-09-01,0.0
그리스,공용,2009-10-01,0.0
그리스,공용,2009-11-01,0.0
그리스,공용,2009-12-01,0.0
그리스,공용,2010-01-01,0.0
그리스,공용,2010-02-01,0.0
그리스,공용,2010-03-01,1.0
그리스,공용,2010-04-01,0.0
그리스,공용,2010-05-01,1.0
그리스,공용,2010-06-01,0.0
그리스,공용,2010-07-01,0.0
그리스,공용,2010-08-01,0.0
그리스,공용,2010-09-01,0.0
그리스,공용,2010-10-01,1.0
그리스,공용,2010-11-01,1.0
그리스,공용,2010-12-01,0.0
그리스,공용,2011-01-01,0.0
그리스,공용,2011-02-01,0.0
그리스,공용,2011-03-01,0.0
그리스,공용,2011-04-01,0.0
그리스,공용,2011-05-01,0.0
그리스,공용,2011-06-01,0.0
그리스,공용,2011-07-01,0.0
그리스,공용,2011-08-01,0.0
그리스,공용,2011-09-01,0.0
그리스,공용,2011-10-01,0.0
그리스,공용,2011-11-01,0.0
그리스,공용,2011-12-01,0.0
그리스,공용,2012-01-01,0.0
그리스,공용,2012-02-01,0.0
그리스,공용,2012-03-01,0.0
그리스,공용,2012-04-01,0.0
그리스,공용,2012-05-01,0.0
그리스,공용,2012-06-01,0.0
그리스,공용,2012-07-01,0.0
그리스,공용,2012-08-01,0.0
그리스,공용,2012-09-01,1.0
그리스,공용,2012-10-01,0.0
그리스,공용,2012-11-01,0.0
그리스,공용,2012-12-01,0.0
그리스,공용,2013-01-01,0.0
그리스,공용,2013-02-01,0.0
그리스,공용,2013-03-01,0.0
그리스,공용,2013-04-01,0.0
그리스,공용,2013-05-01,0.0
그리스,공용,2013-06-01,0.0
그리스,공용,2013-07-01,0.0
그리스,공용,2013-08-01,1.0
그리스,공용,2013-09-01,0.0
그리스,공용,2013-10-01,1.0
그리스,공용,2013-11-01,0.0
그리스,공용,2013-12-01,9.0
그리스,공용,2014-01-01,1.0
그리스,공용,2014-02-01,0.0
그리스,공용,2014-03-01,0.0
그리스,공용,2014-04-01,1.0
그리스,공용,2014-05-01,0.0
그리스,공용,2014-06-01,0.0
그리스,공용,2014-07-01,0.0
그리스,공용,2014-08-01,2.0
그리스,공용,2014-09-01,0.0
그리스,공용,2014-10-01,0.0
그리스,공용,2014-11-01,0.0
그리스,공용,2014-12-01,0.0
그리스,공용,2015-01-01,1.0
그리스,공용,2015-02-01,0.0
그리스,공용,2015-03-01,0.0
그리스,공용,2015-04-01,0.0
그리스,공용,2015-05-01,3.0
그리스,공용,2015-06-01,0.0
그리스,공용,2015-07-01,1.0
그리스,공용,2015-08-01,1.0
그리스,공용,2015-09-01,2.0
그리스,공용,2015-10-01,1.0
그리스,공용,2015-11-01,0.0
그리스,공용,2015-12-01,1.0
그리스,공용,2016-01-01,2.0
그리스,공용,2016-02-01,0.0
그리스,공용,2016-03-01,3.0
그리스,공용,2016-04-01,0.0
그리스,공용,2016-05-01,0.0
그리스,공용,2016-06-01,0.0
그리스,공용,2016-07-01,1.0
그리스,공용,2016-08-01,3.0
그리스,공용,2016-09-01,0.0
그리스,공용,2016-10-01,1.0
그리스,공용,2016-11-01,2.0
그리스,공용,2016-12-01,4.0
그리스,공용,2017-01-01,2.0
그리스,공용,2017-02-01,1.0
그리스,공용,2017-03-01,3.0
그리스,공용,2017-04-01,1.0
그리스,공용,2017-05-01,2.0
그리스,공용,2017-06-01,0.0
그리스,공용,2017-07-01,2.0
그리스,공용,2017-08-01,5.0
그리스,공용,2017-09-01,1.0
그리스,공용,2017-10-01,1.0
그리스,공용,2017-11-01,0.0
그리스,공용,2017-12-01,2.0
그리스,공용,2018-01-01,7.0
그리스,공용,2018-02-01,3.0
그리스,공용,2018-03-01,1.0
그리스,공용,2018-04-01,9.0
그리스,공용,2018-05-01,2.0
그리스,공용,2018-06-01,3.0
그리스,공용,2018-07-01,3.0
그리스,공용,2018-08-01,0.0
그리스,공용,2018-09-01,3.0
그리스,공용,2018-10-01,1.0
그리스,공용,2018-11-01,3.0
그리스,공용,2018-12-01,4.0
그리스,공용,2019-01-01,4.0
그리스,공용,2019-02-01,0.0
그리스,공용,2019-03-01,10.0
그리스,공용,2019-04-01,0.0
그리스,공용,2019-05-01,2.0
그리스,공용,2019-06-01,1.0
그리스,공용,2019-07-01,5.0
그리스,공용,2019-08-01,0.0
그리스,공용,2019-09-01,1.0
그리스,공용,2019-10-01,2.0
그리스,공용,2019-11-01,3.0
그리스,공용,2019-12-01,0.0
그리스,공용,2020-01-01,8.0
그리스,공용,2020-02-01,0.0
그리스,공용,2020-03-01,2.0
그리스,공용,2020-04-01,0.0
그리스,공용,2020-05-01,0.0
그리스,공용,2020-06-01,0.0
그리스,공용,2020-07-01,1.0
그리스,공용,2020-08-01,0.0
그리스,공용,2020-09-01,2.0
그리스,공용,2020-10-01,0.0
그리스,공용,2020-11-01,0.0
그리스,공용,2020-12-01,0.0
그리스,공용,2021-01-01,0.0
그리스,공용,2021-02-01,1.0
그리스,공용,2021-03-01,0.0
그리스,공용,2021-04-01,0.0
그리스,공용,2021-05-01,1.0
그리스,공용,2021-06-01,0.0
그리스,공용,2021-07-01,0.0
그리스,공용,2021-08-01,1.0
그리스,공용,2021-09-01,1.0
그리스,공용,2021-10-01,2.0
그리스,공용,2021-11-01,3.0
그리스,공용,2021-12-01,0.0
그리스,공용,2022-01-01,2.0
그리스,공용,2022-02-01,1.0
그리스,공용,2022-03-01,1.0
그리스,공용,2022-04-01,1.0
그리스,공용,2022-05-01,2.0
그리스,공용,2022-06-01,0.0
그리스,공용,2022-07-01,1.0
그리스,공용,2022-08-01,1.0
그리스,공용,2022-09-01,1.0
그리스,공용,2022-10-01,2.0
그리스,공용,2022-11-01,1.0
그리스,공용,2022-12-01,2.0
그리스,공용,2023-01-01,2.0
그리스,공용,2023-02-01,1.0
그리스,공용,2023-03-01,2.0
그리스,공용,2023-04-01,1.0
그리스,공용,2023-05-01,1.0
그리스,공용,2023-06-01,0.0
그리스,공용,2023-07-01,0.0
그리스,공용,2023-08-01,1.0
그리스,공용,2023-09-01,2.0
그리스,공용,2023-10-01,1.0
그리스,공용,2023-11-01,2.0
그리스,공용,2023-12-01,0.0
그리스,공용,2024-01-01,2.0
그리스,공용,2024-02-01,2.0
그리스,공용,2024-03-01,2.0
그리스,공용,2024-04-01,1.0
그리스,공용,2024-05-01,1.0
그리스,공용,2024-06-01,1.0
그리스,공용,2024-07-01,0.0
그리스,공용,2024-08-01,0.0
그리스,공용,2024-09-01,2.0
그리스,공용,2024-10-01,2.0
그리스,공용,2024-11-01,1.0
그리스,공용,2024-12-01,0.0
그리스,공용,2025-01-01,1.0
그리스,공용,2025-02-01,1.0
그리스,공용,2025-03-01,2.0
그리스,공용,2025-04-01,3.0
그리스,공용,2025-05-01,3.0
그리스,관광,2005-01-01,266.0
그리스,관광,2005-02-01,201.0
그리스,관광,2005-03-01,189.0
그리스,관광,2005-04-01,220.0
그리스,관광,2005-05-01,297.0
그리스,관광,2005-06-01,329.0
그리스,관광,2005-07-01,291.0
그리스,관광,2005-08-01,179.0
그리스,관광,2005-09-01,222.0
그리스,관광,2005-10-01,287.0
그리스,관광,2005-11-01,221.0
그리스,관광,2005-12-01,259.0
그리스,관광,2006-01-01,246.0
그리스,관광,2006-02-01,208.0
그리스,관광,2006-03-01,329.0
그리스,관광,2006-04-01,319.0
그리스,관광,2006-05-01,332.0
그리스,관광,2006-06-01,287.0
그리스,관광,2006-07-01,283.0
그리스,관광,2006-08-01,333.0
그리스,관광,2006-09-01,324.0
그리스,관광,2006-10-01,326.0
그리스,관광,2006-11-01,327.0
그리스,관광,2006-12-01,209.0
그리스,관광,2007-01-01,214.0
그리스,관광,2007-02-01,315.0
그리스,관광,2007-03-01,320.0
그리스,관광,2007-04-01,285.0
그리스,관광,2007-05-01,354.0
그리스,관광,2007-06-01,355.0
그리스,관광,2007-07-01,395.0
그리스,관광,2007-08-01,331.0
그리스,관광,2007-09-01,317.0
그리스,관광,2007-10-01,375.0
그리스,관광,2007-11-01,333.0
그리스,관광,2007-12-01,223.0
그리스,관광,2008-01-01,264.0
그리스,관광,2008-02-01,230.0
그리스,관광,2008-03-01,251.0
그리스,관광,2008-04-01,281.0
그리스,관광,2008-05-01,322.0
그리스,관광,2008-06-01,353.0
그리스,관광,2008-07-01,434.0
그리스,관광,2008-08-01,326.0
그리스,관광,2008-09-01,305.0
그리스,관광,2008-10-01,351.0
그리스,관광,2008-11-01,341.0
그리스,관광,2008-12-01,222.0
그리스,관광,2009-01-01,294.0
그리스,관광,2009-02-01,289.0
그리스,관광,2009-03-01,334.0
그리스,관광,2009-04-01,313.0
그리스,관광,2009-05-01,292.0
그리스,관광,2009-06-01,330.0
그리스,관광,2009-07-01,382.0
그리스,관광,2009-08-01,285.0
그리스,관광,2009-09-01,321.0
그리스,관광,2009-10-01,454.0
그리스,관광,2009-11-01,354.0
그리스,관광,2009-12-01,240.0
그리스,관광,2010-01-01,345.0
그리스,관광,2010-02-01,230.0
그리스,관광,2010-03-01,419.0
그리스,관광,2010-04-01,332.0
그리스,관광,2010-05-01,380.0
그리스,관광,2010-06-01,420.0
그리스,관광,2010-07-01,416.0
그리스,관광,2010-08-01,324.0
그리스,관광,2010-09-01,361.0
그리스,관광,2010-10-01,461.0
그리스,관광,2010-11-01,434.0
그리스,관광,2010-12-01,328.0
그리스,관광,2011-01-01,373.0
그리스,관광,2011-02-01,320.0
그리스,관광,2011-03-01,334.0
그리스,관광,2011-04-01,308.0
그리스,관광,2011-05-01,418.0
그리스,관광,2011-06-01,321.0
그리스,관광,2011-07-01,364.0
그리스,관광,2011-08-01,400.0
그리스,관광,2011-09-01,425.0
그리스,관광,2011-10-01,453.0
그리스,관광,2011-11-01,388.0
그리스,관광,2011-12-01,379.0
그리스,관광,2012-01-01,365.0
그리스,관광,2012-02-01,396.0
그리스,관광,2012-03-01,392.0
그리스,관광,2012-04-01,352.0
그리스,관광,2012-05-01,403.0
그리스,관광,2012-06-01,401.0
그리스,관광,2012-07-01,488.0
그리스,관광,2012-08-01,320.0
그리스,관광,2012-09-01,331.0
그리스,관광,2012-10-01,440.0
그리스,관광,2012-11-01,353.0
그리스,관광,2012-12-01,364.0
그리스,관광,2013-01-01,414.0
그리스,관광,2013-02-01,304.0
그리스,관광,2013-03-01,435.0
그리스,관광,2013-04-01,390.0
그리스,관광,2013-05-01,363.0
그리스,관광,2013-06-01,493.0
그리스,관광,2013-07-01,481.0
그리스,관광,2013-08-01,345.0
그리스,관광,2013-09-01,427.0
그리스,관광,2013-10-01,478.0
그리스,관광,2013-11-01,398.0
그리스,관광,2013-12-01,367.0
그리스,관광,2014-01-01,348.0
그리스,관광,2014-02-01,333.0
그리스,관광,2014-03-01,417.0
그리스,관광,2014-04-01,423.0
그리스,관광,2014-05-01,377.0
그리스,관광,2014-06-01,395.0
그리스,관광,2014-07-01,355.0
그리스,관광,2014-08-01,343.0
그리스,관광,2014-09-01,419.0
그리스,관광,2014-10-01,398.0
그리스,관광,2014-11-01,391.0
그리스,관광,2014-12-01,337.0
그리스,관광,2015-01-01,285.0
그리스,관광,2015-02-01,315.0
그리스,관광,2015-03-01,480.0
그리스,관광,2015-04-01,483.0
그리스,관광,2015-05-01,419.0
그리스,관광,2015-06-01,452.0
그리스,관광,2015-07-01,438.0
그리스,관광,2015-08-01,344.0
그리스,관광,2015-09-01,478.0
그리스,관광,2015-10-01,572.0
그리스,관광,2015-11-01,430.0
그리스,관광,2015-12-01,310.0
그리스,관광,2016-01-01,356.0
그리스,관광,2016-02-01,374.0
그리스,관광,2016-03-01,485.0
그리스,관광,2016-04-01,496.0
그리스,관광,2016-05-01,528.0
그리스,관광,2016-06-01,495.0
그리스,관광,2016-07-01,468.0
그리스,관광,2016-08-01,395.0
그리스,관광,2016-09-01,375.0
그리스,관광,2016-10-01,575.0
그리스,관광,2016-11-01,539.0
그리스,관광,2016-12-01,359.0
그리스,관광,2017-01-01,466.0
그리스,관광,2017-02-01,441.0
그리스,관광,2017-03-01,507.0
그리스,관광,2017-04-01,489.0
그리스,관광,2017-05-01,436.0
그리스,관광,2017-06-01,425.0
그리스,관광,2017-07-01,447.0
그리스,관광,2017-08-01,365.0
그리스,관광,2017-09-01,474.0
그리스,관광,2017-10-01,485.0
그리스,관광,2017-11-01,458.0
그리스,관광,2017-12-01,509.0
그리스,관광,2018-01-01,447.0
그리스,관광,2018-02-01,483.0
그리스,관광,2018-03-01,536.0
그리스,관광,2018-04-01,532.0
그리스,관광,2018-05-01,512.0
그리스,관광,2018-06-01,493.0
그리스,관광,2018-07-01,457.0
그리스,관광,2018-08-01,394.0
그리스,관광,2018-09-01,526.0
그리스,관광,2018-10-01,534.0
그리스,관광,2018-11-01,492.0
그리스,관광,2018-12-01,463.0
그리스,관광,2019-01-01,481.0
그리스,관광,2019-02-01,381.0
그리스,관광,2019-03-01,509.0
그리스,관광,2019-04-01,501.0
그리스,관광,2019-05-01,495.0
그리스,관광,2019-06-01,508.0
그리스,관광,2019-07-01,569.0
그리스,관광,2019-08-01,508.0
그리스,관광,2019-09-01,717.0
그리스,관광,2019-10-01,695.0
그리스,관광,2019-11-01,609.0
그리스,관광,2019-12-01,476.0
그리스,관광,2020-01-01,379.0
그리스,관광,2020-02-01,463.0
그리스,관광,2020-03-01,129.0
그리스,관광,2020-04-01,30.0
그리스,관광,2020-05-01,80.0
그리스,관광,2020-06-01,106.0
그리스,관광,2020-07-01,46.0
그리스,관광,2020-08-01,122.0
그리스,관광,2020-09-01,78.0
그리스,관광,2020-10-01,80.0
그리스,관광,2020-11-01,59.0
그리스,관광,2020-12-01,64.0
그리스,관광,2021-01-01,82.0
그리스,관광,2021-02-01,70.0
그리스,관광,2021-03-01,131.0
그리스,관광,2021-04-01,97.0
그리스,관광,2021-05-01,81.0
그리스,관광,2021-06-01,109.0
그리스,관광,2021-07-01,125.0
그리스,관광,2021-08-01,86.0
그리스,관광,2021-09-01,139.0
그리스,관광,2021-10-01,208.0
그리스,관광,2021-11-01,140.0
그리스,관광,2021-12-01,214.0
그리스,관광,2022-01-01,188.0
그리스,관광,2022-02-01,138.0
그리스,관광,2022-03-01,238.0
그리스,관광,2022-04-01,204.0
그리스,관광,2022-05-01,297.0
그리스,관광,2022-06-01,297.0
그리스,관광,2022-07-01,411.0
그리스,관광,2022-08-01,377.0
그리스,관광,2022-09-01,335.0
그리스,관광,2022-10-01,401.0
그리스,관광,2022-11-01,410.0
그리스,관광,2022-12-01,435.0
그리스,관광,2023-01-01,310.0
그리스,관광,2023-02-01,283.0
그리스,관광,2023-03-01,541.0
그리스,관광,2023-04-01,637.0
그리스,관광,2023-05-01,412.0
그리스,관광,2023-06-01,395.0
그리스,관광,2023-07-01,476.0
그리스,관광,2023-08-01,521.0
그리스,관광,2023-09-01,397.0
그리스,관광,2023-10-01,622.0
그리스,관광,2023-11-01,479.0
그리스,관광,2023-12-01,317.0
그리스,관광,2024-01-01,347.0
그리스,관광,2024-02-01,314.0
그리스,관광,2024-03-01,840.0
그리스,관광,2024-04-01,873.0
그리스,관광,2024-05-01,745.0
그리스,관광,2024-06-01,483.0
그리스,관광,2024-07-01,561.0
그리스,관광,2024-08-01,677.0
그리스,관광,2024-09-01,682.0
그리스,관광,2024-10-01,703.0
그리스,관광,2024-11-01,795.0
그리스,관광,2024-12-01,408.0
그리스,관광,2025-01-01,398.0
그리스,관광,2025-02-01,408.0
그리스,관광,2025-03-01,924.0
그리스,관광,2025-04-01,1094.0
그리스,관광,2025-05-01,750.0
그리스,상용,2005-01-01,27.0
그리스,상용,2005-02-01,22.0
그리스,상용,2005-03-01,18.0
그리스,상용,2005-04-01,24.0
그리스,상용,2005-05-01,19.0
그리스,상용,2005-06-01,18.0
그리스,상용,2005-07-01,18.0
그리스,상용,2005-08-01,41.0
그리스,상용,2005-09-01,19.0
그리스,상용,2005-10-01,16.0
그리스,상용,2005-11-01,23.0
그리스,상용,2005-12-01,16.0
그리스,상용,2006-01-01,30.0
그리스,상용,2006-02-01,15.0
그리스,상용,2006-03-01,15.0
그리스,상용,2006-04-01,21.0
그리스,상용,2006-05-01,19.0
그리스,상용,2006-06-01,25.0
그리스,상용,2006-07-01,26.0
그리스,상용,2006-08-01,23.0
그리스,상용,2006-09-01,24.0
그리스,상용,2006-10-01,26.0
그리스,상용,2006-11-01,13.0
그리스,상용,2006-12-01,14.0
그리스,상용,2007-01-01,35.0
그리스,상용,2007-02-01,17.0
그리스,상용,2007-03-01,14.0
그리스,상용,2007-04-01,29.0
그리스,상용,2007-05-01,19.0
그리스,상용,2007-06-01,15.0
그리스,상용,2007-07-01,13.0
그리스,상용,2007-08-01,34.0
그리스,상용,2007-09-01,23.0
그리스,상용,2007-10-01,18.0
그리스,상용,2007-11-01,16.0
그리스,상용,2007-12-01,14.0
그리스,상용,2008-01-01,32.0
그리스,상용,2008-02-01,18.0
그리스,상용,2008-03-01,24.0
그리스,상용,2008-04-01,22.0
그리스,상용,2008-05-01,22.0
그리스,상용,2008-06-01,21.0
그리스,상용,2008-07-01,23.0
그리스,상용,2008-08-01,46.0
그리스,상용,2008-09-01,45.0
그리스,상용,2008-10-01,24.0
그리스,상용,2008-11-01,21.0
그리스,상용,2008-12-01,16.0
그리스,상용,2009-01-01,39.0
그리스,상용,2009-02-01,27.0
그리스,상용,2009-03-01,25.0
그리스,상용,2009-04-01,25.0
그리스,상용,2009-05-01,25.0
그리스,상용,2009-06-01,18.0
그리스,상용,2009-07-01,18.0
그리스,상용,2009-08-01,51.0
그리스,상용,2009-09-01,23.0
그리스,상용,2009-10-01,32.0
그리스,상용,2009-11-01,30.0
그리스,상용,2009-12-01,19.0
그리스,상용,2010-01-01,47.0
그리스,상용,2010-02-01,29.0
그리스,상용,2010-03-01,23.0
그리스,상용,2010-04-01,29.0
그리스,상용,2010-05-01,27.0
그리스,상용,2010-06-01,27.0
그리스,상용,2010-07-01,24.0
그리스,상용,2010-08-01,43.0
그리스,상용,2010-09-01,28.0
그리스,상용,2010-10-01,34.0
그리스,상용,2010-11-01,21.0
그리스,상용,2010-12-01,19.0
그리스,상용,2011-01-01,40.0
그리스,상용,2011-02-01,36.0
그리스,상용,2011-03-01,29.0
그리스,상용,2011-04-01,26.0
그리스,상용,2011-05-01,28.0
그리스,상용,2011-06-01,21.0
그리스,상용,2011-07-01,20.0
그리스,상용,2011-08-01,58.0
그리스,상용,2011-09-01,37.0
그리스,상용,2011-10-01,27.0
그리스,상용,2011-11-01,26.0
그리스,상용,2011-12-01,30.0
그리스,상용,2012-01-01,46.0
그리스,상용,2012-02-01,25.0
그리스,상용,2012-03-01,30.0
그리스,상용,2012-04-01,36.0
그리스,상용,2012-05-01,34.0
그리스,상용,2012-06-01,22.0
그리스,상용,2012-07-01,32.0
그리스,상용,2012-08-01,58.0
그리스,상용,2012-09-01,31.0
그리스,상용,2012-10-01,39.0
그리스,상용,2012-11-01,30.0
그리스,상용,2012-12-01,22.0
그리스,상용,2013-01-01,43.0
그리스,상용,2013-02-01,51.0
그리스,상용,2013-03-01,29.0
그리스,상용,2013-04-01,25.0
그리스,상용,2013-05-01,37.0
그리스,상용,2013-06-01,34.0
그리스,상용,2013-07-01,34.0
그리스,상용,2013-08-01,54.0
그리스,상용,2013-09-01,49.0
그리스,상용,2013-10-01,23.0
그리스,상용,2013-11-01,27.0
그리스,상용,2013-12-01,19.0
그리스,상용,2014-01-01,50.0
그리스,상용,2014-02-01,41.0
그리스,상용,2014-03-01,29.0
그리스,상용,2014-04-01,31.0
그리스,상용,2014-05-01,29.0
그리스,상용,2014-06-01,42.0
그리스,상용,2014-07-01,26.0
그리스,상용,2014-08-01,67.0
그리스,상용,2014-09-01,52.0
그리스,상용,2014-10-01,29.0
그리스,상용,2014-11-01,33.0
그리스,상용,2014-12-01,34.0
그리스,상용,2015-01-01,49.0
그리스,상용,2015-02-01,25.0
그리스,상용,2015-03-01,34.0
그리스,상용,2015-04-01,37.0
그리스,상용,2015-05-01,32.0
그리스,상용,2015-06-01,27.0
그리스,상용,2015-07-01,21.0
그리스,상용,2015-08-01,46.0
그리스,상용,2015-09-01,35.0
그리스,상용,2015-10-01,28.0
그리스,상용,2015-11-01,31.0
그리스,상용,2015-12-01,25.0
그리스,상용,2016-01-01,56.0
그리스,상용,2016-02-01,49.0
그리스,상용,2016-03-01,29.0
그리스,상용,2016-04-01,25.0
그리스,상용,2016-05-01,41.0
그리스,상용,2016-06-01,31.0
그리스,상용,2016-07-01,33.0
그리스,상용,2016-08-01,58.0
그리스,상용,2016-09-01,42.0
그리스,상용,2016-10-01,37.0
그리스,상용,2016-11-01,21.0
그리스,상용,2016-12-01,31.0
그리스,상용,2017-01-01,57.0
그리스,상용,2017-02-01,24.0
그리스,상용,2017-03-01,26.0
그리스,상용,2017-04-01,21.0
그리스,상용,2017-05-01,31.0
그리스,상용,2017-06-01,23.0
그리스,상용,2017-07-01,31.0
그리스,상용,2017-08-01,43.0
그리스,상용,2017-09-01,32.0
그리스,상용,2017-10-01,30.0
그리스,상용,2017-11-01,22.0
그리스,상용,2017-12-01,16.0
그리스,상용,2018-01-01,28.0
그리스,상용,2018-02-01,14.0
그리스,상용,2018-03-01,21.0
그리스,상용,2018-04-01,20.0
그리스,상용,2018-05-01,26.0
그리스,상용,2018-06-01,17.0
그리스,상용,2018-07-01,14.0
그리스,상용,2018-08-01,35.0
그리스,상용,2018-09-01,30.0
그리스,상용,2018-10-01,16.0
그리스,상용,2018-11-01,14.0
그리스,상용,2018-12-01,16.0
그리스,상용,2019-01-01,17.0
그리스,상용,2019-02-01,27.0
그리스,상용,2019-03-01,13.0
그리스,상용,2019-04-01,15.0
그리스,상용,2019-05-01,21.0
그리스,상용,2019-06-01,18.0
그리스,상용,2019-07-01,11.0
그리스,상용,2019-08-01,36.0
그리스,상용,2019-09-01,29.0
그리스,상용,2019-10-01,21.0
그리스,상용,2019-11-01,16.0
그리스,상용,2019-12-01,18.0
그리스,상용,2020-01-01,37.0
그리스,상용,2020-02-01,14.0
그리스,상용,2020-03-01,4.0
그리스,상용,2020-04-01,6.0
그리스,상용,2020-05-01,6.0
그리스,상용,2020-06-01,6.0
그리스,상용,2020-07-01,14.0
그리스,상용,2020-08-01,25.0
그리스,상용,2020-09-01,10.0
그리스,상용,2020-10-01,16.0
그리스,상용,2020-11-01,5.0
그리스,상용,2020-12-01,11.0
그리스,상용,2021-01-01,14.0
그리스,상용,2021-02-01,11.0
그리스,상용,2021-03-01,14.0
그리스,상용,2021-04-01,8.0
그리스,상용,2021-05-01,12.0
그리스,상용,2021-06-01,12.0
그리스,상용,2021-07-01,11.0
그리스,상용,2021-08-01,20.0
그리스,상용,2021-09-01,20.0
그리스,상용,2021-10-01,12.0
그리스,상용,2021-11-01,6.0
그리스,상용,2021-12-01,7.0
그리스,상용,2022-01-01,13.0
그리스,상용,2022-02-01,7.0
그리스,상용,2022-03-01,8.0
그리스,상용,2022-04-01,7.0
그리스,상용,2022-05-01,15.0
그리스,상용,2022-06-01,2.0
그리스,상용,2022-07-01,8.0
그리스,상용,2022-08-01,20.0
그리스,상용,2022-09-01,14.0
그리스,상용,2022-10-01,18.0
그리스,상용,2022-11-01,11.0
그리스,상용,2022-12-01,4.0
그리스,상용,2023-01-01,15.0
그리스,상용,2023-02-01,3.0
그리스,상용,2023-03-01,8.0
그리스,상용,2023-04-01,10.0
그리스,상용,2023-05-01,11.0
그리스,상용,2023-06-01,8.0
그리스,상용,2023-07-01,13.0
그리스,상용,2023-08-01,23.0
그리스,상용,2023-09-01,12.0
그리스,상용,2023-10-01,12.0
그리스,상용,2023-11-01,3.0
그리스,상용,2023-12-01,5.0
그리스,상용,2024-01-01,22.0
그리스,상용,2024-02-01,10.0
그리스,상용,2024-03-01,8.0
그리스,상용,2024-04-01,12.0
그리스,상용,2024-05-01,13.0
그리스,상용,2024-06-01,9.0
그리스,상용,2024-07-01,9.0
그리스,상용,2024-08-01,17.0
그리스,상용,2024-09-01,20.0
그리스,상용,2024-10-01,13.0
그리스,상용,2024-11-01,11.0
그리스,상용,2024-12-01,8.0
그리스,상용,2025-01-01,16.0
그리스,상용,2025-02-01,21.0
그리스,상용,2025-03-01,15.0
그리스,상용,2025-04-01,19.0
그리스,상용,2025-05-01,19.0
그리스,유학연수,2005-01-01,0.0
그리스,유학연수,2005-02-01,1.0
그리스,유학연수,2005-03-01,1.0
그리스,유학연수,2005-04-01,0.0
그리스,유학연수,2005-05-01,0.0
그리스,유학연수,2005-06-01,1.0
그리스,유학연수,2005-07-01,0.0
그리스,유학연수,2005-08-01,1.0
그리스,유학연수,2005-09-01,0.0
그리스,유학연수,2005-10-01,0.0
그리스,유학연수,2005-11-01,0.0
그리스,유학연수,2005-12-01,0.0
그리스,유학연수,2006-01-01,0.0
그리스,유학연수,2006-02-01,0.0
그리스,유학연수,2006-03-01,0.0
그리스,유학연수,2006-04-01,0.0
그리스,유학연수,2006-05-01,0.0
그리스,유학연수,2006-06-01,0.0
그리스,유학연수,2006-07-01,0.0
그리스,유학연수,2006-08-01,0.0
그리스,유학연수,2006-09-01,0.0
그리스,유학연수,2006-10-01,0.0
그리스,유학연수,2006-11-01,0.0
그리스,유학연수,2006-12-01,0.0
그리스,유학연수,2007-01-01,0.0
그리스,유학연수,2007-02-01,0.0
그리스,유학연수,2007-03-01,0.0
그리스,유학연수,2007-04-01,0.0
그리스,유학연수,2007-05-01,0.0
그리스,유학연수,2007-06-01,0.0
그리스,유학연수,2007-07-01,0.0
그리스,유학연수,2007-08-01,0.0
그리스,유학연수,2007-09-01,0.0
그리스,유학연수,2007-10-01,0.0
그리스,유학연수,2007-11-01,0.0
그리스,유학연수,2007-12-01,0.0
그리스,유학연수,2008-01-01,0.0
그리스,유학연수,2008-02-01,1.0
그리스,유학연수,2008-03-01,0.0
그리스,유학연수,2008-04-01,0.0
그리스,유학연수,2008-05-01,0.0
그리스,유학연수,2008-06-01,0.0
그리스,유학연수,2008-07-01,0.0
그리스,유학연수,2008-08-01,1.0
그리스,유학연수,2008-09-01,1.0
그리스,유학연수,2008-10-01,0.0
그리스,유학연수,2008-11-01,1.0
그리스,유학연수,2008-12-01,1.0
그리스,유학연수,2009-01-01,1.0
그리스,유학연수,2009-02-01,0.0
그리스,유학연수,2009-03-01,0.0
그리스,유학연수,2009-04-01,0.0
그리스,유학연수,2009-05-01,0.0
그리스,유학연수,2009-06-01,1.0
그리스,유학연수,2009-07-01,0.0
그리스,유학연수,2009-08-01,0.0
그리스,유학연수,2009-09-01,0.0
그리스,유학연수,2009-10-01,0.0
그리스,유학연수,2009-11-01,0.0
그리스,유학연수,2009-12-01,0.0
그리스,유학연수,2010-01-01,0.0
그리스,유학연수,2010-02-01,1.0
그리스,유학연수,2010-03-01,0.0
그리스,유학연수,2010-04-01,0.0
그리스,유학연수,2010-05-01,0.0
그리스,유학연수,2010-06-01,0.0
그리스,유학연수,2010-07-01,0.0
그리스,유학연수,2010-08-01,1.0
그리스,유학연수,2010-09-01,1.0
그리스,유학연수,2010-10-01,1.0
그리스,유학연수,2010-11-01,0.0
그리스,유학연수,2010-12-01,1.0
그리스,유학연수,2011-01-01,2.0
그리스,유학연수,2011-02-01,5.0
그리스,유학연수,2011-03-01,1.0
그리스,유학연수,2011-04-01,0.0
그리스,유학연수,2011-05-01,0.0
그리스,유학연수,2011-06-01,2.0
그리스,유학연수,2011-07-01,0.0
그리스,유학연수,2011-08-01,5.0
그리스,유학연수,2011-09-01,2.0
그리스,유학연수,2011-10-01,1.0
그리스,유학연수,2011-11-01,0.0
그리스,유학연수,2011-12-01,0.0
그리스,유학연수,2012-01-01,2.0
그리스,유학연수,2012-02-01,0.0
그리스,유학연수,2012-03-01,0.0
그리스,유학연수,2012-04-01,0.0
그리스,유학연수,2012-05-01,0.0
그리스,유학연수,2012-06-01,0.0
그리스,유학연수,2012-07-01,0.0
그리스,유학연수,2012-08-01,3.0
그리스,유학연수,2012-09-01,1.0
그리스,유학연수,2012-10-01,0.0
그리스,유학연수,2012-11-01,3.0
그리스,유학연수,2012-12-01,0.0
그리스,유학연수,2013-01-01,1.0
그리스,유학연수,2013-02-01,4.0
그리스,유학연수,2013-03-01,0.0
그리스,유학연수,2013-04-01,1.0
그리스,유학연수,2013-05-01,2.0
그리스,유학연수,2013-06-01,2.0
그리스,유학연수,2013-07-01,2.0
그리스,유학연수,2013-08-01,3.0
그리스,유학연수,2013-09-01,1.0
그리스,유학연수,2013-10-01,0.0
그리스,유학연수,2013-11-01,2.0
그리스,유학연수,2013-12-01,1.0
그리스,유학연수,2014-01-01,1.0
그리스,유학연수,2014-02-01,5.0
그리스,유학연수,2014-03-01,0.0
그리스,유학연수,2014-04-01,1.0
그리스,유학연수,2014-05-01,0.0
그리스,유학연수,2014-06-01,0.0
그리스,유학연수,2014-07-01,2.0
그리스,유학연수,2014-08-01,4.0
그리스,유학연수,2014-09-01,2.0
그리스,유학연수,2014-10-01,0.0
그리스,유학연수,2014-11-01,1.0
그리스,유학연수,2014-12-01,0.0
그리스,유학연수,2015-01-01,1.0
그리스,유학연수,2015-02-01,7.0
그리스,유학연수,2015-03-01,0.0
그리스,유학연수,2015-04-01,0.0
그리스,유학연수,2015-05-01,1.0
그리스,유학연수,2015-06-01,2.0
그리스,유학연수,2015-07-01,0.0
그리스,유학연수,2015-08-01,5.0
그리스,유학연수,2015-09-01,1.0
그리스,유학연수,2015-10-01,0.0
그리스,유학연수,2015-11-01,1.0
그리스,유학연수,2015-12-01,1.0
그리스,유학연수,2016-01-01,1.0
그리스,유학연수,2016-02-01,5.0
그리스,유학연수,2016-03-01,1.0
그리스,유학연수,2016-04-01,0.0
그리스,유학연수,2016-05-01,2.0
그리스,유학연수,2016-06-01,1.0
그리스,유학연수,2016-07-01,1.0
그리스,유학연수,2016-08-01,4.0
그리스,유학연수,2016-09-01,1.0
그리스,유학연수,2016-10-01,1.0
그리스,유학연수,2016-11-01,2.0
그리스,유학연수,2016-12-01,0.0
그리스,유학연수,2017-01-01,2.0
그리스,유학연수,2017-02-01,2.0
그리스,유학연수,2017-03-01,1.0
그리스,유학연수,2017-04-01,2.0
그리스,유학연수,2017-05-01,1.0
그리스,유학연수,2017-06-01,2.0
그리스,유학연수,2017-07-01,0.0
그리스,유학연수,2017-08-01,4.0
그리스,유학연수,2017-09-01,0.0
그리스,유학연수,2017-10-01,0.0
그리스,유학연수,2017-11-01,0.0
그리스,유학연수,2017-12-01,3.0
그리스,유학연수,2018-01-01,3.0
그리스,유학연수,2018-02-01,5.0
그리스,유학연수,2018-03-01,1.0
그리스,유학연수,2018-04-01,0.0
그리스,유학연수,2018-05-01,0.0
그리스,유학연수,2018-06-01,1.0
그리스,유학연수,2018-07-01,1.0
그리스,유학연수,2018-08-01,8.0
그리스,유학연수,2018-09-01,0.0
그리스,유학연수,2018-10-01,1.0
그리스,유학연수,2018-11-01,1.0
그리스,유학연수,2018-12-01,3.0
그리스,유학연수,2019-01-01,0.0
그리스,유학연수,2019-02-01,5.0
그리스,유학연수,2019-03-01,1.0
그리스,유학연수,2019-04-01,0.0
그리스,유학연수,2019-05-01,1.0
그리스,유학연수,2019-06-01,3.0
그리스,유학연수,2019-07-01,1.0
그리스,유학연수,2019-08-01,7.0
그리스,유학연수,2019-09-01,2.0
그리스,유학연수,2019-10-01,0.0
그리스,유학연수,2019-11-01,0.0
그리스,유학연수,2019-12-01,1.0
그리스,유학연수,2020-01-01,0.0
그리스,유학연수,2020-02-01,4.0
그리스,유학연수,2020-03-01,5.0
그리스,유학연수,2020-04-01,0.0
그리스,유학연수,2020-05-01,0.0
그리스,유학연수,2020-06-01,0.0
그리스,유학연수,2020-07-01,0.0
그리스,유학연수,2020-08-01,4.0
그리스,유학연수,2020-09-01,1.0
그리스,유학연수,2020-10-01,0.0
그리스,유학연수,2020-11-01,2.0
그리스,유학연수,2020-12-01,0.0
그리스,유학연수,2021-01-01,0.0
그리스,유학연수,2021-02-01,4.0
그리스,유학연수,2021-03-01,0.0
그리스,유학연수,2021-04-01,0.0
그리스,유학연수,2021-05-01,0.0
그리스,유학연수,2021-06-01,0.0
그리스,유학연수,2021-07-01,1.0
그리스,유학연수,2021-08-01,7.0
그리스,유학연수,2021-09-01,5.0
그리스,유학연수,2021-10-01,0.0
그리스,유학연수,2021-11-01,0.0
그리스,유학연수,2021-12-01,0.0
그리스,유학연수,2022-01-01,1.0
그리스,유학연수,2022-02-01,6.0
그리스,유학연수,2022-03-01,1.0
그리스,유학연수,2022-04-01,0.0
그리스,유학연수,2022-05-01,0.0
그리스,유학연수,2022-06-01,2.0
그리스,유학연수,2022-07-01,2.0
그리스,유학연수,2022-08-01,20.0
그리스,유학연수,2022-09-01,1.0
그리스,유학연수,2022-10-01,1.0
그리스,유학연수,2022-11-01,0.0
그리스,유학연수,2022-12-01,2.0
그리스,유학연수,2023-01-01,2.0
그리스,유학연수,2023-02-01,16.0
그리스,유학연수,2023-03-01,1.0
그리스,유학연수,2023-04-01,0.0
그리스,유학연수,2023-05-01,4.0
그리스,유학연수,2023-06-01,6.0
그리스,유학연수,2023-07-01,4.0
그리스,유학연수,2023-08-01,16.0
그리스,유학연수,2023-09-01,5.0
그리스,유학연수,2023-10-01,1.0
그리스,유학연수,2023-11-01,3.0
그리스,유학연수,2023-12-01,4.0
그리스,유학연수,2024-01-01,4.0
그리스,유학연수,2024-02-01,16.0
그리스,유학연수,2024-03-01,3.0
그리스,유학연수,2024-04-01,0.0
그리스,유학연수,2024-05-01,4.0
그리스,유학연수,2024-06-01,9.0
그리스,유학연수,2024-07-01,2.0
그리스,유학연수,2024-08-01,25.0
그리스,유학연수,2024-09-01,1.0
그리스,유학연수,2024-10-01,2.0
그리스,유학연수,2024-11-01,9.0
그리스,유학연수,2024-12-01,6.0
그리스,유학연수,2025-01-01,4.0
그리스,유학연수,2025-02-01,17.0
그리스,유학연수,2025-03-01,2.0
그리스,유학연수,2025-04-01,0.0
그리스,유학연수,2025-05-01,3.0
나이지리아,공용,2005-01-01,0.0
나이지리아,공용,2005-02-01,8.0
나이지리아,공용,2005-03-01,5.0
나이지리아,공용,2005-04-01,2.0
나이지리아,공용,2005-05-01,5.0
나이지리아,공용,2005-06-01,6.0
나이지리아,공용,2005-07-01,5.0
나이지리아,공용,2005-08-01,4.0
나이지리아,공용,2005-09-01,1.0
나이지리아,공용,2005-10-01,1.0
나이지리아,공용,2005-11-01,3.0
나이지리아,공용,2005-12-01,4.0
나이지리아,공용,2006-01-01,1.0
나이지리아,공용,2006-02-01,6.0
나이지리아,공용,2006-03-01,2.0
나이지리아,공용,2006-04-01,12.0
나이지리아,공용,2006-05-01,2.0
나이지리아,공용,2006-06-01,18.0
나이지리아,공용,2006-07-01,23.0
나이지리아,공용,2006-08-01,8.0
나이지리아,공용,2006-09-01,5.0
나이지리아,공용,2006-10-01,1.0
나이지리아,공용,2006-11-01,25.0
나이지리아,공용,2006-12-01,1.0
나이지리아,공용,2007-01-01,35.0
나이지리아,공용,2007-02-01,0.0
나이지리아,공용,2007-03-01,5.0
나이지리아,공용,2007-04-01,3.0
나이지리아,공용,2007-05-01,2.0
나이지리아,공용,2007-06-01,2.0
나이지리아,공용,2007-07-01,1.0
나이지리아,공용,2007-08-01,5.0
나이지리아,공용,2007-09-01,0.0
나이지리아,공용,2007-10-01,0.0
나이지리아,공용,2007-11-01,1.0
나이지리아,공용,2007-12-01,3.0
나이지리아,공용,2008-01-01,0.0
나이지리아,공용,2008-02-01,1.0
나이지리아,공용,2008-03-01,5.0
나이지리아,공용,2008-04-01,1.0
나이지리아,공용,2008-05-01,2.0
나이지리아,공용,2008-06-01,1.0
나이지리아,공용,2008-07-01,1.0
나이지리아,공용,2008-08-01,0.0
나이지리아,공용,2008-09-01,1.0
나이지리아,공용,2008-10-01,8.0
나이지리아,공용,2008-11-01,3.0
나이지리아,공용,2008-12-01,0.0
나이지리아,공용,2009-01-01,1.0
나이지리아,공용,2009-02-01,2.0
나이지리아,공용,2009-03-01,0.0
나이지리아,공용,2009-04-01,2.0
나이지리아,공용,2009-05-01,3.0
나이지리아,공용,2009-06-01,2.0
나이지리아,공용,2009-07-01,12.0
나이지리아,공용,2009-08-01,2.0
나이지리아,공용,2009-09-01,5.0
나이지리아,공용,2009-10-01,2.0
나이지리아,공용,2009-11-01,2.0
나이지리아,공용,2009-12-01,5.0
나이지리아,공용,2010-01-01,4.0
나이지리아,공용,2010-02-01,1.0
나이지리아,공용,2010-03-01,1.0
나이지리아,공용,2010-04-01,3.0
나이지리아,공용,2010-05-01,5.0
나이지리아,공용,2010-06-01,3.0
나이지리아,공용,2010-07-01,1.0
나이지리아,공용,2010-08-01,0.0
나이지리아,공용,2010-09-01,1.0
나이지리아,공용,2010-10-01,3.0
나이지리아,공용,2010-11-01,0.0
나이지리아,공용,2010-12-01,1.0
나이지리아,공용,2011-01-01,1.0
나이지리아,공용,2011-02-01,2.0
나이지리아,공용,2011-03-01,3.0
나이지리아,공용,2011-04-01,4.0
나이지리아,공용,2011-05-01,3.0
나이지리아,공용,2011-06-01,1.0
나이지리아,공용,2011-07-01,1.0
나이지리아,공용,2011-08-01,0.0
나이지리아,공용,2011-09-01,0.0
나이지리아,공용,2011-10-01,36.0
나이지리아,공용,2011-11-01,7.0
나이지리아,공용,2011-12-01,0.0
나이지리아,공용,2012-01-01,1.0
나이지리아,공용,2012-02-01,2.0
나이지리아,공용,2012-03-01,7.0
나이지리아,공용,2012-04-01,0.0
나이지리아,공용,2012-05-01,0.0
나이지리아,공용,2012-06-01,2.0
나이지리아,공용,2012-07-01,34.0
나이지리아,공용,2012-08-01,4.0
나이지리아,공용,2012-09-01,5.0
나이지리아,공용,2012-10-01,7.0
나이지리아,공용,2012-11-01,2.0
나이지리아,공용,2012-12-01,2.0
나이지리아,공용,2013-01-01,0.0
나이지리아,공용,2013-02-01,8.0
나이지리아,공용,2013-03-01,11.0
나이지리아,공용,2013-04-01,18.0
나이지리아,공용,2013-05-01,1.0
나이지리아,공용,2013-06-01,3.0
나이지리아,공용,2013-07-01,2.0
나이지리아,공용,2013-08-01,9.0
나이지리아,공용,2013-09-01,3.0
나이지리아,공용,2013-10-01,10.0
나이지리아,공용,2013-11-01,0.0
나이지리아,공용,2013-12-01,4.0
나이지리아,공용,2014-01-01,0.0
나이지리아,공용,2014-02-01,1.0
나이지리아,공용,2014-03-01,3.0
나이지리아,공용,2014-04-01,6.0
나이지리아,공용,2014-05-01,12.0
나이지리아,공용,2014-06-01,12.0
나이지리아,공용,2014-07-01,33.0
나이지리아,공용,2014-08-01,0.0
나이지리아,공용,2014-09-01,2.0
나이지리아,공용,2014-10-01,81.0
나이지리아,공용,2014-11-01,4.0
나이지리아,공용,2014-12-01,0.0
나이지리아,공용,2015-01-01,1.0
나이지리아,공용,2015-02-01,0.0
나이지리아,공용,2015-03-01,3.0
나이지리아,공용,2015-04-01,18.0
나이지리아,공용,2015-05-01,6.0
나이지리아,공용,2015-06-01,0.0
나이지리아,공용,2015-07-01,1.0
나이지리아,공용,2015-08-01,7.0
나이지리아,공용,2015-09-01,2.0
나이지리아,공용,2015-10-01,4.0
나이지리아,공용,2015-11-01,8.0
나이지리아,공용,2015-12-01,8.0
나이지리아,공용,2016-01-01,2.0
나이지리아,공용,2016-02-01,15.0
나이지리아,공용,2016-03-01,34.0
나이지리아,공용,2016-04-01,2.0
나이지리아,공용,2016-05-01,15.0
나이지리아,공용,2016-06-01,22.0
나이지리아,공용,2016-07-01,7.0
나이지리아,공용,2016-08-01,22.0
나이지리아,공용,2016-09-01,3.0
나이지리아,공용,2016-10-01,17.0
나이지리아,공용,2016-11-01,5.0
나이지리아,공용,2016-12-01,1.0
나이지리아,공용,2017-01-01,0.0
나이지리아,공용,2017-02-01,30.0
나이지리아,공용,2017-03-01,4.0
나이지리아,공용,2017-04-01,26.0
나이지리아,공용,2017-05-01,24.0
나이지리아,공용,2017-06-01,4.0
나이지리아,공용,2017-07-01,11.0
나이지리아,공용,2017-08-01,31.0
나이지리아,공용,2017-09-01,13.0
나이지리아,공용,2017-10-01,6.0
나이지리아,공용,2017-11-01,12.0
나이지리아,공용,2017-12-01,7.0
나이지리아,공용,2018-01-01,7.0
나이지리아,공용,2018-02-01,8.0
나이지리아,공용,2018-03-01,5.0
나이지리아,공용,2018-04-01,11.0
나이지리아,공용,2018-05-01,11.0
나이지리아,공용,2018-06-01,17.0
나이지리아,공용,2018-07-01,4.0
나이지리아,공용,2018-08-01,32.0
나이지리아,공용,2018-09-01,20.0
나이지리아,공용,2018-10-01,7.0
나이지리아,공용,2018-11-01,4.0
나이지리아,공용,2018-12-01,2.0
나이지리아,공용,2019-01-01,13.0
나이지리아,공용,2019-02-01,2.0
나이지리아,공용,2019-03-01,2.0
나이지리아,공용,2019-04-01,6.0
나이지리아,공용,2019-05-01,12.0
나이지리아,공용,2019-06-01,14.0
나이지리아,공용,2019-07-01,8.0
나이지리아,공용,2019-08-01,9.0
나이지리아,공용,2019-09-01,13.0
나이지리아,공용,2019-10-01,10.0
나이지리아,공용,2019-11-01,26.0
나이지리아,공용,2019-12-01,6.0
나이지리아,공용,2020-01-01,8.0
나이지리아,공용,2020-02-01,9.0
나이지리아,공용,2020-03-01,1.0
나이지리아,공용,2020-04-01,0.0
나이지리아,공용,2020-05-01,2.0
나이지리아,공용,2020-06-01,0.0
나이지리아,공용,2020-07-01,0.0
나이지리아,공용,2020-08-01,4.0
나이지리아,공용,2020-09-01,0.0
나이지리아,공용,2020-10-01,2.0
나이지리아,공용,2020-11-01,7.0
나이지리아,공용,2020-12-01,2.0
나이지리아,공용,2021-01-01,1.0
나이지리아,공용,2021-02-01,2.0
나이지리아,공용,2021-03-01,3.0
나이지리아,공용,2021-04-01,0.0
나이지리아,공용,2021-05-01,5.0
나이지리아,공용,2021-06-01,0.0
나이지리아,공용,2021-07-01,1.0
나이지리아,공용,2021-08-01,1.0
나이지리아,공용,2021-09-01,9.0
나이지리아,공용,2021-10-01,29.0
나이지리아,공용,2021-11-01,14.0
나이지리아,공용,2021-12-01,0.0
나이지리아,공용,2022-01-01,0.0
나이지리아,공용,2022-02-01,4.0
나이지리아,공용,2022-03-01,3.0
나이지리아,공용,2022-04-01,4.0
나이지리아,공용,2022-05-01,13.0
나이지리아,공용,2022-06-01,3.0
나이지리아,공용,2022-07-01,1.0
나이지리아,공용,2022-08-01,2.0
나이지리아,공용,2022-09-01,11.0
나이지리아,공용,2022-10-01,62.0
나이지리아,공용,2022-11-01,7.0
나이지리아,공용,2022-12-01,2.0
나이지리아,공용,2023-01-01,3.0
나이지리아,공용,2023-02-01,2.0
나이지리아,공용,2023-03-01,10.0
나이지리아,공용,2023-04-01,3.0
나이지리아,공용,2023-05-01,3.0
나이지리아,공용,2023-06-01,1.0
나이지리아,공용,2023-07-01,1.0
나이지리아,공용,2023-08-01,3.0
나이지리아,공용,2023-09-01,5.0
나이지리아,공용,2023-10-01,5.0
나이지리아,공용,2023-11-01,2.0
나이지리아,공용,2023-12-01,4.0
나이지리아,공용,2024-01-01,0.0
나이지리아,공용,2024-02-01,1.0
나이지리아,공용,2024-03-01,2.0
나이지리아,공용,2024-04-01,3.0
나이지리아,공용,2024-05-01,4.0
나이지리아,공용,2024-06-01,7.0
나이지리아,공용,2024-07-01,0.0
나이지리아,공용,2024-08-01,4.0
나이지리아,공용,2024-09-01,4.0
나이지리아,공용,2024-10-01,6.0
나이지리아,공용,2024-11-01,3.0
나이지리아,공용,2024-12-01,3.0
나이지리아,공용,2025-01-01,3.0
나이지리아,공용,2025-02-01,0.0
나이지리아,공용,2025-03-01,7.0
나이지리아,공용,2025-04-01,6.0
나이지리아,공용,2025-05-01,4.0
나이지리아,관광,2005-01-01,58.0
나이지리아,관광,2005-02-01,45.0
나이지리아,관광,2005-03-01,89.0
나이지리아,관광,2005-04-01,121.0
나이지리아,관광,2005-05-01,133.0
나이지리아,관광,2005-06-01,109.0
나이지리아,관광,2005-07-01,116.0
나이지리아,관광,2005-08-01,114.0
나이지리아,관광,2005-09-01,91.0
나이지리아,관광,2005-10-01,143.0
나이지리아,관광,2005-11-01,124.0
나이지리아,관광,2005-12-01,160.0
나이지리아,관광,2006-01-01,53.0
나이지리아,관광,2006-02-01,60.0
나이지리아,관광,2006-03-01,80.0
나이지리아,관광,2006-04-01,116.0
나이지리아,관광,2006-05-01,74.0
나이지리아,관광,2006-06-01,82.0
나이지리아,관광,2006-07-01,179.0
나이지리아,관광,2006-08-01,82.0
나이지리아,관광,2006-09-01,100.0
나이지리아,관광,2006-10-01,85.0
나이지리아,관광,2006-11-01,106.0
나이지리아,관광,2006-12-01,84.0
나이지리아,관광,2007-01-01,89.0
나이지리아,관광,2007-02-01,47.0
나이지리아,관광,2007-03-01,81.0
나이지리아,관광,2007-04-01,115.0
나이지리아,관광,2007-05-01,68.0
나이지리아,관광,2007-06-01,137.0
나이지리아,관광,2007-07-01,90.0
나이지리아,관광,2007-08-01,197.0
나이지리아,관광,2007-09-01,128.0
나이지리아,관광,2007-10-01,171.0
나이지리아,관광,2007-11-01,87.0
나이지리아,관광,2007-12-01,82.0
나이지리아,관광,2008-01-01,48.0
나이지리아,관광,2008-02-01,55.0
나이지리아,관광,2008-03-01,96.0
나이지리아,관광,2008-04-01,84.0
나이지리아,관광,2008-05-01,108.0
나이지리아,관광,2008-06-01,114.0
나이지리아,관광,2008-07-01,284.0
나이지리아,관광,2008-08-01,150.0
나이지리아,관광,2008-09-01,119.0
나이지리아,관광,2008-10-01,107.0
나이지리아,관광,2008-11-01,86.0
나이지리아,관광,2008-12-01,97.0
나이지리아,관광,2009-01-01,53.0
나이지리아,관광,2009-02-01,44.0
나이지리아,관광,2009-03-01,55.0
나이지리아,관광,2009-04-01,87.0
나이지리아,관광,2009-05-01,66.0
나이지리아,관광,2009-06-01,76.0
나이지리아,관광,2009-07-01,103.0
나이지리아,관광,2009-08-01,71.0
나이지리아,관광,2009-09-01,107.0
나이지리아,관광,2009-10-01,177.0
나이지리아,관광,2009-11-01,96.0
나이지리아,관광,2009-12-01,67.0
나이지리아,관광,2010-01-01,39.0
나이지리아,관광,2010-02-01,29.0
나이지리아,관광,2010-03-01,57.0
나이지리아,관광,2010-04-01,81.0
나이지리아,관광,2010-05-01,96.0
나이지리아,관광,2010-06-01,74.0
나이지리아,관광,2010-07-01,107.0
나이지리아,관광,2010-08-01,122.0
나이지리아,관광,2010-09-01,69.0
나이지리아,관광,2010-10-01,115.0
나이지리아,관광,2010-11-01,59.0
나이지리아,관광,2010-12-01,58.0
나이지리아,관광,2011-01-01,35.0
나이지리아,관광,2011-02-01,39.0
나이지리아,관광,2011-03-01,66.0
나이지리아,관광,2011-04-01,111.0
나이지리아,관광,2011-05-01,132.0
나이지리아,관광,2011-06-01,119.0
나이지리아,관광,2011-07-01,102.0
나이지리아,관광,2011-08-01,95.0
나이지리아,관광,2011-09-01,97.0
나이지리아,관광,2011-10-01,249.0
나이지리아,관광,2011-11-01,118.0
나이지리아,관광,2011-12-01,58.0
나이지리아,관광,2012-01-01,43.0
나이지리아,관광,2012-02-01,40.0
나이지리아,관광,2012-03-01,155.0
나이지리아,관광,2012-04-01,92.0
나이지리아,관광,2012-05-01,131.0
나이지리아,관광,2012-06-01,323.0
나이지리아,관광,2012-07-01,141.0
나이지리아,관광,2012-08-01,110.0
나이지리아,관광,2012-09-01,197.0
나이지리아,관광,2012-10-01,129.0
나이지리아,관광,2012-11-01,93.0
나이지리아,관광,2012-12-01,57.0
나이지리아,관광,2013-01-01,53.0
나이지리아,관광,2013-02-01,66.0
나이지리아,관광,2013-03-01,64.0
나이지리아,관광,2013-04-01,79.0
나이지리아,관광,2013-05-01,114.0
나이지리아,관광,2013-06-01,154.0
나이지리아,관광,2013-07-01,216.0
나이지리아,관광,2013-08-01,134.0
나이지리아,관광,2013-09-01,70.0
나이지리아,관광,2013-10-01,454.0
나이지리아,관광,2013-11-01,91.0
나이지리아,관광,2013-12-01,43.0
나이지리아,관광,2014-01-01,42.0
나이지리아,관광,2014-02-01,50.0
나이지리아,관광,2014-03-01,105.0
나이지리아,관광,2014-04-01,66.0
나이지리아,관광,2014-05-01,164.0
나이지리아,관광,2014-06-01,87.0
나이지리아,관광,2014-07-01,53.0
나이지리아,관광,2014-08-01,51.0
나이지리아,관광,2014-09-01,59.0
나이지리아,관광,2014-10-01,112.0
나이지리아,관광,2014-11-01,88.0
나이지리아,관광,2014-12-01,41.0
나이지리아,관광,2015-01-01,22.0
나이지리아,관광,2015-02-01,26.0
나이지리아,관광,2015-03-01,110.0
나이지리아,관광,2015-04-01,76.0
나이지리아,관광,2015-05-01,84.0
나이지리아,관광,2015-06-01,90.0
나이지리아,관광,2015-07-01,113.0
나이지리아,관광,2015-08-01,157.0
나이지리아,관광,2015-09-01,117.0
나이지리아,관광,2015-10-01,252.0
나이지리아,관광,2015-11-01,156.0
나이지리아,관광,2015-12-01,85.0
나이지리아,관광,2016-01-01,52.0
나이지리아,관광,2016-02-01,72.0
나이지리아,관광,2016-03-01,44.0
나이지리아,관광,2016-04-01,54.0
나이지리아,관광,2016-05-01,565.0
나이지리아,관광,2016-06-01,99.0
나이지리아,관광,2016-07-01,163.0
나이지리아,관광,2016-08-01,72.0
나이지리아,관광,2016-09-01,112.0
나이지리아,관광,2016-10-01,99.0
나이지리아,관광,2016-11-01,103.0
나이지리아,관광,2016-12-01,44.0
나이지리아,관광,2017-01-01,30.0
나이지리아,관광,2017-02-01,34.0
나이지리아,관광,2017-03-01,63.0
나이지리아,관광,2017-04-01,36.0
나이지리아,관광,2017-05-01,65.0
나이지리아,관광,2017-06-01,136.0
나이지리아,관광,2017-07-01,76.0
나이지리아,관광,2017-08-01,78.0
나이지리아,관광,2017-09-01,305.0
나이지리아,관광,2017-10-01,55.0
나이지리아,관광,2017-11-01,76.0
나이지리아,관광,2017-12-01,131.0
나이지리아,관광,2018-01-01,24.0
나이지리아,관광,2018-02-01,61.0
나이지리아,관광,2018-03-01,53.0
나이지리아,관광,2018-04-01,71.0
나이지리아,관광,2018-05-01,157.0
나이지리아,관광,2018-06-01,73.0
나이지리아,관광,2018-07-01,88.0
나이지리아,관광,2018-08-01,76.0
나이지리아,관광,2018-09-01,79.0
나이지리아,관광,2018-10-01,141.0
나이지리아,관광,2018-11-01,64.0
나이지리아,관광,2018-12-01,57.0
나이지리아,관광,2019-01-01,42.0
나이지리아,관광,2019-02-01,115.0
나이지리아,관광,2019-03-01,77.0
나이지리아,관광,2019-04-01,77.0
나이지리아,관광,2019-05-01,55.0
나이지리아,관광,2019-06-01,87.0
나이지리아,관광,2019-07-01,127.0
나이지리아,관광,2019-08-01,153.0
나이지리아,관광,2019-09-01,427.0
나이지리아,관광,2019-10-01,149.0
나이지리아,관광,2019-11-01,103.0
나이지리아,관광,2019-12-01,79.0
나이지리아,관광,2020-01-01,30.0
나이지리아,관광,2020-02-01,78.0
나이지리아,관광,2020-03-01,10.0
나이지리아,관광,2020-04-01,0.0
나이지리아,관광,2020-05-01,0.0
나이지리아,관광,2020-06-01,0.0
나이지리아,관광,2020-07-01,0.0
나이지리아,관광,2020-08-01,14.0
나이지리아,관광,2020-09-01,0.0
나이지리아,관광,2020-10-01,1.0
나이지리아,관광,2020-11-01,4.0
나이지리아,관광,2020-12-01,2.0
나이지리아,관광,2021-01-01,3.0
나이지리아,관광,2021-02-01,11.0
나이지리아,관광,2021-03-01,5.0
나이지리아,관광,2021-04-01,0.0
나이지리아,관광,2021-05-01,1.0
나이지리아,관광,2021-06-01,4.0
나이지리아,관광,2021-07-01,3.0
나이지리아,관광,2021-08-01,22.0
나이지리아,관광,2021-09-01,6.0
나이지리아,관광,2021-10-01,12.0
나이지리아,관광,2021-11-01,5.0
나이지리아,관광,2021-12-01,12.0
나이지리아,관광,2022-01-01,0.0
나이지리아,관광,2022-02-01,3.0
나이지리아,관광,2022-03-01,3.0
나이지리아,관광,2022-04-01,5.0
나이지리아,관광,2022-05-01,122.0
나이지리아,관광,2022-06-01,31.0
나이지리아,관광,2022-07-01,43.0
나이지리아,관광,2022-08-01,64.0
나이지리아,관광,2022-09-01,143.0
나이지리아,관광,2022-10-01,215.0
나이지리아,관광,2022-11-01,44.0
나이지리아,관광,2022-12-01,38.0
나이지리아,관광,2023-01-01,31.0
나이지리아,관광,2023-02-01,17.0
나이지리아,관광,2023-03-01,43.0
나이지리아,관광,2023-04-01,60.0
나이지리아,관광,2023-05-01,87.0
나이지리아,관광,2023-06-01,57.0
나이지리아,관광,2023-07-01,75.0
나이지리아,관광,2023-08-01,88.0
나이지리아,관광,2023-09-01,64.0
나이지리아,관광,2023-10-01,103.0
나이지리아,관광,2023-11-01,62.0
나이지리아,관광,2023-12-01,41.0
나이지리아,관광,2024-01-01,90.0
나이지리아,관광,2024-02-01,63.0
나이지리아,관광,2024-03-01,76.0
나이지리아,관광,2024-04-01,72.0
나이지리아,관광,2024-05-01,97.0
나이지리아,관광,2024-06-01,101.0
나이지리아,관광,2024-07-01,67.0
나이지리아,관광,2024-08-01,110.0
나이지리아,관광,2024-09-01,201.0
나이지리아,관광,2024-10-01,154.0
나이지리아,관광,2024-11-01,201.0
나이지리아,관광,2024-12-01,58.0
나이지리아,관광,2025-01-01,31.0
나이지리아,관광,2025-02-01,52.0
나이지리아,관광,2025-03-01,47.0
나이지리아,관광,2025-04-01,78.0
나이지리아,관광,2025-05-01,49.0
나이지리아,상용,2005-01-01,103.0
나이지리아,상용,2005-02-01,94.0
나이지리아,상용,2005-03-01,127.0
나이지리아,상용,2005-04-01,134.0
나이지리아,상용,2005-05-01,162.0
나이지리아,상용,2005-06-01,146.0
나이지리아,상용,2005-07-01,125.0
나이지리아,상용,2005-08-01,160.0
나이지리아,상용,2005-09-01,199.0
나이지리아,상용,2005-10-01,163.0
나이지리아,상용,2005-11-01,161.0
나이지리아,상용,2005-12-01,95.0
나이지리아,상용,2006-01-01,101.0
나이지리아,상용,2006-02-01,164.0
나이지리아,상용,2006-03-01,147.0
나이지리아,상용,2006-04-01,148.0
나이지리아,상용,2006-05-01,157.0
나이지리아,상용,2006-06-01,150.0
나이지리아,상용,2006-07-01,117.0
나이지리아,상용,2006-08-01,127.0
나이지리아,상용,2006-09-01,114.0
나이지리아,상용,2006-10-01,196.0
나이지리아,상용,2006-11-01,200.0
나이지리아,상용,2006-12-01,105.0
나이지리아,상용,2007-01-01,101.0
나이지리아,상용,2007-02-01,138.0
나이지리아,상용,2007-03-01,168.0
나이지리아,상용,2007-04-01,165.0
나이지리아,상용,2007-05-01,170.0
나이지리아,상용,2007-06-01,172.0
나이지리아,상용,2007-07-01,194.0
나이지리아,상용,2007-08-01,163.0
나이지리아,상용,2007-09-01,201.0
나이지리아,상용,2007-10-01,165.0
나이지리아,상용,2007-11-01,172.0
나이지리아,상용,2007-12-01,130.0
나이지리아,상용,2008-01-01,137.0
나이지리아,상용,2008-02-01,133.0
나이지리아,상용,2008-03-01,156.0
나이지리아,상용,2008-04-01,185.0
나이지리아,상용,2008-05-01,190.0
나이지리아,상용,2008-06-01,161.0
나이지리아,상용,2008-07-01,127.0
나이지리아,상용,2008-08-01,121.0
나이지리아,상용,2008-09-01,137.0
나이지리아,상용,2008-10-01,199.0
나이지리아,상용,2008-11-01,197.0
나이지리아,상용,2008-12-01,156.0
나이지리아,상용,2009-01-01,104.0
나이지리아,상용,2009-02-01,140.0
나이지리아,상용,2009-03-01,170.0
나이지리아,상용,2009-04-01,137.0
나이지리아,상용,2009-05-01,160.0
나이지리아,상용,2009-06-01,140.0
나이지리아,상용,2009-07-01,131.0
나이지리아,상용,2009-08-01,162.0
나이지리아,상용,2009-09-01,156.0
나이지리아,상용,2009-10-01,155.0
나이지리아,상용,2009-11-01,143.0
나이지리아,상용,2009-12-01,74.0
나이지리아,상용,2010-01-01,109.0
나이지리아,상용,2010-02-01,107.0
나이지리아,상용,2010-03-01,174.0
나이지리아,상용,2010-04-01,169.0
나이지리아,상용,2010-05-01,151.0
나이지리아,상용,2010-06-01,129.0
나이지리아,상용,2010-07-01,119.0
나이지리아,상용,2010-08-01,141.0
나이지리아,상용,2010-09-01,151.0
나이지리아,상용,2010-10-01,186.0
나이지리아,상용,2010-11-01,239.0
나이지리아,상용,2010-12-01,152.0
나이지리아,상용,2011-01-01,183.0
나이지리아,상용,2011-02-01,171.0
나이지리아,상용,2011-03-01,209.0
나이지리아,상용,2011-04-01,150.0
나이지리아,상용,2011-05-01,131.0
나이지리아,상용,2011-06-01,127.0
나이지리아,상용,2011-07-01,152.0
나이지리아,상용,2011-08-01,125.0
나이지리아,상용,2011-09-01,120.0
나이지리아,상용,2011-10-01,153.0
나이지리아,상용,2011-11-01,125.0
나이지리아,상용,2011-12-01,81.0
나이지리아,상용,2012-01-01,73.0
나이지리아,상용,2012-02-01,89.0
나이지리아,상용,2012-03-01,143.0
나이지리아,상용,2012-04-01,133.0
나이지리아,상용,2012-05-01,100.0
나이지리아,상용,2012-06-01,120.0
나이지리아,상용,2012-07-01,121.0
나이지리아,상용,2012-08-01,117.0
나이지리아,상용,2012-09-01,110.0
나이지리아,상용,2012-10-01,112.0
나이지리아,상용,2012-11-01,129.0
나이지리아,상용,2012-12-01,91.0
나이지리아,상용,2013-01-01,81.0
나이지리아,상용,2013-02-01,111.0
나이지리아,상용,2013-03-01,118.0
나이지리아,상용,2013-04-01,126.0
나이지리아,상용,2013-05-01,141.0
나이지리아,상용,2013-06-01,144.0
나이지리아,상용,2013-07-01,145.0
나이지리아,상용,2013-08-01,184.0
나이지리아,상용,2013-09-01,145.0
나이지리아,상용,2013-10-01,186.0
나이지리아,상용,2013-11-01,107.0
나이지리아,상용,2013-12-01,92.0
나이지리아,상용,2014-01-01,80.0
나이지리아,상용,2014-02-01,125.0
나이지리아,상용,2014-03-01,145.0
나이지리아,상용,2014-04-01,117.0
나이지리아,상용,2014-05-01,203.0
나이지리아,상용,2014-06-01,151.0
나이지리아,상용,2014-07-01,151.0
나이지리아,상용,2014-08-01,115.0
나이지리아,상용,2014-09-01,123.0
나이지리아,상용,2014-10-01,98.0
나이지리아,상용,2014-11-01,147.0
나이지리아,상용,2014-12-01,85.0
나이지리아,상용,2015-01-01,84.0
나이지리아,상용,2015-02-01,104.0
나이지리아,상용,2015-03-01,140.0
나이지리아,상용,2015-04-01,73.0
나이지리아,상용,2015-05-01,147.0
나이지리아,상용,2015-06-01,117.0
나이지리아,상용,2015-07-01,90.0
나이지리아,상용,2015-08-01,111.0
나이지리아,상용,2015-09-01,127.0
나이지리아,상용,2015-10-01,114.0
나이지리아,상용,2015-11-01,155.0
나이지리아,상용,2015-12-01,86.0
나이지리아,상용,2016-01-01,73.0
나이지리아,상용,2016-02-01,88.0
나이지리아,상용,2016-03-01,90.0
나이지리아,상용,2016-04-01,106.0
나이지리아,상용,2016-05-01,127.0
나이지리아,상용,2016-06-01,96.0
나이지리아,상용,2016-07-01,97.0
나이지리아,상용,2016-08-01,96.0
나이지리아,상용,2016-09-01,107.0
나이지리아,상용,2016-10-01,117.0
나이지리아,상용,2016-11-01,111.0
나이지리아,상용,2016-12-01,77.0
나이지리아,상용,2017-01-01,77.0
나이지리아,상용,2017-02-01,103.0
나이지리아,상용,2017-03-01,140.0
나이지리아,상용,2017-04-01,75.0
나이지리아,상용,2017-05-01,83.0
나이지리아,상용,2017-06-01,89.0
나이지리아,상용,2017-07-01,89.0
나이지리아,상용,2017-08-01,97.0
나이지리아,상용,2017-09-01,118.0
나이지리아,상용,2017-10-01,94.0
나이지리아,상용,2017-11-01,97.0
나이지리아,상용,2017-12-01,53.0
나이지리아,상용,2018-01-01,58.0
나이지리아,상용,2018-02-01,72.0
나이지리아,상용,2018-03-01,92.0
나이지리아,상용,2018-04-01,61.0
나이지리아,상용,2018-05-01,84.0
나이지리아,상용,2018-06-01,56.0
나이지리아,상용,2018-07-01,71.0
나이지리아,상용,2018-08-01,51.0
나이지리아,상용,2018-09-01,76.0
나이지리아,상용,2018-10-01,80.0
나이지리아,상용,2018-11-01,62.0
나이지리아,상용,2018-12-01,62.0
나이지리아,상용,2019-01-01,60.0
나이지리아,상용,2019-02-01,50.0
나이지리아,상용,2019-03-01,76.0
나이지리아,상용,2019-04-01,55.0
나이지리아,상용,2019-05-01,71.0
나이지리아,상용,2019-06-01,51.0
나이지리아,상용,2019-07-01,54.0
나이지리아,상용,2019-08-01,42.0
나이지리아,상용,2019-09-01,80.0
나이지리아,상용,2019-10-01,67.0
나이지리아,상용,2019-11-01,50.0
나이지리아,상용,2019-12-01,41.0
나이지리아,상용,2020-01-01,49.0
나이지리아,상용,2020-02-01,71.0
나이지리아,상용,2020-03-01,26.0
나이지리아,상용,2020-04-01,0.0
나이지리아,상용,2020-05-01,0.0
나이지리아,상용,2020-06-01,0.0
나이지리아,상용,2020-07-01,10.0
나이지리아,상용,2020-08-01,7.0
나이지리아,상용,2020-09-01,4.0
나이지리아,상용,2020-10-01,4.0
나이지리아,상용,2020-11-01,6.0
나이지리아,상용,2020-12-01,6.0
나이지리아,상용,2021-01-01,4.0
나이지리아,상용,2021-02-01,19.0
나이지리아,상용,2021-03-01,12.0
나이지리아,상용,2021-04-01,5.0
나이지리아,상용,2021-05-01,6.0
나이지리아,상용,2021-06-01,9.0
나이지리아,상용,2021-07-01,5.0
나이지리아,상용,2021-08-01,8.0
나이지리아,상용,2021-09-01,13.0
나이지리아,상용,2021-10-01,14.0
나이지리아,상용,2021-11-01,9.0
나이지리아,상용,2021-12-01,6.0
나이지리아,상용,2022-01-01,5.0
나이지리아,상용,2022-02-01,20.0
나이지리아,상용,2022-03-01,20.0
나이지리아,상용,2022-04-01,10.0
나이지리아,상용,2022-05-01,16.0
나이지리아,상용,2022-06-01,35.0
나이지리아,상용,2022-07-01,24.0
나이지리아,상용,2022-08-01,22.0
나이지리아,상용,2022-09-01,34.0
나이지리아,상용,2022-10-01,28.0
나이지리아,상용,2022-11-01,24.0
나이지리아,상용,2022-12-01,21.0
나이지리아,상용,2023-01-01,17.0
나이지리아,상용,2023-02-01,36.0
나이지리아,상용,2023-03-01,44.0
나이지리아,상용,2023-04-01,18.0
나이지리아,상용,2023-05-01,31.0
나이지리아,상용,2023-06-01,22.0
나이지리아,상용,2023-07-01,26.0
나이지리아,상용,2023-08-01,18.0
나이지리아,상용,2023-09-01,27.0
나이지리아,상용,2023-10-01,20.0
나이지리아,상용,2023-11-01,22.0
나이지리아,상용,2023-12-01,28.0
나이지리아,상용,2024-01-01,29.0
나이지리아,상용,2024-02-01,31.0
나이지리아,상용,2024-03-01,40.0
나이지리아,상용,2024-04-01,23.0
나이지리아,상용,2024-05-01,24.0
나이지리아,상용,2024-06-01,20.0
나이지리아,상용,2024-07-01,20.0
나이지리아,상용,2024-08-01,35.0
나이지리아,상용,2024-09-01,42.0
나이지리아,상용,2024-10-01,28.0
나이지리아,상용,2024-11-01,19.0
나이지리아,상용,2024-12-01,17.0
나이지리아,상용,2025-01-01,22.0
나이지리아,상용,2025-02-01,30.0
나이지리아,상용,2025-03-01,46.0
나이지리아,상용,2025-04-01,24.0
나이지리아,상용,2025-05-01,33.0
나이지리아,유학연수,2005-01-01,1.0
나이지리아,유학연수,2005-02-01,3.0
나이지리아,유학연수,2005-03-01,1.0
나이지리아,유학연수,2005-04-01,0.0
나이지리아,유학연수,2005-05-01,1.0
나이지리아,유학연수,2005-06-01,0.0
나이지리아,유학연수,2005-07-01,0.0
나이지리아,유학연수,2005-08-01,3.0
나이지리아,유학연수,2005-09-01,1.0
나이지리아,유학연수,2005-10-01,0.0
나이지리아,유학연수,2005-11-01,0.0
나이지리아,유학연수,2005-12-01,1.0
나이지리아,유학연수,2006-01-01,2.0
나이지리아,유학연수,2006-02-01,2.0
나이지리아,유학연수,2006-03-01,3.0
나이지리아,유학연수,2006-04-01,1.0
나이지리아,유학연수,2006-05-01,1.0
나이지리아,유학연수,2006-06-01,0.0
나이지리아,유학연수,2006-07-01,1.0
나이지리아,유학연수,2006-08-01,2.0
나이지리아,유학연수,2006-09-01,3.0
나이지리아,유학연수,2006-10-01,1.0
나이지리아,유학연수,2006-11-01,3.0
나이지리아,유학연수,2006-12-01,2.0
나이지리아,유학연수,2007-01-01,2.0
나이지리아,유학연수,2007-02-01,6.0
나이지리아,유학연수,2007-03-01,3.0
나이지리아,유학연수,2007-04-01,1.0
나이지리아,유학연수,2007-05-01,2.0
나이지리아,유학연수,2007-06-01,0.0
나이지리아,유학연수,2007-07-01,0.0
나이지리아,유학연수,2007-08-01,6.0
나이지리아,유학연수,2007-09-01,4.0
나이지리아,유학연수,2007-10-01,0.0
나이지리아,유학연수,2007-11-01,1.0
나이지리아,유학연수,2007-12-01,0.0
나이지리아,유학연수,2008-01-01,4.0
나이지리아,유학연수,2008-02-01,6.0
나이지리아,유학연수,2008-03-01,6.0
나이지리아,유학연수,2008-04-01,1.0
나이지리아,유학연수,2008-05-01,1.0
나이지리아,유학연수,2008-06-01,7.0
나이지리아,유학연수,2008-07-01,3.0
나이지리아,유학연수,2008-08-01,10.0
나이지리아,유학연수,2008-09-01,9.0
나이지리아,유학연수,2008-10-01,19.0
나이지리아,유학연수,2008-11-01,4.0
나이지리아,유학연수,2008-12-01,1.0
나이지리아,유학연수,2009-01-01,3.0
나이지리아,유학연수,2009-02-01,9.0
나이지리아,유학연수,2009-03-01,10.0
나이지리아,유학연수,2009-04-01,15.0
나이지리아,유학연수,2009-05-01,10.0
나이지리아,유학연수,2009-06-01,23.0
나이지리아,유학연수,2009-07-01,13.0
나이지리아,유학연수,2009-08-01,13.0
나이지리아,유학연수,2009-09-01,23.0
나이지리아,유학연수,2009-10-01,5.0
나이지리아,유학연수,2009-11-01,0.0
나이지리아,유학연수,2009-12-01,6.0
나이지리아,유학연수,2010-01-01,8.0
나이지리아,유학연수,2010-02-01,10.0
나이지리아,유학연수,2010-03-01,11.0
나이지리아,유학연수,2010-04-01,1.0
나이지리아,유학연수,2010-05-01,2.0
나이지리아,유학연수,2010-06-01,5.0
나이지리아,유학연수,2010-07-01,4.0
나이지리아,유학연수,2010-08-01,8.0
나이지리아,유학연수,2010-09-01,12.0
나이지리아,유학연수,2010-10-01,4.0
나이지리아,유학연수,2010-11-01,3.0
나이지리아,유학연수,2010-12-01,5.0
나이지리아,유학연수,2011-01-01,7.0
나이지리아,유학연수,2011-02-01,13.0
나이지리아,유학연수,2011-03-01,19.0
나이지리아,유학연수,2011-04-01,3.0
나이지리아,유학연수,2011-05-01,3.0
나이지리아,유학연수,2011-06-01,6.0
나이지리아,유학연수,2011-07-01,10.0
나이지리아,유학연수,2011-08-01,19.0
나이지리아,유학연수,2011-09-01,9.0
나이지리아,유학연수,2011-10-01,4.0
나이지리아,유학연수,2011-11-01,10.0
나이지리아,유학연수,2011-12-01,7.0
나이지리아,유학연수,2012-01-01,16.0
나이지리아,유학연수,2012-02-01,99.0
나이지리아,유학연수,2012-03-01,13.0
나이지리아,유학연수,2012-04-01,3.0
나이지리아,유학연수,2012-05-01,4.0
나이지리아,유학연수,2012-06-01,8.0
나이지리아,유학연수,2012-07-01,12.0
나이지리아,유학연수,2012-08-01,54.0
나이지리아,유학연수,2012-09-01,15.0
나이지리아,유학연수,2012-10-01,6.0
나이지리아,유학연수,2012-11-01,2.0
나이지리아,유학연수,2012-12-01,2.0
나이지리아,유학연수,2013-01-01,11.0
나이지리아,유학연수,2013-02-01,25.0
나이지리아,유학연수,2013-03-01,17.0
나이지리아,유학연수,2013-04-01,18.0
나이지리아,유학연수,2013-05-01,17.0
나이지리아,유학연수,2013-06-01,7.0
나이지리아,유학연수,2013-07-01,11.0
나이지리아,유학연수,2013-08-01,60.0
나이지리아,유학연수,2013-09-01,37.0
나이지리아,유학연수,2013-10-01,78.0
나이지리아,유학연수,2013-11-01,54.0
나이지리아,유학연수,2013-12-01,2.0
나이지리아,유학연수,2014-01-01,11.0
나이지리아,유학연수,2014-02-01,27.0
나이지리아,유학연수,2014-03-01,21.0
나이지리아,유학연수,2014-04-01,5.0
나이지리아,유학연수,2014-05-01,42.0
나이지리아,유학연수,2014-06-01,19.0
나이지리아,유학연수,2014-07-01,21.0
나이지리아,유학연수,2014-08-01,15.0
나이지리아,유학연수,2014-09-01,26.0
나이지리아,유학연수,2014-10-01,31.0
나이지리아,유학연수,2014-11-01,24.0
나이지리아,유학연수,2014-12-01,62.0
나이지리아,유학연수,2015-01-01,10.0
나이지리아,유학연수,2015-02-01,32.0
나이지리아,유학연수,2015-03-01,28.0
나이지리아,유학연수,2015-04-01,11.0
나이지리아,유학연수,2015-05-01,13.0
나이지리아,유학연수,2015-06-01,73.0
나이지리아,유학연수,2015-07-01,6.0
나이지리아,유학연수,2015-08-01,52.0
나이지리아,유학연수,2015-09-01,21.0
나이지리아,유학연수,2015-10-01,10.0
나이지리아,유학연수,2015-11-01,12.0
나이지리아,유학연수,2015-12-01,4.0
나이지리아,유학연수,2016-01-01,16.0
나이지리아,유학연수,2016-02-01,34.0
나이지리아,유학연수,2016-03-01,18.0
나이지리아,유학연수,2016-04-01,6.0
나이지리아,유학연수,2016-05-01,7.0
나이지리아,유학연수,2016-06-01,5.0
나이지리아,유학연수,2016-07-01,13.0
나이지리아,유학연수,2016-08-01,36.0
나이지리아,유학연수,2016-09-01,23.0
나이지리아,유학연수,2016-10-01,6.0
나이지리아,유학연수,2016-11-01,3.0
나이지리아,유학연수,2016-12-01,4.0
나이지리아,유학연수,2017-01-01,12.0
나이지리아,유학연수,2017-02-01,29.0
나이지리아,유학연수,2017-03-01,19.0
나이지리아,유학연수,2017-04-01,4.0
나이지리아,유학연수,2017-05-01,9.0
나이지리아,유학연수,2017-06-01,5.0
나이지리아,유학연수,2017-07-01,22.0
나이지리아,유학연수,2017-08-01,50.0
나이지리아,유학연수,2017-09-01,32.0
나이지리아,유학연수,2017-10-01,32.0
나이지리아,유학연수,2017-11-01,7.0
나이지리아,유학연수,2017-12-01,17.0
나이지리아,유학연수,2018-01-01,13.0
나이지리아,유학연수,2018-02-01,35.0
나이지리아,유학연수,2018-03-01,27.0
나이지리아,유학연수,2018-04-01,39.0
나이지리아,유학연수,2018-05-01,31.0
나이지리아,유학연수,2018-06-01,14.0
나이지리아,유학연수,2018-07-01,16.0
나이지리아,유학연수,2018-08-01,66.0
나이지리아,유학연수,2018-09-01,43.0
나이지리아,유학연수,2018-10-01,17.0
나이지리아,유학연수,2018-11-01,28.0
나이지리아,유학연수,2018-12-01,11.0
나이지리아,유학연수,2019-01-01,17.0
나이지리아,유학연수,2019-02-01,64.0
나이지리아,유학연수,2019-03-01,30.0
나이지리아,유학연수,2019-04-01,5.0
나이지리아,유학연수,2019-05-01,13.0
나이지리아,유학연수,2019-06-01,9.0
나이지리아,유학연수,2019-07-01,13.0
나이지리아,유학연수,2019-08-01,69.0
나이지리아,유학연수,2019-09-01,37.0
나이지리아,유학연수,2019-10-01,5.0
나이지리아,유학연수,2019-11-01,10.0
나이지리아,유학연수,2019-12-01,12.0
나이지리아,유학연수,2020-01-01,14.0
나이지리아,유학연수,2020-02-01,45.0
나이지리아,유학연수,2020-03-01,13.0
나이지리아,유학연수,2020-04-01,0.0
나이지리아,유학연수,2020-05-01,0.0
나이지리아,유학연수,2020-06-01,0.0
나이지리아,유학연수,2020-07-01,0.0
나이지리아,유학연수,2020-08-01,8.0
나이지리아,유학연수,2020-09-01,4.0
나이지리아,유학연수,2020-10-01,7.0
나이지리아,유학연수,2020-11-01,2.0
나이지리아,유학연수,2020-12-01,4.0
나이지리아,유학연수,2021-01-01,20.0
나이지리아,유학연수,2021-02-01,43.0
나이지리아,유학연수,2021-03-01,28.0
나이지리아,유학연수,2021-04-01,3.0
나이지리아,유학연수,2021-05-01,6.0
나이지리아,유학연수,2021-06-01,0.0
나이지리아,유학연수,2021-07-01,4.0
나이지리아,유학연수,2021-08-01,53.0
나이지리아,유학연수,2021-09-01,25.0
나이지리아,유학연수,2021-10-01,3.0
나이지리아,유학연수,2021-11-01,4.0
나이지리아,유학연수,2021-12-01,1.0
나이지리아,유학연수,2022-01-01,11.0
나이지리아,유학연수,2022-02-01,24.0
나이지리아,유학연수,2022-03-01,19.0
나이지리아,유학연수,2022-04-01,7.0
나이지리아,유학연수,2022-05-01,2.0
나이지리아,유학연수,2022-06-01,2.0
나이지리아,유학연수,2022-07-01,5.0
나이지리아,유학연수,2022-08-01,74.0
나이지리아,유학연수,2022-09-01,30.0
나이지리아,유학연수,2022-10-01,7.0
나이지리아,유학연수,2022-11-01,11.0
나이지리아,유학연수,2022-12-01,33.0
나이지리아,유학연수,2023-01-01,23.0
나이지리아,유학연수,2023-02-01,32.0
나이지리아,유학연수,2023-03-01,33.0
나이지리아,유학연수,2023-04-01,26.0
나이지리아,유학연수,2023-05-01,5.0
나이지리아,유학연수,2023-06-01,23.0
나이지리아,유학연수,2023-07-01,56.0
나이지리아,유학연수,2023-08-01,66.0
나이지리아,유학연수,2023-09-01,30.0
나이지리아,유학연수,2023-10-01,10.0
나이지리아,유학연수,2023-11-01,7.0
나이지리아,유학연수,2023-12-01,8.0
나이지리아,유학연수,2024-01-01,24.0
나이지리아,유학연수,2024-02-01,44.0
나이지리아,유학연수,2024-03-01,27.0
나이지리아,유학연수,2024-04-01,9.0
나이지리아,유학연수,2024-05-01,3.0
나이지리아,유학연수,2024-06-01,17.0
나이지리아,유학연수,2024-07-01,21.0
나이지리아,유학연수,2024-08-01,62.0
나이지리아,유학연수,2024-09-01,20.0
나이지리아,유학연수,2024-10-01,7.0
나이지리아,유학연수,2024-11-01,9.0
나이지리아,유학연수,2024-12-01,9.0
나이지리아,유학연수,2025-01-01,29.0
나이지리아,유학연수,2025-02-01,44.0
나이지리아,유학연수,2025-03-01,22.0
나이지리아,유학연수,2025-04-01,3.0
나이지리아,유학연수,2025-05-01,4.0
네덜란드,공용,2005-01-01,1.0
네덜란드,공용,2005-02-01,0.0
네덜란드,공용,2005-03-01,0.0
네덜란드,공용,2005-04-01,0.0
네덜란드,공용,2005-05-01,1.0
네덜란드,공용,2005-06-01,0.0
네덜란드,공용,2005-07-01,0.0
네덜란드,공용,2005-08-01,0.0
네덜란드,공용,2005-09-01,1.0
네덜란드,공용,2005-10-01,0.0
네덜란드,공용,2005-11-01,0.0
네덜란드,공용,2005-12-01,0.0
네덜란드,공용,2006-01-01,0.0
네덜란드,공용,2006-02-01,1.0
네덜란드,공용,2006-03-01,0.0
네덜란드,공용,2006-04-01,2.0
네덜란드,공용,2006-05-01,0.0
네덜란드,공용,2006-06-01,0.0
네덜란드,공용,2006-07-01,1.0
네덜란드,공용,2006-08-01,0.0
네덜란드,공용,2006-09-01,1.0
네덜란드,공용,2006-10-01,0.0
네덜란드,공용,2006-11-01,1.0
네덜란드,공용,2006-12-01,0.0
네덜란드,공용,2007-01-01,0.0
네덜란드,공용,2007-02-01,1.0
네덜란드,공용,2007-03-01,0.0
네덜란드,공용,2007-04-01,0.0
네덜란드,공용,2007-05-01,0.0
네덜란드,공용,2007-06-01,1.0
네덜란드,공용,2007-07-01,1.0
네덜란드,공용,2007-08-01,0.0
네덜란드,공용,2007-09-01,1.0
네덜란드,공용,2007-10-01,0.0
네덜란드,공용,2007-11-01,2.0
네덜란드,공용,2007-12-01,0.0
네덜란드,공용,2008-01-01,0.0
네덜란드,공용,2008-02-01,0.0
네덜란드,공용,2008-03-01,1.0
네덜란드,공용,2008-04-01,0.0
네덜란드,공용,2008-05-01,0.0
네덜란드,공용,2008-06-01,1.0
네덜란드,공용,2008-07-01,0.0
네덜란드,공용,2008-08-01,0.0
네덜란드,공용,2008-09-01,0.0
네덜란드,공용,2008-10-01,1.0
네덜란드,공용,2008-11-01,0.0
네덜란드,공용,2008-12-01,1.0
네덜란드,공용,2009-01-01,0.0
네덜란드,공용,2009-02-01,0.0
네덜란드,공용,2009-03-01,2.0
네덜란드,공용,2009-04-01,1.0
네덜란드,공용,2009-05-01,2.0
네덜란드,공용,2009-06-01,2.0
네덜란드,공용,2009-07-01,0.0
네덜란드,공용,2009-08-01,1.0
네덜란드,공용,2009-09-01,1.0
네덜란드,공용,2009-10-01,0.0
네덜란드,공용,2009-11-01,1.0
네덜란드,공용,2009-12-01,2.0
네덜란드,공용,2010-01-01,1.0
네덜란드,공용,2010-02-01,1.0
네덜란드,공용,2010-03-01,1.0
네덜란드,공용,2010-04-01,2.0
네덜란드,공용,2010-05-01,2.0
네덜란드,공용,2010-06-01,1.0
네덜란드,공용,2010-07-01,1.0
네덜란드,공용,2010-08-01,2.0
네덜란드,공용,2010-09-01,0.0
네덜란드,공용,2010-10-01,1.0
네덜란드,공용,2010-11-01,1.0
네덜란드,공용,2010-12-01,0.0
네덜란드,공용,2011-01-01,0.0
네덜란드,공용,2011-02-01,2.0
네덜란드,공용,2011-03-01,1.0
네덜란드,공용,2011-04-01,2.0
네덜란드,공용,2011-05-01,3.0
네덜란드,공용,2011-06-01,1.0
네덜란드,공용,2011-07-01,5.0
네덜란드,공용,2011-08-01,1.0
네덜란드,공용,2011-09-01,1.0
네덜란드,공용,2011-10-01,0.0
네덜란드,공용,2011-11-01,3.0
네덜란드,공용,2011-12-01,1.0
네덜란드,공용,2012-01-01,3.0
네덜란드,공용,2012-02-01,0.0
네덜란드,공용,2012-03-01,1.0
네덜란드,공용,2012-04-01,1.0
네덜란드,공용,2012-05-01,1.0
네덜란드,공용,2012-06-01,2.0
네덜란드,공용,2012-07-01,0.0
네덜란드,공용,2012-08-01,1.0
네덜란드,공용,2012-09-01,1.0
네덜란드,공용,2012-10-01,0.0
네덜란드,공용,2012-11-01,1.0
네덜란드,공용,2012-12-01,1.0
네덜란드,공용,2013-01-01,3.0
네덜란드,공용,2013-02-01,0.0
네덜란드,공용,2013-03-01,0.0
네덜란드,공용,2013-04-01,1.0
네덜란드,공용,2013-05-01,0.0
네덜란드,공용,2013-06-01,0.0
네덜란드,공용,2013-07-01,2.0
네덜란드,공용,2013-08-01,0.0
네덜란드,공용,2013-09-01,0.0
네덜란드,공용,2013-10-01,0.0
네덜란드,공용,2013-11-01,1.0
네덜란드,공용,2013-12-01,2.0
네덜란드,공용,2014-01-01,3.0
네덜란드,공용,2014-02-01,0.0
네덜란드,공용,2014-03-01,0.0
네덜란드,공용,2014-04-01,1.0
네덜란드,공용,2014-05-01,1.0
네덜란드,공용,2014-06-01,3.0
네덜란드,공용,2014-07-01,1.0
네덜란드,공용,2014-08-01,3.0
네덜란드,공용,2014-09-01,2.0
네덜란드,공용,2014-10-01,3.0
네덜란드,공용,2014-11-01,7.0
네덜란드,공용,2014-12-01,3.0
네덜란드,공용,2015-01-01,9.0
네덜란드,공용,2015-02-01,3.0
네덜란드,공용,2015-03-01,2.0
네덜란드,공용,2015-04-01,1.0
네덜란드,공용,2015-05-01,1.0
네덜란드,공용,2015-06-01,7.0
네덜란드,공용,2015-07-01,2.0
네덜란드,공용,2015-08-01,1.0
네덜란드,공용,2015-09-01,2.0
네덜란드,공용,2015-10-01,5.0
네덜란드,공용,2015-11-01,3.0
네덜란드,공용,2015-12-01,3.0
네덜란드,공용,2016-01-01,5.0
네덜란드,공용,2016-02-01,0.0
네덜란드,공용,2016-03-01,6.0
네덜란드,공용,2016-04-01,5.0
네덜란드,공용,2016-05-01,3.0
네덜란드,공용,2016-06-01,5.0
네덜란드,공용,2016-07-01,1.0
네덜란드,공용,2016-08-01,3.0
네덜란드,공용,2016-09-01,4.0
네덜란드,공용,2016-10-01,3.0
네덜란드,공용,2016-11-01,2.0
네덜란드,공용,2016-12-01,7.0
네덜란드,공용,2017-01-01,6.0
네덜란드,공용,2017-02-01,3.0
네덜란드,공용,2017-03-01,7.0
네덜란드,공용,2017-04-01,8.0
네덜란드,공용,2017-05-01,9.0
네덜란드,공용,2017-06-01,13.0
네덜란드,공용,2017-07-01,7.0
네덜란드,공용,2017-08-01,11.0
네덜란드,공용,2017-09-01,9.0
네덜란드,공용,2017-10-01,15.0
네덜란드,공용,2017-11-01,7.0
네덜란드,공용,2017-12-01,7.0
네덜란드,공용,2018-01-01,11.0
네덜란드,공용,2018-02-01,9.0
네덜란드,공용,2018-03-01,6.0
네덜란드,공용,2018-04-01,14.0
네덜란드,공용,2018-05-01,9.0
네덜란드,공용,2018-06-01,6.0
네덜란드,공용,2018-07-01,7.0
네덜란드,공용,2018-08-01,15.0
네덜란드,공용,2018-09-01,9.0
네덜란드,공용,2018-10-01,11.0
네덜란드,공용,2018-11-01,7.0
네덜란드,공용,2018-12-01,10.0
네덜란드,공용,2019-01-01,16.0
네덜란드,공용,2019-02-01,7.0
네덜란드,공용,2019-03-01,12.0
네덜란드,공용,2019-04-01,8.0
네덜란드,공용,2019-05-01,5.0
네덜란드,공용,2019-06-01,4.0
네덜란드,공용,2019-07-01,10.0
네덜란드,공용,2019-08-01,11.0
네덜란드,공용,2019-09-01,9.0
네덜란드,공용,2019-10-01,8.0
네덜란드,공용,2019-11-01,9.0
네덜란드,공용,2019-12-01,8.0
네덜란드,공용,2020-01-01,9.0
네덜란드,공용,2020-02-01,2.0
네덜란드,공용,2020-03-01,0.0
네덜란드,공용,2020-04-01,2.0
네덜란드,공용,2020-05-01,2.0
네덜란드,공용,2020-06-01,0.0
네덜란드,공용,2020-07-01,1.0
네덜란드,공용,2020-08-01,1.0
네덜란드,공용,2020-09-01,0.0
네덜란드,공용,2020-10-01,1.0
네덜란드,공용,2020-11-01,1.0
네덜란드,공용,2020-12-01,0.0
네덜란드,공용,2021-01-01,2.0
네덜란드,공용,2021-02-01,4.0
네덜란드,공용,2021-03-01,1.0
네덜란드,공용,2021-04-01,0.0
네덜란드,공용,2021-05-01,1.0
네덜란드,공용,2021-06-01,1.0
네덜란드,공용,2021-07-01,5.0
네덜란드,공용,2021-08-01,6.0
네덜란드,공용,2021-09-01,5.0
네덜란드,공용,2021-10-01,3.0
네덜란드,공용,2021-11-01,2.0
네덜란드,공용,2021-12-01,3.0
네덜란드,공용,2022-01-01,12.0
네덜란드,공용,2022-02-01,3.0
네덜란드,공용,2022-03-01,2.0
네덜란드,공용,2022-04-01,5.0
네덜란드,공용,2022-05-01,6.0
네덜란드,공용,2022-06-01,3.0
네덜란드,공용,2022-07-01,2.0
네덜란드,공용,2022-08-01,19.0
네덜란드,공용,2022-09-01,3.0
네덜란드,공용,2022-10-01,3.0
네덜란드,공용,2022-11-01,7.0
네덜란드,공용,2022-12-01,2.0
네덜란드,공용,2023-01-01,12.0
네덜란드,공용,2023-02-01,6.0
네덜란드,공용,2023-03-01,4.0
네덜란드,공용,2023-04-01,6.0
네덜란드,공용,2023-05-01,8.0
네덜란드,공용,2023-06-01,5.0
네덜란드,공용,2023-07-01,12.0
네덜란드,공용,2023-08-01,10.0
네덜란드,공용,2023-09-01,9.0
네덜란드,공용,2023-10-01,13.0
네덜란드,공용,2023-11-01,8.0
네덜란드,공용,2023-12-01,4.0
네덜란드,공용,2024-01-01,19.0
네덜란드,공용,2024-02-01,2.0
네덜란드,공용,2024-03-01,15.0
네덜란드,공용,2024-04-01,16.0
네덜란드,공용,2024-05-01,19.0
네덜란드,공용,2024-06-01,10.0
네덜란드,공용,2024-07-01,10.0
네덜란드,공용,2024-08-01,12.0
네덜란드,공용,2024-09-01,11.0
네덜란드,공용,2024-10-01,6.0
네덜란드,공용,2024-11-01,7.0
네덜란드,공용,2024-12-01,10.0
네덜란드,공용,2025-01-01,12.0
네덜란드,공용,2025-02-01,10.0
네덜란드,공용,2025-03-01,16.0
네덜란드,공용,2025-04-01,6.0
네덜란드,공용,2025-05-01,9.0
네덜란드,관광,2005-01-01,821.0
네덜란드,관광,2005-02-01,678.0
네덜란드,관광,2005-03-01,979.0
네덜란드,관광,2005-04-01,1210.0
네덜란드,관광,2005-05-01,1096.0
네덜란드,관광,2005-06-01,960.0
네덜란드,관광,2005-07-01,1037.0
네덜란드,관광,2005-08-01,984.0
네덜란드,관광,2005-09-01,1100.0
네덜란드,관광,2005-10-01,1623.0
네덜란드,관광,2005-11-01,1169.0
네덜란드,관광,2005-12-01,773.0
네덜란드,관광,2006-01-01,825.0
네덜란드,관광,2006-02-01,895.0
네덜란드,관광,2006-03-01,1124.0
네덜란드,관광,2006-04-01,1333.0
네덜란드,관광,2006-05-01,1373.0
네덜란드,관광,2006-06-01,1035.0
네덜란드,관광,2006-07-01,1101.0
네덜란드,관광,2006-08-01,1310.0
네덜란드,관광,2006-09-01,1267.0
네덜란드,관광,2006-10-01,1417.0
네덜란드,관광,2006-11-01,1172.0
네덜란드,관광,2006-12-01,864.0
네덜란드,관광,2007-01-01,1019.0
네덜란드,관광,2007-02-01,829.0
네덜란드,관광,2007-03-01,1194.0
네덜란드,관광,2007-04-01,1320.0
네덜란드,관광,2007-05-01,1463.0
네덜란드,관광,2007-06-01,1275.0
네덜란드,관광,2007-07-01,1448.0
네덜란드,관광,2007-08-01,1157.0
네덜란드,관광,2007-09-01,1433.0
네덜란드,관광,2007-10-01,1854.0
네덜란드,관광,2007-11-01,1345.0
네덜란드,관광,2007-12-01,1014.0
네덜란드,관광,2008-01-01,1213.0
네덜란드,관광,2008-02-01,985.0
네덜란드,관광,2008-03-01,1222.0
네덜란드,관광,2008-04-01,1454.0
네덜란드,관광,2008-05-01,1399.0
네덜란드,관광,2008-06-01,1379.0
네덜란드,관광,2008-07-01,1568.0
네덜란드,관광,2008-08-01,1279.0
네덜란드,관광,2008-09-01,1381.0
네덜란드,관광,2008-10-01,1662.0
네덜란드,관광,2008-11-01,1306.0
네덜란드,관광,2008-12-01,1085.0
네덜란드,관광,2009-01-01,1133.0
네덜란드,관광,2009-02-01,1057.0
네덜란드,관광,2009-03-01,1417.0
네덜란드,관광,2009-04-01,1295.0
네덜란드,관광,2009-05-01,1153.0
네덜란드,관광,2009-06-01,1180.0
네덜란드,관광,2009-07-01,1298.0
네덜란드,관광,2009-08-01,1253.0
네덜란드,관광,2009-09-01,1224.0
네덜란드,관광,2009-10-01,1748.0
네덜란드,관광,2009-11-01,1355.0
네덜란드,관광,2009-12-01,1164.0
네덜란드,관광,2010-01-01,1205.0
네덜란드,관광,2010-02-01,960.0
네덜란드,관광,2010-03-01,1541.0
네덜란드,관광,2010-04-01,1529.0
네덜란드,관광,2010-05-01,1465.0
네덜란드,관광,2010-06-01,1479.0
네덜란드,관광,2010-07-01,1469.0
네덜란드,관광,2010-08-01,1238.0
네덜란드,관광,2010-09-01,1431.0
네덜란드,관광,2010-10-01,1893.0
네덜란드,관광,2010-11-01,1581.0
네덜란드,관광,2010-12-01,1003.0
네덜란드,관광,2011-01-01,1150.0
네덜란드,관광,2011-02-01,1113.0
네덜란드,관광,2011-03-01,1381.0
네덜란드,관광,2011-04-01,1628.0
네덜란드,관광,2011-05-01,1454.0
네덜란드,관광,2011-06-01,1346.0
네덜란드,관광,2011-07-01,1490.0
네덜란드,관광,2011-08-01,1445.0
네덜란드,관광,2011-09-01,1411.0
네덜란드,관광,2011-10-01,1994.0
네덜란드,관광,2011-11-01,1671.0
네덜란드,관광,2011-12-01,1128.0
네덜란드,관광,2012-01-01,1150.0
네덜란드,관광,2012-02-01,1187.0
네덜란드,관광,2012-03-01,1455.0
네덜란드,관광,2012-04-01,1635.0
네덜란드,관광,2012-05-01,1729.0
네덜란드,관광,2012-06-01,1632.0
네덜란드,관광,2012-07-01,1929.0
네덜란드,관광,2012-08-01,1574.0
네덜란드,관광,2012-09-01,1834.0
네덜란드,관광,2012-10-01,2117.0
네덜란드,관광,2012-11-01,1621.0
네덜란드,관광,2012-12-01,1145.0
네덜란드,관광,2013-01-01,1578.0
네덜란드,관광,2013-02-01,1353.0
네덜란드,관광,2013-03-01,1719.0
네덜란드,관광,2013-04-01,1796.0
네덜란드,관광,2013-05-01,1666.0
네덜란드,관광,2013-06-01,1746.0
네덜란드,관광,2013-07-01,1898.0
네덜란드,관광,2013-08-01,1671.0
네덜란드,관광,2013-09-01,1656.0
네덜란드,관광,2013-10-01,2347.0
네덜란드,관광,2013-11-01,1823.0
네덜란드,관광,2013-12-01,1328.0
네덜란드,관광,2014-01-01,1454.0
네덜란드,관광,2014-02-01,1358.0
네덜란드,관광,2014-03-01,2069.0
네덜란드,관광,2014-04-01,2026.0
네덜란드,관광,2014-05-01,1863.0
네덜란드,관광,2014-06-01,1777.0
네덜란드,관광,2014-07-01,2148.0
네덜란드,관광,2014-08-01,1749.0
네덜란드,관광,2014-09-01,2012.0
네덜란드,관광,2014-10-01,2299.0
네덜란드,관광,2014-11-01,2188.0
네덜란드,관광,2014-12-01,1278.0
네덜란드,관광,2015-01-01,1400.0
네덜란드,관광,2015-02-01,1276.0
네덜란드,관광,2015-03-01,1787.0
네덜란드,관광,2015-04-01,2186.0
네덜란드,관광,2015-05-01,1950.0
네덜란드,관광,2015-06-01,1402.0
네덜란드,관광,2015-07-01,1885.0
네덜란드,관광,2015-08-01,1698.0
네덜란드,관광,2015-09-01,1879.0
네덜란드,관광,2015-10-01,2372.0
네덜란드,관광,2015-11-01,1947.0
네덜란드,관광,2015-12-01,1305.0
네덜란드,관광,2016-01-01,1493.0
네덜란드,관광,2016-02-01,1273.0
네덜란드,관광,2016-03-01,1879.0
네덜란드,관광,2016-04-01,2255.0
네덜란드,관광,2016-05-01,2053.0
네덜란드,관광,2016-06-01,1846.0
네덜란드,관광,2016-07-01,2729.0
네덜란드,관광,2016-08-01,2396.0
네덜란드,관광,2016-09-01,2230.0
네덜란드,관광,2016-10-01,2678.0
네덜란드,관광,2016-11-01,2051.0
네덜란드,관광,2016-12-01,1455.0
네덜란드,관광,2017-01-01,1502.0
네덜란드,관광,2017-02-01,1661.0
네덜란드,관광,2017-03-01,2164.0
네덜란드,관광,2017-04-01,2621.0
네덜란드,관광,2017-05-01,2106.0
네덜란드,관광,2017-06-01,1851.0
네덜란드,관광,2017-07-01,2626.0
네덜란드,관광,2017-08-01,2165.0
네덜란드,관광,2017-09-01,2260.0
네덜란드,관광,2017-10-01,2268.0
네덜란드,관광,2017-11-01,2102.0
네덜란드,관광,2017-12-01,1549.0
네덜란드,관광,2018-01-01,1635.0
네덜란드,관광,2018-02-01,2926.0
네덜란드,관광,2018-03-01,2042.0
네덜란드,관광,2018-04-01,2716.0
네덜란드,관광,2018-05-01,2414.0
네덜란드,관광,2018-06-01,1995.0
네덜란드,관광,2018-07-01,2984.0
네덜란드,관광,2018-08-01,2475.0
네덜란드,관광,2018-09-01,2528.0
네덜란드,관광,2018-10-01,3096.0
네덜란드,관광,2018-11-01,2419.0
네덜란드,관광,2018-12-01,1649.0
네덜란드,관광,2019-01-01,1592.0
네덜란드,관광,2019-02-01,1580.0
네덜란드,관광,2019-03-01,2219.0
네덜란드,관광,2019-04-01,3452.0
네덜란드,관광,2019-05-01,2737.0
네덜란드,관광,2019-06-01,2252.0
네덜란드,관광,2019-07-01,3500.0
네덜란드,관광,2019-08-01,2848.0
네덜란드,관광,2019-09-01,2816.0
네덜란드,관광,2019-10-01,3318.0
네덜란드,관광,2019-11-01,2339.0
네덜란드,관광,2019-12-01,1802.0
네덜란드,관광,2020-01-01,1560.0
네덜란드,관광,2020-02-01,1076.0
네덜란드,관광,2020-03-01,156.0
네덜란드,관광,2020-04-01,9.0
네덜란드,관광,2020-05-01,2.0
네덜란드,관광,2020-06-01,21.0
네덜란드,관광,2020-07-01,11.0
네덜란드,관광,2020-08-01,11.0
네덜란드,관광,2020-09-01,17.0
네덜란드,관광,2020-10-01,16.0
네덜란드,관광,2020-11-01,18.0
네덜란드,관광,2020-12-01,22.0
네덜란드,관광,2021-01-01,8.0
네덜란드,관광,2021-02-01,14.0
네덜란드,관광,2021-03-01,15.0
네덜란드,관광,2021-04-01,11.0
네덜란드,관광,2021-05-01,18.0
네덜란드,관광,2021-06-01,25.0
네덜란드,관광,2021-07-01,24.0
네덜란드,관광,2021-08-01,69.0
네덜란드,관광,2021-09-01,125.0
네덜란드,관광,2021-10-01,230.0
네덜란드,관광,2021-11-01,257.0
네덜란드,관광,2021-12-01,116.0
네덜란드,관광,2022-01-01,87.0
네덜란드,관광,2022-02-01,107.0
네덜란드,관광,2022-03-01,128.0
네덜란드,관광,2022-04-01,767.0
네덜란드,관광,2022-05-01,1002.0
네덜란드,관광,2022-06-01,1060.0
네덜란드,관광,2022-07-01,1793.0
네덜란드,관광,2022-08-01,1467.0
네덜란드,관광,2022-09-01,1829.0
네덜란드,관광,2022-10-01,2197.0
네덜란드,관광,2022-11-01,1636.0
네덜란드,관광,2022-12-01,1384.0
네덜란드,관광,2023-01-01,1107.0
네덜란드,관광,2023-02-01,1215.0
네덜란드,관광,2023-03-01,2546.0
네덜란드,관광,2023-04-01,3683.0
네덜란드,관광,2023-05-01,3207.0
네덜란드,관광,2023-06-01,2354.0
네덜란드,관광,2023-07-01,5688.0
네덜란드,관광,2023-08-01,3715.0
네덜란드,관광,2023-09-01,3534.0
네덜란드,관광,2023-10-01,3658.0
네덜란드,관광,2023-11-01,2556.0
네덜란드,관광,2023-12-01,1743.0
네덜란드,관광,2024-01-01,1531.0
네덜란드,관광,2024-02-01,1540.0
네덜란드,관광,2024-03-01,2959.0
네덜란드,관광,2024-04-01,5455.0
네덜란드,관광,2024-05-01,4440.0
네덜란드,관광,2024-06-01,2570.0
네덜란드,관광,2024-07-01,4540.0
네덜란드,관광,2024-08-01,4319.0
네덜란드,관광,2024-09-01,3951.0
네덜란드,관광,2024-10-01,4709.0
네덜란드,관광,2024-11-01,3118.0
네덜란드,관광,2024-12-01,2062.0
네덜란드,관광,2025-01-01,1456.0
네덜란드,관광,2025-02-01,1761.0
네덜란드,관광,2025-03-01,3548.0
네덜란드,관광,2025-04-01,5959.0
네덜란드,관광,2025-05-01,4792.0
네덜란드,상용,2005-01-01,49.0
네덜란드,상용,2005-02-01,39.0
네덜란드,상용,2005-03-01,42.0
네덜란드,상용,2005-04-01,48.0
네덜란드,상용,2005-05-01,36.0
네덜란드,상용,2005-06-01,44.0
네덜란드,상용,2005-07-01,51.0
네덜란드,상용,2005-08-01,46.0
네덜란드,상용,2005-09-01,60.0
네덜란드,상용,2005-10-01,47.0
네덜란드,상용,2005-11-01,34.0
네덜란드,상용,2005-12-01,38.0
네덜란드,상용,2006-01-01,74.0
네덜란드,상용,2006-02-01,56.0
네덜란드,상용,2006-03-01,50.0
네덜란드,상용,2006-04-01,51.0
네덜란드,상용,2006-05-01,49.0
네덜란드,상용,2006-06-01,54.0
네덜란드,상용,2006-07-01,45.0
네덜란드,상용,2006-08-01,42.0
네덜란드,상용,2006-09-01,34.0
네덜란드,상용,2006-10-01,59.0
네덜란드,상용,2006-11-01,35.0
네덜란드,상용,2006-12-01,37.0
네덜란드,상용,2007-01-01,53.0
네덜란드,상용,2007-02-01,45.0
네덜란드,상용,2007-03-01,65.0
네덜란드,상용,2007-04-01,58.0
네덜란드,상용,2007-05-01,54.0
네덜란드,상용,2007-06-01,44.0
네덜란드,상용,2007-07-01,45.0
네덜란드,상용,2007-08-01,47.0
네덜란드,상용,2007-09-01,51.0
네덜란드,상용,2007-10-01,57.0
네덜란드,상용,2007-11-01,39.0
네덜란드,상용,2007-12-01,45.0
네덜란드,상용,2008-01-01,55.0
네덜란드,상용,2008-02-01,43.0
네덜란드,상용,2008-03-01,62.0
네덜란드,상용,2008-04-01,60.0
네덜란드,상용,2008-05-01,52.0
네덜란드,상용,2008-06-01,48.0
네덜란드,상용,2008-07-01,45.0
네덜란드,상용,2008-08-01,48.0
네덜란드,상용,2008-09-01,44.0
네덜란드,상용,2008-10-01,44.0
네덜란드,상용,2008-11-01,45.0
네덜란드,상용,2008-12-01,28.0
네덜란드,상용,2009-01-01,48.0
네덜란드,상용,2009-02-01,36.0
네덜란드,상용,2009-03-01,42.0
네덜란드,상용,2009-04-01,39.0
네덜란드,상용,2009-05-01,28.0
네덜란드,상용,2009-06-01,36.0
네덜란드,상용,2009-07-01,31.0
네덜란드,상용,2009-08-01,29.0
네덜란드,상용,2009-09-01,27.0
네덜란드,상용,2009-10-01,33.0
네덜란드,상용,2009-11-01,37.0
네덜란드,상용,2009-12-01,26.0
네덜란드,상용,2010-01-01,47.0
네덜란드,상용,2010-02-01,26.0
네덜란드,상용,2010-03-01,46.0
네덜란드,상용,2010-04-01,40.0
네덜란드,상용,2010-05-01,39.0
네덜란드,상용,2010-06-01,29.0
네덜란드,상용,2010-07-01,44.0
네덜란드,상용,2010-08-01,41.0
네덜란드,상용,2010-09-01,54.0
네덜란드,상용,2010-10-01,39.0
네덜란드,상용,2010-11-01,48.0
네덜란드,상용,2010-12-01,38.0
네덜란드,상용,2011-01-01,57.0
네덜란드,상용,2011-02-01,32.0
네덜란드,상용,2011-03-01,52.0
네덜란드,상용,2011-04-01,44.0
네덜란드,상용,2011-05-01,53.0
네덜란드,상용,2011-06-01,51.0
네덜란드,상용,2011-07-01,44.0
네덜란드,상용,2011-08-01,49.0
네덜란드,상용,2011-09-01,55.0
네덜란드,상용,2011-10-01,37.0
네덜란드,상용,2011-11-01,38.0
네덜란드,상용,2011-12-01,35.0
네덜란드,상용,2012-01-01,49.0
네덜란드,상용,2012-02-01,40.0
네덜란드,상용,2012-03-01,45.0
네덜란드,상용,2012-04-01,45.0
네덜란드,상용,2012-05-01,59.0
네덜란드,상용,2012-06-01,58.0
네덜란드,상용,2012-07-01,59.0
네덜란드,상용,2012-08-01,64.0
네덜란드,상용,2012-09-01,60.0
네덜란드,상용,2012-10-01,86.0
네덜란드,상용,2012-11-01,47.0
네덜란드,상용,2012-12-01,60.0
네덜란드,상용,2013-01-01,86.0
네덜란드,상용,2013-02-01,47.0
네덜란드,상용,2013-03-01,62.0
네덜란드,상용,2013-04-01,60.0
네덜란드,상용,2013-05-01,55.0
네덜란드,상용,2013-06-01,73.0
네덜란드,상용,2013-07-01,67.0
네덜란드,상용,2013-08-01,90.0
네덜란드,상용,2013-09-01,90.0
네덜란드,상용,2013-10-01,70.0
네덜란드,상용,2013-11-01,61.0
네덜란드,상용,2013-12-01,64.0
네덜란드,상용,2014-01-01,85.0
네덜란드,상용,2014-02-01,71.0
네덜란드,상용,2014-03-01,78.0
네덜란드,상용,2014-04-01,78.0
네덜란드,상용,2014-05-01,85.0
네덜란드,상용,2014-06-01,93.0
네덜란드,상용,2014-07-01,91.0
네덜란드,상용,2014-08-01,94.0
네덜란드,상용,2014-09-01,98.0
네덜란드,상용,2014-10-01,86.0
네덜란드,상용,2014-11-01,81.0
네덜란드,상용,2014-12-01,53.0
네덜란드,상용,2015-01-01,70.0
네덜란드,상용,2015-02-01,53.0
네덜란드,상용,2015-03-01,63.0
네덜란드,상용,2015-04-01,46.0
네덜란드,상용,2015-05-01,69.0
네덜란드,상용,2015-06-01,66.0
네덜란드,상용,2015-07-01,63.0
네덜란드,상용,2015-08-01,67.0
네덜란드,상용,2015-09-01,51.0
네덜란드,상용,2015-10-01,67.0
네덜란드,상용,2015-11-01,60.0
네덜란드,상용,2015-12-01,34.0
네덜란드,상용,2016-01-01,80.0
네덜란드,상용,2016-02-01,63.0
네덜란드,상용,2016-03-01,45.0
네덜란드,상용,2016-04-01,54.0
네덜란드,상용,2016-05-01,62.0
네덜란드,상용,2016-06-01,39.0
네덜란드,상용,2016-07-01,49.0
네덜란드,상용,2016-08-01,54.0
네덜란드,상용,2016-09-01,64.0
네덜란드,상용,2016-10-01,59.0
네덜란드,상용,2016-11-01,68.0
네덜란드,상용,2016-12-01,40.0
네덜란드,상용,2017-01-01,77.0
네덜란드,상용,2017-02-01,42.0
네덜란드,상용,2017-03-01,47.0
네덜란드,상용,2017-04-01,55.0
네덜란드,상용,2017-05-01,46.0
네덜란드,상용,2017-06-01,40.0
네덜란드,상용,2017-07-01,40.0
네덜란드,상용,2017-08-01,38.0
네덜란드,상용,2017-09-01,28.0
네덜란드,상용,2017-10-01,39.0
네덜란드,상용,2017-11-01,27.0
네덜란드,상용,2017-12-01,27.0
네덜란드,상용,2018-01-01,37.0
네덜란드,상용,2018-02-01,31.0
네덜란드,상용,2018-03-01,31.0
네덜란드,상용,2018-04-01,33.0
네덜란드,상용,2018-05-01,32.0
네덜란드,상용,2018-06-01,40.0
네덜란드,상용,2018-07-01,35.0
네덜란드,상용,2018-08-01,35.0
네덜란드,상용,2018-09-01,29.0
네덜란드,상용,2018-10-01,30.0
네덜란드,상용,2018-11-01,36.0
네덜란드,상용,2018-12-01,28.0
네덜란드,상용,2019-01-01,47.0
네덜란드,상용,2019-02-01,33.0
네덜란드,상용,2019-03-01,47.0
네덜란드,상용,2019-04-01,48.0
네덜란드,상용,2019-05-01,31.0
네덜란드,상용,2019-06-01,41.0
네덜란드,상용,2019-07-01,49.0
네덜란드,상용,2019-08-01,47.0
네덜란드,상용,2019-09-01,28.0
네덜란드,상용,2019-10-01,28.0
네덜란드,상용,2019-11-01,26.0
네덜란드,상용,2019-12-01,23.0
네덜란드,상용,2020-01-01,30.0
네덜란드,상용,2020-02-01,16.0
네덜란드,상용,2020-03-01,5.0
네덜란드,상용,2020-04-01,3.0
네덜란드,상용,2020-05-01,5.0
네덜란드,상용,2020-06-01,6.0
네덜란드,상용,2020-07-01,8.0
네덜란드,상용,2020-08-01,13.0
네덜란드,상용,2020-09-01,8.0
네덜란드,상용,2020-10-01,14.0
네덜란드,상용,2020-11-01,8.0
네덜란드,상용,2020-12-01,8.0
네덜란드,상용,2021-01-01,10.0
네덜란드,상용,2021-02-01,3.0
네덜란드,상용,2021-03-01,4.0
네덜란드,상용,2021-04-01,11.0
네덜란드,상용,2021-05-01,16.0
네덜란드,상용,2021-06-01,8.0
네덜란드,상용,2021-07-01,15.0
네덜란드,상용,2021-08-01,26.0
네덜란드,상용,2021-09-01,22.0
네덜란드,상용,2021-10-01,9.0
네덜란드,상용,2021-11-01,6.0
네덜란드,상용,2021-12-01,4.0
네덜란드,상용,2022-01-01,7.0
네덜란드,상용,2022-02-01,4.0
네덜란드,상용,2022-03-01,4.0
네덜란드,상용,2022-04-01,15.0
네덜란드,상용,2022-05-01,13.0
네덜란드,상용,2022-06-01,9.0
네덜란드,상용,2022-07-01,12.0
네덜란드,상용,2022-08-01,12.0
네덜란드,상용,2022-09-01,10.0
네덜란드,상용,2022-10-01,12.0
네덜란드,상용,2022-11-01,10.0
네덜란드,상용,2022-12-01,12.0
네덜란드,상용,2023-01-01,20.0
네덜란드,상용,2023-02-01,11.0
네덜란드,상용,2023-03-01,14.0
네덜란드,상용,2023-04-01,11.0
네덜란드,상용,2023-05-01,19.0
네덜란드,상용,2023-06-01,5.0
네덜란드,상용,2023-07-01,16.0
네덜란드,상용,2023-08-01,12.0
네덜란드,상용,2023-09-01,9.0
네덜란드,상용,2023-10-01,14.0
네덜란드,상용,2023-11-01,15.0
네덜란드,상용,2023-12-01,14.0
네덜란드,상용,2024-01-01,27.0
네덜란드,상용,2024-02-01,16.0
네덜란드,상용,2024-03-01,13.0
네덜란드,상용,2024-04-01,17.0
네덜란드,상용,2024-05-01,14.0
네덜란드,상용,2024-06-01,8.0
네덜란드,상용,2024-07-01,11.0
네덜란드,상용,2024-08-01,16.0
네덜란드,상용,2024-09-01,14.0
네덜란드,상용,2024-10-01,17.0
네덜란드,상용,2024-11-01,21.0
네덜란드,상용,2024-12-01,16.0
네덜란드,상용,2025-01-01,27.0
네덜란드,상용,2025-02-01,16.0
네덜란드,상용,2025-03-01,22.0
네덜란드,상용,2025-04-01,21.0
네덜란드,상용,2025-05-01,27.0
네덜란드,유학연수,2005-01-01,6.0
네덜란드,유학연수,2005-02-01,17.0
네덜란드,유학연수,2005-03-01,0.0
네덜란드,유학연수,2005-04-01,4.0
네덜란드,유학연수,2005-05-01,3.0
네덜란드,유학연수,2005-06-01,3.0
네덜란드,유학연수,2005-07-01,0.0
네덜란드,유학연수,2005-08-01,18.0
네덜란드,유학연수,2005-09-01,1.0
네덜란드,유학연수,2005-10-01,0.0
네덜란드,유학연수,2005-11-01,8.0
네덜란드,유학연수,2005-12-01,4.0
네덜란드,유학연수,2006-01-01,1.0
네덜란드,유학연수,2006-02-01,18.0
네덜란드,유학연수,2006-03-01,0.0
네덜란드,유학연수,2006-04-01,1.0
네덜란드,유학연수,2006-05-01,2.0
네덜란드,유학연수,2006-06-01,4.0
네덜란드,유학연수,2006-07-01,3.0
네덜란드,유학연수,2006-08-01,18.0
네덜란드,유학연수,2006-09-01,2.0
네덜란드,유학연수,2006-10-01,7.0
네덜란드,유학연수,2006-11-01,5.0
네덜란드,유학연수,2006-12-01,2.0
네덜란드,유학연수,2007-01-01,4.0
네덜란드,유학연수,2007-02-01,18.0
네덜란드,유학연수,2007-03-01,3.0
네덜란드,유학연수,2007-04-01,1.0
네덜란드,유학연수,2007-05-01,4.0
네덜란드,유학연수,2007-06-01,4.0
네덜란드,유학연수,2007-07-01,1.0
네덜란드,유학연수,2007-08-01,33.0
네덜란드,유학연수,2007-09-01,5.0
네덜란드,유학연수,2007-10-01,8.0
네덜란드,유학연수,2007-11-01,6.0
네덜란드,유학연수,2007-12-01,9.0
네덜란드,유학연수,2008-01-01,8.0
네덜란드,유학연수,2008-02-01,31.0
네덜란드,유학연수,2008-03-01,3.0
네덜란드,유학연수,2008-04-01,6.0
네덜란드,유학연수,2008-05-01,15.0
네덜란드,유학연수,2008-06-01,7.0
네덜란드,유학연수,2008-07-01,11.0
네덜란드,유학연수,2008-08-01,44.0
네덜란드,유학연수,2008-09-01,1.0
네덜란드,유학연수,2008-10-01,10.0
네덜란드,유학연수,2008-11-01,12.0
네덜란드,유학연수,2008-12-01,5.0
네덜란드,유학연수,2009-01-01,8.0
네덜란드,유학연수,2009-02-01,25.0
네덜란드,유학연수,2009-03-01,3.0
네덜란드,유학연수,2009-04-01,10.0
네덜란드,유학연수,2009-05-01,17.0
네덜란드,유학연수,2009-06-01,10.0
네덜란드,유학연수,2009-07-01,9.0
네덜란드,유학연수,2009-08-01,58.0
네덜란드,유학연수,2009-09-01,6.0
네덜란드,유학연수,2009-10-01,9.0
네덜란드,유학연수,2009-11-01,34.0
네덜란드,유학연수,2009-12-01,8.0
네덜란드,유학연수,2010-01-01,20.0
네덜란드,유학연수,2010-02-01,34.0
네덜란드,유학연수,2010-03-01,6.0
네덜란드,유학연수,2010-04-01,13.0
네덜란드,유학연수,2010-05-01,20.0
네덜란드,유학연수,2010-06-01,8.0
네덜란드,유학연수,2010-07-01,15.0
네덜란드,유학연수,2010-08-01,80.0
네덜란드,유학연수,2010-09-01,10.0
네덜란드,유학연수,2010-10-01,9.0
네덜란드,유학연수,2010-11-01,26.0
네덜란드,유학연수,2010-12-01,8.0
네덜란드,유학연수,2011-01-01,19.0
네덜란드,유학연수,2011-02-01,52.0
네덜란드,유학연수,2011-03-01,6.0
네덜란드,유학연수,2011-04-01,12.0
네덜란드,유학연수,2011-05-01,20.0
네덜란드,유학연수,2011-06-01,10.0
네덜란드,유학연수,2011-07-01,10.0
네덜란드,유학연수,2011-08-01,103.0
네덜란드,유학연수,2011-09-01,12.0
네덜란드,유학연수,2011-10-01,4.0
네덜란드,유학연수,2011-11-01,23.0
네덜란드,유학연수,2011-12-01,20.0
네덜란드,유학연수,2012-01-01,25.0
네덜란드,유학연수,2012-02-01,76.0
네덜란드,유학연수,2012-03-01,6.0
네덜란드,유학연수,2012-04-01,8.0
네덜란드,유학연수,2012-05-01,12.0
네덜란드,유학연수,2012-06-01,15.0
네덜란드,유학연수,2012-07-01,6.0
네덜란드,유학연수,2012-08-01,118.0
네덜란드,유학연수,2012-09-01,8.0
네덜란드,유학연수,2012-10-01,30.0
네덜란드,유학연수,2012-11-01,34.0
네덜란드,유학연수,2012-12-01,31.0
네덜란드,유학연수,2013-01-01,32.0
네덜란드,유학연수,2013-02-01,87.0
네덜란드,유학연수,2013-03-01,6.0
네덜란드,유학연수,2013-04-01,26.0
네덜란드,유학연수,2013-05-01,26.0
네덜란드,유학연수,2013-06-01,23.0
네덜란드,유학연수,2013-07-01,32.0
네덜란드,유학연수,2013-08-01,163.0
네덜란드,유학연수,2013-09-01,31.0
네덜란드,유학연수,2013-10-01,21.0
네덜란드,유학연수,2013-11-01,48.0
네덜란드,유학연수,2013-12-01,30.0
네덜란드,유학연수,2014-01-01,67.0
네덜란드,유학연수,2014-02-01,116.0
네덜란드,유학연수,2014-03-01,10.0
네덜란드,유학연수,2014-04-01,26.0
네덜란드,유학연수,2014-05-01,55.0
네덜란드,유학연수,2014-06-01,22.0
네덜란드,유학연수,2014-07-01,35.0
네덜란드,유학연수,2014-08-01,185.0
네덜란드,유학연수,2014-09-01,21.0
네덜란드,유학연수,2014-10-01,30.0
네덜란드,유학연수,2014-11-01,46.0
네덜란드,유학연수,2014-12-01,32.0
네덜란드,유학연수,2015-01-01,69.0
네덜란드,유학연수,2015-02-01,152.0
네덜란드,유학연수,2015-03-01,9.0
네덜란드,유학연수,2015-04-01,20.0
네덜란드,유학연수,2015-05-01,44.0
네덜란드,유학연수,2015-06-01,38.0
네덜란드,유학연수,2015-07-01,38.0
네덜란드,유학연수,2015-08-01,253.0
네덜란드,유학연수,2015-09-01,22.0
네덜란드,유학연수,2015-10-01,27.0
네덜란드,유학연수,2015-11-01,135.0
네덜란드,유학연수,2015-12-01,55.0
네덜란드,유학연수,2016-01-01,53.0
네덜란드,유학연수,2016-02-01,143.0
네덜란드,유학연수,2016-03-01,8.0
네덜란드,유학연수,2016-04-01,9.0
네덜란드,유학연수,2016-05-01,47.0
네덜란드,유학연수,2016-06-01,34.0
네덜란드,유학연수,2016-07-01,29.0
네덜란드,유학연수,2016-08-01,301.0
네덜란드,유학연수,2016-09-01,8.0
네덜란드,유학연수,2016-10-01,49.0
네덜란드,유학연수,2016-11-01,147.0
네덜란드,유학연수,2016-12-01,63.0
네덜란드,유학연수,2017-01-01,49.0
네덜란드,유학연수,2017-02-01,172.0
네덜란드,유학연수,2017-03-01,18.0
네덜란드,유학연수,2017-04-01,28.0
네덜란드,유학연수,2017-05-01,63.0
네덜란드,유학연수,2017-06-01,29.0
네덜란드,유학연수,2017-07-01,42.0
네덜란드,유학연수,2017-08-01,345.0
네덜란드,유학연수,2017-09-01,21.0
네덜란드,유학연수,2017-10-01,77.0
네덜란드,유학연수,2017-11-01,137.0
네덜란드,유학연수,2017-12-01,76.0
네덜란드,유학연수,2018-01-01,60.0
네덜란드,유학연수,2018-02-01,171.0
네덜란드,유학연수,2018-03-01,20.0
네덜란드,유학연수,2018-04-01,17.0
네덜란드,유학연수,2018-05-01,68.0
네덜란드,유학연수,2018-06-01,34.0
네덜란드,유학연수,2018-07-01,36.0
네덜란드,유학연수,2018-08-01,335.0
네덜란드,유학연수,2018-09-01,38.0
네덜란드,유학연수,2018-10-01,20.0
네덜란드,유학연수,2018-11-01,124.0
네덜란드,유학연수,2018-12-01,82.0
네덜란드,유학연수,2019-01-01,77.0
네덜란드,유학연수,2019-02-01,180.0
네덜란드,유학연수,2019-03-01,20.0
네덜란드,유학연수,2019-04-01,12.0
네덜란드,유학연수,2019-05-01,57.0
네덜란드,유학연수,2019-06-01,35.0
네덜란드,유학연수,2019-07-01,43.0
네덜란드,유학연수,2019-08-01,401.0
네덜란드,유학연수,2019-09-01,18.0
네덜란드,유학연수,2019-10-01,61.0
네덜란드,유학연수,2019-11-01,184.0
네덜란드,유학연수,2019-12-01,100.0
네덜란드,유학연수,2020-01-01,69.0
네덜란드,유학연수,2020-02-01,158.0
네덜란드,유학연수,2020-03-01,29.0
네덜란드,유학연수,2020-04-01,1.0
네덜란드,유학연수,2020-05-01,1.0
네덜란드,유학연수,2020-06-01,4.0
네덜란드,유학연수,2020-07-01,1.0
네덜란드,유학연수,2020-08-01,29.0
네덜란드,유학연수,2020-09-01,2.0
네덜란드,유학연수,2020-10-01,1.0
네덜란드,유학연수,2020-11-01,6.0
네덜란드,유학연수,2020-12-01,0.0
네덜란드,유학연수,2021-01-01,7.0
네덜란드,유학연수,2021-02-01,50.0
네덜란드,유학연수,2021-03-01,4.0
네덜란드,유학연수,2021-04-01,1.0
네덜란드,유학연수,2021-05-01,3.0
네덜란드,유학연수,2021-06-01,4.0
네덜란드,유학연수,2021-07-01,13.0
네덜란드,유학연수,2021-08-01,242.0
네덜란드,유학연수,2021-09-01,14.0
네덜란드,유학연수,2021-10-01,2.0
네덜란드,유학연수,2021-11-01,8.0
네덜란드,유학연수,2021-12-01,4.0
네덜란드,유학연수,2022-01-01,25.0
네덜란드,유학연수,2022-02-01,311.0
네덜란드,유학연수,2022-03-01,12.0
네덜란드,유학연수,2022-04-01,4.0
네덜란드,유학연수,2022-05-01,13.0
네덜란드,유학연수,2022-06-01,13.0
네덜란드,유학연수,2022-07-01,38.0
네덜란드,유학연수,2022-08-01,456.0
네덜란드,유학연수,2022-09-01,13.0
네덜란드,유학연수,2022-10-01,7.0
네덜란드,유학연수,2022-11-01,76.0
네덜란드,유학연수,2022-12-01,97.0
네덜란드,유학연수,2023-01-01,72.0
네덜란드,유학연수,2023-02-01,232.0
네덜란드,유학연수,2023-03-01,13.0
네덜란드,유학연수,2023-04-01,9.0
네덜란드,유학연수,2023-05-01,56.0
네덜란드,유학연수,2023-06-01,36.0
네덜란드,유학연수,2023-07-01,55.0
네덜란드,유학연수,2023-08-01,390.0
네덜란드,유학연수,2023-09-01,16.0
네덜란드,유학연수,2023-10-01,23.0
네덜란드,유학연수,2023-11-01,103.0
네덜란드,유학연수,2023-12-01,91.0
네덜란드,유학연수,2024-01-01,50.0
네덜란드,유학연수,2024-02-01,198.0
네덜란드,유학연수,2024-03-01,19.0
네덜란드,유학연수,2024-04-01,20.0
네덜란드,유학연수,2024-05-01,57.0
네덜란드,유학연수,2024-06-01,40.0
네덜란드,유학연수,2024-07-01,61.0
네덜란드,유학연수,2024-08-01,356.0
네덜란드,유학연수,2024-09-01,26.0
네덜란드,유학연수,2024-10-01,23.0
네덜란드,유학연수,2024-11-01,123.0
네덜란드,유학연수,2024-12-01,115.0
네덜란드,유학연수,2025-01-01,83.0
네덜란드,유학연수,2025-02-01,181.0
네덜란드,유학연수,2025-03-01,24.0
네덜란드,유학연수,2025-04-01,12.0
네덜란드,유학연수,2025-05-01,76.0
노르웨이,공용,2005-01-01,0.0
노르웨이,공용,2005-02-01,0.0
노르웨이,공용,2005-03-01,0.0
노르웨이,공용,2005-04-01,0.0
노르웨이,공용,2005-05-01,0.0
노르웨이,공용,2005-06-01,0.0
노르웨이,공용,2005-07-01,0.0
노르웨이,공용,2005-08-01,0.0
노르웨이,공용,2005-09-01,0.0
노르웨이,공용,2005-10-01,0.0
노르웨이,공용,2005-11-01,0.0
노르웨이,공용,2005-12-01,0.0
노르웨이,공용,2006-01-01,1.0
노르웨이,공용,2006-02-01,0.0
노르웨이,공용,2006-03-01,0.0
노르웨이,공용,2006-04-01,0.0
노르웨이,공용,2006-05-01,0.0
노르웨이,공용,2006-06-01,0.0
노르웨이,공용,2006-07-01,0.0
노르웨이,공용,2006-08-01,0.0
노르웨이,공용,2006-09-01,0.0
노르웨이,공용,2006-10-01,0.0
노르웨이,공용,2006-11-01,0.0
노르웨이,공용,2006-12-01,0.0
노르웨이,공용,2007-01-01,0.0
노르웨이,공용,2007-02-01,0.0
노르웨이,공용,2007-03-01,0.0
노르웨이,공용,2007-04-01,0.0
노르웨이,공용,2007-05-01,0.0
노르웨이,공용,2007-06-01,0.0
노르웨이,공용,2007-07-01,0.0
노르웨이,공용,2007-08-01,0.0
노르웨이,공용,2007-09-01,0.0
노르웨이,공용,2007-10-01,0.0
노르웨이,공용,2007-11-01,1.0
노르웨이,공용,2007-12-01,0.0
노르웨이,공용,2008-01-01,0.0
노르웨이,공용,2008-02-01,0.0
노르웨이,공용,2008-03-01,0.0
노르웨이,공용,2008-04-01,0.0
노르웨이,공용,2008-05-01,0.0
노르웨이,공용,2008-06-01,0.0
노르웨이,공용,2008-07-01,0.0
노르웨이,공용,2008-08-01,0.0
노르웨이,공용,2008-09-01,0.0
노르웨이,공용,2008-10-01,0.0
노르웨이,공용,2008-11-01,0.0
노르웨이,공용,2008-12-01,0.0
노르웨이,공용,2009-01-01,0.0
노르웨이,공용,2009-02-01,0.0
노르웨이,공용,2009-03-01,0.0
노르웨이,공용,2009-04-01,0.0
노르웨이,공용,2009-05-01,0.0
노르웨이,공용,2009-06-01,0.0
노르웨이,공용,2009-07-01,0.0
노르웨이,공용,2009-08-01,1.0
노르웨이,공용,2009-09-01,0.0
노르웨이,공용,2009-10-01,0.0
노르웨이,공용,2009-11-01,0.0
노르웨이,공용,2009-12-01,0.0
노르웨이,공용,2010-01-01,0.0
노르웨이,공용,2010-02-01,0.0
노르웨이,공용,2010-03-01,0.0
노르웨이,공용,2010-04-01,0.0
노르웨이,공용,2010-05-01,0.0
노르웨이,공용,2010-06-01,0.0
노르웨이,공용,2010-07-01,0.0
노르웨이,공용,2010-08-01,0.0
노르웨이,공용,2010-09-01,0.0
노르웨이,공용,2010-10-01,0.0
노르웨이,공용,2010-11-01,0.0
노르웨이,공용,2010-12-01,0.0
노르웨이,공용,2011-01-01,0.0
노르웨이,공용,2011-02-01,0.0
노르웨이,공용,2011-03-01,0.0
노르웨이,공용,2011-04-01,0.0
노르웨이,공용,2011-05-01,0.0
노르웨이,공용,2011-06-01,0.0
노르웨이,공용,2011-07-01,0.0
노르웨이,공용,2011-08-01,0.0
노르웨이,공용,2011-09-01,0.0
노르웨이,공용,2011-10-01,3.0
노르웨이,공용,2011-11-01,0.0
노르웨이,공용,2011-12-01,0.0
노르웨이,공용,2012-01-01,0.0
노르웨이,공용,2012-02-01,0.0
노르웨이,공용,2012-03-01,2.0
노르웨이,공용,2012-04-01,0.0
노르웨이,공용,2012-05-01,0.0
노르웨이,공용,2012-06-01,0.0
노르웨이,공용,2012-07-01,0.0
노르웨이,공용,2012-08-01,0.0
노르웨이,공용,2012-09-01,0.0
노르웨이,공용,2012-10-01,0.0
노르웨이,공용,2012-11-01,0.0
노르웨이,공용,2012-12-01,0.0
노르웨이,공용,2013-01-01,0.0
노르웨이,공용,2013-02-01,1.0
노르웨이,공용,2013-03-01,0.0
노르웨이,공용,2013-04-01,1.0
노르웨이,공용,2013-05-01,0.0
노르웨이,공용,2013-06-01,1.0
노르웨이,공용,2013-07-01,0.0
노르웨이,공용,2013-08-01,0.0
노르웨이,공용,2013-09-01,0.0
노르웨이,공용,2013-10-01,4.0
노르웨이,공용,2013-11-01,1.0
노르웨이,공용,2013-12-01,0.0
노르웨이,공용,2014-01-01,1.0
노르웨이,공용,2014-02-01,0.0
노르웨이,공용,2014-03-01,1.0
노르웨이,공용,2014-04-01,0.0
노르웨이,공용,2014-05-01,0.0
노르웨이,공용,2014-06-01,6.0
노르웨이,공용,2014-07-01,1.0
노르웨이,공용,2014-08-01,4.0
노르웨이,공용,2014-09-01,1.0
노르웨이,공용,2014-10-01,0.0
노르웨이,공용,2014-11-01,9.0
노르웨이,공용,2014-12-01,0.0
노르웨이,공용,2015-01-01,4.0
노르웨이,공용,2015-02-01,4.0
노르웨이,공용,2015-03-01,2.0
노르웨이,공용,2015-04-01,4.0
노르웨이,공용,2015-05-01,2.0
노르웨이,공용,2015-06-01,1.0
노르웨이,공용,2015-07-01,2.0
노르웨이,공용,2015-08-01,3.0
노르웨이,공용,2015-09-01,0.0
노르웨이,공용,2015-10-01,3.0
노르웨이,공용,2015-11-01,1.0
노르웨이,공용,2015-12-01,0.0
노르웨이,공용,2016-01-01,5.0
노르웨이,공용,2016-02-01,5.0
노르웨이,공용,2016-03-01,1.0
노르웨이,공용,2016-04-01,5.0
노르웨이,공용,2016-05-01,2.0
노르웨이,공용,2016-06-01,1.0
노르웨이,공용,2016-07-01,1.0
노르웨이,공용,2016-08-01,1.0
노르웨이,공용,2016-09-01,5.0
노르웨이,공용,2016-10-01,1.0
노르웨이,공용,2016-11-01,3.0
노르웨이,공용,2016-12-01,0.0
노르웨이,공용,2017-01-01,3.0
노르웨이,공용,2017-02-01,1.0
노르웨이,공용,2017-03-01,2.0
노르웨이,공용,2017-04-01,3.0
노르웨이,공용,2017-05-01,2.0
노르웨이,공용,2017-06-01,2.0
노르웨이,공용,2017-07-01,4.0
노르웨이,공용,2017-08-01,0.0
노르웨이,공용,2017-09-01,5.0
노르웨이,공용,2017-10-01,4.0
노르웨이,공용,2017-11-01,8.0
노르웨이,공용,2017-12-01,2.0
노르웨이,공용,2018-01-01,5.0
노르웨이,공용,2018-02-01,0.0
노르웨이,공용,2018-03-01,0.0
노르웨이,공용,2018-04-01,0.0
노르웨이,공용,2018-05-01,1.0
노르웨이,공용,2018-06-01,1.0
노르웨이,공용,2018-07-01,2.0
노르웨이,공용,2018-08-01,4.0
노르웨이,공용,2018-09-01,1.0
노르웨이,공용,2018-10-01,7.0
노르웨이,공용,2018-11-01,3.0
노르웨이,공용,2018-12-01,1.0
노르웨이,공용,2019-01-01,4.0
노르웨이,공용,2019-02-01,3.0
노르웨이,공용,2019-03-01,1.0
노르웨이,공용,2019-04-01,3.0
노르웨이,공용,2019-05-01,0.0
노르웨이,공용,2019-06-01,0.0
노르웨이,공용,2019-07-01,4.0
노르웨이,공용,2019-08-01,3.0
노르웨이,공용,2019-09-01,2.0
노르웨이,공용,2019-10-01,4.0
노르웨이,공용,2019-11-01,2.0
노르웨이,공용,2019-12-01,1.0
노르웨이,공용,2020-01-01,6.0
노르웨이,공용,2020-02-01,0.0
노르웨이,공용,2020-03-01,1.0
노르웨이,공용,2020-04-01,0.0
노르웨이,공용,2020-05-01,0.0
노르웨이,공용,2020-06-01,1.0
노르웨이,공용,2020-07-01,0.0
노르웨이,공용,2020-08-01,0.0
노르웨이,공용,2020-09-01,0.0
노르웨이,공용,2020-10-01,0.0
노르웨이,공용,2020-11-01,0.0
노르웨이,공용,2020-12-01,0.0
노르웨이,공용,2021-01-01,0.0
노르웨이,공용,2021-02-01,0.0
노르웨이,공용,2021-03-01,0.0
노르웨이,공용,2021-04-01,0.0
노르웨이,공용,2021-05-01,0.0
노르웨이,공용,2021-06-01,0.0
노르웨이,공용,2021-07-01,0.0
노르웨이,공용,2021-08-01,3.0
노르웨이,공용,2021-09-01,0.0
노르웨이,공용,2021-10-01,5.0
노르웨이,공용,2021-11-01,1.0
노르웨이,공용,2021-12-01,0.0
노르웨이,공용,2022-01-01,0.0
노르웨이,공용,2022-02-01,0.0
노르웨이,공용,2022-03-01,0.0
노르웨이,공용,2022-04-01,5.0
노르웨이,공용,2022-05-01,0.0
노르웨이,공용,2022-06-01,0.0
노르웨이,공용,2022-07-01,1.0
노르웨이,공용,2022-08-01,2.0
노르웨이,공용,2022-09-01,6.0
노르웨이,공용,2022-10-01,1.0
노르웨이,공용,2022-11-01,5.0
노르웨이,공용,2022-12-01,0.0
노르웨이,공용,2023-01-01,11.0
노르웨이,공용,2023-02-01,15.0
노르웨이,공용,2023-03-01,2.0
노르웨이,공용,2023-04-01,2.0
노르웨이,공용,2023-05-01,2.0
노르웨이,공용,2023-06-01,2.0
노르웨이,공용,2023-07-01,3.0
노르웨이,공용,2023-08-01,3.0
노르웨이,공용,2023-09-01,0.0
노르웨이,공용,2023-10-01,0.0
노르웨이,공용,2023-11-01,1.0
노르웨이,공용,2023-12-01,4.0
노르웨이,공용,2024-01-01,0.0
노르웨이,공용,2024-02-01,1.0
노르웨이,공용,2024-03-01,4.0
노르웨이,공용,2024-04-01,2.0
노르웨이,공용,2024-05-01,0.0
노르웨이,공용,2024-06-01,6.0
노르웨이,공용,2024-07-01,5.0
노르웨이,공용,2024-08-01,3.0
노르웨이,공용,2024-09-01,1.0
노르웨이,공용,2024-10-01,4.0
노르웨이,공용,2024-11-01,8.0
노르웨이,공용,2024-12-01,3.0
노르웨이,공용,2025-01-01,1.0
노르웨이,공용,2025-02-01,1.0
노르웨이,공용,2025-03-01,0.0
노르웨이,공용,2025-04-01,3.0
노르웨이,공용,2025-05-01,2.0
노르웨이,관광,2005-01-01,332.0
노르웨이,관광,2005-02-01,376.0
노르웨이,관광,2005-03-01,527.0
노르웨이,관광,2005-04-01,533.0
노르웨이,관광,2005-05-01,466.0
노르웨이,관광,2005-06-01,462.0
노르웨이,관광,2005-07-01,356.0
노르웨이,관광,2005-08-01,336.0
노르웨이,관광,2005-09-01,522.0
노르웨이,관광,2005-10-01,747.0
노르웨이,관광,2005-11-01,506.0
노르웨이,관광,2005-12-01,349.0
노르웨이,관광,2006-01-01,415.0
노르웨이,관광,2006-02-01,463.0
노르웨이,관광,2006-03-01,589.0
노르웨이,관광,2006-04-01,605.0
노르웨이,관광,2006-05-01,471.0
노르웨이,관광,2006-06-01,534.0
노르웨이,관광,2006-07-01,436.0
노르웨이,관광,2006-08-01,497.0
노르웨이,관광,2006-09-01,606.0
노르웨이,관광,2006-10-01,668.0
노르웨이,관광,2006-11-01,584.0
노르웨이,관광,2006-12-01,311.0
노르웨이,관광,2007-01-01,515.0
노르웨이,관광,2007-02-01,416.0
노르웨이,관광,2007-03-01,698.0
노르웨이,관광,2007-04-01,565.0
노르웨이,관광,2007-05-01,711.0
노르웨이,관광,2007-06-01,560.0
노르웨이,관광,2007-07-01,426.0
노르웨이,관광,2007-08-01,516.0
노르웨이,관광,2007-09-01,755.0
노르웨이,관광,2007-10-01,1033.0
노르웨이,관광,2007-11-01,758.0
노르웨이,관광,2007-12-01,479.0
노르웨이,관광,2008-01-01,653.0
노르웨이,관광,2008-02-01,624.0
노르웨이,관광,2008-03-01,826.0
노르웨이,관광,2008-04-01,774.0
노르웨이,관광,2008-05-01,723.0
노르웨이,관광,2008-06-01,771.0
노르웨이,관광,2008-07-01,659.0
노르웨이,관광,2008-08-01,555.0
노르웨이,관광,2008-09-01,804.0
노르웨이,관광,2008-10-01,961.0
노르웨이,관광,2008-11-01,865.0
노르웨이,관광,2008-12-01,454.0
노르웨이,관광,2009-01-01,620.0
노르웨이,관광,2009-02-01,643.0
노르웨이,관광,2009-03-01,789.0
노르웨이,관광,2009-04-01,678.0
노르웨이,관광,2009-05-01,550.0
노르웨이,관광,2009-06-01,613.0
노르웨이,관광,2009-07-01,514.0
노르웨이,관광,2009-08-01,508.0
노르웨이,관광,2009-09-01,621.0
노르웨이,관광,2009-10-01,852.0
노르웨이,관광,2009-11-01,650.0
노르웨이,관광,2009-12-01,410.0
노르웨이,관광,2010-01-01,517.0
노르웨이,관광,2010-02-01,474.0
노르웨이,관광,2010-03-01,936.0
노르웨이,관광,2010-04-01,708.0
노르웨이,관광,2010-05-01,703.0
노르웨이,관광,2010-06-01,782.0
노르웨이,관광,2010-07-01,685.0
노르웨이,관광,2010-08-01,592.0
노르웨이,관광,2010-09-01,747.0
노르웨이,관광,2010-10-01,902.0
노르웨이,관광,2010-11-01,858.0
노르웨이,관광,2010-12-01,476.0
노르웨이,관광,2011-01-01,642.0
노르웨이,관광,2011-02-01,563.0
노르웨이,관광,2011-03-01,795.0
노르웨이,관광,2011-04-01,1072.0
노르웨이,관광,2011-05-01,695.0
노르웨이,관광,2011-06-01,807.0
노르웨이,관광,2011-07-01,636.0
노르웨이,관광,2011-08-01,771.0
노르웨이,관광,2011-09-01,828.0
노르웨이,관광,2011-10-01,1156.0
노르웨이,관광,2011-11-01,814.0
노르웨이,관광,2011-12-01,435.0
노르웨이,관광,2012-01-01,610.0
노르웨이,관광,2012-02-01,656.0
노르웨이,관광,2012-03-01,1011.0
노르웨이,관광,2012-04-01,731.0
노르웨이,관광,2012-05-01,869.0
노르웨이,관광,2012-06-01,863.0
노르웨이,관광,2012-07-01,764.0
노르웨이,관광,2012-08-01,648.0
노르웨이,관광,2012-09-01,899.0
노르웨이,관광,2012-10-01,1186.0
노르웨이,관광,2012-11-01,925.0
노르웨이,관광,2012-12-01,604.0
노르웨이,관광,2013-01-01,935.0
노르웨이,관광,2013-02-01,601.0
노르웨이,관광,2013-03-01,1133.0
노르웨이,관광,2013-04-01,994.0
노르웨이,관광,2013-05-01,911.0
노르웨이,관광,2013-06-01,1013.0
노르웨이,관광,2013-07-01,918.0
노르웨이,관광,2013-08-01,722.0
노르웨이,관광,2013-09-01,1174.0
노르웨이,관광,2013-10-01,1482.0
노르웨이,관광,2013-11-01,930.0
노르웨이,관광,2013-12-01,664.0
노르웨이,관광,2014-01-01,840.0
노르웨이,관광,2014-02-01,880.0
노르웨이,관광,2014-03-01,1300.0
노르웨이,관광,2014-04-01,1357.0
노르웨이,관광,2014-05-01,1016.0
노르웨이,관광,2014-06-01,1199.0
노르웨이,관광,2014-07-01,986.0
노르웨이,관광,2014-08-01,765.0
노르웨이,관광,2014-09-01,1209.0
노르웨이,관광,2014-10-01,1281.0
노르웨이,관광,2014-11-01,1092.0
노르웨이,관광,2014-12-01,644.0
노르웨이,관광,2015-01-01,792.0
노르웨이,관광,2015-02-01,625.0
노르웨이,관광,2015-03-01,1333.0
노르웨이,관광,2015-04-01,1055.0
노르웨이,관광,2015-05-01,847.0
노르웨이,관광,2015-06-01,1097.0
노르웨이,관광,2015-07-01,985.0
노르웨이,관광,2015-08-01,703.0
노르웨이,관광,2015-09-01,908.0
노르웨이,관광,2015-10-01,1360.0
노르웨이,관광,2015-11-01,817.0
노르웨이,관광,2015-12-01,551.0
노르웨이,관광,2016-01-01,759.0
노르웨이,관광,2016-02-01,657.0
노르웨이,관광,2016-03-01,1426.0
노르웨이,관광,2016-04-01,897.0
노르웨이,관광,2016-05-01,907.0
노르웨이,관광,2016-06-01,1300.0
노르웨이,관광,2016-07-01,925.0
노르웨이,관광,2016-08-01,814.0
노르웨이,관광,2016-09-01,950.0
노르웨이,관광,2016-10-01,1220.0
노르웨이,관광,2016-11-01,976.0
노르웨이,관광,2016-12-01,597.0
노르웨이,관광,2017-01-01,761.0
노르웨이,관광,2017-02-01,792.0
노르웨이,관광,2017-03-01,1060.0
노르웨이,관광,2017-04-01,1597.0
노르웨이,관광,2017-05-01,770.0
노르웨이,관광,2017-06-01,1188.0
노르웨이,관광,2017-07-01,1093.0
노르웨이,관광,2017-08-01,583.0
노르웨이,관광,2017-09-01,842.0
노르웨이,관광,2017-10-01,992.0
노르웨이,관광,2017-11-01,711.0
노르웨이,관광,2017-12-01,515.0
노르웨이,관광,2018-01-01,536.0
노르웨이,관광,2018-02-01,1355.0
노르웨이,관광,2018-03-01,1172.0
노르웨이,관광,2018-04-01,776.0
노르웨이,관광,2018-05-01,609.0
노르웨이,관광,2018-06-01,907.0
노르웨이,관광,2018-07-01,1086.0
노르웨이,관광,2018-08-01,648.0
노르웨이,관광,2018-09-01,839.0
노르웨이,관광,2018-10-01,1069.0
노르웨이,관광,2018-11-01,891.0
노르웨이,관광,2018-12-01,572.0
노르웨이,관광,2019-01-01,552.0
노르웨이,관광,2019-02-01,455.0
노르웨이,관광,2019-03-01,723.0
노르웨이,관광,2019-04-01,1382.0
노르웨이,관광,2019-05-01,716.0
노르웨이,관광,2019-06-01,1069.0
노르웨이,관광,2019-07-01,1398.0
노르웨이,관광,2019-08-01,584.0
노르웨이,관광,2019-09-01,962.0
노르웨이,관광,2019-10-01,1108.0
노르웨이,관광,2019-11-01,656.0
노르웨이,관광,2019-12-01,557.0
노르웨이,관광,2020-01-01,437.0
노르웨이,관광,2020-02-01,354.0
노르웨이,관광,2020-03-01,53.0
노르웨이,관광,2020-04-01,6.0
노르웨이,관광,2020-05-01,2.0
노르웨이,관광,2020-06-01,1.0
노르웨이,관광,2020-07-01,2.0
노르웨이,관광,2020-08-01,9.0
노르웨이,관광,2020-09-01,8.0
노르웨이,관광,2020-10-01,10.0
노르웨이,관광,2020-11-01,15.0
노르웨이,관광,2020-12-01,8.0
노르웨이,관광,2021-01-01,5.0
노르웨이,관광,2021-02-01,11.0
노르웨이,관광,2021-03-01,4.0
노르웨이,관광,2021-04-01,2.0
노르웨이,관광,2021-05-01,0.0
노르웨이,관광,2021-06-01,12.0
노르웨이,관광,2021-07-01,7.0
노르웨이,관광,2021-08-01,8.0
노르웨이,관광,2021-09-01,27.0
노르웨이,관광,2021-10-01,121.0
노르웨이,관광,2021-11-01,77.0
노르웨이,관광,2021-12-01,32.0
노르웨이,관광,2022-01-01,34.0
노르웨이,관광,2022-02-01,18.0
노르웨이,관광,2022-03-01,30.0
노르웨이,관광,2022-04-01,216.0
노르웨이,관광,2022-05-01,318.0
노르웨이,관광,2022-06-01,417.0
노르웨이,관광,2022-07-01,347.0
노르웨이,관광,2022-08-01,372.0
노르웨이,관광,2022-09-01,455.0
노르웨이,관광,2022-10-01,628.0
노르웨이,관광,2022-11-01,466.0
노르웨이,관광,2022-12-01,429.0
노르웨이,관광,2023-01-01,396.0
노르웨이,관광,2023-02-01,348.0
노르웨이,관광,2023-03-01,926.0
노르웨이,관광,2023-04-01,916.0
노르웨이,관광,2023-05-01,640.0
노르웨이,관광,2023-06-01,1082.0
노르웨이,관광,2023-07-01,1890.0
노르웨이,관광,2023-08-01,540.0
노르웨이,관광,2023-09-01,728.0
노르웨이,관광,2023-10-01,879.0
노르웨이,관광,2023-11-01,646.0
노르웨이,관광,2023-12-01,424.0
노르웨이,관광,2024-01-01,519.0
노르웨이,관광,2024-02-01,447.0
노르웨이,관광,2024-03-01,1340.0
노르웨이,관광,2024-04-01,954.0
노르웨이,관광,2024-05-01,752.0
노르웨이,관광,2024-06-01,1181.0
노르웨이,관광,2024-07-01,1544.0
노르웨이,관광,2024-08-01,635.0
노르웨이,관광,2024-09-01,1071.0
노르웨이,관광,2024-10-01,1055.0
노르웨이,관광,2024-11-01,784.0
노르웨이,관광,2024-12-01,634.0
노르웨이,관광,2025-01-01,489.0
노르웨이,관광,2025-02-01,460.0
노르웨이,관광,2025-03-01,1100.0
노르웨이,관광,2025-04-01,1772.0
노르웨이,관광,2025-05-01,890.0
노르웨이,상용,2005-01-01,69.0
노르웨이,상용,2005-02-01,42.0
노르웨이,상용,2005-03-01,37.0
노르웨이,상용,2005-04-01,49.0
노르웨이,상용,2005-05-01,42.0
노르웨이,상용,2005-06-01,33.0
노르웨이,상용,2005-07-01,32.0
노르웨이,상용,2005-08-01,71.0
노르웨이,상용,2005-09-01,54.0
노르웨이,상용,2005-10-01,56.0
노르웨이,상용,2005-11-01,57.0
노르웨이,상용,2005-12-01,30.0
노르웨이,상용,2006-01-01,68.0
노르웨이,상용,2006-02-01,46.0
노르웨이,상용,2006-03-01,49.0
노르웨이,상용,2006-04-01,66.0
노르웨이,상용,2006-05-01,51.0
노르웨이,상용,2006-06-01,44.0
노르웨이,상용,2006-07-01,49.0
노르웨이,상용,2006-08-01,85.0
노르웨이,상용,2006-09-01,34.0
노르웨이,상용,2006-10-01,78.0
노르웨이,상용,2006-11-01,57.0
노르웨이,상용,2006-12-01,44.0
노르웨이,상용,2007-01-01,80.0
노르웨이,상용,2007-02-01,50.0
노르웨이,상용,2007-03-01,75.0
노르웨이,상용,2007-04-01,85.0
노르웨이,상용,2007-05-01,68.0
노르웨이,상용,2007-06-01,71.0
노르웨이,상용,2007-07-01,101.0
노르웨이,상용,2007-08-01,166.0
노르웨이,상용,2007-09-01,137.0
노르웨이,상용,2007-10-01,162.0
노르웨이,상용,2007-11-01,148.0
노르웨이,상용,2007-12-01,139.0
노르웨이,상용,2008-01-01,203.0
노르웨이,상용,2008-02-01,172.0
노르웨이,상용,2008-03-01,200.0
노르웨이,상용,2008-04-01,213.0
노르웨이,상용,2008-05-01,184.0
노르웨이,상용,2008-06-01,166.0
노르웨이,상용,2008-07-01,179.0
노르웨이,상용,2008-08-01,226.0
노르웨이,상용,2008-09-01,214.0
노르웨이,상용,2008-10-01,215.0
노르웨이,상용,2008-11-01,240.0
노르웨이,상용,2008-12-01,173.0
노르웨이,상용,2009-01-01,294.0
노르웨이,상용,2009-02-01,185.0
노르웨이,상용,2009-03-01,192.0
노르웨이,상용,2009-04-01,197.0
노르웨이,상용,2009-05-01,149.0
노르웨이,상용,2009-06-01,189.0
노르웨이,상용,2009-07-01,146.0
노르웨이,상용,2009-08-01,189.0
노르웨이,상용,2009-09-01,179.0
노르웨이,상용,2009-10-01,181.0
노르웨이,상용,2009-11-01,176.0
노르웨이,상용,2009-12-01,209.0
노르웨이,상용,2010-01-01,274.0
노르웨이,상용,2010-02-01,241.0
노르웨이,상용,2010-03-01,269.0
노르웨이,상용,2010-04-01,286.0
노르웨이,상용,2010-05-01,242.0
노르웨이,상용,2010-06-01,281.0
노르웨이,상용,2010-07-01,220.0
노르웨이,상용,2010-08-01,292.0
노르웨이,상용,2010-09-01,296.0
노르웨이,상용,2010-10-01,289.0
노르웨이,상용,2010-11-01,281.0
노르웨이,상용,2010-12-01,210.0
노르웨이,상용,2011-01-01,304.0
노르웨이,상용,2011-02-01,245.0
노르웨이,상용,2011-03-01,256.0
노르웨이,상용,2011-04-01,231.0
노르웨이,상용,2011-05-01,244.0
노르웨이,상용,2011-06-01,222.0
노르웨이,상용,2011-07-01,201.0
노르웨이,상용,2011-08-01,262.0
노르웨이,상용,2011-09-01,220.0
노르웨이,상용,2011-10-01,196.0
노르웨이,상용,2011-11-01,235.0
노르웨이,상용,2011-12-01,122.0
노르웨이,상용,2012-01-01,266.0
노르웨이,상용,2012-02-01,173.0
노르웨이,상용,2012-03-01,183.0
노르웨이,상용,2012-04-01,231.0
노르웨이,상용,2012-05-01,180.0
노르웨이,상용,2012-06-01,194.0
노르웨이,상용,2012-07-01,164.0
노르웨이,상용,2012-08-01,261.0
노르웨이,상용,2012-09-01,231.0
노르웨이,상용,2012-10-01,308.0
노르웨이,상용,2012-11-01,283.0
노르웨이,상용,2012-12-01,233.0
노르웨이,상용,2013-01-01,458.0
노르웨이,상용,2013-02-01,338.0
노르웨이,상용,2013-03-01,369.0
노르웨이,상용,2013-04-01,435.0
노르웨이,상용,2013-05-01,410.0
노르웨이,상용,2013-06-01,382.0
노르웨이,상용,2013-07-01,413.0
노르웨이,상용,2013-08-01,463.0
노르웨이,상용,2013-09-01,438.0
노르웨이,상용,2013-10-01,495.0
노르웨이,상용,2013-11-01,470.0
노르웨이,상용,2013-12-01,372.0
노르웨이,상용,2014-01-01,587.0
노르웨이,상용,2014-02-01,434.0
노르웨이,상용,2014-03-01,469.0
노르웨이,상용,2014-04-01,556.0
노르웨이,상용,2014-05-01,479.0
노르웨이,상용,2014-06-01,449.0
노르웨이,상용,2014-07-01,478.0
노르웨이,상용,2014-08-01,571.0
노르웨이,상용,2014-09-01,583.0
노르웨이,상용,2014-10-01,495.0
노르웨이,상용,2014-11-01,523.0
노르웨이,상용,2014-12-01,474.0
노르웨이,상용,2015-01-01,651.0
노르웨이,상용,2015-02-01,479.0
노르웨이,상용,2015-03-01,484.0
노르웨이,상용,2015-04-01,506.0
노르웨이,상용,2015-05-01,447.0
노르웨이,상용,2015-06-01,432.0
노르웨이,상용,2015-07-01,407.0
노르웨이,상용,2015-08-01,502.0
노르웨이,상용,2015-09-01,431.0
노르웨이,상용,2015-10-01,419.0
노르웨이,상용,2015-11-01,432.0
노르웨이,상용,2015-12-01,311.0
노르웨이,상용,2016-01-01,478.0
노르웨이,상용,2016-02-01,364.0
노르웨이,상용,2016-03-01,362.0
노르웨이,상용,2016-04-01,311.0
노르웨이,상용,2016-05-01,393.0
노르웨이,상용,2016-06-01,256.0
노르웨이,상용,2016-07-01,242.0
노르웨이,상용,2016-08-01,325.0
노르웨이,상용,2016-09-01,311.0
노르웨이,상용,2016-10-01,262.0
노르웨이,상용,2016-11-01,283.0
노르웨이,상용,2016-12-01,241.0
노르웨이,상용,2017-01-01,479.0
노르웨이,상용,2017-02-01,287.0
노르웨이,상용,2017-03-01,353.0
노르웨이,상용,2017-04-01,321.0
노르웨이,상용,2017-05-01,307.0
노르웨이,상용,2017-06-01,201.0
노르웨이,상용,2017-07-01,216.0
노르웨이,상용,2017-08-01,224.0
노르웨이,상용,2017-09-01,162.0
노르웨이,상용,2017-10-01,216.0
노르웨이,상용,2017-11-01,201.0
노르웨이,상용,2017-12-01,162.0
노르웨이,상용,2018-01-01,259.0
노르웨이,상용,2018-02-01,129.0
노르웨이,상용,2018-03-01,128.0
노르웨이,상용,2018-04-01,133.0
노르웨이,상용,2018-05-01,137.0
노르웨이,상용,2018-06-01,113.0
노르웨이,상용,2018-07-01,129.0
노르웨이,상용,2018-08-01,146.0
노르웨이,상용,2018-09-01,109.0
노르웨이,상용,2018-10-01,149.0
노르웨이,상용,2018-11-01,111.0
노르웨이,상용,2018-12-01,83.0
노르웨이,상용,2019-01-01,66.0
노르웨이,상용,2019-02-01,38.0
노르웨이,상용,2019-03-01,37.0
노르웨이,상용,2019-04-01,29.0
노르웨이,상용,2019-05-01,19.0
노르웨이,상용,2019-06-01,27.0
노르웨이,상용,2019-07-01,19.0
노르웨이,상용,2019-08-01,36.0
노르웨이,상용,2019-09-01,30.0
노르웨이,상용,2019-10-01,24.0
노르웨이,상용,2019-11-01,27.0
노르웨이,상용,2019-12-01,22.0
노르웨이,상용,2020-01-01,29.0
노르웨이,상용,2020-02-01,10.0
노르웨이,상용,2020-03-01,4.0
노르웨이,상용,2020-04-01,5.0
노르웨이,상용,2020-05-01,4.0
노르웨이,상용,2020-06-01,1.0
노르웨이,상용,2020-07-01,0.0
노르웨이,상용,2020-08-01,9.0
노르웨이,상용,2020-09-01,3.0
노르웨이,상용,2020-10-01,1.0
노르웨이,상용,2020-11-01,2.0
노르웨이,상용,2020-12-01,1.0
노르웨이,상용,2021-01-01,7.0
노르웨이,상용,2021-02-01,2.0
노르웨이,상용,2021-03-01,4.0
노르웨이,상용,2021-04-01,2.0
노르웨이,상용,2021-05-01,3.0
노르웨이,상용,2021-06-01,17.0
노르웨이,상용,2021-07-01,7.0
노르웨이,상용,2021-08-01,9.0
노르웨이,상용,2021-09-01,5.0
노르웨이,상용,2021-10-01,5.0
노르웨이,상용,2021-11-01,3.0
노르웨이,상용,2021-12-01,4.0
노르웨이,상용,2022-01-01,15.0
노르웨이,상용,2022-02-01,4.0
노르웨이,상용,2022-03-01,2.0
노르웨이,상용,2022-04-01,8.0
노르웨이,상용,2022-05-01,9.0
노르웨이,상용,2022-06-01,8.0
노르웨이,상용,2022-07-01,11.0
노르웨이,상용,2022-08-01,9.0
노르웨이,상용,2022-09-01,13.0
노르웨이,상용,2022-10-01,15.0
노르웨이,상용,2022-11-01,21.0
노르웨이,상용,2022-12-01,6.0
노르웨이,상용,2023-01-01,29.0
노르웨이,상용,2023-02-01,10.0
노르웨이,상용,2023-03-01,20.0
노르웨이,상용,2023-04-01,26.0
노르웨이,상용,2023-05-01,20.0
노르웨이,상용,2023-06-01,21.0
노르웨이,상용,2023-07-01,16.0
노르웨이,상용,2023-08-01,26.0
노르웨이,상용,2023-09-01,13.0
노르웨이,상용,2023-10-01,24.0
노르웨이,상용,2023-11-01,29.0
노르웨이,상용,2023-12-01,10.0
노르웨이,상용,2024-01-01,40.0
노르웨이,상용,2024-02-01,20.0
노르웨이,상용,2024-03-01,24.0
노르웨이,상용,2024-04-01,21.0
노르웨이,상용,2024-05-01,23.0
노르웨이,상용,2024-06-01,18.0
노르웨이,상용,2024-07-01,9.0
노르웨이,상용,2024-08-01,18.0
노르웨이,상용,2024-09-01,18.0
노르웨이,상용,2024-10-01,11.0
노르웨이,상용,2024-11-01,17.0
노르웨이,상용,2024-12-01,20.0
노르웨이,상용,2025-01-01,27.0
노르웨이,상용,2025-02-01,14.0
노르웨이,상용,2025-03-01,22.0
노르웨이,상용,2025-04-01,19.0
노르웨이,상용,2025-05-01,20.0
노르웨이,유학연수,2005-01-01,3.0
노르웨이,유학연수,2005-02-01,7.0
노르웨이,유학연수,2005-03-01,0.0
노르웨이,유학연수,2005-04-01,8.0
노르웨이,유학연수,2005-05-01,2.0
노르웨이,유학연수,2005-06-01,3.0
노르웨이,유학연수,2005-07-01,0.0
노르웨이,유학연수,2005-08-01,5.0
노르웨이,유학연수,2005-09-01,0.0
노르웨이,유학연수,2005-10-01,1.0
노르웨이,유학연수,2005-11-01,1.0
노르웨이,유학연수,2005-12-01,0.0
노르웨이,유학연수,2006-01-01,2.0
노르웨이,유학연수,2006-02-01,4.0
노르웨이,유학연수,2006-03-01,1.0
노르웨이,유학연수,2006-04-01,3.0
노르웨이,유학연수,2006-05-01,1.0
노르웨이,유학연수,2006-06-01,2.0
노르웨이,유학연수,2006-07-01,2.0
노르웨이,유학연수,2006-08-01,4.0
노르웨이,유학연수,2006-09-01,1.0
노르웨이,유학연수,2006-10-01,1.0
노르웨이,유학연수,2006-11-01,1.0
노르웨이,유학연수,2006-12-01,1.0
노르웨이,유학연수,2007-01-01,0.0
노르웨이,유학연수,2007-02-01,3.0
노르웨이,유학연수,2007-03-01,2.0
노르웨이,유학연수,2007-04-01,1.0
노르웨이,유학연수,2007-05-01,1.0
노르웨이,유학연수,2007-06-01,0.0
노르웨이,유학연수,2007-07-01,0.0
노르웨이,유학연수,2007-08-01,1.0
노르웨이,유학연수,2007-09-01,2.0
노르웨이,유학연수,2007-10-01,0.0
노르웨이,유학연수,2007-11-01,1.0
노르웨이,유학연수,2007-12-01,1.0
노르웨이,유학연수,2008-01-01,3.0
노르웨이,유학연수,2008-02-01,4.0
노르웨이,유학연수,2008-03-01,5.0
노르웨이,유학연수,2008-04-01,2.0
노르웨이,유학연수,2008-05-01,3.0
노르웨이,유학연수,2008-06-01,4.0
노르웨이,유학연수,2008-07-01,1.0
노르웨이,유학연수,2008-08-01,8.0
노르웨이,유학연수,2008-09-01,2.0
노르웨이,유학연수,2008-10-01,0.0
노르웨이,유학연수,2008-11-01,7.0
노르웨이,유학연수,2008-12-01,0.0
노르웨이,유학연수,2009-01-01,6.0
노르웨이,유학연수,2009-02-01,2.0
노르웨이,유학연수,2009-03-01,2.0
노르웨이,유학연수,2009-04-01,2.0
노르웨이,유학연수,2009-05-01,5.0
노르웨이,유학연수,2009-06-01,2.0
노르웨이,유학연수,2009-07-01,5.0
노르웨이,유학연수,2009-08-01,16.0
노르웨이,유학연수,2009-09-01,2.0
노르웨이,유학연수,2009-10-01,2.0
노르웨이,유학연수,2009-11-01,13.0
노르웨이,유학연수,2009-12-01,4.0
노르웨이,유학연수,2010-01-01,6.0
노르웨이,유학연수,2010-02-01,12.0
노르웨이,유학연수,2010-03-01,2.0
노르웨이,유학연수,2010-04-01,4.0
노르웨이,유학연수,2010-05-01,5.0
노르웨이,유학연수,2010-06-01,3.0
노르웨이,유학연수,2010-07-01,4.0
노르웨이,유학연수,2010-08-01,15.0
노르웨이,유학연수,2010-09-01,5.0
노르웨이,유학연수,2010-10-01,0.0
노르웨이,유학연수,2010-11-01,3.0
노르웨이,유학연수,2010-12-01,1.0
노르웨이,유학연수,2011-01-01,13.0
노르웨이,유학연수,2011-02-01,17.0
노르웨이,유학연수,2011-03-01,3.0
노르웨이,유학연수,2011-04-01,1.0
노르웨이,유학연수,2011-05-01,5.0
노르웨이,유학연수,2011-06-01,3.0
노르웨이,유학연수,2011-07-01,3.0
노르웨이,유학연수,2011-08-01,27.0
노르웨이,유학연수,2011-09-01,2.0
노르웨이,유학연수,2011-10-01,2.0
노르웨이,유학연수,2011-11-01,7.0
노르웨이,유학연수,2011-12-01,5.0
노르웨이,유학연수,2012-01-01,9.0
노르웨이,유학연수,2012-02-01,12.0
노르웨이,유학연수,2012-03-01,3.0
노르웨이,유학연수,2012-04-01,6.0
노르웨이,유학연수,2012-05-01,1.0
노르웨이,유학연수,2012-06-01,4.0
노르웨이,유학연수,2012-07-01,3.0
노르웨이,유학연수,2012-08-01,43.0
노르웨이,유학연수,2012-09-01,6.0
노르웨이,유학연수,2012-10-01,16.0
노르웨이,유학연수,2012-11-01,5.0
노르웨이,유학연수,2012-12-01,9.0
노르웨이,유학연수,2013-01-01,16.0
노르웨이,유학연수,2013-02-01,27.0
노르웨이,유학연수,2013-03-01,11.0
노르웨이,유학연수,2013-04-01,10.0
노르웨이,유학연수,2013-05-01,11.0
노르웨이,유학연수,2013-06-01,9.0
노르웨이,유학연수,2013-07-01,19.0
노르웨이,유학연수,2013-08-01,46.0
노르웨이,유학연수,2013-09-01,16.0
노르웨이,유학연수,2013-10-01,3.0
노르웨이,유학연수,2013-11-01,15.0
노르웨이,유학연수,2013-12-01,7.0
노르웨이,유학연수,2014-01-01,21.0
노르웨이,유학연수,2014-02-01,19.0
노르웨이,유학연수,2014-03-01,11.0
노르웨이,유학연수,2014-04-01,12.0
노르웨이,유학연수,2014-05-01,15.0
노르웨이,유학연수,2014-06-01,7.0
노르웨이,유학연수,2014-07-01,5.0
노르웨이,유학연수,2014-08-01,46.0
노르웨이,유학연수,2014-09-01,13.0
노르웨이,유학연수,2014-10-01,5.0
노르웨이,유학연수,2014-11-01,12.0
노르웨이,유학연수,2014-12-01,16.0
노르웨이,유학연수,2015-01-01,15.0
노르웨이,유학연수,2015-02-01,29.0
노르웨이,유학연수,2015-03-01,14.0
노르웨이,유학연수,2015-04-01,4.0
노르웨이,유학연수,2015-05-01,6.0
노르웨이,유학연수,2015-06-01,5.0
노르웨이,유학연수,2015-07-01,12.0
노르웨이,유학연수,2015-08-01,58.0
노르웨이,유학연수,2015-09-01,19.0
노르웨이,유학연수,2015-10-01,6.0
노르웨이,유학연수,2015-11-01,24.0
노르웨이,유학연수,2015-12-01,13.0
노르웨이,유학연수,2016-01-01,19.0
노르웨이,유학연수,2016-02-01,56.0
노르웨이,유학연수,2016-03-01,20.0
노르웨이,유학연수,2016-04-01,9.0
노르웨이,유학연수,2016-05-01,16.0
노르웨이,유학연수,2016-06-01,10.0
노르웨이,유학연수,2016-07-01,23.0
노르웨이,유학연수,2016-08-01,69.0
노르웨이,유학연수,2016-09-01,5.0
노르웨이,유학연수,2016-10-01,11.0
노르웨이,유학연수,2016-11-01,18.0
노르웨이,유학연수,2016-12-01,10.0
노르웨이,유학연수,2017-01-01,21.0
노르웨이,유학연수,2017-02-01,53.0
노르웨이,유학연수,2017-03-01,7.0
노르웨이,유학연수,2017-04-01,2.0
노르웨이,유학연수,2017-05-01,23.0
노르웨이,유학연수,2017-06-01,7.0
노르웨이,유학연수,2017-07-01,7.0
노르웨이,유학연수,2017-08-01,86.0
노르웨이,유학연수,2017-09-01,11.0
노르웨이,유학연수,2017-10-01,25.0
노르웨이,유학연수,2017-11-01,23.0
노르웨이,유학연수,2017-12-01,14.0
노르웨이,유학연수,2018-01-01,26.0
노르웨이,유학연수,2018-02-01,50.0
노르웨이,유학연수,2018-03-01,14.0
노르웨이,유학연수,2018-04-01,7.0
노르웨이,유학연수,2018-05-01,21.0
노르웨이,유학연수,2018-06-01,16.0
노르웨이,유학연수,2018-07-01,6.0
노르웨이,유학연수,2018-08-01,97.0
노르웨이,유학연수,2018-09-01,20.0
노르웨이,유학연수,2018-10-01,6.0
노르웨이,유학연수,2018-11-01,23.0
노르웨이,유학연수,2018-12-01,27.0
노르웨이,유학연수,2019-01-01,28.0
노르웨이,유학연수,2019-02-01,45.0
노르웨이,유학연수,2019-03-01,24.0
노르웨이,유학연수,2019-04-01,8.0
노르웨이,유학연수,2019-05-01,32.0
노르웨이,유학연수,2019-06-01,11.0
노르웨이,유학연수,2019-07-01,18.0
노르웨이,유학연수,2019-08-01,116.0
노르웨이,유학연수,2019-09-01,20.0
노르웨이,유학연수,2019-10-01,9.0
노르웨이,유학연수,2019-11-01,29.0
노르웨이,유학연수,2019-12-01,30.0
노르웨이,유학연수,2020-01-01,23.0
노르웨이,유학연수,2020-02-01,54.0
노르웨이,유학연수,2020-03-01,19.0
노르웨이,유학연수,2020-04-01,0.0
노르웨이,유학연수,2020-05-01,0.0
노르웨이,유학연수,2020-06-01,1.0
노르웨이,유학연수,2020-07-01,0.0
노르웨이,유학연수,2020-08-01,19.0
노르웨이,유학연수,2020-09-01,5.0
노르웨이,유학연수,2020-10-01,1.0
노르웨이,유학연수,2020-11-01,7.0
노르웨이,유학연수,2020-12-01,0.0
노르웨이,유학연수,2021-01-01,7.0
노르웨이,유학연수,2021-02-01,19.0
노르웨이,유학연수,2021-03-01,1.0
노르웨이,유학연수,2021-04-01,1.0
노르웨이,유학연수,2021-05-01,4.0
노르웨이,유학연수,2021-06-01,4.0
노르웨이,유학연수,2021-07-01,9.0
노르웨이,유학연수,2021-08-01,93.0
노르웨이,유학연수,2021-09-01,9.0
노르웨이,유학연수,2021-10-01,0.0
노르웨이,유학연수,2021-11-01,8.0
노르웨이,유학연수,2021-12-01,1.0
노르웨이,유학연수,2022-01-01,22.0
노르웨이,유학연수,2022-02-01,63.0
노르웨이,유학연수,2022-03-01,1.0
노르웨이,유학연수,2022-04-01,0.0
노르웨이,유학연수,2022-05-01,6.0
노르웨이,유학연수,2022-06-01,6.0
노르웨이,유학연수,2022-07-01,10.0
노르웨이,유학연수,2022-08-01,107.0
노르웨이,유학연수,2022-09-01,9.0
노르웨이,유학연수,2022-10-01,1.0
노르웨이,유학연수,2022-11-01,14.0
노르웨이,유학연수,2022-12-01,15.0
노르웨이,유학연수,2023-01-01,39.0
노르웨이,유학연수,2023-02-01,77.0
노르웨이,유학연수,2023-03-01,15.0
노르웨이,유학연수,2023-04-01,5.0
노르웨이,유학연수,2023-05-01,19.0
노르웨이,유학연수,2023-06-01,7.0
노르웨이,유학연수,2023-07-01,22.0
노르웨이,유학연수,2023-08-01,106.0
노르웨이,유학연수,2023-09-01,8.0
노르웨이,유학연수,2023-10-01,6.0
노르웨이,유학연수,2023-11-01,29.0
노르웨이,유학연수,2023-12-01,13.0
노르웨이,유학연수,2024-01-01,30.0
노르웨이,유학연수,2024-02-01,72.0
노르웨이,유학연수,2024-03-01,18.0
노르웨이,유학연수,2024-04-01,10.0
노르웨이,유학연수,2024-05-01,18.0
노르웨이,유학연수,2024-06-01,7.0
노르웨이,유학연수,2024-07-01,15.0
노르웨이,유학연수,2024-08-01,117.0
노르웨이,유학연수,2024-09-01,15.0
노르웨이,유학연수,2024-10-01,8.0
노르웨이,유학연수,2024-11-01,44.0
노르웨이,유학연수,2024-12-01,34.0
노르웨이,유학연수,2025-01-01,32.0
노르웨이,유학연수,2025-02-01,95.0
노르웨이,유학연수,2025-03-01,24.0
노르웨이,유학연수,2025-04-01,14.0
노르웨이,유학연수,2025-05-01,37.0
뉴질랜드,공용,2005-01-01,2.0
뉴질랜드,공용,2005-02-01,1.0
뉴질랜드,공용,2005-03-01,1.0
뉴질랜드,공용,2005-04-01,0.0
뉴질랜드,공용,2005-05-01,0.0
뉴질랜드,공용,2005-06-01,1.0
뉴질랜드,공용,2005-07-01,2.0
뉴질랜드,공용,2005-08-01,1.0
뉴질랜드,공용,2005-09-01,0.0
뉴질랜드,공용,2005-10-01,4.0
뉴질랜드,공용,2005-11-01,0.0
뉴질랜드,공용,2005-12-01,0.0
뉴질랜드,공용,2006-01-01,1.0
뉴질랜드,공용,2006-02-01,3.0
뉴질랜드,공용,2006-03-01,3.0
뉴질랜드,공용,2006-04-01,0.0
뉴질랜드,공용,2006-05-01,0.0
뉴질랜드,공용,2006-06-01,1.0
뉴질랜드,공용,2006-07-01,2.0
뉴질랜드,공용,2006-08-01,1.0
뉴질랜드,공용,2006-09-01,3.0
뉴질랜드,공용,2006-10-01,1.0
뉴질랜드,공용,2006-11-01,0.0
뉴질랜드,공용,2006-12-01,1.0
뉴질랜드,공용,2007-01-01,1.0
뉴질랜드,공용,2007-02-01,0.0
뉴질랜드,공용,2007-03-01,3.0
뉴질랜드,공용,2007-04-01,1.0
뉴질랜드,공용,2007-05-01,0.0
뉴질랜드,공용,2007-06-01,0.0
뉴질랜드,공용,2007-07-01,1.0
뉴질랜드,공용,2007-08-01,1.0
뉴질랜드,공용,2007-09-01,3.0
뉴질랜드,공용,2007-10-01,0.0
뉴질랜드,공용,2007-11-01,2.0
뉴질랜드,공용,2007-12-01,0.0
뉴질랜드,공용,2008-01-01,2.0
뉴질랜드,공용,2008-02-01,1.0
뉴질랜드,공용,2008-03-01,1.0
뉴질랜드,공용,2008-04-01,2.0
뉴질랜드,공용,2008-05-01,3.0
뉴질랜드,공용,2008-06-01,0.0
뉴질랜드,공용,2008-07-01,3.0
뉴질랜드,공용,2008-08-01,3.0
뉴질랜드,공용,2008-09-01,1.0
뉴질랜드,공용,2008-10-01,0.0
뉴질랜드,공용,2008-11-01,0.0
뉴질랜드,공용,2008-12-01,0.0
뉴질랜드,공용,2009-01-01,0.0
뉴질랜드,공용,2009-02-01,2.0
뉴질랜드,공용,2009-03-01,2.0
뉴질랜드,공용,2009-04-01,1.0
뉴질랜드,공용,2009-05-01,0.0
뉴질랜드,공용,2009-06-01,1.0
뉴질랜드,공용,2009-07-01,1.0
뉴질랜드,공용,2009-08-01,1.0
뉴질랜드,공용,2009-09-01,2.0
뉴질랜드,공용,2009-10-01,1.0
뉴질랜드,공용,2009-11-01,2.0
뉴질랜드,공용,2009-12-01,1.0
뉴질랜드,공용,2010-01-01,1.0
뉴질랜드,공용,2010-02-01,1.0
뉴질랜드,공용,2010-03-01,2.0
뉴질랜드,공용,2010-04-01,1.0
뉴질랜드,공용,2010-05-01,1.0
뉴질랜드,공용,2010-06-01,0.0
뉴질랜드,공용,2010-07-01,3.0
뉴질랜드,공용,2010-08-01,1.0
뉴질랜드,공용,2010-09-01,3.0
뉴질랜드,공용,2010-10-01,2.0
뉴질랜드,공용,2010-11-01,2.0
뉴질랜드,공용,2010-12-01,2.0
뉴질랜드,공용,2011-01-01,0.0
뉴질랜드,공용,2011-02-01,0.0
뉴질랜드,공용,2011-03-01,2.0
뉴질랜드,공용,2011-04-01,1.0
뉴질랜드,공용,2011-05-01,0.0
뉴질랜드,공용,2011-06-01,0.0
뉴질랜드,공용,2011-07-01,0.0
뉴질랜드,공용,2011-08-01,0.0
뉴질랜드,공용,2011-09-01,0.0
뉴질랜드,공용,2011-10-01,3.0
뉴질랜드,공용,2011-11-01,0.0
뉴질랜드,공용,2011-12-01,0.0
뉴질랜드,공용,2012-01-01,0.0
뉴질랜드,공용,2012-02-01,1.0
뉴질랜드,공용,2012-03-01,4.0
뉴질랜드,공용,2012-04-01,1.0
뉴질랜드,공용,2012-05-01,1.0
뉴질랜드,공용,2012-06-01,0.0
뉴질랜드,공용,2012-07-01,2.0
뉴질랜드,공용,2012-08-01,0.0
뉴질랜드,공용,2012-09-01,3.0
뉴질랜드,공용,2012-10-01,9.0
뉴질랜드,공용,2012-11-01,2.0
뉴질랜드,공용,2012-12-01,2.0
뉴질랜드,공용,2013-01-01,0.0
뉴질랜드,공용,2013-02-01,0.0
뉴질랜드,공용,2013-03-01,0.0
뉴질랜드,공용,2013-04-01,3.0
뉴질랜드,공용,2013-05-01,0.0
뉴질랜드,공용,2013-06-01,1.0
뉴질랜드,공용,2013-07-01,1.0
뉴질랜드,공용,2013-08-01,0.0
뉴질랜드,공용,2013-09-01,2.0
뉴질랜드,공용,2013-10-01,3.0
뉴질랜드,공용,2013-11-01,1.0
뉴질랜드,공용,2013-12-01,0.0
뉴질랜드,공용,2014-01-01,0.0
뉴질랜드,공용,2014-02-01,1.0
뉴질랜드,공용,2014-03-01,2.0
뉴질랜드,공용,2014-04-01,1.0
뉴질랜드,공용,2014-05-01,0.0
뉴질랜드,공용,2014-06-01,0.0
뉴질랜드,공용,2014-07-01,0.0
뉴질랜드,공용,2014-08-01,0.0
뉴질랜드,공용,2014-09-01,0.0
뉴질랜드,공용,2014-10-01,3.0
뉴질랜드,공용,2014-11-01,2.0
뉴질랜드,공용,2014-12-01,0.0
뉴질랜드,공용,2015-01-01,0.0
뉴질랜드,공용,2015-02-01,0.0
뉴질랜드,공용,2015-03-01,4.0
뉴질랜드,공용,2015-04-01,2.0
뉴질랜드,공용,2015-05-01,0.0
뉴질랜드,공용,2015-06-01,1.0
뉴질랜드,공용,2015-07-01,0.0
뉴질랜드,공용,2015-08-01,0.0
뉴질랜드,공용,2015-09-01,17.0
뉴질랜드,공용,2015-10-01,5.0
뉴질랜드,공용,2015-11-01,3.0
뉴질랜드,공용,2015-12-01,1.0
뉴질랜드,공용,2016-01-01,1.0
뉴질랜드,공용,2016-02-01,0.0
뉴질랜드,공용,2016-03-01,2.0
뉴질랜드,공용,2016-04-01,6.0
뉴질랜드,공용,2016-05-01,0.0
뉴질랜드,공용,2016-06-01,2.0
뉴질랜드,공용,2016-07-01,2.0
뉴질랜드,공용,2016-08-01,1.0
뉴질랜드,공용,2016-09-01,4.0
뉴질랜드,공용,2016-10-01,8.0
뉴질랜드,공용,2016-11-01,4.0
뉴질랜드,공용,2016-12-01,5.0
뉴질랜드,공용,2017-01-01,20.0
뉴질랜드,공용,2017-02-01,6.0
뉴질랜드,공용,2017-03-01,6.0
뉴질랜드,공용,2017-04-01,3.0
뉴질랜드,공용,2017-05-01,10.0
뉴질랜드,공용,2017-06-01,9.0
뉴질랜드,공용,2017-07-01,5.0
뉴질랜드,공용,2017-08-01,18.0
뉴질랜드,공용,2017-09-01,9.0
뉴질랜드,공용,2017-10-01,11.0
뉴질랜드,공용,2017-11-01,12.0
뉴질랜드,공용,2017-12-01,5.0
뉴질랜드,공용,2018-01-01,15.0
뉴질랜드,공용,2018-02-01,9.0
뉴질랜드,공용,2018-03-01,9.0
뉴질랜드,공용,2018-04-01,8.0
뉴질랜드,공용,2018-05-01,10.0
뉴질랜드,공용,2018-06-01,13.0
뉴질랜드,공용,2018-07-01,4.0
뉴질랜드,공용,2018-08-01,16.0
뉴질랜드,공용,2018-09-01,9.0
뉴질랜드,공용,2018-10-01,10.0
뉴질랜드,공용,2018-11-01,16.0
뉴질랜드,공용,2018-12-01,5.0
뉴질랜드,공용,2019-01-01,17.0
뉴질랜드,공용,2019-02-01,5.0
뉴질랜드,공용,2019-03-01,4.0
뉴질랜드,공용,2019-04-01,11.0
뉴질랜드,공용,2019-05-01,8.0
뉴질랜드,공용,2019-06-01,15.0
뉴질랜드,공용,2019-07-01,5.0
뉴질랜드,공용,2019-08-01,10.0
뉴질랜드,공용,2019-09-01,9.0
뉴질랜드,공용,2019-10-01,16.0
뉴질랜드,공용,2019-11-01,8.0
뉴질랜드,공용,2019-12-01,10.0
뉴질랜드,공용,2020-01-01,15.0
뉴질랜드,공용,2020-02-01,4.0
뉴질랜드,공용,2020-03-01,4.0
뉴질랜드,공용,2020-04-01,5.0
뉴질랜드,공용,2020-05-01,2.0
뉴질랜드,공용,2020-06-01,0.0
뉴질랜드,공용,2020-07-01,1.0
뉴질랜드,공용,2020-08-01,3.0
뉴질랜드,공용,2020-09-01,0.0
뉴질랜드,공용,2020-10-01,2.0
뉴질랜드,공용,2020-11-01,1.0
뉴질랜드,공용,2020-12-01,0.0
뉴질랜드,공용,2021-01-01,0.0
뉴질랜드,공용,2021-02-01,2.0
뉴질랜드,공용,2021-03-01,5.0
뉴질랜드,공용,2021-04-01,0.0
뉴질랜드,공용,2021-05-01,0.0
뉴질랜드,공용,2021-06-01,0.0
뉴질랜드,공용,2021-07-01,5.0
뉴질랜드,공용,2021-08-01,2.0
뉴질랜드,공용,2021-09-01,0.0
뉴질랜드,공용,2021-10-01,0.0
뉴질랜드,공용,2021-11-01,1.0
뉴질랜드,공용,2021-12-01,0.0
뉴질랜드,공용,2022-01-01,2.0
뉴질랜드,공용,2022-02-01,0.0
뉴질랜드,공용,2022-03-01,4.0
뉴질랜드,공용,2022-04-01,1.0
뉴질랜드,공용,2022-05-01,1.0
뉴질랜드,공용,2022-06-01,1.0
뉴질랜드,공용,2022-07-01,3.0
뉴질랜드,공용,2022-08-01,2.0
뉴질랜드,공용,2022-09-01,1.0
뉴질랜드,공용,2022-10-01,0.0
뉴질랜드,공용,2022-11-01,7.0
뉴질랜드,공용,2022-12-01,1.0
뉴질랜드,공용,2023-01-01,6.0
뉴질랜드,공용,2023-02-01,3.0
뉴질랜드,공용,2023-03-01,4.0
뉴질랜드,공용,2023-04-01,3.0
뉴질랜드,공용,2023-05-01,2.0
뉴질랜드,공용,2023-06-01,4.0
뉴질랜드,공용,2023-07-01,3.0
뉴질랜드,공용,2023-08-01,3.0
뉴질랜드,공용,2023-09-01,4.0
뉴질랜드,공용,2023-10-01,3.0
뉴질랜드,공용,2023-11-01,1.0
뉴질랜드,공용,2023-12-01,2.0
뉴질랜드,공용,2024-01-01,4.0
뉴질랜드,공용,2024-02-01,3.0
뉴질랜드,공용,2024-03-01,3.0
뉴질랜드,공용,2024-04-01,2.0
뉴질랜드,공용,2024-05-01,5.0
뉴질랜드,공용,2024-06-01,7.0
뉴질랜드,공용,2024-07-01,2.0
뉴질랜드,공용,2024-08-01,1.0
뉴질랜드,공용,2024-09-01,2.0
뉴질랜드,공용,2024-10-01,3.0
뉴질랜드,공용,2024-11-01,6.0
뉴질랜드,공용,2024-12-01,6.0
뉴질랜드,공용,2025-01-01,2.0
뉴질랜드,공용,2025-02-01,2.0
뉴질랜드,공용,2025-03-01,3.0
뉴질랜드,공용,2025-04-01,5.0
뉴질랜드,공용,2025-05-01,3.0
뉴질랜드,관광,2005-01-01,1048.0
뉴질랜드,관광,2005-02-01,764.0
뉴질랜드,관광,2005-03-01,857.0
뉴질랜드,관광,2005-04-01,1278.0
뉴질랜드,관광,2005-05-01,1157.0
뉴질랜드,관광,2005-06-01,1272.0
뉴질랜드,관광,2005-07-01,1107.0
뉴질랜드,관광,2005-08-01,921.0
뉴질랜드,관광,2005-09-01,1363.0
뉴질랜드,관광,2005-10-01,1237.0
뉴질랜드,관광,2005-11-01,1096.0
뉴질랜드,관광,2005-12-01,1326.0
뉴질랜드,관광,2006-01-01,905.0
뉴질랜드,관광,2006-02-01,699.0
뉴질랜드,관광,2006-03-01,838.0
뉴질랜드,관광,2006-04-01,1223.0
뉴질랜드,관광,2006-05-01,990.0
뉴질랜드,관광,2006-06-01,1340.0
뉴질랜드,관광,2006-07-01,1178.0
뉴질랜드,관광,2006-08-01,1129.0
뉴질랜드,관광,2006-09-01,1696.0
뉴질랜드,관광,2006-10-01,1446.0
뉴질랜드,관광,2006-11-01,1200.0
뉴질랜드,관광,2006-12-01,1493.0
뉴질랜드,관광,2007-01-01,1283.0
뉴질랜드,관광,2007-02-01,885.0
뉴질랜드,관광,2007-03-01,1138.0
뉴질랜드,관광,2007-04-01,1521.0
뉴질랜드,관광,2007-05-01,1375.0
뉴질랜드,관광,2007-06-01,1479.0
뉴질랜드,관광,2007-07-01,1318.0
뉴질랜드,관광,2007-08-01,1215.0
뉴질랜드,관광,2007-09-01,2000.0
뉴질랜드,관광,2007-10-01,1589.0
뉴질랜드,관광,2007-11-01,1422.0
뉴질랜드,관광,2007-12-01,1626.0
뉴질랜드,관광,2008-01-01,1131.0
뉴질랜드,관광,2008-02-01,946.0
뉴질랜드,관광,2008-03-01,1363.0
뉴질랜드,관광,2008-04-01,2027.0
뉴질랜드,관광,2008-05-01,1908.0
뉴질랜드,관광,2008-06-01,1887.0
뉴질랜드,관광,2008-07-01,1592.0
뉴질랜드,관광,2008-08-01,1418.0
뉴질랜드,관광,2008-09-01,2577.0
뉴질랜드,관광,2008-10-01,1650.0
뉴질랜드,관광,2008-11-01,1372.0
뉴질랜드,관광,2008-12-01,2274.0
뉴질랜드,관광,2009-01-01,1411.0
뉴질랜드,관광,2009-02-01,995.0
뉴질랜드,관광,2009-03-01,1512.0
뉴질랜드,관광,2009-04-01,1737.0
뉴질랜드,관광,2009-05-01,1583.0
뉴질랜드,관광,2009-06-01,1841.0
뉴질랜드,관광,2009-07-01,1402.0
뉴질랜드,관광,2009-08-01,1329.0
뉴질랜드,관광,2009-09-01,2195.0
뉴질랜드,관광,2009-10-01,1796.0
뉴질랜드,관광,2009-11-01,1686.0
뉴질랜드,관광,2009-12-01,2084.0
뉴질랜드,관광,2010-01-01,1545.0
뉴질랜드,관광,2010-02-01,1056.0
뉴질랜드,관광,2010-03-01,1621.0
뉴질랜드,관광,2010-04-01,1830.0
뉴질랜드,관광,2010-05-01,2297.0
뉴질랜드,관광,2010-06-01,2233.0
뉴질랜드,관광,2010-07-01,1990.0
뉴질랜드,관광,2010-08-01,1739.0
뉴질랜드,관광,2010-09-01,2312.0
뉴질랜드,관광,2010-10-01,2025.0
뉴질랜드,관광,2010-11-01,1438.0
뉴질랜드,관광,2010-12-01,1625.0
뉴질랜드,관광,2011-01-01,1177.0
뉴질랜드,관광,2011-02-01,817.0
뉴질랜드,관광,2011-03-01,1383.0
뉴질랜드,관광,2011-04-01,1932.0
뉴질랜드,관광,2011-05-01,1761.0
뉴질랜드,관광,2011-06-01,2076.0
뉴질랜드,관광,2011-07-01,2266.0
뉴질랜드,관광,2011-08-01,1740.0
뉴질랜드,관광,2011-09-01,1979.0
뉴질랜드,관광,2011-10-01,2074.0
뉴질랜드,관광,2011-11-01,1753.0
뉴질랜드,관광,2011-12-01,2510.0
뉴질랜드,관광,2012-01-01,2018.0
뉴질랜드,관광,2012-02-01,1245.0
뉴질랜드,관광,2012-03-01,1439.0
뉴질랜드,관광,2012-04-01,2171.0
뉴질랜드,관광,2012-05-01,2065.0
뉴질랜드,관광,2012-06-01,2231.0
뉴질랜드,관광,2012-07-01,2291.0
뉴질랜드,관광,2012-08-01,2121.0
뉴질랜드,관광,2012-09-01,2318.0
뉴질랜드,관광,2012-10-01,2150.0
뉴질랜드,관광,2012-11-01,1486.0
뉴질랜드,관광,2012-12-01,2390.0
뉴질랜드,관광,2013-01-01,1762.0
뉴질랜드,관광,2013-02-01,1235.0
뉴질랜드,관광,2013-03-01,1669.0
뉴질랜드,관광,2013-04-01,1634.0
뉴질랜드,관광,2013-05-01,1889.0
뉴질랜드,관광,2013-06-01,1952.0
뉴질랜드,관광,2013-07-01,1874.0
뉴질랜드,관광,2013-08-01,1779.0
뉴질랜드,관광,2013-09-01,2009.0
뉴질랜드,관광,2013-10-01,1955.0
뉴질랜드,관광,2013-11-01,1635.0
뉴질랜드,관광,2013-12-01,2672.0
뉴질랜드,관광,2014-01-01,2038.0
뉴질랜드,관광,2014-02-01,1237.0
뉴질랜드,관광,2014-03-01,1358.0
뉴질랜드,관광,2014-04-01,1954.0
뉴질랜드,관광,2014-05-01,2002.0
뉴질랜드,관광,2014-06-01,2093.0
뉴질랜드,관광,2014-07-01,2320.0
뉴질랜드,관광,2014-08-01,1916.0
뉴질랜드,관광,2014-09-01,2471.0
뉴질랜드,관광,2014-10-01,2058.0
뉴질랜드,관광,2014-11-01,1684.0
뉴질랜드,관광,2014-12-01,2893.0
뉴질랜드,관광,2015-01-01,2051.0
뉴질랜드,관광,2015-02-01,1064.0
뉴질랜드,관광,2015-03-01,1543.0
뉴질랜드,관광,2015-04-01,1972.0
뉴질랜드,관광,2015-05-01,1992.0
뉴질랜드,관광,2015-06-01,1743.0
뉴질랜드,관광,2015-07-01,1682.0
뉴질랜드,관광,2015-08-01,1613.0
뉴질랜드,관광,2015-09-01,2180.0
뉴질랜드,관광,2015-10-01,1956.0
뉴질랜드,관광,2015-11-01,1658.0
뉴질랜드,관광,2015-12-01,2515.0
뉴질랜드,관광,2016-01-01,1748.0
뉴질랜드,관광,2016-02-01,1244.0
뉴질랜드,관광,2016-03-01,1600.0
뉴질랜드,관광,2016-04-01,1919.0
뉴질랜드,관광,2016-05-01,2069.0
뉴질랜드,관광,2016-06-01,2158.0
뉴질랜드,관광,2016-07-01,2562.0
뉴질랜드,관광,2016-08-01,1709.0
뉴질랜드,관광,2016-09-01,2450.0
뉴질랜드,관광,2016-10-01,2166.0
뉴질랜드,관광,2016-11-01,2070.0
뉴질랜드,관광,2016-12-01,2812.0
뉴질랜드,관광,2017-01-01,2191.0
뉴질랜드,관광,2017-02-01,1360.0
뉴질랜드,관광,2017-03-01,1765.0
뉴질랜드,관광,2017-04-01,2724.0
뉴질랜드,관광,2017-05-01,2215.0
뉴질랜드,관광,2017-06-01,2471.0
뉴질랜드,관광,2017-07-01,2339.0
뉴질랜드,관광,2017-08-01,1747.0
뉴질랜드,관광,2017-09-01,2327.0
뉴질랜드,관광,2017-10-01,2038.0
뉴질랜드,관광,2017-11-01,1893.0
뉴질랜드,관광,2017-12-01,2616.0
뉴질랜드,관광,2018-01-01,2000.0
뉴질랜드,관광,2018-02-01,1446.0
뉴질랜드,관광,2018-03-01,1756.0
뉴질랜드,관광,2018-04-01,2581.0
뉴질랜드,관광,2018-05-01,2414.0
뉴질랜드,관광,2018-06-01,2320.0
뉴질랜드,관광,2018-07-01,2117.0
뉴질랜드,관광,2018-08-01,2083.0
뉴질랜드,관광,2018-09-01,2653.0
뉴질랜드,관광,2018-10-01,2616.0
뉴질랜드,관광,2018-11-01,2248.0
뉴질랜드,관광,2018-12-01,2785.0
뉴질랜드,관광,2019-01-01,2029.0
뉴질랜드,관광,2019-02-01,1221.0
뉴질랜드,관광,2019-03-01,1800.0
뉴질랜드,관광,2019-04-01,3189.0
뉴질랜드,관광,2019-05-01,2550.0
뉴질랜드,관광,2019-06-01,2949.0
뉴질랜드,관광,2019-07-01,2176.0
뉴질랜드,관광,2019-08-01,2436.0
뉴질랜드,관광,2019-09-01,3393.0
뉴질랜드,관광,2019-10-01,3111.0
뉴질랜드,관광,2019-11-01,2765.0
뉴질랜드,관광,2019-12-01,3595.0
뉴질랜드,관광,2020-01-01,2638.0
뉴질랜드,관광,2020-02-01,1288.0
뉴질랜드,관광,2020-03-01,90.0
뉴질랜드,관광,2020-04-01,19.0
뉴질랜드,관광,2020-05-01,4.0
뉴질랜드,관광,2020-06-01,3.0
뉴질랜드,관광,2020-07-01,6.0
뉴질랜드,관광,2020-08-01,7.0
뉴질랜드,관광,2020-09-01,7.0
뉴질랜드,관광,2020-10-01,5.0
뉴질랜드,관광,2020-11-01,10.0
뉴질랜드,관광,2020-12-01,12.0
뉴질랜드,관광,2021-01-01,4.0
뉴질랜드,관광,2021-02-01,2.0
뉴질랜드,관광,2021-03-01,7.0
뉴질랜드,관광,2021-04-01,21.0
뉴질랜드,관광,2021-05-01,3.0
뉴질랜드,관광,2021-06-01,2.0
뉴질랜드,관광,2021-07-01,9.0
뉴질랜드,관광,2021-08-01,10.0
뉴질랜드,관광,2021-09-01,15.0
뉴질랜드,관광,2021-10-01,18.0
뉴질랜드,관광,2021-11-01,59.0
뉴질랜드,관광,2021-12-01,51.0
뉴질랜드,관광,2022-01-01,30.0
뉴질랜드,관광,2022-02-01,32.0
뉴질랜드,관광,2022-03-01,40.0
뉴질랜드,관광,2022-04-01,174.0
뉴질랜드,관광,2022-05-01,516.0
뉴질랜드,관광,2022-06-01,714.0
뉴질랜드,관광,2022-07-01,811.0
뉴질랜드,관광,2022-08-01,765.0
뉴질랜드,관광,2022-09-01,1542.0
뉴질랜드,관광,2022-10-01,1871.0
뉴질랜드,관광,2022-11-01,1610.0
뉴질랜드,관광,2022-12-01,3298.0
뉴질랜드,관광,2023-01-01,1948.0
뉴질랜드,관광,2023-02-01,1041.0
뉴질랜드,관광,2023-03-01,1982.0
뉴질랜드,관광,2023-04-01,3553.0
뉴질랜드,관광,2023-05-01,2590.0
뉴질랜드,관광,2023-06-01,3038.0
뉴질랜드,관광,2023-07-01,2520.0
뉴질랜드,관광,2023-08-01,2006.0
뉴질랜드,관광,2023-09-01,3473.0
뉴질랜드,관광,2023-10-01,3392.0
뉴질랜드,관광,2023-11-01,2953.0
뉴질랜드,관광,2023-12-01,3644.0
뉴질랜드,관광,2024-01-01,2491.0
뉴질랜드,관광,2024-02-01,1505.0
뉴질랜드,관광,2024-03-01,3273.0
뉴질랜드,관광,2024-04-01,3400.0
뉴질랜드,관광,2024-05-01,2691.0
뉴질랜드,관광,2024-06-01,2624.0
뉴질랜드,관광,2024-07-01,2147.0
뉴질랜드,관광,2024-08-01,2250.0
뉴질랜드,관광,2024-09-01,3008.0
뉴질랜드,관광,2024-10-01,4153.0
뉴질랜드,관광,2024-11-01,3139.0
뉴질랜드,관광,2024-12-01,4038.0
뉴질랜드,관광,2025-01-01,2518.0
뉴질랜드,관광,2025-02-01,1655.0
뉴질랜드,관광,2025-03-01,3195.0
뉴질랜드,관광,2025-04-01,4484.0
뉴질랜드,관광,2025-05-01,3303.0
뉴질랜드,상용,2005-01-01,21.0
뉴질랜드,상용,2005-02-01,18.0
뉴질랜드,상용,2005-03-01,26.0
뉴질랜드,상용,2005-04-01,21.0
뉴질랜드,상용,2005-05-01,29.0
뉴질랜드,상용,2005-06-01,24.0
뉴질랜드,상용,2005-07-01,22.0
뉴질랜드,상용,2005-08-01,23.0
뉴질랜드,상용,2005-09-01,28.0
뉴질랜드,상용,2005-10-01,23.0
뉴질랜드,상용,2005-11-01,28.0
뉴질랜드,상용,2005-12-01,12.0
뉴질랜드,상용,2006-01-01,38.0
뉴질랜드,상용,2006-02-01,34.0
뉴질랜드,상용,2006-03-01,29.0
뉴질랜드,상용,2006-04-01,45.0
뉴질랜드,상용,2006-05-01,26.0
뉴질랜드,상용,2006-06-01,29.0
뉴질랜드,상용,2006-07-01,20.0
뉴질랜드,상용,2006-08-01,33.0
뉴질랜드,상용,2006-09-01,16.0
뉴질랜드,상용,2006-10-01,32.0
뉴질랜드,상용,2006-11-01,28.0
뉴질랜드,상용,2006-12-01,12.0
뉴질랜드,상용,2007-01-01,25.0
뉴질랜드,상용,2007-02-01,30.0
뉴질랜드,상용,2007-03-01,40.0
뉴질랜드,상용,2007-04-01,37.0
뉴질랜드,상용,2007-05-01,40.0
뉴질랜드,상용,2007-06-01,26.0
뉴질랜드,상용,2007-07-01,40.0
뉴질랜드,상용,2007-08-01,29.0
뉴질랜드,상용,2007-09-01,35.0
뉴질랜드,상용,2007-10-01,55.0
뉴질랜드,상용,2007-11-01,54.0
뉴질랜드,상용,2007-12-01,24.0
뉴질랜드,상용,2008-01-01,33.0
뉴질랜드,상용,2008-02-01,36.0
뉴질랜드,상용,2008-03-01,44.0
뉴질랜드,상용,2008-04-01,45.0
뉴질랜드,상용,2008-05-01,47.0
뉴질랜드,상용,2008-06-01,39.0
뉴질랜드,상용,2008-07-01,36.0
뉴질랜드,상용,2008-08-01,34.0
뉴질랜드,상용,2008-09-01,29.0
뉴질랜드,상용,2008-10-01,36.0
뉴질랜드,상용,2008-11-01,51.0
뉴질랜드,상용,2008-12-01,26.0
뉴질랜드,상용,2009-01-01,37.0
뉴질랜드,상용,2009-02-01,33.0
뉴질랜드,상용,2009-03-01,38.0
뉴질랜드,상용,2009-04-01,40.0
뉴질랜드,상용,2009-05-01,34.0
뉴질랜드,상용,2009-06-01,59.0
뉴질랜드,상용,2009-07-01,43.0
뉴질랜드,상용,2009-08-01,48.0
뉴질랜드,상용,2009-09-01,39.0
뉴질랜드,상용,2009-10-01,45.0
뉴질랜드,상용,2009-11-01,45.0
뉴질랜드,상용,2009-12-01,37.0
뉴질랜드,상용,2010-01-01,53.0
뉴질랜드,상용,2010-02-01,41.0
뉴질랜드,상용,2010-03-01,71.0
뉴질랜드,상용,2010-04-01,45.0
뉴질랜드,상용,2010-05-01,55.0
뉴질랜드,상용,2010-06-01,52.0
뉴질랜드,상용,2010-07-01,63.0
뉴질랜드,상용,2010-08-01,59.0
뉴질랜드,상용,2010-09-01,62.0
뉴질랜드,상용,2010-10-01,65.0
뉴질랜드,상용,2010-11-01,64.0
뉴질랜드,상용,2010-12-01,28.0
뉴질랜드,상용,2011-01-01,42.0
뉴질랜드,상용,2011-02-01,45.0
뉴질랜드,상용,2011-03-01,42.0
뉴질랜드,상용,2011-04-01,57.0
뉴질랜드,상용,2011-05-01,53.0
뉴질랜드,상용,2011-06-01,43.0
뉴질랜드,상용,2011-07-01,45.0
뉴질랜드,상용,2011-08-01,51.0
뉴질랜드,상용,2011-09-01,57.0
뉴질랜드,상용,2011-10-01,59.0
뉴질랜드,상용,2011-11-01,55.0
뉴질랜드,상용,2011-12-01,39.0
뉴질랜드,상용,2012-01-01,23.0
뉴질랜드,상용,2012-02-01,26.0
뉴질랜드,상용,2012-03-01,31.0
뉴질랜드,상용,2012-04-01,32.0
뉴질랜드,상용,2012-05-01,22.0
뉴질랜드,상용,2012-06-01,25.0
뉴질랜드,상용,2012-07-01,32.0
뉴질랜드,상용,2012-08-01,30.0
뉴질랜드,상용,2012-09-01,29.0
뉴질랜드,상용,2012-10-01,40.0
뉴질랜드,상용,2012-11-01,31.0
뉴질랜드,상용,2012-12-01,20.0
뉴질랜드,상용,2013-01-01,42.0
뉴질랜드,상용,2013-02-01,26.0
뉴질랜드,상용,2013-03-01,53.0
뉴질랜드,상용,2013-04-01,49.0
뉴질랜드,상용,2013-05-01,63.0
뉴질랜드,상용,2013-06-01,65.0
뉴질랜드,상용,2013-07-01,57.0
뉴질랜드,상용,2013-08-01,54.0
뉴질랜드,상용,2013-09-01,61.0
뉴질랜드,상용,2013-10-01,65.0
뉴질랜드,상용,2013-11-01,47.0
뉴질랜드,상용,2013-12-01,39.0
뉴질랜드,상용,2014-01-01,55.0
뉴질랜드,상용,2014-02-01,43.0
뉴질랜드,상용,2014-03-01,60.0
뉴질랜드,상용,2014-04-01,59.0
뉴질랜드,상용,2014-05-01,96.0
뉴질랜드,상용,2014-06-01,60.0
뉴질랜드,상용,2014-07-01,52.0
뉴질랜드,상용,2014-08-01,50.0
뉴질랜드,상용,2014-09-01,41.0
뉴질랜드,상용,2014-10-01,44.0
뉴질랜드,상용,2014-11-01,38.0
뉴질랜드,상용,2014-12-01,41.0
뉴질랜드,상용,2015-01-01,42.0
뉴질랜드,상용,2015-02-01,54.0
뉴질랜드,상용,2015-03-01,44.0
뉴질랜드,상용,2015-04-01,32.0
뉴질랜드,상용,2015-05-01,32.0
뉴질랜드,상용,2015-06-01,31.0
뉴질랜드,상용,2015-07-01,33.0
뉴질랜드,상용,2015-08-01,45.0
뉴질랜드,상용,2015-09-01,50.0
뉴질랜드,상용,2015-10-01,41.0
뉴질랜드,상용,2015-11-01,37.0
뉴질랜드,상용,2015-12-01,40.0
뉴질랜드,상용,2016-01-01,47.0
뉴질랜드,상용,2016-02-01,35.0
뉴질랜드,상용,2016-03-01,33.0
뉴질랜드,상용,2016-04-01,34.0
뉴질랜드,상용,2016-05-01,57.0
뉴질랜드,상용,2016-06-01,33.0
뉴질랜드,상용,2016-07-01,24.0
뉴질랜드,상용,2016-08-01,25.0
뉴질랜드,상용,2016-09-01,25.0
뉴질랜드,상용,2016-10-01,29.0
뉴질랜드,상용,2016-11-01,29.0
뉴질랜드,상용,2016-12-01,17.0
뉴질랜드,상용,2017-01-01,35.0
뉴질랜드,상용,2017-02-01,24.0
뉴질랜드,상용,2017-03-01,29.0
뉴질랜드,상용,2017-04-01,19.0
뉴질랜드,상용,2017-05-01,30.0
뉴질랜드,상용,2017-06-01,27.0
뉴질랜드,상용,2017-07-01,19.0
뉴질랜드,상용,2017-08-01,11.0
뉴질랜드,상용,2017-09-01,16.0
뉴질랜드,상용,2017-10-01,18.0
뉴질랜드,상용,2017-11-01,30.0
뉴질랜드,상용,2017-12-01,11.0
뉴질랜드,상용,2018-01-01,16.0
뉴질랜드,상용,2018-02-01,11.0
뉴질랜드,상용,2018-03-01,15.0
뉴질랜드,상용,2018-04-01,11.0
뉴질랜드,상용,2018-05-01,19.0
뉴질랜드,상용,2018-06-01,16.0
뉴질랜드,상용,2018-07-01,6.0
뉴질랜드,상용,2018-08-01,21.0
뉴질랜드,상용,2018-09-01,20.0
뉴질랜드,상용,2018-10-01,16.0
뉴질랜드,상용,2018-11-01,12.0
뉴질랜드,상용,2018-12-01,15.0
뉴질랜드,상용,2019-01-01,20.0
뉴질랜드,상용,2019-02-01,14.0
뉴질랜드,상용,2019-03-01,24.0
뉴질랜드,상용,2019-04-01,19.0
뉴질랜드,상용,2019-05-01,21.0
뉴질랜드,상용,2019-06-01,12.0
뉴질랜드,상용,2019-07-01,14.0
뉴질랜드,상용,2019-08-01,21.0
뉴질랜드,상용,2019-09-01,26.0
뉴질랜드,상용,2019-10-01,19.0
뉴질랜드,상용,2019-11-01,23.0
뉴질랜드,상용,2019-12-01,14.0
뉴질랜드,상용,2020-01-01,10.0
뉴질랜드,상용,2020-02-01,5.0
뉴질랜드,상용,2020-03-01,3.0
뉴질랜드,상용,2020-04-01,0.0
뉴질랜드,상용,2020-05-01,0.0
뉴질랜드,상용,2020-06-01,3.0
뉴질랜드,상용,2020-07-01,1.0
뉴질랜드,상용,2020-08-01,5.0
뉴질랜드,상용,2020-09-01,6.0
뉴질랜드,상용,2020-10-01,5.0
뉴질랜드,상용,2020-11-01,3.0
뉴질랜드,상용,2020-12-01,3.0
뉴질랜드,상용,2021-01-01,6.0
뉴질랜드,상용,2021-02-01,5.0
뉴질랜드,상용,2021-03-01,1.0
뉴질랜드,상용,2021-04-01,1.0
뉴질랜드,상용,2021-05-01,0.0
뉴질랜드,상용,2021-06-01,3.0
뉴질랜드,상용,2021-07-01,3.0
뉴질랜드,상용,2021-08-01,8.0
뉴질랜드,상용,2021-09-01,2.0
뉴질랜드,상용,2021-10-01,9.0
뉴질랜드,상용,2021-11-01,7.0
뉴질랜드,상용,2021-12-01,5.0
뉴질랜드,상용,2022-01-01,5.0
뉴질랜드,상용,2022-02-01,6.0
뉴질랜드,상용,2022-03-01,5.0
뉴질랜드,상용,2022-04-01,25.0
뉴질랜드,상용,2022-05-01,18.0
뉴질랜드,상용,2022-06-01,18.0
뉴질랜드,상용,2022-07-01,21.0
뉴질랜드,상용,2022-08-01,24.0
뉴질랜드,상용,2022-09-01,41.0
뉴질랜드,상용,2022-10-01,38.0
뉴질랜드,상용,2022-11-01,29.0
뉴질랜드,상용,2022-12-01,20.0
뉴질랜드,상용,2023-01-01,20.0
뉴질랜드,상용,2023-02-01,24.0
뉴질랜드,상용,2023-03-01,33.0
뉴질랜드,상용,2023-04-01,23.0
뉴질랜드,상용,2023-05-01,17.0
뉴질랜드,상용,2023-06-01,16.0
뉴질랜드,상용,2023-07-01,17.0
뉴질랜드,상용,2023-08-01,10.0
뉴질랜드,상용,2023-09-01,7.0
뉴질랜드,상용,2023-10-01,16.0
뉴질랜드,상용,2023-11-01,9.0
뉴질랜드,상용,2023-12-01,7.0
뉴질랜드,상용,2024-01-01,13.0
뉴질랜드,상용,2024-02-01,10.0
뉴질랜드,상용,2024-03-01,9.0
뉴질랜드,상용,2024-04-01,7.0
뉴질랜드,상용,2024-05-01,5.0
뉴질랜드,상용,2024-06-01,18.0
뉴질랜드,상용,2024-07-01,10.0
뉴질랜드,상용,2024-08-01,7.0
뉴질랜드,상용,2024-09-01,10.0
뉴질랜드,상용,2024-10-01,5.0
뉴질랜드,상용,2024-11-01,8.0
뉴질랜드,상용,2024-12-01,13.0
뉴질랜드,상용,2025-01-01,19.0
뉴질랜드,상용,2025-02-01,10.0
뉴질랜드,상용,2025-03-01,13.0
뉴질랜드,상용,2025-04-01,17.0
뉴질랜드,상용,2025-05-01,10.0
뉴질랜드,유학연수,2005-01-01,2.0
뉴질랜드,유학연수,2005-02-01,5.0
뉴질랜드,유학연수,2005-03-01,0.0
뉴질랜드,유학연수,2005-04-01,1.0
뉴질랜드,유학연수,2005-05-01,0.0
뉴질랜드,유학연수,2005-06-01,2.0
뉴질랜드,유학연수,2005-07-01,0.0
뉴질랜드,유학연수,2005-08-01,1.0
뉴질랜드,유학연수,2005-09-01,1.0
뉴질랜드,유학연수,2005-10-01,0.0
뉴질랜드,유학연수,2005-11-01,0.0
뉴질랜드,유학연수,2005-12-01,0.0
뉴질랜드,유학연수,2006-01-01,1.0
뉴질랜드,유학연수,2006-02-01,3.0
뉴질랜드,유학연수,2006-03-01,0.0
뉴질랜드,유학연수,2006-04-01,0.0
뉴질랜드,유학연수,2006-05-01,3.0
뉴질랜드,유학연수,2006-06-01,0.0
뉴질랜드,유학연수,2006-07-01,1.0
뉴질랜드,유학연수,2006-08-01,1.0
뉴질랜드,유학연수,2006-09-01,0.0
뉴질랜드,유학연수,2006-10-01,1.0
뉴질랜드,유학연수,2006-11-01,0.0
뉴질랜드,유학연수,2006-12-01,2.0
뉴질랜드,유학연수,2007-01-01,3.0
뉴질랜드,유학연수,2007-02-01,5.0
뉴질랜드,유학연수,2007-03-01,0.0
뉴질랜드,유학연수,2007-04-01,0.0
뉴질랜드,유학연수,2007-05-01,1.0
뉴질랜드,유학연수,2007-06-01,3.0
뉴질랜드,유학연수,2007-07-01,1.0
뉴질랜드,유학연수,2007-08-01,0.0
뉴질랜드,유학연수,2007-09-01,0.0
뉴질랜드,유학연수,2007-10-01,0.0
뉴질랜드,유학연수,2007-11-01,2.0
뉴질랜드,유학연수,2007-12-01,0.0
뉴질랜드,유학연수,2008-01-01,2.0
뉴질랜드,유학연수,2008-02-01,4.0
뉴질랜드,유학연수,2008-03-01,1.0
뉴질랜드,유학연수,2008-04-01,0.0
뉴질랜드,유학연수,2008-05-01,1.0
뉴질랜드,유학연수,2008-06-01,1.0
뉴질랜드,유학연수,2008-07-01,2.0
뉴질랜드,유학연수,2008-08-01,3.0
뉴질랜드,유학연수,2008-09-01,1.0
뉴질랜드,유학연수,2008-10-01,0.0
뉴질랜드,유학연수,2008-11-01,1.0
뉴질랜드,유학연수,2008-12-01,0.0
뉴질랜드,유학연수,2009-01-01,2.0
뉴질랜드,유학연수,2009-02-01,3.0
뉴질랜드,유학연수,2009-03-01,2.0
뉴질랜드,유학연수,2009-04-01,1.0
뉴질랜드,유학연수,2009-05-01,0.0
뉴질랜드,유학연수,2009-06-01,0.0
뉴질랜드,유학연수,2009-07-01,1.0
뉴질랜드,유학연수,2009-08-01,3.0
뉴질랜드,유학연수,2009-09-01,1.0
뉴질랜드,유학연수,2009-10-01,0.0
뉴질랜드,유학연수,2009-11-01,0.0
뉴질랜드,유학연수,2009-12-01,1.0
뉴질랜드,유학연수,2010-01-01,1.0
뉴질랜드,유학연수,2010-02-01,4.0
뉴질랜드,유학연수,2010-03-01,1.0
뉴질랜드,유학연수,2010-04-01,0.0
뉴질랜드,유학연수,2010-05-01,0.0
뉴질랜드,유학연수,2010-06-01,0.0
뉴질랜드,유학연수,2010-07-01,1.0
뉴질랜드,유학연수,2010-08-01,6.0
뉴질랜드,유학연수,2010-09-01,0.0
뉴질랜드,유학연수,2010-10-01,2.0
뉴질랜드,유학연수,2010-11-01,2.0
뉴질랜드,유학연수,2010-12-01,0.0
뉴질랜드,유학연수,2011-01-01,3.0
뉴질랜드,유학연수,2011-02-01,7.0
뉴질랜드,유학연수,2011-03-01,1.0
뉴질랜드,유학연수,2011-04-01,1.0
뉴질랜드,유학연수,2011-05-01,1.0
뉴질랜드,유학연수,2011-06-01,1.0
뉴질랜드,유학연수,2011-07-01,2.0
뉴질랜드,유학연수,2011-08-01,5.0
뉴질랜드,유학연수,2011-09-01,0.0
뉴질랜드,유학연수,2011-10-01,0.0
뉴질랜드,유학연수,2011-11-01,1.0
뉴질랜드,유학연수,2011-12-01,1.0
뉴질랜드,유학연수,2012-01-01,3.0
뉴질랜드,유학연수,2012-02-01,6.0
뉴질랜드,유학연수,2012-03-01,2.0
뉴질랜드,유학연수,2012-04-01,0.0
뉴질랜드,유학연수,2012-05-01,1.0
뉴질랜드,유학연수,2012-06-01,0.0
뉴질랜드,유학연수,2012-07-01,2.0
뉴질랜드,유학연수,2012-08-01,7.0
뉴질랜드,유학연수,2012-09-01,0.0
뉴질랜드,유학연수,2012-10-01,0.0
뉴질랜드,유학연수,2012-11-01,2.0
뉴질랜드,유학연수,2012-12-01,0.0
뉴질랜드,유학연수,2013-01-01,3.0
뉴질랜드,유학연수,2013-02-01,6.0
뉴질랜드,유학연수,2013-03-01,2.0
뉴질랜드,유학연수,2013-04-01,1.0
뉴질랜드,유학연수,2013-05-01,0.0
뉴질랜드,유학연수,2013-06-01,1.0
뉴질랜드,유학연수,2013-07-01,2.0
뉴질랜드,유학연수,2013-08-01,4.0
뉴질랜드,유학연수,2013-09-01,0.0
뉴질랜드,유학연수,2013-10-01,0.0
뉴질랜드,유학연수,2013-11-01,1.0
뉴질랜드,유학연수,2013-12-01,2.0
뉴질랜드,유학연수,2014-01-01,4.0
뉴질랜드,유학연수,2014-02-01,7.0
뉴질랜드,유학연수,2014-03-01,1.0
뉴질랜드,유학연수,2014-04-01,1.0
뉴질랜드,유학연수,2014-05-01,1.0
뉴질랜드,유학연수,2014-06-01,0.0
뉴질랜드,유학연수,2014-07-01,0.0
뉴질랜드,유학연수,2014-08-01,8.0
뉴질랜드,유학연수,2014-09-01,0.0
뉴질랜드,유학연수,2014-10-01,0.0
뉴질랜드,유학연수,2014-11-01,2.0
뉴질랜드,유학연수,2014-12-01,2.0
뉴질랜드,유학연수,2015-01-01,2.0
뉴질랜드,유학연수,2015-02-01,6.0
뉴질랜드,유학연수,2015-03-01,2.0
뉴질랜드,유학연수,2015-04-01,0.0
뉴질랜드,유학연수,2015-05-01,1.0
뉴질랜드,유학연수,2015-06-01,2.0
뉴질랜드,유학연수,2015-07-01,3.0
뉴질랜드,유학연수,2015-08-01,5.0
뉴질랜드,유학연수,2015-09-01,2.0
뉴질랜드,유학연수,2015-10-01,0.0
뉴질랜드,유학연수,2015-11-01,1.0
뉴질랜드,유학연수,2015-12-01,3.0
뉴질랜드,유학연수,2016-01-01,5.0
뉴질랜드,유학연수,2016-02-01,8.0
뉴질랜드,유학연수,2016-03-01,3.0
뉴질랜드,유학연수,2016-04-01,3.0
뉴질랜드,유학연수,2016-05-01,2.0
뉴질랜드,유학연수,2016-06-01,1.0
뉴질랜드,유학연수,2016-07-01,2.0
뉴질랜드,유학연수,2016-08-01,10.0
뉴질랜드,유학연수,2016-09-01,3.0
뉴질랜드,유학연수,2016-10-01,1.0
뉴질랜드,유학연수,2016-11-01,6.0
뉴질랜드,유학연수,2016-12-01,3.0
뉴질랜드,유학연수,2017-01-01,5.0
뉴질랜드,유학연수,2017-02-01,15.0
뉴질랜드,유학연수,2017-03-01,0.0
뉴질랜드,유학연수,2017-04-01,1.0
뉴질랜드,유학연수,2017-05-01,4.0
뉴질랜드,유학연수,2017-06-01,3.0
뉴질랜드,유학연수,2017-07-01,1.0
뉴질랜드,유학연수,2017-08-01,12.0
뉴질랜드,유학연수,2017-09-01,1.0
뉴질랜드,유학연수,2017-10-01,0.0
뉴질랜드,유학연수,2017-11-01,1.0
뉴질랜드,유학연수,2017-12-01,0.0
뉴질랜드,유학연수,2018-01-01,6.0
뉴질랜드,유학연수,2018-02-01,8.0
뉴질랜드,유학연수,2018-03-01,0.0
뉴질랜드,유학연수,2018-04-01,1.0
뉴질랜드,유학연수,2018-05-01,1.0
뉴질랜드,유학연수,2018-06-01,0.0
뉴질랜드,유학연수,2018-07-01,1.0
뉴질랜드,유학연수,2018-08-01,9.0
뉴질랜드,유학연수,2018-09-01,1.0
뉴질랜드,유학연수,2018-10-01,0.0
뉴질랜드,유학연수,2018-11-01,5.0
뉴질랜드,유학연수,2018-12-01,2.0
뉴질랜드,유학연수,2019-01-01,5.0
뉴질랜드,유학연수,2019-02-01,11.0
뉴질랜드,유학연수,2019-03-01,2.0
뉴질랜드,유학연수,2019-04-01,2.0
뉴질랜드,유학연수,2019-05-01,3.0
뉴질랜드,유학연수,2019-06-01,1.0
뉴질랜드,유학연수,2019-07-01,5.0
뉴질랜드,유학연수,2019-08-01,11.0
뉴질랜드,유학연수,2019-09-01,1.0
뉴질랜드,유학연수,2019-10-01,0.0
뉴질랜드,유학연수,2019-11-01,5.0
뉴질랜드,유학연수,2019-12-01,3.0
뉴질랜드,유학연수,2020-01-01,7.0
뉴질랜드,유학연수,2020-02-01,5.0
뉴질랜드,유학연수,2020-03-01,4.0
뉴질랜드,유학연수,2020-04-01,0.0
뉴질랜드,유학연수,2020-05-01,1.0
뉴질랜드,유학연수,2020-06-01,1.0
뉴질랜드,유학연수,2020-07-01,1.0
뉴질랜드,유학연수,2020-08-01,2.0
뉴질랜드,유학연수,2020-09-01,0.0
뉴질랜드,유학연수,2020-10-01,0.0
뉴질랜드,유학연수,2020-11-01,2.0
뉴질랜드,유학연수,2020-12-01,0.0
뉴질랜드,유학연수,2021-01-01,1.0
뉴질랜드,유학연수,2021-02-01,1.0
뉴질랜드,유학연수,2021-03-01,1.0
뉴질랜드,유학연수,2021-04-01,0.0
뉴질랜드,유학연수,2021-05-01,0.0
뉴질랜드,유학연수,2021-06-01,0.0
뉴질랜드,유학연수,2021-07-01,2.0
뉴질랜드,유학연수,2021-08-01,0.0
뉴질랜드,유학연수,2021-09-01,1.0
뉴질랜드,유학연수,2021-10-01,0.0
뉴질랜드,유학연수,2021-11-01,0.0
뉴질랜드,유학연수,2021-12-01,1.0
뉴질랜드,유학연수,2022-01-01,0.0
뉴질랜드,유학연수,2022-02-01,6.0
뉴질랜드,유학연수,2022-03-01,0.0
뉴질랜드,유학연수,2022-04-01,1.0
뉴질랜드,유학연수,2022-05-01,0.0
뉴질랜드,유학연수,2022-06-01,0.0
뉴질랜드,유학연수,2022-07-01,0.0
뉴질랜드,유학연수,2022-08-01,10.0
뉴질랜드,유학연수,2022-09-01,0.0
뉴질랜드,유학연수,2022-10-01,0.0
뉴질랜드,유학연수,2022-11-01,2.0
뉴질랜드,유학연수,2022-12-01,5.0
뉴질랜드,유학연수,2023-01-01,1.0
뉴질랜드,유학연수,2023-02-01,19.0
뉴질랜드,유학연수,2023-03-01,0.0
뉴질랜드,유학연수,2023-04-01,0.0
뉴질랜드,유학연수,2023-05-01,7.0
뉴질랜드,유학연수,2023-06-01,1.0
뉴질랜드,유학연수,2023-07-01,5.0
뉴질랜드,유학연수,2023-08-01,14.0
뉴질랜드,유학연수,2023-09-01,7.0
뉴질랜드,유학연수,2023-10-01,3.0
뉴질랜드,유학연수,2023-11-01,2.0
뉴질랜드,유학연수,2023-12-01,1.0
뉴질랜드,유학연수,2024-01-01,2.0
뉴질랜드,유학연수,2024-02-01,15.0
뉴질랜드,유학연수,2024-03-01,3.0
뉴질랜드,유학연수,2024-04-01,0.0
뉴질랜드,유학연수,2024-05-01,3.0
뉴질랜드,유학연수,2024-06-01,0.0
뉴질랜드,유학연수,2024-07-01,7.0
뉴질랜드,유학연수,2024-08-01,7.0
뉴질랜드,유학연수,2024-09-01,6.0
뉴질랜드,유학연수,2024-10-01,2.0
뉴질랜드,유학연수,2024-11-01,6.0
뉴질랜드,유학연수,2024-12-01,1.0
뉴질랜드,유학연수,2025-01-01,3.0
뉴질랜드,유학연수,2025-02-01,14.0
뉴질랜드,유학연수,2025-03-01,3.0
뉴질랜드,유학연수,2025-04-01,3.0
뉴질랜드,유학연수,2025-05-01,6.0
대만,공용,2005-01-01,7.0
대만,공용,2005-02-01,8.0
대만,공용,2005-03-01,9.0
대만,공용,2005-04-01,3.0
대만,공용,2005-05-01,8.0
대만,공용,2005-06-01,8.0
대만,공용,2005-07-01,30.0
대만,공용,2005-08-01,5.0
대만,공용,2005-09-01,4.0
대만,공용,2005-10-01,9.0
대만,공용,2005-11-01,56.0
대만,공용,2005-12-01,13.0
대만,공용,2006-01-01,8.0
대만,공용,2006-02-01,16.0
대만,공용,2006-03-01,5.0
대만,공용,2006-04-01,9.0
대만,공용,2006-05-01,4.0
대만,공용,2006-06-01,5.0
대만,공용,2006-07-01,15.0
대만,공용,2006-08-01,17.0
대만,공용,2006-09-01,4.0
대만,공용,2006-10-01,9.0
대만,공용,2006-11-01,6.0
대만,공용,2006-12-01,16.0
대만,공용,2007-01-01,6.0
대만,공용,2007-02-01,12.0
대만,공용,2007-03-01,8.0
대만,공용,2007-04-01,14.0
대만,공용,2007-05-01,11.0
대만,공용,2007-06-01,6.0
대만,공용,2007-07-01,27.0
대만,공용,2007-08-01,25.0
대만,공용,2007-09-01,12.0
대만,공용,2007-10-01,6.0
대만,공용,2007-11-01,8.0
대만,공용,2007-12-01,4.0
대만,공용,2008-01-01,14.0
대만,공용,2008-02-01,13.0
대만,공용,2008-03-01,15.0
대만,공용,2008-04-01,4.0
대만,공용,2008-05-01,6.0
대만,공용,2008-06-01,5.0
대만,공용,2008-07-01,28.0
대만,공용,2008-08-01,19.0
대만,공용,2008-09-01,9.0
대만,공용,2008-10-01,12.0
대만,공용,2008-11-01,13.0
대만,공용,2008-12-01,14.0
대만,공용,2009-01-01,27.0
대만,공용,2009-02-01,8.0
대만,공용,2009-03-01,11.0
대만,공용,2009-04-01,14.0
대만,공용,2009-05-01,15.0
대만,공용,2009-06-01,9.0
대만,공용,2009-07-01,24.0
대만,공용,2009-08-01,28.0
대만,공용,2009-09-01,10.0
대만,공용,2009-10-01,9.0
대만,공용,2009-11-01,11.0
대만,공용,2009-12-01,9.0
대만,공용,2010-01-01,17.0
대만,공용,2010-02-01,18.0
대만,공용,2010-03-01,12.0
대만,공용,2010-04-01,8.0
대만,공용,2010-05-01,8.0
대만,공용,2010-06-01,6.0
대만,공용,2010-07-01,1.0
대만,공용,2010-08-01,5.0
대만,공용,2010-09-01,5.0
대만,공용,2010-10-01,1.0
대만,공용,2010-11-01,1.0
대만,공용,2010-12-01,1.0
대만,공용,2011-01-01,0.0
대만,공용,2011-02-01,8.0
대만,공용,2011-03-01,5.0
대만,공용,2011-04-01,0.0
대만,공용,2011-05-01,1.0
대만,공용,2011-06-01,1.0
대만,공용,2011-07-01,3.0
대만,공용,2011-08-01,6.0
대만,공용,2011-09-01,4.0
대만,공용,2011-10-01,0.0
대만,공용,2011-11-01,5.0
대만,공용,2011-12-01,2.0
대만,공용,2012-01-01,11.0
대만,공용,2012-02-01,4.0
대만,공용,2012-03-01,2.0
대만,공용,2012-04-01,2.0
대만,공용,2012-05-01,5.0
대만,공용,2012-06-01,1.0
대만,공용,2012-07-01,5.0
대만,공용,2012-08-01,3.0
대만,공용,2012-09-01,0.0
대만,공용,2012-10-01,6.0
대만,공용,2012-11-01,3.0
대만,공용,2012-12-01,2.0
대만,공용,2013-01-01,10.0
대만,공용,2013-02-01,3.0
대만,공용,2013-03-01,1.0
대만,공용,2013-04-01,2.0
대만,공용,2013-05-01,6.0
대만,공용,2013-06-01,4.0
대만,공용,2013-07-01,11.0
대만,공용,2013-08-01,10.0
대만,공용,2013-09-01,6.0
대만,공용,2013-10-01,4.0
대만,공용,2013-11-01,2.0
대만,공용,2013-12-01,2.0
대만,공용,2014-01-01,10.0
대만,공용,2014-02-01,7.0
대만,공용,2014-03-01,4.0
대만,공용,2014-04-01,2.0
대만,공용,2014-05-01,13.0
대만,공용,2014-06-01,4.0
대만,공용,2014-07-01,13.0
대만,공용,2014-08-01,10.0
대만,공용,2014-09-01,3.0
대만,공용,2014-10-01,7.0
대만,공용,2014-11-01,6.0
대만,공용,2014-12-01,5.0
대만,공용,2015-01-01,13.0
대만,공용,2015-02-01,8.0
대만,공용,2015-03-01,9.0
대만,공용,2015-04-01,4.0
대만,공용,2015-05-01,5.0
대만,공용,2015-06-01,5.0
대만,공용,2015-07-01,9.0
대만,공용,2015-08-01,15.0
대만,공용,2015-09-01,10.0
대만,공용,2015-10-01,5.0
대만,공용,2015-11-01,11.0
대만,공용,2015-12-01,10.0
대만,공용,2016-01-01,9.0
대만,공용,2016-02-01,18.0
대만,공용,2016-03-01,8.0
대만,공용,2016-04-01,10.0
대만,공용,2016-05-01,4.0
대만,공용,2016-06-01,6.0
대만,공용,2016-07-01,27.0
대만,공용,2016-08-01,12.0
대만,공용,2016-09-01,12.0
대만,공용,2016-10-01,14.0
대만,공용,2016-11-01,14.0
대만,공용,2016-12-01,7.0
대만,공용,2017-01-01,17.0
대만,공용,2017-02-01,22.0
대만,공용,2017-03-01,7.0
대만,공용,2017-04-01,20.0
대만,공용,2017-05-01,5.0
대만,공용,2017-06-01,23.0
대만,공용,2017-07-01,22.0
대만,공용,2017-08-01,12.0
대만,공용,2017-09-01,8.0
대만,공용,2017-10-01,17.0
대만,공용,2017-11-01,14.0
대만,공용,2017-12-01,22.0
대만,공용,2018-01-01,18.0
대만,공용,2018-02-01,21.0
대만,공용,2018-03-01,13.0
대만,공용,2018-04-01,17.0
대만,공용,2018-05-01,11.0
대만,공용,2018-06-01,13.0
대만,공용,2018-07-01,18.0
대만,공용,2018-08-01,12.0
대만,공용,2018-09-01,16.0
대만,공용,2018-10-01,17.0
대만,공용,2018-11-01,18.0
대만,공용,2018-12-01,22.0
대만,공용,2019-01-01,22.0
대만,공용,2019-02-01,20.0
대만,공용,2019-03-01,12.0
대만,공용,2019-04-01,13.0
대만,공용,2019-05-01,11.0
대만,공용,2019-06-01,24.0
대만,공용,2019-07-01,22.0
대만,공용,2019-08-01,17.0
대만,공용,2019-09-01,14.0
대만,공용,2019-10-01,10.0
대만,공용,2019-11-01,11.0
대만,공용,2019-12-01,13.0
대만,공용,2020-01-01,20.0
대만,공용,2020-02-01,11.0
대만,공용,2020-03-01,1.0
대만,공용,2020-04-01,0.0
대만,공용,2020-05-01,3.0
대만,공용,2020-06-01,6.0
대만,공용,2020-07-01,2.0
대만,공용,2020-08-01,3.0
대만,공용,2020-09-01,0.0
대만,공용,2020-10-01,4.0
대만,공용,2020-11-01,1.0
대만,공용,2020-12-01,0.0
대만,공용,2021-01-01,5.0
대만,공용,2021-02-01,0.0
대만,공용,2021-03-01,5.0
대만,공용,2021-04-01,0.0
대만,공용,2021-05-01,2.0
대만,공용,2021-06-01,2.0
대만,공용,2021-07-01,3.0
대만,공용,2021-08-01,0.0
대만,공용,2021-09-01,1.0
대만,공용,2021-10-01,0.0
대만,공용,2021-11-01,1.0
대만,공용,2021-12-01,3.0
대만,공용,2022-01-01,6.0
대만,공용,2022-02-01,1.0
대만,공용,2022-03-01,3.0
대만,공용,2022-04-01,0.0
대만,공용,2022-05-01,6.0
대만,공용,2022-06-01,1.0
대만,공용,2022-07-01,12.0
대만,공용,2022-08-01,1.0
대만,공용,2022-09-01,5.0
대만,공용,2022-10-01,6.0
대만,공용,2022-11-01,10.0
대만,공용,2022-12-01,7.0
대만,공용,2023-01-01,11.0
대만,공용,2023-02-01,8.0
대만,공용,2023-03-01,11.0
대만,공용,2023-04-01,7.0
대만,공용,2023-05-01,12.0
대만,공용,2023-06-01,9.0
대만,공용,2023-07-01,13.0
대만,공용,2023-08-01,10.0
대만,공용,2023-09-01,8.0
대만,공용,2023-10-01,13.0
대만,공용,2023-11-01,12.0
대만,공용,2023-12-01,8.0
대만,공용,2024-01-01,15.0
대만,공용,2024-02-01,13.0
대만,공용,2024-03-01,7.0
대만,공용,2024-04-01,20.0
대만,공용,2024-05-01,7.0
대만,공용,2024-06-01,5.0
대만,공용,2024-07-01,18.0
대만,공용,2024-08-01,13.0
대만,공용,2024-09-01,11.0
대만,공용,2024-10-01,12.0
대만,공용,2024-11-01,9.0
대만,공용,2024-12-01,9.0
대만,공용,2025-01-01,25.0
대만,공용,2025-02-01,14.0
대만,공용,2025-03-01,21.0
대만,공용,2025-04-01,11.0
대만,공용,2025-05-01,10.0
대만,관광,2005-01-01,33681.0
대만,관광,2005-02-01,37227.0
대만,관광,2005-03-01,22656.0
대만,관광,2005-04-01,27532.0
대만,관광,2005-05-01,26100.0
대만,관광,2005-06-01,26776.0
대만,관광,2005-07-01,33425.0
대만,관광,2005-08-01,28640.0
대만,관광,2005-09-01,25215.0
대만,관광,2005-10-01,31226.0
대만,관광,2005-11-01,24242.0
대만,관광,2005-12-01,24279.0
대만,관광,2006-01-01,31647.0
대만,관광,2006-02-01,30541.0
대만,관광,2006-03-01,22797.0
대만,관광,2006-04-01,26119.0
대만,관광,2006-05-01,24838.0
대만,관광,2006-06-01,26114.0
대만,관광,2006-07-01,30314.0
대만,관광,2006-08-01,28064.0
대만,관광,2006-09-01,25820.0
대만,관광,2006-10-01,32897.0
대만,관광,2006-11-01,26304.0
대만,관광,2006-12-01,20769.0
대만,관광,2007-01-01,21184.0
대만,관광,2007-02-01,27294.0
대만,관광,2007-03-01,20318.0
대만,관광,2007-04-01,23941.0
대만,관광,2007-05-01,22073.0
대만,관광,2007-06-01,25239.0
대만,관광,2007-07-01,29232.0
대만,관광,2007-08-01,28338.0
대만,관광,2007-09-01,26568.0
대만,관광,2007-10-01,35087.0
대만,관광,2007-11-01,34591.0
대만,관광,2007-12-01,32324.0
대만,관광,2008-01-01,31788.0
대만,관광,2008-02-01,29144.0
대만,관광,2008-03-01,27734.0
대만,관광,2008-04-01,30959.0
대만,관광,2008-05-01,24449.0
대만,관광,2008-06-01,23519.0
대만,관광,2008-07-01,29020.0
대만,관광,2008-08-01,22680.0
대만,관광,2008-09-01,17651.0
대만,관광,2008-10-01,24199.0
대만,관광,2008-11-01,21333.0
대만,관광,2008-12-01,28069.0
대만,관광,2009-01-01,36754.0
대만,관광,2009-02-01,29787.0
대만,관광,2009-03-01,27117.0
대만,관광,2009-04-01,40012.0
대만,관광,2009-05-01,32641.0
대만,관광,2009-06-01,25639.0
대만,관광,2009-07-01,33532.0
대만,관광,2009-08-01,36740.0
대만,관광,2009-09-01,22097.0
대만,관광,2009-10-01,32132.0
대만,관광,2009-11-01,26467.0
대만,관광,2009-12-01,29125.0
대만,관광,2010-01-01,35788.0
대만,관광,2010-02-01,35758.0
대만,관광,2010-03-01,27050.0
대만,관광,2010-04-01,32835.0
대만,관광,2010-05-01,32405.0
대만,관광,2010-06-01,32156.0
대만,관광,2010-07-01,35086.0
대만,관광,2010-08-01,37078.0
대만,관광,2010-09-01,31511.0
대만,관광,2010-10-01,39087.0
대만,관광,2010-11-01,34557.0
대만,관광,2010-12-01,23851.0
대만,관광,2011-01-01,24653.0
대만,관광,2011-02-01,23463.0
대만,관광,2011-03-01,24907.0
대만,관광,2011-04-01,31169.0
대만,관광,2011-05-01,27611.0
대만,관광,2011-06-01,40344.0
대만,관광,2011-07-01,46240.0
대만,관광,2011-08-01,45863.0
대만,관광,2011-09-01,36209.0
대만,관광,2011-10-01,42980.0
대만,관광,2011-11-01,37560.0
대만,관광,2011-12-01,35468.0
대만,관광,2012-01-01,41833.0
대만,관광,2012-02-01,43508.0
대만,관광,2012-03-01,34633.0
대만,관광,2012-04-01,42231.0
대만,관광,2012-05-01,40636.0
대만,관광,2012-06-01,49467.0
대만,관광,2012-07-01,55007.0
대만,관광,2012-08-01,53406.0
대만,관광,2012-09-01,46265.0
대만,관광,2012-10-01,47538.0
대만,관광,2012-11-01,38529.0
대만,관광,2012-12-01,39837.0
대만,관광,2013-01-01,44187.0
대만,관광,2013-02-01,44332.0
대만,관광,2013-03-01,40832.0
대만,관광,2013-04-01,34151.0
대만,관광,2013-05-01,36493.0
대만,관광,2013-06-01,49003.0
대만,관광,2013-07-01,46676.0
대만,관광,2013-08-01,49872.0
대만,관광,2013-09-01,45515.0
대만,관광,2013-10-01,48720.0
대만,관광,2013-11-01,41652.0
대만,관광,2013-12-01,42373.0
대만,관광,2014-01-01,44459.0
대만,관광,2014-02-01,45381.0
대만,관광,2014-03-01,45981.0
대만,관광,2014-04-01,50621.0
대만,관광,2014-05-01,58051.0
대만,관광,2014-06-01,58980.0
대만,관광,2014-07-01,60327.0
대만,관광,2014-08-01,58472.0
대만,관광,2014-09-01,52010.0
대만,관광,2014-10-01,57729.0
대만,관광,2014-11-01,48434.0
대만,관광,2014-12-01,48737.0
대만,관광,2015-01-01,48909.0
대만,관광,2015-02-01,52425.0
대만,관광,2015-03-01,51302.0
대만,관광,2015-04-01,59129.0
대만,관광,2015-05-01,57080.0
대만,관광,2015-06-01,13892.0
대만,관광,2015-07-01,9232.0
대만,관광,2015-08-01,24095.0
대만,관광,2015-09-01,45182.0
대만,관광,2015-10-01,48039.0
대만,관광,2015-11-01,46464.0
대만,관광,2015-12-01,48484.0
대만,관광,2016-01-01,56752.0
대만,관광,2016-02-01,56092.0
대만,관광,2016-03-01,56515.0
대만,관광,2016-04-01,68043.0
대만,관광,2016-05-01,63833.0
대만,관광,2016-06-01,86427.0
대만,관광,2016-07-01,80041.0
대만,관광,2016-08-01,77303.0
대만,관광,2016-09-01,72407.0
대만,관광,2016-10-01,73306.0
대만,관광,2016-11-01,62989.0
대만,관광,2016-12-01,63245.0
대만,관광,2017-01-01,68286.0
대만,관광,2017-02-01,73874.0
대만,관광,2017-03-01,73095.0
대만,관광,2017-04-01,77848.0
대만,관광,2017-05-01,72213.0
대만,관광,2017-06-01,76552.0
대만,관광,2017-07-01,83332.0
대만,관광,2017-08-01,79663.0
대만,관광,2017-09-01,72932.0
대만,관광,2017-10-01,79902.0
대만,관광,2017-11-01,75062.0
대만,관광,2017-12-01,74306.0
대만,관광,2018-01-01,74322.0
대만,관광,2018-02-01,86022.0
대만,관광,2018-03-01,92453.0
대만,관광,2018-04-01,103752.0
대만,관광,2018-05-01,86712.0
대만,관광,2018-06-01,101277.0
대만,관광,2018-07-01,96238.0
대만,관광,2018-08-01,98229.0
대만,관광,2018-09-01,85584.0
대만,관광,2018-10-01,98567.0
대만,관광,2018-11-01,86476.0
대만,관광,2018-12-01,85697.0
대만,관광,2019-01-01,86393.0
대만,관광,2019-02-01,92276.0
대만,관광,2019-03-01,96643.0
대만,관광,2019-04-01,111505.0
대만,관광,2019-05-01,100004.0
대만,관광,2019-06-01,116323.0
대만,관광,2019-07-01,112231.0
대만,관광,2019-08-01,106682.0
대만,관광,2019-09-01,100888.0
대만,관광,2019-10-01,126421.0
대만,관광,2019-11-01,100595.0
대만,관광,2019-12-01,88881.0
대만,관광,2020-01-01,108623.0
대만,관광,2020-02-01,51881.0
대만,관광,2020-03-01,274.0
대만,관광,2020-04-01,48.0
대만,관광,2020-05-01,31.0
대만,관광,2020-06-01,40.0
대만,관광,2020-07-01,47.0
대만,관광,2020-08-01,41.0
대만,관광,2020-09-01,60.0
대만,관광,2020-10-01,34.0
대만,관광,2020-11-01,42.0
대만,관광,2020-12-01,34.0
대만,관광,2021-01-01,35.0
대만,관광,2021-02-01,40.0
대만,관광,2021-03-01,55.0
대만,관광,2021-04-01,47.0
대만,관광,2021-05-01,64.0
대만,관광,2021-06-01,33.0
대만,관광,2021-07-01,47.0
대만,관광,2021-08-01,64.0
대만,관광,2021-09-01,63.0
대만,관광,2021-10-01,69.0
대만,관광,2021-11-01,61.0
대만,관광,2021-12-01,58.0
대만,관광,2022-01-01,64.0
대만,관광,2022-02-01,50.0
대만,관광,2022-03-01,49.0
대만,관광,2022-04-01,122.0
대만,관광,2022-05-01,178.0
대만,관광,2022-06-01,377.0
대만,관광,2022-07-01,943.0
대만,관광,2022-08-01,3057.0
대만,관광,2022-09-01,3719.0
대만,관광,2022-10-01,10672.0
대만,관광,2022-11-01,17063.0
대만,관광,2022-12-01,28358.0
대만,관광,2023-01-01,48543.0
대만,관광,2023-02-01,46456.0
대만,관광,2023-03-01,62629.0
대만,관광,2023-04-01,76519.0
대만,관광,2023-05-01,65745.0
대만,관광,2023-06-01,96524.0
대만,관광,2023-07-01,102600.0
대만,관광,2023-08-01,97022.0
대만,관광,2023-09-01,91552.0
대만,관광,2023-10-01,96022.0
대만,관광,2023-11-01,85205.0
대만,관광,2023-12-01,79743.0
대만,관광,2024-01-01,92626.0
대만,관광,2024-02-01,94871.0
대만,관광,2024-03-01,114512.0
대만,관광,2024-04-01,116752.0
대만,관광,2024-05-01,115839.0
대만,관광,2024-06-01,143174.0
대만,관광,2024-07-01,141615.0
대만,관광,2024-08-01,146623.0
대만,관광,2024-09-01,124888.0
대만,관광,2024-10-01,132389.0
대만,관광,2024-11-01,118328.0
대만,관광,2024-12-01,117549.0
대만,관광,2025-01-01,134439.0
대만,관광,2025-02-01,117995.0
대만,관광,2025-03-01,138666.0
대만,관광,2025-04-01,150603.0
대만,관광,2025-05-01,148871.0
대만,상용,2005-01-01,32.0
대만,상용,2005-02-01,27.0
대만,상용,2005-03-01,43.0
대만,상용,2005-04-01,46.0
대만,상용,2005-05-01,39.0
대만,상용,2005-06-01,36.0
대만,상용,2005-07-01,37.0
대만,상용,2005-08-01,52.0
대만,상용,2005-09-01,36.0
대만,상용,2005-10-01,57.0
대만,상용,2005-11-01,46.0
대만,상용,2005-12-01,36.0
대만,상용,2006-01-01,32.0
대만,상용,2006-02-01,53.0
대만,상용,2006-03-01,47.0
대만,상용,2006-04-01,37.0
대만,상용,2006-05-01,59.0
대만,상용,2006-06-01,48.0
대만,상용,2006-07-01,44.0
대만,상용,2006-08-01,59.0
대만,상용,2006-09-01,39.0
대만,상용,2006-10-01,63.0
대만,상용,2006-11-01,56.0
대만,상용,2006-12-01,45.0
대만,상용,2007-01-01,44.0
대만,상용,2007-02-01,45.0
대만,상용,2007-03-01,53.0
대만,상용,2007-04-01,50.0
대만,상용,2007-05-01,46.0
대만,상용,2007-06-01,60.0
대만,상용,2007-07-01,42.0
대만,상용,2007-08-01,64.0
대만,상용,2007-09-01,47.0
대만,상용,2007-10-01,67.0
대만,상용,2007-11-01,40.0
대만,상용,2007-12-01,45.0
대만,상용,2008-01-01,51.0
대만,상용,2008-02-01,45.0
대만,상용,2008-03-01,31.0
대만,상용,2008-04-01,41.0
대만,상용,2008-05-01,32.0
대만,상용,2008-06-01,39.0
대만,상용,2008-07-01,45.0
대만,상용,2008-08-01,39.0
대만,상용,2008-09-01,43.0
대만,상용,2008-10-01,51.0
대만,상용,2008-11-01,58.0
대만,상용,2008-12-01,50.0
대만,상용,2009-01-01,34.0
대만,상용,2009-02-01,48.0
대만,상용,2009-03-01,44.0
대만,상용,2009-04-01,51.0
대만,상용,2009-05-01,41.0
대만,상용,2009-06-01,60.0
대만,상용,2009-07-01,42.0
대만,상용,2009-08-01,66.0
대만,상용,2009-09-01,43.0
대만,상용,2009-10-01,72.0
대만,상용,2009-11-01,55.0
대만,상용,2009-12-01,41.0
대만,상용,2010-01-01,41.0
대만,상용,2010-02-01,45.0
대만,상용,2010-03-01,45.0
대만,상용,2010-04-01,38.0
대만,상용,2010-05-01,40.0
대만,상용,2010-06-01,60.0
대만,상용,2010-07-01,37.0
대만,상용,2010-08-01,57.0
대만,상용,2010-09-01,43.0
대만,상용,2010-10-01,55.0
대만,상용,2010-11-01,34.0
대만,상용,2010-12-01,44.0
대만,상용,2011-01-01,25.0
대만,상용,2011-02-01,49.0
대만,상용,2011-03-01,44.0
대만,상용,2011-04-01,75.0
대만,상용,2011-05-01,93.0
대만,상용,2011-06-01,52.0
대만,상용,2011-07-01,50.0
대만,상용,2011-08-01,64.0
대만,상용,2011-09-01,66.0
대만,상용,2011-10-01,66.0
대만,상용,2011-11-01,54.0
대만,상용,2011-12-01,47.0
대만,상용,2012-01-01,64.0
대만,상용,2012-02-01,45.0
대만,상용,2012-03-01,48.0
대만,상용,2012-04-01,75.0
대만,상용,2012-05-01,66.0
대만,상용,2012-06-01,64.0
대만,상용,2012-07-01,56.0
대만,상용,2012-08-01,66.0
대만,상용,2012-09-01,38.0
대만,상용,2012-10-01,56.0
대만,상용,2012-11-01,35.0
대만,상용,2012-12-01,43.0
대만,상용,2013-01-01,38.0
대만,상용,2013-02-01,48.0
대만,상용,2013-03-01,54.0
대만,상용,2013-04-01,29.0
대만,상용,2013-05-01,2525.0
대만,상용,2013-06-01,2018.0
대만,상용,2013-07-01,71.0
대만,상용,2013-08-01,57.0
대만,상용,2013-09-01,118.0
대만,상용,2013-10-01,44.0
대만,상용,2013-11-01,59.0
대만,상용,2013-12-01,47.0
대만,상용,2014-01-01,40.0
대만,상용,2014-02-01,81.0
대만,상용,2014-03-01,48.0
대만,상용,2014-04-01,57.0
대만,상용,2014-05-01,78.0
대만,상용,2014-06-01,72.0
대만,상용,2014-07-01,66.0
대만,상용,2014-08-01,61.0
대만,상용,2014-09-01,72.0
대만,상용,2014-10-01,56.0
대만,상용,2014-11-01,55.0
대만,상용,2014-12-01,55.0
대만,상용,2015-01-01,44.0
대만,상용,2015-02-01,63.0
대만,상용,2015-03-01,52.0
대만,상용,2015-04-01,52.0
대만,상용,2015-05-01,64.0
대만,상용,2015-06-01,31.0
대만,상용,2015-07-01,47.0
대만,상용,2015-08-01,38.0
대만,상용,2015-09-01,61.0
대만,상용,2015-10-01,58.0
대만,상용,2015-11-01,53.0
대만,상용,2015-12-01,57.0
대만,상용,2016-01-01,57.0
대만,상용,2016-02-01,63.0
대만,상용,2016-03-01,48.0
대만,상용,2016-04-01,50.0
대만,상용,2016-05-01,58.0
대만,상용,2016-06-01,58.0
대만,상용,2016-07-01,53.0
대만,상용,2016-08-01,67.0
대만,상용,2016-09-01,71.0
대만,상용,2016-10-01,61.0
대만,상용,2016-11-01,60.0
대만,상용,2016-12-01,63.0
대만,상용,2017-01-01,70.0
대만,상용,2017-02-01,64.0
대만,상용,2017-03-01,50.0
대만,상용,2017-04-01,48.0
대만,상용,2017-05-01,64.0
대만,상용,2017-06-01,58.0
대만,상용,2017-07-01,68.0
대만,상용,2017-08-01,68.0
대만,상용,2017-09-01,66.0
대만,상용,2017-10-01,101.0
대만,상용,2017-11-01,79.0
대만,상용,2017-12-01,62.0
대만,상용,2018-01-01,93.0
대만,상용,2018-02-01,75.0
대만,상용,2018-03-01,71.0
대만,상용,2018-04-01,54.0
대만,상용,2018-05-01,90.0
대만,상용,2018-06-01,80.0
대만,상용,2018-07-01,73.0
대만,상용,2018-08-01,88.0
대만,상용,2018-09-01,79.0
대만,상용,2018-10-01,71.0
대만,상용,2018-11-01,62.0
대만,상용,2018-12-01,71.0
대만,상용,2019-01-01,74.0
대만,상용,2019-02-01,105.0
대만,상용,2019-03-01,64.0
대만,상용,2019-04-01,73.0
대만,상용,2019-05-01,84.0
대만,상용,2019-06-01,84.0
대만,상용,2019-07-01,75.0
대만,상용,2019-08-01,73.0
대만,상용,2019-09-01,112.0
대만,상용,2019-10-01,81.0
대만,상용,2019-11-01,89.0
대만,상용,2019-12-01,79.0
대만,상용,2020-01-01,95.0
대만,상용,2020-02-01,52.0
대만,상용,2020-03-01,6.0
대만,상용,2020-04-01,8.0
대만,상용,2020-05-01,8.0
대만,상용,2020-06-01,23.0
대만,상용,2020-07-01,34.0
대만,상용,2020-08-01,39.0
대만,상용,2020-09-01,29.0
대만,상용,2020-10-01,57.0
대만,상용,2020-11-01,42.0
대만,상용,2020-12-01,44.0
대만,상용,2021-01-01,10.0
대만,상용,2021-02-01,23.0
대만,상용,2021-03-01,45.0
대만,상용,2021-04-01,31.0
대만,상용,2021-05-01,44.0
대만,상용,2021-06-01,19.0
대만,상용,2021-07-01,31.0
대만,상용,2021-08-01,24.0
대만,상용,2021-09-01,26.0
대만,상용,2021-10-01,60.0
대만,상용,2021-11-01,75.0
대만,상용,2021-12-01,31.0
대만,상용,2022-01-01,35.0
대만,상용,2022-02-01,42.0
대만,상용,2022-03-01,54.0
대만,상용,2022-04-01,121.0
대만,상용,2022-05-01,181.0
대만,상용,2022-06-01,270.0
대만,상용,2022-07-01,474.0
대만,상용,2022-08-01,330.0
대만,상용,2022-09-01,343.0
대만,상용,2022-10-01,260.0
대만,상용,2022-11-01,267.0
대만,상용,2022-12-01,224.0
대만,상용,2023-01-01,190.0
대만,상용,2023-02-01,224.0
대만,상용,2023-03-01,285.0
대만,상용,2023-04-01,201.0
대만,상용,2023-05-01,209.0
대만,상용,2023-06-01,180.0
대만,상용,2023-07-01,192.0
대만,상용,2023-08-01,103.0
대만,상용,2023-09-01,70.0
대만,상용,2023-10-01,73.0
대만,상용,2023-11-01,66.0
대만,상용,2023-12-01,73.0
대만,상용,2024-01-01,62.0
대만,상용,2024-02-01,88.0
대만,상용,2024-03-01,51.0
대만,상용,2024-04-01,74.0
대만,상용,2024-05-01,68.0
대만,상용,2024-06-01,72.0
대만,상용,2024-07-01,73.0
대만,상용,2024-08-01,76.0
대만,상용,2024-09-01,86.0
대만,상용,2024-10-01,54.0
대만,상용,2024-11-01,76.0
대만,상용,2024-12-01,78.0
대만,상용,2025-01-01,63.0
대만,상용,2025-02-01,89.0
대만,상용,2025-03-01,82.0
대만,상용,2025-04-01,100.0
대만,상용,2025-05-01,90.0
대만,유학연수,2005-01-01,20.0
대만,유학연수,2005-02-01,81.0
대만,유학연수,2005-03-01,27.0
대만,유학연수,2005-04-01,11.0
대만,유학연수,2005-05-01,11.0
대만,유학연수,2005-06-01,19.0
대만,유학연수,2005-07-01,10.0
대만,유학연수,2005-08-01,91.0
대만,유학연수,2005-09-01,22.0
대만,유학연수,2005-10-01,13.0
대만,유학연수,2005-11-01,14.0
대만,유학연수,2005-12-01,14.0
대만,유학연수,2006-01-01,30.0
대만,유학연수,2006-02-01,101.0
대만,유학연수,2006-03-01,39.0
대만,유학연수,2006-04-01,19.0
대만,유학연수,2006-05-01,14.0
대만,유학연수,2006-06-01,22.0
대만,유학연수,2006-07-01,25.0
대만,유학연수,2006-08-01,123.0
대만,유학연수,2006-09-01,49.0
대만,유학연수,2006-10-01,28.0
대만,유학연수,2006-11-01,18.0
대만,유학연수,2006-12-01,15.0
대만,유학연수,2007-01-01,43.0
대만,유학연수,2007-02-01,87.0
대만,유학연수,2007-03-01,50.0
대만,유학연수,2007-04-01,32.0
대만,유학연수,2007-05-01,25.0
대만,유학연수,2007-06-01,26.0
대만,유학연수,2007-07-01,29.0
대만,유학연수,2007-08-01,176.0
대만,유학연수,2007-09-01,62.0
대만,유학연수,2007-10-01,31.0
대만,유학연수,2007-11-01,19.0
대만,유학연수,2007-12-01,29.0
대만,유학연수,2008-01-01,47.0
대만,유학연수,2008-02-01,135.0
대만,유학연수,2008-03-01,76.0
대만,유학연수,2008-04-01,26.0
대만,유학연수,2008-05-01,29.0
대만,유학연수,2008-06-01,40.0
대만,유학연수,2008-07-01,21.0
대만,유학연수,2008-08-01,207.0
대만,유학연수,2008-09-01,68.0
대만,유학연수,2008-10-01,26.0
대만,유학연수,2008-11-01,24.0
대만,유학연수,2008-12-01,39.0
대만,유학연수,2009-01-01,67.0
대만,유학연수,2009-02-01,165.0
대만,유학연수,2009-03-01,69.0
대만,유학연수,2009-04-01,31.0
대만,유학연수,2009-05-01,41.0
대만,유학연수,2009-06-01,40.0
대만,유학연수,2009-07-01,44.0
대만,유학연수,2009-08-01,205.0
대만,유학연수,2009-09-01,74.0
대만,유학연수,2009-10-01,40.0
대만,유학연수,2009-11-01,43.0
대만,유학연수,2009-12-01,57.0
대만,유학연수,2010-01-01,37.0
대만,유학연수,2010-02-01,234.0
대만,유학연수,2010-03-01,93.0
대만,유학연수,2010-04-01,26.0
대만,유학연수,2010-05-01,38.0
대만,유학연수,2010-06-01,59.0
대만,유학연수,2010-07-01,52.0
대만,유학연수,2010-08-01,329.0
대만,유학연수,2010-09-01,105.0
대만,유학연수,2010-10-01,36.0
대만,유학연수,2010-11-01,44.0
대만,유학연수,2010-12-01,84.0
대만,유학연수,2011-01-01,51.0
대만,유학연수,2011-02-01,316.0
대만,유학연수,2011-03-01,99.0
대만,유학연수,2011-04-01,35.0
대만,유학연수,2011-05-01,44.0
대만,유학연수,2011-06-01,90.0
대만,유학연수,2011-07-01,47.0
대만,유학연수,2011-08-01,356.0
대만,유학연수,2011-09-01,126.0
대만,유학연수,2011-10-01,37.0
대만,유학연수,2011-11-01,45.0
대만,유학연수,2011-12-01,80.0
대만,유학연수,2012-01-01,79.0
대만,유학연수,2012-02-01,205.0
대만,유학연수,2012-03-01,150.0
대만,유학연수,2012-04-01,29.0
대만,유학연수,2012-05-01,50.0
대만,유학연수,2012-06-01,108.0
대만,유학연수,2012-07-01,59.0
대만,유학연수,2012-08-01,367.0
대만,유학연수,2012-09-01,159.0
대만,유학연수,2012-10-01,52.0
대만,유학연수,2012-11-01,49.0
대만,유학연수,2012-12-01,76.0
대만,유학연수,2013-01-01,57.0
대만,유학연수,2013-02-01,325.0
대만,유학연수,2013-03-01,267.0
대만,유학연수,2013-04-01,65.0
대만,유학연수,2013-05-01,79.0
대만,유학연수,2013-06-01,138.0
대만,유학연수,2013-07-01,81.0
대만,유학연수,2013-08-01,468.0
대만,유학연수,2013-09-01,175.0
대만,유학연수,2013-10-01,45.0
대만,유학연수,2013-11-01,63.0
대만,유학연수,2013-12-01,106.0
대만,유학연수,2014-01-01,72.0
대만,유학연수,2014-02-01,433.0
대만,유학연수,2014-03-01,280.0
대만,유학연수,2014-04-01,52.0
대만,유학연수,2014-05-01,104.0
대만,유학연수,2014-06-01,185.0
대만,유학연수,2014-07-01,80.0
대만,유학연수,2014-08-01,631.0
대만,유학연수,2014-09-01,181.0
대만,유학연수,2014-10-01,51.0
대만,유학연수,2014-11-01,95.0
대만,유학연수,2014-12-01,98.0
대만,유학연수,2015-01-01,110.0
대만,유학연수,2015-02-01,516.0
대만,유학연수,2015-03-01,291.0
대만,유학연수,2015-04-01,58.0
대만,유학연수,2015-05-01,120.0
대만,유학연수,2015-06-01,187.0
대만,유학연수,2015-07-01,81.0
대만,유학연수,2015-08-01,678.0
대만,유학연수,2015-09-01,228.0
대만,유학연수,2015-10-01,63.0
대만,유학연수,2015-11-01,99.0
대만,유학연수,2015-12-01,142.0
대만,유학연수,2016-01-01,97.0
대만,유학연수,2016-02-01,686.0
대만,유학연수,2016-03-01,222.0
대만,유학연수,2016-04-01,52.0
대만,유학연수,2016-05-01,154.0
대만,유학연수,2016-06-01,210.0
대만,유학연수,2016-07-01,114.0
대만,유학연수,2016-08-01,777.0
대만,유학연수,2016-09-01,231.0
대만,유학연수,2016-10-01,65.0
대만,유학연수,2016-11-01,130.0
대만,유학연수,2016-12-01,193.0
대만,유학연수,2017-01-01,112.0
대만,유학연수,2017-02-01,749.0
대만,유학연수,2017-03-01,311.0
대만,유학연수,2017-04-01,93.0
대만,유학연수,2017-05-01,242.0
대만,유학연수,2017-06-01,269.0
대만,유학연수,2017-07-01,149.0
대만,유학연수,2017-08-01,1005.0
대만,유학연수,2017-09-01,196.0
대만,유학연수,2017-10-01,223.0
대만,유학연수,2017-11-01,179.0
대만,유학연수,2017-12-01,216.0
대만,유학연수,2018-01-01,158.0
대만,유학연수,2018-02-01,847.0
대만,유학연수,2018-03-01,398.0
대만,유학연수,2018-04-01,118.0
대만,유학연수,2018-05-01,233.0
대만,유학연수,2018-06-01,297.0
대만,유학연수,2018-07-01,185.0
대만,유학연수,2018-08-01,1045.0
대만,유학연수,2018-09-01,346.0
대만,유학연수,2018-10-01,102.0
대만,유학연수,2018-11-01,192.0
대만,유학연수,2018-12-01,266.0
대만,유학연수,2019-01-01,180.0
대만,유학연수,2019-02-01,908.0
대만,유학연수,2019-03-01,460.0
대만,유학연수,2019-04-01,147.0
대만,유학연수,2019-05-01,234.0
대만,유학연수,2019-06-01,719.0
대만,유학연수,2019-07-01,184.0
대만,유학연수,2019-08-01,1088.0
대만,유학연수,2019-09-01,300.0
대만,유학연수,2019-10-01,135.0
대만,유학연수,2019-11-01,225.0
대만,유학연수,2019-12-01,267.0
대만,유학연수,2020-01-01,285.0
대만,유학연수,2020-02-01,393.0
대만,유학연수,2020-03-01,125.0
대만,유학연수,2020-04-01,12.0
대만,유학연수,2020-05-01,33.0
대만,유학연수,2020-06-01,39.0
대만,유학연수,2020-07-01,27.0
대만,유학연수,2020-08-01,369.0
대만,유학연수,2020-09-01,49.0
대만,유학연수,2020-10-01,36.0
대만,유학연수,2020-11-01,62.0
대만,유학연수,2020-12-01,23.0
대만,유학연수,2021-01-01,37.0
대만,유학연수,2021-02-01,205.0
대만,유학연수,2021-03-01,29.0
대만,유학연수,2021-04-01,21.0
대만,유학연수,2021-05-01,66.0
대만,유학연수,2021-06-01,33.0
대만,유학연수,2021-07-01,21.0
대만,유학연수,2021-08-01,312.0
대만,유학연수,2021-09-01,33.0
대만,유학연수,2021-10-01,27.0
대만,유학연수,2021-11-01,64.0
대만,유학연수,2021-12-01,16.0
대만,유학연수,2022-01-01,19.0
대만,유학연수,2022-02-01,531.0
대만,유학연수,2022-03-01,59.0
대만,유학연수,2022-04-01,26.0
대만,유학연수,2022-05-01,110.0
대만,유학연수,2022-06-01,104.0
대만,유학연수,2022-07-01,50.0
대만,유학연수,2022-08-01,687.0
대만,유학연수,2022-09-01,148.0
대만,유학연수,2022-10-01,65.0
대만,유학연수,2022-11-01,196.0
대만,유학연수,2022-12-01,178.0
대만,유학연수,2023-01-01,266.0
대만,유학연수,2023-02-01,910.0
대만,유학연수,2023-03-01,257.0
대만,유학연수,2023-04-01,113.0
대만,유학연수,2023-05-01,271.0
대만,유학연수,2023-06-01,223.0
대만,유학연수,2023-07-01,252.0
대만,유학연수,2023-08-01,1096.0
대만,유학연수,2023-09-01,290.0
대만,유학연수,2023-10-01,198.0
대만,유학연수,2023-11-01,253.0
대만,유학연수,2023-12-01,283.0
대만,유학연수,2024-01-01,248.0
대만,유학연수,2024-02-01,1055.0
대만,유학연수,2024-03-01,410.0
대만,유학연수,2024-04-01,147.0
대만,유학연수,2024-05-01,372.0
대만,유학연수,2024-06-01,320.0
대만,유학연수,2024-07-01,304.0
대만,유학연수,2024-08-01,1179.0
대만,유학연수,2024-09-01,403.0
대만,유학연수,2024-10-01,177.0
대만,유학연수,2024-11-01,334.0
대만,유학연수,2024-12-01,380.0
대만,유학연수,2025-01-01,227.0
대만,유학연수,2025-02-01,1139.0
대만,유학연수,2025-03-01,529.0
대만,유학연수,2025-04-01,213.0
대만,유학연수,2025-05-01,499.0
대양주,공용,2005-01-01,20.0
대양주,공용,2005-02-01,39.0
대양주,공용,2005-03-01,21.0
대양주,공용,2005-04-01,34.0
대양주,공용,2005-05-01,50.0
대양주,공용,2005-06-01,49.0
대양주,공용,2005-07-01,35.0
대양주,공용,2005-08-01,52.0
대양주,공용,2005-09-01,110.0
대양주,공용,2005-10-01,54.0
대양주,공용,2005-11-01,113.0
대양주,공용,2005-12-01,9.0
대양주,공용,2006-01-01,6.0
대양주,공용,2006-02-01,16.0
대양주,공용,2006-03-01,27.0
대양주,공용,2006-04-01,44.0
대양주,공용,2006-05-01,24.0
대양주,공용,2006-06-01,28.0
대양주,공용,2006-07-01,18.0
대양주,공용,2006-08-01,35.0
대양주,공용,2006-09-01,53.0
대양주,공용,2006-10-01,46.0
대양주,공용,2006-11-01,31.0
대양주,공용,2006-12-01,14.0
대양주,공용,2007-01-01,7.0
대양주,공용,2007-02-01,7.0
대양주,공용,2007-03-01,27.0
대양주,공용,2007-04-01,66.0
대양주,공용,2007-05-01,46.0
대양주,공용,2007-06-01,33.0
대양주,공용,2007-07-01,32.0
대양주,공용,2007-08-01,7.0
대양주,공용,2007-09-01,30.0
대양주,공용,2007-10-01,45.0
대양주,공용,2007-11-01,36.0
대양주,공용,2007-12-01,15.0
대양주,공용,2008-01-01,10.0
대양주,공용,2008-02-01,19.0
대양주,공용,2008-03-01,19.0
대양주,공용,2008-04-01,61.0
대양주,공용,2008-05-01,46.0
대양주,공용,2008-06-01,46.0
대양주,공용,2008-07-01,25.0
대양주,공용,2008-08-01,59.0
대양주,공용,2008-09-01,26.0
대양주,공용,2008-10-01,45.0
대양주,공용,2008-11-01,38.0
대양주,공용,2008-12-01,28.0
대양주,공용,2009-01-01,11.0
대양주,공용,2009-02-01,21.0
대양주,공용,2009-03-01,31.0
대양주,공용,2009-04-01,69.0
대양주,공용,2009-05-01,43.0
대양주,공용,2009-06-01,26.0
대양주,공용,2009-07-01,29.0
대양주,공용,2009-08-01,50.0
대양주,공용,2009-09-01,38.0
대양주,공용,2009-10-01,47.0
대양주,공용,2009-11-01,53.0
대양주,공용,2009-12-01,21.0
대양주,공용,2010-01-01,14.0
대양주,공용,2010-02-01,30.0
대양주,공용,2010-03-01,66.0
대양주,공용,2010-04-01,46.0
대양주,공용,2010-05-01,59.0
대양주,공용,2010-06-01,46.0
대양주,공용,2010-07-01,24.0
대양주,공용,2010-08-01,59.0
대양주,공용,2010-09-01,55.0
대양주,공용,2010-10-01,128.0
대양주,공용,2010-11-01,65.0
대양주,공용,2010-12-01,23.0
대양주,공용,2011-01-01,32.0
대양주,공용,2011-02-01,20.0
대양주,공용,2011-03-01,42.0
대양주,공용,2011-04-01,97.0
대양주,공용,2011-05-01,43.0
대양주,공용,2011-06-01,35.0
대양주,공용,2011-07-01,25.0
대양주,공용,2011-08-01,54.0
대양주,공용,2011-09-01,52.0
대양주,공용,2011-10-01,98.0
대양주,공용,2011-11-01,47.0
대양주,공용,2011-12-01,30.0
대양주,공용,2012-01-01,3.0
대양주,공용,2012-02-01,47.0
대양주,공용,2012-03-01,61.0
대양주,공용,2012-04-01,50.0
대양주,공용,2012-05-01,63.0
대양주,공용,2012-06-01,34.0
대양주,공용,2012-07-01,50.0
대양주,공용,2012-08-01,32.0
대양주,공용,2012-09-01,70.0
대양주,공용,2012-10-01,57.0
대양주,공용,2012-11-01,42.0
대양주,공용,2012-12-01,19.0
대양주,공용,2013-01-01,12.0
대양주,공용,2013-02-01,37.0
대양주,공용,2013-03-01,31.0
대양주,공용,2013-04-01,50.0
대양주,공용,2013-05-01,45.0
대양주,공용,2013-06-01,49.0
대양주,공용,2013-07-01,62.0
대양주,공용,2013-08-01,33.0
대양주,공용,2013-09-01,57.0
대양주,공용,2013-10-01,72.0
대양주,공용,2013-11-01,56.0
대양주,공용,2013-12-01,23.0
대양주,공용,2014-01-01,23.0
대양주,공용,2014-02-01,27.0
대양주,공용,2014-03-01,96.0
대양주,공용,2014-04-01,60.0
대양주,공용,2014-05-01,34.0
대양주,공용,2014-06-01,28.0
대양주,공용,2014-07-01,18.0
대양주,공용,2014-08-01,50.0
대양주,공용,2014-09-01,40.0
대양주,공용,2014-10-01,62.0
대양주,공용,2014-11-01,49.0
대양주,공용,2014-12-01,12.0
대양주,공용,2015-01-01,18.0
대양주,공용,2015-02-01,37.0
대양주,공용,2015-03-01,32.0
대양주,공용,2015-04-01,42.0
대양주,공용,2015-05-01,66.0
대양주,공용,2015-06-01,47.0
대양주,공용,2015-07-01,38.0
대양주,공용,2015-08-01,63.0
대양주,공용,2015-09-01,69.0
대양주,공용,2015-10-01,126.0
대양주,공용,2015-11-01,40.0
대양주,공용,2015-12-01,22.0
대양주,공용,2016-01-01,27.0
대양주,공용,2016-02-01,33.0
대양주,공용,2016-03-01,132.0
대양주,공용,2016-04-01,36.0
대양주,공용,2016-05-01,49.0
대양주,공용,2016-06-01,74.0
대양주,공용,2016-07-01,27.0
대양주,공용,2016-08-01,25.0
대양주,공용,2016-09-01,49.0
대양주,공용,2016-10-01,71.0
대양주,공용,2016-11-01,31.0
대양주,공용,2016-12-01,14.0
대양주,공용,2017-01-01,36.0
대양주,공용,2017-02-01,31.0
대양주,공용,2017-03-01,22.0
대양주,공용,2017-04-01,31.0
대양주,공용,2017-05-01,37.0
대양주,공용,2017-06-01,36.0
대양주,공용,2017-07-01,33.0
대양주,공용,2017-08-01,57.0
대양주,공용,2017-09-01,46.0
대양주,공용,2017-10-01,95.0
대양주,공용,2017-11-01,33.0
대양주,공용,2017-12-01,40.0
대양주,공용,2018-01-01,42.0
대양주,공용,2018-02-01,30.0
대양주,공용,2018-03-01,40.0
대양주,공용,2018-04-01,57.0
대양주,공용,2018-05-01,43.0
대양주,공용,2018-06-01,30.0
대양주,공용,2018-07-01,33.0
대양주,공용,2018-08-01,42.0
대양주,공용,2018-09-01,50.0
대양주,공용,2018-10-01,50.0
대양주,공용,2018-11-01,56.0
대양주,공용,2018-12-01,53.0
대양주,공용,2019-01-01,38.0
대양주,공용,2019-02-01,41.0
대양주,공용,2019-03-01,41.0
대양주,공용,2019-04-01,86.0
대양주,공용,2019-05-01,64.0
대양주,공용,2019-06-01,85.0
대양주,공용,2019-07-01,54.0
대양주,공용,2019-08-01,58.0
대양주,공용,2019-09-01,69.0
대양주,공용,2019-10-01,79.0
대양주,공용,2019-11-01,81.0
대양주,공용,2019-12-01,39.0
대양주,공용,2020-01-01,38.0
대양주,공용,2020-02-01,22.0
대양주,공용,2020-03-01,9.0
대양주,공용,2020-04-01,9.0
대양주,공용,2020-05-01,3.0
대양주,공용,2020-06-01,0.0
대양주,공용,2020-07-01,23.0
대양주,공용,2020-08-01,7.0
대양주,공용,2020-09-01,3.0
대양주,공용,2020-10-01,4.0
대양주,공용,2020-11-01,2.0
대양주,공용,2020-12-01,1.0
대양주,공용,2021-01-01,9.0
대양주,공용,2021-02-01,16.0
대양주,공용,2021-03-01,6.0
대양주,공용,2021-04-01,2.0
대양주,공용,2021-05-01,0.0
대양주,공용,2021-06-01,2.0
대양주,공용,2021-07-01,21.0
대양주,공용,2021-08-01,18.0
대양주,공용,2021-09-01,12.0
대양주,공용,2021-10-01,9.0
대양주,공용,2021-11-01,4.0
대양주,공용,2021-12-01,2.0
대양주,공용,2022-01-01,12.0
대양주,공용,2022-02-01,5.0
대양주,공용,2022-03-01,19.0
대양주,공용,2022-04-01,30.0
대양주,공용,2022-05-01,26.0
대양주,공용,2022-06-01,26.0
대양주,공용,2022-07-01,30.0
대양주,공용,2022-08-01,43.0
대양주,공용,2022-09-01,37.0
대양주,공용,2022-10-01,39.0
대양주,공용,2022-11-01,52.0
대양주,공용,2022-12-01,9.0
대양주,공용,2023-01-01,34.0
대양주,공용,2023-02-01,32.0
대양주,공용,2023-03-01,81.0
대양주,공용,2023-04-01,79.0
대양주,공용,2023-05-01,155.0
대양주,공용,2023-06-01,44.0
대양주,공용,2023-07-01,107.0
대양주,공용,2023-08-01,90.0
대양주,공용,2023-09-01,86.0
대양주,공용,2023-10-01,94.0
대양주,공용,2023-11-01,59.0
대양주,공용,2023-12-01,31.0
대양주,공용,2024-01-01,39.0
대양주,공용,2024-02-01,54.0
대양주,공용,2024-03-01,44.0
대양주,공용,2024-04-01,59.0
대양주,공용,2024-05-01,71.0
대양주,공용,2024-06-01,65.0
대양주,공용,2024-07-01,52.0
대양주,공용,2024-08-01,81.0
대양주,공용,2024-09-01,123.0
대양주,공용,2024-10-01,87.0
대양주,공용,2024-11-01,76.0
대양주,공용,2024-12-01,31.0
대양주,공용,2025-01-01,39.0
대양주,공용,2025-02-01,40.0
대양주,공용,2025-03-01,60.0
대양주,공용,2025-04-01,68.0
대양주,공용,2025-05-01,93.0
대양주,관광,2005-01-01,4548.0
대양주,관광,2005-02-01,3410.0
대양주,관광,2005-03-01,4661.0
대양주,관광,2005-04-01,6344.0
대양주,관광,2005-05-01,5780.0
대양주,관광,2005-06-01,6242.0
대양주,관광,2005-07-01,5084.0
대양주,관광,2005-08-01,4891.0
대양주,관광,2005-09-01,6998.0
대양주,관광,2005-10-01,5953.0
대양주,관광,2005-11-01,4920.0
대양주,관광,2005-12-01,6782.0
대양주,관광,2006-01-01,4809.0
대양주,관광,2006-02-01,3707.0
대양주,관광,2006-03-01,4928.0
대양주,관광,2006-04-01,6461.0
대양주,관광,2006-05-01,5819.0
대양주,관광,2006-06-01,6434.0
대양주,관광,2006-07-01,5434.0
대양주,관광,2006-08-01,5522.0
대양주,관광,2006-09-01,7910.0
대양주,관광,2006-10-01,6981.0
대양주,관광,2006-11-01,5594.0
대양주,관광,2006-12-01,7767.0
대양주,관광,2007-01-01,6307.0
대양주,관광,2007-02-01,4320.0
대양주,관광,2007-03-01,6380.0
대양주,관광,2007-04-01,7370.0
대양주,관광,2007-05-01,6897.0
대양주,관광,2007-06-01,7769.0
대양주,관광,2007-07-01,6692.0
대양주,관광,2007-08-01,6045.0
대양주,관광,2007-09-01,8867.0
대양주,관광,2007-10-01,8208.0
대양주,관광,2007-11-01,6726.0
대양주,관광,2007-12-01,9156.0
대양주,관광,2008-01-01,6597.0
대양주,관광,2008-02-01,4684.0
대양주,관광,2008-03-01,6772.0
대양주,관광,2008-04-01,10016.0
대양주,관광,2008-05-01,9060.0
대양주,관광,2008-06-01,10556.0
대양주,관광,2008-07-01,8523.0
대양주,관광,2008-08-01,7363.0
대양주,관광,2008-09-01,12738.0
대양주,관광,2008-10-01,8514.0
대양주,관광,2008-11-01,6953.0
대양주,관광,2008-12-01,10941.0
대양주,관광,2009-01-01,7740.0
대양주,관광,2009-02-01,4717.0
대양주,관광,2009-03-01,8869.0
대양주,관광,2009-04-01,8697.0
대양주,관광,2009-05-01,7907.0
대양주,관광,2009-06-01,9336.0
대양주,관광,2009-07-01,7480.0
대양주,관광,2009-08-01,8021.0
대양주,관광,2009-09-01,11371.0
대양주,관광,2009-10-01,10970.0
대양주,관광,2009-11-01,9442.0
대양주,관광,2009-12-01,11724.0
대양주,관광,2010-01-01,9249.0
대양주,관광,2010-02-01,5836.0
대양주,관광,2010-03-01,11633.0
대양주,관광,2010-04-01,10144.0
대양주,관광,2010-05-01,11045.0
대양주,관광,2010-06-01,11093.0
대양주,관광,2010-07-01,9653.0
대양주,관광,2010-08-01,8845.0
대양주,관광,2010-09-01,11751.0
대양주,관광,2010-10-01,10831.0
대양주,관광,2010-11-01,7707.0
대양주,관광,2010-12-01,9986.0
대양주,관광,2011-01-01,7813.0
대양주,관광,2011-02-01,5422.0
대양주,관광,2011-03-01,8471.0
대양주,관광,2011-04-01,13217.0
대양주,관광,2011-05-01,10854.0
대양주,관광,2011-06-01,10462.0
대양주,관광,2011-07-01,11545.0
대양주,관광,2011-08-01,10062.0
대양주,관광,2011-09-01,12238.0
대양주,관광,2011-10-01,13859.0
대양주,관광,2011-11-01,9617.0
대양주,관광,2011-12-01,12707.0
대양주,관광,2012-01-01,10388.0
대양주,관광,2012-02-01,7995.0
대양주,관광,2012-03-01,10214.0
대양주,관광,2012-04-01,12014.0
대양주,관광,2012-05-01,11324.0
대양주,관광,2012-06-01,11893.0
대양주,관광,2012-07-01,12109.0
대양주,관광,2012-08-01,12507.0
대양주,관광,2012-09-01,13738.0
대양주,관광,2012-10-01,14106.0
대양주,관광,2012-11-01,8769.0
대양주,관광,2012-12-01,12277.0
대양주,관광,2013-01-01,9905.0
대양주,관광,2013-02-01,6699.0
대양주,관광,2013-03-01,13802.0
대양주,관광,2013-04-01,10265.0
대양주,관광,2013-05-01,10167.0
대양주,관광,2013-06-01,11174.0
대양주,관광,2013-07-01,10367.0
대양주,관광,2013-08-01,8834.0
대양주,관광,2013-09-01,12246.0
대양주,관광,2013-10-01,11795.0
대양주,관광,2013-11-01,8280.0
대양주,관광,2013-12-01,12832.0
대양주,관광,2014-01-01,10052.0
대양주,관광,2014-02-01,7012.0
대양주,관광,2014-03-01,9091.0
대양주,관광,2014-04-01,13816.0
대양주,관광,2014-05-01,11748.0
대양주,관광,2014-06-01,12638.0
대양주,관광,2014-07-01,12314.0
대양주,관광,2014-08-01,9322.0
대양주,관광,2014-09-01,15355.0
대양주,관광,2014-10-01,13543.0
대양주,관광,2014-11-01,11194.0
대양주,관광,2014-12-01,15052.0
대양주,관광,2015-01-01,10940.0
대양주,관광,2015-02-01,6743.0
대양주,관광,2015-03-01,10632.0
대양주,관광,2015-04-01,14567.0
대양주,관광,2015-05-01,13696.0
대양주,관광,2015-06-01,9158.0
대양주,관광,2015-07-01,8869.0
대양주,관광,2015-08-01,8283.0
대양주,관광,2015-09-01,13048.0
대양주,관광,2015-10-01,13336.0
대양주,관광,2015-11-01,10219.0
대양주,관광,2015-12-01,14720.0
대양주,관광,2016-01-01,10398.0
대양주,관광,2016-02-01,7002.0
대양주,관광,2016-03-01,13379.0
대양주,관광,2016-04-01,14521.0
대양주,관광,2016-05-01,13532.0
대양주,관광,2016-06-01,14049.0
대양주,관광,2016-07-01,16193.0
대양주,관광,2016-08-01,9941.0
대양주,관광,2016-09-01,15762.0
대양주,관광,2016-10-01,14794.0
대양주,관광,2016-11-01,12641.0
대양주,관광,2016-12-01,17201.0
대양주,관광,2017-01-01,12525.0
대양주,관광,2017-02-01,8370.0
대양주,관광,2017-03-01,13094.0
대양주,관광,2017-04-01,20385.0
대양주,관광,2017-05-01,12397.0
대양주,관광,2017-06-01,14942.0
대양주,관광,2017-07-01,13382.0
대양주,관광,2017-08-01,10979.0
대양주,관광,2017-09-01,14505.0
대양주,관광,2017-10-01,12723.0
대양주,관광,2017-11-01,10819.0
대양주,관광,2017-12-01,16694.0
대양주,관광,2018-01-01,12556.0
대양주,관광,2018-02-01,9060.0
대양주,관광,2018-03-01,11358.0
대양주,관광,2018-04-01,17046.0
대양주,관광,2018-05-01,13855.0
대양주,관광,2018-06-01,13329.0
대양주,관광,2018-07-01,12669.0
대양주,관광,2018-08-01,12675.0
대양주,관광,2018-09-01,17021.0
대양주,관광,2018-10-01,16268.0
대양주,관광,2018-11-01,13196.0
대양주,관광,2018-12-01,18849.0
대양주,관광,2019-01-01,15379.0
대양주,관광,2019-02-01,8382.0
대양주,관광,2019-03-01,12900.0
대양주,관광,2019-04-01,22113.0
대양주,관광,2019-05-01,15163.0
대양주,관광,2019-06-01,15256.0
대양주,관광,2019-07-01,13043.0
대양주,관광,2019-08-01,14974.0
대양주,관광,2019-09-01,19624.0
대양주,관광,2019-10-01,17592.0
대양주,관광,2019-11-01,14722.0
대양주,관광,2019-12-01,21567.0
대양주,관광,2020-01-01,15046.0
대양주,관광,2020-02-01,7053.0
대양주,관광,2020-03-01,469.0
대양주,관광,2020-04-01,47.0
대양주,관광,2020-05-01,35.0
대양주,관광,2020-06-01,30.0
대양주,관광,2020-07-01,62.0
대양주,관광,2020-08-01,39.0
대양주,관광,2020-09-01,41.0
대양주,관광,2020-10-01,33.0
대양주,관광,2020-11-01,60.0
대양주,관광,2020-12-01,60.0
대양주,관광,2021-01-01,28.0
대양주,관광,2021-02-01,27.0
대양주,관광,2021-03-01,31.0
대양주,관광,2021-04-01,73.0
대양주,관광,2021-05-01,35.0
대양주,관광,2021-06-01,38.0
대양주,관광,2021-07-01,49.0
대양주,관광,2021-08-01,69.0
대양주,관광,2021-09-01,55.0
대양주,관광,2021-10-01,96.0
대양주,관광,2021-11-01,298.0
대양주,관광,2021-12-01,375.0
대양주,관광,2022-01-01,205.0
대양주,관광,2022-02-01,233.0
대양주,관광,2022-03-01,349.0
대양주,관광,2022-04-01,2082.0
대양주,관광,2022-05-01,3494.0
대양주,관광,2022-06-01,4098.0
대양주,관광,2022-07-01,4518.0
대양주,관광,2022-08-01,4714.0
대양주,관광,2022-09-01,8971.0
대양주,관광,2022-10-01,9853.0
대양주,관광,2022-11-01,10449.0
대양주,관광,2022-12-01,19080.0
대양주,관광,2023-01-01,13062.0
대양주,관광,2023-02-01,7665.0
대양주,관광,2023-03-01,14722.0
대양주,관광,2023-04-01,23414.0
대양주,관광,2023-05-01,16818.0
대양주,관광,2023-06-01,18731.0
대양주,관광,2023-07-01,15562.0
대양주,관광,2023-08-01,12738.0
대양주,관광,2023-09-01,23611.0
대양주,관광,2023-10-01,21632.0
대양주,관광,2023-11-01,20034.0
대양주,관광,2023-12-01,24814.0
대양주,관광,2024-01-01,18072.0
대양주,관광,2024-02-01,10826.0
대양주,관광,2024-03-01,24440.0
대양주,관광,2024-04-01,28211.0
대양주,관광,2024-05-01,21480.0
대양주,관광,2024-06-01,20405.0
대양주,관광,2024-07-01,16872.0
대양주,관광,2024-08-01,15252.0
대양주,관광,2024-09-01,23585.0
대양주,관광,2024-10-01,29023.0
대양주,관광,2024-11-01,22133.0
대양주,관광,2024-12-01,28484.0
대양주,관광,2025-01-01,20167.0
대양주,관광,2025-02-01,12651.0
대양주,관광,2025-03-01,21952.0
대양주,관광,2025-04-01,39062.0
대양주,관광,2025-05-01,24631.0
대양주,상용,2005-01-01,311.0
대양주,상용,2005-02-01,308.0
대양주,상용,2005-03-01,348.0
대양주,상용,2005-04-01,426.0
대양주,상용,2005-05-01,423.0
대양주,상용,2005-06-01,436.0
대양주,상용,2005-07-01,362.0
대양주,상용,2005-08-01,364.0
대양주,상용,2005-09-01,406.0
대양주,상용,2005-10-01,485.0
대양주,상용,2005-11-01,410.0
대양주,상용,2005-12-01,277.0
대양주,상용,2006-01-01,342.0
대양주,상용,2006-02-01,353.0
대양주,상용,2006-03-01,478.0
대양주,상용,2006-04-01,429.0
대양주,상용,2006-05-01,430.0
대양주,상용,2006-06-01,371.0
대양주,상용,2006-07-01,385.0
대양주,상용,2006-08-01,434.0
대양주,상용,2006-09-01,434.0
대양주,상용,2006-10-01,453.0
대양주,상용,2006-11-01,433.0
대양주,상용,2006-12-01,247.0
대양주,상용,2007-01-01,362.0
대양주,상용,2007-02-01,374.0
대양주,상용,2007-03-01,508.0
대양주,상용,2007-04-01,476.0
대양주,상용,2007-05-01,517.0
대양주,상용,2007-06-01,454.0
대양주,상용,2007-07-01,571.0
대양주,상용,2007-08-01,499.0
대양주,상용,2007-09-01,457.0
대양주,상용,2007-10-01,544.0
대양주,상용,2007-11-01,570.0
대양주,상용,2007-12-01,325.0
대양주,상용,2008-01-01,441.0
대양주,상용,2008-02-01,481.0
대양주,상용,2008-03-01,601.0
대양주,상용,2008-04-01,611.0
대양주,상용,2008-05-01,604.0
대양주,상용,2008-06-01,579.0
대양주,상용,2008-07-01,566.0
대양주,상용,2008-08-01,541.0
대양주,상용,2008-09-01,577.0
대양주,상용,2008-10-01,579.0
대양주,상용,2008-11-01,510.0
대양주,상용,2008-12-01,283.0
대양주,상용,2009-01-01,336.0
대양주,상용,2009-02-01,426.0
대양주,상용,2009-03-01,514.0
대양주,상용,2009-04-01,442.0
대양주,상용,2009-05-01,485.0
대양주,상용,2009-06-01,537.0
대양주,상용,2009-07-01,378.0
대양주,상용,2009-08-01,486.0
대양주,상용,2009-09-01,439.0
대양주,상용,2009-10-01,517.0
대양주,상용,2009-11-01,504.0
대양주,상용,2009-12-01,320.0
대양주,상용,2010-01-01,393.0
대양주,상용,2010-02-01,431.0
대양주,상용,2010-03-01,610.0
대양주,상용,2010-04-01,481.0
대양주,상용,2010-05-01,512.0
대양주,상용,2010-06-01,528.0
대양주,상용,2010-07-01,488.0
대양주,상용,2010-08-01,545.0
대양주,상용,2010-09-01,535.0
대양주,상용,2010-10-01,619.0
대양주,상용,2010-11-01,541.0
대양주,상용,2010-12-01,307.0
대양주,상용,2011-01-01,380.0
대양주,상용,2011-02-01,434.0
대양주,상용,2011-03-01,480.0
대양주,상용,2011-04-01,470.0
대양주,상용,2011-05-01,562.0
대양주,상용,2011-06-01,487.0
대양주,상용,2011-07-01,434.0
대양주,상용,2011-08-01,546.0
대양주,상용,2011-09-01,537.0
대양주,상용,2011-10-01,603.0
대양주,상용,2011-11-01,535.0
대양주,상용,2011-12-01,239.0
대양주,상용,2012-01-01,275.0
대양주,상용,2012-02-01,268.0
대양주,상용,2012-03-01,332.0
대양주,상용,2012-04-01,373.0
대양주,상용,2012-05-01,377.0
대양주,상용,2012-06-01,334.0
대양주,상용,2012-07-01,330.0
대양주,상용,2012-08-01,313.0
대양주,상용,2012-09-01,367.0
대양주,상용,2012-10-01,432.0
대양주,상용,2012-11-01,350.0
대양주,상용,2012-12-01,206.0
대양주,상용,2013-01-01,398.0
대양주,상용,2013-02-01,305.0
대양주,상용,2013-03-01,423.0
대양주,상용,2013-04-01,403.0
대양주,상용,2013-05-01,435.0
대양주,상용,2013-06-01,519.0
대양주,상용,2013-07-01,474.0
대양주,상용,2013-08-01,512.0
대양주,상용,2013-09-01,543.0
대양주,상용,2013-10-01,557.0
대양주,상용,2013-11-01,532.0
대양주,상용,2013-12-01,341.0
대양주,상용,2014-01-01,482.0
대양주,상용,2014-02-01,470.0
대양주,상용,2014-03-01,592.0
대양주,상용,2014-04-01,510.0
대양주,상용,2014-05-01,969.0
대양주,상용,2014-06-01,499.0
대양주,상용,2014-07-01,427.0
대양주,상용,2014-08-01,473.0
대양주,상용,2014-09-01,548.0
대양주,상용,2014-10-01,422.0
대양주,상용,2014-11-01,414.0
대양주,상용,2014-12-01,323.0
대양주,상용,2015-01-01,456.0
대양주,상용,2015-02-01,357.0
대양주,상용,2015-03-01,381.0
대양주,상용,2015-04-01,355.0
대양주,상용,2015-05-01,385.0
대양주,상용,2015-06-01,322.0
대양주,상용,2015-07-01,340.0
대양주,상용,2015-08-01,439.0
대양주,상용,2015-09-01,383.0
대양주,상용,2015-10-01,441.0
대양주,상용,2015-11-01,396.0
대양주,상용,2015-12-01,367.0
대양주,상용,2016-01-01,477.0
대양주,상용,2016-02-01,415.0
대양주,상용,2016-03-01,419.0
대양주,상용,2016-04-01,417.0
대양주,상용,2016-05-01,505.0
대양주,상용,2016-06-01,424.0
대양주,상용,2016-07-01,408.0
대양주,상용,2016-08-01,369.0
대양주,상용,2016-09-01,417.0
대양주,상용,2016-10-01,430.0
대양주,상용,2016-11-01,474.0
대양주,상용,2016-12-01,420.0
대양주,상용,2017-01-01,607.0
대양주,상용,2017-02-01,540.0
대양주,상용,2017-03-01,546.0
대양주,상용,2017-04-01,494.0
대양주,상용,2017-05-01,489.0
대양주,상용,2017-06-01,393.0
대양주,상용,2017-07-01,196.0
대양주,상용,2017-08-01,110.0
대양주,상용,2017-09-01,102.0
대양주,상용,2017-10-01,132.0
대양주,상용,2017-11-01,127.0
대양주,상용,2017-12-01,87.0
대양주,상용,2018-01-01,133.0
대양주,상용,2018-02-01,112.0
대양주,상용,2018-03-01,122.0
대양주,상용,2018-04-01,124.0
대양주,상용,2018-05-01,141.0
대양주,상용,2018-06-01,111.0
대양주,상용,2018-07-01,103.0
대양주,상용,2018-08-01,126.0
대양주,상용,2018-09-01,135.0
대양주,상용,2018-10-01,123.0
대양주,상용,2018-11-01,102.0
대양주,상용,2018-12-01,79.0
대양주,상용,2019-01-01,116.0
대양주,상용,2019-02-01,87.0
대양주,상용,2019-03-01,125.0
대양주,상용,2019-04-01,99.0
대양주,상용,2019-05-01,100.0
대양주,상용,2019-06-01,93.0
대양주,상용,2019-07-01,97.0
대양주,상용,2019-08-01,117.0
대양주,상용,2019-09-01,109.0
대양주,상용,2019-10-01,109.0
대양주,상용,2019-11-01,113.0
대양주,상용,2019-12-01,83.0
대양주,상용,2020-01-01,96.0
대양주,상용,2020-02-01,53.0
대양주,상용,2020-03-01,18.0
대양주,상용,2020-04-01,0.0
대양주,상용,2020-05-01,5.0
대양주,상용,2020-06-01,9.0
대양주,상용,2020-07-01,6.0
대양주,상용,2020-08-01,13.0
대양주,상용,2020-09-01,13.0
대양주,상용,2020-10-01,23.0
대양주,상용,2020-11-01,21.0
대양주,상용,2020-12-01,21.0
대양주,상용,2021-01-01,19.0
대양주,상용,2021-02-01,13.0
대양주,상용,2021-03-01,8.0
대양주,상용,2021-04-01,14.0
대양주,상용,2021-05-01,18.0
대양주,상용,2021-06-01,11.0
대양주,상용,2021-07-01,14.0
대양주,상용,2021-08-01,17.0
대양주,상용,2021-09-01,7.0
대양주,상용,2021-10-01,30.0
대양주,상용,2021-11-01,73.0
대양주,상용,2021-12-01,31.0
대양주,상용,2022-01-01,46.0
대양주,상용,2022-02-01,59.0
대양주,상용,2022-03-01,73.0
대양주,상용,2022-04-01,90.0
대양주,상용,2022-05-01,112.0
대양주,상용,2022-06-01,108.0
대양주,상용,2022-07-01,123.0
대양주,상용,2022-08-01,111.0
대양주,상용,2022-09-01,146.0
대양주,상용,2022-10-01,158.0
대양주,상용,2022-11-01,155.0
대양주,상용,2022-12-01,103.0
대양주,상용,2023-01-01,117.0
대양주,상용,2023-02-01,120.0
대양주,상용,2023-03-01,142.0
대양주,상용,2023-04-01,118.0
대양주,상용,2023-05-01,100.0
대양주,상용,2023-06-01,68.0
대양주,상용,2023-07-01,58.0
대양주,상용,2023-08-01,58.0
대양주,상용,2023-09-01,56.0
대양주,상용,2023-10-01,80.0
대양주,상용,2023-11-01,44.0
대양주,상용,2023-12-01,39.0
대양주,상용,2024-01-01,69.0
대양주,상용,2024-02-01,55.0
대양주,상용,2024-03-01,62.0
대양주,상용,2024-04-01,66.0
대양주,상용,2024-05-01,45.0
대양주,상용,2024-06-01,61.0
대양주,상용,2024-07-01,59.0
대양주,상용,2024-08-01,55.0
대양주,상용,2024-09-01,74.0
대양주,상용,2024-10-01,50.0
대양주,상용,2024-11-01,49.0
대양주,상용,2024-12-01,57.0
대양주,상용,2025-01-01,81.0
대양주,상용,2025-02-01,74.0
대양주,상용,2025-03-01,76.0
대양주,상용,2025-04-01,72.0
대양주,상용,2025-05-01,78.0
대양주,유학연수,2005-01-01,9.0
대양주,유학연수,2005-02-01,26.0
대양주,유학연수,2005-03-01,8.0
대양주,유학연수,2005-04-01,4.0
대양주,유학연수,2005-05-01,3.0
대양주,유학연수,2005-06-01,6.0
대양주,유학연수,2005-07-01,9.0
대양주,유학연수,2005-08-01,25.0
대양주,유학연수,2005-09-01,4.0
대양주,유학연수,2005-10-01,3.0
대양주,유학연수,2005-11-01,2.0
대양주,유학연수,2005-12-01,5.0
대양주,유학연수,2006-01-01,6.0
대양주,유학연수,2006-02-01,19.0
대양주,유학연수,2006-03-01,5.0
대양주,유학연수,2006-04-01,8.0
대양주,유학연수,2006-05-01,6.0
대양주,유학연수,2006-06-01,4.0
대양주,유학연수,2006-07-01,7.0
대양주,유학연수,2006-08-01,20.0
대양주,유학연수,2006-09-01,0.0
대양주,유학연수,2006-10-01,4.0
대양주,유학연수,2006-11-01,2.0
대양주,유학연수,2006-12-01,5.0
대양주,유학연수,2007-01-01,9.0
대양주,유학연수,2007-02-01,27.0
대양주,유학연수,2007-03-01,3.0
대양주,유학연수,2007-04-01,0.0
대양주,유학연수,2007-05-01,3.0
대양주,유학연수,2007-06-01,6.0
대양주,유학연수,2007-07-01,4.0
대양주,유학연수,2007-08-01,11.0
대양주,유학연수,2007-09-01,7.0
대양주,유학연수,2007-10-01,1.0
대양주,유학연수,2007-11-01,6.0
대양주,유학연수,2007-12-01,2.0
대양주,유학연수,2008-01-01,9.0
대양주,유학연수,2008-02-01,28.0
대양주,유학연수,2008-03-01,5.0
대양주,유학연수,2008-04-01,5.0
대양주,유학연수,2008-05-01,5.0
대양주,유학연수,2008-06-01,1.0
대양주,유학연수,2008-07-01,8.0
대양주,유학연수,2008-08-01,33.0
대양주,유학연수,2008-09-01,5.0
대양주,유학연수,2008-10-01,1.0
대양주,유학연수,2008-11-01,10.0
대양주,유학연수,2008-12-01,3.0
대양주,유학연수,2009-01-01,13.0
대양주,유학연수,2009-02-01,32.0
대양주,유학연수,2009-03-01,8.0
대양주,유학연수,2009-04-01,5.0
대양주,유학연수,2009-05-01,6.0
대양주,유학연수,2009-06-01,5.0
대양주,유학연수,2009-07-01,11.0
대양주,유학연수,2009-08-01,47.0
대양주,유학연수,2009-09-01,11.0
대양주,유학연수,2009-10-01,11.0
대양주,유학연수,2009-11-01,12.0
대양주,유학연수,2009-12-01,6.0
대양주,유학연수,2010-01-01,15.0
대양주,유학연수,2010-02-01,45.0
대양주,유학연수,2010-03-01,5.0
대양주,유학연수,2010-04-01,6.0
대양주,유학연수,2010-05-01,15.0
대양주,유학연수,2010-06-01,6.0
대양주,유학연수,2010-07-01,24.0
대양주,유학연수,2010-08-01,47.0
대양주,유학연수,2010-09-01,17.0
대양주,유학연수,2010-10-01,7.0
대양주,유학연수,2010-11-01,13.0
대양주,유학연수,2010-12-01,7.0
대양주,유학연수,2011-01-01,21.0
대양주,유학연수,2011-02-01,59.0
대양주,유학연수,2011-03-01,2.0
대양주,유학연수,2011-04-01,7.0
대양주,유학연수,2011-05-01,15.0
대양주,유학연수,2011-06-01,5.0
대양주,유학연수,2011-07-01,23.0
대양주,유학연수,2011-08-01,46.0
대양주,유학연수,2011-09-01,10.0
대양주,유학연수,2011-10-01,6.0
대양주,유학연수,2011-11-01,14.0
대양주,유학연수,2011-12-01,10.0
대양주,유학연수,2012-01-01,24.0
대양주,유학연수,2012-02-01,44.0
대양주,유학연수,2012-03-01,11.0
대양주,유학연수,2012-04-01,1.0
대양주,유학연수,2012-05-01,8.0
대양주,유학연수,2012-06-01,9.0
대양주,유학연수,2012-07-01,21.0
대양주,유학연수,2012-08-01,69.0
대양주,유학연수,2012-09-01,13.0
대양주,유학연수,2012-10-01,16.0
대양주,유학연수,2012-11-01,12.0
대양주,유학연수,2012-12-01,12.0
대양주,유학연수,2013-01-01,22.0
대양주,유학연수,2013-02-01,51.0
대양주,유학연수,2013-03-01,14.0
대양주,유학연수,2013-04-01,12.0
대양주,유학연수,2013-05-01,10.0
대양주,유학연수,2013-06-01,16.0
대양주,유학연수,2013-07-01,15.0
대양주,유학연수,2013-08-01,51.0
대양주,유학연수,2013-09-01,15.0
대양주,유학연수,2013-10-01,6.0
대양주,유학연수,2013-11-01,20.0
대양주,유학연수,2013-12-01,15.0
대양주,유학연수,2014-01-01,29.0
대양주,유학연수,2014-02-01,65.0
대양주,유학연수,2014-03-01,15.0
대양주,유학연수,2014-04-01,5.0
대양주,유학연수,2014-05-01,17.0
대양주,유학연수,2014-06-01,13.0
대양주,유학연수,2014-07-01,12.0
대양주,유학연수,2014-08-01,115.0
대양주,유학연수,2014-09-01,20.0
대양주,유학연수,2014-10-01,8.0
대양주,유학연수,2014-11-01,14.0
대양주,유학연수,2014-12-01,15.0
대양주,유학연수,2015-01-01,28.0
대양주,유학연수,2015-02-01,83.0
대양주,유학연수,2015-03-01,30.0
대양주,유학연수,2015-04-01,7.0
대양주,유학연수,2015-05-01,21.0
대양주,유학연수,2015-06-01,28.0
대양주,유학연수,2015-07-01,26.0
대양주,유학연수,2015-08-01,108.0
대양주,유학연수,2015-09-01,22.0
대양주,유학연수,2015-10-01,12.0
대양주,유학연수,2015-11-01,18.0
대양주,유학연수,2015-12-01,17.0
대양주,유학연수,2016-01-01,42.0
대양주,유학연수,2016-02-01,78.0
대양주,유학연수,2016-03-01,10.0
대양주,유학연수,2016-04-01,5.0
대양주,유학연수,2016-05-01,16.0
대양주,유학연수,2016-06-01,24.0
대양주,유학연수,2016-07-01,24.0
대양주,유학연수,2016-08-01,92.0
대양주,유학연수,2016-09-01,18.0
대양주,유학연수,2016-10-01,9.0
대양주,유학연수,2016-11-01,32.0
대양주,유학연수,2016-12-01,25.0
대양주,유학연수,2017-01-01,37.0
대양주,유학연수,2017-02-01,103.0
대양주,유학연수,2017-03-01,14.0
대양주,유학연수,2017-04-01,12.0
대양주,유학연수,2017-05-01,33.0
대양주,유학연수,2017-06-01,34.0
대양주,유학연수,2017-07-01,33.0
대양주,유학연수,2017-08-01,127.0
대양주,유학연수,2017-09-01,9.0
대양주,유학연수,2017-10-01,18.0
대양주,유학연수,2017-11-01,22.0
대양주,유학연수,2017-12-01,23.0
대양주,유학연수,2018-01-01,38.0
대양주,유학연수,2018-02-01,89.0
대양주,유학연수,2018-03-01,14.0
대양주,유학연수,2018-04-01,12.0
대양주,유학연수,2018-05-01,23.0
대양주,유학연수,2018-06-01,21.0
대양주,유학연수,2018-07-01,31.0
대양주,유학연수,2018-08-01,118.0
대양주,유학연수,2018-09-01,14.0
대양주,유학연수,2018-10-01,9.0
대양주,유학연수,2018-11-01,21.0
대양주,유학연수,2018-12-01,21.0
대양주,유학연수,2019-01-01,39.0
대양주,유학연수,2019-02-01,132.0
대양주,유학연수,2019-03-01,17.0
대양주,유학연수,2019-04-01,28.0
대양주,유학연수,2019-05-01,59.0
대양주,유학연수,2019-06-01,59.0
대양주,유학연수,2019-07-01,53.0
대양주,유학연수,2019-08-01,128.0
대양주,유학연수,2019-09-01,14.0
대양주,유학연수,2019-10-01,13.0
대양주,유학연수,2019-11-01,44.0
대양주,유학연수,2019-12-01,45.0
대양주,유학연수,2020-01-01,34.0
대양주,유학연수,2020-02-01,92.0
대양주,유학연수,2020-03-01,16.0
대양주,유학연수,2020-04-01,0.0
대양주,유학연수,2020-05-01,1.0
대양주,유학연수,2020-06-01,2.0
대양주,유학연수,2020-07-01,4.0
대양주,유학연수,2020-08-01,6.0
대양주,유학연수,2020-09-01,2.0
대양주,유학연수,2020-10-01,2.0
대양주,유학연수,2020-11-01,9.0
대양주,유학연수,2020-12-01,3.0
대양주,유학연수,2021-01-01,8.0
대양주,유학연수,2021-02-01,11.0
대양주,유학연수,2021-03-01,6.0
대양주,유학연수,2021-04-01,1.0
대양주,유학연수,2021-05-01,2.0
대양주,유학연수,2021-06-01,5.0
대양주,유학연수,2021-07-01,2.0
대양주,유학연수,2021-08-01,20.0
대양주,유학연수,2021-09-01,7.0
대양주,유학연수,2021-10-01,2.0
대양주,유학연수,2021-11-01,13.0
대양주,유학연수,2021-12-01,5.0
대양주,유학연수,2022-01-01,6.0
대양주,유학연수,2022-02-01,35.0
대양주,유학연수,2022-03-01,6.0
대양주,유학연수,2022-04-01,6.0
대양주,유학연수,2022-05-01,8.0
대양주,유학연수,2022-06-01,8.0
대양주,유학연수,2022-07-01,11.0
대양주,유학연수,2022-08-01,126.0
대양주,유학연수,2022-09-01,9.0
대양주,유학연수,2022-10-01,1.0
대양주,유학연수,2022-11-01,18.0
대양주,유학연수,2022-12-01,27.0
대양주,유학연수,2023-01-01,32.0
대양주,유학연수,2023-02-01,112.0
대양주,유학연수,2023-03-01,17.0
대양주,유학연수,2023-04-01,5.0
대양주,유학연수,2023-05-01,20.0
대양주,유학연수,2023-06-01,23.0
대양주,유학연수,2023-07-01,42.0
대양주,유학연수,2023-08-01,130.0
대양주,유학연수,2023-09-01,23.0
대양주,유학연수,2023-10-01,21.0
대양주,유학연수,2023-11-01,31.0
대양주,유학연수,2023-12-01,32.0
대양주,유학연수,2024-01-01,35.0
대양주,유학연수,2024-02-01,110.0
대양주,유학연수,2024-03-01,14.0
대양주,유학연수,2024-04-01,18.0
대양주,유학연수,2024-05-01,33.0
대양주,유학연수,2024-06-01,25.0
대양주,유학연수,2024-07-01,35.0
대양주,유학연수,2024-08-01,135.0
대양주,유학연수,2024-09-01,19.0
대양주,유학연수,2024-10-01,16.0
대양주,유학연수,2024-11-01,45.0
대양주,유학연수,2024-12-01,50.0
대양주,유학연수,2025-01-01,28.0
대양주,유학연수,2025-02-01,102.0
대양주,유학연수,2025-03-01,24.0
대양주,유학연수,2025-04-01,10.0
대양주,유학연수,2025-05-01,36.0
덴마크,공용,2005-01-01,0.0
덴마크,공용,2005-02-01,0.0
덴마크,공용,2005-03-01,0.0
덴마크,공용,2005-04-01,0.0
덴마크,공용,2005-05-01,0.0
덴마크,공용,2005-06-01,0.0
덴마크,공용,2005-07-01,0.0
덴마크,공용,2005-08-01,0.0
덴마크,공용,2005-09-01,0.0
덴마크,공용,2005-10-01,0.0
덴마크,공용,2005-11-01,0.0
덴마크,공용,2005-12-01,0.0
덴마크,공용,2006-01-01,0.0
덴마크,공용,2006-02-01,0.0
덴마크,공용,2006-03-01,0.0
덴마크,공용,2006-04-01,0.0
덴마크,공용,2006-05-01,1.0
덴마크,공용,2006-06-01,0.0
덴마크,공용,2006-07-01,0.0
덴마크,공용,2006-08-01,0.0
덴마크,공용,2006-09-01,1.0
덴마크,공용,2006-10-01,0.0
덴마크,공용,2006-11-01,0.0
덴마크,공용,2006-12-01,0.0
덴마크,공용,2007-01-01,0.0
덴마크,공용,2007-02-01,0.0
덴마크,공용,2007-03-01,0.0
덴마크,공용,2007-04-01,0.0
덴마크,공용,2007-05-01,0.0
덴마크,공용,2007-06-01,0.0
덴마크,공용,2007-07-01,0.0
덴마크,공용,2007-08-01,0.0
덴마크,공용,2007-09-01,0.0
덴마크,공용,2007-10-01,1.0
덴마크,공용,2007-11-01,1.0
덴마크,공용,2007-12-01,0.0
덴마크,공용,2008-01-01,0.0
덴마크,공용,2008-02-01,1.0
덴마크,공용,2008-03-01,0.0
덴마크,공용,2008-04-01,0.0
덴마크,공용,2008-05-01,0.0
덴마크,공용,2008-06-01,0.0
덴마크,공용,2008-07-01,1.0
덴마크,공용,2008-08-01,2.0
덴마크,공용,2008-09-01,0.0
덴마크,공용,2008-10-01,0.0
덴마크,공용,2008-11-01,0.0
덴마크,공용,2008-12-01,0.0
덴마크,공용,2009-01-01,0.0
덴마크,공용,2009-02-01,0.0
덴마크,공용,2009-03-01,0.0
덴마크,공용,2009-04-01,0.0
덴마크,공용,2009-05-01,0.0
덴마크,공용,2009-06-01,0.0
덴마크,공용,2009-07-01,0.0
덴마크,공용,2009-08-01,0.0
덴마크,공용,2009-09-01,0.0
덴마크,공용,2009-10-01,0.0
덴마크,공용,2009-11-01,0.0
덴마크,공용,2009-12-01,0.0
덴마크,공용,2010-01-01,0.0
덴마크,공용,2010-02-01,0.0
덴마크,공용,2010-03-01,1.0
덴마크,공용,2010-04-01,0.0
덴마크,공용,2010-05-01,0.0
덴마크,공용,2010-06-01,0.0
덴마크,공용,2010-07-01,0.0
덴마크,공용,2010-08-01,0.0
덴마크,공용,2010-09-01,0.0
덴마크,공용,2010-10-01,1.0
덴마크,공용,2010-11-01,0.0
덴마크,공용,2010-12-01,0.0
덴마크,공용,2011-01-01,0.0
덴마크,공용,2011-02-01,0.0
덴마크,공용,2011-03-01,0.0
덴마크,공용,2011-04-01,0.0
덴마크,공용,2011-05-01,0.0
덴마크,공용,2011-06-01,0.0
덴마크,공용,2011-07-01,0.0
덴마크,공용,2011-08-01,0.0
덴마크,공용,2011-09-01,0.0
덴마크,공용,2011-10-01,1.0
덴마크,공용,2011-11-01,0.0
덴마크,공용,2011-12-01,0.0
덴마크,공용,2012-01-01,0.0
덴마크,공용,2012-02-01,0.0
덴마크,공용,2012-03-01,0.0
덴마크,공용,2012-04-01,0.0
덴마크,공용,2012-05-01,1.0
덴마크,공용,2012-06-01,0.0
덴마크,공용,2012-07-01,2.0
덴마크,공용,2012-08-01,0.0
덴마크,공용,2012-09-01,2.0
덴마크,공용,2012-10-01,3.0
덴마크,공용,2012-11-01,0.0
덴마크,공용,2012-12-01,6.0
덴마크,공용,2013-01-01,3.0
덴마크,공용,2013-02-01,2.0
덴마크,공용,2013-03-01,2.0
덴마크,공용,2013-04-01,4.0
덴마크,공용,2013-05-01,1.0
덴마크,공용,2013-06-01,3.0
덴마크,공용,2013-07-01,4.0
덴마크,공용,2013-08-01,1.0
덴마크,공용,2013-09-01,2.0
덴마크,공용,2013-10-01,0.0
덴마크,공용,2013-11-01,0.0
덴마크,공용,2013-12-01,2.0
덴마크,공용,2014-01-01,3.0
덴마크,공용,2014-02-01,2.0
덴마크,공용,2014-03-01,1.0
덴마크,공용,2014-04-01,1.0
덴마크,공용,2014-05-01,0.0
덴마크,공용,2014-06-01,1.0
덴마크,공용,2014-07-01,1.0
덴마크,공용,2014-08-01,1.0
덴마크,공용,2014-09-01,2.0
덴마크,공용,2014-10-01,3.0
덴마크,공용,2014-11-01,2.0
덴마크,공용,2014-12-01,2.0
덴마크,공용,2015-01-01,4.0
덴마크,공용,2015-02-01,3.0
덴마크,공용,2015-03-01,3.0
덴마크,공용,2015-04-01,1.0
덴마크,공용,2015-05-01,7.0
덴마크,공용,2015-06-01,3.0
덴마크,공용,2015-07-01,3.0
덴마크,공용,2015-08-01,4.0
덴마크,공용,2015-09-01,3.0
덴마크,공용,2015-10-01,4.0
덴마크,공용,2015-11-01,2.0
덴마크,공용,2015-12-01,2.0
덴마크,공용,2016-01-01,4.0
덴마크,공용,2016-02-01,5.0
덴마크,공용,2016-03-01,1.0
덴마크,공용,2016-04-01,2.0
덴마크,공용,2016-05-01,2.0
덴마크,공용,2016-06-01,1.0
덴마크,공용,2016-07-01,4.0
덴마크,공용,2016-08-01,2.0
덴마크,공용,2016-09-01,1.0
덴마크,공용,2016-10-01,3.0
덴마크,공용,2016-11-01,5.0
덴마크,공용,2016-12-01,2.0
덴마크,공용,2017-01-01,5.0
덴마크,공용,2017-02-01,1.0
덴마크,공용,2017-03-01,3.0
덴마크,공용,2017-04-01,2.0
덴마크,공용,2017-05-01,7.0
덴마크,공용,2017-06-01,2.0
덴마크,공용,2017-07-01,8.0
덴마크,공용,2017-08-01,5.0
덴마크,공용,2017-09-01,3.0
덴마크,공용,2017-10-01,8.0
덴마크,공용,2017-11-01,6.0
덴마크,공용,2017-12-01,4.0
덴마크,공용,2018-01-01,7.0
덴마크,공용,2018-02-01,4.0
덴마크,공용,2018-03-01,9.0
덴마크,공용,2018-04-01,5.0
덴마크,공용,2018-05-01,16.0
덴마크,공용,2018-06-01,5.0
덴마크,공용,2018-07-01,4.0
덴마크,공용,2018-08-01,11.0
덴마크,공용,2018-09-01,6.0
덴마크,공용,2018-10-01,6.0
덴마크,공용,2018-11-01,5.0
덴마크,공용,2018-12-01,6.0
덴마크,공용,2019-01-01,6.0
덴마크,공용,2019-02-01,5.0
덴마크,공용,2019-03-01,5.0
덴마크,공용,2019-04-01,10.0
덴마크,공용,2019-05-01,11.0
덴마크,공용,2019-06-01,8.0
덴마크,공용,2019-07-01,10.0
덴마크,공용,2019-08-01,10.0
덴마크,공용,2019-09-01,11.0
덴마크,공용,2019-10-01,5.0
덴마크,공용,2019-11-01,11.0
덴마크,공용,2019-12-01,5.0
덴마크,공용,2020-01-01,18.0
덴마크,공용,2020-02-01,5.0
덴마크,공용,2020-03-01,2.0
덴마크,공용,2020-04-01,0.0
덴마크,공용,2020-05-01,0.0
덴마크,공용,2020-06-01,0.0
덴마크,공용,2020-07-01,0.0
덴마크,공용,2020-08-01,4.0
덴마크,공용,2020-09-01,0.0
덴마크,공용,2020-10-01,0.0
덴마크,공용,2020-11-01,4.0
덴마크,공용,2020-12-01,0.0
덴마크,공용,2021-01-01,0.0
덴마크,공용,2021-02-01,0.0
덴마크,공용,2021-03-01,0.0
덴마크,공용,2021-04-01,0.0
덴마크,공용,2021-05-01,0.0
덴마크,공용,2021-06-01,0.0
덴마크,공용,2021-07-01,0.0
덴마크,공용,2021-08-01,4.0
덴마크,공용,2021-09-01,1.0
덴마크,공용,2021-10-01,2.0
덴마크,공용,2021-11-01,1.0
덴마크,공용,2021-12-01,0.0
덴마크,공용,2022-01-01,5.0
덴마크,공용,2022-02-01,0.0
덴마크,공용,2022-03-01,1.0
덴마크,공용,2022-04-01,0.0
덴마크,공용,2022-05-01,2.0
덴마크,공용,2022-06-01,1.0
덴마크,공용,2022-07-01,1.0
덴마크,공용,2022-08-01,3.0
덴마크,공용,2022-09-01,2.0
덴마크,공용,2022-10-01,2.0
덴마크,공용,2022-11-01,0.0
덴마크,공용,2022-12-01,1.0
덴마크,공용,2023-01-01,5.0
덴마크,공용,2023-02-01,0.0
덴마크,공용,2023-03-01,4.0
덴마크,공용,2023-04-01,3.0
덴마크,공용,2023-05-01,2.0
덴마크,공용,2023-06-01,1.0
덴마크,공용,2023-07-01,0.0
덴마크,공용,2023-08-01,4.0
덴마크,공용,2023-09-01,1.0
덴마크,공용,2023-10-01,0.0
덴마크,공용,2023-11-01,1.0
덴마크,공용,2023-12-01,1.0
덴마크,공용,2024-01-01,3.0
덴마크,공용,2024-02-01,1.0
덴마크,공용,2024-03-01,1.0
덴마크,공용,2024-04-01,0.0
덴마크,공용,2024-05-01,3.0
덴마크,공용,2024-06-01,3.0
덴마크,공용,2024-07-01,0.0
덴마크,공용,2024-08-01,7.0
덴마크,공용,2024-09-01,1.0
덴마크,공용,2024-10-01,5.0
덴마크,공용,2024-11-01,3.0
덴마크,공용,2024-12-01,5.0
덴마크,공용,2025-01-01,1.0
덴마크,공용,2025-02-01,0.0
덴마크,공용,2025-03-01,4.0
덴마크,공용,2025-04-01,0.0
덴마크,공용,2025-05-01,1.0
덴마크,관광,2005-01-01,442.0
덴마크,관광,2005-02-01,343.0
덴마크,관광,2005-03-01,470.0
덴마크,관광,2005-04-01,529.0
덴마크,관광,2005-05-01,514.0
덴마크,관광,2005-06-01,526.0
덴마크,관광,2005-07-01,448.0
덴마크,관광,2005-08-01,359.0
덴마크,관광,2005-09-01,484.0
덴마크,관광,2005-10-01,617.0
덴마크,관광,2005-11-01,516.0
덴마크,관광,2005-12-01,326.0
덴마크,관광,2006-01-01,443.0
덴마크,관광,2006-02-01,417.0
덴마크,관광,2006-03-01,552.0
덴마크,관광,2006-04-01,509.0
덴마크,관광,2006-05-01,506.0
덴마크,관광,2006-06-01,487.0
덴마크,관광,2006-07-01,510.0
덴마크,관광,2006-08-01,549.0
덴마크,관광,2006-09-01,500.0
덴마크,관광,2006-10-01,758.0
덴마크,관광,2006-11-01,548.0
덴마크,관광,2006-12-01,306.0
덴마크,관광,2007-01-01,449.0
덴마크,관광,2007-02-01,347.0
덴마크,관광,2007-03-01,537.0
덴마크,관광,2007-04-01,500.0
덴마크,관광,2007-05-01,539.0
덴마크,관광,2007-06-01,552.0
덴마크,관광,2007-07-01,614.0
덴마크,관광,2007-08-01,436.0
덴마크,관광,2007-09-01,580.0
덴마크,관광,2007-10-01,962.0
덴마크,관광,2007-11-01,515.0
덴마크,관광,2007-12-01,342.0
덴마크,관광,2008-01-01,608.0
덴마크,관광,2008-02-01,419.0
덴마크,관광,2008-03-01,517.0
덴마크,관광,2008-04-01,562.0
덴마크,관광,2008-05-01,557.0
덴마크,관광,2008-06-01,647.0
덴마크,관광,2008-07-01,643.0
덴마크,관광,2008-08-01,436.0
덴마크,관광,2008-09-01,640.0
덴마크,관광,2008-10-01,844.0
덴마크,관광,2008-11-01,571.0
덴마크,관광,2008-12-01,307.0
덴마크,관광,2009-01-01,423.0
덴마크,관광,2009-02-01,406.0
덴마크,관광,2009-03-01,583.0
덴마크,관광,2009-04-01,450.0
덴마크,관광,2009-05-01,480.0
덴마크,관광,2009-06-01,504.0
덴마크,관광,2009-07-01,513.0
덴마크,관광,2009-08-01,461.0
덴마크,관광,2009-09-01,594.0
덴마크,관광,2009-10-01,820.0
덴마크,관광,2009-11-01,529.0
덴마크,관광,2009-12-01,262.0
덴마크,관광,2010-01-01,378.0
덴마크,관광,2010-02-01,338.0
덴마크,관광,2010-03-01,576.0
덴마크,관광,2010-04-01,465.0
덴마크,관광,2010-05-01,531.0
덴마크,관광,2010-06-01,636.0
덴마크,관광,2010-07-01,663.0
덴마크,관광,2010-08-01,466.0
덴마크,관광,2010-09-01,587.0
덴마크,관광,2010-10-01,782.0
덴마크,관광,2010-11-01,621.0
덴마크,관광,2010-12-01,327.0
덴마크,관광,2011-01-01,405.0
덴마크,관광,2011-02-01,325.0
덴마크,관광,2011-03-01,601.0
덴마크,관광,2011-04-01,597.0
덴마크,관광,2011-05-01,717.0
덴마크,관광,2011-06-01,566.0
덴마크,관광,2011-07-01,530.0
덴마크,관광,2011-08-01,527.0
덴마크,관광,2011-09-01,506.0
덴마크,관광,2011-10-01,962.0
덴마크,관광,2011-11-01,588.0
덴마크,관광,2011-12-01,349.0
덴마크,관광,2012-01-01,445.0
덴마크,관광,2012-02-01,510.0
덴마크,관광,2012-03-01,581.0
덴마크,관광,2012-04-01,566.0
덴마크,관광,2012-05-01,757.0
덴마크,관광,2012-06-01,626.0
덴마크,관광,2012-07-01,591.0
덴마크,관광,2012-08-01,450.0
덴마크,관광,2012-09-01,701.0
덴마크,관광,2012-10-01,777.0
덴마크,관광,2012-11-01,656.0
덴마크,관광,2012-12-01,380.0
덴마크,관광,2013-01-01,491.0
덴마크,관광,2013-02-01,477.0
덴마크,관광,2013-03-01,614.0
덴마크,관광,2013-04-01,634.0
덴마크,관광,2013-05-01,628.0
덴마크,관광,2013-06-01,731.0
덴마크,관광,2013-07-01,740.0
덴마크,관광,2013-08-01,528.0
덴마크,관광,2013-09-01,683.0
덴마크,관광,2013-10-01,960.0
덴마크,관광,2013-11-01,609.0
덴마크,관광,2013-12-01,403.0
덴마크,관광,2014-01-01,562.0
덴마크,관광,2014-02-01,495.0
덴마크,관광,2014-03-01,756.0
덴마크,관광,2014-04-01,831.0
덴마크,관광,2014-05-01,757.0
덴마크,관광,2014-06-01,672.0
덴마크,관광,2014-07-01,653.0
덴마크,관광,2014-08-01,571.0
덴마크,관광,2014-09-01,728.0
덴마크,관광,2014-10-01,1177.0
덴마크,관광,2014-11-01,728.0
덴마크,관광,2014-12-01,385.0
덴마크,관광,2015-01-01,573.0
덴마크,관광,2015-02-01,458.0
덴마크,관광,2015-03-01,809.0
덴마크,관광,2015-04-01,926.0
덴마크,관광,2015-05-01,799.0
덴마크,관광,2015-06-01,650.0
덴마크,관광,2015-07-01,719.0
덴마크,관광,2015-08-01,550.0
덴마크,관광,2015-09-01,724.0
덴마크,관광,2015-10-01,1186.0
덴마크,관광,2015-11-01,714.0
덴마크,관광,2015-12-01,480.0
덴마크,관광,2016-01-01,549.0
덴마크,관광,2016-02-01,496.0
덴마크,관광,2016-03-01,763.0
덴마크,관광,2016-04-01,712.0
덴마크,관광,2016-05-01,852.0
덴마크,관광,2016-06-01,738.0
덴마크,관광,2016-07-01,895.0
덴마크,관광,2016-08-01,642.0
덴마크,관광,2016-09-01,758.0
덴마크,관광,2016-10-01,1185.0
덴마크,관광,2016-11-01,718.0
덴마크,관광,2016-12-01,481.0
덴마크,관광,2017-01-01,604.0
덴마크,관광,2017-02-01,540.0
덴마크,관광,2017-03-01,810.0
덴마크,관광,2017-04-01,821.0
덴마크,관광,2017-05-01,702.0
덴마크,관광,2017-06-01,767.0
덴마크,관광,2017-07-01,852.0
덴마크,관광,2017-08-01,628.0
덴마크,관광,2017-09-01,942.0
덴마크,관광,2017-10-01,1073.0
덴마크,관광,2017-11-01,735.0
덴마크,관광,2017-12-01,435.0
덴마크,관광,2018-01-01,517.0
덴마크,관광,2018-02-01,592.0
덴마크,관광,2018-03-01,962.0
덴마크,관광,2018-04-01,965.0
덴마크,관광,2018-05-01,824.0
덴마크,관광,2018-06-01,714.0
덴마크,관광,2018-07-01,1051.0
덴마크,관광,2018-08-01,682.0
덴마크,관광,2018-09-01,890.0
덴마크,관광,2018-10-01,1314.0
덴마크,관광,2018-11-01,761.0
덴마크,관광,2018-12-01,497.0
덴마크,관광,2019-01-01,520.0
덴마크,관광,2019-02-01,469.0
덴마크,관광,2019-03-01,813.0
덴마크,관광,2019-04-01,1196.0
덴마크,관광,2019-05-01,979.0
덴마크,관광,2019-06-01,767.0
덴마크,관광,2019-07-01,1348.0
덴마크,관광,2019-08-01,728.0
덴마크,관광,2019-09-01,1101.0
덴마크,관광,2019-10-01,1559.0
덴마크,관광,2019-11-01,907.0
덴마크,관광,2019-12-01,583.0
덴마크,관광,2020-01-01,484.0
덴마크,관광,2020-02-01,500.0
덴마크,관광,2020-03-01,91.0
덴마크,관광,2020-04-01,5.0
덴마크,관광,2020-05-01,9.0
덴마크,관광,2020-06-01,17.0
덴마크,관광,2020-07-01,21.0
덴마크,관광,2020-08-01,7.0
덴마크,관광,2020-09-01,5.0
덴마크,관광,2020-10-01,5.0
덴마크,관광,2020-11-01,8.0
덴마크,관광,2020-12-01,5.0
덴마크,관광,2021-01-01,13.0
덴마크,관광,2021-02-01,3.0
덴마크,관광,2021-03-01,4.0
덴마크,관광,2021-04-01,3.0
덴마크,관광,2021-05-01,4.0
덴마크,관광,2021-06-01,17.0
덴마크,관광,2021-07-01,18.0
덴마크,관광,2021-08-01,9.0
덴마크,관광,2021-09-01,34.0
덴마크,관광,2021-10-01,111.0
덴마크,관광,2021-11-01,102.0
덴마크,관광,2021-12-01,48.0
덴마크,관광,2022-01-01,46.0
덴마크,관광,2022-02-01,60.0
덴마크,관광,2022-03-01,53.0
덴마크,관광,2022-04-01,344.0
덴마크,관광,2022-05-01,369.0
덴마크,관광,2022-06-01,394.0
덴마크,관광,2022-07-01,510.0
덴마크,관광,2022-08-01,501.0
덴마크,관광,2022-09-01,628.0
덴마크,관광,2022-10-01,956.0
덴마크,관광,2022-11-01,649.0
덴마크,관광,2022-12-01,415.0
덴마크,관광,2023-01-01,361.0
덴마크,관광,2023-02-01,347.0
덴마크,관광,2023-03-01,1201.0
덴마크,관광,2023-04-01,1223.0
덴마크,관광,2023-05-01,886.0
덴마크,관광,2023-06-01,817.0
덴마크,관광,2023-07-01,1876.0
덴마크,관광,2023-08-01,766.0
덴마크,관광,2023-09-01,1169.0
덴마크,관광,2023-10-01,1661.0
덴마크,관광,2023-11-01,959.0
덴마크,관광,2023-12-01,500.0
덴마크,관광,2024-01-01,565.0
덴마크,관광,2024-02-01,448.0
덴마크,관광,2024-03-01,1571.0
덴마크,관광,2024-04-01,1404.0
덴마크,관광,2024-05-01,1211.0
덴마크,관광,2024-06-01,873.0
덴마크,관광,2024-07-01,1523.0
덴마크,관광,2024-08-01,1007.0
덴마크,관광,2024-09-01,1343.0
덴마크,관광,2024-10-01,1873.0
덴마크,관광,2024-11-01,1096.0
덴마크,관광,2024-12-01,705.0
덴마크,관광,2025-01-01,456.0
덴마크,관광,2025-02-01,543.0
덴마크,관광,2025-03-01,1277.0
덴마크,관광,2025-04-01,2028.0
덴마크,관광,2025-05-01,1148.0
덴마크,상용,2005-01-01,40.0
덴마크,상용,2005-02-01,26.0
덴마크,상용,2005-03-01,16.0
덴마크,상용,2005-04-01,24.0
덴마크,상용,2005-05-01,16.0
덴마크,상용,2005-06-01,26.0
덴마크,상용,2005-07-01,20.0
덴마크,상용,2005-08-01,39.0
덴마크,상용,2005-09-01,29.0
덴마크,상용,2005-10-01,27.0
덴마크,상용,2005-11-01,11.0
덴마크,상용,2005-12-01,20.0
덴마크,상용,2006-01-01,34.0
덴마크,상용,2006-02-01,23.0
덴마크,상용,2006-03-01,25.0
덴마크,상용,2006-04-01,25.0
덴마크,상용,2006-05-01,30.0
덴마크,상용,2006-06-01,32.0
덴마크,상용,2006-07-01,33.0
덴마크,상용,2006-08-01,39.0
덴마크,상용,2006-09-01,16.0
덴마크,상용,2006-10-01,36.0
덴마크,상용,2006-11-01,18.0
덴마크,상용,2006-12-01,24.0
덴마크,상용,2007-01-01,50.0
덴마크,상용,2007-02-01,31.0
덴마크,상용,2007-03-01,40.0
덴마크,상용,2007-04-01,30.0
덴마크,상용,2007-05-01,36.0
덴마크,상용,2007-06-01,36.0
덴마크,상용,2007-07-01,37.0
덴마크,상용,2007-08-01,48.0
덴마크,상용,2007-09-01,39.0
덴마크,상용,2007-10-01,32.0
덴마크,상용,2007-11-01,29.0
덴마크,상용,2007-12-01,33.0
덴마크,상용,2008-01-01,54.0
덴마크,상용,2008-02-01,37.0
덴마크,상용,2008-03-01,25.0
덴마크,상용,2008-04-01,37.0
덴마크,상용,2008-05-01,34.0
덴마크,상용,2008-06-01,33.0
덴마크,상용,2008-07-01,34.0
덴마크,상용,2008-08-01,55.0
덴마크,상용,2008-09-01,46.0
덴마크,상용,2008-10-01,44.0
덴마크,상용,2008-11-01,39.0
덴마크,상용,2008-12-01,31.0
덴마크,상용,2009-01-01,52.0
덴마크,상용,2009-02-01,26.0
덴마크,상용,2009-03-01,37.0
덴마크,상용,2009-04-01,32.0
덴마크,상용,2009-05-01,27.0
덴마크,상용,2009-06-01,31.0
덴마크,상용,2009-07-01,22.0
덴마크,상용,2009-08-01,34.0
덴마크,상용,2009-09-01,29.0
덴마크,상용,2009-10-01,31.0
덴마크,상용,2009-11-01,25.0
덴마크,상용,2009-12-01,19.0
덴마크,상용,2010-01-01,28.0
덴마크,상용,2010-02-01,21.0
덴마크,상용,2010-03-01,29.0
덴마크,상용,2010-04-01,23.0
덴마크,상용,2010-05-01,26.0
덴마크,상용,2010-06-01,29.0
덴마크,상용,2010-07-01,23.0
덴마크,상용,2010-08-01,34.0
덴마크,상용,2010-09-01,32.0
덴마크,상용,2010-10-01,23.0
덴마크,상용,2010-11-01,29.0
덴마크,상용,2010-12-01,24.0
덴마크,상용,2011-01-01,42.0
덴마크,상용,2011-02-01,28.0
덴마크,상용,2011-03-01,31.0
덴마크,상용,2011-04-01,25.0
덴마크,상용,2011-05-01,28.0
덴마크,상용,2011-06-01,32.0
덴마크,상용,2011-07-01,32.0
덴마크,상용,2011-08-01,37.0
덴마크,상용,2011-09-01,23.0
덴마크,상용,2011-10-01,40.0
덴마크,상용,2011-11-01,30.0
덴마크,상용,2011-12-01,26.0
덴마크,상용,2012-01-01,44.0
덴마크,상용,2012-02-01,34.0
덴마크,상용,2012-03-01,39.0
덴마크,상용,2012-04-01,36.0
덴마크,상용,2012-05-01,34.0
덴마크,상용,2012-06-01,56.0
덴마크,상용,2012-07-01,43.0
덴마크,상용,2012-08-01,60.0
덴마크,상용,2012-09-01,69.0
덴마크,상용,2012-10-01,61.0
덴마크,상용,2012-11-01,53.0
덴마크,상용,2012-12-01,44.0
덴마크,상용,2013-01-01,60.0
덴마크,상용,2013-02-01,49.0
덴마크,상용,2013-03-01,59.0
덴마크,상용,2013-04-01,58.0
덴마크,상용,2013-05-01,70.0
덴마크,상용,2013-06-01,68.0
덴마크,상용,2013-07-01,74.0
덴마크,상용,2013-08-01,86.0
덴마크,상용,2013-09-01,78.0
덴마크,상용,2013-10-01,76.0
덴마크,상용,2013-11-01,62.0
덴마크,상용,2013-12-01,65.0
덴마크,상용,2014-01-01,75.0
덴마크,상용,2014-02-01,67.0
덴마크,상용,2014-03-01,69.0
덴마크,상용,2014-04-01,80.0
덴마크,상용,2014-05-01,86.0
덴마크,상용,2014-06-01,68.0
덴마크,상용,2014-07-01,69.0
덴마크,상용,2014-08-01,87.0
덴마크,상용,2014-09-01,74.0
덴마크,상용,2014-10-01,79.0
덴마크,상용,2014-11-01,86.0
덴마크,상용,2014-12-01,75.0
덴마크,상용,2015-01-01,79.0
덴마크,상용,2015-02-01,66.0
덴마크,상용,2015-03-01,88.0
덴마크,상용,2015-04-01,79.0
덴마크,상용,2015-05-01,92.0
덴마크,상용,2015-06-01,70.0
덴마크,상용,2015-07-01,64.0
덴마크,상용,2015-08-01,107.0
덴마크,상용,2015-09-01,81.0
덴마크,상용,2015-10-01,85.0
덴마크,상용,2015-11-01,86.0
덴마크,상용,2015-12-01,56.0
덴마크,상용,2016-01-01,98.0
덴마크,상용,2016-02-01,77.0
덴마크,상용,2016-03-01,63.0
덴마크,상용,2016-04-01,69.0
덴마크,상용,2016-05-01,57.0
덴마크,상용,2016-06-01,38.0
덴마크,상용,2016-07-01,46.0
덴마크,상용,2016-08-01,48.0
덴마크,상용,2016-09-01,36.0
덴마크,상용,2016-10-01,35.0
덴마크,상용,2016-11-01,38.0
덴마크,상용,2016-12-01,31.0
덴마크,상용,2017-01-01,42.0
덴마크,상용,2017-02-01,30.0
덴마크,상용,2017-03-01,30.0
덴마크,상용,2017-04-01,32.0
덴마크,상용,2017-05-01,33.0
덴마크,상용,2017-06-01,22.0
덴마크,상용,2017-07-01,23.0
덴마크,상용,2017-08-01,13.0
덴마크,상용,2017-09-01,23.0
덴마크,상용,2017-10-01,19.0
덴마크,상용,2017-11-01,17.0
덴마크,상용,2017-12-01,17.0
덴마크,상용,2018-01-01,24.0
덴마크,상용,2018-02-01,18.0
덴마크,상용,2018-03-01,15.0
덴마크,상용,2018-04-01,24.0
덴마크,상용,2018-05-01,17.0
덴마크,상용,2018-06-01,19.0
덴마크,상용,2018-07-01,14.0
덴마크,상용,2018-08-01,20.0
덴마크,상용,2018-09-01,17.0
덴마크,상용,2018-10-01,8.0
덴마크,상용,2018-11-01,9.0
덴마크,상용,2018-12-01,10.0
덴마크,상용,2019-01-01,21.0
덴마크,상용,2019-02-01,12.0
덴마크,상용,2019-03-01,11.0
덴마크,상용,2019-04-01,16.0
덴마크,상용,2019-05-01,14.0
덴마크,상용,2019-06-01,7.0
덴마크,상용,2019-07-01,8.0
덴마크,상용,2019-08-01,13.0
덴마크,상용,2019-09-01,12.0
덴마크,상용,2019-10-01,12.0
덴마크,상용,2019-11-01,11.0
덴마크,상용,2019-12-01,11.0
덴마크,상용,2020-01-01,19.0
덴마크,상용,2020-02-01,7.0
덴마크,상용,2020-03-01,0.0
덴마크,상용,2020-04-01,1.0
덴마크,상용,2020-05-01,2.0
덴마크,상용,2020-06-01,1.0
덴마크,상용,2020-07-01,2.0
덴마크,상용,2020-08-01,9.0
덴마크,상용,2020-09-01,5.0
덴마크,상용,2020-10-01,9.0
덴마크,상용,2020-11-01,6.0
덴마크,상용,2020-12-01,4.0
덴마크,상용,2021-01-01,2.0
덴마크,상용,2021-02-01,7.0
덴마크,상용,2021-03-01,3.0
덴마크,상용,2021-04-01,3.0
덴마크,상용,2021-05-01,4.0
덴마크,상용,2021-06-01,11.0
덴마크,상용,2021-07-01,8.0
덴마크,상용,2021-08-01,19.0
덴마크,상용,2021-09-01,9.0
덴마크,상용,2021-10-01,5.0
덴마크,상용,2021-11-01,2.0
덴마크,상용,2021-12-01,3.0
덴마크,상용,2022-01-01,7.0
덴마크,상용,2022-02-01,3.0
덴마크,상용,2022-03-01,4.0
덴마크,상용,2022-04-01,3.0
덴마크,상용,2022-05-01,6.0
덴마크,상용,2022-06-01,5.0
덴마크,상용,2022-07-01,10.0
덴마크,상용,2022-08-01,7.0
덴마크,상용,2022-09-01,11.0
덴마크,상용,2022-10-01,12.0
덴마크,상용,2022-11-01,9.0
덴마크,상용,2022-12-01,6.0
덴마크,상용,2023-01-01,24.0
덴마크,상용,2023-02-01,8.0
덴마크,상용,2023-03-01,15.0
덴마크,상용,2023-04-01,6.0
덴마크,상용,2023-05-01,14.0
덴마크,상용,2023-06-01,16.0
덴마크,상용,2023-07-01,9.0
덴마크,상용,2023-08-01,23.0
덴마크,상용,2023-09-01,15.0
덴마크,상용,2023-10-01,28.0
덴마크,상용,2023-11-01,22.0
덴마크,상용,2023-12-01,17.0
덴마크,상용,2024-01-01,20.0
덴마크,상용,2024-02-01,16.0
덴마크,상용,2024-03-01,22.0
덴마크,상용,2024-04-01,13.0
덴마크,상용,2024-05-01,18.0
덴마크,상용,2024-06-01,20.0
덴마크,상용,2024-07-01,14.0
덴마크,상용,2024-08-01,28.0
덴마크,상용,2024-09-01,28.0
덴마크,상용,2024-10-01,30.0
덴마크,상용,2024-11-01,30.0
덴마크,상용,2024-12-01,23.0
덴마크,상용,2025-01-01,32.0
덴마크,상용,2025-02-01,22.0
덴마크,상용,2025-03-01,21.0
덴마크,상용,2025-04-01,23.0
덴마크,상용,2025-05-01,17.0
덴마크,유학연수,2005-01-01,1.0
덴마크,유학연수,2005-02-01,3.0
덴마크,유학연수,2005-03-01,2.0
덴마크,유학연수,2005-04-01,0.0
덴마크,유학연수,2005-05-01,1.0
덴마크,유학연수,2005-06-01,3.0
덴마크,유학연수,2005-07-01,1.0
덴마크,유학연수,2005-08-01,9.0
덴마크,유학연수,2005-09-01,1.0
덴마크,유학연수,2005-10-01,6.0
덴마크,유학연수,2005-11-01,5.0
덴마크,유학연수,2005-12-01,1.0
덴마크,유학연수,2006-01-01,2.0
덴마크,유학연수,2006-02-01,1.0
덴마크,유학연수,2006-03-01,1.0
덴마크,유학연수,2006-04-01,1.0
덴마크,유학연수,2006-05-01,0.0
덴마크,유학연수,2006-06-01,2.0
덴마크,유학연수,2006-07-01,0.0
덴마크,유학연수,2006-08-01,7.0
덴마크,유학연수,2006-09-01,2.0
덴마크,유학연수,2006-10-01,3.0
덴마크,유학연수,2006-11-01,0.0
덴마크,유학연수,2006-12-01,3.0
덴마크,유학연수,2007-01-01,1.0
덴마크,유학연수,2007-02-01,6.0
덴마크,유학연수,2007-03-01,1.0
덴마크,유학연수,2007-04-01,0.0
덴마크,유학연수,2007-05-01,3.0
덴마크,유학연수,2007-06-01,0.0
덴마크,유학연수,2007-07-01,2.0
덴마크,유학연수,2007-08-01,13.0
덴마크,유학연수,2007-09-01,4.0
덴마크,유학연수,2007-10-01,2.0
덴마크,유학연수,2007-11-01,5.0
덴마크,유학연수,2007-12-01,2.0
덴마크,유학연수,2008-01-01,3.0
덴마크,유학연수,2008-02-01,3.0
덴마크,유학연수,2008-03-01,2.0
덴마크,유학연수,2008-04-01,0.0
덴마크,유학연수,2008-05-01,0.0
덴마크,유학연수,2008-06-01,3.0
덴마크,유학연수,2008-07-01,1.0
덴마크,유학연수,2008-08-01,9.0
덴마크,유학연수,2008-09-01,2.0
덴마크,유학연수,2008-10-01,1.0
덴마크,유학연수,2008-11-01,6.0
덴마크,유학연수,2008-12-01,2.0
덴마크,유학연수,2009-01-01,4.0
덴마크,유학연수,2009-02-01,7.0
덴마크,유학연수,2009-03-01,0.0
덴마크,유학연수,2009-04-01,0.0
덴마크,유학연수,2009-05-01,2.0
덴마크,유학연수,2009-06-01,3.0
덴마크,유학연수,2009-07-01,3.0
덴마크,유학연수,2009-08-01,22.0
덴마크,유학연수,2009-09-01,1.0
덴마크,유학연수,2009-10-01,6.0
덴마크,유학연수,2009-11-01,15.0
덴마크,유학연수,2009-12-01,6.0
덴마크,유학연수,2010-01-01,5.0
덴마크,유학연수,2010-02-01,7.0
덴마크,유학연수,2010-03-01,0.0
덴마크,유학연수,2010-04-01,3.0
덴마크,유학연수,2010-05-01,6.0
덴마크,유학연수,2010-06-01,4.0
덴마크,유학연수,2010-07-01,2.0
덴마크,유학연수,2010-08-01,29.0
덴마크,유학연수,2010-09-01,3.0
덴마크,유학연수,2010-10-01,4.0
덴마크,유학연수,2010-11-01,6.0
덴마크,유학연수,2010-12-01,6.0
덴마크,유학연수,2011-01-01,11.0
덴마크,유학연수,2011-02-01,13.0
덴마크,유학연수,2011-03-01,3.0
덴마크,유학연수,2011-04-01,1.0
덴마크,유학연수,2011-05-01,8.0
덴마크,유학연수,2011-06-01,5.0
덴마크,유학연수,2011-07-01,10.0
덴마크,유학연수,2011-08-01,33.0
덴마크,유학연수,2011-09-01,1.0
덴마크,유학연수,2011-10-01,7.0
덴마크,유학연수,2011-11-01,6.0
덴마크,유학연수,2011-12-01,5.0
덴마크,유학연수,2012-01-01,12.0
덴마크,유학연수,2012-02-01,19.0
덴마크,유학연수,2012-03-01,4.0
덴마크,유학연수,2012-04-01,1.0
덴마크,유학연수,2012-05-01,8.0
덴마크,유학연수,2012-06-01,5.0
덴마크,유학연수,2012-07-01,7.0
덴마크,유학연수,2012-08-01,53.0
덴마크,유학연수,2012-09-01,2.0
덴마크,유학연수,2012-10-01,14.0
덴마크,유학연수,2012-11-01,14.0
덴마크,유학연수,2012-12-01,9.0
덴마크,유학연수,2013-01-01,7.0
덴마크,유학연수,2013-02-01,24.0
덴마크,유학연수,2013-03-01,5.0
덴마크,유학연수,2013-04-01,9.0
덴마크,유학연수,2013-05-01,11.0
덴마크,유학연수,2013-06-01,4.0
덴마크,유학연수,2013-07-01,11.0
덴마크,유학연수,2013-08-01,55.0
덴마크,유학연수,2013-09-01,4.0
덴마크,유학연수,2013-10-01,13.0
덴마크,유학연수,2013-11-01,8.0
덴마크,유학연수,2013-12-01,8.0
덴마크,유학연수,2014-01-01,22.0
덴마크,유학연수,2014-02-01,32.0
덴마크,유학연수,2014-03-01,2.0
덴마크,유학연수,2014-04-01,9.0
덴마크,유학연수,2014-05-01,18.0
덴마크,유학연수,2014-06-01,9.0
덴마크,유학연수,2014-07-01,9.0
덴마크,유학연수,2014-08-01,81.0
덴마크,유학연수,2014-09-01,3.0
덴마크,유학연수,2014-10-01,7.0
덴마크,유학연수,2014-11-01,20.0
덴마크,유학연수,2014-12-01,11.0
덴마크,유학연수,2015-01-01,16.0
덴마크,유학연수,2015-02-01,35.0
덴마크,유학연수,2015-03-01,3.0
덴마크,유학연수,2015-04-01,6.0
덴마크,유학연수,2015-05-01,9.0
덴마크,유학연수,2015-06-01,6.0
덴마크,유학연수,2015-07-01,7.0
덴마크,유학연수,2015-08-01,120.0
덴마크,유학연수,2015-09-01,17.0
덴마크,유학연수,2015-10-01,15.0
덴마크,유학연수,2015-11-01,44.0
덴마크,유학연수,2015-12-01,17.0
덴마크,유학연수,2016-01-01,16.0
덴마크,유학연수,2016-02-01,37.0
덴마크,유학연수,2016-03-01,1.0
덴마크,유학연수,2016-04-01,9.0
덴마크,유학연수,2016-05-01,8.0
덴마크,유학연수,2016-06-01,10.0
덴마크,유학연수,2016-07-01,14.0
덴마크,유학연수,2016-08-01,107.0
덴마크,유학연수,2016-09-01,10.0
덴마크,유학연수,2016-10-01,25.0
덴마크,유학연수,2016-11-01,38.0
덴마크,유학연수,2016-12-01,18.0
덴마크,유학연수,2017-01-01,20.0
덴마크,유학연수,2017-02-01,51.0
덴마크,유학연수,2017-03-01,1.0
덴마크,유학연수,2017-04-01,3.0
덴마크,유학연수,2017-05-01,8.0
덴마크,유학연수,2017-06-01,8.0
덴마크,유학연수,2017-07-01,14.0
덴마크,유학연수,2017-08-01,136.0
덴마크,유학연수,2017-09-01,5.0
덴마크,유학연수,2017-10-01,45.0
덴마크,유학연수,2017-11-01,47.0
덴마크,유학연수,2017-12-01,22.0
덴마크,유학연수,2018-01-01,20.0
덴마크,유학연수,2018-02-01,57.0
덴마크,유학연수,2018-03-01,11.0
덴마크,유학연수,2018-04-01,7.0
덴마크,유학연수,2018-05-01,28.0
덴마크,유학연수,2018-06-01,11.0
덴마크,유학연수,2018-07-01,17.0
덴마크,유학연수,2018-08-01,129.0
덴마크,유학연수,2018-09-01,16.0
덴마크,유학연수,2018-10-01,16.0
덴마크,유학연수,2018-11-01,30.0
덴마크,유학연수,2018-12-01,28.0
덴마크,유학연수,2019-01-01,16.0
덴마크,유학연수,2019-02-01,77.0
덴마크,유학연수,2019-03-01,10.0
덴마크,유학연수,2019-04-01,14.0
덴마크,유학연수,2019-05-01,29.0
덴마크,유학연수,2019-06-01,27.0
덴마크,유학연수,2019-07-01,15.0
덴마크,유학연수,2019-08-01,162.0
덴마크,유학연수,2019-09-01,8.0
덴마크,유학연수,2019-10-01,39.0
덴마크,유학연수,2019-11-01,59.0
덴마크,유학연수,2019-12-01,25.0
덴마크,유학연수,2020-01-01,15.0
덴마크,유학연수,2020-02-01,54.0
덴마크,유학연수,2020-03-01,10.0
덴마크,유학연수,2020-04-01,0.0
덴마크,유학연수,2020-05-01,0.0
덴마크,유학연수,2020-06-01,1.0
덴마크,유학연수,2020-07-01,6.0
덴마크,유학연수,2020-08-01,58.0
덴마크,유학연수,2020-09-01,3.0
덴마크,유학연수,2020-10-01,0.0
덴마크,유학연수,2020-11-01,0.0
덴마크,유학연수,2020-12-01,1.0
덴마크,유학연수,2021-01-01,13.0
덴마크,유학연수,2021-02-01,39.0
덴마크,유학연수,2021-03-01,4.0
덴마크,유학연수,2021-04-01,1.0
덴마크,유학연수,2021-05-01,0.0
덴마크,유학연수,2021-06-01,0.0
덴마크,유학연수,2021-07-01,8.0
덴마크,유학연수,2021-08-01,132.0
덴마크,유학연수,2021-09-01,9.0
덴마크,유학연수,2021-10-01,2.0
덴마크,유학연수,2021-11-01,3.0
덴마크,유학연수,2021-12-01,0.0
덴마크,유학연수,2022-01-01,12.0
덴마크,유학연수,2022-02-01,52.0
덴마크,유학연수,2022-03-01,0.0
덴마크,유학연수,2022-04-01,0.0
덴마크,유학연수,2022-05-01,4.0
덴마크,유학연수,2022-06-01,0.0
덴마크,유학연수,2022-07-01,12.0
덴마크,유학연수,2022-08-01,155.0
덴마크,유학연수,2022-09-01,4.0
덴마크,유학연수,2022-10-01,4.0
덴마크,유학연수,2022-11-01,31.0
덴마크,유학연수,2022-12-01,24.0
덴마크,유학연수,2023-01-01,28.0
덴마크,유학연수,2023-02-01,59.0
덴마크,유학연수,2023-03-01,4.0
덴마크,유학연수,2023-04-01,6.0
덴마크,유학연수,2023-05-01,20.0
덴마크,유학연수,2023-06-01,8.0
덴마크,유학연수,2023-07-01,24.0
덴마크,유학연수,2023-08-01,154.0
덴마크,유학연수,2023-09-01,5.0
덴마크,유학연수,2023-10-01,21.0
덴마크,유학연수,2023-11-01,39.0
덴마크,유학연수,2023-12-01,21.0
덴마크,유학연수,2024-01-01,30.0
덴마크,유학연수,2024-02-01,63.0
덴마크,유학연수,2024-03-01,6.0
덴마크,유학연수,2024-04-01,5.0
덴마크,유학연수,2024-05-01,20.0
덴마크,유학연수,2024-06-01,18.0
덴마크,유학연수,2024-07-01,22.0
덴마크,유학연수,2024-08-01,160.0
덴마크,유학연수,2024-09-01,11.0
덴마크,유학연수,2024-10-01,13.0
덴마크,유학연수,2024-11-01,51.0
덴마크,유학연수,2024-12-01,38.0
덴마크,유학연수,2025-01-01,26.0
덴마크,유학연수,2025-02-01,50.0
덴마크,유학연수,2025-03-01,10.0
덴마크,유학연수,2025-04-01,5.0
덴마크,유학연수,2025-05-01,25.0
독일,공용,2005-01-01,14.0
독일,공용,2005-02-01,11.0
독일,공용,2005-03-01,8.0
독일,공용,2005-04-01,6.0
독일,공용,2005-05-01,9.0
독일,공용,2005-06-01,3.0
독일,공용,2005-07-01,7.0
독일,공용,2005-08-01,19.0
독일,공용,2005-09-01,6.0
독일,공용,2005-10-01,5.0
독일,공용,2005-11-01,8.0
독일,공용,2005-12-01,2.0
독일,공용,2006-01-01,14.0
독일,공용,2006-02-01,18.0
독일,공용,2006-03-01,13.0
독일,공용,2006-04-01,13.0
독일,공용,2006-05-01,8.0
독일,공용,2006-06-01,11.0
독일,공용,2006-07-01,9.0
독일,공용,2006-08-01,22.0
독일,공용,2006-09-01,9.0
독일,공용,2006-10-01,17.0
독일,공용,2006-11-01,10.0
독일,공용,2006-12-01,3.0
독일,공용,2007-01-01,20.0
독일,공용,2007-02-01,17.0
독일,공용,2007-03-01,10.0
독일,공용,2007-04-01,17.0
독일,공용,2007-05-01,19.0
독일,공용,2007-06-01,13.0
독일,공용,2007-07-01,9.0
독일,공용,2007-08-01,26.0
독일,공용,2007-09-01,8.0
독일,공용,2007-10-01,14.0
독일,공용,2007-11-01,14.0
독일,공용,2007-12-01,6.0
독일,공용,2008-01-01,23.0
독일,공용,2008-02-01,13.0
독일,공용,2008-03-01,19.0
독일,공용,2008-04-01,16.0
독일,공용,2008-05-01,15.0
독일,공용,2008-06-01,9.0
독일,공용,2008-07-01,12.0
독일,공용,2008-08-01,52.0
독일,공용,2008-09-01,7.0
독일,공용,2008-10-01,10.0
독일,공용,2008-11-01,11.0
독일,공용,2008-12-01,6.0
독일,공용,2009-01-01,23.0
독일,공용,2009-02-01,17.0
독일,공용,2009-03-01,12.0
독일,공용,2009-04-01,16.0
독일,공용,2009-05-01,14.0
독일,공용,2009-06-01,15.0
독일,공용,2009-07-01,16.0
독일,공용,2009-08-01,54.0
독일,공용,2009-09-01,12.0
독일,공용,2009-10-01,15.0
독일,공용,2009-11-01,21.0
독일,공용,2009-12-01,9.0
독일,공용,2010-01-01,24.0
독일,공용,2010-02-01,12.0
독일,공용,2010-03-01,10.0
독일,공용,2010-04-01,20.0
독일,공용,2010-05-01,13.0
독일,공용,2010-06-01,14.0
독일,공용,2010-07-01,6.0
독일,공용,2010-08-01,24.0
독일,공용,2010-09-01,7.0
독일,공용,2010-10-01,22.0
독일,공용,2010-11-01,35.0
독일,공용,2010-12-01,12.0
독일,공용,2011-01-01,19.0
독일,공용,2011-02-01,17.0
독일,공용,2011-03-01,7.0
독일,공용,2011-04-01,7.0
독일,공용,2011-05-01,12.0
독일,공용,2011-06-01,10.0
독일,공용,2011-07-01,7.0
독일,공용,2011-08-01,12.0
독일,공용,2011-09-01,3.0
독일,공용,2011-10-01,10.0
독일,공용,2011-11-01,5.0
독일,공용,2011-12-01,3.0
독일,공용,2012-01-01,5.0
독일,공용,2012-02-01,4.0
독일,공용,2012-03-01,14.0
독일,공용,2012-04-01,5.0
독일,공용,2012-05-01,10.0
독일,공용,2012-06-01,6.0
독일,공용,2012-07-01,9.0
독일,공용,2012-08-01,20.0
독일,공용,2012-09-01,10.0
독일,공용,2012-10-01,9.0
독일,공용,2012-11-01,10.0
독일,공용,2012-12-01,5.0
독일,공용,2013-01-01,9.0
독일,공용,2013-02-01,9.0
독일,공용,2013-03-01,8.0
독일,공용,2013-04-01,7.0
독일,공용,2013-05-01,6.0
독일,공용,2013-06-01,13.0
독일,공용,2013-07-01,13.0
독일,공용,2013-08-01,17.0
독일,공용,2013-09-01,9.0
독일,공용,2013-10-01,3.0
독일,공용,2013-11-01,13.0
독일,공용,2013-12-01,9.0
독일,공용,2014-01-01,16.0
독일,공용,2014-02-01,11.0
독일,공용,2014-03-01,12.0
독일,공용,2014-04-01,18.0
독일,공용,2014-05-01,15.0
독일,공용,2014-06-01,10.0
독일,공용,2014-07-01,17.0
독일,공용,2014-08-01,14.0
독일,공용,2014-09-01,15.0
독일,공용,2014-10-01,25.0
독일,공용,2014-11-01,17.0
독일,공용,2014-12-01,6.0
독일,공용,2015-01-01,11.0
독일,공용,2015-02-01,11.0
독일,공용,2015-03-01,15.0
독일,공용,2015-04-01,16.0
독일,공용,2015-05-01,15.0
독일,공용,2015-06-01,9.0
독일,공용,2015-07-01,19.0
독일,공용,2015-08-01,20.0
독일,공용,2015-09-01,18.0
독일,공용,2015-10-01,30.0
독일,공용,2015-11-01,17.0
독일,공용,2015-12-01,9.0
독일,공용,2016-01-01,21.0
독일,공용,2016-02-01,13.0
독일,공용,2016-03-01,12.0
독일,공용,2016-04-01,12.0
독일,공용,2016-05-01,10.0
독일,공용,2016-06-01,28.0
독일,공용,2016-07-01,18.0
독일,공용,2016-08-01,19.0
독일,공용,2016-09-01,17.0
독일,공용,2016-10-01,33.0
독일,공용,2016-11-01,15.0
독일,공용,2016-12-01,19.0
독일,공용,2017-01-01,27.0
독일,공용,2017-02-01,16.0
독일,공용,2017-03-01,14.0
독일,공용,2017-04-01,19.0
독일,공용,2017-05-01,15.0
독일,공용,2017-06-01,30.0
독일,공용,2017-07-01,22.0
독일,공용,2017-08-01,27.0
독일,공용,2017-09-01,19.0
독일,공용,2017-10-01,30.0
독일,공용,2017-11-01,27.0
독일,공용,2017-12-01,15.0
독일,공용,2018-01-01,28.0
독일,공용,2018-02-01,81.0
독일,공용,2018-03-01,23.0
독일,공용,2018-04-01,30.0
독일,공용,2018-05-01,30.0
독일,공용,2018-06-01,25.0
독일,공용,2018-07-01,21.0
독일,공용,2018-08-01,26.0
독일,공용,2018-09-01,28.0
독일,공용,2018-10-01,42.0
독일,공용,2018-11-01,27.0
독일,공용,2018-12-01,17.0
독일,공용,2019-01-01,19.0
독일,공용,2019-02-01,15.0
독일,공용,2019-03-01,29.0
독일,공용,2019-04-01,28.0
독일,공용,2019-05-01,23.0
독일,공용,2019-06-01,25.0
독일,공용,2019-07-01,29.0
독일,공용,2019-08-01,24.0
독일,공용,2019-09-01,21.0
독일,공용,2019-10-01,28.0
독일,공용,2019-11-01,38.0
독일,공용,2019-12-01,21.0
독일,공용,2020-01-01,34.0
독일,공용,2020-02-01,19.0
독일,공용,2020-03-01,8.0
독일,공용,2020-04-01,2.0
독일,공용,2020-05-01,3.0
독일,공용,2020-06-01,2.0
독일,공용,2020-07-01,10.0
독일,공용,2020-08-01,20.0
독일,공용,2020-09-01,8.0
독일,공용,2020-10-01,6.0
독일,공용,2020-11-01,3.0
독일,공용,2020-12-01,2.0
독일,공용,2021-01-01,11.0
독일,공용,2021-02-01,2.0
독일,공용,2021-03-01,1.0
독일,공용,2021-04-01,4.0
독일,공용,2021-05-01,9.0
독일,공용,2021-06-01,2.0
독일,공용,2021-07-01,3.0
독일,공용,2021-08-01,33.0
독일,공용,2021-09-01,8.0
독일,공용,2021-10-01,18.0
독일,공용,2021-11-01,10.0
독일,공용,2021-12-01,15.0
독일,공용,2022-01-01,16.0
독일,공용,2022-02-01,5.0
독일,공용,2022-03-01,7.0
독일,공용,2022-04-01,8.0
독일,공용,2022-05-01,17.0
독일,공용,2022-06-01,10.0
독일,공용,2022-07-01,14.0
독일,공용,2022-08-01,31.0
독일,공용,2022-09-01,13.0
독일,공용,2022-10-01,26.0
독일,공용,2022-11-01,26.0
독일,공용,2022-12-01,13.0
독일,공용,2023-01-01,23.0
독일,공용,2023-02-01,15.0
독일,공용,2023-03-01,17.0
독일,공용,2023-04-01,22.0
독일,공용,2023-05-01,21.0
독일,공용,2023-06-01,18.0
독일,공용,2023-07-01,23.0
독일,공용,2023-08-01,23.0
독일,공용,2023-09-01,13.0
독일,공용,2023-10-01,13.0
독일,공용,2023-11-01,20.0
독일,공용,2023-12-01,14.0
독일,공용,2024-01-01,30.0
독일,공용,2024-02-01,13.0
독일,공용,2024-03-01,16.0
독일,공용,2024-04-01,22.0
독일,공용,2024-05-01,16.0
독일,공용,2024-06-01,21.0
독일,공용,2024-07-01,25.0
독일,공용,2024-08-01,30.0
독일,공용,2024-09-01,23.0
독일,공용,2024-10-01,12.0
독일,공용,2024-11-01,35.0
독일,공용,2024-12-01,11.0
독일,공용,2025-01-01,31.0
독일,공용,2025-02-01,14.0
독일,공용,2025-03-01,18.0
독일,공용,2025-04-01,27.0
독일,공용,2025-05-01,23.0
독일,관광,2005-01-01,4568.0
독일,관광,2005-02-01,3850.0
독일,관광,2005-03-01,5519.0
독일,관광,2005-04-01,5371.0
독일,관광,2005-05-01,4575.0
독일,관광,2005-06-01,4549.0
독일,관광,2005-07-01,4706.0
독일,관광,2005-08-01,4467.0
독일,관광,2005-09-01,5326.0
독일,관광,2005-10-01,6461.0
독일,관광,2005-11-01,5478.0
독일,관광,2005-12-01,3617.0
독일,관광,2006-01-01,4056.0
독일,관광,2006-02-01,4310.0
독일,관광,2006-03-01,5870.0
독일,관광,2006-04-01,5275.0
독일,관광,2006-05-01,5285.0
독일,관광,2006-06-01,4156.0
독일,관광,2006-07-01,4537.0
독일,관광,2006-08-01,4833.0
독일,관광,2006-09-01,5678.0
독일,관광,2006-10-01,6188.0
독일,관광,2006-11-01,5592.0
독일,관광,2006-12-01,3712.0
독일,관광,2007-01-01,4664.0
독일,관광,2007-02-01,4063.0
독일,관광,2007-03-01,6465.0
독일,관광,2007-04-01,5457.0
독일,관광,2007-05-01,5683.0
독일,관광,2007-06-01,4863.0
독일,관광,2007-07-01,5097.0
독일,관광,2007-08-01,5083.0
독일,관광,2007-09-01,5554.0
독일,관광,2007-10-01,7777.0
독일,관광,2007-11-01,5978.0
독일,관광,2007-12-01,4330.0
독일,관광,2008-01-01,5404.0
독일,관광,2008-02-01,4506.0
독일,관광,2008-03-01,5774.0
독일,관광,2008-04-01,6286.0
독일,관광,2008-05-01,5692.0
독일,관광,2008-06-01,5563.0
독일,관광,2008-07-01,5592.0
독일,관광,2008-08-01,5206.0
독일,관광,2008-09-01,6698.0
독일,관광,2008-10-01,7054.0
독일,관광,2008-11-01,6000.0
독일,관광,2008-12-01,5580.0
독일,관광,2009-01-01,6175.0
독일,관광,2009-02-01,6504.0
독일,관광,2009-03-01,7358.0
독일,관광,2009-04-01,6169.0
독일,관광,2009-05-01,5486.0
독일,관광,2009-06-01,5368.0
독일,관광,2009-07-01,5729.0
독일,관광,2009-08-01,5446.0
독일,관광,2009-09-01,6050.0
독일,관광,2009-10-01,7602.0
독일,관광,2009-11-01,6502.0
독일,관광,2009-12-01,5104.0
독일,관광,2010-01-01,5838.0
독일,관광,2010-02-01,4849.0
독일,관광,2010-03-01,7649.0
독일,관광,2010-04-01,6097.0
독일,관광,2010-05-01,5980.0
독일,관광,2010-06-01,5939.0
독일,관광,2010-07-01,6065.0
독일,관광,2010-08-01,5655.0
독일,관광,2010-09-01,6217.0
독일,관광,2010-10-01,8083.0
독일,관광,2010-11-01,6652.0
독일,관광,2010-12-01,4243.0
독일,관광,2011-01-01,4629.0
독일,관광,2011-02-01,4908.0
독일,관광,2011-03-01,6036.0
독일,관광,2011-04-01,5887.0
독일,관광,2011-05-01,6518.0
독일,관광,2011-06-01,5248.0
독일,관광,2011-07-01,5955.0
독일,관광,2011-08-01,6118.0
독일,관광,2011-09-01,6240.0
독일,관광,2011-10-01,8339.0
독일,관광,2011-11-01,7195.0
독일,관광,2011-12-01,4733.0
독일,관광,2012-01-01,4967.0
독일,관광,2012-02-01,5686.0
독일,관광,2012-03-01,7747.0
독일,관광,2012-04-01,6984.0
독일,관광,2012-05-01,6799.0
독일,관광,2012-06-01,5996.0
독일,관광,2012-07-01,6697.0
독일,관광,2012-08-01,5847.0
독일,관광,2012-09-01,6981.0
독일,관광,2012-10-01,8647.0
독일,관광,2012-11-01,6485.0
독일,관광,2012-12-01,4364.0
독일,관광,2013-01-01,5457.0
독일,관광,2013-02-01,5111.0
독일,관광,2013-03-01,7197.0
독일,관광,2013-04-01,6503.0
독일,관광,2013-05-01,6422.0
독일,관광,2013-06-01,6291.0
독일,관광,2013-07-01,6350.0
독일,관광,2013-08-01,6003.0
독일,관광,2013-09-01,7399.0
독일,관광,2013-10-01,8753.0
독일,관광,2013-11-01,6897.0
독일,관광,2013-12-01,4805.0
독일,관광,2014-01-01,5095.0
독일,관광,2014-02-01,5307.0
독일,관광,2014-03-01,7344.0
독일,관광,2014-04-01,7303.0
독일,관광,2014-05-01,6747.0
독일,관광,2014-06-01,5949.0
독일,관광,2014-07-01,6503.0
독일,관광,2014-08-01,6470.0
독일,관광,2014-09-01,7851.0
독일,관광,2014-10-01,8824.0
독일,관광,2014-11-01,6963.0
독일,관광,2014-12-01,4529.0
독일,관광,2015-01-01,4721.0
독일,관광,2015-02-01,4465.0
독일,관광,2015-03-01,8394.0
독일,관광,2015-04-01,7627.0
독일,관광,2015-05-01,6933.0
독일,관광,2015-06-01,5375.0
독일,관광,2015-07-01,5481.0
독일,관광,2015-08-01,6396.0
독일,관광,2015-09-01,8003.0
독일,관광,2015-10-01,10076.0
독일,관광,2015-11-01,7239.0
독일,관광,2015-12-01,4805.0
독일,관광,2016-01-01,5548.0
독일,관광,2016-02-01,4975.0
독일,관광,2016-03-01,9173.0
독일,관광,2016-04-01,8366.0
독일,관광,2016-05-01,7659.0
독일,관광,2016-06-01,6889.0
독일,관광,2016-07-01,7337.0
독일,관광,2016-08-01,6952.0
독일,관광,2016-09-01,8213.0
독일,관광,2016-10-01,10171.0
독일,관광,2016-11-01,7205.0
독일,관광,2016-12-01,4734.0
독일,관광,2017-01-01,4952.0
독일,관광,2017-02-01,5544.0
독일,관광,2017-03-01,8794.0
독일,관광,2017-04-01,9542.0
독일,관광,2017-05-01,7336.0
독일,관광,2017-06-01,6258.0
독일,관광,2017-07-01,7166.0
독일,관광,2017-08-01,6919.0
독일,관광,2017-09-01,8447.0
독일,관광,2017-10-01,9098.0
독일,관광,2017-11-01,7355.0
독일,관광,2017-12-01,5385.0
독일,관광,2018-01-01,5532.0
독일,관광,2018-02-01,7316.0
독일,관광,2018-03-01,9536.0
독일,관광,2018-04-01,9221.0
독일,관광,2018-05-01,7838.0
독일,관광,2018-06-01,6739.0
독일,관광,2018-07-01,7407.0
독일,관광,2018-08-01,7461.0
독일,관광,2018-09-01,9094.0
독일,관광,2018-10-01,10862.0
독일,관광,2018-11-01,7483.0
독일,관광,2018-12-01,5220.0
독일,관광,2019-01-01,4925.0
독일,관광,2019-02-01,4878.0
독일,관광,2019-03-01,9496.0
독일,관광,2019-04-01,10819.0
독일,관광,2019-05-01,8262.0
독일,관광,2019-06-01,7284.0
독일,관광,2019-07-01,7953.0
독일,관광,2019-08-01,8239.0
독일,관광,2019-09-01,10802.0
독일,관광,2019-10-01,11460.0
독일,관광,2019-11-01,7750.0
독일,관광,2019-12-01,5714.0
독일,관광,2020-01-01,4648.0
독일,관광,2020-02-01,3725.0
독일,관광,2020-03-01,611.0
독일,관광,2020-04-01,30.0
독일,관광,2020-05-01,12.0
독일,관광,2020-06-01,34.0
독일,관광,2020-07-01,31.0
독일,관광,2020-08-01,17.0
독일,관광,2020-09-01,26.0
독일,관광,2020-10-01,18.0
독일,관광,2020-11-01,25.0
독일,관광,2020-12-01,28.0
독일,관광,2021-01-01,13.0
독일,관광,2021-02-01,20.0
독일,관광,2021-03-01,41.0
독일,관광,2021-04-01,36.0
독일,관광,2021-05-01,53.0
독일,관광,2021-06-01,50.0
독일,관광,2021-07-01,135.0
독일,관광,2021-08-01,183.0
독일,관광,2021-09-01,385.0
독일,관광,2021-10-01,922.0
독일,관광,2021-11-01,928.0
독일,관광,2021-12-01,416.0
독일,관광,2022-01-01,312.0
독일,관광,2022-02-01,397.0
독일,관광,2022-03-01,531.0
독일,관광,2022-04-01,2112.0
독일,관광,2022-05-01,3243.0
독일,관광,2022-06-01,3299.0
독일,관광,2022-07-01,4116.0
독일,관광,2022-08-01,5326.0
독일,관광,2022-09-01,7109.0
독일,관광,2022-10-01,7100.0
독일,관광,2022-11-01,5048.0
독일,관광,2022-12-01,3946.0
독일,관광,2023-01-01,3246.0
독일,관광,2023-02-01,3920.0
독일,관광,2023-03-01,10262.0
독일,관광,2023-04-01,15997.0
독일,관광,2023-05-01,9716.0
독일,관광,2023-06-01,7217.0
독일,관광,2023-07-01,9806.0
독일,관광,2023-08-01,9760.0
독일,관광,2023-09-01,12845.0
독일,관광,2023-10-01,12207.0
독일,관광,2023-11-01,7661.0
독일,관광,2023-12-01,5516.0
독일,관광,2024-01-01,4563.0
독일,관광,2024-02-01,5046.0
독일,관광,2024-03-01,16684.0
독일,관광,2024-04-01,19104.0
독일,관광,2024-05-01,13076.0
독일,관광,2024-06-01,7952.0
독일,관광,2024-07-01,8817.0
독일,관광,2024-08-01,11273.0
독일,관광,2024-09-01,15030.0
독일,관광,2024-10-01,16017.0
독일,관광,2024-11-01,8581.0
독일,관광,2024-12-01,6555.0
독일,관광,2025-01-01,4352.0
독일,관광,2025-02-01,5527.0
독일,관광,2025-03-01,16159.0
독일,관광,2025-04-01,25717.0
독일,관광,2025-05-01,13352.0
독일,상용,2005-01-01,248.0
독일,상용,2005-02-01,198.0
독일,상용,2005-03-01,206.0
독일,상용,2005-04-01,233.0
독일,상용,2005-05-01,205.0
독일,상용,2005-06-01,215.0
독일,상용,2005-07-01,181.0
독일,상용,2005-08-01,235.0
독일,상용,2005-09-01,189.0
독일,상용,2005-10-01,222.0
독일,상용,2005-11-01,207.0
독일,상용,2005-12-01,182.0
독일,상용,2006-01-01,266.0
독일,상용,2006-02-01,200.0
독일,상용,2006-03-01,219.0
독일,상용,2006-04-01,225.0
독일,상용,2006-05-01,227.0
독일,상용,2006-06-01,195.0
독일,상용,2006-07-01,206.0
독일,상용,2006-08-01,228.0
독일,상용,2006-09-01,165.0
독일,상용,2006-10-01,252.0
독일,상용,2006-11-01,196.0
독일,상용,2006-12-01,177.0
독일,상용,2007-01-01,274.0
독일,상용,2007-02-01,189.0
독일,상용,2007-03-01,256.0
독일,상용,2007-04-01,227.0
독일,상용,2007-05-01,243.0
독일,상용,2007-06-01,250.0
독일,상용,2007-07-01,264.0
독일,상용,2007-08-01,243.0
독일,상용,2007-09-01,239.0
독일,상용,2007-10-01,256.0
독일,상용,2007-11-01,248.0
독일,상용,2007-12-01,195.0
독일,상용,2008-01-01,301.0
독일,상용,2008-02-01,242.0
독일,상용,2008-03-01,250.0
독일,상용,2008-04-01,223.0
독일,상용,2008-05-01,252.0
독일,상용,2008-06-01,243.0
독일,상용,2008-07-01,203.0
독일,상용,2008-08-01,253.0
독일,상용,2008-09-01,247.0
독일,상용,2008-10-01,239.0
독일,상용,2008-11-01,203.0
독일,상용,2008-12-01,159.0
독일,상용,2009-01-01,250.0
독일,상용,2009-02-01,168.0
독일,상용,2009-03-01,203.0
독일,상용,2009-04-01,200.0
독일,상용,2009-05-01,177.0
독일,상용,2009-06-01,154.0
독일,상용,2009-07-01,155.0
독일,상용,2009-08-01,209.0
독일,상용,2009-09-01,168.0
독일,상용,2009-10-01,226.0
독일,상용,2009-11-01,178.0
독일,상용,2009-12-01,149.0
독일,상용,2010-01-01,255.0
독일,상용,2010-02-01,157.0
독일,상용,2010-03-01,193.0
독일,상용,2010-04-01,191.0
독일,상용,2010-05-01,207.0
독일,상용,2010-06-01,199.0
독일,상용,2010-07-01,175.0
독일,상용,2010-08-01,217.0
독일,상용,2010-09-01,221.0
독일,상용,2010-10-01,202.0
독일,상용,2010-11-01,214.0
독일,상용,2010-12-01,176.0
독일,상용,2011-01-01,281.0
독일,상용,2011-02-01,192.0
독일,상용,2011-03-01,185.0
독일,상용,2011-04-01,197.0
독일,상용,2011-05-01,222.0
독일,상용,2011-06-01,171.0
독일,상용,2011-07-01,179.0
독일,상용,2011-08-01,192.0
독일,상용,2011-09-01,178.0
독일,상용,2011-10-01,206.0
독일,상용,2011-11-01,161.0
독일,상용,2011-12-01,162.0
독일,상용,2012-01-01,250.0
독일,상용,2012-02-01,160.0
독일,상용,2012-03-01,223.0
독일,상용,2012-04-01,191.0
독일,상용,2012-05-01,201.0
독일,상용,2012-06-01,176.0
독일,상용,2012-07-01,175.0
독일,상용,2012-08-01,199.0
독일,상용,2012-09-01,170.0
독일,상용,2012-10-01,205.0
독일,상용,2012-11-01,161.0
독일,상용,2012-12-01,154.0
독일,상용,2013-01-01,223.0
독일,상용,2013-02-01,193.0
독일,상용,2013-03-01,192.0
독일,상용,2013-04-01,204.0
독일,상용,2013-05-01,216.0
독일,상용,2013-06-01,229.0
독일,상용,2013-07-01,225.0
독일,상용,2013-08-01,249.0
독일,상용,2013-09-01,256.0
독일,상용,2013-10-01,226.0
독일,상용,2013-11-01,229.0
독일,상용,2013-12-01,205.0
독일,상용,2014-01-01,271.0
독일,상용,2014-02-01,249.0
독일,상용,2014-03-01,270.0
독일,상용,2014-04-01,228.0
독일,상용,2014-05-01,278.0
독일,상용,2014-06-01,227.0
독일,상용,2014-07-01,202.0
독일,상용,2014-08-01,260.0
독일,상용,2014-09-01,255.0
독일,상용,2014-10-01,275.0
독일,상용,2014-11-01,264.0
독일,상용,2014-12-01,203.0
독일,상용,2015-01-01,303.0
독일,상용,2015-02-01,264.0
독일,상용,2015-03-01,287.0
독일,상용,2015-04-01,254.0
독일,상용,2015-05-01,283.0
독일,상용,2015-06-01,248.0
독일,상용,2015-07-01,220.0
독일,상용,2015-08-01,265.0
독일,상용,2015-09-01,234.0
독일,상용,2015-10-01,278.0
독일,상용,2015-11-01,237.0
독일,상용,2015-12-01,206.0
독일,상용,2016-01-01,337.0
독일,상용,2016-02-01,243.0
독일,상용,2016-03-01,247.0
독일,상용,2016-04-01,268.0
독일,상용,2016-05-01,257.0
독일,상용,2016-06-01,250.0
독일,상용,2016-07-01,238.0
독일,상용,2016-08-01,273.0
독일,상용,2016-09-01,290.0
독일,상용,2016-10-01,253.0
독일,상용,2016-11-01,257.0
독일,상용,2016-12-01,211.0
독일,상용,2017-01-01,342.0
독일,상용,2017-02-01,226.0
독일,상용,2017-03-01,261.0
독일,상용,2017-04-01,233.0
독일,상용,2017-05-01,238.0
독일,상용,2017-06-01,238.0
독일,상용,2017-07-01,213.0
독일,상용,2017-08-01,215.0
독일,상용,2017-09-01,195.0
독일,상용,2017-10-01,249.0
독일,상용,2017-11-01,235.0
독일,상용,2017-12-01,160.0
독일,상용,2018-01-01,256.0
독일,상용,2018-02-01,183.0
독일,상용,2018-03-01,240.0
독일,상용,2018-04-01,257.0
독일,상용,2018-05-01,249.0
독일,상용,2018-06-01,224.0
독일,상용,2018-07-01,214.0
독일,상용,2018-08-01,235.0
독일,상용,2018-09-01,231.0
독일,상용,2018-10-01,247.0
독일,상용,2018-11-01,213.0
독일,상용,2018-12-01,171.0
독일,상용,2019-01-01,278.0
독일,상용,2019-02-01,258.0
독일,상용,2019-03-01,219.0
독일,상용,2019-04-01,212.0
독일,상용,2019-05-01,220.0
독일,상용,2019-06-01,209.0
독일,상용,2019-07-01,211.0
독일,상용,2019-08-01,236.0
독일,상용,2019-09-01,218.0
독일,상용,2019-10-01,207.0
독일,상용,2019-11-01,227.0
독일,상용,2019-12-01,139.0
독일,상용,2020-01-01,239.0
독일,상용,2020-02-01,133.0
독일,상용,2020-03-01,41.0
독일,상용,2020-04-01,9.0
독일,상용,2020-05-01,27.0
독일,상용,2020-06-01,59.0
독일,상용,2020-07-01,46.0
독일,상용,2020-08-01,61.0
독일,상용,2020-09-01,72.0
독일,상용,2020-10-01,72.0
독일,상용,2020-11-01,48.0
독일,상용,2020-12-01,31.0
독일,상용,2021-01-01,94.0
독일,상용,2021-02-01,55.0
독일,상용,2021-03-01,63.0
독일,상용,2021-04-01,83.0
독일,상용,2021-05-01,65.0
독일,상용,2021-06-01,61.0
독일,상용,2021-07-01,92.0
독일,상용,2021-08-01,156.0
독일,상용,2021-09-01,92.0
독일,상용,2021-10-01,69.0
독일,상용,2021-11-01,57.0
독일,상용,2021-12-01,23.0
독일,상용,2022-01-01,78.0
독일,상용,2022-02-01,31.0
독일,상용,2022-03-01,43.0
독일,상용,2022-04-01,73.0
독일,상용,2022-05-01,83.0
독일,상용,2022-06-01,81.0
독일,상용,2022-07-01,89.0
독일,상용,2022-08-01,133.0
독일,상용,2022-09-01,127.0
독일,상용,2022-10-01,123.0
독일,상용,2022-11-01,142.0
독일,상용,2022-12-01,97.0
독일,상용,2023-01-01,198.0
독일,상용,2023-02-01,110.0
독일,상용,2023-03-01,132.0
독일,상용,2023-04-01,190.0
독일,상용,2023-05-01,169.0
독일,상용,2023-06-01,155.0
독일,상용,2023-07-01,147.0
독일,상용,2023-08-01,175.0
독일,상용,2023-09-01,156.0
독일,상용,2023-10-01,177.0
독일,상용,2023-11-01,180.0
독일,상용,2023-12-01,118.0
독일,상용,2024-01-01,221.0
독일,상용,2024-02-01,134.0
독일,상용,2024-03-01,123.0
독일,상용,2024-04-01,175.0
독일,상용,2024-05-01,157.0
독일,상용,2024-06-01,159.0
독일,상용,2024-07-01,152.0
독일,상용,2024-08-01,175.0
독일,상용,2024-09-01,146.0
독일,상용,2024-10-01,134.0
독일,상용,2024-11-01,177.0
독일,상용,2024-12-01,113.0
독일,상용,2025-01-01,191.0
독일,상용,2025-02-01,172.0
독일,상용,2025-03-01,183.0
독일,상용,2025-04-01,173.0
독일,상용,2025-05-01,176.0
독일,유학연수,2005-01-01,21.0
독일,유학연수,2005-02-01,50.0
독일,유학연수,2005-03-01,20.0
독일,유학연수,2005-04-01,8.0
독일,유학연수,2005-05-01,15.0
독일,유학연수,2005-06-01,31.0
독일,유학연수,2005-07-01,20.0
독일,유학연수,2005-08-01,88.0
독일,유학연수,2005-09-01,15.0
독일,유학연수,2005-10-01,20.0
독일,유학연수,2005-11-01,24.0
독일,유학연수,2005-12-01,12.0
독일,유학연수,2006-01-01,26.0
독일,유학연수,2006-02-01,48.0
독일,유학연수,2006-03-01,37.0
독일,유학연수,2006-04-01,24.0
독일,유학연수,2006-05-01,11.0
독일,유학연수,2006-06-01,26.0
독일,유학연수,2006-07-01,20.0
독일,유학연수,2006-08-01,112.0
독일,유학연수,2006-09-01,16.0
독일,유학연수,2006-10-01,25.0
독일,유학연수,2006-11-01,12.0
독일,유학연수,2006-12-01,22.0
독일,유학연수,2007-01-01,32.0
독일,유학연수,2007-02-01,59.0
독일,유학연수,2007-03-01,35.0
독일,유학연수,2007-04-01,8.0
독일,유학연수,2007-05-01,18.0
독일,유학연수,2007-06-01,23.0
독일,유학연수,2007-07-01,24.0
독일,유학연수,2007-08-01,124.0
독일,유학연수,2007-09-01,38.0
독일,유학연수,2007-10-01,20.0
독일,유학연수,2007-11-01,27.0
독일,유학연수,2007-12-01,28.0
독일,유학연수,2008-01-01,43.0
독일,유학연수,2008-02-01,71.0
독일,유학연수,2008-03-01,40.0
독일,유학연수,2008-04-01,16.0
독일,유학연수,2008-05-01,27.0
독일,유학연수,2008-06-01,16.0
독일,유학연수,2008-07-01,26.0
독일,유학연수,2008-08-01,174.0
독일,유학연수,2008-09-01,30.0
독일,유학연수,2008-10-01,29.0
독일,유학연수,2008-11-01,49.0
독일,유학연수,2008-12-01,35.0
독일,유학연수,2009-01-01,34.0
독일,유학연수,2009-02-01,97.0
독일,유학연수,2009-03-01,27.0
독일,유학연수,2009-04-01,24.0
독일,유학연수,2009-05-01,53.0
독일,유학연수,2009-06-01,44.0
독일,유학연수,2009-07-01,38.0
독일,유학연수,2009-08-01,230.0
독일,유학연수,2009-09-01,21.0
독일,유학연수,2009-10-01,63.0
독일,유학연수,2009-11-01,91.0
독일,유학연수,2009-12-01,61.0
독일,유학연수,2010-01-01,68.0
독일,유학연수,2010-02-01,150.0
독일,유학연수,2010-03-01,29.0
독일,유학연수,2010-04-01,26.0
독일,유학연수,2010-05-01,45.0
독일,유학연수,2010-06-01,43.0
독일,유학연수,2010-07-01,30.0
독일,유학연수,2010-08-01,331.0
독일,유학연수,2010-09-01,69.0
독일,유학연수,2010-10-01,21.0
독일,유학연수,2010-11-01,86.0
독일,유학연수,2010-12-01,52.0
독일,유학연수,2011-01-01,80.0
독일,유학연수,2011-02-01,174.0
독일,유학연수,2011-03-01,31.0
독일,유학연수,2011-04-01,34.0
독일,유학연수,2011-05-01,60.0
독일,유학연수,2011-06-01,27.0
독일,유학연수,2011-07-01,32.0
독일,유학연수,2011-08-01,319.0
독일,유학연수,2011-09-01,46.0
독일,유학연수,2011-10-01,44.0
독일,유학연수,2011-11-01,82.0
독일,유학연수,2011-12-01,54.0
독일,유학연수,2012-01-01,79.0
독일,유학연수,2012-02-01,189.0
독일,유학연수,2012-03-01,49.0
독일,유학연수,2012-04-01,36.0
독일,유학연수,2012-05-01,62.0
독일,유학연수,2012-06-01,42.0
독일,유학연수,2012-07-01,55.0
독일,유학연수,2012-08-01,451.0
독일,유학연수,2012-09-01,58.0
독일,유학연수,2012-10-01,107.0
독일,유학연수,2012-11-01,131.0
독일,유학연수,2012-12-01,96.0
독일,유학연수,2013-01-01,122.0
독일,유학연수,2013-02-01,248.0
독일,유학연수,2013-03-01,75.0
독일,유학연수,2013-04-01,73.0
독일,유학연수,2013-05-01,97.0
독일,유학연수,2013-06-01,54.0
독일,유학연수,2013-07-01,80.0
독일,유학연수,2013-08-01,532.0
독일,유학연수,2013-09-01,106.0
독일,유학연수,2013-10-01,87.0
독일,유학연수,2013-11-01,128.0
독일,유학연수,2013-12-01,75.0
독일,유학연수,2014-01-01,118.0
독일,유학연수,2014-02-01,309.0
독일,유학연수,2014-03-01,73.0
독일,유학연수,2014-04-01,81.0
독일,유학연수,2014-05-01,118.0
독일,유학연수,2014-06-01,100.0
독일,유학연수,2014-07-01,75.0
독일,유학연수,2014-08-01,607.0
독일,유학연수,2014-09-01,58.0
독일,유학연수,2014-10-01,89.0
독일,유학연수,2014-11-01,205.0
독일,유학연수,2014-12-01,120.0
독일,유학연수,2015-01-01,166.0
독일,유학연수,2015-02-01,348.0
독일,유학연수,2015-03-01,59.0
독일,유학연수,2015-04-01,60.0
독일,유학연수,2015-05-01,116.0
독일,유학연수,2015-06-01,74.0
독일,유학연수,2015-07-01,89.0
독일,유학연수,2015-08-01,689.0
독일,유학연수,2015-09-01,70.0
독일,유학연수,2015-10-01,89.0
독일,유학연수,2015-11-01,288.0
독일,유학연수,2015-12-01,138.0
독일,유학연수,2016-01-01,147.0
독일,유학연수,2016-02-01,485.0
독일,유학연수,2016-03-01,61.0
독일,유학연수,2016-04-01,96.0
독일,유학연수,2016-05-01,200.0
독일,유학연수,2016-06-01,119.0
독일,유학연수,2016-07-01,111.0
독일,유학연수,2016-08-01,832.0
독일,유학연수,2016-09-01,65.0
독일,유학연수,2016-10-01,121.0
독일,유학연수,2016-11-01,362.0
독일,유학연수,2016-12-01,150.0
독일,유학연수,2017-01-01,171.0
독일,유학연수,2017-02-01,511.0
독일,유학연수,2017-03-01,59.0
독일,유학연수,2017-04-01,61.0
독일,유학연수,2017-05-01,239.0
독일,유학연수,2017-06-01,108.0
독일,유학연수,2017-07-01,103.0
독일,유학연수,2017-08-01,808.0
독일,유학연수,2017-09-01,66.0
독일,유학연수,2017-10-01,215.0
독일,유학연수,2017-11-01,306.0
독일,유학연수,2017-12-01,180.0
독일,유학연수,2018-01-01,176.0
독일,유학연수,2018-02-01,514.0
독일,유학연수,2018-03-01,72.0
독일,유학연수,2018-04-01,82.0
독일,유학연수,2018-05-01,165.0
독일,유학연수,2018-06-01,146.0
독일,유학연수,2018-07-01,144.0
독일,유학연수,2018-08-01,834.0
독일,유학연수,2018-09-01,126.0
독일,유학연수,2018-10-01,86.0
독일,유학연수,2018-11-01,288.0
독일,유학연수,2018-12-01,200.0
독일,유학연수,2019-01-01,177.0
독일,유학연수,2019-02-01,525.0
독일,유학연수,2019-03-01,106.0
독일,유학연수,2019-04-01,84.0
독일,유학연수,2019-05-01,213.0
독일,유학연수,2019-06-01,160.0
독일,유학연수,2019-07-01,109.0
독일,유학연수,2019-08-01,1027.0
독일,유학연수,2019-09-01,89.0
독일,유학연수,2019-10-01,158.0
독일,유학연수,2019-11-01,391.0
독일,유학연수,2019-12-01,265.0
독일,유학연수,2020-01-01,205.0
독일,유학연수,2020-02-01,491.0
독일,유학연수,2020-03-01,121.0
독일,유학연수,2020-04-01,4.0
독일,유학연수,2020-05-01,2.0
독일,유학연수,2020-06-01,3.0
독일,유학연수,2020-07-01,6.0
독일,유학연수,2020-08-01,416.0
독일,유학연수,2020-09-01,14.0
독일,유학연수,2020-10-01,2.0
독일,유학연수,2020-11-01,33.0
독일,유학연수,2020-12-01,5.0
독일,유학연수,2021-01-01,53.0
독일,유학연수,2021-02-01,558.0
독일,유학연수,2021-03-01,22.0
독일,유학연수,2021-04-01,5.0
독일,유학연수,2021-05-01,29.0
독일,유학연수,2021-06-01,16.0
독일,유학연수,2021-07-01,47.0
독일,유학연수,2021-08-01,1139.0
독일,유학연수,2021-09-01,59.0
독일,유학연수,2021-10-01,14.0
독일,유학연수,2021-11-01,29.0
독일,유학연수,2021-12-01,14.0
독일,유학연수,2022-01-01,38.0
독일,유학연수,2022-02-01,933.0
독일,유학연수,2022-03-01,43.0
독일,유학연수,2022-04-01,14.0
독일,유학연수,2022-05-01,44.0
독일,유학연수,2022-06-01,67.0
독일,유학연수,2022-07-01,108.0
독일,유학연수,2022-08-01,1379.0
독일,유학연수,2022-09-01,81.0
독일,유학연수,2022-10-01,28.0
독일,유학연수,2022-11-01,188.0
독일,유학연수,2022-12-01,266.0
독일,유학연수,2023-01-01,272.0
독일,유학연수,2023-02-01,850.0
독일,유학연수,2023-03-01,92.0
독일,유학연수,2023-04-01,52.0
독일,유학연수,2023-05-01,189.0
독일,유학연수,2023-06-01,157.0
독일,유학연수,2023-07-01,195.0
독일,유학연수,2023-08-01,1365.0
독일,유학연수,2023-09-01,89.0
독일,유학연수,2023-10-01,102.0
독일,유학연수,2023-11-01,317.0
독일,유학연수,2023-12-01,253.0
독일,유학연수,2024-01-01,290.0
독일,유학연수,2024-02-01,864.0
독일,유학연수,2024-03-01,130.0
독일,유학연수,2024-04-01,139.0
독일,유학연수,2024-05-01,308.0
독일,유학연수,2024-06-01,222.0
독일,유학연수,2024-07-01,258.0
독일,유학연수,2024-08-01,1350.0
독일,유학연수,2024-09-01,126.0
독일,유학연수,2024-10-01,113.0
독일,유학연수,2024-11-01,430.0
독일,유학연수,2024-12-01,416.0
독일,유학연수,2025-01-01,331.0
독일,유학연수,2025-02-01,848.0
독일,유학연수,2025-03-01,151.0
독일,유학연수,2025-04-01,126.0
독일,유학연수,2025-05-01,374.0
러시아(연방),공용,2005-01-01,34.0
러시아(연방),공용,2005-02-01,40.0
러시아(연방),공용,2005-03-01,63.0
러시아(연방),공용,2005-04-01,25.0
러시아(연방),공용,2005-05-01,50.0
러시아(연방),공용,2005-06-01,55.0
러시아(연방),공용,2005-07-01,70.0
러시아(연방),공용,2005-08-01,80.0
러시아(연방),공용,2005-09-01,68.0
러시아(연방),공용,2005-10-01,63.0
러시아(연방),공용,2005-11-01,176.0
러시아(연방),공용,2005-12-01,39.0
러시아(연방),공용,2006-01-01,14.0
러시아(연방),공용,2006-02-01,27.0
러시아(연방),공용,2006-03-01,24.0
러시아(연방),공용,2006-04-01,32.0
러시아(연방),공용,2006-05-01,19.0
러시아(연방),공용,2006-06-01,68.0
러시아(연방),공용,2006-07-01,50.0
러시아(연방),공용,2006-08-01,60.0
러시아(연방),공용,2006-09-01,39.0
러시아(연방),공용,2006-10-01,103.0
러시아(연방),공용,2006-11-01,43.0
러시아(연방),공용,2006-12-01,30.0
러시아(연방),공용,2007-01-01,11.0
러시아(연방),공용,2007-02-01,5.0
러시아(연방),공용,2007-03-01,12.0
러시아(연방),공용,2007-04-01,16.0
러시아(연방),공용,2007-05-01,24.0
러시아(연방),공용,2007-06-01,26.0
러시아(연방),공용,2007-07-01,33.0
러시아(연방),공용,2007-08-01,53.0
러시아(연방),공용,2007-09-01,18.0
러시아(연방),공용,2007-10-01,16.0
러시아(연방),공용,2007-11-01,14.0
러시아(연방),공용,2007-12-01,11.0
러시아(연방),공용,2008-01-01,14.0
러시아(연방),공용,2008-02-01,5.0
러시아(연방),공용,2008-03-01,6.0
러시아(연방),공용,2008-04-01,10.0
러시아(연방),공용,2008-05-01,12.0
러시아(연방),공용,2008-06-01,20.0
러시아(연방),공용,2008-07-01,11.0
러시아(연방),공용,2008-08-01,44.0
러시아(연방),공용,2008-09-01,16.0
러시아(연방),공용,2008-10-01,8.0
러시아(연방),공용,2008-11-01,12.0
러시아(연방),공용,2008-12-01,10.0
러시아(연방),공용,2009-01-01,16.0
러시아(연방),공용,2009-02-01,5.0
러시아(연방),공용,2009-03-01,33.0
러시아(연방),공용,2009-04-01,8.0
러시아(연방),공용,2009-05-01,18.0
러시아(연방),공용,2009-06-01,12.0
러시아(연방),공용,2009-07-01,7.0
러시아(연방),공용,2009-08-01,27.0
러시아(연방),공용,2009-09-01,10.0
러시아(연방),공용,2009-10-01,16.0
러시아(연방),공용,2009-11-01,22.0
러시아(연방),공용,2009-12-01,7.0
러시아(연방),공용,2010-01-01,15.0
러시아(연방),공용,2010-02-01,8.0
러시아(연방),공용,2010-03-01,15.0
러시아(연방),공용,2010-04-01,16.0
러시아(연방),공용,2010-05-01,16.0
러시아(연방),공용,2010-06-01,15.0
러시아(연방),공용,2010-07-01,16.0
러시아(연방),공용,2010-08-01,33.0
러시아(연방),공용,2010-09-01,10.0
러시아(연방),공용,2010-10-01,15.0
러시아(연방),공용,2010-11-01,61.0
러시아(연방),공용,2010-12-01,6.0
러시아(연방),공용,2011-01-01,19.0
러시아(연방),공용,2011-02-01,2.0
러시아(연방),공용,2011-03-01,10.0
러시아(연방),공용,2011-04-01,6.0
러시아(연방),공용,2011-05-01,12.0
러시아(연방),공용,2011-06-01,9.0
러시아(연방),공용,2011-07-01,17.0
러시아(연방),공용,2011-08-01,20.0
러시아(연방),공용,2011-09-01,19.0
러시아(연방),공용,2011-10-01,27.0
러시아(연방),공용,2011-11-01,24.0
러시아(연방),공용,2011-12-01,11.0
러시아(연방),공용,2012-01-01,31.0
러시아(연방),공용,2012-02-01,9.0
러시아(연방),공용,2012-03-01,133.0
러시아(연방),공용,2012-04-01,3.0
러시아(연방),공용,2012-05-01,19.0
러시아(연방),공용,2012-06-01,13.0
러시아(연방),공용,2012-07-01,18.0
러시아(연방),공용,2012-08-01,52.0
러시아(연방),공용,2012-09-01,18.0
러시아(연방),공용,2012-10-01,25.0
러시아(연방),공용,2012-11-01,38.0
러시아(연방),공용,2012-12-01,11.0
러시아(연방),공용,2013-01-01,33.0
러시아(연방),공용,2013-02-01,16.0
러시아(연방),공용,2013-03-01,11.0
러시아(연방),공용,2013-04-01,10.0
러시아(연방),공용,2013-05-01,13.0
러시아(연방),공용,2013-06-01,8.0
러시아(연방),공용,2013-07-01,29.0
러시아(연방),공용,2013-08-01,37.0
러시아(연방),공용,2013-09-01,13.0
러시아(연방),공용,2013-10-01,19.0
러시아(연방),공용,2013-11-01,156.0
러시아(연방),공용,2013-12-01,24.0
러시아(연방),공용,2014-01-01,24.0
러시아(연방),공용,2014-02-01,5.0
러시아(연방),공용,2014-03-01,15.0
러시아(연방),공용,2014-04-01,9.0
러시아(연방),공용,2014-05-01,13.0
러시아(연방),공용,2014-06-01,21.0
러시아(연방),공용,2014-07-01,16.0
러시아(연방),공용,2014-08-01,39.0
러시아(연방),공용,2014-09-01,19.0
러시아(연방),공용,2014-10-01,30.0
러시아(연방),공용,2014-11-01,22.0
러시아(연방),공용,2014-12-01,10.0
러시아(연방),공용,2015-01-01,33.0
러시아(연방),공용,2015-02-01,7.0
러시아(연방),공용,2015-03-01,15.0
러시아(연방),공용,2015-04-01,20.0
러시아(연방),공용,2015-05-01,27.0
러시아(연방),공용,2015-06-01,21.0
러시아(연방),공용,2015-07-01,19.0
러시아(연방),공용,2015-08-01,32.0
러시아(연방),공용,2015-09-01,57.0
러시아(연방),공용,2015-10-01,24.0
러시아(연방),공용,2015-11-01,16.0
러시아(연방),공용,2015-12-01,15.0
러시아(연방),공용,2016-01-01,22.0
러시아(연방),공용,2016-02-01,12.0
러시아(연방),공용,2016-03-01,13.0
러시아(연방),공용,2016-04-01,8.0
러시아(연방),공용,2016-05-01,19.0
러시아(연방),공용,2016-06-01,28.0
러시아(연방),공용,2016-07-01,31.0
러시아(연방),공용,2016-08-01,57.0
러시아(연방),공용,2016-09-01,33.0
러시아(연방),공용,2016-10-01,28.0
러시아(연방),공용,2016-11-01,9.0
러시아(연방),공용,2016-12-01,19.0
러시아(연방),공용,2017-01-01,11.0
러시아(연방),공용,2017-02-01,17.0
러시아(연방),공용,2017-03-01,9.0
러시아(연방),공용,2017-04-01,38.0
러시아(연방),공용,2017-05-01,13.0
러시아(연방),공용,2017-06-01,58.0
러시아(연방),공용,2017-07-01,16.0
러시아(연방),공용,2017-08-01,50.0
러시아(연방),공용,2017-09-01,34.0
러시아(연방),공용,2017-10-01,28.0
러시아(연방),공용,2017-11-01,14.0
러시아(연방),공용,2017-12-01,15.0
러시아(연방),공용,2018-01-01,15.0
러시아(연방),공용,2018-02-01,7.0
러시아(연방),공용,2018-03-01,20.0
러시아(연방),공용,2018-04-01,14.0
러시아(연방),공용,2018-05-01,19.0
러시아(연방),공용,2018-06-01,29.0
러시아(연방),공용,2018-07-01,35.0
러시아(연방),공용,2018-08-01,41.0
러시아(연방),공용,2018-09-01,41.0
러시아(연방),공용,2018-10-01,26.0
러시아(연방),공용,2018-11-01,22.0
러시아(연방),공용,2018-12-01,18.0
러시아(연방),공용,2019-01-01,37.0
러시아(연방),공용,2019-02-01,24.0
러시아(연방),공용,2019-03-01,13.0
러시아(연방),공용,2019-04-01,25.0
러시아(연방),공용,2019-05-01,39.0
러시아(연방),공용,2019-06-01,33.0
러시아(연방),공용,2019-07-01,43.0
러시아(연방),공용,2019-08-01,39.0
러시아(연방),공용,2019-09-01,36.0
러시아(연방),공용,2019-10-01,50.0
러시아(연방),공용,2019-11-01,37.0
러시아(연방),공용,2019-12-01,22.0
러시아(연방),공용,2020-01-01,42.0
러시아(연방),공용,2020-02-01,10.0
러시아(연방),공용,2020-03-01,4.0
러시아(연방),공용,2020-04-01,1.0
러시아(연방),공용,2020-05-01,0.0
러시아(연방),공용,2020-06-01,1.0
러시아(연방),공용,2020-07-01,1.0
러시아(연방),공용,2020-08-01,21.0
러시아(연방),공용,2020-09-01,2.0
러시아(연방),공용,2020-10-01,2.0
러시아(연방),공용,2020-11-01,1.0
러시아(연방),공용,2020-12-01,5.0
러시아(연방),공용,2021-01-01,5.0
러시아(연방),공용,2021-02-01,0.0
러시아(연방),공용,2021-03-01,6.0
러시아(연방),공용,2021-04-01,2.0
러시아(연방),공용,2021-05-01,3.0
러시아(연방),공용,2021-06-01,5.0
러시아(연방),공용,2021-07-01,19.0
러시아(연방),공용,2021-08-01,23.0
러시아(연방),공용,2021-09-01,16.0
러시아(연방),공용,2021-10-01,30.0
러시아(연방),공용,2021-11-01,36.0
러시아(연방),공용,2021-12-01,4.0
러시아(연방),공용,2022-01-01,12.0
러시아(연방),공용,2022-02-01,2.0
러시아(연방),공용,2022-03-01,0.0
러시아(연방),공용,2022-04-01,5.0
러시아(연방),공용,2022-05-01,1.0
러시아(연방),공용,2022-06-01,9.0
러시아(연방),공용,2022-07-01,13.0
러시아(연방),공용,2022-08-01,20.0
러시아(연방),공용,2022-09-01,15.0
러시아(연방),공용,2022-10-01,6.0
러시아(연방),공용,2022-11-01,8.0
러시아(연방),공용,2022-12-01,5.0
러시아(연방),공용,2023-01-01,18.0
러시아(연방),공용,2023-02-01,5.0
러시아(연방),공용,2023-03-01,9.0
러시아(연방),공용,2023-04-01,3.0
러시아(연방),공용,2023-05-01,6.0
러시아(연방),공용,2023-06-01,7.0
러시아(연방),공용,2023-07-01,14.0
러시아(연방),공용,2023-08-01,34.0
러시아(연방),공용,2023-09-01,13.0
러시아(연방),공용,2023-10-01,16.0
러시아(연방),공용,2023-11-01,5.0
러시아(연방),공용,2023-12-01,18.0
러시아(연방),공용,2024-01-01,16.0
러시아(연방),공용,2024-02-01,1.0
러시아(연방),공용,2024-03-01,14.0
러시아(연방),공용,2024-04-01,7.0
러시아(연방),공용,2024-05-01,10.0
러시아(연방),공용,2024-06-01,3.0
러시아(연방),공용,2024-07-01,13.0
러시아(연방),공용,2024-08-01,13.0
러시아(연방),공용,2024-09-01,21.0
러시아(연방),공용,2024-10-01,12.0
러시아(연방),공용,2024-11-01,27.0
러시아(연방),공용,2024-12-01,14.0
러시아(연방),공용,2025-01-01,11.0
러시아(연방),공용,2025-02-01,16.0
러시아(연방),공용,2025-03-01,15.0
러시아(연방),공용,2025-04-01,5.0
러시아(연방),공용,2025-05-01,13.0
러시아(연방),관광,2005-01-01,4149.0
러시아(연방),관광,2005-02-01,3746.0
러시아(연방),관광,2005-03-01,3742.0
러시아(연방),관광,2005-04-01,4878.0
러시아(연방),관광,2005-05-01,4776.0
러시아(연방),관광,2005-06-01,4431.0
러시아(연방),관광,2005-07-01,3780.0
러시아(연방),관광,2005-08-01,3792.0
러시아(연방),관광,2005-09-01,3666.0
러시아(연방),관광,2005-10-01,4223.0
러시아(연방),관광,2005-11-01,3819.0
러시아(연방),관광,2005-12-01,3875.0
러시아(연방),관광,2006-01-01,3590.0
러시아(연방),관광,2006-02-01,3000.0
러시아(연방),관광,2006-03-01,3535.0
러시아(연방),관광,2006-04-01,4633.0
러시아(연방),관광,2006-05-01,4448.0
러시아(연방),관광,2006-06-01,4834.0
러시아(연방),관광,2006-07-01,4723.0
러시아(연방),관광,2006-08-01,4466.0
러시아(연방),관광,2006-09-01,4030.0
러시아(연방),관광,2006-10-01,3839.0
러시아(연방),관광,2006-11-01,4516.0
러시아(연방),관광,2006-12-01,3495.0
러시아(연방),관광,2007-01-01,3433.0
러시아(연방),관광,2007-02-01,2868.0
러시아(연방),관광,2007-03-01,4042.0
러시아(연방),관광,2007-04-01,4708.0
러시아(연방),관광,2007-05-01,4662.0
러시아(연방),관광,2007-06-01,4421.0
러시아(연방),관광,2007-07-01,5295.0
러시아(연방),관광,2007-08-01,4278.0
러시아(연방),관광,2007-09-01,4184.0
러시아(연방),관광,2007-10-01,4705.0
러시아(연방),관광,2007-11-01,3895.0
러시아(연방),관광,2007-12-01,4117.0
러시아(연방),관광,2008-01-01,4113.0
러시아(연방),관광,2008-02-01,3178.0
러시아(연방),관광,2008-03-01,3472.0
러시아(연방),관광,2008-04-01,4267.0
러시아(연방),관광,2008-05-01,4427.0
러시아(연방),관광,2008-06-01,5206.0
러시아(연방),관광,2008-07-01,5193.0
러시아(연방),관광,2008-08-01,4850.0
러시아(연방),관광,2008-09-01,4151.0
러시아(연방),관광,2008-10-01,4387.0
러시아(연방),관광,2008-11-01,4491.0
러시아(연방),관광,2008-12-01,4567.0
러시아(연방),관광,2009-01-01,5015.0
러시아(연방),관광,2009-02-01,3344.0
러시아(연방),관광,2009-03-01,3813.0
러시아(연방),관광,2009-04-01,3911.0
러시아(연방),관광,2009-05-01,3968.0
러시아(연방),관광,2009-06-01,4573.0
러시아(연방),관광,2009-07-01,4425.0
러시아(연방),관광,2009-08-01,4861.0
러시아(연방),관광,2009-09-01,3838.0
러시아(연방),관광,2009-10-01,4422.0
러시아(연방),관광,2009-11-01,4311.0
러시아(연방),관광,2009-12-01,4310.0
러시아(연방),관광,2010-01-01,4878.0
러시아(연방),관광,2010-02-01,3171.0
러시아(연방),관광,2010-03-01,3986.0
러시아(연방),관광,2010-04-01,4361.0
러시아(연방),관광,2010-05-01,4686.0
러시아(연방),관광,2010-06-01,5558.0
러시아(연방),관광,2010-07-01,5908.0
러시아(연방),관광,2010-08-01,5198.0
러시아(연방),관광,2010-09-01,4352.0
러시아(연방),관광,2010-10-01,5508.0
러시아(연방),관광,2010-11-01,5071.0
러시아(연방),관광,2010-12-01,4640.0
러시아(연방),관광,2011-01-01,5040.0
러시아(연방),관광,2011-02-01,3992.0
러시아(연방),관광,2011-03-01,4687.0
러시아(연방),관광,2011-04-01,5162.0
러시아(연방),관광,2011-05-01,5180.0
러시아(연방),관광,2011-06-01,6685.0
러시아(연방),관광,2011-07-01,6312.0
러시아(연방),관광,2011-08-01,5865.0
러시아(연방),관광,2011-09-01,4817.0
러시아(연방),관광,2011-10-01,6335.0
러시아(연방),관광,2011-11-01,5203.0
러시아(연방),관광,2011-12-01,5373.0
러시아(연방),관광,2012-01-01,5483.0
러시아(연방),관광,2012-02-01,4819.0
러시아(연방),관광,2012-03-01,5457.0
러시아(연방),관광,2012-04-01,6830.0
러시아(연방),관광,2012-05-01,6386.0
러시아(연방),관광,2012-06-01,7489.0
러시아(연방),관광,2012-07-01,7365.0
러시아(연방),관광,2012-08-01,6824.0
러시아(연방),관광,2012-09-01,6314.0
러시아(연방),관광,2012-10-01,7110.0
러시아(연방),관광,2012-11-01,7066.0
러시아(연방),관광,2012-12-01,6198.0
러시아(연방),관광,2013-01-01,7301.0
러시아(연방),관광,2013-02-01,5649.0
러시아(연방),관광,2013-03-01,7206.0
러시아(연방),관광,2013-04-01,7655.0
러시아(연방),관광,2013-05-01,8130.0
러시아(연방),관광,2013-06-01,8681.0
러시아(연방),관광,2013-07-01,8247.0
러시아(연방),관광,2013-08-01,7939.0
러시아(연방),관광,2013-09-01,6900.0
러시아(연방),관광,2013-10-01,9047.0
러시아(연방),관광,2013-11-01,7484.0
러시아(연방),관광,2013-12-01,7531.0
러시아(연방),관광,2014-01-01,10171.0
러시아(연방),관광,2014-02-01,8818.0
러시아(연방),관광,2014-03-01,12185.0
러시아(연방),관광,2014-04-01,13055.0
러시아(연방),관광,2014-05-01,13128.0
러시아(연방),관광,2014-06-01,14056.0
러시아(연방),관광,2014-07-01,14668.0
러시아(연방),관광,2014-08-01,13360.0
러시아(연방),관광,2014-09-01,12148.0
러시아(연방),관광,2014-10-01,13185.0
러시아(연방),관광,2014-11-01,11256.0
러시아(연방),관광,2014-12-01,10079.0
러시아(연방),관광,2015-01-01,9646.0
러시아(연방),관광,2015-02-01,6676.0
러시아(연방),관광,2015-03-01,10068.0
러시아(연방),관광,2015-04-01,11281.0
러시아(연방),관광,2015-05-01,12488.0
러시아(연방),관광,2015-06-01,8940.0
러시아(연방),관광,2015-07-01,9153.0
러시아(연방),관광,2015-08-01,9977.0
러시아(연방),관광,2015-09-01,10126.0
러시아(연방),관광,2015-10-01,12005.0
러시아(연방),관광,2015-11-01,11090.0
러시아(연방),관광,2015-12-01,9930.0
러시아(연방),관광,2016-01-01,10935.0
러시아(연방),관광,2016-02-01,8593.0
러시아(연방),관광,2016-03-01,12675.0
러시아(연방),관광,2016-04-01,14173.0
러시아(연방),관광,2016-05-01,14191.0
러시아(연방),관광,2016-06-01,13756.0
러시아(연방),관광,2016-07-01,13432.0
러시아(연방),관광,2016-08-01,12416.0
러시아(연방),관광,2016-09-01,13047.0
러시아(연방),관광,2016-10-01,15848.0
러시아(연방),관광,2016-11-01,13271.0
러시아(연방),관광,2016-12-01,12428.0
러시아(연방),관광,2017-01-01,13107.0
러시아(연방),관광,2017-02-01,11559.0
러시아(연방),관광,2017-03-01,16221.0
러시아(연방),관광,2017-04-01,18496.0
러시아(연방),관광,2017-05-01,15439.0
러시아(연방),관광,2017-06-01,17362.0
러시아(연방),관광,2017-07-01,16593.0
러시아(연방),관광,2017-08-01,14096.0
러시아(연방),관광,2017-09-01,15449.0
러시아(연방),관광,2017-10-01,18121.0
러시아(연방),관광,2017-11-01,16545.0
러시아(연방),관광,2017-12-01,14289.0
러시아(연방),관광,2018-01-01,15098.0
러시아(연방),관광,2018-02-01,14619.0
러시아(연방),관광,2018-03-01,18464.0
러시아(연방),관광,2018-04-01,22729.0
러시아(연방),관광,2018-05-01,18503.0
러시아(연방),관광,2018-06-01,19587.0
러시아(연방),관광,2018-07-01,22168.0
러시아(연방),관광,2018-08-01,15521.0
러시아(연방),관광,2018-09-01,15994.0
러시아(연방),관광,2018-10-01,20074.0
러시아(연방),관광,2018-11-01,16134.0
러시아(연방),관광,2018-12-01,15774.0
러시아(연방),관광,2019-01-01,17260.0
러시아(연방),관광,2019-02-01,12512.0
러시아(연방),관광,2019-03-01,20692.0
러시아(연방),관광,2019-04-01,25342.0
러시아(연방),관광,2019-05-01,24861.0
러시아(연방),관광,2019-06-01,21774.0
러시아(연방),관광,2019-07-01,21331.0
러시아(연방),관광,2019-08-01,20964.0
러시아(연방),관광,2019-09-01,21349.0
러시아(연방),관광,2019-10-01,25818.0
러시아(연방),관광,2019-11-01,19717.0
러시아(연방),관광,2019-12-01,18951.0
러시아(연방),관광,2020-01-01,20746.0
러시아(연방),관광,2020-02-01,15487.0
러시아(연방),관광,2020-03-01,2189.0
러시아(연방),관광,2020-04-01,128.0
러시아(연방),관광,2020-05-01,67.0
러시아(연방),관광,2020-06-01,122.0
러시아(연방),관광,2020-07-01,133.0
러시아(연방),관광,2020-08-01,156.0
러시아(연방),관광,2020-09-01,108.0
러시아(연방),관광,2020-10-01,268.0
러시아(연방),관광,2020-11-01,158.0
러시아(연방),관광,2020-12-01,140.0
러시아(연방),관광,2021-01-01,228.0
러시아(연방),관광,2021-02-01,219.0
러시아(연방),관광,2021-03-01,239.0
러시아(연방),관광,2021-04-01,308.0
러시아(연방),관광,2021-05-01,246.0
러시아(연방),관광,2021-06-01,265.0
러시아(연방),관광,2021-07-01,292.0
러시아(연방),관광,2021-08-01,267.0
러시아(연방),관광,2021-09-01,293.0
러시아(연방),관광,2021-10-01,418.0
러시아(연방),관광,2021-11-01,416.0
러시아(연방),관광,2021-12-01,359.0
러시아(연방),관광,2022-01-01,383.0
러시아(연방),관광,2022-02-01,420.0
러시아(연방),관광,2022-03-01,297.0
러시아(연방),관광,2022-04-01,770.0
러시아(연방),관광,2022-05-01,1474.0
러시아(연방),관광,2022-06-01,1948.0
러시아(연방),관광,2022-07-01,2876.0
러시아(연방),관광,2022-08-01,2817.0
러시아(연방),관광,2022-09-01,3174.0
러시아(연방),관광,2022-10-01,3028.0
러시아(연방),관광,2022-11-01,4206.0
러시아(연방),관광,2022-12-01,5251.0
러시아(연방),관광,2023-01-01,4374.0
러시아(연방),관광,2023-02-01,3429.0
러시아(연방),관광,2023-03-01,6907.0
러시아(연방),관광,2023-04-01,8634.0
러시아(연방),관광,2023-05-01,7592.0
러시아(연방),관광,2023-06-01,8303.0
러시아(연방),관광,2023-07-01,9687.0
러시아(연방),관광,2023-08-01,7968.0
러시아(연방),관광,2023-09-01,8593.0
러시아(연방),관광,2023-10-01,8922.0
러시아(연방),관광,2023-11-01,6454.0
러시아(연방),관광,2023-12-01,5735.0
러시아(연방),관광,2024-01-01,5070.0
러시아(연방),관광,2024-02-01,4209.0
러시아(연방),관광,2024-03-01,10708.0
러시아(연방),관광,2024-04-01,13006.0
러시아(연방),관광,2024-05-01,10766.0
러시아(연방),관광,2024-06-01,10104.0
러시아(연방),관광,2024-07-01,14987.0
러시아(연방),관광,2024-08-01,10880.0
러시아(연방),관광,2024-09-01,11720.0
러시아(연방),관광,2024-10-01,14409.0
러시아(연방),관광,2024-11-01,8789.0
러시아(연방),관광,2024-12-01,6723.0
러시아(연방),관광,2025-01-01,5594.0
러시아(연방),관광,2025-02-01,5034.0
러시아(연방),관광,2025-03-01,12193.0
러시아(연방),관광,2025-04-01,18959.0
러시아(연방),관광,2025-05-01,15179.0
러시아(연방),상용,2005-01-01,495.0
러시아(연방),상용,2005-02-01,424.0
러시아(연방),상용,2005-03-01,552.0
러시아(연방),상용,2005-04-01,645.0
러시아(연방),상용,2005-05-01,501.0
러시아(연방),상용,2005-06-01,546.0
러시아(연방),상용,2005-07-01,451.0
러시아(연방),상용,2005-08-01,442.0
러시아(연방),상용,2005-09-01,468.0
러시아(연방),상용,2005-10-01,643.0
러시아(연방),상용,2005-11-01,610.0
러시아(연방),상용,2005-12-01,528.0
러시아(연방),상용,2006-01-01,529.0
러시아(연방),상용,2006-02-01,497.0
러시아(연방),상용,2006-03-01,576.0
러시아(연방),상용,2006-04-01,685.0
러시아(연방),상용,2006-05-01,767.0
러시아(연방),상용,2006-06-01,492.0
러시아(연방),상용,2006-07-01,498.0
러시아(연방),상용,2006-08-01,412.0
러시아(연방),상용,2006-09-01,503.0
러시아(연방),상용,2006-10-01,676.0
러시아(연방),상용,2006-11-01,677.0
러시아(연방),상용,2006-12-01,571.0
러시아(연방),상용,2007-01-01,493.0
러시아(연방),상용,2007-02-01,590.0
러시아(연방),상용,2007-03-01,733.0
러시아(연방),상용,2007-04-01,844.0
러시아(연방),상용,2007-05-01,673.0
러시아(연방),상용,2007-06-01,555.0
러시아(연방),상용,2007-07-01,494.0
러시아(연방),상용,2007-08-01,547.0
러시아(연방),상용,2007-09-01,572.0
러시아(연방),상용,2007-10-01,827.0
러시아(연방),상용,2007-11-01,655.0
러시아(연방),상용,2007-12-01,633.0
러시아(연방),상용,2008-01-01,487.0
러시아(연방),상용,2008-02-01,490.0
러시아(연방),상용,2008-03-01,724.0
러시아(연방),상용,2008-04-01,667.0
러시아(연방),상용,2008-05-01,553.0
러시아(연방),상용,2008-06-01,661.0
러시아(연방),상용,2008-07-01,613.0
러시아(연방),상용,2008-08-01,601.0
러시아(연방),상용,2008-09-01,568.0
러시아(연방),상용,2008-10-01,919.0
러시아(연방),상용,2008-11-01,646.0
러시아(연방),상용,2008-12-01,503.0
러시아(연방),상용,2009-01-01,421.0
러시아(연방),상용,2009-02-01,462.0
러시아(연방),상용,2009-03-01,518.0
러시아(연방),상용,2009-04-01,555.0
러시아(연방),상용,2009-05-01,491.0
러시아(연방),상용,2009-06-01,510.0
러시아(연방),상용,2009-07-01,386.0
러시아(연방),상용,2009-08-01,372.0
러시아(연방),상용,2009-09-01,410.0
러시아(연방),상용,2009-10-01,564.0
러시아(연방),상용,2009-11-01,562.0
러시아(연방),상용,2009-12-01,412.0
러시아(연방),상용,2010-01-01,505.0
러시아(연방),상용,2010-02-01,429.0
러시아(연방),상용,2010-03-01,679.0
러시아(연방),상용,2010-04-01,752.0
러시아(연방),상용,2010-05-01,736.0
러시아(연방),상용,2010-06-01,603.0
러시아(연방),상용,2010-07-01,520.0
러시아(연방),상용,2010-08-01,545.0
러시아(연방),상용,2010-09-01,530.0
러시아(연방),상용,2010-10-01,952.0
러시아(연방),상용,2010-11-01,865.0
러시아(연방),상용,2010-12-01,559.0
러시아(연방),상용,2011-01-01,467.0
러시아(연방),상용,2011-02-01,555.0
러시아(연방),상용,2011-03-01,580.0
러시아(연방),상용,2011-04-01,773.0
러시아(연방),상용,2011-05-01,692.0
러시아(연방),상용,2011-06-01,554.0
러시아(연방),상용,2011-07-01,594.0
러시아(연방),상용,2011-08-01,478.0
러시아(연방),상용,2011-09-01,531.0
러시아(연방),상용,2011-10-01,1046.0
러시아(연방),상용,2011-11-01,875.0
러시아(연방),상용,2011-12-01,487.0
러시아(연방),상용,2012-01-01,494.0
러시아(연방),상용,2012-02-01,630.0
러시아(연방),상용,2012-03-01,637.0
러시아(연방),상용,2012-04-01,940.0
러시아(연방),상용,2012-05-01,779.0
러시아(연방),상용,2012-06-01,624.0
러시아(연방),상용,2012-07-01,608.0
러시아(연방),상용,2012-08-01,633.0
러시아(연방),상용,2012-09-01,637.0
러시아(연방),상용,2012-10-01,1113.0
러시아(연방),상용,2012-11-01,976.0
러시아(연방),상용,2012-12-01,561.0
러시아(연방),상용,2013-01-01,622.0
러시아(연방),상용,2013-02-01,559.0
러시아(연방),상용,2013-03-01,698.0
러시아(연방),상용,2013-04-01,755.0
러시아(연방),상용,2013-05-01,747.0
러시아(연방),상용,2013-06-01,766.0
러시아(연방),상용,2013-07-01,574.0
러시아(연방),상용,2013-08-01,574.0
러시아(연방),상용,2013-09-01,805.0
러시아(연방),상용,2013-10-01,1081.0
러시아(연방),상용,2013-11-01,1108.0
러시아(연방),상용,2013-12-01,611.0
러시아(연방),상용,2014-01-01,282.0
러시아(연방),상용,2014-02-01,220.0
러시아(연방),상용,2014-03-01,240.0
러시아(연방),상용,2014-04-01,206.0
러시아(연방),상용,2014-05-01,198.0
러시아(연방),상용,2014-06-01,132.0
러시아(연방),상용,2014-07-01,117.0
러시아(연방),상용,2014-08-01,166.0
러시아(연방),상용,2014-09-01,148.0
러시아(연방),상용,2014-10-01,139.0
러시아(연방),상용,2014-11-01,142.0
러시아(연방),상용,2014-12-01,106.0
러시아(연방),상용,2015-01-01,132.0
러시아(연방),상용,2015-02-01,102.0
러시아(연방),상용,2015-03-01,138.0
러시아(연방),상용,2015-04-01,127.0
러시아(연방),상용,2015-05-01,112.0
러시아(연방),상용,2015-06-01,127.0
러시아(연방),상용,2015-07-01,136.0
러시아(연방),상용,2015-08-01,166.0
러시아(연방),상용,2015-09-01,129.0
러시아(연방),상용,2015-10-01,151.0
러시아(연방),상용,2015-11-01,147.0
러시아(연방),상용,2015-12-01,127.0
러시아(연방),상용,2016-01-01,143.0
러시아(연방),상용,2016-02-01,115.0
러시아(연방),상용,2016-03-01,160.0
러시아(연방),상용,2016-04-01,152.0
러시아(연방),상용,2016-05-01,155.0
러시아(연방),상용,2016-06-01,132.0
러시아(연방),상용,2016-07-01,136.0
러시아(연방),상용,2016-08-01,148.0
러시아(연방),상용,2016-09-01,169.0
러시아(연방),상용,2016-10-01,154.0
러시아(연방),상용,2016-11-01,134.0
러시아(연방),상용,2016-12-01,121.0
러시아(연방),상용,2017-01-01,171.0
러시아(연방),상용,2017-02-01,131.0
러시아(연방),상용,2017-03-01,186.0
러시아(연방),상용,2017-04-01,154.0
러시아(연방),상용,2017-05-01,142.0
러시아(연방),상용,2017-06-01,120.0
러시아(연방),상용,2017-07-01,175.0
러시아(연방),상용,2017-08-01,124.0
러시아(연방),상용,2017-09-01,140.0
러시아(연방),상용,2017-10-01,151.0
러시아(연방),상용,2017-11-01,131.0
러시아(연방),상용,2017-12-01,125.0
러시아(연방),상용,2018-01-01,169.0
러시아(연방),상용,2018-02-01,93.0
러시아(연방),상용,2018-03-01,167.0
러시아(연방),상용,2018-04-01,176.0
러시아(연방),상용,2018-05-01,121.0
러시아(연방),상용,2018-06-01,143.0
러시아(연방),상용,2018-07-01,129.0
러시아(연방),상용,2018-08-01,136.0
러시아(연방),상용,2018-09-01,148.0
러시아(연방),상용,2018-10-01,128.0
러시아(연방),상용,2018-11-01,134.0
러시아(연방),상용,2018-12-01,119.0
러시아(연방),상용,2019-01-01,181.0
러시아(연방),상용,2019-02-01,139.0
러시아(연방),상용,2019-03-01,141.0
러시아(연방),상용,2019-04-01,166.0
러시아(연방),상용,2019-05-01,165.0
러시아(연방),상용,2019-06-01,175.0
러시아(연방),상용,2019-07-01,164.0
러시아(연방),상용,2019-08-01,133.0
러시아(연방),상용,2019-09-01,175.0
러시아(연방),상용,2019-10-01,166.0
러시아(연방),상용,2019-11-01,199.0
러시아(연방),상용,2019-12-01,172.0
러시아(연방),상용,2020-01-01,192.0
러시아(연방),상용,2020-02-01,155.0
러시아(연방),상용,2020-03-01,42.0
러시아(연방),상용,2020-04-01,4.0
러시아(연방),상용,2020-05-01,6.0
러시아(연방),상용,2020-06-01,2.0
러시아(연방),상용,2020-07-01,9.0
러시아(연방),상용,2020-08-01,40.0
러시아(연방),상용,2020-09-01,29.0
러시아(연방),상용,2020-10-01,28.0
러시아(연방),상용,2020-11-01,46.0
러시아(연방),상용,2020-12-01,23.0
러시아(연방),상용,2021-01-01,28.0
러시아(연방),상용,2021-02-01,43.0
러시아(연방),상용,2021-03-01,43.0
러시아(연방),상용,2021-04-01,72.0
러시아(연방),상용,2021-05-01,58.0
러시아(연방),상용,2021-06-01,71.0
러시아(연방),상용,2021-07-01,67.0
러시아(연방),상용,2021-08-01,61.0
러시아(연방),상용,2021-09-01,72.0
러시아(연방),상용,2021-10-01,116.0
러시아(연방),상용,2021-11-01,126.0
러시아(연방),상용,2021-12-01,79.0
러시아(연방),상용,2022-01-01,78.0
러시아(연방),상용,2022-02-01,91.0
러시아(연방),상용,2022-03-01,71.0
러시아(연방),상용,2022-04-01,60.0
러시아(연방),상용,2022-05-01,58.0
러시아(연방),상용,2022-06-01,42.0
러시아(연방),상용,2022-07-01,26.0
러시아(연방),상용,2022-08-01,55.0
러시아(연방),상용,2022-09-01,67.0
러시아(연방),상용,2022-10-01,62.0
러시아(연방),상용,2022-11-01,93.0
러시아(연방),상용,2022-12-01,44.0
러시아(연방),상용,2023-01-01,107.0
러시아(연방),상용,2023-02-01,58.0
러시아(연방),상용,2023-03-01,73.0
러시아(연방),상용,2023-04-01,81.0
러시아(연방),상용,2023-05-01,79.0
러시아(연방),상용,2023-06-01,71.0
러시아(연방),상용,2023-07-01,75.0
러시아(연방),상용,2023-08-01,100.0
러시아(연방),상용,2023-09-01,88.0
러시아(연방),상용,2023-10-01,95.0
러시아(연방),상용,2023-11-01,74.0
러시아(연방),상용,2023-12-01,76.0
러시아(연방),상용,2024-01-01,120.0
러시아(연방),상용,2024-02-01,86.0
러시아(연방),상용,2024-03-01,94.0
러시아(연방),상용,2024-04-01,118.0
러시아(연방),상용,2024-05-01,83.0
러시아(연방),상용,2024-06-01,69.0
러시아(연방),상용,2024-07-01,77.0
러시아(연방),상용,2024-08-01,110.0
러시아(연방),상용,2024-09-01,103.0
러시아(연방),상용,2024-10-01,119.0
러시아(연방),상용,2024-11-01,96.0
러시아(연방),상용,2024-12-01,82.0
러시아(연방),상용,2025-01-01,108.0
러시아(연방),상용,2025-02-01,97.0
러시아(연방),상용,2025-03-01,122.0
러시아(연방),상용,2025-04-01,132.0
러시아(연방),상용,2025-05-01,135.0
러시아(연방),유학연수,2005-01-01,58.0
러시아(연방),유학연수,2005-02-01,114.0
러시아(연방),유학연수,2005-03-01,60.0
러시아(연방),유학연수,2005-04-01,14.0
러시아(연방),유학연수,2005-05-01,13.0
러시아(연방),유학연수,2005-06-01,24.0
러시아(연방),유학연수,2005-07-01,37.0
러시아(연방),유학연수,2005-08-01,177.0
러시아(연방),유학연수,2005-09-01,67.0
러시아(연방),유학연수,2005-10-01,20.0
러시아(연방),유학연수,2005-11-01,14.0
러시아(연방),유학연수,2005-12-01,17.0
러시아(연방),유학연수,2006-01-01,41.0
러시아(연방),유학연수,2006-02-01,116.0
러시아(연방),유학연수,2006-03-01,145.0
러시아(연방),유학연수,2006-04-01,18.0
러시아(연방),유학연수,2006-05-01,14.0
러시아(연방),유학연수,2006-06-01,23.0
러시아(연방),유학연수,2006-07-01,44.0
러시아(연방),유학연수,2006-08-01,184.0
러시아(연방),유학연수,2006-09-01,77.0
러시아(연방),유학연수,2006-10-01,60.0
러시아(연방),유학연수,2006-11-01,10.0
러시아(연방),유학연수,2006-12-01,14.0
러시아(연방),유학연수,2007-01-01,42.0
러시아(연방),유학연수,2007-02-01,128.0
러시아(연방),유학연수,2007-03-01,71.0
러시아(연방),유학연수,2007-04-01,32.0
러시아(연방),유학연수,2007-05-01,16.0
러시아(연방),유학연수,2007-06-01,22.0
러시아(연방),유학연수,2007-07-01,44.0
러시아(연방),유학연수,2007-08-01,253.0
러시아(연방),유학연수,2007-09-01,89.0
러시아(연방),유학연수,2007-10-01,16.0
러시아(연방),유학연수,2007-11-01,13.0
러시아(연방),유학연수,2007-12-01,17.0
러시아(연방),유학연수,2008-01-01,53.0
러시아(연방),유학연수,2008-02-01,139.0
러시아(연방),유학연수,2008-03-01,74.0
러시아(연방),유학연수,2008-04-01,78.0
러시아(연방),유학연수,2008-05-01,22.0
러시아(연방),유학연수,2008-06-01,28.0
러시아(연방),유학연수,2008-07-01,38.0
러시아(연방),유학연수,2008-08-01,257.0
러시아(연방),유학연수,2008-09-01,82.0
러시아(연방),유학연수,2008-10-01,18.0
러시아(연방),유학연수,2008-11-01,27.0
러시아(연방),유학연수,2008-12-01,15.0
러시아(연방),유학연수,2009-01-01,84.0
러시아(연방),유학연수,2009-02-01,139.0
러시아(연방),유학연수,2009-03-01,87.0
러시아(연방),유학연수,2009-04-01,26.0
러시아(연방),유학연수,2009-05-01,16.0
러시아(연방),유학연수,2009-06-01,32.0
러시아(연방),유학연수,2009-07-01,71.0
러시아(연방),유학연수,2009-08-01,289.0
러시아(연방),유학연수,2009-09-01,68.0
러시아(연방),유학연수,2009-10-01,19.0
러시아(연방),유학연수,2009-11-01,20.0
러시아(연방),유학연수,2009-12-01,36.0
러시아(연방),유학연수,2010-01-01,83.0
러시아(연방),유학연수,2010-02-01,220.0
러시아(연방),유학연수,2010-03-01,73.0
러시아(연방),유학연수,2010-04-01,23.0
러시아(연방),유학연수,2010-05-01,14.0
러시아(연방),유학연수,2010-06-01,33.0
러시아(연방),유학연수,2010-07-01,58.0
러시아(연방),유학연수,2010-08-01,358.0
러시아(연방),유학연수,2010-09-01,85.0
러시아(연방),유학연수,2010-10-01,20.0
러시아(연방),유학연수,2010-11-01,13.0
러시아(연방),유학연수,2010-12-01,29.0
러시아(연방),유학연수,2011-01-01,70.0
러시아(연방),유학연수,2011-02-01,235.0
러시아(연방),유학연수,2011-03-01,84.0
러시아(연방),유학연수,2011-04-01,20.0
러시아(연방),유학연수,2011-05-01,19.0
러시아(연방),유학연수,2011-06-01,28.0
러시아(연방),유학연수,2011-07-01,39.0
러시아(연방),유학연수,2011-08-01,347.0
러시아(연방),유학연수,2011-09-01,102.0
러시아(연방),유학연수,2011-10-01,8.0
러시아(연방),유학연수,2011-11-01,21.0
러시아(연방),유학연수,2011-12-01,18.0
러시아(연방),유학연수,2012-01-01,85.0
러시아(연방),유학연수,2012-02-01,143.0
러시아(연방),유학연수,2012-03-01,81.0
러시아(연방),유학연수,2012-04-01,20.0
러시아(연방),유학연수,2012-05-01,19.0
러시아(연방),유학연수,2012-06-01,40.0
러시아(연방),유학연수,2012-07-01,51.0
러시아(연방),유학연수,2012-08-01,299.0
러시아(연방),유학연수,2012-09-01,109.0
러시아(연방),유학연수,2012-10-01,17.0
러시아(연방),유학연수,2012-11-01,22.0
러시아(연방),유학연수,2012-12-01,35.0
러시아(연방),유학연수,2013-01-01,80.0
러시아(연방),유학연수,2013-02-01,215.0
러시아(연방),유학연수,2013-03-01,116.0
러시아(연방),유학연수,2013-04-01,24.0
러시아(연방),유학연수,2013-05-01,31.0
러시아(연방),유학연수,2013-06-01,48.0
러시아(연방),유학연수,2013-07-01,50.0
러시아(연방),유학연수,2013-08-01,365.0
러시아(연방),유학연수,2013-09-01,125.0
러시아(연방),유학연수,2013-10-01,22.0
러시아(연방),유학연수,2013-11-01,21.0
러시아(연방),유학연수,2013-12-01,28.0
러시아(연방),유학연수,2014-01-01,77.0
러시아(연방),유학연수,2014-02-01,267.0
러시아(연방),유학연수,2014-03-01,126.0
러시아(연방),유학연수,2014-04-01,18.0
러시아(연방),유학연수,2014-05-01,41.0
러시아(연방),유학연수,2014-06-01,71.0
러시아(연방),유학연수,2014-07-01,48.0
러시아(연방),유학연수,2014-08-01,459.0
러시아(연방),유학연수,2014-09-01,140.0
러시아(연방),유학연수,2014-10-01,27.0
러시아(연방),유학연수,2014-11-01,49.0
러시아(연방),유학연수,2014-12-01,55.0
러시아(연방),유학연수,2015-01-01,76.0
러시아(연방),유학연수,2015-02-01,304.0
러시아(연방),유학연수,2015-03-01,104.0
러시아(연방),유학연수,2015-04-01,20.0
러시아(연방),유학연수,2015-05-01,43.0
러시아(연방),유학연수,2015-06-01,60.0
러시아(연방),유학연수,2015-07-01,42.0
러시아(연방),유학연수,2015-08-01,445.0
러시아(연방),유학연수,2015-09-01,136.0
러시아(연방),유학연수,2015-10-01,18.0
러시아(연방),유학연수,2015-11-01,37.0
러시아(연방),유학연수,2015-12-01,64.0
러시아(연방),유학연수,2016-01-01,73.0
러시아(연방),유학연수,2016-02-01,348.0
러시아(연방),유학연수,2016-03-01,89.0
러시아(연방),유학연수,2016-04-01,19.0
러시아(연방),유학연수,2016-05-01,44.0
러시아(연방),유학연수,2016-06-01,72.0
러시아(연방),유학연수,2016-07-01,68.0
러시아(연방),유학연수,2016-08-01,462.0
러시아(연방),유학연수,2016-09-01,124.0
러시아(연방),유학연수,2016-10-01,37.0
러시아(연방),유학연수,2016-11-01,41.0
러시아(연방),유학연수,2016-12-01,68.0
러시아(연방),유학연수,2017-01-01,105.0
러시아(연방),유학연수,2017-02-01,354.0
러시아(연방),유학연수,2017-03-01,125.0
러시아(연방),유학연수,2017-04-01,28.0
러시아(연방),유학연수,2017-05-01,75.0
러시아(연방),유학연수,2017-06-01,59.0
러시아(연방),유학연수,2017-07-01,59.0
러시아(연방),유학연수,2017-08-01,540.0
러시아(연방),유학연수,2017-09-01,114.0
러시아(연방),유학연수,2017-10-01,52.0
러시아(연방),유학연수,2017-11-01,52.0
러시아(연방),유학연수,2017-12-01,73.0
러시아(연방),유학연수,2018-01-01,127.0
러시아(연방),유학연수,2018-02-01,363.0
러시아(연방),유학연수,2018-03-01,141.0
러시아(연방),유학연수,2018-04-01,33.0
러시아(연방),유학연수,2018-05-01,63.0
러시아(연방),유학연수,2018-06-01,89.0
러시아(연방),유학연수,2018-07-01,96.0
러시아(연방),유학연수,2018-08-01,516.0
러시아(연방),유학연수,2018-09-01,167.0
러시아(연방),유학연수,2018-10-01,38.0
러시아(연방),유학연수,2018-11-01,68.0
러시아(연방),유학연수,2018-12-01,83.0
러시아(연방),유학연수,2019-01-01,191.0
러시아(연방),유학연수,2019-02-01,391.0
러시아(연방),유학연수,2019-03-01,182.0
러시아(연방),유학연수,2019-04-01,41.0
러시아(연방),유학연수,2019-05-01,87.0
러시아(연방),유학연수,2019-06-01,110.0
러시아(연방),유학연수,2019-07-01,109.0
러시아(연방),유학연수,2019-08-01,592.0
러시아(연방),유학연수,2019-09-01,155.0
러시아(연방),유학연수,2019-10-01,48.0
러시아(연방),유학연수,2019-11-01,87.0
러시아(연방),유학연수,2019-12-01,107.0
러시아(연방),유학연수,2020-01-01,139.0
러시아(연방),유학연수,2020-02-01,288.0
러시아(연방),유학연수,2020-03-01,115.0
러시아(연방),유학연수,2020-04-01,5.0
러시아(연방),유학연수,2020-05-01,3.0
러시아(연방),유학연수,2020-06-01,4.0
러시아(연방),유학연수,2020-07-01,7.0
러시아(연방),유학연수,2020-08-01,147.0
러시아(연방),유학연수,2020-09-01,94.0
러시아(연방),유학연수,2020-10-01,28.0
러시아(연방),유학연수,2020-11-01,87.0
러시아(연방),유학연수,2020-12-01,62.0
러시아(연방),유학연수,2021-01-01,28.0
러시아(연방),유학연수,2021-02-01,235.0
러시아(연방),유학연수,2021-03-01,112.0
러시아(연방),유학연수,2021-04-01,25.0
러시아(연방),유학연수,2021-05-01,59.0
러시아(연방),유학연수,2021-06-01,88.0
러시아(연방),유학연수,2021-07-01,25.0
러시아(연방),유학연수,2021-08-01,464.0
러시아(연방),유학연수,2021-09-01,159.0
러시아(연방),유학연수,2021-10-01,76.0
러시아(연방),유학연수,2021-11-01,122.0
러시아(연방),유학연수,2021-12-01,64.0
러시아(연방),유학연수,2022-01-01,71.0
러시아(연방),유학연수,2022-02-01,417.0
러시아(연방),유학연수,2022-03-01,109.0
러시아(연방),유학연수,2022-04-01,14.0
러시아(연방),유학연수,2022-05-01,85.0
러시아(연방),유학연수,2022-06-01,63.0
러시아(연방),유학연수,2022-07-01,61.0
러시아(연방),유학연수,2022-08-01,496.0
러시아(연방),유학연수,2022-09-01,139.0
러시아(연방),유학연수,2022-10-01,34.0
러시아(연방),유학연수,2022-11-01,129.0
러시아(연방),유학연수,2022-12-01,121.0
러시아(연방),유학연수,2023-01-01,144.0
러시아(연방),유학연수,2023-02-01,500.0
러시아(연방),유학연수,2023-03-01,183.0
러시아(연방),유학연수,2023-04-01,43.0
러시아(연방),유학연수,2023-05-01,107.0
러시아(연방),유학연수,2023-06-01,108.0
러시아(연방),유학연수,2023-07-01,154.0
러시아(연방),유학연수,2023-08-01,885.0
러시아(연방),유학연수,2023-09-01,234.0
러시아(연방),유학연수,2023-10-01,66.0
러시아(연방),유학연수,2023-11-01,151.0
러시아(연방),유학연수,2023-12-01,169.0
러시아(연방),유학연수,2024-01-01,232.0
러시아(연방),유학연수,2024-02-01,628.0
러시아(연방),유학연수,2024-03-01,273.0
러시아(연방),유학연수,2024-04-01,48.0
러시아(연방),유학연수,2024-05-01,153.0
러시아(연방),유학연수,2024-06-01,149.0
러시아(연방),유학연수,2024-07-01,209.0
러시아(연방),유학연수,2024-08-01,1124.0
러시아(연방),유학연수,2024-09-01,277.0
러시아(연방),유학연수,2024-10-01,95.0
러시아(연방),유학연수,2024-11-01,218.0
러시아(연방),유학연수,2024-12-01,192.0
러시아(연방),유학연수,2025-01-01,310.0
러시아(연방),유학연수,2025-02-01,785.0
러시아(연방),유학연수,2025-03-01,331.0
러시아(연방),유학연수,2025-04-01,77.0
러시아(연방),유학연수,2025-05-01,241.0
루마니아,공용,2005-01-01,0.0
루마니아,공용,2005-02-01,0.0
루마니아,공용,2005-03-01,1.0
루마니아,공용,2005-04-01,1.0
루마니아,공용,2005-05-01,0.0
루마니아,공용,2005-06-01,0.0
루마니아,공용,2005-07-01,1.0
루마니아,공용,2005-08-01,0.0
루마니아,공용,2005-09-01,3.0
루마니아,공용,2005-10-01,1.0
루마니아,공용,2005-11-01,0.0
루마니아,공용,2005-12-01,1.0
루마니아,공용,2006-01-01,0.0
루마니아,공용,2006-02-01,0.0
루마니아,공용,2006-03-01,0.0
루마니아,공용,2006-04-01,0.0
루마니아,공용,2006-05-01,0.0
루마니아,공용,2006-06-01,0.0
루마니아,공용,2006-07-01,0.0
루마니아,공용,2006-08-01,1.0
루마니아,공용,2006-09-01,0.0
루마니아,공용,2006-10-01,0.0
루마니아,공용,2006-11-01,0.0
루마니아,공용,2006-12-01,0.0
루마니아,공용,2007-01-01,0.0
루마니아,공용,2007-02-01,0.0
루마니아,공용,2007-03-01,0.0
루마니아,공용,2007-04-01,0.0
루마니아,공용,2007-05-01,0.0
루마니아,공용,2007-06-01,0.0
루마니아,공용,2007-07-01,0.0
루마니아,공용,2007-08-01,0.0
루마니아,공용,2007-09-01,0.0
루마니아,공용,2007-10-01,0.0
루마니아,공용,2007-11-01,0.0
루마니아,공용,2007-12-01,0.0
루마니아,공용,2008-01-01,0.0
루마니아,공용,2008-02-01,0.0
루마니아,공용,2008-03-01,0.0
루마니아,공용,2008-04-01,0.0
루마니아,공용,2008-05-01,0.0
루마니아,공용,2008-06-01,1.0
루마니아,공용,2008-07-01,2.0
루마니아,공용,2008-08-01,1.0
루마니아,공용,2008-09-01,27.0
루마니아,공용,2008-10-01,0.0
루마니아,공용,2008-11-01,1.0
루마니아,공용,2008-12-01,0.0
루마니아,공용,2009-01-01,0.0
루마니아,공용,2009-02-01,0.0
루마니아,공용,2009-03-01,0.0
루마니아,공용,2009-04-01,0.0
루마니아,공용,2009-05-01,0.0
루마니아,공용,2009-06-01,0.0
루마니아,공용,2009-07-01,2.0
루마니아,공용,2009-08-01,0.0
루마니아,공용,2009-09-01,1.0
루마니아,공용,2009-10-01,0.0
루마니아,공용,2009-11-01,0.0
루마니아,공용,2009-12-01,0.0
루마니아,공용,2010-01-01,0.0
루마니아,공용,2010-02-01,0.0
루마니아,공용,2010-03-01,0.0
루마니아,공용,2010-04-01,0.0
루마니아,공용,2010-05-01,1.0
루마니아,공용,2010-06-01,0.0
루마니아,공용,2010-07-01,0.0
루마니아,공용,2010-08-01,0.0
루마니아,공용,2010-09-01,0.0
루마니아,공용,2010-10-01,0.0
루마니아,공용,2010-11-01,0.0
루마니아,공용,2010-12-01,1.0
루마니아,공용,2011-01-01,0.0
루마니아,공용,2011-02-01,2.0
루마니아,공용,2011-03-01,0.0
루마니아,공용,2011-04-01,5.0
루마니아,공용,2011-05-01,0.0
루마니아,공용,2011-06-01,0.0
루마니아,공용,2011-07-01,1.0
루마니아,공용,2011-08-01,1.0
루마니아,공용,2011-09-01,0.0
루마니아,공용,2011-10-01,1.0
루마니아,공용,2011-11-01,0.0
루마니아,공용,2011-12-01,0.0
루마니아,공용,2012-01-01,0.0
루마니아,공용,2012-02-01,1.0
루마니아,공용,2012-03-01,10.0
루마니아,공용,2012-04-01,0.0
루마니아,공용,2012-05-01,1.0
루마니아,공용,2012-06-01,0.0
루마니아,공용,2012-07-01,0.0
루마니아,공용,2012-08-01,1.0
루마니아,공용,2012-09-01,0.0
루마니아,공용,2012-10-01,0.0
루마니아,공용,2012-11-01,0.0
루마니아,공용,2012-12-01,0.0
루마니아,공용,2013-01-01,0.0
루마니아,공용,2013-02-01,0.0
루마니아,공용,2013-03-01,0.0
루마니아,공용,2013-04-01,0.0
루마니아,공용,2013-05-01,0.0
루마니아,공용,2013-06-01,0.0
루마니아,공용,2013-07-01,0.0
루마니아,공용,2013-08-01,1.0
루마니아,공용,2013-09-01,0.0
루마니아,공용,2013-10-01,2.0
루마니아,공용,2013-11-01,0.0
루마니아,공용,2013-12-01,0.0
루마니아,공용,2014-01-01,2.0
루마니아,공용,2014-02-01,1.0
루마니아,공용,2014-03-01,0.0
루마니아,공용,2014-04-01,2.0
루마니아,공용,2014-05-01,2.0
루마니아,공용,2014-06-01,1.0
루마니아,공용,2014-07-01,0.0
루마니아,공용,2014-08-01,0.0
루마니아,공용,2014-09-01,6.0
루마니아,공용,2014-10-01,1.0
루마니아,공용,2014-11-01,2.0
루마니아,공용,2014-12-01,0.0
루마니아,공용,2015-01-01,5.0
루마니아,공용,2015-02-01,1.0
루마니아,공용,2015-03-01,0.0
루마니아,공용,2015-04-01,0.0
루마니아,공용,2015-05-01,7.0
루마니아,공용,2015-06-01,4.0
루마니아,공용,2015-07-01,0.0
루마니아,공용,2015-08-01,4.0
루마니아,공용,2015-09-01,34.0
루마니아,공용,2015-10-01,1.0
루마니아,공용,2015-11-01,1.0
루마니아,공용,2015-12-01,0.0
루마니아,공용,2016-01-01,1.0
루마니아,공용,2016-02-01,0.0
루마니아,공용,2016-03-01,2.0
루마니아,공용,2016-04-01,1.0
루마니아,공용,2016-05-01,0.0
루마니아,공용,2016-06-01,2.0
루마니아,공용,2016-07-01,0.0
루마니아,공용,2016-08-01,7.0
루마니아,공용,2016-09-01,4.0
루마니아,공용,2016-10-01,8.0
루마니아,공용,2016-11-01,4.0
루마니아,공용,2016-12-01,0.0
루마니아,공용,2017-01-01,1.0
루마니아,공용,2017-02-01,3.0
루마니아,공용,2017-03-01,0.0
루마니아,공용,2017-04-01,5.0
루마니아,공용,2017-05-01,1.0
루마니아,공용,2017-06-01,0.0
루마니아,공용,2017-07-01,4.0
루마니아,공용,2017-08-01,0.0
루마니아,공용,2017-09-01,7.0
루마니아,공용,2017-10-01,10.0
루마니아,공용,2017-11-01,0.0
루마니아,공용,2017-12-01,1.0
루마니아,공용,2018-01-01,1.0
루마니아,공용,2018-02-01,1.0
루마니아,공용,2018-03-01,1.0
루마니아,공용,2018-04-01,5.0
루마니아,공용,2018-05-01,1.0
루마니아,공용,2018-06-01,4.0
루마니아,공용,2018-07-01,0.0
루마니아,공용,2018-08-01,4.0
루마니아,공용,2018-09-01,6.0
루마니아,공용,2018-10-01,8.0
루마니아,공용,2018-11-01,11.0
루마니아,공용,2018-12-01,7.0
루마니아,공용,2019-01-01,4.0
루마니아,공용,2019-02-01,4.0
루마니아,공용,2019-03-01,3.0
루마니아,공용,2019-04-01,3.0
루마니아,공용,2019-05-01,1.0
루마니아,공용,2019-06-01,7.0
루마니아,공용,2019-07-01,1.0
루마니아,공용,2019-08-01,3.0
루마니아,공용,2019-09-01,5.0
루마니아,공용,2019-10-01,15.0
루마니아,공용,2019-11-01,6.0
루마니아,공용,2019-12-01,1.0
루마니아,공용,2020-01-01,7.0
루마니아,공용,2020-02-01,1.0
루마니아,공용,2020-03-01,2.0
루마니아,공용,2020-04-01,0.0
루마니아,공용,2020-05-01,0.0
루마니아,공용,2020-06-01,0.0
루마니아,공용,2020-07-01,0.0
루마니아,공용,2020-08-01,1.0
루마니아,공용,2020-09-01,0.0
루마니아,공용,2020-10-01,1.0
루마니아,공용,2020-11-01,0.0
루마니아,공용,2020-12-01,0.0
루마니아,공용,2021-01-01,1.0
루마니아,공용,2021-02-01,0.0
루마니아,공용,2021-03-01,1.0
루마니아,공용,2021-04-01,0.0
루마니아,공용,2021-05-01,1.0
루마니아,공용,2021-06-01,0.0
루마니아,공용,2021-07-01,2.0
루마니아,공용,2021-08-01,0.0
