국적,목적,날짜,입국자수
에콰도르,상용,2014-03-01,0.0
에콰도르,상용,2014-04-01,2.0
에콰도르,상용,2014-05-01,0.0
에콰도르,상용,2014-06-01,0.0
에콰도르,상용,2014-07-01,0.0
에콰도르,상용,2014-08-01,0.0
에콰도르,상용,2014-09-01,0.0
에콰도르,상용,2014-10-01,0.0
에콰도르,상용,2014-11-01,0.0
에콰도르,상용,2014-12-01,0.0
에콰도르,상용,2015-01-01,0.0
에콰도르,상용,2015-02-01,0.0
에콰도르,상용,2015-03-01,0.0
에콰도르,상용,2015-04-01,0.0
에콰도르,상용,2015-05-01,0.0
에콰도르,상용,2015-06-01,0.0
에콰도르,상용,2015-07-01,0.0
에콰도르,상용,2015-08-01,0.0
에콰도르,상용,2015-09-01,0.0
에콰도르,상용,2015-10-01,1.0
에콰도르,상용,2015-11-01,0.0
에콰도르,상용,2015-12-01,0.0
에콰도르,상용,2016-01-01,0.0
에콰도르,상용,2016-02-01,0.0
에콰도르,상용,2016-03-01,0.0
에콰도르,상용,2016-04-01,0.0
에콰도르,상용,2016-05-01,0.0
에콰도르,상용,2016-06-01,0.0
에콰도르,상용,2016-07-01,0.0
에콰도르,상용,2016-08-01,0.0
에콰도르,상용,2016-09-01,0.0
에콰도르,상용,2016-10-01,0.0
에콰도르,상용,2016-11-01,0.0
에콰도르,상용,2016-12-01,0.0
에콰도르,상용,2017-01-01,0.0
에콰도르,상용,2017-02-01,0.0
에콰도르,상용,2017-03-01,0.0
에콰도르,상용,2017-04-01,0.0
에콰도르,상용,2017-05-01,1.0
에콰도르,상용,2017-06-01,0.0
에콰도르,상용,2017-07-01,0.0
에콰도르,상용,2017-08-01,0.0
에콰도르,상용,2017-09-01,0.0
에콰도르,상용,2017-10-01,0.0
에콰도르,상용,2017-11-01,0.0
에콰도르,상용,2017-12-01,0.0
에콰도르,상용,2018-01-01,1.0
에콰도르,상용,2018-02-01,0.0
에콰도르,상용,2018-03-01,0.0
에콰도르,상용,2018-04-01,0.0
에콰도르,상용,2018-05-01,0.0
에콰도르,상용,2018-06-01,1.0
에콰도르,상용,2018-07-01,0.0
에콰도르,상용,2018-08-01,0.0
에콰도르,상용,2018-09-01,0.0
에콰도르,상용,2018-10-01,0.0
에콰도르,상용,2018-11-01,0.0
에콰도르,상용,2018-12-01,0.0
에콰도르,상용,2019-01-01,0.0
에콰도르,상용,2019-02-01,0.0
에콰도르,상용,2019-03-01,0.0
에콰도르,상용,2019-04-01,0.0
에콰도르,상용,2019-05-01,0.0
에콰도르,상용,2019-06-01,0.0
에콰도르,상용,2019-07-01,0.0
에콰도르,상용,2019-08-01,0.0
에콰도르,상용,2019-09-01,0.0
에콰도르,상용,2019-10-01,0.0
에콰도르,상용,2019-11-01,0.0
에콰도르,상용,2019-12-01,0.0
에콰도르,상용,2020-01-01,0.0
에콰도르,상용,2020-02-01,0.0
에콰도르,상용,2020-03-01,0.0
에콰도르,상용,2020-04-01,0.0
에콰도르,상용,2020-05-01,0.0
에콰도르,상용,2020-06-01,0.0
에콰도르,상용,2020-07-01,0.0
에콰도르,상용,2020-08-01,0.0
에콰도르,상용,2020-09-01,1.0
에콰도르,상용,2020-10-01,0.0
에콰도르,상용,2020-11-01,0.0
에콰도르,상용,2020-12-01,0.0
에콰도르,상용,2021-01-01,0.0
에콰도르,상용,2021-02-01,0.0
에콰도르,상용,2021-03-01,0.0
에콰도르,상용,2021-04-01,0.0
에콰도르,상용,2021-05-01,0.0
에콰도르,상용,2021-06-01,0.0
에콰도르,상용,2021-07-01,1.0
에콰도르,상용,2021-08-01,0.0
에콰도르,상용,2021-09-01,0.0
에콰도르,상용,2021-10-01,1.0
에콰도르,상용,2021-11-01,16.0
에콰도르,상용,2021-12-01,0.0
에콰도르,상용,2022-01-01,2.0
에콰도르,상용,2022-02-01,0.0
에콰도르,상용,2022-03-01,0.0
에콰도르,상용,2022-04-01,1.0
에콰도르,상용,2022-05-01,0.0
에콰도르,상용,2022-06-01,0.0
에콰도르,상용,2022-07-01,2.0
에콰도르,상용,2022-08-01,0.0
에콰도르,상용,2022-09-01,0.0
에콰도르,상용,2022-10-01,0.0
에콰도르,상용,2022-11-01,0.0
에콰도르,상용,2022-12-01,1.0
에콰도르,상용,2023-01-01,0.0
에콰도르,상용,2023-02-01,0.0
에콰도르,상용,2023-03-01,1.0
에콰도르,상용,2023-04-01,0.0
에콰도르,상용,2023-05-01,0.0
에콰도르,상용,2023-06-01,1.0
에콰도르,상용,2023-07-01,0.0
에콰도르,상용,2023-08-01,0.0
에콰도르,상용,2023-09-01,0.0
에콰도르,상용,2023-10-01,0.0
에콰도르,상용,2023-11-01,0.0
에콰도르,상용,2023-12-01,1.0
에콰도르,상용,2024-01-01,0.0
에콰도르,상용,2024-02-01,0.0
에콰도르,상용,2024-03-01,0.0
에콰도르,상용,2024-04-01,0.0
에콰도르,상용,2024-05-01,1.0
에콰도르,상용,2024-06-01,0.0
에콰도르,상용,2024-07-01,0.0
에콰도르,상용,2024-08-01,0.0
에콰도르,상용,2024-09-01,0.0
에콰도르,상용,2024-10-01,0.0
에콰도르,상용,2024-11-01,0.0
에콰도르,상용,2024-12-01,0.0
에콰도르,상용,2025-01-01,0.0
에콰도르,상용,2025-02-01,0.0
에콰도르,상용,2025-03-01,0.0
에콰도르,상용,2025-04-01,0.0
에콰도르,상용,2025-05-01,0.0
에콰도르,유학연수,2005-01-01,0.0
에콰도르,유학연수,2005-02-01,2.0
에콰도르,유학연수,2005-03-01,2.0
에콰도르,유학연수,2005-04-01,0.0
에콰도르,유학연수,2005-05-01,0.0
에콰도르,유학연수,2005-06-01,0.0
에콰도르,유학연수,2005-07-01,0.0
에콰도르,유학연수,2005-08-01,3.0
에콰도르,유학연수,2005-09-01,0.0
에콰도르,유학연수,2005-10-01,0.0
에콰도르,유학연수,2005-11-01,0.0
에콰도르,유학연수,2005-12-01,0.0
에콰도르,유학연수,2006-01-01,1.0
에콰도르,유학연수,2006-02-01,1.0
에콰도르,유학연수,2006-03-01,4.0
에콰도르,유학연수,2006-04-01,1.0
에콰도르,유학연수,2006-05-01,1.0
에콰도르,유학연수,2006-06-01,1.0
에콰도르,유학연수,2006-07-01,1.0
에콰도르,유학연수,2006-08-01,0.0
에콰도르,유학연수,2006-09-01,0.0
에콰도르,유학연수,2006-10-01,0.0
에콰도르,유학연수,2006-11-01,0.0
에콰도르,유학연수,2006-12-01,0.0
에콰도르,유학연수,2007-01-01,0.0
에콰도르,유학연수,2007-02-01,2.0
에콰도르,유학연수,2007-03-01,2.0
에콰도르,유학연수,2007-04-01,0.0
에콰도르,유학연수,2007-05-01,0.0
에콰도르,유학연수,2007-06-01,0.0
에콰도르,유학연수,2007-07-01,0.0
에콰도르,유학연수,2007-08-01,1.0
에콰도르,유학연수,2007-09-01,0.0
에콰도르,유학연수,2007-10-01,0.0
에콰도르,유학연수,2007-11-01,0.0
에콰도르,유학연수,2007-12-01,0.0
에콰도르,유학연수,2008-01-01,1.0
에콰도르,유학연수,2008-02-01,3.0
에콰도르,유학연수,2008-03-01,0.0
에콰도르,유학연수,2008-04-01,1.0
에콰도르,유학연수,2008-05-01,2.0
에콰도르,유학연수,2008-06-01,2.0
에콰도르,유학연수,2008-07-01,2.0
에콰도르,유학연수,2008-08-01,3.0
에콰도르,유학연수,2008-09-01,3.0
에콰도르,유학연수,2008-10-01,0.0
에콰도르,유학연수,2008-11-01,0.0
에콰도르,유학연수,2008-12-01,1.0
에콰도르,유학연수,2009-01-01,1.0
에콰도르,유학연수,2009-02-01,1.0
에콰도르,유학연수,2009-03-01,2.0
에콰도르,유학연수,2009-04-01,0.0
에콰도르,유학연수,2009-05-01,1.0
에콰도르,유학연수,2009-06-01,0.0
에콰도르,유학연수,2009-07-01,1.0
에콰도르,유학연수,2009-08-01,3.0
에콰도르,유학연수,2009-09-01,2.0
에콰도르,유학연수,2009-10-01,0.0
에콰도르,유학연수,2009-11-01,0.0
에콰도르,유학연수,2009-12-01,0.0
에콰도르,유학연수,2010-01-01,0.0
에콰도르,유학연수,2010-02-01,0.0
에콰도르,유학연수,2010-03-01,0.0
에콰도르,유학연수,2010-04-01,0.0
에콰도르,유학연수,2010-05-01,0.0
에콰도르,유학연수,2010-06-01,1.0
에콰도르,유학연수,2010-07-01,1.0
에콰도르,유학연수,2010-08-01,4.0
에콰도르,유학연수,2010-09-01,3.0
에콰도르,유학연수,2010-10-01,0.0
에콰도르,유학연수,2010-11-01,0.0
에콰도르,유학연수,2010-12-01,3.0
에콰도르,유학연수,2011-01-01,4.0
에콰도르,유학연수,2011-02-01,3.0
에콰도르,유학연수,2011-03-01,3.0
에콰도르,유학연수,2011-04-01,2.0
에콰도르,유학연수,2011-05-01,3.0
에콰도르,유학연수,2011-06-01,1.0
에콰도르,유학연수,2011-07-01,2.0
에콰도르,유학연수,2011-08-01,8.0
에콰도르,유학연수,2011-09-01,3.0
에콰도르,유학연수,2011-10-01,0.0
에콰도르,유학연수,2011-11-01,0.0
에콰도르,유학연수,2011-12-01,4.0
에콰도르,유학연수,2012-01-01,1.0
에콰도르,유학연수,2012-02-01,5.0
에콰도르,유학연수,2012-03-01,3.0
에콰도르,유학연수,2012-04-01,2.0
에콰도르,유학연수,2012-05-01,2.0
에콰도르,유학연수,2012-06-01,1.0
에콰도르,유학연수,2012-07-01,5.0
에콰도르,유학연수,2012-08-01,9.0
에콰도르,유학연수,2012-09-01,1.0
에콰도르,유학연수,2012-10-01,3.0
에콰도르,유학연수,2012-11-01,0.0
에콰도르,유학연수,2012-12-01,0.0
에콰도르,유학연수,2013-01-01,4.0
에콰도르,유학연수,2013-02-01,5.0
에콰도르,유학연수,2013-03-01,2.0
에콰도르,유학연수,2013-04-01,3.0
에콰도르,유학연수,2013-05-01,3.0
에콰도르,유학연수,2013-06-01,4.0
에콰도르,유학연수,2013-07-01,1.0
에콰도르,유학연수,2013-08-01,14.0
에콰도르,유학연수,2013-09-01,2.0
에콰도르,유학연수,2013-10-01,1.0
에콰도르,유학연수,2013-11-01,5.0
에콰도르,유학연수,2013-12-01,2.0
에콰도르,유학연수,2014-01-01,2.0
에콰도르,유학연수,2014-02-01,24.0
에콰도르,유학연수,2014-03-01,7.0
에콰도르,유학연수,2014-04-01,0.0
에콰도르,유학연수,2014-05-01,7.0
에콰도르,유학연수,2014-06-01,4.0
에콰도르,유학연수,2014-07-01,1.0
에콰도르,유학연수,2014-08-01,26.0
에콰도르,유학연수,2014-09-01,2.0
에콰도르,유학연수,2014-10-01,3.0
에콰도르,유학연수,2014-11-01,6.0
에콰도르,유학연수,2014-12-01,1.0
에콰도르,유학연수,2015-01-01,9.0
에콰도르,유학연수,2015-02-01,42.0
에콰도르,유학연수,2015-03-01,9.0
에콰도르,유학연수,2015-04-01,3.0
에콰도르,유학연수,2015-05-01,5.0
에콰도르,유학연수,2015-06-01,8.0
에콰도르,유학연수,2015-07-01,9.0
에콰도르,유학연수,2015-08-01,46.0
에콰도르,유학연수,2015-09-01,9.0
에콰도르,유학연수,2015-10-01,5.0
에콰도르,유학연수,2015-11-01,4.0
에콰도르,유학연수,2015-12-01,5.0
에콰도르,유학연수,2016-01-01,26.0
에콰도르,유학연수,2016-02-01,34.0
에콰도르,유학연수,2016-03-01,10.0
에콰도르,유학연수,2016-04-01,0.0
에콰도르,유학연수,2016-05-01,3.0
에콰도르,유학연수,2016-06-01,10.0
에콰도르,유학연수,2016-07-01,12.0
에콰도르,유학연수,2016-08-01,66.0
에콰도르,유학연수,2016-09-01,5.0
에콰도르,유학연수,2016-10-01,6.0
에콰도르,유학연수,2016-11-01,8.0
에콰도르,유학연수,2016-12-01,7.0
에콰도르,유학연수,2017-01-01,24.0
에콰도르,유학연수,2017-02-01,46.0
에콰도르,유학연수,2017-03-01,10.0
에콰도르,유학연수,2017-04-01,4.0
에콰도르,유학연수,2017-05-01,7.0
에콰도르,유학연수,2017-06-01,4.0
에콰도르,유학연수,2017-07-01,17.0
에콰도르,유학연수,2017-08-01,62.0
에콰도르,유학연수,2017-09-01,9.0
에콰도르,유학연수,2017-10-01,15.0
에콰도르,유학연수,2017-11-01,6.0
에콰도르,유학연수,2017-12-01,7.0
에콰도르,유학연수,2018-01-01,24.0
에콰도르,유학연수,2018-02-01,44.0
에콰도르,유학연수,2018-03-01,16.0
에콰도르,유학연수,2018-04-01,8.0
에콰도르,유학연수,2018-05-01,11.0
에콰도르,유학연수,2018-06-01,7.0
에콰도르,유학연수,2018-07-01,23.0
에콰도르,유학연수,2018-08-01,50.0
에콰도르,유학연수,2018-09-01,8.0
에콰도르,유학연수,2018-10-01,3.0
에콰도르,유학연수,2018-11-01,6.0
에콰도르,유학연수,2018-12-01,10.0
에콰도르,유학연수,2019-01-01,25.0
에콰도르,유학연수,2019-02-01,42.0
에콰도르,유학연수,2019-03-01,16.0
에콰도르,유학연수,2019-04-01,5.0
에콰도르,유학연수,2019-05-01,6.0
에콰도르,유학연수,2019-06-01,4.0
에콰도르,유학연수,2019-07-01,22.0
에콰도르,유학연수,2019-08-01,60.0
에콰도르,유학연수,2019-09-01,11.0
에콰도르,유학연수,2019-10-01,6.0
에콰도르,유학연수,2019-11-01,9.0
에콰도르,유학연수,2019-12-01,8.0
에콰도르,유학연수,2020-01-01,19.0
에콰도르,유학연수,2020-02-01,21.0
에콰도르,유학연수,2020-03-01,10.0
에콰도르,유학연수,2020-04-01,0.0
에콰도르,유학연수,2020-05-01,1.0
에콰도르,유학연수,2020-06-01,0.0
에콰도르,유학연수,2020-07-01,1.0
에콰도르,유학연수,2020-08-01,17.0
에콰도르,유학연수,2020-09-01,5.0
에콰도르,유학연수,2020-10-01,0.0
에콰도르,유학연수,2020-11-01,2.0
에콰도르,유학연수,2020-12-01,0.0
에콰도르,유학연수,2021-01-01,8.0
에콰도르,유학연수,2021-02-01,15.0
에콰도르,유학연수,2021-03-01,4.0
에콰도르,유학연수,2021-04-01,0.0
에콰도르,유학연수,2021-05-01,5.0
에콰도르,유학연수,2021-06-01,0.0
에콰도르,유학연수,2021-07-01,2.0
에콰도르,유학연수,2021-08-01,29.0
에콰도르,유학연수,2021-09-01,2.0
에콰도르,유학연수,2021-10-01,0.0
에콰도르,유학연수,2021-11-01,0.0
에콰도르,유학연수,2021-12-01,2.0
에콰도르,유학연수,2022-01-01,7.0
에콰도르,유학연수,2022-02-01,27.0
에콰도르,유학연수,2022-03-01,5.0
에콰도르,유학연수,2022-04-01,2.0
에콰도르,유학연수,2022-05-01,3.0
에콰도르,유학연수,2022-06-01,2.0
에콰도르,유학연수,2022-07-01,6.0
에콰도르,유학연수,2022-08-01,38.0
에콰도르,유학연수,2022-09-01,4.0
에콰도르,유학연수,2022-10-01,2.0
에콰도르,유학연수,2022-11-01,1.0
에콰도르,유학연수,2022-12-01,3.0
에콰도르,유학연수,2023-01-01,15.0
에콰도르,유학연수,2023-02-01,27.0
에콰도르,유학연수,2023-03-01,5.0
에콰도르,유학연수,2023-04-01,2.0
에콰도르,유학연수,2023-05-01,7.0
에콰도르,유학연수,2023-06-01,8.0
에콰도르,유학연수,2023-07-01,13.0
에콰도르,유학연수,2023-08-01,47.0
에콰도르,유학연수,2023-09-01,5.0
에콰도르,유학연수,2023-10-01,5.0
에콰도르,유학연수,2023-11-01,9.0
에콰도르,유학연수,2023-12-01,4.0
에콰도르,유학연수,2024-01-01,15.0
에콰도르,유학연수,2024-02-01,21.0
에콰도르,유학연수,2024-03-01,6.0
에콰도르,유학연수,2024-04-01,1.0
에콰도르,유학연수,2024-05-01,5.0
에콰도르,유학연수,2024-06-01,7.0
에콰도르,유학연수,2024-07-01,12.0
에콰도르,유학연수,2024-08-01,42.0
에콰도르,유학연수,2024-09-01,8.0
에콰도르,유학연수,2024-10-01,6.0
에콰도르,유학연수,2024-11-01,4.0
에콰도르,유학연수,2024-12-01,6.0
에콰도르,유학연수,2025-01-01,14.0
에콰도르,유학연수,2025-02-01,23.0
에콰도르,유학연수,2025-03-01,17.0
에콰도르,유학연수,2025-04-01,1.0
에콰도르,유학연수,2025-05-01,5.0
영국,공용,2005-01-01,3.0
영국,공용,2005-02-01,8.0
영국,공용,2005-03-01,8.0
영국,공용,2005-04-01,4.0
영국,공용,2005-05-01,2.0
영국,공용,2005-06-01,5.0
영국,공용,2005-07-01,7.0
영국,공용,2005-08-01,9.0
영국,공용,2005-09-01,10.0
영국,공용,2005-10-01,9.0
영국,공용,2005-11-01,9.0
영국,공용,2005-12-01,4.0
영국,공용,2006-01-01,8.0
영국,공용,2006-02-01,5.0
영국,공용,2006-03-01,4.0
영국,공용,2006-04-01,7.0
영국,공용,2006-05-01,3.0
영국,공용,2006-06-01,3.0
영국,공용,2006-07-01,9.0
영국,공용,2006-08-01,9.0
영국,공용,2006-09-01,3.0
영국,공용,2006-10-01,3.0
영국,공용,2006-11-01,6.0
영국,공용,2006-12-01,4.0
영국,공용,2007-01-01,6.0
영국,공용,2007-02-01,6.0
영국,공용,2007-03-01,2.0
영국,공용,2007-04-01,7.0
영국,공용,2007-05-01,3.0
영국,공용,2007-06-01,6.0
영국,공용,2007-07-01,9.0
영국,공용,2007-08-01,3.0
영국,공용,2007-09-01,3.0
영국,공용,2007-10-01,2.0
영국,공용,2007-11-01,6.0
영국,공용,2007-12-01,2.0
영국,공용,2008-01-01,8.0
영국,공용,2008-02-01,3.0
영국,공용,2008-03-01,5.0
영국,공용,2008-04-01,5.0
영국,공용,2008-05-01,0.0
영국,공용,2008-06-01,5.0
영국,공용,2008-07-01,2.0
영국,공용,2008-08-01,6.0
영국,공용,2008-09-01,4.0
영국,공용,2008-10-01,2.0
영국,공용,2008-11-01,1.0
영국,공용,2008-12-01,6.0
영국,공용,2009-01-01,2.0
영국,공용,2009-02-01,1.0
영국,공용,2009-03-01,3.0
영국,공용,2009-04-01,2.0
영국,공용,2009-05-01,3.0
영국,공용,2009-06-01,6.0
영국,공용,2009-07-01,3.0
영국,공용,2009-08-01,11.0
영국,공용,2009-09-01,1.0
영국,공용,2009-10-01,2.0
영국,공용,2009-11-01,5.0
영국,공용,2009-12-01,10.0
영국,공용,2010-01-01,4.0
영국,공용,2010-02-01,4.0
영국,공용,2010-03-01,5.0
영국,공용,2010-04-01,2.0
영국,공용,2010-05-01,15.0
영국,공용,2010-06-01,3.0
영국,공용,2010-07-01,4.0
영국,공용,2010-08-01,12.0
영국,공용,2010-09-01,8.0
영국,공용,2010-10-01,4.0
영국,공용,2010-11-01,4.0
영국,공용,2010-12-01,2.0
영국,공용,2011-01-01,11.0
영국,공용,2011-02-01,4.0
영국,공용,2011-03-01,4.0
영국,공용,2011-04-01,3.0
영국,공용,2011-05-01,7.0
영국,공용,2011-06-01,4.0
영국,공용,2011-07-01,2.0
영국,공용,2011-08-01,5.0
영국,공용,2011-09-01,6.0
영국,공용,2011-10-01,2.0
영국,공용,2011-11-01,11.0
영국,공용,2011-12-01,0.0
영국,공용,2012-01-01,7.0
영국,공용,2012-02-01,0.0
영국,공용,2012-03-01,12.0
영국,공용,2012-04-01,1.0
영국,공용,2012-05-01,5.0
영국,공용,2012-06-01,7.0
영국,공용,2012-07-01,5.0
영국,공용,2012-08-01,7.0
영국,공용,2012-09-01,2.0
영국,공용,2012-10-01,4.0
영국,공용,2012-11-01,7.0
영국,공용,2012-12-01,0.0
영국,공용,2013-01-01,4.0
영국,공용,2013-02-01,3.0
영국,공용,2013-03-01,3.0
영국,공용,2013-04-01,1.0
영국,공용,2013-05-01,5.0
영국,공용,2013-06-01,11.0
영국,공용,2013-07-01,11.0
영국,공용,2013-08-01,5.0
영국,공용,2013-09-01,9.0
영국,공용,2013-10-01,9.0
영국,공용,2013-11-01,6.0
영국,공용,2013-12-01,14.0
영국,공용,2014-01-01,17.0
영국,공용,2014-02-01,5.0
영국,공용,2014-03-01,7.0
영국,공용,2014-04-01,13.0
영국,공용,2014-05-01,13.0
영국,공용,2014-06-01,9.0
영국,공용,2014-07-01,8.0
영국,공용,2014-08-01,15.0
영국,공용,2014-09-01,9.0
영국,공용,2014-10-01,11.0
영국,공용,2014-11-01,16.0
영국,공용,2014-12-01,9.0
영국,공용,2015-01-01,14.0
영국,공용,2015-02-01,8.0
영국,공용,2015-03-01,10.0
영국,공용,2015-04-01,19.0
영국,공용,2015-05-01,14.0
영국,공용,2015-06-01,14.0
영국,공용,2015-07-01,9.0
영국,공용,2015-08-01,16.0
영국,공용,2015-09-01,47.0
영국,공용,2015-10-01,10.0
영국,공용,2015-11-01,18.0
영국,공용,2015-12-01,3.0
영국,공용,2016-01-01,22.0
영국,공용,2016-02-01,5.0
영국,공용,2016-03-01,12.0
영국,공용,2016-04-01,4.0
영국,공용,2016-05-01,6.0
영국,공용,2016-06-01,12.0
영국,공용,2016-07-01,13.0
영국,공용,2016-08-01,10.0
영국,공용,2016-09-01,7.0
영국,공용,2016-10-01,15.0
영국,공용,2016-11-01,56.0
영국,공용,2016-12-01,10.0
영국,공용,2017-01-01,13.0
영국,공용,2017-02-01,14.0
영국,공용,2017-03-01,11.0
영국,공용,2017-04-01,13.0
영국,공용,2017-05-01,8.0
영국,공용,2017-06-01,8.0
영국,공용,2017-07-01,27.0
영국,공용,2017-08-01,16.0
영국,공용,2017-09-01,12.0
영국,공용,2017-10-01,21.0
영국,공용,2017-11-01,15.0
영국,공용,2017-12-01,10.0
영국,공용,2018-01-01,14.0
영국,공용,2018-02-01,11.0
영국,공용,2018-03-01,12.0
영국,공용,2018-04-01,19.0
영국,공용,2018-05-01,6.0
영국,공용,2018-06-01,11.0
영국,공용,2018-07-01,19.0
영국,공용,2018-08-01,19.0
영국,공용,2018-09-01,23.0
영국,공용,2018-10-01,15.0
영국,공용,2018-11-01,35.0
영국,공용,2018-12-01,9.0
영국,공용,2019-01-01,17.0
영국,공용,2019-02-01,8.0
영국,공용,2019-03-01,13.0
영국,공용,2019-04-01,19.0
영국,공용,2019-05-01,16.0
영국,공용,2019-06-01,10.0
영국,공용,2019-07-01,14.0
영국,공용,2019-08-01,26.0
영국,공용,2019-09-01,28.0
영국,공용,2019-10-01,14.0
영국,공용,2019-11-01,15.0
영국,공용,2019-12-01,16.0
영국,공용,2020-01-01,22.0
영국,공용,2020-02-01,15.0
영국,공용,2020-03-01,9.0
영국,공용,2020-04-01,0.0
영국,공용,2020-05-01,1.0
영국,공용,2020-06-01,2.0
영국,공용,2020-07-01,5.0
영국,공용,2020-08-01,0.0
영국,공용,2020-09-01,13.0
영국,공용,2020-10-01,8.0
영국,공용,2020-11-01,3.0
영국,공용,2020-12-01,1.0
영국,공용,2021-01-01,3.0
영국,공용,2021-02-01,1.0
영국,공용,2021-03-01,1.0
영국,공용,2021-04-01,11.0
영국,공용,2021-05-01,7.0
영국,공용,2021-06-01,11.0
영국,공용,2021-07-01,16.0
영국,공용,2021-08-01,10.0
영국,공용,2021-09-01,16.0
영국,공용,2021-10-01,23.0
영국,공용,2021-11-01,23.0
영국,공용,2021-12-01,7.0
영국,공용,2022-01-01,22.0
영국,공용,2022-02-01,16.0
영국,공용,2022-03-01,51.0
영국,공용,2022-04-01,9.0
영국,공용,2022-05-01,27.0
영국,공용,2022-06-01,11.0
영국,공용,2022-07-01,12.0
영국,공용,2022-08-01,14.0
영국,공용,2022-09-01,17.0
영국,공용,2022-10-01,14.0
영국,공용,2022-11-01,16.0
영국,공용,2022-12-01,9.0
영국,공용,2023-01-01,31.0
영국,공용,2023-02-01,16.0
영국,공용,2023-03-01,8.0
영국,공용,2023-04-01,16.0
영국,공용,2023-05-01,19.0
영국,공용,2023-06-01,16.0
영국,공용,2023-07-01,17.0
영국,공용,2023-08-01,24.0
영국,공용,2023-09-01,21.0
영국,공용,2023-10-01,25.0
영국,공용,2023-11-01,19.0
영국,공용,2023-12-01,13.0
영국,공용,2024-01-01,37.0
영국,공용,2024-02-01,22.0
영국,공용,2024-03-01,19.0
영국,공용,2024-04-01,30.0
영국,공용,2024-05-01,19.0
영국,공용,2024-06-01,18.0
영국,공용,2024-07-01,19.0
영국,공용,2024-08-01,40.0
영국,공용,2024-09-01,33.0
영국,공용,2024-10-01,14.0
영국,공용,2024-11-01,23.0
영국,공용,2024-12-01,24.0
영국,공용,2025-01-01,33.0
영국,공용,2025-02-01,19.0
영국,공용,2025-03-01,30.0
영국,공용,2025-04-01,18.0
영국,공용,2025-05-01,14.0
영국,관광,2005-01-01,4070.0
영국,관광,2005-02-01,3690.0
영국,관광,2005-03-01,5080.0
영국,관광,2005-04-01,6499.0
영국,관광,2005-05-01,4944.0
영국,관광,2005-06-01,4652.0
영국,관광,2005-07-01,5135.0
영국,관광,2005-08-01,4852.0
영국,관광,2005-09-01,4654.0
영국,관광,2005-10-01,6243.0
영국,관광,2005-11-01,4810.0
영국,관광,2005-12-01,4417.0
영국,관광,2006-01-01,3895.0
영국,관광,2006-02-01,3904.0
영국,관광,2006-03-01,4906.0
영국,관광,2006-04-01,5161.0
영국,관광,2006-05-01,5178.0
영국,관광,2006-06-01,4677.0
영국,관광,2006-07-01,4605.0
영국,관광,2006-08-01,4950.0
영국,관광,2006-09-01,5231.0
영국,관광,2006-10-01,6796.0
영국,관광,2006-11-01,6041.0
영국,관광,2006-12-01,4271.0
영국,관광,2007-01-01,5004.0
영국,관광,2007-02-01,4172.0
영국,관광,2007-03-01,5523.0
영국,관광,2007-04-01,5380.0
영국,관광,2007-05-01,5265.0
영국,관광,2007-06-01,4831.0
영국,관광,2007-07-01,5456.0
영국,관광,2007-08-01,5290.0
영국,관광,2007-09-01,5439.0
영국,관광,2007-10-01,6809.0
영국,관광,2007-11-01,5863.0
영국,관광,2007-12-01,4778.0
영국,관광,2008-01-01,5332.0
영국,관광,2008-02-01,5285.0
영국,관광,2008-03-01,6768.0
영국,관광,2008-04-01,6246.0
영국,관광,2008-05-01,5830.0
영국,관광,2008-06-01,5537.0
영국,관광,2008-07-01,5805.0
영국,관광,2008-08-01,5526.0
영국,관광,2008-09-01,5623.0
영국,관광,2008-10-01,7315.0
영국,관광,2008-11-01,6063.0
영국,관광,2008-12-01,5666.0
영국,관광,2009-01-01,6383.0
영국,관광,2009-02-01,5623.0
영국,관광,2009-03-01,8025.0
영국,관광,2009-04-01,6130.0
영국,관광,2009-05-01,5679.0
영국,관광,2009-06-01,5229.0
영국,관광,2009-07-01,5614.0
영국,관광,2009-08-01,5231.0
영국,관광,2009-09-01,5654.0
영국,관광,2009-10-01,7285.0
영국,관광,2009-11-01,6451.0
영국,관광,2009-12-01,5159.0
영국,관광,2010-01-01,5746.0
영국,관광,2010-02-01,4958.0
영국,관광,2010-03-01,7020.0
영국,관광,2010-04-01,7418.0
영국,관광,2010-05-01,6143.0
영국,관광,2010-06-01,5909.0
영국,관광,2010-07-01,6008.0
영국,관광,2010-08-01,6112.0
영국,관광,2010-09-01,6423.0
영국,관광,2010-10-01,8727.0
영국,관광,2010-11-01,7432.0
영국,관광,2010-12-01,5052.0
영국,관광,2011-01-01,6487.0
영국,관광,2011-02-01,6299.0
영국,관광,2011-03-01,7154.0
영국,관광,2011-04-01,8043.0
영국,관광,2011-05-01,6910.0
영국,관광,2011-06-01,5963.0
영국,관광,2011-07-01,6423.0
영국,관광,2011-08-01,7166.0
영국,관광,2011-09-01,6359.0
영국,관광,2011-10-01,9919.0
영국,관광,2011-11-01,7640.0
영국,관광,2011-12-01,5854.0
영국,관광,2012-01-01,7355.0
영국,관광,2012-02-01,7126.0
영국,관광,2012-03-01,8460.0
영국,관광,2012-04-01,8718.0
영국,관광,2012-05-01,6492.0
영국,관광,2012-06-01,6767.0
영국,관광,2012-07-01,6837.0
영국,관광,2012-08-01,6248.0
영국,관광,2012-09-01,7134.0
영국,관광,2012-10-01,10359.0
영국,관광,2012-11-01,7041.0
영국,관광,2012-12-01,6135.0
영국,관광,2013-01-01,6749.0
영국,관광,2013-02-01,5581.0
영국,관광,2013-03-01,8764.0
영국,관광,2013-04-01,7800.0
영국,관광,2013-05-01,7104.0
영국,관광,2013-06-01,7550.0
영국,관광,2013-07-01,6840.0
영국,관광,2013-08-01,6755.0
영국,관광,2013-09-01,8128.0
영국,관광,2013-10-01,9843.0
영국,관광,2013-11-01,6886.0
영국,관광,2013-12-01,5973.0
영국,관광,2014-01-01,7516.0
영국,관광,2014-02-01,5631.0
영국,관광,2014-03-01,9077.0
영국,관광,2014-04-01,8374.0
영국,관광,2014-05-01,7567.0
영국,관광,2014-06-01,7536.0
영국,관광,2014-07-01,8297.0
영국,관광,2014-08-01,7013.0
영국,관광,2014-09-01,8893.0
영국,관광,2014-10-01,9995.0
영국,관광,2014-11-01,8332.0
영국,관광,2014-12-01,6054.0
영국,관광,2015-01-01,6935.0
영국,관광,2015-02-01,5483.0
영국,관광,2015-03-01,9309.0
영국,관광,2015-04-01,10736.0
영국,관광,2015-05-01,7900.0
영국,관광,2015-06-01,5366.0
영국,관광,2015-07-01,5717.0
영국,관광,2015-08-01,6515.0
영국,관광,2015-09-01,7561.0
영국,관광,2015-10-01,10059.0
영국,관광,2015-11-01,8111.0
영국,관광,2015-12-01,6200.0
영국,관광,2016-01-01,6572.0
영국,관광,2016-02-01,5653.0
영국,관광,2016-03-01,10985.0
영국,관광,2016-04-01,9668.0
영국,관광,2016-05-01,8594.0
영국,관광,2016-06-01,8565.0
영국,관광,2016-07-01,8657.0
영국,관광,2016-08-01,8672.0
영국,관광,2016-09-01,8780.0
영국,관광,2016-10-01,10390.0
영국,관광,2016-11-01,8921.0
영국,관광,2016-12-01,6162.0
영국,관광,2017-01-01,7260.0
영국,관광,2017-02-01,5728.0
영국,관광,2017-03-01,12459.0
영국,관광,2017-04-01,11407.0
영국,관광,2017-05-01,8193.0
영국,관광,2017-06-01,7689.0
영국,관광,2017-07-01,8857.0
영국,관광,2017-08-01,8101.0
영국,관광,2017-09-01,8659.0
영국,관광,2017-10-01,9618.0
영국,관광,2017-11-01,7382.0
영국,관광,2017-12-01,6476.0
영국,관광,2018-01-01,7023.0
영국,관광,2018-02-01,8156.0
영국,관광,2018-03-01,10611.0
영국,관광,2018-04-01,11679.0
영국,관광,2018-05-01,9056.0
영국,관광,2018-06-01,8600.0
영국,관광,2018-07-01,9002.0
영국,관광,2018-08-01,8545.0
영국,관광,2018-09-01,8931.0
영국,관광,2018-10-01,11971.0
영국,관광,2018-11-01,8588.0
영국,관광,2018-12-01,6439.0
영국,관광,2019-01-01,7982.0
영국,관광,2019-02-01,5864.0
영국,관광,2019-03-01,11064.0
영국,관광,2019-04-01,14760.0
영국,관광,2019-05-01,9737.0
영국,관광,2019-06-01,9538.0
영국,관광,2019-07-01,9208.0
영국,관광,2019-08-01,9810.0
영국,관광,2019-09-01,11473.0
영국,관광,2019-10-01,14117.0
영국,관광,2019-11-01,9931.0
영국,관광,2019-12-01,7356.0
영국,관광,2020-01-01,6811.0
영국,관광,2020-02-01,3936.0
영국,관광,2020-03-01,550.0
영국,관광,2020-04-01,136.0
영국,관광,2020-05-01,205.0
영국,관광,2020-06-01,245.0
영국,관광,2020-07-01,340.0
영국,관광,2020-08-01,222.0
영국,관광,2020-09-01,202.0
영국,관광,2020-10-01,212.0
영국,관광,2020-11-01,281.0
영국,관광,2020-12-01,228.0
영국,관광,2021-01-01,125.0
영국,관광,2021-02-01,109.0
영국,관광,2021-03-01,121.0
영국,관광,2021-04-01,112.0
영국,관광,2021-05-01,150.0
영국,관광,2021-06-01,286.0
영국,관광,2021-07-01,460.0
영국,관광,2021-08-01,622.0
영국,관광,2021-09-01,440.0
영국,관광,2021-10-01,653.0
영국,관광,2021-11-01,707.0
영국,관광,2021-12-01,428.0
영국,관광,2022-01-01,271.0
영국,관광,2022-02-01,378.0
영국,관광,2022-03-01,535.0
영국,관광,2022-04-01,1711.0
영국,관광,2022-05-01,2512.0
영국,관광,2022-06-01,2899.0
영국,관광,2022-07-01,3606.0
영국,관광,2022-08-01,4140.0
영국,관광,2022-09-01,4523.0
영국,관광,2022-10-01,5785.0
영국,관광,2022-11-01,4753.0
영국,관광,2022-12-01,4640.0
영국,관광,2023-01-01,4207.0
영국,관광,2023-02-01,3858.0
영국,관광,2023-03-01,9824.0
영국,관광,2023-04-01,14150.0
영국,관광,2023-05-01,9257.0
영국,관광,2023-06-01,7608.0
영국,관광,2023-07-01,12904.0
영국,관광,2023-08-01,8227.0
영국,관광,2023-09-01,9493.0
영국,관광,2023-10-01,11858.0
영국,관광,2023-11-01,8865.0
영국,관광,2023-12-01,5835.0
영국,관광,2024-01-01,5153.0
영국,관광,2024-02-01,5439.0
영국,관광,2024-03-01,14831.0
영국,관광,2024-04-01,17518.0
영국,관광,2024-05-01,12222.0
영국,관광,2024-06-01,10264.0
영국,관광,2024-07-01,9854.0
영국,관광,2024-08-01,11221.0
영국,관광,2024-09-01,12011.0
영국,관광,2024-10-01,15379.0
영국,관광,2024-11-01,9762.0
영국,관광,2024-12-01,7068.0
영국,관광,2025-01-01,5335.0
영국,관광,2025-02-01,6016.0
영국,관광,2025-03-01,14441.0
영국,관광,2025-04-01,22876.0
영국,관광,2025-05-01,15045.0
영국,상용,2005-01-01,337.0
영국,상용,2005-02-01,266.0
영국,상용,2005-03-01,236.0
영국,상용,2005-04-01,284.0
영국,상용,2005-05-01,268.0
영국,상용,2005-06-01,255.0
영국,상용,2005-07-01,277.0
영국,상용,2005-08-01,338.0
영국,상용,2005-09-01,299.0
영국,상용,2005-10-01,334.0
영국,상용,2005-11-01,319.0
영국,상용,2005-12-01,242.0
영국,상용,2006-01-01,434.0
영국,상용,2006-02-01,321.0
영국,상용,2006-03-01,353.0
영국,상용,2006-04-01,431.0
영국,상용,2006-05-01,375.0
영국,상용,2006-06-01,355.0
영국,상용,2006-07-01,391.0
영국,상용,2006-08-01,372.0
영국,상용,2006-09-01,332.0
영국,상용,2006-10-01,429.0
영국,상용,2006-11-01,376.0
영국,상용,2006-12-01,253.0
영국,상용,2007-01-01,401.0
영국,상용,2007-02-01,287.0
영국,상용,2007-03-01,329.0
영국,상용,2007-04-01,346.0
영국,상용,2007-05-01,325.0
영국,상용,2007-06-01,271.0
영국,상용,2007-07-01,333.0
영국,상용,2007-08-01,338.0
영국,상용,2007-09-01,312.0
영국,상용,2007-10-01,318.0
영국,상용,2007-11-01,280.0
영국,상용,2007-12-01,258.0
영국,상용,2008-01-01,384.0
영국,상용,2008-02-01,310.0
영국,상용,2008-03-01,327.0
영국,상용,2008-04-01,323.0
영국,상용,2008-05-01,325.0
영국,상용,2008-06-01,333.0
영국,상용,2008-07-01,313.0
영국,상용,2008-08-01,331.0
영국,상용,2008-09-01,309.0
영국,상용,2008-10-01,291.0
영국,상용,2008-11-01,292.0
영국,상용,2008-12-01,206.0
영국,상용,2009-01-01,408.0
영국,상용,2009-02-01,252.0
영국,상용,2009-03-01,364.0
영국,상용,2009-04-01,330.0
영국,상용,2009-05-01,297.0
영국,상용,2009-06-01,306.0
영국,상용,2009-07-01,294.0
영국,상용,2009-08-01,326.0
영국,상용,2009-09-01,251.0
영국,상용,2009-10-01,302.0
영국,상용,2009-11-01,262.0
영국,상용,2009-12-01,232.0
영국,상용,2010-01-01,383.0
영국,상용,2010-02-01,280.0
영국,상용,2010-03-01,347.0
영국,상용,2010-04-01,288.0
영국,상용,2010-05-01,340.0
영국,상용,2010-06-01,337.0
영국,상용,2010-07-01,350.0
영국,상용,2010-08-01,381.0
영국,상용,2010-09-01,389.0
영국,상용,2010-10-01,358.0
영국,상용,2010-11-01,368.0
영국,상용,2010-12-01,284.0
영국,상용,2011-01-01,401.0
영국,상용,2011-02-01,293.0
영국,상용,2011-03-01,314.0
영국,상용,2011-04-01,298.0
영국,상용,2011-05-01,319.0
영국,상용,2011-06-01,307.0
영국,상용,2011-07-01,283.0
영국,상용,2011-08-01,341.0
영국,상용,2011-09-01,315.0
영국,상용,2011-10-01,317.0
영국,상용,2011-11-01,312.0
영국,상용,2011-12-01,239.0
영국,상용,2012-01-01,470.0
영국,상용,2012-02-01,310.0
영국,상용,2012-03-01,346.0
영국,상용,2012-04-01,418.0
영국,상용,2012-05-01,339.0
영국,상용,2012-06-01,320.0
영국,상용,2012-07-01,352.0
영국,상용,2012-08-01,393.0
영국,상용,2012-09-01,332.0
영국,상용,2012-10-01,404.0
영국,상용,2012-11-01,386.0
영국,상용,2012-12-01,291.0
영국,상용,2013-01-01,549.0
영국,상용,2013-02-01,385.0
영국,상용,2013-03-01,497.0
영국,상용,2013-04-01,530.0
영국,상용,2013-05-01,552.0
영국,상용,2013-06-01,597.0
영국,상용,2013-07-01,642.0
영국,상용,2013-08-01,653.0
영국,상용,2013-09-01,629.0
영국,상용,2013-10-01,650.0
영국,상용,2013-11-01,579.0
영국,상용,2013-12-01,501.0
영국,상용,2014-01-01,777.0
영국,상용,2014-02-01,549.0
영국,상용,2014-03-01,614.0
영국,상용,2014-04-01,649.0
영국,상용,2014-05-01,720.0
영국,상용,2014-06-01,659.0
영국,상용,2014-07-01,600.0
영국,상용,2014-08-01,704.0
영국,상용,2014-09-01,1012.0
영국,상용,2014-10-01,618.0
영국,상용,2014-11-01,618.0
영국,상용,2014-12-01,498.0
영국,상용,2015-01-01,835.0
영국,상용,2015-02-01,507.0
영국,상용,2015-03-01,643.0
영국,상용,2015-04-01,590.0
영국,상용,2015-05-01,568.0
영국,상용,2015-06-01,570.0
영국,상용,2015-07-01,536.0
영국,상용,2015-08-01,703.0
영국,상용,2015-09-01,644.0
영국,상용,2015-10-01,623.0
영국,상용,2015-11-01,576.0
영국,상용,2015-12-01,454.0
영국,상용,2016-01-01,624.0
영국,상용,2016-02-01,430.0
영국,상용,2016-03-01,386.0
영국,상용,2016-04-01,389.0
영국,상용,2016-05-01,377.0
영국,상용,2016-06-01,372.0
영국,상용,2016-07-01,337.0
영국,상용,2016-08-01,436.0
영국,상용,2016-09-01,356.0
영국,상용,2016-10-01,357.0
영국,상용,2016-11-01,350.0
영국,상용,2016-12-01,272.0
영국,상용,2017-01-01,521.0
영국,상용,2017-02-01,273.0
영국,상용,2017-03-01,351.0
영국,상용,2017-04-01,298.0
영국,상용,2017-05-01,289.0
영국,상용,2017-06-01,196.0
영국,상용,2017-07-01,190.0
영국,상용,2017-08-01,194.0
영국,상용,2017-09-01,158.0
영국,상용,2017-10-01,211.0
영국,상용,2017-11-01,157.0
영국,상용,2017-12-01,129.0
영국,상용,2018-01-01,228.0
영국,상용,2018-02-01,136.0
영국,상용,2018-03-01,164.0
영국,상용,2018-04-01,162.0
영국,상용,2018-05-01,162.0
영국,상용,2018-06-01,165.0
영국,상용,2018-07-01,139.0
영국,상용,2018-08-01,176.0
영국,상용,2018-09-01,180.0
영국,상용,2018-10-01,139.0
영국,상용,2018-11-01,142.0
영국,상용,2018-12-01,112.0
영국,상용,2019-01-01,175.0
영국,상용,2019-02-01,150.0
영국,상용,2019-03-01,126.0
영국,상용,2019-04-01,141.0
영국,상용,2019-05-01,137.0
영국,상용,2019-06-01,129.0
영국,상용,2019-07-01,128.0
영국,상용,2019-08-01,141.0
영국,상용,2019-09-01,156.0
영국,상용,2019-10-01,150.0
영국,상용,2019-11-01,123.0
영국,상용,2019-12-01,103.0
영국,상용,2020-01-01,186.0
영국,상용,2020-02-01,68.0
영국,상용,2020-03-01,26.0
영국,상용,2020-04-01,5.0
영국,상용,2020-05-01,11.0
영국,상용,2020-06-01,32.0
영국,상용,2020-07-01,12.0
영국,상용,2020-08-01,24.0
영국,상용,2020-09-01,19.0
영국,상용,2020-10-01,22.0
영국,상용,2020-11-01,11.0
영국,상용,2020-12-01,16.0
영국,상용,2021-01-01,24.0
영국,상용,2021-02-01,7.0
영국,상용,2021-03-01,6.0
영국,상용,2021-04-01,17.0
영국,상용,2021-05-01,12.0
영국,상용,2021-06-01,18.0
영국,상용,2021-07-01,17.0
영국,상용,2021-08-01,25.0
영국,상용,2021-09-01,35.0
영국,상용,2021-10-01,24.0
영국,상용,2021-11-01,16.0
영국,상용,2021-12-01,17.0
영국,상용,2022-01-01,53.0
영국,상용,2022-02-01,15.0
영국,상용,2022-03-01,26.0
영국,상용,2022-04-01,37.0
영국,상용,2022-05-01,51.0
영국,상용,2022-06-01,49.0
영국,상용,2022-07-01,55.0
영국,상용,2022-08-01,65.0
영국,상용,2022-09-01,61.0
영국,상용,2022-10-01,69.0
영국,상용,2022-11-01,56.0
영국,상용,2022-12-01,56.0
영국,상용,2023-01-01,106.0
영국,상용,2023-02-01,67.0
영국,상용,2023-03-01,76.0
영국,상용,2023-04-01,80.0
영국,상용,2023-05-01,82.0
영국,상용,2023-06-01,67.0
영국,상용,2023-07-01,89.0
영국,상용,2023-08-01,79.0
영국,상용,2023-09-01,72.0
영국,상용,2023-10-01,100.0
영국,상용,2023-11-01,87.0
영국,상용,2023-12-01,86.0
영국,상용,2024-01-01,116.0
영국,상용,2024-02-01,65.0
영국,상용,2024-03-01,56.0
영국,상용,2024-04-01,69.0
영국,상용,2024-05-01,56.0
영국,상용,2024-06-01,50.0
영국,상용,2024-07-01,54.0
영국,상용,2024-08-01,77.0
영국,상용,2024-09-01,81.0
영국,상용,2024-10-01,62.0
영국,상용,2024-11-01,58.0
영국,상용,2024-12-01,57.0
영국,상용,2025-01-01,80.0
영국,상용,2025-02-01,63.0
영국,상용,2025-03-01,50.0
영국,상용,2025-04-01,71.0
영국,상용,2025-05-01,63.0
영국,유학연수,2005-01-01,11.0
영국,유학연수,2005-02-01,15.0
영국,유학연수,2005-03-01,2.0
영국,유학연수,2005-04-01,2.0
영국,유학연수,2005-05-01,4.0
영국,유학연수,2005-06-01,6.0
영국,유학연수,2005-07-01,3.0
영국,유학연수,2005-08-01,9.0
영국,유학연수,2005-09-01,6.0
영국,유학연수,2005-10-01,1.0
영국,유학연수,2005-11-01,0.0
영국,유학연수,2005-12-01,3.0
영국,유학연수,2006-01-01,6.0
영국,유학연수,2006-02-01,7.0
영국,유학연수,2006-03-01,6.0
영국,유학연수,2006-04-01,0.0
영국,유학연수,2006-05-01,2.0
영국,유학연수,2006-06-01,3.0
영국,유학연수,2006-07-01,4.0
영국,유학연수,2006-08-01,14.0
영국,유학연수,2006-09-01,6.0
영국,유학연수,2006-10-01,2.0
영국,유학연수,2006-11-01,1.0
영국,유학연수,2006-12-01,6.0
영국,유학연수,2007-01-01,6.0
영국,유학연수,2007-02-01,11.0
영국,유학연수,2007-03-01,7.0
영국,유학연수,2007-04-01,2.0
영국,유학연수,2007-05-01,4.0
영국,유학연수,2007-06-01,2.0
영국,유학연수,2007-07-01,5.0
영국,유학연수,2007-08-01,16.0
영국,유학연수,2007-09-01,4.0
영국,유학연수,2007-10-01,1.0
영국,유학연수,2007-11-01,5.0
영국,유학연수,2007-12-01,7.0
영국,유학연수,2008-01-01,8.0
영국,유학연수,2008-02-01,7.0
영국,유학연수,2008-03-01,1.0
영국,유학연수,2008-04-01,1.0
영국,유학연수,2008-05-01,3.0
영국,유학연수,2008-06-01,3.0
영국,유학연수,2008-07-01,3.0
영국,유학연수,2008-08-01,18.0
영국,유학연수,2008-09-01,7.0
영국,유학연수,2008-10-01,3.0
영국,유학연수,2008-11-01,2.0
영국,유학연수,2008-12-01,2.0
영국,유학연수,2009-01-01,7.0
영국,유학연수,2009-02-01,16.0
영국,유학연수,2009-03-01,4.0
영국,유학연수,2009-04-01,3.0
영국,유학연수,2009-05-01,4.0
영국,유학연수,2009-06-01,5.0
영국,유학연수,2009-07-01,4.0
영국,유학연수,2009-08-01,39.0
영국,유학연수,2009-09-01,10.0
영국,유학연수,2009-10-01,4.0
영국,유학연수,2009-11-01,13.0
영국,유학연수,2009-12-01,7.0
영국,유학연수,2010-01-01,20.0
영국,유학연수,2010-02-01,21.0
영국,유학연수,2010-03-01,10.0
영국,유학연수,2010-04-01,4.0
영국,유학연수,2010-05-01,5.0
영국,유학연수,2010-06-01,7.0
영국,유학연수,2010-07-01,14.0
영국,유학연수,2010-08-01,27.0
영국,유학연수,2010-09-01,24.0
영국,유학연수,2010-10-01,3.0
영국,유학연수,2010-11-01,4.0
영국,유학연수,2010-12-01,5.0
영국,유학연수,2011-01-01,18.0
영국,유학연수,2011-02-01,25.0
영국,유학연수,2011-03-01,11.0
영국,유학연수,2011-04-01,6.0
영국,유학연수,2011-05-01,10.0
영국,유학연수,2011-06-01,6.0
영국,유학연수,2011-07-01,13.0
영국,유학연수,2011-08-01,53.0
영국,유학연수,2011-09-01,18.0
영국,유학연수,2011-10-01,6.0
영국,유학연수,2011-11-01,11.0
영국,유학연수,2011-12-01,17.0
영국,유학연수,2012-01-01,25.0
영국,유학연수,2012-02-01,29.0
영국,유학연수,2012-03-01,13.0
영국,유학연수,2012-04-01,5.0
영국,유학연수,2012-05-01,3.0
영국,유학연수,2012-06-01,13.0
영국,유학연수,2012-07-01,13.0
영국,유학연수,2012-08-01,39.0
영국,유학연수,2012-09-01,16.0
영국,유학연수,2012-10-01,6.0
영국,유학연수,2012-11-01,6.0
영국,유학연수,2012-12-01,8.0
영국,유학연수,2013-01-01,28.0
영국,유학연수,2013-02-01,37.0
영국,유학연수,2013-03-01,14.0
영국,유학연수,2013-04-01,6.0
영국,유학연수,2013-05-01,14.0
영국,유학연수,2013-06-01,10.0
영국,유학연수,2013-07-01,22.0
영국,유학연수,2013-08-01,65.0
영국,유학연수,2013-09-01,22.0
영국,유학연수,2013-10-01,7.0
영국,유학연수,2013-11-01,12.0
영국,유학연수,2013-12-01,10.0
영국,유학연수,2014-01-01,31.0
영국,유학연수,2014-02-01,38.0
영국,유학연수,2014-03-01,15.0
영국,유학연수,2014-04-01,14.0
영국,유학연수,2014-05-01,20.0
영국,유학연수,2014-06-01,13.0
영국,유학연수,2014-07-01,23.0
영국,유학연수,2014-08-01,99.0
영국,유학연수,2014-09-01,16.0
영국,유학연수,2014-10-01,10.0
영국,유학연수,2014-11-01,14.0
영국,유학연수,2014-12-01,23.0
영국,유학연수,2015-01-01,45.0
영국,유학연수,2015-02-01,72.0
영국,유학연수,2015-03-01,27.0
영국,유학연수,2015-04-01,25.0
영국,유학연수,2015-05-01,41.0
영국,유학연수,2015-06-01,30.0
영국,유학연수,2015-07-01,23.0
영국,유학연수,2015-08-01,133.0
영국,유학연수,2015-09-01,29.0
영국,유학연수,2015-10-01,7.0
영국,유학연수,2015-11-01,57.0
영국,유학연수,2015-12-01,31.0
영국,유학연수,2016-01-01,41.0
영국,유학연수,2016-02-01,91.0
영국,유학연수,2016-03-01,32.0
영국,유학연수,2016-04-01,10.0
영국,유학연수,2016-05-01,52.0
영국,유학연수,2016-06-01,20.0
영국,유학연수,2016-07-01,20.0
영국,유학연수,2016-08-01,164.0
영국,유학연수,2016-09-01,10.0
영국,유학연수,2016-10-01,10.0
영국,유학연수,2016-11-01,41.0
영국,유학연수,2016-12-01,29.0
영국,유학연수,2017-01-01,33.0
영국,유학연수,2017-02-01,115.0
영국,유학연수,2017-03-01,29.0
영국,유학연수,2017-04-01,14.0
영국,유학연수,2017-05-01,33.0
영국,유학연수,2017-06-01,36.0
영국,유학연수,2017-07-01,27.0
영국,유학연수,2017-08-01,184.0
영국,유학연수,2017-09-01,12.0
영국,유학연수,2017-10-01,24.0
영국,유학연수,2017-11-01,21.0
영국,유학연수,2017-12-01,22.0
영국,유학연수,2018-01-01,48.0
영국,유학연수,2018-02-01,116.0
영국,유학연수,2018-03-01,37.0
영국,유학연수,2018-04-01,17.0
영국,유학연수,2018-05-01,42.0
영국,유학연수,2018-06-01,25.0
영국,유학연수,2018-07-01,41.0
영국,유학연수,2018-08-01,202.0
영국,유학연수,2018-09-01,19.0
영국,유학연수,2018-10-01,11.0
영국,유학연수,2018-11-01,36.0
영국,유학연수,2018-12-01,26.0
영국,유학연수,2019-01-01,41.0
영국,유학연수,2019-02-01,105.0
영국,유학연수,2019-03-01,50.0
영국,유학연수,2019-04-01,18.0
영국,유학연수,2019-05-01,44.0
영국,유학연수,2019-06-01,46.0
영국,유학연수,2019-07-01,44.0
영국,유학연수,2019-08-01,239.0
영국,유학연수,2019-09-01,13.0
영국,유학연수,2019-10-01,20.0
영국,유학연수,2019-11-01,40.0
영국,유학연수,2019-12-01,47.0
영국,유학연수,2020-01-01,72.0
영국,유학연수,2020-02-01,123.0
영국,유학연수,2020-03-01,44.0
영국,유학연수,2020-04-01,0.0
영국,유학연수,2020-05-01,3.0
영국,유학연수,2020-06-01,4.0
영국,유학연수,2020-07-01,4.0
영국,유학연수,2020-08-01,83.0
영국,유학연수,2020-09-01,12.0
영국,유학연수,2020-10-01,2.0
영국,유학연수,2020-11-01,10.0
영국,유학연수,2020-12-01,4.0
영국,유학연수,2021-01-01,3.0
영국,유학연수,2021-02-01,12.0
영국,유학연수,2021-03-01,5.0
영국,유학연수,2021-04-01,0.0
영국,유학연수,2021-05-01,0.0
영국,유학연수,2021-06-01,2.0
영국,유학연수,2021-07-01,12.0
영국,유학연수,2021-08-01,169.0
영국,유학연수,2021-09-01,6.0
영국,유학연수,2021-10-01,0.0
영국,유학연수,2021-11-01,1.0
영국,유학연수,2021-12-01,4.0
영국,유학연수,2022-01-01,27.0
영국,유학연수,2022-02-01,46.0
영국,유학연수,2022-03-01,17.0
영국,유학연수,2022-04-01,3.0
영국,유학연수,2022-05-01,15.0
영국,유학연수,2022-06-01,15.0
영국,유학연수,2022-07-01,17.0
영국,유학연수,2022-08-01,281.0
영국,유학연수,2022-09-01,58.0
영국,유학연수,2022-10-01,4.0
영국,유학연수,2022-11-01,10.0
영국,유학연수,2022-12-01,26.0
영국,유학연수,2023-01-01,82.0
영국,유학연수,2023-02-01,203.0
영국,유학연수,2023-03-01,46.0
영국,유학연수,2023-04-01,16.0
영국,유학연수,2023-05-01,52.0
영국,유학연수,2023-06-01,42.0
영국,유학연수,2023-07-01,49.0
영국,유학연수,2023-08-01,323.0
영국,유학연수,2023-09-01,23.0
영국,유학연수,2023-10-01,15.0
영국,유학연수,2023-11-01,37.0
영국,유학연수,2023-12-01,44.0
영국,유학연수,2024-01-01,103.0
영국,유학연수,2024-02-01,192.0
영국,유학연수,2024-03-01,60.0
영국,유학연수,2024-04-01,32.0
영국,유학연수,2024-05-01,67.0
영국,유학연수,2024-06-01,53.0
영국,유학연수,2024-07-01,53.0
영국,유학연수,2024-08-01,309.0
영국,유학연수,2024-09-01,31.0
영국,유학연수,2024-10-01,9.0
영국,유학연수,2024-11-01,55.0
영국,유학연수,2024-12-01,60.0
영국,유학연수,2025-01-01,102.0
영국,유학연수,2025-02-01,195.0
영국,유학연수,2025-03-01,91.0
영국,유학연수,2025-04-01,44.0
영국,유학연수,2025-05-01,78.0
오스트레일리아,공용,2005-01-01,17.0
오스트레일리아,공용,2005-02-01,38.0
오스트레일리아,공용,2005-03-01,19.0
오스트레일리아,공용,2005-04-01,31.0
오스트레일리아,공용,2005-05-01,41.0
오스트레일리아,공용,2005-06-01,41.0
오스트레일리아,공용,2005-07-01,31.0
오스트레일리아,공용,2005-08-01,27.0
오스트레일리아,공용,2005-09-01,104.0
오스트레일리아,공용,2005-10-01,46.0
오스트레일리아,공용,2005-11-01,98.0
오스트레일리아,공용,2005-12-01,8.0
오스트레일리아,공용,2006-01-01,5.0
오스트레일리아,공용,2006-02-01,13.0
오스트레일리아,공용,2006-03-01,24.0
오스트레일리아,공용,2006-04-01,44.0
오스트레일리아,공용,2006-05-01,23.0
오스트레일리아,공용,2006-06-01,26.0
오스트레일리아,공용,2006-07-01,14.0
오스트레일리아,공용,2006-08-01,30.0
오스트레일리아,공용,2006-09-01,48.0
오스트레일리아,공용,2006-10-01,42.0
오스트레일리아,공용,2006-11-01,30.0
오스트레일리아,공용,2006-12-01,11.0
오스트레일리아,공용,2007-01-01,6.0
오스트레일리아,공용,2007-02-01,7.0
오스트레일리아,공용,2007-03-01,24.0
오스트레일리아,공용,2007-04-01,61.0
오스트레일리아,공용,2007-05-01,45.0
오스트레일리아,공용,2007-06-01,32.0
오스트레일리아,공용,2007-07-01,30.0
오스트레일리아,공용,2007-08-01,6.0
오스트레일리아,공용,2007-09-01,23.0
오스트레일리아,공용,2007-10-01,45.0
오스트레일리아,공용,2007-11-01,34.0
오스트레일리아,공용,2007-12-01,14.0
오스트레일리아,공용,2008-01-01,7.0
오스트레일리아,공용,2008-02-01,16.0
오스트레일리아,공용,2008-03-01,18.0
오스트레일리아,공용,2008-04-01,57.0
오스트레일리아,공용,2008-05-01,42.0
오스트레일리아,공용,2008-06-01,44.0
오스트레일리아,공용,2008-07-01,19.0
오스트레일리아,공용,2008-08-01,54.0
오스트레일리아,공용,2008-09-01,24.0
오스트레일리아,공용,2008-10-01,40.0
오스트레일리아,공용,2008-11-01,33.0
오스트레일리아,공용,2008-12-01,28.0
오스트레일리아,공용,2009-01-01,11.0
오스트레일리아,공용,2009-02-01,18.0
오스트레일리아,공용,2009-03-01,29.0
오스트레일리아,공용,2009-04-01,59.0
오스트레일리아,공용,2009-05-01,41.0
오스트레일리아,공용,2009-06-01,25.0
오스트레일리아,공용,2009-07-01,28.0
오스트레일리아,공용,2009-08-01,47.0
오스트레일리아,공용,2009-09-01,35.0
오스트레일리아,공용,2009-10-01,45.0
오스트레일리아,공용,2009-11-01,48.0
오스트레일리아,공용,2009-12-01,20.0
오스트레일리아,공용,2010-01-01,9.0
오스트레일리아,공용,2010-02-01,29.0
오스트레일리아,공용,2010-03-01,62.0
오스트레일리아,공용,2010-04-01,44.0
오스트레일리아,공용,2010-05-01,44.0
오스트레일리아,공용,2010-06-01,42.0
오스트레일리아,공용,2010-07-01,21.0
오스트레일리아,공용,2010-08-01,57.0
오스트레일리아,공용,2010-09-01,52.0
오스트레일리아,공용,2010-10-01,126.0
오스트레일리아,공용,2010-11-01,62.0
오스트레일리아,공용,2010-12-01,17.0
오스트레일리아,공용,2011-01-01,31.0
오스트레일리아,공용,2011-02-01,20.0
오스트레일리아,공용,2011-03-01,40.0
오스트레일리아,공용,2011-04-01,93.0
오스트레일리아,공용,2011-05-01,40.0
오스트레일리아,공용,2011-06-01,31.0
오스트레일리아,공용,2011-07-01,25.0
오스트레일리아,공용,2011-08-01,52.0
오스트레일리아,공용,2011-09-01,51.0
오스트레일리아,공용,2011-10-01,89.0
오스트레일리아,공용,2011-11-01,42.0
오스트레일리아,공용,2011-12-01,24.0
오스트레일리아,공용,2012-01-01,3.0
오스트레일리아,공용,2012-02-01,45.0
오스트레일리아,공용,2012-03-01,56.0
오스트레일리아,공용,2012-04-01,43.0
오스트레일리아,공용,2012-05-01,55.0
오스트레일리아,공용,2012-06-01,30.0
오스트레일리아,공용,2012-07-01,25.0
오스트레일리아,공용,2012-08-01,30.0
오스트레일리아,공용,2012-09-01,60.0
오스트레일리아,공용,2012-10-01,39.0
오스트레일리아,공용,2012-11-01,36.0
오스트레일리아,공용,2012-12-01,15.0
오스트레일리아,공용,2013-01-01,11.0
오스트레일리아,공용,2013-02-01,31.0
오스트레일리아,공용,2013-03-01,30.0
오스트레일리아,공용,2013-04-01,45.0
오스트레일리아,공용,2013-05-01,43.0
오스트레일리아,공용,2013-06-01,47.0
오스트레일리아,공용,2013-07-01,61.0
오스트레일리아,공용,2013-08-01,33.0
오스트레일리아,공용,2013-09-01,48.0
오스트레일리아,공용,2013-10-01,57.0
오스트레일리아,공용,2013-11-01,52.0
오스트레일리아,공용,2013-12-01,20.0
오스트레일리아,공용,2014-01-01,22.0
오스트레일리아,공용,2014-02-01,26.0
오스트레일리아,공용,2014-03-01,84.0
오스트레일리아,공용,2014-04-01,59.0
오스트레일리아,공용,2014-05-01,30.0
오스트레일리아,공용,2014-06-01,18.0
오스트레일리아,공용,2014-07-01,14.0
오스트레일리아,공용,2014-08-01,40.0
오스트레일리아,공용,2014-09-01,37.0
오스트레일리아,공용,2014-10-01,45.0
오스트레일리아,공용,2014-11-01,35.0
오스트레일리아,공용,2014-12-01,12.0
오스트레일리아,공용,2015-01-01,12.0
오스트레일리아,공용,2015-02-01,36.0
오스트레일리아,공용,2015-03-01,23.0
오스트레일리아,공용,2015-04-01,30.0
오스트레일리아,공용,2015-05-01,58.0
오스트레일리아,공용,2015-06-01,43.0
오스트레일리아,공용,2015-07-01,38.0
오스트레일리아,공용,2015-08-01,48.0
오스트레일리아,공용,2015-09-01,50.0
오스트레일리아,공용,2015-10-01,99.0
오스트레일리아,공용,2015-11-01,30.0
오스트레일리아,공용,2015-12-01,14.0
오스트레일리아,공용,2016-01-01,25.0
오스트레일리아,공용,2016-02-01,32.0
오스트레일리아,공용,2016-03-01,126.0
오스트레일리아,공용,2016-04-01,30.0
오스트레일리아,공용,2016-05-01,40.0
오스트레일리아,공용,2016-06-01,56.0
오스트레일리아,공용,2016-07-01,17.0
오스트레일리아,공용,2016-08-01,16.0
오스트레일리아,공용,2016-09-01,22.0
오스트레일리아,공용,2016-10-01,43.0
오스트레일리아,공용,2016-11-01,15.0
오스트레일리아,공용,2016-12-01,7.0
오스트레일리아,공용,2017-01-01,14.0
오스트레일리아,공용,2017-02-01,16.0
오스트레일리아,공용,2017-03-01,14.0
오스트레일리아,공용,2017-04-01,21.0
오스트레일리아,공용,2017-05-01,22.0
오스트레일리아,공용,2017-06-01,24.0
오스트레일리아,공용,2017-07-01,21.0
오스트레일리아,공용,2017-08-01,32.0
오스트레일리아,공용,2017-09-01,25.0
오스트레일리아,공용,2017-10-01,80.0
오스트레일리아,공용,2017-11-01,17.0
오스트레일리아,공용,2017-12-01,21.0
오스트레일리아,공용,2018-01-01,23.0
오스트레일리아,공용,2018-02-01,18.0
오스트레일리아,공용,2018-03-01,22.0
오스트레일리아,공용,2018-04-01,31.0
오스트레일리아,공용,2018-05-01,28.0
오스트레일리아,공용,2018-06-01,15.0
오스트레일리아,공용,2018-07-01,17.0
오스트레일리아,공용,2018-08-01,19.0
오스트레일리아,공용,2018-09-01,30.0
오스트레일리아,공용,2018-10-01,27.0
오스트레일리아,공용,2018-11-01,29.0
오스트레일리아,공용,2018-12-01,35.0
오스트레일리아,공용,2019-01-01,17.0
오스트레일리아,공용,2019-02-01,31.0
오스트레일리아,공용,2019-03-01,31.0
오스트레일리아,공용,2019-04-01,67.0
오스트레일리아,공용,2019-05-01,46.0
오스트레일리아,공용,2019-06-01,61.0
오스트레일리아,공용,2019-07-01,40.0
오스트레일리아,공용,2019-08-01,42.0
오스트레일리아,공용,2019-09-01,51.0
오스트레일리아,공용,2019-10-01,37.0
오스트레일리아,공용,2019-11-01,59.0
오스트레일리아,공용,2019-12-01,25.0
오스트레일리아,공용,2020-01-01,19.0
오스트레일리아,공용,2020-02-01,15.0
오스트레일리아,공용,2020-03-01,3.0
오스트레일리아,공용,2020-04-01,4.0
오스트레일리아,공용,2020-05-01,0.0
오스트레일리아,공용,2020-06-01,0.0
오스트레일리아,공용,2020-07-01,20.0
오스트레일리아,공용,2020-08-01,3.0
오스트레일리아,공용,2020-09-01,0.0
오스트레일리아,공용,2020-10-01,2.0
오스트레일리아,공용,2020-11-01,1.0
오스트레일리아,공용,2020-12-01,1.0
오스트레일리아,공용,2021-01-01,5.0
오스트레일리아,공용,2021-02-01,12.0
오스트레일리아,공용,2021-03-01,1.0
오스트레일리아,공용,2021-04-01,1.0
오스트레일리아,공용,2021-05-01,0.0
오스트레일리아,공용,2021-06-01,0.0
오스트레일리아,공용,2021-07-01,14.0
오스트레일리아,공용,2021-08-01,14.0
오스트레일리아,공용,2021-09-01,12.0
오스트레일리아,공용,2021-10-01,9.0
오스트레일리아,공용,2021-11-01,3.0
오스트레일리아,공용,2021-12-01,1.0
오스트레일리아,공용,2022-01-01,8.0
오스트레일리아,공용,2022-02-01,3.0
오스트레일리아,공용,2022-03-01,14.0
오스트레일리아,공용,2022-04-01,26.0
오스트레일리아,공용,2022-05-01,23.0
오스트레일리아,공용,2022-06-01,23.0
오스트레일리아,공용,2022-07-01,25.0
오스트레일리아,공용,2022-08-01,34.0
오스트레일리아,공용,2022-09-01,26.0
오스트레일리아,공용,2022-10-01,23.0
오스트레일리아,공용,2022-11-01,35.0
오스트레일리아,공용,2022-12-01,5.0
오스트레일리아,공용,2023-01-01,23.0
오스트레일리아,공용,2023-02-01,27.0
오스트레일리아,공용,2023-03-01,73.0
오스트레일리아,공용,2023-04-01,51.0
오스트레일리아,공용,2023-05-01,80.0
오스트레일리아,공용,2023-06-01,30.0
오스트레일리아,공용,2023-07-01,88.0
오스트레일리아,공용,2023-08-01,69.0
오스트레일리아,공용,2023-09-01,73.0
오스트레일리아,공용,2023-10-01,69.0
오스트레일리아,공용,2023-11-01,54.0
오스트레일리아,공용,2023-12-01,27.0
오스트레일리아,공용,2024-01-01,29.0
오스트레일리아,공용,2024-02-01,47.0
오스트레일리아,공용,2024-03-01,40.0
오스트레일리아,공용,2024-04-01,48.0
오스트레일리아,공용,2024-05-01,55.0
오스트레일리아,공용,2024-06-01,50.0
오스트레일리아,공용,2024-07-01,38.0
오스트레일리아,공용,2024-08-01,64.0
오스트레일리아,공용,2024-09-01,110.0
오스트레일리아,공용,2024-10-01,71.0
오스트레일리아,공용,2024-11-01,57.0
오스트레일리아,공용,2024-12-01,22.0
오스트레일리아,공용,2025-01-01,30.0
오스트레일리아,공용,2025-02-01,28.0
오스트레일리아,공용,2025-03-01,55.0
오스트레일리아,공용,2025-04-01,45.0
오스트레일리아,공용,2025-05-01,67.0
오스트레일리아,관광,2005-01-01,3306.0
오스트레일리아,관광,2005-02-01,2503.0
오스트레일리아,관광,2005-03-01,3652.0
오스트레일리아,관광,2005-04-01,4892.0
오스트레일리아,관광,2005-05-01,4396.0
오스트레일리아,관광,2005-06-01,4827.0
오스트레일리아,관광,2005-07-01,3800.0
오스트레일리아,관광,2005-08-01,3742.0
오스트레일리아,관광,2005-09-01,5404.0
오스트레일리아,관광,2005-10-01,4544.0
오스트레일리아,관광,2005-11-01,3639.0
오스트레일리아,관광,2005-12-01,5289.0
오스트레일리아,관광,2006-01-01,3603.0
오스트레일리아,관광,2006-02-01,2897.0
오스트레일리아,관광,2006-03-01,3952.0
오스트레일리아,관광,2006-04-01,5039.0
오스트레일리아,관광,2006-05-01,4592.0
오스트레일리아,관광,2006-06-01,4815.0
오스트레일리아,관광,2006-07-01,3969.0
오스트레일리아,관광,2006-08-01,4056.0
오스트레일리아,관광,2006-09-01,5919.0
오스트레일리아,관광,2006-10-01,5323.0
오스트레일리아,관광,2006-11-01,4195.0
오스트레일리아,관광,2006-12-01,6044.0
오스트레일리아,관광,2007-01-01,4448.0
오스트레일리아,관광,2007-02-01,3221.0
오스트레일리아,관광,2007-03-01,5055.0
오스트레일리아,관광,2007-04-01,5530.0
오스트레일리아,관광,2007-05-01,5310.0
오스트레일리아,관광,2007-06-01,6082.0
오스트레일리아,관광,2007-07-01,5103.0
오스트레일리아,관광,2007-08-01,4425.0
오스트레일리아,관광,2007-09-01,6381.0
오스트레일리아,관광,2007-10-01,6293.0
오스트레일리아,관광,2007-11-01,5030.0
오스트레일리아,관광,2007-12-01,7268.0
오스트레일리아,관광,2008-01-01,4885.0
오스트레일리아,관광,2008-02-01,3431.0
오스트레일리아,관광,2008-03-01,5140.0
오스트레일리아,관광,2008-04-01,7729.0
오스트레일리아,관광,2008-05-01,6780.0
오스트레일리아,관광,2008-06-01,8355.0
오스트레일리아,관광,2008-07-01,6570.0
오스트레일리아,관광,2008-08-01,5540.0
오스트레일리아,관광,2008-09-01,9721.0
오스트레일리아,관광,2008-10-01,6470.0
오스트레일리아,관광,2008-11-01,5223.0
오스트레일리아,관광,2008-12-01,8284.0
오스트레일리아,관광,2009-01-01,5641.0
오스트레일리아,관광,2009-02-01,3426.0
오스트레일리아,관광,2009-03-01,7091.0
오스트레일리아,관광,2009-04-01,6689.0
오스트레일리아,관광,2009-05-01,5882.0
오스트레일리아,관광,2009-06-01,7136.0
오스트레일리아,관광,2009-07-01,5678.0
오스트레일리아,관광,2009-08-01,6267.0
오스트레일리아,관광,2009-09-01,8775.0
오스트레일리아,관광,2009-10-01,8554.0
오스트레일리아,관광,2009-11-01,7395.0
오스트레일리아,관광,2009-12-01,9269.0
오스트레일리아,관광,2010-01-01,6974.0
오스트레일리아,관광,2010-02-01,4516.0
오스트레일리아,관광,2010-03-01,9510.0
오스트레일리아,관광,2010-04-01,7928.0
오스트레일리아,관광,2010-05-01,8137.0
오스트레일리아,관광,2010-06-01,8509.0
오스트레일리아,관광,2010-07-01,7321.0
오스트레일리아,관광,2010-08-01,6580.0
오스트레일리아,관광,2010-09-01,8988.0
오스트레일리아,관광,2010-10-01,8192.0
오스트레일리아,관광,2010-11-01,5995.0
오스트레일리아,관광,2010-12-01,7998.0
오스트레일리아,관광,2011-01-01,6023.0
오스트레일리아,관광,2011-02-01,4376.0
오스트레일리아,관광,2011-03-01,6742.0
오스트레일리아,관광,2011-04-01,10886.0
오스트레일리아,관광,2011-05-01,8523.0
오스트레일리아,관광,2011-06-01,8096.0
오스트레일리아,관광,2011-07-01,8962.0
오스트레일리아,관광,2011-08-01,7837.0
오스트레일리아,관광,2011-09-01,9885.0
오스트레일리아,관광,2011-10-01,11161.0
오스트레일리아,관광,2011-11-01,7573.0
오스트레일리아,관광,2011-12-01,9833.0
오스트레일리아,관광,2012-01-01,7823.0
오스트레일리아,관광,2012-02-01,6487.0
오스트레일리아,관광,2012-03-01,8407.0
오스트레일리아,관광,2012-04-01,9326.0
오스트레일리아,관광,2012-05-01,8667.0
오스트레일리아,관광,2012-06-01,9153.0
오스트레일리아,관광,2012-07-01,9283.0
오스트레일리아,관광,2012-08-01,9865.0
오스트레일리아,관광,2012-09-01,10860.0
오스트레일리아,관광,2012-10-01,11424.0
오스트레일리아,관광,2012-11-01,6866.0
오스트레일리아,관광,2012-12-01,9444.0
오스트레일리아,관광,2013-01-01,7496.0
오스트레일리아,관광,2013-02-01,5160.0
오스트레일리아,관광,2013-03-01,11679.0
오스트레일리아,관광,2013-04-01,8148.0
오스트레일리아,관광,2013-05-01,7674.0
오스트레일리아,관광,2013-06-01,8804.0
오스트레일리아,관광,2013-07-01,8045.0
오스트레일리아,관광,2013-08-01,6652.0
오스트레일리아,관광,2013-09-01,9818.0
오스트레일리아,관광,2013-10-01,9017.0
오스트레일리아,관광,2013-11-01,6315.0
오스트레일리아,관광,2013-12-01,9867.0
오스트레일리아,관광,2014-01-01,7427.0
오스트레일리아,관광,2014-02-01,5552.0
오스트레일리아,관광,2014-03-01,7474.0
오스트레일리아,관광,2014-04-01,11557.0
오스트레일리아,관광,2014-05-01,9298.0
오스트레일리아,관광,2014-06-01,10111.0
오스트레일리아,관광,2014-07-01,9499.0
오스트레일리아,관광,2014-08-01,6966.0
오스트레일리아,관광,2014-09-01,12506.0
오스트레일리아,관광,2014-10-01,11048.0
오스트레일리아,관광,2014-11-01,9152.0
오스트레일리아,관광,2014-12-01,11843.0
오스트레일리아,관광,2015-01-01,8370.0
오스트레일리아,관광,2015-02-01,5491.0
오스트레일리아,관광,2015-03-01,8791.0
오스트레일리아,관광,2015-04-01,12288.0
오스트레일리아,관광,2015-05-01,11252.0
오스트레일리아,관광,2015-06-01,7045.0
오스트레일리아,관광,2015-07-01,6850.0
오스트레일리아,관광,2015-08-01,6209.0
오스트레일리아,관광,2015-09-01,10384.0
오스트레일리아,관광,2015-10-01,10887.0
오스트레일리아,관광,2015-11-01,8211.0
오스트레일리아,관광,2015-12-01,11848.0
오스트레일리아,관광,2016-01-01,8117.0
오스트레일리아,관광,2016-02-01,5563.0
오스트레일리아,관광,2016-03-01,11514.0
오스트레일리아,관광,2016-04-01,12295.0
오스트레일리아,관광,2016-05-01,11084.0
오스트레일리아,관광,2016-06-01,11350.0
오스트레일리아,관광,2016-07-01,13183.0
오스트레일리아,관광,2016-08-01,7816.0
오스트레일리아,관광,2016-09-01,12881.0
오스트레일리아,관광,2016-10-01,12159.0
오스트레일리아,관광,2016-11-01,10230.0
오스트레일리아,관광,2016-12-01,14056.0
오스트레일리아,관광,2017-01-01,9892.0
오스트레일리아,관광,2017-02-01,6778.0
오스트레일리아,관광,2017-03-01,11071.0
오스트레일리아,관광,2017-04-01,17316.0
오스트레일리아,관광,2017-05-01,9696.0
오스트레일리아,관광,2017-06-01,11985.0
오스트레일리아,관광,2017-07-01,10694.0
오스트레일리아,관광,2017-08-01,8858.0
오스트레일리아,관광,2017-09-01,11728.0
오스트레일리아,관광,2017-10-01,10299.0
오스트레일리아,관광,2017-11-01,8529.0
오스트레일리아,관광,2017-12-01,13652.0
오스트레일리아,관광,2018-01-01,10107.0
오스트레일리아,관광,2018-02-01,7333.0
오스트레일리아,관광,2018-03-01,9296.0
오스트레일리아,관광,2018-04-01,14101.0
오스트레일리아,관광,2018-05-01,11067.0
오스트레일리아,관광,2018-06-01,10580.0
오스트레일리아,관광,2018-07-01,10094.0
오스트레일리아,관광,2018-08-01,10088.0
오스트레일리아,관광,2018-09-01,13874.0
오스트레일리아,관광,2018-10-01,13270.0
오스트레일리아,관광,2018-11-01,10444.0
오스트레일리아,관광,2018-12-01,15769.0
오스트레일리아,관광,2019-01-01,12795.0
오스트레일리아,관광,2019-02-01,6836.0
오스트레일리아,관광,2019-03-01,10769.0
오스트레일리아,관광,2019-04-01,18581.0
오스트레일리아,관광,2019-05-01,12114.0
오스트레일리아,관광,2019-06-01,11804.0
오스트레일리아,관광,2019-07-01,10403.0
오스트레일리아,관광,2019-08-01,12019.0
오스트레일리아,관광,2019-09-01,15818.0
오스트레일리아,관광,2019-10-01,14247.0
오스트레일리아,관광,2019-11-01,11750.0
오스트레일리아,관광,2019-12-01,17818.0
오스트레일리아,관광,2020-01-01,12320.0
오스트레일리아,관광,2020-02-01,5689.0
오스트레일리아,관광,2020-03-01,363.0
오스트레일리아,관광,2020-04-01,28.0
오스트레일리아,관광,2020-05-01,30.0
오스트레일리아,관광,2020-06-01,23.0
오스트레일리아,관광,2020-07-01,33.0
오스트레일리아,관광,2020-08-01,31.0
오스트레일리아,관광,2020-09-01,33.0
오스트레일리아,관광,2020-10-01,25.0
오스트레일리아,관광,2020-11-01,49.0
오스트레일리아,관광,2020-12-01,46.0
오스트레일리아,관광,2021-01-01,20.0
오스트레일리아,관광,2021-02-01,22.0
오스트레일리아,관광,2021-03-01,24.0
오스트레일리아,관광,2021-04-01,23.0
오스트레일리아,관광,2021-05-01,29.0
오스트레일리아,관광,2021-06-01,31.0
오스트레일리아,관광,2021-07-01,39.0
오스트레일리아,관광,2021-08-01,43.0
오스트레일리아,관광,2021-09-01,40.0
오스트레일리아,관광,2021-10-01,76.0
오스트레일리아,관광,2021-11-01,233.0
오스트레일리아,관광,2021-12-01,324.0
오스트레일리아,관광,2022-01-01,175.0
오스트레일리아,관광,2022-02-01,200.0
오스트레일리아,관광,2022-03-01,306.0
오스트레일리아,관광,2022-04-01,1893.0
오스트레일리아,관광,2022-05-01,2968.0
오스트레일리아,관광,2022-06-01,3351.0
오스트레일리아,관광,2022-07-01,3652.0
오스트레일리아,관광,2022-08-01,3891.0
오스트레일리아,관광,2022-09-01,7357.0
오스트레일리아,관광,2022-10-01,7891.0
오스트레일리아,관광,2022-11-01,8719.0
오스트레일리아,관광,2022-12-01,15703.0
오스트레일리아,관광,2023-01-01,11087.0
오스트레일리아,관광,2023-02-01,6585.0
오스트레일리아,관광,2023-03-01,12669.0
오스트레일리아,관광,2023-04-01,19756.0
오스트레일리아,관광,2023-05-01,14005.0
오스트레일리아,관광,2023-06-01,15587.0
오스트레일리아,관광,2023-07-01,12879.0
오스트레일리아,관광,2023-08-01,10561.0
오스트레일리아,관광,2023-09-01,19980.0
오스트레일리아,관광,2023-10-01,18038.0
오스트레일리아,관광,2023-11-01,16955.0
오스트레일리아,관광,2023-12-01,21073.0
오스트레일리아,관광,2024-01-01,15505.0
오스트레일리아,관광,2024-02-01,9258.0
오스트레일리아,관광,2024-03-01,21056.0
오스트레일리아,관광,2024-04-01,24685.0
오스트레일리아,관광,2024-05-01,18609.0
오스트레일리아,관광,2024-06-01,17602.0
오스트레일리아,관광,2024-07-01,14371.0
오스트레일리아,관광,2024-08-01,12839.0
오스트레일리아,관광,2024-09-01,20357.0
오스트레일리아,관광,2024-10-01,24590.0
오스트레일리아,관광,2024-11-01,18736.0
오스트레일리아,관광,2024-12-01,24303.0
오스트레일리아,관광,2025-01-01,17544.0
오스트레일리아,관광,2025-02-01,10908.0
오스트레일리아,관광,2025-03-01,18595.0
오스트레일리아,관광,2025-04-01,34320.0
오스트레일리아,관광,2025-05-01,21133.0
오스트레일리아,상용,2005-01-01,287.0
오스트레일리아,상용,2005-02-01,290.0
오스트레일리아,상용,2005-03-01,321.0
오스트레일리아,상용,2005-04-01,396.0
오스트레일리아,상용,2005-05-01,385.0
오스트레일리아,상용,2005-06-01,399.0
오스트레일리아,상용,2005-07-01,338.0
오스트레일리아,상용,2005-08-01,339.0
오스트레일리아,상용,2005-09-01,373.0
오스트레일리아,상용,2005-10-01,459.0
오스트레일리아,상용,2005-11-01,378.0
오스트레일리아,상용,2005-12-01,265.0
오스트레일리아,상용,2006-01-01,303.0
오스트레일리아,상용,2006-02-01,317.0
오스트레일리아,상용,2006-03-01,440.0
오스트레일리아,상용,2006-04-01,378.0
오스트레일리아,상용,2006-05-01,403.0
오스트레일리아,상용,2006-06-01,336.0
오스트레일리아,상용,2006-07-01,361.0
오스트레일리아,상용,2006-08-01,397.0
오스트레일리아,상용,2006-09-01,417.0
오스트레일리아,상용,2006-10-01,421.0
오스트레일리아,상용,2006-11-01,405.0
오스트레일리아,상용,2006-12-01,235.0
오스트레일리아,상용,2007-01-01,337.0
오스트레일리아,상용,2007-02-01,344.0
오스트레일리아,상용,2007-03-01,467.0
오스트레일리아,상용,2007-04-01,439.0
오스트레일리아,상용,2007-05-01,476.0
오스트레일리아,상용,2007-06-01,412.0
오스트레일리아,상용,2007-07-01,531.0
오스트레일리아,상용,2007-08-01,470.0
오스트레일리아,상용,2007-09-01,421.0
오스트레일리아,상용,2007-10-01,488.0
오스트레일리아,상용,2007-11-01,515.0
오스트레일리아,상용,2007-12-01,301.0
오스트레일리아,상용,2008-01-01,407.0
오스트레일리아,상용,2008-02-01,445.0
오스트레일리아,상용,2008-03-01,556.0
오스트레일리아,상용,2008-04-01,557.0
오스트레일리아,상용,2008-05-01,557.0
오스트레일리아,상용,2008-06-01,540.0
오스트레일리아,상용,2008-07-01,530.0
오스트레일리아,상용,2008-08-01,507.0
오스트레일리아,상용,2008-09-01,547.0
오스트레일리아,상용,2008-10-01,543.0
오스트레일리아,상용,2008-11-01,450.0
오스트레일리아,상용,2008-12-01,256.0
오스트레일리아,상용,2009-01-01,296.0
오스트레일리아,상용,2009-02-01,392.0
오스트레일리아,상용,2009-03-01,475.0
오스트레일리아,상용,2009-04-01,389.0
오스트레일리아,상용,2009-05-01,451.0
오스트레일리아,상용,2009-06-01,462.0
오스트레일리아,상용,2009-07-01,334.0
오스트레일리아,상용,2009-08-01,423.0
오스트레일리아,상용,2009-09-01,398.0
오스트레일리아,상용,2009-10-01,472.0
오스트레일리아,상용,2009-11-01,459.0
오스트레일리아,상용,2009-12-01,283.0
오스트레일리아,상용,2010-01-01,340.0
오스트레일리아,상용,2010-02-01,390.0
오스트레일리아,상용,2010-03-01,539.0
오스트레일리아,상용,2010-04-01,436.0
오스트레일리아,상용,2010-05-01,457.0
오스트레일리아,상용,2010-06-01,468.0
오스트레일리아,상용,2010-07-01,424.0
오스트레일리아,상용,2010-08-01,479.0
오스트레일리아,상용,2010-09-01,470.0
오스트레일리아,상용,2010-10-01,550.0
오스트레일리아,상용,2010-11-01,472.0
오스트레일리아,상용,2010-12-01,278.0
오스트레일리아,상용,2011-01-01,337.0
오스트레일리아,상용,2011-02-01,380.0
오스트레일리아,상용,2011-03-01,435.0
오스트레일리아,상용,2011-04-01,408.0
오스트레일리아,상용,2011-05-01,497.0
오스트레일리아,상용,2011-06-01,441.0
오스트레일리아,상용,2011-07-01,385.0
오스트레일리아,상용,2011-08-01,492.0
오스트레일리아,상용,2011-09-01,479.0
오스트레일리아,상용,2011-10-01,544.0
오스트레일리아,상용,2011-11-01,467.0
오스트레일리아,상용,2011-12-01,199.0
오스트레일리아,상용,2012-01-01,252.0
오스트레일리아,상용,2012-02-01,242.0
오스트레일리아,상용,2012-03-01,297.0
오스트레일리아,상용,2012-04-01,340.0
오스트레일리아,상용,2012-05-01,354.0
오스트레일리아,상용,2012-06-01,308.0
오스트레일리아,상용,2012-07-01,296.0
오스트레일리아,상용,2012-08-01,282.0
오스트레일리아,상용,2012-09-01,338.0
오스트레일리아,상용,2012-10-01,391.0
오스트레일리아,상용,2012-11-01,319.0
오스트레일리아,상용,2012-12-01,186.0
오스트레일리아,상용,2013-01-01,356.0
오스트레일리아,상용,2013-02-01,279.0
오스트레일리아,상용,2013-03-01,370.0
오스트레일리아,상용,2013-04-01,354.0
오스트레일리아,상용,2013-05-01,372.0
오스트레일리아,상용,2013-06-01,452.0
오스트레일리아,상용,2013-07-01,417.0
오스트레일리아,상용,2013-08-01,457.0
오스트레일리아,상용,2013-09-01,481.0
오스트레일리아,상용,2013-10-01,491.0
오스트레일리아,상용,2013-11-01,484.0
오스트레일리아,상용,2013-12-01,300.0
오스트레일리아,상용,2014-01-01,427.0
오스트레일리아,상용,2014-02-01,426.0
오스트레일리아,상용,2014-03-01,531.0
오스트레일리아,상용,2014-04-01,451.0
오스트레일리아,상용,2014-05-01,872.0
오스트레일리아,상용,2014-06-01,438.0
오스트레일리아,상용,2014-07-01,375.0
오스트레일리아,상용,2014-08-01,422.0
오스트레일리아,상용,2014-09-01,506.0
오스트레일리아,상용,2014-10-01,376.0
오스트레일리아,상용,2014-11-01,371.0
오스트레일리아,상용,2014-12-01,280.0
오스트레일리아,상용,2015-01-01,414.0
오스트레일리아,상용,2015-02-01,303.0
오스트레일리아,상용,2015-03-01,337.0
오스트레일리아,상용,2015-04-01,322.0
오스트레일리아,상용,2015-05-01,349.0
오스트레일리아,상용,2015-06-01,291.0
오스트레일리아,상용,2015-07-01,307.0
오스트레일리아,상용,2015-08-01,394.0
오스트레일리아,상용,2015-09-01,331.0
오스트레일리아,상용,2015-10-01,399.0
오스트레일리아,상용,2015-11-01,358.0
오스트레일리아,상용,2015-12-01,326.0
오스트레일리아,상용,2016-01-01,429.0
오스트레일리아,상용,2016-02-01,380.0
오스트레일리아,상용,2016-03-01,382.0
오스트레일리아,상용,2016-04-01,377.0
오스트레일리아,상용,2016-05-01,441.0
오스트레일리아,상용,2016-06-01,390.0
오스트레일리아,상용,2016-07-01,384.0
오스트레일리아,상용,2016-08-01,343.0
오스트레일리아,상용,2016-09-01,391.0
오스트레일리아,상용,2016-10-01,401.0
오스트레일리아,상용,2016-11-01,445.0
오스트레일리아,상용,2016-12-01,403.0
오스트레일리아,상용,2017-01-01,572.0
오스트레일리아,상용,2017-02-01,516.0
오스트레일리아,상용,2017-03-01,516.0
오스트레일리아,상용,2017-04-01,474.0
오스트레일리아,상용,2017-05-01,454.0
오스트레일리아,상용,2017-06-01,363.0
오스트레일리아,상용,2017-07-01,174.0
오스트레일리아,상용,2017-08-01,99.0
오스트레일리아,상용,2017-09-01,84.0
오스트레일리아,상용,2017-10-01,114.0
오스트레일리아,상용,2017-11-01,96.0
오스트레일리아,상용,2017-12-01,74.0
오스트레일리아,상용,2018-01-01,117.0
오스트레일리아,상용,2018-02-01,101.0
오스트레일리아,상용,2018-03-01,105.0
오스트레일리아,상용,2018-04-01,110.0
오스트레일리아,상용,2018-05-01,119.0
오스트레일리아,상용,2018-06-01,85.0
오스트레일리아,상용,2018-07-01,96.0
오스트레일리아,상용,2018-08-01,104.0
오스트레일리아,상용,2018-09-01,111.0
오스트레일리아,상용,2018-10-01,106.0
오스트레일리아,상용,2018-11-01,88.0
오스트레일리아,상용,2018-12-01,61.0
오스트레일리아,상용,2019-01-01,93.0
오스트레일리아,상용,2019-02-01,73.0
오스트레일리아,상용,2019-03-01,99.0
오스트레일리아,상용,2019-04-01,77.0
오스트레일리아,상용,2019-05-01,77.0
오스트레일리아,상용,2019-06-01,77.0
오스트레일리아,상용,2019-07-01,79.0
오스트레일리아,상용,2019-08-01,95.0
오스트레일리아,상용,2019-09-01,83.0
오스트레일리아,상용,2019-10-01,90.0
오스트레일리아,상용,2019-11-01,89.0
오스트레일리아,상용,2019-12-01,67.0
오스트레일리아,상용,2020-01-01,86.0
오스트레일리아,상용,2020-02-01,44.0
오스트레일리아,상용,2020-03-01,15.0
오스트레일리아,상용,2020-04-01,0.0
오스트레일리아,상용,2020-05-01,5.0
오스트레일리아,상용,2020-06-01,6.0
오스트레일리아,상용,2020-07-01,5.0
오스트레일리아,상용,2020-08-01,8.0
오스트레일리아,상용,2020-09-01,7.0
오스트레일리아,상용,2020-10-01,18.0
오스트레일리아,상용,2020-11-01,18.0
오스트레일리아,상용,2020-12-01,18.0
오스트레일리아,상용,2021-01-01,13.0
오스트레일리아,상용,2021-02-01,8.0
오스트레일리아,상용,2021-03-01,7.0
오스트레일리아,상용,2021-04-01,13.0
오스트레일리아,상용,2021-05-01,18.0
오스트레일리아,상용,2021-06-01,8.0
오스트레일리아,상용,2021-07-01,11.0
오스트레일리아,상용,2021-08-01,9.0
오스트레일리아,상용,2021-09-01,5.0
오스트레일리아,상용,2021-10-01,21.0
오스트레일리아,상용,2021-11-01,66.0
오스트레일리아,상용,2021-12-01,26.0
오스트레일리아,상용,2022-01-01,41.0
오스트레일리아,상용,2022-02-01,53.0
오스트레일리아,상용,2022-03-01,68.0
오스트레일리아,상용,2022-04-01,64.0
오스트레일리아,상용,2022-05-01,94.0
오스트레일리아,상용,2022-06-01,90.0
오스트레일리아,상용,2022-07-01,102.0
오스트레일리아,상용,2022-08-01,87.0
오스트레일리아,상용,2022-09-01,105.0
오스트레일리아,상용,2022-10-01,119.0
오스트레일리아,상용,2022-11-01,126.0
오스트레일리아,상용,2022-12-01,81.0
오스트레일리아,상용,2023-01-01,97.0
오스트레일리아,상용,2023-02-01,95.0
오스트레일리아,상용,2023-03-01,109.0
오스트레일리아,상용,2023-04-01,94.0
오스트레일리아,상용,2023-05-01,82.0
오스트레일리아,상용,2023-06-01,51.0
오스트레일리아,상용,2023-07-01,41.0
오스트레일리아,상용,2023-08-01,47.0
오스트레일리아,상용,2023-09-01,49.0
오스트레일리아,상용,2023-10-01,64.0
오스트레일리아,상용,2023-11-01,34.0
오스트레일리아,상용,2023-12-01,32.0
오스트레일리아,상용,2024-01-01,56.0
오스트레일리아,상용,2024-02-01,42.0
오스트레일리아,상용,2024-03-01,53.0
오스트레일리아,상용,2024-04-01,57.0
오스트레일리아,상용,2024-05-01,39.0
오스트레일리아,상용,2024-06-01,41.0
오스트레일리아,상용,2024-07-01,49.0
오스트레일리아,상용,2024-08-01,46.0
오스트레일리아,상용,2024-09-01,64.0
오스트레일리아,상용,2024-10-01,45.0
오스트레일리아,상용,2024-11-01,39.0
오스트레일리아,상용,2024-12-01,41.0
오스트레일리아,상용,2025-01-01,62.0
오스트레일리아,상용,2025-02-01,60.0
오스트레일리아,상용,2025-03-01,62.0
오스트레일리아,상용,2025-04-01,51.0
오스트레일리아,상용,2025-05-01,65.0
오스트레일리아,유학연수,2005-01-01,7.0
오스트레일리아,유학연수,2005-02-01,21.0
오스트레일리아,유학연수,2005-03-01,7.0
오스트레일리아,유학연수,2005-04-01,3.0
오스트레일리아,유학연수,2005-05-01,3.0
오스트레일리아,유학연수,2005-06-01,4.0
오스트레일리아,유학연수,2005-07-01,9.0
오스트레일리아,유학연수,2005-08-01,24.0
오스트레일리아,유학연수,2005-09-01,3.0
오스트레일리아,유학연수,2005-10-01,3.0
오스트레일리아,유학연수,2005-11-01,2.0
오스트레일리아,유학연수,2005-12-01,5.0
오스트레일리아,유학연수,2006-01-01,5.0
오스트레일리아,유학연수,2006-02-01,15.0
오스트레일리아,유학연수,2006-03-01,5.0
오스트레일리아,유학연수,2006-04-01,8.0
오스트레일리아,유학연수,2006-05-01,3.0
오스트레일리아,유학연수,2006-06-01,4.0
오스트레일리아,유학연수,2006-07-01,6.0
오스트레일리아,유학연수,2006-08-01,19.0
오스트레일리아,유학연수,2006-09-01,0.0
오스트레일리아,유학연수,2006-10-01,3.0
오스트레일리아,유학연수,2006-11-01,2.0
오스트레일리아,유학연수,2006-12-01,3.0
오스트레일리아,유학연수,2007-01-01,6.0
오스트레일리아,유학연수,2007-02-01,22.0
오스트레일리아,유학연수,2007-03-01,3.0
오스트레일리아,유학연수,2007-04-01,0.0
오스트레일리아,유학연수,2007-05-01,2.0
오스트레일리아,유학연수,2007-06-01,2.0
오스트레일리아,유학연수,2007-07-01,3.0
오스트레일리아,유학연수,2007-08-01,11.0
오스트레일리아,유학연수,2007-09-01,6.0
오스트레일리아,유학연수,2007-10-01,1.0
오스트레일리아,유학연수,2007-11-01,4.0
오스트레일리아,유학연수,2007-12-01,2.0
오스트레일리아,유학연수,2008-01-01,6.0
오스트레일리아,유학연수,2008-02-01,23.0
오스트레일리아,유학연수,2008-03-01,4.0
오스트레일리아,유학연수,2008-04-01,5.0
오스트레일리아,유학연수,2008-05-01,4.0
오스트레일리아,유학연수,2008-06-01,0.0
오스트레일리아,유학연수,2008-07-01,6.0
오스트레일리아,유학연수,2008-08-01,27.0
오스트레일리아,유학연수,2008-09-01,4.0
오스트레일리아,유학연수,2008-10-01,1.0
오스트레일리아,유학연수,2008-11-01,9.0
오스트레일리아,유학연수,2008-12-01,3.0
오스트레일리아,유학연수,2009-01-01,9.0
오스트레일리아,유학연수,2009-02-01,25.0
오스트레일리아,유학연수,2009-03-01,6.0
오스트레일리아,유학연수,2009-04-01,4.0
오스트레일리아,유학연수,2009-05-01,6.0
오스트레일리아,유학연수,2009-06-01,5.0
오스트레일리아,유학연수,2009-07-01,8.0
오스트레일리아,유학연수,2009-08-01,40.0
오스트레일리아,유학연수,2009-09-01,5.0
오스트레일리아,유학연수,2009-10-01,4.0
오스트레일리아,유학연수,2009-11-01,12.0
오스트레일리아,유학연수,2009-12-01,4.0
오스트레일리아,유학연수,2010-01-01,10.0
오스트레일리아,유학연수,2010-02-01,36.0
오스트레일리아,유학연수,2010-03-01,2.0
오스트레일리아,유학연수,2010-04-01,6.0
오스트레일리아,유학연수,2010-05-01,11.0
오스트레일리아,유학연수,2010-06-01,6.0
오스트레일리아,유학연수,2010-07-01,16.0
오스트레일리아,유학연수,2010-08-01,35.0
오스트레일리아,유학연수,2010-09-01,16.0
오스트레일리아,유학연수,2010-10-01,3.0
오스트레일리아,유학연수,2010-11-01,10.0
오스트레일리아,유학연수,2010-12-01,2.0
오스트레일리아,유학연수,2011-01-01,16.0
오스트레일리아,유학연수,2011-02-01,46.0
오스트레일리아,유학연수,2011-03-01,1.0
오스트레일리아,유학연수,2011-04-01,5.0
오스트레일리아,유학연수,2011-05-01,12.0
오스트레일리아,유학연수,2011-06-01,4.0
오스트레일리아,유학연수,2011-07-01,16.0
오스트레일리아,유학연수,2011-08-01,32.0
오스트레일리아,유학연수,2011-09-01,8.0
오스트레일리아,유학연수,2011-10-01,5.0
오스트레일리아,유학연수,2011-11-01,13.0
오스트레일리아,유학연수,2011-12-01,7.0
오스트레일리아,유학연수,2012-01-01,16.0
오스트레일리아,유학연수,2012-02-01,31.0
오스트레일리아,유학연수,2012-03-01,6.0
오스트레일리아,유학연수,2012-04-01,1.0
오스트레일리아,유학연수,2012-05-01,6.0
오스트레일리아,유학연수,2012-06-01,4.0
오스트레일리아,유학연수,2012-07-01,17.0
오스트레일리아,유학연수,2012-08-01,58.0
오스트레일리아,유학연수,2012-09-01,8.0
오스트레일리아,유학연수,2012-10-01,13.0
오스트레일리아,유학연수,2012-11-01,10.0
오스트레일리아,유학연수,2012-12-01,11.0
오스트레일리아,유학연수,2013-01-01,12.0
오스트레일리아,유학연수,2013-02-01,37.0
오스트레일리아,유학연수,2013-03-01,11.0
오스트레일리아,유학연수,2013-04-01,9.0
오스트레일리아,유학연수,2013-05-01,9.0
오스트레일리아,유학연수,2013-06-01,11.0
오스트레일리아,유학연수,2013-07-01,9.0
오스트레일리아,유학연수,2013-08-01,42.0
오스트레일리아,유학연수,2013-09-01,12.0
오스트레일리아,유학연수,2013-10-01,3.0
오스트레일리아,유학연수,2013-11-01,19.0
오스트레일리아,유학연수,2013-12-01,12.0
오스트레일리아,유학연수,2014-01-01,22.0
오스트레일리아,유학연수,2014-02-01,53.0
오스트레일리아,유학연수,2014-03-01,11.0
오스트레일리아,유학연수,2014-04-01,4.0
오스트레일리아,유학연수,2014-05-01,15.0
오스트레일리아,유학연수,2014-06-01,10.0
오스트레일리아,유학연수,2014-07-01,11.0
오스트레일리아,유학연수,2014-08-01,83.0
오스트레일리아,유학연수,2014-09-01,18.0
오스트레일리아,유학연수,2014-10-01,5.0
오스트레일리아,유학연수,2014-11-01,11.0
오스트레일리아,유학연수,2014-12-01,11.0
오스트레일리아,유학연수,2015-01-01,23.0
오스트레일리아,유학연수,2015-02-01,72.0
오스트레일리아,유학연수,2015-03-01,22.0
오스트레일리아,유학연수,2015-04-01,7.0
오스트레일리아,유학연수,2015-05-01,20.0
오스트레일리아,유학연수,2015-06-01,23.0
오스트레일리아,유학연수,2015-07-01,19.0
오스트레일리아,유학연수,2015-08-01,79.0
오스트레일리아,유학연수,2015-09-01,14.0
오스트레일리아,유학연수,2015-10-01,10.0
오스트레일리아,유학연수,2015-11-01,16.0
오스트레일리아,유학연수,2015-12-01,12.0
오스트레일리아,유학연수,2016-01-01,31.0
오스트레일리아,유학연수,2016-02-01,62.0
오스트레일리아,유학연수,2016-03-01,5.0
오스트레일리아,유학연수,2016-04-01,1.0
오스트레일리아,유학연수,2016-05-01,13.0
오스트레일리아,유학연수,2016-06-01,13.0
오스트레일리아,유학연수,2016-07-01,20.0
오스트레일리아,유학연수,2016-08-01,73.0
오스트레일리아,유학연수,2016-09-01,15.0
오스트레일리아,유학연수,2016-10-01,7.0
오스트레일리아,유학연수,2016-11-01,24.0
오스트레일리아,유학연수,2016-12-01,21.0
오스트레일리아,유학연수,2017-01-01,29.0
오스트레일리아,유학연수,2017-02-01,87.0
오스트레일리아,유학연수,2017-03-01,11.0
오스트레일리아,유학연수,2017-04-01,11.0
오스트레일리아,유학연수,2017-05-01,29.0
오스트레일리아,유학연수,2017-06-01,30.0
오스트레일리아,유학연수,2017-07-01,31.0
오스트레일리아,유학연수,2017-08-01,99.0
오스트레일리아,유학연수,2017-09-01,6.0
오스트레일리아,유학연수,2017-10-01,18.0
오스트레일리아,유학연수,2017-11-01,19.0
오스트레일리아,유학연수,2017-12-01,15.0
오스트레일리아,유학연수,2018-01-01,25.0
오스트레일리아,유학연수,2018-02-01,80.0
오스트레일리아,유학연수,2018-03-01,7.0
오스트레일리아,유학연수,2018-04-01,7.0
오스트레일리아,유학연수,2018-05-01,21.0
오스트레일리아,유학연수,2018-06-01,20.0
오스트레일리아,유학연수,2018-07-01,27.0
오스트레일리아,유학연수,2018-08-01,99.0
오스트레일리아,유학연수,2018-09-01,11.0
오스트레일리아,유학연수,2018-10-01,8.0
오스트레일리아,유학연수,2018-11-01,15.0
오스트레일리아,유학연수,2018-12-01,17.0
오스트레일리아,유학연수,2019-01-01,34.0
오스트레일리아,유학연수,2019-02-01,119.0
오스트레일리아,유학연수,2019-03-01,13.0
오스트레일리아,유학연수,2019-04-01,13.0
오스트레일리아,유학연수,2019-05-01,50.0
오스트레일리아,유학연수,2019-06-01,57.0
오스트레일리아,유학연수,2019-07-01,40.0
오스트레일리아,유학연수,2019-08-01,108.0
오스트레일리아,유학연수,2019-09-01,10.0
오스트레일리아,유학연수,2019-10-01,13.0
오스트레일리아,유학연수,2019-11-01,36.0
오스트레일리아,유학연수,2019-12-01,42.0
오스트레일리아,유학연수,2020-01-01,26.0
오스트레일리아,유학연수,2020-02-01,82.0
오스트레일리아,유학연수,2020-03-01,12.0
오스트레일리아,유학연수,2020-04-01,0.0
오스트레일리아,유학연수,2020-05-01,0.0
오스트레일리아,유학연수,2020-06-01,1.0
오스트레일리아,유학연수,2020-07-01,0.0
오스트레일리아,유학연수,2020-08-01,3.0
오스트레일리아,유학연수,2020-09-01,2.0
오스트레일리아,유학연수,2020-10-01,2.0
오스트레일리아,유학연수,2020-11-01,7.0
오스트레일리아,유학연수,2020-12-01,3.0
오스트레일리아,유학연수,2021-01-01,3.0
오스트레일리아,유학연수,2021-02-01,8.0
오스트레일리아,유학연수,2021-03-01,3.0
오스트레일리아,유학연수,2021-04-01,1.0
오스트레일리아,유학연수,2021-05-01,2.0
오스트레일리아,유학연수,2021-06-01,3.0
오스트레일리아,유학연수,2021-07-01,0.0
오스트레일리아,유학연수,2021-08-01,14.0
오스트레일리아,유학연수,2021-09-01,6.0
오스트레일리아,유학연수,2021-10-01,2.0
오스트레일리아,유학연수,2021-11-01,13.0
오스트레일리아,유학연수,2021-12-01,4.0
오스트레일리아,유학연수,2022-01-01,2.0
오스트레일리아,유학연수,2022-02-01,26.0
오스트레일리아,유학연수,2022-03-01,6.0
오스트레일리아,유학연수,2022-04-01,5.0
오스트레일리아,유학연수,2022-05-01,4.0
오스트레일리아,유학연수,2022-06-01,8.0
오스트레일리아,유학연수,2022-07-01,9.0
오스트레일리아,유학연수,2022-08-01,109.0
오스트레일리아,유학연수,2022-09-01,7.0
오스트레일리아,유학연수,2022-10-01,0.0
오스트레일리아,유학연수,2022-11-01,15.0
오스트레일리아,유학연수,2022-12-01,21.0
오스트레일리아,유학연수,2023-01-01,27.0
오스트레일리아,유학연수,2023-02-01,90.0
오스트레일리아,유학연수,2023-03-01,12.0
오스트레일리아,유학연수,2023-04-01,5.0
오스트레일리아,유학연수,2023-05-01,13.0
오스트레일리아,유학연수,2023-06-01,19.0
오스트레일리아,유학연수,2023-07-01,32.0
오스트레일리아,유학연수,2023-08-01,108.0
오스트레일리아,유학연수,2023-09-01,13.0
오스트레일리아,유학연수,2023-10-01,18.0
오스트레일리아,유학연수,2023-11-01,29.0
오스트레일리아,유학연수,2023-12-01,27.0
오스트레일리아,유학연수,2024-01-01,30.0
오스트레일리아,유학연수,2024-02-01,90.0
오스트레일리아,유학연수,2024-03-01,10.0
오스트레일리아,유학연수,2024-04-01,18.0
오스트레일리아,유학연수,2024-05-01,29.0
오스트레일리아,유학연수,2024-06-01,24.0
오스트레일리아,유학연수,2024-07-01,28.0
오스트레일리아,유학연수,2024-08-01,118.0
오스트레일리아,유학연수,2024-09-01,9.0
오스트레일리아,유학연수,2024-10-01,14.0
오스트레일리아,유학연수,2024-11-01,39.0
오스트레일리아,유학연수,2024-12-01,49.0
오스트레일리아,유학연수,2025-01-01,24.0
오스트레일리아,유학연수,2025-02-01,83.0
오스트레일리아,유학연수,2025-03-01,15.0
오스트레일리아,유학연수,2025-04-01,7.0
오스트레일리아,유학연수,2025-05-01,29.0
요르단,공용,2005-01-01,0.0
요르단,공용,2005-02-01,1.0
요르단,공용,2005-03-01,0.0
요르단,공용,2005-04-01,0.0
요르단,공용,2005-05-01,0.0
요르단,공용,2005-06-01,1.0
요르단,공용,2005-07-01,0.0
요르단,공용,2005-08-01,0.0
요르단,공용,2005-09-01,3.0
요르단,공용,2005-10-01,0.0
요르단,공용,2005-11-01,0.0
요르단,공용,2005-12-01,0.0
요르단,공용,2006-01-01,0.0
요르단,공용,2006-02-01,1.0
요르단,공용,2006-03-01,3.0
요르단,공용,2006-04-01,2.0
요르단,공용,2006-05-01,0.0
요르단,공용,2006-06-01,1.0
요르단,공용,2006-07-01,0.0
요르단,공용,2006-08-01,2.0
요르단,공용,2006-09-01,0.0
요르단,공용,2006-10-01,0.0
요르단,공용,2006-11-01,0.0
요르단,공용,2006-12-01,0.0
요르단,공용,2007-01-01,0.0
요르단,공용,2007-02-01,0.0
요르단,공용,2007-03-01,0.0
요르단,공용,2007-04-01,3.0
요르단,공용,2007-05-01,0.0
요르단,공용,2007-06-01,1.0
요르단,공용,2007-07-01,0.0
요르단,공용,2007-08-01,0.0
요르단,공용,2007-09-01,0.0
요르단,공용,2007-10-01,1.0
요르단,공용,2007-11-01,1.0
요르단,공용,2007-12-01,0.0
요르단,공용,2008-01-01,0.0
요르단,공용,2008-02-01,0.0
요르단,공용,2008-03-01,0.0
요르단,공용,2008-04-01,0.0
요르단,공용,2008-05-01,2.0
요르단,공용,2008-06-01,2.0
요르단,공용,2008-07-01,3.0
요르단,공용,2008-08-01,1.0
요르단,공용,2008-09-01,0.0
요르단,공용,2008-10-01,1.0
요르단,공용,2008-11-01,48.0
요르단,공용,2008-12-01,0.0
요르단,공용,2009-01-01,0.0
요르단,공용,2009-02-01,0.0
요르단,공용,2009-03-01,0.0
요르단,공용,2009-04-01,10.0
요르단,공용,2009-05-01,1.0
요르단,공용,2009-06-01,2.0
요르단,공용,2009-07-01,0.0
요르단,공용,2009-08-01,0.0
요르단,공용,2009-09-01,0.0
요르단,공용,2009-10-01,1.0
요르단,공용,2009-11-01,2.0
요르단,공용,2009-12-01,0.0
요르단,공용,2010-01-01,0.0
요르단,공용,2010-02-01,2.0
요르단,공용,2010-03-01,0.0
요르단,공용,2010-04-01,1.0
요르단,공용,2010-05-01,0.0
요르단,공용,2010-06-01,0.0
요르단,공용,2010-07-01,8.0
요르단,공용,2010-08-01,0.0
요르단,공용,2010-09-01,3.0
요르단,공용,2010-10-01,2.0
요르단,공용,2010-11-01,3.0
요르단,공용,2010-12-01,0.0
요르단,공용,2011-01-01,1.0
요르단,공용,2011-02-01,0.0
요르단,공용,2011-03-01,0.0
요르단,공용,2011-04-01,1.0
요르단,공용,2011-05-01,0.0
요르단,공용,2011-06-01,4.0
요르단,공용,2011-07-01,1.0
요르단,공용,2011-08-01,1.0
요르단,공용,2011-09-01,0.0
요르단,공용,2011-10-01,6.0
요르단,공용,2011-11-01,19.0
요르단,공용,2011-12-01,0.0
요르단,공용,2012-01-01,0.0
요르단,공용,2012-02-01,0.0
요르단,공용,2012-03-01,76.0
요르단,공용,2012-04-01,2.0
요르단,공용,2012-05-01,1.0
요르단,공용,2012-06-01,0.0
요르단,공용,2012-07-01,4.0
요르단,공용,2012-08-01,2.0
요르단,공용,2012-09-01,1.0
요르단,공용,2012-10-01,2.0
요르단,공용,2012-11-01,4.0
요르단,공용,2012-12-01,0.0
요르단,공용,2013-01-01,0.0
요르단,공용,2013-02-01,0.0
요르단,공용,2013-03-01,2.0
요르단,공용,2013-04-01,5.0
요르단,공용,2013-05-01,0.0
요르단,공용,2013-06-01,1.0
요르단,공용,2013-07-01,0.0
요르단,공용,2013-08-01,0.0
요르단,공용,2013-09-01,1.0
요르단,공용,2013-10-01,1.0
요르단,공용,2013-11-01,2.0
요르단,공용,2013-12-01,1.0
요르단,공용,2014-01-01,0.0
요르단,공용,2014-02-01,0.0
요르단,공용,2014-03-01,4.0
요르단,공용,2014-04-01,0.0
요르단,공용,2014-05-01,2.0
요르단,공용,2014-06-01,1.0
요르단,공용,2014-07-01,0.0
요르단,공용,2014-08-01,0.0
요르단,공용,2014-09-01,1.0
요르단,공용,2014-10-01,4.0
요르단,공용,2014-11-01,3.0
요르단,공용,2014-12-01,5.0
요르단,공용,2015-01-01,0.0
요르단,공용,2015-02-01,1.0
요르단,공용,2015-03-01,0.0
요르단,공용,2015-04-01,0.0
요르단,공용,2015-05-01,4.0
요르단,공용,2015-06-01,0.0
요르단,공용,2015-07-01,0.0
요르단,공용,2015-08-01,1.0
요르단,공용,2015-09-01,47.0
요르단,공용,2015-10-01,2.0
요르단,공용,2015-11-01,3.0
요르단,공용,2015-12-01,0.0
요르단,공용,2016-01-01,0.0
요르단,공용,2016-02-01,3.0
요르단,공용,2016-03-01,1.0
요르단,공용,2016-04-01,0.0
요르단,공용,2016-05-01,3.0
요르단,공용,2016-06-01,0.0
요르단,공용,2016-07-01,1.0
요르단,공용,2016-08-01,3.0
요르단,공용,2016-09-01,3.0
요르단,공용,2016-10-01,0.0
요르단,공용,2016-11-01,6.0
요르단,공용,2016-12-01,1.0
요르단,공용,2017-01-01,0.0
요르단,공용,2017-02-01,2.0
요르단,공용,2017-03-01,0.0
요르단,공용,2017-04-01,0.0
요르단,공용,2017-05-01,1.0
요르단,공용,2017-06-01,0.0
요르단,공용,2017-07-01,0.0
요르단,공용,2017-08-01,2.0
요르단,공용,2017-09-01,4.0
요르단,공용,2017-10-01,5.0
요르단,공용,2017-11-01,0.0
요르단,공용,2017-12-01,0.0
요르단,공용,2018-01-01,0.0
요르단,공용,2018-02-01,4.0
요르단,공용,2018-03-01,1.0
요르단,공용,2018-04-01,1.0
요르단,공용,2018-05-01,1.0
요르단,공용,2018-06-01,1.0
요르단,공용,2018-07-01,0.0
요르단,공용,2018-08-01,5.0
요르단,공용,2018-09-01,1.0
요르단,공용,2018-10-01,6.0
요르단,공용,2018-11-01,0.0
요르단,공용,2018-12-01,0.0
요르단,공용,2019-01-01,2.0
요르단,공용,2019-02-01,0.0
요르단,공용,2019-03-01,5.0
요르단,공용,2019-04-01,1.0
요르단,공용,2019-05-01,0.0
요르단,공용,2019-06-01,10.0
요르단,공용,2019-07-01,4.0
요르단,공용,2019-08-01,5.0
요르단,공용,2019-09-01,0.0
요르단,공용,2019-10-01,0.0
요르단,공용,2019-11-01,0.0
요르단,공용,2019-12-01,5.0
요르단,공용,2020-01-01,1.0
요르단,공용,2020-02-01,0.0
요르단,공용,2020-03-01,0.0
요르단,공용,2020-04-01,0.0
요르단,공용,2020-05-01,0.0
요르단,공용,2020-06-01,0.0
요르단,공용,2020-07-01,0.0
요르단,공용,2020-08-01,0.0
요르단,공용,2020-09-01,1.0
요르단,공용,2020-10-01,0.0
요르단,공용,2020-11-01,0.0
요르단,공용,2020-12-01,0.0
요르단,공용,2021-01-01,0.0
요르단,공용,2021-02-01,0.0
요르단,공용,2021-03-01,0.0
요르단,공용,2021-04-01,0.0
요르단,공용,2021-05-01,0.0
요르단,공용,2021-06-01,1.0
요르단,공용,2021-07-01,0.0
요르단,공용,2021-08-01,2.0
요르단,공용,2021-09-01,4.0
요르단,공용,2021-10-01,4.0
요르단,공용,2021-11-01,2.0
요르단,공용,2021-12-01,0.0
요르단,공용,2022-01-01,1.0
요르단,공용,2022-02-01,0.0
요르단,공용,2022-03-01,0.0
요르단,공용,2022-04-01,1.0
요르단,공용,2022-05-01,3.0
요르단,공용,2022-06-01,0.0
요르단,공용,2022-07-01,1.0
요르단,공용,2022-08-01,3.0
요르단,공용,2022-09-01,10.0
요르단,공용,2022-10-01,3.0
요르단,공용,2022-11-01,1.0
요르단,공용,2022-12-01,0.0
요르단,공용,2023-01-01,0.0
요르단,공용,2023-02-01,1.0
요르단,공용,2023-03-01,0.0
요르단,공용,2023-04-01,2.0
요르단,공용,2023-05-01,6.0
요르단,공용,2023-06-01,2.0
요르단,공용,2023-07-01,1.0
요르단,공용,2023-08-01,6.0
요르단,공용,2023-09-01,3.0
요르단,공용,2023-10-01,3.0
요르단,공용,2023-11-01,1.0
요르단,공용,2023-12-01,0.0
요르단,공용,2024-01-01,2.0
요르단,공용,2024-02-01,1.0
요르단,공용,2024-03-01,0.0
요르단,공용,2024-04-01,1.0
요르단,공용,2024-05-01,1.0
요르단,공용,2024-06-01,0.0
요르단,공용,2024-07-01,0.0
요르단,공용,2024-08-01,0.0
요르단,공용,2024-09-01,1.0
요르단,공용,2024-10-01,2.0
요르단,공용,2024-11-01,0.0
요르단,공용,2024-12-01,4.0
요르단,공용,2025-01-01,0.0
요르단,공용,2025-02-01,0.0
요르단,공용,2025-03-01,1.0
요르단,공용,2025-04-01,1.0
요르단,공용,2025-05-01,1.0
요르단,관광,2005-01-01,7.0
요르단,관광,2005-02-01,47.0
요르단,관광,2005-03-01,15.0
요르단,관광,2005-04-01,26.0
요르단,관광,2005-05-01,32.0
요르단,관광,2005-06-01,20.0
요르단,관광,2005-07-01,38.0
요르단,관광,2005-08-01,20.0
요르단,관광,2005-09-01,37.0
요르단,관광,2005-10-01,21.0
요르단,관광,2005-11-01,36.0
요르단,관광,2005-12-01,6.0
요르단,관광,2006-01-01,39.0
요르단,관광,2006-02-01,1.0
요르단,관광,2006-03-01,11.0
요르단,관광,2006-04-01,28.0
요르단,관광,2006-05-01,11.0
요르단,관광,2006-06-01,18.0
요르단,관광,2006-07-01,13.0
요르단,관광,2006-08-01,51.0
요르단,관광,2006-09-01,30.0
요르단,관광,2006-10-01,27.0
요르단,관광,2006-11-01,33.0
요르단,관광,2006-12-01,9.0
요르단,관광,2007-01-01,9.0
요르단,관광,2007-02-01,29.0
요르단,관광,2007-03-01,24.0
요르단,관광,2007-04-01,36.0
요르단,관광,2007-05-01,37.0
요르단,관광,2007-06-01,53.0
요르단,관광,2007-07-01,28.0
요르단,관광,2007-08-01,23.0
요르단,관광,2007-09-01,24.0
요르단,관광,2007-10-01,59.0
요르단,관광,2007-11-01,63.0
요르단,관광,2007-12-01,13.0
요르단,관광,2008-01-01,10.0
요르단,관광,2008-02-01,23.0
요르단,관광,2008-03-01,18.0
요르단,관광,2008-04-01,41.0
요르단,관광,2008-05-01,80.0
요르단,관광,2008-06-01,55.0
요르단,관광,2008-07-01,61.0
요르단,관광,2008-08-01,19.0
요르단,관광,2008-09-01,55.0
요르단,관광,2008-10-01,80.0
요르단,관광,2008-11-01,50.0
요르단,관광,2008-12-01,17.0
요르단,관광,2009-01-01,8.0
요르단,관광,2009-02-01,16.0
요르단,관광,2009-03-01,25.0
요르단,관광,2009-04-01,43.0
요르단,관광,2009-05-01,48.0
요르단,관광,2009-06-01,32.0
요르단,관광,2009-07-01,36.0
요르단,관광,2009-08-01,46.0
요르단,관광,2009-09-01,32.0
요르단,관광,2009-10-01,95.0
요르단,관광,2009-11-01,52.0
요르단,관광,2009-12-01,24.0
요르단,관광,2010-01-01,15.0
요르단,관광,2010-02-01,26.0
요르단,관광,2010-03-01,30.0
요르단,관광,2010-04-01,39.0
요르단,관광,2010-05-01,61.0
요르단,관광,2010-06-01,66.0
요르단,관광,2010-07-01,70.0
요르단,관광,2010-08-01,33.0
요르단,관광,2010-09-01,43.0
요르단,관광,2010-10-01,112.0
요르단,관광,2010-11-01,42.0
요르단,관광,2010-12-01,28.0
요르단,관광,2011-01-01,19.0
요르단,관광,2011-02-01,23.0
요르단,관광,2011-03-01,47.0
요르단,관광,2011-04-01,59.0
요르단,관광,2011-05-01,79.0
요르단,관광,2011-06-01,103.0
요르단,관광,2011-07-01,124.0
요르단,관광,2011-08-01,33.0
요르단,관광,2011-09-01,115.0
요르단,관광,2011-10-01,105.0
요르단,관광,2011-11-01,66.0
요르단,관광,2011-12-01,98.0
요르단,관광,2012-01-01,173.0
요르단,관광,2012-02-01,195.0
요르단,관광,2012-03-01,112.0
요르단,관광,2012-04-01,90.0
요르단,관광,2012-05-01,112.0
요르단,관광,2012-06-01,137.0
요르단,관광,2012-07-01,71.0
요르단,관광,2012-08-01,35.0
요르단,관광,2012-09-01,157.0
요르단,관광,2012-10-01,126.0
요르단,관광,2012-11-01,96.0
요르단,관광,2012-12-01,41.0
요르단,관광,2013-01-01,54.0
요르단,관광,2013-02-01,37.0
요르단,관광,2013-03-01,64.0
요르단,관광,2013-04-01,67.0
요르단,관광,2013-05-01,92.0
요르단,관광,2013-06-01,164.0
요르단,관광,2013-07-01,39.0
요르단,관광,2013-08-01,49.0
요르단,관광,2013-09-01,100.0
요르단,관광,2013-10-01,105.0
요르단,관광,2013-11-01,141.0
요르단,관광,2013-12-01,72.0
요르단,관광,2014-01-01,33.0
요르단,관광,2014-02-01,52.0
요르단,관광,2014-03-01,103.0
요르단,관광,2014-04-01,87.0
요르단,관광,2014-05-01,101.0
요르단,관광,2014-06-01,102.0
요르단,관광,2014-07-01,56.0
요르단,관광,2014-08-01,54.0
요르단,관광,2014-09-01,300.0
요르단,관광,2014-10-01,157.0
요르단,관광,2014-11-01,108.0
요르단,관광,2014-12-01,61.0
요르단,관광,2015-01-01,44.0
요르단,관광,2015-02-01,46.0
요르단,관광,2015-03-01,92.0
요르단,관광,2015-04-01,113.0
요르단,관광,2015-05-01,145.0
요르단,관광,2015-06-01,45.0
요르단,관광,2015-07-01,85.0
요르단,관광,2015-08-01,109.0
요르단,관광,2015-09-01,93.0
요르단,관광,2015-10-01,158.0
요르단,관광,2015-11-01,85.0
요르단,관광,2015-12-01,80.0
요르단,관광,2016-01-01,34.0
요르단,관광,2016-02-01,37.0
요르단,관광,2016-03-01,78.0
요르단,관광,2016-04-01,93.0
요르단,관광,2016-05-01,119.0
요르단,관광,2016-06-01,61.0
요르단,관광,2016-07-01,71.0
요르단,관광,2016-08-01,86.0
요르단,관광,2016-09-01,119.0
요르단,관광,2016-10-01,179.0
요르단,관광,2016-11-01,135.0
요르단,관광,2016-12-01,75.0
요르단,관광,2017-01-01,49.0
요르단,관광,2017-02-01,73.0
요르단,관광,2017-03-01,82.0
요르단,관광,2017-04-01,99.0
요르단,관광,2017-05-01,91.0
요르단,관광,2017-06-01,99.0
요르단,관광,2017-07-01,96.0
요르단,관광,2017-08-01,96.0
요르단,관광,2017-09-01,154.0
요르단,관광,2017-10-01,237.0
요르단,관광,2017-11-01,121.0
요르단,관광,2017-12-01,74.0
요르단,관광,2018-01-01,74.0
요르단,관광,2018-02-01,78.0
요르단,관광,2018-03-01,117.0
요르단,관광,2018-04-01,140.0
요르단,관광,2018-05-01,116.0
요르단,관광,2018-06-01,86.0
요르단,관광,2018-07-01,138.0
요르단,관광,2018-08-01,80.0
요르단,관광,2018-09-01,113.0
요르단,관광,2018-10-01,202.0
요르단,관광,2018-11-01,157.0
요르단,관광,2018-12-01,75.0
요르단,관광,2019-01-01,66.0
요르단,관광,2019-02-01,70.0
요르단,관광,2019-03-01,112.0
요르단,관광,2019-04-01,170.0
요르단,관광,2019-05-01,88.0
요르단,관광,2019-06-01,191.0
요르단,관광,2019-07-01,139.0
요르단,관광,2019-08-01,130.0
요르단,관광,2019-09-01,144.0
요르단,관광,2019-10-01,204.0
요르단,관광,2019-11-01,162.0
요르단,관광,2019-12-01,91.0
요르단,관광,2020-01-01,75.0
요르단,관광,2020-02-01,69.0
요르단,관광,2020-03-01,13.0
요르단,관광,2020-04-01,1.0
요르단,관광,2020-05-01,0.0
요르단,관광,2020-06-01,0.0
요르단,관광,2020-07-01,4.0
요르단,관광,2020-08-01,3.0
요르단,관광,2020-09-01,3.0
요르단,관광,2020-10-01,0.0
요르단,관광,2020-11-01,1.0
요르단,관광,2020-12-01,0.0
요르단,관광,2021-01-01,2.0
요르단,관광,2021-02-01,1.0
요르단,관광,2021-03-01,4.0
요르단,관광,2021-04-01,2.0
요르단,관광,2021-05-01,4.0
요르단,관광,2021-06-01,3.0
요르단,관광,2021-07-01,3.0
요르단,관광,2021-08-01,6.0
요르단,관광,2021-09-01,3.0
요르단,관광,2021-10-01,6.0
요르단,관광,2021-11-01,18.0
요르단,관광,2021-12-01,4.0
요르단,관광,2022-01-01,4.0
요르단,관광,2022-02-01,0.0
요르단,관광,2022-03-01,7.0
요르단,관광,2022-04-01,3.0
요르단,관광,2022-05-01,16.0
요르단,관광,2022-06-01,62.0
요르단,관광,2022-07-01,43.0
요르단,관광,2022-08-01,27.0
요르단,관광,2022-09-01,44.0
요르단,관광,2022-10-01,112.0
요르단,관광,2022-11-01,69.0
요르단,관광,2022-12-01,46.0
요르단,관광,2023-01-01,19.0
요르단,관광,2023-02-01,41.0
요르단,관광,2023-03-01,38.0
요르단,관광,2023-04-01,42.0
요르단,관광,2023-05-01,79.0
요르단,관광,2023-06-01,96.0
요르단,관광,2023-07-01,113.0
요르단,관광,2023-08-01,91.0
요르단,관광,2023-09-01,61.0
요르단,관광,2023-10-01,126.0
요르단,관광,2023-11-01,98.0
요르단,관광,2023-12-01,46.0
요르단,관광,2024-01-01,34.0
요르단,관광,2024-02-01,44.0
요르단,관광,2024-03-01,43.0
요르단,관광,2024-04-01,76.0
요르단,관광,2024-05-01,108.0
요르단,관광,2024-06-01,90.0
요르단,관광,2024-07-01,118.0
요르단,관광,2024-08-01,119.0
요르단,관광,2024-09-01,144.0
요르단,관광,2024-10-01,138.0
요르단,관광,2024-11-01,123.0
요르단,관광,2024-12-01,42.0
요르단,관광,2025-01-01,47.0
요르단,관광,2025-02-01,45.0
요르단,관광,2025-03-01,120.0
요르단,관광,2025-04-01,81.0
요르단,관광,2025-05-01,110.0
요르단,상용,2005-01-01,145.0
요르단,상용,2005-02-01,165.0
요르단,상용,2005-03-01,199.0
요르단,상용,2005-04-01,174.0
요르단,상용,2005-05-01,179.0
요르단,상용,2005-06-01,178.0
요르단,상용,2005-07-01,196.0
요르단,상용,2005-08-01,189.0
요르단,상용,2005-09-01,133.0
요르단,상용,2005-10-01,113.0
요르단,상용,2005-11-01,164.0
요르단,상용,2005-12-01,121.0
요르단,상용,2006-01-01,110.0
요르단,상용,2006-02-01,157.0
요르단,상용,2006-03-01,177.0
요르단,상용,2006-04-01,131.0
요르단,상용,2006-05-01,112.0
요르단,상용,2006-06-01,131.0
요르단,상용,2006-07-01,126.0
요르단,상용,2006-08-01,182.0
요르단,상용,2006-09-01,144.0
요르단,상용,2006-10-01,137.0
요르단,상용,2006-11-01,158.0
요르단,상용,2006-12-01,83.0
요르단,상용,2007-01-01,89.0
요르단,상용,2007-02-01,120.0
요르단,상용,2007-03-01,102.0
요르단,상용,2007-04-01,147.0
요르단,상용,2007-05-01,104.0
요르단,상용,2007-06-01,136.0
요르단,상용,2007-07-01,107.0
요르단,상용,2007-08-01,126.0
요르단,상용,2007-09-01,88.0
요르단,상용,2007-10-01,120.0
요르단,상용,2007-11-01,134.0
요르단,상용,2007-12-01,80.0
요르단,상용,2008-01-01,132.0
요르단,상용,2008-02-01,110.0
요르단,상용,2008-03-01,171.0
요르단,상용,2008-04-01,150.0
요르단,상용,2008-05-01,172.0
요르단,상용,2008-06-01,160.0
요르단,상용,2008-07-01,153.0
요르단,상용,2008-08-01,151.0
요르단,상용,2008-09-01,95.0
요르단,상용,2008-10-01,235.0
요르단,상용,2008-11-01,166.0
요르단,상용,2008-12-01,125.0
요르단,상용,2009-01-01,140.0
요르단,상용,2009-02-01,177.0
요르단,상용,2009-03-01,190.0
요르단,상용,2009-04-01,182.0
요르단,상용,2009-05-01,230.0
요르단,상용,2009-06-01,238.0
요르단,상용,2009-07-01,198.0
요르단,상용,2009-08-01,209.0
요르단,상용,2009-09-01,135.0
요르단,상용,2009-10-01,285.0
요르단,상용,2009-11-01,191.0
요르단,상용,2009-12-01,178.0
요르단,상용,2010-01-01,188.0
요르단,상용,2010-02-01,160.0
요르단,상용,2010-03-01,223.0
요르단,상용,2010-04-01,213.0
요르단,상용,2010-05-01,218.0
요르단,상용,2010-06-01,195.0
요르단,상용,2010-07-01,149.0
요르단,상용,2010-08-01,140.0
요르단,상용,2010-09-01,155.0
요르단,상용,2010-10-01,311.0
요르단,상용,2010-11-01,192.0
요르단,상용,2010-12-01,185.0
요르단,상용,2011-01-01,150.0
요르단,상용,2011-02-01,203.0
요르단,상용,2011-03-01,191.0
요르단,상용,2011-04-01,209.0
요르단,상용,2011-05-01,240.0
요르단,상용,2011-06-01,197.0
요르단,상용,2011-07-01,163.0
요르단,상용,2011-08-01,120.0
요르단,상용,2011-09-01,289.0
요르단,상용,2011-10-01,255.0
요르단,상용,2011-11-01,214.0
요르단,상용,2011-12-01,154.0
요르단,상용,2012-01-01,53.0
요르단,상용,2012-02-01,50.0
요르단,상용,2012-03-01,151.0
요르단,상용,2012-04-01,205.0
요르단,상용,2012-05-01,220.0
요르단,상용,2012-06-01,252.0
요르단,상용,2012-07-01,99.0
요르단,상용,2012-08-01,79.0
요르단,상용,2012-09-01,209.0
요르단,상용,2012-10-01,173.0
요르단,상용,2012-11-01,147.0
요르단,상용,2012-12-01,111.0
요르단,상용,2013-01-01,86.0
요르단,상용,2013-02-01,124.0
요르단,상용,2013-03-01,163.0
요르단,상용,2013-04-01,167.0
요르단,상용,2013-05-01,151.0
요르단,상용,2013-06-01,143.0
요르단,상용,2013-07-01,83.0
요르단,상용,2013-08-01,110.0
요르단,상용,2013-09-01,184.0
요르단,상용,2013-10-01,162.0
요르단,상용,2013-11-01,173.0
요르단,상용,2013-12-01,121.0
요르단,상용,2014-01-01,84.0
요르단,상용,2014-02-01,131.0
요르단,상용,2014-03-01,146.0
요르단,상용,2014-04-01,155.0
요르단,상용,2014-05-01,144.0
요르단,상용,2014-06-01,122.0
요르단,상용,2014-07-01,51.0
요르단,상용,2014-08-01,114.0
요르단,상용,2014-09-01,151.0
요르단,상용,2014-10-01,170.0
요르단,상용,2014-11-01,132.0
요르단,상용,2014-12-01,122.0
요르단,상용,2015-01-01,96.0
요르단,상용,2015-02-01,107.0
요르단,상용,2015-03-01,144.0
요르단,상용,2015-04-01,156.0
요르단,상용,2015-05-01,134.0
요르단,상용,2015-06-01,102.0
요르단,상용,2015-07-01,89.0
요르단,상용,2015-08-01,116.0
요르단,상용,2015-09-01,140.0
요르단,상용,2015-10-01,179.0
요르단,상용,2015-11-01,137.0
요르단,상용,2015-12-01,106.0
요르단,상용,2016-01-01,113.0
요르단,상용,2016-02-01,120.0
요르단,상용,2016-03-01,132.0
요르단,상용,2016-04-01,134.0
요르단,상용,2016-05-01,112.0
요르단,상용,2016-06-01,47.0
요르단,상용,2016-07-01,79.0
요르단,상용,2016-08-01,99.0
요르단,상용,2016-09-01,94.0
요르단,상용,2016-10-01,126.0
요르단,상용,2016-11-01,101.0
요르단,상용,2016-12-01,65.0
요르단,상용,2017-01-01,85.0
요르단,상용,2017-02-01,65.0
요르단,상용,2017-03-01,135.0
요르단,상용,2017-04-01,105.0
요르단,상용,2017-05-01,87.0
요르단,상용,2017-06-01,43.0
요르단,상용,2017-07-01,92.0
요르단,상용,2017-08-01,76.0
요르단,상용,2017-09-01,70.0
요르단,상용,2017-10-01,123.0
요르단,상용,2017-11-01,78.0
요르단,상용,2017-12-01,53.0
요르단,상용,2018-01-01,66.0
요르단,상용,2018-02-01,53.0
요르단,상용,2018-03-01,70.0
요르단,상용,2018-04-01,88.0
요르단,상용,2018-05-01,60.0
요르단,상용,2018-06-01,51.0
요르단,상용,2018-07-01,74.0
요르단,상용,2018-08-01,43.0
요르단,상용,2018-09-01,81.0
요르단,상용,2018-10-01,78.0
요르단,상용,2018-11-01,75.0
요르단,상용,2018-12-01,56.0
요르단,상용,2019-01-01,58.0
요르단,상용,2019-02-01,73.0
요르단,상용,2019-03-01,72.0
요르단,상용,2019-04-01,78.0
요르단,상용,2019-05-01,37.0
요르단,상용,2019-06-01,85.0
요르단,상용,2019-07-01,75.0
요르단,상용,2019-08-01,52.0
요르단,상용,2019-09-01,89.0
요르단,상용,2019-10-01,88.0
요르단,상용,2019-11-01,86.0
요르단,상용,2019-12-01,56.0
요르단,상용,2020-01-01,51.0
요르단,상용,2020-02-01,50.0
요르단,상용,2020-03-01,6.0
요르단,상용,2020-04-01,0.0
요르단,상용,2020-05-01,2.0
요르단,상용,2020-06-01,6.0
요르단,상용,2020-07-01,14.0
요르단,상용,2020-08-01,29.0
요르단,상용,2020-09-01,31.0
요르단,상용,2020-10-01,30.0
요르단,상용,2020-11-01,18.0
요르단,상용,2020-12-01,31.0
요르단,상용,2021-01-01,21.0
요르단,상용,2021-02-01,25.0
요르단,상용,2021-03-01,37.0
요르단,상용,2021-04-01,19.0
요르단,상용,2021-05-01,22.0
요르단,상용,2021-06-01,22.0
요르단,상용,2021-07-01,42.0
요르단,상용,2021-08-01,48.0
요르단,상용,2021-09-01,47.0
요르단,상용,2021-10-01,53.0
요르단,상용,2021-11-01,28.0
요르단,상용,2021-12-01,25.0
요르단,상용,2022-01-01,44.0
요르단,상용,2022-02-01,54.0
요르단,상용,2022-03-01,59.0
요르단,상용,2022-04-01,17.0
요르단,상용,2022-05-01,41.0
요르단,상용,2022-06-01,76.0
요르단,상용,2022-07-01,52.0
요르단,상용,2022-08-01,69.0
요르단,상용,2022-09-01,104.0
요르단,상용,2022-10-01,76.0
요르단,상용,2022-11-01,57.0
요르단,상용,2022-12-01,34.0
요르단,상용,2023-01-01,44.0
요르단,상용,2023-02-01,71.0
요르단,상용,2023-03-01,54.0
요르단,상용,2023-04-01,34.0
요르단,상용,2023-05-01,102.0
요르단,상용,2023-06-01,69.0
요르단,상용,2023-07-01,83.0
요르단,상용,2023-08-01,46.0
요르단,상용,2023-09-01,99.0
요르단,상용,2023-10-01,87.0
요르단,상용,2023-11-01,65.0
요르단,상용,2023-12-01,67.0
요르단,상용,2024-01-01,47.0
요르단,상용,2024-02-01,44.0
요르단,상용,2024-03-01,46.0
요르단,상용,2024-04-01,61.0
요르단,상용,2024-05-01,103.0
요르단,상용,2024-06-01,57.0
요르단,상용,2024-07-01,78.0
요르단,상용,2024-08-01,78.0
요르단,상용,2024-09-01,78.0
요르단,상용,2024-10-01,71.0
요르단,상용,2024-11-01,68.0
요르단,상용,2024-12-01,77.0
요르단,상용,2025-01-01,46.0
요르단,상용,2025-02-01,89.0
요르단,상용,2025-03-01,28.0
요르단,상용,2025-04-01,86.0
요르단,상용,2025-05-01,73.0
요르단,유학연수,2005-01-01,0.0
요르단,유학연수,2005-02-01,2.0
요르단,유학연수,2005-03-01,0.0
요르단,유학연수,2005-04-01,0.0
요르단,유학연수,2005-05-01,0.0
요르단,유학연수,2005-06-01,0.0
요르단,유학연수,2005-07-01,0.0
요르단,유학연수,2005-08-01,0.0
요르단,유학연수,2005-09-01,0.0
요르단,유학연수,2005-10-01,0.0
요르단,유학연수,2005-11-01,1.0
요르단,유학연수,2005-12-01,0.0
요르단,유학연수,2006-01-01,0.0
요르단,유학연수,2006-02-01,1.0
요르단,유학연수,2006-03-01,1.0
요르단,유학연수,2006-04-01,0.0
요르단,유학연수,2006-05-01,0.0
요르단,유학연수,2006-06-01,0.0
요르단,유학연수,2006-07-01,0.0
요르단,유학연수,2006-08-01,4.0
요르단,유학연수,2006-09-01,0.0
요르단,유학연수,2006-10-01,1.0
요르단,유학연수,2006-11-01,0.0
요르단,유학연수,2006-12-01,0.0
요르단,유학연수,2007-01-01,0.0
요르단,유학연수,2007-02-01,3.0
요르단,유학연수,2007-03-01,0.0
요르단,유학연수,2007-04-01,0.0
요르단,유학연수,2007-05-01,0.0
요르단,유학연수,2007-06-01,0.0
요르단,유학연수,2007-07-01,0.0
요르단,유학연수,2007-08-01,5.0
요르단,유학연수,2007-09-01,1.0
요르단,유학연수,2007-10-01,0.0
요르단,유학연수,2007-11-01,2.0
요르단,유학연수,2007-12-01,0.0
요르단,유학연수,2008-01-01,2.0
요르단,유학연수,2008-02-01,6.0
요르단,유학연수,2008-03-01,0.0
요르단,유학연수,2008-04-01,0.0
요르단,유학연수,2008-05-01,0.0
요르단,유학연수,2008-06-01,0.0
요르단,유학연수,2008-07-01,3.0
요르단,유학연수,2008-08-01,7.0
요르단,유학연수,2008-09-01,0.0
요르단,유학연수,2008-10-01,1.0
요르단,유학연수,2008-11-01,0.0
요르단,유학연수,2008-12-01,0.0
요르단,유학연수,2009-01-01,1.0
요르단,유학연수,2009-02-01,5.0
요르단,유학연수,2009-03-01,0.0
요르단,유학연수,2009-04-01,0.0
요르단,유학연수,2009-05-01,1.0
요르단,유학연수,2009-06-01,2.0
요르단,유학연수,2009-07-01,3.0
요르단,유학연수,2009-08-01,1.0
요르단,유학연수,2009-09-01,1.0
요르단,유학연수,2009-10-01,0.0
요르단,유학연수,2009-11-01,1.0
요르단,유학연수,2009-12-01,2.0
요르단,유학연수,2010-01-01,4.0
요르단,유학연수,2010-02-01,1.0
요르단,유학연수,2010-03-01,0.0
요르단,유학연수,2010-04-01,0.0
요르단,유학연수,2010-05-01,0.0
요르단,유학연수,2010-06-01,3.0
요르단,유학연수,2010-07-01,3.0
요르단,유학연수,2010-08-01,10.0
요르단,유학연수,2010-09-01,2.0
요르단,유학연수,2010-10-01,3.0
요르단,유학연수,2010-11-01,0.0
요르단,유학연수,2010-12-01,0.0
요르단,유학연수,2011-01-01,0.0
요르단,유학연수,2011-02-01,5.0
요르단,유학연수,2011-03-01,0.0
요르단,유학연수,2011-04-01,1.0
요르단,유학연수,2011-05-01,6.0
요르단,유학연수,2011-06-01,0.0
요르단,유학연수,2011-07-01,6.0
요르단,유학연수,2011-08-01,6.0
요르단,유학연수,2011-09-01,1.0
요르단,유학연수,2011-10-01,0.0
요르단,유학연수,2011-11-01,1.0
요르단,유학연수,2011-12-01,4.0
요르단,유학연수,2012-01-01,13.0
요르단,유학연수,2012-02-01,2.0
요르단,유학연수,2012-03-01,2.0
요르단,유학연수,2012-04-01,0.0
요르단,유학연수,2012-05-01,1.0
요르단,유학연수,2012-06-01,2.0
요르단,유학연수,2012-07-01,4.0
요르단,유학연수,2012-08-01,11.0
요르단,유학연수,2012-09-01,3.0
요르단,유학연수,2012-10-01,1.0
요르단,유학연수,2012-11-01,1.0
요르단,유학연수,2012-12-01,1.0
요르단,유학연수,2013-01-01,3.0
요르단,유학연수,2013-02-01,6.0
요르단,유학연수,2013-03-01,4.0
요르단,유학연수,2013-04-01,1.0
요르단,유학연수,2013-05-01,3.0
요르단,유학연수,2013-06-01,4.0
요르단,유학연수,2013-07-01,2.0
요르단,유학연수,2013-08-01,23.0
요르단,유학연수,2013-09-01,0.0
요르단,유학연수,2013-10-01,3.0
요르단,유학연수,2013-11-01,5.0
요르단,유학연수,2013-12-01,5.0
요르단,유학연수,2014-01-01,1.0
요르단,유학연수,2014-02-01,11.0
요르단,유학연수,2014-03-01,11.0
요르단,유학연수,2014-04-01,2.0
요르단,유학연수,2014-05-01,5.0
요르단,유학연수,2014-06-01,14.0
요르단,유학연수,2014-07-01,4.0
요르단,유학연수,2014-08-01,26.0
요르단,유학연수,2014-09-01,7.0
요르단,유학연수,2014-10-01,20.0
요르단,유학연수,2014-11-01,3.0
요르단,유학연수,2014-12-01,5.0
요르단,유학연수,2015-01-01,2.0
요르단,유학연수,2015-02-01,21.0
요르단,유학연수,2015-03-01,6.0
요르단,유학연수,2015-04-01,4.0
요르단,유학연수,2015-05-01,3.0
요르단,유학연수,2015-06-01,6.0
요르단,유학연수,2015-07-01,7.0
요르단,유학연수,2015-08-01,21.0
요르단,유학연수,2015-09-01,6.0
요르단,유학연수,2015-10-01,5.0
요르단,유학연수,2015-11-01,6.0
요르단,유학연수,2015-12-01,2.0
요르단,유학연수,2016-01-01,2.0
요르단,유학연수,2016-02-01,15.0
요르단,유학연수,2016-03-01,6.0
요르단,유학연수,2016-04-01,2.0
요르단,유학연수,2016-05-01,3.0
요르단,유학연수,2016-06-01,5.0
요르단,유학연수,2016-07-01,4.0
요르단,유학연수,2016-08-01,23.0
요르단,유학연수,2016-09-01,8.0
요르단,유학연수,2016-10-01,2.0
요르단,유학연수,2016-11-01,2.0
요르단,유학연수,2016-12-01,1.0
요르단,유학연수,2017-01-01,7.0
요르단,유학연수,2017-02-01,12.0
요르단,유학연수,2017-03-01,7.0
요르단,유학연수,2017-04-01,2.0
요르단,유학연수,2017-05-01,3.0
요르단,유학연수,2017-06-01,2.0
요르단,유학연수,2017-07-01,15.0
요르단,유학연수,2017-08-01,19.0
요르단,유학연수,2017-09-01,14.0
요르단,유학연수,2017-10-01,5.0
요르단,유학연수,2017-11-01,5.0
요르단,유학연수,2017-12-01,2.0
요르단,유학연수,2018-01-01,6.0
요르단,유학연수,2018-02-01,17.0
요르단,유학연수,2018-03-01,6.0
요르단,유학연수,2018-04-01,1.0
요르단,유학연수,2018-05-01,3.0
요르단,유학연수,2018-06-01,4.0
요르단,유학연수,2018-07-01,10.0
요르단,유학연수,2018-08-01,21.0
요르단,유학연수,2018-09-01,9.0
요르단,유학연수,2018-10-01,2.0
요르단,유학연수,2018-11-01,3.0
요르단,유학연수,2018-12-01,2.0
요르단,유학연수,2019-01-01,4.0
요르단,유학연수,2019-02-01,15.0
요르단,유학연수,2019-03-01,6.0
요르단,유학연수,2019-04-01,4.0
요르단,유학연수,2019-05-01,2.0
요르단,유학연수,2019-06-01,3.0
요르단,유학연수,2019-07-01,6.0
요르단,유학연수,2019-08-01,22.0
요르단,유학연수,2019-09-01,7.0
요르단,유학연수,2019-10-01,1.0
요르단,유학연수,2019-11-01,3.0
요르단,유학연수,2019-12-01,3.0
요르단,유학연수,2020-01-01,7.0
요르단,유학연수,2020-02-01,14.0
요르단,유학연수,2020-03-01,4.0
요르단,유학연수,2020-04-01,0.0
요르단,유학연수,2020-05-01,1.0
요르단,유학연수,2020-06-01,0.0
요르단,유학연수,2020-07-01,2.0
요르단,유학연수,2020-08-01,8.0
요르단,유학연수,2020-09-01,2.0
요르단,유학연수,2020-10-01,0.0
요르단,유학연수,2020-11-01,1.0
요르단,유학연수,2020-12-01,0.0
요르단,유학연수,2021-01-01,1.0
요르단,유학연수,2021-02-01,6.0
요르단,유학연수,2021-03-01,1.0
요르단,유학연수,2021-04-01,1.0
요르단,유학연수,2021-05-01,2.0
요르단,유학연수,2021-06-01,0.0
요르단,유학연수,2021-07-01,1.0
요르단,유학연수,2021-08-01,14.0
요르단,유학연수,2021-09-01,5.0
요르단,유학연수,2021-10-01,0.0
요르단,유학연수,2021-11-01,3.0
요르단,유학연수,2021-12-01,1.0
요르단,유학연수,2022-01-01,3.0
요르단,유학연수,2022-02-01,10.0
요르단,유학연수,2022-03-01,5.0
요르단,유학연수,2022-04-01,1.0
요르단,유학연수,2022-05-01,1.0
요르단,유학연수,2022-06-01,1.0
요르단,유학연수,2022-07-01,2.0
요르단,유학연수,2022-08-01,17.0
요르단,유학연수,2022-09-01,1.0
요르단,유학연수,2022-10-01,2.0
요르단,유학연수,2022-11-01,5.0
요르단,유학연수,2022-12-01,3.0
요르단,유학연수,2023-01-01,2.0
요르단,유학연수,2023-02-01,11.0
요르단,유학연수,2023-03-01,5.0
요르단,유학연수,2023-04-01,2.0
요르단,유학연수,2023-05-01,1.0
요르단,유학연수,2023-06-01,2.0
요르단,유학연수,2023-07-01,3.0
요르단,유학연수,2023-08-01,19.0
요르단,유학연수,2023-09-01,8.0
요르단,유학연수,2023-10-01,2.0
요르단,유학연수,2023-11-01,2.0
요르단,유학연수,2023-12-01,0.0
요르단,유학연수,2024-01-01,3.0
요르단,유학연수,2024-02-01,14.0
요르단,유학연수,2024-03-01,5.0
요르단,유학연수,2024-04-01,0.0
요르단,유학연수,2024-05-01,2.0
요르단,유학연수,2024-06-01,3.0
요르단,유학연수,2024-07-01,4.0
요르단,유학연수,2024-08-01,15.0
요르단,유학연수,2024-09-01,7.0
요르단,유학연수,2024-10-01,1.0
요르단,유학연수,2024-11-01,3.0
요르단,유학연수,2024-12-01,1.0
요르단,유학연수,2025-01-01,4.0
요르단,유학연수,2025-02-01,15.0
요르단,유학연수,2025-03-01,8.0
요르단,유학연수,2025-04-01,0.0
요르단,유학연수,2025-05-01,2.0
우즈베키스탄,공용,2005-01-01,1.0
우즈베키스탄,공용,2005-02-01,0.0
우즈베키스탄,공용,2005-03-01,9.0
우즈베키스탄,공용,2005-04-01,1.0
우즈베키스탄,공용,2005-05-01,0.0
우즈베키스탄,공용,2005-06-01,3.0
우즈베키스탄,공용,2005-07-01,5.0
우즈베키스탄,공용,2005-08-01,10.0
우즈베키스탄,공용,2005-09-01,2.0
우즈베키스탄,공용,2005-10-01,5.0
우즈베키스탄,공용,2005-11-01,1.0
우즈베키스탄,공용,2005-12-01,0.0
우즈베키스탄,공용,2006-01-01,0.0
우즈베키스탄,공용,2006-02-01,10.0
우즈베키스탄,공용,2006-03-01,22.0
우즈베키스탄,공용,2006-04-01,4.0
우즈베키스탄,공용,2006-05-01,2.0
우즈베키스탄,공용,2006-06-01,4.0
우즈베키스탄,공용,2006-07-01,8.0
우즈베키스탄,공용,2006-08-01,4.0
우즈베키스탄,공용,2006-09-01,1.0
우즈베키스탄,공용,2006-10-01,9.0
우즈베키스탄,공용,2006-11-01,16.0
우즈베키스탄,공용,2006-12-01,14.0
우즈베키스탄,공용,2007-01-01,2.0
우즈베키스탄,공용,2007-02-01,1.0
우즈베키스탄,공용,2007-03-01,1.0
우즈베키스탄,공용,2007-04-01,8.0
우즈베키스탄,공용,2007-05-01,11.0
우즈베키스탄,공용,2007-06-01,6.0
우즈베키스탄,공용,2007-07-01,1.0
우즈베키스탄,공용,2007-08-01,12.0
우즈베키스탄,공용,2007-09-01,3.0
우즈베키스탄,공용,2007-10-01,24.0
우즈베키스탄,공용,2007-11-01,18.0
우즈베키스탄,공용,2007-12-01,1.0
우즈베키스탄,공용,2008-01-01,4.0
우즈베키스탄,공용,2008-02-01,8.0
우즈베키스탄,공용,2008-03-01,2.0
우즈베키스탄,공용,2008-04-01,10.0
우즈베키스탄,공용,2008-05-01,13.0
우즈베키스탄,공용,2008-06-01,17.0
우즈베키스탄,공용,2008-07-01,18.0
우즈베키스탄,공용,2008-08-01,11.0
우즈베키스탄,공용,2008-09-01,2.0
우즈베키스탄,공용,2008-10-01,11.0
우즈베키스탄,공용,2008-11-01,7.0
우즈베키스탄,공용,2008-12-01,3.0
우즈베키스탄,공용,2009-01-01,2.0
우즈베키스탄,공용,2009-02-01,19.0
우즈베키스탄,공용,2009-03-01,12.0
우즈베키스탄,공용,2009-04-01,16.0
우즈베키스탄,공용,2009-05-01,9.0
우즈베키스탄,공용,2009-06-01,6.0
우즈베키스탄,공용,2009-07-01,8.0
우즈베키스탄,공용,2009-08-01,8.0
우즈베키스탄,공용,2009-09-01,0.0
우즈베키스탄,공용,2009-10-01,3.0
우즈베키스탄,공용,2009-11-01,3.0
우즈베키스탄,공용,2009-12-01,5.0
우즈베키스탄,공용,2010-01-01,17.0
우즈베키스탄,공용,2010-02-01,22.0
우즈베키스탄,공용,2010-03-01,1.0
우즈베키스탄,공용,2010-04-01,2.0
우즈베키스탄,공용,2010-05-01,2.0
우즈베키스탄,공용,2010-06-01,11.0
우즈베키스탄,공용,2010-07-01,3.0
우즈베키스탄,공용,2010-08-01,3.0
우즈베키스탄,공용,2010-09-01,0.0
우즈베키스탄,공용,2010-10-01,5.0
우즈베키스탄,공용,2010-11-01,0.0
우즈베키스탄,공용,2010-12-01,1.0
우즈베키스탄,공용,2011-01-01,0.0
우즈베키스탄,공용,2011-02-01,4.0
우즈베키스탄,공용,2011-03-01,1.0
우즈베키스탄,공용,2011-04-01,0.0
우즈베키스탄,공용,2011-05-01,0.0
우즈베키스탄,공용,2011-06-01,2.0
우즈베키스탄,공용,2011-07-01,4.0
우즈베키스탄,공용,2011-08-01,0.0
우즈베키스탄,공용,2011-09-01,0.0
우즈베키스탄,공용,2011-10-01,2.0
우즈베키스탄,공용,2011-11-01,0.0
우즈베키스탄,공용,2011-12-01,0.0
우즈베키스탄,공용,2012-01-01,5.0
우즈베키스탄,공용,2012-02-01,0.0
우즈베키스탄,공용,2012-03-01,1.0
우즈베키스탄,공용,2012-04-01,3.0
우즈베키스탄,공용,2012-05-01,0.0
우즈베키스탄,공용,2012-06-01,1.0
우즈베키스탄,공용,2012-07-01,0.0
우즈베키스탄,공용,2012-08-01,0.0
우즈베키스탄,공용,2012-09-01,0.0
우즈베키스탄,공용,2012-10-01,0.0
우즈베키스탄,공용,2012-11-01,0.0
우즈베키스탄,공용,2012-12-01,0.0
우즈베키스탄,공용,2013-01-01,0.0
우즈베키스탄,공용,2013-02-01,0.0
우즈베키스탄,공용,2013-03-01,0.0
우즈베키스탄,공용,2013-04-01,1.0
우즈베키스탄,공용,2013-05-01,1.0
우즈베키스탄,공용,2013-06-01,2.0
우즈베키스탄,공용,2013-07-01,3.0
우즈베키스탄,공용,2013-08-01,5.0
우즈베키스탄,공용,2013-09-01,0.0
우즈베키스탄,공용,2013-10-01,1.0
우즈베키스탄,공용,2013-11-01,1.0
우즈베키스탄,공용,2013-12-01,0.0
우즈베키스탄,공용,2014-01-01,0.0
우즈베키스탄,공용,2014-02-01,0.0
우즈베키스탄,공용,2014-03-01,2.0
우즈베키스탄,공용,2014-04-01,1.0
우즈베키스탄,공용,2014-05-01,0.0
우즈베키스탄,공용,2014-06-01,0.0
우즈베키스탄,공용,2014-07-01,2.0
우즈베키스탄,공용,2014-08-01,4.0
우즈베키스탄,공용,2014-09-01,0.0
우즈베키스탄,공용,2014-10-01,1.0
우즈베키스탄,공용,2014-11-01,0.0
우즈베키스탄,공용,2014-12-01,0.0
우즈베키스탄,공용,2015-01-01,0.0
우즈베키스탄,공용,2015-02-01,1.0
우즈베키스탄,공용,2015-03-01,0.0
우즈베키스탄,공용,2015-04-01,0.0
우즈베키스탄,공용,2015-05-01,1.0
우즈베키스탄,공용,2015-06-01,0.0
우즈베키스탄,공용,2015-07-01,3.0
우즈베키스탄,공용,2015-08-01,5.0
우즈베키스탄,공용,2015-09-01,3.0
우즈베키스탄,공용,2015-10-01,0.0
우즈베키스탄,공용,2015-11-01,0.0
우즈베키스탄,공용,2015-12-01,0.0
우즈베키스탄,공용,2016-01-01,0.0
우즈베키스탄,공용,2016-02-01,0.0
우즈베키스탄,공용,2016-03-01,1.0
우즈베키스탄,공용,2016-04-01,1.0
우즈베키스탄,공용,2016-05-01,0.0
우즈베키스탄,공용,2016-06-01,0.0
우즈베키스탄,공용,2016-07-01,1.0
우즈베키스탄,공용,2016-08-01,0.0
우즈베키스탄,공용,2016-09-01,0.0
우즈베키스탄,공용,2016-10-01,0.0
우즈베키스탄,공용,2016-11-01,2.0
우즈베키스탄,공용,2016-12-01,0.0
우즈베키스탄,공용,2017-01-01,5.0
우즈베키스탄,공용,2017-02-01,0.0
우즈베키스탄,공용,2017-03-01,0.0
우즈베키스탄,공용,2017-04-01,0.0
우즈베키스탄,공용,2017-05-01,5.0
우즈베키스탄,공용,2017-06-01,0.0
우즈베키스탄,공용,2017-07-01,0.0
우즈베키스탄,공용,2017-08-01,5.0
우즈베키스탄,공용,2017-09-01,1.0
우즈베키스탄,공용,2017-10-01,2.0
우즈베키스탄,공용,2017-11-01,2.0
우즈베키스탄,공용,2017-12-01,0.0
우즈베키스탄,공용,2018-01-01,2.0
우즈베키스탄,공용,2018-02-01,4.0
우즈베키스탄,공용,2018-03-01,0.0
우즈베키스탄,공용,2018-04-01,0.0
우즈베키스탄,공용,2018-05-01,0.0
우즈베키스탄,공용,2018-06-01,0.0
우즈베키스탄,공용,2018-07-01,4.0
우즈베키스탄,공용,2018-08-01,6.0
우즈베키스탄,공용,2018-09-01,5.0
우즈베키스탄,공용,2018-10-01,0.0
우즈베키스탄,공용,2018-11-01,3.0
우즈베키스탄,공용,2018-12-01,0.0
우즈베키스탄,공용,2019-01-01,0.0
우즈베키스탄,공용,2019-02-01,5.0
우즈베키스탄,공용,2019-03-01,0.0
우즈베키스탄,공용,2019-04-01,4.0
우즈베키스탄,공용,2019-05-01,3.0
우즈베키스탄,공용,2019-06-01,5.0
우즈베키스탄,공용,2019-07-01,1.0
우즈베키스탄,공용,2019-08-01,9.0
우즈베키스탄,공용,2019-09-01,1.0
우즈베키스탄,공용,2019-10-01,1.0
우즈베키스탄,공용,2019-11-01,1.0
우즈베키스탄,공용,2019-12-01,7.0
우즈베키스탄,공용,2020-01-01,7.0
우즈베키스탄,공용,2020-02-01,0.0
우즈베키스탄,공용,2020-03-01,0.0
우즈베키스탄,공용,2020-04-01,0.0
우즈베키스탄,공용,2020-05-01,0.0
우즈베키스탄,공용,2020-06-01,2.0
우즈베키스탄,공용,2020-07-01,0.0
우즈베키스탄,공용,2020-08-01,1.0
우즈베키스탄,공용,2020-09-01,0.0
우즈베키스탄,공용,2020-10-01,4.0
우즈베키스탄,공용,2020-11-01,4.0
우즈베키스탄,공용,2020-12-01,3.0
우즈베키스탄,공용,2021-01-01,1.0
우즈베키스탄,공용,2021-02-01,0.0
우즈베키스탄,공용,2021-03-01,0.0
우즈베키스탄,공용,2021-04-01,1.0
우즈베키스탄,공용,2021-05-01,4.0
우즈베키스탄,공용,2021-06-01,4.0
우즈베키스탄,공용,2021-07-01,4.0
우즈베키스탄,공용,2021-08-01,7.0
우즈베키스탄,공용,2021-09-01,5.0
우즈베키스탄,공용,2021-10-01,12.0
우즈베키스탄,공용,2021-11-01,50.0
우즈베키스탄,공용,2021-12-01,71.0
우즈베키스탄,공용,2022-01-01,7.0
우즈베키스탄,공용,2022-02-01,0.0
우즈베키스탄,공용,2022-03-01,10.0
우즈베키스탄,공용,2022-04-01,17.0
우즈베키스탄,공용,2022-05-01,7.0
우즈베키스탄,공용,2022-06-01,9.0
우즈베키스탄,공용,2022-07-01,30.0
우즈베키스탄,공용,2022-08-01,10.0
우즈베키스탄,공용,2022-09-01,4.0
우즈베키스탄,공용,2022-10-01,0.0
우즈베키스탄,공용,2022-11-01,0.0
우즈베키스탄,공용,2022-12-01,2.0
우즈베키스탄,공용,2023-01-01,8.0
우즈베키스탄,공용,2023-02-01,0.0
우즈베키스탄,공용,2023-03-01,3.0
우즈베키스탄,공용,2023-04-01,3.0
우즈베키스탄,공용,2023-05-01,0.0
우즈베키스탄,공용,2023-06-01,2.0
우즈베키스탄,공용,2023-07-01,3.0
우즈베키스탄,공용,2023-08-01,7.0
우즈베키스탄,공용,2023-09-01,2.0
우즈베키스탄,공용,2023-10-01,3.0
우즈베키스탄,공용,2023-11-01,2.0
우즈베키스탄,공용,2023-12-01,1.0
우즈베키스탄,공용,2024-01-01,9.0
우즈베키스탄,공용,2024-02-01,0.0
우즈베키스탄,공용,2024-03-01,3.0
우즈베키스탄,공용,2024-04-01,0.0
우즈베키스탄,공용,2024-05-01,3.0
우즈베키스탄,공용,2024-06-01,2.0
우즈베키스탄,공용,2024-07-01,1.0
우즈베키스탄,공용,2024-08-01,1.0
우즈베키스탄,공용,2024-09-01,5.0
우즈베키스탄,공용,2024-10-01,6.0
우즈베키스탄,공용,2024-11-01,5.0
우즈베키스탄,공용,2024-12-01,5.0
우즈베키스탄,공용,2025-01-01,6.0
우즈베키스탄,공용,2025-02-01,5.0
우즈베키스탄,공용,2025-03-01,10.0
우즈베키스탄,공용,2025-04-01,1.0
우즈베키스탄,공용,2025-05-01,3.0
우즈베키스탄,관광,2005-01-01,276.0
우즈베키스탄,관광,2005-02-01,260.0
우즈베키스탄,관광,2005-03-01,422.0
우즈베키스탄,관광,2005-04-01,324.0
우즈베키스탄,관광,2005-05-01,365.0
우즈베키스탄,관광,2005-06-01,403.0
우즈베키스탄,관광,2005-07-01,320.0
우즈베키스탄,관광,2005-08-01,523.0
우즈베키스탄,관광,2005-09-01,342.0
우즈베키스탄,관광,2005-10-01,368.0
우즈베키스탄,관광,2005-11-01,330.0
우즈베키스탄,관광,2005-12-01,289.0
우즈베키스탄,관광,2006-01-01,286.0
우즈베키스탄,관광,2006-02-01,293.0
우즈베키스탄,관광,2006-03-01,294.0
우즈베키스탄,관광,2006-04-01,231.0
우즈베키스탄,관광,2006-05-01,242.0
우즈베키스탄,관광,2006-06-01,272.0
우즈베키스탄,관광,2006-07-01,269.0
우즈베키스탄,관광,2006-08-01,246.0
우즈베키스탄,관광,2006-09-01,288.0
우즈베키스탄,관광,2006-10-01,254.0
우즈베키스탄,관광,2006-11-01,202.0
우즈베키스탄,관광,2006-12-01,230.0
우즈베키스탄,관광,2007-01-01,123.0
우즈베키스탄,관광,2007-02-01,165.0
우즈베키스탄,관광,2007-03-01,249.0
우즈베키스탄,관광,2007-04-01,243.0
우즈베키스탄,관광,2007-05-01,254.0
우즈베키스탄,관광,2007-06-01,382.0
우즈베키스탄,관광,2007-07-01,235.0
우즈베키스탄,관광,2007-08-01,376.0
우즈베키스탄,관광,2007-09-01,251.0
우즈베키스탄,관광,2007-10-01,321.0
우즈베키스탄,관광,2007-11-01,177.0
우즈베키스탄,관광,2007-12-01,252.0
우즈베키스탄,관광,2008-01-01,200.0
우즈베키스탄,관광,2008-02-01,175.0
우즈베키스탄,관광,2008-03-01,252.0
우즈베키스탄,관광,2008-04-01,253.0
우즈베키스탄,관광,2008-05-01,284.0
우즈베키스탄,관광,2008-06-01,261.0
우즈베키스탄,관광,2008-07-01,401.0
우즈베키스탄,관광,2008-08-01,313.0
우즈베키스탄,관광,2008-09-01,285.0
우즈베키스탄,관광,2008-10-01,366.0
우즈베키스탄,관광,2008-11-01,280.0
우즈베키스탄,관광,2008-12-01,232.0
우즈베키스탄,관광,2009-01-01,149.0
우즈베키스탄,관광,2009-02-01,140.0
우즈베키스탄,관광,2009-03-01,179.0
우즈베키스탄,관광,2009-04-01,186.0
우즈베키스탄,관광,2009-05-01,224.0
우즈베키스탄,관광,2009-06-01,291.0
우즈베키스탄,관광,2009-07-01,291.0
우즈베키스탄,관광,2009-08-01,404.0
우즈베키스탄,관광,2009-09-01,402.0
우즈베키스탄,관광,2009-10-01,283.0
우즈베키스탄,관광,2009-11-01,282.0
우즈베키스탄,관광,2009-12-01,260.0
우즈베키스탄,관광,2010-01-01,190.0
우즈베키스탄,관광,2010-02-01,205.0
우즈베키스탄,관광,2010-03-01,239.0
우즈베키스탄,관광,2010-04-01,273.0
우즈베키스탄,관광,2010-05-01,332.0
우즈베키스탄,관광,2010-06-01,503.0
우즈베키스탄,관광,2010-07-01,522.0
우즈베키스탄,관광,2010-08-01,404.0
우즈베키스탄,관광,2010-09-01,386.0
우즈베키스탄,관광,2010-10-01,411.0
우즈베키스탄,관광,2010-11-01,459.0
우즈베키스탄,관광,2010-12-01,342.0
우즈베키스탄,관광,2011-01-01,291.0
우즈베키스탄,관광,2011-02-01,254.0
우즈베키스탄,관광,2011-03-01,313.0
우즈베키스탄,관광,2011-04-01,369.0
우즈베키스탄,관광,2011-05-01,549.0
우즈베키스탄,관광,2011-06-01,499.0
우즈베키스탄,관광,2011-07-01,564.0
우즈베키스탄,관광,2011-08-01,558.0
우즈베키스탄,관광,2011-09-01,419.0
우즈베키스탄,관광,2011-10-01,602.0
우즈베키스탄,관광,2011-11-01,437.0
우즈베키스탄,관광,2011-12-01,577.0
우즈베키스탄,관광,2012-01-01,467.0
우즈베키스탄,관광,2012-02-01,433.0
우즈베키스탄,관광,2012-03-01,442.0
우즈베키스탄,관광,2012-04-01,410.0
우즈베키스탄,관광,2012-05-01,589.0
우즈베키스탄,관광,2012-06-01,579.0
우즈베키스탄,관광,2012-07-01,857.0
우즈베키스탄,관광,2012-08-01,736.0
우즈베키스탄,관광,2012-09-01,886.0
우즈베키스탄,관광,2012-10-01,996.0
우즈베키스탄,관광,2012-11-01,887.0
우즈베키스탄,관광,2012-12-01,974.0
우즈베키스탄,관광,2013-01-01,616.0
우즈베키스탄,관광,2013-02-01,560.0
우즈베키스탄,관광,2013-03-01,716.0
우즈베키스탄,관광,2013-04-01,1028.0
우즈베키스탄,관광,2013-05-01,992.0
우즈베키스탄,관광,2013-06-01,1277.0
우즈베키스탄,관광,2013-07-01,1204.0
우즈베키스탄,관광,2013-08-01,945.0
우즈베키스탄,관광,2013-09-01,1071.0
우즈베키스탄,관광,2013-10-01,1365.0
우즈베키스탄,관광,2013-11-01,1166.0
우즈베키스탄,관광,2013-12-01,955.0
우즈베키스탄,관광,2014-01-01,886.0
우즈베키스탄,관광,2014-02-01,791.0
우즈베키스탄,관광,2014-03-01,1151.0
우즈베키스탄,관광,2014-04-01,1331.0
우즈베키스탄,관광,2014-05-01,1205.0
우즈베키스탄,관광,2014-06-01,1198.0
우즈베키스탄,관광,2014-07-01,1263.0
우즈베키스탄,관광,2014-08-01,1252.0
우즈베키스탄,관광,2014-09-01,1795.0
우즈베키스탄,관광,2014-10-01,1569.0
우즈베키스탄,관광,2014-11-01,1389.0
우즈베키스탄,관광,2014-12-01,1020.0
우즈베키스탄,관광,2015-01-01,1001.0
우즈베키스탄,관광,2015-02-01,1032.0
우즈베키스탄,관광,2015-03-01,1477.0
우즈베키스탄,관광,2015-04-01,1606.0
우즈베키스탄,관광,2015-05-01,1657.0
우즈베키스탄,관광,2015-06-01,1677.0
우즈베키스탄,관광,2015-07-01,2111.0
우즈베키스탄,관광,2015-08-01,2027.0
우즈베키스탄,관광,2015-09-01,2028.0
우즈베키스탄,관광,2015-10-01,2320.0
우즈베키스탄,관광,2015-11-01,2079.0
우즈베키스탄,관광,2015-12-01,1792.0
우즈베키스탄,관광,2016-01-01,1818.0
우즈베키스탄,관광,2016-02-01,1861.0
우즈베키스탄,관광,2016-03-01,2559.0
우즈베키스탄,관광,2016-04-01,2582.0
우즈베키스탄,관광,2016-05-01,2716.0
우즈베키스탄,관광,2016-06-01,2739.0
우즈베키스탄,관광,2016-07-01,2835.0
우즈베키스탄,관광,2016-08-01,2809.0
우즈베키스탄,관광,2016-09-01,2508.0
우즈베키스탄,관광,2016-10-01,2677.0
우즈베키스탄,관광,2016-11-01,3106.0
우즈베키스탄,관광,2016-12-01,2153.0
우즈베키스탄,관광,2017-01-01,2118.0
우즈베키스탄,관광,2017-02-01,2447.0
우즈베키스탄,관광,2017-03-01,2225.0
우즈베키스탄,관광,2017-04-01,1774.0
우즈베키스탄,관광,2017-05-01,3108.0
우즈베키스탄,관광,2017-06-01,3171.0
우즈베키스탄,관광,2017-07-01,3521.0
우즈베키스탄,관광,2017-08-01,3016.0
우즈베키스탄,관광,2017-09-01,3193.0
우즈베키스탄,관광,2017-10-01,3050.0
우즈베키스탄,관광,2017-11-01,3193.0
우즈베키스탄,관광,2017-12-01,2442.0
우즈베키스탄,관광,2018-01-01,2290.0
우즈베키스탄,관광,2018-02-01,1981.0
우즈베키스탄,관광,2018-03-01,3486.0
우즈베키스탄,관광,2018-04-01,3450.0
우즈베키스탄,관광,2018-05-01,3481.0
우즈베키스탄,관광,2018-06-01,3632.0
우즈베키스탄,관광,2018-07-01,3529.0
우즈베키스탄,관광,2018-08-01,2807.0
우즈베키스탄,관광,2018-09-01,2822.0
우즈베키스탄,관광,2018-10-01,3514.0
우즈베키스탄,관광,2018-11-01,3377.0
우즈베키스탄,관광,2018-12-01,2082.0
우즈베키스탄,관광,2019-01-01,1958.0
우즈베키스탄,관광,2019-02-01,2165.0
우즈베키스탄,관광,2019-03-01,3150.0
우즈베키스탄,관광,2019-04-01,3270.0
우즈베키스탄,관광,2019-05-01,3055.0
우즈베키스탄,관광,2019-06-01,3429.0
우즈베키스탄,관광,2019-07-01,3444.0
우즈베키스탄,관광,2019-08-01,2707.0
우즈베키스탄,관광,2019-09-01,3093.0
우즈베키스탄,관광,2019-10-01,3668.0
우즈베키스탄,관광,2019-11-01,3384.0
우즈베키스탄,관광,2019-12-01,2341.0
우즈베키스탄,관광,2020-01-01,2025.0
우즈베키스탄,관광,2020-02-01,2074.0
우즈베키스탄,관광,2020-03-01,89.0
우즈베키스탄,관광,2020-04-01,1.0
우즈베키스탄,관광,2020-05-01,0.0
우즈베키스탄,관광,2020-06-01,3.0
우즈베키스탄,관광,2020-07-01,8.0
우즈베키스탄,관광,2020-08-01,1.0
우즈베키스탄,관광,2020-09-01,1.0
우즈베키스탄,관광,2020-10-01,1.0
우즈베키스탄,관광,2020-11-01,0.0
우즈베키스탄,관광,2020-12-01,5.0
우즈베키스탄,관광,2021-01-01,3.0
우즈베키스탄,관광,2021-02-01,4.0
우즈베키스탄,관광,2021-03-01,7.0
우즈베키스탄,관광,2021-04-01,12.0
우즈베키스탄,관광,2021-05-01,4.0
우즈베키스탄,관광,2021-06-01,7.0
우즈베키스탄,관광,2021-07-01,21.0
우즈베키스탄,관광,2021-08-01,26.0
우즈베키스탄,관광,2021-09-01,29.0
우즈베키스탄,관광,2021-10-01,42.0
우즈베키스탄,관광,2021-11-01,38.0
우즈베키스탄,관광,2021-12-01,21.0
우즈베키스탄,관광,2022-01-01,21.0
우즈베키스탄,관광,2022-02-01,20.0
우즈베키스탄,관광,2022-03-01,104.0
우즈베키스탄,관광,2022-04-01,34.0
우즈베키스탄,관광,2022-05-01,47.0
우즈베키스탄,관광,2022-06-01,625.0
우즈베키스탄,관광,2022-07-01,803.0
우즈베키스탄,관광,2022-08-01,840.0
우즈베키스탄,관광,2022-09-01,828.0
우즈베키스탄,관광,2022-10-01,893.0
우즈베키스탄,관광,2022-11-01,841.0
우즈베키스탄,관광,2022-12-01,596.0
우즈베키스탄,관광,2023-01-01,530.0
우즈베키스탄,관광,2023-02-01,491.0
우즈베키스탄,관광,2023-03-01,671.0
우즈베키스탄,관광,2023-04-01,653.0
우즈베키스탄,관광,2023-05-01,906.0
우즈베키스탄,관광,2023-06-01,953.0
우즈베키스탄,관광,2023-07-01,1221.0
우즈베키스탄,관광,2023-08-01,906.0
우즈베키스탄,관광,2023-09-01,900.0
우즈베키스탄,관광,2023-10-01,1088.0
우즈베키스탄,관광,2023-11-01,899.0
우즈베키스탄,관광,2023-12-01,718.0
우즈베키스탄,관광,2024-01-01,575.0
우즈베키스탄,관광,2024-02-01,524.0
우즈베키스탄,관광,2024-03-01,522.0
우즈베키스탄,관광,2024-04-01,662.0
우즈베키스탄,관광,2024-05-01,762.0
우즈베키스탄,관광,2024-06-01,771.0
우즈베키스탄,관광,2024-07-01,1050.0
우즈베키스탄,관광,2024-08-01,857.0
우즈베키스탄,관광,2024-09-01,791.0
우즈베키스탄,관광,2024-10-01,870.0
우즈베키스탄,관광,2024-11-01,931.0
우즈베키스탄,관광,2024-12-01,609.0
우즈베키스탄,관광,2025-01-01,536.0
우즈베키스탄,관광,2025-02-01,465.0
우즈베키스탄,관광,2025-03-01,464.0
우즈베키스탄,관광,2025-04-01,773.0
우즈베키스탄,관광,2025-05-01,1037.0
우즈베키스탄,상용,2005-01-01,13.0
우즈베키스탄,상용,2005-02-01,8.0
우즈베키스탄,상용,2005-03-01,11.0
우즈베키스탄,상용,2005-04-01,20.0
우즈베키스탄,상용,2005-05-01,8.0
우즈베키스탄,상용,2005-06-01,16.0
우즈베키스탄,상용,2005-07-01,8.0
우즈베키스탄,상용,2005-08-01,25.0
우즈베키스탄,상용,2005-09-01,13.0
우즈베키스탄,상용,2005-10-01,28.0
우즈베키스탄,상용,2005-11-01,16.0
우즈베키스탄,상용,2005-12-01,19.0
우즈베키스탄,상용,2006-01-01,23.0
우즈베키스탄,상용,2006-02-01,20.0
우즈베키스탄,상용,2006-03-01,144.0
우즈베키스탄,상용,2006-04-01,230.0
우즈베키스탄,상용,2006-05-01,265.0
우즈베키스탄,상용,2006-06-01,289.0
우즈베키스탄,상용,2006-07-01,278.0
우즈베키스탄,상용,2006-08-01,278.0
우즈베키스탄,상용,2006-09-01,437.0
우즈베키스탄,상용,2006-10-01,405.0
우즈베키스탄,상용,2006-11-01,433.0
우즈베키스탄,상용,2006-12-01,425.0
우즈베키스탄,상용,2007-01-01,500.0
우즈베키스탄,상용,2007-02-01,515.0
우즈베키스탄,상용,2007-03-01,730.0
우즈베키스탄,상용,2007-04-01,725.0
우즈베키스탄,상용,2007-05-01,768.0
우즈베키스탄,상용,2007-06-01,766.0
우즈베키스탄,상용,2007-07-01,944.0
우즈베키스탄,상용,2007-08-01,780.0
우즈베키스탄,상용,2007-09-01,874.0
우즈베키스탄,상용,2007-10-01,962.0
우즈베키스탄,상용,2007-11-01,780.0
우즈베키스탄,상용,2007-12-01,735.0
우즈베키스탄,상용,2008-01-01,711.0
우즈베키스탄,상용,2008-02-01,716.0
우즈베키스탄,상용,2008-03-01,994.0
우즈베키스탄,상용,2008-04-01,899.0
우즈베키스탄,상용,2008-05-01,711.0
우즈베키스탄,상용,2008-06-01,573.0
우즈베키스탄,상용,2008-07-01,902.0
우즈베키스탄,상용,2008-08-01,772.0
우즈베키스탄,상용,2008-09-01,584.0
우즈베키스탄,상용,2008-10-01,561.0
우즈베키스탄,상용,2008-11-01,521.0
우즈베키스탄,상용,2008-12-01,379.0
우즈베키스탄,상용,2009-01-01,383.0
우즈베키스탄,상용,2009-02-01,393.0
우즈베키스탄,상용,2009-03-01,379.0
우즈베키스탄,상용,2009-04-01,362.0
우즈베키스탄,상용,2009-05-01,291.0
우즈베키스탄,상용,2009-06-01,272.0
우즈베키스탄,상용,2009-07-01,266.0
우즈베키스탄,상용,2009-08-01,362.0
우즈베키스탄,상용,2009-09-01,319.0
우즈베키스탄,상용,2009-10-01,308.0
우즈베키스탄,상용,2009-11-01,246.0
우즈베키스탄,상용,2009-12-01,251.0
우즈베키스탄,상용,2010-01-01,293.0
우즈베키스탄,상용,2010-02-01,296.0
우즈베키스탄,상용,2010-03-01,419.0
우즈베키스탄,상용,2010-04-01,314.0
우즈베키스탄,상용,2010-05-01,324.0
우즈베키스탄,상용,2010-06-01,408.0
우즈베키스탄,상용,2010-07-01,427.0
우즈베키스탄,상용,2010-08-01,446.0
우즈베키스탄,상용,2010-09-01,435.0
우즈베키스탄,상용,2010-10-01,514.0
우즈베키스탄,상용,2010-11-01,489.0
우즈베키스탄,상용,2010-12-01,450.0
우즈베키스탄,상용,2011-01-01,480.0
우즈베키스탄,상용,2011-02-01,537.0
우즈베키스탄,상용,2011-03-01,823.0
우즈베키스탄,상용,2011-04-01,632.0
우즈베키스탄,상용,2011-05-01,608.0
우즈베키스탄,상용,2011-06-01,606.0
우즈베키스탄,상용,2011-07-01,664.0
우즈베키스탄,상용,2011-08-01,775.0
우즈베키스탄,상용,2011-09-01,793.0
우즈베키스탄,상용,2011-10-01,859.0
우즈베키스탄,상용,2011-11-01,819.0
우즈베키스탄,상용,2011-12-01,676.0
우즈베키스탄,상용,2012-01-01,677.0
우즈베키스탄,상용,2012-02-01,891.0
우즈베키스탄,상용,2012-03-01,1091.0
우즈베키스탄,상용,2012-04-01,1051.0
우즈베키스탄,상용,2012-05-01,1051.0
우즈베키스탄,상용,2012-06-01,941.0
우즈베키스탄,상용,2012-07-01,912.0
우즈베키스탄,상용,2012-08-01,848.0
우즈베키스탄,상용,2012-09-01,910.0
우즈베키스탄,상용,2012-10-01,1078.0
우즈베키스탄,상용,2012-11-01,1168.0
우즈베키스탄,상용,2012-12-01,965.0
우즈베키스탄,상용,2013-01-01,783.0
우즈베키스탄,상용,2013-02-01,704.0
우즈베키스탄,상용,2013-03-01,792.0
우즈베키스탄,상용,2013-04-01,775.0
우즈베키스탄,상용,2013-05-01,677.0
우즈베키스탄,상용,2013-06-01,679.0
우즈베키스탄,상용,2013-07-01,627.0
우즈베키스탄,상용,2013-08-01,556.0
우즈베키스탄,상용,2013-09-01,627.0
우즈베키스탄,상용,2013-10-01,694.0
우즈베키스탄,상용,2013-11-01,709.0
우즈베키스탄,상용,2013-12-01,598.0
우즈베키스탄,상용,2014-01-01,562.0
우즈베키스탄,상용,2014-02-01,562.0
우즈베키스탄,상용,2014-03-01,712.0
우즈베키스탄,상용,2014-04-01,814.0
우즈베키스탄,상용,2014-05-01,665.0
우즈베키스탄,상용,2014-06-01,704.0
우즈베키스탄,상용,2014-07-01,600.0
우즈베키스탄,상용,2014-08-01,784.0
우즈베키스탄,상용,2014-09-01,849.0
우즈베키스탄,상용,2014-10-01,983.0
우즈베키스탄,상용,2014-11-01,807.0
우즈베키스탄,상용,2014-12-01,742.0
우즈베키스탄,상용,2015-01-01,724.0
우즈베키스탄,상용,2015-02-01,777.0
우즈베키스탄,상용,2015-03-01,1198.0
우즈베키스탄,상용,2015-04-01,880.0
우즈베키스탄,상용,2015-05-01,789.0
우즈베키스탄,상용,2015-06-01,585.0
우즈베키스탄,상용,2015-07-01,509.0
우즈베키스탄,상용,2015-08-01,558.0
우즈베키스탄,상용,2015-09-01,463.0
우즈베키스탄,상용,2015-10-01,435.0
우즈베키스탄,상용,2015-11-01,371.0
우즈베키스탄,상용,2015-12-01,325.0
우즈베키스탄,상용,2016-01-01,284.0
우즈베키스탄,상용,2016-02-01,270.0
우즈베키스탄,상용,2016-03-01,328.0
우즈베키스탄,상용,2016-04-01,323.0
우즈베키스탄,상용,2016-05-01,347.0
우즈베키스탄,상용,2016-06-01,306.0
우즈베키스탄,상용,2016-07-01,319.0
우즈베키스탄,상용,2016-08-01,383.0
우즈베키스탄,상용,2016-09-01,299.0
우즈베키스탄,상용,2016-10-01,408.0
우즈베키스탄,상용,2016-11-01,468.0
우즈베키스탄,상용,2016-12-01,322.0
우즈베키스탄,상용,2017-01-01,361.0
우즈베키스탄,상용,2017-02-01,378.0
우즈베키스탄,상용,2017-03-01,584.0
우즈베키스탄,상용,2017-04-01,474.0
우즈베키스탄,상용,2017-05-01,445.0
우즈베키스탄,상용,2017-06-01,363.0
우즈베키스탄,상용,2017-07-01,414.0
우즈베키스탄,상용,2017-08-01,345.0
우즈베키스탄,상용,2017-09-01,336.0
우즈베키스탄,상용,2017-10-01,398.0
우즈베키스탄,상용,2017-11-01,452.0
우즈베키스탄,상용,2017-12-01,224.0
우즈베키스탄,상용,2018-01-01,299.0
우즈베키스탄,상용,2018-02-01,206.0
우즈베키스탄,상용,2018-03-01,362.0
우즈베키스탄,상용,2018-04-01,440.0
우즈베키스탄,상용,2018-05-01,402.0
우즈베키스탄,상용,2018-06-01,396.0
우즈베키스탄,상용,2018-07-01,549.0
우즈베키스탄,상용,2018-08-01,536.0
우즈베키스탄,상용,2018-09-01,739.0
우즈베키스탄,상용,2018-10-01,914.0
우즈베키스탄,상용,2018-11-01,779.0
우즈베키스탄,상용,2018-12-01,597.0
우즈베키스탄,상용,2019-01-01,561.0
우즈베키스탄,상용,2019-02-01,716.0
우즈베키스탄,상용,2019-03-01,896.0
우즈베키스탄,상용,2019-04-01,651.0
우즈베키스탄,상용,2019-05-01,830.0
우즈베키스탄,상용,2019-06-01,862.0
우즈베키스탄,상용,2019-07-01,600.0
우즈베키스탄,상용,2019-08-01,590.0
우즈베키스탄,상용,2019-09-01,853.0
우즈베키스탄,상용,2019-10-01,968.0
우즈베키스탄,상용,2019-11-01,709.0
우즈베키스탄,상용,2019-12-01,532.0
우즈베키스탄,상용,2020-01-01,474.0
우즈베키스탄,상용,2020-02-01,700.0
우즈베키스탄,상용,2020-03-01,19.0
우즈베키스탄,상용,2020-04-01,0.0
우즈베키스탄,상용,2020-05-01,0.0
우즈베키스탄,상용,2020-06-01,5.0
우즈베키스탄,상용,2020-07-01,7.0
우즈베키스탄,상용,2020-08-01,0.0
우즈베키스탄,상용,2020-09-01,2.0
우즈베키스탄,상용,2020-10-01,0.0
우즈베키스탄,상용,2020-11-01,1.0
우즈베키스탄,상용,2020-12-01,3.0
우즈베키스탄,상용,2021-01-01,7.0
우즈베키스탄,상용,2021-02-01,1.0
우즈베키스탄,상용,2021-03-01,11.0
우즈베키스탄,상용,2021-04-01,64.0
우즈베키스탄,상용,2021-05-01,26.0
우즈베키스탄,상용,2021-06-01,10.0
우즈베키스탄,상용,2021-07-01,14.0
우즈베키스탄,상용,2021-08-01,32.0
우즈베키스탄,상용,2021-09-01,52.0
우즈베키스탄,상용,2021-10-01,112.0
우즈베키스탄,상용,2021-11-01,114.0
우즈베키스탄,상용,2021-12-01,95.0
우즈베키스탄,상용,2022-01-01,84.0
우즈베키스탄,상용,2022-02-01,66.0
우즈베키스탄,상용,2022-03-01,37.0
우즈베키스탄,상용,2022-04-01,45.0
우즈베키스탄,상용,2022-05-01,33.0
우즈베키스탄,상용,2022-06-01,52.0
우즈베키스탄,상용,2022-07-01,64.0
우즈베키스탄,상용,2022-08-01,119.0
우즈베키스탄,상용,2022-09-01,108.0
우즈베키스탄,상용,2022-10-01,130.0
우즈베키스탄,상용,2022-11-01,265.0
우즈베키스탄,상용,2022-12-01,142.0
우즈베키스탄,상용,2023-01-01,168.0
우즈베키스탄,상용,2023-02-01,166.0
우즈베키스탄,상용,2023-03-01,216.0
우즈베키스탄,상용,2023-04-01,178.0
우즈베키스탄,상용,2023-05-01,220.0
우즈베키스탄,상용,2023-06-01,247.0
우즈베키스탄,상용,2023-07-01,348.0
우즈베키스탄,상용,2023-08-01,308.0
우즈베키스탄,상용,2023-09-01,338.0
우즈베키스탄,상용,2023-10-01,461.0
우즈베키스탄,상용,2023-11-01,468.0
우즈베키스탄,상용,2023-12-01,329.0
우즈베키스탄,상용,2024-01-01,499.0
우즈베키스탄,상용,2024-02-01,452.0
우즈베키스탄,상용,2024-03-01,407.0
우즈베키스탄,상용,2024-04-01,431.0
우즈베키스탄,상용,2024-05-01,537.0
우즈베키스탄,상용,2024-06-01,487.0
우즈베키스탄,상용,2024-07-01,402.0
우즈베키스탄,상용,2024-08-01,246.0
우즈베키스탄,상용,2024-09-01,335.0
우즈베키스탄,상용,2024-10-01,379.0
우즈베키스탄,상용,2024-11-01,464.0
우즈베키스탄,상용,2024-12-01,410.0
우즈베키스탄,상용,2025-01-01,348.0
우즈베키스탄,상용,2025-02-01,371.0
우즈베키스탄,상용,2025-03-01,325.0
우즈베키스탄,상용,2025-04-01,386.0
우즈베키스탄,상용,2025-05-01,457.0
우즈베키스탄,유학연수,2005-01-01,14.0
우즈베키스탄,유학연수,2005-02-01,40.0
우즈베키스탄,유학연수,2005-03-01,26.0
우즈베키스탄,유학연수,2005-04-01,6.0
우즈베키스탄,유학연수,2005-05-01,3.0
우즈베키스탄,유학연수,2005-06-01,5.0
우즈베키스탄,유학연수,2005-07-01,20.0
우즈베키스탄,유학연수,2005-08-01,70.0
우즈베키스탄,유학연수,2005-09-01,9.0
우즈베키스탄,유학연수,2005-10-01,9.0
우즈베키스탄,유학연수,2005-11-01,2.0
우즈베키스탄,유학연수,2005-12-01,7.0
우즈베키스탄,유학연수,2006-01-01,27.0
우즈베키스탄,유학연수,2006-02-01,46.0
우즈베키스탄,유학연수,2006-03-01,29.0
우즈베키스탄,유학연수,2006-04-01,20.0
우즈베키스탄,유학연수,2006-05-01,7.0
우즈베키스탄,유학연수,2006-06-01,8.0
우즈베키스탄,유학연수,2006-07-01,26.0
우즈베키스탄,유학연수,2006-08-01,64.0
우즈베키스탄,유학연수,2006-09-01,20.0
우즈베키스탄,유학연수,2006-10-01,15.0
우즈베키스탄,유학연수,2006-11-01,22.0
우즈베키스탄,유학연수,2006-12-01,26.0
우즈베키스탄,유학연수,2007-01-01,39.0
우즈베키스탄,유학연수,2007-02-01,87.0
우즈베키스탄,유학연수,2007-03-01,87.0
우즈베키스탄,유학연수,2007-04-01,13.0
우즈베키스탄,유학연수,2007-05-01,42.0
우즈베키스탄,유학연수,2007-06-01,15.0
우즈베키스탄,유학연수,2007-07-01,17.0
우즈베키스탄,유학연수,2007-08-01,96.0
우즈베키스탄,유학연수,2007-09-01,82.0
우즈베키스탄,유학연수,2007-10-01,23.0
우즈베키스탄,유학연수,2007-11-01,47.0
우즈베키스탄,유학연수,2007-12-01,12.0
우즈베키스탄,유학연수,2008-01-01,34.0
우즈베키스탄,유학연수,2008-02-01,94.0
우즈베키스탄,유학연수,2008-03-01,110.0
우즈베키스탄,유학연수,2008-04-01,54.0
우즈베키스탄,유학연수,2008-05-01,42.0
우즈베키스탄,유학연수,2008-06-01,39.0
우즈베키스탄,유학연수,2008-07-01,85.0
우즈베키스탄,유학연수,2008-08-01,157.0
우즈베키스탄,유학연수,2008-09-01,36.0
우즈베키스탄,유학연수,2008-10-01,70.0
우즈베키스탄,유학연수,2008-11-01,11.0
우즈베키스탄,유학연수,2008-12-01,28.0
우즈베키스탄,유학연수,2009-01-01,48.0
우즈베키스탄,유학연수,2009-02-01,53.0
우즈베키스탄,유학연수,2009-03-01,49.0
우즈베키스탄,유학연수,2009-04-01,16.0
우즈베키스탄,유학연수,2009-05-01,13.0
우즈베키스탄,유학연수,2009-06-01,16.0
우즈베키스탄,유학연수,2009-07-01,31.0
우즈베키스탄,유학연수,2009-08-01,110.0
우즈베키스탄,유학연수,2009-09-01,37.0
우즈베키스탄,유학연수,2009-10-01,18.0
우즈베키스탄,유학연수,2009-11-01,13.0
우즈베키스탄,유학연수,2009-12-01,17.0
우즈베키스탄,유학연수,2010-01-01,40.0
우즈베키스탄,유학연수,2010-02-01,59.0
우즈베키스탄,유학연수,2010-03-01,43.0
우즈베키스탄,유학연수,2010-04-01,9.0
우즈베키스탄,유학연수,2010-05-01,9.0
우즈베키스탄,유학연수,2010-06-01,23.0
우즈베키스탄,유학연수,2010-07-01,31.0
우즈베키스탄,유학연수,2010-08-01,128.0
우즈베키스탄,유학연수,2010-09-01,47.0
우즈베키스탄,유학연수,2010-10-01,11.0
우즈베키스탄,유학연수,2010-11-01,16.0
우즈베키스탄,유학연수,2010-12-01,10.0
우즈베키스탄,유학연수,2011-01-01,43.0
우즈베키스탄,유학연수,2011-02-01,75.0
우즈베키스탄,유학연수,2011-03-01,70.0
우즈베키스탄,유학연수,2011-04-01,12.0
우즈베키스탄,유학연수,2011-05-01,10.0
우즈베키스탄,유학연수,2011-06-01,21.0
우즈베키스탄,유학연수,2011-07-01,23.0
우즈베키스탄,유학연수,2011-08-01,111.0
우즈베키스탄,유학연수,2011-09-01,44.0
우즈베키스탄,유학연수,2011-10-01,18.0
우즈베키스탄,유학연수,2011-11-01,14.0
우즈베키스탄,유학연수,2011-12-01,14.0
우즈베키스탄,유학연수,2012-01-01,34.0
우즈베키스탄,유학연수,2012-02-01,108.0
우즈베키스탄,유학연수,2012-03-01,50.0
우즈베키스탄,유학연수,2012-04-01,16.0
우즈베키스탄,유학연수,2012-05-01,14.0
우즈베키스탄,유학연수,2012-06-01,19.0
우즈베키스탄,유학연수,2012-07-01,21.0
우즈베키스탄,유학연수,2012-08-01,103.0
우즈베키스탄,유학연수,2012-09-01,73.0
우즈베키스탄,유학연수,2012-10-01,20.0
우즈베키스탄,유학연수,2012-11-01,18.0
우즈베키스탄,유학연수,2012-12-01,20.0
우즈베키스탄,유학연수,2013-01-01,44.0
우즈베키스탄,유학연수,2013-02-01,93.0
우즈베키스탄,유학연수,2013-03-01,93.0
우즈베키스탄,유학연수,2013-04-01,20.0
우즈베키스탄,유학연수,2013-05-01,16.0
우즈베키스탄,유학연수,2013-06-01,22.0
우즈베키스탄,유학연수,2013-07-01,33.0
우즈베키스탄,유학연수,2013-08-01,159.0
우즈베키스탄,유학연수,2013-09-01,85.0
우즈베키스탄,유학연수,2013-10-01,18.0
우즈베키스탄,유학연수,2013-11-01,18.0
우즈베키스탄,유학연수,2013-12-01,19.0
우즈베키스탄,유학연수,2014-01-01,42.0
우즈베키스탄,유학연수,2014-02-01,121.0
우즈베키스탄,유학연수,2014-03-01,129.0
우즈베키스탄,유학연수,2014-04-01,16.0
우즈베키스탄,유학연수,2014-05-01,30.0
우즈베키스탄,유학연수,2014-06-01,35.0
우즈베키스탄,유학연수,2014-07-01,40.0
우즈베키스탄,유학연수,2014-08-01,232.0
우즈베키스탄,유학연수,2014-09-01,187.0
우즈베키스탄,유학연수,2014-10-01,29.0
우즈베키스탄,유학연수,2014-11-01,35.0
우즈베키스탄,유학연수,2014-12-01,39.0
우즈베키스탄,유학연수,2015-01-01,47.0
우즈베키스탄,유학연수,2015-02-01,177.0
우즈베키스탄,유학연수,2015-03-01,123.0
우즈베키스탄,유학연수,2015-04-01,41.0
우즈베키스탄,유학연수,2015-05-01,19.0
우즈베키스탄,유학연수,2015-06-01,50.0
우즈베키스탄,유학연수,2015-07-01,45.0
우즈베키스탄,유학연수,2015-08-01,357.0
우즈베키스탄,유학연수,2015-09-01,199.0
우즈베키스탄,유학연수,2015-10-01,52.0
우즈베키스탄,유학연수,2015-11-01,51.0
우즈베키스탄,유학연수,2015-12-01,54.0
우즈베키스탄,유학연수,2016-01-01,106.0
우즈베키스탄,유학연수,2016-02-01,274.0
우즈베키스탄,유학연수,2016-03-01,180.0
우즈베키스탄,유학연수,2016-04-01,47.0
우즈베키스탄,유학연수,2016-05-01,51.0
우즈베키스탄,유학연수,2016-06-01,105.0
우즈베키스탄,유학연수,2016-07-01,82.0
우즈베키스탄,유학연수,2016-08-01,537.0
우즈베키스탄,유학연수,2016-09-01,322.0
우즈베키스탄,유학연수,2016-10-01,99.0
우즈베키스탄,유학연수,2016-11-01,81.0
우즈베키스탄,유학연수,2016-12-01,160.0
우즈베키스탄,유학연수,2017-01-01,155.0
우즈베키스탄,유학연수,2017-02-01,462.0
우즈베키스탄,유학연수,2017-03-01,451.0
우즈베키스탄,유학연수,2017-04-01,95.0
우즈베키스탄,유학연수,2017-05-01,148.0
우즈베키스탄,유학연수,2017-06-01,264.0
우즈베키스탄,유학연수,2017-07-01,226.0
우즈베키스탄,유학연수,2017-08-01,1042.0
우즈베키스탄,유학연수,2017-09-01,680.0
우즈베키스탄,유학연수,2017-10-01,149.0
우즈베키스탄,유학연수,2017-11-01,293.0
우즈베키스탄,유학연수,2017-12-01,224.0
우즈베키스탄,유학연수,2018-01-01,289.0
우즈베키스탄,유학연수,2018-02-01,927.0
우즈베키스탄,유학연수,2018-03-01,801.0
우즈베키스탄,유학연수,2018-04-01,179.0
우즈베키스탄,유학연수,2018-05-01,235.0
우즈베키스탄,유학연수,2018-06-01,208.0
우즈베키스탄,유학연수,2018-07-01,239.0
우즈베키스탄,유학연수,2018-08-01,1170.0
우즈베키스탄,유학연수,2018-09-01,1033.0
우즈베키스탄,유학연수,2018-10-01,251.0
우즈베키스탄,유학연수,2018-11-01,250.0
우즈베키스탄,유학연수,2018-12-01,243.0
우즈베키스탄,유학연수,2019-01-01,407.0
우즈베키스탄,유학연수,2019-02-01,1217.0
우즈베키스탄,유학연수,2019-03-01,863.0
우즈베키스탄,유학연수,2019-04-01,109.0
우즈베키스탄,유학연수,2019-05-01,152.0
우즈베키스탄,유학연수,2019-06-01,197.0
우즈베키스탄,유학연수,2019-07-01,336.0
우즈베키스탄,유학연수,2019-08-01,1379.0
우즈베키스탄,유학연수,2019-09-01,1484.0
우즈베키스탄,유학연수,2019-10-01,191.0
우즈베키스탄,유학연수,2019-11-01,295.0
우즈베키스탄,유학연수,2019-12-01,252.0
우즈베키스탄,유학연수,2020-01-01,625.0
우즈베키스탄,유학연수,2020-02-01,1141.0
우즈베키스탄,유학연수,2020-03-01,260.0
우즈베키스탄,유학연수,2020-04-01,1.0
우즈베키스탄,유학연수,2020-05-01,4.0
우즈베키스탄,유학연수,2020-06-01,22.0
우즈베키스탄,유학연수,2020-07-01,66.0
우즈베키스탄,유학연수,2020-08-01,8.0
우즈베키스탄,유학연수,2020-09-01,99.0
우즈베키스탄,유학연수,2020-10-01,1.0
우즈베키스탄,유학연수,2020-11-01,0.0
우즈베키스탄,유학연수,2020-12-01,5.0
우즈베키스탄,유학연수,2021-01-01,6.0
우즈베키스탄,유학연수,2021-02-01,86.0
우즈베키스탄,유학연수,2021-03-01,423.0
우즈베키스탄,유학연수,2021-04-01,596.0
우즈베키스탄,유학연수,2021-05-01,202.0
우즈베키스탄,유학연수,2021-06-01,96.0
우즈베키스탄,유학연수,2021-07-01,165.0
우즈베키스탄,유학연수,2021-08-01,609.0
우즈베키스탄,유학연수,2021-09-01,212.0
우즈베키스탄,유학연수,2021-10-01,40.0
우즈베키스탄,유학연수,2021-11-01,28.0
우즈베키스탄,유학연수,2021-12-01,30.0
우즈베키스탄,유학연수,2022-01-01,262.0
우즈베키스탄,유학연수,2022-02-01,670.0
우즈베키스탄,유학연수,2022-03-01,161.0
우즈베키스탄,유학연수,2022-04-01,80.0
우즈베키스탄,유학연수,2022-05-01,135.0
우즈베키스탄,유학연수,2022-06-01,289.0
우즈베키스탄,유학연수,2022-07-01,504.0
우즈베키스탄,유학연수,2022-08-01,2022.0
우즈베키스탄,유학연수,2022-09-01,1709.0
우즈베키스탄,유학연수,2022-10-01,276.0
우즈베키스탄,유학연수,2022-11-01,173.0
우즈베키스탄,유학연수,2022-12-01,285.0
우즈베키스탄,유학연수,2023-01-01,762.0
우즈베키스탄,유학연수,2023-02-01,1491.0
우즈베키스탄,유학연수,2023-03-01,969.0
우즈베키스탄,유학연수,2023-04-01,130.0
우즈베키스탄,유학연수,2023-05-01,172.0
우즈베키스탄,유학연수,2023-06-01,233.0
우즈베키스탄,유학연수,2023-07-01,528.0
우즈베키스탄,유학연수,2023-08-01,1388.0
우즈베키스탄,유학연수,2023-09-01,1779.0
우즈베키스탄,유학연수,2023-10-01,247.0
우즈베키스탄,유학연수,2023-11-01,195.0
우즈베키스탄,유학연수,2023-12-01,342.0
우즈베키스탄,유학연수,2024-01-01,968.0
우즈베키스탄,유학연수,2024-02-01,1842.0
우즈베키스탄,유학연수,2024-03-01,1443.0
우즈베키스탄,유학연수,2024-04-01,207.0
우즈베키스탄,유학연수,2024-05-01,246.0
우즈베키스탄,유학연수,2024-06-01,291.0
우즈베키스탄,유학연수,2024-07-01,689.0
우즈베키스탄,유학연수,2024-08-01,2096.0
우즈베키스탄,유학연수,2024-09-01,2845.0
우즈베키스탄,유학연수,2024-10-01,201.0
우즈베키스탄,유학연수,2024-11-01,263.0
우즈베키스탄,유학연수,2024-12-01,447.0
우즈베키스탄,유학연수,2025-01-01,1151.0
우즈베키스탄,유학연수,2025-02-01,2244.0
우즈베키스탄,유학연수,2025-03-01,2458.0
우즈베키스탄,유학연수,2025-04-01,208.0
우즈베키스탄,유학연수,2025-05-01,236.0
우크라이나,공용,2005-01-01,1.0
우크라이나,공용,2005-02-01,1.0
우크라이나,공용,2005-03-01,0.0
우크라이나,공용,2005-04-01,2.0
우크라이나,공용,2005-05-01,2.0
우크라이나,공용,2005-06-01,5.0
우크라이나,공용,2005-07-01,0.0
우크라이나,공용,2005-08-01,1.0
우크라이나,공용,2005-09-01,2.0
우크라이나,공용,2005-10-01,3.0
우크라이나,공용,2005-11-01,0.0
우크라이나,공용,2005-12-01,7.0
우크라이나,공용,2006-01-01,0.0
우크라이나,공용,2006-02-01,0.0
우크라이나,공용,2006-03-01,0.0
우크라이나,공용,2006-04-01,3.0
우크라이나,공용,2006-05-01,1.0
우크라이나,공용,2006-06-01,0.0
우크라이나,공용,2006-07-01,0.0
우크라이나,공용,2006-08-01,0.0
우크라이나,공용,2006-09-01,1.0
우크라이나,공용,2006-10-01,2.0
우크라이나,공용,2006-11-01,0.0
우크라이나,공용,2006-12-01,23.0
우크라이나,공용,2007-01-01,5.0
우크라이나,공용,2007-02-01,1.0
우크라이나,공용,2007-03-01,0.0
우크라이나,공용,2007-04-01,1.0
우크라이나,공용,2007-05-01,13.0
우크라이나,공용,2007-06-01,2.0
우크라이나,공용,2007-07-01,4.0
우크라이나,공용,2007-08-01,0.0
우크라이나,공용,2007-09-01,2.0
우크라이나,공용,2007-10-01,3.0
우크라이나,공용,2007-11-01,1.0
우크라이나,공용,2007-12-01,1.0
우크라이나,공용,2008-01-01,2.0
우크라이나,공용,2008-02-01,0.0
우크라이나,공용,2008-03-01,0.0
우크라이나,공용,2008-04-01,0.0
우크라이나,공용,2008-05-01,2.0
우크라이나,공용,2008-06-01,0.0
우크라이나,공용,2008-07-01,0.0
우크라이나,공용,2008-08-01,2.0
우크라이나,공용,2008-09-01,0.0
우크라이나,공용,2008-10-01,1.0
우크라이나,공용,2008-11-01,2.0
우크라이나,공용,2008-12-01,0.0
우크라이나,공용,2009-01-01,1.0
우크라이나,공용,2009-02-01,0.0
우크라이나,공용,2009-03-01,0.0
우크라이나,공용,2009-04-01,1.0
우크라이나,공용,2009-05-01,0.0
우크라이나,공용,2009-06-01,0.0
우크라이나,공용,2009-07-01,26.0
우크라이나,공용,2009-08-01,4.0
우크라이나,공용,2009-09-01,1.0
우크라이나,공용,2009-10-01,1.0
우크라이나,공용,2009-11-01,0.0
우크라이나,공용,2009-12-01,0.0
우크라이나,공용,2010-01-01,0.0
우크라이나,공용,2010-02-01,0.0
우크라이나,공용,2010-03-01,0.0
우크라이나,공용,2010-04-01,0.0
우크라이나,공용,2010-05-01,1.0
우크라이나,공용,2010-06-01,1.0
우크라이나,공용,2010-07-01,0.0
우크라이나,공용,2010-08-01,3.0
우크라이나,공용,2010-09-01,0.0
우크라이나,공용,2010-10-01,0.0
우크라이나,공용,2010-11-01,0.0
우크라이나,공용,2010-12-01,0.0
우크라이나,공용,2011-01-01,0.0
우크라이나,공용,2011-02-01,0.0
우크라이나,공용,2011-03-01,2.0
우크라이나,공용,2011-04-01,1.0
우크라이나,공용,2011-05-01,0.0
우크라이나,공용,2011-06-01,0.0
우크라이나,공용,2011-07-01,0.0
우크라이나,공용,2011-08-01,0.0
우크라이나,공용,2011-09-01,0.0
우크라이나,공용,2011-10-01,0.0
우크라이나,공용,2011-11-01,0.0
우크라이나,공용,2011-12-01,0.0
우크라이나,공용,2012-01-01,0.0
우크라이나,공용,2012-02-01,4.0
우크라이나,공용,2012-03-01,29.0
우크라이나,공용,2012-04-01,1.0
우크라이나,공용,2012-05-01,0.0
우크라이나,공용,2012-06-01,4.0
우크라이나,공용,2012-07-01,1.0
우크라이나,공용,2012-08-01,0.0
우크라이나,공용,2012-09-01,3.0
우크라이나,공용,2012-10-01,0.0
우크라이나,공용,2012-11-01,1.0
우크라이나,공용,2012-12-01,0.0
우크라이나,공용,2013-01-01,1.0
우크라이나,공용,2013-02-01,0.0
우크라이나,공용,2013-03-01,1.0
우크라이나,공용,2013-04-01,0.0
우크라이나,공용,2013-05-01,2.0
우크라이나,공용,2013-06-01,0.0
우크라이나,공용,2013-07-01,2.0
우크라이나,공용,2013-08-01,0.0
우크라이나,공용,2013-09-01,0.0
우크라이나,공용,2013-10-01,0.0
우크라이나,공용,2013-11-01,0.0
우크라이나,공용,2013-12-01,0.0
우크라이나,공용,2014-01-01,0.0
우크라이나,공용,2014-02-01,0.0
우크라이나,공용,2014-03-01,0.0
우크라이나,공용,2014-04-01,1.0
우크라이나,공용,2014-05-01,1.0
우크라이나,공용,2014-06-01,0.0
우크라이나,공용,2014-07-01,0.0
우크라이나,공용,2014-08-01,1.0
우크라이나,공용,2014-09-01,1.0
우크라이나,공용,2014-10-01,3.0
우크라이나,공용,2014-11-01,4.0
우크라이나,공용,2014-12-01,0.0
우크라이나,공용,2015-01-01,1.0
우크라이나,공용,2015-02-01,0.0
우크라이나,공용,2015-03-01,2.0
우크라이나,공용,2015-04-01,0.0
우크라이나,공용,2015-05-01,3.0
우크라이나,공용,2015-06-01,1.0
우크라이나,공용,2015-07-01,2.0
우크라이나,공용,2015-08-01,0.0
우크라이나,공용,2015-09-01,4.0
우크라이나,공용,2015-10-01,1.0
우크라이나,공용,2015-11-01,0.0
우크라이나,공용,2015-12-01,0.0
우크라이나,공용,2016-01-01,1.0
우크라이나,공용,2016-02-01,0.0
우크라이나,공용,2016-03-01,1.0
우크라이나,공용,2016-04-01,1.0
우크라이나,공용,2016-05-01,0.0
우크라이나,공용,2016-06-01,5.0
우크라이나,공용,2016-07-01,0.0
우크라이나,공용,2016-08-01,2.0
우크라이나,공용,2016-09-01,1.0
우크라이나,공용,2016-10-01,0.0
우크라이나,공용,2016-11-01,6.0
우크라이나,공용,2016-12-01,0.0
우크라이나,공용,2017-01-01,0.0
우크라이나,공용,2017-02-01,1.0
우크라이나,공용,2017-03-01,0.0
우크라이나,공용,2017-04-01,6.0
우크라이나,공용,2017-05-01,1.0
우크라이나,공용,2017-06-01,2.0
우크라이나,공용,2017-07-01,2.0
우크라이나,공용,2017-08-01,1.0
우크라이나,공용,2017-09-01,2.0
우크라이나,공용,2017-10-01,5.0
우크라이나,공용,2017-11-01,0.0
우크라이나,공용,2017-12-01,2.0
우크라이나,공용,2018-01-01,3.0
우크라이나,공용,2018-02-01,3.0
우크라이나,공용,2018-03-01,5.0
우크라이나,공용,2018-04-01,15.0
우크라이나,공용,2018-05-01,2.0
우크라이나,공용,2018-06-01,2.0
우크라이나,공용,2018-07-01,4.0
우크라이나,공용,2018-08-01,4.0
우크라이나,공용,2018-09-01,5.0
우크라이나,공용,2018-10-01,3.0
우크라이나,공용,2018-11-01,2.0
우크라이나,공용,2018-12-01,9.0
우크라이나,공용,2019-01-01,3.0
우크라이나,공용,2019-02-01,2.0
우크라이나,공용,2019-03-01,6.0
우크라이나,공용,2019-04-01,7.0
우크라이나,공용,2019-05-01,2.0
우크라이나,공용,2019-06-01,3.0
우크라이나,공용,2019-07-01,5.0
우크라이나,공용,2019-08-01,5.0
우크라이나,공용,2019-09-01,5.0
우크라이나,공용,2019-10-01,11.0
우크라이나,공용,2019-11-01,3.0
우크라이나,공용,2019-12-01,3.0
우크라이나,공용,2020-01-01,8.0
우크라이나,공용,2020-02-01,3.0
우크라이나,공용,2020-03-01,2.0
우크라이나,공용,2020-04-01,4.0
우크라이나,공용,2020-05-01,1.0
우크라이나,공용,2020-06-01,0.0
우크라이나,공용,2020-07-01,2.0
우크라이나,공용,2020-08-01,3.0
우크라이나,공용,2020-09-01,0.0
우크라이나,공용,2020-10-01,0.0
우크라이나,공용,2020-11-01,2.0
우크라이나,공용,2020-12-01,0.0
우크라이나,공용,2021-01-01,0.0
우크라이나,공용,2021-02-01,1.0
우크라이나,공용,2021-03-01,9.0
우크라이나,공용,2021-04-01,1.0
우크라이나,공용,2021-05-01,5.0
우크라이나,공용,2021-06-01,1.0
우크라이나,공용,2021-07-01,0.0
우크라이나,공용,2021-08-01,2.0
우크라이나,공용,2021-09-01,0.0
우크라이나,공용,2021-10-01,6.0
우크라이나,공용,2021-11-01,1.0
우크라이나,공용,2021-12-01,0.0
우크라이나,공용,2022-01-01,3.0
우크라이나,공용,2022-02-01,1.0
우크라이나,공용,2022-03-01,1.0
우크라이나,공용,2022-04-01,0.0
우크라이나,공용,2022-05-01,0.0
우크라이나,공용,2022-06-01,3.0
우크라이나,공용,2022-07-01,0.0
우크라이나,공용,2022-08-01,1.0
우크라이나,공용,2022-09-01,0.0
우크라이나,공용,2022-10-01,3.0
우크라이나,공용,2022-11-01,3.0
우크라이나,공용,2022-12-01,0.0
우크라이나,공용,2023-01-01,6.0
우크라이나,공용,2023-02-01,3.0
우크라이나,공용,2023-03-01,3.0
우크라이나,공용,2023-04-01,6.0
우크라이나,공용,2023-05-01,23.0
우크라이나,공용,2023-06-01,10.0
우크라이나,공용,2023-07-01,6.0
우크라이나,공용,2023-08-01,4.0
우크라이나,공용,2023-09-01,3.0
우크라이나,공용,2023-10-01,0.0
우크라이나,공용,2023-11-01,5.0
우크라이나,공용,2023-12-01,3.0
우크라이나,공용,2024-01-01,0.0
우크라이나,공용,2024-02-01,1.0
우크라이나,공용,2024-03-01,8.0
우크라이나,공용,2024-04-01,2.0
우크라이나,공용,2024-05-01,1.0
우크라이나,공용,2024-06-01,9.0
우크라이나,공용,2024-07-01,3.0
우크라이나,공용,2024-08-01,1.0
우크라이나,공용,2024-09-01,7.0
우크라이나,공용,2024-10-01,6.0
우크라이나,공용,2024-11-01,15.0
우크라이나,공용,2024-12-01,6.0
우크라이나,공용,2025-01-01,5.0
우크라이나,공용,2025-02-01,2.0
우크라이나,공용,2025-03-01,3.0
우크라이나,공용,2025-04-01,5.0
우크라이나,공용,2025-05-01,4.0
우크라이나,관광,2005-01-01,266.0
우크라이나,관광,2005-02-01,199.0
우크라이나,관광,2005-03-01,193.0
우크라이나,관광,2005-04-01,225.0
우크라이나,관광,2005-05-01,233.0
우크라이나,관광,2005-06-01,228.0
우크라이나,관광,2005-07-01,139.0
우크라이나,관광,2005-08-01,201.0
우크라이나,관광,2005-09-01,186.0
우크라이나,관광,2005-10-01,271.0
우크라이나,관광,2005-11-01,272.0
우크라이나,관광,2005-12-01,241.0
우크라이나,관광,2006-01-01,173.0
우크라이나,관광,2006-02-01,257.0
우크라이나,관광,2006-03-01,184.0
우크라이나,관광,2006-04-01,376.0
우크라이나,관광,2006-05-01,265.0
우크라이나,관광,2006-06-01,318.0
우크라이나,관광,2006-07-01,319.0
우크라이나,관광,2006-08-01,211.0
우크라이나,관광,2006-09-01,213.0
우크라이나,관광,2006-10-01,358.0
우크라이나,관광,2006-11-01,400.0
우크라이나,관광,2006-12-01,345.0
우크라이나,관광,2007-01-01,202.0
우크라이나,관광,2007-02-01,237.0
우크라이나,관광,2007-03-01,249.0
우크라이나,관광,2007-04-01,295.0
우크라이나,관광,2007-05-01,342.0
우크라이나,관광,2007-06-01,319.0
우크라이나,관광,2007-07-01,358.0
우크라이나,관광,2007-08-01,254.0
우크라이나,관광,2007-09-01,383.0
우크라이나,관광,2007-10-01,462.0
우크라이나,관광,2007-11-01,502.0
우크라이나,관광,2007-12-01,311.0
우크라이나,관광,2008-01-01,206.0
우크라이나,관광,2008-02-01,258.0
우크라이나,관광,2008-03-01,338.0
우크라이나,관광,2008-04-01,321.0
우크라이나,관광,2008-05-01,394.0
우크라이나,관광,2008-06-01,466.0
우크라이나,관광,2008-07-01,414.0
우크라이나,관광,2008-08-01,310.0
우크라이나,관광,2008-09-01,507.0
우크라이나,관광,2008-10-01,411.0
우크라이나,관광,2008-11-01,396.0
우크라이나,관광,2008-12-01,275.0
우크라이나,관광,2009-01-01,206.0
우크라이나,관광,2009-02-01,268.0
우크라이나,관광,2009-03-01,342.0
우크라이나,관광,2009-04-01,426.0
우크라이나,관광,2009-05-01,370.0
우크라이나,관광,2009-06-01,343.0
우크라이나,관광,2009-07-01,384.0
우크라이나,관광,2009-08-01,329.0
우크라이나,관광,2009-09-01,382.0
우크라이나,관광,2009-10-01,638.0
우크라이나,관광,2009-11-01,450.0
우크라이나,관광,2009-12-01,251.0
우크라이나,관광,2010-01-01,386.0
우크라이나,관광,2010-02-01,318.0
우크라이나,관광,2010-03-01,298.0
우크라이나,관광,2010-04-01,536.0
우크라이나,관광,2010-05-01,514.0
우크라이나,관광,2010-06-01,487.0
우크라이나,관광,2010-07-01,463.0
우크라이나,관광,2010-08-01,300.0
우크라이나,관광,2010-09-01,387.0
우크라이나,관광,2010-10-01,520.0
우크라이나,관광,2010-11-01,560.0
우크라이나,관광,2010-12-01,455.0
우크라이나,관광,2011-01-01,367.0
우크라이나,관광,2011-02-01,346.0
우크라이나,관광,2011-03-01,497.0
우크라이나,관광,2011-04-01,577.0
우크라이나,관광,2011-05-01,610.0
우크라이나,관광,2011-06-01,576.0
우크라이나,관광,2011-07-01,589.0
우크라이나,관광,2011-08-01,475.0
우크라이나,관광,2011-09-01,447.0
우크라이나,관광,2011-10-01,645.0
우크라이나,관광,2011-11-01,596.0
우크라이나,관광,2011-12-01,461.0
우크라이나,관광,2012-01-01,372.0
우크라이나,관광,2012-02-01,403.0
우크라이나,관광,2012-03-01,498.0
우크라이나,관광,2012-04-01,497.0
우크라이나,관광,2012-05-01,488.0
우크라이나,관광,2012-06-01,624.0
우크라이나,관광,2012-07-01,537.0
우크라이나,관광,2012-08-01,406.0
우크라이나,관광,2012-09-01,547.0
우크라이나,관광,2012-10-01,570.0
우크라이나,관광,2012-11-01,516.0
우크라이나,관광,2012-12-01,452.0
우크라이나,관광,2013-01-01,408.0
우크라이나,관광,2013-02-01,437.0
우크라이나,관광,2013-03-01,423.0
우크라이나,관광,2013-04-01,463.0
우크라이나,관광,2013-05-01,539.0
우크라이나,관광,2013-06-01,448.0
우크라이나,관광,2013-07-01,464.0
우크라이나,관광,2013-08-01,478.0
우크라이나,관광,2013-09-01,523.0
우크라이나,관광,2013-10-01,540.0
우크라이나,관광,2013-11-01,405.0
우크라이나,관광,2013-12-01,399.0
우크라이나,관광,2014-01-01,398.0
우크라이나,관광,2014-02-01,425.0
우크라이나,관광,2014-03-01,532.0
우크라이나,관광,2014-04-01,560.0
우크라이나,관광,2014-05-01,446.0
우크라이나,관광,2014-06-01,376.0
우크라이나,관광,2014-07-01,460.0
우크라이나,관광,2014-08-01,537.0
우크라이나,관광,2014-09-01,465.0
우크라이나,관광,2014-10-01,522.0
우크라이나,관광,2014-11-01,527.0
우크라이나,관광,2014-12-01,403.0
우크라이나,관광,2015-01-01,412.0
우크라이나,관광,2015-02-01,398.0
우크라이나,관광,2015-03-01,479.0
우크라이나,관광,2015-04-01,588.0
우크라이나,관광,2015-05-01,559.0
우크라이나,관광,2015-06-01,604.0
우크라이나,관광,2015-07-01,683.0
우크라이나,관광,2015-08-01,589.0
우크라이나,관광,2015-09-01,571.0
우크라이나,관광,2015-10-01,743.0
우크라이나,관광,2015-11-01,571.0
우크라이나,관광,2015-12-01,516.0
우크라이나,관광,2016-01-01,516.0
우크라이나,관광,2016-02-01,496.0
우크라이나,관광,2016-03-01,672.0
우크라이나,관광,2016-04-01,591.0
우크라이나,관광,2016-05-01,595.0
우크라이나,관광,2016-06-01,685.0
우크라이나,관광,2016-07-01,616.0
우크라이나,관광,2016-08-01,606.0
우크라이나,관광,2016-09-01,707.0
우크라이나,관광,2016-10-01,653.0
우크라이나,관광,2016-11-01,672.0
우크라이나,관광,2016-12-01,541.0
우크라이나,관광,2017-01-01,579.0
우크라이나,관광,2017-02-01,596.0
우크라이나,관광,2017-03-01,844.0
우크라이나,관광,2017-04-01,740.0
우크라이나,관광,2017-05-01,636.0
우크라이나,관광,2017-06-01,732.0
우크라이나,관광,2017-07-01,640.0
우크라이나,관광,2017-08-01,551.0
우크라이나,관광,2017-09-01,686.0
우크라이나,관광,2017-10-01,695.0
우크라이나,관광,2017-11-01,708.0
우크라이나,관광,2017-12-01,683.0
우크라이나,관광,2018-01-01,422.0
우크라이나,관광,2018-02-01,642.0
우크라이나,관광,2018-03-01,682.0
우크라이나,관광,2018-04-01,668.0
우크라이나,관광,2018-05-01,768.0
우크라이나,관광,2018-06-01,578.0
우크라이나,관광,2018-07-01,708.0
우크라이나,관광,2018-08-01,714.0
우크라이나,관광,2018-09-01,751.0
우크라이나,관광,2018-10-01,819.0
우크라이나,관광,2018-11-01,780.0
우크라이나,관광,2018-12-01,533.0
우크라이나,관광,2019-01-01,593.0
우크라이나,관광,2019-02-01,543.0
우크라이나,관광,2019-03-01,630.0
우크라이나,관광,2019-04-01,799.0
우크라이나,관광,2019-05-01,698.0
우크라이나,관광,2019-06-01,606.0
우크라이나,관광,2019-07-01,813.0
우크라이나,관광,2019-08-01,711.0
우크라이나,관광,2019-09-01,715.0
우크라이나,관광,2019-10-01,795.0
우크라이나,관광,2019-11-01,712.0
우크라이나,관광,2019-12-01,600.0
우크라이나,관광,2020-01-01,493.0
우크라이나,관광,2020-02-01,653.0
우크라이나,관광,2020-03-01,214.0
우크라이나,관광,2020-04-01,60.0
우크라이나,관광,2020-05-01,265.0
우크라이나,관광,2020-06-01,507.0
우크라이나,관광,2020-07-01,352.0
우크라이나,관광,2020-08-01,160.0
우크라이나,관광,2020-09-01,147.0
우크라이나,관광,2020-10-01,134.0
우크라이나,관광,2020-11-01,163.0
우크라이나,관광,2020-12-01,155.0
우크라이나,관광,2021-01-01,186.0
우크라이나,관광,2021-02-01,337.0
우크라이나,관광,2021-03-01,328.0
우크라이나,관광,2021-04-01,340.0
우크라이나,관광,2021-05-01,297.0
우크라이나,관광,2021-06-01,246.0
우크라이나,관광,2021-07-01,287.0
우크라이나,관광,2021-08-01,290.0
우크라이나,관광,2021-09-01,297.0
우크라이나,관광,2021-10-01,342.0
우크라이나,관광,2021-11-01,338.0
우크라이나,관광,2021-12-01,282.0
우크라이나,관광,2022-01-01,301.0
우크라이나,관광,2022-02-01,256.0
우크라이나,관광,2022-03-01,209.0
우크라이나,관광,2022-04-01,334.0
우크라이나,관광,2022-05-01,252.0
우크라이나,관광,2022-06-01,384.0
우크라이나,관광,2022-07-01,513.0
우크라이나,관광,2022-08-01,481.0
우크라이나,관광,2022-09-01,475.0
우크라이나,관광,2022-10-01,632.0
우크라이나,관광,2022-11-01,531.0
우크라이나,관광,2022-12-01,556.0
우크라이나,관광,2023-01-01,337.0
우크라이나,관광,2023-02-01,273.0
우크라이나,관광,2023-03-01,386.0
우크라이나,관광,2023-04-01,365.0
우크라이나,관광,2023-05-01,367.0
우크라이나,관광,2023-06-01,379.0
우크라이나,관광,2023-07-01,456.0
우크라이나,관광,2023-08-01,411.0
우크라이나,관광,2023-09-01,400.0
우크라이나,관광,2023-10-01,544.0
우크라이나,관광,2023-11-01,432.0
우크라이나,관광,2023-12-01,313.0
우크라이나,관광,2024-01-01,369.0
우크라이나,관광,2024-02-01,295.0
우크라이나,관광,2024-03-01,494.0
우크라이나,관광,2024-04-01,507.0
우크라이나,관광,2024-05-01,448.0
우크라이나,관광,2024-06-01,487.0
우크라이나,관광,2024-07-01,463.0
우크라이나,관광,2024-08-01,423.0
우크라이나,관광,2024-09-01,764.0
우크라이나,관광,2024-10-01,825.0
우크라이나,관광,2024-11-01,583.0
우크라이나,관광,2024-12-01,500.0
우크라이나,관광,2025-01-01,403.0
우크라이나,관광,2025-02-01,474.0
우크라이나,관광,2025-03-01,640.0
우크라이나,관광,2025-04-01,772.0
우크라이나,관광,2025-05-01,577.0
우크라이나,상용,2005-01-01,11.0
우크라이나,상용,2005-02-01,7.0
우크라이나,상용,2005-03-01,7.0
우크라이나,상용,2005-04-01,13.0
우크라이나,상용,2005-05-01,13.0
우크라이나,상용,2005-06-01,16.0
우크라이나,상용,2005-07-01,18.0
우크라이나,상용,2005-08-01,13.0
우크라이나,상용,2005-09-01,10.0
우크라이나,상용,2005-10-01,13.0
우크라이나,상용,2005-11-01,15.0
우크라이나,상용,2005-12-01,8.0
우크라이나,상용,2006-01-01,17.0
우크라이나,상용,2006-02-01,32.0
우크라이나,상용,2006-03-01,14.0
우크라이나,상용,2006-04-01,15.0
우크라이나,상용,2006-05-01,15.0
우크라이나,상용,2006-06-01,22.0
우크라이나,상용,2006-07-01,14.0
우크라이나,상용,2006-08-01,12.0
우크라이나,상용,2006-09-01,12.0
우크라이나,상용,2006-10-01,15.0
우크라이나,상용,2006-11-01,20.0
우크라이나,상용,2006-12-01,21.0
우크라이나,상용,2007-01-01,8.0
우크라이나,상용,2007-02-01,19.0
우크라이나,상용,2007-03-01,10.0
우크라이나,상용,2007-04-01,33.0
우크라이나,상용,2007-05-01,20.0
우크라이나,상용,2007-06-01,17.0
우크라이나,상용,2007-07-01,22.0
우크라이나,상용,2007-08-01,19.0
우크라이나,상용,2007-09-01,14.0
우크라이나,상용,2007-10-01,25.0
우크라이나,상용,2007-11-01,32.0
우크라이나,상용,2007-12-01,13.0
우크라이나,상용,2008-01-01,10.0
우크라이나,상용,2008-02-01,19.0
우크라이나,상용,2008-03-01,21.0
우크라이나,상용,2008-04-01,25.0
우크라이나,상용,2008-05-01,23.0
우크라이나,상용,2008-06-01,22.0
우크라이나,상용,2008-07-01,28.0
우크라이나,상용,2008-08-01,28.0
우크라이나,상용,2008-09-01,35.0
우크라이나,상용,2008-10-01,22.0
우크라이나,상용,2008-11-01,16.0
우크라이나,상용,2008-12-01,13.0
우크라이나,상용,2009-01-01,31.0
우크라이나,상용,2009-02-01,15.0
우크라이나,상용,2009-03-01,14.0
우크라이나,상용,2009-04-01,14.0
우크라이나,상용,2009-05-01,20.0
우크라이나,상용,2009-06-01,22.0
우크라이나,상용,2009-07-01,19.0
우크라이나,상용,2009-08-01,37.0
우크라이나,상용,2009-09-01,20.0
우크라이나,상용,2009-10-01,13.0
우크라이나,상용,2009-11-01,23.0
우크라이나,상용,2009-12-01,18.0
우크라이나,상용,2010-01-01,29.0
우크라이나,상용,2010-02-01,15.0
우크라이나,상용,2010-03-01,21.0
우크라이나,상용,2010-04-01,12.0
우크라이나,상용,2010-05-01,14.0
우크라이나,상용,2010-06-01,29.0
우크라이나,상용,2010-07-01,28.0
우크라이나,상용,2010-08-01,30.0
우크라이나,상용,2010-09-01,26.0
우크라이나,상용,2010-10-01,24.0
우크라이나,상용,2010-11-01,37.0
우크라이나,상용,2010-12-01,22.0
우크라이나,상용,2011-01-01,20.0
우크라이나,상용,2011-02-01,26.0
우크라이나,상용,2011-03-01,25.0
우크라이나,상용,2011-04-01,26.0
우크라이나,상용,2011-05-01,23.0
우크라이나,상용,2011-06-01,20.0
우크라이나,상용,2011-07-01,28.0
우크라이나,상용,2011-08-01,32.0
우크라이나,상용,2011-09-01,41.0
우크라이나,상용,2011-10-01,33.0
우크라이나,상용,2011-11-01,41.0
우크라이나,상용,2011-12-01,38.0
우크라이나,상용,2012-01-01,99.0
우크라이나,상용,2012-02-01,128.0
우크라이나,상용,2012-03-01,127.0
우크라이나,상용,2012-04-01,130.0
우크라이나,상용,2012-05-01,103.0
우크라이나,상용,2012-06-01,104.0
우크라이나,상용,2012-07-01,139.0
우크라이나,상용,2012-08-01,93.0
우크라이나,상용,2012-09-01,87.0
우크라이나,상용,2012-10-01,186.0
우크라이나,상용,2012-11-01,113.0
우크라이나,상용,2012-12-01,93.0
우크라이나,상용,2013-01-01,57.0
우크라이나,상용,2013-02-01,111.0
우크라이나,상용,2013-03-01,125.0
우크라이나,상용,2013-04-01,88.0
우크라이나,상용,2013-05-01,94.0
우크라이나,상용,2013-06-01,187.0
우크라이나,상용,2013-07-01,163.0
우크라이나,상용,2013-08-01,100.0
우크라이나,상용,2013-09-01,118.0
우크라이나,상용,2013-10-01,170.0
우크라이나,상용,2013-11-01,139.0
우크라이나,상용,2013-12-01,105.0
우크라이나,상용,2014-01-01,119.0
우크라이나,상용,2014-02-01,129.0
우크라이나,상용,2014-03-01,143.0
우크라이나,상용,2014-04-01,115.0
우크라이나,상용,2014-05-01,117.0
우크라이나,상용,2014-06-01,142.0
우크라이나,상용,2014-07-01,88.0
우크라이나,상용,2014-08-01,68.0
우크라이나,상용,2014-09-01,94.0
우크라이나,상용,2014-10-01,151.0
우크라이나,상용,2014-11-01,112.0
우크라이나,상용,2014-12-01,65.0
우크라이나,상용,2015-01-01,97.0
우크라이나,상용,2015-02-01,73.0
우크라이나,상용,2015-03-01,64.0
우크라이나,상용,2015-04-01,68.0
우크라이나,상용,2015-05-01,73.0
우크라이나,상용,2015-06-01,72.0
우크라이나,상용,2015-07-01,53.0
우크라이나,상용,2015-08-01,59.0
우크라이나,상용,2015-09-01,81.0
우크라이나,상용,2015-10-01,110.0
우크라이나,상용,2015-11-01,105.0
우크라이나,상용,2015-12-01,69.0
우크라이나,상용,2016-01-01,51.0
우크라이나,상용,2016-02-01,39.0
우크라이나,상용,2016-03-01,62.0
우크라이나,상용,2016-04-01,127.0
우크라이나,상용,2016-05-01,111.0
우크라이나,상용,2016-06-01,82.0
우크라이나,상용,2016-07-01,55.0
우크라이나,상용,2016-08-01,64.0
우크라이나,상용,2016-09-01,104.0
우크라이나,상용,2016-10-01,185.0
우크라이나,상용,2016-11-01,144.0
우크라이나,상용,2016-12-01,102.0
우크라이나,상용,2017-01-01,72.0
우크라이나,상용,2017-02-01,81.0
우크라이나,상용,2017-03-01,91.0
우크라이나,상용,2017-04-01,138.0
우크라이나,상용,2017-05-01,118.0
우크라이나,상용,2017-06-01,132.0
우크라이나,상용,2017-07-01,77.0
우크라이나,상용,2017-08-01,69.0
우크라이나,상용,2017-09-01,77.0
우크라이나,상용,2017-10-01,136.0
우크라이나,상용,2017-11-01,99.0
우크라이나,상용,2017-12-01,106.0
우크라이나,상용,2018-01-01,74.0
우크라이나,상용,2018-02-01,83.0
우크라이나,상용,2018-03-01,107.0
우크라이나,상용,2018-04-01,95.0
우크라이나,상용,2018-05-01,138.0
우크라이나,상용,2018-06-01,137.0
우크라이나,상용,2018-07-01,61.0
우크라이나,상용,2018-08-01,89.0
우크라이나,상용,2018-09-01,73.0
우크라이나,상용,2018-10-01,158.0
우크라이나,상용,2018-11-01,109.0
우크라이나,상용,2018-12-01,107.0
우크라이나,상용,2019-01-01,58.0
우크라이나,상용,2019-02-01,51.0
우크라이나,상용,2019-03-01,95.0
우크라이나,상용,2019-04-01,76.0
우크라이나,상용,2019-05-01,89.0
우크라이나,상용,2019-06-01,83.0
우크라이나,상용,2019-07-01,100.0
우크라이나,상용,2019-08-01,63.0
우크라이나,상용,2019-09-01,80.0
우크라이나,상용,2019-10-01,179.0
우크라이나,상용,2019-11-01,91.0
우크라이나,상용,2019-12-01,60.0
우크라이나,상용,2020-01-01,78.0
우크라이나,상용,2020-02-01,80.0
우크라이나,상용,2020-03-01,30.0
우크라이나,상용,2020-04-01,0.0
우크라이나,상용,2020-05-01,6.0
우크라이나,상용,2020-06-01,6.0
우크라이나,상용,2020-07-01,3.0
우크라이나,상용,2020-08-01,5.0
우크라이나,상용,2020-09-01,1.0
우크라이나,상용,2020-10-01,12.0
우크라이나,상용,2020-11-01,14.0
우크라이나,상용,2020-12-01,1.0
우크라이나,상용,2021-01-01,3.0
우크라이나,상용,2021-02-01,4.0
우크라이나,상용,2021-03-01,1.0
우크라이나,상용,2021-04-01,15.0
우크라이나,상용,2021-05-01,7.0
우크라이나,상용,2021-06-01,9.0
우크라이나,상용,2021-07-01,26.0
우크라이나,상용,2021-08-01,12.0
우크라이나,상용,2021-09-01,4.0
우크라이나,상용,2021-10-01,12.0
우크라이나,상용,2021-11-01,27.0
우크라이나,상용,2021-12-01,3.0
우크라이나,상용,2022-01-01,7.0
우크라이나,상용,2022-02-01,37.0
우크라이나,상용,2022-03-01,3.0
우크라이나,상용,2022-04-01,0.0
우크라이나,상용,2022-05-01,11.0
우크라이나,상용,2022-06-01,12.0
우크라이나,상용,2022-07-01,11.0
우크라이나,상용,2022-08-01,13.0
우크라이나,상용,2022-09-01,15.0
우크라이나,상용,2022-10-01,27.0
우크라이나,상용,2022-11-01,25.0
우크라이나,상용,2022-12-01,24.0
우크라이나,상용,2023-01-01,30.0
우크라이나,상용,2023-02-01,22.0
우크라이나,상용,2023-03-01,29.0
우크라이나,상용,2023-04-01,54.0
우크라이나,상용,2023-05-01,33.0
우크라이나,상용,2023-06-01,52.0
우크라이나,상용,2023-07-01,31.0
우크라이나,상용,2023-08-01,26.0
우크라이나,상용,2023-09-01,12.0
우크라이나,상용,2023-10-01,35.0
우크라이나,상용,2023-11-01,65.0
우크라이나,상용,2023-12-01,24.0
우크라이나,상용,2024-01-01,53.0
우크라이나,상용,2024-02-01,32.0
우크라이나,상용,2024-03-01,53.0
우크라이나,상용,2024-04-01,37.0
우크라이나,상용,2024-05-01,53.0
우크라이나,상용,2024-06-01,57.0
우크라이나,상용,2024-07-01,38.0
우크라이나,상용,2024-08-01,33.0
우크라이나,상용,2024-09-01,30.0
우크라이나,상용,2024-10-01,91.0
우크라이나,상용,2024-11-01,37.0
우크라이나,상용,2024-12-01,15.0
우크라이나,상용,2025-01-01,21.0
우크라이나,상용,2025-02-01,67.0
우크라이나,상용,2025-03-01,74.0
우크라이나,상용,2025-04-01,62.0
우크라이나,상용,2025-05-01,66.0
우크라이나,유학연수,2005-01-01,1.0
우크라이나,유학연수,2005-02-01,11.0
우크라이나,유학연수,2005-03-01,6.0
우크라이나,유학연수,2005-04-01,2.0
우크라이나,유학연수,2005-05-01,1.0
우크라이나,유학연수,2005-06-01,2.0
우크라이나,유학연수,2005-07-01,2.0
우크라이나,유학연수,2005-08-01,10.0
우크라이나,유학연수,2005-09-01,8.0
우크라이나,유학연수,2005-10-01,2.0
우크라이나,유학연수,2005-11-01,1.0
우크라이나,유학연수,2005-12-01,1.0
우크라이나,유학연수,2006-01-01,8.0
우크라이나,유학연수,2006-02-01,9.0
우크라이나,유학연수,2006-03-01,5.0
우크라이나,유학연수,2006-04-01,2.0
우크라이나,유학연수,2006-05-01,1.0
우크라이나,유학연수,2006-06-01,1.0
우크라이나,유학연수,2006-07-01,5.0
우크라이나,유학연수,2006-08-01,10.0
우크라이나,유학연수,2006-09-01,7.0
우크라이나,유학연수,2006-10-01,2.0
우크라이나,유학연수,2006-11-01,1.0
우크라이나,유학연수,2006-12-01,3.0
우크라이나,유학연수,2007-01-01,3.0
우크라이나,유학연수,2007-02-01,17.0
우크라이나,유학연수,2007-03-01,7.0
우크라이나,유학연수,2007-04-01,2.0
우크라이나,유학연수,2007-05-01,2.0
우크라이나,유학연수,2007-06-01,6.0
우크라이나,유학연수,2007-07-01,1.0
우크라이나,유학연수,2007-08-01,23.0
우크라이나,유학연수,2007-09-01,9.0
우크라이나,유학연수,2007-10-01,4.0
우크라이나,유학연수,2007-11-01,0.0
우크라이나,유학연수,2007-12-01,1.0
우크라이나,유학연수,2008-01-01,3.0
우크라이나,유학연수,2008-02-01,16.0
우크라이나,유학연수,2008-03-01,4.0
우크라이나,유학연수,2008-04-01,3.0
우크라이나,유학연수,2008-05-01,2.0
우크라이나,유학연수,2008-06-01,4.0
우크라이나,유학연수,2008-07-01,5.0
우크라이나,유학연수,2008-08-01,36.0
우크라이나,유학연수,2008-09-01,3.0
우크라이나,유학연수,2008-10-01,2.0
우크라이나,유학연수,2008-11-01,2.0
우크라이나,유학연수,2008-12-01,2.0
우크라이나,유학연수,2009-01-01,9.0
우크라이나,유학연수,2009-02-01,10.0
우크라이나,유학연수,2009-03-01,4.0
우크라이나,유학연수,2009-04-01,2.0
우크라이나,유학연수,2009-05-01,3.0
우크라이나,유학연수,2009-06-01,3.0
우크라이나,유학연수,2009-07-01,3.0
우크라이나,유학연수,2009-08-01,33.0
우크라이나,유학연수,2009-09-01,8.0
우크라이나,유학연수,2009-10-01,5.0
우크라이나,유학연수,2009-11-01,1.0
우크라이나,유학연수,2009-12-01,5.0
우크라이나,유학연수,2010-01-01,6.0
우크라이나,유학연수,2010-02-01,23.0
우크라이나,유학연수,2010-03-01,8.0
우크라이나,유학연수,2010-04-01,1.0
우크라이나,유학연수,2010-05-01,2.0
우크라이나,유학연수,2010-06-01,6.0
우크라이나,유학연수,2010-07-01,3.0
우크라이나,유학연수,2010-08-01,41.0
우크라이나,유학연수,2010-09-01,3.0
우크라이나,유학연수,2010-10-01,7.0
우크라이나,유학연수,2010-11-01,2.0
우크라이나,유학연수,2010-12-01,0.0
우크라이나,유학연수,2011-01-01,10.0
우크라이나,유학연수,2011-02-01,31.0
우크라이나,유학연수,2011-03-01,4.0
우크라이나,유학연수,2011-04-01,5.0
우크라이나,유학연수,2011-05-01,0.0
우크라이나,유학연수,2011-06-01,5.0
우크라이나,유학연수,2011-07-01,9.0
우크라이나,유학연수,2011-08-01,35.0
우크라이나,유학연수,2011-09-01,5.0
우크라이나,유학연수,2011-10-01,1.0
우크라이나,유학연수,2011-11-01,0.0
우크라이나,유학연수,2011-12-01,5.0
우크라이나,유학연수,2012-01-01,18.0
우크라이나,유학연수,2012-02-01,36.0
우크라이나,유학연수,2012-03-01,5.0
우크라이나,유학연수,2012-04-01,4.0
우크라이나,유학연수,2012-05-01,3.0
우크라이나,유학연수,2012-06-01,5.0
우크라이나,유학연수,2012-07-01,7.0
우크라이나,유학연수,2012-08-01,54.0
우크라이나,유학연수,2012-09-01,13.0
우크라이나,유학연수,2012-10-01,2.0
우크라이나,유학연수,2012-11-01,3.0
우크라이나,유학연수,2012-12-01,5.0
우크라이나,유학연수,2013-01-01,11.0
우크라이나,유학연수,2013-02-01,42.0
우크라이나,유학연수,2013-03-01,16.0
우크라이나,유학연수,2013-04-01,2.0
우크라이나,유학연수,2013-05-01,2.0
우크라이나,유학연수,2013-06-01,3.0
우크라이나,유학연수,2013-07-01,9.0
우크라이나,유학연수,2013-08-01,48.0
우크라이나,유학연수,2013-09-01,11.0
우크라이나,유학연수,2013-10-01,1.0
우크라이나,유학연수,2013-11-01,4.0
우크라이나,유학연수,2013-12-01,6.0
우크라이나,유학연수,2014-01-01,9.0
우크라이나,유학연수,2014-02-01,42.0
우크라이나,유학연수,2014-03-01,9.0
우크라이나,유학연수,2014-04-01,2.0
우크라이나,유학연수,2014-05-01,7.0
우크라이나,유학연수,2014-06-01,7.0
우크라이나,유학연수,2014-07-01,8.0
우크라이나,유학연수,2014-08-01,41.0
우크라이나,유학연수,2014-09-01,10.0
우크라이나,유학연수,2014-10-01,4.0
우크라이나,유학연수,2014-11-01,9.0
우크라이나,유학연수,2014-12-01,5.0
우크라이나,유학연수,2015-01-01,4.0
우크라이나,유학연수,2015-02-01,34.0
우크라이나,유학연수,2015-03-01,5.0
우크라이나,유학연수,2015-04-01,1.0
우크라이나,유학연수,2015-05-01,8.0
우크라이나,유학연수,2015-06-01,6.0
우크라이나,유학연수,2015-07-01,3.0
우크라이나,유학연수,2015-08-01,36.0
우크라이나,유학연수,2015-09-01,12.0
우크라이나,유학연수,2015-10-01,2.0
우크라이나,유학연수,2015-11-01,4.0
우크라이나,유학연수,2015-12-01,7.0
우크라이나,유학연수,2016-01-01,5.0
우크라이나,유학연수,2016-02-01,43.0
우크라이나,유학연수,2016-03-01,10.0
우크라이나,유학연수,2016-04-01,3.0
우크라이나,유학연수,2016-05-01,1.0
우크라이나,유학연수,2016-06-01,10.0
우크라이나,유학연수,2016-07-01,9.0
우크라이나,유학연수,2016-08-01,51.0
우크라이나,유학연수,2016-09-01,16.0
우크라이나,유학연수,2016-10-01,4.0
우크라이나,유학연수,2016-11-01,6.0
우크라이나,유학연수,2016-12-01,5.0
우크라이나,유학연수,2017-01-01,18.0
우크라이나,유학연수,2017-02-01,32.0
우크라이나,유학연수,2017-03-01,13.0
우크라이나,유학연수,2017-04-01,3.0
우크라이나,유학연수,2017-05-01,5.0
우크라이나,유학연수,2017-06-01,3.0
우크라이나,유학연수,2017-07-01,18.0
우크라이나,유학연수,2017-08-01,48.0
우크라이나,유학연수,2017-09-01,16.0
우크라이나,유학연수,2017-10-01,4.0
우크라이나,유학연수,2017-11-01,3.0
우크라이나,유학연수,2017-12-01,8.0
우크라이나,유학연수,2018-01-01,17.0
우크라이나,유학연수,2018-02-01,34.0
우크라이나,유학연수,2018-03-01,13.0
우크라이나,유학연수,2018-04-01,5.0
우크라이나,유학연수,2018-05-01,12.0
우크라이나,유학연수,2018-06-01,13.0
우크라이나,유학연수,2018-07-01,12.0
우크라이나,유학연수,2018-08-01,62.0
우크라이나,유학연수,2018-09-01,20.0
우크라이나,유학연수,2018-10-01,6.0
우크라이나,유학연수,2018-11-01,10.0
우크라이나,유학연수,2018-12-01,10.0
우크라이나,유학연수,2019-01-01,28.0
우크라이나,유학연수,2019-02-01,57.0
우크라이나,유학연수,2019-03-01,17.0
우크라이나,유학연수,2019-04-01,8.0
우크라이나,유학연수,2019-05-01,10.0
우크라이나,유학연수,2019-06-01,21.0
우크라이나,유학연수,2019-07-01,31.0
우크라이나,유학연수,2019-08-01,64.0
우크라이나,유학연수,2019-09-01,26.0
우크라이나,유학연수,2019-10-01,4.0
우크라이나,유학연수,2019-11-01,11.0
우크라이나,유학연수,2019-12-01,8.0
우크라이나,유학연수,2020-01-01,33.0
우크라이나,유학연수,2020-02-01,52.0
우크라이나,유학연수,2020-03-01,7.0
우크라이나,유학연수,2020-04-01,0.0
우크라이나,유학연수,2020-05-01,2.0
우크라이나,유학연수,2020-06-01,1.0
우크라이나,유학연수,2020-07-01,0.0
우크라이나,유학연수,2020-08-01,31.0
우크라이나,유학연수,2020-09-01,5.0
우크라이나,유학연수,2020-10-01,1.0
우크라이나,유학연수,2020-11-01,8.0
우크라이나,유학연수,2020-12-01,2.0
우크라이나,유학연수,2021-01-01,16.0
우크라이나,유학연수,2021-02-01,23.0
우크라이나,유학연수,2021-03-01,6.0
우크라이나,유학연수,2021-04-01,0.0
우크라이나,유학연수,2021-05-01,2.0
우크라이나,유학연수,2021-06-01,6.0
우크라이나,유학연수,2021-07-01,6.0
우크라이나,유학연수,2021-08-01,63.0
우크라이나,유학연수,2021-09-01,19.0
우크라이나,유학연수,2021-10-01,5.0
우크라이나,유학연수,2021-11-01,8.0
우크라이나,유학연수,2021-12-01,7.0
우크라이나,유학연수,2022-01-01,23.0
우크라이나,유학연수,2022-02-01,23.0
우크라이나,유학연수,2022-03-01,8.0
우크라이나,유학연수,2022-04-01,2.0
우크라이나,유학연수,2022-05-01,7.0
우크라이나,유학연수,2022-06-01,10.0
우크라이나,유학연수,2022-07-01,7.0
우크라이나,유학연수,2022-08-01,44.0
우크라이나,유학연수,2022-09-01,18.0
우크라이나,유학연수,2022-10-01,3.0
우크라이나,유학연수,2022-11-01,6.0
우크라이나,유학연수,2022-12-01,9.0
우크라이나,유학연수,2023-01-01,14.0
우크라이나,유학연수,2023-02-01,52.0
우크라이나,유학연수,2023-03-01,11.0
우크라이나,유학연수,2023-04-01,3.0
우크라이나,유학연수,2023-05-01,8.0
우크라이나,유학연수,2023-06-01,10.0
우크라이나,유학연수,2023-07-01,8.0
우크라이나,유학연수,2023-08-01,63.0
우크라이나,유학연수,2023-09-01,20.0
우크라이나,유학연수,2023-10-01,6.0
우크라이나,유학연수,2023-11-01,11.0
우크라이나,유학연수,2023-12-01,12.0
우크라이나,유학연수,2024-01-01,32.0
우크라이나,유학연수,2024-02-01,57.0
우크라이나,유학연수,2024-03-01,19.0
우크라이나,유학연수,2024-04-01,3.0
우크라이나,유학연수,2024-05-01,7.0
우크라이나,유학연수,2024-06-01,12.0
우크라이나,유학연수,2024-07-01,13.0
우크라이나,유학연수,2024-08-01,168.0
우크라이나,유학연수,2024-09-01,17.0
우크라이나,유학연수,2024-10-01,2.0
우크라이나,유학연수,2024-11-01,12.0
우크라이나,유학연수,2024-12-01,13.0
우크라이나,유학연수,2025-01-01,21.0
우크라이나,유학연수,2025-02-01,79.0
우크라이나,유학연수,2025-03-01,26.0
우크라이나,유학연수,2025-04-01,4.0
우크라이나,유학연수,2025-05-01,13.0
이라크,공용,2005-01-01,0.0
이라크,공용,2005-02-01,0.0
이라크,공용,2005-03-01,0.0
이라크,공용,2005-04-01,0.0
이라크,공용,2005-05-01,0.0
이라크,공용,2005-06-01,0.0
이라크,공용,2005-07-01,0.0
이라크,공용,2005-08-01,0.0
이라크,공용,2005-09-01,0.0
이라크,공용,2005-10-01,0.0
이라크,공용,2005-11-01,0.0
이라크,공용,2005-12-01,0.0
이라크,공용,2006-01-01,0.0
이라크,공용,2006-02-01,0.0
이라크,공용,2006-03-01,0.0
이라크,공용,2006-04-01,0.0
이라크,공용,2006-05-01,0.0
이라크,공용,2006-06-01,0.0
이라크,공용,2006-07-01,0.0
이라크,공용,2006-08-01,0.0
이라크,공용,2006-09-01,0.0
이라크,공용,2006-10-01,0.0
이라크,공용,2006-11-01,0.0
이라크,공용,2006-12-01,0.0
이라크,공용,2007-01-01,0.0
이라크,공용,2007-02-01,16.0
이라크,공용,2007-03-01,0.0
이라크,공용,2007-04-01,1.0
이라크,공용,2007-05-01,0.0
이라크,공용,2007-06-01,0.0
이라크,공용,2007-07-01,1.0
이라크,공용,2007-08-01,0.0
이라크,공용,2007-09-01,0.0
이라크,공용,2007-10-01,0.0
이라크,공용,2007-11-01,0.0
이라크,공용,2007-12-01,0.0
이라크,공용,2008-01-01,0.0
이라크,공용,2008-02-01,7.0
이라크,공용,2008-03-01,2.0
이라크,공용,2008-04-01,1.0
이라크,공용,2008-05-01,2.0
이라크,공용,2008-06-01,0.0
이라크,공용,2008-07-01,0.0
이라크,공용,2008-08-01,0.0
이라크,공용,2008-09-01,1.0
이라크,공용,2008-10-01,2.0
이라크,공용,2008-11-01,1.0
이라크,공용,2008-12-01,5.0
이라크,공용,2009-01-01,0.0
이라크,공용,2009-02-01,58.0
이라크,공용,2009-03-01,3.0
이라크,공용,2009-04-01,0.0
이라크,공용,2009-05-01,0.0
이라크,공용,2009-06-01,3.0
이라크,공용,2009-07-01,0.0
이라크,공용,2009-08-01,0.0
이라크,공용,2009-09-01,0.0
이라크,공용,2009-10-01,3.0
이라크,공용,2009-11-01,0.0
이라크,공용,2009-12-01,1.0
이라크,공용,2010-01-01,1.0
이라크,공용,2010-02-01,1.0
이라크,공용,2010-03-01,1.0
이라크,공용,2010-04-01,0.0
이라크,공용,2010-05-01,0.0
이라크,공용,2010-06-01,0.0
이라크,공용,2010-07-01,0.0
이라크,공용,2010-08-01,1.0
이라크,공용,2010-09-01,0.0
이라크,공용,2010-10-01,2.0
이라크,공용,2010-11-01,0.0
이라크,공용,2010-12-01,24.0
이라크,공용,2011-01-01,0.0
이라크,공용,2011-02-01,0.0
이라크,공용,2011-03-01,0.0
이라크,공용,2011-04-01,2.0
이라크,공용,2011-05-01,0.0
이라크,공용,2011-06-01,0.0
이라크,공용,2011-07-01,5.0
이라크,공용,2011-08-01,0.0
이라크,공용,2011-09-01,0.0
이라크,공용,2011-10-01,18.0
이라크,공용,2011-11-01,1.0
이라크,공용,2011-12-01,0.0
이라크,공용,2012-01-01,4.0
이라크,공용,2012-02-01,2.0
이라크,공용,2012-03-01,19.0
이라크,공용,2012-04-01,0.0
이라크,공용,2012-05-01,2.0
이라크,공용,2012-06-01,7.0
이라크,공용,2012-07-01,0.0
이라크,공용,2012-08-01,1.0
이라크,공용,2012-09-01,60.0
이라크,공용,2012-10-01,16.0
이라크,공용,2012-11-01,6.0
이라크,공용,2012-12-01,0.0
이라크,공용,2013-01-01,6.0
이라크,공용,2013-02-01,0.0
이라크,공용,2013-03-01,2.0
이라크,공용,2013-04-01,6.0
이라크,공용,2013-05-01,0.0
이라크,공용,2013-06-01,2.0
이라크,공용,2013-07-01,0.0
이라크,공용,2013-08-01,6.0
이라크,공용,2013-09-01,15.0
이라크,공용,2013-10-01,9.0
이라크,공용,2013-11-01,3.0
이라크,공용,2013-12-01,4.0
이라크,공용,2014-01-01,1.0
이라크,공용,2014-02-01,25.0
이라크,공용,2014-03-01,32.0
이라크,공용,2014-04-01,10.0
이라크,공용,2014-05-01,13.0
이라크,공용,2014-06-01,11.0
이라크,공용,2014-07-01,0.0
이라크,공용,2014-08-01,1.0
이라크,공용,2014-09-01,4.0
이라크,공용,2014-10-01,8.0
이라크,공용,2014-11-01,3.0
이라크,공용,2014-12-01,10.0
이라크,공용,2015-01-01,0.0
이라크,공용,2015-02-01,5.0
이라크,공용,2015-03-01,25.0
이라크,공용,2015-04-01,21.0
이라크,공용,2015-05-01,29.0
이라크,공용,2015-06-01,0.0
이라크,공용,2015-07-01,26.0
이라크,공용,2015-08-01,6.0
이라크,공용,2015-09-01,0.0
이라크,공용,2015-10-01,0.0
이라크,공용,2015-11-01,4.0
이라크,공용,2015-12-01,2.0
이라크,공용,2016-01-01,3.0
이라크,공용,2016-02-01,0.0
이라크,공용,2016-03-01,1.0
이라크,공용,2016-04-01,1.0
이라크,공용,2016-05-01,7.0
이라크,공용,2016-06-01,3.0
이라크,공용,2016-07-01,12.0
이라크,공용,2016-08-01,0.0
이라크,공용,2016-09-01,3.0
이라크,공용,2016-10-01,0.0
이라크,공용,2016-11-01,1.0
이라크,공용,2016-12-01,1.0
이라크,공용,2017-01-01,18.0
이라크,공용,2017-02-01,11.0
이라크,공용,2017-03-01,2.0
이라크,공용,2017-04-01,21.0
이라크,공용,2017-05-01,9.0
이라크,공용,2017-06-01,4.0
이라크,공용,2017-07-01,7.0
이라크,공용,2017-08-01,1.0
이라크,공용,2017-09-01,1.0
이라크,공용,2017-10-01,14.0
이라크,공용,2017-11-01,2.0
이라크,공용,2017-12-01,1.0
이라크,공용,2018-01-01,8.0
이라크,공용,2018-02-01,4.0
이라크,공용,2018-03-01,0.0
이라크,공용,2018-04-01,1.0
이라크,공용,2018-05-01,0.0
이라크,공용,2018-06-01,10.0
이라크,공용,2018-07-01,8.0
이라크,공용,2018-08-01,5.0
이라크,공용,2018-09-01,8.0
이라크,공용,2018-10-01,4.0
이라크,공용,2018-11-01,0.0
이라크,공용,2018-12-01,1.0
이라크,공용,2019-01-01,1.0
이라크,공용,2019-02-01,3.0
이라크,공용,2019-03-01,0.0
이라크,공용,2019-04-01,1.0
이라크,공용,2019-05-01,1.0
이라크,공용,2019-06-01,20.0
이라크,공용,2019-07-01,0.0
이라크,공용,2019-08-01,2.0
이라크,공용,2019-09-01,31.0
이라크,공용,2019-10-01,0.0
이라크,공용,2019-11-01,0.0
이라크,공용,2019-12-01,1.0
이라크,공용,2020-01-01,0.0
이라크,공용,2020-02-01,0.0
이라크,공용,2020-03-01,0.0
이라크,공용,2020-04-01,0.0
이라크,공용,2020-05-01,0.0
이라크,공용,2020-06-01,0.0
이라크,공용,2020-07-01,0.0
이라크,공용,2020-08-01,3.0
이라크,공용,2020-09-01,0.0
이라크,공용,2020-10-01,0.0
이라크,공용,2020-11-01,3.0
이라크,공용,2020-12-01,0.0
이라크,공용,2021-01-01,0.0
이라크,공용,2021-02-01,5.0
이라크,공용,2021-03-01,1.0
이라크,공용,2021-04-01,0.0
이라크,공용,2021-05-01,0.0
이라크,공용,2021-06-01,0.0
이라크,공용,2021-07-01,0.0
이라크,공용,2021-08-01,0.0
이라크,공용,2021-09-01,1.0
이라크,공용,2021-10-01,0.0
이라크,공용,2021-11-01,0.0
이라크,공용,2021-12-01,1.0
이라크,공용,2022-01-01,0.0
이라크,공용,2022-02-01,0.0
이라크,공용,2022-03-01,9.0
이라크,공용,2022-04-01,0.0
이라크,공용,2022-05-01,0.0
이라크,공용,2022-06-01,0.0
이라크,공용,2022-07-01,2.0
이라크,공용,2022-08-01,0.0
이라크,공용,2022-09-01,0.0
이라크,공용,2022-10-01,2.0
이라크,공용,2022-11-01,1.0
이라크,공용,2022-12-01,0.0
이라크,공용,2023-01-01,6.0
이라크,공용,2023-02-01,6.0
이라크,공용,2023-03-01,0.0
이라크,공용,2023-04-01,2.0
이라크,공용,2023-05-01,0.0
이라크,공용,2023-06-01,21.0
이라크,공용,2023-07-01,0.0
이라크,공용,2023-08-01,5.0
이라크,공용,2023-09-01,3.0
이라크,공용,2023-10-01,1.0
이라크,공용,2023-11-01,0.0
이라크,공용,2023-12-01,0.0
이라크,공용,2024-01-01,10.0
이라크,공용,2024-02-01,8.0
이라크,공용,2024-03-01,7.0
이라크,공용,2024-04-01,0.0
이라크,공용,2024-05-01,0.0
이라크,공용,2024-06-01,0.0
이라크,공용,2024-07-01,5.0
이라크,공용,2024-08-01,7.0
이라크,공용,2024-09-01,2.0
이라크,공용,2024-10-01,4.0
이라크,공용,2024-11-01,2.0
이라크,공용,2024-12-01,2.0
이라크,공용,2025-01-01,5.0
이라크,공용,2025-02-01,0.0
이라크,공용,2025-03-01,1.0
이라크,공용,2025-04-01,1.0
이라크,공용,2025-05-01,0.0
이라크,관광,2005-01-01,25.0
이라크,관광,2005-02-01,29.0
이라크,관광,2005-03-01,50.0
이라크,관광,2005-04-01,55.0
이라크,관광,2005-05-01,95.0
이라크,관광,2005-06-01,25.0
이라크,관광,2005-07-01,46.0
이라크,관광,2005-08-01,39.0
이라크,관광,2005-09-01,105.0
이라크,관광,2005-10-01,114.0
이라크,관광,2005-11-01,124.0
이라크,관광,2005-12-01,89.0
이라크,관광,2006-01-01,9.0
이라크,관광,2006-02-01,62.0
이라크,관광,2006-03-01,63.0
이라크,관광,2006-04-01,119.0
이라크,관광,2006-05-01,102.0
이라크,관광,2006-06-01,95.0
이라크,관광,2006-07-01,59.0
이라크,관광,2006-08-01,112.0
이라크,관광,2006-09-01,130.0
이라크,관광,2006-10-01,240.0
이라크,관광,2006-11-01,211.0
이라크,관광,2006-12-01,45.0
이라크,관광,2007-01-01,19.0
이라크,관광,2007-02-01,45.0
이라크,관광,2007-03-01,23.0
이라크,관광,2007-04-01,121.0
이라크,관광,2007-05-01,170.0
이라크,관광,2007-06-01,173.0
이라크,관광,2007-07-01,147.0
이라크,관광,2007-08-01,82.0
이라크,관광,2007-09-01,266.0
이라크,관광,2007-10-01,213.0
이라크,관광,2007-11-01,124.0
이라크,관광,2007-12-01,58.0
이라크,관광,2008-01-01,5.0
이라크,관광,2008-02-01,19.0
이라크,관광,2008-03-01,26.0
이라크,관광,2008-04-01,63.0
이라크,관광,2008-05-01,69.0
이라크,관광,2008-06-01,138.0
이라크,관광,2008-07-01,117.0
이라크,관광,2008-08-01,154.0
이라크,관광,2008-09-01,128.0
이라크,관광,2008-10-01,148.0
이라크,관광,2008-11-01,72.0
이라크,관광,2008-12-01,47.0
이라크,관광,2009-01-01,46.0
이라크,관광,2009-02-01,53.0
이라크,관광,2009-03-01,74.0
이라크,관광,2009-04-01,8.0
이라크,관광,2009-05-01,32.0
이라크,관광,2009-06-01,106.0
이라크,관광,2009-07-01,82.0
이라크,관광,2009-08-01,54.0
이라크,관광,2009-09-01,65.0
이라크,관광,2009-10-01,128.0
이라크,관광,2009-11-01,138.0
이라크,관광,2009-12-01,55.0
이라크,관광,2010-01-01,49.0
이라크,관광,2010-02-01,8.0
이라크,관광,2010-03-01,33.0
이라크,관광,2010-04-01,81.0
이라크,관광,2010-05-01,123.0
이라크,관광,2010-06-01,119.0
이라크,관광,2010-07-01,142.0
이라크,관광,2010-08-01,57.0
이라크,관광,2010-09-01,4.0
이라크,관광,2010-10-01,55.0
이라크,관광,2010-11-01,49.0
이라크,관광,2010-12-01,28.0
이라크,관광,2011-01-01,8.0
이라크,관광,2011-02-01,9.0
이라크,관광,2011-03-01,81.0
이라크,관광,2011-04-01,69.0
이라크,관광,2011-05-01,77.0
이라크,관광,2011-06-01,95.0
이라크,관광,2011-07-01,78.0
이라크,관광,2011-08-01,103.0
이라크,관광,2011-09-01,45.0
이라크,관광,2011-10-01,63.0
이라크,관광,2011-11-01,41.0
이라크,관광,2011-12-01,22.0
이라크,관광,2012-01-01,17.0
이라크,관광,2012-02-01,54.0
이라크,관광,2012-03-01,60.0
이라크,관광,2012-04-01,64.0
이라크,관광,2012-05-01,67.0
이라크,관광,2012-06-01,56.0
이라크,관광,2012-07-01,53.0
이라크,관광,2012-08-01,26.0
이라크,관광,2012-09-01,37.0
이라크,관광,2012-10-01,103.0
이라크,관광,2012-11-01,148.0
이라크,관광,2012-12-01,94.0
이라크,관광,2013-01-01,56.0
이라크,관광,2013-02-01,56.0
이라크,관광,2013-03-01,105.0
이라크,관광,2013-04-01,144.0
이라크,관광,2013-05-01,133.0
이라크,관광,2013-06-01,126.0
이라크,관광,2013-07-01,110.0
이라크,관광,2013-08-01,74.0
이라크,관광,2013-09-01,71.0
이라크,관광,2013-10-01,261.0
이라크,관광,2013-11-01,120.0
이라크,관광,2013-12-01,118.0
이라크,관광,2014-01-01,55.0
이라크,관광,2014-02-01,34.0
이라크,관광,2014-03-01,112.0
이라크,관광,2014-04-01,117.0
이라크,관광,2014-05-01,67.0
이라크,관광,2014-06-01,60.0
이라크,관광,2014-07-01,38.0
이라크,관광,2014-08-01,136.0
이라크,관광,2014-09-01,147.0
이라크,관광,2014-10-01,179.0
이라크,관광,2014-11-01,63.0
이라크,관광,2014-12-01,61.0
이라크,관광,2015-01-01,32.0
이라크,관광,2015-02-01,31.0
이라크,관광,2015-03-01,91.0
이라크,관광,2015-04-01,41.0
이라크,관광,2015-05-01,78.0
이라크,관광,2015-06-01,95.0
이라크,관광,2015-07-01,73.0
이라크,관광,2015-08-01,70.0
이라크,관광,2015-09-01,101.0
이라크,관광,2015-10-01,186.0
이라크,관광,2015-11-01,202.0
이라크,관광,2015-12-01,74.0
이라크,관광,2016-01-01,59.0
이라크,관광,2016-02-01,81.0
이라크,관광,2016-03-01,124.0
이라크,관광,2016-04-01,124.0
이라크,관광,2016-05-01,144.0
이라크,관광,2016-06-01,84.0
이라크,관광,2016-07-01,104.0
이라크,관광,2016-08-01,95.0
이라크,관광,2016-09-01,115.0
이라크,관광,2016-10-01,86.0
이라크,관광,2016-11-01,86.0
이라크,관광,2016-12-01,65.0
이라크,관광,2017-01-01,32.0
이라크,관광,2017-02-01,66.0
이라크,관광,2017-03-01,82.0
이라크,관광,2017-04-01,77.0
이라크,관광,2017-05-01,66.0
이라크,관광,2017-06-01,43.0
이라크,관광,2017-07-01,103.0
이라크,관광,2017-08-01,176.0
이라크,관광,2017-09-01,94.0
이라크,관광,2017-10-01,153.0
이라크,관광,2017-11-01,98.0
이라크,관광,2017-12-01,116.0
이라크,관광,2018-01-01,99.0
이라크,관광,2018-02-01,51.0
이라크,관광,2018-03-01,160.0
이라크,관광,2018-04-01,122.0
이라크,관광,2018-05-01,99.0
이라크,관광,2018-06-01,129.0
이라크,관광,2018-07-01,120.0
이라크,관광,2018-08-01,132.0
이라크,관광,2018-09-01,125.0
이라크,관광,2018-10-01,142.0
이라크,관광,2018-11-01,106.0
이라크,관광,2018-12-01,59.0
이라크,관광,2019-01-01,40.0
이라크,관광,2019-02-01,77.0
이라크,관광,2019-03-01,138.0
이라크,관광,2019-04-01,145.0
이라크,관광,2019-05-01,41.0
이라크,관광,2019-06-01,180.0
이라크,관광,2019-07-01,141.0
이라크,관광,2019-08-01,68.0
이라크,관광,2019-09-01,165.0
이라크,관광,2019-10-01,190.0
이라크,관광,2019-11-01,86.0
이라크,관광,2019-12-01,84.0
이라크,관광,2020-01-01,58.0
이라크,관광,2020-02-01,54.0
이라크,관광,2020-03-01,5.0
이라크,관광,2020-04-01,0.0
이라크,관광,2020-05-01,0.0
이라크,관광,2020-06-01,0.0
이라크,관광,2020-07-01,2.0
이라크,관광,2020-08-01,6.0
이라크,관광,2020-09-01,6.0
이라크,관광,2020-10-01,1.0
이라크,관광,2020-11-01,6.0
이라크,관광,2020-12-01,2.0
이라크,관광,2021-01-01,3.0
이라크,관광,2021-02-01,4.0
이라크,관광,2021-03-01,2.0
이라크,관광,2021-04-01,1.0
이라크,관광,2021-05-01,0.0
이라크,관광,2021-06-01,4.0
이라크,관광,2021-07-01,3.0
이라크,관광,2021-08-01,57.0
이라크,관광,2021-09-01,1.0
이라크,관광,2021-10-01,10.0
이라크,관광,2021-11-01,15.0
이라크,관광,2021-12-01,1.0
이라크,관광,2022-01-01,0.0
이라크,관광,2022-02-01,5.0
이라크,관광,2022-03-01,0.0
이라크,관광,2022-04-01,43.0
이라크,관광,2022-05-01,3.0
이라크,관광,2022-06-01,31.0
이라크,관광,2022-07-01,46.0
이라크,관광,2022-08-01,44.0
이라크,관광,2022-09-01,34.0
이라크,관광,2022-10-01,72.0
이라크,관광,2022-11-01,38.0
이라크,관광,2022-12-01,36.0
이라크,관광,2023-01-01,17.0
이라크,관광,2023-02-01,8.0
이라크,관광,2023-03-01,52.0
이라크,관광,2023-04-01,44.0
이라크,관광,2023-05-01,50.0
이라크,관광,2023-06-01,87.0
이라크,관광,2023-07-01,108.0
이라크,관광,2023-08-01,76.0
이라크,관광,2023-09-01,135.0
이라크,관광,2023-10-01,105.0
이라크,관광,2023-11-01,44.0
이라크,관광,2023-12-01,31.0
이라크,관광,2024-01-01,9.0
이라크,관광,2024-02-01,76.0
이라크,관광,2024-03-01,44.0
이라크,관광,2024-04-01,90.0
이라크,관광,2024-05-01,40.0
이라크,관광,2024-06-01,81.0
이라크,관광,2024-07-01,120.0
이라크,관광,2024-08-01,112.0
이라크,관광,2024-09-01,63.0
이라크,관광,2024-10-01,172.0
이라크,관광,2024-11-01,96.0
이라크,관광,2024-12-01,42.0
이라크,관광,2025-01-01,35.0
이라크,관광,2025-02-01,48.0
이라크,관광,2025-03-01,125.0
이라크,관광,2025-04-01,126.0
이라크,관광,2025-05-01,105.0
이라크,상용,2005-01-01,30.0
이라크,상용,2005-02-01,13.0
이라크,상용,2005-03-01,50.0
이라크,상용,2005-04-01,37.0
이라크,상용,2005-05-01,43.0
이라크,상용,2005-06-01,34.0
이라크,상용,2005-07-01,31.0
이라크,상용,2005-08-01,26.0
이라크,상용,2005-09-01,42.0
이라크,상용,2005-10-01,36.0
이라크,상용,2005-11-01,18.0
이라크,상용,2005-12-01,51.0
이라크,상용,2006-01-01,24.0
이라크,상용,2006-02-01,38.0
이라크,상용,2006-03-01,68.0
이라크,상용,2006-04-01,37.0
이라크,상용,2006-05-01,35.0
이라크,상용,2006-06-01,36.0
이라크,상용,2006-07-01,24.0
이라크,상용,2006-08-01,24.0
이라크,상용,2006-09-01,23.0
이라크,상용,2006-10-01,14.0
이라크,상용,2006-11-01,25.0
이라크,상용,2006-12-01,25.0
이라크,상용,2007-01-01,15.0
이라크,상용,2007-02-01,19.0
이라크,상용,2007-03-01,23.0
이라크,상용,2007-04-01,33.0
이라크,상용,2007-05-01,29.0
이라크,상용,2007-06-01,17.0
이라크,상용,2007-07-01,32.0
이라크,상용,2007-08-01,32.0
이라크,상용,2007-09-01,28.0
이라크,상용,2007-10-01,29.0
이라크,상용,2007-11-01,26.0
이라크,상용,2007-12-01,16.0
이라크,상용,2008-01-01,29.0
이라크,상용,2008-02-01,27.0
이라크,상용,2008-03-01,52.0
이라크,상용,2008-04-01,34.0
이라크,상용,2008-05-01,80.0
이라크,상용,2008-06-01,35.0
이라크,상용,2008-07-01,26.0
이라크,상용,2008-08-01,51.0
이라크,상용,2008-09-01,35.0
이라크,상용,2008-10-01,67.0
이라크,상용,2008-11-01,45.0
이라크,상용,2008-12-01,37.0
이라크,상용,2009-01-01,88.0
이라크,상용,2009-02-01,60.0
이라크,상용,2009-03-01,68.0
이라크,상용,2009-04-01,117.0
이라크,상용,2009-05-01,89.0
이라크,상용,2009-06-01,97.0
이라크,상용,2009-07-01,62.0
이라크,상용,2009-08-01,85.0
이라크,상용,2009-09-01,66.0
이라크,상용,2009-10-01,93.0
이라크,상용,2009-11-01,67.0
이라크,상용,2009-12-01,58.0
이라크,상용,2010-01-01,135.0
이라크,상용,2010-02-01,68.0
이라크,상용,2010-03-01,119.0
이라크,상용,2010-04-01,105.0
이라크,상용,2010-05-01,104.0
이라크,상용,2010-06-01,117.0
이라크,상용,2010-07-01,107.0
이라크,상용,2010-08-01,118.0
이라크,상용,2010-09-01,92.0
이라크,상용,2010-10-01,138.0
이라크,상용,2010-11-01,82.0
이라크,상용,2010-12-01,79.0
이라크,상용,2011-01-01,57.0
이라크,상용,2011-02-01,90.0
이라크,상용,2011-03-01,88.0
이라크,상용,2011-04-01,106.0
이라크,상용,2011-05-01,111.0
이라크,상용,2011-06-01,100.0
이라크,상용,2011-07-01,89.0
이라크,상용,2011-08-01,77.0
이라크,상용,2011-09-01,111.0
이라크,상용,2011-10-01,143.0
이라크,상용,2011-11-01,152.0
이라크,상용,2011-12-01,116.0
이라크,상용,2012-01-01,96.0
이라크,상용,2012-02-01,117.0
이라크,상용,2012-03-01,134.0
이라크,상용,2012-04-01,125.0
이라크,상용,2012-05-01,234.0
이라크,상용,2012-06-01,114.0
이라크,상용,2012-07-01,129.0
이라크,상용,2012-08-01,101.0
이라크,상용,2012-09-01,196.0
이라크,상용,2012-10-01,150.0
이라크,상용,2012-11-01,154.0
이라크,상용,2012-12-01,110.0
이라크,상용,2013-01-01,72.0
이라크,상용,2013-02-01,75.0
이라크,상용,2013-03-01,69.0
이라크,상용,2013-04-01,106.0
이라크,상용,2013-05-01,160.0
이라크,상용,2013-06-01,131.0
이라크,상용,2013-07-01,83.0
이라크,상용,2013-08-01,85.0
이라크,상용,2013-09-01,136.0
이라크,상용,2013-10-01,85.0
이라크,상용,2013-11-01,121.0
이라크,상용,2013-12-01,88.0
이라크,상용,2014-01-01,118.0
이라크,상용,2014-02-01,112.0
이라크,상용,2014-03-01,159.0
이라크,상용,2014-04-01,98.0
이라크,상용,2014-05-01,157.0
이라크,상용,2014-06-01,169.0
이라크,상용,2014-07-01,59.0
이라크,상용,2014-08-01,95.0
이라크,상용,2014-09-01,153.0
이라크,상용,2014-10-01,160.0
이라크,상용,2014-11-01,139.0
이라크,상용,2014-12-01,76.0
이라크,상용,2015-01-01,113.0
이라크,상용,2015-02-01,113.0
이라크,상용,2015-03-01,128.0
이라크,상용,2015-04-01,92.0
이라크,상용,2015-05-01,128.0
이라크,상용,2015-06-01,45.0
이라크,상용,2015-07-01,40.0
이라크,상용,2015-08-01,84.0
이라크,상용,2015-09-01,74.0
이라크,상용,2015-10-01,86.0
이라크,상용,2015-11-01,60.0
이라크,상용,2015-12-01,50.0
이라크,상용,2016-01-01,44.0
이라크,상용,2016-02-01,50.0
이라크,상용,2016-03-01,52.0
이라크,상용,2016-04-01,60.0
이라크,상용,2016-05-01,87.0
이라크,상용,2016-06-01,50.0
이라크,상용,2016-07-01,57.0
이라크,상용,2016-08-01,73.0
이라크,상용,2016-09-01,52.0
이라크,상용,2016-10-01,89.0
이라크,상용,2016-11-01,73.0
이라크,상용,2016-12-01,54.0
이라크,상용,2017-01-01,47.0
이라크,상용,2017-02-01,63.0
이라크,상용,2017-03-01,100.0
이라크,상용,2017-04-01,106.0
이라크,상용,2017-05-01,86.0
이라크,상용,2017-06-01,53.0
이라크,상용,2017-07-01,84.0
이라크,상용,2017-08-01,100.0
이라크,상용,2017-09-01,81.0
이라크,상용,2017-10-01,106.0
이라크,상용,2017-11-01,100.0
이라크,상용,2017-12-01,121.0
이라크,상용,2018-01-01,103.0
이라크,상용,2018-02-01,113.0
이라크,상용,2018-03-01,94.0
이라크,상용,2018-04-01,112.0
이라크,상용,2018-05-01,124.0
이라크,상용,2018-06-01,63.0
이라크,상용,2018-07-01,86.0
이라크,상용,2018-08-01,65.0
이라크,상용,2018-09-01,114.0
이라크,상용,2018-10-01,134.0
이라크,상용,2018-11-01,98.0
이라크,상용,2018-12-01,87.0
이라크,상용,2019-01-01,72.0
이라크,상용,2019-02-01,89.0
이라크,상용,2019-03-01,130.0
이라크,상용,2019-04-01,113.0
이라크,상용,2019-05-01,73.0
이라크,상용,2019-06-01,64.0
이라크,상용,2019-07-01,138.0
이라크,상용,2019-08-01,97.0
이라크,상용,2019-09-01,134.0
이라크,상용,2019-10-01,110.0
이라크,상용,2019-11-01,116.0
이라크,상용,2019-12-01,96.0
이라크,상용,2020-01-01,83.0
이라크,상용,2020-02-01,70.0
이라크,상용,2020-03-01,18.0
이라크,상용,2020-04-01,0.0
이라크,상용,2020-05-01,0.0
이라크,상용,2020-06-01,0.0
이라크,상용,2020-07-01,7.0
이라크,상용,2020-08-01,17.0
이라크,상용,2020-09-01,40.0
이라크,상용,2020-10-01,44.0
이라크,상용,2020-11-01,34.0
이라크,상용,2020-12-01,45.0
이라크,상용,2021-01-01,41.0
이라크,상용,2021-02-01,37.0
이라크,상용,2021-03-01,37.0
이라크,상용,2021-04-01,33.0
이라크,상용,2021-05-01,46.0
이라크,상용,2021-06-01,43.0
이라크,상용,2021-07-01,47.0
이라크,상용,2021-08-01,47.0
이라크,상용,2021-09-01,48.0
이라크,상용,2021-10-01,34.0
이라크,상용,2021-11-01,42.0
이라크,상용,2021-12-01,54.0
이라크,상용,2022-01-01,26.0
이라크,상용,2022-02-01,51.0
이라크,상용,2022-03-01,73.0
이라크,상용,2022-04-01,75.0
이라크,상용,2022-05-01,83.0
이라크,상용,2022-06-01,68.0
이라크,상용,2022-07-01,76.0
이라크,상용,2022-08-01,88.0
이라크,상용,2022-09-01,74.0
이라크,상용,2022-10-01,111.0
이라크,상용,2022-11-01,115.0
이라크,상용,2022-12-01,76.0
이라크,상용,2023-01-01,75.0
이라크,상용,2023-02-01,52.0
이라크,상용,2023-03-01,79.0
이라크,상용,2023-04-01,56.0
이라크,상용,2023-05-01,78.0
이라크,상용,2023-06-01,79.0
이라크,상용,2023-07-01,89.0
이라크,상용,2023-08-01,104.0
이라크,상용,2023-09-01,132.0
이라크,상용,2023-10-01,95.0
이라크,상용,2023-11-01,125.0
이라크,상용,2023-12-01,70.0
이라크,상용,2024-01-01,97.0
이라크,상용,2024-02-01,116.0
이라크,상용,2024-03-01,95.0
이라크,상용,2024-04-01,92.0
이라크,상용,2024-05-01,117.0
이라크,상용,2024-06-01,100.0
이라크,상용,2024-07-01,110.0
이라크,상용,2024-08-01,95.0
이라크,상용,2024-09-01,99.0
이라크,상용,2024-10-01,92.0
이라크,상용,2024-11-01,96.0
이라크,상용,2024-12-01,79.0
이라크,상용,2025-01-01,77.0
이라크,상용,2025-02-01,107.0
이라크,상용,2025-03-01,86.0
이라크,상용,2025-04-01,118.0
이라크,상용,2025-05-01,91.0
이라크,유학연수,2005-01-01,0.0
이라크,유학연수,2005-02-01,0.0
이라크,유학연수,2005-03-01,1.0
이라크,유학연수,2005-04-01,0.0
이라크,유학연수,2005-05-01,0.0
이라크,유학연수,2005-06-01,0.0
이라크,유학연수,2005-07-01,0.0
이라크,유학연수,2005-08-01,2.0
이라크,유학연수,2005-09-01,0.0
이라크,유학연수,2005-10-01,0.0
이라크,유학연수,2005-11-01,18.0
이라크,유학연수,2005-12-01,2.0
이라크,유학연수,2006-01-01,1.0
이라크,유학연수,2006-02-01,2.0
이라크,유학연수,2006-03-01,1.0
이라크,유학연수,2006-04-01,1.0
이라크,유학연수,2006-05-01,0.0
이라크,유학연수,2006-06-01,1.0
이라크,유학연수,2006-07-01,0.0
이라크,유학연수,2006-08-01,2.0
이라크,유학연수,2006-09-01,1.0
이라크,유학연수,2006-10-01,0.0
이라크,유학연수,2006-11-01,15.0
이라크,유학연수,2006-12-01,11.0
이라크,유학연수,2007-01-01,2.0
이라크,유학연수,2007-02-01,28.0
이라크,유학연수,2007-03-01,3.0
이라크,유학연수,2007-04-01,1.0
이라크,유학연수,2007-05-01,0.0
이라크,유학연수,2007-06-01,2.0
이라크,유학연수,2007-07-01,2.0
이라크,유학연수,2007-08-01,2.0
이라크,유학연수,2007-09-01,4.0
이라크,유학연수,2007-10-01,27.0
이라크,유학연수,2007-11-01,0.0
이라크,유학연수,2007-12-01,2.0
이라크,유학연수,2008-01-01,0.0
이라크,유학연수,2008-02-01,18.0
이라크,유학연수,2008-03-01,2.0
이라크,유학연수,2008-04-01,0.0
이라크,유학연수,2008-05-01,0.0
이라크,유학연수,2008-06-01,0.0
이라크,유학연수,2008-07-01,0.0
이라크,유학연수,2008-08-01,2.0
이라크,유학연수,2008-09-01,3.0
이라크,유학연수,2008-10-01,0.0
이라크,유학연수,2008-11-01,0.0
이라크,유학연수,2008-12-01,1.0
이라크,유학연수,2009-01-01,0.0
이라크,유학연수,2009-02-01,5.0
이라크,유학연수,2009-03-01,0.0
이라크,유학연수,2009-04-01,0.0
이라크,유학연수,2009-05-01,0.0
이라크,유학연수,2009-06-01,1.0
이라크,유학연수,2009-07-01,1.0
이라크,유학연수,2009-08-01,2.0
이라크,유학연수,2009-09-01,0.0
이라크,유학연수,2009-10-01,1.0
이라크,유학연수,2009-11-01,0.0
이라크,유학연수,2009-12-01,0.0
이라크,유학연수,2010-01-01,2.0
이라크,유학연수,2010-02-01,3.0
이라크,유학연수,2010-03-01,0.0
이라크,유학연수,2010-04-01,0.0
이라크,유학연수,2010-05-01,2.0
이라크,유학연수,2010-06-01,0.0
이라크,유학연수,2010-07-01,4.0
이라크,유학연수,2010-08-01,2.0
이라크,유학연수,2010-09-01,1.0
이라크,유학연수,2010-10-01,1.0
이라크,유학연수,2010-11-01,2.0
이라크,유학연수,2010-12-01,2.0
이라크,유학연수,2011-01-01,3.0
이라크,유학연수,2011-02-01,4.0
이라크,유학연수,2011-03-01,3.0
이라크,유학연수,2011-04-01,0.0
이라크,유학연수,2011-05-01,1.0
이라크,유학연수,2011-06-01,1.0
이라크,유학연수,2011-07-01,0.0
이라크,유학연수,2011-08-01,5.0
이라크,유학연수,2011-09-01,2.0
이라크,유학연수,2011-10-01,0.0
이라크,유학연수,2011-11-01,0.0
이라크,유학연수,2011-12-01,0.0
이라크,유학연수,2012-01-01,4.0
이라크,유학연수,2012-02-01,6.0
이라크,유학연수,2012-03-01,2.0
이라크,유학연수,2012-04-01,0.0
이라크,유학연수,2012-05-01,0.0
이라크,유학연수,2012-06-01,2.0
이라크,유학연수,2012-07-01,0.0
이라크,유학연수,2012-08-01,2.0
이라크,유학연수,2012-09-01,5.0
이라크,유학연수,2012-10-01,3.0
이라크,유학연수,2012-11-01,0.0
이라크,유학연수,2012-12-01,0.0
이라크,유학연수,2013-01-01,9.0
이라크,유학연수,2013-02-01,8.0
이라크,유학연수,2013-03-01,4.0
이라크,유학연수,2013-04-01,3.0
이라크,유학연수,2013-05-01,2.0
이라크,유학연수,2013-06-01,3.0
이라크,유학연수,2013-07-01,4.0
이라크,유학연수,2013-08-01,5.0
이라크,유학연수,2013-09-01,2.0
이라크,유학연수,2013-10-01,2.0
이라크,유학연수,2013-11-01,0.0
이라크,유학연수,2013-12-01,2.0
이라크,유학연수,2014-01-01,6.0
이라크,유학연수,2014-02-01,9.0
이라크,유학연수,2014-03-01,5.0
이라크,유학연수,2014-04-01,2.0
이라크,유학연수,2014-05-01,1.0
이라크,유학연수,2014-06-01,0.0
이라크,유학연수,2014-07-01,5.0
이라크,유학연수,2014-08-01,11.0
이라크,유학연수,2014-09-01,5.0
이라크,유학연수,2014-10-01,1.0
이라크,유학연수,2014-11-01,0.0
이라크,유학연수,2014-12-01,1.0
이라크,유학연수,2015-01-01,6.0
이라크,유학연수,2015-02-01,11.0
이라크,유학연수,2015-03-01,11.0
이라크,유학연수,2015-04-01,1.0
이라크,유학연수,2015-05-01,3.0
이라크,유학연수,2015-06-01,2.0
이라크,유학연수,2015-07-01,4.0
이라크,유학연수,2015-08-01,9.0
이라크,유학연수,2015-09-01,2.0
이라크,유학연수,2015-10-01,2.0
이라크,유학연수,2015-11-01,1.0
이라크,유학연수,2015-12-01,3.0
이라크,유학연수,2016-01-01,3.0
이라크,유학연수,2016-02-01,10.0
이라크,유학연수,2016-03-01,2.0
이라크,유학연수,2016-04-01,3.0
이라크,유학연수,2016-05-01,1.0
이라크,유학연수,2016-06-01,2.0
이라크,유학연수,2016-07-01,2.0
이라크,유학연수,2016-08-01,11.0
이라크,유학연수,2016-09-01,7.0
이라크,유학연수,2016-10-01,0.0
이라크,유학연수,2016-11-01,1.0
이라크,유학연수,2016-12-01,1.0
이라크,유학연수,2017-01-01,4.0
이라크,유학연수,2017-02-01,20.0
이라크,유학연수,2017-03-01,1.0
이라크,유학연수,2017-04-01,0.0
이라크,유학연수,2017-05-01,0.0
이라크,유학연수,2017-06-01,5.0
이라크,유학연수,2017-07-01,4.0
이라크,유학연수,2017-08-01,20.0
이라크,유학연수,2017-09-01,2.0
이라크,유학연수,2017-10-01,2.0
이라크,유학연수,2017-11-01,1.0
이라크,유학연수,2017-12-01,3.0
이라크,유학연수,2018-01-01,2.0
이라크,유학연수,2018-02-01,16.0
이라크,유학연수,2018-03-01,3.0
이라크,유학연수,2018-04-01,1.0
이라크,유학연수,2018-05-01,1.0
이라크,유학연수,2018-06-01,1.0
이라크,유학연수,2018-07-01,11.0
이라크,유학연수,2018-08-01,14.0
이라크,유학연수,2018-09-01,4.0
이라크,유학연수,2018-10-01,2.0
이라크,유학연수,2018-11-01,1.0
이라크,유학연수,2018-12-01,1.0
이라크,유학연수,2019-01-01,2.0
이라크,유학연수,2019-02-01,16.0
이라크,유학연수,2019-03-01,2.0
이라크,유학연수,2019-04-01,2.0
이라크,유학연수,2019-05-01,2.0
이라크,유학연수,2019-06-01,2.0
이라크,유학연수,2019-07-01,8.0
이라크,유학연수,2019-08-01,17.0
이라크,유학연수,2019-09-01,3.0
이라크,유학연수,2019-10-01,0.0
이라크,유학연수,2019-11-01,2.0
이라크,유학연수,2019-12-01,3.0
이라크,유학연수,2020-01-01,8.0
이라크,유학연수,2020-02-01,8.0
이라크,유학연수,2020-03-01,2.0
이라크,유학연수,2020-04-01,0.0
이라크,유학연수,2020-05-01,0.0
이라크,유학연수,2020-06-01,0.0
이라크,유학연수,2020-07-01,2.0
이라크,유학연수,2020-08-01,7.0
이라크,유학연수,2020-09-01,1.0
이라크,유학연수,2020-10-01,1.0
이라크,유학연수,2020-11-01,0.0
이라크,유학연수,2020-12-01,0.0
이라크,유학연수,2021-01-01,4.0
이라크,유학연수,2021-02-01,6.0
이라크,유학연수,2021-03-01,2.0
이라크,유학연수,2021-04-01,1.0
이라크,유학연수,2021-05-01,0.0
이라크,유학연수,2021-06-01,0.0
이라크,유학연수,2021-07-01,1.0
이라크,유학연수,2021-08-01,9.0
이라크,유학연수,2021-09-01,4.0
이라크,유학연수,2021-10-01,2.0
이라크,유학연수,2021-11-01,0.0
이라크,유학연수,2021-12-01,2.0
이라크,유학연수,2022-01-01,7.0
이라크,유학연수,2022-02-01,6.0
이라크,유학연수,2022-03-01,4.0
이라크,유학연수,2022-04-01,1.0
이라크,유학연수,2022-05-01,1.0
이라크,유학연수,2022-06-01,1.0
이라크,유학연수,2022-07-01,1.0
이라크,유학연수,2022-08-01,13.0
이라크,유학연수,2022-09-01,1.0
이라크,유학연수,2022-10-01,1.0
이라크,유학연수,2022-11-01,1.0
이라크,유학연수,2022-12-01,3.0
이라크,유학연수,2023-01-01,6.0
이라크,유학연수,2023-02-01,8.0
이라크,유학연수,2023-03-01,6.0
이라크,유학연수,2023-04-01,1.0
이라크,유학연수,2023-05-01,3.0
이라크,유학연수,2023-06-01,4.0
이라크,유학연수,2023-07-01,3.0
이라크,유학연수,2023-08-01,10.0
이라크,유학연수,2023-09-01,5.0
이라크,유학연수,2023-10-01,2.0
이라크,유학연수,2023-11-01,0.0
이라크,유학연수,2023-12-01,2.0
이라크,유학연수,2024-01-01,6.0
이라크,유학연수,2024-02-01,10.0
이라크,유학연수,2024-03-01,3.0
이라크,유학연수,2024-04-01,1.0
이라크,유학연수,2024-05-01,0.0
이라크,유학연수,2024-06-01,3.0
이라크,유학연수,2024-07-01,2.0
이라크,유학연수,2024-08-01,12.0
이라크,유학연수,2024-09-01,4.0
이라크,유학연수,2024-10-01,0.0
이라크,유학연수,2024-11-01,1.0
이라크,유학연수,2024-12-01,0.0
이라크,유학연수,2025-01-01,4.0
이라크,유학연수,2025-02-01,5.0
이라크,유학연수,2025-03-01,3.0
이라크,유학연수,2025-04-01,1.0
이라크,유학연수,2025-05-01,1.0
이란,공용,2005-01-01,1.0
이란,공용,2005-02-01,0.0
이란,공용,2005-03-01,1.0
이란,공용,2005-04-01,0.0
이란,공용,2005-05-01,2.0
이란,공용,2005-06-01,3.0
이란,공용,2005-07-01,1.0
이란,공용,2005-08-01,5.0
이란,공용,2005-09-01,2.0
이란,공용,2005-10-01,9.0
이란,공용,2005-11-01,0.0
이란,공용,2005-12-01,0.0
이란,공용,2006-01-01,0.0
이란,공용,2006-02-01,1.0
이란,공용,2006-03-01,1.0
이란,공용,2006-04-01,2.0
이란,공용,2006-05-01,0.0
이란,공용,2006-06-01,1.0
이란,공용,2006-07-01,5.0
이란,공용,2006-08-01,0.0
이란,공용,2006-09-01,2.0
이란,공용,2006-10-01,0.0
이란,공용,2006-11-01,3.0
이란,공용,2006-12-01,4.0
이란,공용,2007-01-01,0.0
이란,공용,2007-02-01,1.0
이란,공용,2007-03-01,2.0
이란,공용,2007-04-01,7.0
이란,공용,2007-05-01,1.0
이란,공용,2007-06-01,0.0
이란,공용,2007-07-01,2.0
이란,공용,2007-08-01,0.0
이란,공용,2007-09-01,5.0
이란,공용,2007-10-01,0.0
이란,공용,2007-11-01,1.0
이란,공용,2007-12-01,0.0
이란,공용,2008-01-01,0.0
이란,공용,2008-02-01,0.0
이란,공용,2008-03-01,0.0
이란,공용,2008-04-01,1.0
이란,공용,2008-05-01,1.0
이란,공용,2008-06-01,0.0
이란,공용,2008-07-01,2.0
이란,공용,2008-08-01,1.0
이란,공용,2008-09-01,1.0
이란,공용,2008-10-01,1.0
이란,공용,2008-11-01,0.0
이란,공용,2008-12-01,0.0
이란,공용,2009-01-01,1.0
이란,공용,2009-02-01,0.0
이란,공용,2009-03-01,0.0
이란,공용,2009-04-01,0.0
이란,공용,2009-05-01,2.0
이란,공용,2009-06-01,0.0
이란,공용,2009-07-01,0.0
이란,공용,2009-08-01,0.0
이란,공용,2009-09-01,0.0
이란,공용,2009-10-01,2.0
이란,공용,2009-11-01,0.0
이란,공용,2009-12-01,3.0
이란,공용,2010-01-01,0.0
이란,공용,2010-02-01,1.0
이란,공용,2010-03-01,0.0
이란,공용,2010-04-01,0.0
이란,공용,2010-05-01,1.0
이란,공용,2010-06-01,2.0
이란,공용,2010-07-01,1.0
이란,공용,2010-08-01,1.0
이란,공용,2010-09-01,1.0
이란,공용,2010-10-01,2.0
이란,공용,2010-11-01,1.0
이란,공용,2010-12-01,2.0
이란,공용,2011-01-01,1.0
이란,공용,2011-02-01,0.0
이란,공용,2011-03-01,0.0
이란,공용,2011-04-01,1.0
이란,공용,2011-05-01,0.0
이란,공용,2011-06-01,0.0
이란,공용,2011-07-01,0.0
이란,공용,2011-08-01,2.0
이란,공용,2011-09-01,4.0
이란,공용,2011-10-01,2.0
이란,공용,2011-11-01,1.0
이란,공용,2011-12-01,2.0
이란,공용,2012-01-01,1.0
이란,공용,2012-02-01,0.0
이란,공용,2012-03-01,3.0
이란,공용,2012-04-01,1.0
이란,공용,2012-05-01,1.0
이란,공용,2012-06-01,2.0
이란,공용,2012-07-01,0.0
이란,공용,2012-08-01,1.0
이란,공용,2012-09-01,4.0
이란,공용,2012-10-01,2.0
이란,공용,2012-11-01,6.0
이란,공용,2012-12-01,3.0
이란,공용,2013-01-01,0.0
이란,공용,2013-02-01,0.0
이란,공용,2013-03-01,4.0
이란,공용,2013-04-01,1.0
이란,공용,2013-05-01,0.0
이란,공용,2013-06-01,3.0
이란,공용,2013-07-01,0.0
이란,공용,2013-08-01,4.0
이란,공용,2013-09-01,0.0
이란,공용,2013-10-01,11.0
이란,공용,2013-11-01,2.0
이란,공용,2013-12-01,7.0
이란,공용,2014-01-01,2.0
이란,공용,2014-02-01,1.0
이란,공용,2014-03-01,2.0
이란,공용,2014-04-01,8.0
이란,공용,2014-05-01,0.0
이란,공용,2014-06-01,3.0
이란,공용,2014-07-01,1.0
이란,공용,2014-08-01,9.0
이란,공용,2014-09-01,13.0
이란,공용,2014-10-01,8.0
이란,공용,2014-11-01,11.0
이란,공용,2014-12-01,2.0
이란,공용,2015-01-01,2.0
이란,공용,2015-02-01,0.0
이란,공용,2015-03-01,3.0
이란,공용,2015-04-01,16.0
이란,공용,2015-05-01,7.0
이란,공용,2015-06-01,5.0
이란,공용,2015-07-01,9.0
이란,공용,2015-08-01,3.0
이란,공용,2015-09-01,58.0
이란,공용,2015-10-01,76.0
이란,공용,2015-11-01,8.0
이란,공용,2015-12-01,5.0
이란,공용,2016-01-01,0.0
이란,공용,2016-02-01,6.0
이란,공용,2016-03-01,3.0
이란,공용,2016-04-01,10.0
이란,공용,2016-05-01,5.0
이란,공용,2016-06-01,12.0
이란,공용,2016-07-01,8.0
이란,공용,2016-08-01,18.0
이란,공용,2016-09-01,19.0
이란,공용,2016-10-01,5.0
이란,공용,2016-11-01,19.0
이란,공용,2016-12-01,4.0
이란,공용,2017-01-01,17.0
이란,공용,2017-02-01,0.0
이란,공용,2017-03-01,10.0
이란,공용,2017-04-01,6.0
이란,공용,2017-05-01,17.0
이란,공용,2017-06-01,38.0
이란,공용,2017-07-01,6.0
이란,공용,2017-08-01,13.0
이란,공용,2017-09-01,29.0
이란,공용,2017-10-01,15.0
이란,공용,2017-11-01,17.0
이란,공용,2017-12-01,22.0
이란,공용,2018-01-01,2.0
이란,공용,2018-02-01,7.0
이란,공용,2018-03-01,6.0
이란,공용,2018-04-01,13.0
이란,공용,2018-05-01,15.0
이란,공용,2018-06-01,7.0
이란,공용,2018-07-01,10.0
이란,공용,2018-08-01,14.0
이란,공용,2018-09-01,16.0
이란,공용,2018-10-01,11.0
이란,공용,2018-11-01,21.0
이란,공용,2018-12-01,3.0
이란,공용,2019-01-01,10.0
이란,공용,2019-02-01,5.0
이란,공용,2019-03-01,8.0
이란,공용,2019-04-01,5.0
이란,공용,2019-05-01,5.0
이란,공용,2019-06-01,8.0
이란,공용,2019-07-01,11.0
이란,공용,2019-08-01,7.0
이란,공용,2019-09-01,8.0
이란,공용,2019-10-01,21.0
이란,공용,2019-11-01,4.0
이란,공용,2019-12-01,5.0
이란,공용,2020-01-01,1.0
이란,공용,2020-02-01,1.0
이란,공용,2020-03-01,1.0
이란,공용,2020-04-01,0.0
이란,공용,2020-05-01,2.0
이란,공용,2020-06-01,0.0
이란,공용,2020-07-01,0.0
이란,공용,2020-08-01,0.0
이란,공용,2020-09-01,4.0
이란,공용,2020-10-01,1.0
이란,공용,2020-11-01,0.0
이란,공용,2020-12-01,1.0
이란,공용,2021-01-01,0.0
이란,공용,2021-02-01,0.0
이란,공용,2021-03-01,1.0
이란,공용,2021-04-01,1.0
이란,공용,2021-05-01,0.0
이란,공용,2021-06-01,0.0
이란,공용,2021-07-01,0.0
이란,공용,2021-08-01,1.0
이란,공용,2021-09-01,0.0
이란,공용,2021-10-01,0.0
이란,공용,2021-11-01,0.0
이란,공용,2021-12-01,0.0
이란,공용,2022-01-01,0.0
이란,공용,2022-02-01,4.0
이란,공용,2022-03-01,0.0
이란,공용,2022-04-01,0.0
이란,공용,2022-05-01,3.0
이란,공용,2022-06-01,1.0
이란,공용,2022-07-01,2.0
이란,공용,2022-08-01,14.0
이란,공용,2022-09-01,3.0
이란,공용,2022-10-01,8.0
이란,공용,2022-11-01,3.0
이란,공용,2022-12-01,0.0
이란,공용,2023-01-01,0.0
이란,공용,2023-02-01,8.0
이란,공용,2023-03-01,1.0
이란,공용,2023-04-01,0.0
이란,공용,2023-05-01,2.0
이란,공용,2023-06-01,5.0
이란,공용,2023-07-01,2.0
이란,공용,2023-08-01,2.0
이란,공용,2023-09-01,10.0
이란,공용,2023-10-01,16.0
이란,공용,2023-11-01,7.0
이란,공용,2023-12-01,3.0
이란,공용,2024-01-01,1.0
이란,공용,2024-02-01,1.0
이란,공용,2024-03-01,2.0
이란,공용,2024-04-01,6.0
이란,공용,2024-05-01,16.0
이란,공용,2024-06-01,2.0
이란,공용,2024-07-01,1.0
이란,공용,2024-08-01,5.0
이란,공용,2024-09-01,8.0
이란,공용,2024-10-01,6.0
이란,공용,2024-11-01,8.0
이란,공용,2024-12-01,4.0
이란,공용,2025-01-01,3.0
이란,공용,2025-02-01,0.0
이란,공용,2025-03-01,2.0
이란,공용,2025-04-01,0.0
이란,공용,2025-05-01,17.0
이란,관광,2005-01-01,29.0
이란,관광,2005-02-01,40.0
이란,관광,2005-03-01,87.0
이란,관광,2005-04-01,43.0
이란,관광,2005-05-01,135.0
이란,관광,2005-06-01,118.0
이란,관광,2005-07-01,63.0
이란,관광,2005-08-01,128.0
이란,관광,2005-09-01,142.0
이란,관광,2005-10-01,147.0
이란,관광,2005-11-01,89.0
이란,관광,2005-12-01,107.0
이란,관광,2006-01-01,23.0
이란,관광,2006-02-01,55.0
이란,관광,2006-03-01,65.0
이란,관광,2006-04-01,75.0
이란,관광,2006-05-01,116.0
이란,관광,2006-06-01,102.0
이란,관광,2006-07-01,111.0
이란,관광,2006-08-01,259.0
이란,관광,2006-09-01,213.0
이란,관광,2006-10-01,112.0
이란,관광,2006-11-01,118.0
이란,관광,2006-12-01,56.0
이란,관광,2007-01-01,18.0
이란,관광,2007-02-01,27.0
이란,관광,2007-03-01,114.0
이란,관광,2007-04-01,41.0
이란,관광,2007-05-01,67.0
이란,관광,2007-06-01,157.0
이란,관광,2007-07-01,104.0
이란,관광,2007-08-01,88.0
이란,관광,2007-09-01,204.0
이란,관광,2007-10-01,260.0
이란,관광,2007-11-01,138.0
이란,관광,2007-12-01,73.0
이란,관광,2008-01-01,38.0
이란,관광,2008-02-01,69.0
이란,관광,2008-03-01,193.0
이란,관광,2008-04-01,115.0
이란,관광,2008-05-01,135.0
이란,관광,2008-06-01,138.0
이란,관광,2008-07-01,205.0
이란,관광,2008-08-01,119.0
이란,관광,2008-09-01,373.0
이란,관광,2008-10-01,262.0
이란,관광,2008-11-01,132.0
이란,관광,2008-12-01,153.0
이란,관광,2009-01-01,82.0
이란,관광,2009-02-01,42.0
이란,관광,2009-03-01,190.0
이란,관광,2009-04-01,133.0
이란,관광,2009-05-01,102.0
이란,관광,2009-06-01,202.0
이란,관광,2009-07-01,134.0
이란,관광,2009-08-01,260.0
이란,관광,2009-09-01,212.0
이란,관광,2009-10-01,239.0
이란,관광,2009-11-01,114.0
이란,관광,2009-12-01,253.0
이란,관광,2010-01-01,69.0
이란,관광,2010-02-01,44.0
이란,관광,2010-03-01,223.0
이란,관광,2010-04-01,97.0
이란,관광,2010-05-01,186.0
이란,관광,2010-06-01,201.0
이란,관광,2010-07-01,219.0
이란,관광,2010-08-01,310.0
이란,관광,2010-09-01,311.0
이란,관광,2010-10-01,266.0
이란,관광,2010-11-01,116.0
이란,관광,2010-12-01,133.0
이란,관광,2011-01-01,42.0
이란,관광,2011-02-01,50.0
이란,관광,2011-03-01,215.0
이란,관광,2011-04-01,155.0
이란,관광,2011-05-01,277.0
이란,관광,2011-06-01,218.0
이란,관광,2011-07-01,196.0
이란,관광,2011-08-01,432.0
이란,관광,2011-09-01,334.0
이란,관광,2011-10-01,463.0
이란,관광,2011-11-01,148.0
이란,관광,2011-12-01,156.0
이란,관광,2012-01-01,64.0
이란,관광,2012-02-01,143.0
이란,관광,2012-03-01,146.0
이란,관광,2012-04-01,183.0
이란,관광,2012-05-01,455.0
이란,관광,2012-06-01,261.0
이란,관광,2012-07-01,184.0
이란,관광,2012-08-01,336.0
이란,관광,2012-09-01,244.0
이란,관광,2012-10-01,310.0
이란,관광,2012-11-01,173.0
이란,관광,2012-12-01,79.0
이란,관광,2013-01-01,71.0
이란,관광,2013-02-01,60.0
이란,관광,2013-03-01,164.0
이란,관광,2013-04-01,137.0
이란,관광,2013-05-01,188.0
이란,관광,2013-06-01,341.0
이란,관광,2013-07-01,174.0
이란,관광,2013-08-01,207.0
이란,관광,2013-09-01,224.0
이란,관광,2013-10-01,232.0
이란,관광,2013-11-01,100.0
이란,관광,2013-12-01,77.0
이란,관광,2014-01-01,63.0
이란,관광,2014-02-01,56.0
이란,관광,2014-03-01,279.0
이란,관광,2014-04-01,146.0
이란,관광,2014-05-01,147.0
이란,관광,2014-06-01,195.0
이란,관광,2014-07-01,183.0
이란,관광,2014-08-01,307.0
이란,관광,2014-09-01,906.0
이란,관광,2014-10-01,592.0
이란,관광,2014-11-01,133.0
이란,관광,2014-12-01,63.0
이란,관광,2015-01-01,37.0
이란,관광,2015-02-01,52.0
이란,관광,2015-03-01,213.0
이란,관광,2015-04-01,186.0
이란,관광,2015-05-01,208.0
이란,관광,2015-06-01,220.0
이란,관광,2015-07-01,205.0
이란,관광,2015-08-01,296.0
이란,관광,2015-09-01,283.0
이란,관광,2015-10-01,294.0
이란,관광,2015-11-01,200.0
이란,관광,2015-12-01,90.0
이란,관광,2016-01-01,61.0
이란,관광,2016-02-01,85.0
이란,관광,2016-03-01,302.0
이란,관광,2016-04-01,152.0
이란,관광,2016-05-01,167.0
이란,관광,2016-06-01,235.0
이란,관광,2016-07-01,363.0
이란,관광,2016-08-01,346.0
이란,관광,2016-09-01,327.0
이란,관광,2016-10-01,252.0
이란,관광,2016-11-01,291.0
이란,관광,2016-12-01,81.0
이란,관광,2017-01-01,99.0
이란,관광,2017-02-01,133.0
이란,관광,2017-03-01,340.0
이란,관광,2017-04-01,150.0
이란,관광,2017-05-01,228.0
이란,관광,2017-06-01,455.0
이란,관광,2017-07-01,331.0
이란,관광,2017-08-01,408.0
이란,관광,2017-09-01,462.0
이란,관광,2017-10-01,243.0
이란,관광,2017-11-01,253.0
이란,관광,2017-12-01,148.0
이란,관광,2018-01-01,116.0
이란,관광,2018-02-01,123.0
이란,관광,2018-03-01,429.0
이란,관광,2018-04-01,204.0
이란,관광,2018-05-01,279.0
이란,관광,2018-06-01,247.0
이란,관광,2018-07-01,312.0
이란,관광,2018-08-01,239.0
이란,관광,2018-09-01,276.0
이란,관광,2018-10-01,244.0
이란,관광,2018-11-01,99.0
이란,관광,2018-12-01,88.0
이란,관광,2019-01-01,60.0
이란,관광,2019-02-01,99.0
이란,관광,2019-03-01,195.0
이란,관광,2019-04-01,148.0
이란,관광,2019-05-01,146.0
이란,관광,2019-06-01,252.0
이란,관광,2019-07-01,178.0
이란,관광,2019-08-01,348.0
이란,관광,2019-09-01,281.0
이란,관광,2019-10-01,334.0
이란,관광,2019-11-01,279.0
이란,관광,2019-12-01,114.0
이란,관광,2020-01-01,57.0
이란,관광,2020-02-01,35.0
이란,관광,2020-03-01,9.0
이란,관광,2020-04-01,0.0
이란,관광,2020-05-01,1.0
이란,관광,2020-06-01,1.0
이란,관광,2020-07-01,0.0
이란,관광,2020-08-01,0.0
이란,관광,2020-09-01,0.0
이란,관광,2020-10-01,1.0
이란,관광,2020-11-01,0.0
이란,관광,2020-12-01,0.0
이란,관광,2021-01-01,3.0
이란,관광,2021-02-01,0.0
이란,관광,2021-03-01,2.0
이란,관광,2021-04-01,2.0
이란,관광,2021-05-01,3.0
이란,관광,2021-06-01,1.0
이란,관광,2021-07-01,3.0
이란,관광,2021-08-01,3.0
이란,관광,2021-09-01,6.0
이란,관광,2021-10-01,12.0
이란,관광,2021-11-01,24.0
이란,관광,2021-12-01,4.0
이란,관광,2022-01-01,12.0
이란,관광,2022-02-01,10.0
이란,관광,2022-03-01,57.0
이란,관광,2022-04-01,43.0
이란,관광,2022-05-01,91.0
이란,관광,2022-06-01,124.0
이란,관광,2022-07-01,60.0
이란,관광,2022-08-01,145.0
이란,관광,2022-09-01,136.0
이란,관광,2022-10-01,339.0
이란,관광,2022-11-01,197.0
이란,관광,2022-12-01,78.0
이란,관광,2023-01-01,36.0
이란,관광,2023-02-01,30.0
이란,관광,2023-03-01,160.0
이란,관광,2023-04-01,86.0
이란,관광,2023-05-01,201.0
이란,관광,2023-06-01,134.0
이란,관광,2023-07-01,144.0
이란,관광,2023-08-01,150.0
이란,관광,2023-09-01,335.0
이란,관광,2023-10-01,235.0
이란,관광,2023-11-01,160.0
이란,관광,2023-12-01,100.0
이란,관광,2024-01-01,71.0
이란,관광,2024-02-01,66.0
이란,관광,2024-03-01,382.0
이란,관광,2024-04-01,189.0
이란,관광,2024-05-01,249.0
이란,관광,2024-06-01,228.0
이란,관광,2024-07-01,188.0
이란,관광,2024-08-01,491.0
이란,관광,2024-09-01,298.0
이란,관광,2024-10-01,182.0
이란,관광,2024-11-01,191.0
이란,관광,2024-12-01,112.0
이란,관광,2025-01-01,98.0
이란,관광,2025-02-01,43.0
이란,관광,2025-03-01,525.0
이란,관광,2025-04-01,376.0
이란,관광,2025-05-01,218.0
이란,상용,2005-01-01,330.0
이란,상용,2005-02-01,181.0
이란,상용,2005-03-01,301.0
이란,상용,2005-04-01,219.0
이란,상용,2005-05-01,348.0
이란,상용,2005-06-01,169.0
이란,상용,2005-07-01,277.0
이란,상용,2005-08-01,212.0
이란,상용,2005-09-01,228.0
이란,상용,2005-10-01,273.0
이란,상용,2005-11-01,175.0
이란,상용,2005-12-01,155.0
이란,상용,2006-01-01,133.0
이란,상용,2006-02-01,125.0
이란,상용,2006-03-01,133.0
이란,상용,2006-04-01,153.0
이란,상용,2006-05-01,197.0
이란,상용,2006-06-01,113.0
이란,상용,2006-07-01,146.0
이란,상용,2006-08-01,179.0
이란,상용,2006-09-01,194.0
이란,상용,2006-10-01,194.0
이란,상용,2006-11-01,219.0
이란,상용,2006-12-01,201.0
이란,상용,2007-01-01,179.0
이란,상용,2007-02-01,154.0
이란,상용,2007-03-01,183.0
이란,상용,2007-04-01,187.0
이란,상용,2007-05-01,224.0
이란,상용,2007-06-01,204.0
이란,상용,2007-07-01,245.0
이란,상용,2007-08-01,149.0
이란,상용,2007-09-01,227.0
이란,상용,2007-10-01,318.0
이란,상용,2007-11-01,323.0
이란,상용,2007-12-01,223.0
이란,상용,2008-01-01,188.0
이란,상용,2008-02-01,197.0
이란,상용,2008-03-01,241.0
이란,상용,2008-04-01,267.0
이란,상용,2008-05-01,340.0
이란,상용,2008-06-01,319.0
이란,상용,2008-07-01,302.0
이란,상용,2008-08-01,204.0
이란,상용,2008-09-01,291.0
이란,상용,2008-10-01,321.0
이란,상용,2008-11-01,395.0
이란,상용,2008-12-01,347.0
이란,상용,2009-01-01,208.0
이란,상용,2009-02-01,322.0
이란,상용,2009-03-01,387.0
이란,상용,2009-04-01,215.0
이란,상용,2009-05-01,304.0
이란,상용,2009-06-01,267.0
이란,상용,2009-07-01,258.0
이란,상용,2009-08-01,273.0
이란,상용,2009-09-01,308.0
이란,상용,2009-10-01,445.0
이란,상용,2009-11-01,426.0
이란,상용,2009-12-01,342.0
이란,상용,2010-01-01,309.0
이란,상용,2010-02-01,271.0
이란,상용,2010-03-01,302.0
이란,상용,2010-04-01,428.0
이란,상용,2010-05-01,521.0
이란,상용,2010-06-01,426.0
이란,상용,2010-07-01,266.0
이란,상용,2010-08-01,321.0
이란,상용,2010-09-01,304.0
이란,상용,2010-10-01,442.0
이란,상용,2010-11-01,482.0
이란,상용,2010-12-01,337.0
이란,상용,2011-01-01,431.0
이란,상용,2011-02-01,299.0
이란,상용,2011-03-01,301.0
이란,상용,2011-04-01,365.0
이란,상용,2011-05-01,606.0
이란,상용,2011-06-01,424.0
이란,상용,2011-07-01,369.0
이란,상용,2011-08-01,330.0
이란,상용,2011-09-01,403.0
이란,상용,2011-10-01,422.0
이란,상용,2011-11-01,519.0
이란,상용,2011-12-01,334.0
이란,상용,2012-01-01,213.0
이란,상용,2012-02-01,272.0
이란,상용,2012-03-01,266.0
이란,상용,2012-04-01,219.0
이란,상용,2012-05-01,354.0
이란,상용,2012-06-01,350.0
이란,상용,2012-07-01,315.0
이란,상용,2012-08-01,265.0
이란,상용,2012-09-01,312.0
이란,상용,2012-10-01,325.0
이란,상용,2012-11-01,288.0
이란,상용,2012-12-01,220.0
이란,상용,2013-01-01,150.0
이란,상용,2013-02-01,221.0
이란,상용,2013-03-01,252.0
이란,상용,2013-04-01,204.0
이란,상용,2013-05-01,291.0
이란,상용,2013-06-01,276.0
이란,상용,2013-07-01,195.0
이란,상용,2013-08-01,144.0
이란,상용,2013-09-01,211.0
이란,상용,2013-10-01,341.0
이란,상용,2013-11-01,233.0
이란,상용,2013-12-01,169.0
이란,상용,2014-01-01,119.0
이란,상용,2014-02-01,157.0
이란,상용,2014-03-01,239.0
이란,상용,2014-04-01,163.0
이란,상용,2014-05-01,288.0
이란,상용,2014-06-01,233.0
이란,상용,2014-07-01,215.0
이란,상용,2014-08-01,205.0
이란,상용,2014-09-01,212.0
이란,상용,2014-10-01,296.0
이란,상용,2014-11-01,252.0
이란,상용,2014-12-01,214.0
이란,상용,2015-01-01,155.0
이란,상용,2015-02-01,150.0
이란,상용,2015-03-01,277.0
이란,상용,2015-04-01,158.0
이란,상용,2015-05-01,237.0
이란,상용,2015-06-01,124.0
이란,상용,2015-07-01,146.0
이란,상용,2015-08-01,212.0
이란,상용,2015-09-01,204.0
이란,상용,2015-10-01,344.0
이란,상용,2015-11-01,262.0
이란,상용,2015-12-01,181.0
이란,상용,2016-01-01,169.0
이란,상용,2016-02-01,205.0
이란,상용,2016-03-01,206.0
이란,상용,2016-04-01,277.0
이란,상용,2016-05-01,363.0
이란,상용,2016-06-01,217.0
이란,상용,2016-07-01,252.0
이란,상용,2016-08-01,299.0
이란,상용,2016-09-01,262.0
이란,상용,2016-10-01,382.0
이란,상용,2016-11-01,435.0
이란,상용,2016-12-01,224.0
이란,상용,2017-01-01,194.0
이란,상용,2017-02-01,275.0
이란,상용,2017-03-01,293.0
이란,상용,2017-04-01,245.0
이란,상용,2017-05-01,343.0
이란,상용,2017-06-01,224.0
이란,상용,2017-07-01,255.0
이란,상용,2017-08-01,288.0
이란,상용,2017-09-01,236.0
이란,상용,2017-10-01,358.0
이란,상용,2017-11-01,309.0
이란,상용,2017-12-01,270.0
이란,상용,2018-01-01,198.0
이란,상용,2018-02-01,184.0
이란,상용,2018-03-01,156.0
이란,상용,2018-04-01,244.0
이란,상용,2018-05-01,219.0
이란,상용,2018-06-01,144.0
이란,상용,2018-07-01,199.0
이란,상용,2018-08-01,123.0
이란,상용,2018-09-01,99.0
이란,상용,2018-10-01,107.0
이란,상용,2018-11-01,62.0
이란,상용,2018-12-01,57.0
이란,상용,2019-01-01,45.0
이란,상용,2019-02-01,67.0
이란,상용,2019-03-01,95.0
이란,상용,2019-04-01,79.0
이란,상용,2019-05-01,62.0
이란,상용,2019-06-01,52.0
이란,상용,2019-07-01,57.0
이란,상용,2019-08-01,29.0
이란,상용,2019-09-01,63.0
이란,상용,2019-10-01,87.0
이란,상용,2019-11-01,49.0
이란,상용,2019-12-01,69.0
이란,상용,2020-01-01,44.0
이란,상용,2020-02-01,25.0
이란,상용,2020-03-01,1.0
이란,상용,2020-04-01,2.0
이란,상용,2020-05-01,0.0
이란,상용,2020-06-01,0.0
이란,상용,2020-07-01,2.0
이란,상용,2020-08-01,3.0
이란,상용,2020-09-01,0.0
이란,상용,2020-10-01,2.0
이란,상용,2020-11-01,2.0
이란,상용,2020-12-01,0.0
이란,상용,2021-01-01,0.0
이란,상용,2021-02-01,2.0
이란,상용,2021-03-01,0.0
이란,상용,2021-04-01,1.0
이란,상용,2021-05-01,0.0
이란,상용,2021-06-01,1.0
이란,상용,2021-07-01,2.0
이란,상용,2021-08-01,1.0
이란,상용,2021-09-01,1.0
이란,상용,2021-10-01,1.0
이란,상용,2021-11-01,2.0
이란,상용,2021-12-01,0.0
이란,상용,2022-01-01,1.0
이란,상용,2022-02-01,3.0
이란,상용,2022-03-01,1.0
이란,상용,2022-04-01,2.0
이란,상용,2022-05-01,5.0
이란,상용,2022-06-01,12.0
이란,상용,2022-07-01,48.0
이란,상용,2022-08-01,49.0
이란,상용,2022-09-01,64.0
이란,상용,2022-10-01,30.0
이란,상용,2022-11-01,46.0
이란,상용,2022-12-01,54.0
이란,상용,2023-01-01,37.0
이란,상용,2023-02-01,33.0
이란,상용,2023-03-01,36.0
이란,상용,2023-04-01,70.0
이란,상용,2023-05-01,37.0
이란,상용,2023-06-01,45.0
이란,상용,2023-07-01,44.0
이란,상용,2023-08-01,40.0
이란,상용,2023-09-01,40.0
이란,상용,2023-10-01,57.0
이란,상용,2023-11-01,25.0
이란,상용,2023-12-01,74.0
이란,상용,2024-01-01,37.0
이란,상용,2024-02-01,29.0
이란,상용,2024-03-01,52.0
이란,상용,2024-04-01,47.0
이란,상용,2024-05-01,21.0
이란,상용,2024-06-01,39.0
이란,상용,2024-07-01,53.0
이란,상용,2024-08-01,42.0
이란,상용,2024-09-01,39.0
이란,상용,2024-10-01,35.0
이란,상용,2024-11-01,29.0
이란,상용,2024-12-01,31.0
이란,상용,2025-01-01,19.0
이란,상용,2025-02-01,24.0
이란,상용,2025-03-01,32.0
이란,상용,2025-04-01,20.0
이란,상용,2025-05-01,25.0
이란,유학연수,2005-01-01,2.0
이란,유학연수,2005-02-01,4.0
이란,유학연수,2005-03-01,1.0
이란,유학연수,2005-04-01,0.0
이란,유학연수,2005-05-01,0.0
이란,유학연수,2005-06-01,0.0
이란,유학연수,2005-07-01,4.0
이란,유학연수,2005-08-01,2.0
이란,유학연수,2005-09-01,2.0
이란,유학연수,2005-10-01,0.0
이란,유학연수,2005-11-01,1.0
이란,유학연수,2005-12-01,0.0
이란,유학연수,2006-01-01,1.0
이란,유학연수,2006-02-01,5.0
이란,유학연수,2006-03-01,4.0
이란,유학연수,2006-04-01,0.0
이란,유학연수,2006-05-01,0.0
이란,유학연수,2006-06-01,1.0
이란,유학연수,2006-07-01,2.0
이란,유학연수,2006-08-01,3.0
이란,유학연수,2006-09-01,2.0
이란,유학연수,2006-10-01,4.0
이란,유학연수,2006-11-01,0.0
이란,유학연수,2006-12-01,0.0
이란,유학연수,2007-01-01,3.0
이란,유학연수,2007-02-01,10.0
이란,유학연수,2007-03-01,4.0
이란,유학연수,2007-04-01,0.0
이란,유학연수,2007-05-01,0.0
이란,유학연수,2007-06-01,0.0
이란,유학연수,2007-07-01,1.0
이란,유학연수,2007-08-01,10.0
이란,유학연수,2007-09-01,4.0
이란,유학연수,2007-10-01,0.0
이란,유학연수,2007-11-01,1.0
이란,유학연수,2007-12-01,0.0
이란,유학연수,2008-01-01,5.0
이란,유학연수,2008-02-01,4.0
이란,유학연수,2008-03-01,5.0
이란,유학연수,2008-04-01,2.0
이란,유학연수,2008-05-01,0.0
이란,유학연수,2008-06-01,1.0
이란,유학연수,2008-07-01,4.0
이란,유학연수,2008-08-01,13.0
이란,유학연수,2008-09-01,5.0
이란,유학연수,2008-10-01,1.0
이란,유학연수,2008-11-01,4.0
이란,유학연수,2008-12-01,1.0
이란,유학연수,2009-01-01,3.0
이란,유학연수,2009-02-01,12.0
이란,유학연수,2009-03-01,6.0
이란,유학연수,2009-04-01,1.0
이란,유학연수,2009-05-01,4.0
이란,유학연수,2009-06-01,2.0
이란,유학연수,2009-07-01,3.0
이란,유학연수,2009-08-01,15.0
이란,유학연수,2009-09-01,19.0
이란,유학연수,2009-10-01,3.0
이란,유학연수,2009-11-01,2.0
이란,유학연수,2009-12-01,4.0
이란,유학연수,2010-01-01,3.0
이란,유학연수,2010-02-01,17.0
이란,유학연수,2010-03-01,16.0
이란,유학연수,2010-04-01,3.0
이란,유학연수,2010-05-01,8.0
이란,유학연수,2010-06-01,6.0
이란,유학연수,2010-07-01,7.0
이란,유학연수,2010-08-01,36.0
이란,유학연수,2010-09-01,10.0
이란,유학연수,2010-10-01,6.0
이란,유학연수,2010-11-01,8.0
이란,유학연수,2010-12-01,3.0
이란,유학연수,2011-01-01,13.0
이란,유학연수,2011-02-01,34.0
이란,유학연수,2011-03-01,23.0
이란,유학연수,2011-04-01,2.0
이란,유학연수,2011-05-01,6.0
이란,유학연수,2011-06-01,8.0
이란,유학연수,2011-07-01,19.0
이란,유학연수,2011-08-01,39.0
이란,유학연수,2011-09-01,28.0
이란,유학연수,2011-10-01,6.0
이란,유학연수,2011-11-01,7.0
이란,유학연수,2011-12-01,9.0
이란,유학연수,2012-01-01,14.0
이란,유학연수,2012-02-01,42.0
이란,유학연수,2012-03-01,17.0
이란,유학연수,2012-04-01,5.0
이란,유학연수,2012-05-01,7.0
이란,유학연수,2012-06-01,4.0
이란,유학연수,2012-07-01,19.0
이란,유학연수,2012-08-01,44.0
이란,유학연수,2012-09-01,40.0
이란,유학연수,2012-10-01,8.0
이란,유학연수,2012-11-01,8.0
이란,유학연수,2012-12-01,4.0
이란,유학연수,2013-01-01,12.0
이란,유학연수,2013-02-01,48.0
이란,유학연수,2013-03-01,23.0
이란,유학연수,2013-04-01,9.0
이란,유학연수,2013-05-01,13.0
이란,유학연수,2013-06-01,13.0
이란,유학연수,2013-07-01,16.0
이란,유학연수,2013-08-01,58.0
이란,유학연수,2013-09-01,36.0
이란,유학연수,2013-10-01,5.0
이란,유학연수,2013-11-01,10.0
이란,유학연수,2013-12-01,11.0
이란,유학연수,2014-01-01,14.0
이란,유학연수,2014-02-01,49.0
이란,유학연수,2014-03-01,29.0
이란,유학연수,2014-04-01,7.0
이란,유학연수,2014-05-01,9.0
이란,유학연수,2014-06-01,15.0
이란,유학연수,2014-07-01,31.0
이란,유학연수,2014-08-01,61.0
이란,유학연수,2014-09-01,31.0
이란,유학연수,2014-10-01,15.0
이란,유학연수,2014-11-01,13.0
이란,유학연수,2014-12-01,14.0
이란,유학연수,2015-01-01,17.0
이란,유학연수,2015-02-01,68.0
이란,유학연수,2015-03-01,35.0
이란,유학연수,2015-04-01,12.0
이란,유학연수,2015-05-01,9.0
이란,유학연수,2015-06-01,18.0
이란,유학연수,2015-07-01,13.0
이란,유학연수,2015-08-01,71.0
이란,유학연수,2015-09-01,30.0
이란,유학연수,2015-10-01,16.0
이란,유학연수,2015-11-01,10.0
이란,유학연수,2015-12-01,12.0
이란,유학연수,2016-01-01,17.0
이란,유학연수,2016-02-01,76.0
이란,유학연수,2016-03-01,25.0
이란,유학연수,2016-04-01,7.0
이란,유학연수,2016-05-01,10.0
이란,유학연수,2016-06-01,21.0
이란,유학연수,2016-07-01,25.0
이란,유학연수,2016-08-01,63.0
이란,유학연수,2016-09-01,44.0
이란,유학연수,2016-10-01,21.0
이란,유학연수,2016-11-01,12.0
이란,유학연수,2016-12-01,19.0
이란,유학연수,2017-01-01,26.0
이란,유학연수,2017-02-01,55.0
이란,유학연수,2017-03-01,36.0
이란,유학연수,2017-04-01,17.0
이란,유학연수,2017-05-01,25.0
이란,유학연수,2017-06-01,21.0
이란,유학연수,2017-07-01,23.0
이란,유학연수,2017-08-01,80.0
이란,유학연수,2017-09-01,54.0
이란,유학연수,2017-10-01,21.0
이란,유학연수,2017-11-01,21.0
이란,유학연수,2017-12-01,28.0
이란,유학연수,2018-01-01,17.0
이란,유학연수,2018-02-01,59.0
이란,유학연수,2018-03-01,40.0
이란,유학연수,2018-04-01,12.0
이란,유학연수,2018-05-01,13.0
이란,유학연수,2018-06-01,20.0
이란,유학연수,2018-07-01,26.0
이란,유학연수,2018-08-01,67.0
이란,유학연수,2018-09-01,39.0
이란,유학연수,2018-10-01,13.0
이란,유학연수,2018-11-01,9.0
이란,유학연수,2018-12-01,18.0
이란,유학연수,2019-01-01,23.0
이란,유학연수,2019-02-01,64.0
이란,유학연수,2019-03-01,30.0
이란,유학연수,2019-04-01,12.0
이란,유학연수,2019-05-01,13.0
이란,유학연수,2019-06-01,16.0
이란,유학연수,2019-07-01,26.0
이란,유학연수,2019-08-01,63.0
이란,유학연수,2019-09-01,42.0
이란,유학연수,2019-10-01,10.0
이란,유학연수,2019-11-01,26.0
이란,유학연수,2019-12-01,20.0
이란,유학연수,2020-01-01,20.0
이란,유학연수,2020-02-01,56.0
이란,유학연수,2020-03-01,12.0
이란,유학연수,2020-04-01,6.0
이란,유학연수,2020-05-01,2.0
이란,유학연수,2020-06-01,1.0
이란,유학연수,2020-07-01,3.0
이란,유학연수,2020-08-01,37.0
이란,유학연수,2020-09-01,16.0
이란,유학연수,2020-10-01,2.0
이란,유학연수,2020-11-01,11.0
이란,유학연수,2020-12-01,5.0
이란,유학연수,2021-01-01,5.0
이란,유학연수,2021-02-01,35.0
이란,유학연수,2021-03-01,16.0
이란,유학연수,2021-04-01,7.0
이란,유학연수,2021-05-01,11.0
이란,유학연수,2021-06-01,8.0
이란,유학연수,2021-07-01,4.0
이란,유학연수,2021-08-01,56.0
이란,유학연수,2021-09-01,13.0
이란,유학연수,2021-10-01,5.0
이란,유학연수,2021-11-01,13.0
이란,유학연수,2021-12-01,20.0
이란,유학연수,2022-01-01,20.0
이란,유학연수,2022-02-01,61.0
이란,유학연수,2022-03-01,15.0
이란,유학연수,2022-04-01,4.0
이란,유학연수,2022-05-01,9.0
이란,유학연수,2022-06-01,11.0
이란,유학연수,2022-07-01,22.0
이란,유학연수,2022-08-01,51.0
이란,유학연수,2022-09-01,41.0
이란,유학연수,2022-10-01,6.0
이란,유학연수,2022-11-01,16.0
이란,유학연수,2022-12-01,11.0
이란,유학연수,2023-01-01,16.0
이란,유학연수,2023-02-01,38.0
이란,유학연수,2023-03-01,14.0
이란,유학연수,2023-04-01,8.0
이란,유학연수,2023-05-01,13.0
이란,유학연수,2023-06-01,19.0
이란,유학연수,2023-07-01,25.0
이란,유학연수,2023-08-01,62.0
이란,유학연수,2023-09-01,32.0
이란,유학연수,2023-10-01,17.0
이란,유학연수,2023-11-01,19.0
이란,유학연수,2023-12-01,22.0
이란,유학연수,2024-01-01,24.0
이란,유학연수,2024-02-01,73.0
이란,유학연수,2024-03-01,30.0
이란,유학연수,2024-04-01,9.0
이란,유학연수,2024-05-01,11.0
이란,유학연수,2024-06-01,23.0
이란,유학연수,2024-07-01,27.0
이란,유학연수,2024-08-01,111.0
이란,유학연수,2024-09-01,34.0
이란,유학연수,2024-10-01,12.0
이란,유학연수,2024-11-01,21.0
이란,유학연수,2024-12-01,16.0
이란,유학연수,2025-01-01,21.0
이란,유학연수,2025-02-01,78.0
이란,유학연수,2025-03-01,34.0
이란,유학연수,2025-04-01,12.0
이란,유학연수,2025-05-01,16.0
이스라엘,공용,2005-01-01,2.0
이스라엘,공용,2005-02-01,2.0
이스라엘,공용,2005-03-01,0.0
이스라엘,공용,2005-04-01,1.0
이스라엘,공용,2005-05-01,1.0
이스라엘,공용,2005-06-01,1.0
이스라엘,공용,2005-07-01,0.0
이스라엘,공용,2005-08-01,7.0
이스라엘,공용,2005-09-01,1.0
이스라엘,공용,2005-10-01,0.0
이스라엘,공용,2005-11-01,3.0
이스라엘,공용,2005-12-01,2.0
이스라엘,공용,2006-01-01,1.0
이스라엘,공용,2006-02-01,1.0
이스라엘,공용,2006-03-01,1.0
이스라엘,공용,2006-04-01,2.0
이스라엘,공용,2006-05-01,1.0
이스라엘,공용,2006-06-01,0.0
이스라엘,공용,2006-07-01,1.0
이스라엘,공용,2006-08-01,3.0
이스라엘,공용,2006-09-01,2.0
이스라엘,공용,2006-10-01,0.0
이스라엘,공용,2006-11-01,0.0
이스라엘,공용,2006-12-01,0.0
이스라엘,공용,2007-01-01,1.0
이스라엘,공용,2007-02-01,2.0
이스라엘,공용,2007-03-01,2.0
이스라엘,공용,2007-04-01,0.0
이스라엘,공용,2007-05-01,0.0
이스라엘,공용,2007-06-01,0.0
이스라엘,공용,2007-07-01,1.0
이스라엘,공용,2007-08-01,1.0
이스라엘,공용,2007-09-01,2.0
이스라엘,공용,2007-10-01,0.0
이스라엘,공용,2007-11-01,0.0
이스라엘,공용,2007-12-01,3.0
이스라엘,공용,2008-01-01,0.0
이스라엘,공용,2008-02-01,0.0
이스라엘,공용,2008-03-01,2.0
이스라엘,공용,2008-04-01,0.0
이스라엘,공용,2008-05-01,1.0
이스라엘,공용,2008-06-01,1.0
이스라엘,공용,2008-07-01,0.0
이스라엘,공용,2008-08-01,1.0
이스라엘,공용,2008-09-01,0.0
이스라엘,공용,2008-10-01,0.0
이스라엘,공용,2008-11-01,0.0
이스라엘,공용,2008-12-01,0.0
이스라엘,공용,2009-01-01,0.0
이스라엘,공용,2009-02-01,0.0
이스라엘,공용,2009-03-01,0.0
이스라엘,공용,2009-04-01,4.0
이스라엘,공용,2009-05-01,0.0
이스라엘,공용,2009-06-01,0.0
이스라엘,공용,2009-07-01,0.0
이스라엘,공용,2009-08-01,4.0
이스라엘,공용,2009-09-01,0.0
이스라엘,공용,2009-10-01,1.0
이스라엘,공용,2009-11-01,0.0
이스라엘,공용,2009-12-01,0.0
이스라엘,공용,2010-01-01,0.0
이스라엘,공용,2010-02-01,2.0
이스라엘,공용,2010-03-01,0.0
이스라엘,공용,2010-04-01,0.0
이스라엘,공용,2010-05-01,0.0
이스라엘,공용,2010-06-01,3.0
이스라엘,공용,2010-07-01,1.0
이스라엘,공용,2010-08-01,1.0
이스라엘,공용,2010-09-01,0.0
이스라엘,공용,2010-10-01,0.0
이스라엘,공용,2010-11-01,1.0
이스라엘,공용,2010-12-01,0.0
이스라엘,공용,2011-01-01,0.0
이스라엘,공용,2011-02-01,1.0
이스라엘,공용,2011-03-01,0.0
이스라엘,공용,2011-04-01,0.0
이스라엘,공용,2011-05-01,0.0
이스라엘,공용,2011-06-01,1.0
이스라엘,공용,2011-07-01,0.0
이스라엘,공용,2011-08-01,1.0
이스라엘,공용,2011-09-01,0.0
이스라엘,공용,2011-10-01,2.0
이스라엘,공용,2011-11-01,2.0
이스라엘,공용,2011-12-01,3.0
이스라엘,공용,2012-01-01,1.0
이스라엘,공용,2012-02-01,2.0
이스라엘,공용,2012-03-01,6.0
이스라엘,공용,2012-04-01,7.0
이스라엘,공용,2012-05-01,6.0
이스라엘,공용,2012-06-01,3.0
이스라엘,공용,2012-07-01,13.0
이스라엘,공용,2012-08-01,5.0
이스라엘,공용,2012-09-01,3.0
이스라엘,공용,2012-10-01,13.0
이스라엘,공용,2012-11-01,3.0
이스라엘,공용,2012-12-01,4.0
이스라엘,공용,2013-01-01,3.0
이스라엘,공용,2013-02-01,1.0
이스라엘,공용,2013-03-01,6.0
이스라엘,공용,2013-04-01,2.0
이스라엘,공용,2013-05-01,9.0
이스라엘,공용,2013-06-01,3.0
이스라엘,공용,2013-07-01,1.0
이스라엘,공용,2013-08-01,11.0
이스라엘,공용,2013-09-01,5.0
이스라엘,공용,2013-10-01,4.0
이스라엘,공용,2013-11-01,2.0
이스라엘,공용,2013-12-01,2.0
이스라엘,공용,2014-01-01,0.0
이스라엘,공용,2014-02-01,3.0
이스라엘,공용,2014-03-01,3.0
이스라엘,공용,2014-04-01,3.0
이스라엘,공용,2014-05-01,2.0
이스라엘,공용,2014-06-01,3.0
이스라엘,공용,2014-07-01,1.0
이스라엘,공용,2014-08-01,1.0
이스라엘,공용,2014-09-01,2.0
이스라엘,공용,2014-10-01,0.0
이스라엘,공용,2014-11-01,0.0
이스라엘,공용,2014-12-01,0.0
이스라엘,공용,2015-01-01,0.0
이스라엘,공용,2015-02-01,0.0
이스라엘,공용,2015-03-01,0.0
이스라엘,공용,2015-04-01,1.0
이스라엘,공용,2015-05-01,0.0
이스라엘,공용,2015-06-01,0.0
이스라엘,공용,2015-07-01,0.0
이스라엘,공용,2015-08-01,3.0
이스라엘,공용,2015-09-01,0.0
이스라엘,공용,2015-10-01,0.0
이스라엘,공용,2015-11-01,0.0
이스라엘,공용,2015-12-01,0.0
이스라엘,공용,2016-01-01,0.0
이스라엘,공용,2016-02-01,0.0
이스라엘,공용,2016-03-01,1.0
이스라엘,공용,2016-04-01,0.0
이스라엘,공용,2016-05-01,0.0
이스라엘,공용,2016-06-01,0.0
이스라엘,공용,2016-07-01,1.0
이스라엘,공용,2016-08-01,0.0
이스라엘,공용,2016-09-01,0.0
이스라엘,공용,2016-10-01,0.0
이스라엘,공용,2016-11-01,0.0
이스라엘,공용,2016-12-01,0.0
이스라엘,공용,2017-01-01,0.0
이스라엘,공용,2017-02-01,0.0
이스라엘,공용,2017-03-01,0.0
이스라엘,공용,2017-04-01,0.0
이스라엘,공용,2017-05-01,1.0
이스라엘,공용,2017-06-01,0.0
이스라엘,공용,2017-07-01,1.0
이스라엘,공용,2017-08-01,0.0
이스라엘,공용,2017-09-01,0.0
이스라엘,공용,2017-10-01,0.0
이스라엘,공용,2017-11-01,0.0
이스라엘,공용,2017-12-01,0.0
이스라엘,공용,2018-01-01,0.0
이스라엘,공용,2018-02-01,0.0
이스라엘,공용,2018-03-01,0.0
이스라엘,공용,2018-04-01,0.0
이스라엘,공용,2018-05-01,0.0
이스라엘,공용,2018-06-01,0.0
이스라엘,공용,2018-07-01,0.0
이스라엘,공용,2018-08-01,0.0
이스라엘,공용,2018-09-01,0.0
이스라엘,공용,2018-10-01,0.0
이스라엘,공용,2018-11-01,0.0
이스라엘,공용,2018-12-01,0.0
이스라엘,공용,2019-01-01,0.0
이스라엘,공용,2019-02-01,1.0
이스라엘,공용,2019-03-01,1.0
이스라엘,공용,2019-04-01,0.0
이스라엘,공용,2019-05-01,0.0
이스라엘,공용,2019-06-01,1.0
이스라엘,공용,2019-07-01,4.0
이스라엘,공용,2019-08-01,1.0
이스라엘,공용,2019-09-01,1.0
이스라엘,공용,2019-10-01,5.0
이스라엘,공용,2019-11-01,2.0
이스라엘,공용,2019-12-01,2.0
이스라엘,공용,2020-01-01,2.0
이스라엘,공용,2020-02-01,1.0
이스라엘,공용,2020-03-01,0.0
이스라엘,공용,2020-04-01,2.0
이스라엘,공용,2020-05-01,1.0
이스라엘,공용,2020-06-01,0.0
이스라엘,공용,2020-07-01,0.0
이스라엘,공용,2020-08-01,0.0
이스라엘,공용,2020-09-01,0.0
이스라엘,공용,2020-10-01,0.0
이스라엘,공용,2020-11-01,0.0
이스라엘,공용,2020-12-01,0.0
이스라엘,공용,2021-01-01,0.0
이스라엘,공용,2021-02-01,0.0
이스라엘,공용,2021-03-01,0.0
이스라엘,공용,2021-04-01,1.0
이스라엘,공용,2021-05-01,9.0
이스라엘,공용,2021-06-01,0.0
이스라엘,공용,2021-07-01,6.0
이스라엘,공용,2021-08-01,0.0
이스라엘,공용,2021-09-01,0.0
이스라엘,공용,2021-10-01,1.0
이스라엘,공용,2021-11-01,4.0
이스라엘,공용,2021-12-01,0.0
이스라엘,공용,2022-01-01,0.0
이스라엘,공용,2022-02-01,0.0
이스라엘,공용,2022-03-01,1.0
이스라엘,공용,2022-04-01,0.0
이스라엘,공용,2022-05-01,0.0
이스라엘,공용,2022-06-01,0.0
이스라엘,공용,2022-07-01,0.0
이스라엘,공용,2022-08-01,1.0
이스라엘,공용,2022-09-01,1.0
이스라엘,공용,2022-10-01,0.0
이스라엘,공용,2022-11-01,0.0
이스라엘,공용,2022-12-01,0.0
이스라엘,공용,2023-01-01,0.0
이스라엘,공용,2023-02-01,0.0
이스라엘,공용,2023-03-01,0.0
이스라엘,공용,2023-04-01,0.0
이스라엘,공용,2023-05-01,2.0
이스라엘,공용,2023-06-01,0.0
이스라엘,공용,2023-07-01,0.0
이스라엘,공용,2023-08-01,2.0
이스라엘,공용,2023-09-01,14.0
이스라엘,공용,2023-10-01,4.0
이스라엘,공용,2023-11-01,5.0
이스라엘,공용,2023-12-01,7.0
이스라엘,공용,2024-01-01,2.0
이스라엘,공용,2024-02-01,3.0
이스라엘,공용,2024-03-01,16.0
이스라엘,공용,2024-04-01,6.0
이스라엘,공용,2024-05-01,4.0
이스라엘,공용,2024-06-01,8.0
이스라엘,공용,2024-07-01,5.0
이스라엘,공용,2024-08-01,7.0
이스라엘,공용,2024-09-01,19.0
이스라엘,공용,2024-10-01,12.0
이스라엘,공용,2024-11-01,12.0
이스라엘,공용,2024-12-01,24.0
이스라엘,공용,2025-01-01,2.0
이스라엘,공용,2025-02-01,7.0
이스라엘,공용,2025-03-01,16.0
이스라엘,공용,2025-04-01,15.0
이스라엘,공용,2025-05-01,12.0
이스라엘,관광,2005-01-01,492.0
이스라엘,관광,2005-02-01,403.0
이스라엘,관광,2005-03-01,525.0
이스라엘,관광,2005-04-01,422.0
이스라엘,관광,2005-05-01,570.0
이스라엘,관광,2005-06-01,523.0
이스라엘,관광,2005-07-01,552.0
이스라엘,관광,2005-08-01,538.0
이스라엘,관광,2005-09-01,610.0
이스라엘,관광,2005-10-01,575.0
이스라엘,관광,2005-11-01,644.0
이스라엘,관광,2005-12-01,446.0
이스라엘,관광,2006-01-01,393.0
이스라엘,관광,2006-02-01,480.0
이스라엘,관광,2006-03-01,540.0
이스라엘,관광,2006-04-01,497.0
이스라엘,관광,2006-05-01,608.0
이스라엘,관광,2006-06-01,454.0
이스라엘,관광,2006-07-01,442.0
이스라엘,관광,2006-08-01,497.0
이스라엘,관광,2006-09-01,541.0
이스라엘,관광,2006-10-01,623.0
이스라엘,관광,2006-11-01,544.0
이스라엘,관광,2006-12-01,439.0
이스라엘,관광,2007-01-01,558.0
이스라엘,관광,2007-02-01,441.0
이스라엘,관광,2007-03-01,607.0
이스라엘,관광,2007-04-01,506.0
이스라엘,관광,2007-05-01,592.0
이스라엘,관광,2007-06-01,526.0
이스라엘,관광,2007-07-01,569.0
이스라엘,관광,2007-08-01,529.0
이스라엘,관광,2007-09-01,349.0
이스라엘,관광,2007-10-01,732.0
이스라엘,관광,2007-11-01,573.0
이스라엘,관광,2007-12-01,403.0
이스라엘,관광,2008-01-01,543.0
이스라엘,관광,2008-02-01,359.0
이스라엘,관광,2008-03-01,577.0
이스라엘,관광,2008-04-01,517.0
이스라엘,관광,2008-05-01,548.0
이스라엘,관광,2008-06-01,523.0
이스라엘,관광,2008-07-01,521.0
이스라엘,관광,2008-08-01,437.0
이스라엘,관광,2008-09-01,539.0
이스라엘,관광,2008-10-01,907.0
이스라엘,관광,2008-11-01,667.0
이스라엘,관광,2008-12-01,612.0
이스라엘,관광,2009-01-01,616.0
이스라엘,관광,2009-02-01,659.0
이스라엘,관광,2009-03-01,730.0
이스라엘,관광,2009-04-01,658.0
이스라엘,관광,2009-05-01,624.0
이스라엘,관광,2009-06-01,615.0
이스라엘,관광,2009-07-01,624.0
이스라엘,관광,2009-08-01,824.0
이스라엘,관광,2009-09-01,844.0
이스라엘,관광,2009-10-01,1194.0
이스라엘,관광,2009-11-01,934.0
이스라엘,관광,2009-12-01,804.0
이스라엘,관광,2010-01-01,792.0
이스라엘,관광,2010-02-01,800.0
이스라엘,관광,2010-03-01,1158.0
이스라엘,관광,2010-04-01,1069.0
이스라엘,관광,2010-05-01,846.0
이스라엘,관광,2010-06-01,863.0
이스라엘,관광,2010-07-01,842.0
이스라엘,관광,2010-08-01,1008.0
이스라엘,관광,2010-09-01,837.0
이스라엘,관광,2010-10-01,1192.0
이스라엘,관광,2010-11-01,870.0
이스라엘,관광,2010-12-01,739.0
이스라엘,관광,2011-01-01,757.0
이스라엘,관광,2011-02-01,665.0
이스라엘,관광,2011-03-01,813.0
이스라엘,관광,2011-04-01,895.0
이스라엘,관광,2011-05-01,1021.0
이스라엘,관광,2011-06-01,643.0
이스라엘,관광,2011-07-01,695.0
이스라엘,관광,2011-08-01,729.0
이스라엘,관광,2011-09-01,1070.0
이스라엘,관광,2011-10-01,1403.0
이스라엘,관광,2011-11-01,934.0
이스라엘,관광,2011-12-01,774.0
이스라엘,관광,2012-01-01,787.0
이스라엘,관광,2012-02-01,893.0
이스라엘,관광,2012-03-01,1071.0
이스라엘,관광,2012-04-01,1004.0
이스라엘,관광,2012-05-01,878.0
이스라엘,관광,2012-06-01,865.0
이스라엘,관광,2012-07-01,953.0
이스라엘,관광,2012-08-01,942.0
이스라엘,관광,2012-09-01,993.0
이스라엘,관광,2012-10-01,1123.0
이스라엘,관광,2012-11-01,995.0
이스라엘,관광,2012-12-01,962.0
이스라엘,관광,2013-01-01,840.0
이스라엘,관광,2013-02-01,955.0
이스라엘,관광,2013-03-01,1160.0
이스라엘,관광,2013-04-01,1037.0
이스라엘,관광,2013-05-01,866.0
이스라엘,관광,2013-06-01,914.0
이스라엘,관광,2013-07-01,729.0
이스라엘,관광,2013-08-01,796.0
이스라엘,관광,2013-09-01,958.0
이스라엘,관광,2013-10-01,1105.0
이스라엘,관광,2013-11-01,804.0
이스라엘,관광,2013-12-01,774.0
이스라엘,관광,2014-01-01,815.0
이스라엘,관광,2014-02-01,745.0
이스라엘,관광,2014-03-01,1054.0
이스라엘,관광,2014-04-01,1225.0
이스라엘,관광,2014-05-01,1065.0
이스라엘,관광,2014-06-01,818.0
이스라엘,관광,2014-07-01,764.0
이스라엘,관광,2014-08-01,831.0
이스라엘,관광,2014-09-01,836.0
이스라엘,관광,2014-10-01,1425.0
이스라엘,관광,2014-11-01,913.0
이스라엘,관광,2014-12-01,897.0
이스라엘,관광,2015-01-01,747.0
이스라엘,관광,2015-02-01,768.0
이스라엘,관광,2015-03-01,1192.0
이스라엘,관광,2015-04-01,1334.0
이스라엘,관광,2015-05-01,1113.0
이스라엘,관광,2015-06-01,663.0
이스라엘,관광,2015-07-01,861.0
이스라엘,관광,2015-08-01,956.0
이스라엘,관광,2015-09-01,989.0
이스라엘,관광,2015-10-01,1477.0
이스라엘,관광,2015-11-01,927.0
이스라엘,관광,2015-12-01,777.0
이스라엘,관광,2016-01-01,832.0
이스라엘,관광,2016-02-01,659.0
이스라엘,관광,2016-03-01,1170.0
이스라엘,관광,2016-04-01,1194.0
이스라엘,관광,2016-05-01,1211.0
이스라엘,관광,2016-06-01,951.0
이스라엘,관광,2016-07-01,896.0
이스라엘,관광,2016-08-01,897.0
이스라엘,관광,2016-09-01,1233.0
이스라엘,관광,2016-10-01,1831.0
이스라엘,관광,2016-11-01,1038.0
이스라엘,관광,2016-12-01,705.0
이스라엘,관광,2017-01-01,827.0
이스라엘,관광,2017-02-01,758.0
이스라엘,관광,2017-03-01,1251.0
이스라엘,관광,2017-04-01,1815.0
이스라엘,관광,2017-05-01,933.0
이스라엘,관광,2017-06-01,769.0
이스라엘,관광,2017-07-01,1018.0
이스라엘,관광,2017-08-01,882.0
이스라엘,관광,2017-09-01,1234.0
이스라엘,관광,2017-10-01,1680.0
이스라엘,관광,2017-11-01,898.0
이스라엘,관광,2017-12-01,695.0
이스라엘,관광,2018-01-01,731.0
이스라엘,관광,2018-02-01,653.0
이스라엘,관광,2018-03-01,1442.0
이스라엘,관광,2018-04-01,1803.0
이스라엘,관광,2018-05-01,1212.0
이스라엘,관광,2018-06-01,822.0
이스라엘,관광,2018-07-01,1124.0
이스라엘,관광,2018-08-01,1095.0
이스라엘,관광,2018-09-01,1907.0
이스라엘,관광,2018-10-01,1688.0
이스라엘,관광,2018-11-01,1169.0
이스라엘,관광,2018-12-01,821.0
이스라엘,관광,2019-01-01,727.0
이스라엘,관광,2019-02-01,694.0
이스라엘,관광,2019-03-01,1549.0
이스라엘,관광,2019-04-01,2161.0
이스라엘,관광,2019-05-01,1331.0
이스라엘,관광,2019-06-01,879.0
이스라엘,관광,2019-07-01,1274.0
이스라엘,관광,2019-08-01,1029.0
이스라엘,관광,2019-09-01,1779.0
이스라엘,관광,2019-10-01,2729.0
이스라엘,관광,2019-11-01,1369.0
이스라엘,관광,2019-12-01,788.0
이스라엘,관광,2020-01-01,723.0
이스라엘,관광,2020-02-01,329.0
이스라엘,관광,2020-03-01,61.0
이스라엘,관광,2020-04-01,1.0
이스라엘,관광,2020-05-01,0.0
이스라엘,관광,2020-06-01,1.0
이스라엘,관광,2020-07-01,1.0
이스라엘,관광,2020-08-01,0.0
이스라엘,관광,2020-09-01,0.0
이스라엘,관광,2020-10-01,0.0
이스라엘,관광,2020-11-01,1.0
이스라엘,관광,2020-12-01,3.0
이스라엘,관광,2021-01-01,1.0
이스라엘,관광,2021-02-01,0.0
이스라엘,관광,2021-03-01,2.0
이스라엘,관광,2021-04-01,1.0
이스라엘,관광,2021-05-01,16.0
이스라엘,관광,2021-06-01,10.0
이스라엘,관광,2021-07-01,12.0
이스라엘,관광,2021-08-01,8.0
이스라엘,관광,2021-09-01,3.0
이스라엘,관광,2021-10-01,73.0
이스라엘,관광,2021-11-01,30.0
이스라엘,관광,2021-12-01,16.0
이스라엘,관광,2022-01-01,7.0
이스라엘,관광,2022-02-01,9.0
이스라엘,관광,2022-03-01,38.0
이스라엘,관광,2022-04-01,193.0
이스라엘,관광,2022-05-01,406.0
이스라엘,관광,2022-06-01,389.0
이스라엘,관광,2022-07-01,435.0
이스라엘,관광,2022-08-01,412.0
이스라엘,관광,2022-09-01,1119.0
이스라엘,관광,2022-10-01,1348.0
이스라엘,관광,2022-11-01,815.0
이스라엘,관광,2022-12-01,400.0
이스라엘,관광,2023-01-01,337.0
이스라엘,관광,2023-02-01,343.0
이스라엘,관광,2023-03-01,1509.0
이스라엘,관광,2023-04-01,2226.0
이스라엘,관광,2023-05-01,1525.0
이스라엘,관광,2023-06-01,1000.0
이스라엘,관광,2023-07-01,1088.0
이스라엘,관광,2023-08-01,1377.0
이스라엘,관광,2023-09-01,1817.0
이스라엘,관광,2023-10-01,902.0
이스라엘,관광,2023-11-01,362.0
이스라엘,관광,2023-12-01,269.0
이스라엘,관광,2024-01-01,417.0
이스라엘,관광,2024-02-01,334.0
이스라엘,관광,2024-03-01,1001.0
이스라엘,관광,2024-04-01,1582.0
이스라엘,관광,2024-05-01,1511.0
이스라엘,관광,2024-06-01,867.0
이스라엘,관광,2024-07-01,1070.0
이스라엘,관광,2024-08-01,1147.0
이스라엘,관광,2024-09-01,1560.0
이스라엘,관광,2024-10-01,2743.0
이스라엘,관광,2024-11-01,1301.0
이스라엘,관광,2024-12-01,516.0
이스라엘,관광,2025-01-01,425.0
이스라엘,관광,2025-02-01,599.0
이스라엘,관광,2025-03-01,1975.0
이스라엘,관광,2025-04-01,2993.0
이스라엘,관광,2025-05-01,2139.0
이스라엘,상용,2005-01-01,11.0
이스라엘,상용,2005-02-01,6.0
이스라엘,상용,2005-03-01,7.0
이스라엘,상용,2005-04-01,8.0
이스라엘,상용,2005-05-01,12.0
이스라엘,상용,2005-06-01,10.0
이스라엘,상용,2005-07-01,14.0
이스라엘,상용,2005-08-01,6.0
이스라엘,상용,2005-09-01,7.0
이스라엘,상용,2005-10-01,10.0
이스라엘,상용,2005-11-01,8.0
이스라엘,상용,2005-12-01,3.0
이스라엘,상용,2006-01-01,7.0
이스라엘,상용,2006-02-01,8.0
이스라엘,상용,2006-03-01,9.0
이스라엘,상용,2006-04-01,6.0
이스라엘,상용,2006-05-01,4.0
이스라엘,상용,2006-06-01,8.0
이스라엘,상용,2006-07-01,5.0
이스라엘,상용,2006-08-01,6.0
이스라엘,상용,2006-09-01,3.0
이스라엘,상용,2006-10-01,10.0
이스라엘,상용,2006-11-01,9.0
이스라엘,상용,2006-12-01,7.0
이스라엘,상용,2007-01-01,7.0
이스라엘,상용,2007-02-01,8.0
이스라엘,상용,2007-03-01,10.0
이스라엘,상용,2007-04-01,10.0
이스라엘,상용,2007-05-01,13.0
이스라엘,상용,2007-06-01,8.0
이스라엘,상용,2007-07-01,9.0
이스라엘,상용,2007-08-01,8.0
이스라엘,상용,2007-09-01,11.0
이스라엘,상용,2007-10-01,8.0
이스라엘,상용,2007-11-01,7.0
이스라엘,상용,2007-12-01,8.0
이스라엘,상용,2008-01-01,16.0
이스라엘,상용,2008-02-01,6.0
이스라엘,상용,2008-03-01,17.0
이스라엘,상용,2008-04-01,7.0
이스라엘,상용,2008-05-01,11.0
이스라엘,상용,2008-06-01,15.0
이스라엘,상용,2008-07-01,8.0
이스라엘,상용,2008-08-01,12.0
이스라엘,상용,2008-09-01,10.0
이스라엘,상용,2008-10-01,6.0
이스라엘,상용,2008-11-01,4.0
이스라엘,상용,2008-12-01,6.0
이스라엘,상용,2009-01-01,10.0
이스라엘,상용,2009-02-01,8.0
이스라엘,상용,2009-03-01,6.0
이스라엘,상용,2009-04-01,5.0
이스라엘,상용,2009-05-01,3.0
이스라엘,상용,2009-06-01,4.0
이스라엘,상용,2009-07-01,3.0
이스라엘,상용,2009-08-01,9.0
이스라엘,상용,2009-09-01,5.0
이스라엘,상용,2009-10-01,9.0
이스라엘,상용,2009-11-01,5.0
이스라엘,상용,2009-12-01,6.0
이스라엘,상용,2010-01-01,11.0
이스라엘,상용,2010-02-01,5.0
이스라엘,상용,2010-03-01,7.0
이스라엘,상용,2010-04-01,12.0
이스라엘,상용,2010-05-01,10.0
이스라엘,상용,2010-06-01,6.0
이스라엘,상용,2010-07-01,9.0
이스라엘,상용,2010-08-01,7.0
이스라엘,상용,2010-09-01,10.0
이스라엘,상용,2010-10-01,7.0
이스라엘,상용,2010-11-01,6.0
이스라엘,상용,2010-12-01,5.0
이스라엘,상용,2011-01-01,15.0
이스라엘,상용,2011-02-01,6.0
이스라엘,상용,2011-03-01,9.0
이스라엘,상용,2011-04-01,7.0
이스라엘,상용,2011-05-01,5.0
이스라엘,상용,2011-06-01,6.0
이스라엘,상용,2011-07-01,9.0
이스라엘,상용,2011-08-01,6.0
이스라엘,상용,2011-09-01,5.0
이스라엘,상용,2011-10-01,4.0
이스라엘,상용,2011-11-01,6.0
이스라엘,상용,2011-12-01,8.0
이스라엘,상용,2012-01-01,6.0
이스라엘,상용,2012-02-01,3.0
이스라엘,상용,2012-03-01,4.0
이스라엘,상용,2012-04-01,4.0
이스라엘,상용,2012-05-01,0.0
이스라엘,상용,2012-06-01,4.0
이스라엘,상용,2012-07-01,4.0
이스라엘,상용,2012-08-01,3.0
이스라엘,상용,2012-09-01,4.0
이스라엘,상용,2012-10-01,1.0
이스라엘,상용,2012-11-01,5.0
이스라엘,상용,2012-12-01,6.0
이스라엘,상용,2013-01-01,11.0
이스라엘,상용,2013-02-01,2.0
이스라엘,상용,2013-03-01,1.0
이스라엘,상용,2013-04-01,3.0
이스라엘,상용,2013-05-01,1.0
이스라엘,상용,2013-06-01,4.0
이스라엘,상용,2013-07-01,3.0
이스라엘,상용,2013-08-01,4.0
이스라엘,상용,2013-09-01,2.0
이스라엘,상용,2013-10-01,5.0
이스라엘,상용,2013-11-01,6.0
이스라엘,상용,2013-12-01,5.0
이스라엘,상용,2014-01-01,5.0
이스라엘,상용,2014-02-01,4.0
이스라엘,상용,2014-03-01,5.0
이스라엘,상용,2014-04-01,2.0
이스라엘,상용,2014-05-01,4.0
이스라엘,상용,2014-06-01,3.0
이스라엘,상용,2014-07-01,6.0
이스라엘,상용,2014-08-01,6.0
이스라엘,상용,2014-09-01,15.0
이스라엘,상용,2014-10-01,7.0
이스라엘,상용,2014-11-01,6.0
이스라엘,상용,2014-12-01,4.0
이스라엘,상용,2015-01-01,4.0
이스라엘,상용,2015-02-01,6.0
이스라엘,상용,2015-03-01,7.0
이스라엘,상용,2015-04-01,8.0
이스라엘,상용,2015-05-01,10.0
이스라엘,상용,2015-06-01,5.0
이스라엘,상용,2015-07-01,7.0
이스라엘,상용,2015-08-01,4.0
이스라엘,상용,2015-09-01,3.0
이스라엘,상용,2015-10-01,10.0
이스라엘,상용,2015-11-01,7.0
이스라엘,상용,2015-12-01,4.0
이스라엘,상용,2016-01-01,11.0
이스라엘,상용,2016-02-01,7.0
이스라엘,상용,2016-03-01,6.0
이스라엘,상용,2016-04-01,5.0
이스라엘,상용,2016-05-01,15.0
이스라엘,상용,2016-06-01,14.0
이스라엘,상용,2016-07-01,11.0
이스라엘,상용,2016-08-01,8.0
이스라엘,상용,2016-09-01,5.0
이스라엘,상용,2016-10-01,9.0
이스라엘,상용,2016-11-01,7.0
이스라엘,상용,2016-12-01,5.0
이스라엘,상용,2017-01-01,6.0
이스라엘,상용,2017-02-01,5.0
이스라엘,상용,2017-03-01,9.0
이스라엘,상용,2017-04-01,7.0
이스라엘,상용,2017-05-01,6.0
이스라엘,상용,2017-06-01,6.0
이스라엘,상용,2017-07-01,6.0
이스라엘,상용,2017-08-01,5.0
이스라엘,상용,2017-09-01,7.0
이스라엘,상용,2017-10-01,8.0
이스라엘,상용,2017-11-01,5.0
이스라엘,상용,2017-12-01,4.0
이스라엘,상용,2018-01-01,8.0
이스라엘,상용,2018-02-01,4.0
이스라엘,상용,2018-03-01,9.0
이스라엘,상용,2018-04-01,6.0
이스라엘,상용,2018-05-01,5.0
이스라엘,상용,2018-06-01,4.0
이스라엘,상용,2018-07-01,6.0
이스라엘,상용,2018-08-01,8.0
이스라엘,상용,2018-09-01,5.0
이스라엘,상용,2018-10-01,12.0
이스라엘,상용,2018-11-01,12.0
이스라엘,상용,2018-12-01,6.0
이스라엘,상용,2019-01-01,12.0
이스라엘,상용,2019-02-01,15.0
이스라엘,상용,2019-03-01,11.0
이스라엘,상용,2019-04-01,11.0
이스라엘,상용,2019-05-01,9.0
이스라엘,상용,2019-06-01,10.0
이스라엘,상용,2019-07-01,8.0
이스라엘,상용,2019-08-01,10.0
이스라엘,상용,2019-09-01,11.0
이스라엘,상용,2019-10-01,12.0
이스라엘,상용,2019-11-01,7.0
이스라엘,상용,2019-12-01,9.0
이스라엘,상용,2020-01-01,13.0
이스라엘,상용,2020-02-01,4.0
이스라엘,상용,2020-03-01,2.0
이스라엘,상용,2020-04-01,2.0
이스라엘,상용,2020-05-01,2.0
이스라엘,상용,2020-06-01,2.0
이스라엘,상용,2020-07-01,1.0
이스라엘,상용,2020-08-01,7.0
이스라엘,상용,2020-09-01,3.0
이스라엘,상용,2020-10-01,5.0
이스라엘,상용,2020-11-01,21.0
이스라엘,상용,2020-12-01,3.0
이스라엘,상용,2021-01-01,4.0
이스라엘,상용,2021-02-01,0.0
이스라엘,상용,2021-03-01,2.0
이스라엘,상용,2021-04-01,19.0
이스라엘,상용,2021-05-01,11.0
이스라엘,상용,2021-06-01,23.0
이스라엘,상용,2021-07-01,14.0
이스라엘,상용,2021-08-01,2.0
이스라엘,상용,2021-09-01,16.0
이스라엘,상용,2021-10-01,31.0
이스라엘,상용,2021-11-01,35.0
이스라엘,상용,2021-12-01,36.0
이스라엘,상용,2022-01-01,13.0
이스라엘,상용,2022-02-01,18.0
이스라엘,상용,2022-03-01,33.0
이스라엘,상용,2022-04-01,15.0
이스라엘,상용,2022-05-01,6.0
이스라엘,상용,2022-06-01,11.0
이스라엘,상용,2022-07-01,6.0
이스라엘,상용,2022-08-01,3.0
이스라엘,상용,2022-09-01,5.0
이스라엘,상용,2022-10-01,8.0
이스라엘,상용,2022-11-01,5.0
이스라엘,상용,2022-12-01,3.0
이스라엘,상용,2023-01-01,9.0
이스라엘,상용,2023-02-01,5.0
이스라엘,상용,2023-03-01,6.0
이스라엘,상용,2023-04-01,5.0
이스라엘,상용,2023-05-01,8.0
이스라엘,상용,2023-06-01,2.0
이스라엘,상용,2023-07-01,7.0
이스라엘,상용,2023-08-01,7.0
이스라엘,상용,2023-09-01,4.0
이스라엘,상용,2023-10-01,6.0
이스라엘,상용,2023-11-01,5.0
이스라엘,상용,2023-12-01,10.0
이스라엘,상용,2024-01-01,7.0
이스라엘,상용,2024-02-01,3.0
이스라엘,상용,2024-03-01,6.0
이스라엘,상용,2024-04-01,7.0
이스라엘,상용,2024-05-01,6.0
이스라엘,상용,2024-06-01,4.0
이스라엘,상용,2024-07-01,6.0
이스라엘,상용,2024-08-01,3.0
이스라엘,상용,2024-09-01,9.0
이스라엘,상용,2024-10-01,6.0
이스라엘,상용,2024-11-01,5.0
이스라엘,상용,2024-12-01,5.0
이스라엘,상용,2025-01-01,5.0
이스라엘,상용,2025-02-01,10.0
이스라엘,상용,2025-03-01,5.0
이스라엘,상용,2025-04-01,7.0
이스라엘,상용,2025-05-01,14.0
이스라엘,유학연수,2005-01-01,0.0
이스라엘,유학연수,2005-02-01,2.0
이스라엘,유학연수,2005-03-01,2.0
이스라엘,유학연수,2005-04-01,0.0
이스라엘,유학연수,2005-05-01,0.0
이스라엘,유학연수,2005-06-01,0.0
이스라엘,유학연수,2005-07-01,0.0
이스라엘,유학연수,2005-08-01,3.0
이스라엘,유학연수,2005-09-01,1.0
이스라엘,유학연수,2005-10-01,0.0
이스라엘,유학연수,2005-11-01,1.0
이스라엘,유학연수,2005-12-01,0.0
이스라엘,유학연수,2006-01-01,0.0
이스라엘,유학연수,2006-02-01,5.0
이스라엘,유학연수,2006-03-01,2.0
이스라엘,유학연수,2006-04-01,1.0
이스라엘,유학연수,2006-05-01,1.0
이스라엘,유학연수,2006-06-01,0.0
이스라엘,유학연수,2006-07-01,0.0
이스라엘,유학연수,2006-08-01,4.0
이스라엘,유학연수,2006-09-01,1.0
이스라엘,유학연수,2006-10-01,0.0
이스라엘,유학연수,2006-11-01,0.0
이스라엘,유학연수,2006-12-01,0.0
이스라엘,유학연수,2007-01-01,0.0
이스라엘,유학연수,2007-02-01,3.0
이스라엘,유학연수,2007-03-01,0.0
이스라엘,유학연수,2007-04-01,0.0
이스라엘,유학연수,2007-05-01,0.0
이스라엘,유학연수,2007-06-01,0.0
이스라엘,유학연수,2007-07-01,0.0
이스라엘,유학연수,2007-08-01,4.0
이스라엘,유학연수,2007-09-01,2.0
이스라엘,유학연수,2007-10-01,0.0
이스라엘,유학연수,2007-11-01,0.0
이스라엘,유학연수,2007-12-01,0.0
이스라엘,유학연수,2008-01-01,2.0
이스라엘,유학연수,2008-02-01,4.0
이스라엘,유학연수,2008-03-01,0.0
이스라엘,유학연수,2008-04-01,0.0
이스라엘,유학연수,2008-05-01,1.0
이스라엘,유학연수,2008-06-01,1.0
이스라엘,유학연수,2008-07-01,2.0
이스라엘,유학연수,2008-08-01,3.0
이스라엘,유학연수,2008-09-01,0.0
이스라엘,유학연수,2008-10-01,1.0
이스라엘,유학연수,2008-11-01,0.0
이스라엘,유학연수,2008-12-01,0.0
이스라엘,유학연수,2009-01-01,0.0
이스라엘,유학연수,2009-02-01,4.0
이스라엘,유학연수,2009-03-01,1.0
이스라엘,유학연수,2009-04-01,0.0
이스라엘,유학연수,2009-05-01,1.0
이스라엘,유학연수,2009-06-01,0.0
이스라엘,유학연수,2009-07-01,1.0
이스라엘,유학연수,2009-08-01,4.0
이스라엘,유학연수,2009-09-01,1.0
이스라엘,유학연수,2009-10-01,1.0
이스라엘,유학연수,2009-11-01,1.0
이스라엘,유학연수,2009-12-01,0.0
이스라엘,유학연수,2010-01-01,0.0
이스라엘,유학연수,2010-02-01,3.0
이스라엘,유학연수,2010-03-01,4.0
이스라엘,유학연수,2010-04-01,3.0
이스라엘,유학연수,2010-05-01,0.0
이스라엘,유학연수,2010-06-01,3.0
이스라엘,유학연수,2010-07-01,2.0
이스라엘,유학연수,2010-08-01,3.0
이스라엘,유학연수,2010-09-01,4.0
이스라엘,유학연수,2010-10-01,1.0
이스라엘,유학연수,2010-11-01,2.0
이스라엘,유학연수,2010-12-01,0.0
이스라엘,유학연수,2011-01-01,6.0
이스라엘,유학연수,2011-02-01,6.0
이스라엘,유학연수,2011-03-01,2.0
이스라엘,유학연수,2011-04-01,1.0
이스라엘,유학연수,2011-05-01,1.0
이스라엘,유학연수,2011-06-01,1.0
이스라엘,유학연수,2011-07-01,1.0
이스라엘,유학연수,2011-08-01,8.0
이스라엘,유학연수,2011-09-01,1.0
이스라엘,유학연수,2011-10-01,1.0
이스라엘,유학연수,2011-11-01,1.0
이스라엘,유학연수,2011-12-01,0.0
이스라엘,유학연수,2012-01-01,4.0
이스라엘,유학연수,2012-02-01,6.0
이스라엘,유학연수,2012-03-01,1.0
이스라엘,유학연수,2012-04-01,0.0
이스라엘,유학연수,2012-05-01,0.0
이스라엘,유학연수,2012-06-01,3.0
이스라엘,유학연수,2012-07-01,0.0
이스라엘,유학연수,2012-08-01,8.0
이스라엘,유학연수,2012-09-01,2.0
이스라엘,유학연수,2012-10-01,3.0
이스라엘,유학연수,2012-11-01,2.0
이스라엘,유학연수,2012-12-01,2.0
이스라엘,유학연수,2013-01-01,4.0
이스라엘,유학연수,2013-02-01,5.0
이스라엘,유학연수,2013-03-01,3.0
이스라엘,유학연수,2013-04-01,1.0
이스라엘,유학연수,2013-05-01,0.0
이스라엘,유학연수,2013-06-01,1.0
이스라엘,유학연수,2013-07-01,0.0
이스라엘,유학연수,2013-08-01,10.0
이스라엘,유학연수,2013-09-01,4.0
이스라엘,유학연수,2013-10-01,1.0
이스라엘,유학연수,2013-11-01,3.0
이스라엘,유학연수,2013-12-01,2.0
이스라엘,유학연수,2014-01-01,1.0
이스라엘,유학연수,2014-02-01,5.0
이스라엘,유학연수,2014-03-01,0.0
이스라엘,유학연수,2014-04-01,1.0
이스라엘,유학연수,2014-05-01,2.0
이스라엘,유학연수,2014-06-01,2.0
이스라엘,유학연수,2014-07-01,0.0
이스라엘,유학연수,2014-08-01,19.0
이스라엘,유학연수,2014-09-01,4.0
이스라엘,유학연수,2014-10-01,3.0
이스라엘,유학연수,2014-11-01,3.0
이스라엘,유학연수,2014-12-01,2.0
이스라엘,유학연수,2015-01-01,8.0
이스라엘,유학연수,2015-02-01,7.0
이스라엘,유학연수,2015-03-01,3.0
이스라엘,유학연수,2015-04-01,1.0
이스라엘,유학연수,2015-05-01,2.0
이스라엘,유학연수,2015-06-01,4.0
이스라엘,유학연수,2015-07-01,1.0
이스라엘,유학연수,2015-08-01,19.0
이스라엘,유학연수,2015-09-01,1.0
이스라엘,유학연수,2015-10-01,2.0
이스라엘,유학연수,2015-11-01,2.0
이스라엘,유학연수,2015-12-01,3.0
이스라엘,유학연수,2016-01-01,8.0
이스라엘,유학연수,2016-02-01,15.0
이스라엘,유학연수,2016-03-01,3.0
이스라엘,유학연수,2016-04-01,2.0
이스라엘,유학연수,2016-05-01,3.0
이스라엘,유학연수,2016-06-01,2.0
이스라엘,유학연수,2016-07-01,4.0
이스라엘,유학연수,2016-08-01,20.0
이스라엘,유학연수,2016-09-01,4.0
이스라엘,유학연수,2016-10-01,6.0
이스라엘,유학연수,2016-11-01,4.0
이스라엘,유학연수,2016-12-01,3.0
이스라엘,유학연수,2017-01-01,4.0
이스라엘,유학연수,2017-02-01,12.0
이스라엘,유학연수,2017-03-01,3.0
이스라엘,유학연수,2017-04-01,3.0
이스라엘,유학연수,2017-05-01,8.0
이스라엘,유학연수,2017-06-01,5.0
이스라엘,유학연수,2017-07-01,5.0
이스라엘,유학연수,2017-08-01,18.0
이스라엘,유학연수,2017-09-01,9.0
이스라엘,유학연수,2017-10-01,10.0
이스라엘,유학연수,2017-11-01,7.0
이스라엘,유학연수,2017-12-01,0.0
이스라엘,유학연수,2018-01-01,3.0
이스라엘,유학연수,2018-02-01,11.0
이스라엘,유학연수,2018-03-01,2.0
이스라엘,유학연수,2018-04-01,3.0
이스라엘,유학연수,2018-05-01,2.0
이스라엘,유학연수,2018-06-01,2.0
이스라엘,유학연수,2018-07-01,2.0
이스라엘,유학연수,2018-08-01,28.0
이스라엘,유학연수,2018-09-01,8.0
이스라엘,유학연수,2018-10-01,5.0
이스라엘,유학연수,2018-11-01,5.0
이스라엘,유학연수,2018-12-01,10.0
이스라엘,유학연수,2019-01-01,9.0
이스라엘,유학연수,2019-02-01,14.0
이스라엘,유학연수,2019-03-01,1.0
이스라엘,유학연수,2019-04-01,2.0
이스라엘,유학연수,2019-05-01,3.0
이스라엘,유학연수,2019-06-01,1.0
이스라엘,유학연수,2019-07-01,4.0
이스라엘,유학연수,2019-08-01,17.0
이스라엘,유학연수,2019-09-01,3.0
이스라엘,유학연수,2019-10-01,3.0
이스라엘,유학연수,2019-11-01,3.0
이스라엘,유학연수,2019-12-01,5.0
이스라엘,유학연수,2020-01-01,5.0
이스라엘,유학연수,2020-02-01,8.0
이스라엘,유학연수,2020-03-01,3.0
이스라엘,유학연수,2020-04-01,0.0
이스라엘,유학연수,2020-05-01,1.0
이스라엘,유학연수,2020-06-01,0.0
이스라엘,유학연수,2020-07-01,0.0
이스라엘,유학연수,2020-08-01,11.0
이스라엘,유학연수,2020-09-01,1.0
이스라엘,유학연수,2020-10-01,0.0
이스라엘,유학연수,2020-11-01,4.0
이스라엘,유학연수,2020-12-01,4.0
이스라엘,유학연수,2021-01-01,1.0
이스라엘,유학연수,2021-02-01,6.0
이스라엘,유학연수,2021-03-01,0.0
이스라엘,유학연수,2021-04-01,1.0
이스라엘,유학연수,2021-05-01,4.0
이스라엘,유학연수,2021-06-01,2.0
이스라엘,유학연수,2021-07-01,1.0
이스라엘,유학연수,2021-08-01,17.0
이스라엘,유학연수,2021-09-01,1.0
이스라엘,유학연수,2021-10-01,0.0
이스라엘,유학연수,2021-11-01,5.0
이스라엘,유학연수,2021-12-01,0.0
이스라엘,유학연수,2022-01-01,8.0
이스라엘,유학연수,2022-02-01,18.0
이스라엘,유학연수,2022-03-01,2.0
이스라엘,유학연수,2022-04-01,1.0
이스라엘,유학연수,2022-05-01,5.0
이스라엘,유학연수,2022-06-01,2.0
이스라엘,유학연수,2022-07-01,2.0
이스라엘,유학연수,2022-08-01,26.0
이스라엘,유학연수,2022-09-01,2.0
이스라엘,유학연수,2022-10-01,4.0
이스라엘,유학연수,2022-11-01,4.0
이스라엘,유학연수,2022-12-01,6.0
이스라엘,유학연수,2023-01-01,9.0
이스라엘,유학연수,2023-02-01,14.0
이스라엘,유학연수,2023-03-01,3.0
이스라엘,유학연수,2023-04-01,2.0
이스라엘,유학연수,2023-05-01,5.0
이스라엘,유학연수,2023-06-01,3.0
이스라엘,유학연수,2023-07-01,4.0
이스라엘,유학연수,2023-08-01,34.0
이스라엘,유학연수,2023-09-01,7.0
이스라엘,유학연수,2023-10-01,2.0
이스라엘,유학연수,2023-11-01,2.0
이스라엘,유학연수,2023-12-01,4.0
이스라엘,유학연수,2024-01-01,4.0
이스라엘,유학연수,2024-02-01,19.0
이스라엘,유학연수,2024-03-01,6.0
이스라엘,유학연수,2024-04-01,2.0
이스라엘,유학연수,2024-05-01,6.0
이스라엘,유학연수,2024-06-01,6.0
이스라엘,유학연수,2024-07-01,4.0
이스라엘,유학연수,2024-08-01,36.0
이스라엘,유학연수,2024-09-01,5.0
이스라엘,유학연수,2024-10-01,2.0
이스라엘,유학연수,2024-11-01,5.0
이스라엘,유학연수,2024-12-01,8.0
이스라엘,유학연수,2025-01-01,8.0
이스라엘,유학연수,2025-02-01,19.0
이스라엘,유학연수,2025-03-01,6.0
이스라엘,유학연수,2025-04-01,2.0
이스라엘,유학연수,2025-05-01,9.0
이집트,공용,2005-01-01,2.0
이집트,공용,2005-02-01,2.0
이집트,공용,2005-03-01,0.0
이집트,공용,2005-04-01,1.0
이집트,공용,2005-05-01,7.0
이집트,공용,2005-06-01,1.0
이집트,공용,2005-07-01,1.0
이집트,공용,2005-08-01,1.0
이집트,공용,2005-09-01,8.0
이집트,공용,2005-10-01,2.0
이집트,공용,2005-11-01,4.0
이집트,공용,2005-12-01,5.0
이집트,공용,2006-01-01,0.0
이집트,공용,2006-02-01,5.0
이집트,공용,2006-03-01,3.0
이집트,공용,2006-04-01,1.0
이집트,공용,2006-05-01,11.0
이집트,공용,2006-06-01,2.0
이집트,공용,2006-07-01,2.0
이집트,공용,2006-08-01,10.0
이집트,공용,2006-09-01,7.0
이집트,공용,2006-10-01,1.0
이집트,공용,2006-11-01,1.0
이집트,공용,2006-12-01,0.0
이집트,공용,2007-01-01,0.0
이집트,공용,2007-02-01,0.0
이집트,공용,2007-03-01,0.0
이집트,공용,2007-04-01,0.0
이집트,공용,2007-05-01,5.0
이집트,공용,2007-06-01,0.0
이집트,공용,2007-07-01,2.0
이집트,공용,2007-08-01,0.0
이집트,공용,2007-09-01,0.0
이집트,공용,2007-10-01,5.0
이집트,공용,2007-11-01,1.0
이집트,공용,2007-12-01,2.0
이집트,공용,2008-01-01,2.0
이집트,공용,2008-02-01,1.0
이집트,공용,2008-03-01,0.0
이집트,공용,2008-04-01,7.0
이집트,공용,2008-05-01,1.0
이집트,공용,2008-06-01,7.0
이집트,공용,2008-07-01,1.0
이집트,공용,2008-08-01,3.0
이집트,공용,2008-09-01,1.0
이집트,공용,2008-10-01,5.0
이집트,공용,2008-11-01,0.0
이집트,공용,2008-12-01,13.0
이집트,공용,2009-01-01,0.0
이집트,공용,2009-02-01,1.0
이집트,공용,2009-03-01,2.0
이집트,공용,2009-04-01,1.0
이집트,공용,2009-05-01,0.0
이집트,공용,2009-06-01,0.0
이집트,공용,2009-07-01,1.0
이집트,공용,2009-08-01,0.0
이집트,공용,2009-09-01,0.0
이집트,공용,2009-10-01,14.0
이집트,공용,2009-11-01,3.0
이집트,공용,2009-12-01,18.0
이집트,공용,2010-01-01,2.0
이집트,공용,2010-02-01,4.0
이집트,공용,2010-03-01,1.0
이집트,공용,2010-04-01,5.0
이집트,공용,2010-05-01,19.0
이집트,공용,2010-06-01,21.0
이집트,공용,2010-07-01,7.0
이집트,공용,2010-08-01,4.0
이집트,공용,2010-09-01,6.0
이집트,공용,2010-10-01,30.0
이집트,공용,2010-11-01,19.0
이집트,공용,2010-12-01,2.0
이집트,공용,2011-01-01,15.0
이집트,공용,2011-02-01,3.0
이집트,공용,2011-03-01,1.0
이집트,공용,2011-04-01,6.0
이집트,공용,2011-05-01,3.0
이집트,공용,2011-06-01,2.0
이집트,공용,2011-07-01,0.0
이집트,공용,2011-08-01,0.0
이집트,공용,2011-09-01,0.0
이집트,공용,2011-10-01,2.0
이집트,공용,2011-11-01,3.0
이집트,공용,2011-12-01,0.0
이집트,공용,2012-01-01,0.0
이집트,공용,2012-02-01,0.0
이집트,공용,2012-03-01,3.0
이집트,공용,2012-04-01,7.0
이집트,공용,2012-05-01,0.0
이집트,공용,2012-06-01,1.0
이집트,공용,2012-07-01,0.0
이집트,공용,2012-08-01,0.0
이집트,공용,2012-09-01,0.0
이집트,공용,2012-10-01,1.0
이집트,공용,2012-11-01,2.0
이집트,공용,2012-12-01,0.0
이집트,공용,2013-01-01,0.0
이집트,공용,2013-02-01,0.0
이집트,공용,2013-03-01,1.0
이집트,공용,2013-04-01,1.0
이집트,공용,2013-05-01,1.0
이집트,공용,2013-06-01,2.0
이집트,공용,2013-07-01,1.0
이집트,공용,2013-08-01,0.0
이집트,공용,2013-09-01,6.0
이집트,공용,2013-10-01,2.0
이집트,공용,2013-11-01,0.0
이집트,공용,2013-12-01,0.0
이집트,공용,2014-01-01,1.0
이집트,공용,2014-02-01,1.0
이집트,공용,2014-03-01,1.0
이집트,공용,2014-04-01,0.0
이집트,공용,2014-05-01,0.0
이집트,공용,2014-06-01,2.0
이집트,공용,2014-07-01,0.0
이집트,공용,2014-08-01,1.0
이집트,공용,2014-09-01,1.0
이집트,공용,2014-10-01,3.0
이집트,공용,2014-11-01,1.0
이집트,공용,2014-12-01,0.0
이집트,공용,2015-01-01,0.0
이집트,공용,2015-02-01,0.0
이집트,공용,2015-03-01,2.0
이집트,공용,2015-04-01,15.0
이집트,공용,2015-05-01,2.0
이집트,공용,2015-06-01,0.0
이집트,공용,2015-07-01,0.0
이집트,공용,2015-08-01,0.0
이집트,공용,2015-09-01,0.0
이집트,공용,2015-10-01,10.0
이집트,공용,2015-11-01,2.0
이집트,공용,2015-12-01,0.0
이집트,공용,2016-01-01,0.0
이집트,공용,2016-02-01,12.0
이집트,공용,2016-03-01,59.0
이집트,공용,2016-04-01,4.0
이집트,공용,2016-05-01,2.0
이집트,공용,2016-06-01,1.0
이집트,공용,2016-07-01,0.0
이집트,공용,2016-08-01,0.0
이집트,공용,2016-09-01,0.0
이집트,공용,2016-10-01,3.0
이집트,공용,2016-11-01,1.0
이집트,공용,2016-12-01,2.0
이집트,공용,2017-01-01,0.0
이집트,공용,2017-02-01,1.0
이집트,공용,2017-03-01,0.0
이집트,공용,2017-04-01,0.0
이집트,공용,2017-05-01,6.0
이집트,공용,2017-06-01,8.0
이집트,공용,2017-07-01,19.0
이집트,공용,2017-08-01,85.0
이집트,공용,2017-09-01,25.0
이집트,공용,2017-10-01,5.0
이집트,공용,2017-11-01,1.0
이집트,공용,2017-12-01,2.0
이집트,공용,2018-01-01,7.0
이집트,공용,2018-02-01,5.0
이집트,공용,2018-03-01,5.0
이집트,공용,2018-04-01,2.0
이집트,공용,2018-05-01,4.0
이집트,공용,2018-06-01,1.0
이집트,공용,2018-07-01,3.0
이집트,공용,2018-08-01,1.0
이집트,공용,2018-09-01,10.0
이집트,공용,2018-10-01,19.0
이집트,공용,2018-11-01,1.0
이집트,공용,2018-12-01,7.0
이집트,공용,2019-01-01,2.0
이집트,공용,2019-02-01,8.0
이집트,공용,2019-03-01,0.0
이집트,공용,2019-04-01,7.0
이집트,공용,2019-05-01,1.0
이집트,공용,2019-06-01,7.0
이집트,공용,2019-07-01,12.0
이집트,공용,2019-08-01,7.0
이집트,공용,2019-09-01,4.0
이집트,공용,2019-10-01,13.0
이집트,공용,2019-11-01,14.0
이집트,공용,2019-12-01,9.0
이집트,공용,2020-01-01,2.0
이집트,공용,2020-02-01,3.0
이집트,공용,2020-03-01,0.0
이집트,공용,2020-04-01,0.0
이집트,공용,2020-05-01,0.0
이집트,공용,2020-06-01,0.0
이집트,공용,2020-07-01,2.0
이집트,공용,2020-08-01,1.0
이집트,공용,2020-09-01,1.0
이집트,공용,2020-10-01,0.0
이집트,공용,2020-11-01,0.0
이집트,공용,2020-12-01,1.0
이집트,공용,2021-01-01,1.0
이집트,공용,2021-02-01,0.0
이집트,공용,2021-03-01,0.0
이집트,공용,2021-04-01,0.0
이집트,공용,2021-05-01,0.0
이집트,공용,2021-06-01,15.0
이집트,공용,2021-07-01,0.0
이집트,공용,2021-08-01,0.0
이집트,공용,2021-09-01,0.0
이집트,공용,2021-10-01,1.0
이집트,공용,2021-11-01,3.0
이집트,공용,2021-12-01,0.0
이집트,공용,2022-01-01,2.0
이집트,공용,2022-02-01,2.0
이집트,공용,2022-03-01,2.0
이집트,공용,2022-04-01,4.0
이집트,공용,2022-05-01,4.0
이집트,공용,2022-06-01,0.0
이집트,공용,2022-07-01,2.0
이집트,공용,2022-08-01,2.0
이집트,공용,2022-09-01,4.0
이집트,공용,2022-10-01,7.0
이집트,공용,2022-11-01,9.0
이집트,공용,2022-12-01,2.0
이집트,공용,2023-01-01,0.0
이집트,공용,2023-02-01,12.0
이집트,공용,2023-03-01,3.0
이집트,공용,2023-04-01,2.0
이집트,공용,2023-05-01,4.0
이집트,공용,2023-06-01,11.0
이집트,공용,2023-07-01,4.0
이집트,공용,2023-08-01,2.0
이집트,공용,2023-09-01,9.0
이집트,공용,2023-10-01,13.0
이집트,공용,2023-11-01,10.0
이집트,공용,2023-12-01,1.0
이집트,공용,2024-01-01,2.0
이집트,공용,2024-02-01,0.0
이집트,공용,2024-03-01,6.0
이집트,공용,2024-04-01,4.0
이집트,공용,2024-05-01,9.0
이집트,공용,2024-06-01,6.0
이집트,공용,2024-07-01,0.0
이집트,공용,2024-08-01,1.0
이집트,공용,2024-09-01,4.0
이집트,공용,2024-10-01,24.0
이집트,공용,2024-11-01,6.0
이집트,공용,2024-12-01,5.0
이집트,공용,2025-01-01,1.0
이집트,공용,2025-02-01,0.0
이집트,공용,2025-03-01,10.0
이집트,공용,2025-04-01,13.0
이집트,공용,2025-05-01,2.0
이집트,관광,2005-01-01,26.0
이집트,관광,2005-02-01,89.0
이집트,관광,2005-03-01,85.0
이집트,관광,2005-04-01,62.0
이집트,관광,2005-05-01,82.0
이집트,관광,2005-06-01,98.0
이집트,관광,2005-07-01,61.0
이집트,관광,2005-08-01,56.0
이집트,관광,2005-09-01,160.0
이집트,관광,2005-10-01,69.0
이집트,관광,2005-11-01,82.0
이집트,관광,2005-12-01,61.0
이집트,관광,2006-01-01,31.0
이집트,관광,2006-02-01,51.0
이집트,관광,2006-03-01,89.0
이집트,관광,2006-04-01,149.0
이집트,관광,2006-05-01,115.0
이집트,관광,2006-06-01,106.0
이집트,관광,2006-07-01,104.0
이집트,관광,2006-08-01,132.0
이집트,관광,2006-09-01,168.0
이집트,관광,2006-10-01,86.0
이집트,관광,2006-11-01,99.0
이집트,관광,2006-12-01,111.0
이집트,관광,2007-01-01,64.0
이집트,관광,2007-02-01,99.0
이집트,관광,2007-03-01,120.0
이집트,관광,2007-04-01,132.0
이집트,관광,2007-05-01,109.0
이집트,관광,2007-06-01,143.0
이집트,관광,2007-07-01,101.0
이집트,관광,2007-08-01,173.0
이집트,관광,2007-09-01,106.0
이집트,관광,2007-10-01,218.0
이집트,관광,2007-11-01,133.0
이집트,관광,2007-12-01,106.0
이집트,관광,2008-01-01,79.0
이집트,관광,2008-02-01,86.0
이집트,관광,2008-03-01,179.0
이집트,관광,2008-04-01,119.0
이집트,관광,2008-05-01,148.0
이집트,관광,2008-06-01,183.0
이집트,관광,2008-07-01,208.0
이집트,관광,2008-08-01,188.0
이집트,관광,2008-09-01,129.0
이집트,관광,2008-10-01,139.0
이집트,관광,2008-11-01,184.0
이집트,관광,2008-12-01,96.0
이집트,관광,2009-01-01,78.0
이집트,관광,2009-02-01,89.0
이집트,관광,2009-03-01,137.0
이집트,관광,2009-04-01,74.0
이집트,관광,2009-05-01,142.0
이집트,관광,2009-06-01,125.0
이집트,관광,2009-07-01,161.0
이집트,관광,2009-08-01,132.0
이집트,관광,2009-09-01,104.0
이집트,관광,2009-10-01,180.0
이집트,관광,2009-11-01,158.0
이집트,관광,2009-12-01,133.0
이집트,관광,2010-01-01,122.0
이집트,관광,2010-02-01,116.0
이집트,관광,2010-03-01,197.0
이집트,관광,2010-04-01,151.0
이집트,관광,2010-05-01,173.0
이집트,관광,2010-06-01,235.0
이집트,관광,2010-07-01,201.0
이집트,관광,2010-08-01,120.0
이집트,관광,2010-09-01,223.0
이집트,관광,2010-10-01,297.0
이집트,관광,2010-11-01,228.0
이집트,관광,2010-12-01,187.0
이집트,관광,2011-01-01,182.0
이집트,관광,2011-02-01,127.0
이집트,관광,2011-03-01,176.0
이집트,관광,2011-04-01,273.0
이집트,관광,2011-05-01,298.0
이집트,관광,2011-06-01,308.0
이집트,관광,2011-07-01,254.0
이집트,관광,2011-08-01,234.0
이집트,관광,2011-09-01,247.0
이집트,관광,2011-10-01,339.0
이집트,관광,2011-11-01,352.0
이집트,관광,2011-12-01,196.0
이집트,관광,2012-01-01,211.0
이집트,관광,2012-02-01,202.0
이집트,관광,2012-03-01,216.0
이집트,관광,2012-04-01,302.0
이집트,관광,2012-05-01,287.0
이집트,관광,2012-06-01,249.0
이집트,관광,2012-07-01,278.0
이집트,관광,2012-08-01,160.0
이집트,관광,2012-09-01,235.0
이집트,관광,2012-10-01,351.0
이집트,관광,2012-11-01,370.0
이집트,관광,2012-12-01,257.0
이집트,관광,2013-01-01,274.0
이집트,관광,2013-02-01,226.0
이집트,관광,2013-03-01,234.0
이집트,관광,2013-04-01,251.0
이집트,관광,2013-05-01,363.0
이집트,관광,2013-06-01,343.0
이집트,관광,2013-07-01,236.0
이집트,관광,2013-08-01,322.0
이집트,관광,2013-09-01,415.0
이집트,관광,2013-10-01,511.0
이집트,관광,2013-11-01,512.0
이집트,관광,2013-12-01,409.0
이집트,관광,2014-01-01,231.0
이집트,관광,2014-02-01,381.0
이집트,관광,2014-03-01,494.0
이집트,관광,2014-04-01,509.0
이집트,관광,2014-05-01,477.0
이집트,관광,2014-06-01,586.0
이집트,관광,2014-07-01,345.0
이집트,관광,2014-08-01,331.0
이집트,관광,2014-09-01,577.0
이집트,관광,2014-10-01,511.0
이집트,관광,2014-11-01,530.0
이집트,관광,2014-12-01,405.0
이집트,관광,2015-01-01,224.0
이집트,관광,2015-02-01,295.0
이집트,관광,2015-03-01,509.0
이집트,관광,2015-04-01,526.0
이집트,관광,2015-05-01,575.0
이집트,관광,2015-06-01,403.0
이집트,관광,2015-07-01,322.0
이집트,관광,2015-08-01,474.0
이집트,관광,2015-09-01,658.0
이집트,관광,2015-10-01,675.0
이집트,관광,2015-11-01,523.0
이집트,관광,2015-12-01,488.0
이집트,관광,2016-01-01,367.0
이집트,관광,2016-02-01,406.0
이집트,관광,2016-03-01,572.0
이집트,관광,2016-04-01,504.0
이집트,관광,2016-05-01,725.0
이집트,관광,2016-06-01,394.0
이집트,관광,2016-07-01,636.0
이집트,관광,2016-08-01,411.0
이집트,관광,2016-09-01,529.0
이집트,관광,2016-10-01,634.0
이집트,관광,2016-11-01,520.0
이집트,관광,2016-12-01,370.0
이집트,관광,2017-01-01,273.0
이집트,관광,2017-02-01,323.0
이집트,관광,2017-03-01,518.0
이집트,관광,2017-04-01,434.0
이집트,관광,2017-05-01,419.0
이집트,관광,2017-06-01,309.0
이집트,관광,2017-07-01,467.0
이집트,관광,2017-08-01,431.0
이집트,관광,2017-09-01,479.0
이집트,관광,2017-10-01,626.0
이집트,관광,2017-11-01,652.0
이집트,관광,2017-12-01,470.0
이집트,관광,2018-01-01,444.0
이집트,관광,2018-02-01,506.0
이집트,관광,2018-03-01,604.0
이집트,관광,2018-04-01,659.0
이집트,관광,2018-05-01,557.0
이집트,관광,2018-06-01,451.0
이집트,관광,2018-07-01,564.0
이집트,관광,2018-08-01,328.0
이집트,관광,2018-09-01,121.0
이집트,관광,2018-10-01,193.0
이집트,관광,2018-11-01,141.0
이집트,관광,2018-12-01,100.0
이집트,관광,2019-01-01,99.0
이집트,관광,2019-02-01,99.0
이집트,관광,2019-03-01,156.0
이집트,관광,2019-04-01,212.0
이집트,관광,2019-05-01,103.0
이집트,관광,2019-06-01,151.0
이집트,관광,2019-07-01,260.0
이집트,관광,2019-08-01,150.0
이집트,관광,2019-09-01,173.0
이집트,관광,2019-10-01,242.0
이집트,관광,2019-11-01,235.0
이집트,관광,2019-12-01,168.0
이집트,관광,2020-01-01,112.0
이집트,관광,2020-02-01,87.0
이집트,관광,2020-03-01,19.0
이집트,관광,2020-04-01,7.0
이집트,관광,2020-05-01,0.0
이집트,관광,2020-06-01,1.0
이집트,관광,2020-07-01,9.0
이집트,관광,2020-08-01,4.0
이집트,관광,2020-09-01,2.0
이집트,관광,2020-10-01,2.0
이집트,관광,2020-11-01,2.0
이집트,관광,2020-12-01,6.0
이집트,관광,2021-01-01,3.0
이집트,관광,2021-02-01,5.0
이집트,관광,2021-03-01,1.0
이집트,관광,2021-04-01,20.0
이집트,관광,2021-05-01,5.0
이집트,관광,2021-06-01,25.0
이집트,관광,2021-07-01,6.0
이집트,관광,2021-08-01,11.0
이집트,관광,2021-09-01,14.0
이집트,관광,2021-10-01,12.0
이집트,관광,2021-11-01,25.0
이집트,관광,2021-12-01,11.0
이집트,관광,2022-01-01,21.0
이집트,관광,2022-02-01,7.0
이집트,관광,2022-03-01,39.0
이집트,관광,2022-04-01,50.0
이집트,관광,2022-05-01,66.0
이집트,관광,2022-06-01,136.0
이집트,관광,2022-07-01,81.0
이집트,관광,2022-08-01,103.0
이집트,관광,2022-09-01,123.0
이집트,관광,2022-10-01,200.0
이집트,관광,2022-11-01,160.0
이집트,관광,2022-12-01,139.0
이집트,관광,2023-01-01,78.0
이집트,관광,2023-02-01,87.0
이집트,관광,2023-03-01,108.0
이집트,관광,2023-04-01,105.0
이집트,관광,2023-05-01,219.0
이집트,관광,2023-06-01,158.0
이집트,관광,2023-07-01,258.0
이집트,관광,2023-08-01,359.0
이집트,관광,2023-09-01,202.0
이집트,관광,2023-10-01,278.0
이집트,관광,2023-11-01,191.0
이집트,관광,2023-12-01,171.0
이집트,관광,2024-01-01,112.0
이집트,관광,2024-02-01,146.0
이집트,관광,2024-03-01,79.0
이집트,관광,2024-04-01,163.0
이집트,관광,2024-05-01,151.0
이집트,관광,2024-06-01,210.0
이집트,관광,2024-07-01,167.0
이집트,관광,2024-08-01,172.0
이집트,관광,2024-09-01,336.0
이집트,관광,2024-10-01,250.0
이집트,관광,2024-11-01,210.0
이집트,관광,2024-12-01,175.0
이집트,관광,2025-01-01,125.0
이집트,관광,2025-02-01,141.0
이집트,관광,2025-03-01,179.0
이집트,관광,2025-04-01,250.0
이집트,관광,2025-05-01,246.0
이집트,상용,2005-01-01,37.0
이집트,상용,2005-02-01,36.0
이집트,상용,2005-03-01,72.0
이집트,상용,2005-04-01,69.0
이집트,상용,2005-05-01,84.0
이집트,상용,2005-06-01,77.0
이집트,상용,2005-07-01,72.0
이집트,상용,2005-08-01,35.0
이집트,상용,2005-09-01,93.0
이집트,상용,2005-10-01,46.0
이집트,상용,2005-11-01,100.0
이집트,상용,2005-12-01,73.0
이집트,상용,2006-01-01,34.0
이집트,상용,2006-02-01,70.0
이집트,상용,2006-03-01,108.0
이집트,상용,2006-04-01,77.0
이집트,상용,2006-05-01,131.0
이집트,상용,2006-06-01,98.0
이집트,상용,2006-07-01,73.0
이집트,상용,2006-08-01,68.0
이집트,상용,2006-09-01,76.0
이집트,상용,2006-10-01,63.0
이집트,상용,2006-11-01,73.0
이집트,상용,2006-12-01,73.0
이집트,상용,2007-01-01,62.0
이집트,상용,2007-02-01,60.0
이집트,상용,2007-03-01,87.0
이집트,상용,2007-04-01,81.0
이집트,상용,2007-05-01,104.0
이집트,상용,2007-06-01,80.0
이집트,상용,2007-07-01,60.0
이집트,상용,2007-08-01,74.0
이집트,상용,2007-09-01,57.0
이집트,상용,2007-10-01,71.0
이집트,상용,2007-11-01,117.0
이집트,상용,2007-12-01,62.0
이집트,상용,2008-01-01,77.0
이집트,상용,2008-02-01,61.0
이집트,상용,2008-03-01,104.0
이집트,상용,2008-04-01,92.0
이집트,상용,2008-05-01,102.0
이집트,상용,2008-06-01,116.0
이집트,상용,2008-07-01,106.0
이집트,상용,2008-08-01,99.0
이집트,상용,2008-09-01,77.0
이집트,상용,2008-10-01,158.0
이집트,상용,2008-11-01,135.0
이집트,상용,2008-12-01,64.0
이집트,상용,2009-01-01,184.0
이집트,상용,2009-02-01,110.0
이집트,상용,2009-03-01,119.0
이집트,상용,2009-04-01,76.0
이집트,상용,2009-05-01,105.0
이집트,상용,2009-06-01,102.0
이집트,상용,2009-07-01,98.0
이집트,상용,2009-08-01,79.0
이집트,상용,2009-09-01,74.0
이집트,상용,2009-10-01,178.0
이집트,상용,2009-11-01,170.0
이집트,상용,2009-12-01,98.0
이집트,상용,2010-01-01,142.0
이집트,상용,2010-02-01,98.0
이집트,상용,2010-03-01,176.0
이집트,상용,2010-04-01,124.0
이집트,상용,2010-05-01,125.0
이집트,상용,2010-06-01,139.0
이집트,상용,2010-07-01,93.0
이집트,상용,2010-08-01,65.0
이집트,상용,2010-09-01,111.0
이집트,상용,2010-10-01,212.0
이집트,상용,2010-11-01,178.0
이집트,상용,2010-12-01,89.0
이집트,상용,2011-01-01,144.0
이집트,상용,2011-02-01,67.0
이집트,상용,2011-03-01,89.0
이집트,상용,2011-04-01,104.0
이집트,상용,2011-05-01,91.0
이집트,상용,2011-06-01,78.0
이집트,상용,2011-07-01,77.0
이집트,상용,2011-08-01,50.0
이집트,상용,2011-09-01,128.0
이집트,상용,2011-10-01,129.0
이집트,상용,2011-11-01,117.0
이집트,상용,2011-12-01,100.0
이집트,상용,2012-01-01,89.0
이집트,상용,2012-02-01,130.0
이집트,상용,2012-03-01,113.0
이집트,상용,2012-04-01,117.0
이집트,상용,2012-05-01,95.0
이집트,상용,2012-06-01,95.0
이집트,상용,2012-07-01,92.0
이집트,상용,2012-08-01,51.0
이집트,상용,2012-09-01,103.0
이집트,상용,2012-10-01,72.0
이집트,상용,2012-11-01,86.0
이집트,상용,2012-12-01,73.0
이집트,상용,2013-01-01,60.0
이집트,상용,2013-02-01,63.0
이집트,상용,2013-03-01,129.0
이집트,상용,2013-04-01,88.0
이집트,상용,2013-05-01,117.0
이집트,상용,2013-06-01,122.0
이집트,상용,2013-07-01,70.0
이집트,상용,2013-08-01,64.0
이집트,상용,2013-09-01,101.0
이집트,상용,2013-10-01,105.0
이집트,상용,2013-11-01,107.0
이집트,상용,2013-12-01,78.0
이집트,상용,2014-01-01,63.0
이집트,상용,2014-02-01,75.0
이집트,상용,2014-03-01,58.0
이집트,상용,2014-04-01,54.0
이집트,상용,2014-05-01,78.0
이집트,상용,2014-06-01,49.0
이집트,상용,2014-07-01,37.0
이집트,상용,2014-08-01,39.0
이집트,상용,2014-09-01,55.0
이집트,상용,2014-10-01,65.0
이집트,상용,2014-11-01,52.0
이집트,상용,2014-12-01,31.0
이집트,상용,2015-01-01,45.0
이집트,상용,2015-02-01,28.0
이집트,상용,2015-03-01,38.0
이집트,상용,2015-04-01,39.0
이집트,상용,2015-05-01,55.0
이집트,상용,2015-06-01,47.0
이집트,상용,2015-07-01,33.0
이집트,상용,2015-08-01,31.0
이집트,상용,2015-09-01,42.0
이집트,상용,2015-10-01,86.0
이집트,상용,2015-11-01,50.0
이집트,상용,2015-12-01,53.0
이집트,상용,2016-01-01,38.0
이집트,상용,2016-02-01,44.0
이집트,상용,2016-03-01,52.0
이집트,상용,2016-04-01,54.0
이집트,상용,2016-05-01,70.0
이집트,상용,2016-06-01,34.0
이집트,상용,2016-07-01,46.0
이집트,상용,2016-08-01,38.0
이집트,상용,2016-09-01,58.0
이집트,상용,2016-10-01,77.0
이집트,상용,2016-11-01,37.0
이집트,상용,2016-12-01,27.0
이집트,상용,2017-01-01,27.0
이집트,상용,2017-02-01,59.0
이집트,상용,2017-03-01,60.0
이집트,상용,2017-04-01,55.0
이집트,상용,2017-05-01,61.0
이집트,상용,2017-06-01,28.0
이집트,상용,2017-07-01,70.0
이집트,상용,2017-08-01,48.0
이집트,상용,2017-09-01,57.0
이집트,상용,2017-10-01,75.0
이집트,상용,2017-11-01,69.0
이집트,상용,2017-12-01,52.0
이집트,상용,2018-01-01,63.0
이집트,상용,2018-02-01,46.0
이집트,상용,2018-03-01,56.0
이집트,상용,2018-04-01,79.0
이집트,상용,2018-05-01,37.0
이집트,상용,2018-06-01,43.0
이집트,상용,2018-07-01,42.0
이집트,상용,2018-08-01,31.0
이집트,상용,2018-09-01,124.0
이집트,상용,2018-10-01,228.0
이집트,상용,2018-11-01,194.0
이집트,상용,2018-12-01,126.0
이집트,상용,2019-01-01,141.0
이집트,상용,2019-02-01,132.0
이집트,상용,2019-03-01,148.0
이집트,상용,2019-04-01,103.0
이집트,상용,2019-05-01,81.0
이집트,상용,2019-06-01,141.0
이집트,상용,2019-07-01,95.0
이집트,상용,2019-08-01,83.0
이집트,상용,2019-09-01,151.0
이집트,상용,2019-10-01,179.0
이집트,상용,2019-11-01,157.0
이집트,상용,2019-12-01,120.0
이집트,상용,2020-01-01,95.0
이집트,상용,2020-02-01,86.0
이집트,상용,2020-03-01,15.0
이집트,상용,2020-04-01,0.0
이집트,상용,2020-05-01,0.0
이집트,상용,2020-06-01,1.0
이집트,상용,2020-07-01,13.0
이집트,상용,2020-08-01,18.0
이집트,상용,2020-09-01,7.0
이집트,상용,2020-10-01,11.0
이집트,상용,2020-11-01,11.0
이집트,상용,2020-12-01,21.0
이집트,상용,2021-01-01,16.0
이집트,상용,2021-02-01,13.0
이집트,상용,2021-03-01,26.0
이집트,상용,2021-04-01,15.0
이집트,상용,2021-05-01,31.0
이집트,상용,2021-06-01,42.0
이집트,상용,2021-07-01,39.0
이집트,상용,2021-08-01,43.0
이집트,상용,2021-09-01,47.0
이집트,상용,2021-10-01,58.0
이집트,상용,2021-11-01,70.0
이집트,상용,2021-12-01,27.0
이집트,상용,2022-01-01,23.0
이집트,상용,2022-02-01,12.0
이집트,상용,2022-03-01,26.0
이집트,상용,2022-04-01,21.0
이집트,상용,2022-05-01,25.0
이집트,상용,2022-06-01,41.0
이집트,상용,2022-07-01,44.0
이집트,상용,2022-08-01,49.0
이집트,상용,2022-09-01,60.0
이집트,상용,2022-10-01,79.0
이집트,상용,2022-11-01,85.0
이집트,상용,2022-12-01,58.0
이집트,상용,2023-01-01,60.0
이집트,상용,2023-02-01,72.0
이집트,상용,2023-03-01,82.0
이집트,상용,2023-04-01,36.0
이집트,상용,2023-05-01,78.0
이집트,상용,2023-06-01,59.0
이집트,상용,2023-07-01,55.0
이집트,상용,2023-08-01,77.0
이집트,상용,2023-09-01,130.0
이집트,상용,2023-10-01,115.0
이집트,상용,2023-11-01,130.0
이집트,상용,2023-12-01,116.0
이집트,상용,2024-01-01,121.0
이집트,상용,2024-02-01,105.0
이집트,상용,2024-03-01,105.0
이집트,상용,2024-04-01,123.0
이집트,상용,2024-05-01,136.0
이집트,상용,2024-06-01,134.0
이집트,상용,2024-07-01,116.0
이집트,상용,2024-08-01,110.0
이집트,상용,2024-09-01,159.0
이집트,상용,2024-10-01,170.0
이집트,상용,2024-11-01,144.0
이집트,상용,2024-12-01,99.0
이집트,상용,2025-01-01,105.0
이집트,상용,2025-02-01,141.0
이집트,상용,2025-03-01,57.0
이집트,상용,2025-04-01,144.0
이집트,상용,2025-05-01,152.0
이집트,유학연수,2005-01-01,0.0
이집트,유학연수,2005-02-01,4.0
이집트,유학연수,2005-03-01,15.0
이집트,유학연수,2005-04-01,0.0
이집트,유학연수,2005-05-01,0.0
이집트,유학연수,2005-06-01,0.0
이집트,유학연수,2005-07-01,1.0
이집트,유학연수,2005-08-01,8.0
이집트,유학연수,2005-09-01,1.0
이집트,유학연수,2005-10-01,0.0
이집트,유학연수,2005-11-01,0.0
이집트,유학연수,2005-12-01,4.0
이집트,유학연수,2006-01-01,1.0
이집트,유학연수,2006-02-01,8.0
이집트,유학연수,2006-03-01,3.0
이집트,유학연수,2006-04-01,0.0
이집트,유학연수,2006-05-01,1.0
이집트,유학연수,2006-06-01,0.0
이집트,유학연수,2006-07-01,3.0
이집트,유학연수,2006-08-01,7.0
이집트,유학연수,2006-09-01,2.0
이집트,유학연수,2006-10-01,3.0
이집트,유학연수,2006-11-01,1.0
이집트,유학연수,2006-12-01,3.0
이집트,유학연수,2007-01-01,6.0
이집트,유학연수,2007-02-01,10.0
이집트,유학연수,2007-03-01,4.0
이집트,유학연수,2007-04-01,1.0
이집트,유학연수,2007-05-01,1.0
이집트,유학연수,2007-06-01,0.0
이집트,유학연수,2007-07-01,0.0
이집트,유학연수,2007-08-01,11.0
이집트,유학연수,2007-09-01,2.0
이집트,유학연수,2007-10-01,2.0
이집트,유학연수,2007-11-01,4.0
이집트,유학연수,2007-12-01,1.0
이집트,유학연수,2008-01-01,3.0
이집트,유학연수,2008-02-01,7.0
이집트,유학연수,2008-03-01,9.0
이집트,유학연수,2008-04-01,3.0
이집트,유학연수,2008-05-01,1.0
이집트,유학연수,2008-06-01,3.0
이집트,유학연수,2008-07-01,3.0
이집트,유학연수,2008-08-01,9.0
이집트,유학연수,2008-09-01,2.0
이집트,유학연수,2008-10-01,2.0
이집트,유학연수,2008-11-01,1.0
이집트,유학연수,2008-12-01,4.0
이집트,유학연수,2009-01-01,4.0
이집트,유학연수,2009-02-01,18.0
이집트,유학연수,2009-03-01,4.0
이집트,유학연수,2009-04-01,0.0
이집트,유학연수,2009-05-01,5.0
이집트,유학연수,2009-06-01,1.0
이집트,유학연수,2009-07-01,2.0
이집트,유학연수,2009-08-01,15.0
이집트,유학연수,2009-09-01,7.0
이집트,유학연수,2009-10-01,3.0
이집트,유학연수,2009-11-01,1.0
이집트,유학연수,2009-12-01,4.0
이집트,유학연수,2010-01-01,5.0
이집트,유학연수,2010-02-01,7.0
이집트,유학연수,2010-03-01,8.0
이집트,유학연수,2010-04-01,4.0
이집트,유학연수,2010-05-01,0.0
이집트,유학연수,2010-06-01,7.0
이집트,유학연수,2010-07-01,9.0
이집트,유학연수,2010-08-01,23.0
이집트,유학연수,2010-09-01,7.0
이집트,유학연수,2010-10-01,2.0
이집트,유학연수,2010-11-01,2.0
이집트,유학연수,2010-12-01,1.0
이집트,유학연수,2011-01-01,1.0
이집트,유학연수,2011-02-01,18.0
이집트,유학연수,2011-03-01,6.0
이집트,유학연수,2011-04-01,2.0
이집트,유학연수,2011-05-01,6.0
이집트,유학연수,2011-06-01,3.0
이집트,유학연수,2011-07-01,5.0
이집트,유학연수,2011-08-01,11.0
이집트,유학연수,2011-09-01,11.0
이집트,유학연수,2011-10-01,2.0
이집트,유학연수,2011-11-01,5.0
이집트,유학연수,2011-12-01,3.0
이집트,유학연수,2012-01-01,7.0
이집트,유학연수,2012-02-01,22.0
이집트,유학연수,2012-03-01,14.0
이집트,유학연수,2012-04-01,2.0
이집트,유학연수,2012-05-01,2.0
이집트,유학연수,2012-06-01,3.0
이집트,유학연수,2012-07-01,7.0
이집트,유학연수,2012-08-01,20.0
이집트,유학연수,2012-09-01,7.0
이집트,유학연수,2012-10-01,8.0
이집트,유학연수,2012-11-01,1.0
이집트,유학연수,2012-12-01,2.0
이집트,유학연수,2013-01-01,12.0
이집트,유학연수,2013-02-01,30.0
이집트,유학연수,2013-03-01,8.0
이집트,유학연수,2013-04-01,3.0
이집트,유학연수,2013-05-01,1.0
이집트,유학연수,2013-06-01,5.0
이집트,유학연수,2013-07-01,7.0
이집트,유학연수,2013-08-01,26.0
이집트,유학연수,2013-09-01,16.0
이집트,유학연수,2013-10-01,6.0
이집트,유학연수,2013-11-01,5.0
이집트,유학연수,2013-12-01,6.0
이집트,유학연수,2014-01-01,12.0
이집트,유학연수,2014-02-01,28.0
이집트,유학연수,2014-03-01,9.0
이집트,유학연수,2014-04-01,2.0
이집트,유학연수,2014-05-01,5.0
이집트,유학연수,2014-06-01,8.0
이집트,유학연수,2014-07-01,4.0
이집트,유학연수,2014-08-01,46.0
이집트,유학연수,2014-09-01,10.0
이집트,유학연수,2014-10-01,4.0
이집트,유학연수,2014-11-01,3.0
이집트,유학연수,2014-12-01,3.0
이집트,유학연수,2015-01-01,10.0
이집트,유학연수,2015-02-01,40.0
이집트,유학연수,2015-03-01,15.0
이집트,유학연수,2015-04-01,2.0
이집트,유학연수,2015-05-01,3.0
이집트,유학연수,2015-06-01,8.0
이집트,유학연수,2015-07-01,15.0
이집트,유학연수,2015-08-01,43.0
이집트,유학연수,2015-09-01,11.0
이집트,유학연수,2015-10-01,3.0
이집트,유학연수,2015-11-01,8.0
이집트,유학연수,2015-12-01,7.0
이집트,유학연수,2016-01-01,16.0
이집트,유학연수,2016-02-01,32.0
이집트,유학연수,2016-03-01,24.0
이집트,유학연수,2016-04-01,2.0
이집트,유학연수,2016-05-01,5.0
이집트,유학연수,2016-06-01,1.0
이집트,유학연수,2016-07-01,13.0
이집트,유학연수,2016-08-01,42.0
이집트,유학연수,2016-09-01,17.0
이집트,유학연수,2016-10-01,5.0
이집트,유학연수,2016-11-01,2.0
이집트,유학연수,2016-12-01,9.0
이집트,유학연수,2017-01-01,12.0
이집트,유학연수,2017-02-01,38.0
이집트,유학연수,2017-03-01,17.0
이집트,유학연수,2017-04-01,4.0
이집트,유학연수,2017-05-01,3.0
이집트,유학연수,2017-06-01,3.0
이집트,유학연수,2017-07-01,9.0
이집트,유학연수,2017-08-01,49.0
이집트,유학연수,2017-09-01,9.0
이집트,유학연수,2017-10-01,8.0
이집트,유학연수,2017-11-01,5.0
이집트,유학연수,2017-12-01,4.0
이집트,유학연수,2018-01-01,13.0
이집트,유학연수,2018-02-01,50.0
이집트,유학연수,2018-03-01,19.0
이집트,유학연수,2018-04-01,6.0
이집트,유학연수,2018-05-01,11.0
이집트,유학연수,2018-06-01,5.0
이집트,유학연수,2018-07-01,15.0
이집트,유학연수,2018-08-01,42.0
이집트,유학연수,2018-09-01,32.0
이집트,유학연수,2018-10-01,12.0
이집트,유학연수,2018-11-01,5.0
이집트,유학연수,2018-12-01,10.0
이집트,유학연수,2019-01-01,7.0
이집트,유학연수,2019-02-01,31.0
이집트,유학연수,2019-03-01,27.0
이집트,유학연수,2019-04-01,8.0
이집트,유학연수,2019-05-01,0.0
이집트,유학연수,2019-06-01,11.0
이집트,유학연수,2019-07-01,14.0
이집트,유학연수,2019-08-01,50.0
이집트,유학연수,2019-09-01,28.0
이집트,유학연수,2019-10-01,5.0
이집트,유학연수,2019-11-01,7.0
이집트,유학연수,2019-12-01,4.0
이집트,유학연수,2020-01-01,16.0
이집트,유학연수,2020-02-01,25.0
이집트,유학연수,2020-03-01,6.0
이집트,유학연수,2020-04-01,0.0
이집트,유학연수,2020-05-01,0.0
이집트,유학연수,2020-06-01,0.0
이집트,유학연수,2020-07-01,5.0
이집트,유학연수,2020-08-01,25.0
이집트,유학연수,2020-09-01,12.0
이집트,유학연수,2020-10-01,3.0
이집트,유학연수,2020-11-01,3.0
이집트,유학연수,2020-12-01,5.0
이집트,유학연수,2021-01-01,3.0
이집트,유학연수,2021-02-01,18.0
이집트,유학연수,2021-03-01,9.0
이집트,유학연수,2021-04-01,3.0
이집트,유학연수,2021-05-01,8.0
이집트,유학연수,2021-06-01,4.0
이집트,유학연수,2021-07-01,4.0
이집트,유학연수,2021-08-01,43.0
이집트,유학연수,2021-09-01,19.0
이집트,유학연수,2021-10-01,3.0
이집트,유학연수,2021-11-01,3.0
이집트,유학연수,2021-12-01,5.0
이집트,유학연수,2022-01-01,8.0
이집트,유학연수,2022-02-01,25.0
이집트,유학연수,2022-03-01,17.0
이집트,유학연수,2022-04-01,4.0
이집트,유학연수,2022-05-01,6.0
이집트,유학연수,2022-06-01,6.0
이집트,유학연수,2022-07-01,8.0
이집트,유학연수,2022-08-01,51.0
이집트,유학연수,2022-09-01,23.0
이집트,유학연수,2022-10-01,0.0
이집트,유학연수,2022-11-01,5.0
이집트,유학연수,2022-12-01,7.0
이집트,유학연수,2023-01-01,9.0
이집트,유학연수,2023-02-01,46.0
이집트,유학연수,2023-03-01,22.0
이집트,유학연수,2023-04-01,3.0
이집트,유학연수,2023-05-01,9.0
이집트,유학연수,2023-06-01,11.0
이집트,유학연수,2023-07-01,13.0
이집트,유학연수,2023-08-01,54.0
이집트,유학연수,2023-09-01,17.0
이집트,유학연수,2023-10-01,6.0
이집트,유학연수,2023-11-01,5.0
이집트,유학연수,2023-12-01,9.0
이집트,유학연수,2024-01-01,13.0
이집트,유학연수,2024-02-01,56.0
이집트,유학연수,2024-03-01,15.0
이집트,유학연수,2024-04-01,3.0
이집트,유학연수,2024-05-01,6.0
이집트,유학연수,2024-06-01,7.0
이집트,유학연수,2024-07-01,10.0
이집트,유학연수,2024-08-01,81.0
이집트,유학연수,2024-09-01,20.0
이집트,유학연수,2024-10-01,4.0
이집트,유학연수,2024-11-01,12.0
이집트,유학연수,2024-12-01,13.0
이집트,유학연수,2025-01-01,23.0
이집트,유학연수,2025-02-01,55.0
이집트,유학연수,2025-03-01,25.0
이집트,유학연수,2025-04-01,12.0
이집트,유학연수,2025-05-01,11.0
이탈리아,공용,2005-01-01,11.0
이탈리아,공용,2005-02-01,3.0
이탈리아,공용,2005-03-01,14.0
이탈리아,공용,2005-04-01,7.0
이탈리아,공용,2005-05-01,2.0
이탈리아,공용,2005-06-01,7.0
이탈리아,공용,2005-07-01,5.0
이탈리아,공용,2005-08-01,8.0
이탈리아,공용,2005-09-01,4.0
이탈리아,공용,2005-10-01,3.0
이탈리아,공용,2005-11-01,6.0
이탈리아,공용,2005-12-01,4.0
이탈리아,공용,2006-01-01,12.0
이탈리아,공용,2006-02-01,2.0
이탈리아,공용,2006-03-01,7.0
이탈리아,공용,2006-04-01,5.0
이탈리아,공용,2006-05-01,8.0
이탈리아,공용,2006-06-01,3.0
이탈리아,공용,2006-07-01,9.0
이탈리아,공용,2006-08-01,8.0
이탈리아,공용,2006-09-01,4.0
이탈리아,공용,2006-10-01,5.0
이탈리아,공용,2006-11-01,3.0
이탈리아,공용,2006-12-01,2.0
이탈리아,공용,2007-01-01,2.0
이탈리아,공용,2007-02-01,4.0
이탈리아,공용,2007-03-01,3.0
이탈리아,공용,2007-04-01,5.0
이탈리아,공용,2007-05-01,10.0
이탈리아,공용,2007-06-01,1.0
이탈리아,공용,2007-07-01,8.0
이탈리아,공용,2007-08-01,13.0
이탈리아,공용,2007-09-01,18.0
이탈리아,공용,2007-10-01,7.0
이탈리아,공용,2007-11-01,9.0
이탈리아,공용,2007-12-01,9.0
이탈리아,공용,2008-01-01,12.0
이탈리아,공용,2008-02-01,6.0
이탈리아,공용,2008-03-01,9.0
이탈리아,공용,2008-04-01,13.0
이탈리아,공용,2008-05-01,9.0
이탈리아,공용,2008-06-01,8.0
이탈리아,공용,2008-07-01,12.0
이탈리아,공용,2008-08-01,11.0
이탈리아,공용,2008-09-01,9.0
이탈리아,공용,2008-10-01,5.0
이탈리아,공용,2008-11-01,4.0
이탈리아,공용,2008-12-01,8.0
이탈리아,공용,2009-01-01,12.0
이탈리아,공용,2009-02-01,7.0
이탈리아,공용,2009-03-01,4.0
이탈리아,공용,2009-04-01,3.0
이탈리아,공용,2009-05-01,10.0
이탈리아,공용,2009-06-01,7.0
이탈리아,공용,2009-07-01,5.0
이탈리아,공용,2009-08-01,10.0
이탈리아,공용,2009-09-01,1.0
이탈리아,공용,2009-10-01,6.0
이탈리아,공용,2009-11-01,3.0
이탈리아,공용,2009-12-01,4.0
이탈리아,공용,2010-01-01,12.0
이탈리아,공용,2010-02-01,2.0
이탈리아,공용,2010-03-01,12.0
이탈리아,공용,2010-04-01,6.0
이탈리아,공용,2010-05-01,6.0
이탈리아,공용,2010-06-01,0.0
이탈리아,공용,2010-07-01,7.0
이탈리아,공용,2010-08-01,8.0
이탈리아,공용,2010-09-01,6.0
이탈리아,공용,2010-10-01,7.0
이탈리아,공용,2010-11-01,18.0
이탈리아,공용,2010-12-01,2.0
이탈리아,공용,2011-01-01,7.0
이탈리아,공용,2011-02-01,10.0
이탈리아,공용,2011-03-01,2.0
이탈리아,공용,2011-04-01,0.0
이탈리아,공용,2011-05-01,4.0
이탈리아,공용,2011-06-01,7.0
이탈리아,공용,2011-07-01,3.0
이탈리아,공용,2011-08-01,17.0
이탈리아,공용,2011-09-01,12.0
이탈리아,공용,2011-10-01,4.0
이탈리아,공용,2011-11-01,6.0
이탈리아,공용,2011-12-01,4.0
이탈리아,공용,2012-01-01,8.0
이탈리아,공용,2012-02-01,5.0
이탈리아,공용,2012-03-01,17.0
이탈리아,공용,2012-04-01,8.0
이탈리아,공용,2012-05-01,14.0
이탈리아,공용,2012-06-01,5.0
이탈리아,공용,2012-07-01,11.0
이탈리아,공용,2012-08-01,8.0
이탈리아,공용,2012-09-01,12.0
이탈리아,공용,2012-10-01,9.0
이탈리아,공용,2012-11-01,8.0
이탈리아,공용,2012-12-01,8.0
이탈리아,공용,2013-01-01,8.0
이탈리아,공용,2013-02-01,5.0
이탈리아,공용,2013-03-01,7.0
이탈리아,공용,2013-04-01,0.0
이탈리아,공용,2013-05-01,8.0
이탈리아,공용,2013-06-01,2.0
이탈리아,공용,2013-07-01,4.0
이탈리아,공용,2013-08-01,5.0
이탈리아,공용,2013-09-01,10.0
이탈리아,공용,2013-10-01,4.0
이탈리아,공용,2013-11-01,8.0
이탈리아,공용,2013-12-01,8.0
이탈리아,공용,2014-01-01,10.0
이탈리아,공용,2014-02-01,4.0
이탈리아,공용,2014-03-01,8.0
이탈리아,공용,2014-04-01,9.0
이탈리아,공용,2014-05-01,10.0
이탈리아,공용,2014-06-01,8.0
이탈리아,공용,2014-07-01,6.0
이탈리아,공용,2014-08-01,23.0
이탈리아,공용,2014-09-01,9.0
이탈리아,공용,2014-10-01,11.0
이탈리아,공용,2014-11-01,8.0
이탈리아,공용,2014-12-01,6.0
이탈리아,공용,2015-01-01,11.0
이탈리아,공용,2015-02-01,6.0
이탈리아,공용,2015-03-01,9.0
이탈리아,공용,2015-04-01,3.0
이탈리아,공용,2015-05-01,7.0
이탈리아,공용,2015-06-01,4.0
이탈리아,공용,2015-07-01,4.0
이탈리아,공용,2015-08-01,9.0
이탈리아,공용,2015-09-01,11.0
이탈리아,공용,2015-10-01,5.0
이탈리아,공용,2015-11-01,11.0
이탈리아,공용,2015-12-01,11.0
이탈리아,공용,2016-01-01,8.0
이탈리아,공용,2016-02-01,9.0
이탈리아,공용,2016-03-01,7.0
이탈리아,공용,2016-04-01,8.0
이탈리아,공용,2016-05-01,2.0
이탈리아,공용,2016-06-01,12.0
이탈리아,공용,2016-07-01,6.0
이탈리아,공용,2016-08-01,8.0
이탈리아,공용,2016-09-01,20.0
이탈리아,공용,2016-10-01,5.0
이탈리아,공용,2016-11-01,8.0
이탈리아,공용,2016-12-01,6.0
이탈리아,공용,2017-01-01,12.0
이탈리아,공용,2017-02-01,4.0
이탈리아,공용,2017-03-01,3.0
이탈리아,공용,2017-04-01,12.0
이탈리아,공용,2017-05-01,10.0
이탈리아,공용,2017-06-01,17.0
이탈리아,공용,2017-07-01,9.0
이탈리아,공용,2017-08-01,22.0
이탈리아,공용,2017-09-01,25.0
이탈리아,공용,2017-10-01,28.0
이탈리아,공용,2017-11-01,5.0
이탈리아,공용,2017-12-01,7.0
이탈리아,공용,2018-01-01,14.0
이탈리아,공용,2018-02-01,15.0
이탈리아,공용,2018-03-01,9.0
이탈리아,공용,2018-04-01,18.0
이탈리아,공용,2018-05-01,19.0
이탈리아,공용,2018-06-01,15.0
이탈리아,공용,2018-07-01,10.0
이탈리아,공용,2018-08-01,13.0
이탈리아,공용,2018-09-01,13.0
이탈리아,공용,2018-10-01,14.0
이탈리아,공용,2018-11-01,11.0
이탈리아,공용,2018-12-01,12.0
이탈리아,공용,2019-01-01,17.0
이탈리아,공용,2019-02-01,14.0
이탈리아,공용,2019-03-01,10.0
이탈리아,공용,2019-04-01,18.0
이탈리아,공용,2019-05-01,19.0
이탈리아,공용,2019-06-01,13.0
이탈리아,공용,2019-07-01,13.0
이탈리아,공용,2019-08-01,30.0
이탈리아,공용,2019-09-01,17.0
이탈리아,공용,2019-10-01,16.0
이탈리아,공용,2019-11-01,17.0
이탈리아,공용,2019-12-01,9.0
이탈리아,공용,2020-01-01,26.0
이탈리아,공용,2020-02-01,4.0
이탈리아,공용,2020-03-01,2.0
이탈리아,공용,2020-04-01,1.0
이탈리아,공용,2020-05-01,1.0
이탈리아,공용,2020-06-01,0.0
이탈리아,공용,2020-07-01,2.0
이탈리아,공용,2020-08-01,3.0
이탈리아,공용,2020-09-01,11.0
이탈리아,공용,2020-10-01,2.0
이탈리아,공용,2020-11-01,2.0
이탈리아,공용,2020-12-01,6.0
이탈리아,공용,2021-01-01,3.0
이탈리아,공용,2021-02-01,0.0
이탈리아,공용,2021-03-01,1.0
이탈리아,공용,2021-04-01,5.0
이탈리아,공용,2021-05-01,2.0
이탈리아,공용,2021-06-01,5.0
이탈리아,공용,2021-07-01,2.0
이탈리아,공용,2021-08-01,9.0
이탈리아,공용,2021-09-01,4.0
이탈리아,공용,2021-10-01,8.0
이탈리아,공용,2021-11-01,7.0
이탈리아,공용,2021-12-01,4.0
이탈리아,공용,2022-01-01,7.0
이탈리아,공용,2022-02-01,2.0
이탈리아,공용,2022-03-01,0.0
이탈리아,공용,2022-04-01,2.0
이탈리아,공용,2022-05-01,2.0
이탈리아,공용,2022-06-01,4.0
이탈리아,공용,2022-07-01,4.0
이탈리아,공용,2022-08-01,6.0
이탈리아,공용,2022-09-01,4.0
이탈리아,공용,2022-10-01,4.0
이탈리아,공용,2022-11-01,8.0
이탈리아,공용,2022-12-01,7.0
이탈리아,공용,2023-01-01,9.0
이탈리아,공용,2023-02-01,2.0
이탈리아,공용,2023-03-01,10.0
이탈리아,공용,2023-04-01,10.0
이탈리아,공용,2023-05-01,7.0
이탈리아,공용,2023-06-01,2.0
이탈리아,공용,2023-07-01,10.0
이탈리아,공용,2023-08-01,7.0
이탈리아,공용,2023-09-01,9.0
이탈리아,공용,2023-10-01,12.0
이탈리아,공용,2023-11-01,30.0
이탈리아,공용,2023-12-01,7.0
이탈리아,공용,2024-01-01,10.0
이탈리아,공용,2024-02-01,6.0
이탈리아,공용,2024-03-01,7.0
이탈리아,공용,2024-04-01,6.0
이탈리아,공용,2024-05-01,10.0
이탈리아,공용,2024-06-01,8.0
이탈리아,공용,2024-07-01,9.0
이탈리아,공용,2024-08-01,11.0
이탈리아,공용,2024-09-01,11.0
이탈리아,공용,2024-10-01,5.0
이탈리아,공용,2024-11-01,7.0
이탈리아,공용,2024-12-01,8.0
이탈리아,공용,2025-01-01,12.0
이탈리아,공용,2025-02-01,12.0
이탈리아,공용,2025-03-01,15.0
이탈리아,공용,2025-04-01,11.0
이탈리아,공용,2025-05-01,10.0
이탈리아,관광,2005-01-01,775.0
이탈리아,관광,2005-02-01,733.0
이탈리아,관광,2005-03-01,1097.0
이탈리아,관광,2005-04-01,1128.0
이탈리아,관광,2005-05-01,1332.0
이탈리아,관광,2005-06-01,1124.0
이탈리아,관광,2005-07-01,1261.0
이탈리아,관광,2005-08-01,1071.0
이탈리아,관광,2005-09-01,1100.0
이탈리아,관광,2005-10-01,1441.0
이탈리아,관광,2005-11-01,1469.0
이탈리아,관광,2005-12-01,956.0
이탈리아,관광,2006-01-01,1044.0
이탈리아,관광,2006-02-01,1018.0
이탈리아,관광,2006-03-01,1402.0
이탈리아,관광,2006-04-01,1270.0
이탈리아,관광,2006-05-01,1441.0
이탈리아,관광,2006-06-01,1225.0
이탈리아,관광,2006-07-01,1208.0
이탈리아,관광,2006-08-01,1515.0
이탈리아,관광,2006-09-01,1321.0
이탈리아,관광,2006-10-01,1644.0
이탈리아,관광,2006-11-01,1606.0
이탈리아,관광,2006-12-01,902.0
이탈리아,관광,2007-01-01,1143.0
이탈리아,관광,2007-02-01,1065.0
이탈리아,관광,2007-03-01,1594.0
이탈리아,관광,2007-04-01,1413.0
이탈리아,관광,2007-05-01,1482.0
이탈리아,관광,2007-06-01,1218.0
이탈리아,관광,2007-07-01,1307.0
이탈리아,관광,2007-08-01,1434.0
이탈리아,관광,2007-09-01,1365.0
이탈리아,관광,2007-10-01,1842.0
이탈리아,관광,2007-11-01,1690.0
이탈리아,관광,2007-12-01,1218.0
이탈리아,관광,2008-01-01,1395.0
이탈리아,관광,2008-02-01,1158.0
이탈리아,관광,2008-03-01,1445.0
이탈리아,관광,2008-04-01,1388.0
이탈리아,관광,2008-05-01,1568.0
이탈리아,관광,2008-06-01,1399.0
이탈리아,관광,2008-07-01,2308.0
이탈리아,관광,2008-08-01,1715.0
이탈리아,관광,2008-09-01,1537.0
이탈리아,관광,2008-10-01,2044.0
이탈리아,관광,2008-11-01,1612.0
이탈리아,관광,2008-12-01,1083.0
이탈리아,관광,2009-01-01,1250.0
이탈리아,관광,2009-02-01,1137.0
이탈리아,관광,2009-03-01,1626.0
이탈리아,관광,2009-04-01,1496.0
이탈리아,관광,2009-05-01,1638.0
이탈리아,관광,2009-06-01,1451.0
이탈리아,관광,2009-07-01,1769.0
이탈리아,관광,2009-08-01,1719.0
이탈리아,관광,2009-09-01,1504.0
이탈리아,관광,2009-10-01,1882.0
이탈리아,관광,2009-11-01,1838.0
이탈리아,관광,2009-12-01,1006.0
이탈리아,관광,2010-01-01,1157.0
이탈리아,관광,2010-02-01,1106.0
이탈리아,관광,2010-03-01,1711.0
이탈리아,관광,2010-04-01,1457.0
이탈리아,관광,2010-05-01,1810.0
이탈리아,관광,2010-06-01,1781.0
이탈리아,관광,2010-07-01,1651.0
이탈리아,관광,2010-08-01,1716.0
이탈리아,관광,2010-09-01,1518.0
이탈리아,관광,2010-10-01,2496.0
이탈리아,관광,2010-11-01,2129.0
이탈리아,관광,2010-12-01,1022.0
이탈리아,관광,2011-01-01,1341.0
이탈리아,관광,2011-02-01,1356.0
이탈리아,관광,2011-03-01,1586.0
이탈리아,관광,2011-04-01,1555.0
이탈리아,관광,2011-05-01,1861.0
이탈리아,관광,2011-06-01,1626.0
이탈리아,관광,2011-07-01,1587.0
이탈리아,관광,2011-08-01,1879.0
이탈리아,관광,2011-09-01,1750.0
이탈리아,관광,2011-10-01,2489.0
이탈리아,관광,2011-11-01,2240.0
이탈리아,관광,2011-12-01,1219.0
이탈리아,관광,2012-01-01,1320.0
이탈리아,관광,2012-02-01,1491.0
이탈리아,관광,2012-03-01,1898.0
이탈리아,관광,2012-04-01,1871.0
이탈리아,관광,2012-05-01,2309.0
이탈리아,관광,2012-06-01,1914.0
이탈리아,관광,2012-07-01,1981.0
이탈리아,관광,2012-08-01,1601.0
이탈리아,관광,2012-09-01,1903.0
이탈리아,관광,2012-10-01,2688.0
이탈리아,관광,2012-11-01,2267.0
이탈리아,관광,2012-12-01,1351.0
이탈리아,관광,2013-01-01,1425.0
이탈리아,관광,2013-02-01,1440.0
이탈리아,관광,2013-03-01,2144.0
이탈리아,관광,2013-04-01,1765.0
이탈리아,관광,2013-05-01,1992.0
이탈리아,관광,2013-06-01,2009.0
이탈리아,관광,2013-07-01,2087.0
이탈리아,관광,2013-08-01,1925.0
이탈리아,관광,2013-09-01,2087.0
이탈리아,관광,2013-10-01,2827.0
이탈리아,관광,2013-11-01,2383.0
이탈리아,관광,2013-12-01,1531.0
이탈리아,관광,2014-01-01,1412.0
이탈리아,관광,2014-02-01,1864.0
이탈리아,관광,2014-03-01,2643.0
이탈리아,관광,2014-04-01,2436.0
이탈리아,관광,2014-05-01,2352.0
이탈리아,관광,2014-06-01,2562.0
이탈리아,관광,2014-07-01,2342.0
이탈리아,관광,2014-08-01,2099.0
이탈리아,관광,2014-09-01,2359.0
이탈리아,관광,2014-10-01,2855.0
이탈리아,관광,2014-11-01,2767.0
이탈리아,관광,2014-12-01,1600.0
이탈리아,관광,2015-01-01,1524.0
이탈리아,관광,2015-02-01,1830.0
이탈리아,관광,2015-03-01,2537.0
이탈리아,관광,2015-04-01,2401.0
이탈리아,관광,2015-05-01,2339.0
이탈리아,관광,2015-06-01,2055.0
이탈리아,관광,2015-07-01,2268.0
이탈리아,관광,2015-08-01,2263.0
이탈리아,관광,2015-09-01,2411.0
이탈리아,관광,2015-10-01,3379.0
이탈리아,관광,2015-11-01,3008.0
이탈리아,관광,2015-12-01,1681.0
이탈리아,관광,2016-01-01,1828.0
이탈리아,관광,2016-02-01,1758.0
이탈리아,관광,2016-03-01,2592.0
이탈리아,관광,2016-04-01,2844.0
이탈리아,관광,2016-05-01,3152.0
이탈리아,관광,2016-06-01,2657.0
이탈리아,관광,2016-07-01,2519.0
이탈리아,관광,2016-08-01,2631.0
이탈리아,관광,2016-09-01,2683.0
이탈리아,관광,2016-10-01,3569.0
이탈리아,관광,2016-11-01,3098.0
이탈리아,관광,2016-12-01,1777.0
이탈리아,관광,2017-01-01,1799.0
이탈리아,관광,2017-02-01,2120.0
이탈리아,관광,2017-03-01,2722.0
이탈리아,관광,2017-04-01,2638.0
이탈리아,관광,2017-05-01,2554.0
이탈리아,관광,2017-06-01,2240.0
이탈리아,관광,2017-07-01,2708.0
이탈리아,관광,2017-08-01,2389.0
이탈리아,관광,2017-09-01,2389.0
이탈리아,관광,2017-10-01,2815.0
이탈리아,관광,2017-11-01,3270.0
이탈리아,관광,2017-12-01,1813.0
이탈리아,관광,2018-01-01,2120.0
이탈리아,관광,2018-02-01,2464.0
이탈리아,관광,2018-03-01,2890.0
이탈리아,관광,2018-04-01,3233.0
이탈리아,관광,2018-05-01,3020.0
이탈리아,관광,2018-06-01,2882.0
이탈리아,관광,2018-07-01,2864.0
이탈리아,관광,2018-08-01,3058.0
이탈리아,관광,2018-09-01,3312.0
이탈리아,관광,2018-10-01,3827.0
이탈리아,관광,2018-11-01,3392.0
이탈리아,관광,2018-12-01,1967.0
이탈리아,관광,2019-01-01,1968.0
이탈리아,관광,2019-02-01,1685.0
이탈리아,관광,2019-03-01,2931.0
이탈리아,관광,2019-04-01,3238.0
이탈리아,관광,2019-05-01,3400.0
이탈리아,관광,2019-06-01,3039.0
이탈리아,관광,2019-07-01,3259.0
이탈리아,관광,2019-08-01,3861.0
이탈리아,관광,2019-09-01,3550.0
이탈리아,관광,2019-10-01,3781.0
이탈리아,관광,2019-11-01,3547.0
이탈리아,관광,2019-12-01,2299.0
이탈리아,관광,2020-01-01,2006.0
이탈리아,관광,2020-02-01,1045.0
이탈리아,관광,2020-03-01,73.0
이탈리아,관광,2020-04-01,11.0
이탈리아,관광,2020-05-01,10.0
이탈리아,관광,2020-06-01,30.0
이탈리아,관광,2020-07-01,7.0
이탈리아,관광,2020-08-01,2.0
이탈리아,관광,2020-09-01,4.0
이탈리아,관광,2020-10-01,7.0
이탈리아,관광,2020-11-01,5.0
이탈리아,관광,2020-12-01,5.0
이탈리아,관광,2021-01-01,5.0
이탈리아,관광,2021-02-01,3.0
이탈리아,관광,2021-03-01,3.0
이탈리아,관광,2021-04-01,10.0
이탈리아,관광,2021-05-01,14.0
이탈리아,관광,2021-06-01,16.0
이탈리아,관광,2021-07-01,26.0
이탈리아,관광,2021-08-01,34.0
이탈리아,관광,2021-09-01,102.0
이탈리아,관광,2021-10-01,271.0
이탈리아,관광,2021-11-01,406.0
이탈리아,관광,2021-12-01,97.0
이탈리아,관광,2022-01-01,92.0
이탈리아,관광,2022-02-01,136.0
이탈리아,관광,2022-03-01,205.0
이탈리아,관광,2022-04-01,614.0
이탈리아,관광,2022-05-01,968.0
이탈리아,관광,2022-06-01,1088.0
이탈리아,관광,2022-07-01,1251.0
이탈리아,관광,2022-08-01,1771.0
이탈리아,관광,2022-09-01,1706.0
이탈리아,관광,2022-10-01,2593.0
이탈리아,관광,2022-11-01,2246.0
이탈리아,관광,2022-12-01,1397.0
이탈리아,관광,2023-01-01,1403.0
이탈리아,관광,2023-02-01,1414.0
이탈리아,관광,2023-03-01,3235.0
이탈리아,관광,2023-04-01,3981.0
이탈리아,관광,2023-05-01,3026.0
이탈리아,관광,2023-06-01,2606.0
이탈리아,관광,2023-07-01,3229.0
이탈리아,관광,2023-08-01,6381.0
이탈리아,관광,2023-09-01,3554.0
이탈리아,관광,2023-10-01,3943.0
이탈리아,관광,2023-11-01,3564.0
이탈리아,관광,2023-12-01,2378.0
이탈리아,관광,2024-01-01,2008.0
이탈리아,관광,2024-02-01,1714.0
이탈리아,관광,2024-03-01,4864.0
이탈리아,관광,2024-04-01,5636.0
이탈리아,관광,2024-05-01,4300.0
이탈리아,관광,2024-06-01,3775.0
이탈리아,관광,2024-07-01,3898.0
이탈리아,관광,2024-08-01,8199.0
이탈리아,관광,2024-09-01,4764.0
이탈리아,관광,2024-10-01,5895.0
이탈리아,관광,2024-11-01,4653.0
이탈리아,관광,2024-12-01,3203.0
이탈리아,관광,2025-01-01,1935.0
이탈리아,관광,2025-02-01,2281.0
이탈리아,관광,2025-03-01,4826.0
이탈리아,관광,2025-04-01,8218.0
이탈리아,관광,2025-05-01,5083.0
이탈리아,상용,2005-01-01,36.0
이탈리아,상용,2005-02-01,25.0
이탈리아,상용,2005-03-01,17.0
이탈리아,상용,2005-04-01,27.0
이탈리아,상용,2005-05-01,13.0
이탈리아,상용,2005-06-01,22.0
이탈리아,상용,2005-07-01,26.0
이탈리아,상용,2005-08-01,22.0
이탈리아,상용,2005-09-01,23.0
이탈리아,상용,2005-10-01,27.0
이탈리아,상용,2005-11-01,20.0
이탈리아,상용,2005-12-01,27.0
이탈리아,상용,2006-01-01,41.0
이탈리아,상용,2006-02-01,20.0
이탈리아,상용,2006-03-01,24.0
이탈리아,상용,2006-04-01,27.0
이탈리아,상용,2006-05-01,32.0
이탈리아,상용,2006-06-01,22.0
이탈리아,상용,2006-07-01,26.0
이탈리아,상용,2006-08-01,25.0
이탈리아,상용,2006-09-01,15.0
이탈리아,상용,2006-10-01,33.0
이탈리아,상용,2006-11-01,27.0
이탈리아,상용,2006-12-01,20.0
이탈리아,상용,2007-01-01,49.0
이탈리아,상용,2007-02-01,27.0
이탈리아,상용,2007-03-01,30.0
이탈리아,상용,2007-04-01,26.0
이탈리아,상용,2007-05-01,21.0
이탈리아,상용,2007-06-01,25.0
이탈리아,상용,2007-07-01,24.0
이탈리아,상용,2007-08-01,25.0
이탈리아,상용,2007-09-01,34.0
이탈리아,상용,2007-10-01,28.0
이탈리아,상용,2007-11-01,28.0
이탈리아,상용,2007-12-01,22.0
이탈리아,상용,2008-01-01,33.0
이탈리아,상용,2008-02-01,23.0
이탈리아,상용,2008-03-01,22.0
이탈리아,상용,2008-04-01,23.0
이탈리아,상용,2008-05-01,38.0
이탈리아,상용,2008-06-01,33.0
이탈리아,상용,2008-07-01,24.0
이탈리아,상용,2008-08-01,31.0
이탈리아,상용,2008-09-01,36.0
이탈리아,상용,2008-10-01,32.0
이탈리아,상용,2008-11-01,24.0
이탈리아,상용,2008-12-01,24.0
이탈리아,상용,2009-01-01,42.0
이탈리아,상용,2009-02-01,19.0
이탈리아,상용,2009-03-01,30.0
이탈리아,상용,2009-04-01,25.0
이탈리아,상용,2009-05-01,20.0
이탈리아,상용,2009-06-01,19.0
이탈리아,상용,2009-07-01,16.0
이탈리아,상용,2009-08-01,44.0
이탈리아,상용,2009-09-01,22.0
이탈리아,상용,2009-10-01,20.0
이탈리아,상용,2009-11-01,24.0
이탈리아,상용,2009-12-01,27.0
이탈리아,상용,2010-01-01,40.0
이탈리아,상용,2010-02-01,28.0
이탈리아,상용,2010-03-01,38.0
이탈리아,상용,2010-04-01,27.0
이탈리아,상용,2010-05-01,30.0
이탈리아,상용,2010-06-01,26.0
이탈리아,상용,2010-07-01,33.0
이탈리아,상용,2010-08-01,27.0
이탈리아,상용,2010-09-01,37.0
이탈리아,상용,2010-10-01,24.0
이탈리아,상용,2010-11-01,25.0
이탈리아,상용,2010-12-01,29.0
이탈리아,상용,2011-01-01,36.0
이탈리아,상용,2011-02-01,42.0
이탈리아,상용,2011-03-01,20.0
이탈리아,상용,2011-04-01,23.0
이탈리아,상용,2011-05-01,17.0
이탈리아,상용,2011-06-01,27.0
이탈리아,상용,2011-07-01,27.0
이탈리아,상용,2011-08-01,26.0
이탈리아,상용,2011-09-01,29.0
이탈리아,상용,2011-10-01,25.0
이탈리아,상용,2011-11-01,24.0
이탈리아,상용,2011-12-01,22.0
이탈리아,상용,2012-01-01,44.0
이탈리아,상용,2012-02-01,25.0
이탈리아,상용,2012-03-01,28.0
이탈리아,상용,2012-04-01,34.0
이탈리아,상용,2012-05-01,30.0
이탈리아,상용,2012-06-01,25.0
이탈리아,상용,2012-07-01,33.0
이탈리아,상용,2012-08-01,31.0
이탈리아,상용,2012-09-01,30.0
이탈리아,상용,2012-10-01,39.0
이탈리아,상용,2012-11-01,31.0
이탈리아,상용,2012-12-01,27.0
이탈리아,상용,2013-01-01,42.0
이탈리아,상용,2013-02-01,31.0
이탈리아,상용,2013-03-01,41.0
이탈리아,상용,2013-04-01,48.0
이탈리아,상용,2013-05-01,41.0
이탈리아,상용,2013-06-01,49.0
이탈리아,상용,2013-07-01,50.0
이탈리아,상용,2013-08-01,47.0
이탈리아,상용,2013-09-01,57.0
이탈리아,상용,2013-10-01,50.0
이탈리아,상용,2013-11-01,49.0
이탈리아,상용,2013-12-01,32.0
이탈리아,상용,2014-01-01,69.0
이탈리아,상용,2014-02-01,61.0
이탈리아,상용,2014-03-01,66.0
이탈리아,상용,2014-04-01,93.0
이탈리아,상용,2014-05-01,107.0
이탈리아,상용,2014-06-01,83.0
이탈리아,상용,2014-07-01,90.0
이탈리아,상용,2014-08-01,100.0
이탈리아,상용,2014-09-01,170.0
이탈리아,상용,2014-10-01,100.0
이탈리아,상용,2014-11-01,86.0
이탈리아,상용,2014-12-01,45.0
이탈리아,상용,2015-01-01,177.0
이탈리아,상용,2015-02-01,72.0
이탈리아,상용,2015-03-01,70.0
이탈리아,상용,2015-04-01,60.0
이탈리아,상용,2015-05-01,71.0
이탈리아,상용,2015-06-01,54.0
이탈리아,상용,2015-07-01,53.0
이탈리아,상용,2015-08-01,70.0
이탈리아,상용,2015-09-01,58.0
이탈리아,상용,2015-10-01,70.0
이탈리아,상용,2015-11-01,68.0
이탈리아,상용,2015-12-01,51.0
이탈리아,상용,2016-01-01,107.0
이탈리아,상용,2016-02-01,62.0
이탈리아,상용,2016-03-01,65.0
이탈리아,상용,2016-04-01,79.0
이탈리아,상용,2016-05-01,62.0
이탈리아,상용,2016-06-01,80.0
이탈리아,상용,2016-07-01,67.0
이탈리아,상용,2016-08-01,77.0
이탈리아,상용,2016-09-01,72.0
이탈리아,상용,2016-10-01,65.0
이탈리아,상용,2016-11-01,62.0
이탈리아,상용,2016-12-01,52.0
이탈리아,상용,2017-01-01,98.0
이탈리아,상용,2017-02-01,43.0
이탈리아,상용,2017-03-01,76.0
이탈리아,상용,2017-04-01,61.0
이탈리아,상용,2017-05-01,77.0
이탈리아,상용,2017-06-01,52.0
이탈리아,상용,2017-07-01,58.0
이탈리아,상용,2017-08-01,62.0
이탈리아,상용,2017-09-01,52.0
이탈리아,상용,2017-10-01,77.0
이탈리아,상용,2017-11-01,40.0
이탈리아,상용,2017-12-01,41.0
이탈리아,상용,2018-01-01,89.0
이탈리아,상용,2018-02-01,48.0
이탈리아,상용,2018-03-01,66.0
이탈리아,상용,2018-04-01,62.0
이탈리아,상용,2018-05-01,66.0
이탈리아,상용,2018-06-01,47.0
이탈리아,상용,2018-07-01,67.0
이탈리아,상용,2018-08-01,73.0
이탈리아,상용,2018-09-01,76.0
이탈리아,상용,2018-10-01,68.0
이탈리아,상용,2018-11-01,55.0
이탈리아,상용,2018-12-01,45.0
이탈리아,상용,2019-01-01,83.0
이탈리아,상용,2019-02-01,52.0
이탈리아,상용,2019-03-01,64.0
이탈리아,상용,2019-04-01,46.0
이탈리아,상용,2019-05-01,61.0
이탈리아,상용,2019-06-01,47.0
이탈리아,상용,2019-07-01,62.0
이탈리아,상용,2019-08-01,87.0
이탈리아,상용,2019-09-01,81.0
이탈리아,상용,2019-10-01,66.0
이탈리아,상용,2019-11-01,80.0
이탈리아,상용,2019-12-01,52.0
이탈리아,상용,2020-01-01,138.0
이탈리아,상용,2020-02-01,38.0
이탈리아,상용,2020-03-01,13.0
이탈리아,상용,2020-04-01,5.0
이탈리아,상용,2020-05-01,12.0
이탈리아,상용,2020-06-01,7.0
이탈리아,상용,2020-07-01,12.0
이탈리아,상용,2020-08-01,26.0
이탈리아,상용,2020-09-01,17.0
이탈리아,상용,2020-10-01,40.0
이탈리아,상용,2020-11-01,27.0
이탈리아,상용,2020-12-01,16.0
이탈리아,상용,2021-01-01,47.0
이탈리아,상용,2021-02-01,22.0
이탈리아,상용,2021-03-01,15.0
이탈리아,상용,2021-04-01,24.0
이탈리아,상용,2021-05-01,37.0
이탈리아,상용,2021-06-01,31.0
이탈리아,상용,2021-07-01,29.0
이탈리아,상용,2021-08-01,72.0
이탈리아,상용,2021-09-01,58.0
이탈리아,상용,2021-10-01,25.0
이탈리아,상용,2021-11-01,16.0
이탈리아,상용,2021-12-01,6.0
이탈리아,상용,2022-01-01,52.0
이탈리아,상용,2022-02-01,12.0
이탈리아,상용,2022-03-01,4.0
이탈리아,상용,2022-04-01,24.0
이탈리아,상용,2022-05-01,28.0
이탈리아,상용,2022-06-01,29.0
이탈리아,상용,2022-07-01,18.0
이탈리아,상용,2022-08-01,34.0
이탈리아,상용,2022-09-01,38.0
이탈리아,상용,2022-10-01,24.0
이탈리아,상용,2022-11-01,38.0
이탈리아,상용,2022-12-01,16.0
이탈리아,상용,2023-01-01,57.0
이탈리아,상용,2023-02-01,35.0
이탈리아,상용,2023-03-01,33.0
이탈리아,상용,2023-04-01,43.0
이탈리아,상용,2023-05-01,40.0
이탈리아,상용,2023-06-01,29.0
이탈리아,상용,2023-07-01,34.0
이탈리아,상용,2023-08-01,40.0
이탈리아,상용,2023-09-01,46.0
이탈리아,상용,2023-10-01,48.0
이탈리아,상용,2023-11-01,21.0
이탈리아,상용,2023-12-01,32.0
이탈리아,상용,2024-01-01,60.0
이탈리아,상용,2024-02-01,38.0
이탈리아,상용,2024-03-01,40.0
이탈리아,상용,2024-04-01,35.0
이탈리아,상용,2024-05-01,47.0
이탈리아,상용,2024-06-01,41.0
이탈리아,상용,2024-07-01,33.0
이탈리아,상용,2024-08-01,50.0
이탈리아,상용,2024-09-01,51.0
이탈리아,상용,2024-10-01,41.0
이탈리아,상용,2024-11-01,51.0
이탈리아,상용,2024-12-01,23.0
이탈리아,상용,2025-01-01,79.0
이탈리아,상용,2025-02-01,47.0
이탈리아,상용,2025-03-01,57.0
이탈리아,상용,2025-04-01,49.0
이탈리아,상용,2025-05-01,61.0
이탈리아,유학연수,2005-01-01,8.0
이탈리아,유학연수,2005-02-01,1.0
이탈리아,유학연수,2005-03-01,2.0
이탈리아,유학연수,2005-04-01,1.0
이탈리아,유학연수,2005-05-01,1.0
이탈리아,유학연수,2005-06-01,2.0
이탈리아,유학연수,2005-07-01,2.0
이탈리아,유학연수,2005-08-01,5.0
이탈리아,유학연수,2005-09-01,2.0
이탈리아,유학연수,2005-10-01,1.0
이탈리아,유학연수,2005-11-01,6.0
이탈리아,유학연수,2005-12-01,1.0
이탈리아,유학연수,2006-01-01,2.0
이탈리아,유학연수,2006-02-01,2.0
이탈리아,유학연수,2006-03-01,0.0
이탈리아,유학연수,2006-04-01,0.0
이탈리아,유학연수,2006-05-01,0.0
이탈리아,유학연수,2006-06-01,0.0
이탈리아,유학연수,2006-07-01,0.0
이탈리아,유학연수,2006-08-01,13.0
이탈리아,유학연수,2006-09-01,1.0
이탈리아,유학연수,2006-10-01,5.0
이탈리아,유학연수,2006-11-01,1.0
이탈리아,유학연수,2006-12-01,3.0
이탈리아,유학연수,2007-01-01,3.0
이탈리아,유학연수,2007-02-01,2.0
이탈리아,유학연수,2007-03-01,6.0
이탈리아,유학연수,2007-04-01,2.0
이탈리아,유학연수,2007-05-01,4.0
이탈리아,유학연수,2007-06-01,2.0
이탈리아,유학연수,2007-07-01,3.0
이탈리아,유학연수,2007-08-01,10.0
이탈리아,유학연수,2007-09-01,5.0
이탈리아,유학연수,2007-10-01,2.0
이탈리아,유학연수,2007-11-01,6.0
이탈리아,유학연수,2007-12-01,2.0
이탈리아,유학연수,2008-01-01,4.0
이탈리아,유학연수,2008-02-01,8.0
이탈리아,유학연수,2008-03-01,3.0
이탈리아,유학연수,2008-04-01,3.0
이탈리아,유학연수,2008-05-01,6.0
이탈리아,유학연수,2008-06-01,8.0
이탈리아,유학연수,2008-07-01,5.0
이탈리아,유학연수,2008-08-01,17.0
이탈리아,유학연수,2008-09-01,0.0
이탈리아,유학연수,2008-10-01,4.0
이탈리아,유학연수,2008-11-01,6.0
이탈리아,유학연수,2008-12-01,2.0
이탈리아,유학연수,2009-01-01,12.0
이탈리아,유학연수,2009-02-01,13.0
이탈리아,유학연수,2009-03-01,8.0
이탈리아,유학연수,2009-04-01,6.0
이탈리아,유학연수,2009-05-01,8.0
이탈리아,유학연수,2009-06-01,8.0
이탈리아,유학연수,2009-07-01,3.0
이탈리아,유학연수,2009-08-01,31.0
이탈리아,유학연수,2009-09-01,9.0
이탈리아,유학연수,2009-10-01,8.0
이탈리아,유학연수,2009-11-01,15.0
이탈리아,유학연수,2009-12-01,11.0
이탈리아,유학연수,2010-01-01,12.0
이탈리아,유학연수,2010-02-01,19.0
이탈리아,유학연수,2010-03-01,6.0
이탈리아,유학연수,2010-04-01,7.0
이탈리아,유학연수,2010-05-01,3.0
