국적,목적,날짜,입국자수
벨기에,관광,2017-12-01,449.0
벨기에,관광,2018-01-01,515.0
벨기에,관광,2018-02-01,581.0
벨기에,관광,2018-03-01,870.0
벨기에,관광,2018-04-01,1131.0
벨기에,관광,2018-05-01,805.0
벨기에,관광,2018-06-01,753.0
벨기에,관광,2018-07-01,1101.0
벨기에,관광,2018-08-01,747.0
벨기에,관광,2018-09-01,954.0
벨기에,관광,2018-10-01,1195.0
벨기에,관광,2018-11-01,811.0
벨기에,관광,2018-12-01,585.0
벨기에,관광,2019-01-01,490.0
벨기에,관광,2019-02-01,452.0
벨기에,관광,2019-03-01,1161.0
벨기에,관광,2019-04-01,1313.0
벨기에,관광,2019-05-01,1012.0
벨기에,관광,2019-06-01,986.0
벨기에,관광,2019-07-01,1374.0
벨기에,관광,2019-08-01,995.0
벨기에,관광,2019-09-01,1300.0
벨기에,관광,2019-10-01,1281.0
벨기에,관광,2019-11-01,941.0
벨기에,관광,2019-12-01,570.0
벨기에,관광,2020-01-01,471.0
벨기에,관광,2020-02-01,343.0
벨기에,관광,2020-03-01,62.0
벨기에,관광,2020-04-01,7.0
벨기에,관광,2020-05-01,1.0
벨기에,관광,2020-06-01,7.0
벨기에,관광,2020-07-01,4.0
벨기에,관광,2020-08-01,9.0
벨기에,관광,2020-09-01,5.0
벨기에,관광,2020-10-01,4.0
벨기에,관광,2020-11-01,15.0
벨기에,관광,2020-12-01,10.0
벨기에,관광,2021-01-01,17.0
벨기에,관광,2021-02-01,16.0
벨기에,관광,2021-03-01,10.0
벨기에,관광,2021-04-01,4.0
벨기에,관광,2021-05-01,6.0
벨기에,관광,2021-06-01,23.0
벨기에,관광,2021-07-01,25.0
벨기에,관광,2021-08-01,28.0
벨기에,관광,2021-09-01,73.0
벨기에,관광,2021-10-01,104.0
벨기에,관광,2021-11-01,94.0
벨기에,관광,2021-12-01,36.0
벨기에,관광,2022-01-01,39.0
벨기에,관광,2022-02-01,66.0
벨기에,관광,2022-03-01,52.0
벨기에,관광,2022-04-01,255.0
벨기에,관광,2022-05-01,371.0
벨기에,관광,2022-06-01,418.0
벨기에,관광,2022-07-01,692.0
벨기에,관광,2022-08-01,579.0
벨기에,관광,2022-09-01,848.0
벨기에,관광,2022-10-01,938.0
벨기에,관광,2022-11-01,770.0
벨기에,관광,2022-12-01,478.0
벨기에,관광,2023-01-01,363.0
벨기에,관광,2023-02-01,461.0
벨기에,관광,2023-03-01,961.0
벨기에,관광,2023-04-01,1613.0
벨기에,관광,2023-05-01,1282.0
벨기에,관광,2023-06-01,911.0
벨기에,관광,2023-07-01,2555.0
벨기에,관광,2023-08-01,1109.0
벨기에,관광,2023-09-01,1623.0
벨기에,관광,2023-10-01,1629.0
벨기에,관광,2023-11-01,1058.0
벨기에,관광,2023-12-01,678.0
벨기에,관광,2024-01-01,467.0
벨기에,관광,2024-02-01,652.0
벨기에,관광,2024-03-01,1439.0
벨기에,관광,2024-04-01,2262.0
벨기에,관광,2024-05-01,1637.0
벨기에,관광,2024-06-01,1213.0
벨기에,관광,2024-07-01,1770.0
벨기에,관광,2024-08-01,1382.0
벨기에,관광,2024-09-01,2020.0
벨기에,관광,2024-10-01,2136.0
벨기에,관광,2024-11-01,1231.0
벨기에,관광,2024-12-01,765.0
벨기에,관광,2025-01-01,532.0
벨기에,관광,2025-02-01,689.0
벨기에,관광,2025-03-01,1342.0
벨기에,관광,2025-04-01,2642.0
벨기에,관광,2025-05-01,1831.0
벨기에,상용,2005-01-01,32.0
벨기에,상용,2005-02-01,21.0
벨기에,상용,2005-03-01,18.0
벨기에,상용,2005-04-01,27.0
벨기에,상용,2005-05-01,17.0
벨기에,상용,2005-06-01,26.0
벨기에,상용,2005-07-01,16.0
벨기에,상용,2005-08-01,29.0
벨기에,상용,2005-09-01,29.0
벨기에,상용,2005-10-01,23.0
벨기에,상용,2005-11-01,26.0
벨기에,상용,2005-12-01,25.0
벨기에,상용,2006-01-01,37.0
벨기에,상용,2006-02-01,16.0
벨기에,상용,2006-03-01,24.0
벨기에,상용,2006-04-01,24.0
벨기에,상용,2006-05-01,23.0
벨기에,상용,2006-06-01,28.0
벨기에,상용,2006-07-01,15.0
벨기에,상용,2006-08-01,19.0
벨기에,상용,2006-09-01,19.0
벨기에,상용,2006-10-01,23.0
벨기에,상용,2006-11-01,15.0
벨기에,상용,2006-12-01,16.0
벨기에,상용,2007-01-01,21.0
벨기에,상용,2007-02-01,18.0
벨기에,상용,2007-03-01,21.0
벨기에,상용,2007-04-01,24.0
벨기에,상용,2007-05-01,17.0
벨기에,상용,2007-06-01,20.0
벨기에,상용,2007-07-01,20.0
벨기에,상용,2007-08-01,20.0
벨기에,상용,2007-09-01,18.0
벨기에,상용,2007-10-01,22.0
벨기에,상용,2007-11-01,25.0
벨기에,상용,2007-12-01,17.0
벨기에,상용,2008-01-01,25.0
벨기에,상용,2008-02-01,15.0
벨기에,상용,2008-03-01,29.0
벨기에,상용,2008-04-01,22.0
벨기에,상용,2008-05-01,32.0
벨기에,상용,2008-06-01,18.0
벨기에,상용,2008-07-01,12.0
벨기에,상용,2008-08-01,24.0
벨기에,상용,2008-09-01,16.0
벨기에,상용,2008-10-01,20.0
벨기에,상용,2008-11-01,21.0
벨기에,상용,2008-12-01,18.0
벨기에,상용,2009-01-01,27.0
벨기에,상용,2009-02-01,11.0
벨기에,상용,2009-03-01,29.0
벨기에,상용,2009-04-01,10.0
벨기에,상용,2009-05-01,14.0
벨기에,상용,2009-06-01,18.0
벨기에,상용,2009-07-01,12.0
벨기에,상용,2009-08-01,17.0
벨기에,상용,2009-09-01,12.0
벨기에,상용,2009-10-01,16.0
벨기에,상용,2009-11-01,14.0
벨기에,상용,2009-12-01,12.0
벨기에,상용,2010-01-01,25.0
벨기에,상용,2010-02-01,17.0
벨기에,상용,2010-03-01,16.0
벨기에,상용,2010-04-01,18.0
벨기에,상용,2010-05-01,24.0
벨기에,상용,2010-06-01,21.0
벨기에,상용,2010-07-01,24.0
벨기에,상용,2010-08-01,30.0
벨기에,상용,2010-09-01,33.0
벨기에,상용,2010-10-01,27.0
벨기에,상용,2010-11-01,26.0
벨기에,상용,2010-12-01,26.0
벨기에,상용,2011-01-01,32.0
벨기에,상용,2011-02-01,27.0
벨기에,상용,2011-03-01,20.0
벨기에,상용,2011-04-01,29.0
벨기에,상용,2011-05-01,26.0
벨기에,상용,2011-06-01,17.0
벨기에,상용,2011-07-01,22.0
벨기에,상용,2011-08-01,25.0
벨기에,상용,2011-09-01,27.0
벨기에,상용,2011-10-01,33.0
벨기에,상용,2011-11-01,36.0
벨기에,상용,2011-12-01,29.0
벨기에,상용,2012-01-01,35.0
벨기에,상용,2012-02-01,29.0
벨기에,상용,2012-03-01,35.0
벨기에,상용,2012-04-01,28.0
벨기에,상용,2012-05-01,23.0
벨기에,상용,2012-06-01,31.0
벨기에,상용,2012-07-01,30.0
벨기에,상용,2012-08-01,24.0
벨기에,상용,2012-09-01,23.0
벨기에,상용,2012-10-01,28.0
벨기에,상용,2012-11-01,31.0
벨기에,상용,2012-12-01,34.0
벨기에,상용,2013-01-01,30.0
벨기에,상용,2013-02-01,30.0
벨기에,상용,2013-03-01,40.0
벨기에,상용,2013-04-01,29.0
벨기에,상용,2013-05-01,31.0
벨기에,상용,2013-06-01,35.0
벨기에,상용,2013-07-01,32.0
벨기에,상용,2013-08-01,39.0
벨기에,상용,2013-09-01,44.0
벨기에,상용,2013-10-01,24.0
벨기에,상용,2013-11-01,24.0
벨기에,상용,2013-12-01,30.0
벨기에,상용,2014-01-01,43.0
벨기에,상용,2014-02-01,21.0
벨기에,상용,2014-03-01,26.0
벨기에,상용,2014-04-01,26.0
벨기에,상용,2014-05-01,21.0
벨기에,상용,2014-06-01,27.0
벨기에,상용,2014-07-01,18.0
벨기에,상용,2014-08-01,27.0
벨기에,상용,2014-09-01,29.0
벨기에,상용,2014-10-01,15.0
벨기에,상용,2014-11-01,24.0
벨기에,상용,2014-12-01,17.0
벨기에,상용,2015-01-01,34.0
벨기에,상용,2015-02-01,18.0
벨기에,상용,2015-03-01,21.0
벨기에,상용,2015-04-01,23.0
벨기에,상용,2015-05-01,34.0
벨기에,상용,2015-06-01,19.0
벨기에,상용,2015-07-01,20.0
벨기에,상용,2015-08-01,17.0
벨기에,상용,2015-09-01,20.0
벨기에,상용,2015-10-01,19.0
벨기에,상용,2015-11-01,22.0
벨기에,상용,2015-12-01,15.0
벨기에,상용,2016-01-01,18.0
벨기에,상용,2016-02-01,21.0
벨기에,상용,2016-03-01,16.0
벨기에,상용,2016-04-01,26.0
벨기에,상용,2016-05-01,20.0
벨기에,상용,2016-06-01,16.0
벨기에,상용,2016-07-01,22.0
벨기에,상용,2016-08-01,19.0
벨기에,상용,2016-09-01,25.0
벨기에,상용,2016-10-01,18.0
벨기에,상용,2016-11-01,15.0
벨기에,상용,2016-12-01,7.0
벨기에,상용,2017-01-01,20.0
벨기에,상용,2017-02-01,9.0
벨기에,상용,2017-03-01,20.0
벨기에,상용,2017-04-01,13.0
벨기에,상용,2017-05-01,20.0
벨기에,상용,2017-06-01,13.0
벨기에,상용,2017-07-01,13.0
벨기에,상용,2017-08-01,15.0
벨기에,상용,2017-09-01,19.0
벨기에,상용,2017-10-01,22.0
벨기에,상용,2017-11-01,20.0
벨기에,상용,2017-12-01,17.0
벨기에,상용,2018-01-01,23.0
벨기에,상용,2018-02-01,13.0
벨기에,상용,2018-03-01,10.0
벨기에,상용,2018-04-01,19.0
벨기에,상용,2018-05-01,17.0
벨기에,상용,2018-06-01,17.0
벨기에,상용,2018-07-01,16.0
벨기에,상용,2018-08-01,22.0
벨기에,상용,2018-09-01,10.0
벨기에,상용,2018-10-01,16.0
벨기에,상용,2018-11-01,17.0
벨기에,상용,2018-12-01,19.0
벨기에,상용,2019-01-01,24.0
벨기에,상용,2019-02-01,16.0
벨기에,상용,2019-03-01,16.0
벨기에,상용,2019-04-01,20.0
벨기에,상용,2019-05-01,21.0
벨기에,상용,2019-06-01,19.0
벨기에,상용,2019-07-01,15.0
벨기에,상용,2019-08-01,17.0
벨기에,상용,2019-09-01,15.0
벨기에,상용,2019-10-01,17.0
벨기에,상용,2019-11-01,24.0
벨기에,상용,2019-12-01,11.0
벨기에,상용,2020-01-01,27.0
벨기에,상용,2020-02-01,8.0
벨기에,상용,2020-03-01,6.0
벨기에,상용,2020-04-01,3.0
벨기에,상용,2020-05-01,3.0
벨기에,상용,2020-06-01,2.0
벨기에,상용,2020-07-01,4.0
벨기에,상용,2020-08-01,6.0
벨기에,상용,2020-09-01,5.0
벨기에,상용,2020-10-01,8.0
벨기에,상용,2020-11-01,11.0
벨기에,상용,2020-12-01,2.0
벨기에,상용,2021-01-01,9.0
벨기에,상용,2021-02-01,11.0
벨기에,상용,2021-03-01,4.0
벨기에,상용,2021-04-01,6.0
벨기에,상용,2021-05-01,12.0
벨기에,상용,2021-06-01,10.0
벨기에,상용,2021-07-01,17.0
벨기에,상용,2021-08-01,21.0
벨기에,상용,2021-09-01,14.0
벨기에,상용,2021-10-01,5.0
벨기에,상용,2021-11-01,10.0
벨기에,상용,2021-12-01,1.0
벨기에,상용,2022-01-01,13.0
벨기에,상용,2022-02-01,3.0
벨기에,상용,2022-03-01,6.0
벨기에,상용,2022-04-01,7.0
벨기에,상용,2022-05-01,6.0
벨기에,상용,2022-06-01,8.0
벨기에,상용,2022-07-01,8.0
벨기에,상용,2022-08-01,12.0
벨기에,상용,2022-09-01,6.0
벨기에,상용,2022-10-01,15.0
벨기에,상용,2022-11-01,12.0
벨기에,상용,2022-12-01,10.0
벨기에,상용,2023-01-01,20.0
벨기에,상용,2023-02-01,14.0
벨기에,상용,2023-03-01,16.0
벨기에,상용,2023-04-01,9.0
벨기에,상용,2023-05-01,14.0
벨기에,상용,2023-06-01,13.0
벨기에,상용,2023-07-01,15.0
벨기에,상용,2023-08-01,16.0
벨기에,상용,2023-09-01,16.0
벨기에,상용,2023-10-01,17.0
벨기에,상용,2023-11-01,28.0
벨기에,상용,2023-12-01,12.0
벨기에,상용,2024-01-01,28.0
벨기에,상용,2024-02-01,19.0
벨기에,상용,2024-03-01,17.0
벨기에,상용,2024-04-01,10.0
벨기에,상용,2024-05-01,24.0
벨기에,상용,2024-06-01,9.0
벨기에,상용,2024-07-01,24.0
벨기에,상용,2024-08-01,24.0
벨기에,상용,2024-09-01,19.0
벨기에,상용,2024-10-01,21.0
벨기에,상용,2024-11-01,18.0
벨기에,상용,2024-12-01,10.0
벨기에,상용,2025-01-01,24.0
벨기에,상용,2025-02-01,22.0
벨기에,상용,2025-03-01,20.0
벨기에,상용,2025-04-01,12.0
벨기에,상용,2025-05-01,15.0
벨기에,유학연수,2005-01-01,2.0
벨기에,유학연수,2005-02-01,3.0
벨기에,유학연수,2005-03-01,1.0
벨기에,유학연수,2005-04-01,1.0
벨기에,유학연수,2005-05-01,2.0
벨기에,유학연수,2005-06-01,1.0
벨기에,유학연수,2005-07-01,0.0
벨기에,유학연수,2005-08-01,4.0
벨기에,유학연수,2005-09-01,4.0
벨기에,유학연수,2005-10-01,1.0
벨기에,유학연수,2005-11-01,0.0
벨기에,유학연수,2005-12-01,1.0
벨기에,유학연수,2006-01-01,4.0
벨기에,유학연수,2006-02-01,1.0
벨기에,유학연수,2006-03-01,2.0
벨기에,유학연수,2006-04-01,0.0
벨기에,유학연수,2006-05-01,0.0
벨기에,유학연수,2006-06-01,1.0
벨기에,유학연수,2006-07-01,1.0
벨기에,유학연수,2006-08-01,6.0
벨기에,유학연수,2006-09-01,1.0
벨기에,유학연수,2006-10-01,0.0
벨기에,유학연수,2006-11-01,1.0
벨기에,유학연수,2006-12-01,2.0
벨기에,유학연수,2007-01-01,3.0
벨기에,유학연수,2007-02-01,1.0
벨기에,유학연수,2007-03-01,0.0
벨기에,유학연수,2007-04-01,1.0
벨기에,유학연수,2007-05-01,1.0
벨기에,유학연수,2007-06-01,1.0
벨기에,유학연수,2007-07-01,0.0
벨기에,유학연수,2007-08-01,1.0
벨기에,유학연수,2007-09-01,2.0
벨기에,유학연수,2007-10-01,2.0
벨기에,유학연수,2007-11-01,1.0
벨기에,유학연수,2007-12-01,1.0
벨기에,유학연수,2008-01-01,2.0
벨기에,유학연수,2008-02-01,3.0
벨기에,유학연수,2008-03-01,2.0
벨기에,유학연수,2008-04-01,3.0
벨기에,유학연수,2008-05-01,0.0
벨기에,유학연수,2008-06-01,1.0
벨기에,유학연수,2008-07-01,1.0
벨기에,유학연수,2008-08-01,5.0
벨기에,유학연수,2008-09-01,4.0
벨기에,유학연수,2008-10-01,2.0
벨기에,유학연수,2008-11-01,1.0
벨기에,유학연수,2008-12-01,5.0
벨기에,유학연수,2009-01-01,1.0
벨기에,유학연수,2009-02-01,5.0
벨기에,유학연수,2009-03-01,1.0
벨기에,유학연수,2009-04-01,0.0
벨기에,유학연수,2009-05-01,6.0
벨기에,유학연수,2009-06-01,3.0
벨기에,유학연수,2009-07-01,1.0
벨기에,유학연수,2009-08-01,10.0
벨기에,유학연수,2009-09-01,3.0
벨기에,유학연수,2009-10-01,3.0
벨기에,유학연수,2009-11-01,5.0
벨기에,유학연수,2009-12-01,0.0
벨기에,유학연수,2010-01-01,8.0
벨기에,유학연수,2010-02-01,8.0
벨기에,유학연수,2010-03-01,2.0
벨기에,유학연수,2010-04-01,1.0
벨기에,유학연수,2010-05-01,3.0
벨기에,유학연수,2010-06-01,5.0
벨기에,유학연수,2010-07-01,0.0
벨기에,유학연수,2010-08-01,12.0
벨기에,유학연수,2010-09-01,2.0
벨기에,유학연수,2010-10-01,0.0
벨기에,유학연수,2010-11-01,3.0
벨기에,유학연수,2010-12-01,2.0
벨기에,유학연수,2011-01-01,4.0
벨기에,유학연수,2011-02-01,9.0
벨기에,유학연수,2011-03-01,2.0
벨기에,유학연수,2011-04-01,2.0
벨기에,유학연수,2011-05-01,2.0
벨기에,유학연수,2011-06-01,0.0
벨기에,유학연수,2011-07-01,0.0
벨기에,유학연수,2011-08-01,22.0
벨기에,유학연수,2011-09-01,5.0
벨기에,유학연수,2011-10-01,5.0
벨기에,유학연수,2011-11-01,7.0
벨기에,유학연수,2011-12-01,1.0
벨기에,유학연수,2012-01-01,7.0
벨기에,유학연수,2012-02-01,17.0
벨기에,유학연수,2012-03-01,4.0
벨기에,유학연수,2012-04-01,1.0
벨기에,유학연수,2012-05-01,8.0
벨기에,유학연수,2012-06-01,9.0
벨기에,유학연수,2012-07-01,0.0
벨기에,유학연수,2012-08-01,20.0
벨기에,유학연수,2012-09-01,5.0
벨기에,유학연수,2012-10-01,7.0
벨기에,유학연수,2012-11-01,13.0
벨기에,유학연수,2012-12-01,5.0
벨기에,유학연수,2013-01-01,2.0
벨기에,유학연수,2013-02-01,21.0
벨기에,유학연수,2013-03-01,5.0
벨기에,유학연수,2013-04-01,2.0
벨기에,유학연수,2013-05-01,7.0
벨기에,유학연수,2013-06-01,4.0
벨기에,유학연수,2013-07-01,8.0
벨기에,유학연수,2013-08-01,29.0
벨기에,유학연수,2013-09-01,11.0
벨기에,유학연수,2013-10-01,4.0
벨기에,유학연수,2013-11-01,10.0
벨기에,유학연수,2013-12-01,9.0
벨기에,유학연수,2014-01-01,6.0
벨기에,유학연수,2014-02-01,28.0
벨기에,유학연수,2014-03-01,5.0
벨기에,유학연수,2014-04-01,6.0
벨기에,유학연수,2014-05-01,11.0
벨기에,유학연수,2014-06-01,7.0
벨기에,유학연수,2014-07-01,6.0
벨기에,유학연수,2014-08-01,44.0
벨기에,유학연수,2014-09-01,8.0
벨기에,유학연수,2014-10-01,7.0
벨기에,유학연수,2014-11-01,20.0
벨기에,유학연수,2014-12-01,13.0
벨기에,유학연수,2015-01-01,13.0
벨기에,유학연수,2015-02-01,28.0
벨기에,유학연수,2015-03-01,3.0
벨기에,유학연수,2015-04-01,5.0
벨기에,유학연수,2015-05-01,10.0
벨기에,유학연수,2015-06-01,6.0
벨기에,유학연수,2015-07-01,11.0
벨기에,유학연수,2015-08-01,53.0
벨기에,유학연수,2015-09-01,12.0
벨기에,유학연수,2015-10-01,4.0
벨기에,유학연수,2015-11-01,17.0
벨기에,유학연수,2015-12-01,5.0
벨기에,유학연수,2016-01-01,16.0
벨기에,유학연수,2016-02-01,40.0
벨기에,유학연수,2016-03-01,10.0
벨기에,유학연수,2016-04-01,2.0
벨기에,유학연수,2016-05-01,21.0
벨기에,유학연수,2016-06-01,10.0
벨기에,유학연수,2016-07-01,12.0
벨기에,유학연수,2016-08-01,75.0
벨기에,유학연수,2016-09-01,2.0
벨기에,유학연수,2016-10-01,11.0
벨기에,유학연수,2016-11-01,42.0
벨기에,유학연수,2016-12-01,21.0
벨기에,유학연수,2017-01-01,21.0
벨기에,유학연수,2017-02-01,31.0
벨기에,유학연수,2017-03-01,5.0
벨기에,유학연수,2017-04-01,5.0
벨기에,유학연수,2017-05-01,7.0
벨기에,유학연수,2017-06-01,6.0
벨기에,유학연수,2017-07-01,6.0
벨기에,유학연수,2017-08-01,79.0
벨기에,유학연수,2017-09-01,11.0
벨기에,유학연수,2017-10-01,18.0
벨기에,유학연수,2017-11-01,29.0
벨기에,유학연수,2017-12-01,19.0
벨기에,유학연수,2018-01-01,26.0
벨기에,유학연수,2018-02-01,39.0
벨기에,유학연수,2018-03-01,5.0
벨기에,유학연수,2018-04-01,7.0
벨기에,유학연수,2018-05-01,19.0
벨기에,유학연수,2018-06-01,3.0
벨기에,유학연수,2018-07-01,14.0
벨기에,유학연수,2018-08-01,88.0
벨기에,유학연수,2018-09-01,13.0
벨기에,유학연수,2018-10-01,6.0
벨기에,유학연수,2018-11-01,37.0
벨기에,유학연수,2018-12-01,24.0
벨기에,유학연수,2019-01-01,22.0
벨기에,유학연수,2019-02-01,41.0
벨기에,유학연수,2019-03-01,9.0
벨기에,유학연수,2019-04-01,8.0
벨기에,유학연수,2019-05-01,23.0
벨기에,유학연수,2019-06-01,10.0
벨기에,유학연수,2019-07-01,13.0
벨기에,유학연수,2019-08-01,112.0
벨기에,유학연수,2019-09-01,20.0
벨기에,유학연수,2019-10-01,23.0
벨기에,유학연수,2019-11-01,76.0
벨기에,유학연수,2019-12-01,29.0
벨기에,유학연수,2020-01-01,23.0
벨기에,유학연수,2020-02-01,35.0
벨기에,유학연수,2020-03-01,8.0
벨기에,유학연수,2020-04-01,0.0
벨기에,유학연수,2020-05-01,0.0
벨기에,유학연수,2020-06-01,1.0
벨기에,유학연수,2020-07-01,2.0
벨기에,유학연수,2020-08-01,69.0
벨기에,유학연수,2020-09-01,0.0
벨기에,유학연수,2020-10-01,4.0
벨기에,유학연수,2020-11-01,4.0
벨기에,유학연수,2020-12-01,1.0
벨기에,유학연수,2021-01-01,10.0
벨기에,유학연수,2021-02-01,67.0
벨기에,유학연수,2021-03-01,1.0
벨기에,유학연수,2021-04-01,0.0
벨기에,유학연수,2021-05-01,2.0
벨기에,유학연수,2021-06-01,8.0
벨기에,유학연수,2021-07-01,17.0
벨기에,유학연수,2021-08-01,156.0
벨기에,유학연수,2021-09-01,7.0
벨기에,유학연수,2021-10-01,0.0
벨기에,유학연수,2021-11-01,6.0
벨기에,유학연수,2021-12-01,1.0
벨기에,유학연수,2022-01-01,5.0
벨기에,유학연수,2022-02-01,88.0
벨기에,유학연수,2022-03-01,7.0
벨기에,유학연수,2022-04-01,0.0
벨기에,유학연수,2022-05-01,4.0
벨기에,유학연수,2022-06-01,3.0
벨기에,유학연수,2022-07-01,7.0
벨기에,유학연수,2022-08-01,169.0
벨기에,유학연수,2022-09-01,11.0
벨기에,유학연수,2022-10-01,0.0
벨기에,유학연수,2022-11-01,37.0
벨기에,유학연수,2022-12-01,25.0
벨기에,유학연수,2023-01-01,37.0
벨기에,유학연수,2023-02-01,76.0
벨기에,유학연수,2023-03-01,11.0
벨기에,유학연수,2023-04-01,3.0
벨기에,유학연수,2023-05-01,15.0
벨기에,유학연수,2023-06-01,19.0
벨기에,유학연수,2023-07-01,23.0
벨기에,유학연수,2023-08-01,128.0
벨기에,유학연수,2023-09-01,15.0
벨기에,유학연수,2023-10-01,5.0
벨기에,유학연수,2023-11-01,43.0
벨기에,유학연수,2023-12-01,38.0
벨기에,유학연수,2024-01-01,22.0
벨기에,유학연수,2024-02-01,67.0
벨기에,유학연수,2024-03-01,10.0
벨기에,유학연수,2024-04-01,6.0
벨기에,유학연수,2024-05-01,31.0
벨기에,유학연수,2024-06-01,21.0
벨기에,유학연수,2024-07-01,20.0
벨기에,유학연수,2024-08-01,139.0
벨기에,유학연수,2024-09-01,16.0
벨기에,유학연수,2024-10-01,9.0
벨기에,유학연수,2024-11-01,45.0
벨기에,유학연수,2024-12-01,43.0
벨기에,유학연수,2025-01-01,30.0
벨기에,유학연수,2025-02-01,94.0
벨기에,유학연수,2025-03-01,18.0
벨기에,유학연수,2025-04-01,9.0
벨기에,유학연수,2025-05-01,50.0
불가리아,공용,2005-01-01,2.0
불가리아,공용,2005-02-01,0.0
불가리아,공용,2005-03-01,2.0
불가리아,공용,2005-04-01,3.0
불가리아,공용,2005-05-01,0.0
불가리아,공용,2005-06-01,1.0
불가리아,공용,2005-07-01,0.0
불가리아,공용,2005-08-01,0.0
불가리아,공용,2005-09-01,0.0
불가리아,공용,2005-10-01,0.0
불가리아,공용,2005-11-01,1.0
불가리아,공용,2005-12-01,0.0
불가리아,공용,2006-01-01,1.0
불가리아,공용,2006-02-01,1.0
불가리아,공용,2006-03-01,0.0
불가리아,공용,2006-04-01,0.0
불가리아,공용,2006-05-01,1.0
불가리아,공용,2006-06-01,0.0
불가리아,공용,2006-07-01,1.0
불가리아,공용,2006-08-01,1.0
불가리아,공용,2006-09-01,0.0
불가리아,공용,2006-10-01,0.0
불가리아,공용,2006-11-01,0.0
불가리아,공용,2006-12-01,1.0
불가리아,공용,2007-01-01,0.0
불가리아,공용,2007-02-01,0.0
불가리아,공용,2007-03-01,0.0
불가리아,공용,2007-04-01,1.0
불가리아,공용,2007-05-01,0.0
불가리아,공용,2007-06-01,1.0
불가리아,공용,2007-07-01,0.0
불가리아,공용,2007-08-01,0.0
불가리아,공용,2007-09-01,0.0
불가리아,공용,2007-10-01,1.0
불가리아,공용,2007-11-01,0.0
불가리아,공용,2007-12-01,0.0
불가리아,공용,2008-01-01,0.0
불가리아,공용,2008-02-01,0.0
불가리아,공용,2008-03-01,0.0
불가리아,공용,2008-04-01,0.0
불가리아,공용,2008-05-01,0.0
불가리아,공용,2008-06-01,1.0
불가리아,공용,2008-07-01,0.0
불가리아,공용,2008-08-01,1.0
불가리아,공용,2008-09-01,1.0
불가리아,공용,2008-10-01,0.0
불가리아,공용,2008-11-01,1.0
불가리아,공용,2008-12-01,1.0
불가리아,공용,2009-01-01,0.0
불가리아,공용,2009-02-01,0.0
불가리아,공용,2009-03-01,0.0
불가리아,공용,2009-04-01,1.0
불가리아,공용,2009-05-01,0.0
불가리아,공용,2009-06-01,0.0
불가리아,공용,2009-07-01,0.0
불가리아,공용,2009-08-01,0.0
불가리아,공용,2009-09-01,0.0
불가리아,공용,2009-10-01,0.0
불가리아,공용,2009-11-01,0.0
불가리아,공용,2009-12-01,1.0
불가리아,공용,2010-01-01,0.0
불가리아,공용,2010-02-01,0.0
불가리아,공용,2010-03-01,0.0
불가리아,공용,2010-04-01,1.0
불가리아,공용,2010-05-01,0.0
불가리아,공용,2010-06-01,0.0
불가리아,공용,2010-07-01,2.0
불가리아,공용,2010-08-01,0.0
불가리아,공용,2010-09-01,0.0
불가리아,공용,2010-10-01,2.0
불가리아,공용,2010-11-01,0.0
불가리아,공용,2010-12-01,1.0
불가리아,공용,2011-01-01,0.0
불가리아,공용,2011-02-01,1.0
불가리아,공용,2011-03-01,1.0
불가리아,공용,2011-04-01,0.0
불가리아,공용,2011-05-01,0.0
불가리아,공용,2011-06-01,0.0
불가리아,공용,2011-07-01,1.0
불가리아,공용,2011-08-01,0.0
불가리아,공용,2011-09-01,0.0
불가리아,공용,2011-10-01,1.0
불가리아,공용,2011-11-01,0.0
불가리아,공용,2011-12-01,1.0
불가리아,공용,2012-01-01,0.0
불가리아,공용,2012-02-01,0.0
불가리아,공용,2012-03-01,0.0
불가리아,공용,2012-04-01,0.0
불가리아,공용,2012-05-01,0.0
불가리아,공용,2012-06-01,0.0
불가리아,공용,2012-07-01,1.0
불가리아,공용,2012-08-01,0.0
불가리아,공용,2012-09-01,0.0
불가리아,공용,2012-10-01,0.0
불가리아,공용,2012-11-01,0.0
불가리아,공용,2012-12-01,0.0
불가리아,공용,2013-01-01,0.0
불가리아,공용,2013-02-01,0.0
불가리아,공용,2013-03-01,1.0
불가리아,공용,2013-04-01,0.0
불가리아,공용,2013-05-01,0.0
불가리아,공용,2013-06-01,0.0
불가리아,공용,2013-07-01,0.0
불가리아,공용,2013-08-01,0.0
불가리아,공용,2013-09-01,0.0
불가리아,공용,2013-10-01,0.0
불가리아,공용,2013-11-01,0.0
불가리아,공용,2013-12-01,0.0
불가리아,공용,2014-01-01,0.0
불가리아,공용,2014-02-01,0.0
불가리아,공용,2014-03-01,2.0
불가리아,공용,2014-04-01,0.0
불가리아,공용,2014-05-01,0.0
불가리아,공용,2014-06-01,1.0
불가리아,공용,2014-07-01,0.0
불가리아,공용,2014-08-01,0.0
불가리아,공용,2014-09-01,0.0
불가리아,공용,2014-10-01,0.0
불가리아,공용,2014-11-01,1.0
불가리아,공용,2014-12-01,0.0
불가리아,공용,2015-01-01,0.0
불가리아,공용,2015-02-01,0.0
불가리아,공용,2015-03-01,0.0
불가리아,공용,2015-04-01,0.0
불가리아,공용,2015-05-01,2.0
불가리아,공용,2015-06-01,0.0
불가리아,공용,2015-07-01,1.0
불가리아,공용,2015-08-01,0.0
불가리아,공용,2015-09-01,2.0
불가리아,공용,2015-10-01,1.0
불가리아,공용,2015-11-01,4.0
불가리아,공용,2015-12-01,0.0
불가리아,공용,2016-01-01,1.0
불가리아,공용,2016-02-01,0.0
불가리아,공용,2016-03-01,0.0
불가리아,공용,2016-04-01,0.0
불가리아,공용,2016-05-01,1.0
불가리아,공용,2016-06-01,0.0
불가리아,공용,2016-07-01,0.0
불가리아,공용,2016-08-01,0.0
불가리아,공용,2016-09-01,1.0
불가리아,공용,2016-10-01,0.0
불가리아,공용,2016-11-01,0.0
불가리아,공용,2016-12-01,1.0
불가리아,공용,2017-01-01,0.0
불가리아,공용,2017-02-01,1.0
불가리아,공용,2017-03-01,1.0
불가리아,공용,2017-04-01,0.0
불가리아,공용,2017-05-01,0.0
불가리아,공용,2017-06-01,0.0
불가리아,공용,2017-07-01,0.0
불가리아,공용,2017-08-01,0.0
불가리아,공용,2017-09-01,2.0
불가리아,공용,2017-10-01,0.0
불가리아,공용,2017-11-01,1.0
불가리아,공용,2017-12-01,0.0
불가리아,공용,2018-01-01,0.0
불가리아,공용,2018-02-01,2.0
불가리아,공용,2018-03-01,0.0
불가리아,공용,2018-04-01,1.0
불가리아,공용,2018-05-01,0.0
불가리아,공용,2018-06-01,0.0
불가리아,공용,2018-07-01,2.0
불가리아,공용,2018-08-01,1.0
불가리아,공용,2018-09-01,4.0
불가리아,공용,2018-10-01,1.0
불가리아,공용,2018-11-01,1.0
불가리아,공용,2018-12-01,2.0
불가리아,공용,2019-01-01,1.0
불가리아,공용,2019-02-01,1.0
불가리아,공용,2019-03-01,1.0
불가리아,공용,2019-04-01,2.0
불가리아,공용,2019-05-01,2.0
불가리아,공용,2019-06-01,1.0
불가리아,공용,2019-07-01,3.0
불가리아,공용,2019-08-01,1.0
불가리아,공용,2019-09-01,19.0
불가리아,공용,2019-10-01,3.0
불가리아,공용,2019-11-01,5.0
불가리아,공용,2019-12-01,3.0
불가리아,공용,2020-01-01,2.0
불가리아,공용,2020-02-01,2.0
불가리아,공용,2020-03-01,0.0
불가리아,공용,2020-04-01,0.0
불가리아,공용,2020-05-01,0.0
불가리아,공용,2020-06-01,0.0
불가리아,공용,2020-07-01,0.0
불가리아,공용,2020-08-01,0.0
불가리아,공용,2020-09-01,1.0
불가리아,공용,2020-10-01,0.0
불가리아,공용,2020-11-01,0.0
불가리아,공용,2020-12-01,0.0
불가리아,공용,2021-01-01,1.0
불가리아,공용,2021-02-01,0.0
불가리아,공용,2021-03-01,0.0
불가리아,공용,2021-04-01,0.0
불가리아,공용,2021-05-01,1.0
불가리아,공용,2021-06-01,1.0
불가리아,공용,2021-07-01,1.0
불가리아,공용,2021-08-01,1.0
불가리아,공용,2021-09-01,0.0
불가리아,공용,2021-10-01,1.0
불가리아,공용,2021-11-01,2.0
불가리아,공용,2021-12-01,0.0
불가리아,공용,2022-01-01,2.0
불가리아,공용,2022-02-01,0.0
불가리아,공용,2022-03-01,0.0
불가리아,공용,2022-04-01,2.0
불가리아,공용,2022-05-01,2.0
불가리아,공용,2022-06-01,0.0
불가리아,공용,2022-07-01,2.0
불가리아,공용,2022-08-01,3.0
불가리아,공용,2022-09-01,2.0
불가리아,공용,2022-10-01,3.0
불가리아,공용,2022-11-01,1.0
불가리아,공용,2022-12-01,2.0
불가리아,공용,2023-01-01,1.0
불가리아,공용,2023-02-01,1.0
불가리아,공용,2023-03-01,3.0
불가리아,공용,2023-04-01,1.0
불가리아,공용,2023-05-01,4.0
불가리아,공용,2023-06-01,1.0
불가리아,공용,2023-07-01,0.0
불가리아,공용,2023-08-01,3.0
불가리아,공용,2023-09-01,2.0
불가리아,공용,2023-10-01,0.0
불가리아,공용,2023-11-01,0.0
불가리아,공용,2023-12-01,2.0
불가리아,공용,2024-01-01,0.0
불가리아,공용,2024-02-01,0.0
불가리아,공용,2024-03-01,0.0
불가리아,공용,2024-04-01,2.0
불가리아,공용,2024-05-01,0.0
불가리아,공용,2024-06-01,0.0
불가리아,공용,2024-07-01,1.0
불가리아,공용,2024-08-01,2.0
불가리아,공용,2024-09-01,2.0
불가리아,공용,2024-10-01,0.0
불가리아,공용,2024-11-01,0.0
불가리아,공용,2024-12-01,2.0
불가리아,공용,2025-01-01,0.0
불가리아,공용,2025-02-01,1.0
불가리아,공용,2025-03-01,2.0
불가리아,공용,2025-04-01,1.0
불가리아,공용,2025-05-01,2.0
불가리아,관광,2005-01-01,179.0
불가리아,관광,2005-02-01,87.0
불가리아,관광,2005-03-01,119.0
불가리아,관광,2005-04-01,141.0
불가리아,관광,2005-05-01,153.0
불가리아,관광,2005-06-01,147.0
불가리아,관광,2005-07-01,126.0
불가리아,관광,2005-08-01,94.0
불가리아,관광,2005-09-01,130.0
불가리아,관광,2005-10-01,143.0
불가리아,관광,2005-11-01,119.0
불가리아,관광,2005-12-01,127.0
불가리아,관광,2006-01-01,156.0
불가리아,관광,2006-02-01,115.0
불가리아,관광,2006-03-01,137.0
불가리아,관광,2006-04-01,161.0
불가리아,관광,2006-05-01,158.0
불가리아,관광,2006-06-01,156.0
불가리아,관광,2006-07-01,128.0
불가리아,관광,2006-08-01,171.0
불가리아,관광,2006-09-01,182.0
불가리아,관광,2006-10-01,170.0
불가리아,관광,2006-11-01,144.0
불가리아,관광,2006-12-01,118.0
불가리아,관광,2007-01-01,93.0
불가리아,관광,2007-02-01,86.0
불가리아,관광,2007-03-01,142.0
불가리아,관광,2007-04-01,121.0
불가리아,관광,2007-05-01,131.0
불가리아,관광,2007-06-01,126.0
불가리아,관광,2007-07-01,128.0
불가리아,관광,2007-08-01,104.0
불가리아,관광,2007-09-01,150.0
불가리아,관광,2007-10-01,180.0
불가리아,관광,2007-11-01,172.0
불가리아,관광,2007-12-01,112.0
불가리아,관광,2008-01-01,92.0
불가리아,관광,2008-02-01,114.0
불가리아,관광,2008-03-01,147.0
불가리아,관광,2008-04-01,124.0
불가리아,관광,2008-05-01,170.0
불가리아,관광,2008-06-01,122.0
불가리아,관광,2008-07-01,165.0
불가리아,관광,2008-08-01,152.0
불가리아,관광,2008-09-01,198.0
불가리아,관광,2008-10-01,216.0
불가리아,관광,2008-11-01,152.0
불가리아,관광,2008-12-01,98.0
불가리아,관광,2009-01-01,131.0
불가리아,관광,2009-02-01,136.0
불가리아,관광,2009-03-01,130.0
불가리아,관광,2009-04-01,164.0
불가리아,관광,2009-05-01,149.0
불가리아,관광,2009-06-01,111.0
불가리아,관광,2009-07-01,97.0
불가리아,관광,2009-08-01,76.0
불가리아,관광,2009-09-01,164.0
불가리아,관광,2009-10-01,190.0
불가리아,관광,2009-11-01,121.0
불가리아,관광,2009-12-01,109.0
불가리아,관광,2010-01-01,103.0
불가리아,관광,2010-02-01,104.0
불가리아,관광,2010-03-01,140.0
불가리아,관광,2010-04-01,170.0
불가리아,관광,2010-05-01,134.0
불가리아,관광,2010-06-01,140.0
불가리아,관광,2010-07-01,155.0
불가리아,관광,2010-08-01,138.0
불가리아,관광,2010-09-01,118.0
불가리아,관광,2010-10-01,202.0
불가리아,관광,2010-11-01,165.0
불가리아,관광,2010-12-01,95.0
불가리아,관광,2011-01-01,126.0
불가리아,관광,2011-02-01,118.0
불가리아,관광,2011-03-01,119.0
불가리아,관광,2011-04-01,144.0
불가리아,관광,2011-05-01,169.0
불가리아,관광,2011-06-01,142.0
불가리아,관광,2011-07-01,169.0
불가리아,관광,2011-08-01,172.0
불가리아,관광,2011-09-01,181.0
불가리아,관광,2011-10-01,158.0
불가리아,관광,2011-11-01,172.0
불가리아,관광,2011-12-01,180.0
불가리아,관광,2012-01-01,158.0
불가리아,관광,2012-02-01,136.0
불가리아,관광,2012-03-01,139.0
불가리아,관광,2012-04-01,151.0
불가리아,관광,2012-05-01,181.0
불가리아,관광,2012-06-01,135.0
불가리아,관광,2012-07-01,148.0
불가리아,관광,2012-08-01,144.0
불가리아,관광,2012-09-01,226.0
불가리아,관광,2012-10-01,194.0
불가리아,관광,2012-11-01,133.0
불가리아,관광,2012-12-01,92.0
불가리아,관광,2013-01-01,151.0
불가리아,관광,2013-02-01,74.0
불가리아,관광,2013-03-01,186.0
불가리아,관광,2013-04-01,197.0
불가리아,관광,2013-05-01,148.0
불가리아,관광,2013-06-01,168.0
불가리아,관광,2013-07-01,183.0
불가리아,관광,2013-08-01,161.0
불가리아,관광,2013-09-01,181.0
불가리아,관광,2013-10-01,249.0
불가리아,관광,2013-11-01,172.0
불가리아,관광,2013-12-01,159.0
불가리아,관광,2014-01-01,126.0
불가리아,관광,2014-02-01,125.0
불가리아,관광,2014-03-01,174.0
불가리아,관광,2014-04-01,189.0
불가리아,관광,2014-05-01,191.0
불가리아,관광,2014-06-01,200.0
불가리아,관광,2014-07-01,210.0
불가리아,관광,2014-08-01,168.0
불가리아,관광,2014-09-01,263.0
불가리아,관광,2014-10-01,224.0
불가리아,관광,2014-11-01,217.0
불가리아,관광,2014-12-01,139.0
불가리아,관광,2015-01-01,151.0
불가리아,관광,2015-02-01,111.0
불가리아,관광,2015-03-01,134.0
불가리아,관광,2015-04-01,254.0
불가리아,관광,2015-05-01,246.0
불가리아,관광,2015-06-01,139.0
불가리아,관광,2015-07-01,174.0
불가리아,관광,2015-08-01,222.0
불가리아,관광,2015-09-01,177.0
불가리아,관광,2015-10-01,320.0
불가리아,관광,2015-11-01,168.0
불가리아,관광,2015-12-01,162.0
불가리아,관광,2016-01-01,191.0
불가리아,관광,2016-02-01,152.0
불가리아,관광,2016-03-01,270.0
불가리아,관광,2016-04-01,248.0
불가리아,관광,2016-05-01,350.0
불가리아,관광,2016-06-01,232.0
불가리아,관광,2016-07-01,236.0
불가리아,관광,2016-08-01,213.0
불가리아,관광,2016-09-01,257.0
불가리아,관광,2016-10-01,248.0
불가리아,관광,2016-11-01,225.0
불가리아,관광,2016-12-01,128.0
불가리아,관광,2017-01-01,195.0
불가리아,관광,2017-02-01,168.0
불가리아,관광,2017-03-01,213.0
불가리아,관광,2017-04-01,303.0
불가리아,관광,2017-05-01,242.0
불가리아,관광,2017-06-01,176.0
불가리아,관광,2017-07-01,233.0
불가리아,관광,2017-08-01,242.0
불가리아,관광,2017-09-01,301.0
불가리아,관광,2017-10-01,280.0
불가리아,관광,2017-11-01,206.0
불가리아,관광,2017-12-01,156.0
불가리아,관광,2018-01-01,152.0
불가리아,관광,2018-02-01,168.0
불가리아,관광,2018-03-01,227.0
불가리아,관광,2018-04-01,252.0
불가리아,관광,2018-05-01,329.0
불가리아,관광,2018-06-01,221.0
불가리아,관광,2018-07-01,255.0
불가리아,관광,2018-08-01,298.0
불가리아,관광,2018-09-01,348.0
불가리아,관광,2018-10-01,292.0
불가리아,관광,2018-11-01,194.0
불가리아,관광,2018-12-01,149.0
불가리아,관광,2019-01-01,154.0
불가리아,관광,2019-02-01,146.0
불가리아,관광,2019-03-01,212.0
불가리아,관광,2019-04-01,323.0
불가리아,관광,2019-05-01,330.0
불가리아,관광,2019-06-01,215.0
불가리아,관광,2019-07-01,311.0
불가리아,관광,2019-08-01,321.0
불가리아,관광,2019-09-01,370.0
불가리아,관광,2019-10-01,394.0
불가리아,관광,2019-11-01,275.0
불가리아,관광,2019-12-01,173.0
불가리아,관광,2020-01-01,132.0
불가리아,관광,2020-02-01,126.0
불가리아,관광,2020-03-01,40.0
불가리아,관광,2020-04-01,24.0
불가리아,관광,2020-05-01,13.0
불가리아,관광,2020-06-01,22.0
불가리아,관광,2020-07-01,12.0
불가리아,관광,2020-08-01,13.0
불가리아,관광,2020-09-01,8.0
불가리아,관광,2020-10-01,7.0
불가리아,관광,2020-11-01,13.0
불가리아,관광,2020-12-01,9.0
불가리아,관광,2021-01-01,6.0
불가리아,관광,2021-02-01,15.0
불가리아,관광,2021-03-01,22.0
불가리아,관광,2021-04-01,16.0
불가리아,관광,2021-05-01,3.0
불가리아,관광,2021-06-01,10.0
불가리아,관광,2021-07-01,10.0
불가리아,관광,2021-08-01,23.0
불가리아,관광,2021-09-01,22.0
불가리아,관광,2021-10-01,39.0
불가리아,관광,2021-11-01,42.0
불가리아,관광,2021-12-01,28.0
불가리아,관광,2022-01-01,39.0
불가리아,관광,2022-02-01,42.0
불가리아,관광,2022-03-01,29.0
불가리아,관광,2022-04-01,73.0
불가리아,관광,2022-05-01,68.0
불가리아,관광,2022-06-01,72.0
불가리아,관광,2022-07-01,106.0
불가리아,관광,2022-08-01,139.0
불가리아,관광,2022-09-01,180.0
불가리아,관광,2022-10-01,185.0
불가리아,관광,2022-11-01,124.0
불가리아,관광,2022-12-01,122.0
불가리아,관광,2023-01-01,99.0
불가리아,관광,2023-02-01,80.0
불가리아,관광,2023-03-01,236.0
불가리아,관광,2023-04-01,468.0
불가리아,관광,2023-05-01,350.0
불가리아,관광,2023-06-01,216.0
불가리아,관광,2023-07-01,272.0
불가리아,관광,2023-08-01,223.0
불가리아,관광,2023-09-01,418.0
불가리아,관광,2023-10-01,397.0
불가리아,관광,2023-11-01,266.0
불가리아,관광,2023-12-01,106.0
불가리아,관광,2024-01-01,136.0
불가리아,관광,2024-02-01,118.0
불가리아,관광,2024-03-01,739.0
불가리아,관광,2024-04-01,567.0
불가리아,관광,2024-05-01,377.0
불가리아,관광,2024-06-01,253.0
불가리아,관광,2024-07-01,264.0
불가리아,관광,2024-08-01,322.0
불가리아,관광,2024-09-01,513.0
불가리아,관광,2024-10-01,589.0
불가리아,관광,2024-11-01,286.0
불가리아,관광,2024-12-01,184.0
불가리아,관광,2025-01-01,163.0
불가리아,관광,2025-02-01,132.0
불가리아,관광,2025-03-01,780.0
불가리아,관광,2025-04-01,1135.0
불가리아,관광,2025-05-01,559.0
불가리아,상용,2005-01-01,5.0
불가리아,상용,2005-02-01,0.0
불가리아,상용,2005-03-01,2.0
불가리아,상용,2005-04-01,3.0
불가리아,상용,2005-05-01,3.0
불가리아,상용,2005-06-01,1.0
불가리아,상용,2005-07-01,0.0
불가리아,상용,2005-08-01,2.0
불가리아,상용,2005-09-01,1.0
불가리아,상용,2005-10-01,1.0
불가리아,상용,2005-11-01,1.0
불가리아,상용,2005-12-01,1.0
불가리아,상용,2006-01-01,2.0
불가리아,상용,2006-02-01,0.0
불가리아,상용,2006-03-01,0.0
불가리아,상용,2006-04-01,0.0
불가리아,상용,2006-05-01,2.0
불가리아,상용,2006-06-01,1.0
불가리아,상용,2006-07-01,0.0
불가리아,상용,2006-08-01,0.0
불가리아,상용,2006-09-01,0.0
불가리아,상용,2006-10-01,7.0
불가리아,상용,2006-11-01,2.0
불가리아,상용,2006-12-01,2.0
불가리아,상용,2007-01-01,4.0
불가리아,상용,2007-02-01,1.0
불가리아,상용,2007-03-01,2.0
불가리아,상용,2007-04-01,1.0
불가리아,상용,2007-05-01,3.0
불가리아,상용,2007-06-01,0.0
불가리아,상용,2007-07-01,2.0
불가리아,상용,2007-08-01,2.0
불가리아,상용,2007-09-01,0.0
불가리아,상용,2007-10-01,2.0
불가리아,상용,2007-11-01,1.0
불가리아,상용,2007-12-01,0.0
불가리아,상용,2008-01-01,0.0
불가리아,상용,2008-02-01,3.0
불가리아,상용,2008-03-01,1.0
불가리아,상용,2008-04-01,3.0
불가리아,상용,2008-05-01,1.0
불가리아,상용,2008-06-01,3.0
불가리아,상용,2008-07-01,0.0
불가리아,상용,2008-08-01,3.0
불가리아,상용,2008-09-01,3.0
불가리아,상용,2008-10-01,2.0
불가리아,상용,2008-11-01,1.0
불가리아,상용,2008-12-01,0.0
불가리아,상용,2009-01-01,1.0
불가리아,상용,2009-02-01,0.0
불가리아,상용,2009-03-01,1.0
불가리아,상용,2009-04-01,2.0
불가리아,상용,2009-05-01,0.0
불가리아,상용,2009-06-01,3.0
불가리아,상용,2009-07-01,2.0
불가리아,상용,2009-08-01,4.0
불가리아,상용,2009-09-01,0.0
불가리아,상용,2009-10-01,1.0
불가리아,상용,2009-11-01,1.0
불가리아,상용,2009-12-01,0.0
불가리아,상용,2010-01-01,0.0
불가리아,상용,2010-02-01,0.0
불가리아,상용,2010-03-01,0.0
불가리아,상용,2010-04-01,2.0
불가리아,상용,2010-05-01,1.0
불가리아,상용,2010-06-01,3.0
불가리아,상용,2010-07-01,0.0
불가리아,상용,2010-08-01,2.0
불가리아,상용,2010-09-01,5.0
불가리아,상용,2010-10-01,3.0
불가리아,상용,2010-11-01,0.0
불가리아,상용,2010-12-01,0.0
불가리아,상용,2011-01-01,2.0
불가리아,상용,2011-02-01,1.0
불가리아,상용,2011-03-01,2.0
불가리아,상용,2011-04-01,0.0
불가리아,상용,2011-05-01,4.0
불가리아,상용,2011-06-01,3.0
불가리아,상용,2011-07-01,1.0
불가리아,상용,2011-08-01,7.0
불가리아,상용,2011-09-01,0.0
불가리아,상용,2011-10-01,2.0
불가리아,상용,2011-11-01,3.0
불가리아,상용,2011-12-01,1.0
불가리아,상용,2012-01-01,1.0
불가리아,상용,2012-02-01,1.0
불가리아,상용,2012-03-01,2.0
불가리아,상용,2012-04-01,3.0
불가리아,상용,2012-05-01,3.0
불가리아,상용,2012-06-01,3.0
불가리아,상용,2012-07-01,3.0
불가리아,상용,2012-08-01,1.0
불가리아,상용,2012-09-01,7.0
불가리아,상용,2012-10-01,5.0
불가리아,상용,2012-11-01,4.0
불가리아,상용,2012-12-01,3.0
불가리아,상용,2013-01-01,5.0
불가리아,상용,2013-02-01,3.0
불가리아,상용,2013-03-01,4.0
불가리아,상용,2013-04-01,5.0
불가리아,상용,2013-05-01,12.0
불가리아,상용,2013-06-01,13.0
불가리아,상용,2013-07-01,11.0
불가리아,상용,2013-08-01,8.0
불가리아,상용,2013-09-01,7.0
불가리아,상용,2013-10-01,9.0
불가리아,상용,2013-11-01,6.0
불가리아,상용,2013-12-01,6.0
불가리아,상용,2014-01-01,5.0
불가리아,상용,2014-02-01,6.0
불가리아,상용,2014-03-01,7.0
불가리아,상용,2014-04-01,9.0
불가리아,상용,2014-05-01,16.0
불가리아,상용,2014-06-01,2.0
불가리아,상용,2014-07-01,6.0
불가리아,상용,2014-08-01,4.0
불가리아,상용,2014-09-01,5.0
불가리아,상용,2014-10-01,5.0
불가리아,상용,2014-11-01,8.0
불가리아,상용,2014-12-01,4.0
불가리아,상용,2015-01-01,5.0
불가리아,상용,2015-02-01,6.0
불가리아,상용,2015-03-01,3.0
불가리아,상용,2015-04-01,7.0
불가리아,상용,2015-05-01,3.0
불가리아,상용,2015-06-01,3.0
불가리아,상용,2015-07-01,2.0
불가리아,상용,2015-08-01,8.0
불가리아,상용,2015-09-01,4.0
불가리아,상용,2015-10-01,3.0
불가리아,상용,2015-11-01,1.0
불가리아,상용,2015-12-01,2.0
불가리아,상용,2016-01-01,4.0
불가리아,상용,2016-02-01,4.0
불가리아,상용,2016-03-01,3.0
불가리아,상용,2016-04-01,1.0
불가리아,상용,2016-05-01,2.0
불가리아,상용,2016-06-01,1.0
불가리아,상용,2016-07-01,1.0
불가리아,상용,2016-08-01,5.0
불가리아,상용,2016-09-01,8.0
불가리아,상용,2016-10-01,2.0
불가리아,상용,2016-11-01,3.0
불가리아,상용,2016-12-01,4.0
불가리아,상용,2017-01-01,1.0
불가리아,상용,2017-02-01,3.0
불가리아,상용,2017-03-01,2.0
불가리아,상용,2017-04-01,1.0
불가리아,상용,2017-05-01,2.0
불가리아,상용,2017-06-01,1.0
불가리아,상용,2017-07-01,3.0
불가리아,상용,2017-08-01,3.0
불가리아,상용,2017-09-01,2.0
불가리아,상용,2017-10-01,4.0
불가리아,상용,2017-11-01,3.0
불가리아,상용,2017-12-01,1.0
불가리아,상용,2018-01-01,8.0
불가리아,상용,2018-02-01,0.0
불가리아,상용,2018-03-01,2.0
불가리아,상용,2018-04-01,6.0
불가리아,상용,2018-05-01,2.0
불가리아,상용,2018-06-01,5.0
불가리아,상용,2018-07-01,1.0
불가리아,상용,2018-08-01,1.0
불가리아,상용,2018-09-01,3.0
불가리아,상용,2018-10-01,2.0
불가리아,상용,2018-11-01,2.0
불가리아,상용,2018-12-01,4.0
불가리아,상용,2019-01-01,1.0
불가리아,상용,2019-02-01,0.0
불가리아,상용,2019-03-01,3.0
불가리아,상용,2019-04-01,4.0
불가리아,상용,2019-05-01,3.0
불가리아,상용,2019-06-01,1.0
불가리아,상용,2019-07-01,2.0
불가리아,상용,2019-08-01,4.0
불가리아,상용,2019-09-01,3.0
불가리아,상용,2019-10-01,2.0
불가리아,상용,2019-11-01,4.0
불가리아,상용,2019-12-01,1.0
불가리아,상용,2020-01-01,4.0
불가리아,상용,2020-02-01,0.0
불가리아,상용,2020-03-01,0.0
불가리아,상용,2020-04-01,0.0
불가리아,상용,2020-05-01,0.0
불가리아,상용,2020-06-01,0.0
불가리아,상용,2020-07-01,0.0
불가리아,상용,2020-08-01,0.0
불가리아,상용,2020-09-01,0.0
불가리아,상용,2020-10-01,0.0
불가리아,상용,2020-11-01,1.0
불가리아,상용,2020-12-01,0.0
불가리아,상용,2021-01-01,1.0
불가리아,상용,2021-02-01,0.0
불가리아,상용,2021-03-01,0.0
불가리아,상용,2021-04-01,0.0
불가리아,상용,2021-05-01,0.0
불가리아,상용,2021-06-01,1.0
불가리아,상용,2021-07-01,3.0
불가리아,상용,2021-08-01,3.0
불가리아,상용,2021-09-01,0.0
불가리아,상용,2021-10-01,0.0
불가리아,상용,2021-11-01,0.0
불가리아,상용,2021-12-01,1.0
불가리아,상용,2022-01-01,0.0
불가리아,상용,2022-02-01,1.0
불가리아,상용,2022-03-01,0.0
불가리아,상용,2022-04-01,1.0
불가리아,상용,2022-05-01,2.0
불가리아,상용,2022-06-01,2.0
불가리아,상용,2022-07-01,0.0
불가리아,상용,2022-08-01,1.0
불가리아,상용,2022-09-01,0.0
불가리아,상용,2022-10-01,1.0
불가리아,상용,2022-11-01,1.0
불가리아,상용,2022-12-01,1.0
불가리아,상용,2023-01-01,1.0
불가리아,상용,2023-02-01,0.0
불가리아,상용,2023-03-01,1.0
불가리아,상용,2023-04-01,1.0
불가리아,상용,2023-05-01,0.0
불가리아,상용,2023-06-01,0.0
불가리아,상용,2023-07-01,0.0
불가리아,상용,2023-08-01,0.0
불가리아,상용,2023-09-01,2.0
불가리아,상용,2023-10-01,3.0
불가리아,상용,2023-11-01,1.0
불가리아,상용,2023-12-01,2.0
불가리아,상용,2024-01-01,3.0
불가리아,상용,2024-02-01,1.0
불가리아,상용,2024-03-01,1.0
불가리아,상용,2024-04-01,2.0
불가리아,상용,2024-05-01,1.0
불가리아,상용,2024-06-01,0.0
불가리아,상용,2024-07-01,1.0
불가리아,상용,2024-08-01,0.0
불가리아,상용,2024-09-01,3.0
불가리아,상용,2024-10-01,2.0
불가리아,상용,2024-11-01,1.0
불가리아,상용,2024-12-01,1.0
불가리아,상용,2025-01-01,0.0
불가리아,상용,2025-02-01,0.0
불가리아,상용,2025-03-01,1.0
불가리아,상용,2025-04-01,1.0
불가리아,상용,2025-05-01,3.0
불가리아,유학연수,2005-01-01,0.0
불가리아,유학연수,2005-02-01,3.0
불가리아,유학연수,2005-03-01,0.0
불가리아,유학연수,2005-04-01,1.0
불가리아,유학연수,2005-05-01,1.0
불가리아,유학연수,2005-06-01,0.0
불가리아,유학연수,2005-07-01,1.0
불가리아,유학연수,2005-08-01,9.0
불가리아,유학연수,2005-09-01,4.0
불가리아,유학연수,2005-10-01,0.0
불가리아,유학연수,2005-11-01,1.0
불가리아,유학연수,2005-12-01,0.0
불가리아,유학연수,2006-01-01,2.0
불가리아,유학연수,2006-02-01,4.0
불가리아,유학연수,2006-03-01,2.0
불가리아,유학연수,2006-04-01,1.0
불가리아,유학연수,2006-05-01,2.0
불가리아,유학연수,2006-06-01,0.0
불가리아,유학연수,2006-07-01,4.0
불가리아,유학연수,2006-08-01,5.0
불가리아,유학연수,2006-09-01,2.0
불가리아,유학연수,2006-10-01,4.0
불가리아,유학연수,2006-11-01,0.0
불가리아,유학연수,2006-12-01,1.0
불가리아,유학연수,2007-01-01,1.0
불가리아,유학연수,2007-02-01,4.0
불가리아,유학연수,2007-03-01,2.0
불가리아,유학연수,2007-04-01,1.0
불가리아,유학연수,2007-05-01,0.0
불가리아,유학연수,2007-06-01,1.0
불가리아,유학연수,2007-07-01,5.0
불가리아,유학연수,2007-08-01,11.0
불가리아,유학연수,2007-09-01,0.0
불가리아,유학연수,2007-10-01,2.0
불가리아,유학연수,2007-11-01,0.0
불가리아,유학연수,2007-12-01,2.0
불가리아,유학연수,2008-01-01,3.0
불가리아,유학연수,2008-02-01,5.0
불가리아,유학연수,2008-03-01,3.0
불가리아,유학연수,2008-04-01,0.0
불가리아,유학연수,2008-05-01,1.0
불가리아,유학연수,2008-06-01,8.0
불가리아,유학연수,2008-07-01,5.0
불가리아,유학연수,2008-08-01,10.0
불가리아,유학연수,2008-09-01,4.0
불가리아,유학연수,2008-10-01,0.0
불가리아,유학연수,2008-11-01,1.0
불가리아,유학연수,2008-12-01,3.0
불가리아,유학연수,2009-01-01,4.0
불가리아,유학연수,2009-02-01,0.0
불가리아,유학연수,2009-03-01,6.0
불가리아,유학연수,2009-04-01,0.0
불가리아,유학연수,2009-05-01,3.0
불가리아,유학연수,2009-06-01,1.0
불가리아,유학연수,2009-07-01,3.0
불가리아,유학연수,2009-08-01,15.0
불가리아,유학연수,2009-09-01,3.0
불가리아,유학연수,2009-10-01,0.0
불가리아,유학연수,2009-11-01,1.0
불가리아,유학연수,2009-12-01,2.0
불가리아,유학연수,2010-01-01,9.0
불가리아,유학연수,2010-02-01,9.0
불가리아,유학연수,2010-03-01,2.0
불가리아,유학연수,2010-04-01,1.0
불가리아,유학연수,2010-05-01,2.0
불가리아,유학연수,2010-06-01,9.0
불가리아,유학연수,2010-07-01,1.0
불가리아,유학연수,2010-08-01,17.0
불가리아,유학연수,2010-09-01,3.0
불가리아,유학연수,2010-10-01,2.0
불가리아,유학연수,2010-11-01,0.0
불가리아,유학연수,2010-12-01,1.0
불가리아,유학연수,2011-01-01,4.0
불가리아,유학연수,2011-02-01,12.0
불가리아,유학연수,2011-03-01,1.0
불가리아,유학연수,2011-04-01,2.0
불가리아,유학연수,2011-05-01,2.0
불가리아,유학연수,2011-06-01,1.0
불가리아,유학연수,2011-07-01,4.0
불가리아,유학연수,2011-08-01,12.0
불가리아,유학연수,2011-09-01,3.0
불가리아,유학연수,2011-10-01,2.0
불가리아,유학연수,2011-11-01,0.0
불가리아,유학연수,2011-12-01,1.0
불가리아,유학연수,2012-01-01,4.0
불가리아,유학연수,2012-02-01,13.0
불가리아,유학연수,2012-03-01,3.0
불가리아,유학연수,2012-04-01,1.0
불가리아,유학연수,2012-05-01,1.0
불가리아,유학연수,2012-06-01,1.0
불가리아,유학연수,2012-07-01,1.0
불가리아,유학연수,2012-08-01,17.0
불가리아,유학연수,2012-09-01,7.0
불가리아,유학연수,2012-10-01,1.0
불가리아,유학연수,2012-11-01,2.0
불가리아,유학연수,2012-12-01,1.0
불가리아,유학연수,2013-01-01,4.0
불가리아,유학연수,2013-02-01,8.0
불가리아,유학연수,2013-03-01,6.0
불가리아,유학연수,2013-04-01,2.0
불가리아,유학연수,2013-05-01,1.0
불가리아,유학연수,2013-06-01,2.0
불가리아,유학연수,2013-07-01,1.0
불가리아,유학연수,2013-08-01,17.0
불가리아,유학연수,2013-09-01,4.0
불가리아,유학연수,2013-10-01,1.0
불가리아,유학연수,2013-11-01,0.0
불가리아,유학연수,2013-12-01,1.0
불가리아,유학연수,2014-01-01,5.0
불가리아,유학연수,2014-02-01,11.0
불가리아,유학연수,2014-03-01,3.0
불가리아,유학연수,2014-04-01,1.0
불가리아,유학연수,2014-05-01,4.0
불가리아,유학연수,2014-06-01,3.0
불가리아,유학연수,2014-07-01,5.0
불가리아,유학연수,2014-08-01,32.0
불가리아,유학연수,2014-09-01,4.0
불가리아,유학연수,2014-10-01,3.0
불가리아,유학연수,2014-11-01,2.0
불가리아,유학연수,2014-12-01,7.0
불가리아,유학연수,2015-01-01,5.0
불가리아,유학연수,2015-02-01,18.0
불가리아,유학연수,2015-03-01,2.0
불가리아,유학연수,2015-04-01,0.0
불가리아,유학연수,2015-05-01,1.0
불가리아,유학연수,2015-06-01,4.0
불가리아,유학연수,2015-07-01,0.0
불가리아,유학연수,2015-08-01,23.0
불가리아,유학연수,2015-09-01,3.0
불가리아,유학연수,2015-10-01,0.0
불가리아,유학연수,2015-11-01,4.0
불가리아,유학연수,2015-12-01,1.0
불가리아,유학연수,2016-01-01,6.0
불가리아,유학연수,2016-02-01,21.0
불가리아,유학연수,2016-03-01,5.0
불가리아,유학연수,2016-04-01,2.0
불가리아,유학연수,2016-05-01,4.0
불가리아,유학연수,2016-06-01,3.0
불가리아,유학연수,2016-07-01,7.0
불가리아,유학연수,2016-08-01,22.0
불가리아,유학연수,2016-09-01,5.0
불가리아,유학연수,2016-10-01,3.0
불가리아,유학연수,2016-11-01,3.0
불가리아,유학연수,2016-12-01,2.0
불가리아,유학연수,2017-01-01,6.0
불가리아,유학연수,2017-02-01,11.0
불가리아,유학연수,2017-03-01,5.0
불가리아,유학연수,2017-04-01,2.0
불가리아,유학연수,2017-05-01,3.0
불가리아,유학연수,2017-06-01,2.0
불가리아,유학연수,2017-07-01,2.0
불가리아,유학연수,2017-08-01,28.0
불가리아,유학연수,2017-09-01,13.0
불가리아,유학연수,2017-10-01,3.0
불가리아,유학연수,2017-11-01,5.0
불가리아,유학연수,2017-12-01,4.0
불가리아,유학연수,2018-01-01,9.0
불가리아,유학연수,2018-02-01,20.0
불가리아,유학연수,2018-03-01,3.0
불가리아,유학연수,2018-04-01,1.0
불가리아,유학연수,2018-05-01,8.0
불가리아,유학연수,2018-06-01,4.0
불가리아,유학연수,2018-07-01,9.0
불가리아,유학연수,2018-08-01,26.0
불가리아,유학연수,2018-09-01,3.0
불가리아,유학연수,2018-10-01,3.0
불가리아,유학연수,2018-11-01,4.0
불가리아,유학연수,2018-12-01,1.0
불가리아,유학연수,2019-01-01,10.0
불가리아,유학연수,2019-02-01,15.0
불가리아,유학연수,2019-03-01,3.0
불가리아,유학연수,2019-04-01,2.0
불가리아,유학연수,2019-05-01,2.0
불가리아,유학연수,2019-06-01,0.0
불가리아,유학연수,2019-07-01,8.0
불가리아,유학연수,2019-08-01,27.0
불가리아,유학연수,2019-09-01,5.0
불가리아,유학연수,2019-10-01,1.0
불가리아,유학연수,2019-11-01,3.0
불가리아,유학연수,2019-12-01,4.0
불가리아,유학연수,2020-01-01,13.0
불가리아,유학연수,2020-02-01,6.0
불가리아,유학연수,2020-03-01,8.0
불가리아,유학연수,2020-04-01,0.0
불가리아,유학연수,2020-05-01,0.0
불가리아,유학연수,2020-06-01,1.0
불가리아,유학연수,2020-07-01,0.0
불가리아,유학연수,2020-08-01,12.0
불가리아,유학연수,2020-09-01,2.0
불가리아,유학연수,2020-10-01,0.0
불가리아,유학연수,2020-11-01,0.0
불가리아,유학연수,2020-12-01,0.0
불가리아,유학연수,2021-01-01,5.0
불가리아,유학연수,2021-02-01,9.0
불가리아,유학연수,2021-03-01,1.0
불가리아,유학연수,2021-04-01,0.0
불가리아,유학연수,2021-05-01,1.0
불가리아,유학연수,2021-06-01,2.0
불가리아,유학연수,2021-07-01,3.0
불가리아,유학연수,2021-08-01,22.0
불가리아,유학연수,2021-09-01,5.0
불가리아,유학연수,2021-10-01,1.0
불가리아,유학연수,2021-11-01,3.0
불가리아,유학연수,2021-12-01,0.0
불가리아,유학연수,2022-01-01,11.0
불가리아,유학연수,2022-02-01,15.0
불가리아,유학연수,2022-03-01,2.0
불가리아,유학연수,2022-04-01,0.0
불가리아,유학연수,2022-05-01,1.0
불가리아,유학연수,2022-06-01,0.0
불가리아,유학연수,2022-07-01,0.0
불가리아,유학연수,2022-08-01,29.0
불가리아,유학연수,2022-09-01,2.0
불가리아,유학연수,2022-10-01,0.0
불가리아,유학연수,2022-11-01,0.0
불가리아,유학연수,2022-12-01,0.0
불가리아,유학연수,2023-01-01,9.0
불가리아,유학연수,2023-02-01,30.0
불가리아,유학연수,2023-03-01,1.0
불가리아,유학연수,2023-04-01,1.0
불가리아,유학연수,2023-05-01,4.0
불가리아,유학연수,2023-06-01,4.0
불가리아,유학연수,2023-07-01,7.0
불가리아,유학연수,2023-08-01,31.0
불가리아,유학연수,2023-09-01,2.0
불가리아,유학연수,2023-10-01,2.0
불가리아,유학연수,2023-11-01,6.0
불가리아,유학연수,2023-12-01,2.0
불가리아,유학연수,2024-01-01,8.0
불가리아,유학연수,2024-02-01,36.0
불가리아,유학연수,2024-03-01,0.0
불가리아,유학연수,2024-04-01,2.0
불가리아,유학연수,2024-05-01,4.0
불가리아,유학연수,2024-06-01,6.0
불가리아,유학연수,2024-07-01,3.0
불가리아,유학연수,2024-08-01,38.0
불가리아,유학연수,2024-09-01,4.0
불가리아,유학연수,2024-10-01,0.0
불가리아,유학연수,2024-11-01,4.0
불가리아,유학연수,2024-12-01,7.0
불가리아,유학연수,2025-01-01,9.0
불가리아,유학연수,2025-02-01,34.0
불가리아,유학연수,2025-03-01,8.0
불가리아,유학연수,2025-04-01,5.0
불가리아,유학연수,2025-05-01,11.0
브라질,공용,2005-01-01,1.0
브라질,공용,2005-02-01,0.0
브라질,공용,2005-03-01,0.0
브라질,공용,2005-04-01,0.0
브라질,공용,2005-05-01,1.0
브라질,공용,2005-06-01,0.0
브라질,공용,2005-07-01,1.0
브라질,공용,2005-08-01,0.0
브라질,공용,2005-09-01,2.0
브라질,공용,2005-10-01,0.0
브라질,공용,2005-11-01,0.0
브라질,공용,2005-12-01,0.0
브라질,공용,2006-01-01,0.0
브라질,공용,2006-02-01,0.0
브라질,공용,2006-03-01,1.0
브라질,공용,2006-04-01,2.0
브라질,공용,2006-05-01,1.0
브라질,공용,2006-06-01,2.0
브라질,공용,2006-07-01,1.0
브라질,공용,2006-08-01,1.0
브라질,공용,2006-09-01,0.0
브라질,공용,2006-10-01,1.0
브라질,공용,2006-11-01,1.0
브라질,공용,2006-12-01,0.0
브라질,공용,2007-01-01,1.0
브라질,공용,2007-02-01,2.0
브라질,공용,2007-03-01,4.0
브라질,공용,2007-04-01,1.0
브라질,공용,2007-05-01,1.0
브라질,공용,2007-06-01,2.0
브라질,공용,2007-07-01,1.0
브라질,공용,2007-08-01,2.0
브라질,공용,2007-09-01,0.0
브라질,공용,2007-10-01,0.0
브라질,공용,2007-11-01,2.0
브라질,공용,2007-12-01,2.0
브라질,공용,2008-01-01,5.0
브라질,공용,2008-02-01,7.0
브라질,공용,2008-03-01,6.0
브라질,공용,2008-04-01,3.0
브라질,공용,2008-05-01,0.0
브라질,공용,2008-06-01,0.0
브라질,공용,2008-07-01,1.0
브라질,공용,2008-08-01,2.0
브라질,공용,2008-09-01,1.0
브라질,공용,2008-10-01,0.0
브라질,공용,2008-11-01,2.0
브라질,공용,2008-12-01,1.0
브라질,공용,2009-01-01,2.0
브라질,공용,2009-02-01,2.0
브라질,공용,2009-03-01,2.0
브라질,공용,2009-04-01,1.0
브라질,공용,2009-05-01,0.0
브라질,공용,2009-06-01,1.0
브라질,공용,2009-07-01,0.0
브라질,공용,2009-08-01,2.0
브라질,공용,2009-09-01,0.0
브라질,공용,2009-10-01,2.0
브라질,공용,2009-11-01,4.0
브라질,공용,2009-12-01,0.0
브라질,공용,2010-01-01,1.0
브라질,공용,2010-02-01,2.0
브라질,공용,2010-03-01,1.0
브라질,공용,2010-04-01,1.0
브라질,공용,2010-05-01,3.0
브라질,공용,2010-06-01,3.0
브라질,공용,2010-07-01,0.0
브라질,공용,2010-08-01,2.0
브라질,공용,2010-09-01,2.0
브라질,공용,2010-10-01,0.0
브라질,공용,2010-11-01,3.0
브라질,공용,2010-12-01,0.0
브라질,공용,2011-01-01,4.0
브라질,공용,2011-02-01,3.0
브라질,공용,2011-03-01,3.0
브라질,공용,2011-04-01,4.0
브라질,공용,2011-05-01,3.0
브라질,공용,2011-06-01,3.0
브라질,공용,2011-07-01,4.0
브라질,공용,2011-08-01,3.0
브라질,공용,2011-09-01,0.0
브라질,공용,2011-10-01,3.0
브라질,공용,2011-11-01,1.0
브라질,공용,2011-12-01,2.0
브라질,공용,2012-01-01,1.0
브라질,공용,2012-02-01,1.0
브라질,공용,2012-03-01,14.0
브라질,공용,2012-04-01,0.0
브라질,공용,2012-05-01,9.0
브라질,공용,2012-06-01,3.0
브라질,공용,2012-07-01,1.0
브라질,공용,2012-08-01,6.0
브라질,공용,2012-09-01,4.0
브라질,공용,2012-10-01,4.0
브라질,공용,2012-11-01,3.0
브라질,공용,2012-12-01,3.0
브라질,공용,2013-01-01,2.0
브라질,공용,2013-02-01,0.0
브라질,공용,2013-03-01,5.0
브라질,공용,2013-04-01,1.0
브라질,공용,2013-05-01,1.0
브라질,공용,2013-06-01,8.0
브라질,공용,2013-07-01,1.0
브라질,공용,2013-08-01,3.0
브라질,공용,2013-09-01,5.0
브라질,공용,2013-10-01,8.0
브라질,공용,2013-11-01,9.0
브라질,공용,2013-12-01,1.0
브라질,공용,2014-01-01,1.0
브라질,공용,2014-02-01,11.0
브라질,공용,2014-03-01,5.0
브라질,공용,2014-04-01,5.0
브라질,공용,2014-05-01,4.0
브라질,공용,2014-06-01,7.0
브라질,공용,2014-07-01,2.0
브라질,공용,2014-08-01,11.0
브라질,공용,2014-09-01,12.0
브라질,공용,2014-10-01,23.0
브라질,공용,2014-11-01,7.0
브라질,공용,2014-12-01,3.0
브라질,공용,2015-01-01,8.0
브라질,공용,2015-02-01,8.0
브라질,공용,2015-03-01,2.0
브라질,공용,2015-04-01,15.0
브라질,공용,2015-05-01,5.0
브라질,공용,2015-06-01,8.0
브라질,공용,2015-07-01,2.0
브라질,공용,2015-08-01,3.0
브라질,공용,2015-09-01,135.0
브라질,공용,2015-10-01,45.0
브라질,공용,2015-11-01,9.0
브라질,공용,2015-12-01,7.0
브라질,공용,2016-01-01,8.0
브라질,공용,2016-02-01,4.0
브라질,공용,2016-03-01,9.0
브라질,공용,2016-04-01,8.0
브라질,공용,2016-05-01,8.0
브라질,공용,2016-06-01,10.0
브라질,공용,2016-07-01,11.0
브라질,공용,2016-08-01,5.0
브라질,공용,2016-09-01,8.0
브라질,공용,2016-10-01,7.0
브라질,공용,2016-11-01,8.0
브라질,공용,2016-12-01,2.0
브라질,공용,2017-01-01,6.0
브라질,공용,2017-02-01,1.0
브라질,공용,2017-03-01,10.0
브라질,공용,2017-04-01,4.0
브라질,공용,2017-05-01,12.0
브라질,공용,2017-06-01,11.0
브라질,공용,2017-07-01,13.0
브라질,공용,2017-08-01,12.0
브라질,공용,2017-09-01,3.0
브라질,공용,2017-10-01,17.0
브라질,공용,2017-11-01,18.0
브라질,공용,2017-12-01,0.0
브라질,공용,2018-01-01,9.0
브라질,공용,2018-02-01,10.0
브라질,공용,2018-03-01,6.0
브라질,공용,2018-04-01,5.0
브라질,공용,2018-05-01,17.0
브라질,공용,2018-06-01,9.0
브라질,공용,2018-07-01,9.0
브라질,공용,2018-08-01,12.0
브라질,공용,2018-09-01,32.0
브라질,공용,2018-10-01,19.0
브라질,공용,2018-11-01,13.0
브라질,공용,2018-12-01,9.0
브라질,공용,2019-01-01,9.0
브라질,공용,2019-02-01,13.0
브라질,공용,2019-03-01,15.0
브라질,공용,2019-04-01,16.0
브라질,공용,2019-05-01,14.0
브라질,공용,2019-06-01,23.0
브라질,공용,2019-07-01,10.0
브라질,공용,2019-08-01,13.0
브라질,공용,2019-09-01,17.0
브라질,공용,2019-10-01,13.0
브라질,공용,2019-11-01,12.0
브라질,공용,2019-12-01,8.0
브라질,공용,2020-01-01,13.0
브라질,공용,2020-02-01,3.0
브라질,공용,2020-03-01,4.0
브라질,공용,2020-04-01,0.0
브라질,공용,2020-05-01,0.0
브라질,공용,2020-06-01,0.0
브라질,공용,2020-07-01,4.0
브라질,공용,2020-08-01,2.0
브라질,공용,2020-09-01,0.0
브라질,공용,2020-10-01,1.0
브라질,공용,2020-11-01,0.0
브라질,공용,2020-12-01,0.0
브라질,공용,2021-01-01,4.0
브라질,공용,2021-02-01,0.0
브라질,공용,2021-03-01,4.0
브라질,공용,2021-04-01,0.0
브라질,공용,2021-05-01,1.0
브라질,공용,2021-06-01,2.0
브라질,공용,2021-07-01,2.0
브라질,공용,2021-08-01,7.0
브라질,공용,2021-09-01,5.0
브라질,공용,2021-10-01,7.0
브라질,공용,2021-11-01,2.0
브라질,공용,2021-12-01,4.0
브라질,공용,2022-01-01,1.0
브라질,공용,2022-02-01,3.0
브라질,공용,2022-03-01,7.0
브라질,공용,2022-04-01,2.0
브라질,공용,2022-05-01,2.0
브라질,공용,2022-06-01,3.0
브라질,공용,2022-07-01,11.0
브라질,공용,2022-08-01,8.0
브라질,공용,2022-09-01,8.0
브라질,공용,2022-10-01,6.0
브라질,공용,2022-11-01,22.0
브라질,공용,2022-12-01,8.0
브라질,공용,2023-01-01,7.0
브라질,공용,2023-02-01,2.0
브라질,공용,2023-03-01,9.0
브라질,공용,2023-04-01,5.0
브라질,공용,2023-05-01,2.0
브라질,공용,2023-06-01,7.0
브라질,공용,2023-07-01,18.0
브라질,공용,2023-08-01,6.0
브라질,공용,2023-09-01,5.0
브라질,공용,2023-10-01,7.0
브라질,공용,2023-11-01,6.0
브라질,공용,2023-12-01,4.0
브라질,공용,2024-01-01,11.0
브라질,공용,2024-02-01,4.0
브라질,공용,2024-03-01,0.0
브라질,공용,2024-04-01,7.0
브라질,공용,2024-05-01,5.0
브라질,공용,2024-06-01,24.0
브라질,공용,2024-07-01,11.0
브라질,공용,2024-08-01,37.0
브라질,공용,2024-09-01,21.0
브라질,공용,2024-10-01,17.0
브라질,공용,2024-11-01,38.0
브라질,공용,2024-12-01,6.0
브라질,공용,2025-01-01,8.0
브라질,공용,2025-02-01,9.0
브라질,공용,2025-03-01,11.0
브라질,공용,2025-04-01,18.0
브라질,공용,2025-05-01,11.0
브라질,관광,2005-01-01,321.0
브라질,관광,2005-02-01,255.0
브라질,관광,2005-03-01,338.0
브라질,관광,2005-04-01,391.0
브라질,관광,2005-05-01,593.0
브라질,관광,2005-06-01,437.0
브라질,관광,2005-07-01,385.0
브라질,관광,2005-08-01,319.0
브라질,관광,2005-09-01,365.0
브라질,관광,2005-10-01,590.0
브라질,관광,2005-11-01,440.0
브라질,관광,2005-12-01,460.0
브라질,관광,2006-01-01,337.0
브라질,관광,2006-02-01,331.0
브라질,관광,2006-03-01,426.0
브라질,관광,2006-04-01,382.0
브라질,관광,2006-05-01,494.0
브라질,관광,2006-06-01,380.0
브라질,관광,2006-07-01,368.0
브라질,관광,2006-08-01,388.0
브라질,관광,2006-09-01,405.0
브라질,관광,2006-10-01,599.0
브라질,관광,2006-11-01,418.0
브라질,관광,2006-12-01,426.0
브라질,관광,2007-01-01,367.0
브라질,관광,2007-02-01,337.0
브라질,관광,2007-03-01,398.0
브라질,관광,2007-04-01,472.0
브라질,관광,2007-05-01,503.0
브라질,관광,2007-06-01,539.0
브라질,관광,2007-07-01,478.0
브라질,관광,2007-08-01,529.0
브라질,관광,2007-09-01,492.0
브라질,관광,2007-10-01,662.0
브라질,관광,2007-11-01,495.0
브라질,관광,2007-12-01,447.0
브라질,관광,2008-01-01,408.0
브라질,관광,2008-02-01,348.0
브라질,관광,2008-03-01,485.0
브라질,관광,2008-04-01,520.0
브라질,관광,2008-05-01,537.0
브라질,관광,2008-06-01,613.0
브라질,관광,2008-07-01,668.0
브라질,관광,2008-08-01,431.0
브라질,관광,2008-09-01,566.0
브라질,관광,2008-10-01,646.0
브라질,관광,2008-11-01,462.0
브라질,관광,2008-12-01,507.0
브라질,관광,2009-01-01,396.0
브라질,관광,2009-02-01,368.0
브라질,관광,2009-03-01,472.0
브라질,관광,2009-04-01,451.0
브라질,관광,2009-05-01,617.0
브라질,관광,2009-06-01,503.0
브라질,관광,2009-07-01,559.0
브라질,관광,2009-08-01,511.0
브라질,관광,2009-09-01,546.0
브라질,관광,2009-10-01,884.0
브라질,관광,2009-11-01,635.0
브라질,관광,2009-12-01,551.0
브라질,관광,2010-01-01,459.0
브라질,관광,2010-02-01,442.0
브라질,관광,2010-03-01,651.0
브라질,관광,2010-04-01,563.0
브라질,관광,2010-05-01,904.0
브라질,관광,2010-06-01,695.0
브라질,관광,2010-07-01,733.0
브라질,관광,2010-08-01,759.0
브라질,관광,2010-09-01,764.0
브라질,관광,2010-10-01,1095.0
브라질,관광,2010-11-01,917.0
브라질,관광,2010-12-01,768.0
브라질,관광,2011-01-01,600.0
브라질,관광,2011-02-01,531.0
브라질,관광,2011-03-01,666.0
브라질,관광,2011-04-01,859.0
브라질,관광,2011-05-01,1389.0
브라질,관광,2011-06-01,711.0
브라질,관광,2011-07-01,820.0
브라질,관광,2011-08-01,757.0
브라질,관광,2011-09-01,838.0
브라질,관광,2011-10-01,1277.0
브라질,관광,2011-11-01,1026.0
브라질,관광,2011-12-01,1022.0
브라질,관광,2012-01-01,648.0
브라질,관광,2012-02-01,578.0
브라질,관광,2012-03-01,771.0
브라질,관광,2012-04-01,1275.0
브라질,관광,2012-05-01,995.0
브라질,관광,2012-06-01,1057.0
브라질,관광,2012-07-01,836.0
브라질,관광,2012-08-01,683.0
브라질,관광,2012-09-01,943.0
브라질,관광,2012-10-01,1308.0
브라질,관광,2012-11-01,1022.0
브라질,관광,2012-12-01,814.0
브라질,관광,2013-01-01,620.0
브라질,관광,2013-02-01,708.0
브라질,관광,2013-03-01,736.0
브라질,관광,2013-04-01,624.0
브라질,관광,2013-05-01,1159.0
브라질,관광,2013-06-01,1116.0
브라질,관광,2013-07-01,829.0
브라질,관광,2013-08-01,885.0
브라질,관광,2013-09-01,1078.0
브라질,관광,2013-10-01,1474.0
브라질,관광,2013-11-01,815.0
브라질,관광,2013-12-01,880.0
브라질,관광,2014-01-01,629.0
브라질,관광,2014-02-01,743.0
브라질,관광,2014-03-01,898.0
브라질,관광,2014-04-01,973.0
브라질,관광,2014-05-01,853.0
브라질,관광,2014-06-01,886.0
브라질,관광,2014-07-01,798.0
브라질,관광,2014-08-01,1019.0
브라질,관광,2014-09-01,1127.0
브라질,관광,2014-10-01,1398.0
브라질,관광,2014-11-01,916.0
브라질,관광,2014-12-01,953.0
브라질,관광,2015-01-01,754.0
브라질,관광,2015-02-01,765.0
브라질,관광,2015-03-01,995.0
브라질,관광,2015-04-01,1229.0
브라질,관광,2015-05-01,1005.0
브라질,관광,2015-06-01,727.0
브라질,관광,2015-07-01,1026.0
브라질,관광,2015-08-01,854.0
브라질,관광,2015-09-01,1107.0
브라질,관광,2015-10-01,1190.0
브라질,관광,2015-11-01,780.0
브라질,관광,2015-12-01,742.0
브라질,관광,2016-01-01,632.0
브라질,관광,2016-02-01,530.0
브라질,관광,2016-03-01,797.0
브라질,관광,2016-04-01,965.0
브라질,관광,2016-05-01,1285.0
브라질,관광,2016-06-01,1339.0
브라질,관광,2016-07-01,922.0
브라질,관광,2016-08-01,836.0
브라질,관광,2016-09-01,1044.0
브라질,관광,2016-10-01,1199.0
브라질,관광,2016-11-01,1000.0
브라질,관광,2016-12-01,992.0
브라질,관광,2017-01-01,756.0
브라질,관광,2017-02-01,705.0
브라질,관광,2017-03-01,935.0
브라질,관광,2017-04-01,1219.0
브라질,관광,2017-05-01,1047.0
브라질,관광,2017-06-01,1036.0
브라질,관광,2017-07-01,1331.0
브라질,관광,2017-08-01,1019.0
브라질,관광,2017-09-01,1236.0
브라질,관광,2017-10-01,1322.0
브라질,관광,2017-11-01,1455.0
브라질,관광,2017-12-01,1077.0
브라질,관광,2018-01-01,946.0
브라질,관광,2018-02-01,1138.0
브라질,관광,2018-03-01,1243.0
브라질,관광,2018-04-01,1446.0
브라질,관광,2018-05-01,1276.0
브라질,관광,2018-06-01,1253.0
브라질,관광,2018-07-01,1242.0
브라질,관광,2018-08-01,1304.0
브라질,관광,2018-09-01,1320.0
브라질,관광,2018-10-01,1575.0
브라질,관광,2018-11-01,1237.0
브라질,관광,2018-12-01,1135.0
브라질,관광,2019-01-01,1136.0
브라질,관광,2019-02-01,881.0
브라질,관광,2019-03-01,1250.0
브라질,관광,2019-04-01,1752.0
브라질,관광,2019-05-01,1550.0
브라질,관광,2019-06-01,1481.0
브라질,관광,2019-07-01,1582.0
브라질,관광,2019-08-01,1587.0
브라질,관광,2019-09-01,2029.0
브라질,관광,2019-10-01,1896.0
브라질,관광,2019-11-01,1504.0
브라질,관광,2019-12-01,1561.0
브라질,관광,2020-01-01,1310.0
브라질,관광,2020-02-01,769.0
브라질,관광,2020-03-01,107.0
브라질,관광,2020-04-01,8.0
브라질,관광,2020-05-01,3.0
브라질,관광,2020-06-01,3.0
브라질,관광,2020-07-01,1.0
브라질,관광,2020-08-01,4.0
브라질,관광,2020-09-01,37.0
브라질,관광,2020-10-01,8.0
브라질,관광,2020-11-01,2.0
브라질,관광,2020-12-01,2.0
브라질,관광,2021-01-01,3.0
브라질,관광,2021-02-01,1.0
브라질,관광,2021-03-01,4.0
브라질,관광,2021-04-01,3.0
브라질,관광,2021-05-01,6.0
브라질,관광,2021-06-01,4.0
브라질,관광,2021-07-01,12.0
브라질,관광,2021-08-01,7.0
브라질,관광,2021-09-01,2.0
브라질,관광,2021-10-01,7.0
브라질,관광,2021-11-01,12.0
브라질,관광,2021-12-01,6.0
브라질,관광,2022-01-01,8.0
브라질,관광,2022-02-01,5.0
브라질,관광,2022-03-01,19.0
브라질,관광,2022-04-01,257.0
브라질,관광,2022-05-01,412.0
브라질,관광,2022-06-01,552.0
브라질,관광,2022-07-01,494.0
브라질,관광,2022-08-01,517.0
브라질,관광,2022-09-01,683.0
브라질,관광,2022-10-01,1143.0
브라질,관광,2022-11-01,794.0
브라질,관광,2022-12-01,871.0
브라질,관광,2023-01-01,702.0
브라질,관광,2023-02-01,651.0
브라질,관광,2023-03-01,1197.0
브라질,관광,2023-04-01,1739.0
브라질,관광,2023-05-01,1609.0
브라질,관광,2023-06-01,988.0
브라질,관광,2023-07-01,2423.0
브라질,관광,2023-08-01,1296.0
브라질,관광,2023-09-01,1468.0
브라질,관광,2023-10-01,2143.0
브라질,관광,2023-11-01,1669.0
브라질,관광,2023-12-01,1268.0
브라질,관광,2024-01-01,1269.0
브라질,관광,2024-02-01,1129.0
브라질,관광,2024-03-01,2416.0
브라질,관광,2024-04-01,2924.0
브라질,관광,2024-05-01,2372.0
브라질,관광,2024-06-01,1862.0
브라질,관광,2024-07-01,2184.0
브라질,관광,2024-08-01,1734.0
브라질,관광,2024-09-01,2161.0
브라질,관광,2024-10-01,3629.0
브라질,관광,2024-11-01,2543.0
브라질,관광,2024-12-01,2207.0
브라질,관광,2025-01-01,1963.0
브라질,관광,2025-02-01,1488.0
브라질,관광,2025-03-01,3493.0
브라질,관광,2025-04-01,3884.0
브라질,관광,2025-05-01,3003.0
브라질,상용,2005-01-01,9.0
브라질,상용,2005-02-01,11.0
브라질,상용,2005-03-01,8.0
브라질,상용,2005-04-01,11.0
브라질,상용,2005-05-01,9.0
브라질,상용,2005-06-01,3.0
브라질,상용,2005-07-01,10.0
브라질,상용,2005-08-01,12.0
브라질,상용,2005-09-01,14.0
브라질,상용,2005-10-01,8.0
브라질,상용,2005-11-01,7.0
브라질,상용,2005-12-01,8.0
브라질,상용,2006-01-01,9.0
브라질,상용,2006-02-01,14.0
브라질,상용,2006-03-01,8.0
브라질,상용,2006-04-01,10.0
브라질,상용,2006-05-01,6.0
브라질,상용,2006-06-01,8.0
브라질,상용,2006-07-01,7.0
브라질,상용,2006-08-01,8.0
브라질,상용,2006-09-01,10.0
브라질,상용,2006-10-01,15.0
브라질,상용,2006-11-01,4.0
브라질,상용,2006-12-01,5.0
브라질,상용,2007-01-01,18.0
브라질,상용,2007-02-01,13.0
브라질,상용,2007-03-01,13.0
브라질,상용,2007-04-01,11.0
브라질,상용,2007-05-01,12.0
브라질,상용,2007-06-01,11.0
브라질,상용,2007-07-01,24.0
브라질,상용,2007-08-01,26.0
브라질,상용,2007-09-01,20.0
브라질,상용,2007-10-01,20.0
브라질,상용,2007-11-01,16.0
브라질,상용,2007-12-01,11.0
브라질,상용,2008-01-01,31.0
브라질,상용,2008-02-01,20.0
브라질,상용,2008-03-01,25.0
브라질,상용,2008-04-01,28.0
브라질,상용,2008-05-01,28.0
브라질,상용,2008-06-01,30.0
브라질,상용,2008-07-01,26.0
브라질,상용,2008-08-01,30.0
브라질,상용,2008-09-01,31.0
브라질,상용,2008-10-01,17.0
브라질,상용,2008-11-01,20.0
브라질,상용,2008-12-01,31.0
브라질,상용,2009-01-01,48.0
브라질,상용,2009-02-01,26.0
브라질,상용,2009-03-01,34.0
브라질,상용,2009-04-01,39.0
브라질,상용,2009-05-01,55.0
브라질,상용,2009-06-01,31.0
브라질,상용,2009-07-01,32.0
브라질,상용,2009-08-01,54.0
브라질,상용,2009-09-01,22.0
브라질,상용,2009-10-01,53.0
브라질,상용,2009-11-01,30.0
브라질,상용,2009-12-01,26.0
브라질,상용,2010-01-01,46.0
브라질,상용,2010-02-01,45.0
브라질,상용,2010-03-01,38.0
브라질,상용,2010-04-01,30.0
브라질,상용,2010-05-01,45.0
브라질,상용,2010-06-01,30.0
브라질,상용,2010-07-01,46.0
브라질,상용,2010-08-01,51.0
브라질,상용,2010-09-01,67.0
브라질,상용,2010-10-01,44.0
브라질,상용,2010-11-01,47.0
브라질,상용,2010-12-01,47.0
브라질,상용,2011-01-01,78.0
브라질,상용,2011-02-01,67.0
브라질,상용,2011-03-01,51.0
브라질,상용,2011-04-01,40.0
브라질,상용,2011-05-01,53.0
브라질,상용,2011-06-01,48.0
브라질,상용,2011-07-01,37.0
브라질,상용,2011-08-01,64.0
브라질,상용,2011-09-01,81.0
브라질,상용,2011-10-01,58.0
브라질,상용,2011-11-01,60.0
브라질,상용,2011-12-01,87.0
브라질,상용,2012-01-01,142.0
브라질,상용,2012-02-01,67.0
브라질,상용,2012-03-01,135.0
브라질,상용,2012-04-01,94.0
브라질,상용,2012-05-01,106.0
브라질,상용,2012-06-01,78.0
브라질,상용,2012-07-01,50.0
브라질,상용,2012-08-01,67.0
브라질,상용,2012-09-01,35.0
브라질,상용,2012-10-01,29.0
브라질,상용,2012-11-01,18.0
브라질,상용,2012-12-01,19.0
브라질,상용,2013-01-01,42.0
브라질,상용,2013-02-01,20.0
브라질,상용,2013-03-01,31.0
브라질,상용,2013-04-01,25.0
브라질,상용,2013-05-01,30.0
브라질,상용,2013-06-01,28.0
브라질,상용,2013-07-01,30.0
브라질,상용,2013-08-01,39.0
브라질,상용,2013-09-01,43.0
브라질,상용,2013-10-01,30.0
브라질,상용,2013-11-01,21.0
브라질,상용,2013-12-01,25.0
브라질,상용,2014-01-01,42.0
브라질,상용,2014-02-01,42.0
브라질,상용,2014-03-01,33.0
브라질,상용,2014-04-01,29.0
브라질,상용,2014-05-01,32.0
브라질,상용,2014-06-01,29.0
브라질,상용,2014-07-01,21.0
브라질,상용,2014-08-01,55.0
브라질,상용,2014-09-01,48.0
브라질,상용,2014-10-01,37.0
브라질,상용,2014-11-01,32.0
브라질,상용,2014-12-01,28.0
브라질,상용,2015-01-01,55.0
브라질,상용,2015-02-01,34.0
브라질,상용,2015-03-01,26.0
브라질,상용,2015-04-01,33.0
브라질,상용,2015-05-01,41.0
브라질,상용,2015-06-01,14.0
브라질,상용,2015-07-01,16.0
브라질,상용,2015-08-01,18.0
브라질,상용,2015-09-01,12.0
브라질,상용,2015-10-01,18.0
브라질,상용,2015-11-01,14.0
브라질,상용,2015-12-01,9.0
브라질,상용,2016-01-01,17.0
브라질,상용,2016-02-01,18.0
브라질,상용,2016-03-01,12.0
브라질,상용,2016-04-01,8.0
브라질,상용,2016-05-01,9.0
브라질,상용,2016-06-01,10.0
브라질,상용,2016-07-01,8.0
브라질,상용,2016-08-01,12.0
브라질,상용,2016-09-01,14.0
브라질,상용,2016-10-01,8.0
브라질,상용,2016-11-01,7.0
브라질,상용,2016-12-01,3.0
브라질,상용,2017-01-01,20.0
브라질,상용,2017-02-01,10.0
브라질,상용,2017-03-01,4.0
브라질,상용,2017-04-01,11.0
브라질,상용,2017-05-01,10.0
브라질,상용,2017-06-01,11.0
브라질,상용,2017-07-01,9.0
브라질,상용,2017-08-01,10.0
브라질,상용,2017-09-01,14.0
브라질,상용,2017-10-01,15.0
브라질,상용,2017-11-01,11.0
브라질,상용,2017-12-01,9.0
브라질,상용,2018-01-01,16.0
브라질,상용,2018-02-01,12.0
브라질,상용,2018-03-01,7.0
브라질,상용,2018-04-01,16.0
브라질,상용,2018-05-01,10.0
브라질,상용,2018-06-01,10.0
브라질,상용,2018-07-01,7.0
브라질,상용,2018-08-01,14.0
브라질,상용,2018-09-01,8.0
브라질,상용,2018-10-01,14.0
브라질,상용,2018-11-01,14.0
브라질,상용,2018-12-01,7.0
브라질,상용,2019-01-01,16.0
브라질,상용,2019-02-01,12.0
브라질,상용,2019-03-01,19.0
브라질,상용,2019-04-01,15.0
브라질,상용,2019-05-01,18.0
브라질,상용,2019-06-01,19.0
브라질,상용,2019-07-01,16.0
브라질,상용,2019-08-01,21.0
브라질,상용,2019-09-01,23.0
브라질,상용,2019-10-01,16.0
브라질,상용,2019-11-01,16.0
브라질,상용,2019-12-01,13.0
브라질,상용,2020-01-01,15.0
브라질,상용,2020-02-01,6.0
브라질,상용,2020-03-01,3.0
브라질,상용,2020-04-01,2.0
브라질,상용,2020-05-01,3.0
브라질,상용,2020-06-01,1.0
브라질,상용,2020-07-01,4.0
브라질,상용,2020-08-01,3.0
브라질,상용,2020-09-01,2.0
브라질,상용,2020-10-01,5.0
브라질,상용,2020-11-01,4.0
브라질,상용,2020-12-01,0.0
브라질,상용,2021-01-01,6.0
브라질,상용,2021-02-01,2.0
브라질,상용,2021-03-01,3.0
브라질,상용,2021-04-01,1.0
브라질,상용,2021-05-01,1.0
브라질,상용,2021-06-01,4.0
브라질,상용,2021-07-01,12.0
브라질,상용,2021-08-01,25.0
브라질,상용,2021-09-01,6.0
브라질,상용,2021-10-01,47.0
브라질,상용,2021-11-01,25.0
브라질,상용,2021-12-01,10.0
브라질,상용,2022-01-01,19.0
브라질,상용,2022-02-01,20.0
브라질,상용,2022-03-01,11.0
브라질,상용,2022-04-01,15.0
브라질,상용,2022-05-01,12.0
브라질,상용,2022-06-01,10.0
브라질,상용,2022-07-01,23.0
브라질,상용,2022-08-01,31.0
브라질,상용,2022-09-01,19.0
브라질,상용,2022-10-01,20.0
브라질,상용,2022-11-01,26.0
브라질,상용,2022-12-01,22.0
브라질,상용,2023-01-01,47.0
브라질,상용,2023-02-01,27.0
브라질,상용,2023-03-01,35.0
브라질,상용,2023-04-01,40.0
브라질,상용,2023-05-01,49.0
브라질,상용,2023-06-01,29.0
브라질,상용,2023-07-01,37.0
브라질,상용,2023-08-01,50.0
브라질,상용,2023-09-01,38.0
브라질,상용,2023-10-01,55.0
브라질,상용,2023-11-01,39.0
브라질,상용,2023-12-01,48.0
브라질,상용,2024-01-01,58.0
브라질,상용,2024-02-01,54.0
브라질,상용,2024-03-01,47.0
브라질,상용,2024-04-01,41.0
브라질,상용,2024-05-01,51.0
브라질,상용,2024-06-01,43.0
브라질,상용,2024-07-01,38.0
브라질,상용,2024-08-01,77.0
브라질,상용,2024-09-01,57.0
브라질,상용,2024-10-01,41.0
브라질,상용,2024-11-01,56.0
브라질,상용,2024-12-01,47.0
브라질,상용,2025-01-01,89.0
브라질,상용,2025-02-01,49.0
브라질,상용,2025-03-01,47.0
브라질,상용,2025-04-01,53.0
브라질,상용,2025-05-01,85.0
브라질,유학연수,2005-01-01,6.0
브라질,유학연수,2005-02-01,1.0
브라질,유학연수,2005-03-01,5.0
브라질,유학연수,2005-04-01,1.0
브라질,유학연수,2005-05-01,1.0
브라질,유학연수,2005-06-01,5.0
브라질,유학연수,2005-07-01,2.0
브라질,유학연수,2005-08-01,7.0
브라질,유학연수,2005-09-01,4.0
브라질,유학연수,2005-10-01,1.0
브라질,유학연수,2005-11-01,2.0
브라질,유학연수,2005-12-01,1.0
브라질,유학연수,2006-01-01,4.0
브라질,유학연수,2006-02-01,7.0
브라질,유학연수,2006-03-01,6.0
브라질,유학연수,2006-04-01,4.0
브라질,유학연수,2006-05-01,1.0
브라질,유학연수,2006-06-01,2.0
브라질,유학연수,2006-07-01,3.0
브라질,유학연수,2006-08-01,3.0
브라질,유학연수,2006-09-01,3.0
브라질,유학연수,2006-10-01,2.0
브라질,유학연수,2006-11-01,0.0
브라질,유학연수,2006-12-01,0.0
브라질,유학연수,2007-01-01,9.0
브라질,유학연수,2007-02-01,11.0
브라질,유학연수,2007-03-01,2.0
브라질,유학연수,2007-04-01,1.0
브라질,유학연수,2007-05-01,1.0
브라질,유학연수,2007-06-01,5.0
브라질,유학연수,2007-07-01,1.0
브라질,유학연수,2007-08-01,8.0
브라질,유학연수,2007-09-01,6.0
브라질,유학연수,2007-10-01,5.0
브라질,유학연수,2007-11-01,2.0
브라질,유학연수,2007-12-01,4.0
브라질,유학연수,2008-01-01,8.0
브라질,유학연수,2008-02-01,11.0
브라질,유학연수,2008-03-01,4.0
브라질,유학연수,2008-04-01,1.0
브라질,유학연수,2008-05-01,0.0
브라질,유학연수,2008-06-01,6.0
브라질,유학연수,2008-07-01,3.0
브라질,유학연수,2008-08-01,16.0
브라질,유학연수,2008-09-01,2.0
브라질,유학연수,2008-10-01,1.0
브라질,유학연수,2008-11-01,1.0
브라질,유학연수,2008-12-01,0.0
브라질,유학연수,2009-01-01,8.0
브라질,유학연수,2009-02-01,10.0
브라질,유학연수,2009-03-01,8.0
브라질,유학연수,2009-04-01,5.0
브라질,유학연수,2009-05-01,3.0
브라질,유학연수,2009-06-01,4.0
브라질,유학연수,2009-07-01,5.0
브라질,유학연수,2009-08-01,19.0
브라질,유학연수,2009-09-01,3.0
브라질,유학연수,2009-10-01,3.0
브라질,유학연수,2009-11-01,6.0
브라질,유학연수,2009-12-01,1.0
브라질,유학연수,2010-01-01,11.0
브라질,유학연수,2010-02-01,21.0
브라질,유학연수,2010-03-01,8.0
브라질,유학연수,2010-04-01,3.0
브라질,유학연수,2010-05-01,9.0
브라질,유학연수,2010-06-01,8.0
브라질,유학연수,2010-07-01,5.0
브라질,유학연수,2010-08-01,36.0
브라질,유학연수,2010-09-01,19.0
브라질,유학연수,2010-10-01,1.0
브라질,유학연수,2010-11-01,4.0
브라질,유학연수,2010-12-01,20.0
브라질,유학연수,2011-01-01,54.0
브라질,유학연수,2011-02-01,35.0
브라질,유학연수,2011-03-01,13.0
브라질,유학연수,2011-04-01,39.0
브라질,유학연수,2011-05-01,2.0
브라질,유학연수,2011-06-01,10.0
브라질,유학연수,2011-07-01,5.0
브라질,유학연수,2011-08-01,35.0
브라질,유학연수,2011-09-01,6.0
브라질,유학연수,2011-10-01,4.0
브라질,유학연수,2011-11-01,7.0
브라질,유학연수,2011-12-01,14.0
브라질,유학연수,2012-01-01,20.0
브라질,유학연수,2012-02-01,40.0
브라질,유학연수,2012-03-01,16.0
브라질,유학연수,2012-04-01,6.0
브라질,유학연수,2012-05-01,6.0
브라질,유학연수,2012-06-01,20.0
브라질,유학연수,2012-07-01,10.0
브라질,유학연수,2012-08-01,122.0
브라질,유학연수,2012-09-01,6.0
브라질,유학연수,2012-10-01,26.0
브라질,유학연수,2012-11-01,8.0
브라질,유학연수,2012-12-01,15.0
브라질,유학연수,2013-01-01,40.0
브라질,유학연수,2013-02-01,126.0
브라질,유학연수,2013-03-01,30.0
브라질,유학연수,2013-04-01,18.0
브라질,유학연수,2013-05-01,24.0
브라질,유학연수,2013-06-01,88.0
브라질,유학연수,2013-07-01,48.0
브라질,유학연수,2013-08-01,191.0
브라질,유학연수,2013-09-01,44.0
브라질,유학연수,2013-10-01,19.0
브라질,유학연수,2013-11-01,49.0
브라질,유학연수,2013-12-01,52.0
브라질,유학연수,2014-01-01,131.0
브라질,유학연수,2014-02-01,105.0
브라질,유학연수,2014-03-01,67.0
브라질,유학연수,2014-04-01,19.0
브라질,유학연수,2014-05-01,75.0
브라질,유학연수,2014-06-01,44.0
브라질,유학연수,2014-07-01,26.0
브라질,유학연수,2014-08-01,134.0
브라질,유학연수,2014-09-01,34.0
브라질,유학연수,2014-10-01,22.0
브라질,유학연수,2014-11-01,27.0
브라질,유학연수,2014-12-01,28.0
브라질,유학연수,2015-01-01,68.0
브라질,유학연수,2015-02-01,66.0
브라질,유학연수,2015-03-01,42.0
브라질,유학연수,2015-04-01,18.0
브라질,유학연수,2015-05-01,16.0
브라질,유학연수,2015-06-01,13.0
브라질,유학연수,2015-07-01,26.0
브라질,유학연수,2015-08-01,132.0
브라질,유학연수,2015-09-01,8.0
브라질,유학연수,2015-10-01,2.0
브라질,유학연수,2015-11-01,1.0
브라질,유학연수,2015-12-01,12.0
브라질,유학연수,2016-01-01,32.0
브라질,유학연수,2016-02-01,86.0
브라질,유학연수,2016-03-01,21.0
브라질,유학연수,2016-04-01,8.0
브라질,유학연수,2016-05-01,27.0
브라질,유학연수,2016-06-01,13.0
브라질,유학연수,2016-07-01,38.0
브라질,유학연수,2016-08-01,76.0
브라질,유학연수,2016-09-01,12.0
브라질,유학연수,2016-10-01,6.0
브라질,유학연수,2016-11-01,12.0
브라질,유학연수,2016-12-01,11.0
브라질,유학연수,2017-01-01,37.0
브라질,유학연수,2017-02-01,57.0
브라질,유학연수,2017-03-01,17.0
브라질,유학연수,2017-04-01,11.0
브라질,유학연수,2017-05-01,15.0
브라질,유학연수,2017-06-01,9.0
브라질,유학연수,2017-07-01,24.0
브라질,유학연수,2017-08-01,86.0
브라질,유학연수,2017-09-01,15.0
브라질,유학연수,2017-10-01,9.0
브라질,유학연수,2017-11-01,13.0
브라질,유학연수,2017-12-01,10.0
브라질,유학연수,2018-01-01,46.0
브라질,유학연수,2018-02-01,64.0
브라질,유학연수,2018-03-01,17.0
브라질,유학연수,2018-04-01,3.0
브라질,유학연수,2018-05-01,16.0
브라질,유학연수,2018-06-01,17.0
브라질,유학연수,2018-07-01,23.0
브라질,유학연수,2018-08-01,91.0
브라질,유학연수,2018-09-01,24.0
브라질,유학연수,2018-10-01,8.0
브라질,유학연수,2018-11-01,12.0
브라질,유학연수,2018-12-01,16.0
브라질,유학연수,2019-01-01,41.0
브라질,유학연수,2019-02-01,101.0
브라질,유학연수,2019-03-01,21.0
브라질,유학연수,2019-04-01,5.0
브라질,유학연수,2019-05-01,15.0
브라질,유학연수,2019-06-01,18.0
브라질,유학연수,2019-07-01,29.0
브라질,유학연수,2019-08-01,98.0
브라질,유학연수,2019-09-01,36.0
브라질,유학연수,2019-10-01,15.0
브라질,유학연수,2019-11-01,13.0
브라질,유학연수,2019-12-01,22.0
브라질,유학연수,2020-01-01,35.0
브라질,유학연수,2020-02-01,71.0
브라질,유학연수,2020-03-01,18.0
브라질,유학연수,2020-04-01,3.0
브라질,유학연수,2020-05-01,0.0
브라질,유학연수,2020-06-01,3.0
브라질,유학연수,2020-07-01,1.0
브라질,유학연수,2020-08-01,33.0
브라질,유학연수,2020-09-01,3.0
브라질,유학연수,2020-10-01,2.0
브라질,유학연수,2020-11-01,2.0
브라질,유학연수,2020-12-01,3.0
브라질,유학연수,2021-01-01,15.0
브라질,유학연수,2021-02-01,51.0
브라질,유학연수,2021-03-01,4.0
브라질,유학연수,2021-04-01,1.0
브라질,유학연수,2021-05-01,10.0
브라질,유학연수,2021-06-01,1.0
브라질,유학연수,2021-07-01,8.0
브라질,유학연수,2021-08-01,67.0
브라질,유학연수,2021-09-01,8.0
브라질,유학연수,2021-10-01,3.0
브라질,유학연수,2021-11-01,8.0
브라질,유학연수,2021-12-01,11.0
브라질,유학연수,2022-01-01,27.0
브라질,유학연수,2022-02-01,95.0
브라질,유학연수,2022-03-01,15.0
브라질,유학연수,2022-04-01,5.0
브라질,유학연수,2022-05-01,24.0
브라질,유학연수,2022-06-01,14.0
브라질,유학연수,2022-07-01,13.0
브라질,유학연수,2022-08-01,120.0
브라질,유학연수,2022-09-01,16.0
브라질,유학연수,2022-10-01,6.0
브라질,유학연수,2022-11-01,12.0
브라질,유학연수,2022-12-01,16.0
브라질,유학연수,2023-01-01,32.0
브라질,유학연수,2023-02-01,115.0
브라질,유학연수,2023-03-01,21.0
브라질,유학연수,2023-04-01,7.0
브라질,유학연수,2023-05-01,17.0
브라질,유학연수,2023-06-01,17.0
브라질,유학연수,2023-07-01,34.0
브라질,유학연수,2023-08-01,114.0
브라질,유학연수,2023-09-01,25.0
브라질,유학연수,2023-10-01,10.0
브라질,유학연수,2023-11-01,26.0
브라질,유학연수,2023-12-01,24.0
브라질,유학연수,2024-01-01,51.0
브라질,유학연수,2024-02-01,107.0
브라질,유학연수,2024-03-01,26.0
브라질,유학연수,2024-04-01,15.0
브라질,유학연수,2024-05-01,22.0
브라질,유학연수,2024-06-01,34.0
브라질,유학연수,2024-07-01,30.0
브라질,유학연수,2024-08-01,115.0
브라질,유학연수,2024-09-01,26.0
브라질,유학연수,2024-10-01,8.0
브라질,유학연수,2024-11-01,32.0
브라질,유학연수,2024-12-01,28.0
브라질,유학연수,2025-01-01,52.0
브라질,유학연수,2025-02-01,103.0
브라질,유학연수,2025-03-01,23.0
브라질,유학연수,2025-04-01,8.0
브라질,유학연수,2025-05-01,24.0
사우디아라비아,공용,2005-01-01,1.0
사우디아라비아,공용,2005-02-01,0.0
사우디아라비아,공용,2005-03-01,0.0
사우디아라비아,공용,2005-04-01,2.0
사우디아라비아,공용,2005-05-01,7.0
사우디아라비아,공용,2005-06-01,3.0
사우디아라비아,공용,2005-07-01,0.0
사우디아라비아,공용,2005-08-01,0.0
사우디아라비아,공용,2005-09-01,2.0
사우디아라비아,공용,2005-10-01,0.0
사우디아라비아,공용,2005-11-01,2.0
사우디아라비아,공용,2005-12-01,0.0
사우디아라비아,공용,2006-01-01,0.0
사우디아라비아,공용,2006-02-01,0.0
사우디아라비아,공용,2006-03-01,0.0
사우디아라비아,공용,2006-04-01,2.0
사우디아라비아,공용,2006-05-01,0.0
사우디아라비아,공용,2006-06-01,1.0
사우디아라비아,공용,2006-07-01,0.0
사우디아라비아,공용,2006-08-01,6.0
사우디아라비아,공용,2006-09-01,0.0
사우디아라비아,공용,2006-10-01,0.0
사우디아라비아,공용,2006-11-01,0.0
사우디아라비아,공용,2006-12-01,0.0
사우디아라비아,공용,2007-01-01,5.0
사우디아라비아,공용,2007-02-01,3.0
사우디아라비아,공용,2007-03-01,0.0
사우디아라비아,공용,2007-04-01,0.0
사우디아라비아,공용,2007-05-01,0.0
사우디아라비아,공용,2007-06-01,1.0
사우디아라비아,공용,2007-07-01,0.0
사우디아라비아,공용,2007-08-01,7.0
사우디아라비아,공용,2007-09-01,1.0
사우디아라비아,공용,2007-10-01,1.0
사우디아라비아,공용,2007-11-01,5.0
사우디아라비아,공용,2007-12-01,1.0
사우디아라비아,공용,2008-01-01,5.0
사우디아라비아,공용,2008-02-01,1.0
사우디아라비아,공용,2008-03-01,14.0
사우디아라비아,공용,2008-04-01,0.0
사우디아라비아,공용,2008-05-01,5.0
사우디아라비아,공용,2008-06-01,1.0
사우디아라비아,공용,2008-07-01,11.0
사우디아라비아,공용,2008-08-01,4.0
사우디아라비아,공용,2008-09-01,1.0
사우디아라비아,공용,2008-10-01,0.0
사우디아라비아,공용,2008-11-01,0.0
사우디아라비아,공용,2008-12-01,0.0
사우디아라비아,공용,2009-01-01,1.0
사우디아라비아,공용,2009-02-01,4.0
사우디아라비아,공용,2009-03-01,0.0
사우디아라비아,공용,2009-04-01,0.0
사우디아라비아,공용,2009-05-01,4.0
사우디아라비아,공용,2009-06-01,3.0
사우디아라비아,공용,2009-07-01,27.0
사우디아라비아,공용,2009-08-01,1.0
사우디아라비아,공용,2009-09-01,0.0
사우디아라비아,공용,2009-10-01,8.0
사우디아라비아,공용,2009-11-01,7.0
사우디아라비아,공용,2009-12-01,2.0
사우디아라비아,공용,2010-01-01,0.0
사우디아라비아,공용,2010-02-01,1.0
사우디아라비아,공용,2010-03-01,1.0
사우디아라비아,공용,2010-04-01,3.0
사우디아라비아,공용,2010-05-01,3.0
사우디아라비아,공용,2010-06-01,6.0
사우디아라비아,공용,2010-07-01,2.0
사우디아라비아,공용,2010-08-01,0.0
사우디아라비아,공용,2010-09-01,2.0
사우디아라비아,공용,2010-10-01,13.0
사우디아라비아,공용,2010-11-01,16.0
사우디아라비아,공용,2010-12-01,1.0
사우디아라비아,공용,2011-01-01,0.0
사우디아라비아,공용,2011-02-01,2.0
사우디아라비아,공용,2011-03-01,0.0
사우디아라비아,공용,2011-04-01,1.0
사우디아라비아,공용,2011-05-01,34.0
사우디아라비아,공용,2011-06-01,0.0
사우디아라비아,공용,2011-07-01,1.0
사우디아라비아,공용,2011-08-01,0.0
사우디아라비아,공용,2011-09-01,9.0
사우디아라비아,공용,2011-10-01,16.0
사우디아라비아,공용,2011-11-01,7.0
사우디아라비아,공용,2011-12-01,1.0
사우디아라비아,공용,2012-01-01,0.0
사우디아라비아,공용,2012-02-01,2.0
사우디아라비아,공용,2012-03-01,12.0
사우디아라비아,공용,2012-04-01,6.0
사우디아라비아,공용,2012-05-01,4.0
사우디아라비아,공용,2012-06-01,28.0
사우디아라비아,공용,2012-07-01,0.0
사우디아라비아,공용,2012-08-01,0.0
사우디아라비아,공용,2012-09-01,3.0
사우디아라비아,공용,2012-10-01,9.0
사우디아라비아,공용,2012-11-01,11.0
사우디아라비아,공용,2012-12-01,3.0
사우디아라비아,공용,2013-01-01,1.0
사우디아라비아,공용,2013-02-01,8.0
사우디아라비아,공용,2013-03-01,3.0
사우디아라비아,공용,2013-04-01,21.0
사우디아라비아,공용,2013-05-01,37.0
사우디아라비아,공용,2013-06-01,28.0
사우디아라비아,공용,2013-07-01,4.0
사우디아라비아,공용,2013-08-01,20.0
사우디아라비아,공용,2013-09-01,36.0
사우디아라비아,공용,2013-10-01,10.0
사우디아라비아,공용,2013-11-01,7.0
사우디아라비아,공용,2013-12-01,5.0
사우디아라비아,공용,2014-01-01,3.0
사우디아라비아,공용,2014-02-01,3.0
사우디아라비아,공용,2014-03-01,5.0
사우디아라비아,공용,2014-04-01,21.0
사우디아라비아,공용,2014-05-01,10.0
사우디아라비아,공용,2014-06-01,12.0
사우디아라비아,공용,2014-07-01,0.0
사우디아라비아,공용,2014-08-01,6.0
사우디아라비아,공용,2014-09-01,10.0
사우디아라비아,공용,2014-10-01,8.0
사우디아라비아,공용,2014-11-01,7.0
사우디아라비아,공용,2014-12-01,1.0
사우디아라비아,공용,2015-01-01,5.0
사우디아라비아,공용,2015-02-01,1.0
사우디아라비아,공용,2015-03-01,12.0
사우디아라비아,공용,2015-04-01,7.0
사우디아라비아,공용,2015-05-01,1.0
사우디아라비아,공용,2015-06-01,1.0
사우디아라비아,공용,2015-07-01,1.0
사우디아라비아,공용,2015-08-01,7.0
사우디아라비아,공용,2015-09-01,19.0
사우디아라비아,공용,2015-10-01,3.0
사우디아라비아,공용,2015-11-01,1.0
사우디아라비아,공용,2015-12-01,0.0
사우디아라비아,공용,2016-01-01,7.0
사우디아라비아,공용,2016-02-01,5.0
사우디아라비아,공용,2016-03-01,5.0
사우디아라비아,공용,2016-04-01,2.0
사우디아라비아,공용,2016-05-01,3.0
사우디아라비아,공용,2016-06-01,9.0
사우디아라비아,공용,2016-07-01,52.0
사우디아라비아,공용,2016-08-01,10.0
사우디아라비아,공용,2016-09-01,37.0
사우디아라비아,공용,2016-10-01,10.0
사우디아라비아,공용,2016-11-01,2.0
사우디아라비아,공용,2016-12-01,2.0
사우디아라비아,공용,2017-01-01,60.0
사우디아라비아,공용,2017-02-01,26.0
사우디아라비아,공용,2017-03-01,18.0
사우디아라비아,공용,2017-04-01,11.0
사우디아라비아,공용,2017-05-01,24.0
사우디아라비아,공용,2017-06-01,12.0
사우디아라비아,공용,2017-07-01,56.0
사우디아라비아,공용,2017-08-01,18.0
사우디아라비아,공용,2017-09-01,25.0
사우디아라비아,공용,2017-10-01,36.0
사우디아라비아,공용,2017-11-01,17.0
사우디아라비아,공용,2017-12-01,15.0
사우디아라비아,공용,2018-01-01,38.0
사우디아라비아,공용,2018-02-01,30.0
사우디아라비아,공용,2018-03-01,16.0
사우디아라비아,공용,2018-04-01,15.0
사우디아라비아,공용,2018-05-01,17.0
사우디아라비아,공용,2018-06-01,35.0
사우디아라비아,공용,2018-07-01,43.0
사우디아라비아,공용,2018-08-01,57.0
사우디아라비아,공용,2018-09-01,14.0
사우디아라비아,공용,2018-10-01,9.0
사우디아라비아,공용,2018-11-01,8.0
사우디아라비아,공용,2018-12-01,7.0
사우디아라비아,공용,2019-01-01,3.0
사우디아라비아,공용,2019-02-01,2.0
사우디아라비아,공용,2019-03-01,1.0
사우디아라비아,공용,2019-04-01,6.0
사우디아라비아,공용,2019-05-01,0.0
사우디아라비아,공용,2019-06-01,11.0
사우디아라비아,공용,2019-07-01,5.0
사우디아라비아,공용,2019-08-01,10.0
사우디아라비아,공용,2019-09-01,2.0
사우디아라비아,공용,2019-10-01,4.0
사우디아라비아,공용,2019-11-01,2.0
사우디아라비아,공용,2019-12-01,10.0
사우디아라비아,공용,2020-01-01,5.0
사우디아라비아,공용,2020-02-01,2.0
사우디아라비아,공용,2020-03-01,1.0
사우디아라비아,공용,2020-04-01,0.0
사우디아라비아,공용,2020-05-01,1.0
사우디아라비아,공용,2020-06-01,0.0
사우디아라비아,공용,2020-07-01,1.0
사우디아라비아,공용,2020-08-01,0.0
사우디아라비아,공용,2020-09-01,1.0
사우디아라비아,공용,2020-10-01,1.0
사우디아라비아,공용,2020-11-01,0.0
사우디아라비아,공용,2020-12-01,2.0
사우디아라비아,공용,2021-01-01,0.0
사우디아라비아,공용,2021-02-01,1.0
사우디아라비아,공용,2021-03-01,1.0
사우디아라비아,공용,2021-04-01,0.0
사우디아라비아,공용,2021-05-01,1.0
사우디아라비아,공용,2021-06-01,1.0
사우디아라비아,공용,2021-07-01,15.0
사우디아라비아,공용,2021-08-01,3.0
사우디아라비아,공용,2021-09-01,4.0
사우디아라비아,공용,2021-10-01,31.0
사우디아라비아,공용,2021-11-01,2.0
사우디아라비아,공용,2021-12-01,4.0
사우디아라비아,공용,2022-01-01,2.0
사우디아라비아,공용,2022-02-01,10.0
사우디아라비아,공용,2022-03-01,22.0
사우디아라비아,공용,2022-04-01,1.0
사우디아라비아,공용,2022-05-01,18.0
사우디아라비아,공용,2022-06-01,4.0
사우디아라비아,공용,2022-07-01,16.0
사우디아라비아,공용,2022-08-01,5.0
사우디아라비아,공용,2022-09-01,10.0
사우디아라비아,공용,2022-10-01,4.0
사우디아라비아,공용,2022-11-01,54.0
사우디아라비아,공용,2022-12-01,1.0
사우디아라비아,공용,2023-01-01,2.0
사우디아라비아,공용,2023-02-01,6.0
사우디아라비아,공용,2023-03-01,17.0
사우디아라비아,공용,2023-04-01,5.0
사우디아라비아,공용,2023-05-01,24.0
사우디아라비아,공용,2023-06-01,48.0
사우디아라비아,공용,2023-07-01,31.0
사우디아라비아,공용,2023-08-01,6.0
사우디아라비아,공용,2023-09-01,18.0
사우디아라비아,공용,2023-10-01,46.0
사우디아라비아,공용,2023-11-01,13.0
사우디아라비아,공용,2023-12-01,4.0
사우디아라비아,공용,2024-01-01,15.0
사우디아라비아,공용,2024-02-01,27.0
사우디아라비아,공용,2024-03-01,10.0
사우디아라비아,공용,2024-04-01,13.0
사우디아라비아,공용,2024-05-01,3.0
사우디아라비아,공용,2024-06-01,28.0
사우디아라비아,공용,2024-07-01,22.0
사우디아라비아,공용,2024-08-01,3.0
사우디아라비아,공용,2024-09-01,5.0
사우디아라비아,공용,2024-10-01,3.0
사우디아라비아,공용,2024-11-01,13.0
사우디아라비아,공용,2024-12-01,12.0
사우디아라비아,공용,2025-01-01,13.0
사우디아라비아,공용,2025-02-01,7.0
사우디아라비아,공용,2025-03-01,13.0
사우디아라비아,공용,2025-04-01,4.0
사우디아라비아,공용,2025-05-01,11.0
사우디아라비아,관광,2005-01-01,27.0
사우디아라비아,관광,2005-02-01,67.0
사우디아라비아,관광,2005-03-01,64.0
사우디아라비아,관광,2005-04-01,48.0
사우디아라비아,관광,2005-05-01,69.0
사우디아라비아,관광,2005-06-01,67.0
사우디아라비아,관광,2005-07-01,71.0
사우디아라비아,관광,2005-08-01,157.0
사우디아라비아,관광,2005-09-01,77.0
사우디아라비아,관광,2005-10-01,29.0
사우디아라비아,관광,2005-11-01,78.0
사우디아라비아,관광,2005-12-01,54.0
사우디아라비아,관광,2006-01-01,33.0
사우디아라비아,관광,2006-02-01,38.0
사우디아라비아,관광,2006-03-01,44.0
사우디아라비아,관광,2006-04-01,72.0
사우디아라비아,관광,2006-05-01,97.0
사우디아라비아,관광,2006-06-01,92.0
사우디아라비아,관광,2006-07-01,96.0
사우디아라비아,관광,2006-08-01,132.0
사우디아라비아,관광,2006-09-01,103.0
사우디아라비아,관광,2006-10-01,133.0
사우디아라비아,관광,2006-11-01,133.0
사우디아라비아,관광,2006-12-01,76.0
사우디아라비아,관광,2007-01-01,49.0
사우디아라비아,관광,2007-02-01,118.0
사우디아라비아,관광,2007-03-01,148.0
사우디아라비아,관광,2007-04-01,211.0
사우디아라비아,관광,2007-05-01,201.0
사우디아라비아,관광,2007-06-01,137.0
사우디아라비아,관광,2007-07-01,108.0
사우디아라비아,관광,2007-08-01,156.0
사우디아라비아,관광,2007-09-01,68.0
사우디아라비아,관광,2007-10-01,72.0
사우디아라비아,관광,2007-11-01,148.0
사우디아라비아,관광,2007-12-01,76.0
사우디아라비아,관광,2008-01-01,107.0
사우디아라비아,관광,2008-02-01,81.0
사우디아라비아,관광,2008-03-01,106.0
사우디아라비아,관광,2008-04-01,118.0
사우디아라비아,관광,2008-05-01,165.0
사우디아라비아,관광,2008-06-01,172.0
사우디아라비아,관광,2008-07-01,204.0
사우디아라비아,관광,2008-08-01,180.0
사우디아라비아,관광,2008-09-01,65.0
사우디아라비아,관광,2008-10-01,258.0
사우디아라비아,관광,2008-11-01,125.0
사우디아라비아,관광,2008-12-01,83.0
사우디아라비아,관광,2009-01-01,60.0
사우디아라비아,관광,2009-02-01,81.0
사우디아라비아,관광,2009-03-01,133.0
사우디아라비아,관광,2009-04-01,111.0
사우디아라비아,관광,2009-05-01,145.0
사우디아라비아,관광,2009-06-01,205.0
사우디아라비아,관광,2009-07-01,331.0
사우디아라비아,관광,2009-08-01,234.0
사우디아라비아,관광,2009-09-01,88.0
사우디아라비아,관광,2009-10-01,138.0
사우디아라비아,관광,2009-11-01,204.0
사우디아라비아,관광,2009-12-01,74.0
사우디아라비아,관광,2010-01-01,91.0
사우디아라비아,관광,2010-02-01,154.0
사우디아라비아,관광,2010-03-01,167.0
사우디아라비아,관광,2010-04-01,169.0
사우디아라비아,관광,2010-05-01,237.0
사우디아라비아,관광,2010-06-01,148.0
사우디아라비아,관광,2010-07-01,408.0
사우디아라비아,관광,2010-08-01,217.0
사우디아라비아,관광,2010-09-01,276.0
사우디아라비아,관광,2010-10-01,316.0
사우디아라비아,관광,2010-11-01,256.0
사우디아라비아,관광,2010-12-01,160.0
사우디아라비아,관광,2011-01-01,180.0
사우디아라비아,관광,2011-02-01,248.0
사우디아라비아,관광,2011-03-01,216.0
사우디아라비아,관광,2011-04-01,380.0
사우디아라비아,관광,2011-05-01,303.0
사우디아라비아,관광,2011-06-01,404.0
사우디아라비아,관광,2011-07-01,750.0
사우디아라비아,관광,2011-08-01,203.0
사우디아라비아,관광,2011-09-01,496.0
사우디아라비아,관광,2011-10-01,512.0
사우디아라비아,관광,2011-11-01,463.0
사우디아라비아,관광,2011-12-01,181.0
사우디아라비아,관광,2012-01-01,256.0
사우디아라비아,관광,2012-02-01,260.0
사우디아라비아,관광,2012-03-01,444.0
사우디아라비아,관광,2012-04-01,364.0
사우디아라비아,관광,2012-05-01,422.0
사우디아라비아,관광,2012-06-01,1035.0
사우디아라비아,관광,2012-07-01,557.0
사우디아라비아,관광,2012-08-01,449.0
사우디아라비아,관광,2012-09-01,441.0
사우디아라비아,관광,2012-10-01,834.0
사우디아라비아,관광,2012-11-01,649.0
사우디아라비아,관광,2012-12-01,275.0
사우디아라비아,관광,2013-01-01,413.0
사우디아라비아,관광,2013-02-01,277.0
사우디아라비아,관광,2013-03-01,674.0
사우디아라비아,관광,2013-04-01,411.0
사우디아라비아,관광,2013-05-01,494.0
사우디아라비아,관광,2013-06-01,1411.0
사우디아라비아,관광,2013-07-01,283.0
사우디아라비아,관광,2013-08-01,1154.0
사우디아라비아,관광,2013-09-01,555.0
사우디아라비아,관광,2013-10-01,708.0
사우디아라비아,관광,2013-11-01,487.0
사우디아라비아,관광,2013-12-01,389.0
사우디아라비아,관광,2014-01-01,438.0
사우디아라비아,관광,2014-02-01,391.0
사우디아라비아,관광,2014-03-01,591.0
사우디아라비아,관광,2014-04-01,508.0
사우디아라비아,관광,2014-05-01,592.0
사우디아라비아,관광,2014-06-01,1028.0
사우디아라비아,관광,2014-07-01,502.0
사우디아라비아,관광,2014-08-01,1195.0
사우디아라비아,관광,2014-09-01,1071.0
사우디아라비아,관광,2014-10-01,840.0
사우디아라비아,관광,2014-11-01,428.0
사우디아라비아,관광,2014-12-01,322.0
사우디아라비아,관광,2015-01-01,476.0
사우디아라비아,관광,2015-02-01,294.0
사우디아라비아,관광,2015-03-01,810.0
사우디아라비아,관광,2015-04-01,594.0
사우디아라비아,관광,2015-05-01,695.0
사우디아라비아,관광,2015-06-01,463.0
사우디아라비아,관광,2015-07-01,1053.0
사우디아라비아,관광,2015-08-01,983.0
사우디아라비아,관광,2015-09-01,855.0
사우디아라비아,관광,2015-10-01,603.0
사우디아라비아,관광,2015-11-01,472.0
사우디아라비아,관광,2015-12-01,412.0
사우디아라비아,관광,2016-01-01,483.0
사우디아라비아,관광,2016-02-01,340.0
사우디아라비아,관광,2016-03-01,672.0
사우디아라비아,관광,2016-04-01,497.0
사우디아라비아,관광,2016-05-01,820.0
사우디아라비아,관광,2016-06-01,284.0
사우디아라비아,관광,2016-07-01,1504.0
사우디아라비아,관광,2016-08-01,1676.0
사우디아라비아,관광,2016-09-01,960.0
사우디아라비아,관광,2016-10-01,611.0
사우디아라비아,관광,2016-11-01,836.0
사우디아라비아,관광,2016-12-01,498.0
사우디아라비아,관광,2017-01-01,402.0
사우디아라비아,관광,2017-02-01,337.0
사우디아라비아,관광,2017-03-01,740.0
사우디아라비아,관광,2017-04-01,714.0
사우디아라비아,관광,2017-05-01,567.0
사우디아라비아,관광,2017-06-01,506.0
사우디아라비아,관광,2017-07-01,1601.0
사우디아라비아,관광,2017-08-01,1732.0
사우디아라비아,관광,2017-09-01,968.0
사우디아라비아,관광,2017-10-01,795.0
사우디아라비아,관광,2017-11-01,488.0
사우디아라비아,관광,2017-12-01,335.0
사우디아라비아,관광,2018-01-01,561.0
사우디아라비아,관광,2018-02-01,280.0
사우디아라비아,관광,2018-03-01,524.0
사우디아라비아,관광,2018-04-01,769.0
사우디아라비아,관광,2018-05-01,443.0
사우디아라비아,관광,2018-06-01,1244.0
사우디아라비아,관광,2018-07-01,1640.0
사우디아라비아,관광,2018-08-01,1691.0
사우디아라비아,관광,2018-09-01,618.0
사우디아라비아,관광,2018-10-01,795.0
사우디아라비아,관광,2018-11-01,502.0
사우디아라비아,관광,2018-12-01,577.0
사우디아라비아,관광,2019-01-01,367.0
사우디아라비아,관광,2019-02-01,317.0
사우디아라비아,관광,2019-03-01,563.0
사우디아라비아,관광,2019-04-01,928.0
사우디아라비아,관광,2019-05-01,288.0
사우디아라비아,관광,2019-06-01,2597.0
사우디아라비아,관광,2019-07-01,2053.0
사우디아라비아,관광,2019-08-01,2368.0
사우디아라비아,관광,2019-09-01,858.0
사우디아라비아,관광,2019-10-01,716.0
사우디아라비아,관광,2019-11-01,778.0
사우디아라비아,관광,2019-12-01,548.0
사우디아라비아,관광,2020-01-01,778.0
사우디아라비아,관광,2020-02-01,200.0
사우디아라비아,관광,2020-03-01,10.0
사우디아라비아,관광,2020-04-01,0.0
사우디아라비아,관광,2020-05-01,0.0
사우디아라비아,관광,2020-06-01,1.0
사우디아라비아,관광,2020-07-01,4.0
사우디아라비아,관광,2020-08-01,0.0
사우디아라비아,관광,2020-09-01,0.0
사우디아라비아,관광,2020-10-01,1.0
사우디아라비아,관광,2020-11-01,1.0
사우디아라비아,관광,2020-12-01,0.0
사우디아라비아,관광,2021-01-01,1.0
사우디아라비아,관광,2021-02-01,0.0
사우디아라비아,관광,2021-03-01,0.0
사우디아라비아,관광,2021-04-01,1.0
사우디아라비아,관광,2021-05-01,4.0
사우디아라비아,관광,2021-06-01,3.0
사우디아라비아,관광,2021-07-01,6.0
사우디아라비아,관광,2021-08-01,1.0
사우디아라비아,관광,2021-09-01,1.0
사우디아라비아,관광,2021-10-01,11.0
사우디아라비아,관광,2021-11-01,10.0
사우디아라비아,관광,2021-12-01,5.0
사우디아라비아,관광,2022-01-01,4.0
사우디아라비아,관광,2022-02-01,1.0
사우디아라비아,관광,2022-03-01,1.0
사우디아라비아,관광,2022-04-01,9.0
사우디아라비아,관광,2022-05-01,290.0
사우디아라비아,관광,2022-06-01,498.0
사우디아라비아,관광,2022-07-01,715.0
사우디아라비아,관광,2022-08-01,906.0
사우디아라비아,관광,2022-09-01,797.0
사우디아라비아,관광,2022-10-01,1007.0
사우디아라비아,관광,2022-11-01,1855.0
사우디아라비아,관광,2022-12-01,478.0
사우디아라비아,관광,2023-01-01,244.0
사우디아라비아,관광,2023-02-01,457.0
사우디아라비아,관광,2023-03-01,1147.0
사우디아라비아,관광,2023-04-01,1049.0
사우디아라비아,관광,2023-05-01,1521.0
사우디아라비아,관광,2023-06-01,1475.0
사우디아라비아,관광,2023-07-01,2254.0
사우디아라비아,관광,2023-08-01,1100.0
사우디아라비아,관광,2023-09-01,1287.0
사우디아라비아,관광,2023-10-01,1341.0
사우디아라비아,관광,2023-11-01,1661.0
사우디아라비아,관광,2023-12-01,975.0
사우디아라비아,관광,2024-01-01,824.0
사우디아라비아,관광,2024-02-01,951.0
사우디아라비아,관광,2024-03-01,422.0
사우디아라비아,관광,2024-04-01,2097.0
사우디아라비아,관광,2024-05-01,1669.0
사우디아라비아,관광,2024-06-01,3576.0
사우디아라비아,관광,2024-07-01,3180.0
사우디아라비아,관광,2024-08-01,1340.0
사우디아라비아,관광,2024-09-01,1440.0
사우디아라비아,관광,2024-10-01,1645.0
사우디아라비아,관광,2024-11-01,2300.0
사우디아라비아,관광,2024-12-01,808.0
사우디아라비아,관광,2025-01-01,697.0
사우디아라비아,관광,2025-02-01,689.0
사우디아라비아,관광,2025-03-01,674.0
사우디아라비아,관광,2025-04-01,1888.0
사우디아라비아,관광,2025-05-01,1783.0
사우디아라비아,상용,2005-01-01,9.0
사우디아라비아,상용,2005-02-01,12.0
사우디아라비아,상용,2005-03-01,26.0
사우디아라비아,상용,2005-04-01,23.0
사우디아라비아,상용,2005-05-01,26.0
사우디아라비아,상용,2005-06-01,17.0
사우디아라비아,상용,2005-07-01,20.0
사우디아라비아,상용,2005-08-01,25.0
사우디아라비아,상용,2005-09-01,33.0
사우디아라비아,상용,2005-10-01,4.0
사우디아라비아,상용,2005-11-01,41.0
사우디아라비아,상용,2005-12-01,23.0
사우디아라비아,상용,2006-01-01,13.0
사우디아라비아,상용,2006-02-01,29.0
사우디아라비아,상용,2006-03-01,24.0
사우디아라비아,상용,2006-04-01,23.0
사우디아라비아,상용,2006-05-01,36.0
사우디아라비아,상용,2006-06-01,40.0
사우디아라비아,상용,2006-07-01,27.0
사우디아라비아,상용,2006-08-01,60.0
사우디아라비아,상용,2006-09-01,40.0
사우디아라비아,상용,2006-10-01,20.0
사우디아라비아,상용,2006-11-01,18.0
사우디아라비아,상용,2006-12-01,23.0
사우디아라비아,상용,2007-01-01,45.0
사우디아라비아,상용,2007-02-01,36.0
사우디아라비아,상용,2007-03-01,37.0
사우디아라비아,상용,2007-04-01,31.0
사우디아라비아,상용,2007-05-01,25.0
사우디아라비아,상용,2007-06-01,58.0
사우디아라비아,상용,2007-07-01,75.0
사우디아라비아,상용,2007-08-01,72.0
사우디아라비아,상용,2007-09-01,41.0
사우디아라비아,상용,2007-10-01,42.0
사우디아라비아,상용,2007-11-01,57.0
사우디아라비아,상용,2007-12-01,48.0
사우디아라비아,상용,2008-01-01,75.0
사우디아라비아,상용,2008-02-01,68.0
사우디아라비아,상용,2008-03-01,57.0
사우디아라비아,상용,2008-04-01,59.0
사우디아라비아,상용,2008-05-01,61.0
사우디아라비아,상용,2008-06-01,78.0
사우디아라비아,상용,2008-07-01,32.0
사우디아라비아,상용,2008-08-01,76.0
사우디아라비아,상용,2008-09-01,19.0
사우디아라비아,상용,2008-10-01,83.0
사우디아라비아,상용,2008-11-01,47.0
사우디아라비아,상용,2008-12-01,68.0
사우디아라비아,상용,2009-01-01,41.0
사우디아라비아,상용,2009-02-01,66.0
사우디아라비아,상용,2009-03-01,55.0
사우디아라비아,상용,2009-04-01,72.0
사우디아라비아,상용,2009-05-01,99.0
사우디아라비아,상용,2009-06-01,52.0
사우디아라비아,상용,2009-07-01,68.0
사우디아라비아,상용,2009-08-01,58.0
사우디아라비아,상용,2009-09-01,35.0
사우디아라비아,상용,2009-10-01,103.0
사우디아라비아,상용,2009-11-01,62.0
사우디아라비아,상용,2009-12-01,46.0
사우디아라비아,상용,2010-01-01,85.0
사우디아라비아,상용,2010-02-01,58.0
사우디아라비아,상용,2010-03-01,70.0
사우디아라비아,상용,2010-04-01,87.0
사우디아라비아,상용,2010-05-01,101.0
사우디아라비아,상용,2010-06-01,53.0
사우디아라비아,상용,2010-07-01,62.0
사우디아라비아,상용,2010-08-01,62.0
사우디아라비아,상용,2010-09-01,61.0
사우디아라비아,상용,2010-10-01,78.0
사우디아라비아,상용,2010-11-01,63.0
사우디아라비아,상용,2010-12-01,42.0
사우디아라비아,상용,2011-01-01,48.0
사우디아라비아,상용,2011-02-01,117.0
사우디아라비아,상용,2011-03-01,90.0
사우디아라비아,상용,2011-04-01,130.0
사우디아라비아,상용,2011-05-01,144.0
사우디아라비아,상용,2011-06-01,112.0
사우디아라비아,상용,2011-07-01,124.0
사우디아라비아,상용,2011-08-01,61.0
사우디아라비아,상용,2011-09-01,150.0
사우디아라비아,상용,2011-10-01,129.0
사우디아라비아,상용,2011-11-01,122.0
사우디아라비아,상용,2011-12-01,86.0
사우디아라비아,상용,2012-01-01,122.0
사우디아라비아,상용,2012-02-01,79.0
사우디아라비아,상용,2012-03-01,99.0
사우디아라비아,상용,2012-04-01,79.0
사우디아라비아,상용,2012-05-01,72.0
사우디아라비아,상용,2012-06-01,47.0
사우디아라비아,상용,2012-07-01,22.0
사우디아라비아,상용,2012-08-01,26.0
사우디아라비아,상용,2012-09-01,59.0
사우디아라비아,상용,2012-10-01,42.0
사우디아라비아,상용,2012-11-01,69.0
사우디아라비아,상용,2012-12-01,99.0
사우디아라비아,상용,2013-01-01,112.0
사우디아라비아,상용,2013-02-01,79.0
사우디아라비아,상용,2013-03-01,121.0
사우디아라비아,상용,2013-04-01,106.0
사우디아라비아,상용,2013-05-01,103.0
사우디아라비아,상용,2013-06-01,117.0
사우디아라비아,상용,2013-07-01,66.0
사우디아라비아,상용,2013-08-01,101.0
사우디아라비아,상용,2013-09-01,107.0
사우디아라비아,상용,2013-10-01,65.0
사우디아라비아,상용,2013-11-01,88.0
사우디아라비아,상용,2013-12-01,75.0
사우디아라비아,상용,2014-01-01,73.0
사우디아라비아,상용,2014-02-01,65.0
사우디아라비아,상용,2014-03-01,76.0
사우디아라비아,상용,2014-04-01,44.0
사우디아라비아,상용,2014-05-01,63.0
사우디아라비아,상용,2014-06-01,45.0
사우디아라비아,상용,2014-07-01,45.0
사우디아라비아,상용,2014-08-01,52.0
사우디아라비아,상용,2014-09-01,32.0
사우디아라비아,상용,2014-10-01,34.0
사우디아라비아,상용,2014-11-01,26.0
사우디아라비아,상용,2014-12-01,34.0
사우디아라비아,상용,2015-01-01,17.0
사우디아라비아,상용,2015-02-01,11.0
사우디아라비아,상용,2015-03-01,25.0
사우디아라비아,상용,2015-04-01,18.0
사우디아라비아,상용,2015-05-01,18.0
사우디아라비아,상용,2015-06-01,6.0
사우디아라비아,상용,2015-07-01,9.0
사우디아라비아,상용,2015-08-01,17.0
사우디아라비아,상용,2015-09-01,20.0
사우디아라비아,상용,2015-10-01,21.0
사우디아라비아,상용,2015-11-01,12.0
사우디아라비아,상용,2015-12-01,12.0
사우디아라비아,상용,2016-01-01,16.0
사우디아라비아,상용,2016-02-01,12.0
사우디아라비아,상용,2016-03-01,9.0
사우디아라비아,상용,2016-04-01,11.0
사우디아라비아,상용,2016-05-01,10.0
사우디아라비아,상용,2016-06-01,9.0
사우디아라비아,상용,2016-07-01,16.0
사우디아라비아,상용,2016-08-01,7.0
사우디아라비아,상용,2016-09-01,8.0
사우디아라비아,상용,2016-10-01,6.0
사우디아라비아,상용,2016-11-01,7.0
사우디아라비아,상용,2016-12-01,6.0
사우디아라비아,상용,2017-01-01,18.0
사우디아라비아,상용,2017-02-01,7.0
사우디아라비아,상용,2017-03-01,12.0
사우디아라비아,상용,2017-04-01,19.0
사우디아라비아,상용,2017-05-01,23.0
사우디아라비아,상용,2017-06-01,12.0
사우디아라비아,상용,2017-07-01,19.0
사우디아라비아,상용,2017-08-01,15.0
사우디아라비아,상용,2017-09-01,14.0
사우디아라비아,상용,2017-10-01,22.0
사우디아라비아,상용,2017-11-01,11.0
사우디아라비아,상용,2017-12-01,16.0
사우디아라비아,상용,2018-01-01,6.0
사우디아라비아,상용,2018-02-01,16.0
사우디아라비아,상용,2018-03-01,8.0
사우디아라비아,상용,2018-04-01,11.0
사우디아라비아,상용,2018-05-01,20.0
사우디아라비아,상용,2018-06-01,14.0
사우디아라비아,상용,2018-07-01,15.0
사우디아라비아,상용,2018-08-01,6.0
사우디아라비아,상용,2018-09-01,25.0
사우디아라비아,상용,2018-10-01,17.0
사우디아라비아,상용,2018-11-01,22.0
사우디아라비아,상용,2018-12-01,16.0
사우디아라비아,상용,2019-01-01,22.0
사우디아라비아,상용,2019-02-01,15.0
사우디아라비아,상용,2019-03-01,7.0
사우디아라비아,상용,2019-04-01,11.0
사우디아라비아,상용,2019-05-01,4.0
사우디아라비아,상용,2019-06-01,12.0
사우디아라비아,상용,2019-07-01,3.0
사우디아라비아,상용,2019-08-01,10.0
사우디아라비아,상용,2019-09-01,16.0
사우디아라비아,상용,2019-10-01,17.0
사우디아라비아,상용,2019-11-01,15.0
사우디아라비아,상용,2019-12-01,28.0
사우디아라비아,상용,2020-01-01,43.0
사우디아라비아,상용,2020-02-01,28.0
사우디아라비아,상용,2020-03-01,4.0
사우디아라비아,상용,2020-04-01,5.0
사우디아라비아,상용,2020-05-01,0.0
사우디아라비아,상용,2020-06-01,1.0
사우디아라비아,상용,2020-07-01,0.0
사우디아라비아,상용,2020-08-01,1.0
사우디아라비아,상용,2020-09-01,1.0
사우디아라비아,상용,2020-10-01,28.0
사우디아라비아,상용,2020-11-01,4.0
사우디아라비아,상용,2020-12-01,3.0
사우디아라비아,상용,2021-01-01,2.0
사우디아라비아,상용,2021-02-01,1.0
사우디아라비아,상용,2021-03-01,1.0
사우디아라비아,상용,2021-04-01,7.0
사우디아라비아,상용,2021-05-01,21.0
사우디아라비아,상용,2021-06-01,16.0
사우디아라비아,상용,2021-07-01,14.0
사우디아라비아,상용,2021-08-01,40.0
사우디아라비아,상용,2021-09-01,26.0
사우디아라비아,상용,2021-10-01,74.0
사우디아라비아,상용,2021-11-01,33.0
사우디아라비아,상용,2021-12-01,38.0
사우디아라비아,상용,2022-01-01,16.0
사우디아라비아,상용,2022-02-01,17.0
사우디아라비아,상용,2022-03-01,26.0
사우디아라비아,상용,2022-04-01,32.0
사우디아라비아,상용,2022-05-01,58.0
사우디아라비아,상용,2022-06-01,16.0
사우디아라비아,상용,2022-07-01,32.0
사우디아라비아,상용,2022-08-01,26.0
사우디아라비아,상용,2022-09-01,19.0
사우디아라비아,상용,2022-10-01,15.0
사우디아라비아,상용,2022-11-01,21.0
사우디아라비아,상용,2022-12-01,26.0
사우디아라비아,상용,2023-01-01,27.0
사우디아라비아,상용,2023-02-01,25.0
사우디아라비아,상용,2023-03-01,16.0
사우디아라비아,상용,2023-04-01,8.0
사우디아라비아,상용,2023-05-01,17.0
사우디아라비아,상용,2023-06-01,12.0
사우디아라비아,상용,2023-07-01,10.0
사우디아라비아,상용,2023-08-01,9.0
사우디아라비아,상용,2023-09-01,13.0
사우디아라비아,상용,2023-10-01,25.0
사우디아라비아,상용,2023-11-01,9.0
사우디아라비아,상용,2023-12-01,19.0
사우디아라비아,상용,2024-01-01,32.0
사우디아라비아,상용,2024-02-01,29.0
사우디아라비아,상용,2024-03-01,27.0
사우디아라비아,상용,2024-04-01,34.0
사우디아라비아,상용,2024-05-01,34.0
사우디아라비아,상용,2024-06-01,39.0
사우디아라비아,상용,2024-07-01,40.0
사우디아라비아,상용,2024-08-01,45.0
사우디아라비아,상용,2024-09-01,51.0
사우디아라비아,상용,2024-10-01,56.0
사우디아라비아,상용,2024-11-01,35.0
사우디아라비아,상용,2024-12-01,46.0
사우디아라비아,상용,2025-01-01,66.0
사우디아라비아,상용,2025-02-01,55.0
사우디아라비아,상용,2025-03-01,40.0
사우디아라비아,상용,2025-04-01,63.0
사우디아라비아,상용,2025-05-01,66.0
사우디아라비아,유학연수,2005-01-01,1.0
사우디아라비아,유학연수,2005-02-01,3.0
사우디아라비아,유학연수,2005-03-01,11.0
사우디아라비아,유학연수,2005-04-01,2.0
사우디아라비아,유학연수,2005-05-01,1.0
사우디아라비아,유학연수,2005-06-01,4.0
사우디아라비아,유학연수,2005-07-01,1.0
사우디아라비아,유학연수,2005-08-01,13.0
사우디아라비아,유학연수,2005-09-01,6.0
사우디아라비아,유학연수,2005-10-01,0.0
사우디아라비아,유학연수,2005-11-01,0.0
사우디아라비아,유학연수,2005-12-01,4.0
사우디아라비아,유학연수,2006-01-01,2.0
사우디아라비아,유학연수,2006-02-01,4.0
사우디아라비아,유학연수,2006-03-01,8.0
사우디아라비아,유학연수,2006-04-01,0.0
사우디아라비아,유학연수,2006-05-01,0.0
사우디아라비아,유학연수,2006-06-01,3.0
사우디아라비아,유학연수,2006-07-01,0.0
사우디아라비아,유학연수,2006-08-01,4.0
사우디아라비아,유학연수,2006-09-01,4.0
사우디아라비아,유학연수,2006-10-01,0.0
사우디아라비아,유학연수,2006-11-01,1.0
사우디아라비아,유학연수,2006-12-01,2.0
사우디아라비아,유학연수,2007-01-01,1.0
사우디아라비아,유학연수,2007-02-01,5.0
사우디아라비아,유학연수,2007-03-01,2.0
사우디아라비아,유학연수,2007-04-01,0.0
사우디아라비아,유학연수,2007-05-01,0.0
사우디아라비아,유학연수,2007-06-01,5.0
사우디아라비아,유학연수,2007-07-01,4.0
사우디아라비아,유학연수,2007-08-01,10.0
사우디아라비아,유학연수,2007-09-01,14.0
사우디아라비아,유학연수,2007-10-01,4.0
사우디아라비아,유학연수,2007-11-01,0.0
사우디아라비아,유학연수,2007-12-01,10.0
사우디아라비아,유학연수,2008-01-01,19.0
사우디아라비아,유학연수,2008-02-01,10.0
사우디아라비아,유학연수,2008-03-01,11.0
사우디아라비아,유학연수,2008-04-01,2.0
사우디아라비아,유학연수,2008-05-01,1.0
사우디아라비아,유학연수,2008-06-01,14.0
사우디아라비아,유학연수,2008-07-01,3.0
사우디아라비아,유학연수,2008-08-01,7.0
사우디아라비아,유학연수,2008-09-01,10.0
사우디아라비아,유학연수,2008-10-01,8.0
사우디아라비아,유학연수,2008-11-01,1.0
사우디아라비아,유학연수,2008-12-01,2.0
사우디아라비아,유학연수,2009-01-01,9.0
사우디아라비아,유학연수,2009-02-01,32.0
사우디아라비아,유학연수,2009-03-01,10.0
사우디아라비아,유학연수,2009-04-01,3.0
사우디아라비아,유학연수,2009-05-01,5.0
사우디아라비아,유학연수,2009-06-01,6.0
사우디아라비아,유학연수,2009-07-01,8.0
사우디아라비아,유학연수,2009-08-01,33.0
사우디아라비아,유학연수,2009-09-01,17.0
사우디아라비아,유학연수,2009-10-01,12.0
사우디아라비아,유학연수,2009-11-01,6.0
사우디아라비아,유학연수,2009-12-01,5.0
사우디아라비아,유학연수,2010-01-01,10.0
사우디아라비아,유학연수,2010-02-01,17.0
사우디아라비아,유학연수,2010-03-01,12.0
사우디아라비아,유학연수,2010-04-01,6.0
사우디아라비아,유학연수,2010-05-01,4.0
사우디아라비아,유학연수,2010-06-01,9.0
사우디아라비아,유학연수,2010-07-01,8.0
사우디아라비아,유학연수,2010-08-01,38.0
사우디아라비아,유학연수,2010-09-01,21.0
사우디아라비아,유학연수,2010-10-01,12.0
사우디아라비아,유학연수,2010-11-01,11.0
사우디아라비아,유학연수,2010-12-01,6.0
사우디아라비아,유학연수,2011-01-01,47.0
사우디아라비아,유학연수,2011-02-01,57.0
사우디아라비아,유학연수,2011-03-01,22.0
사우디아라비아,유학연수,2011-04-01,11.0
사우디아라비아,유학연수,2011-05-01,4.0
사우디아라비아,유학연수,2011-06-01,12.0
사우디아라비아,유학연수,2011-07-01,32.0
사우디아라비아,유학연수,2011-08-01,43.0
사우디아라비아,유학연수,2011-09-01,125.0
사우디아라비아,유학연수,2011-10-01,10.0
사우디아라비아,유학연수,2011-11-01,15.0
사우디아라비아,유학연수,2011-12-01,22.0
사우디아라비아,유학연수,2012-01-01,40.0
사우디아라비아,유학연수,2012-02-01,69.0
사우디아라비아,유학연수,2012-03-01,55.0
사우디아라비아,유학연수,2012-04-01,17.0
사우디아라비아,유학연수,2012-05-01,18.0
사우디아라비아,유학연수,2012-06-01,34.0
사우디아라비아,유학연수,2012-07-01,15.0
사우디아라비아,유학연수,2012-08-01,106.0
사우디아라비아,유학연수,2012-09-01,91.0
사우디아라비아,유학연수,2012-10-01,9.0
사우디아라비아,유학연수,2012-11-01,36.0
사우디아라비아,유학연수,2012-12-01,39.0
사우디아라비아,유학연수,2013-01-01,43.0
사우디아라비아,유학연수,2013-02-01,114.0
사우디아라비아,유학연수,2013-03-01,154.0
사우디아라비아,유학연수,2013-04-01,10.0
사우디아라비아,유학연수,2013-05-01,17.0
사우디아라비아,유학연수,2013-06-01,74.0
사우디아라비아,유학연수,2013-07-01,13.0
사우디아라비아,유학연수,2013-08-01,182.0
사우디아라비아,유학연수,2013-09-01,222.0
사우디아라비아,유학연수,2013-10-01,20.0
사우디아라비아,유학연수,2013-11-01,21.0
사우디아라비아,유학연수,2013-12-01,61.0
사우디아라비아,유학연수,2014-01-01,18.0
사우디아라비아,유학연수,2014-02-01,181.0
사우디아라비아,유학연수,2014-03-01,147.0
사우디아라비아,유학연수,2014-04-01,15.0
사우디아라비아,유학연수,2014-05-01,31.0
사우디아라비아,유학연수,2014-06-01,74.0
사우디아라비아,유학연수,2014-07-01,15.0
사우디아라비아,유학연수,2014-08-01,285.0
사우디아라비아,유학연수,2014-09-01,122.0
사우디아라비아,유학연수,2014-10-01,16.0
사우디아라비아,유학연수,2014-11-01,28.0
사우디아라비아,유학연수,2014-12-01,69.0
사우디아라비아,유학연수,2015-01-01,28.0
사우디아라비아,유학연수,2015-02-01,230.0
사우디아라비아,유학연수,2015-03-01,177.0
사우디아라비아,유학연수,2015-04-01,38.0
사우디아라비아,유학연수,2015-05-01,30.0
사우디아라비아,유학연수,2015-06-01,46.0
사우디아라비아,유학연수,2015-07-01,65.0
사우디아라비아,유학연수,2015-08-01,337.0
사우디아라비아,유학연수,2015-09-01,90.0
사우디아라비아,유학연수,2015-10-01,54.0
사우디아라비아,유학연수,2015-11-01,15.0
사우디아라비아,유학연수,2015-12-01,36.0
사우디아라비아,유학연수,2016-01-01,61.0
사우디아라비아,유학연수,2016-02-01,281.0
사우디아라비아,유학연수,2016-03-01,90.0
사우디아라비아,유학연수,2016-04-01,19.0
사우디아라비아,유학연수,2016-05-01,40.0
사우디아라비아,유학연수,2016-06-01,34.0
사우디아라비아,유학연수,2016-07-01,114.0
사우디아라비아,유학연수,2016-08-01,296.0
사우디아라비아,유학연수,2016-09-01,77.0
사우디아라비아,유학연수,2016-10-01,24.0
사우디아라비아,유학연수,2016-11-01,19.0
사우디아라비아,유학연수,2016-12-01,32.0
사우디아라비아,유학연수,2017-01-01,74.0
사우디아라비아,유학연수,2017-02-01,226.0
사우디아라비아,유학연수,2017-03-01,63.0
사우디아라비아,유학연수,2017-04-01,19.0
사우디아라비아,유학연수,2017-05-01,25.0
사우디아라비아,유학연수,2017-06-01,20.0
사우디아라비아,유학연수,2017-07-01,74.0
사우디아라비아,유학연수,2017-08-01,211.0
사우디아라비아,유학연수,2017-09-01,81.0
사우디아라비아,유학연수,2017-10-01,65.0
사우디아라비아,유학연수,2017-11-01,33.0
사우디아라비아,유학연수,2017-12-01,42.0
사우디아라비아,유학연수,2018-01-01,72.0
사우디아라비아,유학연수,2018-02-01,143.0
사우디아라비아,유학연수,2018-03-01,63.0
사우디아라비아,유학연수,2018-04-01,30.0
사우디아라비아,유학연수,2018-05-01,41.0
사우디아라비아,유학연수,2018-06-01,41.0
사우디아라비아,유학연수,2018-07-01,65.0
사우디아라비아,유학연수,2018-08-01,136.0
사우디아라비아,유학연수,2018-09-01,89.0
사우디아라비아,유학연수,2018-10-01,20.0
사우디아라비아,유학연수,2018-11-01,49.0
사우디아라비아,유학연수,2018-12-01,31.0
사우디아라비아,유학연수,2019-01-01,61.0
사우디아라비아,유학연수,2019-02-01,133.0
사우디아라비아,유학연수,2019-03-01,71.0
사우디아라비아,유학연수,2019-04-01,20.0
사우디아라비아,유학연수,2019-05-01,34.0
사우디아라비아,유학연수,2019-06-01,86.0
사우디아라비아,유학연수,2019-07-01,32.0
사우디아라비아,유학연수,2019-08-01,112.0
사우디아라비아,유학연수,2019-09-01,69.0
사우디아라비아,유학연수,2019-10-01,43.0
사우디아라비아,유학연수,2019-11-01,52.0
사우디아라비아,유학연수,2019-12-01,34.0
사우디아라비아,유학연수,2020-01-01,94.0
사우디아라비아,유학연수,2020-02-01,59.0
사우디아라비아,유학연수,2020-03-01,13.0
사우디아라비아,유학연수,2020-04-01,0.0
사우디아라비아,유학연수,2020-05-01,2.0
사우디아라비아,유학연수,2020-06-01,13.0
사우디아라비아,유학연수,2020-07-01,10.0
사우디아라비아,유학연수,2020-08-01,4.0
사우디아라비아,유학연수,2020-09-01,11.0
사우디아라비아,유학연수,2020-10-01,8.0
사우디아라비아,유학연수,2020-11-01,25.0
사우디아라비아,유학연수,2020-12-01,4.0
사우디아라비아,유학연수,2021-01-01,13.0
사우디아라비아,유학연수,2021-02-01,38.0
사우디아라비아,유학연수,2021-03-01,10.0
사우디아라비아,유학연수,2021-04-01,0.0
사우디아라비아,유학연수,2021-05-01,4.0
사우디아라비아,유학연수,2021-06-01,0.0
사우디아라비아,유학연수,2021-07-01,7.0
사우디아라비아,유학연수,2021-08-01,39.0
사우디아라비아,유학연수,2021-09-01,9.0
사우디아라비아,유학연수,2021-10-01,4.0
사우디아라비아,유학연수,2021-11-01,18.0
사우디아라비아,유학연수,2021-12-01,12.0
사우디아라비아,유학연수,2022-01-01,17.0
사우디아라비아,유학연수,2022-02-01,44.0
사우디아라비아,유학연수,2022-03-01,12.0
사우디아라비아,유학연수,2022-04-01,4.0
사우디아라비아,유학연수,2022-05-01,20.0
사우디아라비아,유학연수,2022-06-01,9.0
사우디아라비아,유학연수,2022-07-01,25.0
사우디아라비아,유학연수,2022-08-01,74.0
사우디아라비아,유학연수,2022-09-01,17.0
사우디아라비아,유학연수,2022-10-01,22.0
사우디아라비아,유학연수,2022-11-01,28.0
사우디아라비아,유학연수,2022-12-01,27.0
사우디아라비아,유학연수,2023-01-01,74.0
사우디아라비아,유학연수,2023-02-01,46.0
사우디아라비아,유학연수,2023-03-01,51.0
사우디아라비아,유학연수,2023-04-01,28.0
사우디아라비아,유학연수,2023-05-01,44.0
사우디아라비아,유학연수,2023-06-01,28.0
사우디아라비아,유학연수,2023-07-01,39.0
사우디아라비아,유학연수,2023-08-01,81.0
사우디아라비아,유학연수,2023-09-01,29.0
사우디아라비아,유학연수,2023-10-01,42.0
사우디아라비아,유학연수,2023-11-01,66.0
사우디아라비아,유학연수,2023-12-01,23.0
사우디아라비아,유학연수,2024-01-01,36.0
사우디아라비아,유학연수,2024-02-01,77.0
사우디아라비아,유학연수,2024-03-01,48.0
사우디아라비아,유학연수,2024-04-01,42.0
사우디아라비아,유학연수,2024-05-01,28.0
사우디아라비아,유학연수,2024-06-01,35.0
사우디아라비아,유학연수,2024-07-01,32.0
사우디아라비아,유학연수,2024-08-01,80.0
사우디아라비아,유학연수,2024-09-01,66.0
사우디아라비아,유학연수,2024-10-01,33.0
사우디아라비아,유학연수,2024-11-01,64.0
사우디아라비아,유학연수,2024-12-01,43.0
사우디아라비아,유학연수,2025-01-01,40.0
사우디아라비아,유학연수,2025-02-01,101.0
사우디아라비아,유학연수,2025-03-01,43.0
사우디아라비아,유학연수,2025-04-01,55.0
사우디아라비아,유학연수,2025-05-01,46.0
스리랑카,공용,2005-01-01,2.0
스리랑카,공용,2005-02-01,3.0
스리랑카,공용,2005-03-01,1.0
스리랑카,공용,2005-04-01,8.0
스리랑카,공용,2005-05-01,5.0
스리랑카,공용,2005-06-01,3.0
스리랑카,공용,2005-07-01,1.0
스리랑카,공용,2005-08-01,3.0
스리랑카,공용,2005-09-01,3.0
스리랑카,공용,2005-10-01,2.0
스리랑카,공용,2005-11-01,0.0
스리랑카,공용,2005-12-01,0.0
스리랑카,공용,2006-01-01,0.0
스리랑카,공용,2006-02-01,2.0
스리랑카,공용,2006-03-01,7.0
스리랑카,공용,2006-04-01,4.0
스리랑카,공용,2006-05-01,1.0
스리랑카,공용,2006-06-01,6.0
스리랑카,공용,2006-07-01,2.0
스리랑카,공용,2006-08-01,9.0
스리랑카,공용,2006-09-01,8.0
스리랑카,공용,2006-10-01,10.0
스리랑카,공용,2006-11-01,8.0
스리랑카,공용,2006-12-01,5.0
스리랑카,공용,2007-01-01,7.0
스리랑카,공용,2007-02-01,2.0
스리랑카,공용,2007-03-01,0.0
스리랑카,공용,2007-04-01,9.0
스리랑카,공용,2007-05-01,9.0
스리랑카,공용,2007-06-01,6.0
스리랑카,공용,2007-07-01,1.0
스리랑카,공용,2007-08-01,6.0
스리랑카,공용,2007-09-01,14.0
스리랑카,공용,2007-10-01,5.0
스리랑카,공용,2007-11-01,2.0
스리랑카,공용,2007-12-01,5.0
스리랑카,공용,2008-01-01,4.0
스리랑카,공용,2008-02-01,2.0
스리랑카,공용,2008-03-01,2.0
스리랑카,공용,2008-04-01,10.0
스리랑카,공용,2008-05-01,19.0
스리랑카,공용,2008-06-01,4.0
스리랑카,공용,2008-07-01,3.0
스리랑카,공용,2008-08-01,8.0
스리랑카,공용,2008-09-01,2.0
스리랑카,공용,2008-10-01,14.0
스리랑카,공용,2008-11-01,11.0
스리랑카,공용,2008-12-01,8.0
스리랑카,공용,2009-01-01,1.0
스리랑카,공용,2009-02-01,3.0
스리랑카,공용,2009-03-01,1.0
스리랑카,공용,2009-04-01,11.0
스리랑카,공용,2009-05-01,7.0
스리랑카,공용,2009-06-01,14.0
스리랑카,공용,2009-07-01,6.0
스리랑카,공용,2009-08-01,4.0
스리랑카,공용,2009-09-01,2.0
스리랑카,공용,2009-10-01,3.0
스리랑카,공용,2009-11-01,3.0
스리랑카,공용,2009-12-01,1.0
스리랑카,공용,2010-01-01,2.0
스리랑카,공용,2010-02-01,3.0
스리랑카,공용,2010-03-01,2.0
스리랑카,공용,2010-04-01,3.0
스리랑카,공용,2010-05-01,6.0
스리랑카,공용,2010-06-01,3.0
스리랑카,공용,2010-07-01,7.0
스리랑카,공용,2010-08-01,3.0
스리랑카,공용,2010-09-01,6.0
스리랑카,공용,2010-10-01,25.0
스리랑카,공용,2010-11-01,3.0
스리랑카,공용,2010-12-01,5.0
스리랑카,공용,2011-01-01,0.0
스리랑카,공용,2011-02-01,0.0
스리랑카,공용,2011-03-01,4.0
스리랑카,공용,2011-04-01,4.0
스리랑카,공용,2011-05-01,4.0
스리랑카,공용,2011-06-01,5.0
스리랑카,공용,2011-07-01,4.0
스리랑카,공용,2011-08-01,4.0
스리랑카,공용,2011-09-01,20.0
스리랑카,공용,2011-10-01,6.0
스리랑카,공용,2011-11-01,10.0
스리랑카,공용,2011-12-01,5.0
스리랑카,공용,2012-01-01,3.0
스리랑카,공용,2012-02-01,3.0
스리랑카,공용,2012-03-01,4.0
스리랑카,공용,2012-04-01,35.0
스리랑카,공용,2012-05-01,4.0
스리랑카,공용,2012-06-01,7.0
스리랑카,공용,2012-07-01,5.0
스리랑카,공용,2012-08-01,3.0
스리랑카,공용,2012-09-01,13.0
스리랑카,공용,2012-10-01,9.0
스리랑카,공용,2012-11-01,4.0
스리랑카,공용,2012-12-01,4.0
스리랑카,공용,2013-01-01,11.0
스리랑카,공용,2013-02-01,21.0
스리랑카,공용,2013-03-01,6.0
스리랑카,공용,2013-04-01,4.0
스리랑카,공용,2013-05-01,9.0
스리랑카,공용,2013-06-01,6.0
스리랑카,공용,2013-07-01,4.0
스리랑카,공용,2013-08-01,2.0
스리랑카,공용,2013-09-01,7.0
스리랑카,공용,2013-10-01,13.0
스리랑카,공용,2013-11-01,1.0
스리랑카,공용,2013-12-01,2.0
스리랑카,공용,2014-01-01,3.0
스리랑카,공용,2014-02-01,10.0
스리랑카,공용,2014-03-01,6.0
스리랑카,공용,2014-04-01,14.0
스리랑카,공용,2014-05-01,4.0
스리랑카,공용,2014-06-01,19.0
스리랑카,공용,2014-07-01,6.0
스리랑카,공용,2014-08-01,9.0
스리랑카,공용,2014-09-01,10.0
스리랑카,공용,2014-10-01,4.0
스리랑카,공용,2014-11-01,8.0
스리랑카,공용,2014-12-01,2.0
스리랑카,공용,2015-01-01,2.0
스리랑카,공용,2015-02-01,0.0
스리랑카,공용,2015-03-01,10.0
스리랑카,공용,2015-04-01,3.0
스리랑카,공용,2015-05-01,0.0
스리랑카,공용,2015-06-01,1.0
스리랑카,공용,2015-07-01,3.0
스리랑카,공용,2015-08-01,5.0
스리랑카,공용,2015-09-01,2.0
스리랑카,공용,2015-10-01,3.0
스리랑카,공용,2015-11-01,8.0
스리랑카,공용,2015-12-01,3.0
스리랑카,공용,2016-01-01,1.0
스리랑카,공용,2016-02-01,0.0
스리랑카,공용,2016-03-01,11.0
스리랑카,공용,2016-04-01,0.0
스리랑카,공용,2016-05-01,4.0
스리랑카,공용,2016-06-01,5.0
스리랑카,공용,2016-07-01,9.0
스리랑카,공용,2016-08-01,6.0
스리랑카,공용,2016-09-01,13.0
스리랑카,공용,2016-10-01,5.0
스리랑카,공용,2016-11-01,6.0
스리랑카,공용,2016-12-01,3.0
스리랑카,공용,2017-01-01,3.0
스리랑카,공용,2017-02-01,3.0
스리랑카,공용,2017-03-01,4.0
스리랑카,공용,2017-04-01,3.0
스리랑카,공용,2017-05-01,6.0
스리랑카,공용,2017-06-01,23.0
스리랑카,공용,2017-07-01,10.0
스리랑카,공용,2017-08-01,22.0
스리랑카,공용,2017-09-01,12.0
스리랑카,공용,2017-10-01,9.0
스리랑카,공용,2017-11-01,87.0
스리랑카,공용,2017-12-01,4.0
스리랑카,공용,2018-01-01,5.0
스리랑카,공용,2018-02-01,10.0
스리랑카,공용,2018-03-01,13.0
스리랑카,공용,2018-04-01,11.0
스리랑카,공용,2018-05-01,6.0
스리랑카,공용,2018-06-01,15.0
스리랑카,공용,2018-07-01,16.0
스리랑카,공용,2018-08-01,9.0
스리랑카,공용,2018-09-01,10.0
스리랑카,공용,2018-10-01,4.0
스리랑카,공용,2018-11-01,7.0
스리랑카,공용,2018-12-01,1.0
스리랑카,공용,2019-01-01,5.0
스리랑카,공용,2019-02-01,0.0
스리랑카,공용,2019-03-01,11.0
스리랑카,공용,2019-04-01,6.0
스리랑카,공용,2019-05-01,2.0
스리랑카,공용,2019-06-01,5.0
스리랑카,공용,2019-07-01,3.0
스리랑카,공용,2019-08-01,7.0
스리랑카,공용,2019-09-01,8.0
스리랑카,공용,2019-10-01,5.0
스리랑카,공용,2019-11-01,1.0
스리랑카,공용,2019-12-01,2.0
스리랑카,공용,2020-01-01,2.0
스리랑카,공용,2020-02-01,0.0
스리랑카,공용,2020-03-01,0.0
스리랑카,공용,2020-04-01,0.0
스리랑카,공용,2020-05-01,0.0
스리랑카,공용,2020-06-01,0.0
스리랑카,공용,2020-07-01,0.0
스리랑카,공용,2020-08-01,0.0
스리랑카,공용,2020-09-01,0.0
스리랑카,공용,2020-10-01,0.0
스리랑카,공용,2020-11-01,0.0
스리랑카,공용,2020-12-01,0.0
스리랑카,공용,2021-01-01,0.0
스리랑카,공용,2021-02-01,0.0
스리랑카,공용,2021-03-01,0.0
스리랑카,공용,2021-04-01,0.0
스리랑카,공용,2021-05-01,3.0
스리랑카,공용,2021-06-01,0.0
스리랑카,공용,2021-07-01,3.0
스리랑카,공용,2021-08-01,0.0
스리랑카,공용,2021-09-01,1.0
스리랑카,공용,2021-10-01,4.0
스리랑카,공용,2021-11-01,0.0
스리랑카,공용,2021-12-01,2.0
스리랑카,공용,2022-01-01,1.0
스리랑카,공용,2022-02-01,0.0
스리랑카,공용,2022-03-01,0.0
스리랑카,공용,2022-04-01,0.0
스리랑카,공용,2022-05-01,0.0
스리랑카,공용,2022-06-01,4.0
스리랑카,공용,2022-07-01,6.0
스리랑카,공용,2022-08-01,1.0
스리랑카,공용,2022-09-01,11.0
스리랑카,공용,2022-10-01,1.0
스리랑카,공용,2022-11-01,4.0
스리랑카,공용,2022-12-01,2.0
스리랑카,공용,2023-01-01,0.0
스리랑카,공용,2023-02-01,1.0
스리랑카,공용,2023-03-01,2.0
스리랑카,공용,2023-04-01,4.0
스리랑카,공용,2023-05-01,4.0
스리랑카,공용,2023-06-01,5.0
스리랑카,공용,2023-07-01,0.0
스리랑카,공용,2023-08-01,0.0
스리랑카,공용,2023-09-01,2.0
스리랑카,공용,2023-10-01,2.0
스리랑카,공용,2023-11-01,4.0
스리랑카,공용,2023-12-01,2.0
스리랑카,공용,2024-01-01,5.0
스리랑카,공용,2024-02-01,1.0
스리랑카,공용,2024-03-01,4.0
스리랑카,공용,2024-04-01,16.0
스리랑카,공용,2024-05-01,3.0
스리랑카,공용,2024-06-01,3.0
스리랑카,공용,2024-07-01,1.0
스리랑카,공용,2024-08-01,5.0
스리랑카,공용,2024-09-01,13.0
스리랑카,공용,2024-10-01,3.0
스리랑카,공용,2024-11-01,6.0
스리랑카,공용,2024-12-01,5.0
스리랑카,공용,2025-01-01,5.0
스리랑카,공용,2025-02-01,1.0
스리랑카,공용,2025-03-01,1.0
스리랑카,공용,2025-04-01,2.0
스리랑카,공용,2025-05-01,5.0
스리랑카,관광,2005-01-01,52.0
스리랑카,관광,2005-02-01,98.0
스리랑카,관광,2005-03-01,71.0
스리랑카,관광,2005-04-01,122.0
스리랑카,관광,2005-05-01,102.0
스리랑카,관광,2005-06-01,148.0
스리랑카,관광,2005-07-01,276.0
스리랑카,관광,2005-08-01,195.0
스리랑카,관광,2005-09-01,154.0
스리랑카,관광,2005-10-01,142.0
스리랑카,관광,2005-11-01,86.0
스리랑카,관광,2005-12-01,60.0
스리랑카,관광,2006-01-01,77.0
스리랑카,관광,2006-02-01,51.0
스리랑카,관광,2006-03-01,103.0
스리랑카,관광,2006-04-01,110.0
스리랑카,관광,2006-05-01,75.0
스리랑카,관광,2006-06-01,92.0
스리랑카,관광,2006-07-01,129.0
스리랑카,관광,2006-08-01,206.0
스리랑카,관광,2006-09-01,141.0
스리랑카,관광,2006-10-01,163.0
스리랑카,관광,2006-11-01,130.0
스리랑카,관광,2006-12-01,91.0
스리랑카,관광,2007-01-01,49.0
스리랑카,관광,2007-02-01,94.0
스리랑카,관광,2007-03-01,83.0
스리랑카,관광,2007-04-01,116.0
스리랑카,관광,2007-05-01,121.0
스리랑카,관광,2007-06-01,180.0
스리랑카,관광,2007-07-01,275.0
스리랑카,관광,2007-08-01,116.0
스리랑카,관광,2007-09-01,224.0
스리랑카,관광,2007-10-01,142.0
스리랑카,관광,2007-11-01,93.0
스리랑카,관광,2007-12-01,101.0
스리랑카,관광,2008-01-01,48.0
스리랑카,관광,2008-02-01,55.0
스리랑카,관광,2008-03-01,49.0
스리랑카,관광,2008-04-01,125.0
스리랑카,관광,2008-05-01,130.0
스리랑카,관광,2008-06-01,163.0
스리랑카,관광,2008-07-01,166.0
스리랑카,관광,2008-08-01,99.0
스리랑카,관광,2008-09-01,149.0
스리랑카,관광,2008-10-01,171.0
스리랑카,관광,2008-11-01,120.0
스리랑카,관광,2008-12-01,72.0
스리랑카,관광,2009-01-01,45.0
스리랑카,관광,2009-02-01,47.0
스리랑카,관광,2009-03-01,104.0
스리랑카,관광,2009-04-01,146.0
스리랑카,관광,2009-05-01,84.0
스리랑카,관광,2009-06-01,82.0
스리랑카,관광,2009-07-01,71.0
스리랑카,관광,2009-08-01,139.0
스리랑카,관광,2009-09-01,143.0
스리랑카,관광,2009-10-01,228.0
스리랑카,관광,2009-11-01,151.0
스리랑카,관광,2009-12-01,66.0
스리랑카,관광,2010-01-01,39.0
스리랑카,관광,2010-02-01,68.0
스리랑카,관광,2010-03-01,74.0
스리랑카,관광,2010-04-01,135.0
스리랑카,관광,2010-05-01,85.0
스리랑카,관광,2010-06-01,136.0
스리랑카,관광,2010-07-01,172.0
스리랑카,관광,2010-08-01,155.0
스리랑카,관광,2010-09-01,180.0
스리랑카,관광,2010-10-01,327.0
스리랑카,관광,2010-11-01,177.0
스리랑카,관광,2010-12-01,105.0
스리랑카,관광,2011-01-01,71.0
스리랑카,관광,2011-02-01,112.0
스리랑카,관광,2011-03-01,160.0
스리랑카,관광,2011-04-01,140.0
스리랑카,관광,2011-05-01,150.0
스리랑카,관광,2011-06-01,205.0
스리랑카,관광,2011-07-01,162.0
스리랑카,관광,2011-08-01,157.0
스리랑카,관광,2011-09-01,239.0
스리랑카,관광,2011-10-01,354.0
스리랑카,관광,2011-11-01,184.0
스리랑카,관광,2011-12-01,86.0
스리랑카,관광,2012-01-01,139.0
스리랑카,관광,2012-02-01,142.0
스리랑카,관광,2012-03-01,161.0
스리랑카,관광,2012-04-01,346.0
스리랑카,관광,2012-05-01,213.0
스리랑카,관광,2012-06-01,653.0
스리랑카,관광,2012-07-01,132.0
스리랑카,관광,2012-08-01,204.0
스리랑카,관광,2012-09-01,362.0
스리랑카,관광,2012-10-01,332.0
스리랑카,관광,2012-11-01,329.0
스리랑카,관광,2012-12-01,143.0
스리랑카,관광,2013-01-01,141.0
스리랑카,관광,2013-02-01,187.0
스리랑카,관광,2013-03-01,260.0
스리랑카,관광,2013-04-01,218.0
스리랑카,관광,2013-05-01,277.0
스리랑카,관광,2013-06-01,264.0
스리랑카,관광,2013-07-01,215.0
스리랑카,관광,2013-08-01,292.0
스리랑카,관광,2013-09-01,294.0
스리랑카,관광,2013-10-01,422.0
스리랑카,관광,2013-11-01,303.0
스리랑카,관광,2013-12-01,148.0
스리랑카,관광,2014-01-01,141.0
스리랑카,관광,2014-02-01,153.0
스리랑카,관광,2014-03-01,124.0
스리랑카,관광,2014-04-01,291.0
스리랑카,관광,2014-05-01,208.0
스리랑카,관광,2014-06-01,269.0
스리랑카,관광,2014-07-01,288.0
스리랑카,관광,2014-08-01,245.0
스리랑카,관광,2014-09-01,459.0
스리랑카,관광,2014-10-01,436.0
스리랑카,관광,2014-11-01,222.0
스리랑카,관광,2014-12-01,134.0
스리랑카,관광,2015-01-01,120.0
스리랑카,관광,2015-02-01,134.0
스리랑카,관광,2015-03-01,215.0
스리랑카,관광,2015-04-01,277.0
스리랑카,관광,2015-05-01,277.0
스리랑카,관광,2015-06-01,202.0
스리랑카,관광,2015-07-01,184.0
스리랑카,관광,2015-08-01,281.0
스리랑카,관광,2015-09-01,325.0
스리랑카,관광,2015-10-01,385.0
스리랑카,관광,2015-11-01,276.0
스리랑카,관광,2015-12-01,150.0
스리랑카,관광,2016-01-01,130.0
스리랑카,관광,2016-02-01,170.0
스리랑카,관광,2016-03-01,234.0
스리랑카,관광,2016-04-01,267.0
스리랑카,관광,2016-05-01,563.0
스리랑카,관광,2016-06-01,263.0
스리랑카,관광,2016-07-01,228.0
스리랑카,관광,2016-08-01,375.0
스리랑카,관광,2016-09-01,436.0
스리랑카,관광,2016-10-01,270.0
스리랑카,관광,2016-11-01,191.0
스리랑카,관광,2016-12-01,163.0
스리랑카,관광,2017-01-01,181.0
스리랑카,관광,2017-02-01,170.0
스리랑카,관광,2017-03-01,220.0
스리랑카,관광,2017-04-01,318.0
스리랑카,관광,2017-05-01,346.0
스리랑카,관광,2017-06-01,309.0
스리랑카,관광,2017-07-01,248.0
스리랑카,관광,2017-08-01,354.0
스리랑카,관광,2017-09-01,446.0
스리랑카,관광,2017-10-01,397.0
스리랑카,관광,2017-11-01,221.0
스리랑카,관광,2017-12-01,167.0
스리랑카,관광,2018-01-01,156.0
스리랑카,관광,2018-02-01,154.0
스리랑카,관광,2018-03-01,242.0
스리랑카,관광,2018-04-01,255.0
스리랑카,관광,2018-05-01,367.0
스리랑카,관광,2018-06-01,336.0
스리랑카,관광,2018-07-01,241.0
스리랑카,관광,2018-08-01,356.0
스리랑카,관광,2018-09-01,430.0
스리랑카,관광,2018-10-01,398.0
스리랑카,관광,2018-11-01,296.0
스리랑카,관광,2018-12-01,197.0
스리랑카,관광,2019-01-01,157.0
스리랑카,관광,2019-02-01,241.0
스리랑카,관광,2019-03-01,177.0
스리랑카,관광,2019-04-01,313.0
스리랑카,관광,2019-05-01,251.0
스리랑카,관광,2019-06-01,245.0
스리랑카,관광,2019-07-01,241.0
스리랑카,관광,2019-08-01,401.0
스리랑카,관광,2019-09-01,351.0
스리랑카,관광,2019-10-01,467.0
스리랑카,관광,2019-11-01,308.0
스리랑카,관광,2019-12-01,211.0
스리랑카,관광,2020-01-01,119.0
스리랑카,관광,2020-02-01,146.0
스리랑카,관광,2020-03-01,20.0
스리랑카,관광,2020-04-01,29.0
스리랑카,관광,2020-05-01,39.0
스리랑카,관광,2020-06-01,72.0
스리랑카,관광,2020-07-01,84.0
스리랑카,관광,2020-08-01,11.0
스리랑카,관광,2020-09-01,34.0
스리랑카,관광,2020-10-01,30.0
스리랑카,관광,2020-11-01,10.0
스리랑카,관광,2020-12-01,18.0
스리랑카,관광,2021-01-01,23.0
스리랑카,관광,2021-02-01,12.0
스리랑카,관광,2021-03-01,38.0
스리랑카,관광,2021-04-01,36.0
스리랑카,관광,2021-05-01,15.0
스리랑카,관광,2021-06-01,57.0
스리랑카,관광,2021-07-01,47.0
스리랑카,관광,2021-08-01,46.0
스리랑카,관광,2021-09-01,27.0
스리랑카,관광,2021-10-01,19.0
스리랑카,관광,2021-11-01,21.0
스리랑카,관광,2021-12-01,37.0
스리랑카,관광,2022-01-01,24.0
스리랑카,관광,2022-02-01,27.0
스리랑카,관광,2022-03-01,51.0
스리랑카,관광,2022-04-01,43.0
스리랑카,관광,2022-05-01,34.0
스리랑카,관광,2022-06-01,112.0
스리랑카,관광,2022-07-01,140.0
스리랑카,관광,2022-08-01,154.0
스리랑카,관광,2022-09-01,360.0
스리랑카,관광,2022-10-01,302.0
스리랑카,관광,2022-11-01,282.0
스리랑카,관광,2022-12-01,184.0
스리랑카,관광,2023-01-01,93.0
스리랑카,관광,2023-02-01,104.0
스리랑카,관광,2023-03-01,134.0
스리랑카,관광,2023-04-01,186.0
스리랑카,관광,2023-05-01,293.0
스리랑카,관광,2023-06-01,212.0
스리랑카,관광,2023-07-01,353.0
스리랑카,관광,2023-08-01,180.0
스리랑카,관광,2023-09-01,365.0
스리랑카,관광,2023-10-01,379.0
스리랑카,관광,2023-11-01,233.0
스리랑카,관광,2023-12-01,167.0
스리랑카,관광,2024-01-01,152.0
스리랑카,관광,2024-02-01,160.0
스리랑카,관광,2024-03-01,175.0
스리랑카,관광,2024-04-01,298.0
스리랑카,관광,2024-05-01,361.0
스리랑카,관광,2024-06-01,333.0
스리랑카,관광,2024-07-01,368.0
스리랑카,관광,2024-08-01,331.0
스리랑카,관광,2024-09-01,549.0
스리랑카,관광,2024-10-01,416.0
스리랑카,관광,2024-11-01,321.0
스리랑카,관광,2024-12-01,305.0
스리랑카,관광,2025-01-01,296.0
스리랑카,관광,2025-02-01,211.0
스리랑카,관광,2025-03-01,321.0
스리랑카,관광,2025-04-01,546.0
스리랑카,관광,2025-05-01,346.0
스리랑카,상용,2005-01-01,26.0
스리랑카,상용,2005-02-01,45.0
스리랑카,상용,2005-03-01,42.0
스리랑카,상용,2005-04-01,79.0
스리랑카,상용,2005-05-01,106.0
스리랑카,상용,2005-06-01,44.0
스리랑카,상용,2005-07-01,43.0
스리랑카,상용,2005-08-01,57.0
스리랑카,상용,2005-09-01,60.0
스리랑카,상용,2005-10-01,105.0
스리랑카,상용,2005-11-01,44.0
스리랑카,상용,2005-12-01,40.0
스리랑카,상용,2006-01-01,42.0
스리랑카,상용,2006-02-01,49.0
스리랑카,상용,2006-03-01,67.0
스리랑카,상용,2006-04-01,53.0
스리랑카,상용,2006-05-01,52.0
스리랑카,상용,2006-06-01,50.0
스리랑카,상용,2006-07-01,69.0
스리랑카,상용,2006-08-01,54.0
스리랑카,상용,2006-09-01,82.0
스리랑카,상용,2006-10-01,87.0
스리랑카,상용,2006-11-01,60.0
스리랑카,상용,2006-12-01,36.0
스리랑카,상용,2007-01-01,41.0
스리랑카,상용,2007-02-01,29.0
스리랑카,상용,2007-03-01,53.0
스리랑카,상용,2007-04-01,63.0
스리랑카,상용,2007-05-01,55.0
스리랑카,상용,2007-06-01,73.0
스리랑카,상용,2007-07-01,53.0
스리랑카,상용,2007-08-01,46.0
스리랑카,상용,2007-09-01,76.0
스리랑카,상용,2007-10-01,56.0
스리랑카,상용,2007-11-01,55.0
스리랑카,상용,2007-12-01,31.0
스리랑카,상용,2008-01-01,31.0
스리랑카,상용,2008-02-01,48.0
스리랑카,상용,2008-03-01,71.0
스리랑카,상용,2008-04-01,92.0
스리랑카,상용,2008-05-01,66.0
스리랑카,상용,2008-06-01,85.0
스리랑카,상용,2008-07-01,54.0
스리랑카,상용,2008-08-01,72.0
스리랑카,상용,2008-09-01,55.0
스리랑카,상용,2008-10-01,60.0
스리랑카,상용,2008-11-01,66.0
스리랑카,상용,2008-12-01,35.0
스리랑카,상용,2009-01-01,25.0
스리랑카,상용,2009-02-01,49.0
스리랑카,상용,2009-03-01,54.0
스리랑카,상용,2009-04-01,56.0
스리랑카,상용,2009-05-01,40.0
스리랑카,상용,2009-06-01,43.0
스리랑카,상용,2009-07-01,31.0
스리랑카,상용,2009-08-01,39.0
스리랑카,상용,2009-09-01,53.0
스리랑카,상용,2009-10-01,60.0
스리랑카,상용,2009-11-01,59.0
스리랑카,상용,2009-12-01,39.0
스리랑카,상용,2010-01-01,28.0
스리랑카,상용,2010-02-01,36.0
스리랑카,상용,2010-03-01,65.0
스리랑카,상용,2010-04-01,43.0
스리랑카,상용,2010-05-01,50.0
스리랑카,상용,2010-06-01,50.0
스리랑카,상용,2010-07-01,41.0
스리랑카,상용,2010-08-01,31.0
스리랑카,상용,2010-09-01,45.0
스리랑카,상용,2010-10-01,84.0
스리랑카,상용,2010-11-01,71.0
스리랑카,상용,2010-12-01,45.0
스리랑카,상용,2011-01-01,47.0
스리랑카,상용,2011-02-01,56.0
스리랑카,상용,2011-03-01,68.0
스리랑카,상용,2011-04-01,75.0
스리랑카,상용,2011-05-01,76.0
스리랑카,상용,2011-06-01,61.0
스리랑카,상용,2011-07-01,55.0
스리랑카,상용,2011-08-01,52.0
스리랑카,상용,2011-09-01,81.0
스리랑카,상용,2011-10-01,115.0
스리랑카,상용,2011-11-01,137.0
스리랑카,상용,2011-12-01,39.0
스리랑카,상용,2012-01-01,22.0
스리랑카,상용,2012-02-01,19.0
스리랑카,상용,2012-03-01,21.0
스리랑카,상용,2012-04-01,19.0
스리랑카,상용,2012-05-01,19.0
스리랑카,상용,2012-06-01,9.0
스리랑카,상용,2012-07-01,11.0
스리랑카,상용,2012-08-01,11.0
스리랑카,상용,2012-09-01,20.0
스리랑카,상용,2012-10-01,27.0
스리랑카,상용,2012-11-01,21.0
스리랑카,상용,2012-12-01,9.0
스리랑카,상용,2013-01-01,11.0
스리랑카,상용,2013-02-01,12.0
스리랑카,상용,2013-03-01,16.0
스리랑카,상용,2013-04-01,12.0
스리랑카,상용,2013-05-01,11.0
스리랑카,상용,2013-06-01,15.0
스리랑카,상용,2013-07-01,9.0
스리랑카,상용,2013-08-01,11.0
스리랑카,상용,2013-09-01,17.0
스리랑카,상용,2013-10-01,23.0
스리랑카,상용,2013-11-01,21.0
스리랑카,상용,2013-12-01,8.0
스리랑카,상용,2014-01-01,21.0
스리랑카,상용,2014-02-01,35.0
스리랑카,상용,2014-03-01,64.0
스리랑카,상용,2014-04-01,60.0
스리랑카,상용,2014-05-01,54.0
스리랑카,상용,2014-06-01,73.0
스리랑카,상용,2014-07-01,38.0
스리랑카,상용,2014-08-01,50.0
스리랑카,상용,2014-09-01,73.0
스리랑카,상용,2014-10-01,76.0
스리랑카,상용,2014-11-01,81.0
스리랑카,상용,2014-12-01,56.0
스리랑카,상용,2015-01-01,44.0
스리랑카,상용,2015-02-01,55.0
스리랑카,상용,2015-03-01,50.0
스리랑카,상용,2015-04-01,62.0
스리랑카,상용,2015-05-01,56.0
스리랑카,상용,2015-06-01,42.0
스리랑카,상용,2015-07-01,32.0
스리랑카,상용,2015-08-01,62.0
스리랑카,상용,2015-09-01,73.0
스리랑카,상용,2015-10-01,70.0
스리랑카,상용,2015-11-01,87.0
스리랑카,상용,2015-12-01,51.0
스리랑카,상용,2016-01-01,49.0
스리랑카,상용,2016-02-01,58.0
스리랑카,상용,2016-03-01,80.0
스리랑카,상용,2016-04-01,68.0
스리랑카,상용,2016-05-01,80.0
스리랑카,상용,2016-06-01,60.0
스리랑카,상용,2016-07-01,55.0
스리랑카,상용,2016-08-01,72.0
스리랑카,상용,2016-09-01,89.0
스리랑카,상용,2016-10-01,99.0
스리랑카,상용,2016-11-01,88.0
스리랑카,상용,2016-12-01,32.0
스리랑카,상용,2017-01-01,44.0
스리랑카,상용,2017-02-01,72.0
스리랑카,상용,2017-03-01,71.0
스리랑카,상용,2017-04-01,65.0
스리랑카,상용,2017-05-01,102.0
스리랑카,상용,2017-06-01,64.0
스리랑카,상용,2017-07-01,64.0
스리랑카,상용,2017-08-01,61.0
스리랑카,상용,2017-09-01,74.0
스리랑카,상용,2017-10-01,60.0
스리랑카,상용,2017-11-01,83.0
스리랑카,상용,2017-12-01,57.0
스리랑카,상용,2018-01-01,38.0
스리랑카,상용,2018-02-01,52.0
스리랑카,상용,2018-03-01,71.0
스리랑카,상용,2018-04-01,81.0
스리랑카,상용,2018-05-01,60.0
스리랑카,상용,2018-06-01,99.0
스리랑카,상용,2018-07-01,49.0
스리랑카,상용,2018-08-01,51.0
스리랑카,상용,2018-09-01,67.0
스리랑카,상용,2018-10-01,75.0
스리랑카,상용,2018-11-01,83.0
스리랑카,상용,2018-12-01,54.0
스리랑카,상용,2019-01-01,54.0
스리랑카,상용,2019-02-01,52.0
스리랑카,상용,2019-03-01,53.0
스리랑카,상용,2019-04-01,72.0
스리랑카,상용,2019-05-01,64.0
스리랑카,상용,2019-06-01,76.0
스리랑카,상용,2019-07-01,54.0
스리랑카,상용,2019-08-01,47.0
스리랑카,상용,2019-09-01,81.0
스리랑카,상용,2019-10-01,82.0
스리랑카,상용,2019-11-01,73.0
스리랑카,상용,2019-12-01,47.0
스리랑카,상용,2020-01-01,26.0
스리랑카,상용,2020-02-01,26.0
스리랑카,상용,2020-03-01,1.0
스리랑카,상용,2020-04-01,0.0
스리랑카,상용,2020-05-01,1.0
스리랑카,상용,2020-06-01,0.0
스리랑카,상용,2020-07-01,1.0
스리랑카,상용,2020-08-01,1.0
스리랑카,상용,2020-09-01,0.0
스리랑카,상용,2020-10-01,0.0
스리랑카,상용,2020-11-01,0.0
스리랑카,상용,2020-12-01,0.0
스리랑카,상용,2021-01-01,1.0
스리랑카,상용,2021-02-01,2.0
스리랑카,상용,2021-03-01,0.0
스리랑카,상용,2021-04-01,2.0
스리랑카,상용,2021-05-01,0.0
스리랑카,상용,2021-06-01,1.0
스리랑카,상용,2021-07-01,0.0
스리랑카,상용,2021-08-01,1.0
스리랑카,상용,2021-09-01,1.0
스리랑카,상용,2021-10-01,0.0
스리랑카,상용,2021-11-01,0.0
스리랑카,상용,2021-12-01,4.0
스리랑카,상용,2022-01-01,0.0
스리랑카,상용,2022-02-01,4.0
스리랑카,상용,2022-03-01,5.0
스리랑카,상용,2022-04-01,5.0
스리랑카,상용,2022-05-01,13.0
스리랑카,상용,2022-06-01,10.0
스리랑카,상용,2022-07-01,17.0
스리랑카,상용,2022-08-01,25.0
스리랑카,상용,2022-09-01,29.0
스리랑카,상용,2022-10-01,35.0
스리랑카,상용,2022-11-01,49.0
스리랑카,상용,2022-12-01,20.0
스리랑카,상용,2023-01-01,9.0
스리랑카,상용,2023-02-01,22.0
스리랑카,상용,2023-03-01,22.0
스리랑카,상용,2023-04-01,27.0
스리랑카,상용,2023-05-01,27.0
스리랑카,상용,2023-06-01,31.0
스리랑카,상용,2023-07-01,14.0
스리랑카,상용,2023-08-01,12.0
스리랑카,상용,2023-09-01,24.0
스리랑카,상용,2023-10-01,37.0
스리랑카,상용,2023-11-01,49.0
스리랑카,상용,2023-12-01,23.0
스리랑카,상용,2024-01-01,26.0
스리랑카,상용,2024-02-01,24.0
스리랑카,상용,2024-03-01,51.0
스리랑카,상용,2024-04-01,29.0
스리랑카,상용,2024-05-01,58.0
스리랑카,상용,2024-06-01,30.0
스리랑카,상용,2024-07-01,43.0
스리랑카,상용,2024-08-01,29.0
스리랑카,상용,2024-09-01,55.0
스리랑카,상용,2024-10-01,57.0
스리랑카,상용,2024-11-01,38.0
스리랑카,상용,2024-12-01,24.0
스리랑카,상용,2025-01-01,28.0
스리랑카,상용,2025-02-01,29.0
스리랑카,상용,2025-03-01,52.0
스리랑카,상용,2025-04-01,36.0
스리랑카,상용,2025-05-01,37.0
스리랑카,유학연수,2005-01-01,3.0
스리랑카,유학연수,2005-02-01,14.0
스리랑카,유학연수,2005-03-01,10.0
스리랑카,유학연수,2005-04-01,1.0
스리랑카,유학연수,2005-05-01,7.0
스리랑카,유학연수,2005-06-01,13.0
스리랑카,유학연수,2005-07-01,16.0
스리랑카,유학연수,2005-08-01,16.0
스리랑카,유학연수,2005-09-01,9.0
스리랑카,유학연수,2005-10-01,4.0
스리랑카,유학연수,2005-11-01,8.0
스리랑카,유학연수,2005-12-01,8.0
스리랑카,유학연수,2006-01-01,4.0
스리랑카,유학연수,2006-02-01,12.0
스리랑카,유학연수,2006-03-01,8.0
스리랑카,유학연수,2006-04-01,1.0
스리랑카,유학연수,2006-05-01,3.0
스리랑카,유학연수,2006-06-01,2.0
스리랑카,유학연수,2006-07-01,3.0
스리랑카,유학연수,2006-08-01,6.0
스리랑카,유학연수,2006-09-01,10.0
스리랑카,유학연수,2006-10-01,1.0
스리랑카,유학연수,2006-11-01,3.0
스리랑카,유학연수,2006-12-01,4.0
스리랑카,유학연수,2007-01-01,4.0
스리랑카,유학연수,2007-02-01,15.0
스리랑카,유학연수,2007-03-01,6.0
스리랑카,유학연수,2007-04-01,1.0
스리랑카,유학연수,2007-05-01,0.0
스리랑카,유학연수,2007-06-01,0.0
스리랑카,유학연수,2007-07-01,3.0
스리랑카,유학연수,2007-08-01,13.0
스리랑카,유학연수,2007-09-01,8.0
스리랑카,유학연수,2007-10-01,1.0
스리랑카,유학연수,2007-11-01,0.0
스리랑카,유학연수,2007-12-01,2.0
스리랑카,유학연수,2008-01-01,9.0
스리랑카,유학연수,2008-02-01,18.0
스리랑카,유학연수,2008-03-01,21.0
스리랑카,유학연수,2008-04-01,4.0
스리랑카,유학연수,2008-05-01,4.0
스리랑카,유학연수,2008-06-01,4.0
스리랑카,유학연수,2008-07-01,0.0
스리랑카,유학연수,2008-08-01,18.0
스리랑카,유학연수,2008-09-01,7.0
스리랑카,유학연수,2008-10-01,6.0
스리랑카,유학연수,2008-11-01,3.0
스리랑카,유학연수,2008-12-01,0.0
스리랑카,유학연수,2009-01-01,12.0
스리랑카,유학연수,2009-02-01,18.0
스리랑카,유학연수,2009-03-01,9.0
스리랑카,유학연수,2009-04-01,1.0
스리랑카,유학연수,2009-05-01,2.0
스리랑카,유학연수,2009-06-01,1.0
스리랑카,유학연수,2009-07-01,11.0
스리랑카,유학연수,2009-08-01,13.0
스리랑카,유학연수,2009-09-01,6.0
스리랑카,유학연수,2009-10-01,3.0
스리랑카,유학연수,2009-11-01,5.0
스리랑카,유학연수,2009-12-01,2.0
스리랑카,유학연수,2010-01-01,13.0
스리랑카,유학연수,2010-02-01,18.0
스리랑카,유학연수,2010-03-01,8.0
스리랑카,유학연수,2010-04-01,0.0
스리랑카,유학연수,2010-05-01,2.0
스리랑카,유학연수,2010-06-01,5.0
스리랑카,유학연수,2010-07-01,8.0
스리랑카,유학연수,2010-08-01,27.0
스리랑카,유학연수,2010-09-01,9.0
스리랑카,유학연수,2010-10-01,3.0
스리랑카,유학연수,2010-11-01,1.0
스리랑카,유학연수,2010-12-01,13.0
스리랑카,유학연수,2011-01-01,6.0
스리랑카,유학연수,2011-02-01,33.0
스리랑카,유학연수,2011-03-01,19.0
스리랑카,유학연수,2011-04-01,6.0
스리랑카,유학연수,2011-05-01,4.0
스리랑카,유학연수,2011-06-01,7.0
스리랑카,유학연수,2011-07-01,15.0
스리랑카,유학연수,2011-08-01,29.0
스리랑카,유학연수,2011-09-01,10.0
스리랑카,유학연수,2011-10-01,8.0
스리랑카,유학연수,2011-11-01,4.0
스리랑카,유학연수,2011-12-01,5.0
스리랑카,유학연수,2012-01-01,15.0
스리랑카,유학연수,2012-02-01,32.0
스리랑카,유학연수,2012-03-01,17.0
스리랑카,유학연수,2012-04-01,2.0
스리랑카,유학연수,2012-05-01,7.0
스리랑카,유학연수,2012-06-01,8.0
스리랑카,유학연수,2012-07-01,6.0
스리랑카,유학연수,2012-08-01,50.0
스리랑카,유학연수,2012-09-01,21.0
스리랑카,유학연수,2012-10-01,7.0
스리랑카,유학연수,2012-11-01,4.0
스리랑카,유학연수,2012-12-01,13.0
스리랑카,유학연수,2013-01-01,9.0
스리랑카,유학연수,2013-02-01,49.0
스리랑카,유학연수,2013-03-01,35.0
스리랑카,유학연수,2013-04-01,6.0
스리랑카,유학연수,2013-05-01,7.0
스리랑카,유학연수,2013-06-01,8.0
스리랑카,유학연수,2013-07-01,9.0
스리랑카,유학연수,2013-08-01,45.0
스리랑카,유학연수,2013-09-01,31.0
스리랑카,유학연수,2013-10-01,5.0
스리랑카,유학연수,2013-11-01,15.0
스리랑카,유학연수,2013-12-01,7.0
스리랑카,유학연수,2014-01-01,18.0
스리랑카,유학연수,2014-02-01,33.0
스리랑카,유학연수,2014-03-01,49.0
스리랑카,유학연수,2014-04-01,6.0
스리랑카,유학연수,2014-05-01,8.0
스리랑카,유학연수,2014-06-01,11.0
스리랑카,유학연수,2014-07-01,29.0
스리랑카,유학연수,2014-08-01,44.0
스리랑카,유학연수,2014-09-01,61.0
스리랑카,유학연수,2014-10-01,9.0
스리랑카,유학연수,2014-11-01,9.0
스리랑카,유학연수,2014-12-01,15.0
스리랑카,유학연수,2015-01-01,11.0
스리랑카,유학연수,2015-02-01,43.0
스리랑카,유학연수,2015-03-01,50.0
스리랑카,유학연수,2015-04-01,36.0
스리랑카,유학연수,2015-05-01,16.0
스리랑카,유학연수,2015-06-01,31.0
스리랑카,유학연수,2015-07-01,25.0
스리랑카,유학연수,2015-08-01,61.0
스리랑카,유학연수,2015-09-01,48.0
스리랑카,유학연수,2015-10-01,23.0
스리랑카,유학연수,2015-11-01,38.0
스리랑카,유학연수,2015-12-01,10.0
스리랑카,유학연수,2016-01-01,48.0
스리랑카,유학연수,2016-02-01,35.0
스리랑카,유학연수,2016-03-01,49.0
스리랑카,유학연수,2016-04-01,15.0
스리랑카,유학연수,2016-05-01,20.0
스리랑카,유학연수,2016-06-01,38.0
스리랑카,유학연수,2016-07-01,37.0
스리랑카,유학연수,2016-08-01,59.0
스리랑카,유학연수,2016-09-01,80.0
스리랑카,유학연수,2016-10-01,10.0
스리랑카,유학연수,2016-11-01,7.0
스리랑카,유학연수,2016-12-01,23.0
스리랑카,유학연수,2017-01-01,21.0
스리랑카,유학연수,2017-02-01,48.0
스리랑카,유학연수,2017-03-01,34.0
스리랑카,유학연수,2017-04-01,11.0
스리랑카,유학연수,2017-05-01,24.0
스리랑카,유학연수,2017-06-01,17.0
스리랑카,유학연수,2017-07-01,34.0
스리랑카,유학연수,2017-08-01,71.0
스리랑카,유학연수,2017-09-01,29.0
스리랑카,유학연수,2017-10-01,15.0
스리랑카,유학연수,2017-11-01,11.0
스리랑카,유학연수,2017-12-01,10.0
스리랑카,유학연수,2018-01-01,32.0
스리랑카,유학연수,2018-02-01,48.0
스리랑카,유학연수,2018-03-01,26.0
스리랑카,유학연수,2018-04-01,10.0
스리랑카,유학연수,2018-05-01,15.0
스리랑카,유학연수,2018-06-01,14.0
스리랑카,유학연수,2018-07-01,24.0
스리랑카,유학연수,2018-08-01,71.0
스리랑카,유학연수,2018-09-01,34.0
스리랑카,유학연수,2018-10-01,12.0
스리랑카,유학연수,2018-11-01,12.0
스리랑카,유학연수,2018-12-01,6.0
스리랑카,유학연수,2019-01-01,28.0
스리랑카,유학연수,2019-02-01,48.0
스리랑카,유학연수,2019-03-01,28.0
스리랑카,유학연수,2019-04-01,8.0
스리랑카,유학연수,2019-05-01,7.0
스리랑카,유학연수,2019-06-01,14.0
스리랑카,유학연수,2019-07-01,38.0
스리랑카,유학연수,2019-08-01,84.0
스리랑카,유학연수,2019-09-01,22.0
스리랑카,유학연수,2019-10-01,7.0
스리랑카,유학연수,2019-11-01,6.0
스리랑카,유학연수,2019-12-01,7.0
스리랑카,유학연수,2020-01-01,27.0
스리랑카,유학연수,2020-02-01,37.0
스리랑카,유학연수,2020-03-01,19.0
스리랑카,유학연수,2020-04-01,2.0
스리랑카,유학연수,2020-05-01,1.0
스리랑카,유학연수,2020-06-01,5.0
스리랑카,유학연수,2020-07-01,2.0
스리랑카,유학연수,2020-08-01,17.0
스리랑카,유학연수,2020-09-01,12.0
스리랑카,유학연수,2020-10-01,2.0
스리랑카,유학연수,2020-11-01,2.0
스리랑카,유학연수,2020-12-01,2.0
스리랑카,유학연수,2021-01-01,0.0
스리랑카,유학연수,2021-02-01,22.0
스리랑카,유학연수,2021-03-01,9.0
스리랑카,유학연수,2021-04-01,0.0
스리랑카,유학연수,2021-05-01,4.0
스리랑카,유학연수,2021-06-01,4.0
스리랑카,유학연수,2021-07-01,0.0
스리랑카,유학연수,2021-08-01,32.0
스리랑카,유학연수,2021-09-01,19.0
스리랑카,유학연수,2021-10-01,0.0
스리랑카,유학연수,2021-11-01,4.0
스리랑카,유학연수,2021-12-01,2.0
스리랑카,유학연수,2022-01-01,11.0
스리랑카,유학연수,2022-02-01,36.0
스리랑카,유학연수,2022-03-01,19.0
스리랑카,유학연수,2022-04-01,9.0
스리랑카,유학연수,2022-05-01,2.0
스리랑카,유학연수,2022-06-01,5.0
스리랑카,유학연수,2022-07-01,14.0
스리랑카,유학연수,2022-08-01,77.0
스리랑카,유학연수,2022-09-01,12.0
스리랑카,유학연수,2022-10-01,13.0
스리랑카,유학연수,2022-11-01,23.0
스리랑카,유학연수,2022-12-01,15.0
스리랑카,유학연수,2023-01-01,24.0
스리랑카,유학연수,2023-02-01,76.0
스리랑카,유학연수,2023-03-01,37.0
스리랑카,유학연수,2023-04-01,4.0
스리랑카,유학연수,2023-05-01,13.0
스리랑카,유학연수,2023-06-01,12.0
스리랑카,유학연수,2023-07-01,14.0
스리랑카,유학연수,2023-08-01,97.0
스리랑카,유학연수,2023-09-01,58.0
스리랑카,유학연수,2023-10-01,15.0
스리랑카,유학연수,2023-11-01,9.0
스리랑카,유학연수,2023-12-01,11.0
스리랑카,유학연수,2024-01-01,32.0
스리랑카,유학연수,2024-02-01,85.0
스리랑카,유학연수,2024-03-01,117.0
스리랑카,유학연수,2024-04-01,12.0
스리랑카,유학연수,2024-05-01,19.0
스리랑카,유학연수,2024-06-01,32.0
스리랑카,유학연수,2024-07-01,25.0
스리랑카,유학연수,2024-08-01,125.0
스리랑카,유학연수,2024-09-01,124.0
스리랑카,유학연수,2024-10-01,15.0
스리랑카,유학연수,2024-11-01,16.0
스리랑카,유학연수,2024-12-01,51.0
스리랑카,유학연수,2025-01-01,59.0
스리랑카,유학연수,2025-02-01,134.0
스리랑카,유학연수,2025-03-01,211.0
스리랑카,유학연수,2025-04-01,15.0
스리랑카,유학연수,2025-05-01,39.0
스웨덴,공용,2005-01-01,3.0
스웨덴,공용,2005-02-01,2.0
스웨덴,공용,2005-03-01,4.0
스웨덴,공용,2005-04-01,7.0
스웨덴,공용,2005-05-01,2.0
스웨덴,공용,2005-06-01,6.0
스웨덴,공용,2005-07-01,0.0
스웨덴,공용,2005-08-01,2.0
스웨덴,공용,2005-09-01,0.0
스웨덴,공용,2005-10-01,4.0
스웨덴,공용,2005-11-01,9.0
스웨덴,공용,2005-12-01,1.0
스웨덴,공용,2006-01-01,4.0
스웨덴,공용,2006-02-01,2.0
스웨덴,공용,2006-03-01,3.0
스웨덴,공용,2006-04-01,4.0
스웨덴,공용,2006-05-01,5.0
스웨덴,공용,2006-06-01,9.0
스웨덴,공용,2006-07-01,6.0
스웨덴,공용,2006-08-01,1.0
스웨덴,공용,2006-09-01,3.0
스웨덴,공용,2006-10-01,5.0
스웨덴,공용,2006-11-01,10.0
스웨덴,공용,2006-12-01,4.0
스웨덴,공용,2007-01-01,11.0
스웨덴,공용,2007-02-01,4.0
스웨덴,공용,2007-03-01,3.0
스웨덴,공용,2007-04-01,8.0
스웨덴,공용,2007-05-01,19.0
스웨덴,공용,2007-06-01,2.0
스웨덴,공용,2007-07-01,0.0
스웨덴,공용,2007-08-01,3.0
스웨덴,공용,2007-09-01,4.0
스웨덴,공용,2007-10-01,2.0
스웨덴,공용,2007-11-01,4.0
스웨덴,공용,2007-12-01,3.0
스웨덴,공용,2008-01-01,2.0
스웨덴,공용,2008-02-01,6.0
스웨덴,공용,2008-03-01,6.0
스웨덴,공용,2008-04-01,13.0
스웨덴,공용,2008-05-01,4.0
스웨덴,공용,2008-06-01,7.0
스웨덴,공용,2008-07-01,2.0
스웨덴,공용,2008-08-01,4.0
스웨덴,공용,2008-09-01,1.0
스웨덴,공용,2008-10-01,3.0
스웨덴,공용,2008-11-01,7.0
스웨덴,공용,2008-12-01,9.0
스웨덴,공용,2009-01-01,10.0
스웨덴,공용,2009-02-01,2.0
스웨덴,공용,2009-03-01,6.0
스웨덴,공용,2009-04-01,16.0
스웨덴,공용,2009-05-01,4.0
스웨덴,공용,2009-06-01,3.0
스웨덴,공용,2009-07-01,5.0
스웨덴,공용,2009-08-01,7.0
스웨덴,공용,2009-09-01,1.0
스웨덴,공용,2009-10-01,16.0
스웨덴,공용,2009-11-01,0.0
스웨덴,공용,2009-12-01,3.0
스웨덴,공용,2010-01-01,5.0
스웨덴,공용,2010-02-01,8.0
스웨덴,공용,2010-03-01,3.0
스웨덴,공용,2010-04-01,10.0
스웨덴,공용,2010-05-01,12.0
스웨덴,공용,2010-06-01,5.0
스웨덴,공용,2010-07-01,8.0
스웨덴,공용,2010-08-01,4.0
스웨덴,공용,2010-09-01,2.0
스웨덴,공용,2010-10-01,14.0
스웨덴,공용,2010-11-01,9.0
스웨덴,공용,2010-12-01,1.0
스웨덴,공용,2011-01-01,1.0
스웨덴,공용,2011-02-01,6.0
스웨덴,공용,2011-03-01,10.0
스웨덴,공용,2011-04-01,0.0
스웨덴,공용,2011-05-01,4.0
스웨덴,공용,2011-06-01,5.0
스웨덴,공용,2011-07-01,6.0
스웨덴,공용,2011-08-01,1.0
스웨덴,공용,2011-09-01,0.0
스웨덴,공용,2011-10-01,1.0
스웨덴,공용,2011-11-01,3.0
스웨덴,공용,2011-12-01,2.0
스웨덴,공용,2012-01-01,0.0
스웨덴,공용,2012-02-01,1.0
스웨덴,공용,2012-03-01,6.0
스웨덴,공용,2012-04-01,4.0
스웨덴,공용,2012-05-01,11.0
스웨덴,공용,2012-06-01,3.0
스웨덴,공용,2012-07-01,8.0
스웨덴,공용,2012-08-01,8.0
스웨덴,공용,2012-09-01,1.0
스웨덴,공용,2012-10-01,8.0
스웨덴,공용,2012-11-01,9.0
스웨덴,공용,2012-12-01,4.0
스웨덴,공용,2013-01-01,4.0
스웨덴,공용,2013-02-01,3.0
스웨덴,공용,2013-03-01,1.0
스웨덴,공용,2013-04-01,12.0
스웨덴,공용,2013-05-01,2.0
스웨덴,공용,2013-06-01,10.0
스웨덴,공용,2013-07-01,8.0
스웨덴,공용,2013-08-01,11.0
스웨덴,공용,2013-09-01,0.0
스웨덴,공용,2013-10-01,7.0
스웨덴,공용,2013-11-01,6.0
스웨덴,공용,2013-12-01,5.0
스웨덴,공용,2014-01-01,8.0
스웨덴,공용,2014-02-01,1.0
스웨덴,공용,2014-03-01,7.0
스웨덴,공용,2014-04-01,3.0
스웨덴,공용,2014-05-01,8.0
스웨덴,공용,2014-06-01,2.0
스웨덴,공용,2014-07-01,7.0
스웨덴,공용,2014-08-01,4.0
스웨덴,공용,2014-09-01,3.0
스웨덴,공용,2014-10-01,4.0
스웨덴,공용,2014-11-01,7.0
스웨덴,공용,2014-12-01,8.0
스웨덴,공용,2015-01-01,10.0
스웨덴,공용,2015-02-01,3.0
스웨덴,공용,2015-03-01,16.0
스웨덴,공용,2015-04-01,8.0
스웨덴,공용,2015-05-01,6.0
스웨덴,공용,2015-06-01,1.0
스웨덴,공용,2015-07-01,10.0
스웨덴,공용,2015-08-01,9.0
스웨덴,공용,2015-09-01,10.0
스웨덴,공용,2015-10-01,12.0
스웨덴,공용,2015-11-01,7.0
스웨덴,공용,2015-12-01,7.0
스웨덴,공용,2016-01-01,11.0
스웨덴,공용,2016-02-01,6.0
스웨덴,공용,2016-03-01,6.0
스웨덴,공용,2016-04-01,5.0
스웨덴,공용,2016-05-01,11.0
스웨덴,공용,2016-06-01,9.0
스웨덴,공용,2016-07-01,4.0
스웨덴,공용,2016-08-01,7.0
스웨덴,공용,2016-09-01,6.0
스웨덴,공용,2016-10-01,14.0
스웨덴,공용,2016-11-01,10.0
스웨덴,공용,2016-12-01,6.0
스웨덴,공용,2017-01-01,5.0
스웨덴,공용,2017-02-01,10.0
스웨덴,공용,2017-03-01,8.0
스웨덴,공용,2017-04-01,8.0
스웨덴,공용,2017-05-01,9.0
스웨덴,공용,2017-06-01,6.0
스웨덴,공용,2017-07-01,10.0
스웨덴,공용,2017-08-01,3.0
스웨덴,공용,2017-09-01,3.0
스웨덴,공용,2017-10-01,11.0
스웨덴,공용,2017-11-01,5.0
스웨덴,공용,2017-12-01,9.0
스웨덴,공용,2018-01-01,16.0
스웨덴,공용,2018-02-01,11.0
스웨덴,공용,2018-03-01,7.0
스웨덴,공용,2018-04-01,5.0
스웨덴,공용,2018-05-01,8.0
스웨덴,공용,2018-06-01,8.0
스웨덴,공용,2018-07-01,14.0
스웨덴,공용,2018-08-01,5.0
스웨덴,공용,2018-09-01,3.0
스웨덴,공용,2018-10-01,4.0
스웨덴,공용,2018-11-01,5.0
스웨덴,공용,2018-12-01,7.0
스웨덴,공용,2019-01-01,6.0
스웨덴,공용,2019-02-01,9.0
스웨덴,공용,2019-03-01,9.0
스웨덴,공용,2019-04-01,16.0
스웨덴,공용,2019-05-01,8.0
스웨덴,공용,2019-06-01,9.0
스웨덴,공용,2019-07-01,6.0
스웨덴,공용,2019-08-01,2.0
스웨덴,공용,2019-09-01,5.0
스웨덴,공용,2019-10-01,5.0
스웨덴,공용,2019-11-01,7.0
스웨덴,공용,2019-12-01,9.0
스웨덴,공용,2020-01-01,5.0
스웨덴,공용,2020-02-01,2.0
스웨덴,공용,2020-03-01,1.0
스웨덴,공용,2020-04-01,2.0
스웨덴,공용,2020-05-01,0.0
스웨덴,공용,2020-06-01,2.0
스웨덴,공용,2020-07-01,5.0
스웨덴,공용,2020-08-01,4.0
스웨덴,공용,2020-09-01,1.0
스웨덴,공용,2020-10-01,0.0
스웨덴,공용,2020-11-01,2.0
스웨덴,공용,2020-12-01,0.0
스웨덴,공용,2021-01-01,4.0
스웨덴,공용,2021-02-01,0.0
스웨덴,공용,2021-03-01,0.0
스웨덴,공용,2021-04-01,3.0
스웨덴,공용,2021-05-01,3.0
스웨덴,공용,2021-06-01,0.0
스웨덴,공용,2021-07-01,5.0
스웨덴,공용,2021-08-01,4.0
스웨덴,공용,2021-09-01,1.0
스웨덴,공용,2021-10-01,9.0
스웨덴,공용,2021-11-01,6.0
스웨덴,공용,2021-12-01,2.0
스웨덴,공용,2022-01-01,4.0
스웨덴,공용,2022-02-01,7.0
스웨덴,공용,2022-03-01,1.0
스웨덴,공용,2022-04-01,5.0
스웨덴,공용,2022-05-01,3.0
스웨덴,공용,2022-06-01,2.0
스웨덴,공용,2022-07-01,7.0
스웨덴,공용,2022-08-01,7.0
스웨덴,공용,2022-09-01,3.0
스웨덴,공용,2022-10-01,6.0
스웨덴,공용,2022-11-01,3.0
스웨덴,공용,2022-12-01,10.0
스웨덴,공용,2023-01-01,10.0
스웨덴,공용,2023-02-01,4.0
스웨덴,공용,2023-03-01,1.0
스웨덴,공용,2023-04-01,13.0
스웨덴,공용,2023-05-01,3.0
스웨덴,공용,2023-06-01,1.0
스웨덴,공용,2023-07-01,8.0
스웨덴,공용,2023-08-01,1.0
스웨덴,공용,2023-09-01,2.0
스웨덴,공용,2023-10-01,5.0
스웨덴,공용,2023-11-01,2.0
스웨덴,공용,2023-12-01,3.0
스웨덴,공용,2024-01-01,6.0
스웨덴,공용,2024-02-01,3.0
스웨덴,공용,2024-03-01,7.0
스웨덴,공용,2024-04-01,6.0
스웨덴,공용,2024-05-01,2.0
스웨덴,공용,2024-06-01,5.0
스웨덴,공용,2024-07-01,5.0
스웨덴,공용,2024-08-01,4.0
스웨덴,공용,2024-09-01,3.0
스웨덴,공용,2024-10-01,2.0
스웨덴,공용,2024-11-01,0.0
스웨덴,공용,2024-12-01,4.0
스웨덴,공용,2025-01-01,6.0
스웨덴,공용,2025-02-01,2.0
스웨덴,공용,2025-03-01,3.0
스웨덴,공용,2025-04-01,2.0
스웨덴,공용,2025-05-01,2.0
스웨덴,관광,2005-01-01,537.0
스웨덴,관광,2005-02-01,473.0
스웨덴,관광,2005-03-01,650.0
스웨덴,관광,2005-04-01,815.0
스웨덴,관광,2005-05-01,763.0
스웨덴,관광,2005-06-01,832.0
스웨덴,관광,2005-07-01,550.0
스웨덴,관광,2005-08-01,485.0
스웨덴,관광,2005-09-01,713.0
스웨덴,관광,2005-10-01,1049.0
스웨덴,관광,2005-11-01,868.0
스웨덴,관광,2005-12-01,514.0
스웨덴,관광,2006-01-01,628.0
스웨덴,관광,2006-02-01,608.0
스웨덴,관광,2006-03-01,833.0
스웨덴,관광,2006-04-01,908.0
스웨덴,관광,2006-05-01,822.0
스웨덴,관광,2006-06-01,693.0
스웨덴,관광,2006-07-01,499.0
스웨덴,관광,2006-08-01,692.0
스웨덴,관광,2006-09-01,894.0
스웨덴,관광,2006-10-01,1053.0
스웨덴,관광,2006-11-01,886.0
스웨덴,관광,2006-12-01,478.0
스웨덴,관광,2007-01-01,681.0
스웨덴,관광,2007-02-01,562.0
스웨덴,관광,2007-03-01,814.0
스웨덴,관광,2007-04-01,771.0
스웨덴,관광,2007-05-01,894.0
스웨덴,관광,2007-06-01,824.0
스웨덴,관광,2007-07-01,712.0
스웨덴,관광,2007-08-01,590.0
스웨덴,관광,2007-09-01,952.0
스웨덴,관광,2007-10-01,1231.0
스웨덴,관광,2007-11-01,982.0
스웨덴,관광,2007-12-01,556.0
스웨덴,관광,2008-01-01,730.0
스웨덴,관광,2008-02-01,618.0
스웨덴,관광,2008-03-01,723.0
스웨덴,관광,2008-04-01,944.0
스웨덴,관광,2008-05-01,811.0
스웨덴,관광,2008-06-01,1037.0
스웨덴,관광,2008-07-01,778.0
스웨덴,관광,2008-08-01,609.0
스웨덴,관광,2008-09-01,931.0
스웨덴,관광,2008-10-01,1397.0
스웨덴,관광,2008-11-01,906.0
스웨덴,관광,2008-12-01,563.0
스웨덴,관광,2009-01-01,539.0
스웨덴,관광,2009-02-01,618.0
스웨덴,관광,2009-03-01,836.0
스웨덴,관광,2009-04-01,827.0
스웨덴,관광,2009-05-01,841.0
스웨덴,관광,2009-06-01,847.0
스웨덴,관광,2009-07-01,641.0
스웨덴,관광,2009-08-01,648.0
스웨덴,관광,2009-09-01,867.0
스웨덴,관광,2009-10-01,1223.0
스웨덴,관광,2009-11-01,1047.0
스웨덴,관광,2009-12-01,602.0
스웨덴,관광,2010-01-01,579.0
스웨덴,관광,2010-02-01,634.0
스웨덴,관광,2010-03-01,885.0
스웨덴,관광,2010-04-01,1015.0
스웨덴,관광,2010-05-01,924.0
스웨덴,관광,2010-06-01,1041.0
스웨덴,관광,2010-07-01,827.0
스웨덴,관광,2010-08-01,789.0
스웨덴,관광,2010-09-01,882.0
스웨덴,관광,2010-10-01,1433.0
스웨덴,관광,2010-11-01,1033.0
스웨덴,관광,2010-12-01,612.0
스웨덴,관광,2011-01-01,633.0
스웨덴,관광,2011-02-01,690.0
스웨덴,관광,2011-03-01,1021.0
스웨덴,관광,2011-04-01,1035.0
스웨덴,관광,2011-05-01,1128.0
스웨덴,관광,2011-06-01,1047.0
스웨덴,관광,2011-07-01,731.0
스웨덴,관광,2011-08-01,904.0
스웨덴,관광,2011-09-01,1065.0
스웨덴,관광,2011-10-01,1422.0
스웨덴,관광,2011-11-01,1101.0
스웨덴,관광,2011-12-01,710.0
스웨덴,관광,2012-01-01,747.0
스웨덴,관광,2012-02-01,779.0
스웨덴,관광,2012-03-01,1187.0
스웨덴,관광,2012-04-01,1287.0
스웨덴,관광,2012-05-01,1191.0
스웨덴,관광,2012-06-01,1188.0
스웨덴,관광,2012-07-01,929.0
스웨덴,관광,2012-08-01,787.0
스웨덴,관광,2012-09-01,1092.0
스웨덴,관광,2012-10-01,1433.0
스웨덴,관광,2012-11-01,1117.0
스웨덴,관광,2012-12-01,843.0
스웨덴,관광,2013-01-01,801.0
스웨덴,관광,2013-02-01,678.0
스웨덴,관광,2013-03-01,1179.0
스웨덴,관광,2013-04-01,1052.0
스웨덴,관광,2013-05-01,1097.0
스웨덴,관광,2013-06-01,1377.0
스웨덴,관광,2013-07-01,1016.0
스웨덴,관광,2013-08-01,794.0
스웨덴,관광,2013-09-01,1245.0
스웨덴,관광,2013-10-01,1793.0
스웨덴,관광,2013-11-01,1232.0
스웨덴,관광,2013-12-01,890.0
스웨덴,관광,2014-01-01,714.0
스웨덴,관광,2014-02-01,840.0
스웨덴,관광,2014-03-01,1282.0
스웨덴,관광,2014-04-01,1414.0
스웨덴,관광,2014-05-01,1275.0
스웨덴,관광,2014-06-01,1321.0
스웨덴,관광,2014-07-01,933.0
스웨덴,관광,2014-08-01,903.0
스웨덴,관광,2014-09-01,1251.0
스웨덴,관광,2014-10-01,1724.0
스웨덴,관광,2014-11-01,1210.0
스웨덴,관광,2014-12-01,917.0
스웨덴,관광,2015-01-01,747.0
스웨덴,관광,2015-02-01,763.0
스웨덴,관광,2015-03-01,1237.0
스웨덴,관광,2015-04-01,1434.0
스웨덴,관광,2015-05-01,1281.0
스웨덴,관광,2015-06-01,1258.0
스웨덴,관광,2015-07-01,997.0
스웨덴,관광,2015-08-01,872.0
스웨덴,관광,2015-09-01,1318.0
스웨덴,관광,2015-10-01,1771.0
스웨덴,관광,2015-11-01,1298.0
스웨덴,관광,2015-12-01,916.0
스웨덴,관광,2016-01-01,744.0
스웨덴,관광,2016-02-01,754.0
스웨덴,관광,2016-03-01,1399.0
스웨덴,관광,2016-04-01,1380.0
스웨덴,관광,2016-05-01,1309.0
스웨덴,관광,2016-06-01,1704.0
스웨덴,관광,2016-07-01,1398.0
스웨덴,관광,2016-08-01,966.0
스웨덴,관광,2016-09-01,1264.0
스웨덴,관광,2016-10-01,1820.0
스웨덴,관광,2016-11-01,1191.0
스웨덴,관광,2016-12-01,933.0
스웨덴,관광,2017-01-01,798.0
스웨덴,관광,2017-02-01,836.0
스웨덴,관광,2017-03-01,1337.0
스웨덴,관광,2017-04-01,1584.0
스웨덴,관광,2017-05-01,1251.0
스웨덴,관광,2017-06-01,1586.0
스웨덴,관광,2017-07-01,1298.0
스웨덴,관광,2017-08-01,958.0
스웨덴,관광,2017-09-01,1435.0
스웨덴,관광,2017-10-01,1643.0
스웨덴,관광,2017-11-01,1272.0
스웨덴,관광,2017-12-01,893.0
스웨덴,관광,2018-01-01,788.0
스웨덴,관광,2018-02-01,1516.0
스웨덴,관광,2018-03-01,1535.0
스웨덴,관광,2018-04-01,1690.0
스웨덴,관광,2018-05-01,1437.0
스웨덴,관광,2018-06-01,1848.0
스웨덴,관광,2018-07-01,1446.0
스웨덴,관광,2018-08-01,1016.0
스웨덴,관광,2018-09-01,1346.0
스웨덴,관광,2018-10-01,2145.0
스웨덴,관광,2018-11-01,1364.0
스웨덴,관광,2018-12-01,1063.0
스웨덴,관광,2019-01-01,844.0
스웨덴,관광,2019-02-01,729.0
스웨덴,관광,2019-03-01,1261.0
스웨덴,관광,2019-04-01,2007.0
스웨덴,관광,2019-05-01,1485.0
스웨덴,관광,2019-06-01,1926.0
스웨덴,관광,2019-07-01,1558.0
스웨덴,관광,2019-08-01,1114.0
스웨덴,관광,2019-09-01,1784.0
스웨덴,관광,2019-10-01,2110.0
스웨덴,관광,2019-11-01,1354.0
스웨덴,관광,2019-12-01,1105.0
스웨덴,관광,2020-01-01,696.0
스웨덴,관광,2020-02-01,491.0
스웨덴,관광,2020-03-01,115.0
스웨덴,관광,2020-04-01,7.0
스웨덴,관광,2020-05-01,3.0
스웨덴,관광,2020-06-01,11.0
스웨덴,관광,2020-07-01,2.0
스웨덴,관광,2020-08-01,5.0
스웨덴,관광,2020-09-01,9.0
스웨덴,관광,2020-10-01,6.0
스웨덴,관광,2020-11-01,18.0
스웨덴,관광,2020-12-01,6.0
스웨덴,관광,2021-01-01,0.0
스웨덴,관광,2021-02-01,18.0
스웨덴,관광,2021-03-01,4.0
스웨덴,관광,2021-04-01,15.0
스웨덴,관광,2021-05-01,18.0
스웨덴,관광,2021-06-01,29.0
스웨덴,관광,2021-07-01,9.0
스웨덴,관광,2021-08-01,11.0
스웨덴,관광,2021-09-01,63.0
스웨덴,관광,2021-10-01,124.0
스웨덴,관광,2021-11-01,128.0
스웨덴,관광,2021-12-01,76.0
스웨덴,관광,2022-01-01,74.0
스웨덴,관광,2022-02-01,61.0
스웨덴,관광,2022-03-01,93.0
스웨덴,관광,2022-04-01,307.0
스웨덴,관광,2022-05-01,465.0
스웨덴,관광,2022-06-01,729.0
스웨덴,관광,2022-07-01,492.0
스웨덴,관광,2022-08-01,482.0
스웨덴,관광,2022-09-01,679.0
스웨덴,관광,2022-10-01,1165.0
스웨덴,관광,2022-11-01,884.0
스웨덴,관광,2022-12-01,677.0
스웨덴,관광,2023-01-01,530.0
스웨덴,관광,2023-02-01,514.0
스웨덴,관광,2023-03-01,1269.0
스웨덴,관광,2023-04-01,1735.0
스웨덴,관광,2023-05-01,1308.0
스웨덴,관광,2023-06-01,1823.0
스웨덴,관광,2023-07-01,3498.0
스웨덴,관광,2023-08-01,975.0
스웨덴,관광,2023-09-01,1485.0
스웨덴,관광,2023-10-01,1879.0
스웨덴,관광,2023-11-01,1262.0
스웨덴,관광,2023-12-01,909.0
스웨덴,관광,2024-01-01,838.0
스웨덴,관광,2024-02-01,690.0
스웨덴,관광,2024-03-01,1714.0
스웨덴,관광,2024-04-01,2033.0
스웨덴,관광,2024-05-01,1491.0
스웨덴,관광,2024-06-01,2084.0
스웨덴,관광,2024-07-01,1678.0
스웨덴,관광,2024-08-01,1102.0
스웨덴,관광,2024-09-01,1794.0
스웨덴,관광,2024-10-01,2218.0
스웨덴,관광,2024-11-01,1491.0
스웨덴,관광,2024-12-01,1324.0
스웨덴,관광,2025-01-01,686.0
스웨덴,관광,2025-02-01,816.0
스웨덴,관광,2025-03-01,1751.0
스웨덴,관광,2025-04-01,2525.0
스웨덴,관광,2025-05-01,1734.0
스웨덴,상용,2005-01-01,42.0
스웨덴,상용,2005-02-01,42.0
스웨덴,상용,2005-03-01,31.0
스웨덴,상용,2005-04-01,42.0
스웨덴,상용,2005-05-01,38.0
스웨덴,상용,2005-06-01,30.0
스웨덴,상용,2005-07-01,17.0
스웨덴,상용,2005-08-01,43.0
스웨덴,상용,2005-09-01,37.0
스웨덴,상용,2005-10-01,43.0
스웨덴,상용,2005-11-01,31.0
스웨덴,상용,2005-12-01,35.0
스웨덴,상용,2006-01-01,47.0
스웨덴,상용,2006-02-01,35.0
스웨덴,상용,2006-03-01,49.0
스웨덴,상용,2006-04-01,44.0
스웨덴,상용,2006-05-01,48.0
스웨덴,상용,2006-06-01,57.0
스웨덴,상용,2006-07-01,44.0
스웨덴,상용,2006-08-01,54.0
스웨덴,상용,2006-09-01,44.0
스웨덴,상용,2006-10-01,66.0
스웨덴,상용,2006-11-01,56.0
스웨덴,상용,2006-12-01,36.0
스웨덴,상용,2007-01-01,72.0
스웨덴,상용,2007-02-01,51.0
스웨덴,상용,2007-03-01,47.0
스웨덴,상용,2007-04-01,54.0
스웨덴,상용,2007-05-01,45.0
스웨덴,상용,2007-06-01,50.0
스웨덴,상용,2007-07-01,42.0
스웨덴,상용,2007-08-01,67.0
스웨덴,상용,2007-09-01,49.0
스웨덴,상용,2007-10-01,58.0
스웨덴,상용,2007-11-01,56.0
스웨덴,상용,2007-12-01,57.0
스웨덴,상용,2008-01-01,74.0
스웨덴,상용,2008-02-01,61.0
스웨덴,상용,2008-03-01,63.0
스웨덴,상용,2008-04-01,53.0
스웨덴,상용,2008-05-01,61.0
스웨덴,상용,2008-06-01,62.0
스웨덴,상용,2008-07-01,46.0
스웨덴,상용,2008-08-01,68.0
스웨덴,상용,2008-09-01,67.0
스웨덴,상용,2008-10-01,69.0
스웨덴,상용,2008-11-01,59.0
스웨덴,상용,2008-12-01,35.0
스웨덴,상용,2009-01-01,77.0
스웨덴,상용,2009-02-01,53.0
스웨덴,상용,2009-03-01,43.0
스웨덴,상용,2009-04-01,47.0
스웨덴,상용,2009-05-01,44.0
스웨덴,상용,2009-06-01,35.0
스웨덴,상용,2009-07-01,39.0
스웨덴,상용,2009-08-01,42.0
스웨덴,상용,2009-09-01,33.0
스웨덴,상용,2009-10-01,49.0
스웨덴,상용,2009-11-01,46.0
스웨덴,상용,2009-12-01,35.0
스웨덴,상용,2010-01-01,63.0
스웨덴,상용,2010-02-01,52.0
스웨덴,상용,2010-03-01,69.0
스웨덴,상용,2010-04-01,44.0
스웨덴,상용,2010-05-01,60.0
스웨덴,상용,2010-06-01,56.0
스웨덴,상용,2010-07-01,48.0
스웨덴,상용,2010-08-01,63.0
스웨덴,상용,2010-09-01,65.0
스웨덴,상용,2010-10-01,65.0
스웨덴,상용,2010-11-01,56.0
스웨덴,상용,2010-12-01,53.0
스웨덴,상용,2011-01-01,58.0
스웨덴,상용,2011-02-01,65.0
스웨덴,상용,2011-03-01,60.0
스웨덴,상용,2011-04-01,51.0
스웨덴,상용,2011-05-01,63.0
스웨덴,상용,2011-06-01,48.0
스웨덴,상용,2011-07-01,52.0
스웨덴,상용,2011-08-01,59.0
스웨덴,상용,2011-09-01,62.0
스웨덴,상용,2011-10-01,52.0
스웨덴,상용,2011-11-01,67.0
스웨덴,상용,2011-12-01,53.0
스웨덴,상용,2012-01-01,84.0
스웨덴,상용,2012-02-01,57.0
스웨덴,상용,2012-03-01,73.0
스웨덴,상용,2012-04-01,63.0
스웨덴,상용,2012-05-01,69.0
스웨덴,상용,2012-06-01,55.0
스웨덴,상용,2012-07-01,44.0
스웨덴,상용,2012-08-01,67.0
스웨덴,상용,2012-09-01,43.0
스웨덴,상용,2012-10-01,60.0
스웨덴,상용,2012-11-01,69.0
스웨덴,상용,2012-12-01,49.0
스웨덴,상용,2013-01-01,67.0
스웨덴,상용,2013-02-01,66.0
스웨덴,상용,2013-03-01,61.0
스웨덴,상용,2013-04-01,76.0
스웨덴,상용,2013-05-01,73.0
스웨덴,상용,2013-06-01,66.0
스웨덴,상용,2013-07-01,62.0
스웨덴,상용,2013-08-01,86.0
스웨덴,상용,2013-09-01,95.0
스웨덴,상용,2013-10-01,77.0
스웨덴,상용,2013-11-01,62.0
스웨덴,상용,2013-12-01,53.0
스웨덴,상용,2014-01-01,86.0
스웨덴,상용,2014-02-01,71.0
스웨덴,상용,2014-03-01,85.0
스웨덴,상용,2014-04-01,67.0
스웨덴,상용,2014-05-01,71.0
스웨덴,상용,2014-06-01,57.0
스웨덴,상용,2014-07-01,45.0
스웨덴,상용,2014-08-01,79.0
스웨덴,상용,2014-09-01,75.0
스웨덴,상용,2014-10-01,58.0
스웨덴,상용,2014-11-01,62.0
스웨덴,상용,2014-12-01,44.0
스웨덴,상용,2015-01-01,83.0
스웨덴,상용,2015-02-01,53.0
스웨덴,상용,2015-03-01,58.0
스웨덴,상용,2015-04-01,52.0
스웨덴,상용,2015-05-01,51.0
스웨덴,상용,2015-06-01,41.0
스웨덴,상용,2015-07-01,48.0
스웨덴,상용,2015-08-01,62.0
스웨덴,상용,2015-09-01,55.0
스웨덴,상용,2015-10-01,45.0
스웨덴,상용,2015-11-01,59.0
스웨덴,상용,2015-12-01,36.0
스웨덴,상용,2016-01-01,72.0
스웨덴,상용,2016-02-01,43.0
스웨덴,상용,2016-03-01,37.0
스웨덴,상용,2016-04-01,58.0
스웨덴,상용,2016-05-01,66.0
스웨덴,상용,2016-06-01,34.0
스웨덴,상용,2016-07-01,27.0
스웨덴,상용,2016-08-01,58.0
스웨덴,상용,2016-09-01,42.0
스웨덴,상용,2016-10-01,37.0
스웨덴,상용,2016-11-01,34.0
스웨덴,상용,2016-12-01,31.0
스웨덴,상용,2017-01-01,65.0
스웨덴,상용,2017-02-01,28.0
스웨덴,상용,2017-03-01,35.0
스웨덴,상용,2017-04-01,42.0
스웨덴,상용,2017-05-01,43.0
스웨덴,상용,2017-06-01,34.0
스웨덴,상용,2017-07-01,34.0
스웨덴,상용,2017-08-01,44.0
스웨덴,상용,2017-09-01,30.0
스웨덴,상용,2017-10-01,30.0
스웨덴,상용,2017-11-01,35.0
스웨덴,상용,2017-12-01,26.0
스웨덴,상용,2018-01-01,30.0
스웨덴,상용,2018-02-01,22.0
스웨덴,상용,2018-03-01,36.0
스웨덴,상용,2018-04-01,30.0
스웨덴,상용,2018-05-01,19.0
스웨덴,상용,2018-06-01,29.0
스웨덴,상용,2018-07-01,29.0
스웨덴,상용,2018-08-01,31.0
스웨덴,상용,2018-09-01,27.0
스웨덴,상용,2018-10-01,19.0
스웨덴,상용,2018-11-01,35.0
스웨덴,상용,2018-12-01,19.0
스웨덴,상용,2019-01-01,29.0
스웨덴,상용,2019-02-01,19.0
스웨덴,상용,2019-03-01,30.0
스웨덴,상용,2019-04-01,18.0
스웨덴,상용,2019-05-01,24.0
스웨덴,상용,2019-06-01,26.0
스웨덴,상용,2019-07-01,19.0
스웨덴,상용,2019-08-01,35.0
스웨덴,상용,2019-09-01,26.0
스웨덴,상용,2019-10-01,23.0
스웨덴,상용,2019-11-01,26.0
스웨덴,상용,2019-12-01,18.0
스웨덴,상용,2020-01-01,33.0
스웨덴,상용,2020-02-01,14.0
스웨덴,상용,2020-03-01,4.0
스웨덴,상용,2020-04-01,3.0
스웨덴,상용,2020-05-01,1.0
스웨덴,상용,2020-06-01,1.0
스웨덴,상용,2020-07-01,3.0
스웨덴,상용,2020-08-01,18.0
스웨덴,상용,2020-09-01,9.0
스웨덴,상용,2020-10-01,14.0
스웨덴,상용,2020-11-01,19.0
스웨덴,상용,2020-12-01,6.0
스웨덴,상용,2021-01-01,22.0
스웨덴,상용,2021-02-01,7.0
스웨덴,상용,2021-03-01,6.0
스웨덴,상용,2021-04-01,13.0
스웨덴,상용,2021-05-01,5.0
스웨덴,상용,2021-06-01,24.0
스웨덴,상용,2021-07-01,12.0
스웨덴,상용,2021-08-01,27.0
스웨덴,상용,2021-09-01,21.0
스웨덴,상용,2021-10-01,8.0
스웨덴,상용,2021-11-01,9.0
스웨덴,상용,2021-12-01,2.0
스웨덴,상용,2022-01-01,12.0
스웨덴,상용,2022-02-01,2.0
스웨덴,상용,2022-03-01,7.0
스웨덴,상용,2022-04-01,6.0
스웨덴,상용,2022-05-01,12.0
스웨덴,상용,2022-06-01,7.0
스웨덴,상용,2022-07-01,14.0
스웨덴,상용,2022-08-01,16.0
스웨덴,상용,2022-09-01,13.0
스웨덴,상용,2022-10-01,10.0
스웨덴,상용,2022-11-01,17.0
스웨덴,상용,2022-12-01,12.0
스웨덴,상용,2023-01-01,30.0
스웨덴,상용,2023-02-01,7.0
스웨덴,상용,2023-03-01,21.0
스웨덴,상용,2023-04-01,11.0
스웨덴,상용,2023-05-01,11.0
스웨덴,상용,2023-06-01,13.0
스웨덴,상용,2023-07-01,19.0
스웨덴,상용,2023-08-01,22.0
스웨덴,상용,2023-09-01,12.0
스웨덴,상용,2023-10-01,18.0
스웨덴,상용,2023-11-01,24.0
스웨덴,상용,2023-12-01,16.0
스웨덴,상용,2024-01-01,22.0
스웨덴,상용,2024-02-01,19.0
스웨덴,상용,2024-03-01,19.0
스웨덴,상용,2024-04-01,18.0
스웨덴,상용,2024-05-01,22.0
스웨덴,상용,2024-06-01,23.0
스웨덴,상용,2024-07-01,12.0
스웨덴,상용,2024-08-01,19.0
스웨덴,상용,2024-09-01,12.0
스웨덴,상용,2024-10-01,16.0
스웨덴,상용,2024-11-01,8.0
스웨덴,상용,2024-12-01,11.0
스웨덴,상용,2025-01-01,20.0
스웨덴,상용,2025-02-01,11.0
스웨덴,상용,2025-03-01,12.0
스웨덴,상용,2025-04-01,14.0
스웨덴,상용,2025-05-01,14.0
스웨덴,유학연수,2005-01-01,1.0
스웨덴,유학연수,2005-02-01,17.0
스웨덴,유학연수,2005-03-01,4.0
스웨덴,유학연수,2005-04-01,2.0
스웨덴,유학연수,2005-05-01,6.0
스웨덴,유학연수,2005-06-01,1.0
스웨덴,유학연수,2005-07-01,1.0
스웨덴,유학연수,2005-08-01,23.0
스웨덴,유학연수,2005-09-01,3.0
스웨덴,유학연수,2005-10-01,1.0
스웨덴,유학연수,2005-11-01,6.0
스웨덴,유학연수,2005-12-01,1.0
스웨덴,유학연수,2006-01-01,4.0
스웨덴,유학연수,2006-02-01,10.0
스웨덴,유학연수,2006-03-01,3.0
스웨덴,유학연수,2006-04-01,0.0
스웨덴,유학연수,2006-05-01,0.0
스웨덴,유학연수,2006-06-01,5.0
스웨덴,유학연수,2006-07-01,2.0
스웨덴,유학연수,2006-08-01,34.0
스웨덴,유학연수,2006-09-01,7.0
스웨덴,유학연수,2006-10-01,20.0
스웨덴,유학연수,2006-11-01,7.0
스웨덴,유학연수,2006-12-01,0.0
스웨덴,유학연수,2007-01-01,7.0
스웨덴,유학연수,2007-02-01,17.0
스웨덴,유학연수,2007-03-01,5.0
스웨덴,유학연수,2007-04-01,3.0
스웨덴,유학연수,2007-05-01,10.0
스웨덴,유학연수,2007-06-01,3.0
스웨덴,유학연수,2007-07-01,2.0
스웨덴,유학연수,2007-08-01,47.0
스웨덴,유학연수,2007-09-01,12.0
스웨덴,유학연수,2007-10-01,8.0
스웨덴,유학연수,2007-11-01,17.0
스웨덴,유학연수,2007-12-01,4.0
스웨덴,유학연수,2008-01-01,8.0
스웨덴,유학연수,2008-02-01,34.0
스웨덴,유학연수,2008-03-01,6.0
스웨덴,유학연수,2008-04-01,13.0
스웨덴,유학연수,2008-05-01,16.0
스웨덴,유학연수,2008-06-01,9.0
스웨덴,유학연수,2008-07-01,5.0
스웨덴,유학연수,2008-08-01,43.0
스웨덴,유학연수,2008-09-01,3.0
스웨덴,유학연수,2008-10-01,12.0
스웨덴,유학연수,2008-11-01,18.0
스웨덴,유학연수,2008-12-01,13.0
스웨덴,유학연수,2009-01-01,11.0
스웨덴,유학연수,2009-02-01,31.0
스웨덴,유학연수,2009-03-01,7.0
스웨덴,유학연수,2009-04-01,11.0
스웨덴,유학연수,2009-05-01,16.0
스웨덴,유학연수,2009-06-01,11.0
스웨덴,유학연수,2009-07-01,2.0
스웨덴,유학연수,2009-08-01,70.0
스웨덴,유학연수,2009-09-01,2.0
스웨덴,유학연수,2009-10-01,9.0
스웨덴,유학연수,2009-11-01,28.0
스웨덴,유학연수,2009-12-01,8.0
스웨덴,유학연수,2010-01-01,17.0
스웨덴,유학연수,2010-02-01,36.0
스웨덴,유학연수,2010-03-01,9.0
스웨덴,유학연수,2010-04-01,6.0
스웨덴,유학연수,2010-05-01,12.0
스웨덴,유학연수,2010-06-01,5.0
스웨덴,유학연수,2010-07-01,6.0
스웨덴,유학연수,2010-08-01,99.0
스웨덴,유학연수,2010-09-01,7.0
스웨덴,유학연수,2010-10-01,3.0
스웨덴,유학연수,2010-11-01,39.0
스웨덴,유학연수,2010-12-01,8.0
스웨덴,유학연수,2011-01-01,28.0
스웨덴,유학연수,2011-02-01,47.0
스웨덴,유학연수,2011-03-01,6.0
스웨덴,유학연수,2011-04-01,4.0
스웨덴,유학연수,2011-05-01,15.0
스웨덴,유학연수,2011-06-01,8.0
스웨덴,유학연수,2011-07-01,5.0
스웨덴,유학연수,2011-08-01,100.0
스웨덴,유학연수,2011-09-01,19.0
스웨덴,유학연수,2011-10-01,19.0
스웨덴,유학연수,2011-11-01,34.0
스웨덴,유학연수,2011-12-01,7.0
스웨덴,유학연수,2012-01-01,34.0
스웨덴,유학연수,2012-02-01,54.0
스웨덴,유학연수,2012-03-01,9.0
스웨덴,유학연수,2012-04-01,9.0
스웨덴,유학연수,2012-05-01,8.0
스웨덴,유학연수,2012-06-01,18.0
스웨덴,유학연수,2012-07-01,8.0
스웨덴,유학연수,2012-08-01,131.0
스웨덴,유학연수,2012-09-01,24.0
스웨덴,유학연수,2012-10-01,40.0
스웨덴,유학연수,2012-11-01,48.0
스웨덴,유학연수,2012-12-01,30.0
스웨덴,유학연수,2013-01-01,20.0
스웨덴,유학연수,2013-02-01,71.0
스웨덴,유학연수,2013-03-01,16.0
스웨덴,유학연수,2013-04-01,24.0
스웨덴,유학연수,2013-05-01,35.0
스웨덴,유학연수,2013-06-01,10.0
스웨덴,유학연수,2013-07-01,16.0
스웨덴,유학연수,2013-08-01,133.0
스웨덴,유학연수,2013-09-01,38.0
스웨덴,유학연수,2013-10-01,42.0
스웨덴,유학연수,2013-11-01,58.0
스웨덴,유학연수,2013-12-01,28.0
스웨덴,유학연수,2014-01-01,27.0
스웨덴,유학연수,2014-02-01,75.0
스웨덴,유학연수,2014-03-01,23.0
스웨덴,유학연수,2014-04-01,22.0
스웨덴,유학연수,2014-05-01,42.0
스웨덴,유학연수,2014-06-01,15.0
스웨덴,유학연수,2014-07-01,11.0
스웨덴,유학연수,2014-08-01,169.0
스웨덴,유학연수,2014-09-01,32.0
스웨덴,유학연수,2014-10-01,45.0
스웨덴,유학연수,2014-11-01,76.0
스웨덴,유학연수,2014-12-01,39.0
스웨덴,유학연수,2015-01-01,36.0
스웨덴,유학연수,2015-02-01,86.0
스웨덴,유학연수,2015-03-01,13.0
스웨덴,유학연수,2015-04-01,26.0
스웨덴,유학연수,2015-05-01,27.0
스웨덴,유학연수,2015-06-01,20.0
스웨덴,유학연수,2015-07-01,15.0
스웨덴,유학연수,2015-08-01,175.0
스웨덴,유학연수,2015-09-01,46.0
스웨덴,유학연수,2015-10-01,36.0
스웨덴,유학연수,2015-11-01,98.0
스웨덴,유학연수,2015-12-01,21.0
스웨덴,유학연수,2016-01-01,29.0
스웨덴,유학연수,2016-02-01,72.0
스웨덴,유학연수,2016-03-01,30.0
스웨덴,유학연수,2016-04-01,12.0
스웨덴,유학연수,2016-05-01,32.0
스웨덴,유학연수,2016-06-01,17.0
스웨덴,유학연수,2016-07-01,5.0
스웨덴,유학연수,2016-08-01,207.0
스웨덴,유학연수,2016-09-01,19.0
스웨덴,유학연수,2016-10-01,26.0
스웨덴,유학연수,2016-11-01,103.0
스웨덴,유학연수,2016-12-01,40.0
스웨덴,유학연수,2017-01-01,25.0
스웨덴,유학연수,2017-02-01,89.0
스웨덴,유학연수,2017-03-01,27.0
스웨덴,유학연수,2017-04-01,14.0
스웨덴,유학연수,2017-05-01,41.0
스웨덴,유학연수,2017-06-01,19.0
스웨덴,유학연수,2017-07-01,6.0
스웨덴,유학연수,2017-08-01,200.0
스웨덴,유학연수,2017-09-01,26.0
스웨덴,유학연수,2017-10-01,55.0
스웨덴,유학연수,2017-11-01,69.0
스웨덴,유학연수,2017-12-01,32.0
스웨덴,유학연수,2018-01-01,31.0
스웨덴,유학연수,2018-02-01,112.0
스웨덴,유학연수,2018-03-01,27.0
스웨덴,유학연수,2018-04-01,18.0
스웨덴,유학연수,2018-05-01,42.0
스웨덴,유학연수,2018-06-01,29.0
스웨덴,유학연수,2018-07-01,15.0
스웨덴,유학연수,2018-08-01,198.0
스웨덴,유학연수,2018-09-01,66.0
스웨덴,유학연수,2018-10-01,15.0
스웨덴,유학연수,2018-11-01,81.0
스웨덴,유학연수,2018-12-01,47.0
스웨덴,유학연수,2019-01-01,18.0
스웨덴,유학연수,2019-02-01,91.0
스웨덴,유학연수,2019-03-01,47.0
스웨덴,유학연수,2019-04-01,22.0
스웨덴,유학연수,2019-05-01,36.0
스웨덴,유학연수,2019-06-01,31.0
스웨덴,유학연수,2019-07-01,13.0
스웨덴,유학연수,2019-08-01,219.0
스웨덴,유학연수,2019-09-01,66.0
스웨덴,유학연수,2019-10-01,30.0
스웨덴,유학연수,2019-11-01,93.0
스웨덴,유학연수,2019-12-01,62.0
스웨덴,유학연수,2020-01-01,12.0
스웨덴,유학연수,2020-02-01,83.0
스웨덴,유학연수,2020-03-01,38.0
스웨덴,유학연수,2020-04-01,0.0
스웨덴,유학연수,2020-05-01,0.0
스웨덴,유학연수,2020-06-01,6.0
스웨덴,유학연수,2020-07-01,1.0
스웨덴,유학연수,2020-08-01,60.0
스웨덴,유학연수,2020-09-01,12.0
스웨덴,유학연수,2020-10-01,0.0
스웨덴,유학연수,2020-11-01,7.0
스웨덴,유학연수,2020-12-01,3.0
스웨덴,유학연수,2021-01-01,10.0
스웨덴,유학연수,2021-02-01,54.0
스웨덴,유학연수,2021-03-01,12.0
스웨덴,유학연수,2021-04-01,1.0
스웨덴,유학연수,2021-05-01,6.0
스웨덴,유학연수,2021-06-01,3.0
스웨덴,유학연수,2021-07-01,13.0
스웨덴,유학연수,2021-08-01,193.0
스웨덴,유학연수,2021-09-01,19.0
스웨덴,유학연수,2021-10-01,2.0
스웨덴,유학연수,2021-11-01,10.0
스웨덴,유학연수,2021-12-01,5.0
스웨덴,유학연수,2022-01-01,20.0
스웨덴,유학연수,2022-02-01,105.0
스웨덴,유학연수,2022-03-01,10.0
스웨덴,유학연수,2022-04-01,1.0
스웨덴,유학연수,2022-05-01,6.0
스웨덴,유학연수,2022-06-01,8.0
스웨덴,유학연수,2022-07-01,8.0
스웨덴,유학연수,2022-08-01,237.0
스웨덴,유학연수,2022-09-01,14.0
스웨덴,유학연수,2022-10-01,4.0
스웨덴,유학연수,2022-11-01,31.0
스웨덴,유학연수,2022-12-01,35.0
스웨덴,유학연수,2023-01-01,37.0
스웨덴,유학연수,2023-02-01,119.0
스웨덴,유학연수,2023-03-01,7.0
스웨덴,유학연수,2023-04-01,12.0
스웨덴,유학연수,2023-05-01,43.0
스웨덴,유학연수,2023-06-01,14.0
스웨덴,유학연수,2023-07-01,25.0
스웨덴,유학연수,2023-08-01,222.0
스웨덴,유학연수,2023-09-01,14.0
스웨덴,유학연수,2023-10-01,8.0
스웨덴,유학연수,2023-11-01,48.0
스웨덴,유학연수,2023-12-01,42.0
스웨덴,유학연수,2024-01-01,25.0
스웨덴,유학연수,2024-02-01,96.0
스웨덴,유학연수,2024-03-01,19.0
스웨덴,유학연수,2024-04-01,8.0
스웨덴,유학연수,2024-05-01,45.0
스웨덴,유학연수,2024-06-01,20.0
스웨덴,유학연수,2024-07-01,22.0
스웨덴,유학연수,2024-08-01,210.0
스웨덴,유학연수,2024-09-01,12.0
스웨덴,유학연수,2024-10-01,9.0
스웨덴,유학연수,2024-11-01,56.0
스웨덴,유학연수,2024-12-01,46.0
스웨덴,유학연수,2025-01-01,33.0
스웨덴,유학연수,2025-02-01,119.0
스웨덴,유학연수,2025-03-01,18.0
스웨덴,유학연수,2025-04-01,13.0
스웨덴,유학연수,2025-05-01,55.0
스위스,공용,2005-01-01,0.0
스위스,공용,2005-02-01,0.0
스위스,공용,2005-03-01,1.0
스위스,공용,2005-04-01,2.0
스위스,공용,2005-05-01,0.0
스위스,공용,2005-06-01,0.0
스위스,공용,2005-07-01,0.0
스위스,공용,2005-08-01,0.0
스위스,공용,2005-09-01,0.0
스위스,공용,2005-10-01,0.0
스위스,공용,2005-11-01,2.0
스위스,공용,2005-12-01,1.0
스위스,공용,2006-01-01,0.0
스위스,공용,2006-02-01,0.0
스위스,공용,2006-03-01,0.0
스위스,공용,2006-04-01,0.0
스위스,공용,2006-05-01,0.0
스위스,공용,2006-06-01,0.0
스위스,공용,2006-07-01,0.0
스위스,공용,2006-08-01,1.0
스위스,공용,2006-09-01,1.0
스위스,공용,2006-10-01,0.0
스위스,공용,2006-11-01,1.0
스위스,공용,2006-12-01,0.0
스위스,공용,2007-01-01,0.0
스위스,공용,2007-02-01,0.0
스위스,공용,2007-03-01,0.0
스위스,공용,2007-04-01,1.0
스위스,공용,2007-05-01,0.0
스위스,공용,2007-06-01,0.0
스위스,공용,2007-07-01,0.0
스위스,공용,2007-08-01,0.0
스위스,공용,2007-09-01,0.0
스위스,공용,2007-10-01,0.0
스위스,공용,2007-11-01,0.0
스위스,공용,2007-12-01,0.0
스위스,공용,2008-01-01,0.0
스위스,공용,2008-02-01,0.0
스위스,공용,2008-03-01,0.0
스위스,공용,2008-04-01,0.0
스위스,공용,2008-05-01,0.0
스위스,공용,2008-06-01,0.0
스위스,공용,2008-07-01,0.0
스위스,공용,2008-08-01,0.0
스위스,공용,2008-09-01,0.0
스위스,공용,2008-10-01,0.0
스위스,공용,2008-11-01,1.0
스위스,공용,2008-12-01,0.0
스위스,공용,2009-01-01,0.0
스위스,공용,2009-02-01,0.0
스위스,공용,2009-03-01,0.0
스위스,공용,2009-04-01,0.0
스위스,공용,2009-05-01,0.0
스위스,공용,2009-06-01,0.0
스위스,공용,2009-07-01,0.0
스위스,공용,2009-08-01,1.0
스위스,공용,2009-09-01,0.0
스위스,공용,2009-10-01,0.0
스위스,공용,2009-11-01,3.0
스위스,공용,2009-12-01,0.0
스위스,공용,2010-01-01,0.0
스위스,공용,2010-02-01,0.0
스위스,공용,2010-03-01,0.0
스위스,공용,2010-04-01,0.0
스위스,공용,2010-05-01,4.0
스위스,공용,2010-06-01,0.0
스위스,공용,2010-07-01,0.0
스위스,공용,2010-08-01,0.0
스위스,공용,2010-09-01,0.0
스위스,공용,2010-10-01,2.0
스위스,공용,2010-11-01,2.0
스위스,공용,2010-12-01,0.0
스위스,공용,2011-01-01,0.0
스위스,공용,2011-02-01,0.0
스위스,공용,2011-03-01,0.0
스위스,공용,2011-04-01,0.0
스위스,공용,2011-05-01,1.0
스위스,공용,2011-06-01,0.0
스위스,공용,2011-07-01,0.0
스위스,공용,2011-08-01,0.0
스위스,공용,2011-09-01,0.0
스위스,공용,2011-10-01,6.0
스위스,공용,2011-11-01,1.0
스위스,공용,2011-12-01,0.0
스위스,공용,2012-01-01,0.0
스위스,공용,2012-02-01,0.0
스위스,공용,2012-03-01,0.0
스위스,공용,2012-04-01,0.0
스위스,공용,2012-05-01,1.0
스위스,공용,2012-06-01,0.0
스위스,공용,2012-07-01,0.0
스위스,공용,2012-08-01,0.0
스위스,공용,2012-09-01,1.0
스위스,공용,2012-10-01,0.0
스위스,공용,2012-11-01,2.0
스위스,공용,2012-12-01,0.0
스위스,공용,2013-01-01,0.0
스위스,공용,2013-02-01,0.0
스위스,공용,2013-03-01,3.0
스위스,공용,2013-04-01,0.0
스위스,공용,2013-05-01,0.0
스위스,공용,2013-06-01,1.0
스위스,공용,2013-07-01,0.0
스위스,공용,2013-08-01,0.0
스위스,공용,2013-09-01,2.0
스위스,공용,2013-10-01,2.0
스위스,공용,2013-11-01,2.0
스위스,공용,2013-12-01,0.0
스위스,공용,2014-01-01,1.0
스위스,공용,2014-02-01,3.0
스위스,공용,2014-03-01,2.0
스위스,공용,2014-04-01,5.0
스위스,공용,2014-05-01,1.0
스위스,공용,2014-06-01,2.0
스위스,공용,2014-07-01,0.0
스위스,공용,2014-08-01,2.0
스위스,공용,2014-09-01,2.0
스위스,공용,2014-10-01,7.0
스위스,공용,2014-11-01,1.0
스위스,공용,2014-12-01,0.0
스위스,공용,2015-01-01,1.0
스위스,공용,2015-02-01,2.0
스위스,공용,2015-03-01,1.0
스위스,공용,2015-04-01,2.0
스위스,공용,2015-05-01,4.0
스위스,공용,2015-06-01,0.0
스위스,공용,2015-07-01,0.0
스위스,공용,2015-08-01,0.0
스위스,공용,2015-09-01,2.0
스위스,공용,2015-10-01,0.0
스위스,공용,2015-11-01,2.0
스위스,공용,2015-12-01,2.0
스위스,공용,2016-01-01,0.0
스위스,공용,2016-02-01,2.0
스위스,공용,2016-03-01,0.0
스위스,공용,2016-04-01,0.0
스위스,공용,2016-05-01,1.0
스위스,공용,2016-06-01,3.0
스위스,공용,2016-07-01,2.0
스위스,공용,2016-08-01,0.0
스위스,공용,2016-09-01,3.0
스위스,공용,2016-10-01,0.0
스위스,공용,2016-11-01,3.0
스위스,공용,2016-12-01,2.0
스위스,공용,2017-01-01,2.0
스위스,공용,2017-02-01,0.0
스위스,공용,2017-03-01,4.0
스위스,공용,2017-04-01,2.0
스위스,공용,2017-05-01,1.0
스위스,공용,2017-06-01,2.0
스위스,공용,2017-07-01,2.0
스위스,공용,2017-08-01,1.0
스위스,공용,2017-09-01,2.0
스위스,공용,2017-10-01,0.0
스위스,공용,2017-11-01,2.0
스위스,공용,2017-12-01,1.0
스위스,공용,2018-01-01,1.0
스위스,공용,2018-02-01,1.0
스위스,공용,2018-03-01,2.0
스위스,공용,2018-04-01,4.0
스위스,공용,2018-05-01,4.0
스위스,공용,2018-06-01,1.0
스위스,공용,2018-07-01,3.0
스위스,공용,2018-08-01,0.0
스위스,공용,2018-09-01,4.0
스위스,공용,2018-10-01,1.0
스위스,공용,2018-11-01,1.0
스위스,공용,2018-12-01,3.0
스위스,공용,2019-01-01,0.0
스위스,공용,2019-02-01,0.0
스위스,공용,2019-03-01,1.0
스위스,공용,2019-04-01,9.0
스위스,공용,2019-05-01,1.0
스위스,공용,2019-06-01,3.0
스위스,공용,2019-07-01,4.0
스위스,공용,2019-08-01,0.0
스위스,공용,2019-09-01,7.0
스위스,공용,2019-10-01,3.0
스위스,공용,2019-11-01,1.0
스위스,공용,2019-12-01,4.0
스위스,공용,2020-01-01,4.0
스위스,공용,2020-02-01,2.0
스위스,공용,2020-03-01,0.0
스위스,공용,2020-04-01,0.0
스위스,공용,2020-05-01,0.0
스위스,공용,2020-06-01,0.0
스위스,공용,2020-07-01,0.0
스위스,공용,2020-08-01,0.0
스위스,공용,2020-09-01,1.0
스위스,공용,2020-10-01,2.0
스위스,공용,2020-11-01,0.0
스위스,공용,2020-12-01,0.0
스위스,공용,2021-01-01,1.0
스위스,공용,2021-02-01,0.0
스위스,공용,2021-03-01,0.0
스위스,공용,2021-04-01,1.0
스위스,공용,2021-05-01,0.0
스위스,공용,2021-06-01,1.0
스위스,공용,2021-07-01,0.0
스위스,공용,2021-08-01,0.0
스위스,공용,2021-09-01,0.0
스위스,공용,2021-10-01,3.0
스위스,공용,2021-11-01,2.0
스위스,공용,2021-12-01,1.0
스위스,공용,2022-01-01,1.0
스위스,공용,2022-02-01,1.0
스위스,공용,2022-03-01,1.0
스위스,공용,2022-04-01,0.0
스위스,공용,2022-05-01,2.0
스위스,공용,2022-06-01,0.0
스위스,공용,2022-07-01,5.0
스위스,공용,2022-08-01,2.0
스위스,공용,2022-09-01,0.0
스위스,공용,2022-10-01,1.0
스위스,공용,2022-11-01,5.0
스위스,공용,2022-12-01,0.0
스위스,공용,2023-01-01,4.0
스위스,공용,2023-02-01,2.0
스위스,공용,2023-03-01,1.0
스위스,공용,2023-04-01,2.0
스위스,공용,2023-05-01,3.0
스위스,공용,2023-06-01,0.0
스위스,공용,2023-07-01,3.0
스위스,공용,2023-08-01,1.0
스위스,공용,2023-09-01,4.0
스위스,공용,2023-10-01,1.0
스위스,공용,2023-11-01,2.0
스위스,공용,2023-12-01,1.0
스위스,공용,2024-01-01,7.0
스위스,공용,2024-02-01,2.0
스위스,공용,2024-03-01,1.0
스위스,공용,2024-04-01,1.0
스위스,공용,2024-05-01,1.0
스위스,공용,2024-06-01,2.0
스위스,공용,2024-07-01,2.0
스위스,공용,2024-08-01,2.0
스위스,공용,2024-09-01,0.0
스위스,공용,2024-10-01,2.0
스위스,공용,2024-11-01,4.0
스위스,공용,2024-12-01,1.0
스위스,공용,2025-01-01,4.0
스위스,공용,2025-02-01,3.0
스위스,공용,2025-03-01,2.0
스위스,공용,2025-04-01,1.0
스위스,공용,2025-05-01,1.0
스위스,관광,2005-01-01,452.0
스위스,관광,2005-02-01,422.0
스위스,관광,2005-03-01,567.0
스위스,관광,2005-04-01,705.0
스위스,관광,2005-05-01,619.0
스위스,관광,2005-06-01,553.0
스위스,관광,2005-07-01,608.0
스위스,관광,2005-08-01,479.0
스위스,관광,2005-09-01,629.0
스위스,관광,2005-10-01,805.0
스위스,관광,2005-11-01,665.0
스위스,관광,2005-12-01,397.0
스위스,관광,2006-01-01,474.0
스위스,관광,2006-02-01,495.0
스위스,관광,2006-03-01,773.0
스위스,관광,2006-04-01,787.0
스위스,관광,2006-05-01,711.0
스위스,관광,2006-06-01,469.0
스위스,관광,2006-07-01,595.0
스위스,관광,2006-08-01,614.0
스위스,관광,2006-09-01,770.0
스위스,관광,2006-10-01,773.0
스위스,관광,2006-11-01,650.0
스위스,관광,2006-12-01,439.0
스위스,관광,2007-01-01,570.0
스위스,관광,2007-02-01,426.0
스위스,관광,2007-03-01,714.0
스위스,관광,2007-04-01,689.0
스위스,관광,2007-05-01,678.0
스위스,관광,2007-06-01,612.0
스위스,관광,2007-07-01,641.0
스위스,관광,2007-08-01,576.0
스위스,관광,2007-09-01,746.0
스위스,관광,2007-10-01,852.0
스위스,관광,2007-11-01,702.0
스위스,관광,2007-12-01,526.0
스위스,관광,2008-01-01,719.0
스위스,관광,2008-02-01,664.0
스위스,관광,2008-03-01,746.0
스위스,관광,2008-04-01,810.0
스위스,관광,2008-05-01,668.0
스위스,관광,2008-06-01,675.0
스위스,관광,2008-07-01,831.0
스위스,관광,2008-08-01,613.0
스위스,관광,2008-09-01,754.0
스위스,관광,2008-10-01,768.0
스위스,관광,2008-11-01,667.0
스위스,관광,2008-12-01,470.0
스위스,관광,2009-01-01,515.0
스위스,관광,2009-02-01,563.0
스위스,관광,2009-03-01,696.0
스위스,관광,2009-04-01,695.0
스위스,관광,2009-05-01,658.0
스위스,관광,2009-06-01,708.0
스위스,관광,2009-07-01,786.0
스위스,관광,2009-08-01,597.0
스위스,관광,2009-09-01,776.0
스위스,관광,2009-10-01,897.0
스위스,관광,2009-11-01,725.0
스위스,관광,2009-12-01,513.0
스위스,관광,2010-01-01,512.0
스위스,관광,2010-02-01,454.0
스위스,관광,2010-03-01,769.0
스위스,관광,2010-04-01,876.0
스위스,관광,2010-05-01,750.0
스위스,관광,2010-06-01,741.0
스위스,관광,2010-07-01,810.0
스위스,관광,2010-08-01,701.0
스위스,관광,2010-09-01,777.0
스위스,관광,2010-10-01,1156.0
스위스,관광,2010-11-01,847.0
스위스,관광,2010-12-01,446.0
스위스,관광,2011-01-01,507.0
스위스,관광,2011-02-01,526.0
스위스,관광,2011-03-01,661.0
스위스,관광,2011-04-01,795.0
스위스,관광,2011-05-01,835.0
스위스,관광,2011-06-01,652.0
스위스,관광,2011-07-01,786.0
스위스,관광,2011-08-01,782.0
스위스,관광,2011-09-01,823.0
스위스,관광,2011-10-01,1276.0
스위스,관광,2011-11-01,848.0
스위스,관광,2011-12-01,550.0
스위스,관광,2012-01-01,471.0
스위스,관광,2012-02-01,836.0
스위스,관광,2012-03-01,840.0
스위스,관광,2012-04-01,1074.0
스위스,관광,2012-05-01,1025.0
스위스,관광,2012-06-01,837.0
스위스,관광,2012-07-01,1092.0
스위스,관광,2012-08-01,775.0
스위스,관광,2012-09-01,990.0
스위스,관광,2012-10-01,1229.0
스위스,관광,2012-11-01,911.0
스위스,관광,2012-12-01,660.0
스위스,관광,2013-01-01,728.0
스위스,관광,2013-02-01,552.0
스위스,관광,2013-03-01,854.0
스위스,관광,2013-04-01,1034.0
스위스,관광,2013-05-01,1014.0
스위스,관광,2013-06-01,848.0
스위스,관광,2013-07-01,995.0
스위스,관광,2013-08-01,874.0
스위스,관광,2013-09-01,1056.0
스위스,관광,2013-10-01,1585.0
스위스,관광,2013-11-01,933.0
스위스,관광,2013-12-01,550.0
스위스,관광,2014-01-01,531.0
스위스,관광,2014-02-01,584.0
스위스,관광,2014-03-01,816.0
스위스,관광,2014-04-01,1180.0
스위스,관광,2014-05-01,943.0
스위스,관광,2014-06-01,828.0
스위스,관광,2014-07-01,1048.0
스위스,관광,2014-08-01,917.0
스위스,관광,2014-09-01,1136.0
스위스,관광,2014-10-01,1399.0
스위스,관광,2014-11-01,918.0
스위스,관광,2014-12-01,622.0
스위스,관광,2015-01-01,602.0
스위스,관광,2015-02-01,589.0
스위스,관광,2015-03-01,906.0
스위스,관광,2015-04-01,1310.0
스위스,관광,2015-05-01,983.0
스위스,관광,2015-06-01,840.0
스위스,관광,2015-07-01,1170.0
스위스,관광,2015-08-01,992.0
스위스,관광,2015-09-01,1127.0
스위스,관광,2015-10-01,1579.0
스위스,관광,2015-11-01,1009.0
스위스,관광,2015-12-01,650.0
스위스,관광,2016-01-01,609.0
스위스,관광,2016-02-01,682.0
스위스,관광,2016-03-01,1094.0
스위스,관광,2016-04-01,1392.0
스위스,관광,2016-05-01,1120.0
스위스,관광,2016-06-01,1001.0
스위스,관광,2016-07-01,1430.0
스위스,관광,2016-08-01,1097.0
스위스,관광,2016-09-01,1102.0
스위스,관광,2016-10-01,1592.0
스위스,관광,2016-11-01,1000.0
스위스,관광,2016-12-01,699.0
스위스,관광,2017-01-01,693.0
스위스,관광,2017-02-01,786.0
스위스,관광,2017-03-01,1051.0
스위스,관광,2017-04-01,1695.0
스위스,관광,2017-05-01,1163.0
스위스,관광,2017-06-01,959.0
스위스,관광,2017-07-01,1312.0
스위스,관광,2017-08-01,1099.0
스위스,관광,2017-09-01,1266.0
스위스,관광,2017-10-01,1573.0
스위스,관광,2017-11-01,1087.0
스위스,관광,2017-12-01,789.0
스위스,관광,2018-01-01,849.0
스위스,관광,2018-02-01,2076.0
스위스,관광,2018-03-01,1333.0
스위스,관광,2018-04-01,1617.0
스위스,관광,2018-05-01,1307.0
스위스,관광,2018-06-01,1037.0
스위스,관광,2018-07-01,1529.0
스위스,관광,2018-08-01,1216.0
스위스,관광,2018-09-01,1526.0
스위스,관광,2018-10-01,1856.0
스위스,관광,2018-11-01,1018.0
스위스,관광,2018-12-01,713.0
스위스,관광,2019-01-01,613.0
스위스,관광,2019-02-01,710.0
스위스,관광,2019-03-01,1054.0
스위스,관광,2019-04-01,2068.0
스위스,관광,2019-05-01,1434.0
스위스,관광,2019-06-01,1132.0
스위스,관광,2019-07-01,1921.0
스위스,관광,2019-08-01,1478.0
스위스,관광,2019-09-01,1795.0
스위스,관광,2019-10-01,1973.0
스위스,관광,2019-11-01,1037.0
스위스,관광,2019-12-01,896.0
스위스,관광,2020-01-01,614.0
스위스,관광,2020-02-01,432.0
스위스,관광,2020-03-01,60.0
스위스,관광,2020-04-01,18.0
스위스,관광,2020-05-01,0.0
스위스,관광,2020-06-01,1.0
스위스,관광,2020-07-01,8.0
스위스,관광,2020-08-01,6.0
스위스,관광,2020-09-01,8.0
스위스,관광,2020-10-01,5.0
스위스,관광,2020-11-01,10.0
스위스,관광,2020-12-01,8.0
스위스,관광,2021-01-01,3.0
스위스,관광,2021-02-01,7.0
스위스,관광,2021-03-01,6.0
스위스,관광,2021-04-01,10.0
스위스,관광,2021-05-01,6.0
스위스,관광,2021-06-01,10.0
스위스,관광,2021-07-01,36.0
스위스,관광,2021-08-01,22.0
스위스,관광,2021-09-01,79.0
스위스,관광,2021-10-01,116.0
스위스,관광,2021-11-01,107.0
스위스,관광,2021-12-01,74.0
스위스,관광,2022-01-01,28.0
스위스,관광,2022-02-01,46.0
스위스,관광,2022-03-01,72.0
스위스,관광,2022-04-01,420.0
스위스,관광,2022-05-01,432.0
스위스,관광,2022-06-01,493.0
스위스,관광,2022-07-01,896.0
스위스,관광,2022-08-01,811.0
스위스,관광,2022-09-01,1076.0
스위스,관광,2022-10-01,1376.0
스위스,관광,2022-11-01,758.0
스위스,관광,2022-12-01,622.0
스위스,관광,2023-01-01,412.0
스위스,관광,2023-02-01,542.0
스위스,관광,2023-03-01,1496.0
스위스,관광,2023-04-01,2601.0
스위스,관광,2023-05-01,1572.0
스위스,관광,2023-06-01,1221.0
스위스,관광,2023-07-01,3386.0
스위스,관광,2023-08-01,1517.0
스위스,관광,2023-09-01,1983.0
스위스,관광,2023-10-01,2156.0
스위스,관광,2023-11-01,1080.0
스위스,관광,2023-12-01,781.0
스위스,관광,2024-01-01,847.0
스위스,관광,2024-02-01,808.0
스위스,관광,2024-03-01,2496.0
스위스,관광,2024-04-01,2918.0
스위스,관광,2024-05-01,2252.0
스위스,관광,2024-06-01,1563.0
스위스,관광,2024-07-01,2475.0
스위스,관광,2024-08-01,1989.0
스위스,관광,2024-09-01,2552.0
스위스,관광,2024-10-01,3131.0
스위스,관광,2024-11-01,1460.0
스위스,관광,2024-12-01,1014.0
스위스,관광,2025-01-01,641.0
스위스,관광,2025-02-01,796.0
스위스,관광,2025-03-01,2082.0
스위스,관광,2025-04-01,3995.0
스위스,관광,2025-05-01,2516.0
스위스,상용,2005-01-01,29.0
스위스,상용,2005-02-01,21.0
스위스,상용,2005-03-01,20.0
스위스,상용,2005-04-01,23.0
스위스,상용,2005-05-01,15.0
스위스,상용,2005-06-01,21.0
스위스,상용,2005-07-01,16.0
스위스,상용,2005-08-01,25.0
스위스,상용,2005-09-01,29.0
스위스,상용,2005-10-01,23.0
스위스,상용,2005-11-01,22.0
스위스,상용,2005-12-01,19.0
스위스,상용,2006-01-01,25.0
스위스,상용,2006-02-01,18.0
스위스,상용,2006-03-01,20.0
스위스,상용,2006-04-01,24.0
스위스,상용,2006-05-01,26.0
스위스,상용,2006-06-01,20.0
스위스,상용,2006-07-01,16.0
스위스,상용,2006-08-01,23.0
스위스,상용,2006-09-01,22.0
스위스,상용,2006-10-01,25.0
스위스,상용,2006-11-01,29.0
스위스,상용,2006-12-01,17.0
스위스,상용,2007-01-01,30.0
스위스,상용,2007-02-01,27.0
스위스,상용,2007-03-01,23.0
스위스,상용,2007-04-01,27.0
스위스,상용,2007-05-01,26.0
스위스,상용,2007-06-01,30.0
스위스,상용,2007-07-01,20.0
스위스,상용,2007-08-01,28.0
스위스,상용,2007-09-01,26.0
스위스,상용,2007-10-01,28.0
스위스,상용,2007-11-01,22.0
스위스,상용,2007-12-01,19.0
스위스,상용,2008-01-01,32.0
스위스,상용,2008-02-01,23.0
스위스,상용,2008-03-01,18.0
스위스,상용,2008-04-01,17.0
스위스,상용,2008-05-01,21.0
스위스,상용,2008-06-01,16.0
스위스,상용,2008-07-01,19.0
스위스,상용,2008-08-01,18.0
스위스,상용,2008-09-01,17.0
스위스,상용,2008-10-01,16.0
스위스,상용,2008-11-01,15.0
스위스,상용,2008-12-01,12.0
스위스,상용,2009-01-01,14.0
스위스,상용,2009-02-01,19.0
스위스,상용,2009-03-01,18.0
스위스,상용,2009-04-01,6.0
스위스,상용,2009-05-01,20.0
스위스,상용,2009-06-01,14.0
스위스,상용,2009-07-01,16.0
스위스,상용,2009-08-01,17.0
스위스,상용,2009-09-01,19.0
스위스,상용,2009-10-01,14.0
스위스,상용,2009-11-01,17.0
스위스,상용,2009-12-01,21.0
스위스,상용,2010-01-01,30.0
스위스,상용,2010-02-01,14.0
스위스,상용,2010-03-01,22.0
스위스,상용,2010-04-01,16.0
스위스,상용,2010-05-01,19.0
스위스,상용,2010-06-01,17.0
스위스,상용,2010-07-01,14.0
스위스,상용,2010-08-01,15.0
스위스,상용,2010-09-01,21.0
스위스,상용,2010-10-01,18.0
스위스,상용,2010-11-01,11.0
스위스,상용,2010-12-01,13.0
스위스,상용,2011-01-01,20.0
스위스,상용,2011-02-01,17.0
스위스,상용,2011-03-01,17.0
스위스,상용,2011-04-01,11.0
스위스,상용,2011-05-01,21.0
스위스,상용,2011-06-01,15.0
스위스,상용,2011-07-01,17.0
스위스,상용,2011-08-01,18.0
스위스,상용,2011-09-01,24.0
스위스,상용,2011-10-01,14.0
스위스,상용,2011-11-01,13.0
스위스,상용,2011-12-01,12.0
스위스,상용,2012-01-01,16.0
스위스,상용,2012-02-01,13.0
스위스,상용,2012-03-01,11.0
스위스,상용,2012-04-01,19.0
스위스,상용,2012-05-01,13.0
스위스,상용,2012-06-01,10.0
스위스,상용,2012-07-01,14.0
스위스,상용,2012-08-01,15.0
스위스,상용,2012-09-01,5.0
스위스,상용,2012-10-01,13.0
스위스,상용,2012-11-01,13.0
스위스,상용,2012-12-01,13.0
스위스,상용,2013-01-01,14.0
스위스,상용,2013-02-01,11.0
스위스,상용,2013-03-01,16.0
스위스,상용,2013-04-01,16.0
스위스,상용,2013-05-01,20.0
스위스,상용,2013-06-01,15.0
스위스,상용,2013-07-01,12.0
스위스,상용,2013-08-01,21.0
스위스,상용,2013-09-01,16.0
스위스,상용,2013-10-01,19.0
스위스,상용,2013-11-01,15.0
스위스,상용,2013-12-01,17.0
스위스,상용,2014-01-01,13.0
스위스,상용,2014-02-01,13.0
스위스,상용,2014-03-01,13.0
스위스,상용,2014-04-01,24.0
스위스,상용,2014-05-01,26.0
스위스,상용,2014-06-01,11.0
스위스,상용,2014-07-01,21.0
스위스,상용,2014-08-01,12.0
스위스,상용,2014-09-01,26.0
스위스,상용,2014-10-01,26.0
스위스,상용,2014-11-01,22.0
스위스,상용,2014-12-01,13.0
스위스,상용,2015-01-01,23.0
스위스,상용,2015-02-01,20.0
스위스,상용,2015-03-01,21.0
스위스,상용,2015-04-01,19.0
스위스,상용,2015-05-01,20.0
스위스,상용,2015-06-01,23.0
스위스,상용,2015-07-01,24.0
스위스,상용,2015-08-01,21.0
스위스,상용,2015-09-01,25.0
스위스,상용,2015-10-01,18.0
스위스,상용,2015-11-01,23.0
스위스,상용,2015-12-01,18.0
스위스,상용,2016-01-01,25.0
스위스,상용,2016-02-01,20.0
스위스,상용,2016-03-01,27.0
스위스,상용,2016-04-01,23.0
스위스,상용,2016-05-01,24.0
스위스,상용,2016-06-01,24.0
스위스,상용,2016-07-01,19.0
스위스,상용,2016-08-01,27.0
스위스,상용,2016-09-01,26.0
스위스,상용,2016-10-01,21.0
스위스,상용,2016-11-01,25.0
스위스,상용,2016-12-01,18.0
스위스,상용,2017-01-01,27.0
스위스,상용,2017-02-01,15.0
스위스,상용,2017-03-01,23.0
스위스,상용,2017-04-01,17.0
스위스,상용,2017-05-01,28.0
스위스,상용,2017-06-01,23.0
스위스,상용,2017-07-01,21.0
스위스,상용,2017-08-01,25.0
스위스,상용,2017-09-01,27.0
스위스,상용,2017-10-01,31.0
스위스,상용,2017-11-01,24.0
스위스,상용,2017-12-01,22.0
스위스,상용,2018-01-01,34.0
스위스,상용,2018-02-01,22.0
스위스,상용,2018-03-01,34.0
스위스,상용,2018-04-01,22.0
스위스,상용,2018-05-01,34.0
스위스,상용,2018-06-01,39.0
스위스,상용,2018-07-01,25.0
스위스,상용,2018-08-01,27.0
스위스,상용,2018-09-01,20.0
스위스,상용,2018-10-01,20.0
스위스,상용,2018-11-01,18.0
스위스,상용,2018-12-01,22.0
스위스,상용,2019-01-01,18.0
스위스,상용,2019-02-01,17.0
스위스,상용,2019-03-01,13.0
스위스,상용,2019-04-01,15.0
스위스,상용,2019-05-01,22.0
스위스,상용,2019-06-01,19.0
스위스,상용,2019-07-01,13.0
스위스,상용,2019-08-01,22.0
스위스,상용,2019-09-01,20.0
스위스,상용,2019-10-01,20.0
스위스,상용,2019-11-01,23.0
스위스,상용,2019-12-01,14.0
스위스,상용,2020-01-01,25.0
스위스,상용,2020-02-01,11.0
스위스,상용,2020-03-01,4.0
스위스,상용,2020-04-01,1.0
스위스,상용,2020-05-01,0.0
스위스,상용,2020-06-01,0.0
스위스,상용,2020-07-01,2.0
스위스,상용,2020-08-01,6.0
스위스,상용,2020-09-01,5.0
스위스,상용,2020-10-01,6.0
스위스,상용,2020-11-01,6.0
스위스,상용,2020-12-01,1.0
스위스,상용,2021-01-01,4.0
스위스,상용,2021-02-01,3.0
스위스,상용,2021-03-01,7.0
스위스,상용,2021-04-01,4.0
스위스,상용,2021-05-01,12.0
스위스,상용,2021-06-01,2.0
스위스,상용,2021-07-01,9.0
스위스,상용,2021-08-01,24.0
스위스,상용,2021-09-01,9.0
스위스,상용,2021-10-01,5.0
스위스,상용,2021-11-01,4.0
스위스,상용,2021-12-01,1.0
스위스,상용,2022-01-01,5.0
스위스,상용,2022-02-01,1.0
스위스,상용,2022-03-01,1.0
스위스,상용,2022-04-01,6.0
스위스,상용,2022-05-01,3.0
스위스,상용,2022-06-01,5.0
스위스,상용,2022-07-01,6.0
스위스,상용,2022-08-01,4.0
스위스,상용,2022-09-01,5.0
스위스,상용,2022-10-01,6.0
스위스,상용,2022-11-01,2.0
스위스,상용,2022-12-01,6.0
스위스,상용,2023-01-01,7.0
스위스,상용,2023-02-01,2.0
스위스,상용,2023-03-01,8.0
스위스,상용,2023-04-01,7.0
스위스,상용,2023-05-01,8.0
스위스,상용,2023-06-01,1.0
스위스,상용,2023-07-01,7.0
스위스,상용,2023-08-01,3.0
스위스,상용,2023-09-01,6.0
스위스,상용,2023-10-01,4.0
스위스,상용,2023-11-01,0.0
스위스,상용,2023-12-01,4.0
스위스,상용,2024-01-01,4.0
스위스,상용,2024-02-01,3.0
스위스,상용,2024-03-01,6.0
스위스,상용,2024-04-01,4.0
스위스,상용,2024-05-01,2.0
스위스,상용,2024-06-01,1.0
스위스,상용,2024-07-01,2.0
스위스,상용,2024-08-01,6.0
스위스,상용,2024-09-01,5.0
스위스,상용,2024-10-01,3.0
스위스,상용,2024-11-01,5.0
스위스,상용,2024-12-01,3.0
스위스,상용,2025-01-01,12.0
스위스,상용,2025-02-01,6.0
스위스,상용,2025-03-01,4.0
스위스,상용,2025-04-01,4.0
스위스,상용,2025-05-01,10.0
스위스,유학연수,2005-01-01,5.0
스위스,유학연수,2005-02-01,17.0
스위스,유학연수,2005-03-01,3.0
스위스,유학연수,2005-04-01,8.0
스위스,유학연수,2005-05-01,1.0
스위스,유학연수,2005-06-01,0.0
스위스,유학연수,2005-07-01,3.0
스위스,유학연수,2005-08-01,3.0
스위스,유학연수,2005-09-01,1.0
스위스,유학연수,2005-10-01,0.0
스위스,유학연수,2005-11-01,3.0
스위스,유학연수,2005-12-01,3.0
스위스,유학연수,2006-01-01,3.0
스위스,유학연수,2006-02-01,6.0
스위스,유학연수,2006-03-01,2.0
스위스,유학연수,2006-04-01,0.0
스위스,유학연수,2006-05-01,4.0
스위스,유학연수,2006-06-01,0.0
스위스,유학연수,2006-07-01,2.0
스위스,유학연수,2006-08-01,9.0
스위스,유학연수,2006-09-01,5.0
스위스,유학연수,2006-10-01,7.0
스위스,유학연수,2006-11-01,2.0
스위스,유학연수,2006-12-01,3.0
스위스,유학연수,2007-01-01,1.0
스위스,유학연수,2007-02-01,3.0
스위스,유학연수,2007-03-01,1.0
스위스,유학연수,2007-04-01,1.0
스위스,유학연수,2007-05-01,1.0
스위스,유학연수,2007-06-01,3.0
스위스,유학연수,2007-07-01,1.0
스위스,유학연수,2007-08-01,9.0
스위스,유학연수,2007-09-01,3.0
스위스,유학연수,2007-10-01,1.0
스위스,유학연수,2007-11-01,1.0
스위스,유학연수,2007-12-01,2.0
스위스,유학연수,2008-01-01,4.0
스위스,유학연수,2008-02-01,6.0
스위스,유학연수,2008-03-01,1.0
스위스,유학연수,2008-04-01,0.0
스위스,유학연수,2008-05-01,1.0
스위스,유학연수,2008-06-01,3.0
스위스,유학연수,2008-07-01,2.0
스위스,유학연수,2008-08-01,9.0
스위스,유학연수,2008-09-01,1.0
스위스,유학연수,2008-10-01,2.0
스위스,유학연수,2008-11-01,7.0
스위스,유학연수,2008-12-01,2.0
스위스,유학연수,2009-01-01,3.0
스위스,유학연수,2009-02-01,7.0
스위스,유학연수,2009-03-01,2.0
스위스,유학연수,2009-04-01,0.0
스위스,유학연수,2009-05-01,3.0
스위스,유학연수,2009-06-01,3.0
스위스,유학연수,2009-07-01,5.0
스위스,유학연수,2009-08-01,17.0
스위스,유학연수,2009-09-01,6.0
스위스,유학연수,2009-10-01,1.0
스위스,유학연수,2009-11-01,9.0
스위스,유학연수,2009-12-01,6.0
스위스,유학연수,2010-01-01,7.0
스위스,유학연수,2010-02-01,18.0
스위스,유학연수,2010-03-01,0.0
스위스,유학연수,2010-04-01,0.0
스위스,유학연수,2010-05-01,7.0
스위스,유학연수,2010-06-01,3.0
스위스,유학연수,2010-07-01,4.0
스위스,유학연수,2010-08-01,24.0
스위스,유학연수,2010-09-01,6.0
스위스,유학연수,2010-10-01,1.0
스위스,유학연수,2010-11-01,4.0
스위스,유학연수,2010-12-01,6.0
스위스,유학연수,2011-01-01,12.0
스위스,유학연수,2011-02-01,28.0
스위스,유학연수,2011-03-01,4.0
스위스,유학연수,2011-04-01,4.0
스위스,유학연수,2011-05-01,9.0
스위스,유학연수,2011-06-01,4.0
스위스,유학연수,2011-07-01,10.0
스위스,유학연수,2011-08-01,23.0
스위스,유학연수,2011-09-01,4.0
스위스,유학연수,2011-10-01,2.0
스위스,유학연수,2011-11-01,5.0
스위스,유학연수,2011-12-01,2.0
스위스,유학연수,2012-01-01,5.0
스위스,유학연수,2012-02-01,20.0
스위스,유학연수,2012-03-01,3.0
스위스,유학연수,2012-04-01,2.0
스위스,유학연수,2012-05-01,8.0
스위스,유학연수,2012-06-01,7.0
스위스,유학연수,2012-07-01,8.0
스위스,유학연수,2012-08-01,44.0
스위스,유학연수,2012-09-01,7.0
스위스,유학연수,2012-10-01,18.0
스위스,유학연수,2012-11-01,12.0
스위스,유학연수,2012-12-01,14.0
스위스,유학연수,2013-01-01,10.0
스위스,유학연수,2013-02-01,30.0
스위스,유학연수,2013-03-01,9.0
스위스,유학연수,2013-04-01,15.0
스위스,유학연수,2013-05-01,11.0
스위스,유학연수,2013-06-01,4.0
스위스,유학연수,2013-07-01,5.0
스위스,유학연수,2013-08-01,33.0
스위스,유학연수,2013-09-01,8.0
스위스,유학연수,2013-10-01,8.0
스위스,유학연수,2013-11-01,10.0
스위스,유학연수,2013-12-01,10.0
스위스,유학연수,2014-01-01,12.0
스위스,유학연수,2014-02-01,43.0
스위스,유학연수,2014-03-01,14.0
스위스,유학연수,2014-04-01,11.0
스위스,유학연수,2014-05-01,16.0
스위스,유학연수,2014-06-01,13.0
스위스,유학연수,2014-07-01,10.0
스위스,유학연수,2014-08-01,67.0
스위스,유학연수,2014-09-01,9.0
스위스,유학연수,2014-10-01,11.0
스위스,유학연수,2014-11-01,32.0
스위스,유학연수,2014-12-01,6.0
스위스,유학연수,2015-01-01,15.0
스위스,유학연수,2015-02-01,45.0
스위스,유학연수,2015-03-01,9.0
스위스,유학연수,2015-04-01,7.0
스위스,유학연수,2015-05-01,9.0
스위스,유학연수,2015-06-01,6.0
스위스,유학연수,2015-07-01,17.0
스위스,유학연수,2015-08-01,64.0
스위스,유학연수,2015-09-01,18.0
스위스,유학연수,2015-10-01,9.0
스위스,유학연수,2015-11-01,32.0
스위스,유학연수,2015-12-01,16.0
스위스,유학연수,2016-01-01,21.0
스위스,유학연수,2016-02-01,69.0
스위스,유학연수,2016-03-01,14.0
스위스,유학연수,2016-04-01,17.0
스위스,유학연수,2016-05-01,37.0
스위스,유학연수,2016-06-01,12.0
스위스,유학연수,2016-07-01,9.0
스위스,유학연수,2016-08-01,78.0
스위스,유학연수,2016-09-01,7.0
스위스,유학연수,2016-10-01,13.0
스위스,유학연수,2016-11-01,43.0
스위스,유학연수,2016-12-01,23.0
스위스,유학연수,2017-01-01,24.0
스위스,유학연수,2017-02-01,65.0
스위스,유학연수,2017-03-01,9.0
스위스,유학연수,2017-04-01,11.0
스위스,유학연수,2017-05-01,29.0
스위스,유학연수,2017-06-01,8.0
스위스,유학연수,2017-07-01,22.0
스위스,유학연수,2017-08-01,74.0
스위스,유학연수,2017-09-01,7.0
스위스,유학연수,2017-10-01,18.0
스위스,유학연수,2017-11-01,41.0
스위스,유학연수,2017-12-01,18.0
스위스,유학연수,2018-01-01,18.0
스위스,유학연수,2018-02-01,69.0
스위스,유학연수,2018-03-01,10.0
스위스,유학연수,2018-04-01,14.0
스위스,유학연수,2018-05-01,20.0
스위스,유학연수,2018-06-01,20.0
스위스,유학연수,2018-07-01,20.0
스위스,유학연수,2018-08-01,70.0
스위스,유학연수,2018-09-01,4.0
스위스,유학연수,2018-10-01,9.0
스위스,유학연수,2018-11-01,23.0
스위스,유학연수,2018-12-01,17.0
스위스,유학연수,2019-01-01,19.0
스위스,유학연수,2019-02-01,67.0
스위스,유학연수,2019-03-01,21.0
스위스,유학연수,2019-04-01,11.0
스위스,유학연수,2019-05-01,30.0
스위스,유학연수,2019-06-01,14.0
스위스,유학연수,2019-07-01,15.0
스위스,유학연수,2019-08-01,80.0
스위스,유학연수,2019-09-01,11.0
스위스,유학연수,2019-10-01,10.0
스위스,유학연수,2019-11-01,40.0
스위스,유학연수,2019-12-01,18.0
스위스,유학연수,2020-01-01,20.0
스위스,유학연수,2020-02-01,62.0
스위스,유학연수,2020-03-01,14.0
스위스,유학연수,2020-04-01,2.0
스위스,유학연수,2020-05-01,5.0
스위스,유학연수,2020-06-01,5.0
스위스,유학연수,2020-07-01,3.0
스위스,유학연수,2020-08-01,71.0
스위스,유학연수,2020-09-01,4.0
스위스,유학연수,2020-10-01,2.0
스위스,유학연수,2020-11-01,5.0
스위스,유학연수,2020-12-01,1.0
스위스,유학연수,2021-01-01,8.0
스위스,유학연수,2021-02-01,81.0
스위스,유학연수,2021-03-01,1.0
스위스,유학연수,2021-04-01,2.0
스위스,유학연수,2021-05-01,8.0
스위스,유학연수,2021-06-01,4.0
스위스,유학연수,2021-07-01,7.0
스위스,유학연수,2021-08-01,110.0
스위스,유학연수,2021-09-01,16.0
스위스,유학연수,2021-10-01,5.0
스위스,유학연수,2021-11-01,8.0
스위스,유학연수,2021-12-01,1.0
스위스,유학연수,2022-01-01,10.0
스위스,유학연수,2022-02-01,92.0
스위스,유학연수,2022-03-01,12.0
스위스,유학연수,2022-04-01,0.0
스위스,유학연수,2022-05-01,4.0
스위스,유학연수,2022-06-01,9.0
스위스,유학연수,2022-07-01,16.0
스위스,유학연수,2022-08-01,139.0
스위스,유학연수,2022-09-01,10.0
스위스,유학연수,2022-10-01,3.0
스위스,유학연수,2022-11-01,23.0
스위스,유학연수,2022-12-01,28.0
스위스,유학연수,2023-01-01,42.0
스위스,유학연수,2023-02-01,110.0
스위스,유학연수,2023-03-01,21.0
스위스,유학연수,2023-04-01,14.0
스위스,유학연수,2023-05-01,34.0
스위스,유학연수,2023-06-01,23.0
스위스,유학연수,2023-07-01,19.0
스위스,유학연수,2023-08-01,126.0
스위스,유학연수,2023-09-01,18.0
스위스,유학연수,2023-10-01,13.0
스위스,유학연수,2023-11-01,28.0
스위스,유학연수,2023-12-01,31.0
스위스,유학연수,2024-01-01,34.0
스위스,유학연수,2024-02-01,121.0
스위스,유학연수,2024-03-01,24.0
스위스,유학연수,2024-04-01,15.0
스위스,유학연수,2024-05-01,54.0
스위스,유학연수,2024-06-01,40.0
스위스,유학연수,2024-07-01,32.0
스위스,유학연수,2024-08-01,144.0
스위스,유학연수,2024-09-01,15.0
스위스,유학연수,2024-10-01,16.0
스위스,유학연수,2024-11-01,67.0
스위스,유학연수,2024-12-01,51.0
스위스,유학연수,2025-01-01,40.0
스위스,유학연수,2025-02-01,108.0
스위스,유학연수,2025-03-01,26.0
스위스,유학연수,2025-04-01,19.0
스위스,유학연수,2025-05-01,88.0
스페인,공용,2005-01-01,13.0
스페인,공용,2005-02-01,7.0
스페인,공용,2005-03-01,7.0
스페인,공용,2005-04-01,7.0
스페인,공용,2005-05-01,5.0
스페인,공용,2005-06-01,5.0
스페인,공용,2005-07-01,11.0
스페인,공용,2005-08-01,10.0
스페인,공용,2005-09-01,9.0
스페인,공용,2005-10-01,7.0
스페인,공용,2005-11-01,4.0
스페인,공용,2005-12-01,4.0
스페인,공용,2006-01-01,8.0
스페인,공용,2006-02-01,6.0
스페인,공용,2006-03-01,2.0
스페인,공용,2006-04-01,5.0
스페인,공용,2006-05-01,5.0
스페인,공용,2006-06-01,9.0
스페인,공용,2006-07-01,4.0
스페인,공용,2006-08-01,13.0
스페인,공용,2006-09-01,0.0
스페인,공용,2006-10-01,3.0
스페인,공용,2006-11-01,7.0
스페인,공용,2006-12-01,4.0
스페인,공용,2007-01-01,17.0
스페인,공용,2007-02-01,1.0
스페인,공용,2007-03-01,8.0
스페인,공용,2007-04-01,10.0
스페인,공용,2007-05-01,5.0
스페인,공용,2007-06-01,8.0
스페인,공용,2007-07-01,6.0
스페인,공용,2007-08-01,24.0
스페인,공용,2007-09-01,11.0
스페인,공용,2007-10-01,8.0
스페인,공용,2007-11-01,6.0
스페인,공용,2007-12-01,10.0
스페인,공용,2008-01-01,18.0
스페인,공용,2008-02-01,10.0
스페인,공용,2008-03-01,2.0
스페인,공용,2008-04-01,9.0
스페인,공용,2008-05-01,15.0
스페인,공용,2008-06-01,9.0
스페인,공용,2008-07-01,7.0
스페인,공용,2008-08-01,17.0
스페인,공용,2008-09-01,14.0
스페인,공용,2008-10-01,2.0
스페인,공용,2008-11-01,14.0
스페인,공용,2008-12-01,12.0
스페인,공용,2009-01-01,8.0
스페인,공용,2009-02-01,2.0
스페인,공용,2009-03-01,5.0
스페인,공용,2009-04-01,14.0
스페인,공용,2009-05-01,9.0
스페인,공용,2009-06-01,3.0
스페인,공용,2009-07-01,4.0
스페인,공용,2009-08-01,13.0
스페인,공용,2009-09-01,6.0
스페인,공용,2009-10-01,17.0
스페인,공용,2009-11-01,8.0
스페인,공용,2009-12-01,4.0
스페인,공용,2010-01-01,11.0
스페인,공용,2010-02-01,5.0
스페인,공용,2010-03-01,6.0
스페인,공용,2010-04-01,3.0
스페인,공용,2010-05-01,3.0
스페인,공용,2010-06-01,8.0
스페인,공용,2010-07-01,1.0
스페인,공용,2010-08-01,14.0
스페인,공용,2010-09-01,11.0
스페인,공용,2010-10-01,9.0
스페인,공용,2010-11-01,7.0
스페인,공용,2010-12-01,7.0
스페인,공용,2011-01-01,11.0
스페인,공용,2011-02-01,4.0
스페인,공용,2011-03-01,4.0
스페인,공용,2011-04-01,8.0
스페인,공용,2011-05-01,7.0
스페인,공용,2011-06-01,2.0
스페인,공용,2011-07-01,3.0
스페인,공용,2011-08-01,10.0
스페인,공용,2011-09-01,7.0
스페인,공용,2011-10-01,7.0
스페인,공용,2011-11-01,3.0
스페인,공용,2011-12-01,3.0
스페인,공용,2012-01-01,12.0
스페인,공용,2012-02-01,0.0
스페인,공용,2012-03-01,17.0
스페인,공용,2012-04-01,9.0
스페인,공용,2012-05-01,3.0
스페인,공용,2012-06-01,1.0
스페인,공용,2012-07-01,1.0
스페인,공용,2012-08-01,10.0
스페인,공용,2012-09-01,3.0
스페인,공용,2012-10-01,5.0
스페인,공용,2012-11-01,2.0
스페인,공용,2012-12-01,5.0
스페인,공용,2013-01-01,6.0
스페인,공용,2013-02-01,2.0
스페인,공용,2013-03-01,4.0
스페인,공용,2013-04-01,2.0
스페인,공용,2013-05-01,8.0
스페인,공용,2013-06-01,4.0
스페인,공용,2013-07-01,3.0
스페인,공용,2013-08-01,6.0
스페인,공용,2013-09-01,13.0
스페인,공용,2013-10-01,3.0
스페인,공용,2013-11-01,5.0
스페인,공용,2013-12-01,5.0
스페인,공용,2014-01-01,8.0
스페인,공용,2014-02-01,6.0
스페인,공용,2014-03-01,2.0
스페인,공용,2014-04-01,5.0
스페인,공용,2014-05-01,7.0
스페인,공용,2014-06-01,10.0
스페인,공용,2014-07-01,2.0
스페인,공용,2014-08-01,6.0
스페인,공용,2014-09-01,10.0
스페인,공용,2014-10-01,5.0
스페인,공용,2014-11-01,6.0
스페인,공용,2014-12-01,9.0
스페인,공용,2015-01-01,12.0
스페인,공용,2015-02-01,4.0
스페인,공용,2015-03-01,1.0
스페인,공용,2015-04-01,1.0
스페인,공용,2015-05-01,6.0
스페인,공용,2015-06-01,7.0
스페인,공용,2015-07-01,2.0
스페인,공용,2015-08-01,10.0
스페인,공용,2015-09-01,8.0
스페인,공용,2015-10-01,4.0
스페인,공용,2015-11-01,4.0
스페인,공용,2015-12-01,6.0
스페인,공용,2016-01-01,10.0
스페인,공용,2016-02-01,5.0
스페인,공용,2016-03-01,13.0
스페인,공용,2016-04-01,3.0
스페인,공용,2016-05-01,19.0
스페인,공용,2016-06-01,5.0
스페인,공용,2016-07-01,11.0
스페인,공용,2016-08-01,13.0
스페인,공용,2016-09-01,10.0
스페인,공용,2016-10-01,8.0
스페인,공용,2016-11-01,7.0
스페인,공용,2016-12-01,18.0
스페인,공용,2017-01-01,12.0
스페인,공용,2017-02-01,3.0
스페인,공용,2017-03-01,4.0
스페인,공용,2017-04-01,11.0
스페인,공용,2017-05-01,18.0
스페인,공용,2017-06-01,8.0
스페인,공용,2017-07-01,10.0
스페인,공용,2017-08-01,13.0
스페인,공용,2017-09-01,3.0
스페인,공용,2017-10-01,12.0
스페인,공용,2017-11-01,6.0
스페인,공용,2017-12-01,12.0
스페인,공용,2018-01-01,8.0
스페인,공용,2018-02-01,7.0
스페인,공용,2018-03-01,9.0
스페인,공용,2018-04-01,9.0
스페인,공용,2018-05-01,8.0
스페인,공용,2018-06-01,4.0
스페인,공용,2018-07-01,14.0
스페인,공용,2018-08-01,8.0
스페인,공용,2018-09-01,11.0
스페인,공용,2018-10-01,6.0
스페인,공용,2018-11-01,10.0
스페인,공용,2018-12-01,9.0
스페인,공용,2019-01-01,15.0
스페인,공용,2019-02-01,5.0
스페인,공용,2019-03-01,10.0
스페인,공용,2019-04-01,14.0
스페인,공용,2019-05-01,17.0
스페인,공용,2019-06-01,7.0
스페인,공용,2019-07-01,20.0
스페인,공용,2019-08-01,18.0
스페인,공용,2019-09-01,14.0
스페인,공용,2019-10-01,10.0
스페인,공용,2019-11-01,14.0
스페인,공용,2019-12-01,17.0
스페인,공용,2020-01-01,26.0
스페인,공용,2020-02-01,8.0
스페인,공용,2020-03-01,5.0
스페인,공용,2020-04-01,0.0
스페인,공용,2020-05-01,2.0
스페인,공용,2020-06-01,0.0
스페인,공용,2020-07-01,5.0
스페인,공용,2020-08-01,3.0
스페인,공용,2020-09-01,1.0
스페인,공용,2020-10-01,2.0
스페인,공용,2020-11-01,0.0
스페인,공용,2020-12-01,0.0
스페인,공용,2021-01-01,2.0
스페인,공용,2021-02-01,1.0
스페인,공용,2021-03-01,0.0
스페인,공용,2021-04-01,3.0
스페인,공용,2021-05-01,3.0
스페인,공용,2021-06-01,2.0
스페인,공용,2021-07-01,2.0
스페인,공용,2021-08-01,4.0
스페인,공용,2021-09-01,1.0
스페인,공용,2021-10-01,6.0
스페인,공용,2021-11-01,3.0
스페인,공용,2021-12-01,3.0
스페인,공용,2022-01-01,7.0
스페인,공용,2022-02-01,1.0
스페인,공용,2022-03-01,3.0
스페인,공용,2022-04-01,2.0
스페인,공용,2022-05-01,5.0
스페인,공용,2022-06-01,5.0
스페인,공용,2022-07-01,6.0
스페인,공용,2022-08-01,8.0
스페인,공용,2022-09-01,8.0
스페인,공용,2022-10-01,5.0
스페인,공용,2022-11-01,10.0
스페인,공용,2022-12-01,5.0
스페인,공용,2023-01-01,11.0
스페인,공용,2023-02-01,8.0
스페인,공용,2023-03-01,6.0
스페인,공용,2023-04-01,15.0
스페인,공용,2023-05-01,9.0
스페인,공용,2023-06-01,9.0
스페인,공용,2023-07-01,12.0
스페인,공용,2023-08-01,14.0
스페인,공용,2023-09-01,9.0
스페인,공용,2023-10-01,11.0
스페인,공용,2023-11-01,7.0
스페인,공용,2023-12-01,5.0
스페인,공용,2024-01-01,17.0
스페인,공용,2024-02-01,11.0
스페인,공용,2024-03-01,12.0
스페인,공용,2024-04-01,11.0
스페인,공용,2024-05-01,11.0
스페인,공용,2024-06-01,13.0
스페인,공용,2024-07-01,8.0
스페인,공용,2024-08-01,10.0
스페인,공용,2024-09-01,17.0
스페인,공용,2024-10-01,15.0
스페인,공용,2024-11-01,9.0
스페인,공용,2024-12-01,12.0
스페인,공용,2025-01-01,17.0
스페인,공용,2025-02-01,7.0
스페인,공용,2025-03-01,11.0
스페인,공용,2025-04-01,6.0
스페인,공용,2025-05-01,7.0
스페인,관광,2005-01-01,320.0
스페인,관광,2005-02-01,312.0
스페인,관광,2005-03-01,485.0
스페인,관광,2005-04-01,511.0
스페인,관광,2005-05-01,598.0
스페인,관광,2005-06-01,475.0
스페인,관광,2005-07-01,568.0
스페인,관광,2005-08-01,592.0
스페인,관광,2005-09-01,507.0
스페인,관광,2005-10-01,655.0
스페인,관광,2005-11-01,628.0
스페인,관광,2005-12-01,363.0
스페인,관광,2006-01-01,337.0
스페인,관광,2006-02-01,375.0
스페인,관광,2006-03-01,525.0
스페인,관광,2006-04-01,527.0
스페인,관광,2006-05-01,572.0
스페인,관광,2006-06-01,484.0
스페인,관광,2006-07-01,503.0
스페인,관광,2006-08-01,645.0
스페인,관광,2006-09-01,552.0
스페인,관광,2006-10-01,767.0
스페인,관광,2006-11-01,691.0
스페인,관광,2006-12-01,346.0
스페인,관광,2007-01-01,367.0
스페인,관광,2007-02-01,368.0
스페인,관광,2007-03-01,550.0
스페인,관광,2007-04-01,626.0
스페인,관광,2007-05-01,638.0
스페인,관광,2007-06-01,545.0
스페인,관광,2007-07-01,708.0
스페인,관광,2007-08-01,805.0
스페인,관광,2007-09-01,800.0
스페인,관광,2007-10-01,1028.0
스페인,관광,2007-11-01,859.0
스페인,관광,2007-12-01,500.0
스페인,관광,2008-01-01,541.0
스페인,관광,2008-02-01,393.0
스페인,관광,2008-03-01,711.0
스페인,관광,2008-04-01,701.0
스페인,관광,2008-05-01,834.0
스페인,관광,2008-06-01,734.0
스페인,관광,2008-07-01,1322.0
스페인,관광,2008-08-01,917.0
스페인,관광,2008-09-01,837.0
스페인,관광,2008-10-01,1070.0
스페인,관광,2008-11-01,808.0
스페인,관광,2008-12-01,558.0
스페인,관광,2009-01-01,462.0
스페인,관광,2009-02-01,394.0
스페인,관광,2009-03-01,591.0
스페인,관광,2009-04-01,799.0
스페인,관광,2009-05-01,716.0
스페인,관광,2009-06-01,663.0
스페인,관광,2009-07-01,933.0
스페인,관광,2009-08-01,1032.0
스페인,관광,2009-09-01,806.0
스페인,관광,2009-10-01,1061.0
스페인,관광,2009-11-01,1008.0
스페인,관광,2009-12-01,551.0
스페인,관광,2010-01-01,542.0
스페인,관광,2010-02-01,478.0
스페인,관광,2010-03-01,789.0
스페인,관광,2010-04-01,728.0
스페인,관광,2010-05-01,902.0
스페인,관광,2010-06-01,848.0
스페인,관광,2010-07-01,1053.0
스페인,관광,2010-08-01,1393.0
스페인,관광,2010-09-01,889.0
스페인,관광,2010-10-01,1265.0
스페인,관광,2010-11-01,1064.0
스페인,관광,2010-12-01,586.0
스페인,관광,2011-01-01,585.0
스페인,관광,2011-02-01,527.0
스페인,관광,2011-03-01,730.0
스페인,관광,2011-04-01,837.0
스페인,관광,2011-05-01,943.0
스페인,관광,2011-06-01,744.0
스페인,관광,2011-07-01,938.0
스페인,관광,2011-08-01,1339.0
스페인,관광,2011-09-01,930.0
스페인,관광,2011-10-01,1276.0
스페인,관광,2011-11-01,1042.0
스페인,관광,2011-12-01,767.0
스페인,관광,2012-01-01,610.0
스페인,관광,2012-02-01,707.0
스페인,관광,2012-03-01,931.0
스페인,관광,2012-04-01,931.0
스페인,관광,2012-05-01,1040.0
스페인,관광,2012-06-01,1062.0
스페인,관광,2012-07-01,1351.0
스페인,관광,2012-08-01,1320.0
스페인,관광,2012-09-01,1207.0
스페인,관광,2012-10-01,1419.0
스페인,관광,2012-11-01,1071.0
스페인,관광,2012-12-01,770.0
스페인,관광,2013-01-01,768.0
스페인,관광,2013-02-01,712.0
스페인,관광,2013-03-01,1092.0
스페인,관광,2013-04-01,976.0
스페인,관광,2013-05-01,1063.0
스페인,관광,2013-06-01,1064.0
스페인,관광,2013-07-01,1167.0
스페인,관광,2013-08-01,1247.0
스페인,관광,2013-09-01,1136.0
스페인,관광,2013-10-01,1599.0
스페인,관광,2013-11-01,1300.0
스페인,관광,2013-12-01,817.0
스페인,관광,2014-01-01,664.0
스페인,관광,2014-02-01,832.0
스페인,관광,2014-03-01,1197.0
스페인,관광,2014-04-01,1356.0
스페인,관광,2014-05-01,1103.0
스페인,관광,2014-06-01,1197.0
스페인,관광,2014-07-01,1566.0
스페인,관광,2014-08-01,1695.0
스페인,관광,2014-09-01,1270.0
스페인,관광,2014-10-01,1572.0
스페인,관광,2014-11-01,1476.0
스페인,관광,2014-12-01,771.0
스페인,관광,2015-01-01,798.0
스페인,관광,2015-02-01,799.0
스페인,관광,2015-03-01,1353.0
스페인,관광,2015-04-01,1358.0
스페인,관광,2015-05-01,1353.0
스페인,관광,2015-06-01,1217.0
스페인,관광,2015-07-01,1356.0
스페인,관광,2015-08-01,1506.0
스페인,관광,2015-09-01,1577.0
스페인,관광,2015-10-01,1854.0
스페인,관광,2015-11-01,1566.0
스페인,관광,2015-12-01,869.0
스페인,관광,2016-01-01,847.0
스페인,관광,2016-02-01,847.0
스페인,관광,2016-03-01,1558.0
스페인,관광,2016-04-01,1397.0
스페인,관광,2016-05-01,1601.0
스페인,관광,2016-06-01,1579.0
스페인,관광,2016-07-01,1737.0
스페인,관광,2016-08-01,2093.0
스페인,관광,2016-09-01,1686.0
스페인,관광,2016-10-01,1953.0
스페인,관광,2016-11-01,1559.0
스페인,관광,2016-12-01,1066.0
스페인,관광,2017-01-01,879.0
스페인,관광,2017-02-01,959.0
스페인,관광,2017-03-01,1534.0
스페인,관광,2017-04-01,1769.0
스페인,관광,2017-05-01,1497.0
스페인,관광,2017-06-01,1525.0
스페인,관광,2017-07-01,1874.0
스페인,관광,2017-08-01,1972.0
스페인,관광,2017-09-01,1831.0
스페인,관광,2017-10-01,1862.0
스페인,관광,2017-11-01,1853.0
스페인,관광,2017-12-01,1142.0
스페인,관광,2018-01-01,1157.0
스페인,관광,2018-02-01,1093.0
스페인,관광,2018-03-01,1918.0
스페인,관광,2018-04-01,1700.0
스페인,관광,2018-05-01,1884.0
스페인,관광,2018-06-01,1857.0
스페인,관광,2018-07-01,2350.0
스페인,관광,2018-08-01,2875.0
스페인,관광,2018-09-01,2186.0
스페인,관광,2018-10-01,2608.0
스페인,관광,2018-11-01,2094.0
스페인,관광,2018-12-01,1201.0
스페인,관광,2019-01-01,1010.0
스페인,관광,2019-02-01,1006.0
스페인,관광,2019-03-01,1675.0
스페인,관광,2019-04-01,2314.0
스페인,관광,2019-05-01,2032.0
스페인,관광,2019-06-01,2238.0
스페인,관광,2019-07-01,2709.0
스페인,관광,2019-08-01,3926.0
스페인,관광,2019-09-01,2764.0
스페인,관광,2019-10-01,2777.0
스페인,관광,2019-11-01,2211.0
스페인,관광,2019-12-01,1425.0
스페인,관광,2020-01-01,1121.0
스페인,관광,2020-02-01,750.0
스페인,관광,2020-03-01,127.0
스페인,관광,2020-04-01,11.0
스페인,관광,2020-05-01,16.0
스페인,관광,2020-06-01,2.0
스페인,관광,2020-07-01,1.0
스페인,관광,2020-08-01,6.0
스페인,관광,2020-09-01,2.0
스페인,관광,2020-10-01,5.0
스페인,관광,2020-11-01,8.0
스페인,관광,2020-12-01,2.0
스페인,관광,2021-01-01,10.0
스페인,관광,2021-02-01,4.0
스페인,관광,2021-03-01,5.0
스페인,관광,2021-04-01,1.0
스페인,관광,2021-05-01,6.0
스페인,관광,2021-06-01,11.0
스페인,관광,2021-07-01,16.0
스페인,관광,2021-08-01,23.0
스페인,관광,2021-09-01,77.0
스페인,관광,2021-10-01,161.0
스페인,관광,2021-11-01,312.0
스페인,관광,2021-12-01,93.0
스페인,관광,2022-01-01,57.0
스페인,관광,2022-02-01,81.0
스페인,관광,2022-03-01,138.0
스페인,관광,2022-04-01,688.0
스페인,관광,2022-05-01,613.0
스페인,관광,2022-06-01,747.0
스페인,관광,2022-07-01,1080.0
스페인,관광,2022-08-01,1500.0
스페인,관광,2022-09-01,1483.0
스페인,관광,2022-10-01,2085.0
스페인,관광,2022-11-01,1622.0
스페인,관광,2022-12-01,1175.0
스페인,관광,2023-01-01,864.0
스페인,관광,2023-02-01,893.0
스페인,관광,2023-03-01,2256.0
스페인,관광,2023-04-01,3023.0
스페인,관광,2023-05-01,2109.0
스페인,관광,2023-06-01,2091.0
스페인,관광,2023-07-01,3250.0
스페인,관광,2023-08-01,4711.0
스페인,관광,2023-09-01,3202.0
스페인,관광,2023-10-01,3362.0
스페인,관광,2023-11-01,2852.0
스페인,관광,2023-12-01,1564.0
스페인,관광,2024-01-01,1207.0
스페인,관광,2024-02-01,1314.0
스페인,관광,2024-03-01,4382.0
스페인,관광,2024-04-01,3426.0
스페인,관광,2024-05-01,3104.0
스페인,관광,2024-06-01,3016.0
스페인,관광,2024-07-01,3882.0
스페인,관광,2024-08-01,6386.0
스페인,관광,2024-09-01,4566.0
스페인,관광,2024-10-01,5027.0
스페인,관광,2024-11-01,3680.0
스페인,관광,2024-12-01,2041.0
스페인,관광,2025-01-01,1301.0
스페인,관광,2025-02-01,1533.0
스페인,관광,2025-03-01,3713.0
스페인,관광,2025-04-01,5495.0
스페인,관광,2025-05-01,3985.0
스페인,상용,2005-01-01,12.0
스페인,상용,2005-02-01,11.0
스페인,상용,2005-03-01,12.0
스페인,상용,2005-04-01,11.0
스페인,상용,2005-05-01,13.0
스페인,상용,2005-06-01,12.0
스페인,상용,2005-07-01,5.0
스페인,상용,2005-08-01,10.0
스페인,상용,2005-09-01,8.0
스페인,상용,2005-10-01,11.0
스페인,상용,2005-11-01,9.0
스페인,상용,2005-12-01,7.0
스페인,상용,2006-01-01,12.0
스페인,상용,2006-02-01,5.0
스페인,상용,2006-03-01,10.0
스페인,상용,2006-04-01,7.0
스페인,상용,2006-05-01,8.0
스페인,상용,2006-06-01,9.0
스페인,상용,2006-07-01,4.0
스페인,상용,2006-08-01,12.0
스페인,상용,2006-09-01,7.0
스페인,상용,2006-10-01,8.0
스페인,상용,2006-11-01,10.0
스페인,상용,2006-12-01,5.0
스페인,상용,2007-01-01,13.0
스페인,상용,2007-02-01,7.0
스페인,상용,2007-03-01,9.0
스페인,상용,2007-04-01,9.0
스페인,상용,2007-05-01,6.0
스페인,상용,2007-06-01,8.0
스페인,상용,2007-07-01,13.0
스페인,상용,2007-08-01,7.0
스페인,상용,2007-09-01,18.0
스페인,상용,2007-10-01,14.0
스페인,상용,2007-11-01,11.0
스페인,상용,2007-12-01,10.0
스페인,상용,2008-01-01,13.0
스페인,상용,2008-02-01,7.0
스페인,상용,2008-03-01,11.0
스페인,상용,2008-04-01,13.0
스페인,상용,2008-05-01,15.0
스페인,상용,2008-06-01,17.0
스페인,상용,2008-07-01,27.0
스페인,상용,2008-08-01,19.0
스페인,상용,2008-09-01,18.0
스페인,상용,2008-10-01,20.0
스페인,상용,2008-11-01,15.0
스페인,상용,2008-12-01,16.0
스페인,상용,2009-01-01,29.0
스페인,상용,2009-02-01,15.0
스페인,상용,2009-03-01,16.0
스페인,상용,2009-04-01,23.0
스페인,상용,2009-05-01,13.0
스페인,상용,2009-06-01,6.0
스페인,상용,2009-07-01,20.0
스페인,상용,2009-08-01,16.0
스페인,상용,2009-09-01,13.0
스페인,상용,2009-10-01,27.0
스페인,상용,2009-11-01,4.0
스페인,상용,2009-12-01,10.0
스페인,상용,2010-01-01,29.0
스페인,상용,2010-02-01,11.0
스페인,상용,2010-03-01,17.0
스페인,상용,2010-04-01,24.0
스페인,상용,2010-05-01,9.0
스페인,상용,2010-06-01,9.0
스페인,상용,2010-07-01,18.0
스페인,상용,2010-08-01,13.0
스페인,상용,2010-09-01,14.0
스페인,상용,2010-10-01,12.0
스페인,상용,2010-11-01,9.0
스페인,상용,2010-12-01,14.0
스페인,상용,2011-01-01,10.0
스페인,상용,2011-02-01,9.0
스페인,상용,2011-03-01,6.0
스페인,상용,2011-04-01,8.0
스페인,상용,2011-05-01,9.0
스페인,상용,2011-06-01,16.0
스페인,상용,2011-07-01,7.0
스페인,상용,2011-08-01,10.0
스페인,상용,2011-09-01,10.0
스페인,상용,2011-10-01,12.0
스페인,상용,2011-11-01,9.0
스페인,상용,2011-12-01,10.0
스페인,상용,2012-01-01,13.0
스페인,상용,2012-02-01,5.0
스페인,상용,2012-03-01,13.0
스페인,상용,2012-04-01,2.0
스페인,상용,2012-05-01,16.0
스페인,상용,2012-06-01,8.0
스페인,상용,2012-07-01,11.0
스페인,상용,2012-08-01,12.0
스페인,상용,2012-09-01,8.0
스페인,상용,2012-10-01,13.0
스페인,상용,2012-11-01,13.0
스페인,상용,2012-12-01,12.0
스페인,상용,2013-01-01,23.0
스페인,상용,2013-02-01,17.0
스페인,상용,2013-03-01,14.0
스페인,상용,2013-04-01,13.0
스페인,상용,2013-05-01,30.0
스페인,상용,2013-06-01,28.0
스페인,상용,2013-07-01,16.0
스페인,상용,2013-08-01,28.0
스페인,상용,2013-09-01,27.0
스페인,상용,2013-10-01,15.0
스페인,상용,2013-11-01,15.0
스페인,상용,2013-12-01,15.0
스페인,상용,2014-01-01,22.0
스페인,상용,2014-02-01,18.0
스페인,상용,2014-03-01,24.0
스페인,상용,2014-04-01,28.0
스페인,상용,2014-05-01,35.0
스페인,상용,2014-06-01,27.0
스페인,상용,2014-07-01,19.0
스페인,상용,2014-08-01,29.0
스페인,상용,2014-09-01,35.0
스페인,상용,2014-10-01,25.0
스페인,상용,2014-11-01,21.0
스페인,상용,2014-12-01,17.0
스페인,상용,2015-01-01,40.0
스페인,상용,2015-02-01,25.0
스페인,상용,2015-03-01,24.0
스페인,상용,2015-04-01,27.0
스페인,상용,2015-05-01,31.0
스페인,상용,2015-06-01,29.0
스페인,상용,2015-07-01,25.0
스페인,상용,2015-08-01,33.0
스페인,상용,2015-09-01,29.0
스페인,상용,2015-10-01,33.0
스페인,상용,2015-11-01,28.0
스페인,상용,2015-12-01,13.0
스페인,상용,2016-01-01,43.0
스페인,상용,2016-02-01,20.0
스페인,상용,2016-03-01,29.0
스페인,상용,2016-04-01,33.0
스페인,상용,2016-05-01,25.0
스페인,상용,2016-06-01,34.0
스페인,상용,2016-07-01,24.0
스페인,상용,2016-08-01,39.0
스페인,상용,2016-09-01,37.0
스페인,상용,2016-10-01,26.0
스페인,상용,2016-11-01,32.0
스페인,상용,2016-12-01,19.0
스페인,상용,2017-01-01,43.0
스페인,상용,2017-02-01,21.0
스페인,상용,2017-03-01,24.0
스페인,상용,2017-04-01,26.0
스페인,상용,2017-05-01,25.0
스페인,상용,2017-06-01,13.0
스페인,상용,2017-07-01,23.0
스페인,상용,2017-08-01,18.0
스페인,상용,2017-09-01,21.0
스페인,상용,2017-10-01,23.0
스페인,상용,2017-11-01,22.0
스페인,상용,2017-12-01,19.0
스페인,상용,2018-01-01,29.0
스페인,상용,2018-02-01,20.0
스페인,상용,2018-03-01,22.0
스페인,상용,2018-04-01,16.0
스페인,상용,2018-05-01,18.0
스페인,상용,2018-06-01,17.0
스페인,상용,2018-07-01,18.0
스페인,상용,2018-08-01,16.0
스페인,상용,2018-09-01,25.0
스페인,상용,2018-10-01,15.0
스페인,상용,2018-11-01,22.0
스페인,상용,2018-12-01,18.0
스페인,상용,2019-01-01,36.0
스페인,상용,2019-02-01,17.0
스페인,상용,2019-03-01,21.0
스페인,상용,2019-04-01,20.0
스페인,상용,2019-05-01,20.0
스페인,상용,2019-06-01,27.0
스페인,상용,2019-07-01,18.0
스페인,상용,2019-08-01,29.0
스페인,상용,2019-09-01,27.0
스페인,상용,2019-10-01,35.0
스페인,상용,2019-11-01,26.0
스페인,상용,2019-12-01,12.0
스페인,상용,2020-01-01,42.0
스페인,상용,2020-02-01,4.0
스페인,상용,2020-03-01,6.0
스페인,상용,2020-04-01,1.0
스페인,상용,2020-05-01,5.0
스페인,상용,2020-06-01,3.0
스페인,상용,2020-07-01,3.0
스페인,상용,2020-08-01,8.0
스페인,상용,2020-09-01,6.0
스페인,상용,2020-10-01,11.0
스페인,상용,2020-11-01,11.0
스페인,상용,2020-12-01,5.0
스페인,상용,2021-01-01,10.0
스페인,상용,2021-02-01,7.0
스페인,상용,2021-03-01,6.0
스페인,상용,2021-04-01,5.0
스페인,상용,2021-05-01,12.0
스페인,상용,2021-06-01,12.0
스페인,상용,2021-07-01,9.0
스페인,상용,2021-08-01,21.0
스페인,상용,2021-09-01,17.0
스페인,상용,2021-10-01,13.0
스페인,상용,2021-11-01,8.0
스페인,상용,2021-12-01,4.0
스페인,상용,2022-01-01,13.0
스페인,상용,2022-02-01,2.0
스페인,상용,2022-03-01,7.0
스페인,상용,2022-04-01,4.0
스페인,상용,2022-05-01,7.0
스페인,상용,2022-06-01,7.0
스페인,상용,2022-07-01,9.0
스페인,상용,2022-08-01,17.0
스페인,상용,2022-09-01,8.0
스페인,상용,2022-10-01,9.0
스페인,상용,2022-11-01,6.0
스페인,상용,2022-12-01,7.0
스페인,상용,2023-01-01,18.0
스페인,상용,2023-02-01,9.0
스페인,상용,2023-03-01,12.0
스페인,상용,2023-04-01,14.0
스페인,상용,2023-05-01,11.0
스페인,상용,2023-06-01,11.0
스페인,상용,2023-07-01,11.0
스페인,상용,2023-08-01,21.0
스페인,상용,2023-09-01,21.0
스페인,상용,2023-10-01,14.0
스페인,상용,2023-11-01,14.0
스페인,상용,2023-12-01,14.0
스페인,상용,2024-01-01,27.0
스페인,상용,2024-02-01,23.0
스페인,상용,2024-03-01,19.0
스페인,상용,2024-04-01,16.0
스페인,상용,2024-05-01,22.0
스페인,상용,2024-06-01,15.0
스페인,상용,2024-07-01,13.0
스페인,상용,2024-08-01,25.0
스페인,상용,2024-09-01,21.0
스페인,상용,2024-10-01,12.0
스페인,상용,2024-11-01,14.0
스페인,상용,2024-12-01,10.0
스페인,상용,2025-01-01,33.0
스페인,상용,2025-02-01,21.0
스페인,상용,2025-03-01,17.0
스페인,상용,2025-04-01,14.0
스페인,상용,2025-05-01,15.0
스페인,유학연수,2005-01-01,5.0
스페인,유학연수,2005-02-01,5.0
스페인,유학연수,2005-03-01,1.0
스페인,유학연수,2005-04-01,1.0
스페인,유학연수,2005-05-01,1.0
스페인,유학연수,2005-06-01,3.0
스페인,유학연수,2005-07-01,2.0
스페인,유학연수,2005-08-01,5.0
스페인,유학연수,2005-09-01,3.0
스페인,유학연수,2005-10-01,3.0
스페인,유학연수,2005-11-01,2.0
스페인,유학연수,2005-12-01,1.0
스페인,유학연수,2006-01-01,9.0
스페인,유학연수,2006-02-01,2.0
스페인,유학연수,2006-03-01,1.0
스페인,유학연수,2006-04-01,3.0
스페인,유학연수,2006-05-01,2.0
스페인,유학연수,2006-06-01,0.0
스페인,유학연수,2006-07-01,3.0
스페인,유학연수,2006-08-01,5.0
스페인,유학연수,2006-09-01,12.0
스페인,유학연수,2006-10-01,4.0
스페인,유학연수,2006-11-01,1.0
스페인,유학연수,2006-12-01,6.0
스페인,유학연수,2007-01-01,7.0
스페인,유학연수,2007-02-01,7.0
스페인,유학연수,2007-03-01,3.0
스페인,유학연수,2007-04-01,2.0
스페인,유학연수,2007-05-01,2.0
스페인,유학연수,2007-06-01,4.0
스페인,유학연수,2007-07-01,6.0
스페인,유학연수,2007-08-01,19.0
스페인,유학연수,2007-09-01,7.0
스페인,유학연수,2007-10-01,5.0
스페인,유학연수,2007-11-01,5.0
스페인,유학연수,2007-12-01,1.0
스페인,유학연수,2008-01-01,2.0
스페인,유학연수,2008-02-01,10.0
스페인,유학연수,2008-03-01,3.0
스페인,유학연수,2008-04-01,5.0
스페인,유학연수,2008-05-01,3.0
스페인,유학연수,2008-06-01,7.0
스페인,유학연수,2008-07-01,7.0
스페인,유학연수,2008-08-01,15.0
스페인,유학연수,2008-09-01,3.0
스페인,유학연수,2008-10-01,1.0
스페인,유학연수,2008-11-01,9.0
스페인,유학연수,2008-12-01,5.0
스페인,유학연수,2009-01-01,10.0
스페인,유학연수,2009-02-01,4.0
스페인,유학연수,2009-03-01,1.0
스페인,유학연수,2009-04-01,4.0
스페인,유학연수,2009-05-01,3.0
스페인,유학연수,2009-06-01,0.0
스페인,유학연수,2009-07-01,6.0
스페인,유학연수,2009-08-01,26.0
스페인,유학연수,2009-09-01,6.0
스페인,유학연수,2009-10-01,5.0
스페인,유학연수,2009-11-01,15.0
스페인,유학연수,2009-12-01,3.0
스페인,유학연수,2010-01-01,8.0
스페인,유학연수,2010-02-01,25.0
스페인,유학연수,2010-03-01,8.0
스페인,유학연수,2010-04-01,3.0
스페인,유학연수,2010-05-01,13.0
스페인,유학연수,2010-06-01,9.0
스페인,유학연수,2010-07-01,9.0
스페인,유학연수,2010-08-01,55.0
스페인,유학연수,2010-09-01,16.0
스페인,유학연수,2010-10-01,6.0
스페인,유학연수,2010-11-01,15.0
스페인,유학연수,2010-12-01,5.0
스페인,유학연수,2011-01-01,14.0
스페인,유학연수,2011-02-01,56.0
스페인,유학연수,2011-03-01,8.0
스페인,유학연수,2011-04-01,6.0
스페인,유학연수,2011-05-01,21.0
스페인,유학연수,2011-06-01,13.0
스페인,유학연수,2011-07-01,15.0
스페인,유학연수,2011-08-01,89.0
스페인,유학연수,2011-09-01,24.0
스페인,유학연수,2011-10-01,25.0
스페인,유학연수,2011-11-01,28.0
스페인,유학연수,2011-12-01,15.0
스페인,유학연수,2012-01-01,25.0
스페인,유학연수,2012-02-01,58.0
스페인,유학연수,2012-03-01,24.0
스페인,유학연수,2012-04-01,15.0
스페인,유학연수,2012-05-01,24.0
스페인,유학연수,2012-06-01,22.0
스페인,유학연수,2012-07-01,18.0
스페인,유학연수,2012-08-01,117.0
스페인,유학연수,2012-09-01,22.0
스페인,유학연수,2012-10-01,25.0
스페인,유학연수,2012-11-01,35.0
스페인,유학연수,2012-12-01,22.0
스페인,유학연수,2013-01-01,30.0
스페인,유학연수,2013-02-01,81.0
스페인,유학연수,2013-03-01,34.0
스페인,유학연수,2013-04-01,23.0
스페인,유학연수,2013-05-01,42.0
스페인,유학연수,2013-06-01,10.0
스페인,유학연수,2013-07-01,19.0
스페인,유학연수,2013-08-01,110.0
스페인,유학연수,2013-09-01,22.0
스페인,유학연수,2013-10-01,23.0
스페인,유학연수,2013-11-01,45.0
스페인,유학연수,2013-12-01,22.0
스페인,유학연수,2014-01-01,38.0
스페인,유학연수,2014-02-01,68.0
스페인,유학연수,2014-03-01,32.0
스페인,유학연수,2014-04-01,24.0
스페인,유학연수,2014-05-01,34.0
스페인,유학연수,2014-06-01,38.0
스페인,유학연수,2014-07-01,21.0
스페인,유학연수,2014-08-01,151.0
스페인,유학연수,2014-09-01,22.0
스페인,유학연수,2014-10-01,12.0
스페인,유학연수,2014-11-01,78.0
스페인,유학연수,2014-12-01,22.0
스페인,유학연수,2015-01-01,41.0
스페인,유학연수,2015-02-01,96.0
스페인,유학연수,2015-03-01,23.0
스페인,유학연수,2015-04-01,15.0
스페인,유학연수,2015-05-01,25.0
스페인,유학연수,2015-06-01,17.0
스페인,유학연수,2015-07-01,22.0
스페인,유학연수,2015-08-01,167.0
스페인,유학연수,2015-09-01,25.0
스페인,유학연수,2015-10-01,34.0
스페인,유학연수,2015-11-01,78.0
스페인,유학연수,2015-12-01,32.0
스페인,유학연수,2016-01-01,40.0
스페인,유학연수,2016-02-01,118.0
스페인,유학연수,2016-03-01,23.0
스페인,유학연수,2016-04-01,9.0
스페인,유학연수,2016-05-01,58.0
스페인,유학연수,2016-06-01,23.0
스페인,유학연수,2016-07-01,30.0
스페인,유학연수,2016-08-01,221.0
스페인,유학연수,2016-09-01,14.0
스페인,유학연수,2016-10-01,51.0
스페인,유학연수,2016-11-01,127.0
스페인,유학연수,2016-12-01,40.0
스페인,유학연수,2017-01-01,60.0
스페인,유학연수,2017-02-01,130.0
스페인,유학연수,2017-03-01,32.0
스페인,유학연수,2017-04-01,20.0
스페인,유학연수,2017-05-01,60.0
스페인,유학연수,2017-06-01,33.0
스페인,유학연수,2017-07-01,26.0
스페인,유학연수,2017-08-01,215.0
스페인,유학연수,2017-09-01,30.0
스페인,유학연수,2017-10-01,61.0
스페인,유학연수,2017-11-01,125.0
스페인,유학연수,2017-12-01,48.0
스페인,유학연수,2018-01-01,58.0
스페인,유학연수,2018-02-01,121.0
스페인,유학연수,2018-03-01,43.0
스페인,유학연수,2018-04-01,25.0
스페인,유학연수,2018-05-01,70.0
스페인,유학연수,2018-06-01,40.0
스페인,유학연수,2018-07-01,27.0
스페인,유학연수,2018-08-01,212.0
스페인,유학연수,2018-09-01,37.0
스페인,유학연수,2018-10-01,33.0
스페인,유학연수,2018-11-01,92.0
스페인,유학연수,2018-12-01,49.0
스페인,유학연수,2019-01-01,52.0
스페인,유학연수,2019-02-01,129.0
스페인,유학연수,2019-03-01,36.0
스페인,유학연수,2019-04-01,29.0
스페인,유학연수,2019-05-01,64.0
스페인,유학연수,2019-06-01,51.0
스페인,유학연수,2019-07-01,35.0
스페인,유학연수,2019-08-01,253.0
스페인,유학연수,2019-09-01,30.0
스페인,유학연수,2019-10-01,49.0
스페인,유학연수,2019-11-01,121.0
스페인,유학연수,2019-12-01,68.0
스페인,유학연수,2020-01-01,65.0
스페인,유학연수,2020-02-01,111.0
스페인,유학연수,2020-03-01,26.0
스페인,유학연수,2020-04-01,1.0
스페인,유학연수,2020-05-01,2.0
스페인,유학연수,2020-06-01,0.0
스페인,유학연수,2020-07-01,1.0
스페인,유학연수,2020-08-01,101.0
스페인,유학연수,2020-09-01,6.0
스페인,유학연수,2020-10-01,9.0
스페인,유학연수,2020-11-01,23.0
스페인,유학연수,2020-12-01,1.0
스페인,유학연수,2021-01-01,13.0
스페인,유학연수,2021-02-01,140.0
스페인,유학연수,2021-03-01,100.0
스페인,유학연수,2021-04-01,0.0
스페인,유학연수,2021-05-01,7.0
스페인,유학연수,2021-06-01,9.0
스페인,유학연수,2021-07-01,13.0
스페인,유학연수,2021-08-01,347.0
스페인,유학연수,2021-09-01,101.0
스페인,유학연수,2021-10-01,5.0
스페인,유학연수,2021-11-01,26.0
스페인,유학연수,2021-12-01,7.0
스페인,유학연수,2022-01-01,24.0
스페인,유학연수,2022-02-01,183.0
스페인,유학연수,2022-03-01,136.0
스페인,유학연수,2022-04-01,10.0
스페인,유학연수,2022-05-01,23.0
스페인,유학연수,2022-06-01,22.0
스페인,유학연수,2022-07-01,20.0
스페인,유학연수,2022-08-01,394.0
스페인,유학연수,2022-09-01,51.0
스페인,유학연수,2022-10-01,7.0
스페인,유학연수,2022-11-01,85.0
스페인,유학연수,2022-12-01,100.0
스페인,유학연수,2023-01-01,93.0
스페인,유학연수,2023-02-01,243.0
스페인,유학연수,2023-03-01,55.0
스페인,유학연수,2023-04-01,33.0
스페인,유학연수,2023-05-01,102.0
스페인,유학연수,2023-06-01,42.0
스페인,유학연수,2023-07-01,60.0
스페인,유학연수,2023-08-01,381.0
스페인,유학연수,2023-09-01,34.0
스페인,유학연수,2023-10-01,23.0
스페인,유학연수,2023-11-01,183.0
스페인,유학연수,2023-12-01,83.0
스페인,유학연수,2024-01-01,110.0
스페인,유학연수,2024-02-01,214.0
스페인,유학연수,2024-03-01,49.0
스페인,유학연수,2024-04-01,26.0
스페인,유학연수,2024-05-01,145.0
스페인,유학연수,2024-06-01,86.0
스페인,유학연수,2024-07-01,68.0
스페인,유학연수,2024-08-01,398.0
스페인,유학연수,2024-09-01,37.0
스페인,유학연수,2024-10-01,68.0
스페인,유학연수,2024-11-01,239.0
스페인,유학연수,2024-12-01,196.0
스페인,유학연수,2025-01-01,131.0
스페인,유학연수,2025-02-01,253.0
스페인,유학연수,2025-03-01,60.0
스페인,유학연수,2025-04-01,60.0
스페인,유학연수,2025-05-01,179.0
싱가포르,공용,2005-01-01,1.0
싱가포르,공용,2005-02-01,2.0
싱가포르,공용,2005-03-01,4.0
싱가포르,공용,2005-04-01,1.0
싱가포르,공용,2005-05-01,1.0
싱가포르,공용,2005-06-01,2.0
싱가포르,공용,2005-07-01,3.0
싱가포르,공용,2005-08-01,2.0
싱가포르,공용,2005-09-01,5.0
싱가포르,공용,2005-10-01,2.0
싱가포르,공용,2005-11-01,2.0
싱가포르,공용,2005-12-01,1.0
싱가포르,공용,2006-01-01,0.0
싱가포르,공용,2006-02-01,1.0
싱가포르,공용,2006-03-01,2.0
싱가포르,공용,2006-04-01,0.0
싱가포르,공용,2006-05-01,1.0
싱가포르,공용,2006-06-01,3.0
싱가포르,공용,2006-07-01,1.0
싱가포르,공용,2006-08-01,1.0
싱가포르,공용,2006-09-01,4.0
싱가포르,공용,2006-10-01,2.0
싱가포르,공용,2006-11-01,1.0
싱가포르,공용,2006-12-01,6.0
싱가포르,공용,2007-01-01,2.0
싱가포르,공용,2007-02-01,2.0
싱가포르,공용,2007-03-01,2.0
싱가포르,공용,2007-04-01,2.0
싱가포르,공용,2007-05-01,0.0
싱가포르,공용,2007-06-01,5.0
싱가포르,공용,2007-07-01,4.0
싱가포르,공용,2007-08-01,0.0
싱가포르,공용,2007-09-01,2.0
싱가포르,공용,2007-10-01,0.0
싱가포르,공용,2007-11-01,1.0
싱가포르,공용,2007-12-01,8.0
싱가포르,공용,2008-01-01,0.0
싱가포르,공용,2008-02-01,4.0
싱가포르,공용,2008-03-01,1.0
싱가포르,공용,2008-04-01,1.0
싱가포르,공용,2008-05-01,2.0
싱가포르,공용,2008-06-01,2.0
싱가포르,공용,2008-07-01,3.0
싱가포르,공용,2008-08-01,2.0
싱가포르,공용,2008-09-01,2.0
싱가포르,공용,2008-10-01,5.0
싱가포르,공용,2008-11-01,3.0
싱가포르,공용,2008-12-01,2.0
싱가포르,공용,2009-01-01,1.0
싱가포르,공용,2009-02-01,8.0
싱가포르,공용,2009-03-01,6.0
싱가포르,공용,2009-04-01,1.0
싱가포르,공용,2009-05-01,3.0
싱가포르,공용,2009-06-01,3.0
싱가포르,공용,2009-07-01,5.0
싱가포르,공용,2009-08-01,0.0
싱가포르,공용,2009-09-01,1.0
싱가포르,공용,2009-10-01,5.0
싱가포르,공용,2009-11-01,7.0
싱가포르,공용,2009-12-01,4.0
싱가포르,공용,2010-01-01,3.0
싱가포르,공용,2010-02-01,4.0
싱가포르,공용,2010-03-01,4.0
싱가포르,공용,2010-04-01,5.0
싱가포르,공용,2010-05-01,2.0
싱가포르,공용,2010-06-01,1.0
싱가포르,공용,2010-07-01,5.0
싱가포르,공용,2010-08-01,0.0
싱가포르,공용,2010-09-01,3.0
싱가포르,공용,2010-10-01,5.0
싱가포르,공용,2010-11-01,3.0
싱가포르,공용,2010-12-01,2.0
싱가포르,공용,2011-01-01,4.0
싱가포르,공용,2011-02-01,3.0
싱가포르,공용,2011-03-01,2.0
싱가포르,공용,2011-04-01,0.0
싱가포르,공용,2011-05-01,1.0
싱가포르,공용,2011-06-01,4.0
싱가포르,공용,2011-07-01,1.0
싱가포르,공용,2011-08-01,2.0
싱가포르,공용,2011-09-01,1.0
싱가포르,공용,2011-10-01,7.0
싱가포르,공용,2011-11-01,4.0
싱가포르,공용,2011-12-01,4.0
싱가포르,공용,2012-01-01,3.0
싱가포르,공용,2012-02-01,3.0
싱가포르,공용,2012-03-01,1.0
싱가포르,공용,2012-04-01,1.0
싱가포르,공용,2012-05-01,4.0
싱가포르,공용,2012-06-01,1.0
싱가포르,공용,2012-07-01,3.0
싱가포르,공용,2012-08-01,4.0
싱가포르,공용,2012-09-01,8.0
싱가포르,공용,2012-10-01,5.0
싱가포르,공용,2012-11-01,1.0
싱가포르,공용,2012-12-01,7.0
싱가포르,공용,2013-01-01,6.0
싱가포르,공용,2013-02-01,4.0
싱가포르,공용,2013-03-01,0.0
싱가포르,공용,2013-04-01,3.0
싱가포르,공용,2013-05-01,0.0
싱가포르,공용,2013-06-01,5.0
싱가포르,공용,2013-07-01,3.0
싱가포르,공용,2013-08-01,3.0
싱가포르,공용,2013-09-01,7.0
싱가포르,공용,2013-10-01,8.0
싱가포르,공용,2013-11-01,14.0
싱가포르,공용,2013-12-01,10.0
싱가포르,공용,2014-01-01,3.0
싱가포르,공용,2014-02-01,8.0
싱가포르,공용,2014-03-01,4.0
싱가포르,공용,2014-04-01,3.0
싱가포르,공용,2014-05-01,6.0
싱가포르,공용,2014-06-01,7.0
싱가포르,공용,2014-07-01,6.0
싱가포르,공용,2014-08-01,3.0
싱가포르,공용,2014-09-01,6.0
싱가포르,공용,2014-10-01,3.0
싱가포르,공용,2014-11-01,3.0
싱가포르,공용,2014-12-01,12.0
싱가포르,공용,2015-01-01,5.0
싱가포르,공용,2015-02-01,4.0
싱가포르,공용,2015-03-01,9.0
싱가포르,공용,2015-04-01,2.0
싱가포르,공용,2015-05-01,5.0
싱가포르,공용,2015-06-01,5.0
싱가포르,공용,2015-07-01,5.0
싱가포르,공용,2015-08-01,2.0
싱가포르,공용,2015-09-01,8.0
싱가포르,공용,2015-10-01,9.0
싱가포르,공용,2015-11-01,5.0
싱가포르,공용,2015-12-01,4.0
싱가포르,공용,2016-01-01,4.0
싱가포르,공용,2016-02-01,6.0
싱가포르,공용,2016-03-01,1.0
싱가포르,공용,2016-04-01,3.0
싱가포르,공용,2016-05-01,7.0
싱가포르,공용,2016-06-01,7.0
싱가포르,공용,2016-07-01,4.0
싱가포르,공용,2016-08-01,3.0
싱가포르,공용,2016-09-01,3.0
싱가포르,공용,2016-10-01,8.0
싱가포르,공용,2016-11-01,4.0
싱가포르,공용,2016-12-01,6.0
싱가포르,공용,2017-01-01,5.0
싱가포르,공용,2017-02-01,4.0
싱가포르,공용,2017-03-01,1.0
싱가포르,공용,2017-04-01,2.0
싱가포르,공용,2017-05-01,8.0
싱가포르,공용,2017-06-01,5.0
싱가포르,공용,2017-07-01,6.0
싱가포르,공용,2017-08-01,4.0
싱가포르,공용,2017-09-01,6.0
싱가포르,공용,2017-10-01,6.0
싱가포르,공용,2017-11-01,3.0
싱가포르,공용,2017-12-01,9.0
싱가포르,공용,2018-01-01,4.0
싱가포르,공용,2018-02-01,5.0
싱가포르,공용,2018-03-01,5.0
싱가포르,공용,2018-04-01,3.0
싱가포르,공용,2018-05-01,6.0
싱가포르,공용,2018-06-01,2.0
싱가포르,공용,2018-07-01,4.0
싱가포르,공용,2018-08-01,1.0
싱가포르,공용,2018-09-01,5.0
싱가포르,공용,2018-10-01,8.0
싱가포르,공용,2018-11-01,9.0
싱가포르,공용,2018-12-01,2.0
싱가포르,공용,2019-01-01,8.0
싱가포르,공용,2019-02-01,6.0
싱가포르,공용,2019-03-01,7.0
싱가포르,공용,2019-04-01,1.0
싱가포르,공용,2019-05-01,2.0
싱가포르,공용,2019-06-01,11.0
싱가포르,공용,2019-07-01,6.0
싱가포르,공용,2019-08-01,8.0
싱가포르,공용,2019-09-01,13.0
싱가포르,공용,2019-10-01,8.0
싱가포르,공용,2019-11-01,6.0
싱가포르,공용,2019-12-01,13.0
싱가포르,공용,2020-01-01,7.0
싱가포르,공용,2020-02-01,3.0
싱가포르,공용,2020-03-01,6.0
싱가포르,공용,2020-04-01,3.0
싱가포르,공용,2020-05-01,0.0
싱가포르,공용,2020-06-01,1.0
싱가포르,공용,2020-07-01,0.0
싱가포르,공용,2020-08-01,0.0
싱가포르,공용,2020-09-01,0.0
싱가포르,공용,2020-10-01,0.0
싱가포르,공용,2020-11-01,0.0
싱가포르,공용,2020-12-01,0.0
싱가포르,공용,2021-01-01,1.0
싱가포르,공용,2021-02-01,1.0
싱가포르,공용,2021-03-01,3.0
싱가포르,공용,2021-04-01,1.0
싱가포르,공용,2021-05-01,1.0
싱가포르,공용,2021-06-01,0.0
싱가포르,공용,2021-07-01,5.0
싱가포르,공용,2021-08-01,1.0
싱가포르,공용,2021-09-01,0.0
싱가포르,공용,2021-10-01,11.0
싱가포르,공용,2021-11-01,9.0
싱가포르,공용,2021-12-01,2.0
싱가포르,공용,2022-01-01,7.0
싱가포르,공용,2022-02-01,1.0
싱가포르,공용,2022-03-01,2.0
싱가포르,공용,2022-04-01,3.0
싱가포르,공용,2022-05-01,5.0
싱가포르,공용,2022-06-01,3.0
싱가포르,공용,2022-07-01,13.0
싱가포르,공용,2022-08-01,5.0
싱가포르,공용,2022-09-01,5.0
싱가포르,공용,2022-10-01,1.0
싱가포르,공용,2022-11-01,6.0
싱가포르,공용,2022-12-01,0.0
싱가포르,공용,2023-01-01,6.0
싱가포르,공용,2023-02-01,6.0
싱가포르,공용,2023-03-01,13.0
싱가포르,공용,2023-04-01,19.0
싱가포르,공용,2023-05-01,40.0
싱가포르,공용,2023-06-01,13.0
싱가포르,공용,2023-07-01,35.0
싱가포르,공용,2023-08-01,10.0
싱가포르,공용,2023-09-01,25.0
싱가포르,공용,2023-10-01,24.0
싱가포르,공용,2023-11-01,20.0
싱가포르,공용,2023-12-01,8.0
싱가포르,공용,2024-01-01,8.0
싱가포르,공용,2024-02-01,15.0
싱가포르,공용,2024-03-01,5.0
싱가포르,공용,2024-04-01,8.0
싱가포르,공용,2024-05-01,11.0
싱가포르,공용,2024-06-01,13.0
싱가포르,공용,2024-07-01,14.0
싱가포르,공용,2024-08-01,15.0
싱가포르,공용,2024-09-01,27.0
싱가포르,공용,2024-10-01,19.0
싱가포르,공용,2024-11-01,27.0
싱가포르,공용,2024-12-01,17.0
싱가포르,공용,2025-01-01,4.0
싱가포르,공용,2025-02-01,28.0
싱가포르,공용,2025-03-01,35.0
싱가포르,공용,2025-04-01,11.0
싱가포르,공용,2025-05-01,29.0
싱가포르,관광,2005-01-01,2902.0
싱가포르,관광,2005-02-01,3429.0
싱가포르,관광,2005-03-01,4415.0
싱가포르,관광,2005-04-01,4952.0
싱가포르,관광,2005-05-01,4746.0
싱가포르,관광,2005-06-01,5539.0
싱가포르,관광,2005-07-01,2906.0
싱가포르,관광,2005-08-01,2810.0
싱가포르,관광,2005-09-01,4438.0
싱가포르,관광,2005-10-01,6622.0
싱가포르,관광,2005-11-01,7260.0
싱가포르,관광,2005-12-01,13952.0
싱가포르,관광,2006-01-01,3635.0
싱가포르,관광,2006-02-01,3215.0
싱가포르,관광,2006-03-01,4336.0
싱가포르,관광,2006-04-01,6027.0
싱가포르,관광,2006-05-01,5211.0
싱가포르,관광,2006-06-01,6208.0
싱가포르,관광,2006-07-01,3166.0
싱가포르,관광,2006-08-01,3166.0
싱가포르,관광,2006-09-01,4188.0
싱가포르,관광,2006-10-01,6668.0
싱가포르,관광,2006-11-01,8174.0
싱가포르,관광,2006-12-01,16110.0
싱가포르,관광,2007-01-01,3165.0
싱가포르,관광,2007-02-01,4130.0
싱가포르,관광,2007-03-01,4482.0
싱가포르,관광,2007-04-01,5405.0
싱가포르,관광,2007-05-01,5177.0
싱가포르,관광,2007-06-01,6120.0
싱가포르,관광,2007-07-01,3477.0
싱가포르,관광,2007-08-01,3338.0
싱가포르,관광,2007-09-01,4254.0
싱가포르,관광,2007-10-01,6373.0
싱가포르,관광,2007-11-01,9717.0
싱가포르,관광,2007-12-01,18402.0
싱가포르,관광,2008-01-01,3249.0
싱가포르,관광,2008-02-01,4421.0
싱가포르,관광,2008-03-01,4806.0
싱가포르,관광,2008-04-01,5209.0
싱가포르,관광,2008-05-01,6476.0
싱가포르,관광,2008-06-01,6450.0
싱가포르,관광,2008-07-01,3610.0
싱가포르,관광,2008-08-01,3207.0
싱가포르,관광,2008-09-01,4992.0
싱가포르,관광,2008-10-01,6504.0
싱가포르,관광,2008-11-01,8740.0
싱가포르,관광,2008-12-01,17653.0
싱가포르,관광,2009-01-01,4790.0
싱가포르,관광,2009-02-01,2547.0
싱가포르,관광,2009-03-01,4983.0
싱가포르,관광,2009-04-01,7700.0
싱가포르,관광,2009-05-01,5259.0
싱가포르,관광,2009-06-01,6044.0
싱가포르,관광,2009-07-01,2896.0
싱가포르,관광,2009-08-01,3439.0
싱가포르,관광,2009-09-01,5659.0
싱가포르,관광,2009-10-01,7498.0
싱가포르,관광,2009-11-01,10652.0
싱가포르,관광,2009-12-01,20736.0
싱가포르,관광,2010-01-01,4201.0
싱가포르,관광,2010-02-01,4677.0
싱가포르,관광,2010-03-01,6216.0
싱가포르,관광,2010-04-01,7588.0
싱가포르,관광,2010-05-01,7411.0
싱가포르,관광,2010-06-01,10171.0
싱가포르,관광,2010-07-01,4417.0
싱가포르,관광,2010-08-01,4469.0
싱가포르,관광,2010-09-01,6067.0
싱가포르,관광,2010-10-01,8998.0
싱가포르,관광,2010-11-01,11260.0
싱가포르,관광,2010-12-01,22208.0
싱가포르,관광,2011-01-01,4448.0
싱가포르,관광,2011-02-01,4652.0
싱가포르,관광,2011-03-01,6158.0
싱가포르,관광,2011-04-01,7674.0
싱가포르,관광,2011-05-01,7015.0
싱가포르,관광,2011-06-01,10590.0
싱가포르,관광,2011-07-01,5092.0
싱가포르,관광,2011-08-01,4731.0
싱가포르,관광,2011-09-01,7902.0
싱가포르,관광,2011-10-01,10352.0
싱가포르,관광,2011-11-01,12238.0
싱가포르,관광,2011-12-01,26514.0
싱가포르,관광,2012-01-01,5925.0
싱가포르,관광,2012-02-01,4735.0
싱가포르,관광,2012-03-01,8410.0
싱가포르,관광,2012-04-01,11445.0
싱가포르,관광,2012-05-01,12196.0
싱가포르,관광,2012-06-01,14607.0
싱가포르,관광,2012-07-01,6660.0
싱가포르,관광,2012-08-01,6268.0
싱가포르,관광,2012-09-01,9159.0
싱가포르,관광,2012-10-01,13140.0
싱가포르,관광,2012-11-01,13985.0
싱가포르,관광,2012-12-01,29116.0
싱가포르,관광,2013-01-01,5373.0
싱가포르,관광,2013-02-01,6292.0
싱가포르,관광,2013-03-01,10840.0
싱가포르,관광,2013-04-01,11595.0
싱가포르,관광,2013-05-01,10741.0
싱가포르,관광,2013-06-01,16372.0
싱가포르,관광,2013-07-01,7675.0
싱가포르,관광,2013-08-01,8347.0
싱가포르,관광,2013-09-01,12260.0
싱가포르,관광,2013-10-01,16075.0
싱가포르,관광,2013-11-01,16959.0
싱가포르,관광,2013-12-01,30891.0
싱가포르,관광,2014-01-01,7174.0
싱가포르,관광,2014-02-01,6327.0
싱가포르,관광,2014-03-01,13313.0
싱가포르,관광,2014-04-01,16911.0
싱가포르,관광,2014-05-01,15748.0
싱가포르,관광,2014-06-01,19135.0
싱가포르,관광,2014-07-01,8794.0
싱가포르,관광,2014-08-01,8238.0
싱가포르,관광,2014-09-01,13745.0
싱가포르,관광,2014-10-01,18693.0
싱가포르,관광,2014-11-01,19463.0
싱가포르,관광,2014-12-01,33394.0
싱가포르,관광,2015-01-01,7474.0
싱가포르,관광,2015-02-01,6672.0
싱가포르,관광,2015-03-01,14152.0
싱가포르,관광,2015-04-01,16988.0
싱가포르,관광,2015-05-01,15424.0
싱가포르,관광,2015-06-01,6711.0
싱가포르,관광,2015-07-01,3151.0
싱가포르,관광,2015-08-01,5275.0
싱가포르,관광,2015-09-01,10423.0
싱가포르,관광,2015-10-01,14020.0
싱가포르,관광,2015-11-01,16746.0
싱가포르,관광,2015-12-01,25843.0
싱가포르,관광,2016-01-01,6644.0
싱가포르,관광,2016-02-01,6359.0
싱가포르,관광,2016-03-01,15819.0
싱가포르,관광,2016-04-01,18481.0
싱가포르,관광,2016-05-01,15986.0
싱가포르,관광,2016-06-01,19970.0
싱가포르,관광,2016-07-01,9550.0
싱가포르,관광,2016-08-01,8621.0
싱가포르,관광,2016-09-01,15829.0
싱가포르,관광,2016-10-01,21066.0
싱가포르,관광,2016-11-01,22702.0
싱가포르,관광,2016-12-01,38079.0
싱가포르,관광,2017-01-01,8045.0
싱가포르,관광,2017-02-01,7043.0
싱가포르,관광,2017-03-01,19240.0
싱가포르,관광,2017-04-01,21256.0
싱가포르,관광,2017-05-01,16753.0
싱가포르,관광,2017-06-01,19783.0
싱가포르,관광,2017-07-01,8958.0
싱가포르,관광,2017-08-01,8487.0
싱가포르,관광,2017-09-01,13486.0
싱가포르,관광,2017-10-01,17253.0
싱가포르,관광,2017-11-01,20085.0
싱가포르,관광,2017-12-01,34322.0
싱가포르,관광,2018-01-01,7859.0
싱가포르,관광,2018-02-01,7220.0
싱가포르,관광,2018-03-01,20497.0
싱가포르,관광,2018-04-01,19390.0
싱가포르,관광,2018-05-01,18007.0
싱가포르,관광,2018-06-01,21405.0
싱가포르,관광,2018-07-01,9761.0
싱가포르,관광,2018-08-01,9594.0
싱가포르,관광,2018-09-01,13592.0
싱가포르,관광,2018-10-01,20015.0
싱가포르,관광,2018-11-01,24180.0
싱가포르,관광,2018-12-01,38917.0
싱가포르,관광,2019-01-01,8372.0
싱가포르,관광,2019-02-01,8228.0
싱가포르,관광,2019-03-01,20524.0
싱가포르,관광,2019-04-01,21814.0
싱가포르,관광,2019-05-01,18448.0
싱가포르,관광,2019-06-01,23162.0
싱가포르,관광,2019-07-01,9392.0
싱가포르,관광,2019-08-01,11003.0
싱가포르,관광,2019-09-01,16137.0
싱가포르,관광,2019-10-01,23070.0
싱가포르,관광,2019-11-01,25865.0
싱가포르,관광,2019-12-01,40707.0
싱가포르,관광,2020-01-01,9157.0
싱가포르,관광,2020-02-01,4592.0
싱가포르,관광,2020-03-01,159.0
싱가포르,관광,2020-04-01,17.0
싱가포르,관광,2020-05-01,6.0
싱가포르,관광,2020-06-01,5.0
싱가포르,관광,2020-07-01,1.0
싱가포르,관광,2020-08-01,7.0
싱가포르,관광,2020-09-01,3.0
싱가포르,관광,2020-10-01,8.0
싱가포르,관광,2020-11-01,13.0
싱가포르,관광,2020-12-01,8.0
싱가포르,관광,2021-01-01,3.0
싱가포르,관광,2021-02-01,4.0
싱가포르,관광,2021-03-01,10.0
싱가포르,관광,2021-04-01,7.0
싱가포르,관광,2021-05-01,13.0
싱가포르,관광,2021-06-01,3.0
싱가포르,관광,2021-07-01,12.0
싱가포르,관광,2021-08-01,34.0
싱가포르,관광,2021-09-01,53.0
싱가포르,관광,2021-10-01,80.0
싱가포르,관광,2021-11-01,1924.0
싱가포르,관광,2021-12-01,3217.0
싱가포르,관광,2022-01-01,993.0
싱가포르,관광,2022-02-01,956.0
싱가포르,관광,2022-03-01,2018.0
싱가포르,관광,2022-04-01,3381.0
싱가포르,관광,2022-05-01,6043.0
싱가포르,관광,2022-06-01,9549.0
싱가포르,관광,2022-07-01,6747.0
싱가포르,관광,2022-08-01,6182.0
싱가포르,관광,2022-09-01,13621.0
싱가포르,관광,2022-10-01,23306.0
싱가포르,관광,2022-11-01,31319.0
싱가포르,관광,2022-12-01,48860.0
싱가포르,관광,2023-01-01,11591.0
싱가포르,관광,2023-02-01,10484.0
싱가포르,관광,2023-03-01,32525.0
싱가포르,관광,2023-04-01,29560.0
싱가포르,관광,2023-05-01,28700.0
싱가포르,관광,2023-06-01,33638.0
싱가포르,관광,2023-07-01,11547.0
싱가포르,관광,2023-08-01,13107.0
싱가포르,관광,2023-09-01,25145.0
싱가포르,관광,2023-10-01,32798.0
싱가포르,관광,2023-11-01,42723.0
싱가포르,관광,2023-12-01,54572.0
싱가포르,관광,2024-01-01,12289.0
싱가포르,관광,2024-02-01,13518.0
싱가포르,관광,2024-03-01,37013.0
싱가포르,관광,2024-04-01,30684.0
싱가포르,관광,2024-05-01,35399.0
싱가포르,관광,2024-06-01,32353.0
싱가포르,관광,2024-07-01,12300.0
싱가포르,관광,2024-08-01,15374.0
싱가포르,관광,2024-09-01,24258.0
싱가포르,관광,2024-10-01,39014.0
싱가포르,관광,2024-11-01,41856.0
싱가포르,관광,2024-12-01,59721.0
싱가포르,관광,2025-01-01,16019.0
싱가포르,관광,2025-02-01,13806.0
싱가포르,관광,2025-03-01,34726.0
싱가포르,관광,2025-04-01,36300.0
싱가포르,관광,2025-05-01,35939.0
싱가포르,상용,2005-01-01,24.0
싱가포르,상용,2005-02-01,36.0
싱가포르,상용,2005-03-01,30.0
싱가포르,상용,2005-04-01,28.0
싱가포르,상용,2005-05-01,29.0
싱가포르,상용,2005-06-01,38.0
싱가포르,상용,2005-07-01,31.0
싱가포르,상용,2005-08-01,35.0
싱가포르,상용,2005-09-01,32.0
싱가포르,상용,2005-10-01,31.0
싱가포르,상용,2005-11-01,28.0
싱가포르,상용,2005-12-01,27.0
싱가포르,상용,2006-01-01,29.0
싱가포르,상용,2006-02-01,56.0
싱가포르,상용,2006-03-01,30.0
싱가포르,상용,2006-04-01,25.0
싱가포르,상용,2006-05-01,32.0
싱가포르,상용,2006-06-01,33.0
싱가포르,상용,2006-07-01,45.0
싱가포르,상용,2006-08-01,34.0
싱가포르,상용,2006-09-01,33.0
싱가포르,상용,2006-10-01,51.0
싱가포르,상용,2006-11-01,42.0
싱가포르,상용,2006-12-01,35.0
싱가포르,상용,2007-01-01,54.0
싱가포르,상용,2007-02-01,44.0
싱가포르,상용,2007-03-01,74.0
싱가포르,상용,2007-04-01,83.0
싱가포르,상용,2007-05-01,71.0
싱가포르,상용,2007-06-01,75.0
싱가포르,상용,2007-07-01,77.0
싱가포르,상용,2007-08-01,71.0
싱가포르,상용,2007-09-01,73.0
싱가포르,상용,2007-10-01,84.0
싱가포르,상용,2007-11-01,66.0
싱가포르,상용,2007-12-01,54.0
싱가포르,상용,2008-01-01,76.0
싱가포르,상용,2008-02-01,87.0
싱가포르,상용,2008-03-01,89.0
싱가포르,상용,2008-04-01,81.0
싱가포르,상용,2008-05-01,80.0
싱가포르,상용,2008-06-01,104.0
싱가포르,상용,2008-07-01,92.0
싱가포르,상용,2008-08-01,94.0
싱가포르,상용,2008-09-01,84.0
싱가포르,상용,2008-10-01,113.0
싱가포르,상용,2008-11-01,100.0
싱가포르,상용,2008-12-01,71.0
싱가포르,상용,2009-01-01,67.0
싱가포르,상용,2009-02-01,97.0
싱가포르,상용,2009-03-01,114.0
싱가포르,상용,2009-04-01,99.0
싱가포르,상용,2009-05-01,115.0
싱가포르,상용,2009-06-01,111.0
싱가포르,상용,2009-07-01,98.0
싱가포르,상용,2009-08-01,95.0
싱가포르,상용,2009-09-01,88.0
싱가포르,상용,2009-10-01,112.0
싱가포르,상용,2009-11-01,132.0
싱가포르,상용,2009-12-01,112.0
싱가포르,상용,2010-01-01,120.0
싱가포르,상용,2010-02-01,112.0
싱가포르,상용,2010-03-01,162.0
싱가포르,상용,2010-04-01,143.0
싱가포르,상용,2010-05-01,115.0
싱가포르,상용,2010-06-01,125.0
싱가포르,상용,2010-07-01,121.0
싱가포르,상용,2010-08-01,133.0
싱가포르,상용,2010-09-01,111.0
싱가포르,상용,2010-10-01,152.0
싱가포르,상용,2010-11-01,147.0
싱가포르,상용,2010-12-01,125.0
싱가포르,상용,2011-01-01,107.0
싱가포르,상용,2011-02-01,139.0
싱가포르,상용,2011-03-01,124.0
싱가포르,상용,2011-04-01,180.0
싱가포르,상용,2011-05-01,168.0
싱가포르,상용,2011-06-01,165.0
싱가포르,상용,2011-07-01,132.0
싱가포르,상용,2011-08-01,135.0
싱가포르,상용,2011-09-01,170.0
싱가포르,상용,2011-10-01,165.0
싱가포르,상용,2011-11-01,179.0
싱가포르,상용,2011-12-01,118.0
싱가포르,상용,2012-01-01,81.0
싱가포르,상용,2012-02-01,93.0
싱가포르,상용,2012-03-01,111.0
싱가포르,상용,2012-04-01,117.0
싱가포르,상용,2012-05-01,137.0
싱가포르,상용,2012-06-01,98.0
싱가포르,상용,2012-07-01,107.0
싱가포르,상용,2012-08-01,114.0
싱가포르,상용,2012-09-01,128.0
싱가포르,상용,2012-10-01,142.0
싱가포르,상용,2012-11-01,127.0
싱가포르,상용,2012-12-01,112.0
싱가포르,상용,2013-01-01,142.0
싱가포르,상용,2013-02-01,120.0
싱가포르,상용,2013-03-01,136.0
싱가포르,상용,2013-04-01,165.0
싱가포르,상용,2013-05-01,230.0
싱가포르,상용,2013-06-01,166.0
싱가포르,상용,2013-07-01,189.0
싱가포르,상용,2013-08-01,203.0
싱가포르,상용,2013-09-01,244.0
싱가포르,상용,2013-10-01,222.0
싱가포르,상용,2013-11-01,231.0
싱가포르,상용,2013-12-01,219.0
싱가포르,상용,2014-01-01,146.0
싱가포르,상용,2014-02-01,234.0
싱가포르,상용,2014-03-01,235.0
싱가포르,상용,2014-04-01,299.0
싱가포르,상용,2014-05-01,319.0
싱가포르,상용,2014-06-01,267.0
싱가포르,상용,2014-07-01,222.0
싱가포르,상용,2014-08-01,242.0
싱가포르,상용,2014-09-01,238.0
싱가포르,상용,2014-10-01,159.0
싱가포르,상용,2014-11-01,133.0
싱가포르,상용,2014-12-01,140.0
싱가포르,상용,2015-01-01,123.0
싱가포르,상용,2015-02-01,121.0
싱가포르,상용,2015-03-01,165.0
싱가포르,상용,2015-04-01,174.0
싱가포르,상용,2015-05-01,181.0
싱가포르,상용,2015-06-01,98.0
싱가포르,상용,2015-07-01,122.0
싱가포르,상용,2015-08-01,186.0
싱가포르,상용,2015-09-01,186.0
싱가포르,상용,2015-10-01,219.0
싱가포르,상용,2015-11-01,197.0
싱가포르,상용,2015-12-01,152.0
싱가포르,상용,2016-01-01,157.0
싱가포르,상용,2016-02-01,129.0
싱가포르,상용,2016-03-01,193.0
싱가포르,상용,2016-04-01,143.0
싱가포르,상용,2016-05-01,206.0
싱가포르,상용,2016-06-01,168.0
싱가포르,상용,2016-07-01,113.0
싱가포르,상용,2016-08-01,152.0
싱가포르,상용,2016-09-01,127.0
싱가포르,상용,2016-10-01,157.0
싱가포르,상용,2016-11-01,119.0
싱가포르,상용,2016-12-01,121.0
싱가포르,상용,2017-01-01,131.0
싱가포르,상용,2017-02-01,107.0
싱가포르,상용,2017-03-01,161.0
싱가포르,상용,2017-04-01,86.0
싱가포르,상용,2017-05-01,103.0
싱가포르,상용,2017-06-01,101.0
싱가포르,상용,2017-07-01,73.0
싱가포르,상용,2017-08-01,76.0
싱가포르,상용,2017-09-01,82.0
싱가포르,상용,2017-10-01,108.0
싱가포르,상용,2017-11-01,87.0
싱가포르,상용,2017-12-01,76.0
싱가포르,상용,2018-01-01,100.0
싱가포르,상용,2018-02-01,120.0
싱가포르,상용,2018-03-01,118.0
싱가포르,상용,2018-04-01,173.0
싱가포르,상용,2018-05-01,118.0
싱가포르,상용,2018-06-01,117.0
싱가포르,상용,2018-07-01,99.0
싱가포르,상용,2018-08-01,136.0
싱가포르,상용,2018-09-01,134.0
싱가포르,상용,2018-10-01,152.0
싱가포르,상용,2018-11-01,139.0
싱가포르,상용,2018-12-01,105.0
싱가포르,상용,2019-01-01,94.0
싱가포르,상용,2019-02-01,114.0
싱가포르,상용,2019-03-01,161.0
싱가포르,상용,2019-04-01,116.0
싱가포르,상용,2019-05-01,152.0
싱가포르,상용,2019-06-01,128.0
싱가포르,상용,2019-07-01,138.0
싱가포르,상용,2019-08-01,206.0
싱가포르,상용,2019-09-01,137.0
싱가포르,상용,2019-10-01,199.0
싱가포르,상용,2019-11-01,162.0
싱가포르,상용,2019-12-01,112.0
싱가포르,상용,2020-01-01,80.0
싱가포르,상용,2020-02-01,49.0
싱가포르,상용,2020-03-01,5.0
싱가포르,상용,2020-04-01,5.0
싱가포르,상용,2020-05-01,10.0
싱가포르,상용,2020-06-01,9.0
싱가포르,상용,2020-07-01,11.0
싱가포르,상용,2020-08-01,14.0
싱가포르,상용,2020-09-01,22.0
싱가포르,상용,2020-10-01,33.0
싱가포르,상용,2020-11-01,41.0
싱가포르,상용,2020-12-01,20.0
싱가포르,상용,2021-01-01,21.0
싱가포르,상용,2021-02-01,17.0
싱가포르,상용,2021-03-01,29.0
싱가포르,상용,2021-04-01,16.0
싱가포르,상용,2021-05-01,14.0
싱가포르,상용,2021-06-01,7.0
싱가포르,상용,2021-07-01,20.0
싱가포르,상용,2021-08-01,29.0
싱가포르,상용,2021-09-01,43.0
싱가포르,상용,2021-10-01,53.0
싱가포르,상용,2021-11-01,180.0
싱가포르,상용,2021-12-01,81.0
싱가포르,상용,2022-01-01,53.0
싱가포르,상용,2022-02-01,71.0
싱가포르,상용,2022-03-01,90.0
싱가포르,상용,2022-04-01,152.0
싱가포르,상용,2022-05-01,224.0
싱가포르,상용,2022-06-01,264.0
싱가포르,상용,2022-07-01,237.0
싱가포르,상용,2022-08-01,309.0
싱가포르,상용,2022-09-01,310.0
싱가포르,상용,2022-10-01,471.0
싱가포르,상용,2022-11-01,444.0
싱가포르,상용,2022-12-01,405.0
싱가포르,상용,2023-01-01,249.0
싱가포르,상용,2023-02-01,273.0
싱가포르,상용,2023-03-01,430.0
싱가포르,상용,2023-04-01,314.0
싱가포르,상용,2023-05-01,241.0
싱가포르,상용,2023-06-01,161.0
싱가포르,상용,2023-07-01,131.0
싱가포르,상용,2023-08-01,120.0
싱가포르,상용,2023-09-01,137.0
싱가포르,상용,2023-10-01,210.0
싱가포르,상용,2023-11-01,146.0
싱가포르,상용,2023-12-01,147.0
싱가포르,상용,2024-01-01,117.0
싱가포르,상용,2024-02-01,92.0
싱가포르,상용,2024-03-01,180.0
싱가포르,상용,2024-04-01,138.0
싱가포르,상용,2024-05-01,149.0
싱가포르,상용,2024-06-01,132.0
싱가포르,상용,2024-07-01,116.0
싱가포르,상용,2024-08-01,99.0
싱가포르,상용,2024-09-01,111.0
싱가포르,상용,2024-10-01,138.0
싱가포르,상용,2024-11-01,116.0
싱가포르,상용,2024-12-01,102.0
싱가포르,상용,2025-01-01,64.0
싱가포르,상용,2025-02-01,94.0
싱가포르,상용,2025-03-01,104.0
싱가포르,상용,2025-04-01,116.0
싱가포르,상용,2025-05-01,119.0
싱가포르,유학연수,2005-01-01,4.0
싱가포르,유학연수,2005-02-01,8.0
싱가포르,유학연수,2005-03-01,0.0
싱가포르,유학연수,2005-04-01,1.0
싱가포르,유학연수,2005-05-01,0.0
싱가포르,유학연수,2005-06-01,0.0
싱가포르,유학연수,2005-07-01,11.0
싱가포르,유학연수,2005-08-01,2.0
싱가포르,유학연수,2005-09-01,2.0
싱가포르,유학연수,2005-10-01,2.0
싱가포르,유학연수,2005-11-01,0.0
싱가포르,유학연수,2005-12-01,1.0
싱가포르,유학연수,2006-01-01,2.0
싱가포르,유학연수,2006-02-01,5.0
싱가포르,유학연수,2006-03-01,2.0
싱가포르,유학연수,2006-04-01,1.0
싱가포르,유학연수,2006-05-01,0.0
싱가포르,유학연수,2006-06-01,0.0
싱가포르,유학연수,2006-07-01,14.0
싱가포르,유학연수,2006-08-01,13.0
싱가포르,유학연수,2006-09-01,3.0
싱가포르,유학연수,2006-10-01,5.0
싱가포르,유학연수,2006-11-01,4.0
싱가포르,유학연수,2006-12-01,1.0
싱가포르,유학연수,2007-01-01,6.0
싱가포르,유학연수,2007-02-01,20.0
싱가포르,유학연수,2007-03-01,2.0
싱가포르,유학연수,2007-04-01,1.0
싱가포르,유학연수,2007-05-01,1.0
싱가포르,유학연수,2007-06-01,6.0
싱가포르,유학연수,2007-07-01,7.0
싱가포르,유학연수,2007-08-01,29.0
싱가포르,유학연수,2007-09-01,2.0
싱가포르,유학연수,2007-10-01,1.0
싱가포르,유학연수,2007-11-01,2.0
싱가포르,유학연수,2007-12-01,4.0
싱가포르,유학연수,2008-01-01,1.0
싱가포르,유학연수,2008-02-01,31.0
싱가포르,유학연수,2008-03-01,4.0
싱가포르,유학연수,2008-04-01,0.0
싱가포르,유학연수,2008-05-01,5.0
싱가포르,유학연수,2008-06-01,19.0
싱가포르,유학연수,2008-07-01,18.0
싱가포르,유학연수,2008-08-01,48.0
싱가포르,유학연수,2008-09-01,12.0
싱가포르,유학연수,2008-10-01,1.0
싱가포르,유학연수,2008-11-01,8.0
싱가포르,유학연수,2008-12-01,4.0
싱가포르,유학연수,2009-01-01,14.0
싱가포르,유학연수,2009-02-01,32.0
싱가포르,유학연수,2009-03-01,5.0
싱가포르,유학연수,2009-04-01,3.0
싱가포르,유학연수,2009-05-01,11.0
싱가포르,유학연수,2009-06-01,12.0
싱가포르,유학연수,2009-07-01,24.0
싱가포르,유학연수,2009-08-01,79.0
싱가포르,유학연수,2009-09-01,11.0
싱가포르,유학연수,2009-10-01,14.0
싱가포르,유학연수,2009-11-01,16.0
싱가포르,유학연수,2009-12-01,12.0
싱가포르,유학연수,2010-01-01,27.0
싱가포르,유학연수,2010-02-01,77.0
싱가포르,유학연수,2010-03-01,13.0
싱가포르,유학연수,2010-04-01,10.0
싱가포르,유학연수,2010-05-01,12.0
싱가포르,유학연수,2010-06-01,22.0
싱가포르,유학연수,2010-07-01,25.0
싱가포르,유학연수,2010-08-01,135.0
싱가포르,유학연수,2010-09-01,26.0
싱가포르,유학연수,2010-10-01,4.0
싱가포르,유학연수,2010-11-01,17.0
싱가포르,유학연수,2010-12-01,25.0
싱가포르,유학연수,2011-01-01,27.0
싱가포르,유학연수,2011-02-01,101.0
싱가포르,유학연수,2011-03-01,11.0
싱가포르,유학연수,2011-04-01,9.0
싱가포르,유학연수,2011-05-01,22.0
싱가포르,유학연수,2011-06-01,18.0
싱가포르,유학연수,2011-07-01,39.0
싱가포르,유학연수,2011-08-01,212.0
싱가포르,유학연수,2011-09-01,22.0
싱가포르,유학연수,2011-10-01,14.0
싱가포르,유학연수,2011-11-01,19.0
싱가포르,유학연수,2011-12-01,44.0
싱가포르,유학연수,2012-01-01,27.0
싱가포르,유학연수,2012-02-01,144.0
싱가포르,유학연수,2012-03-01,18.0
싱가포르,유학연수,2012-04-01,11.0
싱가포르,유학연수,2012-05-01,12.0
싱가포르,유학연수,2012-06-01,33.0
싱가포르,유학연수,2012-07-01,46.0
싱가포르,유학연수,2012-08-01,236.0
싱가포르,유학연수,2012-09-01,28.0
싱가포르,유학연수,2012-10-01,38.0
싱가포르,유학연수,2012-11-01,15.0
싱가포르,유학연수,2012-12-01,57.0
싱가포르,유학연수,2013-01-01,24.0
싱가포르,유학연수,2013-02-01,206.0
싱가포르,유학연수,2013-03-01,35.0
싱가포르,유학연수,2013-04-01,24.0
싱가포르,유학연수,2013-05-01,29.0
싱가포르,유학연수,2013-06-01,45.0
싱가포르,유학연수,2013-07-01,71.0
싱가포르,유학연수,2013-08-01,295.0
싱가포르,유학연수,2013-09-01,57.0
싱가포르,유학연수,2013-10-01,16.0
싱가포르,유학연수,2013-11-01,34.0
싱가포르,유학연수,2013-12-01,43.0
싱가포르,유학연수,2014-01-01,40.0
싱가포르,유학연수,2014-02-01,208.0
싱가포르,유학연수,2014-03-01,39.0
싱가포르,유학연수,2014-04-01,15.0
싱가포르,유학연수,2014-05-01,32.0
싱가포르,유학연수,2014-06-01,37.0
싱가포르,유학연수,2014-07-01,52.0
싱가포르,유학연수,2014-08-01,344.0
싱가포르,유학연수,2014-09-01,41.0
싱가포르,유학연수,2014-10-01,20.0
싱가포르,유학연수,2014-11-01,47.0
싱가포르,유학연수,2014-12-01,59.0
싱가포르,유학연수,2015-01-01,56.0
싱가포르,유학연수,2015-02-01,210.0
싱가포르,유학연수,2015-03-01,26.0
싱가포르,유학연수,2015-04-01,13.0
싱가포르,유학연수,2015-05-01,34.0
싱가포르,유학연수,2015-06-01,39.0
싱가포르,유학연수,2015-07-01,39.0
싱가포르,유학연수,2015-08-01,382.0
싱가포르,유학연수,2015-09-01,43.0
싱가포르,유학연수,2015-10-01,23.0
싱가포르,유학연수,2015-11-01,43.0
싱가포르,유학연수,2015-12-01,52.0
싱가포르,유학연수,2016-01-01,38.0
싱가포르,유학연수,2016-02-01,262.0
싱가포르,유학연수,2016-03-01,31.0
싱가포르,유학연수,2016-04-01,19.0
싱가포르,유학연수,2016-05-01,43.0
싱가포르,유학연수,2016-06-01,72.0
싱가포르,유학연수,2016-07-01,49.0
싱가포르,유학연수,2016-08-01,479.0
싱가포르,유학연수,2016-09-01,41.0
싱가포르,유학연수,2016-10-01,28.0
싱가포르,유학연수,2016-11-01,71.0
싱가포르,유학연수,2016-12-01,165.0
싱가포르,유학연수,2017-01-01,27.0
싱가포르,유학연수,2017-02-01,276.0
싱가포르,유학연수,2017-03-01,38.0
싱가포르,유학연수,2017-04-01,14.0
싱가포르,유학연수,2017-05-01,46.0
싱가포르,유학연수,2017-06-01,75.0
싱가포르,유학연수,2017-07-01,50.0
싱가포르,유학연수,2017-08-01,590.0
싱가포르,유학연수,2017-09-01,30.0
싱가포르,유학연수,2017-10-01,64.0
싱가포르,유학연수,2017-11-01,102.0
싱가포르,유학연수,2017-12-01,94.0
싱가포르,유학연수,2018-01-01,46.0
싱가포르,유학연수,2018-02-01,270.0
싱가포르,유학연수,2018-03-01,42.0
싱가포르,유학연수,2018-04-01,29.0
싱가포르,유학연수,2018-05-01,45.0
싱가포르,유학연수,2018-06-01,65.0
싱가포르,유학연수,2018-07-01,57.0
싱가포르,유학연수,2018-08-01,493.0
싱가포르,유학연수,2018-09-01,63.0
싱가포르,유학연수,2018-10-01,32.0
싱가포르,유학연수,2018-11-01,91.0
싱가포르,유학연수,2018-12-01,81.0
싱가포르,유학연수,2019-01-01,48.0
싱가포르,유학연수,2019-02-01,257.0
싱가포르,유학연수,2019-03-01,49.0
싱가포르,유학연수,2019-04-01,19.0
싱가포르,유학연수,2019-05-01,71.0
싱가포르,유학연수,2019-06-01,50.0
싱가포르,유학연수,2019-07-01,43.0
싱가포르,유학연수,2019-08-01,367.0
싱가포르,유학연수,2019-09-01,63.0
싱가포르,유학연수,2019-10-01,37.0
싱가포르,유학연수,2019-11-01,88.0
싱가포르,유학연수,2019-12-01,76.0
싱가포르,유학연수,2020-01-01,54.0
싱가포르,유학연수,2020-02-01,132.0
싱가포르,유학연수,2020-03-01,13.0
싱가포르,유학연수,2020-04-01,3.0
싱가포르,유학연수,2020-05-01,3.0
싱가포르,유학연수,2020-06-01,2.0
싱가포르,유학연수,2020-07-01,0.0
싱가포르,유학연수,2020-08-01,22.0
싱가포르,유학연수,2020-09-01,5.0
싱가포르,유학연수,2020-10-01,2.0
싱가포르,유학연수,2020-11-01,9.0
싱가포르,유학연수,2020-12-01,4.0
싱가포르,유학연수,2021-01-01,3.0
싱가포르,유학연수,2021-02-01,24.0
싱가포르,유학연수,2021-03-01,7.0
싱가포르,유학연수,2021-04-01,1.0
싱가포르,유학연수,2021-05-01,5.0
싱가포르,유학연수,2021-06-01,8.0
싱가포르,유학연수,2021-07-01,1.0
싱가포르,유학연수,2021-08-01,42.0
싱가포르,유학연수,2021-09-01,6.0
싱가포르,유학연수,2021-10-01,1.0
싱가포르,유학연수,2021-11-01,13.0
싱가포르,유학연수,2021-12-01,5.0
싱가포르,유학연수,2022-01-01,5.0
싱가포르,유학연수,2022-02-01,182.0
싱가포르,유학연수,2022-03-01,12.0
싱가포르,유학연수,2022-04-01,3.0
싱가포르,유학연수,2022-05-01,16.0
싱가포르,유학연수,2022-06-01,9.0
싱가포르,유학연수,2022-07-01,15.0
싱가포르,유학연수,2022-08-01,217.0
싱가포르,유학연수,2022-09-01,23.0
싱가포르,유학연수,2022-10-01,7.0
싱가포르,유학연수,2022-11-01,21.0
싱가포르,유학연수,2022-12-01,33.0
싱가포르,유학연수,2023-01-01,38.0
싱가포르,유학연수,2023-02-01,224.0
싱가포르,유학연수,2023-03-01,32.0
싱가포르,유학연수,2023-04-01,15.0
싱가포르,유학연수,2023-05-01,58.0
싱가포르,유학연수,2023-06-01,47.0
싱가포르,유학연수,2023-07-01,48.0
싱가포르,유학연수,2023-08-01,276.0
싱가포르,유학연수,2023-09-01,38.0
싱가포르,유학연수,2023-10-01,34.0
싱가포르,유학연수,2023-11-01,53.0
싱가포르,유학연수,2023-12-01,47.0
싱가포르,유학연수,2024-01-01,27.0
싱가포르,유학연수,2024-02-01,200.0
싱가포르,유학연수,2024-03-01,46.0
싱가포르,유학연수,2024-04-01,25.0
싱가포르,유학연수,2024-05-01,65.0
싱가포르,유학연수,2024-06-01,59.0
싱가포르,유학연수,2024-07-01,60.0
싱가포르,유학연수,2024-08-01,255.0
싱가포르,유학연수,2024-09-01,29.0
싱가포르,유학연수,2024-10-01,19.0
싱가포르,유학연수,2024-11-01,40.0
싱가포르,유학연수,2024-12-01,49.0
싱가포르,유학연수,2025-01-01,36.0
싱가포르,유학연수,2025-02-01,220.0
싱가포르,유학연수,2025-03-01,51.0
싱가포르,유학연수,2025-04-01,17.0
싱가포르,유학연수,2025-05-01,76.0
아르헨티나,공용,2005-01-01,0.0
아르헨티나,공용,2005-02-01,0.0
아르헨티나,공용,2005-03-01,0.0
아르헨티나,공용,2005-04-01,0.0
아르헨티나,공용,2005-05-01,0.0
아르헨티나,공용,2005-06-01,0.0
아르헨티나,공용,2005-07-01,1.0
아르헨티나,공용,2005-08-01,1.0
아르헨티나,공용,2005-09-01,0.0
아르헨티나,공용,2005-10-01,0.0
아르헨티나,공용,2005-11-01,0.0
아르헨티나,공용,2005-12-01,0.0
아르헨티나,공용,2006-01-01,0.0
아르헨티나,공용,2006-02-01,0.0
아르헨티나,공용,2006-03-01,1.0
아르헨티나,공용,2006-04-01,0.0
아르헨티나,공용,2006-05-01,1.0
아르헨티나,공용,2006-06-01,0.0
아르헨티나,공용,2006-07-01,0.0
아르헨티나,공용,2006-08-01,0.0
아르헨티나,공용,2006-09-01,1.0
아르헨티나,공용,2006-10-01,0.0
아르헨티나,공용,2006-11-01,0.0
아르헨티나,공용,2006-12-01,0.0
아르헨티나,공용,2007-01-01,0.0
아르헨티나,공용,2007-02-01,0.0
아르헨티나,공용,2007-03-01,0.0
아르헨티나,공용,2007-04-01,0.0
아르헨티나,공용,2007-05-01,0.0
아르헨티나,공용,2007-06-01,0.0
아르헨티나,공용,2007-07-01,0.0
아르헨티나,공용,2007-08-01,0.0
아르헨티나,공용,2007-09-01,0.0
아르헨티나,공용,2007-10-01,0.0
아르헨티나,공용,2007-11-01,0.0
아르헨티나,공용,2007-12-01,0.0
아르헨티나,공용,2008-01-01,0.0
아르헨티나,공용,2008-02-01,0.0
아르헨티나,공용,2008-03-01,0.0
아르헨티나,공용,2008-04-01,0.0
아르헨티나,공용,2008-05-01,0.0
아르헨티나,공용,2008-06-01,0.0
아르헨티나,공용,2008-07-01,1.0
아르헨티나,공용,2008-08-01,1.0
아르헨티나,공용,2008-09-01,2.0
아르헨티나,공용,2008-10-01,0.0
아르헨티나,공용,2008-11-01,0.0
아르헨티나,공용,2008-12-01,2.0
아르헨티나,공용,2009-01-01,0.0
아르헨티나,공용,2009-02-01,0.0
아르헨티나,공용,2009-03-01,0.0
아르헨티나,공용,2009-04-01,6.0
아르헨티나,공용,2009-05-01,0.0
아르헨티나,공용,2009-06-01,0.0
아르헨티나,공용,2009-07-01,0.0
아르헨티나,공용,2009-08-01,2.0
아르헨티나,공용,2009-09-01,6.0
아르헨티나,공용,2009-10-01,0.0
아르헨티나,공용,2009-11-01,0.0
아르헨티나,공용,2009-12-01,0.0
아르헨티나,공용,2010-01-01,0.0
아르헨티나,공용,2010-02-01,0.0
아르헨티나,공용,2010-03-01,3.0
아르헨티나,공용,2010-04-01,3.0
아르헨티나,공용,2010-05-01,0.0
아르헨티나,공용,2010-06-01,4.0
아르헨티나,공용,2010-07-01,0.0
아르헨티나,공용,2010-08-01,1.0
아르헨티나,공용,2010-09-01,0.0
아르헨티나,공용,2010-10-01,0.0
아르헨티나,공용,2010-11-01,7.0
아르헨티나,공용,2010-12-01,0.0
아르헨티나,공용,2011-01-01,0.0
아르헨티나,공용,2011-02-01,0.0
아르헨티나,공용,2011-03-01,0.0
아르헨티나,공용,2011-04-01,3.0
아르헨티나,공용,2011-05-01,1.0
아르헨티나,공용,2011-06-01,0.0
아르헨티나,공용,2011-07-01,1.0
아르헨티나,공용,2011-08-01,0.0
아르헨티나,공용,2011-09-01,3.0
아르헨티나,공용,2011-10-01,0.0
아르헨티나,공용,2011-11-01,3.0
아르헨티나,공용,2011-12-01,0.0
아르헨티나,공용,2012-01-01,0.0
아르헨티나,공용,2012-02-01,1.0
아르헨티나,공용,2012-03-01,0.0
아르헨티나,공용,2012-04-01,2.0
아르헨티나,공용,2012-05-01,19.0
아르헨티나,공용,2012-06-01,14.0
아르헨티나,공용,2012-07-01,17.0
아르헨티나,공용,2012-08-01,4.0
아르헨티나,공용,2012-09-01,1.0
아르헨티나,공용,2012-10-01,2.0
아르헨티나,공용,2012-11-01,1.0
아르헨티나,공용,2012-12-01,0.0
아르헨티나,공용,2013-01-01,0.0
아르헨티나,공용,2013-02-01,0.0
아르헨티나,공용,2013-03-01,5.0
아르헨티나,공용,2013-04-01,0.0
아르헨티나,공용,2013-05-01,0.0
아르헨티나,공용,2013-06-01,0.0
아르헨티나,공용,2013-07-01,0.0
아르헨티나,공용,2013-08-01,5.0
아르헨티나,공용,2013-09-01,4.0
아르헨티나,공용,2013-10-01,0.0
아르헨티나,공용,2013-11-01,1.0
아르헨티나,공용,2013-12-01,0.0
아르헨티나,공용,2014-01-01,4.0
아르헨티나,공용,2014-02-01,1.0
아르헨티나,공용,2014-03-01,1.0
아르헨티나,공용,2014-04-01,3.0
아르헨티나,공용,2014-05-01,2.0
아르헨티나,공용,2014-06-01,0.0
아르헨티나,공용,2014-07-01,2.0
아르헨티나,공용,2014-08-01,0.0
아르헨티나,공용,2014-09-01,0.0
아르헨티나,공용,2014-10-01,7.0
아르헨티나,공용,2014-11-01,3.0
아르헨티나,공용,2014-12-01,0.0
아르헨티나,공용,2015-01-01,1.0
아르헨티나,공용,2015-02-01,0.0
아르헨티나,공용,2015-03-01,1.0
아르헨티나,공용,2015-04-01,7.0
아르헨티나,공용,2015-05-01,2.0
아르헨티나,공용,2015-06-01,0.0
아르헨티나,공용,2015-07-01,1.0
아르헨티나,공용,2015-08-01,0.0
아르헨티나,공용,2015-09-01,6.0
아르헨티나,공용,2015-10-01,5.0
아르헨티나,공용,2015-11-01,0.0
아르헨티나,공용,2015-12-01,0.0
아르헨티나,공용,2016-01-01,0.0
아르헨티나,공용,2016-02-01,1.0
아르헨티나,공용,2016-03-01,1.0
아르헨티나,공용,2016-04-01,0.0
아르헨티나,공용,2016-05-01,3.0
아르헨티나,공용,2016-06-01,0.0
아르헨티나,공용,2016-07-01,0.0
아르헨티나,공용,2016-08-01,0.0
아르헨티나,공용,2016-09-01,6.0
아르헨티나,공용,2016-10-01,1.0
아르헨티나,공용,2016-11-01,0.0
아르헨티나,공용,2016-12-01,0.0
아르헨티나,공용,2017-01-01,0.0
아르헨티나,공용,2017-02-01,1.0
아르헨티나,공용,2017-03-01,0.0
아르헨티나,공용,2017-04-01,0.0
아르헨티나,공용,2017-05-01,0.0
아르헨티나,공용,2017-06-01,1.0
아르헨티나,공용,2017-07-01,1.0
아르헨티나,공용,2017-08-01,2.0
아르헨티나,공용,2017-09-01,0.0
아르헨티나,공용,2017-10-01,1.0
아르헨티나,공용,2017-11-01,0.0
아르헨티나,공용,2017-12-01,2.0
아르헨티나,공용,2018-01-01,0.0
아르헨티나,공용,2018-02-01,0.0
아르헨티나,공용,2018-03-01,5.0
아르헨티나,공용,2018-04-01,4.0
아르헨티나,공용,2018-05-01,0.0
아르헨티나,공용,2018-06-01,0.0
아르헨티나,공용,2018-07-01,0.0
아르헨티나,공용,2018-08-01,0.0
아르헨티나,공용,2018-09-01,3.0
아르헨티나,공용,2018-10-01,0.0
아르헨티나,공용,2018-11-01,0.0
아르헨티나,공용,2018-12-01,0.0
아르헨티나,공용,2019-01-01,1.0
아르헨티나,공용,2019-02-01,1.0
아르헨티나,공용,2019-03-01,7.0
아르헨티나,공용,2019-04-01,2.0
아르헨티나,공용,2019-05-01,1.0
아르헨티나,공용,2019-06-01,2.0
아르헨티나,공용,2019-07-01,1.0
아르헨티나,공용,2019-08-01,1.0
아르헨티나,공용,2019-09-01,0.0
아르헨티나,공용,2019-10-01,1.0
아르헨티나,공용,2019-11-01,0.0
아르헨티나,공용,2019-12-01,1.0
아르헨티나,공용,2020-01-01,0.0
아르헨티나,공용,2020-02-01,1.0
아르헨티나,공용,2020-03-01,0.0
아르헨티나,공용,2020-04-01,0.0
아르헨티나,공용,2020-05-01,0.0
아르헨티나,공용,2020-06-01,0.0
아르헨티나,공용,2020-07-01,0.0
아르헨티나,공용,2020-08-01,0.0
아르헨티나,공용,2020-09-01,0.0
아르헨티나,공용,2020-10-01,0.0
아르헨티나,공용,2020-11-01,0.0
아르헨티나,공용,2020-12-01,0.0
아르헨티나,공용,2021-01-01,1.0
아르헨티나,공용,2021-02-01,0.0
아르헨티나,공용,2021-03-01,0.0
아르헨티나,공용,2021-04-01,0.0
아르헨티나,공용,2021-05-01,0.0
아르헨티나,공용,2021-06-01,0.0
아르헨티나,공용,2021-07-01,1.0
아르헨티나,공용,2021-08-01,2.0
아르헨티나,공용,2021-09-01,2.0
아르헨티나,공용,2021-10-01,3.0
아르헨티나,공용,2021-11-01,1.0
아르헨티나,공용,2021-12-01,0.0
아르헨티나,공용,2022-01-01,0.0
아르헨티나,공용,2022-02-01,1.0
아르헨티나,공용,2022-03-01,0.0
아르헨티나,공용,2022-04-01,1.0
아르헨티나,공용,2022-05-01,2.0
아르헨티나,공용,2022-06-01,1.0
아르헨티나,공용,2022-07-01,0.0
아르헨티나,공용,2022-08-01,2.0
아르헨티나,공용,2022-09-01,0.0
아르헨티나,공용,2022-10-01,1.0
아르헨티나,공용,2022-11-01,1.0
아르헨티나,공용,2022-12-01,0.0
아르헨티나,공용,2023-01-01,1.0
아르헨티나,공용,2023-02-01,1.0
아르헨티나,공용,2023-03-01,1.0
아르헨티나,공용,2023-04-01,0.0
아르헨티나,공용,2023-05-01,0.0
아르헨티나,공용,2023-06-01,0.0
아르헨티나,공용,2023-07-01,1.0
아르헨티나,공용,2023-08-01,3.0
아르헨티나,공용,2023-09-01,1.0
아르헨티나,공용,2023-10-01,0.0
아르헨티나,공용,2023-11-01,0.0
아르헨티나,공용,2023-12-01,0.0
아르헨티나,공용,2024-01-01,0.0
아르헨티나,공용,2024-02-01,0.0
아르헨티나,공용,2024-03-01,1.0
아르헨티나,공용,2024-04-01,0.0
아르헨티나,공용,2024-05-01,1.0
아르헨티나,공용,2024-06-01,1.0
아르헨티나,공용,2024-07-01,4.0
아르헨티나,공용,2024-08-01,0.0
아르헨티나,공용,2024-09-01,1.0
아르헨티나,공용,2024-10-01,0.0
아르헨티나,공용,2024-11-01,0.0
아르헨티나,공용,2024-12-01,0.0
아르헨티나,공용,2025-01-01,0.0
아르헨티나,공용,2025-02-01,0.0
아르헨티나,공용,2025-03-01,0.0
아르헨티나,공용,2025-04-01,1.0
아르헨티나,공용,2025-05-01,0.0
아르헨티나,관광,2005-01-01,112.0
아르헨티나,관광,2005-02-01,74.0
아르헨티나,관광,2005-03-01,91.0
아르헨티나,관광,2005-04-01,109.0
아르헨티나,관광,2005-05-01,123.0
아르헨티나,관광,2005-06-01,139.0
아르헨티나,관광,2005-07-01,117.0
아르헨티나,관광,2005-08-01,119.0
아르헨티나,관광,2005-09-01,98.0
아르헨티나,관광,2005-10-01,134.0
아르헨티나,관광,2005-11-01,100.0
아르헨티나,관광,2005-12-01,107.0
아르헨티나,관광,2006-01-01,121.0
아르헨티나,관광,2006-02-01,96.0
아르헨티나,관광,2006-03-01,80.0
아르헨티나,관광,2006-04-01,105.0
아르헨티나,관광,2006-05-01,101.0
아르헨티나,관광,2006-06-01,110.0
아르헨티나,관광,2006-07-01,97.0
아르헨티나,관광,2006-08-01,148.0
아르헨티나,관광,2006-09-01,123.0
아르헨티나,관광,2006-10-01,134.0
아르헨티나,관광,2006-11-01,108.0
아르헨티나,관광,2006-12-01,108.0
아르헨티나,관광,2007-01-01,148.0
아르헨티나,관광,2007-02-01,77.0
아르헨티나,관광,2007-03-01,101.0
아르헨티나,관광,2007-04-01,114.0
아르헨티나,관광,2007-05-01,131.0
아르헨티나,관광,2007-06-01,213.0
아르헨티나,관광,2007-07-01,155.0
아르헨티나,관광,2007-08-01,163.0
아르헨티나,관광,2007-09-01,123.0
아르헨티나,관광,2007-10-01,166.0
아르헨티나,관광,2007-11-01,131.0
아르헨티나,관광,2007-12-01,121.0
아르헨티나,관광,2008-01-01,150.0
아르헨티나,관광,2008-02-01,84.0
아르헨티나,관광,2008-03-01,101.0
아르헨티나,관광,2008-04-01,126.0
아르헨티나,관광,2008-05-01,141.0
아르헨티나,관광,2008-06-01,144.0
아르헨티나,관광,2008-07-01,201.0
아르헨티나,관광,2008-08-01,107.0
아르헨티나,관광,2008-09-01,200.0
아르헨티나,관광,2008-10-01,150.0
아르헨티나,관광,2008-11-01,93.0
아르헨티나,관광,2008-12-01,177.0
아르헨티나,관광,2009-01-01,166.0
아르헨티나,관광,2009-02-01,124.0
아르헨티나,관광,2009-03-01,86.0
아르헨티나,관광,2009-04-01,95.0
아르헨티나,관광,2009-05-01,150.0
아르헨티나,관광,2009-06-01,125.0
아르헨티나,관광,2009-07-01,135.0
아르헨티나,관광,2009-08-01,148.0
아르헨티나,관광,2009-09-01,129.0
아르헨티나,관광,2009-10-01,198.0
아르헨티나,관광,2009-11-01,152.0
아르헨티나,관광,2009-12-01,176.0
아르헨티나,관광,2010-01-01,129.0
아르헨티나,관광,2010-02-01,138.0
아르헨티나,관광,2010-03-01,139.0
아르헨티나,관광,2010-04-01,143.0
아르헨티나,관광,2010-05-01,209.0
아르헨티나,관광,2010-06-01,284.0
아르헨티나,관광,2010-07-01,186.0
아르헨티나,관광,2010-08-01,117.0
아르헨티나,관광,2010-09-01,194.0
아르헨티나,관광,2010-10-01,227.0
아르헨티나,관광,2010-11-01,238.0
아르헨티나,관광,2010-12-01,212.0
아르헨티나,관광,2011-01-01,170.0
아르헨티나,관광,2011-02-01,90.0
아르헨티나,관광,2011-03-01,141.0
아르헨티나,관광,2011-04-01,175.0
아르헨티나,관광,2011-05-01,257.0
아르헨티나,관광,2011-06-01,157.0
아르헨티나,관광,2011-07-01,142.0
아르헨티나,관광,2011-08-01,155.0
아르헨티나,관광,2011-09-01,141.0
아르헨티나,관광,2011-10-01,260.0
아르헨티나,관광,2011-11-01,335.0
아르헨티나,관광,2011-12-01,160.0
아르헨티나,관광,2012-01-01,128.0
아르헨티나,관광,2012-02-01,131.0
아르헨티나,관광,2012-03-01,206.0
아르헨티나,관광,2012-04-01,300.0
아르헨티나,관광,2012-05-01,241.0
아르헨티나,관광,2012-06-01,196.0
아르헨티나,관광,2012-07-01,164.0
아르헨티나,관광,2012-08-01,133.0
아르헨티나,관광,2012-09-01,213.0
아르헨티나,관광,2012-10-01,368.0
아르헨티나,관광,2012-11-01,163.0
아르헨티나,관광,2012-12-01,120.0
아르헨티나,관광,2013-01-01,174.0
아르헨티나,관광,2013-02-01,104.0
아르헨티나,관광,2013-03-01,177.0
아르헨티나,관광,2013-04-01,173.0
아르헨티나,관광,2013-05-01,320.0
아르헨티나,관광,2013-06-01,215.0
아르헨티나,관광,2013-07-01,157.0
아르헨티나,관광,2013-08-01,151.0
아르헨티나,관광,2013-09-01,196.0
아르헨티나,관광,2013-10-01,329.0
아르헨티나,관광,2013-11-01,202.0
아르헨티나,관광,2013-12-01,140.0
아르헨티나,관광,2014-01-01,144.0
아르헨티나,관광,2014-02-01,135.0
아르헨티나,관광,2014-03-01,182.0
아르헨티나,관광,2014-04-01,221.0
아르헨티나,관광,2014-05-01,158.0
아르헨티나,관광,2014-06-01,169.0
아르헨티나,관광,2014-07-01,152.0
아르헨티나,관광,2014-08-01,211.0
아르헨티나,관광,2014-09-01,232.0
아르헨티나,관광,2014-10-01,312.0
아르헨티나,관광,2014-11-01,256.0
아르헨티나,관광,2014-12-01,158.0
아르헨티나,관광,2015-01-01,143.0
아르헨티나,관광,2015-02-01,103.0
아르헨티나,관광,2015-03-01,279.0
아르헨티나,관광,2015-04-01,289.0
아르헨티나,관광,2015-05-01,262.0
아르헨티나,관광,2015-06-01,256.0
아르헨티나,관광,2015-07-01,149.0
아르헨티나,관광,2015-08-01,176.0
아르헨티나,관광,2015-09-01,260.0
아르헨티나,관광,2015-10-01,404.0
아르헨티나,관광,2015-11-01,263.0
아르헨티나,관광,2015-12-01,227.0
아르헨티나,관광,2016-01-01,202.0
아르헨티나,관광,2016-02-01,173.0
아르헨티나,관광,2016-03-01,270.0
아르헨티나,관광,2016-04-01,290.0
아르헨티나,관광,2016-05-01,412.0
아르헨티나,관광,2016-06-01,274.0
아르헨티나,관광,2016-07-01,233.0
아르헨티나,관광,2016-08-01,228.0
아르헨티나,관광,2016-09-01,342.0
아르헨티나,관광,2016-10-01,385.0
아르헨티나,관광,2016-11-01,245.0
아르헨티나,관광,2016-12-01,183.0
아르헨티나,관광,2017-01-01,292.0
아르헨티나,관광,2017-02-01,232.0
아르헨티나,관광,2017-03-01,307.0
아르헨티나,관광,2017-04-01,365.0
아르헨티나,관광,2017-05-01,369.0
아르헨티나,관광,2017-06-01,351.0
아르헨티나,관광,2017-07-01,438.0
아르헨티나,관광,2017-08-01,383.0
아르헨티나,관광,2017-09-01,302.0
아르헨티나,관광,2017-10-01,414.0
아르헨티나,관광,2017-11-01,286.0
아르헨티나,관광,2017-12-01,283.0
아르헨티나,관광,2018-01-01,372.0
아르헨티나,관광,2018-02-01,256.0
아르헨티나,관광,2018-03-01,322.0
아르헨티나,관광,2018-04-01,493.0
아르헨티나,관광,2018-05-01,395.0
아르헨티나,관광,2018-06-01,290.0
아르헨티나,관광,2018-07-01,365.0
아르헨티나,관광,2018-08-01,281.0
아르헨티나,관광,2018-09-01,374.0
아르헨티나,관광,2018-10-01,463.0
아르헨티나,관광,2018-11-01,258.0
아르헨티나,관광,2018-12-01,192.0
아르헨티나,관광,2019-01-01,294.0
아르헨티나,관광,2019-02-01,204.0
아르헨티나,관광,2019-03-01,291.0
아르헨티나,관광,2019-04-01,509.0
아르헨티나,관광,2019-05-01,393.0
아르헨티나,관광,2019-06-01,284.0
아르헨티나,관광,2019-07-01,303.0
아르헨티나,관광,2019-08-01,324.0
아르헨티나,관광,2019-09-01,564.0
아르헨티나,관광,2019-10-01,519.0
아르헨티나,관광,2019-11-01,312.0
아르헨티나,관광,2019-12-01,290.0
아르헨티나,관광,2020-01-01,357.0
아르헨티나,관광,2020-02-01,290.0
아르헨티나,관광,2020-03-01,32.0
아르헨티나,관광,2020-04-01,1.0
아르헨티나,관광,2020-05-01,1.0
아르헨티나,관광,2020-06-01,0.0
아르헨티나,관광,2020-07-01,0.0
아르헨티나,관광,2020-08-01,0.0
아르헨티나,관광,2020-09-01,0.0
아르헨티나,관광,2020-10-01,0.0
아르헨티나,관광,2020-11-01,2.0
아르헨티나,관광,2020-12-01,1.0
아르헨티나,관광,2021-01-01,1.0
아르헨티나,관광,2021-02-01,2.0
아르헨티나,관광,2021-03-01,0.0
아르헨티나,관광,2021-04-01,1.0
아르헨티나,관광,2021-05-01,0.0
아르헨티나,관광,2021-06-01,1.0
아르헨티나,관광,2021-07-01,37.0
아르헨티나,관광,2021-08-01,3.0
아르헨티나,관광,2021-09-01,3.0
아르헨티나,관광,2021-10-01,5.0
아르헨티나,관광,2021-11-01,13.0
아르헨티나,관광,2021-12-01,2.0
아르헨티나,관광,2022-01-01,1.0
아르헨티나,관광,2022-02-01,2.0
아르헨티나,관광,2022-03-01,1.0
아르헨티나,관광,2022-04-01,56.0
아르헨티나,관광,2022-05-01,79.0
아르헨티나,관광,2022-06-01,92.0
아르헨티나,관광,2022-07-01,118.0
아르헨티나,관광,2022-08-01,128.0
아르헨티나,관광,2022-09-01,159.0
아르헨티나,관광,2022-10-01,311.0
아르헨티나,관광,2022-11-01,146.0
아르헨티나,관광,2022-12-01,188.0
아르헨티나,관광,2023-01-01,191.0
아르헨티나,관광,2023-02-01,169.0
아르헨티나,관광,2023-03-01,375.0
아르헨티나,관광,2023-04-01,362.0
아르헨티나,관광,2023-05-01,382.0
아르헨티나,관광,2023-06-01,209.0
아르헨티나,관광,2023-07-01,330.0
아르헨티나,관광,2023-08-01,202.0
아르헨티나,관광,2023-09-01,402.0
아르헨티나,관광,2023-10-01,468.0
아르헨티나,관광,2023-11-01,318.0
아르헨티나,관광,2023-12-01,224.0
아르헨티나,관광,2024-01-01,372.0
아르헨티나,관광,2024-02-01,312.0
아르헨티나,관광,2024-03-01,580.0
아르헨티나,관광,2024-04-01,673.0
아르헨티나,관광,2024-05-01,549.0
아르헨티나,관광,2024-06-01,340.0
아르헨티나,관광,2024-07-01,382.0
아르헨티나,관광,2024-08-01,391.0
아르헨티나,관광,2024-09-01,625.0
아르헨티나,관광,2024-10-01,694.0
아르헨티나,관광,2024-11-01,405.0
아르헨티나,관광,2024-12-01,302.0
아르헨티나,관광,2025-01-01,467.0
아르헨티나,관광,2025-02-01,462.0
아르헨티나,관광,2025-03-01,932.0
아르헨티나,관광,2025-04-01,1005.0
아르헨티나,관광,2025-05-01,821.0
아르헨티나,상용,2005-01-01,7.0
아르헨티나,상용,2005-02-01,7.0
아르헨티나,상용,2005-03-01,3.0
아르헨티나,상용,2005-04-01,7.0
아르헨티나,상용,2005-05-01,7.0
아르헨티나,상용,2005-06-01,10.0
아르헨티나,상용,2005-07-01,3.0
아르헨티나,상용,2005-08-01,7.0
아르헨티나,상용,2005-09-01,4.0
아르헨티나,상용,2005-10-01,3.0
아르헨티나,상용,2005-11-01,4.0
아르헨티나,상용,2005-12-01,5.0
아르헨티나,상용,2006-01-01,5.0
아르헨티나,상용,2006-02-01,6.0
아르헨티나,상용,2006-03-01,7.0
아르헨티나,상용,2006-04-01,3.0
아르헨티나,상용,2006-05-01,7.0
아르헨티나,상용,2006-06-01,4.0
아르헨티나,상용,2006-07-01,4.0
아르헨티나,상용,2006-08-01,6.0
아르헨티나,상용,2006-09-01,7.0
아르헨티나,상용,2006-10-01,11.0
아르헨티나,상용,2006-11-01,7.0
아르헨티나,상용,2006-12-01,1.0
아르헨티나,상용,2007-01-01,9.0
아르헨티나,상용,2007-02-01,3.0
아르헨티나,상용,2007-03-01,5.0
아르헨티나,상용,2007-04-01,4.0
아르헨티나,상용,2007-05-01,4.0
아르헨티나,상용,2007-06-01,6.0
아르헨티나,상용,2007-07-01,5.0
아르헨티나,상용,2007-08-01,3.0
아르헨티나,상용,2007-09-01,9.0
아르헨티나,상용,2007-10-01,7.0
아르헨티나,상용,2007-11-01,4.0
아르헨티나,상용,2007-12-01,7.0
아르헨티나,상용,2008-01-01,6.0
아르헨티나,상용,2008-02-01,7.0
아르헨티나,상용,2008-03-01,5.0
아르헨티나,상용,2008-04-01,9.0
아르헨티나,상용,2008-05-01,5.0
아르헨티나,상용,2008-06-01,12.0
아르헨티나,상용,2008-07-01,5.0
아르헨티나,상용,2008-08-01,5.0
아르헨티나,상용,2008-09-01,6.0
아르헨티나,상용,2008-10-01,5.0
아르헨티나,상용,2008-11-01,6.0
아르헨티나,상용,2008-12-01,3.0
아르헨티나,상용,2009-01-01,2.0
아르헨티나,상용,2009-02-01,5.0
아르헨티나,상용,2009-03-01,5.0
아르헨티나,상용,2009-04-01,6.0
아르헨티나,상용,2009-05-01,6.0
아르헨티나,상용,2009-06-01,3.0
아르헨티나,상용,2009-07-01,2.0
아르헨티나,상용,2009-08-01,5.0
아르헨티나,상용,2009-09-01,4.0
아르헨티나,상용,2009-10-01,4.0
아르헨티나,상용,2009-11-01,2.0
아르헨티나,상용,2009-12-01,1.0
아르헨티나,상용,2010-01-01,8.0
아르헨티나,상용,2010-02-01,5.0
아르헨티나,상용,2010-03-01,3.0
아르헨티나,상용,2010-04-01,2.0
아르헨티나,상용,2010-05-01,5.0
아르헨티나,상용,2010-06-01,2.0
아르헨티나,상용,2010-07-01,4.0
아르헨티나,상용,2010-08-01,4.0
아르헨티나,상용,2010-09-01,2.0
아르헨티나,상용,2010-10-01,4.0
아르헨티나,상용,2010-11-01,6.0
아르헨티나,상용,2010-12-01,2.0
아르헨티나,상용,2011-01-01,8.0
아르헨티나,상용,2011-02-01,3.0
아르헨티나,상용,2011-03-01,5.0
아르헨티나,상용,2011-04-01,3.0
아르헨티나,상용,2011-05-01,6.0
아르헨티나,상용,2011-06-01,4.0
아르헨티나,상용,2011-07-01,3.0
아르헨티나,상용,2011-08-01,5.0
아르헨티나,상용,2011-09-01,3.0
아르헨티나,상용,2011-10-01,5.0
아르헨티나,상용,2011-11-01,5.0
아르헨티나,상용,2011-12-01,1.0
아르헨티나,상용,2012-01-01,4.0
아르헨티나,상용,2012-02-01,6.0
아르헨티나,상용,2012-03-01,4.0
아르헨티나,상용,2012-04-01,3.0
아르헨티나,상용,2012-05-01,6.0
아르헨티나,상용,2012-06-01,5.0
아르헨티나,상용,2012-07-01,5.0
아르헨티나,상용,2012-08-01,5.0
아르헨티나,상용,2012-09-01,4.0
아르헨티나,상용,2012-10-01,7.0
아르헨티나,상용,2012-11-01,3.0
아르헨티나,상용,2012-12-01,1.0
아르헨티나,상용,2013-01-01,6.0
아르헨티나,상용,2013-02-01,4.0
아르헨티나,상용,2013-03-01,1.0
아르헨티나,상용,2013-04-01,4.0
아르헨티나,상용,2013-05-01,5.0
아르헨티나,상용,2013-06-01,4.0
아르헨티나,상용,2013-07-01,9.0
아르헨티나,상용,2013-08-01,11.0
아르헨티나,상용,2013-09-01,3.0
아르헨티나,상용,2013-10-01,3.0
아르헨티나,상용,2013-11-01,7.0
아르헨티나,상용,2013-12-01,2.0
아르헨티나,상용,2014-01-01,3.0
아르헨티나,상용,2014-02-01,3.0
아르헨티나,상용,2014-03-01,4.0
아르헨티나,상용,2014-04-01,3.0
아르헨티나,상용,2014-05-01,4.0
아르헨티나,상용,2014-06-01,1.0
아르헨티나,상용,2014-07-01,2.0
아르헨티나,상용,2014-08-01,4.0
아르헨티나,상용,2014-09-01,4.0
아르헨티나,상용,2014-10-01,4.0
아르헨티나,상용,2014-11-01,4.0
아르헨티나,상용,2014-12-01,1.0
아르헨티나,상용,2015-01-01,7.0
아르헨티나,상용,2015-02-01,4.0
아르헨티나,상용,2015-03-01,2.0
아르헨티나,상용,2015-04-01,5.0
아르헨티나,상용,2015-05-01,7.0
아르헨티나,상용,2015-06-01,2.0
아르헨티나,상용,2015-07-01,2.0
아르헨티나,상용,2015-08-01,7.0
아르헨티나,상용,2015-09-01,2.0
아르헨티나,상용,2015-10-01,5.0
아르헨티나,상용,2015-11-01,6.0
아르헨티나,상용,2015-12-01,0.0
아르헨티나,상용,2016-01-01,7.0
아르헨티나,상용,2016-02-01,5.0
아르헨티나,상용,2016-03-01,7.0
아르헨티나,상용,2016-04-01,3.0
아르헨티나,상용,2016-05-01,8.0
아르헨티나,상용,2016-06-01,5.0
아르헨티나,상용,2016-07-01,6.0
아르헨티나,상용,2016-08-01,2.0
아르헨티나,상용,2016-09-01,5.0
아르헨티나,상용,2016-10-01,3.0
아르헨티나,상용,2016-11-01,2.0
아르헨티나,상용,2016-12-01,3.0
아르헨티나,상용,2017-01-01,2.0
아르헨티나,상용,2017-02-01,2.0
아르헨티나,상용,2017-03-01,1.0
아르헨티나,상용,2017-04-01,1.0
아르헨티나,상용,2017-05-01,3.0
아르헨티나,상용,2017-06-01,4.0
아르헨티나,상용,2017-07-01,2.0
아르헨티나,상용,2017-08-01,0.0
아르헨티나,상용,2017-09-01,3.0
아르헨티나,상용,2017-10-01,1.0
아르헨티나,상용,2017-11-01,3.0
아르헨티나,상용,2017-12-01,1.0
아르헨티나,상용,2018-01-01,5.0
아르헨티나,상용,2018-02-01,3.0
아르헨티나,상용,2018-03-01,5.0
아르헨티나,상용,2018-04-01,3.0
아르헨티나,상용,2018-05-01,3.0
아르헨티나,상용,2018-06-01,2.0
아르헨티나,상용,2018-07-01,1.0
아르헨티나,상용,2018-08-01,3.0
아르헨티나,상용,2018-09-01,3.0
아르헨티나,상용,2018-10-01,4.0
아르헨티나,상용,2018-11-01,2.0
아르헨티나,상용,2018-12-01,2.0
아르헨티나,상용,2019-01-01,2.0
아르헨티나,상용,2019-02-01,2.0
아르헨티나,상용,2019-03-01,3.0
아르헨티나,상용,2019-04-01,8.0
아르헨티나,상용,2019-05-01,4.0
아르헨티나,상용,2019-06-01,2.0
아르헨티나,상용,2019-07-01,1.0
아르헨티나,상용,2019-08-01,3.0
아르헨티나,상용,2019-09-01,1.0
아르헨티나,상용,2019-10-01,1.0
아르헨티나,상용,2019-11-01,0.0
아르헨티나,상용,2019-12-01,0.0
아르헨티나,상용,2020-01-01,0.0
아르헨티나,상용,2020-02-01,1.0
아르헨티나,상용,2020-03-01,0.0
아르헨티나,상용,2020-04-01,1.0
아르헨티나,상용,2020-05-01,0.0
아르헨티나,상용,2020-06-01,0.0
아르헨티나,상용,2020-07-01,0.0
아르헨티나,상용,2020-08-01,0.0
아르헨티나,상용,2020-09-01,0.0
아르헨티나,상용,2020-10-01,1.0
아르헨티나,상용,2020-11-01,1.0
아르헨티나,상용,2020-12-01,0.0
아르헨티나,상용,2021-01-01,0.0
아르헨티나,상용,2021-02-01,0.0
아르헨티나,상용,2021-03-01,0.0
아르헨티나,상용,2021-04-01,1.0
아르헨티나,상용,2021-05-01,0.0
아르헨티나,상용,2021-06-01,2.0
아르헨티나,상용,2021-07-01,0.0
아르헨티나,상용,2021-08-01,1.0
아르헨티나,상용,2021-09-01,2.0
아르헨티나,상용,2021-10-01,3.0
아르헨티나,상용,2021-11-01,8.0
아르헨티나,상용,2021-12-01,0.0
아르헨티나,상용,2022-01-01,2.0
아르헨티나,상용,2022-02-01,0.0
아르헨티나,상용,2022-03-01,1.0
아르헨티나,상용,2022-04-01,3.0
아르헨티나,상용,2022-05-01,1.0
아르헨티나,상용,2022-06-01,1.0
아르헨티나,상용,2022-07-01,0.0
아르헨티나,상용,2022-08-01,2.0
아르헨티나,상용,2022-09-01,2.0
아르헨티나,상용,2022-10-01,1.0
아르헨티나,상용,2022-11-01,1.0
아르헨티나,상용,2022-12-01,0.0
아르헨티나,상용,2023-01-01,1.0
아르헨티나,상용,2023-02-01,0.0
아르헨티나,상용,2023-03-01,2.0
아르헨티나,상용,2023-04-01,0.0
아르헨티나,상용,2023-05-01,1.0
아르헨티나,상용,2023-06-01,2.0
아르헨티나,상용,2023-07-01,1.0
아르헨티나,상용,2023-08-01,0.0
아르헨티나,상용,2023-09-01,3.0
아르헨티나,상용,2023-10-01,1.0
아르헨티나,상용,2023-11-01,2.0
아르헨티나,상용,2023-12-01,1.0
아르헨티나,상용,2024-01-01,1.0
아르헨티나,상용,2024-02-01,2.0
아르헨티나,상용,2024-03-01,1.0
아르헨티나,상용,2024-04-01,1.0
아르헨티나,상용,2024-05-01,1.0
아르헨티나,상용,2024-06-01,1.0
아르헨티나,상용,2024-07-01,1.0
아르헨티나,상용,2024-08-01,1.0
아르헨티나,상용,2024-09-01,1.0
아르헨티나,상용,2024-10-01,1.0
아르헨티나,상용,2024-11-01,1.0
아르헨티나,상용,2024-12-01,1.0
아르헨티나,상용,2025-01-01,0.0
아르헨티나,상용,2025-02-01,3.0
아르헨티나,상용,2025-03-01,0.0
아르헨티나,상용,2025-04-01,1.0
아르헨티나,상용,2025-05-01,3.0
아르헨티나,유학연수,2005-01-01,0.0
아르헨티나,유학연수,2005-02-01,5.0
아르헨티나,유학연수,2005-03-01,2.0
아르헨티나,유학연수,2005-04-01,1.0
아르헨티나,유학연수,2005-05-01,0.0
아르헨티나,유학연수,2005-06-01,1.0
아르헨티나,유학연수,2005-07-01,1.0
아르헨티나,유학연수,2005-08-01,5.0
아르헨티나,유학연수,2005-09-01,1.0
아르헨티나,유학연수,2005-10-01,0.0
아르헨티나,유학연수,2005-11-01,0.0
아르헨티나,유학연수,2005-12-01,0.0
아르헨티나,유학연수,2006-01-01,3.0
아르헨티나,유학연수,2006-02-01,11.0
아르헨티나,유학연수,2006-03-01,2.0
아르헨티나,유학연수,2006-04-01,0.0
아르헨티나,유학연수,2006-05-01,1.0
아르헨티나,유학연수,2006-06-01,0.0
아르헨티나,유학연수,2006-07-01,1.0
아르헨티나,유학연수,2006-08-01,10.0
아르헨티나,유학연수,2006-09-01,0.0
아르헨티나,유학연수,2006-10-01,1.0
아르헨티나,유학연수,2006-11-01,0.0
아르헨티나,유학연수,2006-12-01,1.0
아르헨티나,유학연수,2007-01-01,3.0
아르헨티나,유학연수,2007-02-01,9.0
아르헨티나,유학연수,2007-03-01,5.0
아르헨티나,유학연수,2007-04-01,0.0
아르헨티나,유학연수,2007-05-01,0.0
아르헨티나,유학연수,2007-06-01,0.0
아르헨티나,유학연수,2007-07-01,3.0
아르헨티나,유학연수,2007-08-01,9.0
아르헨티나,유학연수,2007-09-01,3.0
아르헨티나,유학연수,2007-10-01,1.0
아르헨티나,유학연수,2007-11-01,2.0
아르헨티나,유학연수,2007-12-01,0.0
아르헨티나,유학연수,2008-01-01,1.0
아르헨티나,유학연수,2008-02-01,12.0
아르헨티나,유학연수,2008-03-01,3.0
아르헨티나,유학연수,2008-04-01,1.0
아르헨티나,유학연수,2008-05-01,0.0
아르헨티나,유학연수,2008-06-01,0.0
아르헨티나,유학연수,2008-07-01,4.0
아르헨티나,유학연수,2008-08-01,7.0
아르헨티나,유학연수,2008-09-01,2.0
아르헨티나,유학연수,2008-10-01,0.0
아르헨티나,유학연수,2008-11-01,1.0
아르헨티나,유학연수,2008-12-01,1.0
아르헨티나,유학연수,2009-01-01,1.0
아르헨티나,유학연수,2009-02-01,7.0
아르헨티나,유학연수,2009-03-01,8.0
아르헨티나,유학연수,2009-04-01,1.0
아르헨티나,유학연수,2009-05-01,0.0
아르헨티나,유학연수,2009-06-01,2.0
아르헨티나,유학연수,2009-07-01,5.0
아르헨티나,유학연수,2009-08-01,4.0
아르헨티나,유학연수,2009-09-01,1.0
아르헨티나,유학연수,2009-10-01,2.0
아르헨티나,유학연수,2009-11-01,0.0
아르헨티나,유학연수,2009-12-01,1.0
아르헨티나,유학연수,2010-01-01,4.0
아르헨티나,유학연수,2010-02-01,11.0
아르헨티나,유학연수,2010-03-01,7.0
아르헨티나,유학연수,2010-04-01,0.0
아르헨티나,유학연수,2010-05-01,3.0
아르헨티나,유학연수,2010-06-01,1.0
아르헨티나,유학연수,2010-07-01,4.0
아르헨티나,유학연수,2010-08-01,11.0
아르헨티나,유학연수,2010-09-01,8.0
아르헨티나,유학연수,2010-10-01,0.0
아르헨티나,유학연수,2010-11-01,0.0
아르헨티나,유학연수,2010-12-01,4.0
아르헨티나,유학연수,2011-01-01,6.0
아르헨티나,유학연수,2011-02-01,11.0
아르헨티나,유학연수,2011-03-01,9.0
아르헨티나,유학연수,2011-04-01,0.0
아르헨티나,유학연수,2011-05-01,0.0
아르헨티나,유학연수,2011-06-01,1.0
아르헨티나,유학연수,2011-07-01,5.0
아르헨티나,유학연수,2011-08-01,9.0
아르헨티나,유학연수,2011-09-01,2.0
아르헨티나,유학연수,2011-10-01,1.0
아르헨티나,유학연수,2011-11-01,0.0
아르헨티나,유학연수,2011-12-01,1.0
아르헨티나,유학연수,2012-01-01,2.0
아르헨티나,유학연수,2012-02-01,4.0
아르헨티나,유학연수,2012-03-01,2.0
아르헨티나,유학연수,2012-04-01,1.0
아르헨티나,유학연수,2012-05-01,0.0
아르헨티나,유학연수,2012-06-01,2.0
아르헨티나,유학연수,2012-07-01,1.0
아르헨티나,유학연수,2012-08-01,5.0
아르헨티나,유학연수,2012-09-01,0.0
아르헨티나,유학연수,2012-10-01,0.0
아르헨티나,유학연수,2012-11-01,3.0
아르헨티나,유학연수,2012-12-01,1.0
아르헨티나,유학연수,2013-01-01,0.0
아르헨티나,유학연수,2013-02-01,2.0
아르헨티나,유학연수,2013-03-01,4.0
아르헨티나,유학연수,2013-04-01,0.0
아르헨티나,유학연수,2013-05-01,0.0
아르헨티나,유학연수,2013-06-01,0.0
아르헨티나,유학연수,2013-07-01,33.0
아르헨티나,유학연수,2013-08-01,3.0
아르헨티나,유학연수,2013-09-01,21.0
아르헨티나,유학연수,2013-10-01,24.0
아르헨티나,유학연수,2013-11-01,1.0
아르헨티나,유학연수,2013-12-01,1.0
아르헨티나,유학연수,2014-01-01,1.0
아르헨티나,유학연수,2014-02-01,2.0
아르헨티나,유학연수,2014-03-01,0.0
아르헨티나,유학연수,2014-04-01,0.0
아르헨티나,유학연수,2014-05-01,1.0
아르헨티나,유학연수,2014-06-01,0.0
아르헨티나,유학연수,2014-07-01,42.0
아르헨티나,유학연수,2014-08-01,6.0
아르헨티나,유학연수,2014-09-01,35.0
아르헨티나,유학연수,2014-10-01,22.0
아르헨티나,유학연수,2014-11-01,2.0
아르헨티나,유학연수,2014-12-01,1.0
아르헨티나,유학연수,2015-01-01,0.0
아르헨티나,유학연수,2015-02-01,3.0
아르헨티나,유학연수,2015-03-01,1.0
아르헨티나,유학연수,2015-04-01,2.0
아르헨티나,유학연수,2015-05-01,2.0
아르헨티나,유학연수,2015-06-01,0.0
아르헨티나,유학연수,2015-07-01,27.0
아르헨티나,유학연수,2015-08-01,6.0
아르헨티나,유학연수,2015-09-01,28.0
아르헨티나,유학연수,2015-10-01,48.0
아르헨티나,유학연수,2015-11-01,1.0
아르헨티나,유학연수,2015-12-01,0.0
아르헨티나,유학연수,2016-01-01,1.0
아르헨티나,유학연수,2016-02-01,7.0
아르헨티나,유학연수,2016-03-01,1.0
아르헨티나,유학연수,2016-04-01,1.0
아르헨티나,유학연수,2016-05-01,2.0
아르헨티나,유학연수,2016-06-01,0.0
아르헨티나,유학연수,2016-07-01,1.0
아르헨티나,유학연수,2016-08-01,10.0
아르헨티나,유학연수,2016-09-01,1.0
아르헨티나,유학연수,2016-10-01,12.0
아르헨티나,유학연수,2016-11-01,2.0
아르헨티나,유학연수,2016-12-01,3.0
아르헨티나,유학연수,2017-01-01,3.0
아르헨티나,유학연수,2017-02-01,4.0
아르헨티나,유학연수,2017-03-01,4.0
아르헨티나,유학연수,2017-04-01,4.0
아르헨티나,유학연수,2017-05-01,3.0
아르헨티나,유학연수,2017-06-01,1.0
아르헨티나,유학연수,2017-07-01,3.0
아르헨티나,유학연수,2017-08-01,11.0
아르헨티나,유학연수,2017-09-01,4.0
아르헨티나,유학연수,2017-10-01,2.0
아르헨티나,유학연수,2017-11-01,1.0
아르헨티나,유학연수,2017-12-01,3.0
아르헨티나,유학연수,2018-01-01,4.0
아르헨티나,유학연수,2018-02-01,14.0
아르헨티나,유학연수,2018-03-01,0.0
아르헨티나,유학연수,2018-04-01,1.0
아르헨티나,유학연수,2018-05-01,2.0
아르헨티나,유학연수,2018-06-01,2.0
아르헨티나,유학연수,2018-07-01,2.0
아르헨티나,유학연수,2018-08-01,8.0
아르헨티나,유학연수,2018-09-01,1.0
아르헨티나,유학연수,2018-10-01,1.0
아르헨티나,유학연수,2018-11-01,1.0
아르헨티나,유학연수,2018-12-01,1.0
아르헨티나,유학연수,2019-01-01,4.0
아르헨티나,유학연수,2019-02-01,9.0
아르헨티나,유학연수,2019-03-01,3.0
아르헨티나,유학연수,2019-04-01,0.0
아르헨티나,유학연수,2019-05-01,0.0
아르헨티나,유학연수,2019-06-01,3.0
아르헨티나,유학연수,2019-07-01,7.0
아르헨티나,유학연수,2019-08-01,10.0
아르헨티나,유학연수,2019-09-01,0.0
아르헨티나,유학연수,2019-10-01,1.0
아르헨티나,유학연수,2019-11-01,0.0
아르헨티나,유학연수,2019-12-01,1.0
아르헨티나,유학연수,2020-01-01,4.0
아르헨티나,유학연수,2020-02-01,14.0
아르헨티나,유학연수,2020-03-01,0.0
아르헨티나,유학연수,2020-04-01,0.0
아르헨티나,유학연수,2020-05-01,0.0
아르헨티나,유학연수,2020-06-01,0.0
아르헨티나,유학연수,2020-07-01,0.0
아르헨티나,유학연수,2020-08-01,2.0
아르헨티나,유학연수,2020-09-01,0.0
아르헨티나,유학연수,2020-10-01,0.0
아르헨티나,유학연수,2020-11-01,0.0
아르헨티나,유학연수,2020-12-01,0.0
아르헨티나,유학연수,2021-01-01,0.0
아르헨티나,유학연수,2021-02-01,5.0
아르헨티나,유학연수,2021-03-01,0.0
아르헨티나,유학연수,2021-04-01,0.0
아르헨티나,유학연수,2021-05-01,1.0
아르헨티나,유학연수,2021-06-01,2.0
아르헨티나,유학연수,2021-07-01,0.0
아르헨티나,유학연수,2021-08-01,6.0
아르헨티나,유학연수,2021-09-01,0.0
아르헨티나,유학연수,2021-10-01,0.0
아르헨티나,유학연수,2021-11-01,1.0
아르헨티나,유학연수,2021-12-01,0.0
아르헨티나,유학연수,2022-01-01,1.0
아르헨티나,유학연수,2022-02-01,8.0
아르헨티나,유학연수,2022-03-01,1.0
아르헨티나,유학연수,2022-04-01,0.0
아르헨티나,유학연수,2022-05-01,0.0
아르헨티나,유학연수,2022-06-01,0.0
아르헨티나,유학연수,2022-07-01,0.0
아르헨티나,유학연수,2022-08-01,11.0
아르헨티나,유학연수,2022-09-01,2.0
아르헨티나,유학연수,2022-10-01,0.0
아르헨티나,유학연수,2022-11-01,0.0
아르헨티나,유학연수,2022-12-01,0.0
아르헨티나,유학연수,2023-01-01,3.0
아르헨티나,유학연수,2023-02-01,7.0
아르헨티나,유학연수,2023-03-01,3.0
아르헨티나,유학연수,2023-04-01,0.0
아르헨티나,유학연수,2023-05-01,2.0
아르헨티나,유학연수,2023-06-01,5.0
아르헨티나,유학연수,2023-07-01,4.0
아르헨티나,유학연수,2023-08-01,16.0
아르헨티나,유학연수,2023-09-01,2.0
아르헨티나,유학연수,2023-10-01,1.0
아르헨티나,유학연수,2023-11-01,0.0
아르헨티나,유학연수,2023-12-01,0.0
아르헨티나,유학연수,2024-01-01,4.0
아르헨티나,유학연수,2024-02-01,13.0
아르헨티나,유학연수,2024-03-01,0.0
아르헨티나,유학연수,2024-04-01,4.0
아르헨티나,유학연수,2024-05-01,8.0
아르헨티나,유학연수,2024-06-01,6.0
아르헨티나,유학연수,2024-07-01,9.0
아르헨티나,유학연수,2024-08-01,14.0
아르헨티나,유학연수,2024-09-01,2.0
아르헨티나,유학연수,2024-10-01,1.0
아르헨티나,유학연수,2024-11-01,3.0
아르헨티나,유학연수,2024-12-01,3.0
아르헨티나,유학연수,2025-01-01,3.0
아르헨티나,유학연수,2025-02-01,7.0
아르헨티나,유학연수,2025-03-01,3.0
아르헨티나,유학연수,2025-04-01,1.0
아르헨티나,유학연수,2025-05-01,2.0
에콰도르,공용,2005-01-01,0.0
에콰도르,공용,2005-02-01,0.0
에콰도르,공용,2005-03-01,0.0
에콰도르,공용,2005-04-01,0.0
에콰도르,공용,2005-05-01,1.0
에콰도르,공용,2005-06-01,0.0
에콰도르,공용,2005-07-01,0.0
에콰도르,공용,2005-08-01,0.0
에콰도르,공용,2005-09-01,0.0
에콰도르,공용,2005-10-01,0.0
에콰도르,공용,2005-11-01,0.0
에콰도르,공용,2005-12-01,1.0
에콰도르,공용,2006-01-01,0.0
에콰도르,공용,2006-02-01,0.0
에콰도르,공용,2006-03-01,0.0
에콰도르,공용,2006-04-01,0.0
에콰도르,공용,2006-05-01,0.0
에콰도르,공용,2006-06-01,0.0
에콰도르,공용,2006-07-01,0.0
에콰도르,공용,2006-08-01,0.0
에콰도르,공용,2006-09-01,0.0
에콰도르,공용,2006-10-01,0.0
에콰도르,공용,2006-11-01,0.0
에콰도르,공용,2006-12-01,0.0
에콰도르,공용,2007-01-01,0.0
에콰도르,공용,2007-02-01,0.0
에콰도르,공용,2007-03-01,0.0
에콰도르,공용,2007-04-01,0.0
에콰도르,공용,2007-05-01,0.0
에콰도르,공용,2007-06-01,0.0
에콰도르,공용,2007-07-01,0.0
에콰도르,공용,2007-08-01,0.0
에콰도르,공용,2007-09-01,0.0
에콰도르,공용,2007-10-01,0.0
에콰도르,공용,2007-11-01,0.0
에콰도르,공용,2007-12-01,0.0
에콰도르,공용,2008-01-01,0.0
에콰도르,공용,2008-02-01,0.0
에콰도르,공용,2008-03-01,0.0
에콰도르,공용,2008-04-01,1.0
에콰도르,공용,2008-05-01,1.0
에콰도르,공용,2008-06-01,0.0
에콰도르,공용,2008-07-01,0.0
에콰도르,공용,2008-08-01,1.0
에콰도르,공용,2008-09-01,0.0
에콰도르,공용,2008-10-01,0.0
에콰도르,공용,2008-11-01,0.0
에콰도르,공용,2008-12-01,0.0
에콰도르,공용,2009-01-01,0.0
에콰도르,공용,2009-02-01,0.0
에콰도르,공용,2009-03-01,0.0
에콰도르,공용,2009-04-01,0.0
에콰도르,공용,2009-05-01,1.0
에콰도르,공용,2009-06-01,0.0
에콰도르,공용,2009-07-01,0.0
에콰도르,공용,2009-08-01,0.0
에콰도르,공용,2009-09-01,0.0
에콰도르,공용,2009-10-01,0.0
에콰도르,공용,2009-11-01,1.0
에콰도르,공용,2009-12-01,0.0
에콰도르,공용,2010-01-01,0.0
에콰도르,공용,2010-02-01,0.0
에콰도르,공용,2010-03-01,0.0
에콰도르,공용,2010-04-01,0.0
에콰도르,공용,2010-05-01,0.0
에콰도르,공용,2010-06-01,2.0
에콰도르,공용,2010-07-01,3.0
에콰도르,공용,2010-08-01,0.0
에콰도르,공용,2010-09-01,11.0
에콰도르,공용,2010-10-01,3.0
에콰도르,공용,2010-11-01,0.0
에콰도르,공용,2010-12-01,0.0
에콰도르,공용,2011-01-01,0.0
에콰도르,공용,2011-02-01,0.0
에콰도르,공용,2011-03-01,0.0
에콰도르,공용,2011-04-01,0.0
에콰도르,공용,2011-05-01,1.0
에콰도르,공용,2011-06-01,4.0
에콰도르,공용,2011-07-01,0.0
에콰도르,공용,2011-08-01,0.0
에콰도르,공용,2011-09-01,0.0
에콰도르,공용,2011-10-01,3.0
에콰도르,공용,2011-11-01,0.0
에콰도르,공용,2011-12-01,0.0
에콰도르,공용,2012-01-01,0.0
에콰도르,공용,2012-02-01,0.0
에콰도르,공용,2012-03-01,4.0
에콰도르,공용,2012-04-01,4.0
에콰도르,공용,2012-05-01,1.0
에콰도르,공용,2012-06-01,0.0
에콰도르,공용,2012-07-01,0.0
에콰도르,공용,2012-08-01,3.0
에콰도르,공용,2012-09-01,2.0
에콰도르,공용,2012-10-01,2.0
에콰도르,공용,2012-11-01,1.0
에콰도르,공용,2012-12-01,0.0
에콰도르,공용,2013-01-01,0.0
에콰도르,공용,2013-02-01,0.0
에콰도르,공용,2013-03-01,0.0
에콰도르,공용,2013-04-01,1.0
에콰도르,공용,2013-05-01,0.0
에콰도르,공용,2013-06-01,2.0
에콰도르,공용,2013-07-01,0.0
에콰도르,공용,2013-08-01,0.0
에콰도르,공용,2013-09-01,1.0
에콰도르,공용,2013-10-01,0.0
에콰도르,공용,2013-11-01,2.0
에콰도르,공용,2013-12-01,1.0
에콰도르,공용,2014-01-01,0.0
에콰도르,공용,2014-02-01,0.0
에콰도르,공용,2014-03-01,0.0
에콰도르,공용,2014-04-01,0.0
에콰도르,공용,2014-05-01,1.0
에콰도르,공용,2014-06-01,3.0
에콰도르,공용,2014-07-01,2.0
에콰도르,공용,2014-08-01,0.0
에콰도르,공용,2014-09-01,1.0
에콰도르,공용,2014-10-01,8.0
에콰도르,공용,2014-11-01,1.0
에콰도르,공용,2014-12-01,1.0
에콰도르,공용,2015-01-01,0.0
에콰도르,공용,2015-02-01,1.0
에콰도르,공용,2015-03-01,3.0
에콰도르,공용,2015-04-01,1.0
에콰도르,공용,2015-05-01,3.0
에콰도르,공용,2015-06-01,0.0
에콰도르,공용,2015-07-01,0.0
에콰도르,공용,2015-08-01,1.0
에콰도르,공용,2015-09-01,19.0
에콰도르,공용,2015-10-01,0.0
에콰도르,공용,2015-11-01,1.0
에콰도르,공용,2015-12-01,0.0
에콰도르,공용,2016-01-01,0.0
에콰도르,공용,2016-02-01,1.0
에콰도르,공용,2016-03-01,7.0
에콰도르,공용,2016-04-01,1.0
에콰도르,공용,2016-05-01,0.0
에콰도르,공용,2016-06-01,0.0
에콰도르,공용,2016-07-01,0.0
에콰도르,공용,2016-08-01,0.0
에콰도르,공용,2016-09-01,1.0
에콰도르,공용,2016-10-01,0.0
에콰도르,공용,2016-11-01,1.0
에콰도르,공용,2016-12-01,4.0
에콰도르,공용,2017-01-01,0.0
에콰도르,공용,2017-02-01,0.0
에콰도르,공용,2017-03-01,1.0
에콰도르,공용,2017-04-01,0.0
에콰도르,공용,2017-05-01,0.0
에콰도르,공용,2017-06-01,5.0
에콰도르,공용,2017-07-01,0.0
에콰도르,공용,2017-08-01,0.0
에콰도르,공용,2017-09-01,2.0
에콰도르,공용,2017-10-01,1.0
에콰도르,공용,2017-11-01,6.0
에콰도르,공용,2017-12-01,0.0
에콰도르,공용,2018-01-01,1.0
에콰도르,공용,2018-02-01,1.0
에콰도르,공용,2018-03-01,1.0
에콰도르,공용,2018-04-01,0.0
에콰도르,공용,2018-05-01,0.0
에콰도르,공용,2018-06-01,0.0
에콰도르,공용,2018-07-01,2.0
에콰도르,공용,2018-08-01,0.0
에콰도르,공용,2018-09-01,1.0
에콰도르,공용,2018-10-01,1.0
에콰도르,공용,2018-11-01,2.0
에콰도르,공용,2018-12-01,1.0
에콰도르,공용,2019-01-01,1.0
에콰도르,공용,2019-02-01,0.0
에콰도르,공용,2019-03-01,1.0
에콰도르,공용,2019-04-01,0.0
에콰도르,공용,2019-05-01,7.0
에콰도르,공용,2019-06-01,3.0
에콰도르,공용,2019-07-01,2.0
에콰도르,공용,2019-08-01,0.0
에콰도르,공용,2019-09-01,2.0
에콰도르,공용,2019-10-01,2.0
에콰도르,공용,2019-11-01,3.0
에콰도르,공용,2019-12-01,0.0
에콰도르,공용,2020-01-01,1.0
에콰도르,공용,2020-02-01,2.0
에콰도르,공용,2020-03-01,0.0
에콰도르,공용,2020-04-01,0.0
에콰도르,공용,2020-05-01,0.0
에콰도르,공용,2020-06-01,0.0
에콰도르,공용,2020-07-01,0.0
에콰도르,공용,2020-08-01,1.0
에콰도르,공용,2020-09-01,0.0
에콰도르,공용,2020-10-01,0.0
에콰도르,공용,2020-11-01,6.0
에콰도르,공용,2020-12-01,2.0
에콰도르,공용,2021-01-01,1.0
에콰도르,공용,2021-02-01,1.0
에콰도르,공용,2021-03-01,1.0
에콰도르,공용,2021-04-01,0.0
에콰도르,공용,2021-05-01,1.0
에콰도르,공용,2021-06-01,2.0
에콰도르,공용,2021-07-01,0.0
에콰도르,공용,2021-08-01,1.0
에콰도르,공용,2021-09-01,0.0
에콰도르,공용,2021-10-01,2.0
에콰도르,공용,2021-11-01,12.0
에콰도르,공용,2021-12-01,0.0
에콰도르,공용,2022-01-01,0.0
에콰도르,공용,2022-02-01,0.0
에콰도르,공용,2022-03-01,0.0
에콰도르,공용,2022-04-01,2.0
에콰도르,공용,2022-05-01,2.0
에콰도르,공용,2022-06-01,2.0
에콰도르,공용,2022-07-01,9.0
에콰도르,공용,2022-08-01,1.0
에콰도르,공용,2022-09-01,5.0
에콰도르,공용,2022-10-01,4.0
에콰도르,공용,2022-11-01,0.0
에콰도르,공용,2022-12-01,1.0
에콰도르,공용,2023-01-01,0.0
에콰도르,공용,2023-02-01,1.0
에콰도르,공용,2023-03-01,0.0
에콰도르,공용,2023-04-01,16.0
에콰도르,공용,2023-05-01,3.0
에콰도르,공용,2023-06-01,5.0
에콰도르,공용,2023-07-01,1.0
에콰도르,공용,2023-08-01,2.0
에콰도르,공용,2023-09-01,2.0
에콰도르,공용,2023-10-01,29.0
에콰도르,공용,2023-11-01,0.0
에콰도르,공용,2023-12-01,0.0
에콰도르,공용,2024-01-01,1.0
에콰도르,공용,2024-02-01,1.0
에콰도르,공용,2024-03-01,2.0
에콰도르,공용,2024-04-01,30.0
에콰도르,공용,2024-05-01,15.0
에콰도르,공용,2024-06-01,3.0
에콰도르,공용,2024-07-01,7.0
에콰도르,공용,2024-08-01,11.0
에콰도르,공용,2024-09-01,9.0
에콰도르,공용,2024-10-01,52.0
에콰도르,공용,2024-11-01,2.0
에콰도르,공용,2024-12-01,1.0
에콰도르,공용,2025-01-01,3.0
에콰도르,공용,2025-02-01,0.0
에콰도르,공용,2025-03-01,3.0
에콰도르,공용,2025-04-01,3.0
에콰도르,공용,2025-05-01,5.0
에콰도르,관광,2005-01-01,9.0
에콰도르,관광,2005-02-01,10.0
에콰도르,관광,2005-03-01,16.0
에콰도르,관광,2005-04-01,25.0
에콰도르,관광,2005-05-01,18.0
에콰도르,관광,2005-06-01,16.0
에콰도르,관광,2005-07-01,36.0
에콰도르,관광,2005-08-01,48.0
에콰도르,관광,2005-09-01,23.0
에콰도르,관광,2005-10-01,28.0
에콰도르,관광,2005-11-01,23.0
에콰도르,관광,2005-12-01,10.0
에콰도르,관광,2006-01-01,9.0
에콰도르,관광,2006-02-01,5.0
에콰도르,관광,2006-03-01,45.0
에콰도르,관광,2006-04-01,30.0
에콰도르,관광,2006-05-01,29.0
에콰도르,관광,2006-06-01,27.0
에콰도르,관광,2006-07-01,19.0
에콰도르,관광,2006-08-01,35.0
에콰도르,관광,2006-09-01,37.0
에콰도르,관광,2006-10-01,24.0
에콰도르,관광,2006-11-01,43.0
에콰도르,관광,2006-12-01,16.0
에콰도르,관광,2007-01-01,18.0
에콰도르,관광,2007-02-01,8.0
에콰도르,관광,2007-03-01,24.0
에콰도르,관광,2007-04-01,28.0
에콰도르,관광,2007-05-01,68.0
에콰도르,관광,2007-06-01,57.0
에콰도르,관광,2007-07-01,17.0
에콰도르,관광,2007-08-01,11.0
에콰도르,관광,2007-09-01,61.0
에콰도르,관광,2007-10-01,58.0
에콰도르,관광,2007-11-01,30.0
에콰도르,관광,2007-12-01,16.0
에콰도르,관광,2008-01-01,24.0
에콰도르,관광,2008-02-01,14.0
에콰도르,관광,2008-03-01,35.0
에콰도르,관광,2008-04-01,35.0
에콰도르,관광,2008-05-01,41.0
에콰도르,관광,2008-06-01,38.0
에콰도르,관광,2008-07-01,35.0
에콰도르,관광,2008-08-01,23.0
에콰도르,관광,2008-09-01,23.0
에콰도르,관광,2008-10-01,54.0
에콰도르,관광,2008-11-01,30.0
에콰도르,관광,2008-12-01,17.0
에콰도르,관광,2009-01-01,8.0
에콰도르,관광,2009-02-01,7.0
에콰도르,관광,2009-03-01,30.0
에콰도르,관광,2009-04-01,27.0
에콰도르,관광,2009-05-01,29.0
에콰도르,관광,2009-06-01,43.0
에콰도르,관광,2009-07-01,23.0
에콰도르,관광,2009-08-01,42.0
에콰도르,관광,2009-09-01,71.0
에콰도르,관광,2009-10-01,61.0
에콰도르,관광,2009-11-01,56.0
에콰도르,관광,2009-12-01,22.0
에콰도르,관광,2010-01-01,18.0
에콰도르,관광,2010-02-01,19.0
에콰도르,관광,2010-03-01,66.0
에콰도르,관광,2010-04-01,33.0
에콰도르,관광,2010-05-01,84.0
에콰도르,관광,2010-06-01,40.0
에콰도르,관광,2010-07-01,45.0
에콰도르,관광,2010-08-01,78.0
에콰도르,관광,2010-09-01,131.0
에콰도르,관광,2010-10-01,57.0
에콰도르,관광,2010-11-01,40.0
에콰도르,관광,2010-12-01,25.0
에콰도르,관광,2011-01-01,28.0
에콰도르,관광,2011-02-01,61.0
에콰도르,관광,2011-03-01,47.0
에콰도르,관광,2011-04-01,35.0
에콰도르,관광,2011-05-01,80.0
에콰도르,관광,2011-06-01,62.0
에콰도르,관광,2011-07-01,24.0
에콰도르,관광,2011-08-01,90.0
에콰도르,관광,2011-09-01,79.0
에콰도르,관광,2011-10-01,104.0
에콰도르,관광,2011-11-01,65.0
에콰도르,관광,2011-12-01,31.0
에콰도르,관광,2012-01-01,50.0
에콰도르,관광,2012-02-01,27.0
에콰도르,관광,2012-03-01,48.0
에콰도르,관광,2012-04-01,82.0
에콰도르,관광,2012-05-01,79.0
에콰도르,관광,2012-06-01,79.0
에콰도르,관광,2012-07-01,72.0
에콰도르,관광,2012-08-01,58.0
에콰도르,관광,2012-09-01,122.0
에콰도르,관광,2012-10-01,80.0
에콰도르,관광,2012-11-01,69.0
에콰도르,관광,2012-12-01,36.0
에콰도르,관광,2013-01-01,41.0
에콰도르,관광,2013-02-01,39.0
에콰도르,관광,2013-03-01,58.0
에콰도르,관광,2013-04-01,51.0
에콰도르,관광,2013-05-01,92.0
에콰도르,관광,2013-06-01,90.0
에콰도르,관광,2013-07-01,49.0
에콰도르,관광,2013-08-01,62.0
에콰도르,관광,2013-09-01,86.0
에콰도르,관광,2013-10-01,115.0
에콰도르,관광,2013-11-01,78.0
에콰도르,관광,2013-12-01,50.0
에콰도르,관광,2014-01-01,20.0
에콰도르,관광,2014-02-01,35.0
에콰도르,관광,2014-03-01,59.0
에콰도르,관광,2014-04-01,103.0
에콰도르,관광,2014-05-01,84.0
에콰도르,관광,2014-06-01,82.0
에콰도르,관광,2014-07-01,82.0
에콰도르,관광,2014-08-01,72.0
에콰도르,관광,2014-09-01,126.0
에콰도르,관광,2014-10-01,173.0
에콰도르,관광,2014-11-01,78.0
에콰도르,관광,2014-12-01,44.0
에콰도르,관광,2015-01-01,31.0
에콰도르,관광,2015-02-01,46.0
에콰도르,관광,2015-03-01,75.0
에콰도르,관광,2015-04-01,161.0
에콰도르,관광,2015-05-01,116.0
에콰도르,관광,2015-06-01,84.0
에콰도르,관광,2015-07-01,76.0
에콰도르,관광,2015-08-01,95.0
에콰도르,관광,2015-09-01,122.0
에콰도르,관광,2015-10-01,153.0
에콰도르,관광,2015-11-01,88.0
에콰도르,관광,2015-12-01,43.0
에콰도르,관광,2016-01-01,29.0
에콰도르,관광,2016-02-01,35.0
에콰도르,관광,2016-03-01,75.0
에콰도르,관광,2016-04-01,113.0
에콰도르,관광,2016-05-01,124.0
에콰도르,관광,2016-06-01,94.0
에콰도르,관광,2016-07-01,120.0
에콰도르,관광,2016-08-01,101.0
에콰도르,관광,2016-09-01,115.0
에콰도르,관광,2016-10-01,132.0
에콰도르,관광,2016-11-01,116.0
에콰도르,관광,2016-12-01,62.0
에콰도르,관광,2017-01-01,47.0
에콰도르,관광,2017-02-01,54.0
에콰도르,관광,2017-03-01,96.0
에콰도르,관광,2017-04-01,132.0
에콰도르,관광,2017-05-01,181.0
에콰도르,관광,2017-06-01,104.0
에콰도르,관광,2017-07-01,92.0
에콰도르,관광,2017-08-01,165.0
에콰도르,관광,2017-09-01,140.0
에콰도르,관광,2017-10-01,143.0
에콰도르,관광,2017-11-01,107.0
에콰도르,관광,2017-12-01,62.0
에콰도르,관광,2018-01-01,50.0
에콰도르,관광,2018-02-01,67.0
에콰도르,관광,2018-03-01,96.0
에콰도르,관광,2018-04-01,169.0
에콰도르,관광,2018-05-01,126.0
에콰도르,관광,2018-06-01,100.0
에콰도르,관광,2018-07-01,104.0
에콰도르,관광,2018-08-01,192.0
에콰도르,관광,2018-09-01,193.0
에콰도르,관광,2018-10-01,218.0
에콰도르,관광,2018-11-01,152.0
에콰도르,관광,2018-12-01,70.0
에콰도르,관광,2019-01-01,46.0
에콰도르,관광,2019-02-01,81.0
에콰도르,관광,2019-03-01,175.0
에콰도르,관광,2019-04-01,141.0
에콰도르,관광,2019-05-01,129.0
에콰도르,관광,2019-06-01,113.0
에콰도르,관광,2019-07-01,181.0
에콰도르,관광,2019-08-01,181.0
에콰도르,관광,2019-09-01,340.0
에콰도르,관광,2019-10-01,175.0
에콰도르,관광,2019-11-01,137.0
에콰도르,관광,2019-12-01,134.0
에콰도르,관광,2020-01-01,59.0
에콰도르,관광,2020-02-01,113.0
에콰도르,관광,2020-03-01,24.0
에콰도르,관광,2020-04-01,0.0
에콰도르,관광,2020-05-01,0.0
에콰도르,관광,2020-06-01,0.0
에콰도르,관광,2020-07-01,0.0
에콰도르,관광,2020-08-01,0.0
에콰도르,관광,2020-09-01,7.0
에콰도르,관광,2020-10-01,0.0
에콰도르,관광,2020-11-01,0.0
에콰도르,관광,2020-12-01,2.0
에콰도르,관광,2021-01-01,2.0
에콰도르,관광,2021-02-01,1.0
에콰도르,관광,2021-03-01,0.0
에콰도르,관광,2021-04-01,1.0
에콰도르,관광,2021-05-01,0.0
에콰도르,관광,2021-06-01,0.0
에콰도르,관광,2021-07-01,3.0
에콰도르,관광,2021-08-01,2.0
에콰도르,관광,2021-09-01,1.0
에콰도르,관광,2021-10-01,1.0
에콰도르,관광,2021-11-01,8.0
에콰도르,관광,2021-12-01,2.0
에콰도르,관광,2022-01-01,0.0
에콰도르,관광,2022-02-01,2.0
에콰도르,관광,2022-03-01,1.0
에콰도르,관광,2022-04-01,23.0
에콰도르,관광,2022-05-01,68.0
에콰도르,관광,2022-06-01,33.0
에콰도르,관광,2022-07-01,27.0
에콰도르,관광,2022-08-01,50.0
에콰도르,관광,2022-09-01,95.0
에콰도르,관광,2022-10-01,137.0
에콰도르,관광,2022-11-01,104.0
에콰도르,관광,2022-12-01,54.0
에콰도르,관광,2023-01-01,45.0
에콰도르,관광,2023-02-01,65.0
에콰도르,관광,2023-03-01,119.0
에콰도르,관광,2023-04-01,185.0
에콰도르,관광,2023-05-01,112.0
에콰도르,관광,2023-06-01,108.0
에콰도르,관광,2023-07-01,373.0
에콰도르,관광,2023-08-01,149.0
에콰도르,관광,2023-09-01,183.0
에콰도르,관광,2023-10-01,234.0
에콰도르,관광,2023-11-01,91.0
에콰도르,관광,2023-12-01,77.0
에콰도르,관광,2024-01-01,53.0
에콰도르,관광,2024-02-01,105.0
에콰도르,관광,2024-03-01,177.0
에콰도르,관광,2024-04-01,265.0
에콰도르,관광,2024-05-01,197.0
에콰도르,관광,2024-06-01,155.0
에콰도르,관광,2024-07-01,254.0
에콰도르,관광,2024-08-01,159.0
에콰도르,관광,2024-09-01,294.0
에콰도르,관광,2024-10-01,367.0
에콰도르,관광,2024-11-01,188.0
에콰도르,관광,2024-12-01,82.0
에콰도르,관광,2025-01-01,72.0
에콰도르,관광,2025-02-01,105.0
에콰도르,관광,2025-03-01,228.0
에콰도르,관광,2025-04-01,250.0
에콰도르,관광,2025-05-01,263.0
에콰도르,상용,2005-01-01,1.0
에콰도르,상용,2005-02-01,3.0
에콰도르,상용,2005-03-01,0.0
에콰도르,상용,2005-04-01,4.0
에콰도르,상용,2005-05-01,3.0
에콰도르,상용,2005-06-01,4.0
에콰도르,상용,2005-07-01,2.0
에콰도르,상용,2005-08-01,3.0
에콰도르,상용,2005-09-01,5.0
에콰도르,상용,2005-10-01,3.0
에콰도르,상용,2005-11-01,1.0
에콰도르,상용,2005-12-01,2.0
에콰도르,상용,2006-01-01,5.0
에콰도르,상용,2006-02-01,2.0
에콰도르,상용,2006-03-01,3.0
에콰도르,상용,2006-04-01,3.0
에콰도르,상용,2006-05-01,3.0
에콰도르,상용,2006-06-01,1.0
에콰도르,상용,2006-07-01,2.0
에콰도르,상용,2006-08-01,0.0
에콰도르,상용,2006-09-01,3.0
에콰도르,상용,2006-10-01,2.0
에콰도르,상용,2006-11-01,2.0
에콰도르,상용,2006-12-01,1.0
에콰도르,상용,2007-01-01,0.0
에콰도르,상용,2007-02-01,4.0
에콰도르,상용,2007-03-01,3.0
에콰도르,상용,2007-04-01,5.0
에콰도르,상용,2007-05-01,4.0
에콰도르,상용,2007-06-01,1.0
에콰도르,상용,2007-07-01,4.0
에콰도르,상용,2007-08-01,3.0
에콰도르,상용,2007-09-01,2.0
에콰도르,상용,2007-10-01,1.0
에콰도르,상용,2007-11-01,1.0
에콰도르,상용,2007-12-01,2.0
에콰도르,상용,2008-01-01,3.0
에콰도르,상용,2008-02-01,1.0
에콰도르,상용,2008-03-01,1.0
에콰도르,상용,2008-04-01,1.0
에콰도르,상용,2008-05-01,1.0
에콰도르,상용,2008-06-01,4.0
에콰도르,상용,2008-07-01,4.0
에콰도르,상용,2008-08-01,2.0
에콰도르,상용,2008-09-01,0.0
에콰도르,상용,2008-10-01,2.0
에콰도르,상용,2008-11-01,0.0
에콰도르,상용,2008-12-01,1.0
에콰도르,상용,2009-01-01,4.0
에콰도르,상용,2009-02-01,0.0
에콰도르,상용,2009-03-01,8.0
에콰도르,상용,2009-04-01,5.0
에콰도르,상용,2009-05-01,1.0
에콰도르,상용,2009-06-01,1.0
에콰도르,상용,2009-07-01,3.0
에콰도르,상용,2009-08-01,1.0
에콰도르,상용,2009-09-01,1.0
에콰도르,상용,2009-10-01,2.0
에콰도르,상용,2009-11-01,0.0
에콰도르,상용,2009-12-01,1.0
에콰도르,상용,2010-01-01,1.0
에콰도르,상용,2010-02-01,0.0
에콰도르,상용,2010-03-01,0.0
에콰도르,상용,2010-04-01,0.0
에콰도르,상용,2010-05-01,2.0
에콰도르,상용,2010-06-01,0.0
에콰도르,상용,2010-07-01,1.0
에콰도르,상용,2010-08-01,0.0
에콰도르,상용,2010-09-01,2.0
에콰도르,상용,2010-10-01,0.0
에콰도르,상용,2010-11-01,0.0
에콰도르,상용,2010-12-01,2.0
에콰도르,상용,2011-01-01,2.0
에콰도르,상용,2011-02-01,0.0
에콰도르,상용,2011-03-01,0.0
에콰도르,상용,2011-04-01,1.0
에콰도르,상용,2011-05-01,1.0
에콰도르,상용,2011-06-01,0.0
에콰도르,상용,2011-07-01,0.0
에콰도르,상용,2011-08-01,1.0
에콰도르,상용,2011-09-01,1.0
에콰도르,상용,2011-10-01,1.0
에콰도르,상용,2011-11-01,0.0
에콰도르,상용,2011-12-01,0.0
에콰도르,상용,2012-01-01,1.0
에콰도르,상용,2012-02-01,0.0
에콰도르,상용,2012-03-01,1.0
에콰도르,상용,2012-04-01,0.0
에콰도르,상용,2012-05-01,0.0
에콰도르,상용,2012-06-01,1.0
에콰도르,상용,2012-07-01,0.0
에콰도르,상용,2012-08-01,0.0
에콰도르,상용,2012-09-01,0.0
에콰도르,상용,2012-10-01,0.0
에콰도르,상용,2012-11-01,0.0
에콰도르,상용,2012-12-01,0.0
에콰도르,상용,2013-01-01,0.0
에콰도르,상용,2013-02-01,0.0
에콰도르,상용,2013-03-01,0.0
에콰도르,상용,2013-04-01,0.0
에콰도르,상용,2013-05-01,0.0
에콰도르,상용,2013-06-01,1.0
에콰도르,상용,2013-07-01,1.0
에콰도르,상용,2013-08-01,0.0
에콰도르,상용,2013-09-01,0.0
에콰도르,상용,2013-10-01,0.0
에콰도르,상용,2013-11-01,0.0
에콰도르,상용,2013-12-01,0.0
에콰도르,상용,2014-01-01,0.0
에콰도르,상용,2014-02-01,0.0
