국적,목적,날짜,입국자수
키리바시,공용,2006-09-01,0.0
키리바시,공용,2006-10-01,0.0
키리바시,공용,2006-11-01,0.0
키리바시,공용,2006-12-01,0.0
키리바시,공용,2007-01-01,0.0
키리바시,공용,2007-02-01,0.0
키리바시,공용,2007-03-01,0.0
키리바시,공용,2007-04-01,0.0
키리바시,공용,2007-05-01,0.0
키리바시,공용,2007-06-01,0.0
키리바시,공용,2007-07-01,0.0
키리바시,공용,2007-08-01,0.0
키리바시,공용,2007-09-01,0.0
키리바시,공용,2007-10-01,0.0
키리바시,공용,2007-11-01,0.0
키리바시,공용,2007-12-01,0.0
키리바시,공용,2008-01-01,0.0
키리바시,공용,2008-02-01,0.0
키리바시,공용,2008-03-01,0.0
키리바시,공용,2008-04-01,0.0
키리바시,공용,2008-05-01,0.0
키리바시,공용,2008-06-01,0.0
키리바시,공용,2008-07-01,0.0
키리바시,공용,2008-08-01,0.0
키리바시,공용,2008-09-01,0.0
키리바시,공용,2008-10-01,0.0
키리바시,공용,2008-11-01,0.0
키리바시,공용,2008-12-01,0.0
키리바시,공용,2009-01-01,0.0
키리바시,공용,2009-02-01,0.0
키리바시,공용,2009-03-01,0.0
키리바시,공용,2009-04-01,0.0
키리바시,공용,2009-05-01,0.0
키리바시,공용,2009-06-01,0.0
키리바시,공용,2009-07-01,0.0
키리바시,공용,2009-08-01,0.0
키리바시,공용,2009-09-01,0.0
키리바시,공용,2009-10-01,0.0
키리바시,공용,2009-11-01,0.0
키리바시,공용,2009-12-01,0.0
키리바시,공용,2010-01-01,0.0
키리바시,공용,2010-02-01,0.0
키리바시,공용,2010-03-01,0.0
키리바시,공용,2010-04-01,0.0
키리바시,공용,2010-05-01,0.0
키리바시,공용,2010-06-01,0.0
키리바시,공용,2010-07-01,0.0
키리바시,공용,2010-08-01,0.0
키리바시,공용,2010-09-01,0.0
키리바시,공용,2010-10-01,0.0
키리바시,공용,2010-11-01,0.0
키리바시,공용,2010-12-01,0.0
키리바시,공용,2011-01-01,0.0
키리바시,공용,2011-02-01,0.0
키리바시,공용,2011-03-01,0.0
키리바시,공용,2011-04-01,0.0
키리바시,공용,2011-05-01,0.0
키리바시,공용,2011-06-01,0.0
키리바시,공용,2011-07-01,0.0
키리바시,공용,2011-08-01,0.0
키리바시,공용,2011-09-01,0.0
키리바시,공용,2011-10-01,0.0
키리바시,공용,2011-11-01,0.0
키리바시,공용,2011-12-01,0.0
키리바시,공용,2012-01-01,0.0
키리바시,공용,2012-02-01,0.0
키리바시,공용,2012-03-01,1.0
키리바시,공용,2012-04-01,0.0
키리바시,공용,2012-05-01,0.0
키리바시,공용,2012-06-01,0.0
키리바시,공용,2012-07-01,0.0
키리바시,공용,2012-08-01,0.0
키리바시,공용,2012-09-01,0.0
키리바시,공용,2012-10-01,0.0
키리바시,공용,2012-11-01,0.0
키리바시,공용,2012-12-01,0.0
키리바시,공용,2013-01-01,0.0
키리바시,공용,2013-02-01,0.0
키리바시,공용,2013-03-01,0.0
키리바시,공용,2013-04-01,0.0
키리바시,공용,2013-05-01,0.0
키리바시,공용,2013-06-01,0.0
키리바시,공용,2013-07-01,0.0
키리바시,공용,2013-08-01,0.0
키리바시,공용,2013-09-01,0.0
키리바시,공용,2013-10-01,0.0
키리바시,공용,2013-11-01,0.0
키리바시,공용,2013-12-01,0.0
키리바시,공용,2014-01-01,0.0
키리바시,공용,2014-02-01,0.0
키리바시,공용,2014-03-01,0.0
키리바시,공용,2014-04-01,0.0
키리바시,공용,2014-05-01,0.0
키리바시,공용,2014-06-01,0.0
키리바시,공용,2014-07-01,0.0
키리바시,공용,2014-08-01,2.0
키리바시,공용,2014-09-01,0.0
키리바시,공용,2014-10-01,2.0
키리바시,공용,2014-11-01,1.0
키리바시,공용,2014-12-01,0.0
키리바시,공용,2015-01-01,0.0
키리바시,공용,2015-02-01,0.0
키리바시,공용,2015-03-01,0.0
키리바시,공용,2015-04-01,0.0
키리바시,공용,2015-05-01,0.0
키리바시,공용,2015-06-01,0.0
키리바시,공용,2015-07-01,0.0
키리바시,공용,2015-08-01,1.0
키리바시,공용,2015-09-01,0.0
키리바시,공용,2015-10-01,0.0
키리바시,공용,2015-11-01,0.0
키리바시,공용,2015-12-01,0.0
키리바시,공용,2016-01-01,0.0
키리바시,공용,2016-02-01,0.0
키리바시,공용,2016-03-01,0.0
키리바시,공용,2016-04-01,0.0
키리바시,공용,2016-05-01,0.0
키리바시,공용,2016-06-01,0.0
키리바시,공용,2016-07-01,0.0
키리바시,공용,2016-08-01,1.0
키리바시,공용,2016-09-01,0.0
키리바시,공용,2016-10-01,0.0
키리바시,공용,2016-11-01,0.0
키리바시,공용,2016-12-01,0.0
키리바시,공용,2017-01-01,0.0
키리바시,공용,2017-02-01,0.0
키리바시,공용,2017-03-01,0.0
키리바시,공용,2017-04-01,0.0
키리바시,공용,2017-05-01,0.0
키리바시,공용,2017-06-01,1.0
키리바시,공용,2017-07-01,0.0
키리바시,공용,2017-08-01,0.0
키리바시,공용,2017-09-01,0.0
키리바시,공용,2017-10-01,0.0
키리바시,공용,2017-11-01,0.0
키리바시,공용,2017-12-01,1.0
키리바시,공용,2018-01-01,0.0
키리바시,공용,2018-02-01,0.0
키리바시,공용,2018-03-01,0.0
키리바시,공용,2018-04-01,0.0
키리바시,공용,2018-05-01,0.0
키리바시,공용,2018-06-01,0.0
키리바시,공용,2018-07-01,0.0
키리바시,공용,2018-08-01,0.0
키리바시,공용,2018-09-01,0.0
키리바시,공용,2018-10-01,0.0
키리바시,공용,2018-11-01,0.0
키리바시,공용,2018-12-01,2.0
키리바시,공용,2019-01-01,2.0
키리바시,공용,2019-02-01,0.0
키리바시,공용,2019-03-01,1.0
키리바시,공용,2019-04-01,1.0
키리바시,공용,2019-05-01,0.0
키리바시,공용,2019-06-01,1.0
키리바시,공용,2019-07-01,0.0
키리바시,공용,2019-08-01,1.0
키리바시,공용,2019-09-01,1.0
키리바시,공용,2019-10-01,1.0
키리바시,공용,2019-11-01,0.0
키리바시,공용,2019-12-01,0.0
키리바시,공용,2020-01-01,0.0
키리바시,공용,2020-02-01,0.0
키리바시,공용,2020-03-01,0.0
키리바시,공용,2020-04-01,0.0
키리바시,공용,2020-05-01,0.0
키리바시,공용,2020-06-01,0.0
키리바시,공용,2020-07-01,0.0
키리바시,공용,2020-08-01,0.0
키리바시,공용,2020-09-01,0.0
키리바시,공용,2020-10-01,0.0
키리바시,공용,2020-11-01,0.0
키리바시,공용,2020-12-01,0.0
키리바시,공용,2021-01-01,0.0
키리바시,공용,2021-02-01,0.0
키리바시,공용,2021-03-01,0.0
키리바시,공용,2021-04-01,0.0
키리바시,공용,2021-05-01,0.0
키리바시,공용,2021-06-01,0.0
키리바시,공용,2021-07-01,0.0
키리바시,공용,2021-08-01,0.0
키리바시,공용,2021-09-01,0.0
키리바시,공용,2021-10-01,0.0
키리바시,공용,2021-11-01,0.0
키리바시,공용,2021-12-01,0.0
키리바시,공용,2022-01-01,0.0
키리바시,공용,2022-02-01,0.0
키리바시,공용,2022-03-01,0.0
키리바시,공용,2022-04-01,0.0
키리바시,공용,2022-05-01,0.0
키리바시,공용,2022-06-01,1.0
키리바시,공용,2022-07-01,1.0
키리바시,공용,2022-08-01,1.0
키리바시,공용,2022-09-01,1.0
키리바시,공용,2022-10-01,1.0
키리바시,공용,2022-11-01,0.0
키리바시,공용,2022-12-01,0.0
키리바시,공용,2023-01-01,0.0
키리바시,공용,2023-02-01,1.0
키리바시,공용,2023-03-01,2.0
키리바시,공용,2023-04-01,0.0
키리바시,공용,2023-05-01,8.0
키리바시,공용,2023-06-01,0.0
키리바시,공용,2023-07-01,3.0
키리바시,공용,2023-08-01,2.0
키리바시,공용,2023-09-01,3.0
키리바시,공용,2023-10-01,8.0
키리바시,공용,2023-11-01,0.0
키리바시,공용,2023-12-01,0.0
키리바시,공용,2024-01-01,0.0
키리바시,공용,2024-02-01,1.0
키리바시,공용,2024-03-01,0.0
키리바시,공용,2024-04-01,1.0
키리바시,공용,2024-05-01,1.0
키리바시,공용,2024-06-01,1.0
키리바시,공용,2024-07-01,1.0
키리바시,공용,2024-08-01,9.0
키리바시,공용,2024-09-01,2.0
키리바시,공용,2024-10-01,3.0
키리바시,공용,2024-11-01,4.0
키리바시,공용,2024-12-01,1.0
키리바시,공용,2025-01-01,0.0
키리바시,공용,2025-02-01,4.0
키리바시,공용,2025-03-01,0.0
키리바시,공용,2025-04-01,0.0
키리바시,공용,2025-05-01,0.0
키리바시,관광,2005-01-01,7.0
키리바시,관광,2005-02-01,25.0
키리바시,관광,2005-03-01,4.0
키리바시,관광,2005-04-01,13.0
키리바시,관광,2005-05-01,18.0
키리바시,관광,2005-06-01,18.0
키리바시,관광,2005-07-01,24.0
키리바시,관광,2005-08-01,12.0
키리바시,관광,2005-09-01,23.0
키리바시,관광,2005-10-01,24.0
키리바시,관광,2005-11-01,32.0
키리바시,관광,2005-12-01,7.0
키리바시,관광,2006-01-01,24.0
키리바시,관광,2006-02-01,2.0
키리바시,관광,2006-03-01,4.0
키리바시,관광,2006-04-01,16.0
키리바시,관광,2006-05-01,15.0
키리바시,관광,2006-06-01,23.0
키리바시,관광,2006-07-01,10.0
키리바시,관광,2006-08-01,20.0
키리바시,관광,2006-09-01,30.0
키리바시,관광,2006-10-01,21.0
키리바시,관광,2006-11-01,25.0
키리바시,관광,2006-12-01,14.0
키리바시,관광,2007-01-01,9.0
키리바시,관광,2007-02-01,11.0
키리바시,관광,2007-03-01,11.0
키리바시,관광,2007-04-01,15.0
키리바시,관광,2007-05-01,12.0
키리바시,관광,2007-06-01,16.0
키리바시,관광,2007-07-01,25.0
키리바시,관광,2007-08-01,12.0
키리바시,관광,2007-09-01,29.0
키리바시,관광,2007-10-01,32.0
키리바시,관광,2007-11-01,28.0
키리바시,관광,2007-12-01,11.0
키리바시,관광,2008-01-01,24.0
키리바시,관광,2008-02-01,16.0
키리바시,관광,2008-03-01,32.0
키리바시,관광,2008-04-01,12.0
키리바시,관광,2008-05-01,37.0
키리바시,관광,2008-06-01,32.0
키리바시,관광,2008-07-01,33.0
키리바시,관광,2008-08-01,28.0
키리바시,관광,2008-09-01,31.0
키리바시,관광,2008-10-01,33.0
키리바시,관광,2008-11-01,21.0
키리바시,관광,2008-12-01,16.0
키리바시,관광,2009-01-01,18.0
키리바시,관광,2009-02-01,21.0
키리바시,관광,2009-03-01,17.0
키리바시,관광,2009-04-01,10.0
키리바시,관광,2009-05-01,18.0
키리바시,관광,2009-06-01,18.0
키리바시,관광,2009-07-01,26.0
키리바시,관광,2009-08-01,31.0
키리바시,관광,2009-09-01,14.0
키리바시,관광,2009-10-01,28.0
키리바시,관광,2009-11-01,28.0
키리바시,관광,2009-12-01,31.0
키리바시,관광,2010-01-01,17.0
키리바시,관광,2010-02-01,18.0
키리바시,관광,2010-03-01,43.0
키리바시,관광,2010-04-01,27.0
키리바시,관광,2010-05-01,43.0
키리바시,관광,2010-06-01,44.0
키리바시,관광,2010-07-01,37.0
키리바시,관광,2010-08-01,29.0
키리바시,관광,2010-09-01,22.0
키리바시,관광,2010-10-01,45.0
키리바시,관광,2010-11-01,12.0
키리바시,관광,2010-12-01,10.0
키리바시,관광,2011-01-01,13.0
키리바시,관광,2011-02-01,18.0
키리바시,관광,2011-03-01,45.0
키리바시,관광,2011-04-01,50.0
키리바시,관광,2011-05-01,49.0
키리바시,관광,2011-06-01,37.0
키리바시,관광,2011-07-01,47.0
키리바시,관광,2011-08-01,32.0
키리바시,관광,2011-09-01,38.0
키리바시,관광,2011-10-01,47.0
키리바시,관광,2011-11-01,29.0
키리바시,관광,2011-12-01,16.0
키리바시,관광,2012-01-01,23.0
키리바시,관광,2012-02-01,20.0
키리바시,관광,2012-03-01,47.0
키리바시,관광,2012-04-01,40.0
키리바시,관광,2012-05-01,54.0
키리바시,관광,2012-06-01,55.0
키리바시,관광,2012-07-01,51.0
키리바시,관광,2012-08-01,50.0
키리바시,관광,2012-09-01,43.0
키리바시,관광,2012-10-01,47.0
키리바시,관광,2012-11-01,28.0
키리바시,관광,2012-12-01,22.0
키리바시,관광,2013-01-01,15.0
키리바시,관광,2013-02-01,37.0
키리바시,관광,2013-03-01,79.0
키리바시,관광,2013-04-01,37.0
키리바시,관광,2013-05-01,24.0
키리바시,관광,2013-06-01,46.0
키리바시,관광,2013-07-01,38.0
키리바시,관광,2013-08-01,31.0
키리바시,관광,2013-09-01,43.0
키리바시,관광,2013-10-01,40.0
키리바시,관광,2013-11-01,26.0
키리바시,관광,2013-12-01,9.0
키리바시,관광,2014-01-01,16.0
키리바시,관광,2014-02-01,18.0
키리바시,관광,2014-03-01,32.0
키리바시,관광,2014-04-01,19.0
키리바시,관광,2014-05-01,32.0
키리바시,관광,2014-06-01,28.0
키리바시,관광,2014-07-01,57.0
키리바시,관광,2014-08-01,17.0
키리바시,관광,2014-09-01,18.0
키리바시,관광,2014-10-01,35.0
키리바시,관광,2014-11-01,32.0
키리바시,관광,2014-12-01,6.0
키리바시,관광,2015-01-01,25.0
키리바시,관광,2015-02-01,13.0
키리바시,관광,2015-03-01,35.0
키리바시,관광,2015-04-01,20.0
키리바시,관광,2015-05-01,34.0
키리바시,관광,2015-06-01,17.0
키리바시,관광,2015-07-01,33.0
키리바시,관광,2015-08-01,33.0
키리바시,관광,2015-09-01,48.0
키리바시,관광,2015-10-01,29.0
키리바시,관광,2015-11-01,36.0
키리바시,관광,2015-12-01,18.0
키리바시,관광,2016-01-01,24.0
키리바시,관광,2016-02-01,18.0
키리바시,관광,2016-03-01,13.0
키리바시,관광,2016-04-01,25.0
키리바시,관광,2016-05-01,35.0
키리바시,관광,2016-06-01,20.0
키리바시,관광,2016-07-01,45.0
키리바시,관광,2016-08-01,19.0
키리바시,관광,2016-09-01,39.0
키리바시,관광,2016-10-01,27.0
키리바시,관광,2016-11-01,16.0
키리바시,관광,2016-12-01,5.0
키리바시,관광,2017-01-01,27.0
키리바시,관광,2017-02-01,21.0
키리바시,관광,2017-03-01,40.0
키리바시,관광,2017-04-01,31.0
키리바시,관광,2017-05-01,43.0
키리바시,관광,2017-06-01,50.0
키리바시,관광,2017-07-01,27.0
키리바시,관광,2017-08-01,35.0
키리바시,관광,2017-09-01,37.0
키리바시,관광,2017-10-01,11.0
키리바시,관광,2017-11-01,27.0
키리바시,관광,2017-12-01,44.0
키리바시,관광,2018-01-01,37.0
키리바시,관광,2018-02-01,27.0
키리바시,관광,2018-03-01,41.0
키리바시,관광,2018-04-01,32.0
키리바시,관광,2018-05-01,14.0
키리바시,관광,2018-06-01,18.0
키리바시,관광,2018-07-01,24.0
키리바시,관광,2018-08-01,34.0
키리바시,관광,2018-09-01,24.0
키리바시,관광,2018-10-01,37.0
키리바시,관광,2018-11-01,31.0
키리바시,관광,2018-12-01,30.0
키리바시,관광,2019-01-01,23.0
키리바시,관광,2019-02-01,10.0
키리바시,관광,2019-03-01,29.0
키리바시,관광,2019-04-01,17.0
키리바시,관광,2019-05-01,41.0
키리바시,관광,2019-06-01,36.0
키리바시,관광,2019-07-01,36.0
키리바시,관광,2019-08-01,16.0
키리바시,관광,2019-09-01,19.0
키리바시,관광,2019-10-01,21.0
키리바시,관광,2019-11-01,16.0
키리바시,관광,2019-12-01,19.0
키리바시,관광,2020-01-01,5.0
키리바시,관광,2020-02-01,18.0
키리바시,관광,2020-03-01,6.0
키리바시,관광,2020-04-01,0.0
키리바시,관광,2020-05-01,0.0
키리바시,관광,2020-06-01,0.0
키리바시,관광,2020-07-01,1.0
키리바시,관광,2020-08-01,0.0
키리바시,관광,2020-09-01,0.0
키리바시,관광,2020-10-01,1.0
키리바시,관광,2020-11-01,0.0
키리바시,관광,2020-12-01,2.0
키리바시,관광,2021-01-01,2.0
키리바시,관광,2021-02-01,2.0
키리바시,관광,2021-03-01,0.0
키리바시,관광,2021-04-01,26.0
키리바시,관광,2021-05-01,0.0
키리바시,관광,2021-06-01,1.0
키리바시,관광,2021-07-01,0.0
키리바시,관광,2021-08-01,0.0
키리바시,관광,2021-09-01,0.0
키리바시,관광,2021-10-01,0.0
키리바시,관광,2021-11-01,0.0
키리바시,관광,2021-12-01,0.0
키리바시,관광,2022-01-01,0.0
키리바시,관광,2022-02-01,0.0
키리바시,관광,2022-03-01,0.0
키리바시,관광,2022-04-01,1.0
키리바시,관광,2022-05-01,0.0
키리바시,관광,2022-06-01,1.0
키리바시,관광,2022-07-01,5.0
키리바시,관광,2022-08-01,2.0
키리바시,관광,2022-09-01,6.0
키리바시,관광,2022-10-01,5.0
키리바시,관광,2022-11-01,4.0
키리바시,관광,2022-12-01,0.0
키리바시,관광,2023-01-01,0.0
키리바시,관광,2023-02-01,1.0
키리바시,관광,2023-03-01,2.0
키리바시,관광,2023-04-01,1.0
키리바시,관광,2023-05-01,8.0
키리바시,관광,2023-06-01,3.0
키리바시,관광,2023-07-01,15.0
키리바시,관광,2023-08-01,3.0
키리바시,관광,2023-09-01,3.0
키리바시,관광,2023-10-01,8.0
키리바시,관광,2023-11-01,0.0
키리바시,관광,2023-12-01,5.0
키리바시,관광,2024-01-01,7.0
키리바시,관광,2024-02-01,2.0
키리바시,관광,2024-03-01,3.0
키리바시,관광,2024-04-01,4.0
키리바시,관광,2024-05-01,6.0
키리바시,관광,2024-06-01,10.0
키리바시,관광,2024-07-01,10.0
키리바시,관광,2024-08-01,11.0
키리바시,관광,2024-09-01,15.0
키리바시,관광,2024-10-01,2.0
키리바시,관광,2024-11-01,3.0
키리바시,관광,2024-12-01,4.0
키리바시,관광,2025-01-01,2.0
키리바시,관광,2025-02-01,2.0
키리바시,관광,2025-03-01,1.0
키리바시,관광,2025-04-01,3.0
키리바시,관광,2025-05-01,2.0
키리바시,상용,2005-01-01,0.0
키리바시,상용,2005-02-01,0.0
키리바시,상용,2005-03-01,0.0
키리바시,상용,2005-04-01,0.0
키리바시,상용,2005-05-01,0.0
키리바시,상용,2005-06-01,0.0
키리바시,상용,2005-07-01,0.0
키리바시,상용,2005-08-01,0.0
키리바시,상용,2005-09-01,0.0
키리바시,상용,2005-10-01,0.0
키리바시,상용,2005-11-01,0.0
키리바시,상용,2005-12-01,0.0
키리바시,상용,2006-01-01,0.0
키리바시,상용,2006-02-01,0.0
키리바시,상용,2006-03-01,0.0
키리바시,상용,2006-04-01,0.0
키리바시,상용,2006-05-01,0.0
키리바시,상용,2006-06-01,0.0
키리바시,상용,2006-07-01,0.0
키리바시,상용,2006-08-01,0.0
키리바시,상용,2006-09-01,0.0
키리바시,상용,2006-10-01,0.0
키리바시,상용,2006-11-01,0.0
키리바시,상용,2006-12-01,0.0
키리바시,상용,2007-01-01,0.0
키리바시,상용,2007-02-01,0.0
키리바시,상용,2007-03-01,0.0
키리바시,상용,2007-04-01,0.0
키리바시,상용,2007-05-01,0.0
키리바시,상용,2007-06-01,0.0
키리바시,상용,2007-07-01,0.0
키리바시,상용,2007-08-01,0.0
키리바시,상용,2007-09-01,0.0
키리바시,상용,2007-10-01,0.0
키리바시,상용,2007-11-01,0.0
키리바시,상용,2007-12-01,0.0
키리바시,상용,2008-01-01,0.0
키리바시,상용,2008-02-01,0.0
키리바시,상용,2008-03-01,0.0
키리바시,상용,2008-04-01,0.0
키리바시,상용,2008-05-01,0.0
키리바시,상용,2008-06-01,0.0
키리바시,상용,2008-07-01,0.0
키리바시,상용,2008-08-01,0.0
키리바시,상용,2008-09-01,0.0
키리바시,상용,2008-10-01,0.0
키리바시,상용,2008-11-01,0.0
키리바시,상용,2008-12-01,0.0
키리바시,상용,2009-01-01,0.0
키리바시,상용,2009-02-01,0.0
키리바시,상용,2009-03-01,0.0
키리바시,상용,2009-04-01,0.0
키리바시,상용,2009-05-01,0.0
키리바시,상용,2009-06-01,0.0
키리바시,상용,2009-07-01,0.0
키리바시,상용,2009-08-01,0.0
키리바시,상용,2009-09-01,0.0
키리바시,상용,2009-10-01,0.0
키리바시,상용,2009-11-01,0.0
키리바시,상용,2009-12-01,0.0
키리바시,상용,2010-01-01,0.0
키리바시,상용,2010-02-01,0.0
키리바시,상용,2010-03-01,0.0
키리바시,상용,2010-04-01,0.0
키리바시,상용,2010-05-01,0.0
키리바시,상용,2010-06-01,0.0
키리바시,상용,2010-07-01,0.0
키리바시,상용,2010-08-01,0.0
키리바시,상용,2010-09-01,0.0
키리바시,상용,2010-10-01,1.0
키리바시,상용,2010-11-01,0.0
키리바시,상용,2010-12-01,0.0
키리바시,상용,2011-01-01,0.0
키리바시,상용,2011-02-01,0.0
키리바시,상용,2011-03-01,0.0
키리바시,상용,2011-04-01,0.0
키리바시,상용,2011-05-01,0.0
키리바시,상용,2011-06-01,0.0
키리바시,상용,2011-07-01,0.0
키리바시,상용,2011-08-01,0.0
키리바시,상용,2011-09-01,0.0
키리바시,상용,2011-10-01,0.0
키리바시,상용,2011-11-01,0.0
키리바시,상용,2011-12-01,0.0
키리바시,상용,2012-01-01,0.0
키리바시,상용,2012-02-01,0.0
키리바시,상용,2012-03-01,0.0
키리바시,상용,2012-04-01,0.0
키리바시,상용,2012-05-01,0.0
키리바시,상용,2012-06-01,0.0
키리바시,상용,2012-07-01,0.0
키리바시,상용,2012-08-01,0.0
키리바시,상용,2012-09-01,0.0
키리바시,상용,2012-10-01,0.0
키리바시,상용,2012-11-01,0.0
키리바시,상용,2012-12-01,0.0
키리바시,상용,2013-01-01,0.0
키리바시,상용,2013-02-01,0.0
키리바시,상용,2013-03-01,0.0
키리바시,상용,2013-04-01,0.0
키리바시,상용,2013-05-01,0.0
키리바시,상용,2013-06-01,0.0
키리바시,상용,2013-07-01,0.0
키리바시,상용,2013-08-01,0.0
키리바시,상용,2013-09-01,0.0
키리바시,상용,2013-10-01,0.0
키리바시,상용,2013-11-01,0.0
키리바시,상용,2013-12-01,0.0
키리바시,상용,2014-01-01,0.0
키리바시,상용,2014-02-01,0.0
키리바시,상용,2014-03-01,0.0
키리바시,상용,2014-04-01,0.0
키리바시,상용,2014-05-01,0.0
키리바시,상용,2014-06-01,0.0
키리바시,상용,2014-07-01,0.0
키리바시,상용,2014-08-01,0.0
키리바시,상용,2014-09-01,0.0
키리바시,상용,2014-10-01,0.0
키리바시,상용,2014-11-01,0.0
키리바시,상용,2014-12-01,0.0
키리바시,상용,2015-01-01,0.0
키리바시,상용,2015-02-01,0.0
키리바시,상용,2015-03-01,0.0
키리바시,상용,2015-04-01,0.0
키리바시,상용,2015-05-01,0.0
키리바시,상용,2015-06-01,0.0
키리바시,상용,2015-07-01,0.0
키리바시,상용,2015-08-01,0.0
키리바시,상용,2015-09-01,0.0
키리바시,상용,2015-10-01,0.0
키리바시,상용,2015-11-01,0.0
키리바시,상용,2015-12-01,0.0
키리바시,상용,2016-01-01,0.0
키리바시,상용,2016-02-01,0.0
키리바시,상용,2016-03-01,0.0
키리바시,상용,2016-04-01,0.0
키리바시,상용,2016-05-01,0.0
키리바시,상용,2016-06-01,0.0
키리바시,상용,2016-07-01,0.0
키리바시,상용,2016-08-01,0.0
키리바시,상용,2016-09-01,0.0
키리바시,상용,2016-10-01,0.0
키리바시,상용,2016-11-01,0.0
키리바시,상용,2016-12-01,0.0
키리바시,상용,2017-01-01,0.0
키리바시,상용,2017-02-01,0.0
키리바시,상용,2017-03-01,0.0
키리바시,상용,2017-04-01,0.0
키리바시,상용,2017-05-01,0.0
키리바시,상용,2017-06-01,0.0
키리바시,상용,2017-07-01,0.0
키리바시,상용,2017-08-01,0.0
키리바시,상용,2017-09-01,0.0
키리바시,상용,2017-10-01,0.0
키리바시,상용,2017-11-01,0.0
키리바시,상용,2017-12-01,0.0
키리바시,상용,2018-01-01,0.0
키리바시,상용,2018-02-01,0.0
키리바시,상용,2018-03-01,0.0
키리바시,상용,2018-04-01,0.0
키리바시,상용,2018-05-01,0.0
키리바시,상용,2018-06-01,0.0
키리바시,상용,2018-07-01,0.0
키리바시,상용,2018-08-01,0.0
키리바시,상용,2018-09-01,0.0
키리바시,상용,2018-10-01,0.0
키리바시,상용,2018-11-01,0.0
키리바시,상용,2018-12-01,0.0
키리바시,상용,2019-01-01,0.0
키리바시,상용,2019-02-01,0.0
키리바시,상용,2019-03-01,0.0
키리바시,상용,2019-04-01,0.0
키리바시,상용,2019-05-01,0.0
키리바시,상용,2019-06-01,0.0
키리바시,상용,2019-07-01,0.0
키리바시,상용,2019-08-01,0.0
키리바시,상용,2019-09-01,0.0
키리바시,상용,2019-10-01,0.0
키리바시,상용,2019-11-01,0.0
키리바시,상용,2019-12-01,0.0
키리바시,상용,2020-01-01,0.0
키리바시,상용,2020-02-01,0.0
키리바시,상용,2020-03-01,0.0
키리바시,상용,2020-04-01,0.0
키리바시,상용,2020-05-01,0.0
키리바시,상용,2020-06-01,0.0
키리바시,상용,2020-07-01,0.0
키리바시,상용,2020-08-01,0.0
키리바시,상용,2020-09-01,0.0
키리바시,상용,2020-10-01,0.0
키리바시,상용,2020-11-01,0.0
키리바시,상용,2020-12-01,0.0
키리바시,상용,2021-01-01,0.0
키리바시,상용,2021-02-01,0.0
키리바시,상용,2021-03-01,0.0
키리바시,상용,2021-04-01,0.0
키리바시,상용,2021-05-01,0.0
키리바시,상용,2021-06-01,0.0
키리바시,상용,2021-07-01,0.0
키리바시,상용,2021-08-01,0.0
키리바시,상용,2021-09-01,0.0
키리바시,상용,2021-10-01,0.0
키리바시,상용,2021-11-01,0.0
키리바시,상용,2021-12-01,0.0
키리바시,상용,2022-01-01,0.0
키리바시,상용,2022-02-01,0.0
키리바시,상용,2022-03-01,0.0
키리바시,상용,2022-04-01,0.0
키리바시,상용,2022-05-01,0.0
키리바시,상용,2022-06-01,0.0
키리바시,상용,2022-07-01,0.0
키리바시,상용,2022-08-01,0.0
키리바시,상용,2022-09-01,0.0
키리바시,상용,2022-10-01,0.0
키리바시,상용,2022-11-01,0.0
키리바시,상용,2022-12-01,0.0
키리바시,상용,2023-01-01,0.0
키리바시,상용,2023-02-01,0.0
키리바시,상용,2023-03-01,0.0
키리바시,상용,2023-04-01,0.0
키리바시,상용,2023-05-01,0.0
키리바시,상용,2023-06-01,0.0
키리바시,상용,2023-07-01,0.0
키리바시,상용,2023-08-01,0.0
키리바시,상용,2023-09-01,0.0
키리바시,상용,2023-10-01,0.0
키리바시,상용,2023-11-01,0.0
키리바시,상용,2023-12-01,0.0
키리바시,상용,2024-01-01,0.0
키리바시,상용,2024-02-01,0.0
키리바시,상용,2024-03-01,0.0
키리바시,상용,2024-04-01,0.0
키리바시,상용,2024-05-01,0.0
키리바시,상용,2024-06-01,0.0
키리바시,상용,2024-07-01,0.0
키리바시,상용,2024-08-01,0.0
키리바시,상용,2024-09-01,0.0
키리바시,상용,2024-10-01,0.0
키리바시,상용,2024-11-01,0.0
키리바시,상용,2024-12-01,0.0
키리바시,상용,2025-01-01,0.0
키리바시,상용,2025-02-01,0.0
키리바시,상용,2025-03-01,0.0
키리바시,상용,2025-04-01,0.0
키리바시,상용,2025-05-01,0.0
키리바시,유학연수,2005-01-01,0.0
키리바시,유학연수,2005-02-01,0.0
키리바시,유학연수,2005-03-01,0.0
키리바시,유학연수,2005-04-01,0.0
키리바시,유학연수,2005-05-01,0.0
키리바시,유학연수,2005-06-01,0.0
키리바시,유학연수,2005-07-01,0.0
키리바시,유학연수,2005-08-01,0.0
키리바시,유학연수,2005-09-01,0.0
키리바시,유학연수,2005-10-01,0.0
키리바시,유학연수,2005-11-01,0.0
키리바시,유학연수,2005-12-01,0.0
키리바시,유학연수,2006-01-01,0.0
키리바시,유학연수,2006-02-01,0.0
키리바시,유학연수,2006-03-01,0.0
키리바시,유학연수,2006-04-01,0.0
키리바시,유학연수,2006-05-01,0.0
키리바시,유학연수,2006-06-01,0.0
키리바시,유학연수,2006-07-01,0.0
키리바시,유학연수,2006-08-01,0.0
키리바시,유학연수,2006-09-01,0.0
키리바시,유학연수,2006-10-01,0.0
키리바시,유학연수,2006-11-01,0.0
키리바시,유학연수,2006-12-01,0.0
키리바시,유학연수,2007-01-01,0.0
키리바시,유학연수,2007-02-01,0.0
키리바시,유학연수,2007-03-01,0.0
키리바시,유학연수,2007-04-01,0.0
키리바시,유학연수,2007-05-01,0.0
키리바시,유학연수,2007-06-01,0.0
키리바시,유학연수,2007-07-01,0.0
키리바시,유학연수,2007-08-01,0.0
키리바시,유학연수,2007-09-01,0.0
키리바시,유학연수,2007-10-01,0.0
키리바시,유학연수,2007-11-01,0.0
키리바시,유학연수,2007-12-01,0.0
키리바시,유학연수,2008-01-01,0.0
키리바시,유학연수,2008-02-01,0.0
키리바시,유학연수,2008-03-01,0.0
키리바시,유학연수,2008-04-01,0.0
키리바시,유학연수,2008-05-01,0.0
키리바시,유학연수,2008-06-01,0.0
키리바시,유학연수,2008-07-01,0.0
키리바시,유학연수,2008-08-01,0.0
키리바시,유학연수,2008-09-01,0.0
키리바시,유학연수,2008-10-01,0.0
키리바시,유학연수,2008-11-01,0.0
키리바시,유학연수,2008-12-01,0.0
키리바시,유학연수,2009-01-01,0.0
키리바시,유학연수,2009-02-01,0.0
키리바시,유학연수,2009-03-01,0.0
키리바시,유학연수,2009-04-01,0.0
키리바시,유학연수,2009-05-01,0.0
키리바시,유학연수,2009-06-01,0.0
키리바시,유학연수,2009-07-01,0.0
키리바시,유학연수,2009-08-01,0.0
키리바시,유학연수,2009-09-01,0.0
키리바시,유학연수,2009-10-01,0.0
키리바시,유학연수,2009-11-01,0.0
키리바시,유학연수,2009-12-01,0.0
키리바시,유학연수,2010-01-01,0.0
키리바시,유학연수,2010-02-01,0.0
키리바시,유학연수,2010-03-01,0.0
키리바시,유학연수,2010-04-01,0.0
키리바시,유학연수,2010-05-01,0.0
키리바시,유학연수,2010-06-01,0.0
키리바시,유학연수,2010-07-01,0.0
키리바시,유학연수,2010-08-01,0.0
키리바시,유학연수,2010-09-01,0.0
키리바시,유학연수,2010-10-01,0.0
키리바시,유학연수,2010-11-01,0.0
키리바시,유학연수,2010-12-01,0.0
키리바시,유학연수,2011-01-01,0.0
키리바시,유학연수,2011-02-01,0.0
키리바시,유학연수,2011-03-01,0.0
키리바시,유학연수,2011-04-01,0.0
키리바시,유학연수,2011-05-01,0.0
키리바시,유학연수,2011-06-01,0.0
키리바시,유학연수,2011-07-01,0.0
키리바시,유학연수,2011-08-01,0.0
키리바시,유학연수,2011-09-01,0.0
키리바시,유학연수,2011-10-01,0.0
키리바시,유학연수,2011-11-01,0.0
키리바시,유학연수,2011-12-01,0.0
키리바시,유학연수,2012-01-01,0.0
키리바시,유학연수,2012-02-01,0.0
키리바시,유학연수,2012-03-01,0.0
키리바시,유학연수,2012-04-01,0.0
키리바시,유학연수,2012-05-01,0.0
키리바시,유학연수,2012-06-01,0.0
키리바시,유학연수,2012-07-01,0.0
키리바시,유학연수,2012-08-01,0.0
키리바시,유학연수,2012-09-01,0.0
키리바시,유학연수,2012-10-01,0.0
키리바시,유학연수,2012-11-01,0.0
키리바시,유학연수,2012-12-01,0.0
키리바시,유학연수,2013-01-01,0.0
키리바시,유학연수,2013-02-01,0.0
키리바시,유학연수,2013-03-01,0.0
키리바시,유학연수,2013-04-01,0.0
키리바시,유학연수,2013-05-01,0.0
키리바시,유학연수,2013-06-01,0.0
키리바시,유학연수,2013-07-01,0.0
키리바시,유학연수,2013-08-01,0.0
키리바시,유학연수,2013-09-01,0.0
키리바시,유학연수,2013-10-01,0.0
키리바시,유학연수,2013-11-01,0.0
키리바시,유학연수,2013-12-01,0.0
키리바시,유학연수,2014-01-01,0.0
키리바시,유학연수,2014-02-01,0.0
키리바시,유학연수,2014-03-01,0.0
키리바시,유학연수,2014-04-01,0.0
키리바시,유학연수,2014-05-01,0.0
키리바시,유학연수,2014-06-01,0.0
키리바시,유학연수,2014-07-01,0.0
키리바시,유학연수,2014-08-01,0.0
키리바시,유학연수,2014-09-01,0.0
키리바시,유학연수,2014-10-01,0.0
키리바시,유학연수,2014-11-01,0.0
키리바시,유학연수,2014-12-01,2.0
키리바시,유학연수,2015-01-01,0.0
키리바시,유학연수,2015-02-01,0.0
키리바시,유학연수,2015-03-01,0.0
키리바시,유학연수,2015-04-01,0.0
키리바시,유학연수,2015-05-01,0.0
키리바시,유학연수,2015-06-01,0.0
키리바시,유학연수,2015-07-01,0.0
키리바시,유학연수,2015-08-01,0.0
키리바시,유학연수,2015-09-01,1.0
키리바시,유학연수,2015-10-01,0.0
키리바시,유학연수,2015-11-01,0.0
키리바시,유학연수,2015-12-01,0.0
키리바시,유학연수,2016-01-01,0.0
키리바시,유학연수,2016-02-01,0.0
키리바시,유학연수,2016-03-01,0.0
키리바시,유학연수,2016-04-01,0.0
키리바시,유학연수,2016-05-01,0.0
키리바시,유학연수,2016-06-01,2.0
키리바시,유학연수,2016-07-01,0.0
키리바시,유학연수,2016-08-01,0.0
키리바시,유학연수,2016-09-01,0.0
키리바시,유학연수,2016-10-01,0.0
키리바시,유학연수,2016-11-01,0.0
키리바시,유학연수,2016-12-01,0.0
키리바시,유학연수,2017-01-01,0.0
키리바시,유학연수,2017-02-01,0.0
키리바시,유학연수,2017-03-01,0.0
키리바시,유학연수,2017-04-01,0.0
키리바시,유학연수,2017-05-01,0.0
키리바시,유학연수,2017-06-01,0.0
키리바시,유학연수,2017-07-01,0.0
키리바시,유학연수,2017-08-01,0.0
키리바시,유학연수,2017-09-01,0.0
키리바시,유학연수,2017-10-01,0.0
키리바시,유학연수,2017-11-01,0.0
키리바시,유학연수,2017-12-01,7.0
키리바시,유학연수,2018-01-01,4.0
키리바시,유학연수,2018-02-01,0.0
키리바시,유학연수,2018-03-01,0.0
키리바시,유학연수,2018-04-01,0.0
키리바시,유학연수,2018-05-01,0.0
키리바시,유학연수,2018-06-01,0.0
키리바시,유학연수,2018-07-01,0.0
키리바시,유학연수,2018-08-01,0.0
키리바시,유학연수,2018-09-01,0.0
키리바시,유학연수,2018-10-01,0.0
키리바시,유학연수,2018-11-01,0.0
키리바시,유학연수,2018-12-01,0.0
키리바시,유학연수,2019-01-01,0.0
키리바시,유학연수,2019-02-01,0.0
키리바시,유학연수,2019-03-01,0.0
키리바시,유학연수,2019-04-01,12.0
키리바시,유학연수,2019-05-01,6.0
키리바시,유학연수,2019-06-01,0.0
키리바시,유학연수,2019-07-01,2.0
키리바시,유학연수,2019-08-01,0.0
키리바시,유학연수,2019-09-01,0.0
키리바시,유학연수,2019-10-01,0.0
키리바시,유학연수,2019-11-01,0.0
키리바시,유학연수,2019-12-01,0.0
키리바시,유학연수,2020-01-01,0.0
키리바시,유학연수,2020-02-01,0.0
키리바시,유학연수,2020-03-01,0.0
키리바시,유학연수,2020-04-01,0.0
키리바시,유학연수,2020-05-01,0.0
키리바시,유학연수,2020-06-01,0.0
키리바시,유학연수,2020-07-01,0.0
키리바시,유학연수,2020-08-01,0.0
키리바시,유학연수,2020-09-01,0.0
키리바시,유학연수,2020-10-01,0.0
키리바시,유학연수,2020-11-01,0.0
키리바시,유학연수,2020-12-01,0.0
키리바시,유학연수,2021-01-01,0.0
키리바시,유학연수,2021-02-01,0.0
키리바시,유학연수,2021-03-01,0.0
키리바시,유학연수,2021-04-01,0.0
키리바시,유학연수,2021-05-01,0.0
키리바시,유학연수,2021-06-01,0.0
키리바시,유학연수,2021-07-01,0.0
키리바시,유학연수,2021-08-01,0.0
키리바시,유학연수,2021-09-01,0.0
키리바시,유학연수,2021-10-01,0.0
키리바시,유학연수,2021-11-01,0.0
키리바시,유학연수,2021-12-01,0.0
키리바시,유학연수,2022-01-01,0.0
키리바시,유학연수,2022-02-01,0.0
키리바시,유학연수,2022-03-01,0.0
키리바시,유학연수,2022-04-01,0.0
키리바시,유학연수,2022-05-01,0.0
키리바시,유학연수,2022-06-01,0.0
키리바시,유학연수,2022-07-01,0.0
키리바시,유학연수,2022-08-01,0.0
키리바시,유학연수,2022-09-01,0.0
키리바시,유학연수,2022-10-01,0.0
키리바시,유학연수,2022-11-01,0.0
키리바시,유학연수,2022-12-01,0.0
키리바시,유학연수,2023-01-01,0.0
키리바시,유학연수,2023-02-01,2.0
키리바시,유학연수,2023-03-01,0.0
키리바시,유학연수,2023-04-01,0.0
키리바시,유학연수,2023-05-01,0.0
키리바시,유학연수,2023-06-01,1.0
키리바시,유학연수,2023-07-01,0.0
키리바시,유학연수,2023-08-01,0.0
키리바시,유학연수,2023-09-01,0.0
키리바시,유학연수,2023-10-01,0.0
키리바시,유학연수,2023-11-01,0.0
키리바시,유학연수,2023-12-01,0.0
키리바시,유학연수,2024-01-01,0.0
키리바시,유학연수,2024-02-01,0.0
키리바시,유학연수,2024-03-01,0.0
키리바시,유학연수,2024-04-01,0.0
키리바시,유학연수,2024-05-01,0.0
키리바시,유학연수,2024-06-01,0.0
키리바시,유학연수,2024-07-01,0.0
키리바시,유학연수,2024-08-01,1.0
키리바시,유학연수,2024-09-01,1.0
키리바시,유학연수,2024-10-01,0.0
키리바시,유학연수,2024-11-01,0.0
키리바시,유학연수,2024-12-01,0.0
키리바시,유학연수,2025-01-01,0.0
키리바시,유학연수,2025-02-01,0.0
키리바시,유학연수,2025-03-01,2.0
키리바시,유학연수,2025-04-01,0.0
키리바시,유학연수,2025-05-01,0.0
태국,공용,2005-01-01,15.0
태국,공용,2005-02-01,9.0
태국,공용,2005-03-01,62.0
태국,공용,2005-04-01,16.0
태국,공용,2005-05-01,11.0
태국,공용,2005-06-01,10.0
태국,공용,2005-07-01,11.0
태국,공용,2005-08-01,12.0
태국,공용,2005-09-01,12.0
태국,공용,2005-10-01,8.0
태국,공용,2005-11-01,42.0
태국,공용,2005-12-01,13.0
태국,공용,2006-01-01,10.0
태국,공용,2006-02-01,12.0
태국,공용,2006-03-01,7.0
태국,공용,2006-04-01,19.0
태국,공용,2006-05-01,14.0
태국,공용,2006-06-01,6.0
태국,공용,2006-07-01,12.0
태국,공용,2006-08-01,18.0
태국,공용,2006-09-01,14.0
태국,공용,2006-10-01,18.0
태국,공용,2006-11-01,20.0
태국,공용,2006-12-01,14.0
태국,공용,2007-01-01,18.0
태국,공용,2007-02-01,10.0
태국,공용,2007-03-01,10.0
태국,공용,2007-04-01,21.0
태국,공용,2007-05-01,11.0
태국,공용,2007-06-01,6.0
태국,공용,2007-07-01,13.0
태국,공용,2007-08-01,11.0
태국,공용,2007-09-01,21.0
태국,공용,2007-10-01,13.0
태국,공용,2007-11-01,7.0
태국,공용,2007-12-01,16.0
태국,공용,2008-01-01,10.0
태국,공용,2008-02-01,7.0
태국,공용,2008-03-01,9.0
태국,공용,2008-04-01,23.0
태국,공용,2008-05-01,18.0
태국,공용,2008-06-01,7.0
태국,공용,2008-07-01,15.0
태국,공용,2008-08-01,12.0
태국,공용,2008-09-01,6.0
태국,공용,2008-10-01,9.0
태국,공용,2008-11-01,11.0
태국,공용,2008-12-01,15.0
태국,공용,2009-01-01,16.0
태국,공용,2009-02-01,10.0
태국,공용,2009-03-01,18.0
태국,공용,2009-04-01,24.0
태국,공용,2009-05-01,25.0
태국,공용,2009-06-01,11.0
태국,공용,2009-07-01,22.0
태국,공용,2009-08-01,31.0
태국,공용,2009-09-01,33.0
태국,공용,2009-10-01,31.0
태국,공용,2009-11-01,46.0
태국,공용,2009-12-01,20.0
태국,공용,2010-01-01,13.0
태국,공용,2010-02-01,36.0
태국,공용,2010-03-01,35.0
태국,공용,2010-04-01,29.0
태국,공용,2010-05-01,40.0
태국,공용,2010-06-01,21.0
태국,공용,2010-07-01,35.0
태국,공용,2010-08-01,40.0
태국,공용,2010-09-01,39.0
태국,공용,2010-10-01,14.0
태국,공용,2010-11-01,13.0
태국,공용,2010-12-01,12.0
태국,공용,2011-01-01,19.0
태국,공용,2011-02-01,9.0
태국,공용,2011-03-01,33.0
태국,공용,2011-04-01,15.0
태국,공용,2011-05-01,9.0
태국,공용,2011-06-01,15.0
태국,공용,2011-07-01,10.0
태국,공용,2011-08-01,21.0
태국,공용,2011-09-01,18.0
태국,공용,2011-10-01,20.0
태국,공용,2011-11-01,11.0
태국,공용,2011-12-01,16.0
태국,공용,2012-01-01,7.0
태국,공용,2012-02-01,17.0
태국,공용,2012-03-01,69.0
태국,공용,2012-04-01,51.0
태국,공용,2012-05-01,30.0
태국,공용,2012-06-01,92.0
태국,공용,2012-07-01,39.0
태국,공용,2012-08-01,30.0
태국,공용,2012-09-01,32.0
태국,공용,2012-10-01,59.0
태국,공용,2012-11-01,70.0
태국,공용,2012-12-01,25.0
태국,공용,2013-01-01,25.0
태국,공용,2013-02-01,46.0
태국,공용,2013-03-01,77.0
태국,공용,2013-04-01,52.0
태국,공용,2013-05-01,38.0
태국,공용,2013-06-01,54.0
태국,공용,2013-07-01,54.0
태국,공용,2013-08-01,70.0
태국,공용,2013-09-01,66.0
태국,공용,2013-10-01,143.0
태국,공용,2013-11-01,400.0
태국,공용,2013-12-01,191.0
태국,공용,2014-01-01,161.0
태국,공용,2014-02-01,215.0
태국,공용,2014-03-01,248.0
태국,공용,2014-04-01,170.0
태국,공용,2014-05-01,193.0
태국,공용,2014-06-01,246.0
태국,공용,2014-07-01,361.0
태국,공용,2014-08-01,275.0
태국,공용,2014-09-01,325.0
태국,공용,2014-10-01,344.0
태국,공용,2014-11-01,278.0
태국,공용,2014-12-01,182.0
태국,공용,2015-01-01,87.0
태국,공용,2015-02-01,77.0
태국,공용,2015-03-01,192.0
태국,공용,2015-04-01,222.0
태국,공용,2015-05-01,174.0
태국,공용,2015-06-01,88.0
태국,공용,2015-07-01,75.0
태국,공용,2015-08-01,147.0
태국,공용,2015-09-01,165.0
태국,공용,2015-10-01,219.0
태국,공용,2015-11-01,187.0
태국,공용,2015-12-01,155.0
태국,공용,2016-01-01,80.0
태국,공용,2016-02-01,117.0
태국,공용,2016-03-01,423.0
태국,공용,2016-04-01,145.0
태국,공용,2016-05-01,225.0
태국,공용,2016-06-01,198.0
태국,공용,2016-07-01,183.0
태국,공용,2016-08-01,177.0
태국,공용,2016-09-01,209.0
태국,공용,2016-10-01,225.0
태국,공용,2016-11-01,133.0
태국,공용,2016-12-01,147.0
태국,공용,2017-01-01,109.0
태국,공용,2017-02-01,93.0
태국,공용,2017-03-01,346.0
태국,공용,2017-04-01,126.0
태국,공용,2017-05-01,176.0
태국,공용,2017-06-01,188.0
태국,공용,2017-07-01,225.0
태국,공용,2017-08-01,227.0
태국,공용,2017-09-01,287.0
태국,공용,2017-10-01,178.0
태국,공용,2017-11-01,200.0
태국,공용,2017-12-01,106.0
태국,공용,2018-01-01,82.0
태국,공용,2018-02-01,105.0
태국,공용,2018-03-01,312.0
태국,공용,2018-04-01,205.0
태국,공용,2018-05-01,224.0
태국,공용,2018-06-01,206.0
태국,공용,2018-07-01,249.0
태국,공용,2018-08-01,374.0
태국,공용,2018-09-01,355.0
태국,공용,2018-10-01,222.0
태국,공용,2018-11-01,260.0
태국,공용,2018-12-01,302.0
태국,공용,2019-01-01,199.0
태국,공용,2019-02-01,180.0
태국,공용,2019-03-01,397.0
태국,공용,2019-04-01,401.0
태국,공용,2019-05-01,445.0
태국,공용,2019-06-01,308.0
태국,공용,2019-07-01,230.0
태국,공용,2019-08-01,318.0
태국,공용,2019-09-01,411.0
태국,공용,2019-10-01,344.0
태국,공용,2019-11-01,404.0
태국,공용,2019-12-01,224.0
태국,공용,2020-01-01,110.0
태국,공용,2020-02-01,200.0
태국,공용,2020-03-01,11.0
태국,공용,2020-04-01,7.0
태국,공용,2020-05-01,0.0
태국,공용,2020-06-01,0.0
태국,공용,2020-07-01,1.0
태국,공용,2020-08-01,1.0
태국,공용,2020-09-01,6.0
태국,공용,2020-10-01,5.0
태국,공용,2020-11-01,5.0
태국,공용,2020-12-01,3.0
태국,공용,2021-01-01,4.0
태국,공용,2021-02-01,13.0
태국,공용,2021-03-01,4.0
태국,공용,2021-04-01,1.0
태국,공용,2021-05-01,4.0
태국,공용,2021-06-01,2.0
태국,공용,2021-07-01,12.0
태국,공용,2021-08-01,12.0
태국,공용,2021-09-01,3.0
태국,공용,2021-10-01,11.0
태국,공용,2021-11-01,17.0
태국,공용,2021-12-01,12.0
태국,공용,2022-01-01,22.0
태국,공용,2022-02-01,21.0
태국,공용,2022-03-01,15.0
태국,공용,2022-04-01,19.0
태국,공용,2022-05-01,27.0
태국,공용,2022-06-01,68.0
태국,공용,2022-07-01,72.0
태국,공용,2022-08-01,70.0
태국,공용,2022-09-01,90.0
태국,공용,2022-10-01,103.0
태국,공용,2022-11-01,109.0
태국,공용,2022-12-01,58.0
태국,공용,2023-01-01,64.0
태국,공용,2023-02-01,191.0
태국,공용,2023-03-01,345.0
태국,공용,2023-04-01,216.0
태국,공용,2023-05-01,659.0
태국,공용,2023-06-01,500.0
태국,공용,2023-07-01,419.0
태국,공용,2023-08-01,383.0
태국,공용,2023-09-01,608.0
태국,공용,2023-10-01,403.0
태국,공용,2023-11-01,350.0
태국,공용,2023-12-01,115.0
태국,공용,2024-01-01,103.0
태국,공용,2024-02-01,246.0
태국,공용,2024-03-01,287.0
태국,공용,2024-04-01,388.0
태국,공용,2024-05-01,506.0
태국,공용,2024-06-01,513.0
태국,공용,2024-07-01,434.0
태국,공용,2024-08-01,402.0
태국,공용,2024-09-01,559.0
태국,공용,2024-10-01,411.0
태국,공용,2024-11-01,427.0
태국,공용,2024-12-01,112.0
태국,공용,2025-01-01,113.0
태국,공용,2025-02-01,246.0
태국,공용,2025-03-01,281.0
태국,공용,2025-04-01,363.0
태국,공용,2025-05-01,525.0
태국,관광,2005-01-01,3785.0
태국,관광,2005-02-01,4403.0
태국,관광,2005-03-01,7819.0
태국,관광,2005-04-01,10265.0
태국,관광,2005-05-01,5845.0
태국,관광,2005-06-01,3603.0
태국,관광,2005-07-01,2867.0
태국,관광,2005-08-01,2657.0
태국,관광,2005-09-01,4076.0
태국,관광,2005-10-01,6452.0
태국,관광,2005-11-01,3745.0
태국,관광,2005-12-01,10692.0
태국,관광,2006-01-01,3157.0
태국,관광,2006-02-01,5885.0
태국,관광,2006-03-01,7119.0
태국,관광,2006-04-01,10123.0
태국,관광,2006-05-01,6585.0
태국,관광,2006-06-01,4712.0
태국,관광,2006-07-01,3503.0
태국,관광,2006-08-01,4023.0
태국,관광,2006-09-01,4601.0
태국,관광,2006-10-01,7653.0
태국,관광,2006-11-01,4294.0
태국,관광,2006-12-01,10546.0
태국,관광,2007-01-01,5296.0
태국,관광,2007-02-01,6931.0
태국,관광,2007-03-01,8382.0
태국,관광,2007-04-01,11065.0
태국,관광,2007-05-01,6844.0
태국,관광,2007-06-01,4994.0
태국,관광,2007-07-01,4418.0
태국,관광,2007-08-01,4561.0
태국,관광,2007-09-01,5840.0
태국,관광,2007-10-01,9613.0
태국,관광,2007-11-01,5635.0
태국,관광,2007-12-01,12780.0
태국,관광,2008-01-01,7681.0
태국,관광,2008-02-01,8141.0
태국,관광,2008-03-01,11353.0
태국,관광,2008-04-01,13319.0
태국,관광,2008-05-01,8715.0
태국,관광,2008-06-01,5597.0
태국,관광,2008-07-01,5080.0
태국,관광,2008-08-01,4559.0
태국,관광,2008-09-01,6547.0
태국,관광,2008-10-01,11898.0
태국,관광,2008-11-01,5998.0
태국,관광,2008-12-01,11912.0
태국,관광,2009-01-01,8990.0
태국,관광,2009-02-01,9898.0
태국,관광,2009-03-01,13354.0
태국,관광,2009-04-01,17699.0
태국,관광,2009-05-01,9676.0
태국,관광,2009-06-01,6066.0
태국,관광,2009-07-01,5672.0
태국,관광,2009-08-01,5248.0
태국,관광,2009-09-01,7891.0
태국,관광,2009-10-01,18853.0
태국,관광,2009-11-01,14214.0
태국,관광,2009-12-01,20939.0
태국,관광,2010-01-01,13374.0
태국,관광,2010-02-01,12358.0
태국,관광,2010-03-01,20346.0
태국,관광,2010-04-01,29014.0
태국,관광,2010-05-01,16238.0
태국,관광,2010-06-01,9820.0
태국,관광,2010-07-01,10859.0
태국,관광,2010-08-01,10520.0
태국,관광,2010-09-01,11562.0
태국,관광,2010-10-01,29243.0
태국,관광,2010-11-01,16424.0
태국,관광,2010-12-01,25871.0
태국,관광,2011-01-01,17506.0
태국,관광,2011-02-01,20624.0
태국,관광,2011-03-01,29472.0
태국,관광,2011-04-01,30614.0
태국,관광,2011-05-01,20690.0
태국,관광,2011-06-01,11969.0
태국,관광,2011-07-01,13401.0
태국,관광,2011-08-01,9470.0
태국,관광,2011-09-01,15735.0
태국,관광,2011-10-01,32096.0
태국,관광,2011-11-01,18842.0
태국,관광,2011-12-01,27175.0
태국,관광,2012-01-01,20360.0
태국,관광,2012-02-01,26290.0
태국,관광,2012-03-01,33134.0
태국,관광,2012-04-01,43254.0
태국,관광,2012-05-01,26476.0
태국,관광,2012-06-01,19130.0
태국,관광,2012-07-01,15124.0
태국,관광,2012-08-01,14894.0
태국,관광,2012-09-01,21820.0
태국,관광,2012-10-01,39261.0
태국,관광,2012-11-01,26117.0
태국,관광,2012-12-01,34279.0
태국,관광,2013-01-01,27109.0
태국,관광,2013-02-01,27447.0
태국,관광,2013-03-01,37354.0
태국,관광,2013-04-01,33942.0
태국,관광,2013-05-01,21994.0
태국,관광,2013-06-01,13439.0
태국,관광,2013-07-01,14313.0
태국,관광,2013-08-01,11693.0
태국,관광,2013-09-01,15384.0
태국,관광,2013-10-01,33749.0
태국,관광,2013-11-01,26832.0
태국,관광,2013-12-01,32300.0
태국,관광,2014-01-01,28365.0
태국,관광,2014-02-01,28246.0
태국,관광,2014-03-01,36414.0
태국,관광,2014-04-01,39819.0
태국,관광,2014-05-01,34721.0
태국,관광,2014-06-01,23538.0
태국,관광,2014-07-01,26210.0
태국,관광,2014-08-01,23081.0
태국,관광,2014-09-01,28105.0
태국,관광,2014-10-01,46658.0
태국,관광,2014-11-01,37154.0
태국,관광,2014-12-01,41718.0
태국,관광,2015-01-01,34814.0
태국,관광,2015-02-01,29581.0
태국,관광,2015-03-01,40726.0
태국,관광,2015-04-01,38391.0
태국,관광,2015-05-01,29654.0
태국,관광,2015-06-01,11981.0
태국,관광,2015-07-01,6563.0
태국,관광,2015-08-01,8189.0
태국,관광,2015-09-01,10719.0
태국,관광,2015-10-01,30011.0
태국,관광,2015-11-01,26335.0
태국,관광,2015-12-01,38989.0
태국,관광,2016-01-01,33315.0
태국,관광,2016-02-01,30618.0
태국,관광,2016-03-01,40876.0
태국,관광,2016-04-01,45722.0
태국,관광,2016-05-01,38748.0
태국,관광,2016-06-01,24485.0
태국,관광,2016-07-01,21107.0
태국,관광,2016-08-01,14042.0
태국,관광,2016-09-01,21574.0
태국,관광,2016-10-01,45314.0
태국,관광,2016-11-01,37202.0
태국,관광,2016-12-01,46809.0
태국,관광,2017-01-01,35546.0
태국,관광,2017-02-01,34305.0
태국,관광,2017-03-01,46397.0
태국,관광,2017-04-01,50195.0
태국,관광,2017-05-01,34004.0
태국,관광,2017-06-01,22179.0
태국,관광,2017-07-01,18590.0
태국,관광,2017-08-01,17064.0
태국,관광,2017-09-01,24700.0
태국,관광,2017-10-01,43664.0
태국,관광,2017-11-01,45401.0
태국,관광,2017-12-01,54756.0
태국,관광,2018-01-01,38969.0
태국,관광,2018-02-01,37394.0
태국,관광,2018-03-01,49211.0
태국,관광,2018-04-01,58501.0
태국,관광,2018-05-01,45791.0
태국,관광,2018-06-01,34569.0
태국,관광,2018-07-01,26754.0
태국,관광,2018-08-01,21772.0
태국,관광,2018-09-01,28154.0
태국,관광,2018-10-01,53366.0
태국,관광,2018-11-01,41003.0
태국,관광,2018-12-01,47242.0
태국,관광,2019-01-01,34004.0
태국,관광,2019-02-01,32074.0
태국,관광,2019-03-01,45605.0
태국,관광,2019-04-01,61999.0
태국,관광,2019-05-01,45671.0
태국,관광,2019-06-01,30596.0
태국,관광,2019-07-01,30132.0
태국,관광,2019-08-01,24857.0
태국,관광,2019-09-01,28877.0
태국,관광,2019-10-01,58290.0
태국,관광,2019-11-01,43160.0
태국,관광,2019-12-01,49231.0
태국,관광,2020-01-01,31232.0
태국,관광,2020-02-01,25382.0
태국,관광,2020-03-01,1059.0
태국,관광,2020-04-01,107.0
태국,관광,2020-05-01,25.0
태국,관광,2020-06-01,92.0
태국,관광,2020-07-01,189.0
태국,관광,2020-08-01,185.0
태국,관광,2020-09-01,197.0
태국,관광,2020-10-01,152.0
태국,관광,2020-11-01,120.0
태국,관광,2020-12-01,94.0
태국,관광,2021-01-01,92.0
태국,관광,2021-02-01,60.0
태국,관광,2021-03-01,70.0
태국,관광,2021-04-01,84.0
태국,관광,2021-05-01,162.0
태국,관광,2021-06-01,143.0
태국,관광,2021-07-01,84.0
태국,관광,2021-08-01,77.0
태국,관광,2021-09-01,118.0
태국,관광,2021-10-01,149.0
태국,관광,2021-11-01,177.0
태국,관광,2021-12-01,214.0
태국,관광,2022-01-01,173.0
태국,관광,2022-02-01,276.0
태국,관광,2022-03-01,234.0
태국,관광,2022-04-01,2581.0
태국,관광,2022-05-01,7281.0
태국,관광,2022-06-01,15045.0
태국,관광,2022-07-01,14375.0
태국,관광,2022-08-01,8710.0
태국,관광,2022-09-01,11199.0
태국,관광,2022-10-01,31421.0
태국,관광,2022-11-01,25755.0
태국,관광,2022-12-01,37694.0
태국,관광,2023-01-01,22188.0
태국,관광,2023-02-01,24152.0
태국,관광,2023-03-01,38953.0
태국,관광,2023-04-01,50612.0
태국,관광,2023-05-01,27154.0
태국,관광,2023-06-01,21097.0
태국,관광,2023-07-01,16277.0
태국,관광,2023-08-01,12968.0
태국,관광,2023-09-01,19464.0
태국,관광,2023-10-01,42202.0
태국,관광,2023-11-01,26583.0
태국,관광,2023-12-01,29579.0
태국,관광,2024-01-01,16117.0
태국,관광,2024-02-01,17604.0
태국,관광,2024-03-01,28658.0
태국,관광,2024-04-01,38540.0
태국,관광,2024-05-01,24114.0
태국,관광,2024-06-01,15932.0
태국,관광,2024-07-01,13682.0
태국,관광,2024-08-01,11036.0
태국,관광,2024-09-01,13582.0
태국,관광,2024-10-01,35236.0
태국,관광,2024-11-01,23455.0
태국,관광,2024-12-01,27784.0
태국,관광,2025-01-01,14871.0
태국,관광,2025-02-01,14614.0
태국,관광,2025-03-01,22975.0
태국,관광,2025-04-01,35589.0
태국,관광,2025-05-01,23656.0
태국,상용,2005-01-01,11.0
태국,상용,2005-02-01,15.0
태국,상용,2005-03-01,16.0
태국,상용,2005-04-01,18.0
태국,상용,2005-05-01,13.0
태국,상용,2005-06-01,5.0
태국,상용,2005-07-01,10.0
태국,상용,2005-08-01,19.0
태국,상용,2005-09-01,7.0
태국,상용,2005-10-01,8.0
태국,상용,2005-11-01,13.0
태국,상용,2005-12-01,13.0
태국,상용,2006-01-01,11.0
태국,상용,2006-02-01,9.0
태국,상용,2006-03-01,18.0
태국,상용,2006-04-01,16.0
태국,상용,2006-05-01,9.0
태국,상용,2006-06-01,17.0
태국,상용,2006-07-01,16.0
태국,상용,2006-08-01,18.0
태국,상용,2006-09-01,15.0
태국,상용,2006-10-01,17.0
태국,상용,2006-11-01,20.0
태국,상용,2006-12-01,12.0
태국,상용,2007-01-01,16.0
태국,상용,2007-02-01,14.0
태국,상용,2007-03-01,19.0
태국,상용,2007-04-01,20.0
태국,상용,2007-05-01,18.0
태국,상용,2007-06-01,16.0
태국,상용,2007-07-01,23.0
태국,상용,2007-08-01,16.0
태국,상용,2007-09-01,23.0
태국,상용,2007-10-01,23.0
태국,상용,2007-11-01,23.0
태국,상용,2007-12-01,26.0
태국,상용,2008-01-01,32.0
태국,상용,2008-02-01,16.0
태국,상용,2008-03-01,46.0
태국,상용,2008-04-01,27.0
태국,상용,2008-05-01,25.0
태국,상용,2008-06-01,22.0
태국,상용,2008-07-01,25.0
태국,상용,2008-08-01,30.0
태국,상용,2008-09-01,23.0
태국,상용,2008-10-01,26.0
태국,상용,2008-11-01,22.0
태국,상용,2008-12-01,20.0
태국,상용,2009-01-01,32.0
태국,상용,2009-02-01,23.0
태국,상용,2009-03-01,47.0
태국,상용,2009-04-01,43.0
태국,상용,2009-05-01,34.0
태국,상용,2009-06-01,35.0
태국,상용,2009-07-01,37.0
태국,상용,2009-08-01,34.0
태국,상용,2009-09-01,46.0
태국,상용,2009-10-01,59.0
태국,상용,2009-11-01,40.0
태국,상용,2009-12-01,40.0
태국,상용,2010-01-01,39.0
태국,상용,2010-02-01,33.0
태국,상용,2010-03-01,59.0
태국,상용,2010-04-01,46.0
태국,상용,2010-05-01,43.0
태국,상용,2010-06-01,47.0
태국,상용,2010-07-01,41.0
태국,상용,2010-08-01,44.0
태국,상용,2010-09-01,50.0
태국,상용,2010-10-01,30.0
태국,상용,2010-11-01,55.0
태국,상용,2010-12-01,52.0
태국,상용,2011-01-01,53.0
태국,상용,2011-02-01,33.0
태국,상용,2011-03-01,34.0
태국,상용,2011-04-01,71.0
태국,상용,2011-05-01,50.0
태국,상용,2011-06-01,45.0
태국,상용,2011-07-01,51.0
태국,상용,2011-08-01,38.0
태국,상용,2011-09-01,30.0
태국,상용,2011-10-01,37.0
태국,상용,2011-11-01,28.0
태국,상용,2011-12-01,28.0
태국,상용,2012-01-01,22.0
태국,상용,2012-02-01,27.0
태국,상용,2012-03-01,41.0
태국,상용,2012-04-01,56.0
태국,상용,2012-05-01,31.0
태국,상용,2012-06-01,31.0
태국,상용,2012-07-01,34.0
태국,상용,2012-08-01,28.0
태국,상용,2012-09-01,31.0
태국,상용,2012-10-01,36.0
태국,상용,2012-11-01,38.0
태국,상용,2012-12-01,32.0
태국,상용,2013-01-01,35.0
태국,상용,2013-02-01,24.0
태국,상용,2013-03-01,47.0
태국,상용,2013-04-01,40.0
태국,상용,2013-05-01,63.0
태국,상용,2013-06-01,41.0
태국,상용,2013-07-01,53.0
태국,상용,2013-08-01,42.0
태국,상용,2013-09-01,59.0
태국,상용,2013-10-01,66.0
태국,상용,2013-11-01,51.0
태국,상용,2013-12-01,31.0
태국,상용,2014-01-01,59.0
태국,상용,2014-02-01,54.0
태국,상용,2014-03-01,70.0
태국,상용,2014-04-01,75.0
태국,상용,2014-05-01,66.0
태국,상용,2014-06-01,62.0
태국,상용,2014-07-01,51.0
태국,상용,2014-08-01,37.0
태국,상용,2014-09-01,62.0
태국,상용,2014-10-01,42.0
태국,상용,2014-11-01,36.0
태국,상용,2014-12-01,46.0
태국,상용,2015-01-01,38.0
태국,상용,2015-02-01,38.0
태국,상용,2015-03-01,68.0
태국,상용,2015-04-01,54.0
태국,상용,2015-05-01,48.0
태국,상용,2015-06-01,33.0
태국,상용,2015-07-01,37.0
태국,상용,2015-08-01,38.0
태국,상용,2015-09-01,40.0
태국,상용,2015-10-01,56.0
태국,상용,2015-11-01,45.0
태국,상용,2015-12-01,39.0
태국,상용,2016-01-01,36.0
태국,상용,2016-02-01,31.0
태국,상용,2016-03-01,61.0
태국,상용,2016-04-01,46.0
태국,상용,2016-05-01,62.0
태국,상용,2016-06-01,40.0
태국,상용,2016-07-01,37.0
태국,상용,2016-08-01,35.0
태국,상용,2016-09-01,43.0
태국,상용,2016-10-01,39.0
태국,상용,2016-11-01,30.0
태국,상용,2016-12-01,31.0
태국,상용,2017-01-01,41.0
태국,상용,2017-02-01,32.0
태국,상용,2017-03-01,31.0
태국,상용,2017-04-01,34.0
태국,상용,2017-05-01,37.0
태국,상용,2017-06-01,25.0
태국,상용,2017-07-01,32.0
태국,상용,2017-08-01,45.0
태국,상용,2017-09-01,34.0
태국,상용,2017-10-01,42.0
태국,상용,2017-11-01,36.0
태국,상용,2017-12-01,30.0
태국,상용,2018-01-01,38.0
태국,상용,2018-02-01,53.0
태국,상용,2018-03-01,54.0
태국,상용,2018-04-01,58.0
태국,상용,2018-05-01,41.0
태국,상용,2018-06-01,37.0
태국,상용,2018-07-01,39.0
태국,상용,2018-08-01,44.0
태국,상용,2018-09-01,43.0
태국,상용,2018-10-01,56.0
태국,상용,2018-11-01,46.0
태국,상용,2018-12-01,42.0
태국,상용,2019-01-01,37.0
태국,상용,2019-02-01,56.0
태국,상용,2019-03-01,66.0
태국,상용,2019-04-01,53.0
태국,상용,2019-05-01,61.0
태국,상용,2019-06-01,61.0
태국,상용,2019-07-01,58.0
태국,상용,2019-08-01,50.0
태국,상용,2019-09-01,54.0
태국,상용,2019-10-01,56.0
태국,상용,2019-11-01,46.0
태국,상용,2019-12-01,53.0
태국,상용,2020-01-01,44.0
태국,상용,2020-02-01,32.0
태국,상용,2020-03-01,21.0
태국,상용,2020-04-01,1.0
태국,상용,2020-05-01,7.0
태국,상용,2020-06-01,0.0
태국,상용,2020-07-01,6.0
태국,상용,2020-08-01,9.0
태국,상용,2020-09-01,8.0
태국,상용,2020-10-01,2.0
태국,상용,2020-11-01,4.0
태국,상용,2020-12-01,4.0
태국,상용,2021-01-01,5.0
태국,상용,2021-02-01,2.0
태국,상용,2021-03-01,3.0
태국,상용,2021-04-01,6.0
태국,상용,2021-05-01,3.0
태국,상용,2021-06-01,1.0
태국,상용,2021-07-01,8.0
태국,상용,2021-08-01,6.0
태국,상용,2021-09-01,4.0
태국,상용,2021-10-01,15.0
태국,상용,2021-11-01,27.0
태국,상용,2021-12-01,18.0
태국,상용,2022-01-01,16.0
태국,상용,2022-02-01,25.0
태국,상용,2022-03-01,24.0
태국,상용,2022-04-01,51.0
태국,상용,2022-05-01,41.0
태국,상용,2022-06-01,44.0
태국,상용,2022-07-01,57.0
태국,상용,2022-08-01,52.0
태국,상용,2022-09-01,75.0
태국,상용,2022-10-01,123.0
태국,상용,2022-11-01,78.0
태국,상용,2022-12-01,62.0
태국,상용,2023-01-01,58.0
태국,상용,2023-02-01,61.0
태국,상용,2023-03-01,67.0
태국,상용,2023-04-01,74.0
태국,상용,2023-05-01,86.0
태국,상용,2023-06-01,70.0
태국,상용,2023-07-01,73.0
태국,상용,2023-08-01,70.0
태국,상용,2023-09-01,73.0
태국,상용,2023-10-01,112.0
태국,상용,2023-11-01,68.0
태국,상용,2023-12-01,83.0
태국,상용,2024-01-01,76.0
태국,상용,2024-02-01,74.0
태국,상용,2024-03-01,102.0
태국,상용,2024-04-01,109.0
태국,상용,2024-05-01,120.0
태국,상용,2024-06-01,91.0
태국,상용,2024-07-01,81.0
태국,상용,2024-08-01,72.0
태국,상용,2024-09-01,93.0
태국,상용,2024-10-01,120.0
태국,상용,2024-11-01,100.0
태국,상용,2024-12-01,86.0
태국,상용,2025-01-01,71.0
태국,상용,2025-02-01,72.0
태국,상용,2025-03-01,95.0
태국,상용,2025-04-01,99.0
태국,상용,2025-05-01,97.0
태국,유학연수,2005-01-01,13.0
태국,유학연수,2005-02-01,27.0
태국,유학연수,2005-03-01,10.0
태국,유학연수,2005-04-01,4.0
태국,유학연수,2005-05-01,6.0
태국,유학연수,2005-06-01,7.0
태국,유학연수,2005-07-01,13.0
태국,유학연수,2005-08-01,22.0
태국,유학연수,2005-09-01,16.0
태국,유학연수,2005-10-01,3.0
태국,유학연수,2005-11-01,2.0
태국,유학연수,2005-12-01,6.0
태국,유학연수,2006-01-01,19.0
태국,유학연수,2006-02-01,27.0
태국,유학연수,2006-03-01,18.0
태국,유학연수,2006-04-01,7.0
태국,유학연수,2006-05-01,8.0
태국,유학연수,2006-06-01,6.0
태국,유학연수,2006-07-01,7.0
태국,유학연수,2006-08-01,37.0
태국,유학연수,2006-09-01,11.0
태국,유학연수,2006-10-01,9.0
태국,유학연수,2006-11-01,6.0
태국,유학연수,2006-12-01,13.0
태국,유학연수,2007-01-01,19.0
태국,유학연수,2007-02-01,45.0
태국,유학연수,2007-03-01,39.0
태국,유학연수,2007-04-01,12.0
태국,유학연수,2007-05-01,12.0
태국,유학연수,2007-06-01,16.0
태국,유학연수,2007-07-01,11.0
태국,유학연수,2007-08-01,42.0
태국,유학연수,2007-09-01,30.0
태국,유학연수,2007-10-01,10.0
태국,유학연수,2007-11-01,8.0
태국,유학연수,2007-12-01,9.0
태국,유학연수,2008-01-01,26.0
태국,유학연수,2008-02-01,75.0
태국,유학연수,2008-03-01,29.0
태국,유학연수,2008-04-01,8.0
태국,유학연수,2008-05-01,12.0
태국,유학연수,2008-06-01,21.0
태국,유학연수,2008-07-01,15.0
태국,유학연수,2008-08-01,103.0
태국,유학연수,2008-09-01,35.0
태국,유학연수,2008-10-01,15.0
태국,유학연수,2008-11-01,12.0
태국,유학연수,2008-12-01,16.0
태국,유학연수,2009-01-01,47.0
태국,유학연수,2009-02-01,77.0
태국,유학연수,2009-03-01,65.0
태국,유학연수,2009-04-01,15.0
태국,유학연수,2009-05-01,11.0
태국,유학연수,2009-06-01,17.0
태국,유학연수,2009-07-01,32.0
태국,유학연수,2009-08-01,115.0
태국,유학연수,2009-09-01,36.0
태국,유학연수,2009-10-01,14.0
태국,유학연수,2009-11-01,19.0
태국,유학연수,2009-12-01,19.0
태국,유학연수,2010-01-01,53.0
태국,유학연수,2010-02-01,131.0
태국,유학연수,2010-03-01,67.0
태국,유학연수,2010-04-01,18.0
태국,유학연수,2010-05-01,10.0
태국,유학연수,2010-06-01,21.0
태국,유학연수,2010-07-01,43.0
태국,유학연수,2010-08-01,173.0
태국,유학연수,2010-09-01,50.0
태국,유학연수,2010-10-01,24.0
태국,유학연수,2010-11-01,22.0
태국,유학연수,2010-12-01,13.0
태국,유학연수,2011-01-01,58.0
태국,유학연수,2011-02-01,141.0
태국,유학연수,2011-03-01,58.0
태국,유학연수,2011-04-01,24.0
태국,유학연수,2011-05-01,18.0
태국,유학연수,2011-06-01,28.0
태국,유학연수,2011-07-01,52.0
태국,유학연수,2011-08-01,158.0
태국,유학연수,2011-09-01,65.0
태국,유학연수,2011-10-01,16.0
태국,유학연수,2011-11-01,21.0
태국,유학연수,2011-12-01,42.0
태국,유학연수,2012-01-01,70.0
태국,유학연수,2012-02-01,177.0
태국,유학연수,2012-03-01,78.0
태국,유학연수,2012-04-01,28.0
태국,유학연수,2012-05-01,18.0
태국,유학연수,2012-06-01,38.0
태국,유학연수,2012-07-01,66.0
태국,유학연수,2012-08-01,160.0
태국,유학연수,2012-09-01,70.0
태국,유학연수,2012-10-01,36.0
태국,유학연수,2012-11-01,29.0
태국,유학연수,2012-12-01,37.0
태국,유학연수,2013-01-01,79.0
태국,유학연수,2013-02-01,160.0
태국,유학연수,2013-03-01,122.0
태국,유학연수,2013-04-01,24.0
태국,유학연수,2013-05-01,37.0
태국,유학연수,2013-06-01,37.0
태국,유학연수,2013-07-01,43.0
태국,유학연수,2013-08-01,210.0
태국,유학연수,2013-09-01,92.0
태국,유학연수,2013-10-01,32.0
태국,유학연수,2013-11-01,39.0
태국,유학연수,2013-12-01,31.0
태국,유학연수,2014-01-01,60.0
태국,유학연수,2014-02-01,230.0
태국,유학연수,2014-03-01,118.0
태국,유학연수,2014-04-01,36.0
태국,유학연수,2014-05-01,45.0
태국,유학연수,2014-06-01,59.0
태국,유학연수,2014-07-01,58.0
태국,유학연수,2014-08-01,231.0
태국,유학연수,2014-09-01,94.0
태국,유학연수,2014-10-01,27.0
태국,유학연수,2014-11-01,52.0
태국,유학연수,2014-12-01,59.0
태국,유학연수,2015-01-01,72.0
태국,유학연수,2015-02-01,247.0
태국,유학연수,2015-03-01,87.0
태국,유학연수,2015-04-01,27.0
태국,유학연수,2015-05-01,48.0
태국,유학연수,2015-06-01,58.0
태국,유학연수,2015-07-01,65.0
태국,유학연수,2015-08-01,274.0
태국,유학연수,2015-09-01,66.0
태국,유학연수,2015-10-01,48.0
태국,유학연수,2015-11-01,62.0
태국,유학연수,2015-12-01,70.0
태국,유학연수,2016-01-01,89.0
태국,유학연수,2016-02-01,296.0
태국,유학연수,2016-03-01,82.0
태국,유학연수,2016-04-01,32.0
태국,유학연수,2016-05-01,51.0
태국,유학연수,2016-06-01,72.0
태국,유학연수,2016-07-01,90.0
태국,유학연수,2016-08-01,345.0
태국,유학연수,2016-09-01,88.0
태국,유학연수,2016-10-01,42.0
태국,유학연수,2016-11-01,68.0
태국,유학연수,2016-12-01,77.0
태국,유학연수,2017-01-01,97.0
태국,유학연수,2017-02-01,334.0
태국,유학연수,2017-03-01,130.0
태국,유학연수,2017-04-01,43.0
태국,유학연수,2017-05-01,64.0
태국,유학연수,2017-06-01,92.0
태국,유학연수,2017-07-01,91.0
태국,유학연수,2017-08-01,351.0
태국,유학연수,2017-09-01,100.0
태국,유학연수,2017-10-01,82.0
태국,유학연수,2017-11-01,87.0
태국,유학연수,2017-12-01,63.0
태국,유학연수,2018-01-01,87.0
태국,유학연수,2018-02-01,300.0
태국,유학연수,2018-03-01,107.0
태국,유학연수,2018-04-01,38.0
태국,유학연수,2018-05-01,58.0
태국,유학연수,2018-06-01,107.0
태국,유학연수,2018-07-01,77.0
태국,유학연수,2018-08-01,362.0
태국,유학연수,2018-09-01,115.0
태국,유학연수,2018-10-01,62.0
태국,유학연수,2018-11-01,66.0
태국,유학연수,2018-12-01,58.0
태국,유학연수,2019-01-01,96.0
태국,유학연수,2019-02-01,332.0
태국,유학연수,2019-03-01,136.0
태국,유학연수,2019-04-01,55.0
태국,유학연수,2019-05-01,71.0
태국,유학연수,2019-06-01,115.0
태국,유학연수,2019-07-01,108.0
태국,유학연수,2019-08-01,423.0
태국,유학연수,2019-09-01,133.0
태국,유학연수,2019-10-01,59.0
태국,유학연수,2019-11-01,94.0
태국,유학연수,2019-12-01,119.0
태국,유학연수,2020-01-01,126.0
태국,유학연수,2020-02-01,185.0
태국,유학연수,2020-03-01,124.0
태국,유학연수,2020-04-01,5.0
태국,유학연수,2020-05-01,13.0
태국,유학연수,2020-06-01,14.0
태국,유학연수,2020-07-01,8.0
태국,유학연수,2020-08-01,113.0
태국,유학연수,2020-09-01,16.0
태국,유학연수,2020-10-01,14.0
태국,유학연수,2020-11-01,41.0
태국,유학연수,2020-12-01,5.0
태국,유학연수,2021-01-01,5.0
태국,유학연수,2021-02-01,101.0
태국,유학연수,2021-03-01,29.0
태국,유학연수,2021-04-01,7.0
태국,유학연수,2021-05-01,31.0
태국,유학연수,2021-06-01,16.0
태국,유학연수,2021-07-01,8.0
태국,유학연수,2021-08-01,205.0
태국,유학연수,2021-09-01,31.0
태국,유학연수,2021-10-01,9.0
태국,유학연수,2021-11-01,109.0
태국,유학연수,2021-12-01,37.0
태국,유학연수,2022-01-01,34.0
태국,유학연수,2022-02-01,281.0
태국,유학연수,2022-03-01,71.0
태국,유학연수,2022-04-01,26.0
태국,유학연수,2022-05-01,111.0
태국,유학연수,2022-06-01,90.0
태국,유학연수,2022-07-01,59.0
태국,유학연수,2022-08-01,455.0
태국,유학연수,2022-09-01,129.0
태국,유학연수,2022-10-01,36.0
태국,유학연수,2022-11-01,97.0
태국,유학연수,2022-12-01,114.0
태국,유학연수,2023-01-01,127.0
태국,유학연수,2023-02-01,361.0
태국,유학연수,2023-03-01,158.0
태국,유학연수,2023-04-01,54.0
태국,유학연수,2023-05-01,110.0
태국,유학연수,2023-06-01,114.0
태국,유학연수,2023-07-01,127.0
태국,유학연수,2023-08-01,420.0
태국,유학연수,2023-09-01,170.0
태국,유학연수,2023-10-01,63.0
태국,유학연수,2023-11-01,102.0
태국,유학연수,2023-12-01,123.0
태국,유학연수,2024-01-01,134.0
태국,유학연수,2024-02-01,391.0
태국,유학연수,2024-03-01,217.0
태국,유학연수,2024-04-01,56.0
태국,유학연수,2024-05-01,128.0
태국,유학연수,2024-06-01,181.0
태국,유학연수,2024-07-01,145.0
태국,유학연수,2024-08-01,465.0
태국,유학연수,2024-09-01,170.0
태국,유학연수,2024-10-01,53.0
태국,유학연수,2024-11-01,149.0
태국,유학연수,2024-12-01,127.0
태국,유학연수,2025-01-01,164.0
태국,유학연수,2025-02-01,396.0
태국,유학연수,2025-03-01,265.0
태국,유학연수,2025-04-01,77.0
태국,유학연수,2025-05-01,147.0
터키,공용,2005-01-01,0.0
터키,공용,2005-02-01,0.0
터키,공용,2005-03-01,0.0
터키,공용,2005-04-01,0.0
터키,공용,2005-05-01,2.0
터키,공용,2005-06-01,1.0
터키,공용,2005-07-01,0.0
터키,공용,2005-08-01,0.0
터키,공용,2005-09-01,0.0
터키,공용,2005-10-01,0.0
터키,공용,2005-11-01,2.0
터키,공용,2005-12-01,1.0
터키,공용,2006-01-01,0.0
터키,공용,2006-02-01,0.0
터키,공용,2006-03-01,0.0
터키,공용,2006-04-01,1.0
터키,공용,2006-05-01,0.0
터키,공용,2006-06-01,1.0
터키,공용,2006-07-01,1.0
터키,공용,2006-08-01,1.0
터키,공용,2006-09-01,0.0
터키,공용,2006-10-01,0.0
터키,공용,2006-11-01,1.0
터키,공용,2006-12-01,0.0
터키,공용,2007-01-01,2.0
터키,공용,2007-02-01,0.0
터키,공용,2007-03-01,0.0
터키,공용,2007-04-01,1.0
터키,공용,2007-05-01,1.0
터키,공용,2007-06-01,0.0
터키,공용,2007-07-01,1.0
터키,공용,2007-08-01,0.0
터키,공용,2007-09-01,1.0
터키,공용,2007-10-01,0.0
터키,공용,2007-11-01,0.0
터키,공용,2007-12-01,1.0
터키,공용,2008-01-01,0.0
터키,공용,2008-02-01,0.0
터키,공용,2008-03-01,0.0
터키,공용,2008-04-01,0.0
터키,공용,2008-05-01,0.0
터키,공용,2008-06-01,1.0
터키,공용,2008-07-01,4.0
터키,공용,2008-08-01,1.0
터키,공용,2008-09-01,4.0
터키,공용,2008-10-01,3.0
터키,공용,2008-11-01,0.0
터키,공용,2008-12-01,3.0
터키,공용,2009-01-01,2.0
터키,공용,2009-02-01,0.0
터키,공용,2009-03-01,2.0
터키,공용,2009-04-01,2.0
터키,공용,2009-05-01,4.0
터키,공용,2009-06-01,3.0
터키,공용,2009-07-01,2.0
터키,공용,2009-08-01,2.0
터키,공용,2009-09-01,0.0
터키,공용,2009-10-01,0.0
터키,공용,2009-11-01,1.0
터키,공용,2009-12-01,0.0
터키,공용,2010-01-01,2.0
터키,공용,2010-02-01,12.0
터키,공용,2010-03-01,9.0
터키,공용,2010-04-01,7.0
터키,공용,2010-05-01,3.0
터키,공용,2010-06-01,15.0
터키,공용,2010-07-01,1.0
터키,공용,2010-08-01,1.0
터키,공용,2010-09-01,2.0
터키,공용,2010-10-01,3.0
터키,공용,2010-11-01,12.0
터키,공용,2010-12-01,2.0
터키,공용,2011-01-01,0.0
터키,공용,2011-02-01,0.0
터키,공용,2011-03-01,1.0
터키,공용,2011-04-01,3.0
터키,공용,2011-05-01,7.0
터키,공용,2011-06-01,1.0
터키,공용,2011-07-01,0.0
터키,공용,2011-08-01,0.0
터키,공용,2011-09-01,2.0
터키,공용,2011-10-01,0.0
터키,공용,2011-11-01,2.0
터키,공용,2011-12-01,3.0
터키,공용,2012-01-01,6.0
터키,공용,2012-02-01,0.0
터키,공용,2012-03-01,70.0
터키,공용,2012-04-01,16.0
터키,공용,2012-05-01,13.0
터키,공용,2012-06-01,10.0
터키,공용,2012-07-01,4.0
터키,공용,2012-08-01,1.0
터키,공용,2012-09-01,3.0
터키,공용,2012-10-01,25.0
터키,공용,2012-11-01,10.0
터키,공용,2012-12-01,6.0
터키,공용,2013-01-01,1.0
터키,공용,2013-02-01,1.0
터키,공용,2013-03-01,8.0
터키,공용,2013-04-01,4.0
터키,공용,2013-05-01,18.0
터키,공용,2013-06-01,12.0
터키,공용,2013-07-01,6.0
터키,공용,2013-08-01,12.0
터키,공용,2013-09-01,29.0
터키,공용,2013-10-01,55.0
터키,공용,2013-11-01,33.0
터키,공용,2013-12-01,30.0
터키,공용,2014-01-01,23.0
터키,공용,2014-02-01,11.0
터키,공용,2014-03-01,23.0
터키,공용,2014-04-01,42.0
터키,공용,2014-05-01,65.0
터키,공용,2014-06-01,65.0
터키,공용,2014-07-01,40.0
터키,공용,2014-08-01,64.0
터키,공용,2014-09-01,128.0
터키,공용,2014-10-01,91.0
터키,공용,2014-11-01,73.0
터키,공용,2014-12-01,37.0
터키,공용,2015-01-01,17.0
터키,공용,2015-02-01,42.0
터키,공용,2015-03-01,56.0
터키,공용,2015-04-01,95.0
터키,공용,2015-05-01,117.0
터키,공용,2015-06-01,56.0
터키,공용,2015-07-01,54.0
터키,공용,2015-08-01,73.0
터키,공용,2015-09-01,91.0
터키,공용,2015-10-01,63.0
터키,공용,2015-11-01,97.0
터키,공용,2015-12-01,16.0
터키,공용,2016-01-01,14.0
터키,공용,2016-02-01,15.0
터키,공용,2016-03-01,30.0
터키,공용,2016-04-01,60.0
터키,공용,2016-05-01,89.0
터키,공용,2016-06-01,65.0
터키,공용,2016-07-01,75.0
터키,공용,2016-08-01,31.0
터키,공용,2016-09-01,49.0
터키,공용,2016-10-01,46.0
터키,공용,2016-11-01,41.0
터키,공용,2016-12-01,33.0
터키,공용,2017-01-01,19.0
터키,공용,2017-02-01,26.0
터키,공용,2017-03-01,36.0
터키,공용,2017-04-01,49.0
터키,공용,2017-05-01,46.0
터키,공용,2017-06-01,101.0
터키,공용,2017-07-01,65.0
터키,공용,2017-08-01,78.0
터키,공용,2017-09-01,68.0
터키,공용,2017-10-01,63.0
터키,공용,2017-11-01,75.0
터키,공용,2017-12-01,95.0
터키,공용,2018-01-01,27.0
터키,공용,2018-02-01,24.0
터키,공용,2018-03-01,30.0
터키,공용,2018-04-01,88.0
터키,공용,2018-05-01,89.0
터키,공용,2018-06-01,37.0
터키,공용,2018-07-01,52.0
터키,공용,2018-08-01,50.0
터키,공용,2018-09-01,73.0
터키,공용,2018-10-01,74.0
터키,공용,2018-11-01,88.0
터키,공용,2018-12-01,58.0
터키,공용,2019-01-01,32.0
터키,공용,2019-02-01,29.0
터키,공용,2019-03-01,73.0
터키,공용,2019-04-01,142.0
터키,공용,2019-05-01,78.0
터키,공용,2019-06-01,137.0
터키,공용,2019-07-01,34.0
터키,공용,2019-08-01,45.0
터키,공용,2019-09-01,61.0
터키,공용,2019-10-01,56.0
터키,공용,2019-11-01,56.0
터키,공용,2019-12-01,37.0
터키,공용,2020-01-01,8.0
터키,공용,2020-02-01,8.0
터키,공용,2020-03-01,0.0
터키,공용,2020-04-01,0.0
터키,공용,2020-05-01,1.0
터키,공용,2020-06-01,1.0
터키,공용,2020-07-01,2.0
터키,공용,2020-08-01,8.0
터키,공용,2020-09-01,1.0
터키,공용,2020-10-01,5.0
터키,공용,2020-11-01,6.0
터키,공용,2020-12-01,0.0
터키,공용,2021-01-01,6.0
터키,공용,2021-02-01,5.0
터키,공용,2021-03-01,0.0
터키,공용,2021-04-01,0.0
터키,공용,2021-05-01,2.0
터키,공용,2021-06-01,0.0
터키,공용,2021-07-01,0.0
터키,공용,2021-08-01,0.0
터키,공용,2021-09-01,5.0
터키,공용,2021-10-01,26.0
터키,공용,2021-11-01,4.0
터키,공용,2021-12-01,2.0
터키,공용,2022-01-01,5.0
터키,공용,2022-02-01,1.0
터키,공용,2022-03-01,1.0
터키,공용,2022-04-01,6.0
터키,공용,2022-05-01,6.0
터키,공용,2022-06-01,3.0
터키,공용,2022-07-01,2.0
터키,공용,2022-08-01,7.0
터키,공용,2022-09-01,7.0
터키,공용,2022-10-01,6.0
터키,공용,2022-11-01,2.0
터키,공용,2022-12-01,8.0
터키,공용,2023-01-01,6.0
터키,공용,2023-02-01,8.0
터키,공용,2023-03-01,11.0
터키,공용,2023-04-01,21.0
터키,공용,2023-05-01,12.0
터키,공용,2023-06-01,13.0
터키,공용,2023-07-01,27.0
터키,공용,2023-08-01,27.0
터키,공용,2023-09-01,11.0
터키,공용,2023-10-01,40.0
터키,공용,2023-11-01,16.0
터키,공용,2023-12-01,9.0
터키,공용,2024-01-01,27.0
터키,공용,2024-02-01,8.0
터키,공용,2024-03-01,17.0
터키,공용,2024-04-01,21.0
터키,공용,2024-05-01,25.0
터키,공용,2024-06-01,10.0
터키,공용,2024-07-01,13.0
터키,공용,2024-08-01,14.0
터키,공용,2024-09-01,52.0
터키,공용,2024-10-01,9.0
터키,공용,2024-11-01,18.0
터키,공용,2024-12-01,14.0
터키,공용,2025-01-01,8.0
터키,공용,2025-02-01,11.0
터키,공용,2025-03-01,15.0
터키,공용,2025-04-01,13.0
터키,공용,2025-05-01,21.0
터키,관광,2005-01-01,315.0
터키,관광,2005-02-01,247.0
터키,관광,2005-03-01,381.0
터키,관광,2005-04-01,367.0
터키,관광,2005-05-01,506.0
터키,관광,2005-06-01,421.0
터키,관광,2005-07-01,365.0
터키,관광,2005-08-01,339.0
터키,관광,2005-09-01,394.0
터키,관광,2005-10-01,607.0
터키,관광,2005-11-01,468.0
터키,관광,2005-12-01,269.0
터키,관광,2006-01-01,214.0
터키,관광,2006-02-01,353.0
터키,관광,2006-03-01,394.0
터키,관광,2006-04-01,447.0
터키,관광,2006-05-01,616.0
터키,관광,2006-06-01,410.0
터키,관광,2006-07-01,333.0
터키,관광,2006-08-01,397.0
터키,관광,2006-09-01,433.0
터키,관광,2006-10-01,507.0
터키,관광,2006-11-01,444.0
터키,관광,2006-12-01,455.0
터키,관광,2007-01-01,400.0
터키,관광,2007-02-01,420.0
터키,관광,2007-03-01,548.0
터키,관광,2007-04-01,427.0
터키,관광,2007-05-01,461.0
터키,관광,2007-06-01,684.0
터키,관광,2007-07-01,383.0
터키,관광,2007-08-01,587.0
터키,관광,2007-09-01,659.0
터키,관광,2007-10-01,1103.0
터키,관광,2007-11-01,587.0
터키,관광,2007-12-01,500.0
터키,관광,2008-01-01,416.0
터키,관광,2008-02-01,420.0
터키,관광,2008-03-01,625.0
터키,관광,2008-04-01,602.0
터키,관광,2008-05-01,849.0
터키,관광,2008-06-01,811.0
터키,관광,2008-07-01,764.0
터키,관광,2008-08-01,466.0
터키,관광,2008-09-01,693.0
터키,관광,2008-10-01,572.0
터키,관광,2008-11-01,523.0
터키,관광,2008-12-01,521.0
터키,관광,2009-01-01,359.0
터키,관광,2009-02-01,420.0
터키,관광,2009-03-01,458.0
터키,관광,2009-04-01,576.0
터키,관광,2009-05-01,583.0
터키,관광,2009-06-01,601.0
터키,관광,2009-07-01,541.0
터키,관광,2009-08-01,488.0
터키,관광,2009-09-01,607.0
터키,관광,2009-10-01,899.0
터키,관광,2009-11-01,716.0
터키,관광,2009-12-01,610.0
터키,관광,2010-01-01,472.0
터키,관광,2010-02-01,418.0
터키,관광,2010-03-01,875.0
터키,관광,2010-04-01,1220.0
터키,관광,2010-05-01,890.0
터키,관광,2010-06-01,880.0
터키,관광,2010-07-01,735.0
터키,관광,2010-08-01,763.0
터키,관광,2010-09-01,790.0
터키,관광,2010-10-01,1043.0
터키,관광,2010-11-01,1020.0
터키,관광,2010-12-01,569.0
터키,관광,2011-01-01,488.0
터키,관광,2011-02-01,570.0
터키,관광,2011-03-01,642.0
터키,관광,2011-04-01,785.0
터키,관광,2011-05-01,981.0
터키,관광,2011-06-01,854.0
터키,관광,2011-07-01,745.0
터키,관광,2011-08-01,846.0
터키,관광,2011-09-01,760.0
터키,관광,2011-10-01,965.0
터키,관광,2011-11-01,890.0
터키,관광,2011-12-01,650.0
터키,관광,2012-01-01,620.0
터키,관광,2012-02-01,694.0
터키,관광,2012-03-01,827.0
터키,관광,2012-04-01,913.0
터키,관광,2012-05-01,912.0
터키,관광,2012-06-01,1382.0
터키,관광,2012-07-01,1002.0
터키,관광,2012-08-01,714.0
터키,관광,2012-09-01,977.0
터키,관광,2012-10-01,1194.0
터키,관광,2012-11-01,966.0
터키,관광,2012-12-01,666.0
터키,관광,2013-01-01,705.0
터키,관광,2013-02-01,695.0
터키,관광,2013-03-01,866.0
터키,관광,2013-04-01,827.0
터키,관광,2013-05-01,1015.0
터키,관광,2013-06-01,1047.0
터키,관광,2013-07-01,838.0
터키,관광,2013-08-01,822.0
터키,관광,2013-09-01,938.0
터키,관광,2013-10-01,1288.0
터키,관광,2013-11-01,1042.0
터키,관광,2013-12-01,724.0
터키,관광,2014-01-01,592.0
터키,관광,2014-02-01,703.0
터키,관광,2014-03-01,877.0
터키,관광,2014-04-01,995.0
터키,관광,2014-05-01,910.0
터키,관광,2014-06-01,1128.0
터키,관광,2014-07-01,906.0
터키,관광,2014-08-01,936.0
터키,관광,2014-09-01,1219.0
터키,관광,2014-10-01,1262.0
터키,관광,2014-11-01,946.0
터키,관광,2014-12-01,769.0
터키,관광,2015-01-01,664.0
터키,관광,2015-02-01,617.0
터키,관광,2015-03-01,1223.0
터키,관광,2015-04-01,1263.0
터키,관광,2015-05-01,1312.0
터키,관광,2015-06-01,742.0
터키,관광,2015-07-01,918.0
터키,관광,2015-08-01,1150.0
터키,관광,2015-09-01,1290.0
터키,관광,2015-10-01,1106.0
터키,관광,2015-11-01,1152.0
터키,관광,2015-12-01,684.0
터키,관광,2016-01-01,723.0
터키,관광,2016-02-01,656.0
터키,관광,2016-03-01,1032.0
터키,관광,2016-04-01,1461.0
터키,관광,2016-05-01,1358.0
터키,관광,2016-06-01,1203.0
터키,관광,2016-07-01,1427.0
터키,관광,2016-08-01,1031.0
터키,관광,2016-09-01,1480.0
터키,관광,2016-10-01,1235.0
터키,관광,2016-11-01,1036.0
터키,관광,2016-12-01,765.0
터키,관광,2017-01-01,694.0
터키,관광,2017-02-01,657.0
터키,관광,2017-03-01,1128.0
터키,관광,2017-04-01,1203.0
터키,관광,2017-05-01,1242.0
터키,관광,2017-06-01,1300.0
터키,관광,2017-07-01,1448.0
터키,관광,2017-08-01,1713.0
터키,관광,2017-09-01,1577.0
터키,관광,2017-10-01,1433.0
터키,관광,2017-11-01,1373.0
터키,관광,2017-12-01,1046.0
터키,관광,2018-01-01,888.0
터키,관광,2018-02-01,827.0
터키,관광,2018-03-01,1437.0
터키,관광,2018-04-01,2129.0
터키,관광,2018-05-01,1465.0
터키,관광,2018-06-01,1396.0
터키,관광,2018-07-01,1563.0
터키,관광,2018-08-01,1974.0
터키,관광,2018-09-01,1245.0
터키,관광,2018-10-01,1545.0
터키,관광,2018-11-01,1163.0
터키,관광,2018-12-01,831.0
터키,관광,2019-01-01,792.0
터키,관광,2019-02-01,664.0
터키,관광,2019-03-01,1369.0
터키,관광,2019-04-01,1687.0
터키,관광,2019-05-01,1334.0
터키,관광,2019-06-01,1613.0
터키,관광,2019-07-01,1684.0
터키,관광,2019-08-01,1625.0
터키,관광,2019-09-01,1561.0
터키,관광,2019-10-01,1649.0
터키,관광,2019-11-01,1664.0
터키,관광,2019-12-01,1322.0
터키,관광,2020-01-01,952.0
터키,관광,2020-02-01,520.0
터키,관광,2020-03-01,114.0
터키,관광,2020-04-01,2.0
터키,관광,2020-05-01,4.0
터키,관광,2020-06-01,12.0
터키,관광,2020-07-01,55.0
터키,관광,2020-08-01,34.0
터키,관광,2020-09-01,38.0
터키,관광,2020-10-01,18.0
터키,관광,2020-11-01,8.0
터키,관광,2020-12-01,18.0
터키,관광,2021-01-01,5.0
터키,관광,2021-02-01,10.0
터키,관광,2021-03-01,50.0
터키,관광,2021-04-01,29.0
터키,관광,2021-05-01,7.0
터키,관광,2021-06-01,34.0
터키,관광,2021-07-01,63.0
터키,관광,2021-08-01,61.0
터키,관광,2021-09-01,46.0
터키,관광,2021-10-01,89.0
터키,관광,2021-11-01,45.0
터키,관광,2021-12-01,56.0
터키,관광,2022-01-01,79.0
터키,관광,2022-02-01,38.0
터키,관광,2022-03-01,74.0
터키,관광,2022-04-01,799.0
터키,관광,2022-05-01,1317.0
터키,관광,2022-06-01,955.0
터키,관광,2022-07-01,695.0
터키,관광,2022-08-01,739.0
터키,관광,2022-09-01,754.0
터키,관광,2022-10-01,1092.0
터키,관광,2022-11-01,1177.0
터키,관광,2022-12-01,830.0
터키,관광,2023-01-01,627.0
터키,관광,2023-02-01,514.0
터키,관광,2023-03-01,997.0
터키,관광,2023-04-01,1898.0
터키,관광,2023-05-01,1402.0
터키,관광,2023-06-01,1843.0
터키,관광,2023-07-01,1715.0
터키,관광,2023-08-01,1624.0
터키,관광,2023-09-01,1987.0
터키,관광,2023-10-01,2068.0
터키,관광,2023-11-01,1759.0
터키,관광,2023-12-01,1153.0
터키,관광,2024-01-01,974.0
터키,관광,2024-02-01,948.0
터키,관광,2024-03-01,1962.0
터키,관광,2024-04-01,5259.0
터키,관광,2024-05-01,2555.0
터키,관광,2024-06-01,3532.0
터키,관광,2024-07-01,2971.0
터키,관광,2024-08-01,3003.0
터키,관광,2024-09-01,2868.0
터키,관광,2024-10-01,3377.0
터키,관광,2024-11-01,2198.0
터키,관광,2024-12-01,1348.0
터키,관광,2025-01-01,1291.0
터키,관광,2025-02-01,1175.0
터키,관광,2025-03-01,4134.0
터키,관광,2025-04-01,5848.0
터키,관광,2025-05-01,3593.0
터키,상용,2005-01-01,8.0
터키,상용,2005-02-01,9.0
터키,상용,2005-03-01,6.0
터키,상용,2005-04-01,7.0
터키,상용,2005-05-01,10.0
터키,상용,2005-06-01,12.0
터키,상용,2005-07-01,6.0
터키,상용,2005-08-01,15.0
터키,상용,2005-09-01,10.0
터키,상용,2005-10-01,20.0
터키,상용,2005-11-01,13.0
터키,상용,2005-12-01,6.0
터키,상용,2006-01-01,14.0
터키,상용,2006-02-01,8.0
터키,상용,2006-03-01,12.0
터키,상용,2006-04-01,14.0
터키,상용,2006-05-01,9.0
터키,상용,2006-06-01,10.0
터키,상용,2006-07-01,10.0
터키,상용,2006-08-01,18.0
터키,상용,2006-09-01,11.0
터키,상용,2006-10-01,9.0
터키,상용,2006-11-01,10.0
터키,상용,2006-12-01,18.0
터키,상용,2007-01-01,11.0
터키,상용,2007-02-01,13.0
터키,상용,2007-03-01,10.0
터키,상용,2007-04-01,15.0
터키,상용,2007-05-01,16.0
터키,상용,2007-06-01,35.0
터키,상용,2007-07-01,17.0
터키,상용,2007-08-01,22.0
터키,상용,2007-09-01,13.0
터키,상용,2007-10-01,15.0
터키,상용,2007-11-01,14.0
터키,상용,2007-12-01,19.0
터키,상용,2008-01-01,16.0
터키,상용,2008-02-01,13.0
터키,상용,2008-03-01,16.0
터키,상용,2008-04-01,15.0
터키,상용,2008-05-01,19.0
터키,상용,2008-06-01,14.0
터키,상용,2008-07-01,30.0
터키,상용,2008-08-01,25.0
터키,상용,2008-09-01,21.0
터키,상용,2008-10-01,26.0
터키,상용,2008-11-01,20.0
터키,상용,2008-12-01,21.0
터키,상용,2009-01-01,23.0
터키,상용,2009-02-01,21.0
터키,상용,2009-03-01,25.0
터키,상용,2009-04-01,21.0
터키,상용,2009-05-01,22.0
터키,상용,2009-06-01,11.0
터키,상용,2009-07-01,18.0
터키,상용,2009-08-01,23.0
터키,상용,2009-09-01,23.0
터키,상용,2009-10-01,18.0
터키,상용,2009-11-01,12.0
터키,상용,2009-12-01,18.0
터키,상용,2010-01-01,15.0
터키,상용,2010-02-01,17.0
터키,상용,2010-03-01,24.0
터키,상용,2010-04-01,8.0
터키,상용,2010-05-01,31.0
터키,상용,2010-06-01,19.0
터키,상용,2010-07-01,23.0
터키,상용,2010-08-01,22.0
터키,상용,2010-09-01,24.0
터키,상용,2010-10-01,17.0
터키,상용,2010-11-01,13.0
터키,상용,2010-12-01,24.0
터키,상용,2011-01-01,20.0
터키,상용,2011-02-01,24.0
터키,상용,2011-03-01,17.0
터키,상용,2011-04-01,20.0
터키,상용,2011-05-01,15.0
터키,상용,2011-06-01,18.0
터키,상용,2011-07-01,21.0
터키,상용,2011-08-01,31.0
터키,상용,2011-09-01,19.0
터키,상용,2011-10-01,16.0
터키,상용,2011-11-01,27.0
터키,상용,2011-12-01,18.0
터키,상용,2012-01-01,28.0
터키,상용,2012-02-01,18.0
터키,상용,2012-03-01,19.0
터키,상용,2012-04-01,11.0
터키,상용,2012-05-01,13.0
터키,상용,2012-06-01,19.0
터키,상용,2012-07-01,9.0
터키,상용,2012-08-01,19.0
터키,상용,2012-09-01,19.0
터키,상용,2012-10-01,16.0
터키,상용,2012-11-01,15.0
터키,상용,2012-12-01,15.0
터키,상용,2013-01-01,16.0
터키,상용,2013-02-01,19.0
터키,상용,2013-03-01,14.0
터키,상용,2013-04-01,12.0
터키,상용,2013-05-01,21.0
터키,상용,2013-06-01,20.0
터키,상용,2013-07-01,16.0
터키,상용,2013-08-01,21.0
터키,상용,2013-09-01,16.0
터키,상용,2013-10-01,16.0
터키,상용,2013-11-01,21.0
터키,상용,2013-12-01,14.0
터키,상용,2014-01-01,15.0
터키,상용,2014-02-01,15.0
터키,상용,2014-03-01,26.0
터키,상용,2014-04-01,17.0
터키,상용,2014-05-01,24.0
터키,상용,2014-06-01,13.0
터키,상용,2014-07-01,9.0
터키,상용,2014-08-01,19.0
터키,상용,2014-09-01,13.0
터키,상용,2014-10-01,11.0
터키,상용,2014-11-01,16.0
터키,상용,2014-12-01,15.0
터키,상용,2015-01-01,18.0
터키,상용,2015-02-01,24.0
터키,상용,2015-03-01,17.0
터키,상용,2015-04-01,17.0
터키,상용,2015-05-01,14.0
터키,상용,2015-06-01,15.0
터키,상용,2015-07-01,18.0
터키,상용,2015-08-01,19.0
터키,상용,2015-09-01,12.0
터키,상용,2015-10-01,18.0
터키,상용,2015-11-01,13.0
터키,상용,2015-12-01,18.0
터키,상용,2016-01-01,17.0
터키,상용,2016-02-01,15.0
터키,상용,2016-03-01,18.0
터키,상용,2016-04-01,13.0
터키,상용,2016-05-01,22.0
터키,상용,2016-06-01,12.0
터키,상용,2016-07-01,18.0
터키,상용,2016-08-01,27.0
터키,상용,2016-09-01,25.0
터키,상용,2016-10-01,15.0
터키,상용,2016-11-01,15.0
터키,상용,2016-12-01,12.0
터키,상용,2017-01-01,15.0
터키,상용,2017-02-01,9.0
터키,상용,2017-03-01,11.0
터키,상용,2017-04-01,14.0
터키,상용,2017-05-01,15.0
터키,상용,2017-06-01,9.0
터키,상용,2017-07-01,11.0
터키,상용,2017-08-01,21.0
터키,상용,2017-09-01,13.0
터키,상용,2017-10-01,9.0
터키,상용,2017-11-01,8.0
터키,상용,2017-12-01,8.0
터키,상용,2018-01-01,18.0
터키,상용,2018-02-01,10.0
터키,상용,2018-03-01,14.0
터키,상용,2018-04-01,8.0
터키,상용,2018-05-01,16.0
터키,상용,2018-06-01,12.0
터키,상용,2018-07-01,12.0
터키,상용,2018-08-01,11.0
터키,상용,2018-09-01,23.0
터키,상용,2018-10-01,15.0
터키,상용,2018-11-01,19.0
터키,상용,2018-12-01,14.0
터키,상용,2019-01-01,13.0
터키,상용,2019-02-01,13.0
터키,상용,2019-03-01,15.0
터키,상용,2019-04-01,12.0
터키,상용,2019-05-01,12.0
터키,상용,2019-06-01,6.0
터키,상용,2019-07-01,18.0
터키,상용,2019-08-01,17.0
터키,상용,2019-09-01,21.0
터키,상용,2019-10-01,11.0
터키,상용,2019-11-01,15.0
터키,상용,2019-12-01,13.0
터키,상용,2020-01-01,20.0
터키,상용,2020-02-01,11.0
터키,상용,2020-03-01,2.0
터키,상용,2020-04-01,1.0
터키,상용,2020-05-01,4.0
터키,상용,2020-06-01,3.0
터키,상용,2020-07-01,5.0
터키,상용,2020-08-01,22.0
터키,상용,2020-09-01,3.0
터키,상용,2020-10-01,9.0
터키,상용,2020-11-01,16.0
터키,상용,2020-12-01,10.0
터키,상용,2021-01-01,8.0
터키,상용,2021-02-01,14.0
터키,상용,2021-03-01,27.0
터키,상용,2021-04-01,14.0
터키,상용,2021-05-01,5.0
터키,상용,2021-06-01,11.0
터키,상용,2021-07-01,5.0
터키,상용,2021-08-01,9.0
터키,상용,2021-09-01,7.0
터키,상용,2021-10-01,26.0
터키,상용,2021-11-01,18.0
터키,상용,2021-12-01,12.0
터키,상용,2022-01-01,10.0
터키,상용,2022-02-01,16.0
터키,상용,2022-03-01,13.0
터키,상용,2022-04-01,22.0
터키,상용,2022-05-01,8.0
터키,상용,2022-06-01,8.0
터키,상용,2022-07-01,13.0
터키,상용,2022-08-01,19.0
터키,상용,2022-09-01,12.0
터키,상용,2022-10-01,9.0
터키,상용,2022-11-01,13.0
터키,상용,2022-12-01,8.0
터키,상용,2023-01-01,12.0
터키,상용,2023-02-01,13.0
터키,상용,2023-03-01,23.0
터키,상용,2023-04-01,20.0
터키,상용,2023-05-01,13.0
터키,상용,2023-06-01,16.0
터키,상용,2023-07-01,13.0
터키,상용,2023-08-01,17.0
터키,상용,2023-09-01,20.0
터키,상용,2023-10-01,14.0
터키,상용,2023-11-01,11.0
터키,상용,2023-12-01,12.0
터키,상용,2024-01-01,20.0
터키,상용,2024-02-01,12.0
터키,상용,2024-03-01,12.0
터키,상용,2024-04-01,8.0
터키,상용,2024-05-01,17.0
터키,상용,2024-06-01,10.0
터키,상용,2024-07-01,13.0
터키,상용,2024-08-01,20.0
터키,상용,2024-09-01,15.0
터키,상용,2024-10-01,20.0
터키,상용,2024-11-01,12.0
터키,상용,2024-12-01,10.0
터키,상용,2025-01-01,12.0
터키,상용,2025-02-01,15.0
터키,상용,2025-03-01,13.0
터키,상용,2025-04-01,17.0
터키,상용,2025-05-01,16.0
터키,유학연수,2005-01-01,5.0
터키,유학연수,2005-02-01,7.0
터키,유학연수,2005-03-01,2.0
터키,유학연수,2005-04-01,0.0
터키,유학연수,2005-05-01,1.0
터키,유학연수,2005-06-01,7.0
터키,유학연수,2005-07-01,11.0
터키,유학연수,2005-08-01,20.0
터키,유학연수,2005-09-01,5.0
터키,유학연수,2005-10-01,2.0
터키,유학연수,2005-11-01,0.0
터키,유학연수,2005-12-01,2.0
터키,유학연수,2006-01-01,7.0
터키,유학연수,2006-02-01,14.0
터키,유학연수,2006-03-01,7.0
터키,유학연수,2006-04-01,3.0
터키,유학연수,2006-05-01,1.0
터키,유학연수,2006-06-01,9.0
터키,유학연수,2006-07-01,8.0
터키,유학연수,2006-08-01,23.0
터키,유학연수,2006-09-01,6.0
터키,유학연수,2006-10-01,4.0
터키,유학연수,2006-11-01,1.0
터키,유학연수,2006-12-01,3.0
터키,유학연수,2007-01-01,4.0
터키,유학연수,2007-02-01,16.0
터키,유학연수,2007-03-01,7.0
터키,유학연수,2007-04-01,2.0
터키,유학연수,2007-05-01,2.0
터키,유학연수,2007-06-01,10.0
터키,유학연수,2007-07-01,4.0
터키,유학연수,2007-08-01,45.0
터키,유학연수,2007-09-01,5.0
터키,유학연수,2007-10-01,7.0
터키,유학연수,2007-11-01,3.0
터키,유학연수,2007-12-01,7.0
터키,유학연수,2008-01-01,7.0
터키,유학연수,2008-02-01,17.0
터키,유학연수,2008-03-01,11.0
터키,유학연수,2008-04-01,2.0
터키,유학연수,2008-05-01,4.0
터키,유학연수,2008-06-01,9.0
터키,유학연수,2008-07-01,7.0
터키,유학연수,2008-08-01,49.0
터키,유학연수,2008-09-01,27.0
터키,유학연수,2008-10-01,5.0
터키,유학연수,2008-11-01,2.0
터키,유학연수,2008-12-01,5.0
터키,유학연수,2009-01-01,7.0
터키,유학연수,2009-02-01,31.0
터키,유학연수,2009-03-01,9.0
터키,유학연수,2009-04-01,2.0
터키,유학연수,2009-05-01,3.0
터키,유학연수,2009-06-01,16.0
터키,유학연수,2009-07-01,11.0
터키,유학연수,2009-08-01,56.0
터키,유학연수,2009-09-01,11.0
터키,유학연수,2009-10-01,4.0
터키,유학연수,2009-11-01,9.0
터키,유학연수,2009-12-01,5.0
터키,유학연수,2010-01-01,15.0
터키,유학연수,2010-02-01,43.0
터키,유학연수,2010-03-01,7.0
터키,유학연수,2010-04-01,2.0
터키,유학연수,2010-05-01,8.0
터키,유학연수,2010-06-01,4.0
터키,유학연수,2010-07-01,7.0
터키,유학연수,2010-08-01,74.0
터키,유학연수,2010-09-01,21.0
터키,유학연수,2010-10-01,4.0
터키,유학연수,2010-11-01,8.0
터키,유학연수,2010-12-01,6.0
터키,유학연수,2011-01-01,11.0
터키,유학연수,2011-02-01,35.0
터키,유학연수,2011-03-01,7.0
터키,유학연수,2011-04-01,5.0
터키,유학연수,2011-05-01,6.0
터키,유학연수,2011-06-01,5.0
터키,유학연수,2011-07-01,12.0
터키,유학연수,2011-08-01,90.0
터키,유학연수,2011-09-01,22.0
터키,유학연수,2011-10-01,3.0
터키,유학연수,2011-11-01,5.0
터키,유학연수,2011-12-01,12.0
터키,유학연수,2012-01-01,11.0
터키,유학연수,2012-02-01,40.0
터키,유학연수,2012-03-01,10.0
터키,유학연수,2012-04-01,0.0
터키,유학연수,2012-05-01,6.0
터키,유학연수,2012-06-01,7.0
터키,유학연수,2012-07-01,9.0
터키,유학연수,2012-08-01,91.0
터키,유학연수,2012-09-01,38.0
터키,유학연수,2012-10-01,6.0
터키,유학연수,2012-11-01,4.0
터키,유학연수,2012-12-01,10.0
터키,유학연수,2013-01-01,13.0
터키,유학연수,2013-02-01,68.0
터키,유학연수,2013-03-01,15.0
터키,유학연수,2013-04-01,7.0
터키,유학연수,2013-05-01,16.0
터키,유학연수,2013-06-01,6.0
터키,유학연수,2013-07-01,16.0
터키,유학연수,2013-08-01,112.0
터키,유학연수,2013-09-01,32.0
터키,유학연수,2013-10-01,3.0
터키,유학연수,2013-11-01,9.0
터키,유학연수,2013-12-01,8.0
터키,유학연수,2014-01-01,20.0
터키,유학연수,2014-02-01,75.0
터키,유학연수,2014-03-01,34.0
터키,유학연수,2014-04-01,5.0
터키,유학연수,2014-05-01,22.0
터키,유학연수,2014-06-01,18.0
터키,유학연수,2014-07-01,12.0
터키,유학연수,2014-08-01,136.0
터키,유학연수,2014-09-01,30.0
터키,유학연수,2014-10-01,2.0
터키,유학연수,2014-11-01,9.0
터키,유학연수,2014-12-01,10.0
터키,유학연수,2015-01-01,22.0
터키,유학연수,2015-02-01,83.0
터키,유학연수,2015-03-01,23.0
터키,유학연수,2015-04-01,9.0
터키,유학연수,2015-05-01,17.0
터키,유학연수,2015-06-01,13.0
터키,유학연수,2015-07-01,18.0
터키,유학연수,2015-08-01,158.0
터키,유학연수,2015-09-01,30.0
터키,유학연수,2015-10-01,8.0
터키,유학연수,2015-11-01,21.0
터키,유학연수,2015-12-01,28.0
터키,유학연수,2016-01-01,27.0
터키,유학연수,2016-02-01,116.0
터키,유학연수,2016-03-01,24.0
터키,유학연수,2016-04-01,8.0
터키,유학연수,2016-05-01,49.0
터키,유학연수,2016-06-01,34.0
터키,유학연수,2016-07-01,31.0
터키,유학연수,2016-08-01,147.0
터키,유학연수,2016-09-01,33.0
터키,유학연수,2016-10-01,10.0
터키,유학연수,2016-11-01,23.0
터키,유학연수,2016-12-01,16.0
터키,유학연수,2017-01-01,26.0
터키,유학연수,2017-02-01,100.0
터키,유학연수,2017-03-01,34.0
터키,유학연수,2017-04-01,11.0
터키,유학연수,2017-05-01,18.0
터키,유학연수,2017-06-01,20.0
터키,유학연수,2017-07-01,31.0
터키,유학연수,2017-08-01,190.0
터키,유학연수,2017-09-01,40.0
터키,유학연수,2017-10-01,9.0
터키,유학연수,2017-11-01,31.0
터키,유학연수,2017-12-01,26.0
터키,유학연수,2018-01-01,26.0
터키,유학연수,2018-02-01,161.0
터키,유학연수,2018-03-01,36.0
터키,유학연수,2018-04-01,18.0
터키,유학연수,2018-05-01,34.0
터키,유학연수,2018-06-01,40.0
터키,유학연수,2018-07-01,40.0
터키,유학연수,2018-08-01,177.0
터키,유학연수,2018-09-01,52.0
터키,유학연수,2018-10-01,12.0
터키,유학연수,2018-11-01,20.0
터키,유학연수,2018-12-01,27.0
터키,유학연수,2019-01-01,36.0
터키,유학연수,2019-02-01,151.0
터키,유학연수,2019-03-01,38.0
터키,유학연수,2019-04-01,13.0
터키,유학연수,2019-05-01,45.0
터키,유학연수,2019-06-01,37.0
터키,유학연수,2019-07-01,34.0
터키,유학연수,2019-08-01,212.0
터키,유학연수,2019-09-01,37.0
터키,유학연수,2019-10-01,14.0
터키,유학연수,2019-11-01,32.0
터키,유학연수,2019-12-01,26.0
터키,유학연수,2020-01-01,33.0
터키,유학연수,2020-02-01,98.0
터키,유학연수,2020-03-01,21.0
터키,유학연수,2020-04-01,0.0
터키,유학연수,2020-05-01,1.0
터키,유학연수,2020-06-01,3.0
터키,유학연수,2020-07-01,1.0
터키,유학연수,2020-08-01,71.0
터키,유학연수,2020-09-01,37.0
터키,유학연수,2020-10-01,4.0
터키,유학연수,2020-11-01,15.0
터키,유학연수,2020-12-01,7.0
터키,유학연수,2021-01-01,11.0
터키,유학연수,2021-02-01,72.0
터키,유학연수,2021-03-01,19.0
터키,유학연수,2021-04-01,0.0
터키,유학연수,2021-05-01,16.0
터키,유학연수,2021-06-01,20.0
터키,유학연수,2021-07-01,12.0
터키,유학연수,2021-08-01,156.0
터키,유학연수,2021-09-01,20.0
터키,유학연수,2021-10-01,4.0
터키,유학연수,2021-11-01,6.0
터키,유학연수,2021-12-01,23.0
터키,유학연수,2022-01-01,15.0
터키,유학연수,2022-02-01,160.0
터키,유학연수,2022-03-01,28.0
터키,유학연수,2022-04-01,8.0
터키,유학연수,2022-05-01,21.0
터키,유학연수,2022-06-01,28.0
터키,유학연수,2022-07-01,37.0
터키,유학연수,2022-08-01,198.0
터키,유학연수,2022-09-01,56.0
터키,유학연수,2022-10-01,22.0
터키,유학연수,2022-11-01,45.0
터키,유학연수,2022-12-01,32.0
터키,유학연수,2023-01-01,37.0
터키,유학연수,2023-02-01,147.0
터키,유학연수,2023-03-01,52.0
터키,유학연수,2023-04-01,14.0
터키,유학연수,2023-05-01,30.0
터키,유학연수,2023-06-01,38.0
터키,유학연수,2023-07-01,56.0
터키,유학연수,2023-08-01,218.0
터키,유학연수,2023-09-01,76.0
터키,유학연수,2023-10-01,25.0
터키,유학연수,2023-11-01,48.0
터키,유학연수,2023-12-01,46.0
터키,유학연수,2024-01-01,52.0
터키,유학연수,2024-02-01,167.0
터키,유학연수,2024-03-01,76.0
터키,유학연수,2024-04-01,20.0
터키,유학연수,2024-05-01,54.0
터키,유학연수,2024-06-01,61.0
터키,유학연수,2024-07-01,103.0
터키,유학연수,2024-08-01,264.0
터키,유학연수,2024-09-01,93.0
터키,유학연수,2024-10-01,22.0
터키,유학연수,2024-11-01,64.0
터키,유학연수,2024-12-01,45.0
터키,유학연수,2025-01-01,69.0
터키,유학연수,2025-02-01,227.0
터키,유학연수,2025-03-01,122.0
터키,유학연수,2025-04-01,38.0
터키,유학연수,2025-05-01,94.0
파키스탄,공용,2005-01-01,2.0
파키스탄,공용,2005-02-01,0.0
파키스탄,공용,2005-03-01,11.0
파키스탄,공용,2005-04-01,11.0
파키스탄,공용,2005-05-01,7.0
파키스탄,공용,2005-06-01,11.0
파키스탄,공용,2005-07-01,3.0
파키스탄,공용,2005-08-01,2.0
파키스탄,공용,2005-09-01,37.0
파키스탄,공용,2005-10-01,4.0
파키스탄,공용,2005-11-01,6.0
파키스탄,공용,2005-12-01,9.0
파키스탄,공용,2006-01-01,4.0
파키스탄,공용,2006-02-01,1.0
파키스탄,공용,2006-03-01,2.0
파키스탄,공용,2006-04-01,4.0
파키스탄,공용,2006-05-01,1.0
파키스탄,공용,2006-06-01,0.0
파키스탄,공용,2006-07-01,0.0
파키스탄,공용,2006-08-01,10.0
파키스탄,공용,2006-09-01,1.0
파키스탄,공용,2006-10-01,1.0
파키스탄,공용,2006-11-01,4.0
파키스탄,공용,2006-12-01,2.0
파키스탄,공용,2007-01-01,2.0
파키스탄,공용,2007-02-01,3.0
파키스탄,공용,2007-03-01,0.0
파키스탄,공용,2007-04-01,1.0
파키스탄,공용,2007-05-01,0.0
파키스탄,공용,2007-06-01,1.0
파키스탄,공용,2007-07-01,0.0
파키스탄,공용,2007-08-01,4.0
파키스탄,공용,2007-09-01,2.0
파키스탄,공용,2007-10-01,1.0
파키스탄,공용,2007-11-01,9.0
파키스탄,공용,2007-12-01,0.0
파키스탄,공용,2008-01-01,5.0
파키스탄,공용,2008-02-01,1.0
파키스탄,공용,2008-03-01,0.0
파키스탄,공용,2008-04-01,0.0
파키스탄,공용,2008-05-01,2.0
파키스탄,공용,2008-06-01,3.0
파키스탄,공용,2008-07-01,6.0
파키스탄,공용,2008-08-01,1.0
파키스탄,공용,2008-09-01,3.0
파키스탄,공용,2008-10-01,2.0
파키스탄,공용,2008-11-01,0.0
파키스탄,공용,2008-12-01,2.0
파키스탄,공용,2009-01-01,2.0
파키스탄,공용,2009-02-01,1.0
파키스탄,공용,2009-03-01,1.0
파키스탄,공용,2009-04-01,6.0
파키스탄,공용,2009-05-01,3.0
파키스탄,공용,2009-06-01,7.0
파키스탄,공용,2009-07-01,0.0
파키스탄,공용,2009-08-01,1.0
파키스탄,공용,2009-09-01,0.0
파키스탄,공용,2009-10-01,1.0
파키스탄,공용,2009-11-01,0.0
파키스탄,공용,2009-12-01,1.0
파키스탄,공용,2010-01-01,1.0
파키스탄,공용,2010-02-01,1.0
파키스탄,공용,2010-03-01,3.0
파키스탄,공용,2010-04-01,3.0
파키스탄,공용,2010-05-01,3.0
파키스탄,공용,2010-06-01,1.0
파키스탄,공용,2010-07-01,7.0
파키스탄,공용,2010-08-01,5.0
파키스탄,공용,2010-09-01,1.0
파키스탄,공용,2010-10-01,2.0
파키스탄,공용,2010-11-01,0.0
파키스탄,공용,2010-12-01,1.0
파키스탄,공용,2011-01-01,2.0
파키스탄,공용,2011-02-01,0.0
파키스탄,공용,2011-03-01,2.0
파키스탄,공용,2011-04-01,5.0
파키스탄,공용,2011-05-01,4.0
파키스탄,공용,2011-06-01,2.0
파키스탄,공용,2011-07-01,0.0
파키스탄,공용,2011-08-01,1.0
파키스탄,공용,2011-09-01,3.0
파키스탄,공용,2011-10-01,1.0
파키스탄,공용,2011-11-01,3.0
파키스탄,공용,2011-12-01,1.0
파키스탄,공용,2012-01-01,4.0
파키스탄,공용,2012-02-01,5.0
파키스탄,공용,2012-03-01,17.0
파키스탄,공용,2012-04-01,8.0
파키스탄,공용,2012-05-01,6.0
파키스탄,공용,2012-06-01,1.0
파키스탄,공용,2012-07-01,5.0
파키스탄,공용,2012-08-01,4.0
파키스탄,공용,2012-09-01,3.0
파키스탄,공용,2012-10-01,3.0
파키스탄,공용,2012-11-01,8.0
파키스탄,공용,2012-12-01,22.0
파키스탄,공용,2013-01-01,3.0
파키스탄,공용,2013-02-01,2.0
파키스탄,공용,2013-03-01,4.0
파키스탄,공용,2013-04-01,7.0
파키스탄,공용,2013-05-01,2.0
파키스탄,공용,2013-06-01,9.0
파키스탄,공용,2013-07-01,7.0
파키스탄,공용,2013-08-01,3.0
파키스탄,공용,2013-09-01,5.0
파키스탄,공용,2013-10-01,10.0
파키스탄,공용,2013-11-01,10.0
파키스탄,공용,2013-12-01,11.0
파키스탄,공용,2014-01-01,2.0
파키스탄,공용,2014-02-01,5.0
파키스탄,공용,2014-03-01,7.0
파키스탄,공용,2014-04-01,27.0
파키스탄,공용,2014-05-01,22.0
파키스탄,공용,2014-06-01,13.0
파키스탄,공용,2014-07-01,7.0
파키스탄,공용,2014-08-01,24.0
파키스탄,공용,2014-09-01,27.0
파키스탄,공용,2014-10-01,34.0
파키스탄,공용,2014-11-01,47.0
파키스탄,공용,2014-12-01,17.0
파키스탄,공용,2015-01-01,7.0
파키스탄,공용,2015-02-01,6.0
파키스탄,공용,2015-03-01,30.0
파키스탄,공용,2015-04-01,18.0
파키스탄,공용,2015-05-01,25.0
파키스탄,공용,2015-06-01,19.0
파키스탄,공용,2015-07-01,10.0
파키스탄,공용,2015-08-01,14.0
파키스탄,공용,2015-09-01,48.0
파키스탄,공용,2015-10-01,52.0
파키스탄,공용,2015-11-01,34.0
파키스탄,공용,2015-12-01,22.0
파키스탄,공용,2016-01-01,7.0
파키스탄,공용,2016-02-01,5.0
파키스탄,공용,2016-03-01,6.0
파키스탄,공용,2016-04-01,12.0
파키스탄,공용,2016-05-01,27.0
파키스탄,공용,2016-06-01,22.0
파키스탄,공용,2016-07-01,10.0
파키스탄,공용,2016-08-01,18.0
파키스탄,공용,2016-09-01,17.0
파키스탄,공용,2016-10-01,40.0
파키스탄,공용,2016-11-01,20.0
파키스탄,공용,2016-12-01,11.0
파키스탄,공용,2017-01-01,22.0
파키스탄,공용,2017-02-01,43.0
파키스탄,공용,2017-03-01,32.0
파키스탄,공용,2017-04-01,28.0
파키스탄,공용,2017-05-01,32.0
파키스탄,공용,2017-06-01,32.0
파키스탄,공용,2017-07-01,14.0
파키스탄,공용,2017-08-01,51.0
파키스탄,공용,2017-09-01,50.0
파키스탄,공용,2017-10-01,50.0
파키스탄,공용,2017-11-01,22.0
파키스탄,공용,2017-12-01,12.0
파키스탄,공용,2018-01-01,6.0
파키스탄,공용,2018-02-01,13.0
파키스탄,공용,2018-03-01,40.0
파키스탄,공용,2018-04-01,8.0
파키스탄,공용,2018-05-01,36.0
파키스탄,공용,2018-06-01,26.0
파키스탄,공용,2018-07-01,30.0
파키스탄,공용,2018-08-01,8.0
파키스탄,공용,2018-09-01,24.0
파키스탄,공용,2018-10-01,28.0
파키스탄,공용,2018-11-01,23.0
파키스탄,공용,2018-12-01,5.0
파키스탄,공용,2019-01-01,10.0
파키스탄,공용,2019-02-01,11.0
파키스탄,공용,2019-03-01,14.0
파키스탄,공용,2019-04-01,36.0
파키스탄,공용,2019-05-01,19.0
파키스탄,공용,2019-06-01,29.0
파키스탄,공용,2019-07-01,27.0
파키스탄,공용,2019-08-01,22.0
파키스탄,공용,2019-09-01,29.0
파키스탄,공용,2019-10-01,17.0
파키스탄,공용,2019-11-01,23.0
파키스탄,공용,2019-12-01,20.0
파키스탄,공용,2020-01-01,23.0
파키스탄,공용,2020-02-01,22.0
파키스탄,공용,2020-03-01,5.0
파키스탄,공용,2020-04-01,0.0
파키스탄,공용,2020-05-01,1.0
파키스탄,공용,2020-06-01,1.0
파키스탄,공용,2020-07-01,1.0
파키스탄,공용,2020-08-01,4.0
파키스탄,공용,2020-09-01,4.0
파키스탄,공용,2020-10-01,2.0
파키스탄,공용,2020-11-01,5.0
파키스탄,공용,2020-12-01,5.0
파키스탄,공용,2021-01-01,1.0
파키스탄,공용,2021-02-01,1.0
파키스탄,공용,2021-03-01,3.0
파키스탄,공용,2021-04-01,1.0
파키스탄,공용,2021-05-01,1.0
파키스탄,공용,2021-06-01,12.0
파키스탄,공용,2021-07-01,0.0
파키스탄,공용,2021-08-01,1.0
파키스탄,공용,2021-09-01,6.0
파키스탄,공용,2021-10-01,7.0
파키스탄,공용,2021-11-01,2.0
파키스탄,공용,2021-12-01,9.0
파키스탄,공용,2022-01-01,4.0
파키스탄,공용,2022-02-01,0.0
파키스탄,공용,2022-03-01,1.0
파키스탄,공용,2022-04-01,1.0
파키스탄,공용,2022-05-01,5.0
파키스탄,공용,2022-06-01,11.0
파키스탄,공용,2022-07-01,7.0
파키스탄,공용,2022-08-01,13.0
파키스탄,공용,2022-09-01,15.0
파키스탄,공용,2022-10-01,27.0
파키스탄,공용,2022-11-01,20.0
파키스탄,공용,2022-12-01,10.0
파키스탄,공용,2023-01-01,7.0
파키스탄,공용,2023-02-01,4.0
파키스탄,공용,2023-03-01,7.0
파키스탄,공용,2023-04-01,16.0
파키스탄,공용,2023-05-01,42.0
파키스탄,공용,2023-06-01,13.0
파키스탄,공용,2023-07-01,11.0
파키스탄,공용,2023-08-01,16.0
파키스탄,공용,2023-09-01,27.0
파키스탄,공용,2023-10-01,45.0
파키스탄,공용,2023-11-01,30.0
파키스탄,공용,2023-12-01,29.0
파키스탄,공용,2024-01-01,10.0
파키스탄,공용,2024-02-01,4.0
파키스탄,공용,2024-03-01,5.0
파키스탄,공용,2024-04-01,29.0
파키스탄,공용,2024-05-01,33.0
파키스탄,공용,2024-06-01,30.0
파키스탄,공용,2024-07-01,20.0
파키스탄,공용,2024-08-01,9.0
파키스탄,공용,2024-09-01,45.0
파키스탄,공용,2024-10-01,22.0
파키스탄,공용,2024-11-01,27.0
파키스탄,공용,2024-12-01,12.0
파키스탄,공용,2025-01-01,8.0
파키스탄,공용,2025-02-01,22.0
파키스탄,공용,2025-03-01,2.0
파키스탄,공용,2025-04-01,14.0
파키스탄,공용,2025-05-01,21.0
파키스탄,관광,2005-01-01,100.0
파키스탄,관광,2005-02-01,75.0
파키스탄,관광,2005-03-01,164.0
파키스탄,관광,2005-04-01,134.0
파키스탄,관광,2005-05-01,154.0
파키스탄,관광,2005-06-01,147.0
파키스탄,관광,2005-07-01,157.0
파키스탄,관광,2005-08-01,95.0
파키스탄,관광,2005-09-01,194.0
파키스탄,관광,2005-10-01,117.0
파키스탄,관광,2005-11-01,105.0
파키스탄,관광,2005-12-01,103.0
파키스탄,관광,2006-01-01,65.0
파키스탄,관광,2006-02-01,117.0
파키스탄,관광,2006-03-01,120.0
파키스탄,관광,2006-04-01,154.0
파키스탄,관광,2006-05-01,175.0
파키스탄,관광,2006-06-01,150.0
파키스탄,관광,2006-07-01,206.0
파키스탄,관광,2006-08-01,246.0
파키스탄,관광,2006-09-01,213.0
파키스탄,관광,2006-10-01,195.0
파키스탄,관광,2006-11-01,199.0
파키스탄,관광,2006-12-01,124.0
파키스탄,관광,2007-01-01,56.0
파키스탄,관광,2007-02-01,135.0
파키스탄,관광,2007-03-01,121.0
파키스탄,관광,2007-04-01,287.0
파키스탄,관광,2007-05-01,173.0
파키스탄,관광,2007-06-01,229.0
파키스탄,관광,2007-07-01,172.0
파키스탄,관광,2007-08-01,216.0
파키스탄,관광,2007-09-01,161.0
파키스탄,관광,2007-10-01,257.0
파키스탄,관광,2007-11-01,159.0
파키스탄,관광,2007-12-01,86.0
파키스탄,관광,2008-01-01,99.0
파키스탄,관광,2008-02-01,136.0
파키스탄,관광,2008-03-01,173.0
파키스탄,관광,2008-04-01,181.0
파키스탄,관광,2008-05-01,188.0
파키스탄,관광,2008-06-01,202.0
파키스탄,관광,2008-07-01,225.0
파키스탄,관광,2008-08-01,154.0
파키스탄,관광,2008-09-01,187.0
파키스탄,관광,2008-10-01,267.0
파키스탄,관광,2008-11-01,176.0
파키스탄,관광,2008-12-01,133.0
파키스탄,관광,2009-01-01,93.0
파키스탄,관광,2009-02-01,99.0
파키스탄,관광,2009-03-01,164.0
파키스탄,관광,2009-04-01,141.0
파키스탄,관광,2009-05-01,181.0
파키스탄,관광,2009-06-01,181.0
파키스탄,관광,2009-07-01,137.0
파키스탄,관광,2009-08-01,232.0
파키스탄,관광,2009-09-01,153.0
파키스탄,관광,2009-10-01,257.0
파키스탄,관광,2009-11-01,150.0
파키스탄,관광,2009-12-01,101.0
파키스탄,관광,2010-01-01,70.0
파키스탄,관광,2010-02-01,78.0
파키스탄,관광,2010-03-01,97.0
파키스탄,관광,2010-04-01,173.0
파키스탄,관광,2010-05-01,194.0
파키스탄,관광,2010-06-01,189.0
파키스탄,관광,2010-07-01,194.0
파키스탄,관광,2010-08-01,104.0
파키스탄,관광,2010-09-01,157.0
파키스탄,관광,2010-10-01,242.0
파키스탄,관광,2010-11-01,142.0
파키스탄,관광,2010-12-01,99.0
파키스탄,관광,2011-01-01,91.0
파키스탄,관광,2011-02-01,115.0
파키스탄,관광,2011-03-01,133.0
파키스탄,관광,2011-04-01,203.0
파키스탄,관광,2011-05-01,267.0
파키스탄,관광,2011-06-01,213.0
파키스탄,관광,2011-07-01,243.0
파키스탄,관광,2011-08-01,194.0
파키스탄,관광,2011-09-01,240.0
파키스탄,관광,2011-10-01,344.0
파키스탄,관광,2011-11-01,153.0
파키스탄,관광,2011-12-01,161.0
파키스탄,관광,2012-01-01,106.0
파키스탄,관광,2012-02-01,121.0
파키스탄,관광,2012-03-01,193.0
파키스탄,관광,2012-04-01,344.0
파키스탄,관광,2012-05-01,275.0
파키스탄,관광,2012-06-01,303.0
파키스탄,관광,2012-07-01,253.0
파키스탄,관광,2012-08-01,194.0
파키스탄,관광,2012-09-01,257.0
파키스탄,관광,2012-10-01,270.0
파키스탄,관광,2012-11-01,207.0
파키스탄,관광,2012-12-01,197.0
파키스탄,관광,2013-01-01,167.0
파키스탄,관광,2013-02-01,134.0
파키스탄,관광,2013-03-01,231.0
파키스탄,관광,2013-04-01,173.0
파키스탄,관광,2013-05-01,225.0
파키스탄,관광,2013-06-01,278.0
파키스탄,관광,2013-07-01,193.0
파키스탄,관광,2013-08-01,256.0
파키스탄,관광,2013-09-01,302.0
파키스탄,관광,2013-10-01,348.0
파키스탄,관광,2013-11-01,234.0
파키스탄,관광,2013-12-01,145.0
파키스탄,관광,2014-01-01,131.0
파키스탄,관광,2014-02-01,161.0
파키스탄,관광,2014-03-01,218.0
파키스탄,관광,2014-04-01,204.0
파키스탄,관광,2014-05-01,268.0
파키스탄,관광,2014-06-01,216.0
파키스탄,관광,2014-07-01,163.0
파키스탄,관광,2014-08-01,273.0
파키스탄,관광,2014-09-01,531.0
파키스탄,관광,2014-10-01,324.0
파키스탄,관광,2014-11-01,226.0
파키스탄,관광,2014-12-01,188.0
파키스탄,관광,2015-01-01,143.0
파키스탄,관광,2015-02-01,151.0
파키스탄,관광,2015-03-01,303.0
파키스탄,관광,2015-04-01,315.0
파키스탄,관광,2015-05-01,337.0
파키스탄,관광,2015-06-01,267.0
파키스탄,관광,2015-07-01,235.0
파키스탄,관광,2015-08-01,340.0
파키스탄,관광,2015-09-01,343.0
파키스탄,관광,2015-10-01,460.0
파키스탄,관광,2015-11-01,420.0
파키스탄,관광,2015-12-01,296.0
파키스탄,관광,2016-01-01,251.0
파키스탄,관광,2016-02-01,210.0
파키스탄,관광,2016-03-01,314.0
파키스탄,관광,2016-04-01,263.0
파키스탄,관광,2016-05-01,473.0
파키스탄,관광,2016-06-01,264.0
파키스탄,관광,2016-07-01,297.0
파키스탄,관광,2016-08-01,350.0
파키스탄,관광,2016-09-01,364.0
파키스탄,관광,2016-10-01,429.0
파키스탄,관광,2016-11-01,393.0
파키스탄,관광,2016-12-01,290.0
파키스탄,관광,2017-01-01,170.0
파키스탄,관광,2017-02-01,210.0
파키스탄,관광,2017-03-01,277.0
파키스탄,관광,2017-04-01,283.0
파키스탄,관광,2017-05-01,339.0
파키스탄,관광,2017-06-01,253.0
파키스탄,관광,2017-07-01,348.0
파키스탄,관광,2017-08-01,282.0
파키스탄,관광,2017-09-01,324.0
파키스탄,관광,2017-10-01,357.0
파키스탄,관광,2017-11-01,259.0
파키스탄,관광,2017-12-01,223.0
파키스탄,관광,2018-01-01,228.0
파키스탄,관광,2018-02-01,244.0
파키스탄,관광,2018-03-01,344.0
파키스탄,관광,2018-04-01,307.0
파키스탄,관광,2018-05-01,388.0
파키스탄,관광,2018-06-01,434.0
파키스탄,관광,2018-07-01,412.0
파키스탄,관광,2018-08-01,379.0
파키스탄,관광,2018-09-01,361.0
파키스탄,관광,2018-10-01,464.0
파키스탄,관광,2018-11-01,435.0
파키스탄,관광,2018-12-01,276.0
파키스탄,관광,2019-01-01,238.0
파키스탄,관광,2019-02-01,257.0
파키스탄,관광,2019-03-01,285.0
파키스탄,관광,2019-04-01,361.0
파키스탄,관광,2019-05-01,290.0
파키스탄,관광,2019-06-01,356.0
파키스탄,관광,2019-07-01,389.0
파키스탄,관광,2019-08-01,315.0
파키스탄,관광,2019-09-01,323.0
파키스탄,관광,2019-10-01,382.0
파키스탄,관광,2019-11-01,361.0
파키스탄,관광,2019-12-01,404.0
파키스탄,관광,2020-01-01,229.0
파키스탄,관광,2020-02-01,221.0
파키스탄,관광,2020-03-01,70.0
파키스탄,관광,2020-04-01,6.0
파키스탄,관광,2020-05-01,0.0
파키스탄,관광,2020-06-01,9.0
파키스탄,관광,2020-07-01,10.0
파키스탄,관광,2020-08-01,8.0
파키스탄,관광,2020-09-01,7.0
파키스탄,관광,2020-10-01,8.0
파키스탄,관광,2020-11-01,1.0
파키스탄,관광,2020-12-01,9.0
파키스탄,관광,2021-01-01,9.0
파키스탄,관광,2021-02-01,10.0
파키스탄,관광,2021-03-01,10.0
파키스탄,관광,2021-04-01,23.0
파키스탄,관광,2021-05-01,13.0
파키스탄,관광,2021-06-01,12.0
파키스탄,관광,2021-07-01,8.0
파키스탄,관광,2021-08-01,12.0
파키스탄,관광,2021-09-01,34.0
파키스탄,관광,2021-10-01,15.0
파키스탄,관광,2021-11-01,27.0
파키스탄,관광,2021-12-01,25.0
파키스탄,관광,2022-01-01,3.0
파키스탄,관광,2022-02-01,15.0
파키스탄,관광,2022-03-01,18.0
파키스탄,관광,2022-04-01,46.0
파키스탄,관광,2022-05-01,47.0
파키스탄,관광,2022-06-01,110.0
파키스탄,관광,2022-07-01,165.0
파키스탄,관광,2022-08-01,156.0
파키스탄,관광,2022-09-01,234.0
파키스탄,관광,2022-10-01,284.0
파키스탄,관광,2022-11-01,218.0
파키스탄,관광,2022-12-01,163.0
파키스탄,관광,2023-01-01,152.0
파키스탄,관광,2023-02-01,126.0
파키스탄,관광,2023-03-01,177.0
파키스탄,관광,2023-04-01,170.0
파키스탄,관광,2023-05-01,210.0
파키스탄,관광,2023-06-01,245.0
파키스탄,관광,2023-07-01,220.0
파키스탄,관광,2023-08-01,258.0
파키스탄,관광,2023-09-01,271.0
파키스탄,관광,2023-10-01,390.0
파키스탄,관광,2023-11-01,291.0
파키스탄,관광,2023-12-01,256.0
파키스탄,관광,2024-01-01,219.0
파키스탄,관광,2024-02-01,215.0
파키스탄,관광,2024-03-01,189.0
파키스탄,관광,2024-04-01,315.0
파키스탄,관광,2024-05-01,364.0
파키스탄,관광,2024-06-01,395.0
파키스탄,관광,2024-07-01,430.0
파키스탄,관광,2024-08-01,329.0
파키스탄,관광,2024-09-01,471.0
파키스탄,관광,2024-10-01,454.0
파키스탄,관광,2024-11-01,404.0
파키스탄,관광,2024-12-01,277.0
파키스탄,관광,2025-01-01,235.0
파키스탄,관광,2025-02-01,227.0
파키스탄,관광,2025-03-01,212.0
파키스탄,관광,2025-04-01,361.0
파키스탄,관광,2025-05-01,293.0
파키스탄,상용,2005-01-01,174.0
파키스탄,상용,2005-02-01,217.0
파키스탄,상용,2005-03-01,246.0
파키스탄,상용,2005-04-01,226.0
파키스탄,상용,2005-05-01,227.0
파키스탄,상용,2005-06-01,228.0
파키스탄,상용,2005-07-01,226.0
파키스탄,상용,2005-08-01,205.0
파키스탄,상용,2005-09-01,219.0
파키스탄,상용,2005-10-01,152.0
파키스탄,상용,2005-11-01,164.0
파키스탄,상용,2005-12-01,196.0
파키스탄,상용,2006-01-01,141.0
파키스탄,상용,2006-02-01,173.0
파키스탄,상용,2006-03-01,196.0
파키스탄,상용,2006-04-01,228.0
파키스탄,상용,2006-05-01,210.0
파키스탄,상용,2006-06-01,164.0
파키스탄,상용,2006-07-01,208.0
파키스탄,상용,2006-08-01,185.0
파키스탄,상용,2006-09-01,188.0
파키스탄,상용,2006-10-01,174.0
파키스탄,상용,2006-11-01,220.0
파키스탄,상용,2006-12-01,142.0
파키스탄,상용,2007-01-01,161.0
파키스탄,상용,2007-02-01,200.0
파키스탄,상용,2007-03-01,249.0
파키스탄,상용,2007-04-01,241.0
파키스탄,상용,2007-05-01,255.0
파키스탄,상용,2007-06-01,232.0
파키스탄,상용,2007-07-01,213.0
파키스탄,상용,2007-08-01,195.0
파키스탄,상용,2007-09-01,231.0
파키스탄,상용,2007-10-01,213.0
파키스탄,상용,2007-11-01,301.0
파키스탄,상용,2007-12-01,191.0
파키스탄,상용,2008-01-01,208.0
파키스탄,상용,2008-02-01,221.0
파키스탄,상용,2008-03-01,265.0
파키스탄,상용,2008-04-01,283.0
파키스탄,상용,2008-05-01,262.0
파키스탄,상용,2008-06-01,249.0
파키스탄,상용,2008-07-01,230.0
파키스탄,상용,2008-08-01,237.0
파키스탄,상용,2008-09-01,146.0
파키스탄,상용,2008-10-01,237.0
파키스탄,상용,2008-11-01,232.0
파키스탄,상용,2008-12-01,187.0
파키스탄,상용,2009-01-01,235.0
파키스탄,상용,2009-02-01,206.0
파키스탄,상용,2009-03-01,261.0
파키스탄,상용,2009-04-01,257.0
파키스탄,상용,2009-05-01,291.0
파키스탄,상용,2009-06-01,250.0
파키스탄,상용,2009-07-01,278.0
파키스탄,상용,2009-08-01,246.0
파키스탄,상용,2009-09-01,201.0
파키스탄,상용,2009-10-01,336.0
파키스탄,상용,2009-11-01,274.0
파키스탄,상용,2009-12-01,236.0
파키스탄,상용,2010-01-01,200.0
파키스탄,상용,2010-02-01,199.0
파키스탄,상용,2010-03-01,346.0
파키스탄,상용,2010-04-01,249.0
파키스탄,상용,2010-05-01,312.0
파키스탄,상용,2010-06-01,315.0
파키스탄,상용,2010-07-01,273.0
파키스탄,상용,2010-08-01,224.0
파키스탄,상용,2010-09-01,224.0
파키스탄,상용,2010-10-01,389.0
파키스탄,상용,2010-11-01,253.0
파키스탄,상용,2010-12-01,262.0
파키스탄,상용,2011-01-01,256.0
파키스탄,상용,2011-02-01,253.0
파키스탄,상용,2011-03-01,300.0
파키스탄,상용,2011-04-01,324.0
파키스탄,상용,2011-05-01,341.0
파키스탄,상용,2011-06-01,300.0
파키스탄,상용,2011-07-01,312.0
파키스탄,상용,2011-08-01,168.0
파키스탄,상용,2011-09-01,333.0
파키스탄,상용,2011-10-01,295.0
파키스탄,상용,2011-11-01,309.0
파키스탄,상용,2011-12-01,260.0
파키스탄,상용,2012-01-01,203.0
파키스탄,상용,2012-02-01,237.0
파키스탄,상용,2012-03-01,292.0
파키스탄,상용,2012-04-01,245.0
파키스탄,상용,2012-05-01,241.0
파키스탄,상용,2012-06-01,248.0
파키스탄,상용,2012-07-01,206.0
파키스탄,상용,2012-08-01,117.0
파키스탄,상용,2012-09-01,277.0
파키스탄,상용,2012-10-01,197.0
파키스탄,상용,2012-11-01,253.0
파키스탄,상용,2012-12-01,206.0
파키스탄,상용,2013-01-01,182.0
파키스탄,상용,2013-02-01,183.0
파키스탄,상용,2013-03-01,273.0
파키스탄,상용,2013-04-01,195.0
파키스탄,상용,2013-05-01,200.0
파키스탄,상용,2013-06-01,223.0
파키스탄,상용,2013-07-01,189.0
파키스탄,상용,2013-08-01,177.0
파키스탄,상용,2013-09-01,231.0
파키스탄,상용,2013-10-01,196.0
파키스탄,상용,2013-11-01,251.0
파키스탄,상용,2013-12-01,206.0
파키스탄,상용,2014-01-01,159.0
파키스탄,상용,2014-02-01,193.0
파키스탄,상용,2014-03-01,265.0
파키스탄,상용,2014-04-01,245.0
파키스탄,상용,2014-05-01,277.0
파키스탄,상용,2014-06-01,238.0
파키스탄,상용,2014-07-01,120.0
파키스탄,상용,2014-08-01,213.0
파키스탄,상용,2014-09-01,247.0
파키스탄,상용,2014-10-01,221.0
파키스탄,상용,2014-11-01,215.0
파키스탄,상용,2014-12-01,228.0
파키스탄,상용,2015-01-01,188.0
파키스탄,상용,2015-02-01,190.0
파키스탄,상용,2015-03-01,254.0
파키스탄,상용,2015-04-01,318.0
파키스탄,상용,2015-05-01,281.0
파키스탄,상용,2015-06-01,232.0
파키스탄,상용,2015-07-01,141.0
파키스탄,상용,2015-08-01,269.0
파키스탄,상용,2015-09-01,242.0
파키스탄,상용,2015-10-01,329.0
파키스탄,상용,2015-11-01,269.0
파키스탄,상용,2015-12-01,246.0
파키스탄,상용,2016-01-01,196.0
파키스탄,상용,2016-02-01,203.0
파키스탄,상용,2016-03-01,295.0
파키스탄,상용,2016-04-01,263.0
파키스탄,상용,2016-05-01,325.0
파키스탄,상용,2016-06-01,193.0
파키스탄,상용,2016-07-01,230.0
파키스탄,상용,2016-08-01,256.0
파키스탄,상용,2016-09-01,208.0
파키스탄,상용,2016-10-01,360.0
파키스탄,상용,2016-11-01,261.0
파키스탄,상용,2016-12-01,193.0
파키스탄,상용,2017-01-01,219.0
파키스탄,상용,2017-02-01,254.0
파키스탄,상용,2017-03-01,334.0
파키스탄,상용,2017-04-01,289.0
파키스탄,상용,2017-05-01,344.0
파키스탄,상용,2017-06-01,212.0
파키스탄,상용,2017-07-01,349.0
파키스탄,상용,2017-08-01,281.0
파키스탄,상용,2017-09-01,280.0
파키스탄,상용,2017-10-01,405.0
파키스탄,상용,2017-11-01,327.0
파키스탄,상용,2017-12-01,291.0
파키스탄,상용,2018-01-01,274.0
파키스탄,상용,2018-02-01,257.0
파키스탄,상용,2018-03-01,349.0
파키스탄,상용,2018-04-01,370.0
파키스탄,상용,2018-05-01,317.0
파키스탄,상용,2018-06-01,242.0
파키스탄,상용,2018-07-01,299.0
파키스탄,상용,2018-08-01,236.0
파키스탄,상용,2018-09-01,319.0
파키스탄,상용,2018-10-01,296.0
파키스탄,상용,2018-11-01,233.0
파키스탄,상용,2018-12-01,244.0
파키스탄,상용,2019-01-01,178.0
파키스탄,상용,2019-02-01,290.0
파키스탄,상용,2019-03-01,233.0
파키스탄,상용,2019-04-01,315.0
파키스탄,상용,2019-05-01,180.0
파키스탄,상용,2019-06-01,228.0
파키스탄,상용,2019-07-01,212.0
파키스탄,상용,2019-08-01,181.0
파키스탄,상용,2019-09-01,310.0
파키스탄,상용,2019-10-01,258.0
파키스탄,상용,2019-11-01,224.0
파키스탄,상용,2019-12-01,166.0
파키스탄,상용,2020-01-01,166.0
파키스탄,상용,2020-02-01,150.0
파키스탄,상용,2020-03-01,44.0
파키스탄,상용,2020-04-01,4.0
파키스탄,상용,2020-05-01,17.0
파키스탄,상용,2020-06-01,29.0
파키스탄,상용,2020-07-01,13.0
파키스탄,상용,2020-08-01,15.0
파키스탄,상용,2020-09-01,8.0
파키스탄,상용,2020-10-01,6.0
파키스탄,상용,2020-11-01,8.0
파키스탄,상용,2020-12-01,16.0
파키스탄,상용,2021-01-01,27.0
파키스탄,상용,2021-02-01,29.0
파키스탄,상용,2021-03-01,42.0
파키스탄,상용,2021-04-01,58.0
파키스탄,상용,2021-05-01,24.0
파키스탄,상용,2021-06-01,34.0
파키스탄,상용,2021-07-01,20.0
파키스탄,상용,2021-08-01,22.0
파키스탄,상용,2021-09-01,21.0
파키스탄,상용,2021-10-01,20.0
파키스탄,상용,2021-11-01,17.0
파키스탄,상용,2021-12-01,23.0
파키스탄,상용,2022-01-01,20.0
파키스탄,상용,2022-02-01,46.0
파키스탄,상용,2022-03-01,45.0
파키스탄,상용,2022-04-01,47.0
파키스탄,상용,2022-05-01,59.0
파키스탄,상용,2022-06-01,98.0
파키스탄,상용,2022-07-01,151.0
파키스탄,상용,2022-08-01,184.0
파키스탄,상용,2022-09-01,127.0
파키스탄,상용,2022-10-01,120.0
파키스탄,상용,2022-11-01,105.0
파키스탄,상용,2022-12-01,72.0
파키스탄,상용,2023-01-01,84.0
파키스탄,상용,2023-02-01,91.0
파키스탄,상용,2023-03-01,129.0
파키스탄,상용,2023-04-01,73.0
파키스탄,상용,2023-05-01,142.0
파키스탄,상용,2023-06-01,72.0
파키스탄,상용,2023-07-01,113.0
파키스탄,상용,2023-08-01,126.0
파키스탄,상용,2023-09-01,136.0
파키스탄,상용,2023-10-01,204.0
파키스탄,상용,2023-11-01,166.0
파키스탄,상용,2023-12-01,141.0
파키스탄,상용,2024-01-01,171.0
파키스탄,상용,2024-02-01,176.0
파키스탄,상용,2024-03-01,156.0
파키스탄,상용,2024-04-01,183.0
파키스탄,상용,2024-05-01,185.0
파키스탄,상용,2024-06-01,152.0
파키스탄,상용,2024-07-01,238.0
파키스탄,상용,2024-08-01,220.0
파키스탄,상용,2024-09-01,218.0
파키스탄,상용,2024-10-01,203.0
파키스탄,상용,2024-11-01,155.0
파키스탄,상용,2024-12-01,171.0
파키스탄,상용,2025-01-01,107.0
파키스탄,상용,2025-02-01,168.0
파키스탄,상용,2025-03-01,111.0
파키스탄,상용,2025-04-01,181.0
파키스탄,상용,2025-05-01,124.0
파키스탄,유학연수,2005-01-01,11.0
파키스탄,유학연수,2005-02-01,45.0
파키스탄,유학연수,2005-03-01,10.0
파키스탄,유학연수,2005-04-01,9.0
파키스탄,유학연수,2005-05-01,6.0
파키스탄,유학연수,2005-06-01,0.0
파키스탄,유학연수,2005-07-01,5.0
파키스탄,유학연수,2005-08-01,30.0
파키스탄,유학연수,2005-09-01,14.0
파키스탄,유학연수,2005-10-01,1.0
파키스탄,유학연수,2005-11-01,4.0
파키스탄,유학연수,2005-12-01,3.0
파키스탄,유학연수,2006-01-01,20.0
파키스탄,유학연수,2006-02-01,39.0
파키스탄,유학연수,2006-03-01,14.0
파키스탄,유학연수,2006-04-01,2.0
파키스탄,유학연수,2006-05-01,9.0
파키스탄,유학연수,2006-06-01,9.0
파키스탄,유학연수,2006-07-01,6.0
파키스탄,유학연수,2006-08-01,62.0
파키스탄,유학연수,2006-09-01,21.0
파키스탄,유학연수,2006-10-01,7.0
파키스탄,유학연수,2006-11-01,3.0
파키스탄,유학연수,2006-12-01,8.0
파키스탄,유학연수,2007-01-01,25.0
파키스탄,유학연수,2007-02-01,90.0
파키스탄,유학연수,2007-03-01,16.0
파키스탄,유학연수,2007-04-01,8.0
파키스탄,유학연수,2007-05-01,10.0
파키스탄,유학연수,2007-06-01,6.0
파키스탄,유학연수,2007-07-01,10.0
파키스탄,유학연수,2007-08-01,51.0
파키스탄,유학연수,2007-09-01,28.0
파키스탄,유학연수,2007-10-01,9.0
파키스탄,유학연수,2007-11-01,9.0
파키스탄,유학연수,2007-12-01,10.0
파키스탄,유학연수,2008-01-01,45.0
파키스탄,유학연수,2008-02-01,76.0
파키스탄,유학연수,2008-03-01,52.0
파키스탄,유학연수,2008-04-01,10.0
파키스탄,유학연수,2008-05-01,7.0
파키스탄,유학연수,2008-06-01,8.0
파키스탄,유학연수,2008-07-01,17.0
파키스탄,유학연수,2008-08-01,69.0
파키스탄,유학연수,2008-09-01,19.0
파키스탄,유학연수,2008-10-01,12.0
파키스탄,유학연수,2008-11-01,7.0
파키스탄,유학연수,2008-12-01,12.0
파키스탄,유학연수,2009-01-01,25.0
파키스탄,유학연수,2009-02-01,57.0
파키스탄,유학연수,2009-03-01,19.0
파키스탄,유학연수,2009-04-01,5.0
파키스탄,유학연수,2009-05-01,5.0
파키스탄,유학연수,2009-06-01,11.0
파키스탄,유학연수,2009-07-01,19.0
파키스탄,유학연수,2009-08-01,85.0
파키스탄,유학연수,2009-09-01,17.0
파키스탄,유학연수,2009-10-01,17.0
파키스탄,유학연수,2009-11-01,11.0
파키스탄,유학연수,2009-12-01,19.0
파키스탄,유학연수,2010-01-01,41.0
파키스탄,유학연수,2010-02-01,77.0
파키스탄,유학연수,2010-03-01,55.0
파키스탄,유학연수,2010-04-01,10.0
파키스탄,유학연수,2010-05-01,4.0
파키스탄,유학연수,2010-06-01,6.0
파키스탄,유학연수,2010-07-01,27.0
파키스탄,유학연수,2010-08-01,78.0
파키스탄,유학연수,2010-09-01,32.0
파키스탄,유학연수,2010-10-01,12.0
파키스탄,유학연수,2010-11-01,9.0
파키스탄,유학연수,2010-12-01,10.0
파키스탄,유학연수,2011-01-01,27.0
파키스탄,유학연수,2011-02-01,90.0
파키스탄,유학연수,2011-03-01,33.0
파키스탄,유학연수,2011-04-01,8.0
파키스탄,유학연수,2011-05-01,8.0
파키스탄,유학연수,2011-06-01,15.0
파키스탄,유학연수,2011-07-01,30.0
파키스탄,유학연수,2011-08-01,116.0
파키스탄,유학연수,2011-09-01,67.0
파키스탄,유학연수,2011-10-01,9.0
파키스탄,유학연수,2011-11-01,17.0
파키스탄,유학연수,2011-12-01,8.0
파키스탄,유학연수,2012-01-01,29.0
파키스탄,유학연수,2012-02-01,161.0
파키스탄,유학연수,2012-03-01,34.0
파키스탄,유학연수,2012-04-01,10.0
파키스탄,유학연수,2012-05-01,8.0
파키스탄,유학연수,2012-06-01,17.0
파키스탄,유학연수,2012-07-01,23.0
파키스탄,유학연수,2012-08-01,124.0
파키스탄,유학연수,2012-09-01,141.0
파키스탄,유학연수,2012-10-01,20.0
파키스탄,유학연수,2012-11-01,18.0
파키스탄,유학연수,2012-12-01,19.0
파키스탄,유학연수,2013-01-01,38.0
파키스탄,유학연수,2013-02-01,136.0
파키스탄,유학연수,2013-03-01,81.0
파키스탄,유학연수,2013-04-01,19.0
파키스탄,유학연수,2013-05-01,15.0
파키스탄,유학연수,2013-06-01,19.0
파키스탄,유학연수,2013-07-01,31.0
파키스탄,유학연수,2013-08-01,164.0
파키스탄,유학연수,2013-09-01,134.0
파키스탄,유학연수,2013-10-01,27.0
파키스탄,유학연수,2013-11-01,35.0
파키스탄,유학연수,2013-12-01,31.0
파키스탄,유학연수,2014-01-01,55.0
파키스탄,유학연수,2014-02-01,208.0
파키스탄,유학연수,2014-03-01,157.0
파키스탄,유학연수,2014-04-01,28.0
파키스탄,유학연수,2014-05-01,24.0
파키스탄,유학연수,2014-06-01,35.0
파키스탄,유학연수,2014-07-01,27.0
파키스탄,유학연수,2014-08-01,212.0
파키스탄,유학연수,2014-09-01,88.0
파키스탄,유학연수,2014-10-01,43.0
파키스탄,유학연수,2014-11-01,40.0
파키스탄,유학연수,2014-12-01,29.0
파키스탄,유학연수,2015-01-01,71.0
파키스탄,유학연수,2015-02-01,209.0
파키스탄,유학연수,2015-03-01,121.0
파키스탄,유학연수,2015-04-01,34.0
파키스탄,유학연수,2015-05-01,23.0
파키스탄,유학연수,2015-06-01,37.0
파키스탄,유학연수,2015-07-01,44.0
파키스탄,유학연수,2015-08-01,238.0
파키스탄,유학연수,2015-09-01,96.0
파키스탄,유학연수,2015-10-01,55.0
파키스탄,유학연수,2015-11-01,27.0
파키스탄,유학연수,2015-12-01,31.0
파키스탄,유학연수,2016-01-01,105.0
파키스탄,유학연수,2016-02-01,284.0
파키스탄,유학연수,2016-03-01,108.0
파키스탄,유학연수,2016-04-01,38.0
파키스탄,유학연수,2016-05-01,33.0
파키스탄,유학연수,2016-06-01,26.0
파키스탄,유학연수,2016-07-01,79.0
파키스탄,유학연수,2016-08-01,267.0
파키스탄,유학연수,2016-09-01,113.0
파키스탄,유학연수,2016-10-01,46.0
파키스탄,유학연수,2016-11-01,35.0
파키스탄,유학연수,2016-12-01,47.0
파키스탄,유학연수,2017-01-01,106.0
파키스탄,유학연수,2017-02-01,378.0
파키스탄,유학연수,2017-03-01,153.0
파키스탄,유학연수,2017-04-01,43.0
파키스탄,유학연수,2017-05-01,42.0
파키스탄,유학연수,2017-06-01,27.0
파키스탄,유학연수,2017-07-01,126.0
파키스탄,유학연수,2017-08-01,252.0
파키스탄,유학연수,2017-09-01,147.0
파키스탄,유학연수,2017-10-01,84.0
파키스탄,유학연수,2017-11-01,49.0
파키스탄,유학연수,2017-12-01,61.0
파키스탄,유학연수,2018-01-01,166.0
파키스탄,유학연수,2018-02-01,408.0
파키스탄,유학연수,2018-03-01,245.0
파키스탄,유학연수,2018-04-01,48.0
파키스탄,유학연수,2018-05-01,56.0
파키스탄,유학연수,2018-06-01,50.0
파키스탄,유학연수,2018-07-01,125.0
파키스탄,유학연수,2018-08-01,277.0
파키스탄,유학연수,2018-09-01,259.0
파키스탄,유학연수,2018-10-01,67.0
파키스탄,유학연수,2018-11-01,68.0
파키스탄,유학연수,2018-12-01,61.0
파키스탄,유학연수,2019-01-01,193.0
파키스탄,유학연수,2019-02-01,463.0
파키스탄,유학연수,2019-03-01,256.0
파키스탄,유학연수,2019-04-01,66.0
파키스탄,유학연수,2019-05-01,62.0
파키스탄,유학연수,2019-06-01,61.0
파키스탄,유학연수,2019-07-01,114.0
파키스탄,유학연수,2019-08-01,340.0
파키스탄,유학연수,2019-09-01,321.0
파키스탄,유학연수,2019-10-01,64.0
파키스탄,유학연수,2019-11-01,79.0
파키스탄,유학연수,2019-12-01,81.0
파키스탄,유학연수,2020-01-01,181.0
파키스탄,유학연수,2020-02-01,236.0
파키스탄,유학연수,2020-03-01,138.0
파키스탄,유학연수,2020-04-01,11.0
파키스탄,유학연수,2020-05-01,44.0
파키스탄,유학연수,2020-06-01,26.0
파키스탄,유학연수,2020-07-01,13.0
파키스탄,유학연수,2020-08-01,10.0
파키스탄,유학연수,2020-09-01,4.0
파키스탄,유학연수,2020-10-01,2.0
파키스탄,유학연수,2020-11-01,3.0
파키스탄,유학연수,2020-12-01,28.0
파키스탄,유학연수,2021-01-01,43.0
파키스탄,유학연수,2021-02-01,160.0
파키스탄,유학연수,2021-03-01,81.0
파키스탄,유학연수,2021-04-01,109.0
파키스탄,유학연수,2021-05-01,14.0
파키스탄,유학연수,2021-06-01,8.0
파키스탄,유학연수,2021-07-01,9.0
파키스탄,유학연수,2021-08-01,43.0
파키스탄,유학연수,2021-09-01,38.0
파키스탄,유학연수,2021-10-01,6.0
파키스탄,유학연수,2021-11-01,9.0
파키스탄,유학연수,2021-12-01,24.0
파키스탄,유학연수,2022-01-01,51.0
파키스탄,유학연수,2022-02-01,141.0
파키스탄,유학연수,2022-03-01,55.0
파키스탄,유학연수,2022-04-01,130.0
파키스탄,유학연수,2022-05-01,116.0
파키스탄,유학연수,2022-06-01,42.0
파키스탄,유학연수,2022-07-01,68.0
파키스탄,유학연수,2022-08-01,254.0
파키스탄,유학연수,2022-09-01,201.0
파키스탄,유학연수,2022-10-01,29.0
파키스탄,유학연수,2022-11-01,33.0
파키스탄,유학연수,2022-12-01,41.0
파키스탄,유학연수,2023-01-01,106.0
파키스탄,유학연수,2023-02-01,281.0
파키스탄,유학연수,2023-03-01,205.0
파키스탄,유학연수,2023-04-01,18.0
파키스탄,유학연수,2023-05-01,47.0
파키스탄,유학연수,2023-06-01,57.0
파키스탄,유학연수,2023-07-01,119.0
파키스탄,유학연수,2023-08-01,250.0
파키스탄,유학연수,2023-09-01,208.0
파키스탄,유학연수,2023-10-01,49.0
파키스탄,유학연수,2023-11-01,49.0
파키스탄,유학연수,2023-12-01,61.0
파키스탄,유학연수,2024-01-01,134.0
파키스탄,유학연수,2024-02-01,378.0
파키스탄,유학연수,2024-03-01,214.0
파키스탄,유학연수,2024-04-01,53.0
파키스탄,유학연수,2024-05-01,40.0
파키스탄,유학연수,2024-06-01,52.0
파키스탄,유학연수,2024-07-01,133.0
파키스탄,유학연수,2024-08-01,385.0
파키스탄,유학연수,2024-09-01,230.0
파키스탄,유학연수,2024-10-01,60.0
파키스탄,유학연수,2024-11-01,62.0
파키스탄,유학연수,2024-12-01,78.0
파키스탄,유학연수,2025-01-01,160.0
파키스탄,유학연수,2025-02-01,393.0
파키스탄,유학연수,2025-03-01,326.0
파키스탄,유학연수,2025-04-01,75.0
파키스탄,유학연수,2025-05-01,72.0
페루,공용,2005-01-01,1.0
페루,공용,2005-02-01,0.0
페루,공용,2005-03-01,1.0
페루,공용,2005-04-01,0.0
페루,공용,2005-05-01,1.0
페루,공용,2005-06-01,1.0
페루,공용,2005-07-01,0.0
페루,공용,2005-08-01,0.0
페루,공용,2005-09-01,0.0
페루,공용,2005-10-01,1.0
페루,공용,2005-11-01,0.0
페루,공용,2005-12-01,0.0
페루,공용,2006-01-01,0.0
페루,공용,2006-02-01,0.0
페루,공용,2006-03-01,0.0
페루,공용,2006-04-01,1.0
페루,공용,2006-05-01,1.0
페루,공용,2006-06-01,0.0
페루,공용,2006-07-01,0.0
페루,공용,2006-08-01,0.0
페루,공용,2006-09-01,0.0
페루,공용,2006-10-01,0.0
페루,공용,2006-11-01,2.0
페루,공용,2006-12-01,0.0
페루,공용,2007-01-01,0.0
페루,공용,2007-02-01,0.0
페루,공용,2007-03-01,0.0
페루,공용,2007-04-01,0.0
페루,공용,2007-05-01,0.0
페루,공용,2007-06-01,0.0
페루,공용,2007-07-01,0.0
페루,공용,2007-08-01,0.0
페루,공용,2007-09-01,0.0
페루,공용,2007-10-01,0.0
페루,공용,2007-11-01,1.0
페루,공용,2007-12-01,0.0
페루,공용,2008-01-01,1.0
페루,공용,2008-02-01,0.0
페루,공용,2008-03-01,0.0
페루,공용,2008-04-01,0.0
페루,공용,2008-05-01,0.0
페루,공용,2008-06-01,0.0
페루,공용,2008-07-01,1.0
페루,공용,2008-08-01,0.0
페루,공용,2008-09-01,0.0
페루,공용,2008-10-01,0.0
페루,공용,2008-11-01,0.0
페루,공용,2008-12-01,0.0
페루,공용,2009-01-01,0.0
페루,공용,2009-02-01,1.0
페루,공용,2009-03-01,0.0
페루,공용,2009-04-01,0.0
페루,공용,2009-05-01,2.0
페루,공용,2009-06-01,3.0
페루,공용,2009-07-01,1.0
페루,공용,2009-08-01,0.0
페루,공용,2009-09-01,0.0
페루,공용,2009-10-01,0.0
페루,공용,2009-11-01,1.0
페루,공용,2009-12-01,1.0
페루,공용,2010-01-01,1.0
페루,공용,2010-02-01,0.0
페루,공용,2010-03-01,1.0
페루,공용,2010-04-01,0.0
페루,공용,2010-05-01,0.0
페루,공용,2010-06-01,0.0
페루,공용,2010-07-01,0.0
페루,공용,2010-08-01,0.0
페루,공용,2010-09-01,0.0
페루,공용,2010-10-01,0.0
페루,공용,2010-11-01,1.0
페루,공용,2010-12-01,0.0
페루,공용,2011-01-01,0.0
페루,공용,2011-02-01,0.0
페루,공용,2011-03-01,0.0
페루,공용,2011-04-01,0.0
페루,공용,2011-05-01,1.0
페루,공용,2011-06-01,0.0
페루,공용,2011-07-01,0.0
페루,공용,2011-08-01,0.0
페루,공용,2011-09-01,0.0
페루,공용,2011-10-01,2.0
페루,공용,2011-11-01,0.0
페루,공용,2011-12-01,0.0
페루,공용,2012-01-01,0.0
페루,공용,2012-02-01,3.0
페루,공용,2012-03-01,0.0
페루,공용,2012-04-01,0.0
페루,공용,2012-05-01,8.0
페루,공용,2012-06-01,0.0
페루,공용,2012-07-01,2.0
페루,공용,2012-08-01,0.0
페루,공용,2012-09-01,3.0
페루,공용,2012-10-01,0.0
페루,공용,2012-11-01,0.0
페루,공용,2012-12-01,0.0
페루,공용,2013-01-01,0.0
페루,공용,2013-02-01,0.0
페루,공용,2013-03-01,0.0
페루,공용,2013-04-01,0.0
페루,공용,2013-05-01,0.0
페루,공용,2013-06-01,0.0
페루,공용,2013-07-01,2.0
페루,공용,2013-08-01,5.0
페루,공용,2013-09-01,0.0
페루,공용,2013-10-01,0.0
페루,공용,2013-11-01,5.0
페루,공용,2013-12-01,0.0
페루,공용,2014-01-01,0.0
페루,공용,2014-02-01,0.0
페루,공용,2014-03-01,2.0
페루,공용,2014-04-01,7.0
페루,공용,2014-05-01,0.0
페루,공용,2014-06-01,4.0
페루,공용,2014-07-01,1.0
페루,공용,2014-08-01,4.0
페루,공용,2014-09-01,5.0
페루,공용,2014-10-01,8.0
페루,공용,2014-11-01,0.0
페루,공용,2014-12-01,6.0
페루,공용,2015-01-01,1.0
페루,공용,2015-02-01,0.0
페루,공용,2015-03-01,2.0
페루,공용,2015-04-01,2.0
페루,공용,2015-05-01,7.0
페루,공용,2015-06-01,3.0
페루,공용,2015-07-01,0.0
페루,공용,2015-08-01,3.0
페루,공용,2015-09-01,9.0
페루,공용,2015-10-01,1.0
페루,공용,2015-11-01,3.0
페루,공용,2015-12-01,15.0
페루,공용,2016-01-01,3.0
페루,공용,2016-02-01,2.0
페루,공용,2016-03-01,2.0
페루,공용,2016-04-01,6.0
페루,공용,2016-05-01,36.0
페루,공용,2016-06-01,2.0
페루,공용,2016-07-01,5.0
페루,공용,2016-08-01,6.0
페루,공용,2016-09-01,5.0
페루,공용,2016-10-01,2.0
페루,공용,2016-11-01,5.0
페루,공용,2016-12-01,2.0
페루,공용,2017-01-01,3.0
페루,공용,2017-02-01,8.0
페루,공용,2017-03-01,6.0
페루,공용,2017-04-01,2.0
페루,공용,2017-05-01,2.0
페루,공용,2017-06-01,8.0
페루,공용,2017-07-01,6.0
페루,공용,2017-08-01,6.0
페루,공용,2017-09-01,0.0
페루,공용,2017-10-01,9.0
페루,공용,2017-11-01,6.0
페루,공용,2017-12-01,3.0
페루,공용,2018-01-01,4.0
페루,공용,2018-02-01,13.0
페루,공용,2018-03-01,4.0
페루,공용,2018-04-01,2.0
페루,공용,2018-05-01,4.0
페루,공용,2018-06-01,4.0
페루,공용,2018-07-01,7.0
페루,공용,2018-08-01,3.0
페루,공용,2018-09-01,6.0
페루,공용,2018-10-01,6.0
페루,공용,2018-11-01,14.0
페루,공용,2018-12-01,8.0
페루,공용,2019-01-01,5.0
페루,공용,2019-02-01,10.0
페루,공용,2019-03-01,2.0
페루,공용,2019-04-01,14.0
페루,공용,2019-05-01,5.0
페루,공용,2019-06-01,8.0
페루,공용,2019-07-01,12.0
페루,공용,2019-08-01,10.0
페루,공용,2019-09-01,16.0
페루,공용,2019-10-01,15.0
페루,공용,2019-11-01,5.0
페루,공용,2019-12-01,5.0
페루,공용,2020-01-01,10.0
페루,공용,2020-02-01,6.0
페루,공용,2020-03-01,0.0
페루,공용,2020-04-01,0.0
페루,공용,2020-05-01,1.0
페루,공용,2020-06-01,2.0
페루,공용,2020-07-01,6.0
페루,공용,2020-08-01,2.0
페루,공용,2020-09-01,1.0
페루,공용,2020-10-01,3.0
페루,공용,2020-11-01,6.0
페루,공용,2020-12-01,2.0
페루,공용,2021-01-01,0.0
페루,공용,2021-02-01,7.0
페루,공용,2021-03-01,1.0
페루,공용,2021-04-01,1.0
페루,공용,2021-05-01,2.0
페루,공용,2021-06-01,9.0
페루,공용,2021-07-01,3.0
페루,공용,2021-08-01,1.0
페루,공용,2021-09-01,19.0
페루,공용,2021-10-01,24.0
페루,공용,2021-11-01,2.0
페루,공용,2021-12-01,0.0
페루,공용,2022-01-01,4.0
페루,공용,2022-02-01,1.0
페루,공용,2022-03-01,5.0
페루,공용,2022-04-01,3.0
페루,공용,2022-05-01,7.0
페루,공용,2022-06-01,1.0
페루,공용,2022-07-01,3.0
페루,공용,2022-08-01,5.0
페루,공용,2022-09-01,1.0
페루,공용,2022-10-01,1.0
페루,공용,2022-11-01,4.0
페루,공용,2022-12-01,0.0
페루,공용,2023-01-01,4.0
페루,공용,2023-02-01,1.0
페루,공용,2023-03-01,8.0
페루,공용,2023-04-01,2.0
페루,공용,2023-05-01,4.0
페루,공용,2023-06-01,5.0
페루,공용,2023-07-01,8.0
페루,공용,2023-08-01,2.0
페루,공용,2023-09-01,6.0
페루,공용,2023-10-01,3.0
페루,공용,2023-11-01,10.0
페루,공용,2023-12-01,5.0
페루,공용,2024-01-01,6.0
페루,공용,2024-02-01,3.0
페루,공용,2024-03-01,3.0
페루,공용,2024-04-01,3.0
페루,공용,2024-05-01,0.0
페루,공용,2024-06-01,2.0
페루,공용,2024-07-01,6.0
페루,공용,2024-08-01,11.0
페루,공용,2024-09-01,6.0
페루,공용,2024-10-01,3.0
페루,공용,2024-11-01,10.0
페루,공용,2024-12-01,5.0
페루,공용,2025-01-01,3.0
페루,공용,2025-02-01,12.0
페루,공용,2025-03-01,3.0
페루,공용,2025-04-01,4.0
페루,공용,2025-05-01,20.0
페루,관광,2005-01-01,34.0
페루,관광,2005-02-01,50.0
페루,관광,2005-03-01,92.0
페루,관광,2005-04-01,66.0
페루,관광,2005-05-01,103.0
페루,관광,2005-06-01,68.0
페루,관광,2005-07-01,64.0
페루,관광,2005-08-01,86.0
페루,관광,2005-09-01,70.0
페루,관광,2005-10-01,133.0
페루,관광,2005-11-01,154.0
페루,관광,2005-12-01,40.0
페루,관광,2006-01-01,44.0
페루,관광,2006-02-01,59.0
페루,관광,2006-03-01,98.0
페루,관광,2006-04-01,68.0
페루,관광,2006-05-01,76.0
페루,관광,2006-06-01,77.0
페루,관광,2006-07-01,59.0
페루,관광,2006-08-01,63.0
페루,관광,2006-09-01,99.0
페루,관광,2006-10-01,137.0
페루,관광,2006-11-01,104.0
페루,관광,2006-12-01,62.0
페루,관광,2007-01-01,43.0
페루,관광,2007-02-01,59.0
페루,관광,2007-03-01,98.0
페루,관광,2007-04-01,89.0
페루,관광,2007-05-01,101.0
페루,관광,2007-06-01,81.0
페루,관광,2007-07-01,110.0
페루,관광,2007-08-01,199.0
페루,관광,2007-09-01,125.0
페루,관광,2007-10-01,132.0
페루,관광,2007-11-01,145.0
페루,관광,2007-12-01,80.0
페루,관광,2008-01-01,63.0
페루,관광,2008-02-01,70.0
페루,관광,2008-03-01,116.0
페루,관광,2008-04-01,93.0
페루,관광,2008-05-01,172.0
페루,관광,2008-06-01,141.0
페루,관광,2008-07-01,75.0
페루,관광,2008-08-01,90.0
페루,관광,2008-09-01,75.0
페루,관광,2008-10-01,169.0
페루,관광,2008-11-01,107.0
페루,관광,2008-12-01,68.0
페루,관광,2009-01-01,51.0
페루,관광,2009-02-01,51.0
페루,관광,2009-03-01,131.0
페루,관광,2009-04-01,138.0
페루,관광,2009-05-01,102.0
페루,관광,2009-06-01,157.0
페루,관광,2009-07-01,83.0
페루,관광,2009-08-01,98.0
페루,관광,2009-09-01,130.0
페루,관광,2009-10-01,145.0
페루,관광,2009-11-01,99.0
페루,관광,2009-12-01,63.0
페루,관광,2010-01-01,42.0
페루,관광,2010-02-01,53.0
페루,관광,2010-03-01,98.0
페루,관광,2010-04-01,77.0
페루,관광,2010-05-01,193.0
페루,관광,2010-06-01,117.0
페루,관광,2010-07-01,74.0
페루,관광,2010-08-01,94.0
페루,관광,2010-09-01,114.0
페루,관광,2010-10-01,211.0
페루,관광,2010-11-01,218.0
페루,관광,2010-12-01,72.0
페루,관광,2011-01-01,70.0
페루,관광,2011-02-01,59.0
페루,관광,2011-03-01,119.0
페루,관광,2011-04-01,99.0
페루,관광,2011-05-01,140.0
페루,관광,2011-06-01,162.0
페루,관광,2011-07-01,91.0
페루,관광,2011-08-01,93.0
페루,관광,2011-09-01,147.0
페루,관광,2011-10-01,201.0
페루,관광,2011-11-01,170.0
페루,관광,2011-12-01,104.0
페루,관광,2012-01-01,93.0
페루,관광,2012-02-01,82.0
페루,관광,2012-03-01,117.0
페루,관광,2012-04-01,156.0
페루,관광,2012-05-01,132.0
페루,관광,2012-06-01,203.0
페루,관광,2012-07-01,123.0
페루,관광,2012-08-01,99.0
페루,관광,2012-09-01,229.0
페루,관광,2012-10-01,197.0
페루,관광,2012-11-01,159.0
페루,관광,2012-12-01,84.0
페루,관광,2013-01-01,82.0
페루,관광,2013-02-01,87.0
페루,관광,2013-03-01,129.0
페루,관광,2013-04-01,114.0
페루,관광,2013-05-01,138.0
페루,관광,2013-06-01,145.0
페루,관광,2013-07-01,120.0
페루,관광,2013-08-01,193.0
페루,관광,2013-09-01,182.0
페루,관광,2013-10-01,279.0
페루,관광,2013-11-01,174.0
페루,관광,2013-12-01,112.0
페루,관광,2014-01-01,112.0
페루,관광,2014-02-01,115.0
페루,관광,2014-03-01,140.0
페루,관광,2014-04-01,146.0
페루,관광,2014-05-01,179.0
페루,관광,2014-06-01,156.0
페루,관광,2014-07-01,112.0
페루,관광,2014-08-01,144.0
페루,관광,2014-09-01,190.0
페루,관광,2014-10-01,263.0
페루,관광,2014-11-01,174.0
페루,관광,2014-12-01,145.0
페루,관광,2015-01-01,73.0
페루,관광,2015-02-01,99.0
페루,관광,2015-03-01,212.0
페루,관광,2015-04-01,164.0
페루,관광,2015-05-01,206.0
페루,관광,2015-06-01,196.0
페루,관광,2015-07-01,130.0
페루,관광,2015-08-01,145.0
페루,관광,2015-09-01,243.0
페루,관광,2015-10-01,263.0
페루,관광,2015-11-01,186.0
페루,관광,2015-12-01,145.0
페루,관광,2016-01-01,139.0
페루,관광,2016-02-01,115.0
페루,관광,2016-03-01,174.0
페루,관광,2016-04-01,163.0
페루,관광,2016-05-01,252.0
페루,관광,2016-06-01,287.0
페루,관광,2016-07-01,198.0
페루,관광,2016-08-01,229.0
페루,관광,2016-09-01,238.0
페루,관광,2016-10-01,276.0
페루,관광,2016-11-01,175.0
페루,관광,2016-12-01,144.0
페루,관광,2017-01-01,131.0
페루,관광,2017-02-01,178.0
페루,관광,2017-03-01,185.0
페루,관광,2017-04-01,230.0
페루,관광,2017-05-01,291.0
페루,관광,2017-06-01,186.0
페루,관광,2017-07-01,224.0
페루,관광,2017-08-01,206.0
페루,관광,2017-09-01,278.0
페루,관광,2017-10-01,318.0
페루,관광,2017-11-01,204.0
페루,관광,2017-12-01,174.0
페루,관광,2018-01-01,190.0
페루,관광,2018-02-01,232.0
페루,관광,2018-03-01,267.0
페루,관광,2018-04-01,295.0
페루,관광,2018-05-01,281.0
페루,관광,2018-06-01,224.0
페루,관광,2018-07-01,261.0
페루,관광,2018-08-01,254.0
페루,관광,2018-09-01,301.0
페루,관광,2018-10-01,354.0
페루,관광,2018-11-01,325.0
페루,관광,2018-12-01,215.0
페루,관광,2019-01-01,177.0
페루,관광,2019-02-01,183.0
페루,관광,2019-03-01,283.0
페루,관광,2019-04-01,338.0
페루,관광,2019-05-01,317.0
페루,관광,2019-06-01,268.0
페루,관광,2019-07-01,416.0
페루,관광,2019-08-01,373.0
페루,관광,2019-09-01,402.0
페루,관광,2019-10-01,451.0
페루,관광,2019-11-01,312.0
페루,관광,2019-12-01,258.0
페루,관광,2020-01-01,276.0
페루,관광,2020-02-01,253.0
페루,관광,2020-03-01,38.0
페루,관광,2020-04-01,0.0
페루,관광,2020-05-01,0.0
페루,관광,2020-06-01,0.0
페루,관광,2020-07-01,0.0
페루,관광,2020-08-01,1.0
페루,관광,2020-09-01,2.0
페루,관광,2020-10-01,0.0
페루,관광,2020-11-01,1.0
페루,관광,2020-12-01,1.0
페루,관광,2021-01-01,3.0
페루,관광,2021-02-01,1.0
페루,관광,2021-03-01,1.0
페루,관광,2021-04-01,0.0
페루,관광,2021-05-01,1.0
페루,관광,2021-06-01,0.0
페루,관광,2021-07-01,7.0
페루,관광,2021-08-01,10.0
페루,관광,2021-09-01,4.0
페루,관광,2021-10-01,5.0
페루,관광,2021-11-01,3.0
페루,관광,2021-12-01,5.0
페루,관광,2022-01-01,3.0
페루,관광,2022-02-01,2.0
페루,관광,2022-03-01,9.0
페루,관광,2022-04-01,25.0
페루,관광,2022-05-01,69.0
페루,관광,2022-06-01,59.0
페루,관광,2022-07-01,83.0
페루,관광,2022-08-01,86.0
페루,관광,2022-09-01,127.0
페루,관광,2022-10-01,203.0
페루,관광,2022-11-01,235.0
페루,관광,2022-12-01,139.0
페루,관광,2023-01-01,156.0
페루,관광,2023-02-01,154.0
페루,관광,2023-03-01,223.0
페루,관광,2023-04-01,302.0
페루,관광,2023-05-01,346.0
페루,관광,2023-06-01,330.0
페루,관광,2023-07-01,380.0
페루,관광,2023-08-01,264.0
페루,관광,2023-09-01,301.0
페루,관광,2023-10-01,428.0
페루,관광,2023-11-01,370.0
페루,관광,2023-12-01,250.0
페루,관광,2024-01-01,219.0
페루,관광,2024-02-01,226.0
페루,관광,2024-03-01,421.0
페루,관광,2024-04-01,456.0
페루,관광,2024-05-01,380.0
페루,관광,2024-06-01,401.0
페루,관광,2024-07-01,354.0
페루,관광,2024-08-01,356.0
페루,관광,2024-09-01,464.0
페루,관광,2024-10-01,480.0
페루,관광,2024-11-01,357.0
페루,관광,2024-12-01,304.0
페루,관광,2025-01-01,254.0
페루,관광,2025-02-01,293.0
페루,관광,2025-03-01,455.0
페루,관광,2025-04-01,642.0
페루,관광,2025-05-01,509.0
페루,상용,2005-01-01,0.0
페루,상용,2005-02-01,1.0
페루,상용,2005-03-01,1.0
페루,상용,2005-04-01,0.0
페루,상용,2005-05-01,0.0
페루,상용,2005-06-01,1.0
페루,상용,2005-07-01,1.0
페루,상용,2005-08-01,1.0
페루,상용,2005-09-01,0.0
페루,상용,2005-10-01,0.0
페루,상용,2005-11-01,1.0
페루,상용,2005-12-01,1.0
페루,상용,2006-01-01,0.0
페루,상용,2006-02-01,0.0
페루,상용,2006-03-01,0.0
페루,상용,2006-04-01,0.0
페루,상용,2006-05-01,0.0
페루,상용,2006-06-01,0.0
페루,상용,2006-07-01,0.0
페루,상용,2006-08-01,2.0
페루,상용,2006-09-01,1.0
페루,상용,2006-10-01,1.0
페루,상용,2006-11-01,2.0
페루,상용,2006-12-01,3.0
페루,상용,2007-01-01,4.0
페루,상용,2007-02-01,1.0
페루,상용,2007-03-01,2.0
페루,상용,2007-04-01,3.0
페루,상용,2007-05-01,3.0
페루,상용,2007-06-01,1.0
페루,상용,2007-07-01,4.0
페루,상용,2007-08-01,3.0
페루,상용,2007-09-01,1.0
페루,상용,2007-10-01,6.0
페루,상용,2007-11-01,3.0
페루,상용,2007-12-01,1.0
페루,상용,2008-01-01,2.0
페루,상용,2008-02-01,3.0
페루,상용,2008-03-01,4.0
페루,상용,2008-04-01,2.0
페루,상용,2008-05-01,3.0
페루,상용,2008-06-01,4.0
페루,상용,2008-07-01,2.0
페루,상용,2008-08-01,1.0
페루,상용,2008-09-01,1.0
페루,상용,2008-10-01,3.0
페루,상용,2008-11-01,2.0
페루,상용,2008-12-01,0.0
페루,상용,2009-01-01,1.0
페루,상용,2009-02-01,1.0
페루,상용,2009-03-01,1.0
페루,상용,2009-04-01,0.0
페루,상용,2009-05-01,0.0
페루,상용,2009-06-01,0.0
페루,상용,2009-07-01,1.0
페루,상용,2009-08-01,6.0
페루,상용,2009-09-01,4.0
페루,상용,2009-10-01,0.0
페루,상용,2009-11-01,1.0
페루,상용,2009-12-01,1.0
페루,상용,2010-01-01,1.0
페루,상용,2010-02-01,5.0
페루,상용,2010-03-01,3.0
페루,상용,2010-04-01,2.0
페루,상용,2010-05-01,4.0
페루,상용,2010-06-01,6.0
페루,상용,2010-07-01,5.0
페루,상용,2010-08-01,3.0
페루,상용,2010-09-01,2.0
페루,상용,2010-10-01,7.0
페루,상용,2010-11-01,9.0
페루,상용,2010-12-01,5.0
페루,상용,2011-01-01,0.0
페루,상용,2011-02-01,2.0
페루,상용,2011-03-01,1.0
페루,상용,2011-04-01,1.0
페루,상용,2011-05-01,1.0
페루,상용,2011-06-01,3.0
페루,상용,2011-07-01,1.0
페루,상용,2011-08-01,0.0
페루,상용,2011-09-01,4.0
페루,상용,2011-10-01,0.0
페루,상용,2011-11-01,3.0
페루,상용,2011-12-01,2.0
페루,상용,2012-01-01,1.0
페루,상용,2012-02-01,1.0
페루,상용,2012-03-01,0.0
페루,상용,2012-04-01,2.0
페루,상용,2012-05-01,2.0
페루,상용,2012-06-01,3.0
페루,상용,2012-07-01,1.0
페루,상용,2012-08-01,1.0
페루,상용,2012-09-01,6.0
페루,상용,2012-10-01,3.0
페루,상용,2012-11-01,3.0
페루,상용,2012-12-01,2.0
페루,상용,2013-01-01,2.0
페루,상용,2013-02-01,1.0
페루,상용,2013-03-01,1.0
페루,상용,2013-04-01,0.0
페루,상용,2013-05-01,5.0
페루,상용,2013-06-01,2.0
페루,상용,2013-07-01,4.0
페루,상용,2013-08-01,5.0
페루,상용,2013-09-01,5.0
페루,상용,2013-10-01,4.0
페루,상용,2013-11-01,5.0
페루,상용,2013-12-01,2.0
페루,상용,2014-01-01,20.0
페루,상용,2014-02-01,3.0
페루,상용,2014-03-01,5.0
페루,상용,2014-04-01,6.0
페루,상용,2014-05-01,6.0
페루,상용,2014-06-01,5.0
페루,상용,2014-07-01,3.0
페루,상용,2014-08-01,4.0
페루,상용,2014-09-01,2.0
페루,상용,2014-10-01,3.0
페루,상용,2014-11-01,3.0
페루,상용,2014-12-01,2.0
페루,상용,2015-01-01,4.0
페루,상용,2015-02-01,1.0
페루,상용,2015-03-01,7.0
페루,상용,2015-04-01,1.0
페루,상용,2015-05-01,3.0
페루,상용,2015-06-01,2.0
페루,상용,2015-07-01,2.0
페루,상용,2015-08-01,1.0
페루,상용,2015-09-01,9.0
페루,상용,2015-10-01,2.0
페루,상용,2015-11-01,4.0
페루,상용,2015-12-01,2.0
페루,상용,2016-01-01,0.0
페루,상용,2016-02-01,0.0
페루,상용,2016-03-01,3.0
페루,상용,2016-04-01,1.0
페루,상용,2016-05-01,3.0
페루,상용,2016-06-01,1.0
페루,상용,2016-07-01,0.0
페루,상용,2016-08-01,0.0
페루,상용,2016-09-01,0.0
페루,상용,2016-10-01,0.0
페루,상용,2016-11-01,1.0
페루,상용,2016-12-01,0.0
페루,상용,2017-01-01,1.0
페루,상용,2017-02-01,1.0
페루,상용,2017-03-01,2.0
페루,상용,2017-04-01,0.0
페루,상용,2017-05-01,3.0
페루,상용,2017-06-01,0.0
페루,상용,2017-07-01,1.0
페루,상용,2017-08-01,0.0
페루,상용,2017-09-01,0.0
페루,상용,2017-10-01,1.0
페루,상용,2017-11-01,2.0
페루,상용,2017-12-01,1.0
페루,상용,2018-01-01,0.0
페루,상용,2018-02-01,0.0
페루,상용,2018-03-01,0.0
페루,상용,2018-04-01,1.0
페루,상용,2018-05-01,1.0
페루,상용,2018-06-01,1.0
페루,상용,2018-07-01,1.0
페루,상용,2018-08-01,1.0
페루,상용,2018-09-01,3.0
페루,상용,2018-10-01,0.0
페루,상용,2018-11-01,1.0
페루,상용,2018-12-01,1.0
페루,상용,2019-01-01,1.0
페루,상용,2019-02-01,0.0
페루,상용,2019-03-01,1.0
페루,상용,2019-04-01,2.0
페루,상용,2019-05-01,8.0
페루,상용,2019-06-01,1.0
페루,상용,2019-07-01,2.0
페루,상용,2019-08-01,1.0
페루,상용,2019-09-01,3.0
페루,상용,2019-10-01,2.0
페루,상용,2019-11-01,1.0
페루,상용,2019-12-01,2.0
페루,상용,2020-01-01,1.0
페루,상용,2020-02-01,0.0
페루,상용,2020-03-01,1.0
페루,상용,2020-04-01,0.0
페루,상용,2020-05-01,0.0
페루,상용,2020-06-01,0.0
페루,상용,2020-07-01,1.0
페루,상용,2020-08-01,0.0
페루,상용,2020-09-01,0.0
페루,상용,2020-10-01,0.0
페루,상용,2020-11-01,0.0
페루,상용,2020-12-01,0.0
페루,상용,2021-01-01,0.0
페루,상용,2021-02-01,0.0
페루,상용,2021-03-01,1.0
페루,상용,2021-04-01,0.0
페루,상용,2021-05-01,1.0
페루,상용,2021-06-01,1.0
페루,상용,2021-07-01,1.0
페루,상용,2021-08-01,6.0
페루,상용,2021-09-01,1.0
페루,상용,2021-10-01,3.0
페루,상용,2021-11-01,2.0
페루,상용,2021-12-01,3.0
페루,상용,2022-01-01,0.0
페루,상용,2022-02-01,3.0
페루,상용,2022-03-01,3.0
페루,상용,2022-04-01,1.0
페루,상용,2022-05-01,1.0
페루,상용,2022-06-01,1.0
페루,상용,2022-07-01,2.0
페루,상용,2022-08-01,1.0
페루,상용,2022-09-01,3.0
페루,상용,2022-10-01,11.0
페루,상용,2022-11-01,2.0
페루,상용,2022-12-01,0.0
페루,상용,2023-01-01,2.0
페루,상용,2023-02-01,1.0
페루,상용,2023-03-01,3.0
페루,상용,2023-04-01,3.0
페루,상용,2023-05-01,3.0
페루,상용,2023-06-01,5.0
페루,상용,2023-07-01,4.0
페루,상용,2023-08-01,0.0
페루,상용,2023-09-01,3.0
페루,상용,2023-10-01,15.0
페루,상용,2023-11-01,2.0
페루,상용,2023-12-01,2.0
페루,상용,2024-01-01,1.0
페루,상용,2024-02-01,1.0
페루,상용,2024-03-01,0.0
페루,상용,2024-04-01,2.0
페루,상용,2024-05-01,2.0
페루,상용,2024-06-01,2.0
페루,상용,2024-07-01,3.0
페루,상용,2024-08-01,2.0
페루,상용,2024-09-01,7.0
페루,상용,2024-10-01,6.0
페루,상용,2024-11-01,4.0
페루,상용,2024-12-01,2.0
페루,상용,2025-01-01,1.0
페루,상용,2025-02-01,2.0
페루,상용,2025-03-01,1.0
페루,상용,2025-04-01,3.0
페루,상용,2025-05-01,2.0
페루,유학연수,2005-01-01,2.0
페루,유학연수,2005-02-01,1.0
페루,유학연수,2005-03-01,3.0
페루,유학연수,2005-04-01,0.0
페루,유학연수,2005-05-01,2.0
페루,유학연수,2005-06-01,0.0
페루,유학연수,2005-07-01,1.0
페루,유학연수,2005-08-01,2.0
페루,유학연수,2005-09-01,2.0
페루,유학연수,2005-10-01,1.0
페루,유학연수,2005-11-01,0.0
페루,유학연수,2005-12-01,0.0
페루,유학연수,2006-01-01,1.0
페루,유학연수,2006-02-01,0.0
페루,유학연수,2006-03-01,2.0
페루,유학연수,2006-04-01,0.0
페루,유학연수,2006-05-01,0.0
페루,유학연수,2006-06-01,1.0
페루,유학연수,2006-07-01,0.0
페루,유학연수,2006-08-01,3.0
페루,유학연수,2006-09-01,1.0
페루,유학연수,2006-10-01,0.0
페루,유학연수,2006-11-01,1.0
페루,유학연수,2006-12-01,4.0
페루,유학연수,2007-01-01,5.0
페루,유학연수,2007-02-01,2.0
페루,유학연수,2007-03-01,1.0
페루,유학연수,2007-04-01,0.0
페루,유학연수,2007-05-01,0.0
페루,유학연수,2007-06-01,1.0
페루,유학연수,2007-07-01,1.0
페루,유학연수,2007-08-01,5.0
페루,유학연수,2007-09-01,2.0
페루,유학연수,2007-10-01,1.0
페루,유학연수,2007-11-01,0.0
페루,유학연수,2007-12-01,1.0
페루,유학연수,2008-01-01,3.0
페루,유학연수,2008-02-01,2.0
페루,유학연수,2008-03-01,1.0
페루,유학연수,2008-04-01,0.0
페루,유학연수,2008-05-01,0.0
페루,유학연수,2008-06-01,3.0
페루,유학연수,2008-07-01,0.0
페루,유학연수,2008-08-01,6.0
페루,유학연수,2008-09-01,0.0
페루,유학연수,2008-10-01,2.0
페루,유학연수,2008-11-01,0.0
페루,유학연수,2008-12-01,0.0
페루,유학연수,2009-01-01,2.0
페루,유학연수,2009-02-01,3.0
페루,유학연수,2009-03-01,0.0
페루,유학연수,2009-04-01,0.0
페루,유학연수,2009-05-01,0.0
페루,유학연수,2009-06-01,1.0
페루,유학연수,2009-07-01,2.0
페루,유학연수,2009-08-01,2.0
페루,유학연수,2009-09-01,1.0
페루,유학연수,2009-10-01,1.0
페루,유학연수,2009-11-01,1.0
페루,유학연수,2009-12-01,1.0
페루,유학연수,2010-01-01,2.0
페루,유학연수,2010-02-01,6.0
페루,유학연수,2010-03-01,5.0
페루,유학연수,2010-04-01,3.0
페루,유학연수,2010-05-01,1.0
페루,유학연수,2010-06-01,4.0
페루,유학연수,2010-07-01,5.0
페루,유학연수,2010-08-01,11.0
페루,유학연수,2010-09-01,6.0
페루,유학연수,2010-10-01,2.0
페루,유학연수,2010-11-01,0.0
페루,유학연수,2010-12-01,2.0
페루,유학연수,2011-01-01,5.0
페루,유학연수,2011-02-01,11.0
페루,유학연수,2011-03-01,3.0
페루,유학연수,2011-04-01,0.0
페루,유학연수,2011-05-01,1.0
페루,유학연수,2011-06-01,2.0
페루,유학연수,2011-07-01,6.0
페루,유학연수,2011-08-01,17.0
페루,유학연수,2011-09-01,3.0
페루,유학연수,2011-10-01,1.0
페루,유학연수,2011-11-01,1.0
페루,유학연수,2011-12-01,1.0
페루,유학연수,2012-01-01,5.0
페루,유학연수,2012-02-01,21.0
페루,유학연수,2012-03-01,2.0
페루,유학연수,2012-04-01,2.0
페루,유학연수,2012-05-01,0.0
페루,유학연수,2012-06-01,2.0
페루,유학연수,2012-07-01,6.0
페루,유학연수,2012-08-01,22.0
페루,유학연수,2012-09-01,3.0
페루,유학연수,2012-10-01,5.0
페루,유학연수,2012-11-01,2.0
페루,유학연수,2012-12-01,2.0
페루,유학연수,2013-01-01,8.0
페루,유학연수,2013-02-01,25.0
페루,유학연수,2013-03-01,7.0
페루,유학연수,2013-04-01,3.0
페루,유학연수,2013-05-01,0.0
페루,유학연수,2013-06-01,6.0
페루,유학연수,2013-07-01,7.0
페루,유학연수,2013-08-01,25.0
페루,유학연수,2013-09-01,4.0
페루,유학연수,2013-10-01,3.0
페루,유학연수,2013-11-01,3.0
페루,유학연수,2013-12-01,1.0
페루,유학연수,2014-01-01,6.0
페루,유학연수,2014-02-01,23.0
페루,유학연수,2014-03-01,5.0
페루,유학연수,2014-04-01,0.0
페루,유학연수,2014-05-01,4.0
페루,유학연수,2014-06-01,5.0
페루,유학연수,2014-07-01,9.0
페루,유학연수,2014-08-01,31.0
페루,유학연수,2014-09-01,6.0
페루,유학연수,2014-10-01,1.0
페루,유학연수,2014-11-01,3.0
페루,유학연수,2014-12-01,2.0
페루,유학연수,2015-01-01,10.0
페루,유학연수,2015-02-01,28.0
페루,유학연수,2015-03-01,6.0
페루,유학연수,2015-04-01,2.0
페루,유학연수,2015-05-01,3.0
페루,유학연수,2015-06-01,5.0
페루,유학연수,2015-07-01,12.0
페루,유학연수,2015-08-01,43.0
페루,유학연수,2015-09-01,8.0
페루,유학연수,2015-10-01,4.0
페루,유학연수,2015-11-01,4.0
페루,유학연수,2015-12-01,2.0
페루,유학연수,2016-01-01,12.0
페루,유학연수,2016-02-01,33.0
페루,유학연수,2016-03-01,14.0
페루,유학연수,2016-04-01,0.0
페루,유학연수,2016-05-01,1.0
페루,유학연수,2016-06-01,7.0
페루,유학연수,2016-07-01,11.0
페루,유학연수,2016-08-01,40.0
페루,유학연수,2016-09-01,12.0
페루,유학연수,2016-10-01,6.0
페루,유학연수,2016-11-01,6.0
페루,유학연수,2016-12-01,6.0
페루,유학연수,2017-01-01,8.0
페루,유학연수,2017-02-01,31.0
페루,유학연수,2017-03-01,3.0
페루,유학연수,2017-04-01,3.0
페루,유학연수,2017-05-01,6.0
페루,유학연수,2017-06-01,1.0
페루,유학연수,2017-07-01,7.0
페루,유학연수,2017-08-01,46.0
페루,유학연수,2017-09-01,5.0
페루,유학연수,2017-10-01,5.0
페루,유학연수,2017-11-01,3.0
페루,유학연수,2017-12-01,7.0
페루,유학연수,2018-01-01,12.0
페루,유학연수,2018-02-01,29.0
페루,유학연수,2018-03-01,6.0
페루,유학연수,2018-04-01,1.0
페루,유학연수,2018-05-01,2.0
페루,유학연수,2018-06-01,6.0
페루,유학연수,2018-07-01,8.0
페루,유학연수,2018-08-01,38.0
페루,유학연수,2018-09-01,9.0
페루,유학연수,2018-10-01,1.0
페루,유학연수,2018-11-01,8.0
페루,유학연수,2018-12-01,2.0
페루,유학연수,2019-01-01,15.0
페루,유학연수,2019-02-01,43.0
페루,유학연수,2019-03-01,10.0
페루,유학연수,2019-04-01,3.0
페루,유학연수,2019-05-01,5.0
페루,유학연수,2019-06-01,7.0
페루,유학연수,2019-07-01,9.0
페루,유학연수,2019-08-01,43.0
페루,유학연수,2019-09-01,13.0
페루,유학연수,2019-10-01,1.0
페루,유학연수,2019-11-01,6.0
페루,유학연수,2019-12-01,6.0
페루,유학연수,2020-01-01,17.0
페루,유학연수,2020-02-01,39.0
페루,유학연수,2020-03-01,8.0
페루,유학연수,2020-04-01,1.0
페루,유학연수,2020-05-01,1.0
페루,유학연수,2020-06-01,1.0
페루,유학연수,2020-07-01,0.0
페루,유학연수,2020-08-01,8.0
페루,유학연수,2020-09-01,1.0
페루,유학연수,2020-10-01,1.0
페루,유학연수,2020-11-01,1.0
페루,유학연수,2020-12-01,0.0
페루,유학연수,2021-01-01,3.0
페루,유학연수,2021-02-01,13.0
페루,유학연수,2021-03-01,4.0
페루,유학연수,2021-04-01,0.0
페루,유학연수,2021-05-01,3.0
페루,유학연수,2021-06-01,1.0
페루,유학연수,2021-07-01,2.0
페루,유학연수,2021-08-01,30.0
페루,유학연수,2021-09-01,8.0
페루,유학연수,2021-10-01,1.0
페루,유학연수,2021-11-01,6.0
페루,유학연수,2021-12-01,1.0
페루,유학연수,2022-01-01,10.0
페루,유학연수,2022-02-01,21.0
페루,유학연수,2022-03-01,9.0
페루,유학연수,2022-04-01,0.0
페루,유학연수,2022-05-01,5.0
페루,유학연수,2022-06-01,4.0
페루,유학연수,2022-07-01,2.0
페루,유학연수,2022-08-01,54.0
페루,유학연수,2022-09-01,3.0
페루,유학연수,2022-10-01,4.0
페루,유학연수,2022-11-01,8.0
페루,유학연수,2022-12-01,13.0
페루,유학연수,2023-01-01,12.0
페루,유학연수,2023-02-01,38.0
페루,유학연수,2023-03-01,10.0
페루,유학연수,2023-04-01,3.0
페루,유학연수,2023-05-01,7.0
페루,유학연수,2023-06-01,6.0
페루,유학연수,2023-07-01,14.0
페루,유학연수,2023-08-01,48.0
페루,유학연수,2023-09-01,8.0
페루,유학연수,2023-10-01,5.0
페루,유학연수,2023-11-01,11.0
페루,유학연수,2023-12-01,4.0
페루,유학연수,2024-01-01,12.0
페루,유학연수,2024-02-01,51.0
페루,유학연수,2024-03-01,5.0
페루,유학연수,2024-04-01,0.0
페루,유학연수,2024-05-01,10.0
페루,유학연수,2024-06-01,9.0
페루,유학연수,2024-07-01,14.0
페루,유학연수,2024-08-01,53.0
페루,유학연수,2024-09-01,8.0
페루,유학연수,2024-10-01,0.0
페루,유학연수,2024-11-01,8.0
페루,유학연수,2024-12-01,6.0
페루,유학연수,2025-01-01,16.0
페루,유학연수,2025-02-01,32.0
페루,유학연수,2025-03-01,18.0
페루,유학연수,2025-04-01,2.0
페루,유학연수,2025-05-01,5.0
폴란드,공용,2005-01-01,0.0
폴란드,공용,2005-02-01,0.0
폴란드,공용,2005-03-01,1.0
폴란드,공용,2005-04-01,1.0
폴란드,공용,2005-05-01,0.0
폴란드,공용,2005-06-01,0.0
폴란드,공용,2005-07-01,0.0
폴란드,공용,2005-08-01,1.0
폴란드,공용,2005-09-01,0.0
폴란드,공용,2005-10-01,0.0
폴란드,공용,2005-11-01,1.0
폴란드,공용,2005-12-01,0.0
폴란드,공용,2006-01-01,1.0
폴란드,공용,2006-02-01,0.0
폴란드,공용,2006-03-01,0.0
폴란드,공용,2006-04-01,0.0
폴란드,공용,2006-05-01,1.0
폴란드,공용,2006-06-01,0.0
폴란드,공용,2006-07-01,0.0
폴란드,공용,2006-08-01,1.0
폴란드,공용,2006-09-01,0.0
폴란드,공용,2006-10-01,0.0
폴란드,공용,2006-11-01,0.0
폴란드,공용,2006-12-01,0.0
폴란드,공용,2007-01-01,0.0
폴란드,공용,2007-02-01,0.0
폴란드,공용,2007-03-01,1.0
폴란드,공용,2007-04-01,0.0
폴란드,공용,2007-05-01,1.0
폴란드,공용,2007-06-01,9.0
폴란드,공용,2007-07-01,0.0
폴란드,공용,2007-08-01,0.0
폴란드,공용,2007-09-01,0.0
폴란드,공용,2007-10-01,1.0
폴란드,공용,2007-11-01,1.0
폴란드,공용,2007-12-01,0.0
폴란드,공용,2008-01-01,0.0
폴란드,공용,2008-02-01,0.0
폴란드,공용,2008-03-01,0.0
폴란드,공용,2008-04-01,0.0
폴란드,공용,2008-05-01,2.0
폴란드,공용,2008-06-01,0.0
폴란드,공용,2008-07-01,1.0
폴란드,공용,2008-08-01,2.0
폴란드,공용,2008-09-01,1.0
폴란드,공용,2008-10-01,0.0
폴란드,공용,2008-11-01,2.0
폴란드,공용,2008-12-01,0.0
폴란드,공용,2009-01-01,0.0
폴란드,공용,2009-02-01,0.0
폴란드,공용,2009-03-01,1.0
폴란드,공용,2009-04-01,0.0
폴란드,공용,2009-05-01,3.0
폴란드,공용,2009-06-01,1.0
폴란드,공용,2009-07-01,0.0
폴란드,공용,2009-08-01,0.0
폴란드,공용,2009-09-01,1.0
폴란드,공용,2009-10-01,0.0
폴란드,공용,2009-11-01,0.0
폴란드,공용,2009-12-01,0.0
폴란드,공용,2010-01-01,0.0
폴란드,공용,2010-02-01,0.0
폴란드,공용,2010-03-01,0.0
폴란드,공용,2010-04-01,0.0
폴란드,공용,2010-05-01,4.0
폴란드,공용,2010-06-01,1.0
폴란드,공용,2010-07-01,1.0
폴란드,공용,2010-08-01,1.0
폴란드,공용,2010-09-01,0.0
폴란드,공용,2010-10-01,2.0
폴란드,공용,2010-11-01,0.0
폴란드,공용,2010-12-01,0.0
폴란드,공용,2011-01-01,1.0
폴란드,공용,2011-02-01,0.0
폴란드,공용,2011-03-01,0.0
폴란드,공용,2011-04-01,0.0
폴란드,공용,2011-05-01,3.0
폴란드,공용,2011-06-01,0.0
폴란드,공용,2011-07-01,0.0
폴란드,공용,2011-08-01,0.0
폴란드,공용,2011-09-01,0.0
폴란드,공용,2011-10-01,0.0
폴란드,공용,2011-11-01,0.0
폴란드,공용,2011-12-01,0.0
폴란드,공용,2012-01-01,1.0
폴란드,공용,2012-02-01,1.0
폴란드,공용,2012-03-01,1.0
폴란드,공용,2012-04-01,0.0
폴란드,공용,2012-05-01,0.0
폴란드,공용,2012-06-01,0.0
폴란드,공용,2012-07-01,0.0
폴란드,공용,2012-08-01,0.0
폴란드,공용,2012-09-01,0.0
폴란드,공용,2012-10-01,0.0
폴란드,공용,2012-11-01,0.0
폴란드,공용,2012-12-01,0.0
폴란드,공용,2013-01-01,0.0
폴란드,공용,2013-02-01,0.0
폴란드,공용,2013-03-01,0.0
폴란드,공용,2013-04-01,0.0
폴란드,공용,2013-05-01,2.0
폴란드,공용,2013-06-01,0.0
폴란드,공용,2013-07-01,0.0
폴란드,공용,2013-08-01,1.0
폴란드,공용,2013-09-01,0.0
폴란드,공용,2013-10-01,7.0
폴란드,공용,2013-11-01,0.0
폴란드,공용,2013-12-01,0.0
폴란드,공용,2014-01-01,0.0
폴란드,공용,2014-02-01,0.0
폴란드,공용,2014-03-01,1.0
폴란드,공용,2014-04-01,0.0
폴란드,공용,2014-05-01,0.0
폴란드,공용,2014-06-01,2.0
폴란드,공용,2014-07-01,0.0
폴란드,공용,2014-08-01,0.0
폴란드,공용,2014-09-01,0.0
폴란드,공용,2014-10-01,0.0
폴란드,공용,2014-11-01,0.0
폴란드,공용,2014-12-01,0.0
폴란드,공용,2015-01-01,0.0
폴란드,공용,2015-02-01,0.0
폴란드,공용,2015-03-01,0.0
폴란드,공용,2015-04-01,1.0
폴란드,공용,2015-05-01,0.0
폴란드,공용,2015-06-01,0.0
폴란드,공용,2015-07-01,1.0
폴란드,공용,2015-08-01,0.0
폴란드,공용,2015-09-01,1.0
폴란드,공용,2015-10-01,1.0
폴란드,공용,2015-11-01,0.0
폴란드,공용,2015-12-01,1.0
폴란드,공용,2016-01-01,0.0
폴란드,공용,2016-02-01,0.0
폴란드,공용,2016-03-01,0.0
폴란드,공용,2016-04-01,1.0
폴란드,공용,2016-05-01,0.0
폴란드,공용,2016-06-01,1.0
폴란드,공용,2016-07-01,0.0
폴란드,공용,2016-08-01,0.0
폴란드,공용,2016-09-01,0.0
폴란드,공용,2016-10-01,0.0
폴란드,공용,2016-11-01,1.0
폴란드,공용,2016-12-01,1.0
폴란드,공용,2017-01-01,1.0
폴란드,공용,2017-02-01,3.0
폴란드,공용,2017-03-01,0.0
폴란드,공용,2017-04-01,0.0
폴란드,공용,2017-05-01,3.0
폴란드,공용,2017-06-01,0.0
폴란드,공용,2017-07-01,0.0
폴란드,공용,2017-08-01,1.0
폴란드,공용,2017-09-01,1.0
폴란드,공용,2017-10-01,1.0
폴란드,공용,2017-11-01,0.0
폴란드,공용,2017-12-01,0.0
폴란드,공용,2018-01-01,2.0
폴란드,공용,2018-02-01,1.0
폴란드,공용,2018-03-01,1.0
폴란드,공용,2018-04-01,0.0
폴란드,공용,2018-05-01,0.0
폴란드,공용,2018-06-01,0.0
폴란드,공용,2018-07-01,1.0
폴란드,공용,2018-08-01,7.0
폴란드,공용,2018-09-01,1.0
폴란드,공용,2018-10-01,0.0
폴란드,공용,2018-11-01,1.0
폴란드,공용,2018-12-01,5.0
폴란드,공용,2019-01-01,0.0
폴란드,공용,2019-02-01,0.0
폴란드,공용,2019-03-01,1.0
폴란드,공용,2019-04-01,7.0
폴란드,공용,2019-05-01,3.0
폴란드,공용,2019-06-01,0.0
폴란드,공용,2019-07-01,1.0
폴란드,공용,2019-08-01,3.0
폴란드,공용,2019-09-01,1.0
폴란드,공용,2019-10-01,6.0
폴란드,공용,2019-11-01,1.0
폴란드,공용,2019-12-01,0.0
폴란드,공용,2020-01-01,4.0
폴란드,공용,2020-02-01,0.0
폴란드,공용,2020-03-01,0.0
폴란드,공용,2020-04-01,0.0
폴란드,공용,2020-05-01,1.0
폴란드,공용,2020-06-01,0.0
폴란드,공용,2020-07-01,2.0
폴란드,공용,2020-08-01,0.0
폴란드,공용,2020-09-01,0.0
폴란드,공용,2020-10-01,0.0
폴란드,공용,2020-11-01,1.0
폴란드,공용,2020-12-01,0.0
폴란드,공용,2021-01-01,0.0
폴란드,공용,2021-02-01,0.0
폴란드,공용,2021-03-01,0.0
폴란드,공용,2021-04-01,1.0
폴란드,공용,2021-05-01,0.0
폴란드,공용,2021-06-01,0.0
폴란드,공용,2021-07-01,0.0
폴란드,공용,2021-08-01,2.0
폴란드,공용,2021-09-01,4.0
폴란드,공용,2021-10-01,0.0
폴란드,공용,2021-11-01,2.0
폴란드,공용,2021-12-01,0.0
폴란드,공용,2022-01-01,2.0
폴란드,공용,2022-02-01,1.0
폴란드,공용,2022-03-01,1.0
폴란드,공용,2022-04-01,0.0
폴란드,공용,2022-05-01,3.0
폴란드,공용,2022-06-01,4.0
폴란드,공용,2022-07-01,2.0
폴란드,공용,2022-08-01,2.0
폴란드,공용,2022-09-01,1.0
폴란드,공용,2022-10-01,0.0
폴란드,공용,2022-11-01,2.0
폴란드,공용,2022-12-01,1.0
폴란드,공용,2023-01-01,4.0
폴란드,공용,2023-02-01,4.0
폴란드,공용,2023-03-01,2.0
폴란드,공용,2023-04-01,4.0
폴란드,공용,2023-05-01,3.0
폴란드,공용,2023-06-01,4.0
폴란드,공용,2023-07-01,4.0
폴란드,공용,2023-08-01,5.0
폴란드,공용,2023-09-01,2.0
폴란드,공용,2023-10-01,6.0
폴란드,공용,2023-11-01,3.0
폴란드,공용,2023-12-01,1.0
폴란드,공용,2024-01-01,3.0
폴란드,공용,2024-02-01,0.0
폴란드,공용,2024-03-01,3.0
폴란드,공용,2024-04-01,2.0
폴란드,공용,2024-05-01,2.0
폴란드,공용,2024-06-01,2.0
폴란드,공용,2024-07-01,1.0
폴란드,공용,2024-08-01,3.0
폴란드,공용,2024-09-01,6.0
폴란드,공용,2024-10-01,17.0
폴란드,공용,2024-11-01,2.0
폴란드,공용,2024-12-01,4.0
폴란드,공용,2025-01-01,3.0
폴란드,공용,2025-02-01,9.0
폴란드,공용,2025-03-01,19.0
폴란드,공용,2025-04-01,11.0
폴란드,공용,2025-05-01,4.0
폴란드,관광,2005-01-01,203.0
폴란드,관광,2005-02-01,293.0
폴란드,관광,2005-03-01,261.0
폴란드,관광,2005-04-01,352.0
폴란드,관광,2005-05-01,318.0
폴란드,관광,2005-06-01,344.0
폴란드,관광,2005-07-01,298.0
폴란드,관광,2005-08-01,282.0
폴란드,관광,2005-09-01,301.0
폴란드,관광,2005-10-01,298.0
폴란드,관광,2005-11-01,248.0
폴란드,관광,2005-12-01,224.0
폴란드,관광,2006-01-01,209.0
폴란드,관광,2006-02-01,224.0
폴란드,관광,2006-03-01,347.0
폴란드,관광,2006-04-01,335.0
폴란드,관광,2006-05-01,312.0
폴란드,관광,2006-06-01,291.0
폴란드,관광,2006-07-01,490.0
폴란드,관광,2006-08-01,476.0
폴란드,관광,2006-09-01,389.0
폴란드,관광,2006-10-01,452.0
폴란드,관광,2006-11-01,374.0
폴란드,관광,2006-12-01,265.0
폴란드,관광,2007-01-01,334.0
폴란드,관광,2007-02-01,265.0
폴란드,관광,2007-03-01,402.0
폴란드,관광,2007-04-01,329.0
폴란드,관광,2007-05-01,410.0
폴란드,관광,2007-06-01,388.0
폴란드,관광,2007-07-01,353.0
폴란드,관광,2007-08-01,388.0
폴란드,관광,2007-09-01,407.0
폴란드,관광,2007-10-01,488.0
폴란드,관광,2007-11-01,451.0
폴란드,관광,2007-12-01,274.0
폴란드,관광,2008-01-01,427.0
폴란드,관광,2008-02-01,361.0
폴란드,관광,2008-03-01,382.0
폴란드,관광,2008-04-01,366.0
폴란드,관광,2008-05-01,488.0
폴란드,관광,2008-06-01,418.0
폴란드,관광,2008-07-01,566.0
폴란드,관광,2008-08-01,568.0
폴란드,관광,2008-09-01,513.0
폴란드,관광,2008-10-01,512.0
폴란드,관광,2008-11-01,510.0
폴란드,관광,2008-12-01,369.0
폴란드,관광,2009-01-01,377.0
폴란드,관광,2009-02-01,246.0
폴란드,관광,2009-03-01,338.0
폴란드,관광,2009-04-01,349.0
폴란드,관광,2009-05-01,433.0
폴란드,관광,2009-06-01,386.0
폴란드,관광,2009-07-01,350.0
폴란드,관광,2009-08-01,387.0
폴란드,관광,2009-09-01,357.0
폴란드,관광,2009-10-01,576.0
폴란드,관광,2009-11-01,525.0
폴란드,관광,2009-12-01,376.0
폴란드,관광,2010-01-01,378.0
폴란드,관광,2010-02-01,321.0
폴란드,관광,2010-03-01,464.0
폴란드,관광,2010-04-01,391.0
폴란드,관광,2010-05-01,537.0
폴란드,관광,2010-06-01,413.0
폴란드,관광,2010-07-01,532.0
폴란드,관광,2010-08-01,493.0
폴란드,관광,2010-09-01,472.0
폴란드,관광,2010-10-01,715.0
폴란드,관광,2010-11-01,585.0
폴란드,관광,2010-12-01,287.0
폴란드,관광,2011-01-01,446.0
폴란드,관광,2011-02-01,348.0
폴란드,관광,2011-03-01,524.0
폴란드,관광,2011-04-01,526.0
폴란드,관광,2011-05-01,516.0
폴란드,관광,2011-06-01,521.0
폴란드,관광,2011-07-01,534.0
폴란드,관광,2011-08-01,674.0
폴란드,관광,2011-09-01,542.0
폴란드,관광,2011-10-01,672.0
폴란드,관광,2011-11-01,831.0
폴란드,관광,2011-12-01,430.0
폴란드,관광,2012-01-01,537.0
폴란드,관광,2012-02-01,628.0
폴란드,관광,2012-03-01,684.0
폴란드,관광,2012-04-01,615.0
폴란드,관광,2012-05-01,744.0
폴란드,관광,2012-06-01,690.0
폴란드,관광,2012-07-01,677.0
폴란드,관광,2012-08-01,632.0
폴란드,관광,2012-09-01,698.0
폴란드,관광,2012-10-01,903.0
폴란드,관광,2012-11-01,794.0
폴란드,관광,2012-12-01,493.0
폴란드,관광,2013-01-01,550.0
폴란드,관광,2013-02-01,412.0
폴란드,관광,2013-03-01,608.0
폴란드,관광,2013-04-01,612.0
폴란드,관광,2013-05-01,692.0
폴란드,관광,2013-06-01,801.0
폴란드,관광,2013-07-01,598.0
폴란드,관광,2013-08-01,601.0
폴란드,관광,2013-09-01,722.0
폴란드,관광,2013-10-01,832.0
폴란드,관광,2013-11-01,704.0
폴란드,관광,2013-12-01,527.0
폴란드,관광,2014-01-01,559.0
폴란드,관광,2014-02-01,468.0
폴란드,관광,2014-03-01,685.0
폴란드,관광,2014-04-01,723.0
폴란드,관광,2014-05-01,904.0
폴란드,관광,2014-06-01,668.0
폴란드,관광,2014-07-01,829.0
폴란드,관광,2014-08-01,757.0
폴란드,관광,2014-09-01,1190.0
폴란드,관광,2014-10-01,984.0
폴란드,관광,2014-11-01,864.0
폴란드,관광,2014-12-01,529.0
폴란드,관광,2015-01-01,442.0
폴란드,관광,2015-02-01,474.0
폴란드,관광,2015-03-01,671.0
폴란드,관광,2015-04-01,781.0
폴란드,관광,2015-05-01,730.0
폴란드,관광,2015-06-01,783.0
폴란드,관광,2015-07-01,818.0
폴란드,관광,2015-08-01,651.0
폴란드,관광,2015-09-01,1139.0
폴란드,관광,2015-10-01,970.0
폴란드,관광,2015-11-01,722.0
폴란드,관광,2015-12-01,483.0
폴란드,관광,2016-01-01,471.0
폴란드,관광,2016-02-01,508.0
폴란드,관광,2016-03-01,726.0
폴란드,관광,2016-04-01,881.0
폴란드,관광,2016-05-01,908.0
폴란드,관광,2016-06-01,871.0
폴란드,관광,2016-07-01,857.0
폴란드,관광,2016-08-01,763.0
폴란드,관광,2016-09-01,1003.0
폴란드,관광,2016-10-01,1490.0
폴란드,관광,2016-11-01,1260.0
폴란드,관광,2016-12-01,653.0
폴란드,관광,2017-01-01,619.0
폴란드,관광,2017-02-01,818.0
폴란드,관광,2017-03-01,1254.0
폴란드,관광,2017-04-01,1451.0
폴란드,관광,2017-05-01,1143.0
폴란드,관광,2017-06-01,1031.0
폴란드,관광,2017-07-01,1254.0
폴란드,관광,2017-08-01,1185.0
폴란드,관광,2017-09-01,1252.0
폴란드,관광,2017-10-01,1181.0
폴란드,관광,2017-11-01,1149.0
폴란드,관광,2017-12-01,733.0
폴란드,관광,2018-01-01,754.0
폴란드,관광,2018-02-01,1025.0
폴란드,관광,2018-03-01,1068.0
폴란드,관광,2018-04-01,1480.0
폴란드,관광,2018-05-01,1136.0
폴란드,관광,2018-06-01,1027.0
폴란드,관광,2018-07-01,1272.0
폴란드,관광,2018-08-01,1269.0
폴란드,관광,2018-09-01,1533.0
폴란드,관광,2018-10-01,1486.0
폴란드,관광,2018-11-01,1221.0
폴란드,관광,2018-12-01,714.0
폴란드,관광,2019-01-01,713.0
폴란드,관광,2019-02-01,619.0
폴란드,관광,2019-03-01,1264.0
폴란드,관광,2019-04-01,1615.0
폴란드,관광,2019-05-01,1489.0
폴란드,관광,2019-06-01,1479.0
폴란드,관광,2019-07-01,1330.0
폴란드,관광,2019-08-01,1571.0
폴란드,관광,2019-09-01,1870.0
폴란드,관광,2019-10-01,1549.0
폴란드,관광,2019-11-01,1333.0
폴란드,관광,2019-12-01,789.0
폴란드,관광,2020-01-01,734.0
폴란드,관광,2020-02-01,559.0
폴란드,관광,2020-03-01,134.0
폴란드,관광,2020-04-01,14.0
폴란드,관광,2020-05-01,40.0
폴란드,관광,2020-06-01,56.0
폴란드,관광,2020-07-01,43.0
폴란드,관광,2020-08-01,28.0
폴란드,관광,2020-09-01,54.0
폴란드,관광,2020-10-01,42.0
폴란드,관광,2020-11-01,27.0
폴란드,관광,2020-12-01,27.0
폴란드,관광,2021-01-01,13.0
폴란드,관광,2021-02-01,17.0
폴란드,관광,2021-03-01,26.0
폴란드,관광,2021-04-01,25.0
폴란드,관광,2021-05-01,25.0
폴란드,관광,2021-06-01,30.0
폴란드,관광,2021-07-01,41.0
폴란드,관광,2021-08-01,38.0
폴란드,관광,2021-09-01,99.0
폴란드,관광,2021-10-01,154.0
폴란드,관광,2021-11-01,205.0
폴란드,관광,2021-12-01,58.0
폴란드,관광,2022-01-01,101.0
폴란드,관광,2022-02-01,165.0
폴란드,관광,2022-03-01,129.0
폴란드,관광,2022-04-01,325.0
폴란드,관광,2022-05-01,453.0
폴란드,관광,2022-06-01,598.0
폴란드,관광,2022-07-01,542.0
폴란드,관광,2022-08-01,641.0
폴란드,관광,2022-09-01,1137.0
폴란드,관광,2022-10-01,1219.0
폴란드,관광,2022-11-01,1006.0
폴란드,관광,2022-12-01,685.0
폴란드,관광,2023-01-01,541.0
폴란드,관광,2023-02-01,610.0
폴란드,관광,2023-03-01,1467.0
폴란드,관광,2023-04-01,2586.0
폴란드,관광,2023-05-01,1845.0
폴란드,관광,2023-06-01,1707.0
폴란드,관광,2023-07-01,2003.0
폴란드,관광,2023-08-01,1982.0
폴란드,관광,2023-09-01,2646.0
폴란드,관광,2023-10-01,2310.0
폴란드,관광,2023-11-01,2121.0
폴란드,관광,2023-12-01,1000.0
폴란드,관광,2024-01-01,1170.0
폴란드,관광,2024-02-01,1174.0
폴란드,관광,2024-03-01,2669.0
폴란드,관광,2024-04-01,4242.0
폴란드,관광,2024-05-01,3548.0
폴란드,관광,2024-06-01,2371.0
폴란드,관광,2024-07-01,2494.0
폴란드,관광,2024-08-01,3244.0
폴란드,관광,2024-09-01,4106.0
폴란드,관광,2024-10-01,3455.0
폴란드,관광,2024-11-01,2855.0
폴란드,관광,2024-12-01,1264.0
폴란드,관광,2025-01-01,1171.0
폴란드,관광,2025-02-01,1615.0
폴란드,관광,2025-03-01,4056.0
폴란드,관광,2025-04-01,5145.0
폴란드,관광,2025-05-01,4357.0
폴란드,상용,2005-01-01,22.0
폴란드,상용,2005-02-01,7.0
폴란드,상용,2005-03-01,12.0
폴란드,상용,2005-04-01,17.0
폴란드,상용,2005-05-01,12.0
폴란드,상용,2005-06-01,9.0
폴란드,상용,2005-07-01,9.0
폴란드,상용,2005-08-01,19.0
폴란드,상용,2005-09-01,15.0
폴란드,상용,2005-10-01,10.0
폴란드,상용,2005-11-01,11.0
폴란드,상용,2005-12-01,8.0
폴란드,상용,2006-01-01,27.0
폴란드,상용,2006-02-01,7.0
폴란드,상용,2006-03-01,14.0
폴란드,상용,2006-04-01,18.0
폴란드,상용,2006-05-01,17.0
폴란드,상용,2006-06-01,18.0
폴란드,상용,2006-07-01,29.0
폴란드,상용,2006-08-01,14.0
폴란드,상용,2006-09-01,15.0
폴란드,상용,2006-10-01,25.0
폴란드,상용,2006-11-01,18.0
폴란드,상용,2006-12-01,5.0
폴란드,상용,2007-01-01,18.0
폴란드,상용,2007-02-01,12.0
폴란드,상용,2007-03-01,9.0
폴란드,상용,2007-04-01,11.0
폴란드,상용,2007-05-01,9.0
폴란드,상용,2007-06-01,18.0
폴란드,상용,2007-07-01,30.0
폴란드,상용,2007-08-01,21.0
폴란드,상용,2007-09-01,19.0
폴란드,상용,2007-10-01,21.0
폴란드,상용,2007-11-01,15.0
폴란드,상용,2007-12-01,17.0
폴란드,상용,2008-01-01,21.0
폴란드,상용,2008-02-01,23.0
폴란드,상용,2008-03-01,21.0
폴란드,상용,2008-04-01,19.0
폴란드,상용,2008-05-01,26.0
폴란드,상용,2008-06-01,24.0
폴란드,상용,2008-07-01,26.0
폴란드,상용,2008-08-01,25.0
폴란드,상용,2008-09-01,22.0
폴란드,상용,2008-10-01,21.0
폴란드,상용,2008-11-01,16.0
폴란드,상용,2008-12-01,17.0
폴란드,상용,2009-01-01,33.0
폴란드,상용,2009-02-01,17.0
폴란드,상용,2009-03-01,23.0
폴란드,상용,2009-04-01,20.0
폴란드,상용,2009-05-01,17.0
폴란드,상용,2009-06-01,13.0
폴란드,상용,2009-07-01,13.0
폴란드,상용,2009-08-01,17.0
폴란드,상용,2009-09-01,14.0
폴란드,상용,2009-10-01,21.0
폴란드,상용,2009-11-01,21.0
폴란드,상용,2009-12-01,5.0
폴란드,상용,2010-01-01,29.0
폴란드,상용,2010-02-01,7.0
폴란드,상용,2010-03-01,16.0
폴란드,상용,2010-04-01,12.0
폴란드,상용,2010-05-01,23.0
폴란드,상용,2010-06-01,14.0
폴란드,상용,2010-07-01,17.0
폴란드,상용,2010-08-01,23.0
폴란드,상용,2010-09-01,19.0
폴란드,상용,2010-10-01,17.0
폴란드,상용,2010-11-01,15.0
폴란드,상용,2010-12-01,12.0
폴란드,상용,2011-01-01,33.0
폴란드,상용,2011-02-01,20.0
폴란드,상용,2011-03-01,22.0
폴란드,상용,2011-04-01,18.0
폴란드,상용,2011-05-01,22.0
폴란드,상용,2011-06-01,19.0
폴란드,상용,2011-07-01,20.0
폴란드,상용,2011-08-01,22.0
폴란드,상용,2011-09-01,19.0
폴란드,상용,2011-10-01,18.0
폴란드,상용,2011-11-01,20.0
폴란드,상용,2011-12-01,15.0
폴란드,상용,2012-01-01,25.0
폴란드,상용,2012-02-01,11.0
폴란드,상용,2012-03-01,15.0
폴란드,상용,2012-04-01,22.0
폴란드,상용,2012-05-01,14.0
폴란드,상용,2012-06-01,12.0
폴란드,상용,2012-07-01,5.0
폴란드,상용,2012-08-01,22.0
폴란드,상용,2012-09-01,10.0
폴란드,상용,2012-10-01,24.0
폴란드,상용,2012-11-01,9.0
폴란드,상용,2012-12-01,7.0
폴란드,상용,2013-01-01,28.0
폴란드,상용,2013-02-01,21.0
폴란드,상용,2013-03-01,18.0
폴란드,상용,2013-04-01,29.0
폴란드,상용,2013-05-01,42.0
폴란드,상용,2013-06-01,33.0
폴란드,상용,2013-07-01,40.0
폴란드,상용,2013-08-01,58.0
폴란드,상용,2013-09-01,43.0
폴란드,상용,2013-10-01,28.0
폴란드,상용,2013-11-01,23.0
폴란드,상용,2013-12-01,25.0
폴란드,상용,2014-01-01,40.0
폴란드,상용,2014-02-01,22.0
폴란드,상용,2014-03-01,28.0
폴란드,상용,2014-04-01,30.0
폴란드,상용,2014-05-01,52.0
폴란드,상용,2014-06-01,33.0
폴란드,상용,2014-07-01,39.0
폴란드,상용,2014-08-01,80.0
폴란드,상용,2014-09-01,65.0
폴란드,상용,2014-10-01,45.0
폴란드,상용,2014-11-01,24.0
폴란드,상용,2014-12-01,22.0
폴란드,상용,2015-01-01,52.0
폴란드,상용,2015-02-01,30.0
폴란드,상용,2015-03-01,26.0
폴란드,상용,2015-04-01,39.0
폴란드,상용,2015-05-01,38.0
폴란드,상용,2015-06-01,26.0
폴란드,상용,2015-07-01,30.0
폴란드,상용,2015-08-01,39.0
폴란드,상용,2015-09-01,37.0
폴란드,상용,2015-10-01,18.0
폴란드,상용,2015-11-01,20.0
폴란드,상용,2015-12-01,15.0
폴란드,상용,2016-01-01,34.0
폴란드,상용,2016-02-01,26.0
폴란드,상용,2016-03-01,21.0
폴란드,상용,2016-04-01,38.0
폴란드,상용,2016-05-01,61.0
폴란드,상용,2016-06-01,26.0
폴란드,상용,2016-07-01,21.0
폴란드,상용,2016-08-01,28.0
폴란드,상용,2016-09-01,27.0
폴란드,상용,2016-10-01,29.0
폴란드,상용,2016-11-01,27.0
폴란드,상용,2016-12-01,14.0
폴란드,상용,2017-01-01,31.0
폴란드,상용,2017-02-01,26.0
폴란드,상용,2017-03-01,25.0
폴란드,상용,2017-04-01,16.0
폴란드,상용,2017-05-01,34.0
폴란드,상용,2017-06-01,18.0
폴란드,상용,2017-07-01,28.0
폴란드,상용,2017-08-01,25.0
폴란드,상용,2017-09-01,22.0
폴란드,상용,2017-10-01,29.0
폴란드,상용,2017-11-01,23.0
폴란드,상용,2017-12-01,20.0
폴란드,상용,2018-01-01,29.0
폴란드,상용,2018-02-01,13.0
폴란드,상용,2018-03-01,17.0
폴란드,상용,2018-04-01,17.0
폴란드,상용,2018-05-01,21.0
폴란드,상용,2018-06-01,14.0
폴란드,상용,2018-07-01,12.0
폴란드,상용,2018-08-01,12.0
폴란드,상용,2018-09-01,20.0
폴란드,상용,2018-10-01,18.0
폴란드,상용,2018-11-01,16.0
폴란드,상용,2018-12-01,12.0
폴란드,상용,2019-01-01,10.0
폴란드,상용,2019-02-01,14.0
폴란드,상용,2019-03-01,8.0
폴란드,상용,2019-04-01,9.0
폴란드,상용,2019-05-01,10.0
폴란드,상용,2019-06-01,12.0
폴란드,상용,2019-07-01,12.0
폴란드,상용,2019-08-01,10.0
폴란드,상용,2019-09-01,14.0
폴란드,상용,2019-10-01,14.0
폴란드,상용,2019-11-01,10.0
폴란드,상용,2019-12-01,12.0
폴란드,상용,2020-01-01,18.0
폴란드,상용,2020-02-01,12.0
폴란드,상용,2020-03-01,12.0
폴란드,상용,2020-04-01,1.0
폴란드,상용,2020-05-01,1.0
폴란드,상용,2020-06-01,6.0
폴란드,상용,2020-07-01,5.0
폴란드,상용,2020-08-01,9.0
폴란드,상용,2020-09-01,12.0
폴란드,상용,2020-10-01,6.0
폴란드,상용,2020-11-01,12.0
폴란드,상용,2020-12-01,0.0
폴란드,상용,2021-01-01,31.0
폴란드,상용,2021-02-01,3.0
폴란드,상용,2021-03-01,4.0
폴란드,상용,2021-04-01,7.0
폴란드,상용,2021-05-01,8.0
폴란드,상용,2021-06-01,3.0
폴란드,상용,2021-07-01,4.0
폴란드,상용,2021-08-01,17.0
폴란드,상용,2021-09-01,9.0
폴란드,상용,2021-10-01,6.0
폴란드,상용,2021-11-01,10.0
폴란드,상용,2021-12-01,5.0
폴란드,상용,2022-01-01,7.0
폴란드,상용,2022-02-01,7.0
폴란드,상용,2022-03-01,1.0
폴란드,상용,2022-04-01,7.0
폴란드,상용,2022-05-01,8.0
폴란드,상용,2022-06-01,14.0
폴란드,상용,2022-07-01,6.0
폴란드,상용,2022-08-01,23.0
폴란드,상용,2022-09-01,8.0
폴란드,상용,2022-10-01,11.0
폴란드,상용,2022-11-01,18.0
폴란드,상용,2022-12-01,7.0
폴란드,상용,2023-01-01,14.0
폴란드,상용,2023-02-01,7.0
폴란드,상용,2023-03-01,10.0
폴란드,상용,2023-04-01,5.0
폴란드,상용,2023-05-01,12.0
폴란드,상용,2023-06-01,9.0
폴란드,상용,2023-07-01,10.0
폴란드,상용,2023-08-01,4.0
폴란드,상용,2023-09-01,11.0
폴란드,상용,2023-10-01,30.0
폴란드,상용,2023-11-01,23.0
폴란드,상용,2023-12-01,14.0
폴란드,상용,2024-01-01,19.0
폴란드,상용,2024-02-01,18.0
폴란드,상용,2024-03-01,10.0
폴란드,상용,2024-04-01,8.0
폴란드,상용,2024-05-01,9.0
폴란드,상용,2024-06-01,14.0
폴란드,상용,2024-07-01,22.0
폴란드,상용,2024-08-01,10.0
폴란드,상용,2024-09-01,13.0
폴란드,상용,2024-10-01,17.0
폴란드,상용,2024-11-01,11.0
폴란드,상용,2024-12-01,13.0
폴란드,상용,2025-01-01,19.0
폴란드,상용,2025-02-01,11.0
폴란드,상용,2025-03-01,5.0
폴란드,상용,2025-04-01,18.0
폴란드,상용,2025-05-01,7.0
폴란드,유학연수,2005-01-01,10.0
폴란드,유학연수,2005-02-01,4.0
폴란드,유학연수,2005-03-01,2.0
폴란드,유학연수,2005-04-01,3.0
폴란드,유학연수,2005-05-01,1.0
폴란드,유학연수,2005-06-01,1.0
폴란드,유학연수,2005-07-01,6.0
폴란드,유학연수,2005-08-01,8.0
폴란드,유학연수,2005-09-01,4.0
폴란드,유학연수,2005-10-01,1.0
폴란드,유학연수,2005-11-01,3.0
폴란드,유학연수,2005-12-01,0.0
폴란드,유학연수,2006-01-01,1.0
폴란드,유학연수,2006-02-01,8.0
폴란드,유학연수,2006-03-01,3.0
폴란드,유학연수,2006-04-01,1.0
폴란드,유학연수,2006-05-01,1.0
폴란드,유학연수,2006-06-01,1.0
폴란드,유학연수,2006-07-01,2.0
폴란드,유학연수,2006-08-01,10.0
폴란드,유학연수,2006-09-01,3.0
폴란드,유학연수,2006-10-01,2.0
폴란드,유학연수,2006-11-01,1.0
폴란드,유학연수,2006-12-01,0.0
폴란드,유학연수,2007-01-01,5.0
폴란드,유학연수,2007-02-01,8.0
폴란드,유학연수,2007-03-01,10.0
폴란드,유학연수,2007-04-01,3.0
폴란드,유학연수,2007-05-01,2.0
폴란드,유학연수,2007-06-01,6.0
폴란드,유학연수,2007-07-01,5.0
폴란드,유학연수,2007-08-01,11.0
폴란드,유학연수,2007-09-01,17.0
폴란드,유학연수,2007-10-01,0.0
폴란드,유학연수,2007-11-01,7.0
폴란드,유학연수,2007-12-01,3.0
폴란드,유학연수,2008-01-01,3.0
폴란드,유학연수,2008-02-01,19.0
폴란드,유학연수,2008-03-01,9.0
폴란드,유학연수,2008-04-01,4.0
폴란드,유학연수,2008-05-01,11.0
폴란드,유학연수,2008-06-01,14.0
폴란드,유학연수,2008-07-01,4.0
폴란드,유학연수,2008-08-01,24.0
폴란드,유학연수,2008-09-01,4.0
폴란드,유학연수,2008-10-01,9.0
폴란드,유학연수,2008-11-01,4.0
폴란드,유학연수,2008-12-01,3.0
폴란드,유학연수,2009-01-01,15.0
폴란드,유학연수,2009-02-01,20.0
폴란드,유학연수,2009-03-01,5.0
폴란드,유학연수,2009-04-01,14.0
폴란드,유학연수,2009-05-01,9.0
폴란드,유학연수,2009-06-01,11.0
폴란드,유학연수,2009-07-01,11.0
폴란드,유학연수,2009-08-01,29.0
폴란드,유학연수,2009-09-01,3.0
폴란드,유학연수,2009-10-01,7.0
폴란드,유학연수,2009-11-01,11.0
폴란드,유학연수,2009-12-01,6.0
폴란드,유학연수,2010-01-01,10.0
폴란드,유학연수,2010-02-01,28.0
폴란드,유학연수,2010-03-01,8.0
폴란드,유학연수,2010-04-01,1.0
폴란드,유학연수,2010-05-01,14.0
폴란드,유학연수,2010-06-01,7.0
폴란드,유학연수,2010-07-01,4.0
폴란드,유학연수,2010-08-01,49.0
폴란드,유학연수,2010-09-01,12.0
폴란드,유학연수,2010-10-01,7.0
폴란드,유학연수,2010-11-01,11.0
폴란드,유학연수,2010-12-01,9.0
폴란드,유학연수,2011-01-01,14.0
폴란드,유학연수,2011-02-01,35.0
폴란드,유학연수,2011-03-01,2.0
폴란드,유학연수,2011-04-01,2.0
폴란드,유학연수,2011-05-01,17.0
폴란드,유학연수,2011-06-01,11.0
폴란드,유학연수,2011-07-01,15.0
폴란드,유학연수,2011-08-01,44.0
폴란드,유학연수,2011-09-01,16.0
폴란드,유학연수,2011-10-01,3.0
폴란드,유학연수,2011-11-01,13.0
폴란드,유학연수,2011-12-01,3.0
폴란드,유학연수,2012-01-01,20.0
폴란드,유학연수,2012-02-01,42.0
폴란드,유학연수,2012-03-01,7.0
폴란드,유학연수,2012-04-01,6.0
폴란드,유학연수,2012-05-01,14.0
폴란드,유학연수,2012-06-01,9.0
폴란드,유학연수,2012-07-01,6.0
폴란드,유학연수,2012-08-01,45.0
폴란드,유학연수,2012-09-01,6.0
폴란드,유학연수,2012-10-01,8.0
폴란드,유학연수,2012-11-01,9.0
폴란드,유학연수,2012-12-01,5.0
폴란드,유학연수,2013-01-01,18.0
폴란드,유학연수,2013-02-01,39.0
폴란드,유학연수,2013-03-01,15.0
폴란드,유학연수,2013-04-01,11.0
폴란드,유학연수,2013-05-01,13.0
폴란드,유학연수,2013-06-01,9.0
폴란드,유학연수,2013-07-01,10.0
폴란드,유학연수,2013-08-01,68.0
폴란드,유학연수,2013-09-01,10.0
폴란드,유학연수,2013-10-01,3.0
폴란드,유학연수,2013-11-01,8.0
폴란드,유학연수,2013-12-01,8.0
폴란드,유학연수,2014-01-01,18.0
폴란드,유학연수,2014-02-01,53.0
폴란드,유학연수,2014-03-01,9.0
폴란드,유학연수,2014-04-01,8.0
폴란드,유학연수,2014-05-01,21.0
폴란드,유학연수,2014-06-01,16.0
폴란드,유학연수,2014-07-01,12.0
폴란드,유학연수,2014-08-01,76.0
폴란드,유학연수,2014-09-01,22.0
폴란드,유학연수,2014-10-01,8.0
폴란드,유학연수,2014-11-01,16.0
폴란드,유학연수,2014-12-01,15.0
폴란드,유학연수,2015-01-01,10.0
폴란드,유학연수,2015-02-01,58.0
폴란드,유학연수,2015-03-01,13.0
폴란드,유학연수,2015-04-01,11.0
폴란드,유학연수,2015-05-01,24.0
폴란드,유학연수,2015-06-01,16.0
폴란드,유학연수,2015-07-01,10.0
폴란드,유학연수,2015-08-01,89.0
폴란드,유학연수,2015-09-01,10.0
폴란드,유학연수,2015-10-01,6.0
폴란드,유학연수,2015-11-01,21.0
폴란드,유학연수,2015-12-01,13.0
폴란드,유학연수,2016-01-01,24.0
폴란드,유학연수,2016-02-01,64.0
폴란드,유학연수,2016-03-01,13.0
폴란드,유학연수,2016-04-01,12.0
폴란드,유학연수,2016-05-01,19.0
폴란드,유학연수,2016-06-01,25.0
폴란드,유학연수,2016-07-01,20.0
폴란드,유학연수,2016-08-01,78.0
폴란드,유학연수,2016-09-01,9.0
폴란드,유학연수,2016-10-01,3.0
폴란드,유학연수,2016-11-01,23.0
폴란드,유학연수,2016-12-01,16.0
폴란드,유학연수,2017-01-01,25.0
폴란드,유학연수,2017-02-01,53.0
폴란드,유학연수,2017-03-01,9.0
폴란드,유학연수,2017-04-01,5.0
폴란드,유학연수,2017-05-01,13.0
폴란드,유학연수,2017-06-01,14.0
폴란드,유학연수,2017-07-01,14.0
폴란드,유학연수,2017-08-01,74.0
폴란드,유학연수,2017-09-01,16.0
폴란드,유학연수,2017-10-01,18.0
폴란드,유학연수,2017-11-01,17.0
폴란드,유학연수,2017-12-01,5.0
폴란드,유학연수,2018-01-01,20.0
폴란드,유학연수,2018-02-01,55.0
폴란드,유학연수,2018-03-01,19.0
폴란드,유학연수,2018-04-01,8.0
폴란드,유학연수,2018-05-01,12.0
폴란드,유학연수,2018-06-01,14.0
폴란드,유학연수,2018-07-01,16.0
폴란드,유학연수,2018-08-01,87.0
폴란드,유학연수,2018-09-01,18.0
폴란드,유학연수,2018-10-01,4.0
폴란드,유학연수,2018-11-01,18.0
폴란드,유학연수,2018-12-01,16.0
폴란드,유학연수,2019-01-01,27.0
폴란드,유학연수,2019-02-01,74.0
폴란드,유학연수,2019-03-01,21.0
폴란드,유학연수,2019-04-01,11.0
폴란드,유학연수,2019-05-01,26.0
폴란드,유학연수,2019-06-01,20.0
폴란드,유학연수,2019-07-01,24.0
폴란드,유학연수,2019-08-01,95.0
폴란드,유학연수,2019-09-01,17.0
폴란드,유학연수,2019-10-01,9.0
폴란드,유학연수,2019-11-01,28.0
폴란드,유학연수,2019-12-01,21.0
폴란드,유학연수,2020-01-01,23.0
폴란드,유학연수,2020-02-01,52.0
폴란드,유학연수,2020-03-01,12.0
폴란드,유학연수,2020-04-01,1.0
폴란드,유학연수,2020-05-01,0.0
폴란드,유학연수,2020-06-01,1.0
폴란드,유학연수,2020-07-01,2.0
폴란드,유학연수,2020-08-01,37.0
폴란드,유학연수,2020-09-01,4.0
폴란드,유학연수,2020-10-01,0.0
폴란드,유학연수,2020-11-01,7.0
폴란드,유학연수,2020-12-01,3.0
폴란드,유학연수,2021-01-01,10.0
폴란드,유학연수,2021-02-01,46.0
폴란드,유학연수,2021-03-01,4.0
폴란드,유학연수,2021-04-01,1.0
폴란드,유학연수,2021-05-01,8.0
폴란드,유학연수,2021-06-01,4.0
폴란드,유학연수,2021-07-01,10.0
폴란드,유학연수,2021-08-01,117.0
폴란드,유학연수,2021-09-01,7.0
폴란드,유학연수,2021-10-01,4.0
폴란드,유학연수,2021-11-01,5.0
폴란드,유학연수,2021-12-01,2.0
폴란드,유학연수,2022-01-01,7.0
폴란드,유학연수,2022-02-01,88.0
폴란드,유학연수,2022-03-01,8.0
폴란드,유학연수,2022-04-01,2.0
폴란드,유학연수,2022-05-01,7.0
폴란드,유학연수,2022-06-01,11.0
폴란드,유학연수,2022-07-01,11.0
폴란드,유학연수,2022-08-01,132.0
폴란드,유학연수,2022-09-01,5.0
폴란드,유학연수,2022-10-01,1.0
폴란드,유학연수,2022-11-01,17.0
폴란드,유학연수,2022-12-01,18.0
폴란드,유학연수,2023-01-01,21.0
폴란드,유학연수,2023-02-01,104.0
폴란드,유학연수,2023-03-01,23.0
폴란드,유학연수,2023-04-01,5.0
폴란드,유학연수,2023-05-01,13.0
폴란드,유학연수,2023-06-01,30.0
폴란드,유학연수,2023-07-01,24.0
폴란드,유학연수,2023-08-01,139.0
폴란드,유학연수,2023-09-01,22.0
폴란드,유학연수,2023-10-01,8.0
폴란드,유학연수,2023-11-01,28.0
폴란드,유학연수,2023-12-01,31.0
폴란드,유학연수,2024-01-01,34.0
폴란드,유학연수,2024-02-01,115.0
폴란드,유학연수,2024-03-01,18.0
폴란드,유학연수,2024-04-01,7.0
폴란드,유학연수,2024-05-01,38.0
폴란드,유학연수,2024-06-01,45.0
폴란드,유학연수,2024-07-01,41.0
폴란드,유학연수,2024-08-01,190.0
폴란드,유학연수,2024-09-01,23.0
폴란드,유학연수,2024-10-01,17.0
폴란드,유학연수,2024-11-01,49.0
폴란드,유학연수,2024-12-01,45.0
폴란드,유학연수,2025-01-01,51.0
폴란드,유학연수,2025-02-01,151.0
폴란드,유학연수,2025-03-01,31.0
폴란드,유학연수,2025-04-01,22.0
폴란드,유학연수,2025-05-01,69.0
프랑스,공용,2005-01-01,33.0
프랑스,공용,2005-02-01,17.0
프랑스,공용,2005-03-01,37.0
프랑스,공용,2005-04-01,22.0
프랑스,공용,2005-05-01,28.0
프랑스,공용,2005-06-01,15.0
프랑스,공용,2005-07-01,19.0
프랑스,공용,2005-08-01,50.0
프랑스,공용,2005-09-01,26.0
프랑스,공용,2005-10-01,30.0
프랑스,공용,2005-11-01,17.0
프랑스,공용,2005-12-01,27.0
프랑스,공용,2006-01-01,40.0
프랑스,공용,2006-02-01,20.0
프랑스,공용,2006-03-01,43.0
프랑스,공용,2006-04-01,23.0
프랑스,공용,2006-05-01,29.0
프랑스,공용,2006-06-01,10.0
프랑스,공용,2006-07-01,19.0
프랑스,공용,2006-08-01,36.0
프랑스,공용,2006-09-01,26.0
프랑스,공용,2006-10-01,20.0
프랑스,공용,2006-11-01,23.0
프랑스,공용,2006-12-01,16.0
프랑스,공용,2007-01-01,55.0
프랑스,공용,2007-02-01,21.0
프랑스,공용,2007-03-01,29.0
프랑스,공용,2007-04-01,14.0
프랑스,공용,2007-05-01,31.0
프랑스,공용,2007-06-01,20.0
프랑스,공용,2007-07-01,21.0
프랑스,공용,2007-08-01,40.0
프랑스,공용,2007-09-01,19.0
프랑스,공용,2007-10-01,19.0
프랑스,공용,2007-11-01,25.0
프랑스,공용,2007-12-01,17.0
프랑스,공용,2008-01-01,45.0
프랑스,공용,2008-02-01,20.0
프랑스,공용,2008-03-01,37.0
프랑스,공용,2008-04-01,15.0
프랑스,공용,2008-05-01,24.0
프랑스,공용,2008-06-01,17.0
프랑스,공용,2008-07-01,22.0
프랑스,공용,2008-08-01,34.0
프랑스,공용,2008-09-01,22.0
프랑스,공용,2008-10-01,18.0
프랑스,공용,2008-11-01,22.0
프랑스,공용,2008-12-01,13.0
프랑스,공용,2009-01-01,48.0
프랑스,공용,2009-02-01,19.0
프랑스,공용,2009-03-01,43.0
프랑스,공용,2009-04-01,22.0
프랑스,공용,2009-05-01,24.0
프랑스,공용,2009-06-01,18.0
프랑스,공용,2009-07-01,12.0
프랑스,공용,2009-08-01,49.0
프랑스,공용,2009-09-01,15.0
프랑스,공용,2009-10-01,22.0
프랑스,공용,2009-11-01,24.0
프랑스,공용,2009-12-01,23.0
프랑스,공용,2010-01-01,44.0
프랑스,공용,2010-02-01,35.0
프랑스,공용,2010-03-01,23.0
프랑스,공용,2010-04-01,27.0
프랑스,공용,2010-05-01,27.0
프랑스,공용,2010-06-01,23.0
프랑스,공용,2010-07-01,21.0
프랑스,공용,2010-08-01,49.0
프랑스,공용,2010-09-01,33.0
프랑스,공용,2010-10-01,12.0
프랑스,공용,2010-11-01,31.0
프랑스,공용,2010-12-01,15.0
프랑스,공용,2011-01-01,49.0
프랑스,공용,2011-02-01,28.0
프랑스,공용,2011-03-01,35.0
프랑스,공용,2011-04-01,14.0
프랑스,공용,2011-05-01,38.0
프랑스,공용,2011-06-01,16.0
프랑스,공용,2011-07-01,24.0
프랑스,공용,2011-08-01,49.0
프랑스,공용,2011-09-01,25.0
프랑스,공용,2011-10-01,37.0
프랑스,공용,2011-11-01,23.0
프랑스,공용,2011-12-01,17.0
프랑스,공용,2012-01-01,56.0
프랑스,공용,2012-02-01,10.0
프랑스,공용,2012-03-01,76.0
프랑스,공용,2012-04-01,10.0
프랑스,공용,2012-05-01,37.0
프랑스,공용,2012-06-01,13.0
프랑스,공용,2012-07-01,20.0
프랑스,공용,2012-08-01,49.0
프랑스,공용,2012-09-01,12.0
프랑스,공용,2012-10-01,28.0
프랑스,공용,2012-11-01,24.0
프랑스,공용,2012-12-01,16.0
프랑스,공용,2013-01-01,37.0
프랑스,공용,2013-02-01,17.0
프랑스,공용,2013-03-01,31.0
프랑스,공용,2013-04-01,12.0
프랑스,공용,2013-05-01,27.0
프랑스,공용,2013-06-01,14.0
프랑스,공용,2013-07-01,56.0
프랑스,공용,2013-08-01,51.0
프랑스,공용,2013-09-01,16.0
프랑스,공용,2013-10-01,32.0
프랑스,공용,2013-11-01,15.0
프랑스,공용,2013-12-01,16.0
프랑스,공용,2014-01-01,42.0
프랑스,공용,2014-02-01,27.0
프랑스,공용,2014-03-01,30.0
프랑스,공용,2014-04-01,18.0
프랑스,공용,2014-05-01,38.0
프랑스,공용,2014-06-01,15.0
프랑스,공용,2014-07-01,10.0
프랑스,공용,2014-08-01,53.0
프랑스,공용,2014-09-01,22.0
프랑스,공용,2014-10-01,32.0
프랑스,공용,2014-11-01,30.0
프랑스,공용,2014-12-01,30.0
프랑스,공용,2015-01-01,38.0
프랑스,공용,2015-02-01,33.0
프랑스,공용,2015-03-01,32.0
프랑스,공용,2015-04-01,22.0
프랑스,공용,2015-05-01,48.0
프랑스,공용,2015-06-01,14.0
프랑스,공용,2015-07-01,15.0
프랑스,공용,2015-08-01,53.0
프랑스,공용,2015-09-01,12.0
프랑스,공용,2015-10-01,43.0
프랑스,공용,2015-11-01,75.0
프랑스,공용,2015-12-01,23.0
프랑스,공용,2016-01-01,45.0
프랑스,공용,2016-02-01,29.0
프랑스,공용,2016-03-01,37.0
프랑스,공용,2016-04-01,30.0
프랑스,공용,2016-05-01,43.0
프랑스,공용,2016-06-01,24.0
프랑스,공용,2016-07-01,34.0
프랑스,공용,2016-08-01,48.0
프랑스,공용,2016-09-01,21.0
프랑스,공용,2016-10-01,35.0
프랑스,공용,2016-11-01,32.0
프랑스,공용,2016-12-01,23.0
프랑스,공용,2017-01-01,51.0
프랑스,공용,2017-02-01,15.0
프랑스,공용,2017-03-01,52.0
프랑스,공용,2017-04-01,28.0
프랑스,공용,2017-05-01,37.0
프랑스,공용,2017-06-01,30.0
프랑스,공용,2017-07-01,25.0
프랑스,공용,2017-08-01,72.0
프랑스,공용,2017-09-01,24.0
프랑스,공용,2017-10-01,29.0
프랑스,공용,2017-11-01,32.0
프랑스,공용,2017-12-01,31.0
프랑스,공용,2018-01-01,39.0
프랑스,공용,2018-02-01,29.0
프랑스,공용,2018-03-01,41.0
프랑스,공용,2018-04-01,39.0
프랑스,공용,2018-05-01,24.0
프랑스,공용,2018-06-01,29.0
프랑스,공용,2018-07-01,32.0
프랑스,공용,2018-08-01,51.0
프랑스,공용,2018-09-01,36.0
프랑스,공용,2018-10-01,35.0
프랑스,공용,2018-11-01,44.0
프랑스,공용,2018-12-01,30.0
프랑스,공용,2019-01-01,48.0
프랑스,공용,2019-02-01,30.0
프랑스,공용,2019-03-01,60.0
프랑스,공용,2019-04-01,40.0
프랑스,공용,2019-05-01,54.0
프랑스,공용,2019-06-01,25.0
프랑스,공용,2019-07-01,48.0
프랑스,공용,2019-08-01,75.0
프랑스,공용,2019-09-01,32.0
프랑스,공용,2019-10-01,38.0
프랑스,공용,2019-11-01,55.0
프랑스,공용,2019-12-01,34.0
프랑스,공용,2020-01-01,53.0
프랑스,공용,2020-02-01,27.0
프랑스,공용,2020-03-01,19.0
프랑스,공용,2020-04-01,3.0
프랑스,공용,2020-05-01,0.0
프랑스,공용,2020-06-01,1.0
프랑스,공용,2020-07-01,10.0
프랑스,공용,2020-08-01,23.0
프랑스,공용,2020-09-01,6.0
프랑스,공용,2020-10-01,14.0
프랑스,공용,2020-11-01,6.0
프랑스,공용,2020-12-01,1.0
프랑스,공용,2021-01-01,10.0
프랑스,공용,2021-02-01,8.0
프랑스,공용,2021-03-01,6.0
프랑스,공용,2021-04-01,6.0
프랑스,공용,2021-05-01,11.0
프랑스,공용,2021-06-01,7.0
프랑스,공용,2021-07-01,9.0
프랑스,공용,2021-08-01,42.0
프랑스,공용,2021-09-01,21.0
프랑스,공용,2021-10-01,13.0
프랑스,공용,2021-11-01,18.0
프랑스,공용,2021-12-01,15.0
프랑스,공용,2022-01-01,26.0
프랑스,공용,2022-02-01,7.0
프랑스,공용,2022-03-01,14.0
프랑스,공용,2022-04-01,9.0
프랑스,공용,2022-05-01,17.0
프랑스,공용,2022-06-01,10.0
프랑스,공용,2022-07-01,21.0
프랑스,공용,2022-08-01,58.0
프랑스,공용,2022-09-01,21.0
프랑스,공용,2022-10-01,24.0
프랑스,공용,2022-11-01,27.0
프랑스,공용,2022-12-01,24.0
프랑스,공용,2023-01-01,55.0
프랑스,공용,2023-02-01,33.0
프랑스,공용,2023-03-01,46.0
프랑스,공용,2023-04-01,47.0
프랑스,공용,2023-05-01,53.0
프랑스,공용,2023-06-01,40.0
프랑스,공용,2023-07-01,41.0
프랑스,공용,2023-08-01,80.0
프랑스,공용,2023-09-01,36.0
프랑스,공용,2023-10-01,57.0
프랑스,공용,2023-11-01,52.0
프랑스,공용,2023-12-01,30.0
프랑스,공용,2024-01-01,69.0
프랑스,공용,2024-02-01,33.0
프랑스,공용,2024-03-01,57.0
프랑스,공용,2024-04-01,36.0
프랑스,공용,2024-05-01,56.0
프랑스,공용,2024-06-01,39.0
프랑스,공용,2024-07-01,44.0
프랑스,공용,2024-08-01,77.0
프랑스,공용,2024-09-01,61.0
프랑스,공용,2024-10-01,54.0
프랑스,공용,2024-11-01,58.0
프랑스,공용,2024-12-01,31.0
프랑스,공용,2025-01-01,75.0
프랑스,공용,2025-02-01,42.0
프랑스,공용,2025-03-01,55.0
프랑스,공용,2025-04-01,67.0
프랑스,공용,2025-05-01,53.0
프랑스,관광,2005-01-01,2181.0
프랑스,관광,2005-02-01,1803.0
프랑스,관광,2005-03-01,2629.0
프랑스,관광,2005-04-01,3046.0
프랑스,관광,2005-05-01,2771.0
프랑스,관광,2005-06-01,2566.0
프랑스,관광,2005-07-01,2919.0
프랑스,관광,2005-08-01,2474.0
프랑스,관광,2005-09-01,2606.0
프랑스,관광,2005-10-01,3412.0
프랑스,관광,2005-11-01,3115.0
프랑스,관광,2005-12-01,2127.0
프랑스,관광,2006-01-01,2163.0
프랑스,관광,2006-02-01,2281.0
프랑스,관광,2006-03-01,2899.0
프랑스,관광,2006-04-01,3137.0
프랑스,관광,2006-05-01,3004.0
프랑스,관광,2006-06-01,2842.0
프랑스,관광,2006-07-01,2813.0
프랑스,관광,2006-08-01,2848.0
프랑스,관광,2006-09-01,3029.0
프랑스,관광,2006-10-01,3677.0
프랑스,관광,2006-11-01,3344.0
프랑스,관광,2006-12-01,2231.0
프랑스,관광,2007-01-01,2409.0
프랑스,관광,2007-02-01,2344.0
프랑스,관광,2007-03-01,3292.0
프랑스,관광,2007-04-01,3588.0
프랑스,관광,2007-05-01,3147.0
프랑스,관광,2007-06-01,3119.0
프랑스,관광,2007-07-01,3568.0
프랑스,관광,2007-08-01,2978.0
프랑스,관광,2007-09-01,3370.0
프랑스,관광,2007-10-01,4532.0
프랑스,관광,2007-11-01,3695.0
프랑스,관광,2007-12-01,2785.0
프랑스,관광,2008-01-01,2984.0
프랑스,관광,2008-02-01,2729.0
프랑스,관광,2008-03-01,3444.0
프랑스,관광,2008-04-01,3905.0
프랑스,관광,2008-05-01,3318.0
프랑스,관광,2008-06-01,3794.0
프랑스,관광,2008-07-01,4766.0
프랑스,관광,2008-08-01,3656.0
프랑스,관광,2008-09-01,3635.0
프랑스,관광,2008-10-01,4683.0
프랑스,관광,2008-11-01,3626.0
프랑스,관광,2008-12-01,3417.0
프랑스,관광,2009-01-01,2833.0
프랑스,관광,2009-02-01,3047.0
프랑스,관광,2009-03-01,3671.0
프랑스,관광,2009-04-01,4318.0
프랑스,관광,2009-05-01,3512.0
프랑스,관광,2009-06-01,3473.0
프랑스,관광,2009-07-01,4067.0
프랑스,관광,2009-08-01,4106.0
프랑스,관광,2009-09-01,3424.0
프랑스,관광,2009-10-01,4894.0
프랑스,관광,2009-11-01,4181.0
프랑스,관광,2009-12-01,3473.0
프랑스,관광,2010-01-01,3019.0
프랑스,관광,2010-02-01,2831.0
프랑스,관광,2010-03-01,3874.0
프랑스,관광,2010-04-01,4509.0
프랑스,관광,2010-05-01,4281.0
프랑스,관광,2010-06-01,3933.0
프랑스,관광,2010-07-01,5010.0
프랑스,관광,2010-08-01,4855.0
프랑스,관광,2010-09-01,3708.0
프랑스,관광,2010-10-01,5486.0
프랑스,관광,2010-11-01,4098.0
프랑스,관광,2010-12-01,3326.0
프랑스,관광,2011-01-01,3417.0
프랑스,관광,2011-02-01,3039.0
프랑스,관광,2011-03-01,4746.0
프랑스,관광,2011-04-01,4299.0
프랑스,관광,2011-05-01,4408.0
프랑스,관광,2011-06-01,3884.0
프랑스,관광,2011-07-01,4558.0
프랑스,관광,2011-08-01,4987.0
프랑스,관광,2011-09-01,4063.0
프랑스,관광,2011-10-01,5740.0
프랑스,관광,2011-11-01,4420.0
프랑스,관광,2011-12-01,3706.0
프랑스,관광,2012-01-01,3378.0
프랑스,관광,2012-02-01,3654.0
프랑스,관광,2012-03-01,4445.0
프랑스,관광,2012-04-01,5072.0
프랑스,관광,2012-05-01,4440.0
프랑스,관광,2012-06-01,4530.0
프랑스,관광,2012-07-01,5204.0
프랑스,관광,2012-08-01,4962.0
프랑스,관광,2012-09-01,4816.0
프랑스,관광,2012-10-01,5535.0
프랑스,관광,2012-11-01,4255.0
프랑스,관광,2012-12-01,3488.0
프랑스,관광,2013-01-01,3350.0
프랑스,관광,2013-02-01,3145.0
프랑스,관광,2013-03-01,4193.0
프랑스,관광,2013-04-01,5482.0
프랑스,관광,2013-05-01,4830.0
프랑스,관광,2013-06-01,4774.0
프랑스,관광,2013-07-01,5512.0
프랑스,관광,2013-08-01,5225.0
프랑스,관광,2013-09-01,4590.0
프랑스,관광,2013-10-01,6311.0
프랑스,관광,2013-11-01,4481.0
프랑스,관광,2013-12-01,3888.0
프랑스,관광,2014-01-01,3137.0
프랑스,관광,2014-02-01,3554.0
프랑스,관광,2014-03-01,4963.0
프랑스,관광,2014-04-01,5919.0
프랑스,관광,2014-05-01,5087.0
프랑스,관광,2014-06-01,4838.0
프랑스,관광,2014-07-01,5860.0
프랑스,관광,2014-08-01,6057.0
프랑스,관광,2014-09-01,5124.0
프랑스,관광,2014-10-01,6509.0
프랑스,관광,2014-11-01,4889.0
프랑스,관광,2014-12-01,3817.0
프랑스,관광,2015-01-01,3263.0
프랑스,관광,2015-02-01,3696.0
프랑스,관광,2015-03-01,5330.0
프랑스,관광,2015-04-01,6848.0
프랑스,관광,2015-05-01,5706.0
프랑스,관광,2015-06-01,4437.0
프랑스,관광,2015-07-01,5173.0
프랑스,관광,2015-08-01,5641.0
프랑스,관광,2015-09-01,5326.0
프랑스,관광,2015-10-01,6888.0
프랑스,관광,2015-11-01,5223.0
프랑스,관광,2015-12-01,4174.0
프랑스,관광,2016-01-01,3406.0
프랑스,관광,2016-02-01,3888.0
프랑스,관광,2016-03-01,5338.0
프랑스,관광,2016-04-01,7111.0
프랑스,관광,2016-05-01,6566.0
프랑스,관광,2016-06-01,5853.0
프랑스,관광,2016-07-01,6931.0
프랑스,관광,2016-08-01,6550.0
프랑스,관광,2016-09-01,5907.0
프랑스,관광,2016-10-01,8226.0
프랑스,관광,2016-11-01,5486.0
프랑스,관광,2016-12-01,4268.0
프랑스,관광,2017-01-01,3499.0
프랑스,관광,2017-02-01,3889.0
프랑스,관광,2017-03-01,5743.0
프랑스,관광,2017-04-01,8066.0
프랑스,관광,2017-05-01,6321.0
프랑스,관광,2017-06-01,5686.0
프랑스,관광,2017-07-01,7160.0
프랑스,관광,2017-08-01,6581.0
프랑스,관광,2017-09-01,6219.0
프랑스,관광,2017-10-01,7330.0
프랑스,관광,2017-11-01,5658.0
프랑스,관광,2017-12-01,4257.0
프랑스,관광,2018-01-01,3956.0
프랑스,관광,2018-02-01,4937.0
프랑스,관광,2018-03-01,5665.0
프랑스,관광,2018-04-01,8835.0
프랑스,관광,2018-05-01,7316.0
프랑스,관광,2018-06-01,6079.0
프랑스,관광,2018-07-01,8158.0
프랑스,관광,2018-08-01,7869.0
프랑스,관광,2018-09-01,6347.0
프랑스,관광,2018-10-01,9261.0
프랑스,관광,2018-11-01,6133.0
프랑스,관광,2018-12-01,4426.0
프랑스,관광,2019-01-01,3773.0
프랑스,관광,2019-02-01,3685.0
프랑스,관광,2019-03-01,5824.0
프랑스,관광,2019-04-01,10034.0
프랑스,관광,2019-05-01,8254.0
프랑스,관광,2019-06-01,6915.0
프랑스,관광,2019-07-01,9121.0
프랑스,관광,2019-08-01,9744.0
프랑스,관광,2019-09-01,8587.0
프랑스,관광,2019-10-01,10681.0
프랑스,관광,2019-11-01,6369.0
프랑스,관광,2019-12-01,5202.0
프랑스,관광,2020-01-01,3951.0
프랑스,관광,2020-02-01,3355.0
프랑스,관광,2020-03-01,528.0
프랑스,관광,2020-04-01,100.0
프랑스,관광,2020-05-01,47.0
프랑스,관광,2020-06-01,15.0
프랑스,관광,2020-07-01,35.0
프랑스,관광,2020-08-01,51.0
프랑스,관광,2020-09-01,19.0
프랑스,관광,2020-10-01,26.0
프랑스,관광,2020-11-01,30.0
프랑스,관광,2020-12-01,26.0
프랑스,관광,2021-01-01,23.0
프랑스,관광,2021-02-01,8.0
프랑스,관광,2021-03-01,22.0
프랑스,관광,2021-04-01,7.0
프랑스,관광,2021-05-01,38.0
프랑스,관광,2021-06-01,32.0
프랑스,관광,2021-07-01,146.0
프랑스,관광,2021-08-01,146.0
프랑스,관광,2021-09-01,316.0
프랑스,관광,2021-10-01,672.0
프랑스,관광,2021-11-01,670.0
프랑스,관광,2021-12-01,323.0
프랑스,관광,2022-01-01,252.0
프랑스,관광,2022-02-01,307.0
프랑스,관광,2022-03-01,369.0
프랑스,관광,2022-04-01,2342.0
프랑스,관광,2022-05-01,3068.0
프랑스,관광,2022-06-01,3027.0
프랑스,관광,2022-07-01,4719.0
프랑스,관광,2022-08-01,5592.0
프랑스,관광,2022-09-01,5842.0
프랑스,관광,2022-10-01,8263.0
프랑스,관광,2022-11-01,5466.0
프랑스,관광,2022-12-01,4314.0
프랑스,관광,2023-01-01,2796.0
프랑스,관광,2023-02-01,3785.0
프랑스,관광,2023-03-01,8052.0
프랑스,관광,2023-04-01,14315.0
프랑스,관광,2023-05-01,11209.0
프랑스,관광,2023-06-01,7695.0
프랑스,관광,2023-07-01,10844.0
프랑스,관광,2023-08-01,12930.0
프랑스,관광,2023-09-01,10558.0
프랑스,관광,2023-10-01,13036.0
프랑스,관광,2023-11-01,9168.0
프랑스,관광,2023-12-01,5813.0
프랑스,관광,2024-01-01,4271.0
프랑스,관광,2024-02-01,5664.0
프랑스,관광,2024-03-01,10388.0
프랑스,관광,2024-04-01,20541.0
프랑스,관광,2024-05-01,15178.0
프랑스,관광,2024-06-01,9393.0
프랑스,관광,2024-07-01,12409.0
프랑스,관광,2024-08-01,15149.0
프랑스,관광,2024-09-01,12583.0
프랑스,관광,2024-10-01,17552.0
프랑스,관광,2024-11-01,10655.0
프랑스,관광,2024-12-01,7248.0
프랑스,관광,2025-01-01,4521.0
프랑스,관광,2025-02-01,6272.0
프랑스,관광,2025-03-01,10903.0
프랑스,관광,2025-04-01,20832.0
프랑스,관광,2025-05-01,15049.0
프랑스,상용,2005-01-01,305.0
프랑스,상용,2005-02-01,241.0
프랑스,상용,2005-03-01,247.0
프랑스,상용,2005-04-01,257.0
프랑스,상용,2005-05-01,287.0
프랑스,상용,2005-06-01,235.0
프랑스,상용,2005-07-01,238.0
프랑스,상용,2005-08-01,292.0
프랑스,상용,2005-09-01,271.0
프랑스,상용,2005-10-01,258.0
프랑스,상용,2005-11-01,241.0
프랑스,상용,2005-12-01,255.0
프랑스,상용,2006-01-01,341.0
프랑스,상용,2006-02-01,233.0
프랑스,상용,2006-03-01,240.0
프랑스,상용,2006-04-01,235.0
프랑스,상용,2006-05-01,282.0
프랑스,상용,2006-06-01,233.0
프랑스,상용,2006-07-01,224.0
프랑스,상용,2006-08-01,215.0
프랑스,상용,2006-09-01,185.0
프랑스,상용,2006-10-01,241.0
프랑스,상용,2006-11-01,193.0
프랑스,상용,2006-12-01,184.0
프랑스,상용,2007-01-01,318.0
프랑스,상용,2007-02-01,204.0
프랑스,상용,2007-03-01,287.0
프랑스,상용,2007-04-01,298.0
프랑스,상용,2007-05-01,285.0
프랑스,상용,2007-06-01,242.0
프랑스,상용,2007-07-01,259.0
프랑스,상용,2007-08-01,332.0
프랑스,상용,2007-09-01,327.0
프랑스,상용,2007-10-01,297.0
프랑스,상용,2007-11-01,271.0
프랑스,상용,2007-12-01,257.0
프랑스,상용,2008-01-01,370.0
프랑스,상용,2008-02-01,283.0
프랑스,상용,2008-03-01,308.0
프랑스,상용,2008-04-01,316.0
프랑스,상용,2008-05-01,368.0
프랑스,상용,2008-06-01,307.0
프랑스,상용,2008-07-01,254.0
프랑스,상용,2008-08-01,373.0
프랑스,상용,2008-09-01,253.0
프랑스,상용,2008-10-01,244.0
프랑스,상용,2008-11-01,226.0
프랑스,상용,2008-12-01,202.0
프랑스,상용,2009-01-01,395.0
프랑스,상용,2009-02-01,210.0
프랑스,상용,2009-03-01,278.0
프랑스,상용,2009-04-01,244.0
프랑스,상용,2009-05-01,273.0
프랑스,상용,2009-06-01,228.0
프랑스,상용,2009-07-01,221.0
프랑스,상용,2009-08-01,333.0
프랑스,상용,2009-09-01,198.0
프랑스,상용,2009-10-01,282.0
프랑스,상용,2009-11-01,245.0
프랑스,상용,2009-12-01,206.0
프랑스,상용,2010-01-01,343.0
프랑스,상용,2010-02-01,253.0
프랑스,상용,2010-03-01,273.0
프랑스,상용,2010-04-01,249.0
프랑스,상용,2010-05-01,275.0
프랑스,상용,2010-06-01,279.0
프랑스,상용,2010-07-01,243.0
프랑스,상용,2010-08-01,336.0
프랑스,상용,2010-09-01,310.0
프랑스,상용,2010-10-01,269.0
프랑스,상용,2010-11-01,259.0
프랑스,상용,2010-12-01,223.0
프랑스,상용,2011-01-01,351.0
프랑스,상용,2011-02-01,229.0
프랑스,상용,2011-03-01,236.0
프랑스,상용,2011-04-01,227.0
프랑스,상용,2011-05-01,231.0
프랑스,상용,2011-06-01,190.0
프랑스,상용,2011-07-01,160.0
프랑스,상용,2011-08-01,245.0
프랑스,상용,2011-09-01,189.0
프랑스,상용,2011-10-01,211.0
프랑스,상용,2011-11-01,179.0
프랑스,상용,2011-12-01,167.0
프랑스,상용,2012-01-01,264.0
프랑스,상용,2012-02-01,151.0
프랑스,상용,2012-03-01,231.0
프랑스,상용,2012-04-01,189.0
프랑스,상용,2012-05-01,234.0
프랑스,상용,2012-06-01,207.0
프랑스,상용,2012-07-01,199.0
프랑스,상용,2012-08-01,290.0
프랑스,상용,2012-09-01,200.0
프랑스,상용,2012-10-01,252.0
프랑스,상용,2012-11-01,247.0
프랑스,상용,2012-12-01,198.0
프랑스,상용,2013-01-01,342.0
프랑스,상용,2013-02-01,212.0
프랑스,상용,2013-03-01,300.0
프랑스,상용,2013-04-01,290.0
프랑스,상용,2013-05-01,335.0
프랑스,상용,2013-06-01,377.0
프랑스,상용,2013-07-01,335.0
프랑스,상용,2013-08-01,427.0
프랑스,상용,2013-09-01,392.0
프랑스,상용,2013-10-01,286.0
프랑스,상용,2013-11-01,288.0
프랑스,상용,2013-12-01,271.0
프랑스,상용,2014-01-01,503.0
프랑스,상용,2014-02-01,325.0
프랑스,상용,2014-03-01,399.0
프랑스,상용,2014-04-01,336.0
프랑스,상용,2014-05-01,411.0
프랑스,상용,2014-06-01,391.0
프랑스,상용,2014-07-01,351.0
프랑스,상용,2014-08-01,497.0
프랑스,상용,2014-09-01,472.0
프랑스,상용,2014-10-01,390.0
프랑스,상용,2014-11-01,408.0
프랑스,상용,2014-12-01,345.0
프랑스,상용,2015-01-01,598.0
프랑스,상용,2015-02-01,425.0
프랑스,상용,2015-03-01,401.0
프랑스,상용,2015-04-01,389.0
프랑스,상용,2015-05-01,470.0
프랑스,상용,2015-06-01,367.0
프랑스,상용,2015-07-01,364.0
프랑스,상용,2015-08-01,561.0
프랑스,상용,2015-09-01,403.0
프랑스,상용,2015-10-01,454.0
프랑스,상용,2015-11-01,397.0
프랑스,상용,2015-12-01,311.0
프랑스,상용,2016-01-01,554.0
프랑스,상용,2016-02-01,424.0
프랑스,상용,2016-03-01,479.0
프랑스,상용,2016-04-01,395.0
프랑스,상용,2016-05-01,462.0
프랑스,상용,2016-06-01,378.0
프랑스,상용,2016-07-01,393.0
프랑스,상용,2016-08-01,529.0
프랑스,상용,2016-09-01,480.0
프랑스,상용,2016-10-01,375.0
프랑스,상용,2016-11-01,324.0
프랑스,상용,2016-12-01,311.0
프랑스,상용,2017-01-01,626.0
프랑스,상용,2017-02-01,268.0
프랑스,상용,2017-03-01,455.0
프랑스,상용,2017-04-01,366.0
프랑스,상용,2017-05-01,437.0
프랑스,상용,2017-06-01,324.0
프랑스,상용,2017-07-01,308.0
프랑스,상용,2017-08-01,336.0
프랑스,상용,2017-09-01,284.0
프랑스,상용,2017-10-01,320.0
프랑스,상용,2017-11-01,244.0
프랑스,상용,2017-12-01,216.0
프랑스,상용,2018-01-01,331.0
프랑스,상용,2018-02-01,209.0
프랑스,상용,2018-03-01,250.0
프랑스,상용,2018-04-01,226.0
프랑스,상용,2018-05-01,241.0
프랑스,상용,2018-06-01,251.0
프랑스,상용,2018-07-01,184.0
프랑스,상용,2018-08-01,271.0
프랑스,상용,2018-09-01,235.0
프랑스,상용,2018-10-01,246.0
프랑스,상용,2018-11-01,215.0
프랑스,상용,2018-12-01,196.0
프랑스,상용,2019-01-01,297.0
프랑스,상용,2019-02-01,235.0
프랑스,상용,2019-03-01,274.0
프랑스,상용,2019-04-01,224.0
프랑스,상용,2019-05-01,267.0
프랑스,상용,2019-06-01,229.0
프랑스,상용,2019-07-01,207.0
프랑스,상용,2019-08-01,246.0
프랑스,상용,2019-09-01,245.0
프랑스,상용,2019-10-01,232.0
프랑스,상용,2019-11-01,225.0
프랑스,상용,2019-12-01,203.0
프랑스,상용,2020-01-01,303.0
프랑스,상용,2020-02-01,123.0
프랑스,상용,2020-03-01,62.0
프랑스,상용,2020-04-01,8.0
프랑스,상용,2020-05-01,16.0
프랑스,상용,2020-06-01,14.0
프랑스,상용,2020-07-01,41.0
프랑스,상용,2020-08-01,108.0
프랑스,상용,2020-09-01,58.0
프랑스,상용,2020-10-01,53.0
프랑스,상용,2020-11-01,47.0
프랑스,상용,2020-12-01,45.0
프랑스,상용,2021-01-01,84.0
프랑스,상용,2021-02-01,33.0
프랑스,상용,2021-03-01,40.0
프랑스,상용,2021-04-01,48.0
프랑스,상용,2021-05-01,38.0
프랑스,상용,2021-06-01,40.0
프랑스,상용,2021-07-01,59.0
프랑스,상용,2021-08-01,142.0
프랑스,상용,2021-09-01,74.0
프랑스,상용,2021-10-01,38.0
프랑스,상용,2021-11-01,35.0
프랑스,상용,2021-12-01,42.0
프랑스,상용,2022-01-01,89.0
프랑스,상용,2022-02-01,28.0
프랑스,상용,2022-03-01,43.0
프랑스,상용,2022-04-01,56.0
프랑스,상용,2022-05-01,86.0
프랑스,상용,2022-06-01,76.0
프랑스,상용,2022-07-01,78.0
프랑스,상용,2022-08-01,147.0
프랑스,상용,2022-09-01,96.0
프랑스,상용,2022-10-01,112.0
프랑스,상용,2022-11-01,117.0
프랑스,상용,2022-12-01,99.0
프랑스,상용,2023-01-01,181.0
프랑스,상용,2023-02-01,88.0
프랑스,상용,2023-03-01,147.0
프랑스,상용,2023-04-01,135.0
프랑스,상용,2023-05-01,143.0
프랑스,상용,2023-06-01,143.0
프랑스,상용,2023-07-01,109.0
프랑스,상용,2023-08-01,191.0
프랑스,상용,2023-09-01,104.0
프랑스,상용,2023-10-01,149.0
프랑스,상용,2023-11-01,152.0
프랑스,상용,2023-12-01,122.0
프랑스,상용,2024-01-01,214.0
프랑스,상용,2024-02-01,135.0
프랑스,상용,2024-03-01,184.0
프랑스,상용,2024-04-01,137.0
프랑스,상용,2024-05-01,172.0
프랑스,상용,2024-06-01,143.0
프랑스,상용,2024-07-01,130.0
프랑스,상용,2024-08-01,170.0
프랑스,상용,2024-09-01,159.0
프랑스,상용,2024-10-01,152.0
프랑스,상용,2024-11-01,145.0
프랑스,상용,2024-12-01,111.0
프랑스,상용,2025-01-01,211.0
프랑스,상용,2025-02-01,149.0
프랑스,상용,2025-03-01,182.0
프랑스,상용,2025-04-01,142.0
프랑스,상용,2025-05-01,164.0
프랑스,유학연수,2005-01-01,28.0
프랑스,유학연수,2005-02-01,37.0
프랑스,유학연수,2005-03-01,9.0
프랑스,유학연수,2005-04-01,10.0
프랑스,유학연수,2005-05-01,25.0
프랑스,유학연수,2005-06-01,7.0
프랑스,유학연수,2005-07-01,9.0
프랑스,유학연수,2005-08-01,65.0
프랑스,유학연수,2005-09-01,16.0
프랑스,유학연수,2005-10-01,6.0
프랑스,유학연수,2005-11-01,13.0
프랑스,유학연수,2005-12-01,14.0
프랑스,유학연수,2006-01-01,25.0
프랑스,유학연수,2006-02-01,38.0
프랑스,유학연수,2006-03-01,10.0
프랑스,유학연수,2006-04-01,17.0
프랑스,유학연수,2006-05-01,16.0
프랑스,유학연수,2006-06-01,13.0
프랑스,유학연수,2006-07-01,21.0
프랑스,유학연수,2006-08-01,114.0
프랑스,유학연수,2006-09-01,18.0
프랑스,유학연수,2006-10-01,32.0
프랑스,유학연수,2006-11-01,7.0
프랑스,유학연수,2006-12-01,16.0
프랑스,유학연수,2007-01-01,40.0
프랑스,유학연수,2007-02-01,70.0
프랑스,유학연수,2007-03-01,28.0
프랑스,유학연수,2007-04-01,17.0
프랑스,유학연수,2007-05-01,48.0
프랑스,유학연수,2007-06-01,17.0
프랑스,유학연수,2007-07-01,28.0
프랑스,유학연수,2007-08-01,147.0
프랑스,유학연수,2007-09-01,31.0
프랑스,유학연수,2007-10-01,26.0
프랑스,유학연수,2007-11-01,28.0
프랑스,유학연수,2007-12-01,31.0
프랑스,유학연수,2008-01-01,59.0
프랑스,유학연수,2008-02-01,113.0
프랑스,유학연수,2008-03-01,24.0
프랑스,유학연수,2008-04-01,33.0
프랑스,유학연수,2008-05-01,41.0
프랑스,유학연수,2008-06-01,48.0
프랑스,유학연수,2008-07-01,32.0
프랑스,유학연수,2008-08-01,223.0
프랑스,유학연수,2008-09-01,42.0
프랑스,유학연수,2008-10-01,29.0
프랑스,유학연수,2008-11-01,61.0
프랑스,유학연수,2008-12-01,59.0
프랑스,유학연수,2009-01-01,77.0
프랑스,유학연수,2009-02-01,134.0
프랑스,유학연수,2009-03-01,48.0
프랑스,유학연수,2009-04-01,36.0
프랑스,유학연수,2009-05-01,67.0
프랑스,유학연수,2009-06-01,59.0
프랑스,유학연수,2009-07-01,56.0
프랑스,유학연수,2009-08-01,276.0
프랑스,유학연수,2009-09-01,28.0
프랑스,유학연수,2009-10-01,75.0
프랑스,유학연수,2009-11-01,127.0
프랑스,유학연수,2009-12-01,70.0
프랑스,유학연수,2010-01-01,115.0
프랑스,유학연수,2010-02-01,230.0
프랑스,유학연수,2010-03-01,54.0
프랑스,유학연수,2010-04-01,72.0
프랑스,유학연수,2010-05-01,87.0
프랑스,유학연수,2010-06-01,71.0
프랑스,유학연수,2010-07-01,66.0
프랑스,유학연수,2010-08-01,368.0
프랑스,유학연수,2010-09-01,66.0
프랑스,유학연수,2010-10-01,28.0
프랑스,유학연수,2010-11-01,92.0
프랑스,유학연수,2010-12-01,78.0
프랑스,유학연수,2011-01-01,111.0
프랑스,유학연수,2011-02-01,312.0
프랑스,유학연수,2011-03-01,76.0
프랑스,유학연수,2011-04-01,73.0
프랑스,유학연수,2011-05-01,119.0
프랑스,유학연수,2011-06-01,63.0
프랑스,유학연수,2011-07-01,65.0
프랑스,유학연수,2011-08-01,453.0
프랑스,유학연수,2011-09-01,36.0
프랑스,유학연수,2011-10-01,76.0
프랑스,유학연수,2011-11-01,119.0
프랑스,유학연수,2011-12-01,75.0
프랑스,유학연수,2012-01-01,158.0
프랑스,유학연수,2012-02-01,360.0
프랑스,유학연수,2012-03-01,79.0
프랑스,유학연수,2012-04-01,82.0
프랑스,유학연수,2012-05-01,128.0
프랑스,유학연수,2012-06-01,81.0
프랑스,유학연수,2012-07-01,61.0
프랑스,유학연수,2012-08-01,575.0
프랑스,유학연수,2012-09-01,55.0
프랑스,유학연수,2012-10-01,122.0
프랑스,유학연수,2012-11-01,132.0
프랑스,유학연수,2012-12-01,117.0
프랑스,유학연수,2013-01-01,135.0
프랑스,유학연수,2013-02-01,473.0
프랑스,유학연수,2013-03-01,134.0
프랑스,유학연수,2013-04-01,125.0
프랑스,유학연수,2013-05-01,223.0
프랑스,유학연수,2013-06-01,134.0
프랑스,유학연수,2013-07-01,107.0
프랑스,유학연수,2013-08-01,668.0
프랑스,유학연수,2013-09-01,111.0
프랑스,유학연수,2013-10-01,76.0
프랑스,유학연수,2013-11-01,182.0
프랑스,유학연수,2013-12-01,97.0
프랑스,유학연수,2014-01-01,196.0
프랑스,유학연수,2014-02-01,542.0
프랑스,유학연수,2014-03-01,137.0
프랑스,유학연수,2014-04-01,119.0
프랑스,유학연수,2014-05-01,236.0
프랑스,유학연수,2014-06-01,161.0
프랑스,유학연수,2014-07-01,112.0
프랑스,유학연수,2014-08-01,825.0
프랑스,유학연수,2014-09-01,71.0
프랑스,유학연수,2014-10-01,103.0
프랑스,유학연수,2014-11-01,251.0
프랑스,유학연수,2014-12-01,141.0
프랑스,유학연수,2015-01-01,202.0
프랑스,유학연수,2015-02-01,728.0
프랑스,유학연수,2015-03-01,128.0
프랑스,유학연수,2015-04-01,131.0
프랑스,유학연수,2015-05-01,308.0
프랑스,유학연수,2015-06-01,172.0
프랑스,유학연수,2015-07-01,122.0
프랑스,유학연수,2015-08-01,981.0
프랑스,유학연수,2015-09-01,86.0
프랑스,유학연수,2015-10-01,112.0
프랑스,유학연수,2015-11-01,369.0
프랑스,유학연수,2015-12-01,236.0
프랑스,유학연수,2016-01-01,212.0
프랑스,유학연수,2016-02-01,789.0
프랑스,유학연수,2016-03-01,98.0
프랑스,유학연수,2016-04-01,106.0
프랑스,유학연수,2016-05-01,354.0
프랑스,유학연수,2016-06-01,224.0
프랑스,유학연수,2016-07-01,173.0
프랑스,유학연수,2016-08-01,1072.0
프랑스,유학연수,2016-09-01,58.0
프랑스,유학연수,2016-10-01,86.0
프랑스,유학연수,2016-11-01,385.0
프랑스,유학연수,2016-12-01,223.0
프랑스,유학연수,2017-01-01,260.0
프랑스,유학연수,2017-02-01,876.0
프랑스,유학연수,2017-03-01,131.0
프랑스,유학연수,2017-04-01,146.0
프랑스,유학연수,2017-05-01,389.0
프랑스,유학연수,2017-06-01,203.0
프랑스,유학연수,2017-07-01,170.0
프랑스,유학연수,2017-08-01,1173.0
프랑스,유학연수,2017-09-01,67.0
프랑스,유학연수,2017-10-01,223.0
프랑스,유학연수,2017-11-01,363.0
프랑스,유학연수,2017-12-01,274.0
프랑스,유학연수,2018-01-01,294.0
프랑스,유학연수,2018-02-01,927.0
프랑스,유학연수,2018-03-01,174.0
프랑스,유학연수,2018-04-01,183.0
프랑스,유학연수,2018-05-01,403.0
프랑스,유학연수,2018-06-01,246.0
프랑스,유학연수,2018-07-01,175.0
프랑스,유학연수,2018-08-01,1165.0
프랑스,유학연수,2018-09-01,154.0
프랑스,유학연수,2018-10-01,107.0
프랑스,유학연수,2018-11-01,366.0
프랑스,유학연수,2018-12-01,293.0
프랑스,유학연수,2019-01-01,288.0
프랑스,유학연수,2019-02-01,958.0
프랑스,유학연수,2019-03-01,245.0
프랑스,유학연수,2019-04-01,164.0
프랑스,유학연수,2019-05-01,430.0
프랑스,유학연수,2019-06-01,297.0
프랑스,유학연수,2019-07-01,217.0
프랑스,유학연수,2019-08-01,1420.0
프랑스,유학연수,2019-09-01,127.0
프랑스,유학연수,2019-10-01,201.0
프랑스,유학연수,2019-11-01,490.0
프랑스,유학연수,2019-12-01,426.0
프랑스,유학연수,2020-01-01,392.0
프랑스,유학연수,2020-02-01,907.0
프랑스,유학연수,2020-03-01,184.0
프랑스,유학연수,2020-04-01,7.0
프랑스,유학연수,2020-05-01,4.0
프랑스,유학연수,2020-06-01,8.0
프랑스,유학연수,2020-07-01,11.0
프랑스,유학연수,2020-08-01,700.0
프랑스,유학연수,2020-09-01,40.0
프랑스,유학연수,2020-10-01,22.0
프랑스,유학연수,2020-11-01,87.0
프랑스,유학연수,2020-12-01,16.0
프랑스,유학연수,2021-01-01,150.0
프랑스,유학연수,2021-02-01,1068.0
프랑스,유학연수,2021-03-01,23.0
프랑스,유학연수,2021-04-01,2.0
프랑스,유학연수,2021-05-01,5.0
프랑스,유학연수,2021-06-01,7.0
프랑스,유학연수,2021-07-01,11.0
프랑스,유학연수,2021-08-01,509.0
프랑스,유학연수,2021-09-01,324.0
프랑스,유학연수,2021-10-01,42.0
프랑스,유학연수,2021-11-01,150.0
프랑스,유학연수,2021-12-01,45.0
프랑스,유학연수,2022-01-01,146.0
프랑스,유학연수,2022-02-01,1556.0
프랑스,유학연수,2022-03-01,100.0
프랑스,유학연수,2022-04-01,22.0
프랑스,유학연수,2022-05-01,120.0
프랑스,유학연수,2022-06-01,95.0
프랑스,유학연수,2022-07-01,127.0
프랑스,유학연수,2022-08-01,1743.0
프랑스,유학연수,2022-09-01,140.0
프랑스,유학연수,2022-10-01,16.0
프랑스,유학연수,2022-11-01,206.0
프랑스,유학연수,2022-12-01,289.0
프랑스,유학연수,2023-01-01,395.0
프랑스,유학연수,2023-02-01,1454.0
프랑스,유학연수,2023-03-01,234.0
프랑스,유학연수,2023-04-01,91.0
프랑스,유학연수,2023-05-01,377.0
프랑스,유학연수,2023-06-01,336.0
프랑스,유학연수,2023-07-01,284.0
프랑스,유학연수,2023-08-01,1828.0
프랑스,유학연수,2023-09-01,131.0
프랑스,유학연수,2023-10-01,77.0
프랑스,유학연수,2023-11-01,404.0
프랑스,유학연수,2023-12-01,434.0
프랑스,유학연수,2024-01-01,487.0
프랑스,유학연수,2024-02-01,1438.0
프랑스,유학연수,2024-03-01,342.0
프랑스,유학연수,2024-04-01,156.0
프랑스,유학연수,2024-05-01,634.0
프랑스,유학연수,2024-06-01,450.0
프랑스,유학연수,2024-07-01,324.0
프랑스,유학연수,2024-08-01,1838.0
프랑스,유학연수,2024-09-01,188.0
프랑스,유학연수,2024-10-01,102.0
프랑스,유학연수,2024-11-01,528.0
프랑스,유학연수,2024-12-01,522.0
프랑스,유학연수,2025-01-01,563.0
프랑스,유학연수,2025-02-01,1443.0
프랑스,유학연수,2025-03-01,358.0
프랑스,유학연수,2025-04-01,230.0
프랑스,유학연수,2025-05-01,724.0
피지,공용,2005-01-01,0.0
피지,공용,2005-02-01,0.0
피지,공용,2005-03-01,0.0
피지,공용,2005-04-01,0.0
피지,공용,2005-05-01,0.0
피지,공용,2005-06-01,0.0
피지,공용,2005-07-01,0.0
피지,공용,2005-08-01,0.0
피지,공용,2005-09-01,0.0
피지,공용,2005-10-01,0.0
피지,공용,2005-11-01,0.0
피지,공용,2005-12-01,0.0
피지,공용,2006-01-01,0.0
피지,공용,2006-02-01,0.0
피지,공용,2006-03-01,0.0
피지,공용,2006-04-01,0.0
피지,공용,2006-05-01,0.0
피지,공용,2006-06-01,0.0
피지,공용,2006-07-01,0.0
피지,공용,2006-08-01,0.0
피지,공용,2006-09-01,0.0
피지,공용,2006-10-01,0.0
피지,공용,2006-11-01,0.0
피지,공용,2006-12-01,0.0
피지,공용,2007-01-01,0.0
피지,공용,2007-02-01,0.0
피지,공용,2007-03-01,0.0
피지,공용,2007-04-01,0.0
피지,공용,2007-05-01,0.0
피지,공용,2007-06-01,0.0
피지,공용,2007-07-01,0.0
피지,공용,2007-08-01,0.0
피지,공용,2007-09-01,0.0
피지,공용,2007-10-01,0.0
피지,공용,2007-11-01,0.0
피지,공용,2007-12-01,0.0
피지,공용,2008-01-01,0.0
피지,공용,2008-02-01,0.0
피지,공용,2008-03-01,0.0
피지,공용,2008-04-01,1.0
피지,공용,2008-05-01,0.0
피지,공용,2008-06-01,0.0
피지,공용,2008-07-01,0.0
피지,공용,2008-08-01,0.0
피지,공용,2008-09-01,0.0
피지,공용,2008-10-01,0.0
피지,공용,2008-11-01,0.0
피지,공용,2008-12-01,0.0
피지,공용,2009-01-01,0.0
피지,공용,2009-02-01,0.0
피지,공용,2009-03-01,0.0
피지,공용,2009-04-01,0.0
피지,공용,2009-05-01,0.0
피지,공용,2009-06-01,0.0
피지,공용,2009-07-01,0.0
피지,공용,2009-08-01,0.0
피지,공용,2009-09-01,0.0
피지,공용,2009-10-01,0.0
피지,공용,2009-11-01,0.0
피지,공용,2009-12-01,0.0
피지,공용,2010-01-01,0.0
피지,공용,2010-02-01,0.0
피지,공용,2010-03-01,0.0
피지,공용,2010-04-01,0.0
피지,공용,2010-05-01,0.0
피지,공용,2010-06-01,0.0
피지,공용,2010-07-01,0.0
피지,공용,2010-08-01,0.0
피지,공용,2010-09-01,0.0
피지,공용,2010-10-01,0.0
피지,공용,2010-11-01,0.0
피지,공용,2010-12-01,0.0
피지,공용,2011-01-01,0.0
피지,공용,2011-02-01,0.0
피지,공용,2011-03-01,0.0
피지,공용,2011-04-01,0.0
피지,공용,2011-05-01,0.0
피지,공용,2011-06-01,0.0
피지,공용,2011-07-01,0.0
피지,공용,2011-08-01,0.0
피지,공용,2011-09-01,0.0
피지,공용,2011-10-01,0.0
피지,공용,2011-11-01,0.0
피지,공용,2011-12-01,0.0
피지,공용,2012-01-01,0.0
피지,공용,2012-02-01,0.0
피지,공용,2012-03-01,0.0
피지,공용,2012-04-01,0.0
피지,공용,2012-05-01,0.0
피지,공용,2012-06-01,0.0
피지,공용,2012-07-01,2.0
피지,공용,2012-08-01,0.0
피지,공용,2012-09-01,0.0
피지,공용,2012-10-01,1.0
피지,공용,2012-11-01,1.0
피지,공용,2012-12-01,0.0
피지,공용,2013-01-01,1.0
피지,공용,2013-02-01,2.0
피지,공용,2013-03-01,0.0
피지,공용,2013-04-01,1.0
피지,공용,2013-05-01,0.0
피지,공용,2013-06-01,1.0
피지,공용,2013-07-01,0.0
피지,공용,2013-08-01,0.0
피지,공용,2013-09-01,0.0
피지,공용,2013-10-01,0.0
피지,공용,2013-11-01,0.0
피지,공용,2013-12-01,0.0
피지,공용,2014-01-01,1.0
피지,공용,2014-02-01,0.0
피지,공용,2014-03-01,0.0
피지,공용,2014-04-01,0.0
피지,공용,2014-05-01,0.0
피지,공용,2014-06-01,0.0
피지,공용,2014-07-01,0.0
피지,공용,2014-08-01,0.0
피지,공용,2014-09-01,1.0
피지,공용,2014-10-01,0.0
피지,공용,2014-11-01,0.0
피지,공용,2014-12-01,0.0
피지,공용,2015-01-01,1.0
피지,공용,2015-02-01,0.0
피지,공용,2015-03-01,0.0
피지,공용,2015-04-01,0.0
피지,공용,2015-05-01,0.0
피지,공용,2015-06-01,0.0
피지,공용,2015-07-01,0.0
피지,공용,2015-08-01,0.0
피지,공용,2015-09-01,0.0
피지,공용,2015-10-01,1.0
피지,공용,2015-11-01,3.0
피지,공용,2015-12-01,0.0
피지,공용,2016-01-01,1.0
피지,공용,2016-02-01,0.0
피지,공용,2016-03-01,0.0
피지,공용,2016-04-01,0.0
피지,공용,2016-05-01,0.0
피지,공용,2016-06-01,0.0
피지,공용,2016-07-01,0.0
피지,공용,2016-08-01,0.0
피지,공용,2016-09-01,1.0
피지,공용,2016-10-01,0.0
피지,공용,2016-11-01,0.0
피지,공용,2016-12-01,0.0
피지,공용,2017-01-01,1.0
피지,공용,2017-02-01,2.0
피지,공용,2017-03-01,1.0
피지,공용,2017-04-01,0.0
피지,공용,2017-05-01,0.0
피지,공용,2017-06-01,0.0
피지,공용,2017-07-01,1.0
피지,공용,2017-08-01,0.0
피지,공용,2017-09-01,1.0
피지,공용,2017-10-01,0.0
피지,공용,2017-11-01,0.0
피지,공용,2017-12-01,4.0
피지,공용,2018-01-01,3.0
피지,공용,2018-02-01,1.0
피지,공용,2018-03-01,4.0
피지,공용,2018-04-01,4.0
피지,공용,2018-05-01,1.0
피지,공용,2018-06-01,0.0
피지,공용,2018-07-01,3.0
피지,공용,2018-08-01,4.0
피지,공용,2018-09-01,2.0
피지,공용,2018-10-01,4.0
피지,공용,2018-11-01,2.0
피지,공용,2018-12-01,7.0
피지,공용,2019-01-01,2.0
피지,공용,2019-02-01,1.0
피지,공용,2019-03-01,4.0
피지,공용,2019-04-01,2.0
피지,공용,2019-05-01,2.0
피지,공용,2019-06-01,4.0
피지,공용,2019-07-01,2.0
피지,공용,2019-08-01,1.0
피지,공용,2019-09-01,1.0
피지,공용,2019-10-01,3.0
피지,공용,2019-11-01,2.0
피지,공용,2019-12-01,1.0
피지,공용,2020-01-01,3.0
피지,공용,2020-02-01,0.0
피지,공용,2020-03-01,0.0
피지,공용,2020-04-01,0.0
피지,공용,2020-05-01,1.0
피지,공용,2020-06-01,0.0
피지,공용,2020-07-01,2.0
피지,공용,2020-08-01,1.0
피지,공용,2020-09-01,0.0
피지,공용,2020-10-01,0.0
피지,공용,2020-11-01,0.0
피지,공용,2020-12-01,0.0
피지,공용,2021-01-01,1.0
피지,공용,2021-02-01,1.0
피지,공용,2021-03-01,0.0
피지,공용,2021-04-01,0.0
피지,공용,2021-05-01,0.0
피지,공용,2021-06-01,1.0
피지,공용,2021-07-01,0.0
피지,공용,2021-08-01,1.0
피지,공용,2021-09-01,0.0
피지,공용,2021-10-01,0.0
피지,공용,2021-11-01,0.0
피지,공용,2021-12-01,0.0
피지,공용,2022-01-01,2.0
피지,공용,2022-02-01,1.0
피지,공용,2022-03-01,0.0
피지,공용,2022-04-01,0.0
피지,공용,2022-05-01,2.0
피지,공용,2022-06-01,1.0
피지,공용,2022-07-01,1.0
피지,공용,2022-08-01,2.0
피지,공용,2022-09-01,3.0
피지,공용,2022-10-01,0.0
피지,공용,2022-11-01,3.0
피지,공용,2022-12-01,2.0
피지,공용,2023-01-01,1.0
피지,공용,2023-02-01,0.0
피지,공용,2023-03-01,0.0
피지,공용,2023-04-01,1.0
피지,공용,2023-05-01,1.0
피지,공용,2023-06-01,0.0
피지,공용,2023-07-01,0.0
피지,공용,2023-08-01,2.0
피지,공용,2023-09-01,1.0
피지,공용,2023-10-01,0.0
피지,공용,2023-11-01,1.0
피지,공용,2023-12-01,0.0
피지,공용,2024-01-01,0.0
피지,공용,2024-02-01,0.0
피지,공용,2024-03-01,0.0
피지,공용,2024-04-01,3.0
피지,공용,2024-05-01,0.0
피지,공용,2024-06-01,0.0
피지,공용,2024-07-01,0.0
피지,공용,2024-08-01,3.0
피지,공용,2024-09-01,0.0
피지,공용,2024-10-01,0.0
피지,공용,2024-11-01,1.0
피지,공용,2024-12-01,0.0
피지,공용,2025-01-01,3.0
피지,공용,2025-02-01,0.0
피지,공용,2025-03-01,0.0
피지,공용,2025-04-01,0.0
피지,공용,2025-05-01,1.0
피지,관광,2005-01-01,175.0
피지,관광,2005-02-01,84.0
피지,관광,2005-03-01,104.0
피지,관광,2005-04-01,100.0
피지,관광,2005-05-01,119.0
피지,관광,2005-06-01,98.0
피지,관광,2005-07-01,112.0
피지,관광,2005-08-01,184.0
피지,관광,2005-09-01,172.0
피지,관광,2005-10-01,117.0
피지,관광,2005-11-01,111.0
피지,관광,2005-12-01,118.0
피지,관광,2006-01-01,250.0
피지,관광,2006-02-01,90.0
피지,관광,2006-03-01,105.0
피지,관광,2006-04-01,140.0
피지,관광,2006-05-01,195.0
피지,관광,2006-06-01,224.0
피지,관광,2006-07-01,201.0
피지,관광,2006-08-01,266.0
피지,관광,2006-09-01,191.0
피지,관광,2006-10-01,160.0
피지,관광,2006-11-01,138.0
피지,관광,2006-12-01,196.0
피지,관광,2007-01-01,547.0
피지,관광,2007-02-01,164.0
피지,관광,2007-03-01,132.0
피지,관광,2007-04-01,243.0
피지,관광,2007-05-01,162.0
피지,관광,2007-06-01,153.0
피지,관광,2007-07-01,204.0
피지,관광,2007-08-01,368.0
피지,관광,2007-09-01,375.0
피지,관광,2007-10-01,231.0
피지,관광,2007-11-01,189.0
피지,관광,2007-12-01,230.0
피지,관광,2008-01-01,535.0
피지,관광,2008-02-01,241.0
피지,관광,2008-03-01,203.0
피지,관광,2008-04-01,217.0
피지,관광,2008-05-01,308.0
피지,관광,2008-06-01,231.0
피지,관광,2008-07-01,283.0
피지,관광,2008-08-01,346.0
피지,관광,2008-09-01,367.0
피지,관광,2008-10-01,300.0
피지,관광,2008-11-01,272.0
피지,관광,2008-12-01,296.0
피지,관광,2009-01-01,638.0
피지,관광,2009-02-01,236.0
피지,관광,2009-03-01,204.0
피지,관광,2009-04-01,215.0
피지,관광,2009-05-01,375.0
피지,관광,2009-06-01,280.0
피지,관광,2009-07-01,322.0
피지,관광,2009-08-01,358.0
피지,관광,2009-09-01,348.0
피지,관광,2009-10-01,500.0
피지,관광,2009-11-01,271.0
피지,관광,2009-12-01,307.0
피지,관광,2010-01-01,698.0
피지,관광,2010-02-01,215.0
피지,관광,2010-03-01,423.0
피지,관광,2010-04-01,308.0
피지,관광,2010-05-01,469.0
피지,관광,2010-06-01,247.0
피지,관광,2010-07-01,256.0
피지,관광,2010-08-01,422.0
피지,관광,2010-09-01,370.0
피지,관광,2010-10-01,468.0
피지,관광,2010-11-01,204.0
피지,관광,2010-12-01,323.0
피지,관광,2011-01-01,577.0
피지,관광,2011-02-01,188.0
피지,관광,2011-03-01,279.0
피지,관광,2011-04-01,285.0
피지,관광,2011-05-01,429.0
피지,관광,2011-06-01,203.0
피지,관광,2011-07-01,216.0
피지,관광,2011-08-01,333.0
피지,관광,2011-09-01,253.0
피지,관광,2011-10-01,456.0
피지,관광,2011-11-01,181.0
피지,관광,2011-12-01,299.0
피지,관광,2012-01-01,490.0
피지,관광,2012-02-01,194.0
피지,관광,2012-03-01,277.0
피지,관광,2012-04-01,373.0
피지,관광,2012-05-01,465.0
피지,관광,2012-06-01,327.0
피지,관광,2012-07-01,325.0
피지,관광,2012-08-01,332.0
피지,관광,2012-09-01,366.0
피지,관광,2012-10-01,360.0
피지,관광,2012-11-01,270.0
피지,관광,2012-12-01,351.0
피지,관광,2013-01-01,576.0
피지,관광,2013-02-01,211.0
피지,관광,2013-03-01,334.0
피지,관광,2013-04-01,346.0
피지,관광,2013-05-01,497.0
피지,관광,2013-06-01,315.0
피지,관광,2013-07-01,326.0
피지,관광,2013-08-01,257.0
피지,관광,2013-09-01,276.0
피지,관광,2013-10-01,597.0
피지,관광,2013-11-01,233.0
피지,관광,2013-12-01,222.0
피지,관광,2014-01-01,528.0
피지,관광,2014-02-01,154.0
피지,관광,2014-03-01,182.0
피지,관광,2014-04-01,219.0
피지,관광,2014-05-01,328.0
피지,관광,2014-06-01,295.0
피지,관광,2014-07-01,273.0
피지,관광,2014-08-01,299.0
피지,관광,2014-09-01,248.0
피지,관광,2014-10-01,310.0
피지,관광,2014-11-01,210.0
피지,관광,2014-12-01,243.0
피지,관광,2015-01-01,418.0
피지,관광,2015-02-01,132.0
피지,관광,2015-03-01,197.0
피지,관광,2015-04-01,202.0
피지,관광,2015-05-01,276.0
피지,관광,2015-06-01,262.0
피지,관광,2015-07-01,202.0
피지,관광,2015-08-01,334.0
피지,관광,2015-09-01,349.0
피지,관광,2015-10-01,297.0
피지,관광,2015-11-01,219.0
피지,관광,2015-12-01,236.0
피지,관광,2016-01-01,469.0
피지,관광,2016-02-01,137.0
피지,관광,2016-03-01,163.0
피지,관광,2016-04-01,206.0
피지,관광,2016-05-01,222.0
피지,관광,2016-06-01,339.0
피지,관광,2016-07-01,295.0
피지,관광,2016-08-01,267.0
피지,관광,2016-09-01,280.0
피지,관광,2016-10-01,273.0
피지,관광,2016-11-01,234.0
피지,관광,2016-12-01,280.0
피지,관광,2017-01-01,344.0
피지,관광,2017-02-01,164.0
피지,관광,2017-03-01,155.0
피지,관광,2017-04-01,179.0
피지,관광,2017-05-01,242.0
피지,관광,2017-06-01,251.0
피지,관광,2017-07-01,183.0
피지,관광,2017-08-01,253.0
피지,관광,2017-09-01,273.0
피지,관광,2017-10-01,258.0
피지,관광,2017-11-01,230.0
피지,관광,2017-12-01,278.0
피지,관광,2018-01-01,366.0
피지,관광,2018-02-01,191.0
피지,관광,2018-03-01,185.0
피지,관광,2018-04-01,189.0
피지,관광,2018-05-01,172.0
피지,관광,2018-06-01,270.0
피지,관광,2018-07-01,236.0
피지,관광,2018-08-01,288.0
피지,관광,2018-09-01,311.0
피지,관광,2018-10-01,198.0
피지,관광,2018-11-01,319.0
피지,관광,2018-12-01,194.0
피지,관광,2019-01-01,461.0
피지,관광,2019-02-01,218.0
피지,관광,2019-03-01,180.0
피지,관광,2019-04-01,194.0
피지,관광,2019-05-01,323.0
피지,관광,2019-06-01,280.0
피지,관광,2019-07-01,235.0
피지,관광,2019-08-01,294.0
피지,관광,2019-09-01,254.0
피지,관광,2019-10-01,61.0
피지,관광,2019-11-01,59.0
피지,관광,2019-12-01,55.0
피지,관광,2020-01-01,30.0
피지,관광,2020-02-01,19.0
피지,관광,2020-03-01,1.0
피지,관광,2020-04-01,0.0
피지,관광,2020-05-01,0.0
피지,관광,2020-06-01,0.0
피지,관광,2020-07-01,0.0
피지,관광,2020-08-01,1.0
피지,관광,2020-09-01,0.0
피지,관광,2020-10-01,2.0
피지,관광,2020-11-01,1.0
피지,관광,2020-12-01,0.0
피지,관광,2021-01-01,0.0
피지,관광,2021-02-01,1.0
피지,관광,2021-03-01,0.0
피지,관광,2021-04-01,0.0
피지,관광,2021-05-01,1.0
피지,관광,2021-06-01,0.0
피지,관광,2021-07-01,0.0
피지,관광,2021-08-01,0.0
피지,관광,2021-09-01,0.0
피지,관광,2021-10-01,0.0
피지,관광,2021-11-01,4.0
피지,관광,2021-12-01,0.0
피지,관광,2022-01-01,0.0
피지,관광,2022-02-01,0.0
피지,관광,2022-03-01,0.0
피지,관광,2022-04-01,6.0
피지,관광,2022-05-01,9.0
피지,관광,2022-06-01,26.0
피지,관광,2022-07-01,10.0
피지,관광,2022-08-01,31.0
피지,관광,2022-09-01,26.0
피지,관광,2022-10-01,45.0
피지,관광,2022-11-01,34.0
피지,관광,2022-12-01,38.0
피지,관광,2023-01-01,19.0
피지,관광,2023-02-01,12.0
피지,관광,2023-03-01,24.0
피지,관광,2023-04-01,35.0
피지,관광,2023-05-01,91.0
피지,관광,2023-06-01,30.0
피지,관광,2023-07-01,72.0
피지,관광,2023-08-01,61.0
피지,관광,2023-09-01,64.0
피지,관광,2023-10-01,78.0
피지,관광,2023-11-01,52.0
피지,관광,2023-12-01,40.0
피지,관광,2024-01-01,18.0
피지,관광,2024-02-01,18.0
피지,관광,2024-03-01,39.0
피지,관광,2024-04-01,50.0
피지,관광,2024-05-01,70.0
피지,관광,2024-06-01,57.0
피지,관광,2024-07-01,95.0
피지,관광,2024-08-01,43.0
피지,관광,2024-09-01,73.0
피지,관광,2024-10-01,91.0
피지,관광,2024-11-01,81.0
피지,관광,2024-12-01,56.0
피지,관광,2025-01-01,26.0
피지,관광,2025-02-01,20.0
피지,관광,2025-03-01,40.0
피지,관광,2025-04-01,69.0
피지,관광,2025-05-01,70.0
피지,상용,2005-01-01,0.0
피지,상용,2005-02-01,0.0
피지,상용,2005-03-01,0.0
피지,상용,2005-04-01,1.0
피지,상용,2005-05-01,2.0
피지,상용,2005-06-01,1.0
피지,상용,2005-07-01,0.0
피지,상용,2005-08-01,1.0
피지,상용,2005-09-01,1.0
피지,상용,2005-10-01,1.0
피지,상용,2005-11-01,1.0
피지,상용,2005-12-01,0.0
피지,상용,2006-01-01,1.0
피지,상용,2006-02-01,0.0
피지,상용,2006-03-01,1.0
피지,상용,2006-04-01,0.0
피지,상용,2006-05-01,0.0
피지,상용,2006-06-01,0.0
피지,상용,2006-07-01,0.0
피지,상용,2006-08-01,1.0
피지,상용,2006-09-01,0.0
피지,상용,2006-10-01,0.0
피지,상용,2006-11-01,0.0
피지,상용,2006-12-01,0.0
피지,상용,2007-01-01,0.0
피지,상용,2007-02-01,0.0
피지,상용,2007-03-01,1.0
피지,상용,2007-04-01,0.0
피지,상용,2007-05-01,0.0
피지,상용,2007-06-01,0.0
피지,상용,2007-07-01,0.0
피지,상용,2007-08-01,0.0
피지,상용,2007-09-01,1.0
피지,상용,2007-10-01,1.0
피지,상용,2007-11-01,0.0
피지,상용,2007-12-01,0.0
피지,상용,2008-01-01,0.0
피지,상용,2008-02-01,0.0
피지,상용,2008-03-01,0.0
피지,상용,2008-04-01,0.0
피지,상용,2008-05-01,0.0
피지,상용,2008-06-01,0.0
피지,상용,2008-07-01,0.0
피지,상용,2008-08-01,0.0
피지,상용,2008-09-01,1.0
피지,상용,2008-10-01,0.0
피지,상용,2008-11-01,0.0
피지,상용,2008-12-01,0.0
피지,상용,2009-01-01,0.0
피지,상용,2009-02-01,0.0
피지,상용,2009-03-01,1.0
피지,상용,2009-04-01,1.0
피지,상용,2009-05-01,0.0
피지,상용,2009-06-01,0.0
피지,상용,2009-07-01,0.0
피지,상용,2009-08-01,1.0
피지,상용,2009-09-01,0.0
피지,상용,2009-10-01,0.0
피지,상용,2009-11-01,0.0
피지,상용,2009-12-01,0.0
피지,상용,2010-01-01,0.0
피지,상용,2010-02-01,0.0
피지,상용,2010-03-01,0.0
피지,상용,2010-04-01,0.0
피지,상용,2010-05-01,0.0
피지,상용,2010-06-01,2.0
피지,상용,2010-07-01,0.0
피지,상용,2010-08-01,0.0
피지,상용,2010-09-01,0.0
피지,상용,2010-10-01,1.0
피지,상용,2010-11-01,2.0
피지,상용,2010-12-01,0.0
피지,상용,2011-01-01,1.0
피지,상용,2011-02-01,0.0
피지,상용,2011-03-01,0.0
피지,상용,2011-04-01,0.0
피지,상용,2011-05-01,0.0
피지,상용,2011-06-01,0.0
피지,상용,2011-07-01,0.0
피지,상용,2011-08-01,1.0
피지,상용,2011-09-01,0.0
피지,상용,2011-10-01,0.0
피지,상용,2011-11-01,0.0
피지,상용,2011-12-01,0.0
피지,상용,2012-01-01,0.0
피지,상용,2012-02-01,0.0
피지,상용,2012-03-01,0.0
피지,상용,2012-04-01,0.0
피지,상용,2012-05-01,0.0
피지,상용,2012-06-01,0.0
피지,상용,2012-07-01,1.0
피지,상용,2012-08-01,0.0
피지,상용,2012-09-01,0.0
피지,상용,2012-10-01,0.0
피지,상용,2012-11-01,0.0
피지,상용,2012-12-01,0.0
피지,상용,2013-01-01,0.0
피지,상용,2013-02-01,0.0
피지,상용,2013-03-01,0.0
피지,상용,2013-04-01,0.0
피지,상용,2013-05-01,0.0
피지,상용,2013-06-01,1.0
피지,상용,2013-07-01,0.0
피지,상용,2013-08-01,1.0
피지,상용,2013-09-01,1.0
피지,상용,2013-10-01,1.0
피지,상용,2013-11-01,1.0
피지,상용,2013-12-01,1.0
피지,상용,2014-01-01,0.0
피지,상용,2014-02-01,0.0
피지,상용,2014-03-01,0.0
피지,상용,2014-04-01,0.0
피지,상용,2014-05-01,1.0
피지,상용,2014-06-01,0.0
피지,상용,2014-07-01,0.0
피지,상용,2014-08-01,0.0
피지,상용,2014-09-01,1.0
피지,상용,2014-10-01,1.0
피지,상용,2014-11-01,1.0
피지,상용,2014-12-01,0.0
피지,상용,2015-01-01,0.0
피지,상용,2015-02-01,0.0
피지,상용,2015-03-01,0.0
피지,상용,2015-04-01,0.0
피지,상용,2015-05-01,0.0
피지,상용,2015-06-01,0.0
피지,상용,2015-07-01,0.0
피지,상용,2015-08-01,0.0
피지,상용,2015-09-01,0.0
피지,상용,2015-10-01,0.0
피지,상용,2015-11-01,0.0
피지,상용,2015-12-01,0.0
피지,상용,2016-01-01,1.0
피지,상용,2016-02-01,0.0
피지,상용,2016-03-01,1.0
피지,상용,2016-04-01,0.0
피지,상용,2016-05-01,0.0
피지,상용,2016-06-01,0.0
피지,상용,2016-07-01,0.0
피지,상용,2016-08-01,0.0
피지,상용,2016-09-01,0.0
피지,상용,2016-10-01,0.0
피지,상용,2016-11-01,0.0
피지,상용,2016-12-01,0.0
피지,상용,2017-01-01,0.0
피지,상용,2017-02-01,0.0
피지,상용,2017-03-01,0.0
피지,상용,2017-04-01,0.0
피지,상용,2017-05-01,0.0
피지,상용,2017-06-01,0.0
피지,상용,2017-07-01,0.0
피지,상용,2017-08-01,0.0
피지,상용,2017-09-01,0.0
피지,상용,2017-10-01,0.0
피지,상용,2017-11-01,0.0
피지,상용,2017-12-01,0.0
피지,상용,2018-01-01,0.0
피지,상용,2018-02-01,0.0
피지,상용,2018-03-01,0.0
피지,상용,2018-04-01,0.0
피지,상용,2018-05-01,0.0
피지,상용,2018-06-01,0.0
피지,상용,2018-07-01,0.0
피지,상용,2018-08-01,0.0
피지,상용,2018-09-01,0.0
피지,상용,2018-10-01,0.0
피지,상용,2018-11-01,0.0
피지,상용,2018-12-01,0.0
피지,상용,2019-01-01,0.0
피지,상용,2019-02-01,0.0
피지,상용,2019-03-01,0.0
피지,상용,2019-04-01,0.0
피지,상용,2019-05-01,0.0
피지,상용,2019-06-01,0.0
피지,상용,2019-07-01,0.0
피지,상용,2019-08-01,0.0
피지,상용,2019-09-01,0.0
피지,상용,2019-10-01,0.0
피지,상용,2019-11-01,0.0
피지,상용,2019-12-01,0.0
피지,상용,2020-01-01,0.0
피지,상용,2020-02-01,0.0
피지,상용,2020-03-01,0.0
피지,상용,2020-04-01,0.0
피지,상용,2020-05-01,0.0
피지,상용,2020-06-01,0.0
피지,상용,2020-07-01,0.0
피지,상용,2020-08-01,0.0
피지,상용,2020-09-01,0.0
피지,상용,2020-10-01,0.0
피지,상용,2020-11-01,0.0
피지,상용,2020-12-01,0.0
피지,상용,2021-01-01,0.0
피지,상용,2021-02-01,0.0
피지,상용,2021-03-01,0.0
피지,상용,2021-04-01,0.0
피지,상용,2021-05-01,0.0
피지,상용,2021-06-01,0.0
피지,상용,2021-07-01,0.0
피지,상용,2021-08-01,0.0
피지,상용,2021-09-01,0.0
피지,상용,2021-10-01,0.0
피지,상용,2021-11-01,0.0
피지,상용,2021-12-01,0.0
피지,상용,2022-01-01,0.0
피지,상용,2022-02-01,0.0
피지,상용,2022-03-01,0.0
피지,상용,2022-04-01,0.0
피지,상용,2022-05-01,0.0
피지,상용,2022-06-01,0.0
피지,상용,2022-07-01,0.0
피지,상용,2022-08-01,0.0
피지,상용,2022-09-01,0.0
피지,상용,2022-10-01,0.0
피지,상용,2022-11-01,0.0
피지,상용,2022-12-01,0.0
피지,상용,2023-01-01,0.0
피지,상용,2023-02-01,0.0
피지,상용,2023-03-01,0.0
피지,상용,2023-04-01,0.0
피지,상용,2023-05-01,0.0
피지,상용,2023-06-01,0.0
피지,상용,2023-07-01,0.0
피지,상용,2023-08-01,0.0
피지,상용,2023-09-01,0.0
피지,상용,2023-10-01,0.0
피지,상용,2023-11-01,0.0
피지,상용,2023-12-01,0.0
피지,상용,2024-01-01,0.0
피지,상용,2024-02-01,0.0
피지,상용,2024-03-01,0.0
피지,상용,2024-04-01,0.0
피지,상용,2024-05-01,0.0
피지,상용,2024-06-01,0.0
피지,상용,2024-07-01,0.0
피지,상용,2024-08-01,0.0
피지,상용,2024-09-01,0.0
피지,상용,2024-10-01,0.0
피지,상용,2024-11-01,0.0
피지,상용,2024-12-01,0.0
피지,상용,2025-01-01,0.0
피지,상용,2025-02-01,0.0
피지,상용,2025-03-01,0.0
피지,상용,2025-04-01,0.0
피지,상용,2025-05-01,0.0
피지,유학연수,2005-01-01,0.0
피지,유학연수,2005-02-01,0.0
피지,유학연수,2005-03-01,0.0
피지,유학연수,2005-04-01,0.0
피지,유학연수,2005-05-01,0.0
피지,유학연수,2005-06-01,0.0
피지,유학연수,2005-07-01,0.0
피지,유학연수,2005-08-01,0.0
피지,유학연수,2005-09-01,0.0
피지,유학연수,2005-10-01,0.0
피지,유학연수,2005-11-01,0.0
피지,유학연수,2005-12-01,0.0
피지,유학연수,2006-01-01,0.0
피지,유학연수,2006-02-01,0.0
피지,유학연수,2006-03-01,0.0
피지,유학연수,2006-04-01,0.0
피지,유학연수,2006-05-01,0.0
피지,유학연수,2006-06-01,0.0
피지,유학연수,2006-07-01,0.0
피지,유학연수,2006-08-01,0.0
피지,유학연수,2006-09-01,0.0
피지,유학연수,2006-10-01,0.0
피지,유학연수,2006-11-01,0.0
피지,유학연수,2006-12-01,0.0
피지,유학연수,2007-01-01,0.0
피지,유학연수,2007-02-01,0.0
피지,유학연수,2007-03-01,0.0
피지,유학연수,2007-04-01,0.0
피지,유학연수,2007-05-01,0.0
피지,유학연수,2007-06-01,1.0
피지,유학연수,2007-07-01,0.0
피지,유학연수,2007-08-01,0.0
피지,유학연수,2007-09-01,0.0
피지,유학연수,2007-10-01,0.0
피지,유학연수,2007-11-01,0.0
피지,유학연수,2007-12-01,0.0
피지,유학연수,2008-01-01,0.0
피지,유학연수,2008-02-01,1.0
피지,유학연수,2008-03-01,0.0
피지,유학연수,2008-04-01,0.0
피지,유학연수,2008-05-01,0.0
피지,유학연수,2008-06-01,0.0
피지,유학연수,2008-07-01,0.0
피지,유학연수,2008-08-01,3.0
피지,유학연수,2008-09-01,0.0
피지,유학연수,2008-10-01,0.0
피지,유학연수,2008-11-01,0.0
피지,유학연수,2008-12-01,0.0
피지,유학연수,2009-01-01,2.0
피지,유학연수,2009-02-01,4.0
피지,유학연수,2009-03-01,0.0
피지,유학연수,2009-04-01,0.0
피지,유학연수,2009-05-01,0.0
피지,유학연수,2009-06-01,0.0
피지,유학연수,2009-07-01,2.0
피지,유학연수,2009-08-01,3.0
피지,유학연수,2009-09-01,4.0
피지,유학연수,2009-10-01,7.0
피지,유학연수,2009-11-01,0.0
피지,유학연수,2009-12-01,1.0
피지,유학연수,2010-01-01,4.0
피지,유학연수,2010-02-01,4.0
피지,유학연수,2010-03-01,2.0
피지,유학연수,2010-04-01,0.0
피지,유학연수,2010-05-01,4.0
피지,유학연수,2010-06-01,0.0
피지,유학연수,2010-07-01,6.0
피지,유학연수,2010-08-01,4.0
피지,유학연수,2010-09-01,1.0
피지,유학연수,2010-10-01,1.0
피지,유학연수,2010-11-01,1.0
피지,유학연수,2010-12-01,5.0
피지,유학연수,2011-01-01,2.0
피지,유학연수,2011-02-01,6.0
피지,유학연수,2011-03-01,0.0
피지,유학연수,2011-04-01,1.0
피지,유학연수,2011-05-01,2.0
피지,유학연수,2011-06-01,0.0
피지,유학연수,2011-07-01,5.0
피지,유학연수,2011-08-01,5.0
피지,유학연수,2011-09-01,2.0
피지,유학연수,2011-10-01,1.0
피지,유학연수,2011-11-01,0.0
피지,유학연수,2011-12-01,1.0
피지,유학연수,2012-01-01,3.0
피지,유학연수,2012-02-01,3.0
피지,유학연수,2012-03-01,1.0
피지,유학연수,2012-04-01,0.0
피지,유학연수,2012-05-01,0.0
피지,유학연수,2012-06-01,4.0
피지,유학연수,2012-07-01,1.0
피지,유학연수,2012-08-01,4.0
피지,유학연수,2012-09-01,3.0
피지,유학연수,2012-10-01,2.0
피지,유학연수,2012-11-01,0.0
피지,유학연수,2012-12-01,0.0
피지,유학연수,2013-01-01,5.0
피지,유학연수,2013-02-01,4.0
피지,유학연수,2013-03-01,1.0
피지,유학연수,2013-04-01,2.0
피지,유학연수,2013-05-01,1.0
피지,유학연수,2013-06-01,4.0
피지,유학연수,2013-07-01,2.0
피지,유학연수,2013-08-01,3.0
피지,유학연수,2013-09-01,3.0
피지,유학연수,2013-10-01,2.0
피지,유학연수,2013-11-01,0.0
피지,유학연수,2013-12-01,1.0
피지,유학연수,2014-01-01,2.0
피지,유학연수,2014-02-01,1.0
피지,유학연수,2014-03-01,1.0
피지,유학연수,2014-04-01,0.0
피지,유학연수,2014-05-01,1.0
피지,유학연수,2014-06-01,2.0
피지,유학연수,2014-07-01,1.0
피지,유학연수,2014-08-01,14.0
피지,유학연수,2014-09-01,1.0
피지,유학연수,2014-10-01,1.0
피지,유학연수,2014-11-01,0.0
피지,유학연수,2014-12-01,0.0
피지,유학연수,2015-01-01,2.0
피지,유학연수,2015-02-01,2.0
피지,유학연수,2015-03-01,2.0
피지,유학연수,2015-04-01,0.0
피지,유학연수,2015-05-01,0.0
피지,유학연수,2015-06-01,2.0
피지,유학연수,2015-07-01,4.0
피지,유학연수,2015-08-01,11.0
피지,유학연수,2015-09-01,4.0
피지,유학연수,2015-10-01,0.0
피지,유학연수,2015-11-01,1.0
피지,유학연수,2015-12-01,1.0
피지,유학연수,2016-01-01,5.0
피지,유학연수,2016-02-01,3.0
피지,유학연수,2016-03-01,2.0
피지,유학연수,2016-04-01,1.0
피지,유학연수,2016-05-01,0.0
피지,유학연수,2016-06-01,2.0
피지,유학연수,2016-07-01,2.0
피지,유학연수,2016-08-01,6.0
피지,유학연수,2016-09-01,0.0
피지,유학연수,2016-10-01,1.0
피지,유학연수,2016-11-01,2.0
피지,유학연수,2016-12-01,1.0
피지,유학연수,2017-01-01,2.0
피지,유학연수,2017-02-01,1.0
피지,유학연수,2017-03-01,1.0
피지,유학연수,2017-04-01,0.0
피지,유학연수,2017-05-01,0.0
피지,유학연수,2017-06-01,1.0
피지,유학연수,2017-07-01,0.0
피지,유학연수,2017-08-01,6.0
피지,유학연수,2017-09-01,2.0
피지,유학연수,2017-10-01,0.0
피지,유학연수,2017-11-01,2.0
피지,유학연수,2017-12-01,0.0
피지,유학연수,2018-01-01,2.0
피지,유학연수,2018-02-01,1.0
피지,유학연수,2018-03-01,2.0
피지,유학연수,2018-04-01,2.0
피지,유학연수,2018-05-01,0.0
피지,유학연수,2018-06-01,1.0
피지,유학연수,2018-07-01,1.0
피지,유학연수,2018-08-01,3.0
피지,유학연수,2018-09-01,1.0
피지,유학연수,2018-10-01,1.0
피지,유학연수,2018-11-01,1.0
피지,유학연수,2018-12-01,1.0
피지,유학연수,2019-01-01,0.0
피지,유학연수,2019-02-01,1.0
피지,유학연수,2019-03-01,1.0
피지,유학연수,2019-04-01,0.0
피지,유학연수,2019-05-01,0.0
피지,유학연수,2019-06-01,0.0
피지,유학연수,2019-07-01,5.0
피지,유학연수,2019-08-01,6.0
피지,유학연수,2019-09-01,3.0
피지,유학연수,2019-10-01,0.0
피지,유학연수,2019-11-01,3.0
피지,유학연수,2019-12-01,0.0
피지,유학연수,2020-01-01,1.0
피지,유학연수,2020-02-01,2.0
피지,유학연수,2020-03-01,0.0
피지,유학연수,2020-04-01,0.0
피지,유학연수,2020-05-01,0.0
피지,유학연수,2020-06-01,0.0
피지,유학연수,2020-07-01,3.0
피지,유학연수,2020-08-01,1.0
피지,유학연수,2020-09-01,0.0
피지,유학연수,2020-10-01,0.0
피지,유학연수,2020-11-01,0.0
피지,유학연수,2020-12-01,0.0
피지,유학연수,2021-01-01,4.0
피지,유학연수,2021-02-01,1.0
피지,유학연수,2021-03-01,1.0
피지,유학연수,2021-04-01,0.0
피지,유학연수,2021-05-01,0.0
피지,유학연수,2021-06-01,0.0
피지,유학연수,2021-07-01,0.0
피지,유학연수,2021-08-01,5.0
피지,유학연수,2021-09-01,0.0
피지,유학연수,2021-10-01,0.0
피지,유학연수,2021-11-01,0.0
피지,유학연수,2021-12-01,0.0
피지,유학연수,2022-01-01,3.0
피지,유학연수,2022-02-01,3.0
피지,유학연수,2022-03-01,0.0
피지,유학연수,2022-04-01,0.0
피지,유학연수,2022-05-01,0.0
피지,유학연수,2022-06-01,0.0
피지,유학연수,2022-07-01,1.0
피지,유학연수,2022-08-01,5.0
피지,유학연수,2022-09-01,1.0
피지,유학연수,2022-10-01,0.0
피지,유학연수,2022-11-01,1.0
피지,유학연수,2022-12-01,0.0
피지,유학연수,2023-01-01,3.0
피지,유학연수,2023-02-01,0.0
피지,유학연수,2023-03-01,3.0
피지,유학연수,2023-04-01,0.0
피지,유학연수,2023-05-01,0.0
피지,유학연수,2023-06-01,1.0
피지,유학연수,2023-07-01,4.0
피지,유학연수,2023-08-01,7.0
피지,유학연수,2023-09-01,0.0
피지,유학연수,2023-10-01,0.0
피지,유학연수,2023-11-01,0.0
피지,유학연수,2023-12-01,2.0
피지,유학연수,2024-01-01,3.0
피지,유학연수,2024-02-01,4.0
피지,유학연수,2024-03-01,0.0
피지,유학연수,2024-04-01,0.0
피지,유학연수,2024-05-01,1.0
피지,유학연수,2024-06-01,1.0
피지,유학연수,2024-07-01,0.0
피지,유학연수,2024-08-01,6.0
피지,유학연수,2024-09-01,1.0
피지,유학연수,2024-10-01,0.0
피지,유학연수,2024-11-01,0.0
피지,유학연수,2024-12-01,0.0
피지,유학연수,2025-01-01,0.0
피지,유학연수,2025-02-01,4.0
피지,유학연수,2025-03-01,2.0
피지,유학연수,2025-04-01,0.0
피지,유학연수,2025-05-01,1.0
필리핀,공용,2005-01-01,100.0
필리핀,공용,2005-02-01,51.0
필리핀,공용,2005-03-01,76.0
필리핀,공용,2005-04-01,92.0
필리핀,공용,2005-05-01,91.0
필리핀,공용,2005-06-01,101.0
필리핀,공용,2005-07-01,103.0
필리핀,공용,2005-08-01,88.0
필리핀,공용,2005-09-01,64.0
필리핀,공용,2005-10-01,64.0
필리핀,공용,2005-11-01,75.0
필리핀,공용,2005-12-01,84.0
필리핀,공용,2006-01-01,137.0
필리핀,공용,2006-02-01,71.0
필리핀,공용,2006-03-01,101.0
필리핀,공용,2006-04-01,136.0
필리핀,공용,2006-05-01,108.0
필리핀,공용,2006-06-01,126.0
필리핀,공용,2006-07-01,137.0
필리핀,공용,2006-08-01,93.0
필리핀,공용,2006-09-01,102.0
필리핀,공용,2006-10-01,91.0
필리핀,공용,2006-11-01,63.0
필리핀,공용,2006-12-01,72.0
필리핀,공용,2007-01-01,112.0
필리핀,공용,2007-02-01,68.0
필리핀,공용,2007-03-01,65.0
필리핀,공용,2007-04-01,112.0
필리핀,공용,2007-05-01,105.0
필리핀,공용,2007-06-01,97.0
필리핀,공용,2007-07-01,116.0
필리핀,공용,2007-08-01,94.0
필리핀,공용,2007-09-01,91.0
필리핀,공용,2007-10-01,71.0
필리핀,공용,2007-11-01,76.0
필리핀,공용,2007-12-01,69.0
필리핀,공용,2008-01-01,106.0
필리핀,공용,2008-02-01,59.0
필리핀,공용,2008-03-01,88.0
필리핀,공용,2008-04-01,113.0
필리핀,공용,2008-05-01,82.0
필리핀,공용,2008-06-01,72.0
필리핀,공용,2008-07-01,105.0
필리핀,공용,2008-08-01,88.0
필리핀,공용,2008-09-01,64.0
필리핀,공용,2008-10-01,51.0
필리핀,공용,2008-11-01,54.0
필리핀,공용,2008-12-01,53.0
필리핀,공용,2009-01-01,110.0
필리핀,공용,2009-02-01,59.0
필리핀,공용,2009-03-01,62.0
필리핀,공용,2009-04-01,115.0
필리핀,공용,2009-05-01,74.0
필리핀,공용,2009-06-01,57.0
필리핀,공용,2009-07-01,66.0
필리핀,공용,2009-08-01,78.0
필리핀,공용,2009-09-01,47.0
필리핀,공용,2009-10-01,63.0
필리핀,공용,2009-11-01,68.0
필리핀,공용,2009-12-01,45.0
필리핀,공용,2010-01-01,104.0
필리핀,공용,2010-02-01,47.0
필리핀,공용,2010-03-01,73.0
필리핀,공용,2010-04-01,90.0
필리핀,공용,2010-05-01,84.0
필리핀,공용,2010-06-01,74.0
필리핀,공용,2010-07-01,63.0
필리핀,공용,2010-08-01,83.0
필리핀,공용,2010-09-01,62.0
필리핀,공용,2010-10-01,65.0
필리핀,공용,2010-11-01,45.0
필리핀,공용,2010-12-01,53.0
필리핀,공용,2011-01-01,90.0
필리핀,공용,2011-02-01,42.0
필리핀,공용,2011-03-01,49.0
필리핀,공용,2011-04-01,75.0
필리핀,공용,2011-05-01,64.0
필리핀,공용,2011-06-01,66.0
필리핀,공용,2011-07-01,90.0
필리핀,공용,2011-08-01,72.0
필리핀,공용,2011-09-01,67.0
필리핀,공용,2011-10-01,69.0
필리핀,공용,2011-11-01,61.0
필리핀,공용,2011-12-01,50.0
필리핀,공용,2012-01-01,71.0
필리핀,공용,2012-02-01,35.0
필리핀,공용,2012-03-01,66.0
필리핀,공용,2012-04-01,89.0
필리핀,공용,2012-05-01,54.0
필리핀,공용,2012-06-01,44.0
필리핀,공용,2012-07-01,69.0
필리핀,공용,2012-08-01,64.0
필리핀,공용,2012-09-01,49.0
필리핀,공용,2012-10-01,72.0
필리핀,공용,2012-11-01,56.0
필리핀,공용,2012-12-01,44.0
필리핀,공용,2013-01-01,72.0
필리핀,공용,2013-02-01,22.0
필리핀,공용,2013-03-01,49.0
필리핀,공용,2013-04-01,68.0
필리핀,공용,2013-05-01,62.0
필리핀,공용,2013-06-01,80.0
필리핀,공용,2013-07-01,70.0
필리핀,공용,2013-08-01,83.0
필리핀,공용,2013-09-01,55.0
필리핀,공용,2013-10-01,97.0
필리핀,공용,2013-11-01,87.0
필리핀,공용,2013-12-01,94.0
필리핀,공용,2014-01-01,94.0
필리핀,공용,2014-02-01,48.0
필리핀,공용,2014-03-01,65.0
필리핀,공용,2014-04-01,93.0
필리핀,공용,2014-05-01,138.0
필리핀,공용,2014-06-01,116.0
필리핀,공용,2014-07-01,110.0
필리핀,공용,2014-08-01,131.0
필리핀,공용,2014-09-01,137.0
필리핀,공용,2014-10-01,120.0
필리핀,공용,2014-11-01,126.0
필리핀,공용,2014-12-01,97.0
필리핀,공용,2015-01-01,88.0
필리핀,공용,2015-02-01,52.0
필리핀,공용,2015-03-01,70.0
필리핀,공용,2015-04-01,141.0
필리핀,공용,2015-05-01,122.0
필리핀,공용,2015-06-01,100.0
필리핀,공용,2015-07-01,95.0
필리핀,공용,2015-08-01,115.0
필리핀,공용,2015-09-01,108.0
필리핀,공용,2015-10-01,201.0
필리핀,공용,2015-11-01,139.0
필리핀,공용,2015-12-01,76.0
필리핀,공용,2016-01-01,129.0
필리핀,공용,2016-02-01,82.0
필리핀,공용,2016-03-01,78.0
필리핀,공용,2016-04-01,124.0
필리핀,공용,2016-05-01,122.0
필리핀,공용,2016-06-01,121.0
필리핀,공용,2016-07-01,146.0
필리핀,공용,2016-08-01,120.0
필리핀,공용,2016-09-01,148.0
필리핀,공용,2016-10-01,177.0
필리핀,공용,2016-11-01,118.0
필리핀,공용,2016-12-01,103.0
필리핀,공용,2017-01-01,129.0
필리핀,공용,2017-02-01,68.0
필리핀,공용,2017-03-01,74.0
필리핀,공용,2017-04-01,131.0
필리핀,공용,2017-05-01,166.0
필리핀,공용,2017-06-01,107.0
필리핀,공용,2017-07-01,148.0
필리핀,공용,2017-08-01,135.0
필리핀,공용,2017-09-01,226.0
필리핀,공용,2017-10-01,206.0
필리핀,공용,2017-11-01,169.0
필리핀,공용,2017-12-01,117.0
필리핀,공용,2018-01-01,149.0
필리핀,공용,2018-02-01,61.0
필리핀,공용,2018-03-01,89.0
필리핀,공용,2018-04-01,139.0
필리핀,공용,2018-05-01,170.0
필리핀,공용,2018-06-01,165.0
필리핀,공용,2018-07-01,148.0
필리핀,공용,2018-08-01,150.0
필리핀,공용,2018-09-01,134.0
필리핀,공용,2018-10-01,154.0
필리핀,공용,2018-11-01,181.0
필리핀,공용,2018-12-01,127.0
필리핀,공용,2019-01-01,161.0
필리핀,공용,2019-02-01,57.0
필리핀,공용,2019-03-01,119.0
필리핀,공용,2019-04-01,167.0
필리핀,공용,2019-05-01,176.0
필리핀,공용,2019-06-01,166.0
필리핀,공용,2019-07-01,171.0
필리핀,공용,2019-08-01,157.0
필리핀,공용,2019-09-01,196.0
필리핀,공용,2019-10-01,220.0
필리핀,공용,2019-11-01,203.0
필리핀,공용,2019-12-01,106.0
필리핀,공용,2020-01-01,169.0
필리핀,공용,2020-02-01,89.0
필리핀,공용,2020-03-01,33.0
필리핀,공용,2020-04-01,5.0
필리핀,공용,2020-05-01,12.0
필리핀,공용,2020-06-01,9.0
필리핀,공용,2020-07-01,28.0
필리핀,공용,2020-08-01,13.0
필리핀,공용,2020-09-01,8.0
필리핀,공용,2020-10-01,9.0
필리핀,공용,2020-11-01,38.0
필리핀,공용,2020-12-01,19.0
필리핀,공용,2021-01-01,31.0
필리핀,공용,2021-02-01,8.0
필리핀,공용,2021-03-01,14.0
필리핀,공용,2021-04-01,10.0
필리핀,공용,2021-05-01,18.0
필리핀,공용,2021-06-01,15.0
필리핀,공용,2021-07-01,36.0
필리핀,공용,2021-08-01,37.0
필리핀,공용,2021-09-01,38.0
필리핀,공용,2021-10-01,42.0
필리핀,공용,2021-11-01,47.0
필리핀,공용,2021-12-01,21.0
필리핀,공용,2022-01-01,37.0
필리핀,공용,2022-02-01,45.0
필리핀,공용,2022-03-01,18.0
필리핀,공용,2022-04-01,50.0
필리핀,공용,2022-05-01,118.0
필리핀,공용,2022-06-01,106.0
필리핀,공용,2022-07-01,98.0
필리핀,공용,2022-08-01,133.0
필리핀,공용,2022-09-01,91.0
필리핀,공용,2022-10-01,138.0
필리핀,공용,2022-11-01,218.0
필리핀,공용,2022-12-01,108.0
필리핀,공용,2023-01-01,137.0
필리핀,공용,2023-02-01,68.0
필리핀,공용,2023-03-01,114.0
필리핀,공용,2023-04-01,188.0
필리핀,공용,2023-05-01,162.0
필리핀,공용,2023-06-01,270.0
필리핀,공용,2023-07-01,194.0
필리핀,공용,2023-08-01,168.0
필리핀,공용,2023-09-01,197.0
필리핀,공용,2023-10-01,231.0
필리핀,공용,2023-11-01,212.0
필리핀,공용,2023-12-01,143.0
필리핀,공용,2024-01-01,147.0
필리핀,공용,2024-02-01,82.0
필리핀,공용,2024-03-01,135.0
필리핀,공용,2024-04-01,133.0
필리핀,공용,2024-05-01,179.0
필리핀,공용,2024-06-01,235.0
필리핀,공용,2024-07-01,192.0
필리핀,공용,2024-08-01,216.0
필리핀,공용,2024-09-01,179.0
필리핀,공용,2024-10-01,189.0
필리핀,공용,2024-11-01,265.0
필리핀,공용,2024-12-01,146.0
필리핀,공용,2025-01-01,214.0
필리핀,공용,2025-02-01,154.0
필리핀,공용,2025-03-01,143.0
필리핀,공용,2025-04-01,212.0
필리핀,공용,2025-05-01,196.0
필리핀,관광,2005-01-01,1992.0
필리핀,관광,2005-02-01,2363.0
필리핀,관광,2005-03-01,3574.0
필리핀,관광,2005-04-01,3491.0
필리핀,관광,2005-05-01,3416.0
필리핀,관광,2005-06-01,2949.0
필리핀,관광,2005-07-01,2652.0
필리핀,관광,2005-08-01,2693.0
필리핀,관광,2005-09-01,3245.0
필리핀,관광,2005-10-01,3726.0
필리핀,관광,2005-11-01,3378.0
필리핀,관광,2005-12-01,3371.0
필리핀,관광,2006-01-01,2397.0
필리핀,관광,2006-02-01,2443.0
필리핀,관광,2006-03-01,3729.0
필리핀,관광,2006-04-01,4790.0
필리핀,관광,2006-05-01,4250.0
필리핀,관광,2006-06-01,3572.0
필리핀,관광,2006-07-01,3129.0
필리핀,관광,2006-08-01,3209.0
필리핀,관광,2006-09-01,3602.0
필리핀,관광,2006-10-01,3852.0
필리핀,관광,2006-11-01,3844.0
필리핀,관광,2006-12-01,3390.0
필리핀,관광,2007-01-01,2972.0
필리핀,관광,2007-02-01,3327.0
필리핀,관광,2007-03-01,4255.0
필리핀,관광,2007-04-01,4968.0
필리핀,관광,2007-05-01,4847.0
필리핀,관광,2007-06-01,4286.0
필리핀,관광,2007-07-01,3523.0
필리핀,관광,2007-08-01,3061.0
필리핀,관광,2007-09-01,4716.0
필리핀,관광,2007-10-01,4630.0
필리핀,관광,2007-11-01,3841.0
필리핀,관광,2007-12-01,4520.0
필리핀,관광,2008-01-01,3538.0
필리핀,관광,2008-02-01,3460.0
필리핀,관광,2008-03-01,5054.0
필리핀,관광,2008-04-01,5563.0
필리핀,관광,2008-05-01,5669.0
필리핀,관광,2008-06-01,4149.0
필리핀,관광,2008-07-01,4255.0
필리핀,관광,2008-08-01,4007.0
필리핀,관광,2008-09-01,4077.0
필리핀,관광,2008-10-01,4767.0
필리핀,관광,2008-11-01,4382.0
필리핀,관광,2008-12-01,4663.0
필리핀,관광,2009-01-01,3500.0
필리핀,관광,2009-02-01,4010.0
필리핀,관광,2009-03-01,4913.0
필리핀,관광,2009-04-01,6784.0
필리핀,관광,2009-05-01,5762.0
필리핀,관광,2009-06-01,4753.0
필리핀,관광,2009-07-01,4277.0
필리핀,관광,2009-08-01,4092.0
필리핀,관광,2009-09-01,5069.0
필리핀,관광,2009-10-01,5296.0
필리핀,관광,2009-11-01,5198.0
필리핀,관광,2009-12-01,5399.0
필리핀,관광,2010-01-01,3984.0
필리핀,관광,2010-02-01,4638.0
필리핀,관광,2010-03-01,7184.0
필리핀,관광,2010-04-01,7580.0
필리핀,관광,2010-05-01,6858.0
필리핀,관광,2010-06-01,5218.0
필리핀,관광,2010-07-01,4792.0
필리핀,관광,2010-08-01,3977.0
필리핀,관광,2010-09-01,5460.0
필리핀,관광,2010-10-01,7086.0
필리핀,관광,2010-11-01,6196.0
필리핀,관광,2010-12-01,5635.0
필리핀,관광,2011-01-01,4541.0
필리핀,관광,2011-02-01,4801.0
필리핀,관광,2011-03-01,6497.0
필리핀,관광,2011-04-01,9317.0
필리핀,관광,2011-05-01,8178.0
필리핀,관광,2011-06-01,7008.0
필리핀,관광,2011-07-01,6066.0
필리핀,관광,2011-08-01,5396.0
필리핀,관광,2011-09-01,7536.0
필리핀,관광,2011-10-01,11388.0
필리핀,관광,2011-11-01,8750.0
필리핀,관광,2011-12-01,8027.0
필리핀,관광,2012-01-01,5529.0
필리핀,관광,2012-02-01,6954.0
필리핀,관광,2012-03-01,9245.0
필리핀,관광,2012-04-01,14806.0
필리핀,관광,2012-05-01,10191.0
필리핀,관광,2012-06-01,7705.0
필리핀,관광,2012-07-01,6239.0
필리핀,관광,2012-08-01,5907.0
필리핀,관광,2012-09-01,8211.0
필리핀,관광,2012-10-01,10894.0
필리핀,관광,2012-11-01,9386.0
필리핀,관광,2012-12-01,8517.0
필리핀,관광,2013-01-01,6443.0
필리핀,관광,2013-02-01,7156.0
필리핀,관광,2013-03-01,12285.0
필리핀,관광,2013-04-01,10603.0
필리핀,관광,2013-05-01,9023.0
필리핀,관광,2013-06-01,7673.0
필리핀,관광,2013-07-01,7000.0
필리핀,관광,2013-08-01,6310.0
필리핀,관광,2013-09-01,8539.0
필리핀,관광,2013-10-01,12435.0
필리핀,관광,2013-11-01,9117.0
필리핀,관광,2013-12-01,9928.0
필리핀,관광,2014-01-01,7103.0
필리핀,관광,2014-02-01,7886.0
필리핀,관광,2014-03-01,10802.0
필리핀,관광,2014-04-01,19061.0
필리핀,관광,2014-05-01,15171.0
필리핀,관광,2014-06-01,8682.0
필리핀,관광,2014-07-01,6672.0
필리핀,관광,2014-08-01,5768.0
필리핀,관광,2014-09-01,6032.0
필리핀,관광,2014-10-01,15902.0
필리핀,관광,2014-11-01,13711.0
필리핀,관광,2014-12-01,15079.0
필리핀,관광,2015-01-01,8883.0
필리핀,관광,2015-02-01,8812.0
필리핀,관광,2015-03-01,14684.0
필리핀,관광,2015-04-01,19843.0
필리핀,관광,2015-05-01,14420.0
필리핀,관광,2015-06-01,7872.0
필리핀,관광,2015-07-01,6226.0
필리핀,관광,2015-08-01,6995.0
필리핀,관광,2015-09-01,9199.0
필리핀,관광,2015-10-01,13845.0
필리핀,관광,2015-11-01,13630.0
필리핀,관광,2015-12-01,13848.0
필리핀,관광,2016-01-01,9105.0
필리핀,관광,2016-02-01,10422.0
필리핀,관광,2016-03-01,17181.0
필리핀,관광,2016-04-01,17496.0
필리핀,관광,2016-05-01,16331.0
필리핀,관광,2016-06-01,12935.0
필리핀,관광,2016-07-01,11132.0
필리핀,관광,2016-08-01,9250.0
필리핀,관광,2016-09-01,12746.0
필리핀,관광,2016-10-01,20654.0
필리핀,관광,2016-11-01,16755.0
필리핀,관광,2016-12-01,19108.0
필리핀,관광,2017-01-01,11546.0
필리핀,관광,2017-02-01,11592.0
필리핀,관광,2017-03-01,16891.0
필리핀,관광,2017-04-01,28306.0
필리핀,관광,2017-05-01,20025.0
필리핀,관광,2017-06-01,17971.0
필리핀,관광,2017-07-01,13922.0
필리핀,관광,2017-08-01,12469.0
필리핀,관광,2017-09-01,16038.0
필리핀,관광,2017-10-01,25326.0
필리핀,관광,2017-11-01,22778.0
필리핀,관광,2017-12-01,23907.0
필리핀,관광,2018-01-01,14796.0
필리핀,관광,2018-02-01,14544.0
필리핀,관광,2018-03-01,25928.0
필리핀,관광,2018-04-01,29960.0
필리핀,관광,2018-05-01,24024.0
필리핀,관광,2018-06-01,19749.0
필리핀,관광,2018-07-01,14025.0
필리핀,관광,2018-08-01,12488.0
필리핀,관광,2018-09-01,16358.0
필리핀,관광,2018-10-01,32150.0
필리핀,관광,2018-11-01,29477.0
필리핀,관광,2018-12-01,28222.0
필리핀,관광,2019-01-01,14279.0
필리핀,관광,2019-02-01,15541.0
필리핀,관광,2019-03-01,21542.0
필리핀,관광,2019-04-01,43794.0
필리핀,관광,2019-05-01,29015.0
필리핀,관광,2019-06-01,22430.0
필리핀,관광,2019-07-01,13795.0
필리핀,관광,2019-08-01,13342.0
필리핀,관광,2019-09-01,18539.0
필리핀,관광,2019-10-01,37353.0
필리핀,관광,2019-11-01,26966.0
필리핀,관광,2019-12-01,28484.0
필리핀,관광,2020-01-01,15002.0
필리핀,관광,2020-02-01,12730.0
필리핀,관광,2020-03-01,2048.0
필리핀,관광,2020-04-01,438.0
필리핀,관광,2020-05-01,725.0
필리핀,관광,2020-06-01,1700.0
필리핀,관광,2020-07-01,2883.0
필리핀,관광,2020-08-01,1080.0
필리핀,관광,2020-09-01,1770.0
필리핀,관광,2020-10-01,2123.0
필리핀,관광,2020-11-01,2228.0
필리핀,관광,2020-12-01,2366.0
필리핀,관광,2021-01-01,1668.0
필리핀,관광,2021-02-01,2026.0
필리핀,관광,2021-03-01,2166.0
필리핀,관광,2021-04-01,1704.0
필리핀,관광,2021-05-01,2398.0
필리핀,관광,2021-06-01,2649.0
필리핀,관광,2021-07-01,3515.0
필리핀,관광,2021-08-01,3721.0
필리핀,관광,2021-09-01,2932.0
필리핀,관광,2021-10-01,3497.0
필리핀,관광,2021-11-01,3391.0
필리핀,관광,2021-12-01,3287.0
필리핀,관광,2022-01-01,2370.0
필리핀,관광,2022-02-01,2447.0
필리핀,관광,2022-03-01,3488.0
필리핀,관광,2022-04-01,3280.0
필리핀,관광,2022-05-01,4103.0
필리핀,관광,2022-06-01,6409.0
필리핀,관광,2022-07-01,8185.0
필리핀,관광,2022-08-01,6940.0
필리핀,관광,2022-09-01,9162.0
필리핀,관광,2022-10-01,16511.0
필리핀,관광,2022-11-01,14176.0
필리핀,관광,2022-12-01,18614.0
필리핀,관광,2023-01-01,8637.0
필리핀,관광,2023-02-01,7880.0
필리핀,관광,2023-03-01,12027.0
필리핀,관광,2023-04-01,19543.0
필리핀,관광,2023-05-01,12209.0
필리핀,관광,2023-06-01,14584.0
필리핀,관광,2023-07-01,11497.0
필리핀,관광,2023-08-01,10364.0
필리핀,관광,2023-09-01,13415.0
필리핀,관광,2023-10-01,23919.0
필리핀,관광,2023-11-01,21796.0
필리핀,관광,2023-12-01,24367.0
필리핀,관광,2024-01-01,12554.0
필리핀,관광,2024-02-01,12493.0
필리핀,관광,2024-03-01,29827.0
필리핀,관광,2024-04-01,27012.0
필리핀,관광,2024-05-01,21317.0
필리핀,관광,2024-06-01,24327.0
필리핀,관광,2024-07-01,15005.0
필리핀,관광,2024-08-01,13547.0
필리핀,관광,2024-09-01,19355.0
필리핀,관광,2024-10-01,36291.0
필리핀,관광,2024-11-01,33457.0
필리핀,관광,2024-12-01,35560.0
필리핀,관광,2025-01-01,20459.0
필리핀,관광,2025-02-01,19875.0
필리핀,관광,2025-03-01,27592.0
필리핀,관광,2025-04-01,40452.0
필리핀,관광,2025-05-01,30149.0
필리핀,상용,2005-01-01,201.0
필리핀,상용,2005-02-01,169.0
필리핀,상용,2005-03-01,223.0
필리핀,상용,2005-04-01,221.0
필리핀,상용,2005-05-01,185.0
필리핀,상용,2005-06-01,215.0
필리핀,상용,2005-07-01,236.0
필리핀,상용,2005-08-01,187.0
필리핀,상용,2005-09-01,196.0
필리핀,상용,2005-10-01,216.0
필리핀,상용,2005-11-01,214.0
필리핀,상용,2005-12-01,154.0
필리핀,상용,2006-01-01,177.0
필리핀,상용,2006-02-01,279.0
필리핀,상용,2006-03-01,279.0
필리핀,상용,2006-04-01,237.0
필리핀,상용,2006-05-01,214.0
필리핀,상용,2006-06-01,256.0
필리핀,상용,2006-07-01,226.0
필리핀,상용,2006-08-01,173.0
필리핀,상용,2006-09-01,259.0
필리핀,상용,2006-10-01,401.0
필리핀,상용,2006-11-01,256.0
필리핀,상용,2006-12-01,351.0
필리핀,상용,2007-01-01,265.0
필리핀,상용,2007-02-01,201.0
필리핀,상용,2007-03-01,273.0
필리핀,상용,2007-04-01,295.0
필리핀,상용,2007-05-01,258.0
필리핀,상용,2007-06-01,214.0
필리핀,상용,2007-07-01,194.0
필리핀,상용,2007-08-01,158.0
필리핀,상용,2007-09-01,186.0
필리핀,상용,2007-10-01,197.0
필리핀,상용,2007-11-01,156.0
필리핀,상용,2007-12-01,127.0
필리핀,상용,2008-01-01,197.0
필리핀,상용,2008-02-01,192.0
필리핀,상용,2008-03-01,206.0
필리핀,상용,2008-04-01,225.0
필리핀,상용,2008-05-01,196.0
필리핀,상용,2008-06-01,219.0
필리핀,상용,2008-07-01,196.0
필리핀,상용,2008-08-01,187.0
필리핀,상용,2008-09-01,201.0
필리핀,상용,2008-10-01,186.0
필리핀,상용,2008-11-01,194.0
필리핀,상용,2008-12-01,132.0
필리핀,상용,2009-01-01,129.0
필리핀,상용,2009-02-01,124.0
필리핀,상용,2009-03-01,132.0
필리핀,상용,2009-04-01,184.0
필리핀,상용,2009-05-01,220.0
필리핀,상용,2009-06-01,244.0
필리핀,상용,2009-07-01,197.0
필리핀,상용,2009-08-01,187.0
필리핀,상용,2009-09-01,204.0
필리핀,상용,2009-10-01,297.0
필리핀,상용,2009-11-01,308.0
필리핀,상용,2009-12-01,157.0
필리핀,상용,2010-01-01,219.0
필리핀,상용,2010-02-01,225.0
필리핀,상용,2010-03-01,284.0
필리핀,상용,2010-04-01,272.0
필리핀,상용,2010-05-01,266.0
필리핀,상용,2010-06-01,369.0
필리핀,상용,2010-07-01,274.0
필리핀,상용,2010-08-01,352.0
필리핀,상용,2010-09-01,275.0
필리핀,상용,2010-10-01,347.0
필리핀,상용,2010-11-01,243.0
필리핀,상용,2010-12-01,129.0
필리핀,상용,2011-01-01,227.0
필리핀,상용,2011-02-01,220.0
필리핀,상용,2011-03-01,278.0
필리핀,상용,2011-04-01,313.0
필리핀,상용,2011-05-01,227.0
필리핀,상용,2011-06-01,253.0
필리핀,상용,2011-07-01,177.0
필리핀,상용,2011-08-01,172.0
필리핀,상용,2011-09-01,176.0
필리핀,상용,2011-10-01,252.0
필리핀,상용,2011-11-01,196.0
필리핀,상용,2011-12-01,141.0
필리핀,상용,2012-01-01,181.0
필리핀,상용,2012-02-01,161.0
필리핀,상용,2012-03-01,240.0
필리핀,상용,2012-04-01,221.0
필리핀,상용,2012-05-01,256.0
필리핀,상용,2012-06-01,200.0
필리핀,상용,2012-07-01,169.0
필리핀,상용,2012-08-01,158.0
필리핀,상용,2012-09-01,180.0
필리핀,상용,2012-10-01,213.0
필리핀,상용,2012-11-01,224.0
필리핀,상용,2012-12-01,127.0
필리핀,상용,2013-01-01,226.0
필리핀,상용,2013-02-01,171.0
필리핀,상용,2013-03-01,217.0
필리핀,상용,2013-04-01,360.0
필리핀,상용,2013-05-01,248.0
필리핀,상용,2013-06-01,271.0
필리핀,상용,2013-07-01,255.0
필리핀,상용,2013-08-01,250.0
필리핀,상용,2013-09-01,246.0
필리핀,상용,2013-10-01,268.0
필리핀,상용,2013-11-01,203.0
필리핀,상용,2013-12-01,174.0
필리핀,상용,2014-01-01,316.0
필리핀,상용,2014-02-01,244.0
필리핀,상용,2014-03-01,258.0
필리핀,상용,2014-04-01,332.0
필리핀,상용,2014-05-01,286.0
필리핀,상용,2014-06-01,242.0
필리핀,상용,2014-07-01,247.0
필리핀,상용,2014-08-01,281.0
필리핀,상용,2014-09-01,366.0
필리핀,상용,2014-10-01,342.0
필리핀,상용,2014-11-01,287.0
필리핀,상용,2014-12-01,176.0
필리핀,상용,2015-01-01,347.0
필리핀,상용,2015-02-01,227.0
필리핀,상용,2015-03-01,281.0
필리핀,상용,2015-04-01,352.0
필리핀,상용,2015-05-01,265.0
필리핀,상용,2015-06-01,184.0
필리핀,상용,2015-07-01,162.0
필리핀,상용,2015-08-01,285.0
필리핀,상용,2015-09-01,276.0
필리핀,상용,2015-10-01,329.0
필리핀,상용,2015-11-01,296.0
필리핀,상용,2015-12-01,144.0
필리핀,상용,2016-01-01,314.0
필리핀,상용,2016-02-01,222.0
필리핀,상용,2016-03-01,279.0
필리핀,상용,2016-04-01,253.0
필리핀,상용,2016-05-01,301.0
필리핀,상용,2016-06-01,247.0
필리핀,상용,2016-07-01,234.0
필리핀,상용,2016-08-01,229.0
필리핀,상용,2016-09-01,218.0
필리핀,상용,2016-10-01,281.0
필리핀,상용,2016-11-01,249.0
필리핀,상용,2016-12-01,139.0
필리핀,상용,2017-01-01,307.0
필리핀,상용,2017-02-01,265.0
필리핀,상용,2017-03-01,270.0
필리핀,상용,2017-04-01,293.0
필리핀,상용,2017-05-01,275.0
필리핀,상용,2017-06-01,267.0
필리핀,상용,2017-07-01,217.0
필리핀,상용,2017-08-01,218.0
필리핀,상용,2017-09-01,206.0
필리핀,상용,2017-10-01,243.0
필리핀,상용,2017-11-01,208.0
필리핀,상용,2017-12-01,164.0
필리핀,상용,2018-01-01,215.0
필리핀,상용,2018-02-01,221.0
필리핀,상용,2018-03-01,228.0
필리핀,상용,2018-04-01,205.0
필리핀,상용,2018-05-01,206.0
필리핀,상용,2018-06-01,208.0
필리핀,상용,2018-07-01,177.0
필리핀,상용,2018-08-01,195.0
필리핀,상용,2018-09-01,183.0
필리핀,상용,2018-10-01,237.0
필리핀,상용,2018-11-01,181.0
필리핀,상용,2018-12-01,140.0
필리핀,상용,2019-01-01,211.0
필리핀,상용,2019-02-01,171.0
필리핀,상용,2019-03-01,166.0
필리핀,상용,2019-04-01,228.0
필리핀,상용,2019-05-01,201.0
필리핀,상용,2019-06-01,174.0
필리핀,상용,2019-07-01,160.0
필리핀,상용,2019-08-01,144.0
필리핀,상용,2019-09-01,203.0
필리핀,상용,2019-10-01,195.0
필리핀,상용,2019-11-01,172.0
필리핀,상용,2019-12-01,117.0
필리핀,상용,2020-01-01,155.0
필리핀,상용,2020-02-01,69.0
필리핀,상용,2020-03-01,13.0
필리핀,상용,2020-04-01,1.0
필리핀,상용,2020-05-01,1.0
필리핀,상용,2020-06-01,6.0
필리핀,상용,2020-07-01,6.0
필리핀,상용,2020-08-01,2.0
필리핀,상용,2020-09-01,3.0
필리핀,상용,2020-10-01,4.0
필리핀,상용,2020-11-01,9.0
필리핀,상용,2020-12-01,4.0
필리핀,상용,2021-01-01,6.0
필리핀,상용,2021-02-01,19.0
필리핀,상용,2021-03-01,3.0
필리핀,상용,2021-04-01,10.0
필리핀,상용,2021-05-01,5.0
필리핀,상용,2021-06-01,6.0
필리핀,상용,2021-07-01,9.0
필리핀,상용,2021-08-01,10.0
필리핀,상용,2021-09-01,17.0
필리핀,상용,2021-10-01,5.0
필리핀,상용,2021-11-01,11.0
필리핀,상용,2021-12-01,2.0
필리핀,상용,2022-01-01,13.0
필리핀,상용,2022-02-01,15.0
필리핀,상용,2022-03-01,17.0
필리핀,상용,2022-04-01,34.0
필리핀,상용,2022-05-01,49.0
필리핀,상용,2022-06-01,125.0
필리핀,상용,2022-07-01,245.0
필리핀,상용,2022-08-01,217.0
필리핀,상용,2022-09-01,198.0
필리핀,상용,2022-10-01,372.0
필리핀,상용,2022-11-01,289.0
필리핀,상용,2022-12-01,160.0
필리핀,상용,2023-01-01,249.0
필리핀,상용,2023-02-01,229.0
필리핀,상용,2023-03-01,410.0
필리핀,상용,2023-04-01,517.0
필리핀,상용,2023-05-01,669.0
필리핀,상용,2023-06-01,420.0
필리핀,상용,2023-07-01,416.0
필리핀,상용,2023-08-01,340.0
필리핀,상용,2023-09-01,393.0
필리핀,상용,2023-10-01,688.0
필리핀,상용,2023-11-01,617.0
필리핀,상용,2023-12-01,310.0
필리핀,상용,2024-01-01,418.0
필리핀,상용,2024-02-01,325.0
필리핀,상용,2024-03-01,547.0
필리핀,상용,2024-04-01,518.0
필리핀,상용,2024-05-01,569.0
필리핀,상용,2024-06-01,532.0
필리핀,상용,2024-07-01,491.0
필리핀,상용,2024-08-01,466.0
필리핀,상용,2024-09-01,535.0
필리핀,상용,2024-10-01,702.0
필리핀,상용,2024-11-01,593.0
필리핀,상용,2024-12-01,372.0
필리핀,상용,2025-01-01,414.0
필리핀,상용,2025-02-01,437.0
필리핀,상용,2025-03-01,640.0
필리핀,상용,2025-04-01,555.0
필리핀,상용,2025-05-01,529.0
필리핀,유학연수,2005-01-01,25.0
필리핀,유학연수,2005-02-01,27.0
필리핀,유학연수,2005-03-01,25.0
필리핀,유학연수,2005-04-01,6.0
필리핀,유학연수,2005-05-01,6.0
필리핀,유학연수,2005-06-01,14.0
필리핀,유학연수,2005-07-01,63.0
필리핀,유학연수,2005-08-01,38.0
필리핀,유학연수,2005-09-01,15.0
필리핀,유학연수,2005-10-01,17.0
필리핀,유학연수,2005-11-01,3.0
필리핀,유학연수,2005-12-01,8.0
필리핀,유학연수,2006-01-01,32.0
필리핀,유학연수,2006-02-01,26.0
필리핀,유학연수,2006-03-01,41.0
필리핀,유학연수,2006-04-01,10.0
필리핀,유학연수,2006-05-01,4.0
필리핀,유학연수,2006-06-01,8.0
필리핀,유학연수,2006-07-01,16.0
필리핀,유학연수,2006-08-01,52.0
필리핀,유학연수,2006-09-01,17.0
필리핀,유학연수,2006-10-01,9.0
필리핀,유학연수,2006-11-01,8.0
필리핀,유학연수,2006-12-01,19.0
필리핀,유학연수,2007-01-01,37.0
필리핀,유학연수,2007-02-01,37.0
필리핀,유학연수,2007-03-01,46.0
필리핀,유학연수,2007-04-01,20.0
필리핀,유학연수,2007-05-01,17.0
필리핀,유학연수,2007-06-01,12.0
필리핀,유학연수,2007-07-01,51.0
필리핀,유학연수,2007-08-01,62.0
필리핀,유학연수,2007-09-01,29.0
필리핀,유학연수,2007-10-01,18.0
필리핀,유학연수,2007-11-01,6.0
필리핀,유학연수,2007-12-01,14.0
필리핀,유학연수,2008-01-01,46.0
필리핀,유학연수,2008-02-01,53.0
필리핀,유학연수,2008-03-01,41.0
필리핀,유학연수,2008-04-01,33.0
필리핀,유학연수,2008-05-01,18.0
필리핀,유학연수,2008-06-01,10.0
필리핀,유학연수,2008-07-01,26.0
필리핀,유학연수,2008-08-01,77.0
필리핀,유학연수,2008-09-01,35.0
필리핀,유학연수,2008-10-01,19.0
필리핀,유학연수,2008-11-01,13.0
필리핀,유학연수,2008-12-01,16.0
필리핀,유학연수,2009-01-01,76.0
필리핀,유학연수,2009-02-01,68.0
필리핀,유학연수,2009-03-01,59.0
필리핀,유학연수,2009-04-01,34.0
필리핀,유학연수,2009-05-01,12.0
필리핀,유학연수,2009-06-01,20.0
필리핀,유학연수,2009-07-01,26.0
필리핀,유학연수,2009-08-01,122.0
필리핀,유학연수,2009-09-01,61.0
필리핀,유학연수,2009-10-01,28.0
필리핀,유학연수,2009-11-01,13.0
필리핀,유학연수,2009-12-01,18.0
필리핀,유학연수,2010-01-01,87.0
필리핀,유학연수,2010-02-01,90.0
필리핀,유학연수,2010-03-01,57.0
필리핀,유학연수,2010-04-01,23.0
필리핀,유학연수,2010-05-01,18.0
필리핀,유학연수,2010-06-01,25.0
필리핀,유학연수,2010-07-01,49.0
필리핀,유학연수,2010-08-01,148.0
필리핀,유학연수,2010-09-01,51.0
필리핀,유학연수,2010-10-01,38.0
필리핀,유학연수,2010-11-01,24.0
필리핀,유학연수,2010-12-01,21.0
필리핀,유학연수,2011-01-01,103.0
필리핀,유학연수,2011-02-01,142.0
필리핀,유학연수,2011-03-01,79.0
필리핀,유학연수,2011-04-01,31.0
필리핀,유학연수,2011-05-01,36.0
필리핀,유학연수,2011-06-01,42.0
필리핀,유학연수,2011-07-01,55.0
필리핀,유학연수,2011-08-01,140.0
필리핀,유학연수,2011-09-01,71.0
필리핀,유학연수,2011-10-01,27.0
필리핀,유학연수,2011-11-01,21.0
필리핀,유학연수,2011-12-01,50.0
필리핀,유학연수,2012-01-01,109.0
필리핀,유학연수,2012-02-01,95.0
필리핀,유학연수,2012-03-01,86.0
필리핀,유학연수,2012-04-01,33.0
필리핀,유학연수,2012-05-01,41.0
필리핀,유학연수,2012-06-01,40.0
필리핀,유학연수,2012-07-01,68.0
필리핀,유학연수,2012-08-01,173.0
필리핀,유학연수,2012-09-01,67.0
필리핀,유학연수,2012-10-01,35.0
필리핀,유학연수,2012-11-01,28.0
필리핀,유학연수,2012-12-01,27.0
필리핀,유학연수,2013-01-01,115.0
필리핀,유학연수,2013-02-01,134.0
필리핀,유학연수,2013-03-01,125.0
필리핀,유학연수,2013-04-01,38.0
필리핀,유학연수,2013-05-01,56.0
필리핀,유학연수,2013-06-01,35.0
필리핀,유학연수,2013-07-01,62.0
필리핀,유학연수,2013-08-01,173.0
필리핀,유학연수,2013-09-01,90.0
필리핀,유학연수,2013-10-01,59.0
필리핀,유학연수,2013-11-01,32.0
필리핀,유학연수,2013-12-01,28.0
필리핀,유학연수,2014-01-01,130.0
필리핀,유학연수,2014-02-01,187.0
필리핀,유학연수,2014-03-01,120.0
필리핀,유학연수,2014-04-01,28.0
필리핀,유학연수,2014-05-01,40.0
필리핀,유학연수,2014-06-01,57.0
필리핀,유학연수,2014-07-01,52.0
필리핀,유학연수,2014-08-01,218.0
필리핀,유학연수,2014-09-01,73.0
필리핀,유학연수,2014-10-01,39.0
필리핀,유학연수,2014-11-01,40.0
필리핀,유학연수,2014-12-01,44.0
필리핀,유학연수,2015-01-01,154.0
필리핀,유학연수,2015-02-01,194.0
필리핀,유학연수,2015-03-01,127.0
필리핀,유학연수,2015-04-01,32.0
필리핀,유학연수,2015-05-01,63.0
필리핀,유학연수,2015-06-01,44.0
필리핀,유학연수,2015-07-01,62.0
필리핀,유학연수,2015-08-01,220.0
필리핀,유학연수,2015-09-01,95.0
필리핀,유학연수,2015-10-01,76.0
필리핀,유학연수,2015-11-01,55.0
필리핀,유학연수,2015-12-01,32.0
필리핀,유학연수,2016-01-01,204.0
필리핀,유학연수,2016-02-01,234.0
필리핀,유학연수,2016-03-01,102.0
필리핀,유학연수,2016-04-01,31.0
필리핀,유학연수,2016-05-01,56.0
필리핀,유학연수,2016-06-01,64.0
필리핀,유학연수,2016-07-01,81.0
필리핀,유학연수,2016-08-01,262.0
필리핀,유학연수,2016-09-01,85.0
필리핀,유학연수,2016-10-01,38.0
필리핀,유학연수,2016-11-01,50.0
필리핀,유학연수,2016-12-01,65.0
필리핀,유학연수,2017-01-01,202.0
필리핀,유학연수,2017-02-01,222.0
필리핀,유학연수,2017-03-01,121.0
필리핀,유학연수,2017-04-01,37.0
필리핀,유학연수,2017-05-01,70.0
필리핀,유학연수,2017-06-01,69.0
필리핀,유학연수,2017-07-01,105.0
필리핀,유학연수,2017-08-01,304.0
필리핀,유학연수,2017-09-01,86.0
필리핀,유학연수,2017-10-01,86.0
필리핀,유학연수,2017-11-01,51.0
필리핀,유학연수,2017-12-01,60.0
필리핀,유학연수,2018-01-01,168.0
필리핀,유학연수,2018-02-01,227.0
필리핀,유학연수,2018-03-01,121.0
필리핀,유학연수,2018-04-01,37.0
필리핀,유학연수,2018-05-01,57.0
필리핀,유학연수,2018-06-01,65.0
필리핀,유학연수,2018-07-01,97.0
필리핀,유학연수,2018-08-01,284.0
필리핀,유학연수,2018-09-01,120.0
필리핀,유학연수,2018-10-01,47.0
필리핀,유학연수,2018-11-01,40.0
필리핀,유학연수,2018-12-01,54.0
필리핀,유학연수,2019-01-01,184.0
필리핀,유학연수,2019-02-01,189.0
필리핀,유학연수,2019-03-01,108.0
필리핀,유학연수,2019-04-01,45.0
필리핀,유학연수,2019-05-01,56.0
필리핀,유학연수,2019-06-01,80.0
필리핀,유학연수,2019-07-01,121.0
필리핀,유학연수,2019-08-01,305.0
필리핀,유학연수,2019-09-01,121.0
필리핀,유학연수,2019-10-01,55.0
필리핀,유학연수,2019-11-01,59.0
필리핀,유학연수,2019-12-01,69.0
필리핀,유학연수,2020-01-01,211.0
필리핀,유학연수,2020-02-01,177.0
필리핀,유학연수,2020-03-01,67.0
필리핀,유학연수,2020-04-01,6.0
필리핀,유학연수,2020-05-01,4.0
필리핀,유학연수,2020-06-01,4.0
필리핀,유학연수,2020-07-01,4.0
필리핀,유학연수,2020-08-01,19.0
필리핀,유학연수,2020-09-01,2.0
필리핀,유학연수,2020-10-01,28.0
필리핀,유학연수,2020-11-01,28.0
필리핀,유학연수,2020-12-01,2.0
필리핀,유학연수,2021-01-01,3.0
필리핀,유학연수,2021-02-01,17.0
필리핀,유학연수,2021-03-01,45.0
필리핀,유학연수,2021-04-01,15.0
필리핀,유학연수,2021-05-01,1.0
필리핀,유학연수,2021-06-01,1.0
필리핀,유학연수,2021-07-01,3.0
필리핀,유학연수,2021-08-01,50.0
필리핀,유학연수,2021-09-01,32.0
필리핀,유학연수,2021-10-01,1.0
필리핀,유학연수,2021-11-01,2.0
필리핀,유학연수,2021-12-01,3.0
필리핀,유학연수,2022-01-01,12.0
필리핀,유학연수,2022-02-01,36.0
필리핀,유학연수,2022-03-01,19.0
필리핀,유학연수,2022-04-01,65.0
필리핀,유학연수,2022-05-01,27.0
필리핀,유학연수,2022-06-01,43.0
필리핀,유학연수,2022-07-01,44.0
필리핀,유학연수,2022-08-01,293.0
필리핀,유학연수,2022-09-01,66.0
필리핀,유학연수,2022-10-01,24.0
필리핀,유학연수,2022-11-01,33.0
필리핀,유학연수,2022-12-01,36.0
필리핀,유학연수,2023-01-01,179.0
필리핀,유학연수,2023-02-01,206.0
필리핀,유학연수,2023-03-01,83.0
필리핀,유학연수,2023-04-01,39.0
필리핀,유학연수,2023-05-01,50.0
필리핀,유학연수,2023-06-01,71.0
필리핀,유학연수,2023-07-01,129.0
필리핀,유학연수,2023-08-01,334.0
필리핀,유학연수,2023-09-01,87.0
필리핀,유학연수,2023-10-01,73.0
필리핀,유학연수,2023-11-01,74.0
필리핀,유학연수,2023-12-01,75.0
필리핀,유학연수,2024-01-01,223.0
필리핀,유학연수,2024-02-01,278.0
필리핀,유학연수,2024-03-01,134.0
필리핀,유학연수,2024-04-01,51.0
필리핀,유학연수,2024-05-01,75.0
필리핀,유학연수,2024-06-01,81.0
필리핀,유학연수,2024-07-01,127.0
필리핀,유학연수,2024-08-01,336.0
필리핀,유학연수,2024-09-01,121.0
필리핀,유학연수,2024-10-01,57.0
필리핀,유학연수,2024-11-01,76.0
필리핀,유학연수,2024-12-01,74.0
필리핀,유학연수,2025-01-01,186.0
필리핀,유학연수,2025-02-01,283.0
필리핀,유학연수,2025-03-01,93.0
필리핀,유학연수,2025-04-01,47.0
필리핀,유학연수,2025-05-01,94.0
홍콩,공용,2005-01-01,0.0
홍콩,공용,2005-02-01,0.0
홍콩,공용,2005-03-01,1.0
홍콩,공용,2005-04-01,0.0
홍콩,공용,2005-05-01,0.0
홍콩,공용,2005-06-01,0.0
홍콩,공용,2005-07-01,0.0
홍콩,공용,2005-08-01,1.0
홍콩,공용,2005-09-01,0.0
홍콩,공용,2005-10-01,0.0
홍콩,공용,2005-11-01,0.0
홍콩,공용,2005-12-01,0.0
홍콩,공용,2006-01-01,0.0
홍콩,공용,2006-02-01,0.0
홍콩,공용,2006-03-01,0.0
홍콩,공용,2006-04-01,0.0
홍콩,공용,2006-05-01,0.0
홍콩,공용,2006-06-01,0.0
홍콩,공용,2006-07-01,0.0
홍콩,공용,2006-08-01,0.0
홍콩,공용,2006-09-01,0.0
홍콩,공용,2006-10-01,0.0
홍콩,공용,2006-11-01,0.0
홍콩,공용,2006-12-01,0.0
홍콩,공용,2007-01-01,0.0
홍콩,공용,2007-02-01,0.0
홍콩,공용,2007-03-01,1.0
홍콩,공용,2007-04-01,4.0
홍콩,공용,2007-05-01,1.0
홍콩,공용,2007-06-01,0.0
홍콩,공용,2007-07-01,4.0
홍콩,공용,2007-08-01,4.0
홍콩,공용,2007-09-01,1.0
홍콩,공용,2007-10-01,1.0
홍콩,공용,2007-11-01,8.0
홍콩,공용,2007-12-01,10.0
홍콩,공용,2008-01-01,6.0
홍콩,공용,2008-02-01,1.0
홍콩,공용,2008-03-01,0.0
홍콩,공용,2008-04-01,3.0
홍콩,공용,2008-05-01,4.0
홍콩,공용,2008-06-01,7.0
홍콩,공용,2008-07-01,3.0
홍콩,공용,2008-08-01,7.0
홍콩,공용,2008-09-01,2.0
홍콩,공용,2008-10-01,3.0
홍콩,공용,2008-11-01,2.0
홍콩,공용,2008-12-01,0.0
홍콩,공용,2009-01-01,0.0
홍콩,공용,2009-02-01,0.0
홍콩,공용,2009-03-01,0.0
홍콩,공용,2009-04-01,3.0
홍콩,공용,2009-05-01,0.0
홍콩,공용,2009-06-01,1.0
홍콩,공용,2009-07-01,3.0
홍콩,공용,2009-08-01,2.0
홍콩,공용,2009-09-01,2.0
홍콩,공용,2009-10-01,1.0
홍콩,공용,2009-11-01,6.0
홍콩,공용,2009-12-01,8.0
홍콩,공용,2010-01-01,0.0
홍콩,공용,2010-02-01,0.0
홍콩,공용,2010-03-01,1.0
홍콩,공용,2010-04-01,3.0
홍콩,공용,2010-05-01,4.0
홍콩,공용,2010-06-01,1.0
홍콩,공용,2010-07-01,3.0
홍콩,공용,2010-08-01,0.0
홍콩,공용,2010-09-01,0.0
홍콩,공용,2010-10-01,0.0
홍콩,공용,2010-11-01,1.0
홍콩,공용,2010-12-01,0.0
홍콩,공용,2011-01-01,0.0
홍콩,공용,2011-02-01,0.0
홍콩,공용,2011-03-01,0.0
홍콩,공용,2011-04-01,0.0
홍콩,공용,2011-05-01,0.0
홍콩,공용,2011-06-01,0.0
홍콩,공용,2011-07-01,0.0
홍콩,공용,2011-08-01,0.0
홍콩,공용,2011-09-01,0.0
홍콩,공용,2011-10-01,0.0
홍콩,공용,2011-11-01,0.0
홍콩,공용,2011-12-01,1.0
홍콩,공용,2012-01-01,0.0
홍콩,공용,2012-02-01,0.0
홍콩,공용,2012-03-01,0.0
홍콩,공용,2012-04-01,1.0
홍콩,공용,2012-05-01,1.0
홍콩,공용,2012-06-01,1.0
홍콩,공용,2012-07-01,2.0
홍콩,공용,2012-08-01,0.0
홍콩,공용,2012-09-01,0.0
홍콩,공용,2012-10-01,0.0
홍콩,공용,2012-11-01,2.0
홍콩,공용,2012-12-01,1.0
홍콩,공용,2013-01-01,0.0
홍콩,공용,2013-02-01,0.0
홍콩,공용,2013-03-01,3.0
홍콩,공용,2013-04-01,0.0
홍콩,공용,2013-05-01,0.0
홍콩,공용,2013-06-01,0.0
홍콩,공용,2013-07-01,0.0
홍콩,공용,2013-08-01,0.0
홍콩,공용,2013-09-01,0.0
홍콩,공용,2013-10-01,0.0
홍콩,공용,2013-11-01,0.0
홍콩,공용,2013-12-01,2.0
홍콩,공용,2014-01-01,2.0
홍콩,공용,2014-02-01,2.0
홍콩,공용,2014-03-01,3.0
홍콩,공용,2014-04-01,0.0
홍콩,공용,2014-05-01,1.0
홍콩,공용,2014-06-01,0.0
홍콩,공용,2014-07-01,0.0
홍콩,공용,2014-08-01,0.0
홍콩,공용,2014-09-01,0.0
홍콩,공용,2014-10-01,0.0
홍콩,공용,2014-11-01,1.0
홍콩,공용,2014-12-01,0.0
홍콩,공용,2015-01-01,0.0
홍콩,공용,2015-02-01,0.0
홍콩,공용,2015-03-01,1.0
홍콩,공용,2015-04-01,2.0
홍콩,공용,2015-05-01,0.0
홍콩,공용,2015-06-01,0.0
홍콩,공용,2015-07-01,0.0
홍콩,공용,2015-08-01,2.0
홍콩,공용,2015-09-01,2.0
홍콩,공용,2015-10-01,0.0
홍콩,공용,2015-11-01,1.0
홍콩,공용,2015-12-01,2.0
홍콩,공용,2016-01-01,0.0
홍콩,공용,2016-02-01,1.0
홍콩,공용,2016-03-01,2.0
홍콩,공용,2016-04-01,1.0
홍콩,공용,2016-05-01,0.0
홍콩,공용,2016-06-01,1.0
홍콩,공용,2016-07-01,4.0
홍콩,공용,2016-08-01,0.0
홍콩,공용,2016-09-01,1.0
홍콩,공용,2016-10-01,2.0
홍콩,공용,2016-11-01,0.0
홍콩,공용,2016-12-01,2.0
홍콩,공용,2017-01-01,2.0
홍콩,공용,2017-02-01,0.0
홍콩,공용,2017-03-01,1.0
홍콩,공용,2017-04-01,2.0
홍콩,공용,2017-05-01,4.0
홍콩,공용,2017-06-01,7.0
홍콩,공용,2017-07-01,3.0
홍콩,공용,2017-08-01,4.0
홍콩,공용,2017-09-01,5.0
홍콩,공용,2017-10-01,4.0
홍콩,공용,2017-11-01,5.0
홍콩,공용,2017-12-01,3.0
홍콩,공용,2018-01-01,2.0
홍콩,공용,2018-02-01,2.0
홍콩,공용,2018-03-01,1.0
홍콩,공용,2018-04-01,1.0
홍콩,공용,2018-05-01,3.0
홍콩,공용,2018-06-01,2.0
홍콩,공용,2018-07-01,5.0
홍콩,공용,2018-08-01,1.0
홍콩,공용,2018-09-01,4.0
홍콩,공용,2018-10-01,1.0
홍콩,공용,2018-11-01,2.0
홍콩,공용,2018-12-01,3.0
홍콩,공용,2019-01-01,2.0
홍콩,공용,2019-02-01,3.0
홍콩,공용,2019-03-01,5.0
홍콩,공용,2019-04-01,2.0
홍콩,공용,2019-05-01,2.0
홍콩,공용,2019-06-01,2.0
홍콩,공용,2019-07-01,1.0
홍콩,공용,2019-08-01,6.0
홍콩,공용,2019-09-01,7.0
홍콩,공용,2019-10-01,4.0
홍콩,공용,2019-11-01,5.0
홍콩,공용,2019-12-01,3.0
홍콩,공용,2020-01-01,8.0
홍콩,공용,2020-02-01,2.0
홍콩,공용,2020-03-01,0.0
홍콩,공용,2020-04-01,0.0
홍콩,공용,2020-05-01,0.0
홍콩,공용,2020-06-01,0.0
홍콩,공용,2020-07-01,0.0
홍콩,공용,2020-08-01,0.0
홍콩,공용,2020-09-01,0.0
홍콩,공용,2020-10-01,0.0
홍콩,공용,2020-11-01,1.0
홍콩,공용,2020-12-01,0.0
홍콩,공용,2021-01-01,1.0
홍콩,공용,2021-02-01,0.0
홍콩,공용,2021-03-01,0.0
홍콩,공용,2021-04-01,0.0
홍콩,공용,2021-05-01,0.0
홍콩,공용,2021-06-01,2.0
홍콩,공용,2021-07-01,3.0
홍콩,공용,2021-08-01,0.0
홍콩,공용,2021-09-01,0.0
홍콩,공용,2021-10-01,0.0
홍콩,공용,2021-11-01,0.0
홍콩,공용,2021-12-01,1.0
홍콩,공용,2022-01-01,0.0
홍콩,공용,2022-02-01,0.0
홍콩,공용,2022-03-01,0.0
홍콩,공용,2022-04-01,0.0
홍콩,공용,2022-05-01,4.0
홍콩,공용,2022-06-01,0.0
홍콩,공용,2022-07-01,3.0
홍콩,공용,2022-08-01,1.0
홍콩,공용,2022-09-01,0.0
홍콩,공용,2022-10-01,1.0
홍콩,공용,2022-11-01,2.0
홍콩,공용,2022-12-01,5.0
홍콩,공용,2023-01-01,0.0
홍콩,공용,2023-02-01,1.0
홍콩,공용,2023-03-01,2.0
홍콩,공용,2023-04-01,3.0
홍콩,공용,2023-05-01,3.0
홍콩,공용,2023-06-01,3.0
홍콩,공용,2023-07-01,2.0
홍콩,공용,2023-08-01,4.0
홍콩,공용,2023-09-01,1.0
홍콩,공용,2023-10-01,3.0
홍콩,공용,2023-11-01,4.0
홍콩,공용,2023-12-01,2.0
홍콩,공용,2024-01-01,1.0
홍콩,공용,2024-02-01,2.0
홍콩,공용,2024-03-01,2.0
홍콩,공용,2024-04-01,1.0
홍콩,공용,2024-05-01,0.0
홍콩,공용,2024-06-01,2.0
홍콩,공용,2024-07-01,1.0
홍콩,공용,2024-08-01,0.0
홍콩,공용,2024-09-01,3.0
홍콩,공용,2024-10-01,3.0
홍콩,공용,2024-11-01,2.0
홍콩,공용,2024-12-01,3.0
홍콩,공용,2025-01-01,4.0
홍콩,공용,2025-02-01,5.0
홍콩,공용,2025-03-01,4.0
홍콩,공용,2025-04-01,4.0
홍콩,공용,2025-05-01,5.0
홍콩,관광,2005-01-01,10184.0
홍콩,관광,2005-02-01,24564.0
홍콩,관광,2005-03-01,14865.0
홍콩,관광,2005-04-01,10622.0
홍콩,관광,2005-05-01,11750.0
홍콩,관광,2005-06-01,12866.0
홍콩,관광,2005-07-01,16664.0
홍콩,관광,2005-08-01,15312.0
홍콩,관광,2005-09-01,8036.0
홍콩,관광,2005-10-01,9284.0
홍콩,관광,2005-11-01,9405.0
홍콩,관광,2005-12-01,14017.0
홍콩,관광,2006-01-01,13908.0
홍콩,관광,2006-02-01,11448.0
홍콩,관광,2006-03-01,6843.0
홍콩,관광,2006-04-01,12394.0
홍콩,관광,2006-05-01,8857.0
홍콩,관광,2006-06-01,10011.0
홍콩,관광,2006-07-01,11203.0
홍콩,관광,2006-08-01,13953.0
홍콩,관광,2006-09-01,8944.0
홍콩,관광,2006-10-01,12170.0
홍콩,관광,2006-11-01,9400.0
홍콩,관광,2006-12-01,14772.0
홍콩,관광,2007-01-01,8076.0
홍콩,관광,2007-02-01,16756.0
홍콩,관광,2007-03-01,10024.0
홍콩,관광,2007-04-01,11487.0
홍콩,관광,2007-05-01,9346.0
홍콩,관광,2007-06-01,10697.0
홍콩,관광,2007-07-01,10548.0
홍콩,관광,2007-08-01,11716.0
홍콩,관광,2007-09-01,7803.0
홍콩,관광,2007-10-01,9990.0
홍콩,관광,2007-11-01,8564.0
홍콩,관광,2007-12-01,15262.0
홍콩,관광,2008-01-01,8769.0
홍콩,관광,2008-02-01,17337.0
홍콩,관광,2008-03-01,11081.0
홍콩,관광,2008-04-01,7646.0
홍콩,관광,2008-05-01,11795.0
홍콩,관광,2008-06-01,12518.0
홍콩,관광,2008-07-01,13640.0
홍콩,관광,2008-08-01,13624.0
홍콩,관광,2008-09-01,9283.0
홍콩,관광,2008-10-01,11675.0
홍콩,관광,2008-11-01,11783.0
홍콩,관광,2008-12-01,21047.0
홍콩,관광,2009-01-01,24409.0
홍콩,관광,2009-02-01,15038.0
홍콩,관광,2009-03-01,12892.0
홍콩,관광,2009-04-01,22266.0
홍콩,관광,2009-05-01,12191.0
홍콩,관광,2009-06-01,12167.0
홍콩,관광,2009-07-01,16518.0
홍콩,관광,2009-08-01,18016.0
홍콩,관광,2009-09-01,13542.0
홍콩,관광,2009-10-01,21225.0
홍콩,관광,2009-11-01,16051.0
홍콩,관광,2009-12-01,21759.0
홍콩,관광,2010-01-01,13874.0
홍콩,관광,2010-02-01,22462.0
홍콩,관광,2010-03-01,17226.0
홍콩,관광,2010-04-01,19382.0
홍콩,관광,2010-05-01,15552.0
홍콩,관광,2010-06-01,16918.0
홍콩,관광,2010-07-01,19599.0
홍콩,관광,2010-08-01,20053.0
홍콩,관광,2010-09-01,13404.0
홍콩,관광,2010-10-01,21148.0
홍콩,관광,2010-11-01,18845.0
홍콩,관광,2010-12-01,20595.0
홍콩,관광,2011-01-01,14083.0
홍콩,관광,2011-02-01,21075.0
홍콩,관광,2011-03-01,17752.0
홍콩,관광,2011-04-01,25070.0
홍콩,관광,2011-05-01,18603.0
홍콩,관광,2011-06-01,24111.0
홍콩,관광,2011-07-01,25556.0
홍콩,관광,2011-08-01,25987.0
홍콩,관광,2011-09-01,17871.0
홍콩,관광,2011-10-01,26948.0
홍콩,관광,2011-11-01,24926.0
홍콩,관광,2011-12-01,29033.0
홍콩,관광,2012-01-01,31524.0
홍콩,관광,2012-02-01,21373.0
홍콩,관광,2012-03-01,22805.0
홍콩,관광,2012-04-01,34818.0
홍콩,관광,2012-05-01,23450.0
홍콩,관광,2012-06-01,28395.0
홍콩,관광,2012-07-01,30578.0
홍콩,관광,2012-08-01,32838.0
홍콩,관광,2012-09-01,25114.0
홍콩,관광,2012-10-01,35668.0
홍콩,관광,2012-11-01,30714.0
홍콩,관광,2012-12-01,32753.0
홍콩,관광,2013-01-01,23441.0
홍콩,관광,2013-02-01,35752.0
홍콩,관광,2013-03-01,34061.0
홍콩,관광,2013-04-01,29494.0
홍콩,관광,2013-05-01,22566.0
홍콩,관광,2013-06-01,33766.0
홍콩,관광,2013-07-01,32233.0
홍콩,관광,2013-08-01,35408.0
홍콩,관광,2013-09-01,26584.0
홍콩,관광,2013-10-01,42161.0
홍콩,관광,2013-11-01,35269.0
홍콩,관광,2013-12-01,37748.0
홍콩,관광,2014-01-01,34232.0
홍콩,관광,2014-02-01,34924.0
홍콩,관광,2014-03-01,34230.0
홍콩,관광,2014-04-01,54830.0
홍콩,관광,2014-05-01,46081.0
홍콩,관광,2014-06-01,53593.0
홍콩,관광,2014-07-01,47721.0
홍콩,관광,2014-08-01,50366.0
홍콩,관광,2014-09-01,39344.0
홍콩,관광,2014-10-01,51549.0
홍콩,관광,2014-11-01,46303.0
홍콩,관광,2014-12-01,53317.0
홍콩,관광,2015-01-01,34672.0
홍콩,관광,2015-02-01,49996.0
홍콩,관광,2015-03-01,50969.0
홍콩,관광,2015-04-01,66444.0
홍콩,관광,2015-05-01,52999.0
홍콩,관광,2015-06-01,12968.0
홍콩,관광,2015-07-01,7169.0
홍콩,관광,2015-08-01,32775.0
홍콩,관광,2015-09-01,50571.0
홍콩,관광,2015-10-01,52709.0
홍콩,관광,2015-11-01,46509.0
홍콩,관광,2015-12-01,53922.0
홍콩,관광,2016-01-01,32956.0
홍콩,관광,2016-02-01,48259.0
홍콩,관광,2016-03-01,61980.0
홍콩,관광,2016-04-01,51814.0
홍콩,관광,2016-05-01,50925.0
홍콩,관광,2016-06-01,61538.0
홍콩,관광,2016-07-01,57771.0
홍콩,관광,2016-08-01,55255.0
홍콩,관광,2016-09-01,41100.0
홍콩,관광,2016-10-01,61862.0
홍콩,관광,2016-11-01,52453.0
홍콩,관광,2016-12-01,62925.0
홍콩,관광,2017-01-01,54501.0
홍콩,관광,2017-02-01,35438.0
홍콩,관광,2017-03-01,46659.0
홍콩,관광,2017-04-01,77904.0
홍콩,관광,2017-05-01,50667.0
홍콩,관광,2017-06-01,57461.0
홍콩,관광,2017-07-01,55987.0
홍콩,관광,2017-08-01,57902.0
홍콩,관광,2017-09-01,43930.0
홍콩,관광,2017-10-01,53599.0
홍콩,관광,2017-11-01,52250.0
홍콩,관광,2017-12-01,57675.0
홍콩,관광,2018-01-01,33634.0
홍콩,관광,2018-02-01,49178.0
홍콩,관광,2018-03-01,61129.0
홍콩,관광,2018-04-01,65529.0
홍콩,관광,2018-05-01,56234.0
홍콩,관광,2018-06-01,65053.0
홍콩,관광,2018-07-01,57295.0
홍콩,관광,2018-08-01,62024.0
홍콩,관광,2018-09-01,48394.0
홍콩,관광,2018-10-01,60414.0
홍콩,관광,2018-11-01,52721.0
홍콩,관광,2018-12-01,58355.0
홍콩,관광,2019-01-01,34653.0
홍콩,관광,2019-02-01,49695.0
홍콩,관광,2019-03-01,44679.0
홍콩,관광,2019-04-01,75074.0
홍콩,관광,2019-05-01,55756.0
홍콩,관광,2019-06-01,60526.0
홍콩,관광,2019-07-01,57868.0
홍콩,관광,2019-08-01,64438.0
홍콩,관광,2019-09-01,44708.0
홍콩,관광,2019-10-01,64439.0
홍콩,관광,2019-11-01,57442.0
홍콩,관광,2019-12-01,70638.0
홍콩,관광,2020-01-01,65837.0
홍콩,관광,2020-02-01,20369.0
홍콩,관광,2020-03-01,173.0
홍콩,관광,2020-04-01,17.0
홍콩,관광,2020-05-01,6.0
홍콩,관광,2020-06-01,13.0
홍콩,관광,2020-07-01,15.0
홍콩,관광,2020-08-01,10.0
홍콩,관광,2020-09-01,9.0
홍콩,관광,2020-10-01,7.0
홍콩,관광,2020-11-01,3.0
홍콩,관광,2020-12-01,7.0
홍콩,관광,2021-01-01,11.0
홍콩,관광,2021-02-01,4.0
홍콩,관광,2021-03-01,3.0
홍콩,관광,2021-04-01,3.0
홍콩,관광,2021-05-01,7.0
홍콩,관광,2021-06-01,3.0
홍콩,관광,2021-07-01,14.0
홍콩,관광,2021-08-01,12.0
홍콩,관광,2021-09-01,13.0
홍콩,관광,2021-10-01,25.0
홍콩,관광,2021-11-01,31.0
홍콩,관광,2021-12-01,37.0
홍콩,관광,2022-01-01,18.0
홍콩,관광,2022-02-01,17.0
홍콩,관광,2022-03-01,23.0
홍콩,관광,2022-04-01,33.0
홍콩,관광,2022-05-01,81.0
홍콩,관광,2022-06-01,297.0
홍콩,관광,2022-07-01,1084.0
홍콩,관광,2022-08-01,1679.0
홍콩,관광,2022-09-01,3002.0
홍콩,관광,2022-10-01,11050.0
홍콩,관광,2022-11-01,14409.0
홍콩,관광,2022-12-01,26623.0
홍콩,관광,2023-01-01,26243.0
홍콩,관광,2023-02-01,15534.0
홍콩,관광,2023-03-01,26631.0
홍콩,관광,2023-04-01,37774.0
홍콩,관광,2023-05-01,28111.0
홍콩,관광,2023-06-01,31356.0
홍콩,관광,2023-07-01,38973.0
홍콩,관광,2023-08-01,42213.0
홍콩,관광,2023-09-01,29883.0
홍콩,관광,2023-10-01,40772.0
홍콩,관광,2023-11-01,37523.0
홍콩,관광,2023-12-01,42280.0
홍콩,관광,2024-01-01,25272.0
홍콩,관광,2024-02-01,34605.0
홍콩,관광,2024-03-01,48591.0
홍콩,관광,2024-04-01,42209.0
홍콩,관광,2024-05-01,45286.0
홍콩,관광,2024-06-01,53960.0
홍콩,관광,2024-07-01,57746.0
홍콩,관광,2024-08-01,61101.0
홍콩,관광,2024-09-01,39370.0
홍콩,관광,2024-10-01,52012.0
홍콩,관광,2024-11-01,46305.0
홍콩,관광,2024-12-01,58186.0
홍콩,관광,2025-01-01,43846.0
홍콩,관광,2025-02-01,29467.0
홍콩,관광,2025-03-01,43432.0
홍콩,관광,2025-04-01,64140.0
홍콩,관광,2025-05-01,50784.0
홍콩,상용,2005-01-01,19.0
홍콩,상용,2005-02-01,40.0
홍콩,상용,2005-03-01,27.0
홍콩,상용,2005-04-01,35.0
홍콩,상용,2005-05-01,34.0
홍콩,상용,2005-06-01,22.0
홍콩,상용,2005-07-01,28.0
홍콩,상용,2005-08-01,33.0
홍콩,상용,2005-09-01,24.0
홍콩,상용,2005-10-01,25.0
홍콩,상용,2005-11-01,27.0
홍콩,상용,2005-12-01,17.0
홍콩,상용,2006-01-01,20.0
홍콩,상용,2006-02-01,34.0
홍콩,상용,2006-03-01,21.0
홍콩,상용,2006-04-01,31.0
홍콩,상용,2006-05-01,27.0
홍콩,상용,2006-06-01,27.0
홍콩,상용,2006-07-01,24.0
홍콩,상용,2006-08-01,19.0
홍콩,상용,2006-09-01,17.0
홍콩,상용,2006-10-01,31.0
홍콩,상용,2006-11-01,25.0
홍콩,상용,2006-12-01,19.0
홍콩,상용,2007-01-01,25.0
홍콩,상용,2007-02-01,30.0
홍콩,상용,2007-03-01,38.0
홍콩,상용,2007-04-01,30.0
홍콩,상용,2007-05-01,43.0
홍콩,상용,2007-06-01,27.0
홍콩,상용,2007-07-01,37.0
홍콩,상용,2007-08-01,40.0
홍콩,상용,2007-09-01,36.0
홍콩,상용,2007-10-01,47.0
홍콩,상용,2007-11-01,42.0
홍콩,상용,2007-12-01,36.0
홍콩,상용,2008-01-01,28.0
홍콩,상용,2008-02-01,34.0
홍콩,상용,2008-03-01,66.0
홍콩,상용,2008-04-01,52.0
홍콩,상용,2008-05-01,56.0
홍콩,상용,2008-06-01,36.0
홍콩,상용,2008-07-01,43.0
홍콩,상용,2008-08-01,44.0
홍콩,상용,2008-09-01,47.0
홍콩,상용,2008-10-01,60.0
홍콩,상용,2008-11-01,46.0
홍콩,상용,2008-12-01,49.0
홍콩,상용,2009-01-01,35.0
홍콩,상용,2009-02-01,49.0
홍콩,상용,2009-03-01,65.0
홍콩,상용,2009-04-01,58.0
홍콩,상용,2009-05-01,53.0
홍콩,상용,2009-06-01,65.0
홍콩,상용,2009-07-01,50.0
홍콩,상용,2009-08-01,55.0
홍콩,상용,2009-09-01,63.0
홍콩,상용,2009-10-01,60.0
홍콩,상용,2009-11-01,59.0
홍콩,상용,2009-12-01,54.0
홍콩,상용,2010-01-01,55.0
홍콩,상용,2010-02-01,47.0
홍콩,상용,2010-03-01,81.0
홍콩,상용,2010-04-01,67.0
홍콩,상용,2010-05-01,62.0
홍콩,상용,2010-06-01,51.0
홍콩,상용,2010-07-01,42.0
홍콩,상용,2010-08-01,61.0
홍콩,상용,2010-09-01,39.0
홍콩,상용,2010-10-01,62.0
홍콩,상용,2010-11-01,64.0
홍콩,상용,2010-12-01,50.0
홍콩,상용,2011-01-01,36.0
홍콩,상용,2011-02-01,28.0
홍콩,상용,2011-03-01,41.0
홍콩,상용,2011-04-01,43.0
홍콩,상용,2011-05-01,52.0
홍콩,상용,2011-06-01,49.0
홍콩,상용,2011-07-01,38.0
홍콩,상용,2011-08-01,39.0
홍콩,상용,2011-09-01,43.0
홍콩,상용,2011-10-01,39.0
홍콩,상용,2011-11-01,42.0
홍콩,상용,2011-12-01,24.0
홍콩,상용,2012-01-01,28.0
홍콩,상용,2012-02-01,18.0
홍콩,상용,2012-03-01,24.0
홍콩,상용,2012-04-01,35.0
홍콩,상용,2012-05-01,37.0
홍콩,상용,2012-06-01,38.0
홍콩,상용,2012-07-01,28.0
홍콩,상용,2012-08-01,43.0
홍콩,상용,2012-09-01,34.0
홍콩,상용,2012-10-01,23.0
홍콩,상용,2012-11-01,33.0
홍콩,상용,2012-12-01,23.0
홍콩,상용,2013-01-01,48.0
홍콩,상용,2013-02-01,26.0
홍콩,상용,2013-03-01,35.0
홍콩,상용,2013-04-01,42.0
홍콩,상용,2013-05-01,116.0
홍콩,상용,2013-06-01,111.0
홍콩,상용,2013-07-01,129.0
홍콩,상용,2013-08-01,134.0
홍콩,상용,2013-09-01,100.0
홍콩,상용,2013-10-01,61.0
홍콩,상용,2013-11-01,54.0
홍콩,상용,2013-12-01,63.0
홍콩,상용,2014-01-01,45.0
홍콩,상용,2014-02-01,58.0
홍콩,상용,2014-03-01,74.0
홍콩,상용,2014-04-01,59.0
홍콩,상용,2014-05-01,119.0
홍콩,상용,2014-06-01,84.0
홍콩,상용,2014-07-01,119.0
홍콩,상용,2014-08-01,78.0
홍콩,상용,2014-09-01,478.0
홍콩,상용,2014-10-01,58.0
홍콩,상용,2014-11-01,60.0
홍콩,상용,2014-12-01,50.0
홍콩,상용,2015-01-01,36.0
홍콩,상용,2015-02-01,46.0
홍콩,상용,2015-03-01,41.0
홍콩,상용,2015-04-01,52.0
홍콩,상용,2015-05-01,54.0
홍콩,상용,2015-06-01,33.0
홍콩,상용,2015-07-01,40.0
홍콩,상용,2015-08-01,50.0
홍콩,상용,2015-09-01,71.0
홍콩,상용,2015-10-01,62.0
홍콩,상용,2015-11-01,60.0
홍콩,상용,2015-12-01,58.0
홍콩,상용,2016-01-01,64.0
홍콩,상용,2016-02-01,53.0
홍콩,상용,2016-03-01,67.0
홍콩,상용,2016-04-01,58.0
홍콩,상용,2016-05-01,93.0
홍콩,상용,2016-06-01,67.0
홍콩,상용,2016-07-01,36.0
홍콩,상용,2016-08-01,39.0
홍콩,상용,2016-09-01,49.0
홍콩,상용,2016-10-01,52.0
홍콩,상용,2016-11-01,51.0
홍콩,상용,2016-12-01,39.0
홍콩,상용,2017-01-01,34.0
홍콩,상용,2017-02-01,54.0
홍콩,상용,2017-03-01,56.0
홍콩,상용,2017-04-01,34.0
홍콩,상용,2017-05-01,44.0
홍콩,상용,2017-06-01,37.0
홍콩,상용,2017-07-01,32.0
홍콩,상용,2017-08-01,32.0
홍콩,상용,2017-09-01,41.0
홍콩,상용,2017-10-01,49.0
홍콩,상용,2017-11-01,34.0
홍콩,상용,2017-12-01,28.0
홍콩,상용,2018-01-01,44.0
홍콩,상용,2018-02-01,56.0
홍콩,상용,2018-03-01,49.0
홍콩,상용,2018-04-01,46.0
홍콩,상용,2018-05-01,57.0
홍콩,상용,2018-06-01,39.0
홍콩,상용,2018-07-01,49.0
홍콩,상용,2018-08-01,69.0
홍콩,상용,2018-09-01,44.0
홍콩,상용,2018-10-01,58.0
홍콩,상용,2018-11-01,51.0
홍콩,상용,2018-12-01,41.0
홍콩,상용,2019-01-01,59.0
홍콩,상용,2019-02-01,54.0
홍콩,상용,2019-03-01,61.0
홍콩,상용,2019-04-01,47.0
홍콩,상용,2019-05-01,56.0
홍콩,상용,2019-06-01,46.0
홍콩,상용,2019-07-01,50.0
홍콩,상용,2019-08-01,74.0
홍콩,상용,2019-09-01,49.0
홍콩,상용,2019-10-01,63.0
홍콩,상용,2019-11-01,76.0
홍콩,상용,2019-12-01,49.0
홍콩,상용,2020-01-01,51.0
홍콩,상용,2020-02-01,24.0
홍콩,상용,2020-03-01,4.0
홍콩,상용,2020-04-01,2.0
홍콩,상용,2020-05-01,5.0
홍콩,상용,2020-06-01,11.0
홍콩,상용,2020-07-01,8.0
홍콩,상용,2020-08-01,14.0
홍콩,상용,2020-09-01,21.0
홍콩,상용,2020-10-01,9.0
홍콩,상용,2020-11-01,8.0
홍콩,상용,2020-12-01,15.0
홍콩,상용,2021-01-01,14.0
홍콩,상용,2021-02-01,17.0
홍콩,상용,2021-03-01,12.0
홍콩,상용,2021-04-01,5.0
홍콩,상용,2021-05-01,16.0
홍콩,상용,2021-06-01,7.0
홍콩,상용,2021-07-01,20.0
홍콩,상용,2021-08-01,13.0
홍콩,상용,2021-09-01,23.0
홍콩,상용,2021-10-01,40.0
홍콩,상용,2021-11-01,20.0
홍콩,상용,2021-12-01,24.0
홍콩,상용,2022-01-01,14.0
홍콩,상용,2022-02-01,9.0
홍콩,상용,2022-03-01,32.0
홍콩,상용,2022-04-01,65.0
홍콩,상용,2022-05-01,103.0
홍콩,상용,2022-06-01,143.0
홍콩,상용,2022-07-01,61.0
홍콩,상용,2022-08-01,33.0
홍콩,상용,2022-09-01,53.0
홍콩,상용,2022-10-01,71.0
홍콩,상용,2022-11-01,74.0
홍콩,상용,2022-12-01,75.0
홍콩,상용,2023-01-01,54.0
홍콩,상용,2023-02-01,49.0
홍콩,상용,2023-03-01,86.0
홍콩,상용,2023-04-01,37.0
홍콩,상용,2023-05-01,50.0
홍콩,상용,2023-06-01,29.0
홍콩,상용,2023-07-01,44.0
홍콩,상용,2023-08-01,44.0
홍콩,상용,2023-09-01,38.0
홍콩,상용,2023-10-01,47.0
홍콩,상용,2023-11-01,45.0
홍콩,상용,2023-12-01,38.0
홍콩,상용,2024-01-01,38.0
홍콩,상용,2024-02-01,41.0
홍콩,상용,2024-03-01,42.0
홍콩,상용,2024-04-01,40.0
홍콩,상용,2024-05-01,33.0
홍콩,상용,2024-06-01,51.0
홍콩,상용,2024-07-01,48.0
홍콩,상용,2024-08-01,46.0
홍콩,상용,2024-09-01,47.0
홍콩,상용,2024-10-01,34.0
홍콩,상용,2024-11-01,53.0
홍콩,상용,2024-12-01,36.0
홍콩,상용,2025-01-01,31.0
홍콩,상용,2025-02-01,52.0
홍콩,상용,2025-03-01,37.0
홍콩,상용,2025-04-01,59.0
홍콩,상용,2025-05-01,40.0
홍콩,유학연수,2005-01-01,5.0
홍콩,유학연수,2005-02-01,15.0
홍콩,유학연수,2005-03-01,2.0
홍콩,유학연수,2005-04-01,1.0
홍콩,유학연수,2005-05-01,4.0
홍콩,유학연수,2005-06-01,4.0
홍콩,유학연수,2005-07-01,2.0
홍콩,유학연수,2005-08-01,28.0
홍콩,유학연수,2005-09-01,2.0
홍콩,유학연수,2005-10-01,3.0
홍콩,유학연수,2005-11-01,6.0
홍콩,유학연수,2005-12-01,3.0
홍콩,유학연수,2006-01-01,2.0
홍콩,유학연수,2006-02-01,33.0
홍콩,유학연수,2006-03-01,4.0
홍콩,유학연수,2006-04-01,5.0
홍콩,유학연수,2006-05-01,5.0
홍콩,유학연수,2006-06-01,5.0
홍콩,유학연수,2006-07-01,4.0
홍콩,유학연수,2006-08-01,45.0
홍콩,유학연수,2006-09-01,8.0
홍콩,유학연수,2006-10-01,10.0
홍콩,유학연수,2006-11-01,9.0
홍콩,유학연수,2006-12-01,7.0
홍콩,유학연수,2007-01-01,1.0
홍콩,유학연수,2007-02-01,33.0
홍콩,유학연수,2007-03-01,13.0
홍콩,유학연수,2007-04-01,4.0
홍콩,유학연수,2007-05-01,3.0
홍콩,유학연수,2007-06-01,6.0
홍콩,유학연수,2007-07-01,9.0
홍콩,유학연수,2007-08-01,46.0
홍콩,유학연수,2007-09-01,4.0
홍콩,유학연수,2007-10-01,3.0
홍콩,유학연수,2007-11-01,4.0
홍콩,유학연수,2007-12-01,5.0
홍콩,유학연수,2008-01-01,7.0
홍콩,유학연수,2008-02-01,45.0
홍콩,유학연수,2008-03-01,12.0
홍콩,유학연수,2008-04-01,2.0
홍콩,유학연수,2008-05-01,6.0
홍콩,유학연수,2008-06-01,14.0
홍콩,유학연수,2008-07-01,3.0
홍콩,유학연수,2008-08-01,47.0
홍콩,유학연수,2008-09-01,10.0
홍콩,유학연수,2008-10-01,5.0
홍콩,유학연수,2008-11-01,6.0
홍콩,유학연수,2008-12-01,7.0
홍콩,유학연수,2009-01-01,9.0
홍콩,유학연수,2009-02-01,46.0
홍콩,유학연수,2009-03-01,19.0
홍콩,유학연수,2009-04-01,1.0
홍콩,유학연수,2009-05-01,10.0
홍콩,유학연수,2009-06-01,16.0
홍콩,유학연수,2009-07-01,7.0
홍콩,유학연수,2009-08-01,75.0
홍콩,유학연수,2009-09-01,14.0
홍콩,유학연수,2009-10-01,17.0
홍콩,유학연수,2009-11-01,11.0
홍콩,유학연수,2009-12-01,16.0
홍콩,유학연수,2010-01-01,21.0
홍콩,유학연수,2010-02-01,65.0
홍콩,유학연수,2010-03-01,21.0
홍콩,유학연수,2010-04-01,12.0
홍콩,유학연수,2010-05-01,15.0
홍콩,유학연수,2010-06-01,22.0
홍콩,유학연수,2010-07-01,8.0
홍콩,유학연수,2010-08-01,114.0
홍콩,유학연수,2010-09-01,22.0
홍콩,유학연수,2010-10-01,8.0
홍콩,유학연수,2010-11-01,11.0
홍콩,유학연수,2010-12-01,33.0
홍콩,유학연수,2011-01-01,21.0
홍콩,유학연수,2011-02-01,72.0
홍콩,유학연수,2011-03-01,34.0
홍콩,유학연수,2011-04-01,9.0
홍콩,유학연수,2011-05-01,12.0
홍콩,유학연수,2011-06-01,15.0
홍콩,유학연수,2011-07-01,9.0
홍콩,유학연수,2011-08-01,133.0
홍콩,유학연수,2011-09-01,38.0
홍콩,유학연수,2011-10-01,6.0
홍콩,유학연수,2011-11-01,10.0
홍콩,유학연수,2011-12-01,27.0
홍콩,유학연수,2012-01-01,26.0
홍콩,유학연수,2012-02-01,72.0
홍콩,유학연수,2012-03-01,38.0
홍콩,유학연수,2012-04-01,21.0
홍콩,유학연수,2012-05-01,17.0
홍콩,유학연수,2012-06-01,35.0
홍콩,유학연수,2012-07-01,12.0
홍콩,유학연수,2012-08-01,134.0
홍콩,유학연수,2012-09-01,62.0
홍콩,유학연수,2012-10-01,37.0
홍콩,유학연수,2012-11-01,29.0
홍콩,유학연수,2012-12-01,39.0
홍콩,유학연수,2013-01-01,31.0
홍콩,유학연수,2013-02-01,116.0
홍콩,유학연수,2013-03-01,87.0
홍콩,유학연수,2013-04-01,34.0
홍콩,유학연수,2013-05-01,40.0
홍콩,유학연수,2013-06-01,64.0
홍콩,유학연수,2013-07-01,30.0
홍콩,유학연수,2013-08-01,217.0
홍콩,유학연수,2013-09-01,131.0
홍콩,유학연수,2013-10-01,22.0
홍콩,유학연수,2013-11-01,42.0
홍콩,유학연수,2013-12-01,87.0
홍콩,유학연수,2014-01-01,43.0
홍콩,유학연수,2014-02-01,186.0
홍콩,유학연수,2014-03-01,131.0
홍콩,유학연수,2014-04-01,35.0
홍콩,유학연수,2014-05-01,60.0
홍콩,유학연수,2014-06-01,94.0
홍콩,유학연수,2014-07-01,35.0
홍콩,유학연수,2014-08-01,297.0
홍콩,유학연수,2014-09-01,112.0
홍콩,유학연수,2014-10-01,27.0
홍콩,유학연수,2014-11-01,87.0
홍콩,유학연수,2014-12-01,120.0
홍콩,유학연수,2015-01-01,85.0
홍콩,유학연수,2015-02-01,283.0
홍콩,유학연수,2015-03-01,187.0
홍콩,유학연수,2015-04-01,53.0
홍콩,유학연수,2015-05-01,71.0
홍콩,유학연수,2015-06-01,141.0
홍콩,유학연수,2015-07-01,46.0
홍콩,유학연수,2015-08-01,324.0
홍콩,유학연수,2015-09-01,166.0
홍콩,유학연수,2015-10-01,53.0
홍콩,유학연수,2015-11-01,85.0
홍콩,유학연수,2015-12-01,131.0
홍콩,유학연수,2016-01-01,73.0
홍콩,유학연수,2016-02-01,396.0
홍콩,유학연수,2016-03-01,165.0
홍콩,유학연수,2016-04-01,38.0
홍콩,유학연수,2016-05-01,126.0
홍콩,유학연수,2016-06-01,138.0
홍콩,유학연수,2016-07-01,77.0
홍콩,유학연수,2016-08-01,408.0
홍콩,유학연수,2016-09-01,166.0
홍콩,유학연수,2016-10-01,46.0
홍콩,유학연수,2016-11-01,116.0
홍콩,유학연수,2016-12-01,146.0
홍콩,유학연수,2017-01-01,71.0
홍콩,유학연수,2017-02-01,423.0
홍콩,유학연수,2017-03-01,205.0
홍콩,유학연수,2017-04-01,53.0
홍콩,유학연수,2017-05-01,133.0
홍콩,유학연수,2017-06-01,164.0
홍콩,유학연수,2017-07-01,117.0
홍콩,유학연수,2017-08-01,417.0
홍콩,유학연수,2017-09-01,169.0
홍콩,유학연수,2017-10-01,154.0
홍콩,유학연수,2017-11-01,131.0
홍콩,유학연수,2017-12-01,150.0
홍콩,유학연수,2018-01-01,72.0
홍콩,유학연수,2018-02-01,427.0
홍콩,유학연수,2018-03-01,259.0
홍콩,유학연수,2018-04-01,75.0
홍콩,유학연수,2018-05-01,123.0
홍콩,유학연수,2018-06-01,211.0
홍콩,유학연수,2018-07-01,165.0
홍콩,유학연수,2018-08-01,432.0
홍콩,유학연수,2018-09-01,242.0
홍콩,유학연수,2018-10-01,65.0
홍콩,유학연수,2018-11-01,141.0
홍콩,유학연수,2018-12-01,208.0
홍콩,유학연수,2019-01-01,90.0
홍콩,유학연수,2019-02-01,489.0
홍콩,유학연수,2019-03-01,265.0
홍콩,유학연수,2019-04-01,90.0
홍콩,유학연수,2019-05-01,147.0
홍콩,유학연수,2019-06-01,280.0
홍콩,유학연수,2019-07-01,212.0
홍콩,유학연수,2019-08-01,474.0
홍콩,유학연수,2019-09-01,256.0
홍콩,유학연수,2019-10-01,76.0
홍콩,유학연수,2019-11-01,208.0
홍콩,유학연수,2019-12-01,185.0
홍콩,유학연수,2020-01-01,171.0
홍콩,유학연수,2020-02-01,284.0
홍콩,유학연수,2020-03-01,51.0
홍콩,유학연수,2020-04-01,8.0
홍콩,유학연수,2020-05-01,2.0
홍콩,유학연수,2020-06-01,22.0
홍콩,유학연수,2020-07-01,14.0
홍콩,유학연수,2020-08-01,124.0
홍콩,유학연수,2020-09-01,56.0
홍콩,유학연수,2020-10-01,20.0
홍콩,유학연수,2020-11-01,59.0
홍콩,유학연수,2020-12-01,21.0
홍콩,유학연수,2021-01-01,7.0
홍콩,유학연수,2021-02-01,84.0
홍콩,유학연수,2021-03-01,50.0
홍콩,유학연수,2021-04-01,14.0
홍콩,유학연수,2021-05-01,40.0
홍콩,유학연수,2021-06-01,25.0
홍콩,유학연수,2021-07-01,13.0
홍콩,유학연수,2021-08-01,140.0
홍콩,유학연수,2021-09-01,62.0
홍콩,유학연수,2021-10-01,20.0
홍콩,유학연수,2021-11-01,37.0
홍콩,유학연수,2021-12-01,22.0
홍콩,유학연수,2022-01-01,11.0
홍콩,유학연수,2022-02-01,207.0
홍콩,유학연수,2022-03-01,69.0
홍콩,유학연수,2022-04-01,20.0
홍콩,유학연수,2022-05-01,72.0
홍콩,유학연수,2022-06-01,164.0
홍콩,유학연수,2022-07-01,31.0
홍콩,유학연수,2022-08-01,272.0
홍콩,유학연수,2022-09-01,93.0
홍콩,유학연수,2022-10-01,23.0
홍콩,유학연수,2022-11-01,79.0
홍콩,유학연수,2022-12-01,122.0
홍콩,유학연수,2023-01-01,118.0
홍콩,유학연수,2023-02-01,422.0
홍콩,유학연수,2023-03-01,164.0
홍콩,유학연수,2023-04-01,39.0
홍콩,유학연수,2023-05-01,144.0
홍콩,유학연수,2023-06-01,157.0
홍콩,유학연수,2023-07-01,155.0
홍콩,유학연수,2023-08-01,425.0
홍콩,유학연수,2023-09-01,187.0
홍콩,유학연수,2023-10-01,112.0
홍콩,유학연수,2023-11-01,151.0
홍콩,유학연수,2023-12-01,148.0
홍콩,유학연수,2024-01-01,125.0
홍콩,유학연수,2024-02-01,447.0
홍콩,유학연수,2024-03-01,233.0
홍콩,유학연수,2024-04-01,104.0
홍콩,유학연수,2024-05-01,172.0
홍콩,유학연수,2024-06-01,161.0
홍콩,유학연수,2024-07-01,196.0
홍콩,유학연수,2024-08-01,398.0
홍콩,유학연수,2024-09-01,281.0
홍콩,유학연수,2024-10-01,94.0
홍콩,유학연수,2024-11-01,145.0
홍콩,유학연수,2024-12-01,178.0
홍콩,유학연수,2025-01-01,130.0
홍콩,유학연수,2025-02-01,463.0
홍콩,유학연수,2025-03-01,275.0
홍콩,유학연수,2025-04-01,101.0
홍콩,유학연수,2025-05-01,201.0
